k,u_before,v_before,tape_bit,sum,u_after,v_after
0,115792089237316195423570985008687907853269984665640564039457584007908834671663,57896044618658097711785492504343953926634992332820282019728792003956564819968,0,,115792089237316195423570985008687907853269984665640564039457584007908834671663,-86844066927987146567678238756515930889952488499230423029593188005930552261679
1,115792089237316195423570985008687907853269984665640564039457584007908834671663,-86844066927987146567678238756515930889952488499230423029593188005930552261679,1,202636156165303341991249223765203838743222473164870987069050772013839386933342,101318078082651670995624611882601919371611236582435493534525386006919693466671,-86844066927987146567678238756515930889952488499230423029593188005930552261679
2,101318078082651670995624611882601919371611236582435493534525386006919693466671,-86844066927987146567678238756515930889952488499230423029593188005930552261679,1,-188162145010638817563302850639117850261563725081665916564118574012850245728350,101318078082651670995624611882601919371611236582435493534525386006919693466671,-94081072505319408781651425319558925130781862540832958282059287006425122864175
3,101318078082651670995624611882601919371611236582435493534525386006919693466671,-94081072505319408781651425319558925130781862540832958282059287006425122864175,1,195399150587971079777276037202160844502393099123268451816584673013344816330846,97699575293985539888638018601080422251196549561634225908292336506672408165423,-94081072505319408781651425319558925130781862540832958282059287006425122864175
4,97699575293985539888638018601080422251196549561634225908292336506672408165423,-94081072505319408781651425319558925130781862540832958282059287006425122864175,1,-191780647799304948670289443920639347381978412102467184190351623513097531029598,97699575293985539888638018601080422251196549561634225908292336506672408165423,-95890323899652474335144721960319673690989206051233592095175811756548765514799
5,97699575293985539888638018601080422251196549561634225908292336506672408165423,-95890323899652474335144721960319673690989206051233592095175811756548765514799,1,193589899193638014223782740561400095942185755612867818003468148263221173680222,96794949596819007111891370280700047971092877806433909001734074131610586840111,-95890323899652474335144721960319673690989206051233592095175811756548765514799
6,96794949596819007111891370280700047971092877806433909001734074131610586840111,-95890323899652474335144721960319673690989206051233592095175811756548765514799,1,-192685273496471481447036092241019721662082083857667501096909885888159352354910,96794949596819007111891370280700047971092877806433909001734074131610586840111,-96342636748235740723518046120509860831041041928833750548454942944079676177455
7,96794949596819007111891370280700047971092877806433909001734074131610586840111,-96342636748235740723518046120509860831041041928833750548454942944079676177455,1,193137586345054747835409416401209908802133919735267659550189017075690263017566,96568793172527373917704708200604954401066959867633829775094508537845131508783,-96342636748235740723518046120509860831041041928833750548454942944079676177455
8,96568793172527373917704708200604954401066959867633829775094508537845131508783,-96342636748235740723518046120509860831041041928833750548454942944079676177455,1,-192911429920763114641222754321114815232108001796467580323549451481924807686238,96568793172527373917704708200604954401066959867633829775094508537845131508783,-96455714960381557320611377160557407616054000898233790161774725740962403843119
9,96568793172527373917704708200604954401066959867633829775094508537845131508783,-96455714960381557320611377160557407616054000898233790161774725740962403843119,1,193024508132908931238316085361162362017120960765867619936869234278807535351902,96512254066454465619158042680581181008560480382933809968434617139403767675951,-96455714960381557320611377160557407616054000898233790161774725740962403843119
10,96512254066454465619158042680581181008560480382933809968434617139403767675951,-96455714960381557320611377160557407616054000898233790161774725740962403843119,1,-192967969026836022939769419841138588624614481281167600130209342880366171519070,96512254066454465619158042680581181008560480382933809968434617139403767675951,-96483984513418011469884709920569294312307240640583800065104671440183085759535
11,96512254066454465619158042680581181008560480382933809968434617139403767675951,-96483984513418011469884709920569294312307240640583800065104671440183085759535,1,192996238579872477089042752601150475320867721023517610033539288579586853435486,96498119289936238544521376300575237660433860511758805016769644289793426717743,-96483984513418011469884709920569294312307240640583800065104671440183085759535
12,96498119289936238544521376300575237660433860511758805016769644289793426717743,-96483984513418011469884709920569294312307240640583800065104671440183085759535,1,-192982103803354250014406086221144531972741101152342605081874315729976512477278,96498119289936238544521376300575237660433860511758805016769644289793426717743,-96491051901677125007203043110572265986370550576171302540937157864988256238639
13,96498119289936238544521376300575237660433860511758805016769644289793426717743,-96491051901677125007203043110572265986370550576171302540937157864988256238639,1,192989171191613363551724419411147503646804411087930107557706802154781682956382,96494585595806681775862209705573751823402205543965053778853401077390841478191,-96491051901677125007203043110572265986370550576171302540937157864988256238639
14,96494585595806681775862209705573751823402205543965053778853401077390841478191,-96491051901677125007203043110572265986370550576171302540937157864988256238639,1,-192985637497483806783065252816146017809772756120136356319790558942379097716830,96494585595806681775862209705573751823402205543965053778853401077390841478191,-96492818748741903391532626408073008904886378060068178159895279471189548858415
15,96494585595806681775862209705573751823402205543965053778853401077390841478191,-96492818748741903391532626408073008904886378060068178159895279471189548858415,1,192987404344548585167394836113646760728288583604033231938748680548580390336606,96493702172274292583697418056823380364144291802016615969374340274290195168303,-96492818748741903391532626408073008904886378060068178159895279471189548858415
16,96493702172274292583697418056823380364144291802016615969374340274290195168303,-96492818748741903391532626408073008904886378060068178159895279471189548858415,1,-192986520921016195975230044464896389269030669862084794129269619745479744026718,96493702172274292583697418056823380364144291802016615969374340274290195168303,-96493260460508097987615022232448194634515334931042397064634809872739872013359
17,96493702172274292583697418056823380364144291802016615969374340274290195168303,-96493260460508097987615022232448194634515334931042397064634809872739872013359,1,192986962632782390571312440289271574998659626733059013034009150147030067181662,96493481316391195285656220144635787499329813366529506517004575073515033590831,-96493260460508097987615022232448194634515334931042397064634809872739872013359
18,96493481316391195285656220144635787499329813366529506517004575073515033590831,-96493260460508097987615022232448194634515334931042397064634809872739872013359,1,-192986741776899293273271242377083982133845148297571903581639384946254905604190,96493481316391195285656220144635787499329813366529506517004575073515033590831,-96493370888449646636635621188541991066922574148785951790819692473127452802095
19,96493481316391195285656220144635787499329813366529506517004575073515033590831,-96493370888449646636635621188541991066922574148785951790819692473127452802095,1,192986852204840841922291841333177778566252387515315458307824267546642486392926,96493426102420420961145920666588889283126193757657729153912133773321243196463,-96493370888449646636635621188541991066922574148785951790819692473127452802095
20,96493426102420420961145920666588889283126193757657729153912133773321243196463,-96493370888449646636635621188541991066922574148785951790819692473127452802095,1,-192986796990870067597781541855130880350048767906443680944731826246448695998558,96493426102420420961145920666588889283126193757657729153912133773321243196463,-96493398495435033798890770927565440175024383953221840472365913123224347999279
21,96493426102420420961145920666588889283126193757657729153912133773321243196463,-96493398495435033798890770927565440175024383953221840472365913123224347999279,1,192986824597855454760036691594154329458150577710879569626278046896545591195742,96493412298927727380018345797077164729075288855439784813139023448272795597871,-96493398495435033798890770927565440175024383953221840472365913123224347999279
22,96493412298927727380018345797077164729075288855439784813139023448272795597871,-96493398495435033798890770927565440175024383953221840472365913123224347999279,1,-192986810794362761178909116724642604904099672808661625285504936571497143597150,96493412298927727380018345797077164729075288855439784813139023448272795597871,-96493405397181380589454558362321302452049836404330812642752468285748571798575
23,96493412298927727380018345797077164729075288855439784813139023448272795597871,-96493405397181380589454558362321302452049836404330812642752468285748571798575,1,192986817696109107969472904159398467181125125259770597455891491734021367396446,96493408848054553984736452079699233590562562629885298727945745867010683698223,-96493405397181380589454558362321302452049836404330812642752468285748571798575
24,96493408848054553984736452079699233590562562629885298727945745867010683698223,-96493405397181380589454558362321302452049836404330812642752468285748571798575,1,-192986814245235934574191010442020536042612399034216111370698214152759255496798,96493408848054553984736452079699233590562562629885298727945745867010683698223,-96493407122617967287095505221010268021306199517108055685349107076379627748399
25,96493408848054553984736452079699233590562562629885298727945745867010683698223,-96493407122617967287095505221010268021306199517108055685349107076379627748399,1,192986815970672521271831957300709501611868762146993354413294852943390311446622,96493407985336260635915978650354750805934381073496677206647426471695155723311,-96493407122617967287095505221010268021306199517108055685349107076379627748399
26,96493407985336260635915978650354750805934381073496677206647426471695155723311,-96493407122617967287095505221010268021306199517108055685349107076379627748399,1,-192986815107954227923011483871365018827240580590604732891996533548074783471710,96493407985336260635915978650354750805934381073496677206647426471695155723311,-96493407553977113961505741935682509413620290295302366445998266774037391735855
27,96493407985336260635915978650354750805934381073496677206647426471695155723311,-96493407553977113961505741935682509413620290295302366445998266774037391735855,1,192986815539313374597421720586037260219554671368799043652645693245732547459166,96493407769656687298710860293018630109777335684399521826322846622866273729583,-96493407553977113961505741935682509413620290295302366445998266774037391735855
28,96493407769656687298710860293018630109777335684399521826322846622866273729583,-96493407553977113961505741935682509413620290295302366445998266774037391735855,1,-192986815323633801260216602228701139523397625979701888272321113396903665465438,96493407769656687298710860293018630109777335684399521826322846622866273729583,-96493407661816900630108301114350569761698812989850944136160556698451832732719
29,96493407769656687298710860293018630109777335684399521826322846622866273729583,-96493407661816900630108301114350569761698812989850944136160556698451832732719,1,192986815431473587928819161407369199871476148674250465962483403321318106462302,96493407715736793964409580703684599935738074337125232981241701660659053231151,-96493407661816900630108301114350569761698812989850944136160556698451832732719
30,96493407715736793964409580703684599935738074337125232981241701660659053231151,-96493407661816900630108301114350569761698812989850944136160556698451832732719,1,-192986815377553694594517881818035169697436887326976177117402258359110885963870,96493407715736793964409580703684599935738074337125232981241701660659053231151,-96493407688776847297258940909017584848718443663488088558701129179555442981935
31,96493407715736793964409580703684599935738074337125232981241701660659053231151,-96493407688776847297258940909017584848718443663488088558701129179555442981935,1,192986815404513641261668521612702184784456518000613321539942830840214496213086,96493407702256820630834260806351092392228259000306660769971415420107248106543,-96493407688776847297258940909017584848718443663488088558701129179555442981935
32,96493407702256820630834260806351092392228259000306660769971415420107248106543,-96493407688776847297258940909017584848718443663488088558701129179555442981935,1,-192986815391033667928093201715368677240946702663794749328672544599662691088478,96493407702256820630834260806351092392228259000306660769971415420107248106543,-96493407695516833964046600857684338620473351331897374664336272299831345544239
33,96493407702256820630834260806351092392228259000306660769971415420107248106543,-96493407695516833964046600857684338620473351331897374664336272299831345544239,1,192986815397773654594880861664035431012701610332204035434307687719938593650782,96493407698886827297440430832017715506350805166102017717153843859969296825391,-96493407695516833964046600857684338620473351331897374664336272299831345544239
34,96493407698886827297440430832017715506350805166102017717153843859969296825391,-96493407695516833964046600857684338620473351331897374664336272299831345544239,1,-192986815394403661261487031689702054126824156497999392381490116159800642369630,96493407698886827297440430832017715506350805166102017717153843859969296825391,-96493407697201830630743515844851027063412078248999696190745058079900321184815
35,96493407698886827297440430832017715506350805166102017717153843859969296825391,-96493407697201830630743515844851027063412078248999696190745058079900321184815,1,192986815396088657928183946676868742569762883415101713907898901939869618010206,96493407698044328964091973338434371284881441707550856953949450969934809005103,-96493407697201830630743515844851027063412078248999696190745058079900321184815
36,96493407698044328964091973338434371284881441707550856953949450969934809005103,-96493407697201830630743515844851027063412078248999696190745058079900321184815,1,-192986815395246159594835489183285398348293519956550553144694509049835130189918,96493407698044328964091973338434371284881441707550856953949450969934809005103,-96493407697623079797417744591642699174146759978275276572347254524917565094959
37,96493407698044328964091973338434371284881441707550856953949450969934809005103,-96493407697623079797417744591642699174146759978275276572347254524917565094959,1,192986815395667408761509717930077070459028201685826133526296705494852374100062,96493407697833704380754858965038535229514100842913066763148352747426187050031,-96493407697623079797417744591642699174146759978275276572347254524917565094959
38,96493407697833704380754858965038535229514100842913066763148352747426187050031,-96493407697623079797417744591642699174146759978275276572347254524917565094959,1,-192986815395456784178172603556681234403660860821188343335495607272343752144990,96493407697833704380754858965038535229514100842913066763148352747426187050031,-96493407697728392089086301778340617201830430410594171667747803636171876072495
39,96493407697833704380754858965038535229514100842913066763148352747426187050031,-96493407697728392089086301778340617201830430410594171667747803636171876072495,1,192986815395562096469841160743379152431344531253507238430896156383598063122526,96493407697781048234920580371689576215672265626753619215448078191799031561263,-96493407697728392089086301778340617201830430410594171667747803636171876072495
40,96493407697781048234920580371689576215672265626753619215448078191799031561263,-96493407697728392089086301778340617201830430410594171667747803636171876072495,1,-192986815395509440324006882150030193417502696037347790883195881827970907633758,96493407697781048234920580371689576215672265626753619215448078191799031561263,-96493407697754720162003441075015096708751348018673895441597940913985453816879
41,96493407697781048234920580371689576215672265626753619215448078191799031561263,-96493407697754720162003441075015096708751348018673895441597940913985453816879,1,192986815395535768396924021446704672924423613645427514657046019105784485378142,96493407697767884198462010723352336462211806822713757328523009552892242689071,-96493407697754720162003441075015096708751348018673895441597940913985453816879
42,96493407697767884198462010723352336462211806822713757328523009552892242689071,-96493407697754720162003441075015096708751348018673895441597940913985453816879,1,-192986815395522604360465451798367433170963154841387652770120950466877696505950,96493407697767884198462010723352336462211806822713757328523009552892242689071,-96493407697761302180232725899183716585481577420693826385060475233438848252975
43,96493407697767884198462010723352336462211806822713757328523009552892242689071,-96493407697761302180232725899183716585481577420693826385060475233438848252975,1,192986815395529186378694736622536053047693384243407583713583484786331090942046,96493407697764593189347368311268026523846692121703791856791742393165545471023,-96493407697761302180232725899183716585481577420693826385060475233438848252975
44,96493407697764593189347368311268026523846692121703791856791742393165545471023,-96493407697761302180232725899183716585481577420693826385060475233438848252975,1,-192986815395525895369580094210451743109328269542397618241852217626604393723998,96493407697764593189347368311268026523846692121703791856791742393165545471023,-96493407697762947684790047105225871554664134771198809120926108813302196861999
45,96493407697764593189347368311268026523846692121703791856791742393165545471023,-96493407697762947684790047105225871554664134771198809120926108813302196861999,1,192986815395527540874137415416493898078510826892902600977717851206467742333022,96493407697763770437068707708246949039255413446451300488858925603233871166511,-96493407697762947684790047105225871554664134771198809120926108813302196861999
46,96493407697763770437068707708246949039255413446451300488858925603233871166511,-96493407697762947684790047105225871554664134771198809120926108813302196861999,1,-192986815395526718121858754813472820593919548217650109609785034416536068028510,96493407697763770437068707708246949039255413446451300488858925603233871166511,-96493407697763359060929377406736410296959774108825054804892517208268034014255
47,96493407697763770437068707708246949039255413446451300488858925603233871166511,-96493407697763359060929377406736410296959774108825054804892517208268034014255,1,192986815395527129497998085114983359336215187555276355293751442811501905180766,96493407697763564748999042557491679668107593777638177646875721405750952590383,-96493407697763359060929377406736410296959774108825054804892517208268034014255
48,96493407697763564748999042557491679668107593777638177646875721405750952590383,-96493407697763359060929377406736410296959774108825054804892517208268034014255,1,-192986815395526923809928419964228089965067367886463232451768238614018986604638,96493407697763564748999042557491679668107593777638177646875721405750952590383,-96493407697763461904964209982114044982533683943231616225884119307009493302319
49,96493407697763564748999042557491679668107593777638177646875721405750952590383,-96493407697763461904964209982114044982533683943231616225884119307009493302319,1,192986815395527026653963252539605724650641277720869793872759840712760445892702,96493407697763513326981626269802862325320638860434896936379920356380222946351,-96493407697763461904964209982114044982533683943231616225884119307009493302319
50,96493407697763513326981626269802862325320638860434896936379920356380222946351,-96493407697763461904964209982114044982533683943231616225884119307009493302319,1,-192986815395526975231945836251916907307854322803666513162264039663389716248670,96493407697763513326981626269802862325320638860434896936379920356380222946351,-96493407697763487615972918125958453653927161401833256581132019831694858124335
51,96493407697763513326981626269802862325320638860434896936379920356380222946351,-96493407697763487615972918125958453653927161401833256581132019831694858124335,1,192986815395527000942954544395761315979247800262268153517511940188075081070686,96493407697763500471477272197880657989623900131134076758755970094037540535343,-96493407697763487615972918125958453653927161401833256581132019831694858124335
52,96493407697763500471477272197880657989623900131134076758755970094037540535343,-96493407697763487615972918125958453653927161401833256581132019831694858124335,1,-192986815395526988087450190323839111643551061532967333339887989925732398659678,96493407697763500471477272197880657989623900131134076758755970094037540535343,-96493407697763494043725095161919555821775530766483666669943994962866199329839
53,96493407697763500471477272197880657989623900131134076758755970094037540535343,-96493407697763494043725095161919555821775530766483666669943994962866199329839,1,192986815395526994515202367359800213811399430897617743428699965056903739865182,96493407697763497257601183679900106905699715448808871714349982528451869932591,-96493407697763494043725095161919555821775530766483666669943994962866199329839
54,96493407697763497257601183679900106905699715448808871714349982528451869932591,-96493407697763494043725095161919555821775530766483666669943994962866199329839,1,-192986815395526991301326278841819662727475246215292538384293977491318069262430,96493407697763497257601183679900106905699715448808871714349982528451869932591,-96493407697763495650663139420909831363737623107646269192146988745659034631215
55,96493407697763497257601183679900106905699715448808871714349982528451869932591,-96493407697763495650663139420909831363737623107646269192146988745659034631215,1,192986815395526992908264323100809938269437338556455140906496971274110904563806,96493407697763496454132161550404969134718669278227570453248485637055452281903,-96493407697763495650663139420909831363737623107646269192146988745659034631215
56,96493407697763496454132161550404969134718669278227570453248485637055452281903,-96493407697763495650663139420909831363737623107646269192146988745659034631215,1,-192986815395526992104795300971314800498456292385873839645395474382714486913118,96493407697763496454132161550404969134718669278227570453248485637055452281903,-96493407697763496052397650485657400249228146192936919822697737191357243456559
57,96493407697763496454132161550404969134718669278227570453248485637055452281903,-96493407697763496052397650485657400249228146192936919822697737191357243456559,1,192986815395526992506529812036062369383946815471164490275946222828412695738462,96493407697763496253264906018031184691973407735582245137973111414206347869231,-96493407697763496052397650485657400249228146192936919822697737191357243456559
58,96493407697763496253264906018031184691973407735582245137973111414206347869231,-96493407697763496052397650485657400249228146192936919822697737191357243456559,1,-192986815395526992305662556503688584941201553928519164960670848605563591325790,96493407697763496253264906018031184691973407735582245137973111414206347869231,-96493407697763496152831278251844292470600776964259582480335424302781795662895
59,96493407697763496253264906018031184691973407735582245137973111414206347869231,-96493407697763496152831278251844292470600776964259582480335424302781795662895,1,192986815395526992406096184269875477162574184699841827618308535716988143532126,96493407697763496203048092134937738581287092349920913809154267858494071766063,-96493407697763496152831278251844292470600776964259582480335424302781795662895
60,96493407697763496203048092134937738581287092349920913809154267858494071766063,-96493407697763496152831278251844292470600776964259582480335424302781795662895,1,-192986815395526992355879370386782031051887869314180496289489692161275867428958,96493407697763496203048092134937738581287092349920913809154267858494071766063,-96493407697763496177939685193391015525943934657090248144744846080637933714479
61,96493407697763496203048092134937738581287092349920913809154267858494071766063,-96493407697763496177939685193391015525943934657090248144744846080637933714479,1,192986815395526992380987777328328754107231027007011161953899113939132005480542,96493407697763496190493888664164377053615513503505580976949556969566002740271,-96493407697763496177939685193391015525943934657090248144744846080637933714479
62,96493407697763496190493888664164377053615513503505580976949556969566002740271,-96493407697763496177939685193391015525943934657090248144744846080637933714479,1,-192986815395526992368433573857555392579559448160595829121694403050203936454750,96493407697763496190493888664164377053615513503505580976949556969566002740271,-96493407697763496184216786928777696289779724080297914560847201525101968227375
63,96493407697763496190493888664164377053615513503505580976949556969566002740271,-96493407697763496184216786928777696289779724080297914560847201525101968227375,1,192986815395526992374710675592942073343395237583803495537796758494667970967646,96493407697763496187355337796471036671697618791901747768898379247333985483823,-96493407697763496184216786928777696289779724080297914560847201525101968227375
64,96493407697763496187355337796471036671697618791901747768898379247333985483823,-96493407697763496184216786928777696289779724080297914560847201525101968227375,1,-192986815395526992371572124725248732961477342872199662329745580772435953711198,96493407697763496187355337796471036671697618791901747768898379247333985483823,-96493407697763496185786062362624366480738671436099831164872790386217976855599
65,96493407697763496187355337796471036671697618791901747768898379247333985483823,-96493407697763496185786062362624366480738671436099831164872790386217976855599,1,192986815395526992373141400159095403152436290228001578933771169633551962339422,96493407697763496186570700079547701576218145114000789466885584816775981169711,-96493407697763496185786062362624366480738671436099831164872790386217976855599
66,96493407697763496186570700079547701576218145114000789466885584816775981169711,-96493407697763496185786062362624366480738671436099831164872790386217976855599,1,-192986815395526992372356762442172068056956816550100620631758375202993958025310,96493407697763496186570700079547701576218145114000789466885584816775981169711,-96493407697763496186178381221086034028478408275050310315879187601496979012655
67,96493407697763496186570700079547701576218145114000789466885584816775981169711,-96493407697763496186178381221086034028478408275050310315879187601496979012655,1,192986815395526992372749081300633735604696553389051099782764772418272960182366,96493407697763496186374540650316867802348276694525549891382386209136480091183,-96493407697763496186178381221086034028478408275050310315879187601496979012655
68,96493407697763496186374540650316867802348276694525549891382386209136480091183,-96493407697763496186178381221086034028478408275050310315879187601496979012655,1,-192986815395526992372552921871402901830826684969575860207261573810633459103838,96493407697763496186374540650316867802348276694525549891382386209136480091183,-96493407697763496186276460935701450915413342484787930103630786905316729551919
69,96493407697763496186374540650316867802348276694525549891382386209136480091183,-96493407697763496186276460935701450915413342484787930103630786905316729551919,1,192986815395526992372651001586018318717761619179313479995013173114453209643102,96493407697763496186325500793009159358880809589656739997506586557226604821551,-96493407697763496186276460935701450915413342484787930103630786905316729551919
70,96493407697763496186325500793009159358880809589656739997506586557226604821551,-96493407697763496186276460935701450915413342484787930103630786905316729551919,1,-192986815395526992372601961728710610274294152074444670101137373462543334373470,96493407697763496186325500793009159358880809589656739997506586557226604821551,-96493407697763496186300980864355305137147076037222335050568686731271667186735
71,96493407697763496186325500793009159358880809589656739997506586557226604821551,-96493407697763496186300980864355305137147076037222335050568686731271667186735,1,192986815395526992372626481657364464496027885626879075048075273288498272008286,96493407697763496186313240828682232248013942813439537524037636644249136004143,-96493407697763496186300980864355305137147076037222335050568686731271667186735
72,96493407697763496186313240828682232248013942813439537524037636644249136004143,-96493407697763496186300980864355305137147076037222335050568686731271667186735,1,-192986815395526992372614221693037537385161018850661872574606323375520803190878,96493407697763496186313240828682232248013942813439537524037636644249136004143,-96493407697763496186307110846518768692580509425330936287303161687760401595439
73,96493407697763496186313240828682232248013942813439537524037636644249136004143,-96493407697763496186307110846518768692580509425330936287303161687760401595439,1,192986815395526992372620351675201000940594452238770473811340798332009537599582,96493407697763496186310175837600500470297226119385236905670399166004768799791,-96493407697763496186307110846518768692580509425330936287303161687760401595439
74,96493407697763496186310175837600500470297226119385236905670399166004768799791,-96493407697763496186307110846518768692580509425330936287303161687760401595439,1,-192986815395526992372617286684119269162877735544716173192973560853765170395230,96493407697763496186310175837600500470297226119385236905670399166004768799791,-96493407697763496186308643342059634581438867772358086596486780426882585197615
75,96493407697763496186310175837600500470297226119385236905670399166004768799791,-96493407697763496186308643342059634581438867772358086596486780426882585197615,1,192986815395526992372618819179660135051736093891743323502157179592887353997406,96493407697763496186309409589830067525868046945871661751078589796443676998703,-96493407697763496186308643342059634581438867772358086596486780426882585197615
76,96493407697763496186309409589830067525868046945871661751078589796443676998703,-96493407697763496186308643342059634581438867772358086596486780426882585197615,1,-192986815395526992372618052931889702107306914718229748347565370223326262196318,96493407697763496186309409589830067525868046945871661751078589796443676998703,-96493407697763496186309026465944851053653457359114874173782685111663131098159
77,96493407697763496186309409589830067525868046945871661751078589796443676998703,-96493407697763496186309026465944851053653457359114874173782685111663131098159,1,192986815395526992372618436055774918579521504304986535924861274908106808096862,96493407697763496186309218027887459289760752152493267962430637454053404048431,-96493407697763496186309026465944851053653457359114874173782685111663131098159
78,96493407697763496186309218027887459289760752152493267962430637454053404048431,-96493407697763496186309026465944851053653457359114874173782685111663131098159,1,-192986815395526992372618244493832310343414209511608142136213322565716535146590,96493407697763496186309218027887459289760752152493267962430637454053404048431,-96493407697763496186309122246916155171707104755804071068106661282858267573295
79,96493407697763496186309218027887459289760752152493267962430637454053404048431,-96493407697763496186309122246916155171707104755804071068106661282858267573295,1,192986815395526992372618340274803614461467856908297339030537298736911671621726,96493407697763496186309170137401807230733928454148669515268649368455835810863,-96493407697763496186309122246916155171707104755804071068106661282858267573295
80,96493407697763496186309170137401807230733928454148669515268649368455835810863,-96493407697763496186309122246916155171707104755804071068106661282858267573295,1,-192986815395526992372618292384317962402441033209952740583375310651314103384158,96493407697763496186309170137401807230733928454148669515268649368455835810863,-96493407697763496186309146192158981201220516604976370291687655325657051692079
81,96493407697763496186309170137401807230733928454148669515268649368455835810863,-96493407697763496186309146192158981201220516604976370291687655325657051692079,1,192986815395526992372618316329560788431954445059125039806956304694112887502942,96493407697763496186309158164780394215977222529562519903478152347056443751471,-96493407697763496186309146192158981201220516604976370291687655325657051692079
82,96493407697763496186309158164780394215977222529562519903478152347056443751471,-96493407697763496186309146192158981201220516604976370291687655325657051692079,1,-192986815395526992372618304356939375417197739134538890195165807672713495443550,96493407697763496186309158164780394215977222529562519903478152347056443751471,-96493407697763496186309152178469687708598869567269445097582903836356747721775
83,96493407697763496186309158164780394215977222529562519903478152347056443751471,-96493407697763496186309152178469687708598869567269445097582903836356747721775,1,192986815395526992372618310343250081924576092096831965001061056183413191473246,96493407697763496186309155171625040962288046048415982500530528091706595736623,-96493407697763496186309152178469687708598869567269445097582903836356747721775
84,96493407697763496186309155171625040962288046048415982500530528091706595736623,-96493407697763496186309152178469687708598869567269445097582903836356747721775,1,-192986815395526992372618307350094728670886915615685427598113431928063343458398,96493407697763496186309155171625040962288046048415982500530528091706595736623,-96493407697763496186309153675047364335443457807842713799056715964031671729199
85,96493407697763496186309155171625040962288046048415982500530528091706595736623,-96493407697763496186309153675047364335443457807842713799056715964031671729199,1,192986815395526992372618308846672405297731503856258696299587244055738267465822,96493407697763496186309154423336202648865751928129348149793622027869133732911,-96493407697763496186309153675047364335443457807842713799056715964031671729199
86,96493407697763496186309154423336202648865751928129348149793622027869133732911,-96493407697763496186309153675047364335443457807842713799056715964031671729199,1,-192986815395526992372618308098383566984309209735972061948850337991900805462110,96493407697763496186309154423336202648865751928129348149793622027869133732911,-96493407697763496186309154049191783492154604867986030974425168995950402731055
87,96493407697763496186309154423336202648865751928129348149793622027869133732911,-96493407697763496186309154049191783492154604867986030974425168995950402731055,1,192986815395526992372618308472527986141020356796115379124218791023819536463966,96493407697763496186309154236263993070510178398057689562109395511909768231983,-96493407697763496186309154049191783492154604867986030974425168995950402731055
88,96493407697763496186309154236263993070510178398057689562109395511909768231983,-96493407697763496186309154049191783492154604867986030974425168995950402731055,1,-192986815395526992372618308285455776562664783266043720536534564507860170963038,96493407697763496186309154236263993070510178398057689562109395511909768231983,-96493407697763496186309154142727888281332391633021860268267282253930085481519
89,96493407697763496186309154236263993070510178398057689562109395511909768231983,-96493407697763496186309154142727888281332391633021860268267282253930085481519,1,192986815395526992372618308378991881351842570031079549830376677765839853713502,96493407697763496186309154189495940675921285015539774915188338882919926856751,-96493407697763496186309154142727888281332391633021860268267282253930085481519
90,96493407697763496186309154189495940675921285015539774915188338882919926856751,-96493407697763496186309154142727888281332391633021860268267282253930085481519,1,-192986815395526992372618308332223828957253676648561635183455621136850012338270,96493407697763496186309154189495940675921285015539774915188338882919926856751,-96493407697763496186309154166111914478626838324280817591727810568425006169135
91,96493407697763496186309154189495940675921285015539774915188338882919926856751,-96493407697763496186309154166111914478626838324280817591727810568425006169135,1,192986815395526992372618308355607855154548123339820592506916149451344933025886,96493407697763496186309154177803927577274061669910296253458074725672466512943,-96493407697763496186309154166111914478626838324280817591727810568425006169135
92,96493407697763496186309154177803927577274061669910296253458074725672466512943,-96493407697763496186309154166111914478626838324280817591727810568425006169135,1,-192986815395526992372618308343915842055900899994191113845185885294097472682078,96493407697763496186309154177803927577274061669910296253458074725672466512943,-96493407697763496186309154171957921027950449997095556922592942647048736341039
93,96493407697763496186309154177803927577274061669910296253458074725672466512943,-96493407697763496186309154171957921027950449997095556922592942647048736341039,1,192986815395526992372618308349761848605224511667005853176051017372721202853982,96493407697763496186309154174880924302612255833502926588025508686360601426991,-96493407697763496186309154171957921027950449997095556922592942647048736341039
94,96493407697763496186309154174880924302612255833502926588025508686360601426991,-96493407697763496186309154171957921027950449997095556922592942647048736341039,1,-192986815395526992372618308346838845330562705830598483510618451333409337768030,96493407697763496186309154174880924302612255833502926588025508686360601426991,-96493407697763496186309154173419422665281352915299241755309225666704668884015
95,96493407697763496186309154174880924302612255833502926588025508686360601426991,-96493407697763496186309154173419422665281352915299241755309225666704668884015,1,192986815395526992372618308348300346967893608748802168343334734353065270311006,96493407697763496186309154174150173483946804374401084171667367176532635155503,-96493407697763496186309154173419422665281352915299241755309225666704668884015
96,96493407697763496186309154174150173483946804374401084171667367176532635155503,-96493407697763496186309154173419422665281352915299241755309225666704668884015,1,-192986815395526992372618308347569596149228157289700325926976592843237304039518,96493407697763496186309154174150173483946804374401084171667367176532635155503,-96493407697763496186309154173784798074614078644850162963488296421618652019759
97,96493407697763496186309154174150173483946804374401084171667367176532635155503,-96493407697763496186309154173784798074614078644850162963488296421618652019759,1,192986815395526992372618308347934971558560883019251247135155663598151287175262,96493407697763496186309154173967485779280441509625623567577831799075643587631,-96493407697763496186309154173784798074614078644850162963488296421618652019759
98,96493407697763496186309154173967485779280441509625623567577831799075643587631,-96493407697763496186309154173784798074614078644850162963488296421618652019759,1,-192986815395526992372618308347752283853894520154475786531066128220694295607390,96493407697763496186309154173967485779280441509625623567577831799075643587631,-96493407697763496186309154173876141926947260077237893265533064110347147803695
99,96493407697763496186309154173967485779280441509625623567577831799075643587631,-96493407697763496186309154173876141926947260077237893265533064110347147803695,1,192986815395526992372618308347843627706227701586863516833110895909422791391326,96493407697763496186309154173921813853113850793431758416555447954711395695663,-96493407697763496186309154173876141926947260077237893265533064110347147803695
100,96493407697763496186309154173921813853113850793431758416555447954711395695663,-96493407697763496186309154173876141926947260077237893265533064110347147803695,1,-192986815395526992372618308347797955780061110870669651682088512065058543499358,96493407697763496186309154173921813853113850793431758416555447954711395695663,-96493407697763496186309154173898977890030555435334825841044256032529271749679
101,96493407697763496186309154173921813853113850793431758416555447954711395695663,-96493407697763496186309154173898977890030555435334825841044256032529271749679,1,192986815395526992372618308347820791743144406228766584257599703987240667445342,96493407697763496186309154173910395871572203114383292128799851993620333722671,-96493407697763496186309154173898977890030555435334825841044256032529271749679
102,96493407697763496186309154173910395871572203114383292128799851993620333722671,-96493407697763496186309154173898977890030555435334825841044256032529271749679,1,-192986815395526992372618308347809373761602758549718117969844108026149605472350,96493407697763496186309154173910395871572203114383292128799851993620333722671,-96493407697763496186309154173904686880801379274859058984922054013074802736175
103,96493407697763496186309154173910395871572203114383292128799851993620333722671,-96493407697763496186309154173904686880801379274859058984922054013074802736175,1,192986815395526992372618308347815082752373582389242351113721906006695136458846,96493407697763496186309154173907541376186791194621175556860953003347568229423,-96493407697763496186309154173904686880801379274859058984922054013074802736175
104,96493407697763496186309154173907541376186791194621175556860953003347568229423,-96493407697763496186309154173904686880801379274859058984922054013074802736175,1,-192986815395526992372618308347812228256988170469480234541783007016422370965598,96493407697763496186309154173907541376186791194621175556860953003347568229423,-96493407697763496186309154173906114128494085234740117270891503508211185482799
105,96493407697763496186309154173907541376186791194621175556860953003347568229423,-96493407697763496186309154173906114128494085234740117270891503508211185482799,1,192986815395526992372618308347813655504680876429361292827752456511558753712222,96493407697763496186309154173906827752340438214680646413876228255779376856111,-96493407697763496186309154173906114128494085234740117270891503508211185482799
106,96493407697763496186309154173906827752340438214680646413876228255779376856111,-96493407697763496186309154173906114128494085234740117270891503508211185482799,1,-192986815395526992372618308347812941880834523449420763684767731763990562338910,96493407697763496186309154173906827752340438214680646413876228255779376856111,-96493407697763496186309154173906470940417261724710381842383865881995281169455
107,96493407697763496186309154173906827752340438214680646413876228255779376856111,-96493407697763496186309154173906470940417261724710381842383865881995281169455,1,192986815395526992372618308347813298692757699939391028256260094137774658025566,96493407697763496186309154173906649346378849969695514128130047068887329012783,-96493407697763496186309154173906470940417261724710381842383865881995281169455
108,96493407697763496186309154173906649346378849969695514128130047068887329012783,-96493407697763496186309154173906470940417261724710381842383865881995281169455,1,-192986815395526992372618308347813120286796111694405895970513912950882610182238,96493407697763496186309154173906649346378849969695514128130047068887329012783,-96493407697763496186309154173906560143398055847202947985256956475441305091119
109,96493407697763496186309154173906649346378849969695514128130047068887329012783,-96493407697763496186309154173906560143398055847202947985256956475441305091119,1,192986815395526992372618308347813209489776905816898462113387003544328634103902,96493407697763496186309154173906604744888452908449231056693501772164317051951,-96493407697763496186309154173906560143398055847202947985256956475441305091119
110,96493407697763496186309154173906604744888452908449231056693501772164317051951,-96493407697763496186309154173906560143398055847202947985256956475441305091119,1,-192986815395526992372618308347813164888286508755652179041950458247605622143070,96493407697763496186309154173906604744888452908449231056693501772164317051951,-96493407697763496186309154173906582444143254377826089520975229123802811071535
111,96493407697763496186309154173906604744888452908449231056693501772164317051951,-96493407697763496186309154173906582444143254377826089520975229123802811071535,1,192986815395526992372618308347813187189031707286275320577668730895967128123486,96493407697763496186309154173906593594515853643137660288834365447983564061743,-96493407697763496186309154173906582444143254377826089520975229123802811071535
112,96493407697763496186309154173906593594515853643137660288834365447983564061743,-96493407697763496186309154173906582444143254377826089520975229123802811071535,1,-192986815395526992372618308347813176038659108020963749809809594571786375133278,96493407697763496186309154173906593594515853643137660288834365447983564061743,-96493407697763496186309154173906588019329554010481874904904797285893187566639
113,96493407697763496186309154173906593594515853643137660288834365447983564061743,-96493407697763496186309154173906588019329554010481874904904797285893187566639,1,192986815395526992372618308347813181613845407653619535193739162733876751628382,96493407697763496186309154173906590806922703826809767596869581366938375814191,-96493407697763496186309154173906588019329554010481874904904797285893187566639
114,96493407697763496186309154173906590806922703826809767596869581366938375814191,-96493407697763496186309154173906588019329554010481874904904797285893187566639,1,-192986815395526992372618308347813178826252257837291642501774378652831563380830,96493407697763496186309154173906590806922703826809767596869581366938375814191,-96493407697763496186309154173906589413126128918645821250887189326415781690415
115,96493407697763496186309154173906590806922703826809767596869581366938375814191,-96493407697763496186309154173906589413126128918645821250887189326415781690415,1,192986815395526992372618308347813180220048832745455588847756770693354157504606,96493407697763496186309154173906590110024416372727794423878385346677078752303,-96493407697763496186309154173906589413126128918645821250887189326415781690415
116,96493407697763496186309154173906590110024416372727794423878385346677078752303,-96493407697763496186309154173906589413126128918645821250887189326415781690415,1,-192986815395526992372618308347813179523150545291373615674765574673092860442718,96493407697763496186309154173906590110024416372727794423878385346677078752303,-96493407697763496186309154173906589761575272645686807837382787336546430221359
117,96493407697763496186309154173906590110024416372727794423878385346677078752303,-96493407697763496186309154173906589761575272645686807837382787336546430221359,1,192986815395526992372618308347813179871599689018414602261261172683223508973662,96493407697763496186309154173906589935799844509207301130630586341611754486831,-96493407697763496186309154173906589761575272645686807837382787336546430221359
118,96493407697763496186309154173906589935799844509207301130630586341611754486831,-96493407697763496186309154173906589761575272645686807837382787336546430221359,1,-192986815395526992372618308347813179697375117154894108968013373678158184708190,96493407697763496186309154173906589935799844509207301130630586341611754486831,-96493407697763496186309154173906589848687558577447054484006686839079092354095
119,96493407697763496186309154173906589935799844509207301130630586341611754486831,-96493407697763496186309154173906589848687558577447054484006686839079092354095,1,192986815395526992372618308347813179784487403086654355614637273180690846840926,96493407697763496186309154173906589892243701543327177807318636590345423420463,-96493407697763496186309154173906589848687558577447054484006686839079092354095
120,96493407697763496186309154173906589892243701543327177807318636590345423420463,-96493407697763496186309154173906589848687558577447054484006686839079092354095,1,-192986815395526992372618308347813179740931260120774232291325323429424515774558,96493407697763496186309154173906589892243701543327177807318636590345423420463,-96493407697763496186309154173906589870465630060387116145662661714712257887279
121,96493407697763496186309154173906589892243701543327177807318636590345423420463,-96493407697763496186309154173906589870465630060387116145662661714712257887279,1,192986815395526992372618308347813179762709331603714293952981298305057681307742,96493407697763496186309154173906589881354665801857146976490649152528840653871,-96493407697763496186309154173906589870465630060387116145662661714712257887279
122,96493407697763496186309154173906589881354665801857146976490649152528840653871,-96493407697763496186309154173906589870465630060387116145662661714712257887279,1,-192986815395526992372618308347813179751820295862244263122153310867241098541150,96493407697763496186309154173906589881354665801857146976490649152528840653871,-96493407697763496186309154173906589875910147931122131561076655433620549270575
123,96493407697763496186309154173906589881354665801857146976490649152528840653871,-96493407697763496186309154173906589875910147931122131561076655433620549270575,1,192986815395526992372618308347813179757264813732979278537567304586149389924446,96493407697763496186309154173906589878632406866489639268783652293074694962223,-96493407697763496186309154173906589875910147931122131561076655433620549270575
124,96493407697763496186309154173906589878632406866489639268783652293074694962223,-96493407697763496186309154173906589875910147931122131561076655433620549270575,1,-192986815395526992372618308347813179754542554797611770829860307726695244232798,96493407697763496186309154173906589878632406866489639268783652293074694962223,-96493407697763496186309154173906589877271277398805885414930153863347622116399
125,96493407697763496186309154173906589878632406866489639268783652293074694962223,-96493407697763496186309154173906589877271277398805885414930153863347622116399,1,192986815395526992372618308347813179755903684265295524683713806156422317078622,96493407697763496186309154173906589877951842132647762341856903078211158539311,-96493407697763496186309154173906589877271277398805885414930153863347622116399
126,96493407697763496186309154173906589877951842132647762341856903078211158539311,-96493407697763496186309154173906589877271277398805885414930153863347622116399,1,-192986815395526992372618308347813179755223119531453647756787056941558780655710,96493407697763496186309154173906589877951842132647762341856903078211158539311,-96493407697763496186309154173906589877611559765726823878393528470779390327855
127,96493407697763496186309154173906589877951842132647762341856903078211158539311,-96493407697763496186309154173906589877611559765726823878393528470779390327855,1,192986815395526992372618308347813179755563401898374586220250431548990548867166,96493407697763496186309154173906589877781700949187293110125215774495274433583,-96493407697763496186309154173906589877611559765726823878393528470779390327855
128,96493407697763496186309154173906589877781700949187293110125215774495274433583,-96493407697763496186309154173906589877611559765726823878393528470779390327855,1,-192986815395526992372618308347813179755393260714914116988518744245274664761438,96493407697763496186309154173906589877781700949187293110125215774495274433583,-96493407697763496186309154173906589877696630357457058494259372122637332380719
129,96493407697763496186309154173906589877781700949187293110125215774495274433583,-96493407697763496186309154173906589877696630357457058494259372122637332380719,1,192986815395526992372618308347813179755478331306644351604384587897132606814302,96493407697763496186309154173906589877739165653322175802192293948566303407151,-96493407697763496186309154173906589877696630357457058494259372122637332380719
130,96493407697763496186309154173906589877739165653322175802192293948566303407151,-96493407697763496186309154173906589877696630357457058494259372122637332380719,1,-192986815395526992372618308347813179755435796010779234296451666071203635787870,96493407697763496186309154173906589877739165653322175802192293948566303407151,-96493407697763496186309154173906589877717898005389617148225833035601817893935
131,96493407697763496186309154173906589877739165653322175802192293948566303407151,-96493407697763496186309154173906589877717898005389617148225833035601817893935,1,192986815395526992372618308347813179755457063658711792950418126984168121301086,96493407697763496186309154173906589877728531829355896475209063492084060650543,-96493407697763496186309154173906589877717898005389617148225833035601817893935
132,96493407697763496186309154173906589877728531829355896475209063492084060650543,-96493407697763496186309154173906589877717898005389617148225833035601817893935,1,-192986815395526992372618308347813179755446429834745513623434896527685878544478,96493407697763496186309154173906589877728531829355896475209063492084060650543,-96493407697763496186309154173906589877723214917372756811717448263842939272239
133,96493407697763496186309154173906589877728531829355896475209063492084060650543,-96493407697763496186309154173906589877723214917372756811717448263842939272239,1,192986815395526992372618308347813179755451746746728653286926511755926999922782,96493407697763496186309154173906589877725873373364326643463255877963499961391,-96493407697763496186309154173906589877723214917372756811717448263842939272239
134,96493407697763496186309154173906589877725873373364326643463255877963499961391,-96493407697763496186309154173906589877723214917372756811717448263842939272239,1,-192986815395526992372618308347813179755449088290737083455180704141806439233630,96493407697763496186309154173906589877725873373364326643463255877963499961391,-96493407697763496186309154173906589877724544145368541727590352070903219616815
135,96493407697763496186309154173906589877725873373364326643463255877963499961391,-96493407697763496186309154173906589877724544145368541727590352070903219616815,1,192986815395526992372618308347813179755450417518732868371053607948866719578206,96493407697763496186309154173906589877725208759366434185526803974433359789103,-96493407697763496186309154173906589877724544145368541727590352070903219616815
136,96493407697763496186309154173906589877725208759366434185526803974433359789103,-96493407697763496186309154173906589877724544145368541727590352070903219616815,1,-192986815395526992372618308347813179755449752904734975913117156045336579405918,96493407697763496186309154173906589877725208759366434185526803974433359789103,-96493407697763496186309154173906589877724876452367487956558578022668289702959
137,96493407697763496186309154173906589877725208759366434185526803974433359789103,-96493407697763496186309154173906589877724876452367487956558578022668289702959,1,192986815395526992372618308347813179755450085211733922142085381997101649492062,96493407697763496186309154173906589877725042605866961071042690998550824746031,-96493407697763496186309154173906589877724876452367487956558578022668289702959
138,96493407697763496186309154173906589877725042605866961071042690998550824746031,-96493407697763496186309154173906589877724876452367487956558578022668289702959,1,-192986815395526992372618308347813179755449919058234449027601269021219114448990,96493407697763496186309154173906589877725042605866961071042690998550824746031,-96493407697763496186309154173906589877724959529117224513800634510609557224495
139,96493407697763496186309154173906589877725042605866961071042690998550824746031,-96493407697763496186309154173906589877724959529117224513800634510609557224495,1,192986815395526992372618308347813179755450002134984185584843325509160381970526,96493407697763496186309154173906589877725001067492092792421662754580190985263,-96493407697763496186309154173906589877724959529117224513800634510609557224495
140,96493407697763496186309154173906589877725001067492092792421662754580190985263,-96493407697763496186309154173906589877724959529117224513800634510609557224495,1,-192986815395526992372618308347813179755449960596609317306222297265189748209758,96493407697763496186309154173906589877725001067492092792421662754580190985263,-96493407697763496186309154173906589877724980298304658653111148632594874104879
141,96493407697763496186309154173906589877725001067492092792421662754580190985263,-96493407697763496186309154173906589877724980298304658653111148632594874104879,1,192986815395526992372618308347813179755449981365796751445532811387175065090142,96493407697763496186309154173906589877724990682898375722766405693587532545071,-96493407697763496186309154173906589877724980298304658653111148632594874104879
142,96493407697763496186309154173906589877724990682898375722766405693587532545071,-96493407697763496186309154173906589877724980298304658653111148632594874104879,1,-192986815395526992372618308347813179755449970981203034375877554326182406649950,96493407697763496186309154173906589877724990682898375722766405693587532545071,-96493407697763496186309154173906589877724985490601517187938777163091203324975
143,96493407697763496186309154173906589877724990682898375722766405693587532545071,-96493407697763496186309154173906589877724985490601517187938777163091203324975,1,192986815395526992372618308347813179755449976173499892910705182856678735870046,96493407697763496186309154173906589877724988086749946455352591428339367935023,-96493407697763496186309154173906589877724985490601517187938777163091203324975
144,96493407697763496186309154173906589877724988086749946455352591428339367935023,-96493407697763496186309154173906589877724985490601517187938777163091203324975,1,-192986815395526992372618308347813179755449973577351463643291368591430571259998,96493407697763496186309154173906589877724988086749946455352591428339367935023,-96493407697763496186309154173906589877724986788675731821645684295715285629999
145,96493407697763496186309154173906589877724988086749946455352591428339367935023,-96493407697763496186309154173906589877724986788675731821645684295715285629999,1,192986815395526992372618308347813179755449974875425678276998275724054653565022,96493407697763496186309154173906589877724987437712839138499137862027326782511,-96493407697763496186309154173906589877724986788675731821645684295715285629999
146,96493407697763496186309154173906589877724987437712839138499137862027326782511,-96493407697763496186309154173906589877724986788675731821645684295715285629999,1,-192986815395526992372618308347813179755449974226388570960144822157742612412510,96493407697763496186309154173906589877724987437712839138499137862027326782511,-96493407697763496186309154173906589877724987113194285480072411078871306206255
147,96493407697763496186309154173906589877724987437712839138499137862027326782511,-96493407697763496186309154173906589877724987113194285480072411078871306206255,1,192986815395526992372618308347813179755449974550907124618571548940898632988766,96493407697763496186309154173906589877724987275453562309285774470449316494383,-96493407697763496186309154173906589877724987113194285480072411078871306206255
148,96493407697763496186309154173906589877724987275453562309285774470449316494383,-96493407697763496186309154173906589877724987113194285480072411078871306206255,1,-192986815395526992372618308347813179755449974388647847789358185549320622700638,96493407697763496186309154173906589877724987275453562309285774470449316494383,-96493407697763496186309154173906589877724987194323923894679092774660311350319
149,96493407697763496186309154173906589877724987275453562309285774470449316494383,-96493407697763496186309154173906589877724987194323923894679092774660311350319,1,192986815395526992372618308347813179755449974469777486203964867245109627844702,96493407697763496186309154173906589877724987234888743101982433622554813922351,-96493407697763496186309154173906589877724987194323923894679092774660311350319
150,96493407697763496186309154173906589877724987234888743101982433622554813922351,-96493407697763496186309154173906589877724987194323923894679092774660311350319,1,-192986815395526992372618308347813179755449974429212666996661526397215125272670,96493407697763496186309154173906589877724987234888743101982433622554813922351,-96493407697763496186309154173906589877724987214606333498330763198607562636335
151,96493407697763496186309154173906589877724987234888743101982433622554813922351,-96493407697763496186309154173906589877724987214606333498330763198607562636335,1,192986815395526992372618308347813179755449974449495076600313196821162376558686,96493407697763496186309154173906589877724987224747538300156598410581188279343,-96493407697763496186309154173906589877724987214606333498330763198607562636335
152,96493407697763496186309154173906589877724987224747538300156598410581188279343,-96493407697763496186309154173906589877724987214606333498330763198607562636335,1,-192986815395526992372618308347813179755449974439353871798487361609188750915678,96493407697763496186309154173906589877724987224747538300156598410581188279343,-96493407697763496186309154173906589877724987219676935899243680804594375457839
153,96493407697763496186309154173906589877724987224747538300156598410581188279343,-96493407697763496186309154173906589877724987219676935899243680804594375457839,1,192986815395526992372618308347813179755449974444424474199400279215175563737182,96493407697763496186309154173906589877724987222212237099700139607587781868591,-96493407697763496186309154173906589877724987219676935899243680804594375457839
154,96493407697763496186309154173906589877724987222212237099700139607587781868591,-96493407697763496186309154173906589877724987219676935899243680804594375457839,1,-192986815395526992372618308347813179755449974441889172998943820412182157326430,96493407697763496186309154173906589877724987222212237099700139607587781868591,-96493407697763496186309154173906589877724987220944586499471910206091078663215
155,96493407697763496186309154173906589877724987222212237099700139607587781868591,-96493407697763496186309154173906589877724987220944586499471910206091078663215,1,192986815395526992372618308347813179755449974443156823599172049813678860531806,96493407697763496186309154173906589877724987221578411799586024906839430265903,-96493407697763496186309154173906589877724987220944586499471910206091078663215
156,96493407697763496186309154173906589877724987221578411799586024906839430265903,-96493407697763496186309154173906589877724987220944586499471910206091078663215,1,-192986815395526992372618308347813179755449974442522998299057935112930508929118,96493407697763496186309154173906589877724987221578411799586024906839430265903,-96493407697763496186309154173906589877724987221261499149528967556465254464559
157,96493407697763496186309154173906589877724987221578411799586024906839430265903,-96493407697763496186309154173906589877724987221261499149528967556465254464559,1,192986815395526992372618308347813179755449974442839910949114992463304684730462,96493407697763496186309154173906589877724987221419955474557496231652342365231,-96493407697763496186309154173906589877724987221261499149528967556465254464559
158,96493407697763496186309154173906589877724987221419955474557496231652342365231,-96493407697763496186309154173906589877724987221261499149528967556465254464559,1,-192986815395526992372618308347813179755449974442681454624086463788117596829790,96493407697763496186309154173906589877724987221419955474557496231652342365231,-96493407697763496186309154173906589877724987221340727312043231894058798414895
159,96493407697763496186309154173906589877724987221419955474557496231652342365231,-96493407697763496186309154173906589877724987221340727312043231894058798414895,1,192986815395526992372618308347813179755449974442760682786600728125711140780126,96493407697763496186309154173906589877724987221380341393300364062855570390063,-96493407697763496186309154173906589877724987221340727312043231894058798414895
160,96493407697763496186309154173906589877724987221380341393300364062855570390063,-96493407697763496186309154173906589877724987221340727312043231894058798414895,1,-192986815395526992372618308347813179755449974442721068705343595956914368804958,96493407697763496186309154173906589877724987221380341393300364062855570390063,-96493407697763496186309154173906589877724987221360534352671797978457184402479
161,96493407697763496186309154173906589877724987221380341393300364062855570390063,-96493407697763496186309154173906589877724987221360534352671797978457184402479,1,192986815395526992372618308347813179755449974442740875745972162041312754792542,96493407697763496186309154173906589877724987221370437872986081020656377396271,-96493407697763496186309154173906589877724987221360534352671797978457184402479
162,96493407697763496186309154173906589877724987221370437872986081020656377396271,-96493407697763496186309154173906589877724987221360534352671797978457184402479,1,-192986815395526992372618308347813179755449974442730972225657878999113561798750,96493407697763496186309154173906589877724987221370437872986081020656377396271,-96493407697763496186309154173906589877724987221365486112828939499556780899375
163,96493407697763496186309154173906589877724987221370437872986081020656377396271,-96493407697763496186309154173906589877724987221365486112828939499556780899375,1,192986815395526992372618308347813179755449974442735923985815020520213158295646,96493407697763496186309154173906589877724987221367961992907510260106579147823,-96493407697763496186309154173906589877724987221365486112828939499556780899375
164,96493407697763496186309154173906589877724987221367961992907510260106579147823,-96493407697763496186309154173906589877724987221365486112828939499556780899375,1,-192986815395526992372618308347813179755449974442733448105736449759663360047198,96493407697763496186309154173906589877724987221367961992907510260106579147823,-96493407697763496186309154173906589877724987221366724052868224879831680023599
165,96493407697763496186309154173906589877724987221367961992907510260106579147823,-96493407697763496186309154173906589877724987221366724052868224879831680023599,1,192986815395526992372618308347813179755449974442734686045775735139938259171422,96493407697763496186309154173906589877724987221367343022887867569969129585711,-96493407697763496186309154173906589877724987221366724052868224879831680023599
166,96493407697763496186309154173906589877724987221367343022887867569969129585711,-96493407697763496186309154173906589877724987221366724052868224879831680023599,1,-192986815395526992372618308347813179755449974442734067075756092449800809609310,96493407697763496186309154173906589877724987221367343022887867569969129585711,-96493407697763496186309154173906589877724987221367033537878046224900404804655
167,96493407697763496186309154173906589877724987221367343022887867569969129585711,-96493407697763496186309154173906589877724987221367033537878046224900404804655,1,192986815395526992372618308347813179755449974442734376560765913794869534390366,96493407697763496186309154173906589877724987221367188280382956897434767195183,-96493407697763496186309154173906589877724987221367033537878046224900404804655
168,96493407697763496186309154173906589877724987221367188280382956897434767195183,-96493407697763496186309154173906589877724987221367033537878046224900404804655,1,-192986815395526992372618308347813179755449974442734221818261003122335171999838,96493407697763496186309154173906589877724987221367188280382956897434767195183,-96493407697763496186309154173906589877724987221367110909130501561167585999919
169,96493407697763496186309154173906589877724987221367188280382956897434767195183,-96493407697763496186309154173906589877724987221367110909130501561167585999919,1,192986815395526992372618308347813179755449974442734299189513458458602353195102,96493407697763496186309154173906589877724987221367149594756729229301176597551,-96493407697763496186309154173906589877724987221367110909130501561167585999919
170,96493407697763496186309154173906589877724987221367149594756729229301176597551,-96493407697763496186309154173906589877724987221367110909130501561167585999919,1,-192986815395526992372618308347813179755449974442734260503887230790468762597470,96493407697763496186309154173906589877724987221367149594756729229301176597551,-96493407697763496186309154173906589877724987221367130251943615395234381298735
171,96493407697763496186309154173906589877724987221367149594756729229301176597551,-96493407697763496186309154173906589877724987221367130251943615395234381298735,1,192986815395526992372618308347813179755449974442734279846700344624535557896286,96493407697763496186309154173906589877724987221367139923350172312267778948143,-96493407697763496186309154173906589877724987221367130251943615395234381298735
172,96493407697763496186309154173906589877724987221367139923350172312267778948143,-96493407697763496186309154173906589877724987221367130251943615395234381298735,1,-192986815395526992372618308347813179755449974442734270175293787707502160246878,96493407697763496186309154173906589877724987221367139923350172312267778948143,-96493407697763496186309154173906589877724987221367135087646893853751080123439
173,96493407697763496186309154173906589877724987221367139923350172312267778948143,-96493407697763496186309154173906589877724987221367135087646893853751080123439,1,192986815395526992372618308347813179755449974442734275010997066166018859071582,96493407697763496186309154173906589877724987221367137505498533083009429535791,-96493407697763496186309154173906589877724987221367135087646893853751080123439
174,96493407697763496186309154173906589877724987221367137505498533083009429535791,-96493407697763496186309154173906589877724987221367135087646893853751080123439,1,-192986815395526992372618308347813179755449974442734272593145426936760509659230,96493407697763496186309154173906589877724987221367137505498533083009429535791,-96493407697763496186309154173906589877724987221367136296572713468380254829615
175,96493407697763496186309154173906589877724987221367137505498533083009429535791,-96493407697763496186309154173906589877724987221367136296572713468380254829615,1,192986815395526992372618308347813179755449974442734273802071246551389684365406,96493407697763496186309154173906589877724987221367136901035623275694842182703,-96493407697763496186309154173906589877724987221367136296572713468380254829615
176,96493407697763496186309154173906589877724987221367136901035623275694842182703,-96493407697763496186309154173906589877724987221367136296572713468380254829615,1,-192986815395526992372618308347813179755449974442734273197608336744075097012318,96493407697763496186309154173906589877724987221367136901035623275694842182703,-96493407697763496186309154173906589877724987221367136598804168372037548506159
177,96493407697763496186309154173906589877724987221367136901035623275694842182703,-96493407697763496186309154173906589877724987221367136598804168372037548506159,1,192986815395526992372618308347813179755449974442734273499839791647732390688862,96493407697763496186309154173906589877724987221367136749919895823866195344431,-96493407697763496186309154173906589877724987221367136598804168372037548506159
178,96493407697763496186309154173906589877724987221367136749919895823866195344431,-96493407697763496186309154173906589877724987221367136598804168372037548506159,1,-192986815395526992372618308347813179755449974442734273348724064195903743850590,96493407697763496186309154173906589877724987221367136749919895823866195344431,-96493407697763496186309154173906589877724987221367136674362032097951871925295
179,96493407697763496186309154173906589877724987221367136749919895823866195344431,-96493407697763496186309154173906589877724987221367136674362032097951871925295,1,192986815395526992372618308347813179755449974442734273424281927921818067269726,96493407697763496186309154173906589877724987221367136712140963960909033634863,-96493407697763496186309154173906589877724987221367136674362032097951871925295
180,96493407697763496186309154173906589877724987221367136712140963960909033634863,-96493407697763496186309154173906589877724987221367136674362032097951871925295,1,-192986815395526992372618308347813179755449974442734273386502996058860905560158,96493407697763496186309154173906589877724987221367136712140963960909033634863,-96493407697763496186309154173906589877724987221367136693251498029430452780079
181,96493407697763496186309154173906589877724987221367136712140963960909033634863,-96493407697763496186309154173906589877724987221367136693251498029430452780079,1,192986815395526992372618308347813179755449974442734273405392461990339486414942,96493407697763496186309154173906589877724987221367136702696230995169743207471,-96493407697763496186309154173906589877724987221367136693251498029430452780079
182,96493407697763496186309154173906589877724987221367136702696230995169743207471,-96493407697763496186309154173906589877724987221367136693251498029430452780079,1,-192986815395526992372618308347813179755449974442734273395947729024600195987550,96493407697763496186309154173906589877724987221367136702696230995169743207471,-96493407697763496186309154173906589877724987221367136697973864512300097993775
183,96493407697763496186309154173906589877724987221367136702696230995169743207471,-96493407697763496186309154173906589877724987221367136697973864512300097993775,1,192986815395526992372618308347813179755449974442734273400670095507469841201246,96493407697763496186309154173906589877724987221367136700335047753734920600623,-96493407697763496186309154173906589877724987221367136697973864512300097993775
184,96493407697763496186309154173906589877724987221367136700335047753734920600623,-96493407697763496186309154173906589877724987221367136697973864512300097993775,1,-192986815395526992372618308347813179755449974442734273398308912266035018594398,96493407697763496186309154173906589877724987221367136700335047753734920600623,-96493407697763496186309154173906589877724987221367136699154456133017509297199
185,96493407697763496186309154173906589877724987221367136700335047753734920600623,-96493407697763496186309154173906589877724987221367136699154456133017509297199,1,192986815395526992372618308347813179755449974442734273399489503886752429897822,96493407697763496186309154173906589877724987221367136699744751943376214948911,-96493407697763496186309154173906589877724987221367136699154456133017509297199
186,96493407697763496186309154173906589877724987221367136699744751943376214948911,-96493407697763496186309154173906589877724987221367136699154456133017509297199,1,-192986815395526992372618308347813179755449974442734273398899208076393724246110,96493407697763496186309154173906589877724987221367136699744751943376214948911,-96493407697763496186309154173906589877724987221367136699449604038196862123055
187,96493407697763496186309154173906589877724987221367136699744751943376214948911,-96493407697763496186309154173906589877724987221367136699449604038196862123055,1,192986815395526992372618308347813179755449974442734273399194355981573077071966,96493407697763496186309154173906589877724987221367136699597177990786538535983,-96493407697763496186309154173906589877724987221367136699449604038196862123055
188,96493407697763496186309154173906589877724987221367136699597177990786538535983,-96493407697763496186309154173906589877724987221367136699449604038196862123055,1,-192986815395526992372618308347813179755449974442734273399046782028983400659038,96493407697763496186309154173906589877724987221367136699597177990786538535983,-96493407697763496186309154173906589877724987221367136699523391014491700329519
189,96493407697763496186309154173906589877724987221367136699597177990786538535983,-96493407697763496186309154173906589877724987221367136699523391014491700329519,1,192986815395526992372618308347813179755449974442734273399120569005278238865502,96493407697763496186309154173906589877724987221367136699560284502639119432751,-96493407697763496186309154173906589877724987221367136699523391014491700329519
190,96493407697763496186309154173906589877724987221367136699560284502639119432751,-96493407697763496186309154173906589877724987221367136699523391014491700329519,1,-192986815395526992372618308347813179755449974442734273399083675517130819762270,96493407697763496186309154173906589877724987221367136699560284502639119432751,-96493407697763496186309154173906589877724987221367136699541837758565409881135
191,96493407697763496186309154173906589877724987221367136699560284502639119432751,-96493407697763496186309154173906589877724987221367136699541837758565409881135,1,192986815395526992372618308347813179755449974442734273399102122261204529313886,96493407697763496186309154173906589877724987221367136699551061130602264656943,-96493407697763496186309154173906589877724987221367136699541837758565409881135
192,96493407697763496186309154173906589877724987221367136699551061130602264656943,-96493407697763496186309154173906589877724987221367136699541837758565409881135,1,-192986815395526992372618308347813179755449974442734273399092898889167674538078,96493407697763496186309154173906589877724987221367136699551061130602264656943,-96493407697763496186309154173906589877724987221367136699546449444583837269039
193,96493407697763496186309154173906589877724987221367136699551061130602264656943,-96493407697763496186309154173906589877724987221367136699546449444583837269039,1,192986815395526992372618308347813179755449974442734273399097510575186101925982,96493407697763496186309154173906589877724987221367136699548755287593050962991,-96493407697763496186309154173906589877724987221367136699546449444583837269039
194,96493407697763496186309154173906589877724987221367136699548755287593050962991,-96493407697763496186309154173906589877724987221367136699546449444583837269039,1,-192986815395526992372618308347813179755449974442734273399095204732176888232030,96493407697763496186309154173906589877724987221367136699548755287593050962991,-96493407697763496186309154173906589877724987221367136699547602366088444116015
195,96493407697763496186309154173906589877724987221367136699548755287593050962991,-96493407697763496186309154173906589877724987221367136699547602366088444116015,1,192986815395526992372618308347813179755449974442734273399096357653681495079006,96493407697763496186309154173906589877724987221367136699548178826840747539503,-96493407697763496186309154173906589877724987221367136699547602366088444116015
196,96493407697763496186309154173906589877724987221367136699548178826840747539503,-96493407697763496186309154173906589877724987221367136699547602366088444116015,1,-192986815395526992372618308347813179755449974442734273399095781192929191655518,96493407697763496186309154173906589877724987221367136699548178826840747539503,-96493407697763496186309154173906589877724987221367136699547890596464595827759
197,96493407697763496186309154173906589877724987221367136699548178826840747539503,-96493407697763496186309154173906589877724987221367136699547890596464595827759,1,192986815395526992372618308347813179755449974442734273399096069423305343367262,96493407697763496186309154173906589877724987221367136699548034711652671683631,-96493407697763496186309154173906589877724987221367136699547890596464595827759
198,96493407697763496186309154173906589877724987221367136699548034711652671683631,-96493407697763496186309154173906589877724987221367136699547890596464595827759,1,-192986815395526992372618308347813179755449974442734273399095925308117267511390,96493407697763496186309154173906589877724987221367136699548034711652671683631,-96493407697763496186309154173906589877724987221367136699547962654058633755695
199,96493407697763496186309154173906589877724987221367136699548034711652671683631,-96493407697763496186309154173906589877724987221367136699547962654058633755695,1,192986815395526992372618308347813179755449974442734273399095997365711305439326,96493407697763496186309154173906589877724987221367136699547998682855652719663,-96493407697763496186309154173906589877724987221367136699547962654058633755695
200,96493407697763496186309154173906589877724987221367136699547998682855652719663,-96493407697763496186309154173906589877724987221367136699547962654058633755695,1,-192986815395526992372618308347813179755449974442734273399095961336914286475358,96493407697763496186309154173906589877724987221367136699547998682855652719663,-96493407697763496186309154173906589877724987221367136699547980668457143237679
201,96493407697763496186309154173906589877724987221367136699547998682855652719663,-96493407697763496186309154173906589877724987221367136699547980668457143237679,1,192986815395526992372618308347813179755449974442734273399095979351312795957342,96493407697763496186309154173906589877724987221367136699547989675656397978671,-96493407697763496186309154173906589877724987221367136699547980668457143237679
202,96493407697763496186309154173906589877724987221367136699547989675656397978671,-96493407697763496186309154173906589877724987221367136699547980668457143237679,1,-192986815395526992372618308347813179755449974442734273399095970344113541216350,96493407697763496186309154173906589877724987221367136699547989675656397978671,-96493407697763496186309154173906589877724987221367136699547985172056770608175
203,96493407697763496186309154173906589877724987221367136699547989675656397978671,-96493407697763496186309154173906589877724987221367136699547985172056770608175,1,192986815395526992372618308347813179755449974442734273399095974847713168586846,96493407697763496186309154173906589877724987221367136699547987423856584293423,-96493407697763496186309154173906589877724987221367136699547985172056770608175
204,96493407697763496186309154173906589877724987221367136699547987423856584293423,-96493407697763496186309154173906589877724987221367136699547985172056770608175,1,-192986815395526992372618308347813179755449974442734273399095972595913354901598,96493407697763496186309154173906589877724987221367136699547987423856584293423,-96493407697763496186309154173906589877724987221367136699547986297956677450799
205,96493407697763496186309154173906589877724987221367136699547987423856584293423,-96493407697763496186309154173906589877724987221367136699547986297956677450799,1,192986815395526992372618308347813179755449974442734273399095973721813261744222,96493407697763496186309154173906589877724987221367136699547986860906630872111,-96493407697763496186309154173906589877724987221367136699547986297956677450799
206,96493407697763496186309154173906589877724987221367136699547986860906630872111,-96493407697763496186309154173906589877724987221367136699547986297956677450799,1,-192986815395526992372618308347813179755449974442734273399095973158863308322910,96493407697763496186309154173906589877724987221367136699547986860906630872111,-96493407697763496186309154173906589877724987221367136699547986579431654161455
207,96493407697763496186309154173906589877724987221367136699547986860906630872111,-96493407697763496186309154173906589877724987221367136699547986579431654161455,1,192986815395526992372618308347813179755449974442734273399095973440338285033566,96493407697763496186309154173906589877724987221367136699547986720169142516783,-96493407697763496186309154173906589877724987221367136699547986579431654161455
208,96493407697763496186309154173906589877724987221367136699547986720169142516783,-96493407697763496186309154173906589877724987221367136699547986579431654161455,1,-192986815395526992372618308347813179755449974442734273399095973299600796678238,96493407697763496186309154173906589877724987221367136699547986720169142516783,-96493407697763496186309154173906589877724987221367136699547986649800398339119
209,96493407697763496186309154173906589877724987221367136699547986720169142516783,-96493407697763496186309154173906589877724987221367136699547986649800398339119,1,192986815395526992372618308347813179755449974442734273399095973369969540855902,96493407697763496186309154173906589877724987221367136699547986684984770427951,-96493407697763496186309154173906589877724987221367136699547986649800398339119
210,96493407697763496186309154173906589877724987221367136699547986684984770427951,-96493407697763496186309154173906589877724987221367136699547986649800398339119,1,-192986815395526992372618308347813179755449974442734273399095973334785168767070,96493407697763496186309154173906589877724987221367136699547986684984770427951,-96493407697763496186309154173906589877724987221367136699547986667392584383535
211,96493407697763496186309154173906589877724987221367136699547986684984770427951,-96493407697763496186309154173906589877724987221367136699547986667392584383535,1,192986815395526992372618308347813179755449974442734273399095973352377354811486,96493407697763496186309154173906589877724987221367136699547986676188677405743,-96493407697763496186309154173906589877724987221367136699547986667392584383535
212,96493407697763496186309154173906589877724987221367136699547986676188677405743,-96493407697763496186309154173906589877724987221367136699547986667392584383535,1,-192986815395526992372618308347813179755449974442734273399095973343581261789278,96493407697763496186309154173906589877724987221367136699547986676188677405743,-96493407697763496186309154173906589877724987221367136699547986671790630894639
213,96493407697763496186309154173906589877724987221367136699547986676188677405743,-96493407697763496186309154173906589877724987221367136699547986671790630894639,1,192986815395526992372618308347813179755449974442734273399095973347979308300382,96493407697763496186309154173906589877724987221367136699547986673989654150191,-96493407697763496186309154173906589877724987221367136699547986671790630894639
214,96493407697763496186309154173906589877724987221367136699547986673989654150191,-96493407697763496186309154173906589877724987221367136699547986671790630894639,1,-192986815395526992372618308347813179755449974442734273399095973345780285044830,96493407697763496186309154173906589877724987221367136699547986673989654150191,-96493407697763496186309154173906589877724987221367136699547986672890142522415
215,96493407697763496186309154173906589877724987221367136699547986673989654150191,-96493407697763496186309154173906589877724987221367136699547986672890142522415,1,192986815395526992372618308347813179755449974442734273399095973346879796672606,96493407697763496186309154173906589877724987221367136699547986673439898336303,-96493407697763496186309154173906589877724987221367136699547986672890142522415
216,96493407697763496186309154173906589877724987221367136699547986673439898336303,-96493407697763496186309154173906589877724987221367136699547986672890142522415,1,-192986815395526992372618308347813179755449974442734273399095973346330040858718,96493407697763496186309154173906589877724987221367136699547986673439898336303,-96493407697763496186309154173906589877724987221367136699547986673165020429359
217,96493407697763496186309154173906589877724987221367136699547986673439898336303,-96493407697763496186309154173906589877724987221367136699547986673165020429359,1,192986815395526992372618308347813179755449974442734273399095973346604918765662,96493407697763496186309154173906589877724987221367136699547986673302459382831,-96493407697763496186309154173906589877724987221367136699547986673165020429359
218,96493407697763496186309154173906589877724987221367136699547986673302459382831,-96493407697763496186309154173906589877724987221367136699547986673165020429359,1,-192986815395526992372618308347813179755449974442734273399095973346467479812190,96493407697763496186309154173906589877724987221367136699547986673302459382831,-96493407697763496186309154173906589877724987221367136699547986673233739906095
219,96493407697763496186309154173906589877724987221367136699547986673302459382831,-96493407697763496186309154173906589877724987221367136699547986673233739906095,1,192986815395526992372618308347813179755449974442734273399095973346536199288926,96493407697763496186309154173906589877724987221367136699547986673268099644463,-96493407697763496186309154173906589877724987221367136699547986673233739906095
220,96493407697763496186309154173906589877724987221367136699547986673268099644463,-96493407697763496186309154173906589877724987221367136699547986673233739906095,1,-192986815395526992372618308347813179755449974442734273399095973346501839550558,96493407697763496186309154173906589877724987221367136699547986673268099644463,-96493407697763496186309154173906589877724987221367136699547986673250919775279
221,96493407697763496186309154173906589877724987221367136699547986673268099644463,-96493407697763496186309154173906589877724987221367136699547986673250919775279,1,192986815395526992372618308347813179755449974442734273399095973346519019419742,96493407697763496186309154173906589877724987221367136699547986673259509709871,-96493407697763496186309154173906589877724987221367136699547986673250919775279
222,96493407697763496186309154173906589877724987221367136699547986673259509709871,-96493407697763496186309154173906589877724987221367136699547986673250919775279,1,-192986815395526992372618308347813179755449974442734273399095973346510429485150,96493407697763496186309154173906589877724987221367136699547986673259509709871,-96493407697763496186309154173906589877724987221367136699547986673255214742575
223,96493407697763496186309154173906589877724987221367136699547986673259509709871,-96493407697763496186309154173906589877724987221367136699547986673255214742575,1,192986815395526992372618308347813179755449974442734273399095973346514724452446,96493407697763496186309154173906589877724987221367136699547986673257362226223,-96493407697763496186309154173906589877724987221367136699547986673255214742575
224,96493407697763496186309154173906589877724987221367136699547986673257362226223,-96493407697763496186309154173906589877724987221367136699547986673255214742575,1,-192986815395526992372618308347813179755449974442734273399095973346512576968798,96493407697763496186309154173906589877724987221367136699547986673257362226223,-96493407697763496186309154173906589877724987221367136699547986673256288484399
225,96493407697763496186309154173906589877724987221367136699547986673257362226223,-96493407697763496186309154173906589877724987221367136699547986673256288484399,1,192986815395526992372618308347813179755449974442734273399095973346513650710622,96493407697763496186309154173906589877724987221367136699547986673256825355311,-96493407697763496186309154173906589877724987221367136699547986673256288484399
226,96493407697763496186309154173906589877724987221367136699547986673256825355311,-96493407697763496186309154173906589877724987221367136699547986673256288484399,1,-192986815395526992372618308347813179755449974442734273399095973346513113839710,96493407697763496186309154173906589877724987221367136699547986673256825355311,-96493407697763496186309154173906589877724987221367136699547986673256556919855
227,96493407697763496186309154173906589877724987221367136699547986673256825355311,-96493407697763496186309154173906589877724987221367136699547986673256556919855,1,192986815395526992372618308347813179755449974442734273399095973346513382275166,96493407697763496186309154173906589877724987221367136699547986673256691137583,-96493407697763496186309154173906589877724987221367136699547986673256556919855
228,96493407697763496186309154173906589877724987221367136699547986673256691137583,-96493407697763496186309154173906589877724987221367136699547986673256556919855,1,-192986815395526992372618308347813179755449974442734273399095973346513248057438,96493407697763496186309154173906589877724987221367136699547986673256691137583,-96493407697763496186309154173906589877724987221367136699547986673256624028719
229,96493407697763496186309154173906589877724987221367136699547986673256691137583,-96493407697763496186309154173906589877724987221367136699547986673256624028719,1,192986815395526992372618308347813179755449974442734273399095973346513315166302,96493407697763496186309154173906589877724987221367136699547986673256657583151,-96493407697763496186309154173906589877724987221367136699547986673256624028719
230,96493407697763496186309154173906589877724987221367136699547986673256657583151,-96493407697763496186309154173906589877724987221367136699547986673256624028719,1,-192986815395526992372618308347813179755449974442734273399095973346513281611870,96493407697763496186309154173906589877724987221367136699547986673256657583151,-96493407697763496186309154173906589877724987221367136699547986673256640805935
231,96493407697763496186309154173906589877724987221367136699547986673256657583151,-96493407697763496186309154173906589877724987221367136699547986673256640805935,1,192986815395526992372618308347813179755449974442734273399095973346513298389086,96493407697763496186309154173906589877724987221367136699547986673256649194543,-96493407697763496186309154173906589877724987221367136699547986673256640805935
232,96493407697763496186309154173906589877724987221367136699547986673256649194543,-96493407697763496186309154173906589877724987221367136699547986673256640805935,1,-192986815395526992372618308347813179755449974442734273399095973346513290000478,96493407697763496186309154173906589877724987221367136699547986673256649194543,-96493407697763496186309154173906589877724987221367136699547986673256645000239
233,96493407697763496186309154173906589877724987221367136699547986673256649194543,-96493407697763496186309154173906589877724987221367136699547986673256645000239,1,192986815395526992372618308347813179755449974442734273399095973346513294194782,96493407697763496186309154173906589877724987221367136699547986673256647097391,-96493407697763496186309154173906589877724987221367136699547986673256645000239
234,96493407697763496186309154173906589877724987221367136699547986673256647097391,-96493407697763496186309154173906589877724987221367136699547986673256645000239,1,-192986815395526992372618308347813179755449974442734273399095973346513292097630,96493407697763496186309154173906589877724987221367136699547986673256647097391,-96493407697763496186309154173906589877724987221367136699547986673256646048815
235,96493407697763496186309154173906589877724987221367136699547986673256647097391,-96493407697763496186309154173906589877724987221367136699547986673256646048815,1,192986815395526992372618308347813179755449974442734273399095973346513293146206,96493407697763496186309154173906589877724987221367136699547986673256646573103,-96493407697763496186309154173906589877724987221367136699547986673256646048815
236,96493407697763496186309154173906589877724987221367136699547986673256646573103,-96493407697763496186309154173906589877724987221367136699547986673256646048815,1,-192986815395526992372618308347813179755449974442734273399095973346513292621918,96493407697763496186309154173906589877724987221367136699547986673256646573103,-96493407697763496186309154173906589877724987221367136699547986673256646310959
237,96493407697763496186309154173906589877724987221367136699547986673256646573103,-96493407697763496186309154173906589877724987221367136699547986673256646310959,1,192986815395526992372618308347813179755449974442734273399095973346513292884062,96493407697763496186309154173906589877724987221367136699547986673256646442031,-96493407697763496186309154173906589877724987221367136699547986673256646310959
238,96493407697763496186309154173906589877724987221367136699547986673256646442031,-96493407697763496186309154173906589877724987221367136699547986673256646310959,1,-192986815395526992372618308347813179755449974442734273399095973346513292752990,96493407697763496186309154173906589877724987221367136699547986673256646442031,-96493407697763496186309154173906589877724987221367136699547986673256646376495
239,96493407697763496186309154173906589877724987221367136699547986673256646442031,-96493407697763496186309154173906589877724987221367136699547986673256646376495,1,192986815395526992372618308347813179755449974442734273399095973346513292818526,96493407697763496186309154173906589877724987221367136699547986673256646409263,-96493407697763496186309154173906589877724987221367136699547986673256646376495
240,96493407697763496186309154173906589877724987221367136699547986673256646409263,-96493407697763496186309154173906589877724987221367136699547986673256646376495,1,-192986815395526992372618308347813179755449974442734273399095973346513292785758,96493407697763496186309154173906589877724987221367136699547986673256646409263,-96493407697763496186309154173906589877724987221367136699547986673256646392879
241,96493407697763496186309154173906589877724987221367136699547986673256646409263,-96493407697763496186309154173906589877724987221367136699547986673256646392879,1,192986815395526992372618308347813179755449974442734273399095973346513292802142,96493407697763496186309154173906589877724987221367136699547986673256646401071,-96493407697763496186309154173906589877724987221367136699547986673256646392879
242,96493407697763496186309154173906589877724987221367136699547986673256646401071,-96493407697763496186309154173906589877724987221367136699547986673256646392879,1,-192986815395526992372618308347813179755449974442734273399095973346513292793950,96493407697763496186309154173906589877724987221367136699547986673256646401071,-96493407697763496186309154173906589877724987221367136699547986673256646396975
243,96493407697763496186309154173906589877724987221367136699547986673256646401071,-96493407697763496186309154173906589877724987221367136699547986673256646396975,1,192986815395526992372618308347813179755449974442734273399095973346513292798046,96493407697763496186309154173906589877724987221367136699547986673256646399023,-96493407697763496186309154173906589877724987221367136699547986673256646396975
244,96493407697763496186309154173906589877724987221367136699547986673256646399023,-96493407697763496186309154173906589877724987221367136699547986673256646396975,1,-192986815395526992372618308347813179755449974442734273399095973346513292795998,96493407697763496186309154173906589877724987221367136699547986673256646399023,-96493407697763496186309154173906589877724987221367136699547986673256646397999
245,96493407697763496186309154173906589877724987221367136699547986673256646399023,-96493407697763496186309154173906589877724987221367136699547986673256646397999,1,192986815395526992372618308347813179755449974442734273399095973346513292797022,96493407697763496186309154173906589877724987221367136699547986673256646398511,-96493407697763496186309154173906589877724987221367136699547986673256646397999
246,96493407697763496186309154173906589877724987221367136699547986673256646398511,-96493407697763496186309154173906589877724987221367136699547986673256646397999,1,-192986815395526992372618308347813179755449974442734273399095973346513292796510,96493407697763496186309154173906589877724987221367136699547986673256646398511,-96493407697763496186309154173906589877724987221367136699547986673256646398255
247,96493407697763496186309154173906589877724987221367136699547986673256646398511,-96493407697763496186309154173906589877724987221367136699547986673256646398255,1,192986815395526992372618308347813179755449974442734273399095973346513292796766,96493407697763496186309154173906589877724987221367136699547986673256646398383,-96493407697763496186309154173906589877724987221367136699547986673256646398255
248,96493407697763496186309154173906589877724987221367136699547986673256646398383,-96493407697763496186309154173906589877724987221367136699547986673256646398255,1,-192986815395526992372618308347813179755449974442734273399095973346513292796638,96493407697763496186309154173906589877724987221367136699547986673256646398383,-96493407697763496186309154173906589877724987221367136699547986673256646398319
249,96493407697763496186309154173906589877724987221367136699547986673256646398383,-96493407697763496186309154173906589877724987221367136699547986673256646398319,1,192986815395526992372618308347813179755449974442734273399095973346513292796702,96493407697763496186309154173906589877724987221367136699547986673256646398351,-96493407697763496186309154173906589877724987221367136699547986673256646398319
250,96493407697763496186309154173906589877724987221367136699547986673256646398351,-96493407697763496186309154173906589877724987221367136699547986673256646398319,1,-192986815395526992372618308347813179755449974442734273399095973346513292796670,96493407697763496186309154173906589877724987221367136699547986673256646398351,-96493407697763496186309154173906589877724987221367136699547986673256646398335
251,96493407697763496186309154173906589877724987221367136699547986673256646398351,-96493407697763496186309154173906589877724987221367136699547986673256646398335,1,192986815395526992372618308347813179755449974442734273399095973346513292796686,96493407697763496186309154173906589877724987221367136699547986673256646398343,-96493407697763496186309154173906589877724987221367136699547986673256646398335
252,96493407697763496186309154173906589877724987221367136699547986673256646398343,-96493407697763496186309154173906589877724987221367136699547986673256646398335,1,-192986815395526992372618308347813179755449974442734273399095973346513292796678,96493407697763496186309154173906589877724987221367136699547986673256646398343,-96493407697763496186309154173906589877724987221367136699547986673256646398339
253,96493407697763496186309154173906589877724987221367136699547986673256646398343,-96493407697763496186309154173906589877724987221367136699547986673256646398339,1,192986815395526992372618308347813179755449974442734273399095973346513292796682,96493407697763496186309154173906589877724987221367136699547986673256646398341,-96493407697763496186309154173906589877724987221367136699547986673256646398339
254,96493407697763496186309154173906589877724987221367136699547986673256646398341,-96493407697763496186309154173906589877724987221367136699547986673256646398339,0,2,96493407697763496186309154173906589877724987221367136699547986673256646398341,1
255,96493407697763496186309154173906589877724987221367136699547986673256646398341,1,0,96493407697763496186309154173906589877724987221367136699547986673256646398342,48246703848881748093154577086953294938862493610683568349773993336628323199171,1
256,48246703848881748093154577086953294938862493610683568349773993336628323199171,1,1,-48246703848881748093154577086953294938862493610683568349773993336628323199170,48246703848881748093154577086953294938862493610683568349773993336628323199171,-24123351924440874046577288543476647469431246805341784174886996668314161599585
257,48246703848881748093154577086953294938862493610683568349773993336628323199171,-24123351924440874046577288543476647469431246805341784174886996668314161599585,0,24123351924440874046577288543476647469431246805341784174886996668314161599586,12061675962220437023288644271738323734715623402670892087443498334157080799793,-24123351924440874046577288543476647469431246805341784174886996668314161599585
258,12061675962220437023288644271738323734715623402670892087443498334157080799793,-24123351924440874046577288543476647469431246805341784174886996668314161599585,1,-36185027886661311069865932815214971204146870208012676262330495002471242399378,12061675962220437023288644271738323734715623402670892087443498334157080799793,-18092513943330655534932966407607485602073435104006338131165247501235621199689
259,12061675962220437023288644271738323734715623402670892087443498334157080799793,-18092513943330655534932966407607485602073435104006338131165247501235621199689,1,30154189905551092558221610679345809336789058506677230218608745835392701999482,15077094952775546279110805339672904668394529253338615109304372917696350999741,-18092513943330655534932966407607485602073435104006338131165247501235621199689
260,15077094952775546279110805339672904668394529253338615109304372917696350999741,-18092513943330655534932966407607485602073435104006338131165247501235621199689,1,-33169608896106201814043771747280390270467964357344953240469620418931972199430,15077094952775546279110805339672904668394529253338615109304372917696350999741,-16584804448053100907021885873640195135233982178672476620234810209465986099715
261,15077094952775546279110805339672904668394529253338615109304372917696350999741,-16584804448053100907021885873640195135233982178672476620234810209465986099715,0,-1507709495277554627911080533967290466839452925333861510930437291769635099974,-753854747638777313955540266983645233419726462666930755465218645884817549987,-16584804448053100907021885873640195135233982178672476620234810209465986099715
262,-753854747638777313955540266983645233419726462666930755465218645884817549987,-16584804448053100907021885873640195135233982178672476620234810209465986099715,0,-17338659195691878220977426140623840368653708641339407375700028855350803649702,-753854747638777313955540266983645233419726462666930755465218645884817549987,-8669329597845939110488713070311920184326854320669703687850014427675401824851
263,-753854747638777313955540266983645233419726462666930755465218645884817549987,-8669329597845939110488713070311920184326854320669703687850014427675401824851,0,-9423184345484716424444253337295565417746580783336634443315233073560219374838,-4711592172742358212222126668647782708873290391668317221657616536780109687419,-8669329597845939110488713070311920184326854320669703687850014427675401824851
264,-4711592172742358212222126668647782708873290391668317221657616536780109687419,-8669329597845939110488713070311920184326854320669703687850014427675401824851,0,-13380921770588297322710839738959702893200144712338020909507630964455511512270,-4711592172742358212222126668647782708873290391668317221657616536780109687419,-6690460885294148661355419869479851446600072356169010454753815482227755756135
265,-4711592172742358212222126668647782708873290391668317221657616536780109687419,-6690460885294148661355419869479851446600072356169010454753815482227755756135,0,-11402053058036506873577546538127634155473362747837327676411432019007865443554,-5701026529018253436788773269063817077736681373918663838205716009503932721777,-6690460885294148661355419869479851446600072356169010454753815482227755756135
266,-5701026529018253436788773269063817077736681373918663838205716009503932721777,-6690460885294148661355419869479851446600072356169010454753815482227755756135,1,-989434356275895224566646600416034368863390982250346616548099472723823034358,-5701026529018253436788773269063817077736681373918663838205716009503932721777,-494717178137947612283323300208017184431695491125173308274049736361911517179
267,-5701026529018253436788773269063817077736681373918663838205716009503932721777,-494717178137947612283323300208017184431695491125173308274049736361911517179,1,-5206309350880305824505449968855799893304985882793490529931666273142021204598,-2603154675440152912252724984427899946652492941396745264965833136571010602299,-494717178137947612283323300208017184431695491125173308274049736361911517179
268,-2603154675440152912252724984427899946652492941396745264965833136571010602299,-494717178137947612283323300208017184431695491125173308274049736361911517179,0,-3097871853578100524536048284635917131084188432521918573239882872932922119478,-2603154675440152912252724984427899946652492941396745264965833136571010602299,-1548935926789050262268024142317958565542094216260959286619941436466461059739
269,-2603154675440152912252724984427899946652492941396745264965833136571010602299,-1548935926789050262268024142317958565542094216260959286619941436466461059739,0,-4152090602229203174520749126745858512194587157657704551585774573037471662038,-2076045301114601587260374563372929256097293578828852275792887286518735831019,-1548935926789050262268024142317958565542094216260959286619941436466461059739
270,-2076045301114601587260374563372929256097293578828852275792887286518735831019,-1548935926789050262268024142317958565542094216260959286619941436466461059739,0,-3624981227903651849528398705690887821639387795089811562412828722985196890758,-2076045301114601587260374563372929256097293578828852275792887286518735831019,-1812490613951825924764199352845443910819693897544905781206414361492598445379
271,-2076045301114601587260374563372929256097293578828852275792887286518735831019,-1812490613951825924764199352845443910819693897544905781206414361492598445379,0,-3888535915066427512024573916218373166916987476373758056999301648011334276398,-1944267957533213756012286958109186583458493738186879028499650824005667138199,-1812490613951825924764199352845443910819693897544905781206414361492598445379
272,-1944267957533213756012286958109186583458493738186879028499650824005667138199,-1812490613951825924764199352845443910819693897544905781206414361492598445379,0,-3756758571485039680776486310954630494278187635731784809706065185498265583578,-1944267957533213756012286958109186583458493738186879028499650824005667138199,-1878379285742519840388243155477315247139093817865892404853032592749132791789
273,-1944267957533213756012286958109186583458493738186879028499650824005667138199,-1878379285742519840388243155477315247139093817865892404853032592749132791789,1,-65888671790693915624043802631871336319399920320986623646618231256534346410,-32944335895346957812021901315935668159699960160493311823309115628267173205,-1878379285742519840388243155477315247139093817865892404853032592749132791789
274,-32944335895346957812021901315935668159699960160493311823309115628267173205,-1878379285742519840388243155477315247139093817865892404853032592749132791789,0,-1911323621637866798200265056793250915298793778026385716676341708377399964994,-32944335895346957812021901315935668159699960160493311823309115628267173205,-955661810818933399100132528396625457649396889013192858338170854188699982497
275,-32944335895346957812021901315935668159699960160493311823309115628267173205,-955661810818933399100132528396625457649396889013192858338170854188699982497,0,-988606146714280356912154429712561125809096849173686170161479969816967155702,-494303073357140178456077214856280562904548424586843085080739984908483577851,-955661810818933399100132528396625457649396889013192858338170854188699982497
276,-494303073357140178456077214856280562904548424586843085080739984908483577851,-955661810818933399100132528396625457649396889013192858338170854188699982497,1,-461358737461793220644055313540344894744848464426349773257430869280216404646,-494303073357140178456077214856280562904548424586843085080739984908483577851,-230679368730896610322027656770172447372424232213174886628715434640108202323
277,-494303073357140178456077214856280562904548424586843085080739984908483577851,-230679368730896610322027656770172447372424232213174886628715434640108202323,0,-724982442088036788778104871626453010276972656800017971709455419548591780174,-362491221044018394389052435813226505138486328400008985854727709774295890087,-230679368730896610322027656770172447372424232213174886628715434640108202323
278,-362491221044018394389052435813226505138486328400008985854727709774295890087,-230679368730896610322027656770172447372424232213174886628715434640108202323,0,-593170589774915004711080092583398952510910560613183872483443144414404092410,-362491221044018394389052435813226505138486328400008985854727709774295890087,-296585294887457502355540046291699476255455280306591936241721572207202046205
279,-362491221044018394389052435813226505138486328400008985854727709774295890087,-296585294887457502355540046291699476255455280306591936241721572207202046205,1,-65905926156560892033512389521527028883031048093417049613006137567093843882,-32952963078280446016756194760763514441515524046708524806503068783546921941,-296585294887457502355540046291699476255455280306591936241721572207202046205
280,-32952963078280446016756194760763514441515524046708524806503068783546921941,-296585294887457502355540046291699476255455280306591936241721572207202046205,0,-329538257965737948372296241052462990696970804353300461048224640990748968146,-32952963078280446016756194760763514441515524046708524806503068783546921941,-164769128982868974186148120526231495348485402176650230524112320495374484073
281,-32952963078280446016756194760763514441515524046708524806503068783546921941,-164769128982868974186148120526231495348485402176650230524112320495374484073,0,-197722092061149420202904315286995009790000926223358755330615389278921406014,-98861046030574710101452157643497504895000463111679377665307694639460703007,-164769128982868974186148120526231495348485402176650230524112320495374484073
282,-98861046030574710101452157643497504895000463111679377665307694639460703007,-164769128982868974186148120526231495348485402176650230524112320495374484073,1,-65908082952294264084695962882733990453484939064970852858804625855913781066,-98861046030574710101452157643497504895000463111679377665307694639460703007,-32954041476147132042347981441366995226742469532485426429402312927956890533
283,-98861046030574710101452157643497504895000463111679377665307694639460703007,-32954041476147132042347981441366995226742469532485426429402312927956890533,1,-65907004554427578059104176202130509668257993579193951235905381711503812474,-32953502277213789029552088101065254834128996789596975617952690855751906237,-32954041476147132042347981441366995226742469532485426429402312927956890533
284,-32953502277213789029552088101065254834128996789596975617952690855751906237,-32954041476147132042347981441366995226742469532485426429402312927956890533,0,-65907543753360921071900069542432250060871466322082402047355003783708796770,-32953502277213789029552088101065254834128996789596975617952690855751906237,-32953771876680460535950034771216125030435733161041201023677501891854398385
285,-32953502277213789029552088101065254834128996789596975617952690855751906237,-32953771876680460535950034771216125030435733161041201023677501891854398385,0,-65907274153894249565502122872281379864564729950638176641630192747606304622,-32953637076947124782751061436140689932282364975319088320815096373803152311,-32953771876680460535950034771216125030435733161041201023677501891854398385
286,-32953637076947124782751061436140689932282364975319088320815096373803152311,-32953771876680460535950034771216125030435733161041201023677501891854398385,1,-134799733335753198973335075435098153368185722112702862405518051246074,-32953637076947124782751061436140689932282364975319088320815096373803152311,-67399866667876599486667537717549076684092861056351431202759025623037
287,-32953637076947124782751061436140689932282364975319088320815096373803152311,-67399866667876599486667537717549076684092861056351431202759025623037,1,-32953569677080456906151574768602972383205680882458031969383893614777529274,-16476784838540228453075787384301486191602840441229015984691946807388764637,-67399866667876599486667537717549076684092861056351431202759025623037
288,-16476784838540228453075787384301486191602840441229015984691946807388764637,-67399866667876599486667537717549076684092861056351431202759025623037,0,-16476852238406896329675274051839203740679524534090072336123149566414387674,-16476784838540228453075787384301486191602840441229015984691946807388764637,-8238426119203448164837637025919601870339762267045036168061574783207193837
289,-16476784838540228453075787384301486191602840441229015984691946807388764637,-8238426119203448164837637025919601870339762267045036168061574783207193837,0,-24715210957743676617913424410221088061942602708274052152753521590595958474,-12357605478871838308956712205110544030971301354137026076376760795297979237,-8238426119203448164837637025919601870339762267045036168061574783207193837
290,-12357605478871838308956712205110544030971301354137026076376760795297979237,-8238426119203448164837637025919601870339762267045036168061574783207193837,0,-20596031598075286473794349231030145901311063621182062244438335578505173074,-12357605478871838308956712205110544030971301354137026076376760795297979237,-10298015799037643236897174615515072950655531810591031122219167789252586537
291,-12357605478871838308956712205110544030971301354137026076376760795297979237,-10298015799037643236897174615515072950655531810591031122219167789252586537,0,-22655621277909481545853886820625616981626833164728057198595928584550565774,-11327810638954740772926943410312808490813416582364028599297964292275282887,-10298015799037643236897174615515072950655531810591031122219167789252586537
292,-11327810638954740772926943410312808490813416582364028599297964292275282887,-10298015799037643236897174615515072950655531810591031122219167789252586537,1,1029794839917097536029768794797735540157884771772997477078796503022696350,-11327810638954740772926943410312808490813416582364028599297964292275282887,514897419958548768014884397398867770078942385886498738539398251511348175
293,-11327810638954740772926943410312808490813416582364028599297964292275282887,514897419958548768014884397398867770078942385886498738539398251511348175,1,-11842708058913289540941827807711676260892358968250527337837362543786631062,-5921354029456644770470913903855838130446179484125263668918681271893315531,514897419958548768014884397398867770078942385886498738539398251511348175
294,-5921354029456644770470913903855838130446179484125263668918681271893315531,514897419958548768014884397398867770078942385886498738539398251511348175,1,6436251449415193538485798301254705900525121870011762407458079523404663706,-5921354029456644770470913903855838130446179484125263668918681271893315531,3218125724707596769242899150627352950262560935005881203729039761702331853
295,-5921354029456644770470913903855838130446179484125263668918681271893315531,3218125724707596769242899150627352950262560935005881203729039761702331853,0,-2703228304749048001228014753228485180183618549119382465189641510190983678,-1351614152374524000614007376614242590091809274559691232594820755095491839,3218125724707596769242899150627352950262560935005881203729039761702331853
296,-1351614152374524000614007376614242590091809274559691232594820755095491839,3218125724707596769242899150627352950262560935005881203729039761702331853,0,1866511572333072768628891774013110360170751660446189971134219006606840014,-1351614152374524000614007376614242590091809274559691232594820755095491839,933255786166536384314445887006555180085375830223094985567109503303420007
297,-1351614152374524000614007376614242590091809274559691232594820755095491839,933255786166536384314445887006555180085375830223094985567109503303420007,1,-2284869938541060384928453263620797770177185104782786218161930258398911846,-1142434969270530192464226631810398885088592552391393109080965129199455923,933255786166536384314445887006555180085375830223094985567109503303420007
298,-1142434969270530192464226631810398885088592552391393109080965129199455923,933255786166536384314445887006555180085375830223094985567109503303420007,1,2075690755437066576778672518816954065173968382614488094648074632502875930,-1142434969270530192464226631810398885088592552391393109080965129199455923,1037845377718533288389336259408477032586984191307244047324037316251437965
299,-1142434969270530192464226631810398885088592552391393109080965129199455923,1037845377718533288389336259408477032586984191307244047324037316251437965,0,-104589591551996904074890372401921852501608361084149061756927812948017958,-52294795775998452037445186200960926250804180542074530878463906474008979,1037845377718533288389336259408477032586984191307244047324037316251437965
300,-52294795775998452037445186200960926250804180542074530878463906474008979,1037845377718533288389336259408477032586984191307244047324037316251437965,0,985550581942534836351891073207516106336180010765169516445573409777428986,-52294795775998452037445186200960926250804180542074530878463906474008979,492775290971267418175945536603758053168090005382584758222786704888714493
301,-52294795775998452037445186200960926250804180542074530878463906474008979,492775290971267418175945536603758053168090005382584758222786704888714493,0,440480495195268966138500350402797126917285824840510227344322798414705514,220240247597634483069250175201398563458642912420255113672161399207352757,492775290971267418175945536603758053168090005382584758222786704888714493
302,220240247597634483069250175201398563458642912420255113672161399207352757,492775290971267418175945536603758053168090005382584758222786704888714493,0,713015538568901901245195711805156616626732917802839871894948104096067250,220240247597634483069250175201398563458642912420255113672161399207352757,356507769284450950622597855902578308313366458901419935947474052048033625
303,220240247597634483069250175201398563458642912420255113672161399207352757,356507769284450950622597855902578308313366458901419935947474052048033625,0,576748016882085433691848031103976871772009371321675049619635451255386382,288374008441042716845924015551988435886004685660837524809817725627693191,356507769284450950622597855902578308313366458901419935947474052048033625
304,288374008441042716845924015551988435886004685660837524809817725627693191,356507769284450950622597855902578308313366458901419935947474052048033625,1,68133760843408233776673840350589872427361773240582411137656326420340434,288374008441042716845924015551988435886004685660837524809817725627693191,34066880421704116888336920175294936213680886620291205568828163210170217
305,288374008441042716845924015551988435886004685660837524809817725627693191,34066880421704116888336920175294936213680886620291205568828163210170217,1,254307128019338599957587095376693499672323799040546319240989562417522974,127153564009669299978793547688346749836161899520273159620494781208761487,34066880421704116888336920175294936213680886620291205568828163210170217
306,127153564009669299978793547688346749836161899520273159620494781208761487,34066880421704116888336920175294936213680886620291205568828163210170217,1,-93086683587965183090456627513051813622481012899981954051666617998591270,127153564009669299978793547688346749836161899520273159620494781208761487,-46543341793982591545228313756525906811240506449990977025833308999295635
307,127153564009669299978793547688346749836161899520273159620494781208761487,-46543341793982591545228313756525906811240506449990977025833308999295635,1,173696905803651891524021861444872656647402405970264136646328090208057122,86848452901825945762010930722436328323701202985132068323164045104028561,-46543341793982591545228313756525906811240506449990977025833308999295635
308,86848452901825945762010930722436328323701202985132068323164045104028561,-46543341793982591545228313756525906811240506449990977025833308999295635,0,40305111107843354216782616965910421512460696535141091297330736104732926,86848452901825945762010930722436328323701202985132068323164045104028561,20152555553921677108391308482955210756230348267570545648665368052366463
309,86848452901825945762010930722436328323701202985132068323164045104028561,20152555553921677108391308482955210756230348267570545648665368052366463,1,66695897347904268653619622239481117567470854717561522674498677051662098,33347948673952134326809811119740558783735427358780761337249338525831049,20152555553921677108391308482955210756230348267570545648665368052366463
310,33347948673952134326809811119740558783735427358780761337249338525831049,20152555553921677108391308482955210756230348267570545648665368052366463,1,-13195393120030457218418502636785348027505079091210215688583970473464586,33347948673952134326809811119740558783735427358780761337249338525831049,-6597696560015228609209251318392674013752539545605107844291985236732293
311,33347948673952134326809811119740558783735427358780761337249338525831049,-6597696560015228609209251318392674013752539545605107844291985236732293,1,39945645233967362936019062438133232797487966904385869181541323762563342,19972822616983681468009531219066616398743983452192934590770661881281671,-6597696560015228609209251318392674013752539545605107844291985236732293
312,19972822616983681468009531219066616398743983452192934590770661881281671,-6597696560015228609209251318392674013752539545605107844291985236732293,0,13375126056968452858800279900673942384991443906587826746478676644549378,19972822616983681468009531219066616398743983452192934590770661881281671,6687563028484226429400139950336971192495721953293913373239338322274689
313,19972822616983681468009531219066616398743983452192934590770661881281671,6687563028484226429400139950336971192495721953293913373239338322274689,1,13285259588499455038609391268729645206248261498899021217531323559006982,6642629794249727519304695634364822603124130749449510608765661779503491,6687563028484226429400139950336971192495721953293913373239338322274689
314,6642629794249727519304695634364822603124130749449510608765661779503491,6687563028484226429400139950336971192495721953293913373239338322274689,1,44933234234498910095444315972148589371591203844402764473676542771198,6642629794249727519304695634364822603124130749449510608765661779503491,22466617117249455047722157986074294685795601922201382236838271385599
315,6642629794249727519304695634364822603124130749449510608765661779503491,22466617117249455047722157986074294685795601922201382236838271385599,0,6665096411366976974352417792350896897809926351371711991002500050889090,3332548205683488487176208896175448448904963175685855995501250025444545,22466617117249455047722157986074294685795601922201382236838271385599
316,3332548205683488487176208896175448448904963175685855995501250025444545,22466617117249455047722157986074294685795601922201382236838271385599,1,-3310081588566239032128486738189374154219167573763654613264411754058946,3332548205683488487176208896175448448904963175685855995501250025444545,-1655040794283119516064243369094687077109583786881827306632205877029473
317,3332548205683488487176208896175448448904963175685855995501250025444545,-1655040794283119516064243369094687077109583786881827306632205877029473,1,4987588999966608003240452265270135526014546962567683302133455902474018,2493794499983304001620226132635067763007273481283841651066727951237009,-1655040794283119516064243369094687077109583786881827306632205877029473
318,2493794499983304001620226132635067763007273481283841651066727951237009,-1655040794283119516064243369094687077109583786881827306632205877029473,1,-4148835294266423517684469501729754840116857268165668957698933828266482,2493794499983304001620226132635067763007273481283841651066727951237009,-2074417647133211758842234750864877420058428634082834478849466914133241
319,2493794499983304001620226132635067763007273481283841651066727951237009,-2074417647133211758842234750864877420058428634082834478849466914133241,1,4568212147116515760462460883499945183065702115366676129916194865370250,2284106073558257880231230441749972591532851057683338064958097432685125,-2074417647133211758842234750864877420058428634082834478849466914133241
320,2284106073558257880231230441749972591532851057683338064958097432685125,-2074417647133211758842234750864877420058428634082834478849466914133241,1,-4358523720691469639073465192614850011591279691766172543807564346818366,2284106073558257880231230441749972591532851057683338064958097432685125,-2179261860345734819536732596307425005795639845883086271903782173409183
321,2284106073558257880231230441749972591532851057683338064958097432685125,-2179261860345734819536732596307425005795639845883086271903782173409183,0,104844213212523060694497845442547585737211211800251793054315259275942,52422106606261530347248922721273792868605605900125896527157629637971,-2179261860345734819536732596307425005795639845883086271903782173409183
322,52422106606261530347248922721273792868605605900125896527157629637971,-2179261860345734819536732596307425005795639845883086271903782173409183,1,-2231683966951996349883981519028698798664245451783212168430939803047154,52422106606261530347248922721273792868605605900125896527157629637971,-1115841983475998174941990759514349399332122725891606084215469901523577
323,52422106606261530347248922721273792868605605900125896527157629637971,-1115841983475998174941990759514349399332122725891606084215469901523577,0,-1063419876869736644594741836793075606463517119991480187688312271885606,-531709938434868322297370918396537803231758559995740093844156135942803,-1115841983475998174941990759514349399332122725891606084215469901523577
324,-531709938434868322297370918396537803231758559995740093844156135942803,-1115841983475998174941990759514349399332122725891606084215469901523577,1,-584132045041129852644619841117811596100364165895865990371313765580774,-531709938434868322297370918396537803231758559995740093844156135942803,-292066022520564926322309920558905798050182082947932995185656882790387
325,-531709938434868322297370918396537803231758559995740093844156135942803,-292066022520564926322309920558905798050182082947932995185656882790387,0,-823775960955433248619680838955443601281940642943673089029813018733190,-411887980477716624309840419477721800640970321471836544514906509366595,-292066022520564926322309920558905798050182082947932995185656882790387
326,-411887980477716624309840419477721800640970321471836544514906509366595,-292066022520564926322309920558905798050182082947932995185656882790387,0,-703954002998281550632150340036627598691152404419769539700563392156982,-411887980477716624309840419477721800640970321471836544514906509366595,-351977001499140775316075170018313799345576202209884769850281696078491
327,-411887980477716624309840419477721800640970321471836544514906509366595,-351977001499140775316075170018313799345576202209884769850281696078491,0,-763864981976857399625915589496035599986546523681721314365188205445086,-381932490988428699812957794748017799993273261840860657182594102722543,-351977001499140775316075170018313799345576202209884769850281696078491
328,-381932490988428699812957794748017799993273261840860657182594102722543,-351977001499140775316075170018313799345576202209884769850281696078491,0,-733909492487569475129032964766331599338849464050745427032875798801034,-381932490988428699812957794748017799993273261840860657182594102722543,-366954746243784737564516482383165799669424732025372713516437899400517
329,-381932490988428699812957794748017799993273261840860657182594102722543,-366954746243784737564516482383165799669424732025372713516437899400517,1,-14977744744643962248441312364852000323848529815487943666156203322026,-7488872372321981124220656182426000161924264907743971833078101661013,-366954746243784737564516482383165799669424732025372713516437899400517
330,-7488872372321981124220656182426000161924264907743971833078101661013,-366954746243784737564516482383165799669424732025372713516437899400517,0,-374443618616106718688737138565591799831348996933116685349516001061530,-7488872372321981124220656182426000161924264907743971833078101661013,-187221809308053359344368569282795899915674498466558342674758000530765
331,-7488872372321981124220656182426000161924264907743971833078101661013,-187221809308053359344368569282795899915674498466558342674758000530765,0,-194710681680375340468589225465221900077598763374302314507836102191778,-97355340840187670234294612732610950038799381687151157253918051095889,-187221809308053359344368569282795899915674498466558342674758000530765
332,-97355340840187670234294612732610950038799381687151157253918051095889,-187221809308053359344368569282795899915674498466558342674758000530765,0,-284577150148241029578663182015406849954473880153709499928676051626654,-97355340840187670234294612732610950038799381687151157253918051095889,-142288575074120514789331591007703424977236940076854749964338025813327
333,-97355340840187670234294612732610950038799381687151157253918051095889,-142288575074120514789331591007703424977236940076854749964338025813327,1,44933234233932844555036978275092474938437558389703592710419974717438,22466617116966422277518489137546237469218779194851796355209987358719,-142288575074120514789331591007703424977236940076854749964338025813327
334,22466617116966422277518489137546237469218779194851796355209987358719,-142288575074120514789331591007703424977236940076854749964338025813327,1,-164755192191086937066850080145249662446455719271706546319548013172046,22466617116966422277518489137546237469218779194851796355209987358719,-82377596095543468533425040072624831223227859635853273159774006586023
335,22466617116966422277518489137546237469218779194851796355209987358719,-82377596095543468533425040072624831223227859635853273159774006586023,1,104844213212509890810943529210171068692446638830705069514983993944742,52422106606254945405471764605085534346223319415352534757491996972371,-82377596095543468533425040072624831223227859635853273159774006586023
336,52422106606254945405471764605085534346223319415352534757491996972371,-82377596095543468533425040072624831223227859635853273159774006586023,1,-134799702701798413938896804677710365569451179051205807917266003558394,52422106606254945405471764605085534346223319415352534757491996972371,-67399851350899206969448402338855182784725589525602903958633001779197
337,52422106606254945405471764605085534346223319415352534757491996972371,-67399851350899206969448402338855182784725589525602903958633001779197,0,-14977744744644261563976637733769648438502270110250369201141004806826,-7488872372322130781988318866884824219251135055125184600570502403413,-67399851350899206969448402338855182784725589525602903958633001779197
338,-7488872372322130781988318866884824219251135055125184600570502403413,-67399851350899206969448402338855182784725589525602903958633001779197,0,-74888723723221337751436721205740007003976724580728088559203504182610,-7488872372322130781988318866884824219251135055125184600570502403413,-37444361861610668875718360602870003501988362290364044279601752091305
339,-7488872372322130781988318866884824219251135055125184600570502403413,-37444361861610668875718360602870003501988362290364044279601752091305,0,-44933234233932799657706679469754827721239497345489228880172254494718,-22466617116966399828853339734877413860619748672744614440086127247359,-37444361861610668875718360602870003501988362290364044279601752091305
340,-22466617116966399828853339734877413860619748672744614440086127247359,-37444361861610668875718360602870003501988362290364044279601752091305,1,-14977744744644269046865020867992589641368613617619429839515624843946,-22466617116966399828853339734877413860619748672744614440086127247359,-7488872372322134523432510433996294820684306808809714919757812421973
341,-22466617116966399828853339734877413860619748672744614440086127247359,-7488872372322134523432510433996294820684306808809714919757812421973,1,-14977744744644265305420829300881119039935441863934899520328314825386,-7488872372322132652710414650440559519967720931967449760164157412693,-7488872372322134523432510433996294820684306808809714919757812421973
342,-7488872372322132652710414650440559519967720931967449760164157412693,-7488872372322134523432510433996294820684306808809714919757812421973,0,-14977744744644267176142925084436854340652027740777164679921969834666,-7488872372322132652710414650440559519967720931967449760164157412693,-7488872372322133588071462542218427170326013870388582339960984917333
343,-7488872372322132652710414650440559519967720931967449760164157412693,-7488872372322133588071462542218427170326013870388582339960984917333,0,-14977744744644266240781877192658986690293734802356032100125142330026,-7488872372322133120390938596329493345146867401178016050062571165013,-7488872372322133588071462542218427170326013870388582339960984917333
344,-7488872372322133120390938596329493345146867401178016050062571165013,-7488872372322133588071462542218427170326013870388582339960984917333,0,-14977744744644266708462401138547920515472881271566598390023556082346,-7488872372322133120390938596329493345146867401178016050062571165013,-7488872372322133354231200569273960257736440635783299195011778041173
345,-7488872372322133120390938596329493345146867401178016050062571165013,-7488872372322133354231200569273960257736440635783299195011778041173,0,-14977744744644266474622139165603453602883308036961315245074349206186,-7488872372322133237311069582801726801441654018480657622537174603093,-7488872372322133354231200569273960257736440635783299195011778041173
346,-7488872372322133237311069582801726801441654018480657622537174603093,-7488872372322133354231200569273960257736440635783299195011778041173,0,-14977744744644266591542270152075687059178094654263956817548952644266,-7488872372322133237311069582801726801441654018480657622537174603093,-7488872372322133295771135076037843529589047327131978408774476322133
347,-7488872372322133237311069582801726801441654018480657622537174603093,-7488872372322133295771135076037843529589047327131978408774476322133,0,-14977744744644266533082204658839570331030701345612636031311650925226,-7488872372322133266541102329419785165515350672806318015655825462613,-7488872372322133295771135076037843529589047327131978408774476322133
348,-7488872372322133266541102329419785165515350672806318015655825462613,-7488872372322133295771135076037843529589047327131978408774476322133,0,-14977744744644266562312237405457628695104397999938296424430301784746,-7488872372322133266541102329419785165515350672806318015655825462613,-7488872372322133281156118702728814347552198999969148212215150892373
349,-7488872372322133266541102329419785165515350672806318015655825462613,-7488872372322133281156118702728814347552198999969148212215150892373,0,-14977744744644266547697221032148599513067549672775466227870976354986,-7488872372322133273848610516074299756533774836387733113935488177493,-7488872372322133281156118702728814347552198999969148212215150892373
350,-7488872372322133273848610516074299756533774836387733113935488177493,-7488872372322133281156118702728814347552198999969148212215150892373,0,-14977744744644266555004729218803114104085973836356881326150639069866,-7488872372322133273848610516074299756533774836387733113935488177493,-7488872372322133277502364609401557052042986918178440663075319534933
351,-7488872372322133273848610516074299756533774836387733113935488177493,-7488872372322133277502364609401557052042986918178440663075319534933,0,-14977744744644266551350975125475856808576761754566173777010807712426,-7488872372322133275675487562737928404288380877283086888505403856213,-7488872372322133277502364609401557052042986918178440663075319534933
352,-7488872372322133275675487562737928404288380877283086888505403856213,-7488872372322133277502364609401557052042986918178440663075319534933,0,-14977744744644266553177852172139485456331367795461527551580723391146,-7488872372322133275675487562737928404288380877283086888505403856213,-7488872372322133276588926086069742728165683897730763775790361695573
353,-7488872372322133275675487562737928404288380877283086888505403856213,-7488872372322133276588926086069742728165683897730763775790361695573,0,-14977744744644266552264413648807671132454064775013850664295765551786,-7488872372322133276132206824403835566227032387506925332147882775893,-7488872372322133276588926086069742728165683897730763775790361695573
354,-7488872372322133276132206824403835566227032387506925332147882775893,-7488872372322133276588926086069742728165683897730763775790361695573,0,-14977744744644266552721132910473578294392716285237689107938244471466,-7488872372322133276132206824403835566227032387506925332147882775893,-7488872372322133276360566455236789147196358142618844553969122235733
355,-7488872372322133276132206824403835566227032387506925332147882775893,-7488872372322133276360566455236789147196358142618844553969122235733,0,-14977744744644266552492773279640624713423390530125769886117005011626,-7488872372322133276246386639820312356711695265062884943058502505813,-7488872372322133276360566455236789147196358142618844553969122235733
356,-7488872372322133276246386639820312356711695265062884943058502505813,-7488872372322133276360566455236789147196358142618844553969122235733,0,-14977744744644266552606953095057101503908053407681729497027624741546,-7488872372322133276246386639820312356711695265062884943058502505813,-7488872372322133276303476547528550751954026703840864748513812370773
357,-7488872372322133276246386639820312356711695265062884943058502505813,-7488872372322133276303476547528550751954026703840864748513812370773,0,-14977744744644266552549863187348863108665721968903749691572314876586,-7488872372322133276274931593674431554332860984451874845786157438293,-7488872372322133276303476547528550751954026703840864748513812370773
358,-7488872372322133276274931593674431554332860984451874845786157438293,-7488872372322133276303476547528550751954026703840864748513812370773,0,-14977744744644266552578408141202982306286887688292739594299969809066,-7488872372322133276274931593674431554332860984451874845786157438293,-7488872372322133276289204070601491153143443844146369797149984904533
359,-7488872372322133276274931593674431554332860984451874845786157438293,-7488872372322133276289204070601491153143443844146369797149984904533,0,-14977744744644266552564135664275922707476304828598244642936142342826,-7488872372322133276282067832137961353738152414299122321468071171413,-7488872372322133276289204070601491153143443844146369797149984904533
360,-7488872372322133276282067832137961353738152414299122321468071171413,-7488872372322133276289204070601491153143443844146369797149984904533,0,-14977744744644266552571271902739452506881596258445492118618056075946,-7488872372322133276282067832137961353738152414299122321468071171413,-7488872372322133276285635951369726253440798129222746059309028037973
361,-7488872372322133276282067832137961353738152414299122321468071171413,-7488872372322133276285635951369726253440798129222746059309028037973,0,-14977744744644266552567703783507687607178950543521868380777099209386,-7488872372322133276283851891753843803589475271760934190388549604693,-7488872372322133276285635951369726253440798129222746059309028037973
362,-7488872372322133276283851891753843803589475271760934190388549604693,-7488872372322133276285635951369726253440798129222746059309028037973,0,-14977744744644266552569487843123570057030273400983680249697577642666,-7488872372322133276283851891753843803589475271760934190388549604693,-7488872372322133276284743921561785028515136700491840124848788821333
363,-7488872372322133276283851891753843803589475271760934190388549604693,-7488872372322133276284743921561785028515136700491840124848788821333,0,-14977744744644266552568595813315628832104611972252774315237338426026,-7488872372322133276284297906657814416052305986126387157618669213013,-7488872372322133276284743921561785028515136700491840124848788821333
364,-7488872372322133276284297906657814416052305986126387157618669213013,-7488872372322133276284743921561785028515136700491840124848788821333,0,-14977744744644266552569041828219599444567442686618227282467458034346,-7488872372322133276284297906657814416052305986126387157618669213013,-7488872372322133276284520914109799722283721343309113641233729017173
365,-7488872372322133276284297906657814416052305986126387157618669213013,-7488872372322133276284520914109799722283721343309113641233729017173,0,-14977744744644266552568818820767614138336027329435500798852398230186,-7488872372322133276284409410383807069168013664717750399426199115093,-7488872372322133276284520914109799722283721343309113641233729017173
366,-7488872372322133276284409410383807069168013664717750399426199115093,-7488872372322133276284520914109799722283721343309113641233729017173,0,-14977744744644266552568930324493606791451735008026864040659928132266,-7488872372322133276284409410383807069168013664717750399426199115093,-7488872372322133276284465162246803395725867504013432020329964066133
367,-7488872372322133276284409410383807069168013664717750399426199115093,-7488872372322133276284465162246803395725867504013432020329964066133,0,-14977744744644266552568874572630610464893881168731182419756163181226,-7488872372322133276284437286315305232446940584365591209878081590613,-7488872372322133276284465162246803395725867504013432020329964066133
368,-7488872372322133276284437286315305232446940584365591209878081590613,-7488872372322133276284465162246803395725867504013432020329964066133,0,-14977744744644266552568902448562108628172808088379023230208045656746,-7488872372322133276284437286315305232446940584365591209878081590613,-7488872372322133276284451224281054314086404044189511615104022828373
369,-7488872372322133276284437286315305232446940584365591209878081590613,-7488872372322133276284451224281054314086404044189511615104022828373,0,-14977744744644266552568888510596359546533344628555102824982104418986,-7488872372322133276284444255298179773266672314277551412491052209493,-7488872372322133276284451224281054314086404044189511615104022828373
370,-7488872372322133276284444255298179773266672314277551412491052209493,-7488872372322133276284451224281054314086404044189511615104022828373,0,-14977744744644266552568895479579234087353076358467063027595075037866,-7488872372322133276284444255298179773266672314277551412491052209493,-7488872372322133276284447739789617043676538179233531513797537518933
371,-7488872372322133276284444255298179773266672314277551412491052209493,-7488872372322133276284447739789617043676538179233531513797537518933,0,-14977744744644266552568891995087796816943210493511082926288589728426,-7488872372322133276284445997543898408471605246755541463144294864213,-7488872372322133276284447739789617043676538179233531513797537518933
372,-7488872372322133276284445997543898408471605246755541463144294864213,-7488872372322133276284447739789617043676538179233531513797537518933,0,-14977744744644266552568893737333515452148143425989072976941832383146,-7488872372322133276284445997543898408471605246755541463144294864213,-7488872372322133276284446868666757726074071712994536488470916191573
373,-7488872372322133276284445997543898408471605246755541463144294864213,-7488872372322133276284446868666757726074071712994536488470916191573,0,-14977744744644266552568892866210656134545676959750077951615211055786,-7488872372322133276284446433105328067272838479875038975807605527893,-7488872372322133276284446868666757726074071712994536488470916191573
374,-7488872372322133276284446433105328067272838479875038975807605527893,-7488872372322133276284446868666757726074071712994536488470916191573,0,-14977744744644266552568893301772085793346910192869575464278521719466,-7488872372322133276284446433105328067272838479875038975807605527893,-7488872372322133276284446650886042896673455096434787732139260859733
375,-7488872372322133276284446433105328067272838479875038975807605527893,-7488872372322133276284446650886042896673455096434787732139260859733,0,-14977744744644266552568893083991370963946293576309826707946866387626,-7488872372322133276284446541995685481973146788154913353973433193813,-7488872372322133276284446650886042896673455096434787732139260859733
376,-7488872372322133276284446541995685481973146788154913353973433193813,-7488872372322133276284446650886042896673455096434787732139260859733,0,-14977744744644266552568893192881728378646601884589701086112694053546,-7488872372322133276284446541995685481973146788154913353973433193813,-7488872372322133276284446596440864189323300942294850543056347026773
377,-7488872372322133276284446541995685481973146788154913353973433193813,-7488872372322133276284446596440864189323300942294850543056347026773,0,-14977744744644266552568893138436549671296447730449763897029780220586,-7488872372322133276284446569218274835648223865224881948514890110293,-7488872372322133276284446596440864189323300942294850543056347026773
378,-7488872372322133276284446569218274835648223865224881948514890110293,-7488872372322133276284446596440864189323300942294850543056347026773,0,-14977744744644266552568893165659139024971524807519732491571237137066,-7488872372322133276284446569218274835648223865224881948514890110293,-7488872372322133276284446582829569512485762403759866245785618568533
379,-7488872372322133276284446569218274835648223865224881948514890110293,-7488872372322133276284446582829569512485762403759866245785618568533,0,-14977744744644266552568893152047844348133986268984748194300508678826,-7488872372322133276284446576023922174066993134492374097150254339413,-7488872372322133276284446582829569512485762403759866245785618568533
380,-7488872372322133276284446576023922174066993134492374097150254339413,-7488872372322133276284446582829569512485762403759866245785618568533,0,-14977744744644266552568893158853491686552755538252240342935872907946,-7488872372322133276284446576023922174066993134492374097150254339413,-7488872372322133276284446579426745843276377769126120171467936453973
381,-7488872372322133276284446576023922174066993134492374097150254339413,-7488872372322133276284446579426745843276377769126120171467936453973,0,-14977744744644266552568893155450668017343370903618494268618190793386,-7488872372322133276284446577725334008671685451809247134309095396693,-7488872372322133276284446579426745843276377769126120171467936453973
382,-7488872372322133276284446577725334008671685451809247134309095396693,-7488872372322133276284446579426745843276377769126120171467936453973,0,-14977744744644266552568893157152079851948063220935367305777031850666,-7488872372322133276284446577725334008671685451809247134309095396693,-7488872372322133276284446578576039925974031610467683652888515925333
383,-7488872372322133276284446577725334008671685451809247134309095396693,-7488872372322133276284446578576039925974031610467683652888515925333,0,-14977744744644266552568893156301373934645717062276930787197611322026,-7488872372322133276284446578150686967322858531138465393598805661013,-7488872372322133276284446578576039925974031610467683652888515925333
384,-7488872372322133276284446578150686967322858531138465393598805661013,-7488872372322133276284446578576039925974031610467683652888515925333,0,-14977744744644266552568893156726726893296890141606149046487321586346,-7488872372322133276284446578150686967322858531138465393598805661013,-7488872372322133276284446578363363446648445070803074523243660793173
385,-7488872372322133276284446578150686967322858531138465393598805661013,-7488872372322133276284446578363363446648445070803074523243660793173,0,-14977744744644266552568893156514050413971303601941539916842466454186,-7488872372322133276284446578257025206985651800970769958421233227093,-7488872372322133276284446578363363446648445070803074523243660793173
386,-7488872372322133276284446578257025206985651800970769958421233227093,-7488872372322133276284446578363363446648445070803074523243660793173,0,-14977744744644266552568893156620388653634096871773844481664894020266,-7488872372322133276284446578257025206985651800970769958421233227093,-7488872372322133276284446578310194326817048435886922240832447010133
387,-7488872372322133276284446578257025206985651800970769958421233227093,-7488872372322133276284446578310194326817048435886922240832447010133,0,-14977744744644266552568893156567219533802700236857692199253680237226,-7488872372322133276284446578283609766901350118428846099626840118613,-7488872372322133276284446578310194326817048435886922240832447010133
388,-7488872372322133276284446578283609766901350118428846099626840118613,-7488872372322133276284446578310194326817048435886922240832447010133,0,-14977744744644266552568893156593804093718398554315768340459287128746,-7488872372322133276284446578283609766901350118428846099626840118613,-7488872372322133276284446578296902046859199277157884170229643564373
389,-7488872372322133276284446578283609766901350118428846099626840118613,-7488872372322133276284446578296902046859199277157884170229643564373,0,-14977744744644266552568893156580511813760549395586730269856483682986,-7488872372322133276284446578290255906880274697793365134928241841493,-7488872372322133276284446578296902046859199277157884170229643564373
390,-7488872372322133276284446578290255906880274697793365134928241841493,-7488872372322133276284446578296902046859199277157884170229643564373,0,-14977744744644266552568893156587157953739473974951249305157885405866,-7488872372322133276284446578290255906880274697793365134928241841493,-7488872372322133276284446578293578976869736987475624652578942702933
391,-7488872372322133276284446578290255906880274697793365134928241841493,-7488872372322133276284446578293578976869736987475624652578942702933,0,-14977744744644266552568893156583834883750011685268989787507184544426,-7488872372322133276284446578291917441875005842634494893753592272213,-7488872372322133276284446578293578976869736987475624652578942702933
392,-7488872372322133276284446578291917441875005842634494893753592272213,-7488872372322133276284446578293578976869736987475624652578942702933,0,-14977744744644266552568893156585496418744742830110119546332534975146,-7488872372322133276284446578291917441875005842634494893753592272213,-7488872372322133276284446578292748209372371415055059773166267487573
393,-7488872372322133276284446578291917441875005842634494893753592272213,-7488872372322133276284446578292748209372371415055059773166267487573,0,-14977744744644266552568893156584665651247377257689554666919859759786,-7488872372322133276284446578292332825623688628844777333459929879893,-7488872372322133276284446578292748209372371415055059773166267487573
394,-7488872372322133276284446578292332825623688628844777333459929879893,-7488872372322133276284446578292748209372371415055059773166267487573,0,-14977744744644266552568893156585081034996060043899837106626197367466,-7488872372322133276284446578292332825623688628844777333459929879893,-7488872372322133276284446578292540517498030021949918553313098683733
395,-7488872372322133276284446578292332825623688628844777333459929879893,-7488872372322133276284446578292540517498030021949918553313098683733,0,-14977744744644266552568893156584873343121718650794695886773028563626,-7488872372322133276284446578292436671560859325397347943386514281813,-7488872372322133276284446578292540517498030021949918553313098683733
396,-7488872372322133276284446578292436671560859325397347943386514281813,-7488872372322133276284446578292540517498030021949918553313098683733,0,-14977744744644266552568893156584977189058889347347266496699612965546,-7488872372322133276284446578292436671560859325397347943386514281813,-7488872372322133276284446578292488594529444673673633248349806482773
397,-7488872372322133276284446578292436671560859325397347943386514281813,-7488872372322133276284446578292488594529444673673633248349806482773,0,-14977744744644266552568893156584925266090303999070981191736320764586,-7488872372322133276284446578292462633045151999535490595868160382293,-7488872372322133276284446578292488594529444673673633248349806482773
398,-7488872372322133276284446578292462633045151999535490595868160382293,-7488872372322133276284446578292488594529444673673633248349806482773,0,-14977744744644266552568893156584951227574596673209123844217966865066,-7488872372322133276284446578292462633045151999535490595868160382293,-7488872372322133276284446578292475613787298336604561922108983432533
399,-7488872372322133276284446578292462633045151999535490595868160382293,-7488872372322133276284446578292475613787298336604561922108983432533,0,-14977744744644266552568893156584938246832450336140052517977143814826,-7488872372322133276284446578292469123416225168070026258988571907413,-7488872372322133276284446578292475613787298336604561922108983432533
400,-7488872372322133276284446578292469123416225168070026258988571907413,-7488872372322133276284446578292475613787298336604561922108983432533,0,-14977744744644266552568893156584944737203523504674588181097555339946,-7488872372322133276284446578292469123416225168070026258988571907413,-7488872372322133276284446578292472368601761752337294090548777669973
401,-7488872372322133276284446578292469123416225168070026258988571907413,-7488872372322133276284446578292472368601761752337294090548777669973,0,-14977744744644266552568893156584941492017986920407320349537349577386,-7488872372322133276284446578292470746008993460203660174768674788693,-7488872372322133276284446578292472368601761752337294090548777669973
402,-7488872372322133276284446578292470746008993460203660174768674788693,-7488872372322133276284446578292472368601761752337294090548777669973,0,-14977744744644266552568893156584943114610755212540954265317452458666,-7488872372322133276284446578292470746008993460203660174768674788693,-7488872372322133276284446578292471557305377606270477132658726229333
403,-7488872372322133276284446578292470746008993460203660174768674788693,-7488872372322133276284446578292471557305377606270477132658726229333,0,-14977744744644266552568893156584942303314371066474137307427401018026,-7488872372322133276284446578292471151657185533237068653713700509013,-7488872372322133276284446578292471557305377606270477132658726229333
404,-7488872372322133276284446578292471151657185533237068653713700509013,-7488872372322133276284446578292471557305377606270477132658726229333,0,-14977744744644266552568893156584942708962563139507545786372426738346,-7488872372322133276284446578292471151657185533237068653713700509013,-7488872372322133276284446578292471354481281569753772893186213369173
405,-7488872372322133276284446578292471151657185533237068653713700509013,-7488872372322133276284446578292471354481281569753772893186213369173,0,-14977744744644266552568893156584942506138467102990841546899913878186,-7488872372322133276284446578292471253069233551495420773449956939093,-7488872372322133276284446578292471354481281569753772893186213369173
406,-7488872372322133276284446578292471253069233551495420773449956939093,-7488872372322133276284446578292471354481281569753772893186213369173,0,-14977744744644266552568893156584942607550515121249193666636170308266,-7488872372322133276284446578292471253069233551495420773449956939093,-7488872372322133276284446578292471303775257560624596833318085154133
407,-7488872372322133276284446578292471253069233551495420773449956939093,-7488872372322133276284446578292471303775257560624596833318085154133,0,-14977744744644266552568893156584942556844491112120017606768042093226,-7488872372322133276284446578292471278422245556060008803384021046613,-7488872372322133276284446578292471303775257560624596833318085154133
408,-7488872372322133276284446578292471278422245556060008803384021046613,-7488872372322133276284446578292471303775257560624596833318085154133,0,-14977744744644266552568893156584942582197503116684605636702106200746,-7488872372322133276284446578292471278422245556060008803384021046613,-7488872372322133276284446578292471291098751558342302818351053100373
409,-7488872372322133276284446578292471278422245556060008803384021046613,-7488872372322133276284446578292471291098751558342302818351053100373,0,-14977744744644266552568893156584942569520997114402311621735074146986,-7488872372322133276284446578292471284760498557201155810867537073493,-7488872372322133276284446578292471291098751558342302818351053100373
410,-7488872372322133276284446578292471284760498557201155810867537073493,-7488872372322133276284446578292471291098751558342302818351053100373,0,-14977744744644266552568893156584942575859250115543458629218590173866,-7488872372322133276284446578292471284760498557201155810867537073493,-7488872372322133276284446578292471287929625057771729314609295086933
411,-7488872372322133276284446578292471284760498557201155810867537073493,-7488872372322133276284446578292471287929625057771729314609295086933,0,-14977744744644266552568893156584942572690123614972885125476832160426,-7488872372322133276284446578292471286345061807486442562738416080213,-7488872372322133276284446578292471287929625057771729314609295086933
412,-7488872372322133276284446578292471286345061807486442562738416080213,-7488872372322133276284446578292471287929625057771729314609295086933,0,-14977744744644266552568893156584942574274686865258171877347711167146,-7488872372322133276284446578292471286345061807486442562738416080213,-7488872372322133276284446578292471287137343432629085938673855583573
413,-7488872372322133276284446578292471286345061807486442562738416080213,-7488872372322133276284446578292471287137343432629085938673855583573,0,-14977744744644266552568893156584942573482405240115528501412271663786,-7488872372322133276284446578292471286741202620057764250706135831893,-7488872372322133276284446578292471287137343432629085938673855583573
414,-7488872372322133276284446578292471286741202620057764250706135831893,-7488872372322133276284446578292471287137343432629085938673855583573,0,-14977744744644266552568893156584942573878546052686850189379991415466,-7488872372322133276284446578292471286741202620057764250706135831893,-7488872372322133276284446578292471286939273026343425094689995707733
415,-7488872372322133276284446578292471286741202620057764250706135831893,-7488872372322133276284446578292471286939273026343425094689995707733,0,-14977744744644266552568893156584942573680475646401189345396131539626,-7488872372322133276284446578292471286840237823200594672698065769813,-7488872372322133276284446578292471286939273026343425094689995707733
416,-7488872372322133276284446578292471286840237823200594672698065769813,-7488872372322133276284446578292471286939273026343425094689995707733,0,-14977744744644266552568893156584942573779510849544019767388061477546,-7488872372322133276284446578292471286840237823200594672698065769813,-7488872372322133276284446578292471286889755424772009883694030738773
417,-7488872372322133276284446578292471286840237823200594672698065769813,-7488872372322133276284446578292471286889755424772009883694030738773,0,-14977744744644266552568893156584942573729993247972604556392096508586,-7488872372322133276284446578292471286864996623986302278196048254293,-7488872372322133276284446578292471286889755424772009883694030738773
418,-7488872372322133276284446578292471286864996623986302278196048254293,-7488872372322133276284446578292471286889755424772009883694030738773,0,-14977744744644266552568893156584942573754752048758312161890078993066,-7488872372322133276284446578292471286864996623986302278196048254293,-7488872372322133276284446578292471286877376024379156080945039496533
419,-7488872372322133276284446578292471286864996623986302278196048254293,-7488872372322133276284446578292471286877376024379156080945039496533,0,-14977744744644266552568893156584942573742372648365458359141087750826,-7488872372322133276284446578292471286871186324182729179570543875413,-7488872372322133276284446578292471286877376024379156080945039496533
420,-7488872372322133276284446578292471286871186324182729179570543875413,-7488872372322133276284446578292471286877376024379156080945039496533,0,-14977744744644266552568893156584942573748562348561885260515583371946,-7488872372322133276284446578292471286871186324182729179570543875413,-7488872372322133276284446578292471286874281174280942630257791685973
421,-7488872372322133276284446578292471286871186324182729179570543875413,-7488872372322133276284446578292471286874281174280942630257791685973,0,-14977744744644266552568893156584942573745467498463671809828335561386,-7488872372322133276284446578292471286872733749231835904914167780693,-7488872372322133276284446578292471286874281174280942630257791685973
422,-7488872372322133276284446578292471286872733749231835904914167780693,-7488872372322133276284446578292471286874281174280942630257791685973,0,-14977744744644266552568893156584942573747014923512778535171959466666,-7488872372322133276284446578292471286872733749231835904914167780693,-7488872372322133276284446578292471286873507461756389267585979733333
423,-7488872372322133276284446578292471286872733749231835904914167780693,-7488872372322133276284446578292471286873507461756389267585979733333,0,-14977744744644266552568893156584942573746241210988225172500147514026,-7488872372322133276284446578292471286873120605494112586250073757013,-7488872372322133276284446578292471286873507461756389267585979733333
424,-7488872372322133276284446578292471286873120605494112586250073757013,-7488872372322133276284446578292471286873507461756389267585979733333,0,-14977744744644266552568893156584942573746628067250501853836053490346,-7488872372322133276284446578292471286873120605494112586250073757013,-7488872372322133276284446578292471286873314033625250926918026745173
425,-7488872372322133276284446578292471286873120605494112586250073757013,-7488872372322133276284446578292471286873314033625250926918026745173,0,-14977744744644266552568893156584942573746434639119363513168100502186,-7488872372322133276284446578292471286873217319559681756584050251093,-7488872372322133276284446578292471286873314033625250926918026745173
426,-7488872372322133276284446578292471286873217319559681756584050251093,-7488872372322133276284446578292471286873314033625250926918026745173,0,-14977744744644266552568893156584942573746531353184932683502076996266,-7488872372322133276284446578292471286873217319559681756584050251093,-7488872372322133276284446578292471286873265676592466341751038498133
427,-7488872372322133276284446578292471286873217319559681756584050251093,-7488872372322133276284446578292471286873265676592466341751038498133,0,-14977744744644266552568893156584942573746482996152148098335088749226,-7488872372322133276284446578292471286873241498076074049167544374613,-7488872372322133276284446578292471286873265676592466341751038498133
428,-7488872372322133276284446578292471286873241498076074049167544374613,-7488872372322133276284446578292471286873265676592466341751038498133,0,-14977744744644266552568893156584942573746507174668540390918582872746,-7488872372322133276284446578292471286873241498076074049167544374613,-7488872372322133276284446578292471286873253587334270195459291436373
429,-7488872372322133276284446578292471286873241498076074049167544374613,-7488872372322133276284446578292471286873253587334270195459291436373,0,-14977744744644266552568893156584942573746495085410344244626835810986,-7488872372322133276284446578292471286873247542705172122313417905493,-7488872372322133276284446578292471286873253587334270195459291436373
430,-7488872372322133276284446578292471286873247542705172122313417905493,-7488872372322133276284446578292471286873253587334270195459291436373,0,-14977744744644266552568893156584942573746501130039442317772709341866,-7488872372322133276284446578292471286873247542705172122313417905493,-7488872372322133276284446578292471286873250565019721158886354670933
431,-7488872372322133276284446578292471286873247542705172122313417905493,-7488872372322133276284446578292471286873250565019721158886354670933,0,-14977744744644266552568893156584942573746498107724893281199772576426,-7488872372322133276284446578292471286873249053862446640599886288213,-7488872372322133276284446578292471286873250565019721158886354670933
432,-7488872372322133276284446578292471286873249053862446640599886288213,-7488872372322133276284446578292471286873250565019721158886354670933,0,-14977744744644266552568893156584942573746499618882167799486240959146,-7488872372322133276284446578292471286873249053862446640599886288213,-7488872372322133276284446578292471286873249809441083899743120479573
433,-7488872372322133276284446578292471286873249053862446640599886288213,-7488872372322133276284446578292471286873249809441083899743120479573,0,-14977744744644266552568893156584942573746498863303530540343006767786,-7488872372322133276284446578292471286873249431651765270171503383893,-7488872372322133276284446578292471286873249809441083899743120479573
434,-7488872372322133276284446578292471286873249431651765270171503383893,-7488872372322133276284446578292471286873249809441083899743120479573,0,-14977744744644266552568893156584942573746499241092849169914623863466,-7488872372322133276284446578292471286873249431651765270171503383893,-7488872372322133276284446578292471286873249620546424584957311931733
435,-7488872372322133276284446578292471286873249431651765270171503383893,-7488872372322133276284446578292471286873249620546424584957311931733,0,-14977744744644266552568893156584942573746499052198189855128815315626,-7488872372322133276284446578292471286873249526099094927564407657813,-7488872372322133276284446578292471286873249620546424584957311931733
436,-7488872372322133276284446578292471286873249526099094927564407657813,-7488872372322133276284446578292471286873249620546424584957311931733,0,-14977744744644266552568893156584942573746499146645519512521719589546,-7488872372322133276284446578292471286873249526099094927564407657813,-7488872372322133276284446578292471286873249573322759756260859794773
437,-7488872372322133276284446578292471286873249526099094927564407657813,-7488872372322133276284446578292471286873249573322759756260859794773,0,-14977744744644266552568893156584942573746499099421854683825267452586,-7488872372322133276284446578292471286873249549710927341912633726293,-7488872372322133276284446578292471286873249573322759756260859794773
438,-7488872372322133276284446578292471286873249549710927341912633726293,-7488872372322133276284446578292471286873249573322759756260859794773,0,-14977744744644266552568893156584942573746499123033687098173493521066,-7488872372322133276284446578292471286873249549710927341912633726293,-7488872372322133276284446578292471286873249561516843549086746760533
439,-7488872372322133276284446578292471286873249549710927341912633726293,-7488872372322133276284446578292471286873249561516843549086746760533,0,-14977744744644266552568893156584942573746499111227770890999380486826,-7488872372322133276284446578292471286873249555613885445499690243413,-7488872372322133276284446578292471286873249561516843549086746760533
440,-7488872372322133276284446578292471286873249555613885445499690243413,-7488872372322133276284446578292471286873249561516843549086746760533,0,-14977744744644266552568893156584942573746499117130728994586437003946,-7488872372322133276284446578292471286873249555613885445499690243413,-7488872372322133276284446578292471286873249558565364497293218501973
441,-7488872372322133276284446578292471286873249555613885445499690243413,-7488872372322133276284446578292471286873249558565364497293218501973,0,-14977744744644266552568893156584942573746499114179249942792908745386,-7488872372322133276284446578292471286873249557089624971396454372693,-7488872372322133276284446578292471286873249558565364497293218501973
442,-7488872372322133276284446578292471286873249557089624971396454372693,-7488872372322133276284446578292471286873249558565364497293218501973,0,-14977744744644266552568893156584942573746499115654989468689672874666,-7488872372322133276284446578292471286873249557089624971396454372693,-7488872372322133276284446578292471286873249557827494734344836437333
443,-7488872372322133276284446578292471286873249557089624971396454372693,-7488872372322133276284446578292471286873249557827494734344836437333,0,-14977744744644266552568893156584942573746499114917119705741290810026,-7488872372322133276284446578292471286873249557458559852870645405013,-7488872372322133276284446578292471286873249557827494734344836437333
444,-7488872372322133276284446578292471286873249557458559852870645405013,-7488872372322133276284446578292471286873249557827494734344836437333,0,-14977744744644266552568893156584942573746499115286054587215481842346,-7488872372322133276284446578292471286873249557458559852870645405013,-7488872372322133276284446578292471286873249557643027293607740921173
445,-7488872372322133276284446578292471286873249557458559852870645405013,-7488872372322133276284446578292471286873249557643027293607740921173,0,-14977744744644266552568893156584942573746499115101587146478386326186,-7488872372322133276284446578292471286873249557550793573239193163093,-7488872372322133276284446578292471286873249557643027293607740921173
446,-7488872372322133276284446578292471286873249557550793573239193163093,-7488872372322133276284446578292471286873249557643027293607740921173,0,-14977744744644266552568893156584942573746499115193820866846934084266,-7488872372322133276284446578292471286873249557550793573239193163093,-7488872372322133276284446578292471286873249557596910433423467042133
447,-7488872372322133276284446578292471286873249557550793573239193163093,-7488872372322133276284446578292471286873249557596910433423467042133,0,-14977744744644266552568893156584942573746499115147704006662660205226,-7488872372322133276284446578292471286873249557573852003331330102613,-7488872372322133276284446578292471286873249557596910433423467042133
448,-7488872372322133276284446578292471286873249557573852003331330102613,-7488872372322133276284446578292471286873249557596910433423467042133,0,-14977744744644266552568893156584942573746499115170762436754797144746,-7488872372322133276284446578292471286873249557573852003331330102613,-7488872372322133276284446578292471286873249557585381218377398572373
449,-7488872372322133276284446578292471286873249557573852003331330102613,-7488872372322133276284446578292471286873249557585381218377398572373,0,-14977744744644266552568893156584942573746499115159233221708728674986,-7488872372322133276284446578292471286873249557579616610854364337493,-7488872372322133276284446578292471286873249557585381218377398572373
450,-7488872372322133276284446578292471286873249557579616610854364337493,-7488872372322133276284446578292471286873249557585381218377398572373,0,-14977744744644266552568893156584942573746499115164997829231762909866,-7488872372322133276284446578292471286873249557579616610854364337493,-7488872372322133276284446578292471286873249557582498914615881454933
451,-7488872372322133276284446578292471286873249557579616610854364337493,-7488872372322133276284446578292471286873249557582498914615881454933,0,-14977744744644266552568893156584942573746499115162115525470245792426,-7488872372322133276284446578292471286873249557581057762735122896213,-7488872372322133276284446578292471286873249557582498914615881454933
452,-7488872372322133276284446578292471286873249557581057762735122896213,-7488872372322133276284446578292471286873249557582498914615881454933,0,-14977744744644266552568893156584942573746499115163556677351004351146,-7488872372322133276284446578292471286873249557581057762735122896213,-7488872372322133276284446578292471286873249557581778338675502175573
453,-7488872372322133276284446578292471286873249557581057762735122896213,-7488872372322133276284446578292471286873249557581778338675502175573,0,-14977744744644266552568893156584942573746499115162836101410625071786,-7488872372322133276284446578292471286873249557581418050705312535893,-7488872372322133276284446578292471286873249557581778338675502175573
454,-7488872372322133276284446578292471286873249557581418050705312535893,-7488872372322133276284446578292471286873249557581778338675502175573,0,-14977744744644266552568893156584942573746499115163196389380814711466,-7488872372322133276284446578292471286873249557581418050705312535893,-7488872372322133276284446578292471286873249557581598194690407355733
455,-7488872372322133276284446578292471286873249557581418050705312535893,-7488872372322133276284446578292471286873249557581598194690407355733,0,-14977744744644266552568893156584942573746499115163016245395719891626,-7488872372322133276284446578292471286873249557581508122697859945813,-7488872372322133276284446578292471286873249557581598194690407355733
456,-7488872372322133276284446578292471286873249557581508122697859945813,-7488872372322133276284446578292471286873249557581598194690407355733,0,-14977744744644266552568893156584942573746499115163106317388267301546,-7488872372322133276284446578292471286873249557581508122697859945813,-7488872372322133276284446578292471286873249557581553158694133650773
457,-7488872372322133276284446578292471286873249557581508122697859945813,-7488872372322133276284446578292471286873249557581553158694133650773,0,-14977744744644266552568893156584942573746499115163061281391993596586,-7488872372322133276284446578292471286873249557581530640695996798293,-7488872372322133276284446578292471286873249557581553158694133650773
458,-7488872372322133276284446578292471286873249557581530640695996798293,-7488872372322133276284446578292471286873249557581553158694133650773,0,-14977744744644266552568893156584942573746499115163083799390130449066,-7488872372322133276284446578292471286873249557581530640695996798293,-7488872372322133276284446578292471286873249557581541899695065224533
459,-7488872372322133276284446578292471286873249557581530640695996798293,-7488872372322133276284446578292471286873249557581541899695065224533,0,-14977744744644266552568893156584942573746499115163072540391062022826,-7488872372322133276284446578292471286873249557581536270195531011413,-7488872372322133276284446578292471286873249557581541899695065224533
460,-7488872372322133276284446578292471286873249557581536270195531011413,-7488872372322133276284446578292471286873249557581541899695065224533,0,-14977744744644266552568893156584942573746499115163078169890596235946,-7488872372322133276284446578292471286873249557581536270195531011413,-7488872372322133276284446578292471286873249557581539084945298117973
461,-7488872372322133276284446578292471286873249557581536270195531011413,-7488872372322133276284446578292471286873249557581539084945298117973,0,-14977744744644266552568893156584942573746499115163075355140829129386,-7488872372322133276284446578292471286873249557581537677570414564693,-7488872372322133276284446578292471286873249557581539084945298117973
462,-7488872372322133276284446578292471286873249557581537677570414564693,-7488872372322133276284446578292471286873249557581539084945298117973,0,-14977744744644266552568893156584942573746499115163076762515712682666,-7488872372322133276284446578292471286873249557581537677570414564693,-7488872372322133276284446578292471286873249557581538381257856341333
463,-7488872372322133276284446578292471286873249557581537677570414564693,-7488872372322133276284446578292471286873249557581538381257856341333,0,-14977744744644266552568893156584942573746499115163076058828270906026,-7488872372322133276284446578292471286873249557581538029414135453013,-7488872372322133276284446578292471286873249557581538381257856341333
464,-7488872372322133276284446578292471286873249557581538029414135453013,-7488872372322133276284446578292471286873249557581538381257856341333,0,-14977744744644266552568893156584942573746499115163076410671991794346,-7488872372322133276284446578292471286873249557581538029414135453013,-7488872372322133276284446578292471286873249557581538205335995897173
465,-7488872372322133276284446578292471286873249557581538029414135453013,-7488872372322133276284446578292471286873249557581538205335995897173,0,-14977744744644266552568893156584942573746499115163076234750131350186,-7488872372322133276284446578292471286873249557581538117375065675093,-7488872372322133276284446578292471286873249557581538205335995897173
466,-7488872372322133276284446578292471286873249557581538117375065675093,-7488872372322133276284446578292471286873249557581538205335995897173,0,-14977744744644266552568893156584942573746499115163076322711061572266,-7488872372322133276284446578292471286873249557581538117375065675093,-7488872372322133276284446578292471286873249557581538161355530786133
467,-7488872372322133276284446578292471286873249557581538117375065675093,-7488872372322133276284446578292471286873249557581538161355530786133,0,-14977744744644266552568893156584942573746499115163076278730596461226,-7488872372322133276284446578292471286873249557581538139365298230613,-7488872372322133276284446578292471286873249557581538161355530786133
468,-7488872372322133276284446578292471286873249557581538139365298230613,-7488872372322133276284446578292471286873249557581538161355530786133,0,-14977744744644266552568893156584942573746499115163076300720829016746,-7488872372322133276284446578292471286873249557581538139365298230613,-7488872372322133276284446578292471286873249557581538150360414508373
469,-7488872372322133276284446578292471286873249557581538139365298230613,-7488872372322133276284446578292471286873249557581538150360414508373,0,-14977744744644266552568893156584942573746499115163076289725712738986,-7488872372322133276284446578292471286873249557581538144862856369493,-7488872372322133276284446578292471286873249557581538150360414508373
470,-7488872372322133276284446578292471286873249557581538144862856369493,-7488872372322133276284446578292471286873249557581538150360414508373,0,-14977744744644266552568893156584942573746499115163076295223270877866,-7488872372322133276284446578292471286873249557581538144862856369493,-7488872372322133276284446578292471286873249557581538147611635438933
471,-7488872372322133276284446578292471286873249557581538144862856369493,-7488872372322133276284446578292471286873249557581538147611635438933,0,-14977744744644266552568893156584942573746499115163076292474491808426,-7488872372322133276284446578292471286873249557581538146237245904213,-7488872372322133276284446578292471286873249557581538147611635438933
472,-7488872372322133276284446578292471286873249557581538146237245904213,-7488872372322133276284446578292471286873249557581538147611635438933,0,-14977744744644266552568893156584942573746499115163076293848881343146,-7488872372322133276284446578292471286873249557581538146237245904213,-7488872372322133276284446578292471286873249557581538146924440671573
473,-7488872372322133276284446578292471286873249557581538146237245904213,-7488872372322133276284446578292471286873249557581538146924440671573,0,-14977744744644266552568893156584942573746499115163076293161686575786,-7488872372322133276284446578292471286873249557581538146580843287893,-7488872372322133276284446578292471286873249557581538146924440671573
474,-7488872372322133276284446578292471286873249557581538146580843287893,-7488872372322133276284446578292471286873249557581538146924440671573,0,-14977744744644266552568893156584942573746499115163076293505283959466,-7488872372322133276284446578292471286873249557581538146580843287893,-7488872372322133276284446578292471286873249557581538146752641979733
475,-7488872372322133276284446578292471286873249557581538146580843287893,-7488872372322133276284446578292471286873249557581538146752641979733,0,-14977744744644266552568893156584942573746499115163076293333485267626,-7488872372322133276284446578292471286873249557581538146666742633813,-7488872372322133276284446578292471286873249557581538146752641979733
476,-7488872372322133276284446578292471286873249557581538146666742633813,-7488872372322133276284446578292471286873249557581538146752641979733,0,-14977744744644266552568893156584942573746499115163076293419384613546,-7488872372322133276284446578292471286873249557581538146666742633813,-7488872372322133276284446578292471286873249557581538146709692306773
477,-7488872372322133276284446578292471286873249557581538146666742633813,-7488872372322133276284446578292471286873249557581538146709692306773,0,-14977744744644266552568893156584942573746499115163076293376434940586,-7488872372322133276284446578292471286873249557581538146688217470293,-7488872372322133276284446578292471286873249557581538146709692306773
478,-7488872372322133276284446578292471286873249557581538146688217470293,-7488872372322133276284446578292471286873249557581538146709692306773,0,-14977744744644266552568893156584942573746499115163076293397909777066,-7488872372322133276284446578292471286873249557581538146688217470293,-7488872372322133276284446578292471286873249557581538146698954888533
479,-7488872372322133276284446578292471286873249557581538146688217470293,-7488872372322133276284446578292471286873249557581538146698954888533,0,-14977744744644266552568893156584942573746499115163076293387172358826,-7488872372322133276284446578292471286873249557581538146693586179413,-7488872372322133276284446578292471286873249557581538146698954888533
480,-7488872372322133276284446578292471286873249557581538146693586179413,-7488872372322133276284446578292471286873249557581538146698954888533,0,-14977744744644266552568893156584942573746499115163076293392541067946,-7488872372322133276284446578292471286873249557581538146693586179413,-7488872372322133276284446578292471286873249557581538146696270533973
481,-7488872372322133276284446578292471286873249557581538146693586179413,-7488872372322133276284446578292471286873249557581538146696270533973,0,-14977744744644266552568893156584942573746499115163076293389856713386,-7488872372322133276284446578292471286873249557581538146694928356693,-7488872372322133276284446578292471286873249557581538146696270533973
482,-7488872372322133276284446578292471286873249557581538146694928356693,-7488872372322133276284446578292471286873249557581538146696270533973,0,-14977744744644266552568893156584942573746499115163076293391198890666,-7488872372322133276284446578292471286873249557581538146694928356693,-7488872372322133276284446578292471286873249557581538146695599445333
483,-7488872372322133276284446578292471286873249557581538146694928356693,-7488872372322133276284446578292471286873249557581538146695599445333,0,-14977744744644266552568893156584942573746499115163076293390527802026,-7488872372322133276284446578292471286873249557581538146695263901013,-7488872372322133276284446578292471286873249557581538146695599445333
484,-7488872372322133276284446578292471286873249557581538146695263901013,-7488872372322133276284446578292471286873249557581538146695599445333,0,-14977744744644266552568893156584942573746499115163076293390863346346,-7488872372322133276284446578292471286873249557581538146695263901013,-7488872372322133276284446578292471286873249557581538146695431673173
485,-7488872372322133276284446578292471286873249557581538146695263901013,-7488872372322133276284446578292471286873249557581538146695431673173,0,-14977744744644266552568893156584942573746499115163076293390695574186,-7488872372322133276284446578292471286873249557581538146695347787093,-7488872372322133276284446578292471286873249557581538146695431673173
486,-7488872372322133276284446578292471286873249557581538146695347787093,-7488872372322133276284446578292471286873249557581538146695431673173,0,-14977744744644266552568893156584942573746499115163076293390779460266,-7488872372322133276284446578292471286873249557581538146695347787093,-7488872372322133276284446578292471286873249557581538146695389730133
487,-7488872372322133276284446578292471286873249557581538146695347787093,-7488872372322133276284446578292471286873249557581538146695389730133,0,-14977744744644266552568893156584942573746499115163076293390737517226,-7488872372322133276284446578292471286873249557581538146695368758613,-7488872372322133276284446578292471286873249557581538146695389730133
488,-7488872372322133276284446578292471286873249557581538146695368758613,-7488872372322133276284446578292471286873249557581538146695389730133,0,-14977744744644266552568893156584942573746499115163076293390758488746,-7488872372322133276284446578292471286873249557581538146695368758613,-7488872372322133276284446578292471286873249557581538146695379244373
489,-7488872372322133276284446578292471286873249557581538146695368758613,-7488872372322133276284446578292471286873249557581538146695379244373,0,-14977744744644266552568893156584942573746499115163076293390748002986,-7488872372322133276284446578292471286873249557581538146695374001493,-7488872372322133276284446578292471286873249557581538146695379244373
490,-7488872372322133276284446578292471286873249557581538146695374001493,-7488872372322133276284446578292471286873249557581538146695379244373,0,-14977744744644266552568893156584942573746499115163076293390753245866,-7488872372322133276284446578292471286873249557581538146695374001493,-7488872372322133276284446578292471286873249557581538146695376622933
491,-7488872372322133276284446578292471286873249557581538146695374001493,-7488872372322133276284446578292471286873249557581538146695376622933,0,-14977744744644266552568893156584942573746499115163076293390750624426,-7488872372322133276284446578292471286873249557581538146695375312213,-7488872372322133276284446578292471286873249557581538146695376622933
492,-7488872372322133276284446578292471286873249557581538146695375312213,-7488872372322133276284446578292471286873249557581538146695376622933,0,-14977744744644266552568893156584942573746499115163076293390751935146,-7488872372322133276284446578292471286873249557581538146695375312213,-7488872372322133276284446578292471286873249557581538146695375967573
493,-7488872372322133276284446578292471286873249557581538146695375312213,-7488872372322133276284446578292471286873249557581538146695375967573,0,-14977744744644266552568893156584942573746499115163076293390751279786,-7488872372322133276284446578292471286873249557581538146695375639893,-7488872372322133276284446578292471286873249557581538146695375967573
494,-7488872372322133276284446578292471286873249557581538146695375639893,-7488872372322133276284446578292471286873249557581538146695375967573,0,-14977744744644266552568893156584942573746499115163076293390751607466,-7488872372322133276284446578292471286873249557581538146695375639893,-7488872372322133276284446578292471286873249557581538146695375803733
495,-7488872372322133276284446578292471286873249557581538146695375639893,-7488872372322133276284446578292471286873249557581538146695375803733,0,-14977744744644266552568893156584942573746499115163076293390751443626,-7488872372322133276284446578292471286873249557581538146695375721813,-7488872372322133276284446578292471286873249557581538146695375803733
496,-7488872372322133276284446578292471286873249557581538146695375721813,-7488872372322133276284446578292471286873249557581538146695375803733,0,-14977744744644266552568893156584942573746499115163076293390751525546,-7488872372322133276284446578292471286873249557581538146695375721813,-7488872372322133276284446578292471286873249557581538146695375762773
497,-7488872372322133276284446578292471286873249557581538146695375721813,-7488872372322133276284446578292471286873249557581538146695375762773,0,-14977744744644266552568893156584942573746499115163076293390751484586,-7488872372322133276284446578292471286873249557581538146695375742293,-7488872372322133276284446578292471286873249557581538146695375762773
498,-7488872372322133276284446578292471286873249557581538146695375742293,-7488872372322133276284446578292471286873249557581538146695375762773,0,-14977744744644266552568893156584942573746499115163076293390751505066,-7488872372322133276284446578292471286873249557581538146695375742293,-7488872372322133276284446578292471286873249557581538146695375752533
499,-7488872372322133276284446578292471286873249557581538146695375742293,-7488872372322133276284446578292471286873249557581538146695375752533,0,-14977744744644266552568893156584942573746499115163076293390751494826,-7488872372322133276284446578292471286873249557581538146695375747413,-7488872372322133276284446578292471286873249557581538146695375752533
500,-7488872372322133276284446578292471286873249557581538146695375747413,-7488872372322133276284446578292471286873249557581538146695375752533,0,-14977744744644266552568893156584942573746499115163076293390751499946,-7488872372322133276284446578292471286873249557581538146695375747413,-7488872372322133276284446578292471286873249557581538146695375749973
501,-7488872372322133276284446578292471286873249557581538146695375747413,-7488872372322133276284446578292471286873249557581538146695375749973,0,-14977744744644266552568893156584942573746499115163076293390751497386,-7488872372322133276284446578292471286873249557581538146695375748693,-7488872372322133276284446578292471286873249557581538146695375749973
502,-7488872372322133276284446578292471286873249557581538146695375748693,-7488872372322133276284446578292471286873249557581538146695375749973,0,-14977744744644266552568893156584942573746499115163076293390751498666,-7488872372322133276284446578292471286873249557581538146695375748693,-7488872372322133276284446578292471286873249557581538146695375749333
503,-7488872372322133276284446578292471286873249557581538146695375748693,-7488872372322133276284446578292471286873249557581538146695375749333,0,-14977744744644266552568893156584942573746499115163076293390751498026,-7488872372322133276284446578292471286873249557581538146695375749013,-7488872372322133276284446578292471286873249557581538146695375749333
504,-7488872372322133276284446578292471286873249557581538146695375749013,-7488872372322133276284446578292471286873249557581538146695375749333,0,-14977744744644266552568893156584942573746499115163076293390751498346,-7488872372322133276284446578292471286873249557581538146695375749013,-7488872372322133276284446578292471286873249557581538146695375749173
505,-7488872372322133276284446578292471286873249557581538146695375749013,-7488872372322133276284446578292471286873249557581538146695375749173,0,-14977744744644266552568893156584942573746499115163076293390751498186,-7488872372322133276284446578292471286873249557581538146695375749093,-7488872372322133276284446578292471286873249557581538146695375749173
506,-7488872372322133276284446578292471286873249557581538146695375749093,-7488872372322133276284446578292471286873249557581538146695375749173,0,-14977744744644266552568893156584942573746499115163076293390751498266,-7488872372322133276284446578292471286873249557581538146695375749093,-7488872372322133276284446578292471286873249557581538146695375749133
507,-7488872372322133276284446578292471286873249557581538146695375749093,-7488872372322133276284446578292471286873249557581538146695375749133,0,-14977744744644266552568893156584942573746499115163076293390751498226,-7488872372322133276284446578292471286873249557581538146695375749113,-7488872372322133276284446578292471286873249557581538146695375749133
508,-7488872372322133276284446578292471286873249557581538146695375749113,-7488872372322133276284446578292471286873249557581538146695375749133,0,-14977744744644266552568893156584942573746499115163076293390751498246,-7488872372322133276284446578292471286873249557581538146695375749113,-7488872372322133276284446578292471286873249557581538146695375749123
509,-7488872372322133276284446578292471286873249557581538146695375749113,-7488872372322133276284446578292471286873249557581538146695375749123,1,10,5,-7488872372322133276284446578292471286873249557581538146695375749123
510,5,-7488872372322133276284446578292471286873249557581538146695375749123,0,-7488872372322133276284446578292471286873249557581538146695375749118,5,-3744436186161066638142223289146235643436624778790769073347687874559
511,5,-3744436186161066638142223289146235643436624778790769073347687874559,0,-3744436186161066638142223289146235643436624778790769073347687874554,-1872218093080533319071111644573117821718312389395384536673843937277,-3744436186161066638142223289146235643436624778790769073347687874559
512,-1872218093080533319071111644573117821718312389395384536673843937277,-3744436186161066638142223289146235643436624778790769073347687874559,1,-1872218093080533319071111644573117821718312389395384536673843937282,-1872218093080533319071111644573117821718312389395384536673843937277,-936109046540266659535555822286558910859156194697692268336921968641
513,-1872218093080533319071111644573117821718312389395384536673843937277,-936109046540266659535555822286558910859156194697692268336921968641,0,-2808327139620799978606667466859676732577468584093076805010765905918,-1404163569810399989303333733429838366288734292046538402505382952959,-936109046540266659535555822286558910859156194697692268336921968641
514,-1404163569810399989303333733429838366288734292046538402505382952959,-936109046540266659535555822286558910859156194697692268336921968641,1,468054523270133329767777911143279455429578097348846134168460984318,-1404163569810399989303333733429838366288734292046538402505382952959,234027261635066664883888955571639727714789048674423067084230492159
515,-1404163569810399989303333733429838366288734292046538402505382952959,234027261635066664883888955571639727714789048674423067084230492159,1,-1638190831445466654187222689001478094003523340720961469589613445118,-819095415722733327093611344500739047001761670360480734794806722559,234027261635066664883888955571639727714789048674423067084230492159
516,-819095415722733327093611344500739047001761670360480734794806722559,234027261635066664883888955571639727714789048674423067084230492159,1,1053122677357799991977500300072378774716550719034903801879037214718,-819095415722733327093611344500739047001761670360480734794806722559,526561338678899995988750150036189387358275359517451900939518607359
517,-819095415722733327093611344500739047001761670360480734794806722559,526561338678899995988750150036189387358275359517451900939518607359,1,-1345656754401633323082361494536928434360037029877932635734325329918,-672828377200816661541180747268464217180018514938966317867162664959,526561338678899995988750150036189387358275359517451900939518607359
518,-672828377200816661541180747268464217180018514938966317867162664959,526561338678899995988750150036189387358275359517451900939518607359,1,1199389715879716657529930897304653604538293874456418218806681272318,-672828377200816661541180747268464217180018514938966317867162664959,599694857939858328764965448652326802269146937228209109403340636159
519,-672828377200816661541180747268464217180018514938966317867162664959,599694857939858328764965448652326802269146937228209109403340636159,1,-1272523235140674990306146195920791019449165452167175427270503301118,-636261617570337495153073097960395509724582726083587713635251650559,599694857939858328764965448652326802269146937228209109403340636159
520,-636261617570337495153073097960395509724582726083587713635251650559,599694857939858328764965448652326802269146937228209109403340636159,1,1235956475510195823918038546612722311993729663311796823038592286718,-636261617570337495153073097960395509724582726083587713635251650559,617978237755097911959019273306361155996864831655898411519296143359
521,-636261617570337495153073097960395509724582726083587713635251650559,617978237755097911959019273306361155996864831655898411519296143359,1,-1254239855325435407112092371266756665721447557739486125154547793918,-627119927662717703556046185633378332860723778869743062577273896959,617978237755097911959019273306361155996864831655898411519296143359
522,-627119927662717703556046185633378332860723778869743062577273896959,617978237755097911959019273306361155996864831655898411519296143359,1,1245098165417815615515065458939739488857588610525641474096570040318,-627119927662717703556046185633378332860723778869743062577273896959,622549082708907807757532729469869744428794305262820737048285020159
523,-627119927662717703556046185633378332860723778869743062577273896959,622549082708907807757532729469869744428794305262820737048285020159,1,-1249669010371625511313578915103248077289518084132563799625558917118,-624834505185812755656789457551624038644759042066281899812779458559,622549082708907807757532729469869744428794305262820737048285020159
524,-624834505185812755656789457551624038644759042066281899812779458559,622549082708907807757532729469869744428794305262820737048285020159,1,1247383587894720563414322187021493783073553347329102636861064478718,-624834505185812755656789457551624038644759042066281899812779458559,623691793947360281707161093510746891536776673664551318430532239359
525,-624834505185812755656789457551624038644759042066281899812779458559,623691793947360281707161093510746891536776673664551318430532239359,1,-1248526299133173037363950551062370930181535715730833218243311697918,-624263149566586518681975275531185465090767857865416609121655848959,623691793947360281707161093510746891536776673664551318430532239359
526,-624263149566586518681975275531185465090767857865416609121655848959,623691793947360281707161093510746891536776673664551318430532239359,1,1247954943513946800389136369041932356627544531529967927552188088318,-624263149566586518681975275531185465090767857865416609121655848959,623977471756973400194568184520966178313772265764983963776094044159
527,-624263149566586518681975275531185465090767857865416609121655848959,623977471756973400194568184520966178313772265764983963776094044159,1,-1248240621323559918876543460052151643404540123630400572897749893118,-624120310661779959438271730026075821702270061815200286448874946559,623977471756973400194568184520966178313772265764983963776094044159
528,-624120310661779959438271730026075821702270061815200286448874946559,623977471756973400194568184520966178313772265764983963776094044159,1,1248097782418753359632839914547042000016042327580184250224968990718,-624120310661779959438271730026075821702270061815200286448874946559,624048891209376679816419957273521000008021163790092125112484495359
529,-624120310661779959438271730026075821702270061815200286448874946559,624048891209376679816419957273521000008021163790092125112484495359,1,-1248169201871156639254691687299596821710291225605292411561359441918,-624084600935578319627345843649798410855145612802646205780679720959,624048891209376679816419957273521000008021163790092125112484495359
530,-624084600935578319627345843649798410855145612802646205780679720959,624048891209376679816419957273521000008021163790092125112484495359,1,1248133492144954999443765800923319410863166776592738330893164216318,-624084600935578319627345843649798410855145612802646205780679720959,624066746072477499721882900461659705431583388296369165446582108159
531,-624084600935578319627345843649798410855145612802646205780679720959,624066746072477499721882900461659705431583388296369165446582108159,1,-1248151347008055819349228744111458116286729001099015371227261829118,-624075673504027909674614372055729058143364500549507685613630914559,624066746072477499721882900461659705431583388296369165446582108159
532,-624075673504027909674614372055729058143364500549507685613630914559,624066746072477499721882900461659705431583388296369165446582108159,1,1248142419576505409396497272517388763574947888845876851060213022718,-624075673504027909674614372055729058143364500549507685613630914559,624071209788252704698248636258694381787473944422938425530106511359
533,-624075673504027909674614372055729058143364500549507685613630914559,624071209788252704698248636258694381787473944422938425530106511359,1,-1248146883292280614372863008314423439930838444972446111143737425918,-624073441646140307186431504157211719965419222486223055571868712959,624071209788252704698248636258694381787473944422938425530106511359
534,-624073441646140307186431504157211719965419222486223055571868712959,624071209788252704698248636258694381787473944422938425530106511359,1,1248144651434393011884680140415906101752893166909161481101975224318,-624073441646140307186431504157211719965419222486223055571868712959,624072325717196505942340070207953050876446583454580740550987612159
535,-624073441646140307186431504157211719965419222486223055571868712959,624072325717196505942340070207953050876446583454580740550987612159,1,-1248145767363336813128771574365164770841865805940803796122856325118,-624072883681668406564385787182582385420932902970401898061428162559,624072325717196505942340070207953050876446583454580740550987612159
536,-624072883681668406564385787182582385420932902970401898061428162559,624072325717196505942340070207953050876446583454580740550987612159,1,1248145209398864912506725857390535436297379486424982638612415774718,-624072883681668406564385787182582385420932902970401898061428162559,624072604699432456253362928695267718148689743212491319306207887359
537,-624072883681668406564385787182582385420932902970401898061428162559,624072604699432456253362928695267718148689743212491319306207887359,1,-1248145488381100862817748715877850103569622646182893217367636049918,-624072744190550431408874357938925051784811323091446608683818024959,624072604699432456253362928695267718148689743212491319306207887359
538,-624072744190550431408874357938925051784811323091446608683818024959,624072604699432456253362928695267718148689743212491319306207887359,1,1248145348889982887662237286634192769933501066303937927990025912318,-624072744190550431408874357938925051784811323091446608683818024959,624072674444991443831118643317096384966750533151968963995012956159
539,-624072744190550431408874357938925051784811323091446608683818024959,624072674444991443831118643317096384966750533151968963995012956159,1,-1248145418635541875239993001256021436751561856243415572678830981118,-624072709317770937619996500628010718375780928121707786339415490559,624072674444991443831118643317096384966750533151968963995012956159
540,-624072709317770937619996500628010718375780928121707786339415490559,624072674444991443831118643317096384966750533151968963995012956159,1,1248145383762762381451115143945107103342531461273676750334428446718,-624072709317770937619996500628010718375780928121707786339415490559,624072691881381190725557571972553551671265730636838375167214223359
541,-624072709317770937619996500628010718375780928121707786339415490559,624072691881381190725557571972553551671265730636838375167214223359,1,-1248145401199152128345554072600564270047046658758546161506629713918,-624072700599576064172777036300282135023523329379273080753314856959,624072691881381190725557571972553551671265730636838375167214223359
542,-624072700599576064172777036300282135023523329379273080753314856959,624072691881381190725557571972553551671265730636838375167214223359,1,1248145392480957254898334608272835686694789060016111455920529080318,-624072700599576064172777036300282135023523329379273080753314856959,624072696240478627449167304136417843347394530008055727960264540159
543,-624072700599576064172777036300282135023523329379273080753314856959,624072696240478627449167304136417843347394530008055727960264540159,1,-1248145396840054691621944340436699978370917859387328808713579397118,-624072698420027345810972170218349989185458929693664404356789698559,624072696240478627449167304136417843347394530008055727960264540159
544,-624072698420027345810972170218349989185458929693664404356789698559,624072696240478627449167304136417843347394530008055727960264540159,1,1248145394660505973260139474354767832532853459701720132317054238718,-624072698420027345810972170218349989185458929693664404356789698559,624072697330252986630069737177383916266426729850860066158527119359
545,-624072698420027345810972170218349989185458929693664404356789698559,624072697330252986630069737177383916266426729850860066158527119359,1,-1248145395750280332441041907395733905451885659544524470515316817918,-624072697875140166220520953697866952725942829772262235257658408959,624072697330252986630069737177383916266426729850860066158527119359
546,-624072697875140166220520953697866952725942829772262235257658408959,624072697330252986630069737177383916266426729850860066158527119359,1,1248145395205393152850590690875250868992369559623122301416185528318,-624072697875140166220520953697866952725942829772262235257658408959,624072697602696576425295345437625434496184779811561150708092764159
547,-624072697875140166220520953697866952725942829772262235257658408959,624072697602696576425295345437625434496184779811561150708092764159,1,-1248145395477836742645816299135492387222127609583823385965751173118,-624072697738918371322908149567746193611063804791911692982875586559,624072697602696576425295345437625434496184779811561150708092764159
548,-624072697738918371322908149567746193611063804791911692982875586559,624072697602696576425295345437625434496184779811561150708092764159,1,1248145395341614947748203495005371628107248584603472843690968350718,-624072697738918371322908149567746193611063804791911692982875586559,624072697670807473874101747502685814053624292301736421845484175359
549,-624072697738918371322908149567746193611063804791911692982875586559,624072697670807473874101747502685814053624292301736421845484175359,1,-1248145395409725845197009897070432007664688097093648114828359761918,-624072697704862922598504948535216003832344048546824057414179880959,624072697670807473874101747502685814053624292301736421845484175359
550,-624072697704862922598504948535216003832344048546824057414179880959,624072697670807473874101747502685814053624292301736421845484175359,1,1248145395375670396472606696037901817885968340848560479259664056318,-624072697704862922598504948535216003832344048546824057414179880959,624072697687835198236303348018950908942984170424280239629832028159
551,-624072697704862922598504948535216003832344048546824057414179880959,624072697687835198236303348018950908942984170424280239629832028159,1,-1248145395392698120834808296554166912775328218971104297044011909118,-624072697696349060417404148277083456387664109485552148522005954559,624072697687835198236303348018950908942984170424280239629832028159
552,-624072697696349060417404148277083456387664109485552148522005954559,624072697687835198236303348018950908942984170424280239629832028159,1,1248145395384184258653707496296034365330648279909832388151837982718,-624072697696349060417404148277083456387664109485552148522005954559,624072697692092129326853748148017182665324139954916194075918991359
553,-624072697696349060417404148277083456387664109485552148522005954559,624072697692092129326853748148017182665324139954916194075918991359,1,-1248145395388441189744257896425100639052988249440468342597924945918,-624072697694220594872128948212550319526494124720234171298962472959,624072697692092129326853748148017182665324139954916194075918991359
554,-624072697694220594872128948212550319526494124720234171298962472959,624072697692092129326853748148017182665324139954916194075918991359,1,1248145395386312724198982696360567502191818264675150365374881464318,-624072697694220594872128948212550319526494124720234171298962472959,624072697693156362099491348180283751095909132337575182687440732159
555,-624072697694220594872128948212550319526494124720234171298962472959,624072697693156362099491348180283751095909132337575182687440732159,1,-1248145395387376956971620296392834070622403257057809353986403205118,-624072697693688478485810148196417035311201628528904676993201602559,624072697693156362099491348180283751095909132337575182687440732159
556,-624072697693688478485810148196417035311201628528904676993201602559,624072697693156362099491348180283751095909132337575182687440732159,1,1248145395386844840585301496376700786407110760866479859680642334718,-624072697693688478485810148196417035311201628528904676993201602559,624072697693422420292650748188350393203555380433239929840321167359
557,-624072697693688478485810148196417035311201628528904676993201602559,624072697693422420292650748188350393203555380433239929840321167359,1,-1248145395387110898778460896384767428514757008962144606833522769918,-624072697693555449389230448192383714257378504481072303416761384959,624072697693422420292650748188350393203555380433239929840321167359
558,-624072697693555449389230448192383714257378504481072303416761384959,624072697693422420292650748188350393203555380433239929840321167359,1,1248145395386977869681881196380734107460933884914312233257082552318,-624072697693555449389230448192383714257378504481072303416761384959,624072697693488934840940598190367053730466942457156116628541276159
559,-624072697693555449389230448192383714257378504481072303416761384959,624072697693488934840940598190367053730466942457156116628541276159,1,-1248145395387044384230171046382750767987845446938228420045302661118,-624072697693522192115085523191375383993922723469114210022651330559,624072697693488934840940598190367053730466942457156116628541276159
560,-624072697693522192115085523191375383993922723469114210022651330559,624072697693488934840940598190367053730466942457156116628541276159,1,1248145395387011126956026121381742437724389665926270326651192606718,-624072697693522192115085523191375383993922723469114210022651330559,624072697693505563478013060690871218862194832963135163325596303359
561,-624072697693522192115085523191375383993922723469114210022651330559,624072697693505563478013060690871218862194832963135163325596303359,1,-1248145395387027755593098583882246602856117556432249373348247633918,-624072697693513877796549291941123301428058778216124686674123816959,624072697693505563478013060690871218862194832963135163325596303359
562,-624072697693513877796549291941123301428058778216124686674123816959,624072697693505563478013060690871218862194832963135163325596303359,1,1248145395387019441274562352631994520290253611179259849999720120318,-624072697693513877796549291941123301428058778216124686674123816959,624072697693509720637281176315997260145126805589629924999860060159
563,-624072697693513877796549291941123301428058778216124686674123816959,624072697693509720637281176315997260145126805589629924999860060159,1,-1248145395387023598433830468257120561573185583805754611673983877118,-624072697693511799216915234128560280786592791902877305836991938559,624072697693509720637281176315997260145126805589629924999860060159
564,-624072697693511799216915234128560280786592791902877305836991938559,624072697693509720637281176315997260145126805589629924999860060159,1,1248145395387021519854196410444557540931719597492507230836851998718,-624072697693511799216915234128560280786592791902877305836991938559,624072697693510759927098205222278770465859798746253615418425999359
565,-624072697693511799216915234128560280786592791902877305836991938559,624072697693510759927098205222278770465859798746253615418425999359,1,-1248145395387022559144013439350839051252452590649130921255417937918,-624072697693511279572006719675419525626226295324565460627708968959,624072697693510759927098205222278770465859798746253615418425999359
566,-624072697693511279572006719675419525626226295324565460627708968959,624072697693510759927098205222278770465859798746253615418425999359,1,1248145395387022039499104924897698296092086094070819076046134968318,-624072697693511279572006719675419525626226295324565460627708968959,624072697693511019749552462448849148046043047035409538023067484159
567,-624072697693511279572006719675419525626226295324565460627708968959,624072697693511019749552462448849148046043047035409538023067484159,1,-1248145395387022299321559182124268673672269342359974998650776453118,-624072697693511149660779591062134336836134671179987499325388226559,624072697693511019749552462448849148046043047035409538023067484159
568,-624072697693511149660779591062134336836134671179987499325388226559,624072697693511019749552462448849148046043047035409538023067484159,1,1248145395387022169410332053510983484882177718215397037348455710718,-624072697693511149660779591062134336836134671179987499325388226559,624072697693511084705166026755491742441088859107698518674227855359
569,-624072697693511149660779591062134336836134671179987499325388226559,624072697693511084705166026755491742441088859107698518674227855359,1,-1248145395387022234365945617817626079277223530287686017999616081918,-624072697693511117182972808908813039638611765143843008999808040959,624072697693511084705166026755491742441088859107698518674227855359
570,-624072697693511117182972808908813039638611765143843008999808040959,624072697693511084705166026755491742441088859107698518674227855359,1,1248145395387022201888138835664304782079700624251541527674035896318,-624072697693511117182972808908813039638611765143843008999808040959,624072697693511100944069417832152391039850312125770763837017948159
571,-624072697693511117182972808908813039638611765143843008999808040959,624072697693511100944069417832152391039850312125770763837017948159,1,-1248145395387022218127042226740965430678462077269613772836825989118,-624072697693511109063521113370482715339231038634806886418412994559,624072697693511100944069417832152391039850312125770763837017948159
572,-624072697693511109063521113370482715339231038634806886418412994559,624072697693511100944069417832152391039850312125770763837017948159,1,1248145395387022210007590531202635106379081350760577650255430942718,-624072697693511109063521113370482715339231038634806886418412994559,624072697693511105003795265601317553189540675380288825127715471359
573,-624072697693511109063521113370482715339231038634806886418412994559,624072697693511105003795265601317553189540675380288825127715471359,1,-1248145395387022214067316378971800268528771714015095711546128465918,-624072697693511107033658189485900134264385857007547855773064232959,624072697693511105003795265601317553189540675380288825127715471359
574,-624072697693511107033658189485900134264385857007547855773064232959,624072697693511105003795265601317553189540675380288825127715471359,1,1248145395387022212037453455087217687453926532387836680900779704318,-624072697693511107033658189485900134264385857007547855773064232959,624072697693511106018726727543608843726963266193918340450389852159
575,-624072697693511107033658189485900134264385857007547855773064232959,624072697693511106018726727543608843726963266193918340450389852159,1,-1248145395387022213052384917029508977991349123201466196223454085118,-624072697693511106526192458514754488995674561600733098111727042559,624072697693511106018726727543608843726963266193918340450389852159
576,-624072697693511106526192458514754488995674561600733098111727042559,624072697693511106018726727543608843726963266193918340450389852159,1,1248145395387022212544919186058363332722637827794651438562116894718,-624072697693511106526192458514754488995674561600733098111727042559,624072697693511106272459593029181666361318913897325719281058447359
577,-624072697693511106526192458514754488995674561600733098111727042559,624072697693511106272459593029181666361318913897325719281058447359,1,-1248145395387022212798652051543936155356993475498058817392785489918,-624072697693511106399326025771968077678496737749029408696392744959,624072697693511106272459593029181666361318913897325719281058447359
578,-624072697693511106399326025771968077678496737749029408696392744959,624072697693511106272459593029181666361318913897325719281058447359,1,1248145395387022212671785618801149744039815651646355127977451192318,-624072697693511106399326025771968077678496737749029408696392744959,624072697693511106335892809400574872019907825823177563988725596159
579,-624072697693511106399326025771968077678496737749029408696392744959,624072697693511106335892809400574872019907825823177563988725596159,1,-1248145395387022212735218835172542949698404563572206972685118341118,-624072697693511106367609417586271474849202281786103486342559170559,624072697693511106335892809400574872019907825823177563988725596159
580,-624072697693511106367609417586271474849202281786103486342559170559,624072697693511106335892809400574872019907825823177563988725596159,1,1248145395387022212703502226986846346869110107609281050331284766718,-624072697693511106367609417586271474849202281786103486342559170559,624072697693511106351751113493423173434555053804640525165642383359
581,-624072697693511106367609417586271474849202281786103486342559170559,624072697693511106351751113493423173434555053804640525165642383359,1,-1248145395387022212719360531079694648283757335590744011508201553918,-624072697693511106359680265539847324141878667795372005754100776959,624072697693511106351751113493423173434555053804640525165642383359
582,-624072697693511106359680265539847324141878667795372005754100776959,624072697693511106351751113493423173434555053804640525165642383359,1,1248145395387022212711431379033270497576433721600012530919743160318,-624072697693511106359680265539847324141878667795372005754100776959,624072697693511106355715689516635248788216860800006265459871580159
583,-624072697693511106359680265539847324141878667795372005754100776959,624072697693511106355715689516635248788216860800006265459871580159,1,-1248145395387022212715395955056482572930095528595378271213972357118,-624072697693511106357697977528241286465047764297689135606986178559,624072697693511106355715689516635248788216860800006265459871580159
584,-624072697693511106357697977528241286465047764297689135606986178559,624072697693511106355715689516635248788216860800006265459871580159,1,1248145395387022212713413667044876535253264625097695401066857758718,-624072697693511106357697977528241286465047764297689135606986178559,624072697693511106356706833522438267626632312548847700533428879359
585,-624072697693511106357697977528241286465047764297689135606986178559,624072697693511106356706833522438267626632312548847700533428879359,1,-1248145395387022212714404811050679554091680076846536836140415057918,-624072697693511106357202405525339777045840038423268418070207528959,624072697693511106356706833522438267626632312548847700533428879359
586,-624072697693511106357202405525339777045840038423268418070207528959,624072697693511106356706833522438267626632312548847700533428879359,1,1248145395387022212713909239047778044672472350972116118603636408318,-624072697693511106357202405525339777045840038423268418070207528959,624072697693511106356954619523889022336236175486058059301818204159
587,-624072697693511106357202405525339777045840038423268418070207528959,624072697693511106356954619523889022336236175486058059301818204159,1,-1248145395387022212714157025049228799382076213909326477372025733118,-624072697693511106357078512524614399691038106954663238686012866559,624072697693511106356954619523889022336236175486058059301818204159
588,-624072697693511106357078512524614399691038106954663238686012866559,624072697693511106356954619523889022336236175486058059301818204159,1,1248145395387022212714033132048503422027274282440721297987831070718,-624072697693511106357078512524614399691038106954663238686012866559,624072697693511106357016566024251711013637141220360648993915535359
589,-624072697693511106357078512524614399691038106954663238686012866559,624072697693511106357016566024251711013637141220360648993915535359,1,-1248145395387022212714095078548866110704675248175023887679928401918,-624072697693511106357047539274433055352337624087511943839964200959,624072697693511106357016566024251711013637141220360648993915535359
590,-624072697693511106357047539274433055352337624087511943839964200959,624072697693511106357016566024251711013637141220360648993915535359,1,1248145395387022212714064105298684766365974765307872592833879736318,-624072697693511106357047539274433055352337624087511943839964200959,624072697693511106357032052649342383182987382653936296416939868159
591,-624072697693511106357047539274433055352337624087511943839964200959,624072697693511106357032052649342383182987382653936296416939868159,1,-1248145395387022212714079591923775438535325006741448240256904069118,-624072697693511106357039795961887719267662503370724120128452034559,624072697693511106357032052649342383182987382653936296416939868159
592,-624072697693511106357039795961887719267662503370724120128452034559,624072697693511106357032052649342383182987382653936296416939868159,1,1248145395387022212714071848611230102450649886024660416545391902718,-624072697693511106357039795961887719267662503370724120128452034559,624072697693511106357035924305615051225324943012330208272695951359
593,-624072697693511106357039795961887719267662503370724120128452034559,624072697693511106357035924305615051225324943012330208272695951359,1,-1248145395387022212714075720267502770492987446383054328401147985918,-624072697693511106357037860133751385246493723191527164200573992959,624072697693511106357035924305615051225324943012330208272695951359
594,-624072697693511106357037860133751385246493723191527164200573992959,624072697693511106357035924305615051225324943012330208272695951359,1,1248145395387022212714073784439366436471818666203857372473269944318,-624072697693511106357037860133751385246493723191527164200573992959,624072697693511106357036892219683218235909333101928686236634972159
595,-624072697693511106357037860133751385246493723191527164200573992959,624072697693511106357036892219683218235909333101928686236634972159,1,-1248145395387022212714074752353434603482403056293455850437208965118,-624072697693511106357037376176717301741201528146727925218604482559,624072697693511106357036892219683218235909333101928686236634972159
596,-624072697693511106357037376176717301741201528146727925218604482559,624072697693511106357036892219683218235909333101928686236634972159,1,1248145395387022212714074268396400519977110861248656611455239454718,-624072697693511106357037376176717301741201528146727925218604482559,624072697693511106357037134198200259988555430624328305727619727359
597,-624072697693511106357037376176717301741201528146727925218604482559,624072697693511106357037134198200259988555430624328305727619727359,1,-1248145395387022212714074510374917561729756958771056230946224209918,-624072697693511106357037255187458780864878479385528115473112104959,624072697693511106357037134198200259988555430624328305727619727359
598,-624072697693511106357037255187458780864878479385528115473112104959,624072697693511106357037134198200259988555430624328305727619727359,1,1248145395387022212714074389385659040853433910009856421200731832318,-624072697693511106357037255187458780864878479385528115473112104959,624072697693511106357037194692829520426716955004928210600365916159
599,-624072697693511106357037255187458780864878479385528115473112104959,624072697693511106357037194692829520426716955004928210600365916159,1,-1248145395387022212714074449880288301291595434390456326073478021118,-624072697693511106357037224940144150645797717195228163036739010559,624072697693511106357037194692829520426716955004928210600365916159
600,-624072697693511106357037224940144150645797717195228163036739010559,624072697693511106357037194692829520426716955004928210600365916159,1,1248145395387022212714074419632973671072514672200156373637104926718,-624072697693511106357037224940144150645797717195228163036739010559,624072697693511106357037209816486835536257336100078186818552463359
601,-624072697693511106357037224940144150645797717195228163036739010559,624072697693511106357037209816486835536257336100078186818552463359,1,-1248145395387022212714074434756630986182055053295306349855291473918,-624072697693511106357037217378315493091027526647653174927645736959,624072697693511106357037209816486835536257336100078186818552463359
602,-624072697693511106357037217378315493091027526647653174927645736959,624072697693511106357037209816486835536257336100078186818552463359,1,1248145395387022212714074427194802328627284862747731361746198200318,-624072697693511106357037217378315493091027526647653174927645736959,624072697693511106357037213597401164313642431373865680873099100159
603,-624072697693511106357037217378315493091027526647653174927645736959,624072697693511106357037213597401164313642431373865680873099100159,1,-1248145395387022212714074430975716657404669958021518855800744837118,-624072697693511106357037215487858328702334979010759427900372418559,624072697693511106357037213597401164313642431373865680873099100159
604,-624072697693511106357037215487858328702334979010759427900372418559,624072697693511106357037213597401164313642431373865680873099100159,1,1248145395387022212714074429085259493015977410384625108773471518718,-624072697693511106357037215487858328702334979010759427900372418559,624072697693511106357037214542629746507988705192312554386735759359
605,-624072697693511106357037215487858328702334979010759427900372418559,624072697693511106357037214542629746507988705192312554386735759359,1,-1248145395387022212714074430030488075210323684203071982287108177918,-624072697693511106357037215015244037605161842101535991143554088959,624072697693511106357037214542629746507988705192312554386735759359
606,-624072697693511106357037215015244037605161842101535991143554088959,624072697693511106357037214542629746507988705192312554386735759359,1,1248145395387022212714074429557873784113150547293848545530289848318,-624072697693511106357037215015244037605161842101535991143554088959,624072697693511106357037214778936892056575273646924272765144924159
607,-624072697693511106357037215015244037605161842101535991143554088959,624072697693511106357037214778936892056575273646924272765144924159,1,-1248145395387022212714074429794180929661737115748460263908699013118,-624072697693511106357037214897090464830868557874230131954349506559,624072697693511106357037214778936892056575273646924272765144924159
608,-624072697693511106357037214897090464830868557874230131954349506559,624072697693511106357037214778936892056575273646924272765144924159,1,1248145395387022212714074429676027356887443831521154404719494430718,-624072697693511106357037214897090464830868557874230131954349506559,624072697693511106357037214838013678443721915760577202359747215359
609,-624072697693511106357037214897090464830868557874230131954349506559,624072697693511106357037214838013678443721915760577202359747215359,1,-1248145395387022212714074429735104143274590473634807334314096721918,-624072697693511106357037214867552071637295236817403667157048360959,624072697693511106357037214838013678443721915760577202359747215359
610,-624072697693511106357037214867552071637295236817403667157048360959,624072697693511106357037214838013678443721915760577202359747215359,1,1248145395387022212714074429705565750081017152577980869516795576318,-624072697693511106357037214867552071637295236817403667157048360959,624072697693511106357037214852782875040508576288990434758397788159
611,-624072697693511106357037214867552071637295236817403667157048360959,624072697693511106357037214852782875040508576288990434758397788159,1,-1248145395387022212714074429720334946677803813106394101915446149118,-624072697693511106357037214860167473338901906553197050957723074559,624072697693511106357037214852782875040508576288990434758397788159
612,-624072697693511106357037214860167473338901906553197050957723074559,624072697693511106357037214852782875040508576288990434758397788159,1,1248145395387022212714074429712950348379410482842187485716120862718,-624072697693511106357037214860167473338901906553197050957723074559,624072697693511106357037214856475174189705241421093742858060431359
613,-624072697693511106357037214860167473338901906553197050957723074559,624072697693511106357037214856475174189705241421093742858060431359,1,-1248145395387022212714074429716642647528607147974290793815783505918,-624072697693511106357037214858321323764303573987145396907891752959,624072697693511106357037214856475174189705241421093742858060431359
614,-624072697693511106357037214858321323764303573987145396907891752959,624072697693511106357037214856475174189705241421093742858060431359,1,1248145395387022212714074429714796497954008815408239139765952184318,-624072697693511106357037214858321323764303573987145396907891752959,624072697693511106357037214857398248977004407704119569882976092159
615,-624072697693511106357037214858321323764303573987145396907891752959,624072697693511106357037214857398248977004407704119569882976092159,1,-1248145395387022212714074429715719572741307981691264966790867845118,-624072697693511106357037214857859786370653990845632483395433922559,624072697693511106357037214857398248977004407704119569882976092159
616,-624072697693511106357037214857859786370653990845632483395433922559,624072697693511106357037214857398248977004407704119569882976092159,1,1248145395387022212714074429715258035347658398549752053278410014718,-624072697693511106357037214857859786370653990845632483395433922559,624072697693511106357037214857629017673829199274876026639205007359
617,-624072697693511106357037214857859786370653990845632483395433922559,624072697693511106357037214857629017673829199274876026639205007359,1,-1248145395387022212714074429715488804044483190120508510034638929918,-624072697693511106357037214857744402022241595060254255017319464959,624072697693511106357037214857629017673829199274876026639205007359
618,-624072697693511106357037214857744402022241595060254255017319464959,624072697693511106357037214857629017673829199274876026639205007359,1,1248145395387022212714074429715373419696070794335130281656524472318,-624072697693511106357037214857744402022241595060254255017319464959,624072697693511106357037214857686709848035397167565140828262236159
619,-624072697693511106357037214857744402022241595060254255017319464959,624072697693511106357037214857686709848035397167565140828262236159,1,-1248145395387022212714074429715431111870276992227819395845581701118,-624072697693511106357037214857715555935138496113909697922790850559,624072697693511106357037214857686709848035397167565140828262236159
620,-624072697693511106357037214857715555935138496113909697922790850559,624072697693511106357037214857686709848035397167565140828262236159,1,1248145395387022212714074429715402265783173893281474838751053086718,-624072697693511106357037214857715555935138496113909697922790850559,624072697693511106357037214857701132891586946640737419375526543359
621,-624072697693511106357037214857715555935138496113909697922790850559,624072697693511106357037214857701132891586946640737419375526543359,1,-1248145395387022212714074429715416688826725442754647117298317393918,-624072697693511106357037214857708344413362721377323558649158696959,624072697693511106357037214857701132891586946640737419375526543359
622,-624072697693511106357037214857708344413362721377323558649158696959,624072697693511106357037214857701132891586946640737419375526543359,1,1248145395387022212714074429715409477304949668018060978024685240318,-624072697693511106357037214857708344413362721377323558649158696959,624072697693511106357037214857704738652474834009030489012342620159
623,-624072697693511106357037214857708344413362721377323558649158696959,624072697693511106357037214857704738652474834009030489012342620159,1,-1248145395387022212714074429715413083065837555386354047661501317118,-624072697693511106357037214857706541532918777693177023830750658559,624072697693511106357037214857704738652474834009030489012342620159
624,-624072697693511106357037214857706541532918777693177023830750658559,624072697693511106357037214857704738652474834009030489012342620159,1,1248145395387022212714074429715411280185393611702207512843093278718,-624072697693511106357037214857706541532918777693177023830750658559,624072697693511106357037214857705640092696805851103756421546639359
625,-624072697693511106357037214857706541532918777693177023830750658559,624072697693511106357037214857705640092696805851103756421546639359,1,-1248145395387022212714074429715412181625615583544280780252297297918,-624072697693511106357037214857706090812807791772140390126148648959,624072697693511106357037214857705640092696805851103756421546639359
626,-624072697693511106357037214857706090812807791772140390126148648959,624072697693511106357037214857705640092696805851103756421546639359,1,1248145395387022212714074429715411730905504597623244146547695288318,-624072697693511106357037214857706090812807791772140390126148648959,624072697693511106357037214857705865452752298811622073273847644159
627,-624072697693511106357037214857706090812807791772140390126148648959,624072697693511106357037214857705865452752298811622073273847644159,1,-1248145395387022212714074429715411956265560090583762463399996293118,-624072697693511106357037214857705978132780045291881231699998146559,624072697693511106357037214857705865452752298811622073273847644159
628,-624072697693511106357037214857705978132780045291881231699998146559,624072697693511106357037214857705865452752298811622073273847644159,1,1248145395387022212714074429715411843585532344103503304973845790718,-624072697693511106357037214857705978132780045291881231699998146559,624072697693511106357037214857705921792766172051751652486922895359
629,-624072697693511106357037214857705978132780045291881231699998146559,624072697693511106357037214857705921792766172051751652486922895359,1,-1248145395387022212714074429715411899925546217343632884186921041918,-624072697693511106357037214857705949962773108671816442093460520959,624072697693511106357037214857705921792766172051751652486922895359
630,-624072697693511106357037214857705949962773108671816442093460520959,624072697693511106357037214857705921792766172051751652486922895359,1,1248145395387022212714074429715411871755539280723568094580383416318,-624072697693511106357037214857705949962773108671816442093460520959,624072697693511106357037214857705935877769640361784047290191708159
631,-624072697693511106357037214857705949962773108671816442093460520959,624072697693511106357037214857705935877769640361784047290191708159,1,-1248145395387022212714074429715411885840542749033600489383652229118,-624072697693511106357037214857705942920271374516800244691826114559,624072697693511106357037214857705935877769640361784047290191708159
632,-624072697693511106357037214857705942920271374516800244691826114559,624072697693511106357037214857705935877769640361784047290191708159,1,1248145395387022212714074429715411878798041014878584291982017822718,-624072697693511106357037214857705942920271374516800244691826114559,624072697693511106357037214857705939399020507439292145991008911359
633,-624072697693511106357037214857705942920271374516800244691826114559,624072697693511106357037214857705939399020507439292145991008911359,1,-1248145395387022212714074429715411882319291881956092390682835025918,-624072697693511106357037214857705941159645940978046195341417512959,624072697693511106357037214857705939399020507439292145991008911359
634,-624072697693511106357037214857705941159645940978046195341417512959,624072697693511106357037214857705939399020507439292145991008911359,1,1248145395387022212714074429715411880558666448417338341332426424318,-624072697693511106357037214857705941159645940978046195341417512959,624072697693511106357037214857705940279333224208669170666213212159
635,-624072697693511106357037214857705941159645940978046195341417512959,624072697693511106357037214857705940279333224208669170666213212159,1,-1248145395387022212714074429715411881438979165186715366007630725118,-624072697693511106357037214857705940719489582593357683003815362559,624072697693511106357037214857705940279333224208669170666213212159
636,-624072697693511106357037214857705940719489582593357683003815362559,624072697693511106357037214857705940279333224208669170666213212159,1,1248145395387022212714074429715411880998822806802026853670028574718,-624072697693511106357037214857705940719489582593357683003815362559,624072697693511106357037214857705940499411403401013426835014287359
637,-624072697693511106357037214857705940719489582593357683003815362559,624072697693511106357037214857705940499411403401013426835014287359,1,-1248145395387022212714074429715411881218900985994371109838829649918,-624072697693511106357037214857705940609450492997185554919414824959,624072697693511106357037214857705940499411403401013426835014287359
638,-624072697693511106357037214857705940609450492997185554919414824959,624072697693511106357037214857705940499411403401013426835014287359,1,1248145395387022212714074429715411881108861896398198981754429112318,-624072697693511106357037214857705940609450492997185554919414824959,624072697693511106357037214857705940554430948199099490877214556159
639,-624072697693511106357037214857705940609450492997185554919414824959,624072697693511106357037214857705940554430948199099490877214556159,1,-1248145395387022212714074429715411881163881441196285045796629381118,-624072697693511106357037214857705940581940720598142522898314690559,624072697693511106357037214857705940554430948199099490877214556159
640,-624072697693511106357037214857705940581940720598142522898314690559,624072697693511106357037214857705940554430948199099490877214556159,1,1248145395387022212714074429715411881136371668797242013775529246718,-624072697693511106357037214857705940581940720598142522898314690559,624072697693511106357037214857705940568185834398621006887764623359
641,-624072697693511106357037214857705940581940720598142522898314690559,624072697693511106357037214857705940568185834398621006887764623359,1,-1248145395387022212714074429715411881150126554996763529786079313918,-624072697693511106357037214857705940575063277498381764893039656959,624072697693511106357037214857705940568185834398621006887764623359
642,-624072697693511106357037214857705940575063277498381764893039656959,624072697693511106357037214857705940568185834398621006887764623359,1,1248145395387022212714074429715411881143249111897002771780804280318,-624072697693511106357037214857705940575063277498381764893039656959,624072697693511106357037214857705940571624555948501385890402140159
643,-624072697693511106357037214857705940575063277498381764893039656959,624072697693511106357037214857705940571624555948501385890402140159,1,-1248145395387022212714074429715411881146687833446883150783441797118,-624072697693511106357037214857705940573343916723441575391720898559,624072697693511106357037214857705940571624555948501385890402140159
644,-624072697693511106357037214857705940573343916723441575391720898559,624072697693511106357037214857705940571624555948501385890402140159,1,1248145395387022212714074429715411881144968472671942961282123038718,-624072697693511106357037214857705940573343916723441575391720898559,624072697693511106357037214857705940572484236335971480641061519359
645,-624072697693511106357037214857705940573343916723441575391720898559,624072697693511106357037214857705940572484236335971480641061519359,1,-1248145395387022212714074429715411881145828153059413056032782417918,-624072697693511106357037214857705940572914076529706528016391208959,624072697693511106357037214857705940572484236335971480641061519359
646,-624072697693511106357037214857705940572914076529706528016391208959,624072697693511106357037214857705940572484236335971480641061519359,1,1248145395387022212714074429715411881145398312865678008657452728318,-624072697693511106357037214857705940572914076529706528016391208959,624072697693511106357037214857705940572699156432839004328726364159
647,-624072697693511106357037214857705940572914076529706528016391208959,624072697693511106357037214857705940572699156432839004328726364159,1,-1248145395387022212714074429715411881145613232962545532345117573118,-624072697693511106357037214857705940572806616481272766172558786559,624072697693511106357037214857705940572699156432839004328726364159
648,-624072697693511106357037214857705940572806616481272766172558786559,624072697693511106357037214857705940572699156432839004328726364159,1,1248145395387022212714074429715411881145505772914111770501285150718,-624072697693511106357037214857705940572806616481272766172558786559,624072697693511106357037214857705940572752886457055885250642575359
649,-624072697693511106357037214857705940572806616481272766172558786559,624072697693511106357037214857705940572752886457055885250642575359,1,-1248145395387022212714074429715411881145559502938328651423201361918,-624072697693511106357037214857705940572779751469164325711600680959,624072697693511106357037214857705940572752886457055885250642575359
650,-624072697693511106357037214857705940572779751469164325711600680959,624072697693511106357037214857705940572752886457055885250642575359,1,1248145395387022212714074429715411881145532637926220210962243256318,-624072697693511106357037214857705940572779751469164325711600680959,624072697693511106357037214857705940572766318963110105481121628159
651,-624072697693511106357037214857705940572779751469164325711600680959,624072697693511106357037214857705940572766318963110105481121628159,1,-1248145395387022212714074429715411881145546070432274431192722309118,-624072697693511106357037214857705940572773035216137215596361154559,624072697693511106357037214857705940572766318963110105481121628159
652,-624072697693511106357037214857705940572773035216137215596361154559,624072697693511106357037214857705940572766318963110105481121628159,1,1248145395387022212714074429715411881145539354179247321077482782718,-624072697693511106357037214857705940572773035216137215596361154559,624072697693511106357037214857705940572769677089623660538741391359
653,-624072697693511106357037214857705940572773035216137215596361154559,624072697693511106357037214857705940572769677089623660538741391359,1,-1248145395387022212714074429715411881145542712305760876135102545918,-624072697693511106357037214857705940572771356152880438067551272959,624072697693511106357037214857705940572769677089623660538741391359
654,-624072697693511106357037214857705940572771356152880438067551272959,624072697693511106357037214857705940572769677089623660538741391359,1,1248145395387022212714074429715411881145541033242504098606292664318,-624072697693511106357037214857705940572771356152880438067551272959,624072697693511106357037214857705940572770516621252049303146332159
655,-624072697693511106357037214857705940572771356152880438067551272959,624072697693511106357037214857705940572770516621252049303146332159,1,-1248145395387022212714074429715411881145541872774132487370697605118,-624072697693511106357037214857705940572770936387066243685348802559,624072697693511106357037214857705940572770516621252049303146332159
656,-624072697693511106357037214857705940572770936387066243685348802559,624072697693511106357037214857705940572770516621252049303146332159,1,1248145395387022212714074429715411881145541453008318292988495134718,-624072697693511106357037214857705940572770936387066243685348802559,624072697693511106357037214857705940572770726504159146494247567359
657,-624072697693511106357037214857705940572770936387066243685348802559,624072697693511106357037214857705940572770726504159146494247567359,1,-1248145395387022212714074429715411881145541662891225390179596369918,-624072697693511106357037214857705940572770831445612695089798184959,624072697693511106357037214857705940572770726504159146494247567359
658,-624072697693511106357037214857705940572770831445612695089798184959,624072697693511106357037214857705940572770726504159146494247567359,1,1248145395387022212714074429715411881145541557949771841584045752318,-624072697693511106357037214857705940572770831445612695089798184959,624072697693511106357037214857705940572770778974885920792022876159
659,-624072697693511106357037214857705940572770831445612695089798184959,624072697693511106357037214857705940572770778974885920792022876159,1,-1248145395387022212714074429715411881145541610420498615881821061118,-624072697693511106357037214857705940572770805210249307940910530559,624072697693511106357037214857705940572770778974885920792022876159
660,-624072697693511106357037214857705940572770805210249307940910530559,624072697693511106357037214857705940572770778974885920792022876159,1,1248145395387022212714074429715411881145541584185135228732933406718,-624072697693511106357037214857705940572770805210249307940910530559,624072697693511106357037214857705940572770792092567614366466703359
661,-624072697693511106357037214857705940572770805210249307940910530559,624072697693511106357037214857705940572770792092567614366466703359,1,-1248145395387022212714074429715411881145541597302816922307377233918,-624072697693511106357037214857705940572770798651408461153688616959,624072697693511106357037214857705940572770792092567614366466703359
662,-624072697693511106357037214857705940572770798651408461153688616959,624072697693511106357037214857705940572770792092567614366466703359,1,1248145395387022212714074429715411881145541590743976075520155320318,-624072697693511106357037214857705940572770798651408461153688616959,624072697693511106357037214857705940572770795371988037760077660159
663,-624072697693511106357037214857705940572770798651408461153688616959,624072697693511106357037214857705940572770795371988037760077660159,1,-1248145395387022212714074429715411881145541594023396498913766277118,-624072697693511106357037214857705940572770797011698249456883138559,624072697693511106357037214857705940572770795371988037760077660159
664,-624072697693511106357037214857705940572770797011698249456883138559,624072697693511106357037214857705940572770795371988037760077660159,1,1248145395387022212714074429715411881145541592383686287216960798718,-624072697693511106357037214857705940572770797011698249456883138559,624072697693511106357037214857705940572770796191843143608480399359
665,-624072697693511106357037214857705940572770797011698249456883138559,624072697693511106357037214857705940572770796191843143608480399359,1,-1248145395387022212714074429715411881145541593203541393065363537918,-624072697693511106357037214857705940572770796601770696532681768959,624072697693511106357037214857705940572770796191843143608480399359
666,-624072697693511106357037214857705940572770796601770696532681768959,624072697693511106357037214857705940572770796191843143608480399359,1,1248145395387022212714074429715411881145541592793613840141162168318,-624072697693511106357037214857705940572770796601770696532681768959,624072697693511106357037214857705940572770796396806920070581084159
667,-624072697693511106357037214857705940572770796601770696532681768959,624072697693511106357037214857705940572770796396806920070581084159,1,-1248145395387022212714074429715411881145541592998577616603262853118,-624072697693511106357037214857705940572770796499288808301631426559,624072697693511106357037214857705940572770796396806920070581084159
668,-624072697693511106357037214857705940572770796499288808301631426559,624072697693511106357037214857705940572770796396806920070581084159,1,1248145395387022212714074429715411881145541592896095728372212510718,-624072697693511106357037214857705940572770796499288808301631426559,624072697693511106357037214857705940572770796448047864186106255359
669,-624072697693511106357037214857705940572770796499288808301631426559,624072697693511106357037214857705940572770796448047864186106255359,1,-1248145395387022212714074429715411881145541592947336672487737681918,-624072697693511106357037214857705940572770796473668336243868840959,624072697693511106357037214857705940572770796448047864186106255359
670,-624072697693511106357037214857705940572770796473668336243868840959,624072697693511106357037214857705940572770796448047864186106255359,1,1248145395387022212714074429715411881145541592921716200429975096318,-624072697693511106357037214857705940572770796473668336243868840959,624072697693511106357037214857705940572770796460858100214987548159
671,-624072697693511106357037214857705940572770796473668336243868840959,624072697693511106357037214857705940572770796460858100214987548159,1,-1248145395387022212714074429715411881145541592934526436458856389118,-624072697693511106357037214857705940572770796467263218229428194559,624072697693511106357037214857705940572770796460858100214987548159
672,-624072697693511106357037214857705940572770796467263218229428194559,624072697693511106357037214857705940572770796460858100214987548159,1,1248145395387022212714074429715411881145541592928121318444415742718,-624072697693511106357037214857705940572770796467263218229428194559,624072697693511106357037214857705940572770796464060659222207871359
673,-624072697693511106357037214857705940572770796467263218229428194559,624072697693511106357037214857705940572770796464060659222207871359,1,-1248145395387022212714074429715411881145541592931323877451636065918,-624072697693511106357037214857705940572770796465661938725818032959,624072697693511106357037214857705940572770796464060659222207871359
674,-624072697693511106357037214857705940572770796465661938725818032959,624072697693511106357037214857705940572770796464060659222207871359,1,1248145395387022212714074429715411881145541592929722597948025904318,-624072697693511106357037214857705940572770796465661938725818032959,624072697693511106357037214857705940572770796464861298974012952159
675,-624072697693511106357037214857705940572770796465661938725818032959,624072697693511106357037214857705940572770796464861298974012952159,1,-1248145395387022212714074429715411881145541592930523237699830985118,-624072697693511106357037214857705940572770796465261618849915492559,624072697693511106357037214857705940572770796464861298974012952159
676,-624072697693511106357037214857705940572770796465261618849915492559,624072697693511106357037214857705940572770796464861298974012952159,1,1248145395387022212714074429715411881145541592930122917823928444718,-624072697693511106357037214857705940572770796465261618849915492559,624072697693511106357037214857705940572770796465061458911964222359
677,-624072697693511106357037214857705940572770796465261618849915492559,624072697693511106357037214857705940572770796465061458911964222359,1,-1248145395387022212714074429715411881145541592930323077761879714918,-624072697693511106357037214857705940572770796465161538880939857459,624072697693511106357037214857705940572770796465061458911964222359
678,-624072697693511106357037214857705940572770796465161538880939857459,624072697693511106357037214857705940572770796465061458911964222359,1,1248145395387022212714074429715411881145541592930222997792904079818,-624072697693511106357037214857705940572770796465161538880939857459,624072697693511106357037214857705940572770796465111498896452039909
679,-624072697693511106357037214857705940572770796465161538880939857459,624072697693511106357037214857705940572770796465111498896452039909,0,-50039984487817550,-25019992243908775,624072697693511106357037214857705940572770796465111498896452039909
680,-25019992243908775,624072697693511106357037214857705940572770796465111498896452039909,0,624072697693511106357037214857705940572770796465086478904208131134,-25019992243908775,312036348846755553178518607428852970286385398232543239452104065567
681,-25019992243908775,312036348846755553178518607428852970286385398232543239452104065567,1,-312036348846755553178518607428852970286385398232568259444347974342,-156018174423377776589259303714426485143192699116284129722173987171,312036348846755553178518607428852970286385398232543239452104065567
682,-156018174423377776589259303714426485143192699116284129722173987171,312036348846755553178518607428852970286385398232543239452104065567,1,468054523270133329767777911143279455429578097348827369174278052738,-156018174423377776589259303714426485143192699116284129722173987171,234027261635066664883888955571639727714789048674413684587139026369
683,-156018174423377776589259303714426485143192699116284129722173987171,234027261635066664883888955571639727714789048674413684587139026369,0,78009087211688888294629651857213242571596349558129554864965039198,39004543605844444147314825928606621285798174779064777432482519599,234027261635066664883888955571639727714789048674413684587139026369
684,39004543605844444147314825928606621285798174779064777432482519599,234027261635066664883888955571639727714789048674413684587139026369,1,195022718029222220736574129643033106428990873895348907154656506770,39004543605844444147314825928606621285798174779064777432482519599,97511359014611110368287064821516553214495436947674453577328253385
685,39004543605844444147314825928606621285798174779064777432482519599,97511359014611110368287064821516553214495436947674453577328253385,1,-58506815408766666220972238892909931928697262168609676144845733786,-29253407704383333110486119446454965964348631084304838072422866893,97511359014611110368287064821516553214495436947674453577328253385
686,-29253407704383333110486119446454965964348631084304838072422866893,97511359014611110368287064821516553214495436947674453577328253385,1,126764766718994443478773184267971519178844068031979291649751120278,-29253407704383333110486119446454965964348631084304838072422866893,63382383359497221739386592133985759589422034015989645824875560139
687,-29253407704383333110486119446454965964348631084304838072422866893,63382383359497221739386592133985759589422034015989645824875560139,0,34128975655113888628900472687530793625073402931684807752452693246,17064487827556944314450236343765396812536701465842403876226346623,63382383359497221739386592133985759589422034015989645824875560139
688,17064487827556944314450236343765396812536701465842403876226346623,63382383359497221739386592133985759589422034015989645824875560139,0,80446871187054166053836828477751156401958735481832049701101906762,17064487827556944314450236343765396812536701465842403876226346623,40223435593527083026918414238875578200979367740916024850550953381
689,17064487827556944314450236343765396812536701465842403876226346623,40223435593527083026918414238875578200979367740916024850550953381,1,-23158947765970138712468177895110181388442666275073620974324606758,-11579473882985069356234088947555090694221333137536810487162303379,40223435593527083026918414238875578200979367740916024850550953381
690,-11579473882985069356234088947555090694221333137536810487162303379,40223435593527083026918414238875578200979367740916024850550953381,0,28643961710542013670684325291320487506758034603379214363388650002,-11579473882985069356234088947555090694221333137536810487162303379,14321980855271006835342162645660243753379017301689607181694325001
691,-11579473882985069356234088947555090694221333137536810487162303379,14321980855271006835342162645660243753379017301689607181694325001,0,2742506972285937479108073698105153059157684164152796694532021622,1371253486142968739554036849052576529578842082076398347266010811,14321980855271006835342162645660243753379017301689607181694325001
692,1371253486142968739554036849052576529578842082076398347266010811,14321980855271006835342162645660243753379017301689607181694325001,1,12950727369128038095788125796607667223800175219613208834428314190,1371253486142968739554036849052576529578842082076398347266010811,6475363684564019047894062898303833611900087609806604417214157095
693,1371253486142968739554036849052576529578842082076398347266010811,6475363684564019047894062898303833611900087609806604417214157095,0,7846617170706987787448099747356410141478929691883002764480167906,3923308585353493893724049873678205070739464845941501382240083953,6475363684564019047894062898303833611900087609806604417214157095
694,3923308585353493893724049873678205070739464845941501382240083953,6475363684564019047894062898303833611900087609806604417214157095,1,2552055099210525154170013024625628541160622763865103034974073142,3923308585353493893724049873678205070739464845941501382240083953,1276027549605262577085006512312814270580311381932551517487036571
695,3923308585353493893724049873678205070739464845941501382240083953,1276027549605262577085006512312814270580311381932551517487036571,1,2647281035748231316639043361365390800159153464008949864753047382,1323640517874115658319521680682695400079576732004474932376523691,1276027549605262577085006512312814270580311381932551517487036571
696,1323640517874115658319521680682695400079576732004474932376523691,1276027549605262577085006512312814270580311381932551517487036571,0,2599668067479378235404528192995509670659888113937026449863560262,1323640517874115658319521680682695400079576732004474932376523691,1299834033739689117702264096497754835329944056968513224931780131
697,1323640517874115658319521680682695400079576732004474932376523691,1299834033739689117702264096497754835329944056968513224931780131,0,2623474551613804776021785777180450235409520788972988157308303822,1311737275806902388010892888590225117704760394486494078654151911,1299834033739689117702264096497754835329944056968513224931780131
698,1311737275806902388010892888590225117704760394486494078654151911,1299834033739689117702264096497754835329944056968513224931780131,0,2611571309546591505713156985087979953034704451455007303585932042,1311737275806902388010892888590225117704760394486494078654151911,1305785654773295752856578492543989976517352225727503651792966021
699,1311737275806902388010892888590225117704760394486494078654151911,1305785654773295752856578492543989976517352225727503651792966021,1,5951621033606635154314396046235141187408168758990426861185890,2975810516803317577157198023117570593704084379495213430592945,1305785654773295752856578492543989976517352225727503651792966021
700,2975810516803317577157198023117570593704084379495213430592945,1305785654773295752856578492543989976517352225727503651792966021,0,1308761465290099070433735690567107547111056310106998865223558966,2975810516803317577157198023117570593704084379495213430592945,654380732645049535216867845283553773555528155053499432611779483
701,2975810516803317577157198023117570593704084379495213430592945,654380732645049535216867845283553773555528155053499432611779483,1,-651404922128246217639710647260436202961824070674004219181186538,-325702461064123108819855323630218101480912035337002109590593269,654380732645049535216867845283553773555528155053499432611779483
702,-325702461064123108819855323630218101480912035337002109590593269,654380732645049535216867845283553773555528155053499432611779483,0,328678271580926426397012521653335672074616119716497323021186214,-325702461064123108819855323630218101480912035337002109590593269,164339135790463213198506260826667836037308059858248661510593107
703,-325702461064123108819855323630218101480912035337002109590593269,164339135790463213198506260826667836037308059858248661510593107,0,-161363325273659895621349062803550265443603975478753448080000162,-80681662636829947810674531401775132721801987739376724040000081,164339135790463213198506260826667836037308059858248661510593107
704,-80681662636829947810674531401775132721801987739376724040000081,164339135790463213198506260826667836037308059858248661510593107,0,83657473153633265387831729424892703315506072118871937470593026,-80681662636829947810674531401775132721801987739376724040000081,41828736576816632693915864712446351657753036059435968735296513
705,-80681662636829947810674531401775132721801987739376724040000081,41828736576816632693915864712446351657753036059435968735296513,1,-122510399213646580504590396114221484379555023798812692775296594,-61255199606823290252295198057110742189777511899406346387648297,41828736576816632693915864712446351657753036059435968735296513
706,-61255199606823290252295198057110742189777511899406346387648297,41828736576816632693915864712446351657753036059435968735296513,1,103083936183639922946211062769557093847530547958842315122944810,-61255199606823290252295198057110742189777511899406346387648297,51541968091819961473105531384778546923765273979421157561472405
707,-61255199606823290252295198057110742189777511899406346387648297,51541968091819961473105531384778546923765273979421157561472405,1,-112797167698643251725400729441889289113542785878827503949120702,-56398583849321625862700364720944644556771392939413751974560351,51541968091819961473105531384778546923765273979421157561472405
708,-56398583849321625862700364720944644556771392939413751974560351,51541968091819961473105531384778546923765273979421157561472405,0,-4856615757501664389594833336166097633006118959992594413087946,-56398583849321625862700364720944644556771392939413751974560351,-2428307878750832194797416668083048816503059479996297206543973
709,-56398583849321625862700364720944644556771392939413751974560351,-2428307878750832194797416668083048816503059479996297206543973,1,-53970275970570793667902948052861595740268333459417454768016378,-26985137985285396833951474026430797870134166729708727384008189,-2428307878750832194797416668083048816503059479996297206543973
710,-26985137985285396833951474026430797870134166729708727384008189,-2428307878750832194797416668083048816503059479996297206543973,0,-29413445864036229028748890694513846686637226209705024590552162,-26985137985285396833951474026430797870134166729708727384008189,-14706722932018114514374445347256923343318613104852512295276081
711,-26985137985285396833951474026430797870134166729708727384008189,-14706722932018114514374445347256923343318613104852512295276081,0,-41691860917303511348325919373687721213452779834561239679284270,-20845930458651755674162959686843860606726389917280619839642135,-14706722932018114514374445347256923343318613104852512295276081
712,-20845930458651755674162959686843860606726389917280619839642135,-14706722932018114514374445347256923343318613104852512295276081,1,6139207526633641159788514339586937263407776812428107544366054,-20845930458651755674162959686843860606726389917280619839642135,3069603763316820579894257169793468631703888406214053772183027
713,-20845930458651755674162959686843860606726389917280619839642135,3069603763316820579894257169793468631703888406214053772183027,1,-23915534221968576254057216856637329238430278323494673611825162,-11957767110984288127028608428318664619215139161747336805912581,3069603763316820579894257169793468631703888406214053772183027
714,-11957767110984288127028608428318664619215139161747336805912581,3069603763316820579894257169793468631703888406214053772183027,0,-8888163347667467547134351258525195987511250755533283033729554,-11957767110984288127028608428318664619215139161747336805912581,-4444081673833733773567175629262597993755625377766641516864777
715,-11957767110984288127028608428318664619215139161747336805912581,-4444081673833733773567175629262597993755625377766641516864777,0,-16401848784818021900595784057581262612970764539513978322777358,-8200924392409010950297892028790631306485382269756989161388679,-4444081673833733773567175629262597993755625377766641516864777
716,-8200924392409010950297892028790631306485382269756989161388679,-4444081673833733773567175629262597993755625377766641516864777,1,3756842718575277176730716399528033312729756891990347644523902,-8200924392409010950297892028790631306485382269756989161388679,1878421359287638588365358199764016656364878445995173822261951
717,-8200924392409010950297892028790631306485382269756989161388679,1878421359287638588365358199764016656364878445995173822261951,1,-10079345751696649538663250228554647962850260715752162983650630,-5039672875848324769331625114277323981425130357876081491825315,1878421359287638588365358199764016656364878445995173822261951
718,-5039672875848324769331625114277323981425130357876081491825315,1878421359287638588365358199764016656364878445995173822261951,1,6918094235135963357696983314041340637790008803871255314087266,-5039672875848324769331625114277323981425130357876081491825315,3459047117567981678848491657020670318895004401935627657043633
719,-5039672875848324769331625114277323981425130357876081491825315,3459047117567981678848491657020670318895004401935627657043633,0,-1580625758280343090483133457256653662530125955940453834781682,-790312879140171545241566728628326831265062977970226917390841,3459047117567981678848491657020670318895004401935627657043633
720,-790312879140171545241566728628326831265062977970226917390841,3459047117567981678848491657020670318895004401935627657043633,1,4249359996708153224090058385648997150160067379905854574434474,-790312879140171545241566728628326831265062977970226917390841,2124679998354076612045029192824498575080033689952927287217237
721,-790312879140171545241566728628326831265062977970226917390841,2124679998354076612045029192824498575080033689952927287217237,1,-2914992877494248157286595921452825406345096667923154204608078,-1457496438747124078643297960726412703172548333961577102304039,2124679998354076612045029192824498575080033689952927287217237
722,-1457496438747124078643297960726412703172548333961577102304039,2124679998354076612045029192824498575080033689952927287217237,0,667183559606952533401731232098085871907485355991350184913198,-1457496438747124078643297960726412703172548333961577102304039,333591779803476266700865616049042935953742677995675092456599
723,-1457496438747124078643297960726412703172548333961577102304039,333591779803476266700865616049042935953742677995675092456599,1,-1791088218550600345344163576775455639126291011957252194760638,-895544109275300172672081788387727819563145505978626097380319,333591779803476266700865616049042935953742677995675092456599
724,-895544109275300172672081788387727819563145505978626097380319,333591779803476266700865616049042935953742677995675092456599,1,1229135889078776439372947404436770755516888183974301189836918,-895544109275300172672081788387727819563145505978626097380319,614567944539388219686473702218385377758444091987150594918459
725,-895544109275300172672081788387727819563145505978626097380319,614567944539388219686473702218385377758444091987150594918459,1,-1510112053814688392358555490606113197321589597965776692298778,-755056026907344196179277745303056598660794798982888346149389,614567944539388219686473702218385377758444091987150594918459
726,-755056026907344196179277745303056598660794798982888346149389,614567944539388219686473702218385377758444091987150594918459,0,-140488082367955976492804043084671220902350706995737751230930,-755056026907344196179277745303056598660794798982888346149389,-70244041183977988246402021542335610451175353497868875615465
727,-755056026907344196179277745303056598660794798982888346149389,-70244041183977988246402021542335610451175353497868875615465,0,-825300068091322184425679766845392209111970152480757221764854,-412650034045661092212839883422696104555985076240378610882427,-70244041183977988246402021542335610451175353497868875615465
728,-412650034045661092212839883422696104555985076240378610882427,-70244041183977988246402021542335610451175353497868875615465,1,342405992861683103966437861880360494104809722742509735266962,-412650034045661092212839883422696104555985076240378610882427,171202996430841551983218930940180247052404861371254867633481
729,-412650034045661092212839883422696104555985076240378610882427,171202996430841551983218930940180247052404861371254867633481,0,-241447037614819540229620952482515857503580214869123743248946,-120723518807409770114810476241257928751790107434561871624473,171202996430841551983218930940180247052404861371254867633481
730,-120723518807409770114810476241257928751790107434561871624473,171202996430841551983218930940180247052404861371254867633481,1,291926515238251322098029407181438175804194968805816739257954,-120723518807409770114810476241257928751790107434561871624473,145963257619125661049014703590719087902097484402908369628977
731,-120723518807409770114810476241257928751790107434561871624473,145963257619125661049014703590719087902097484402908369628977,1,-266686776426535431163825179831977016653887591837470241253450,-133343388213267715581912589915988508326943795918735120626725,145963257619125661049014703590719087902097484402908369628977
732,-133343388213267715581912589915988508326943795918735120626725,145963257619125661049014703590719087902097484402908369628977,1,279306645832393376630927293506707596229041280321643490255702,-133343388213267715581912589915988508326943795918735120626725,139653322916196688315463646753353798114520640160821745127851
733,-133343388213267715581912589915988508326943795918735120626725,139653322916196688315463646753353798114520640160821745127851,0,6309934702928972733551056837365289787576844242086624501126,3154967351464486366775528418682644893788422121043312250563,139653322916196688315463646753353798114520640160821745127851
734,3154967351464486366775528418682644893788422121043312250563,139653322916196688315463646753353798114520640160821745127851,0,142808290267661174682239175172036443008309062281865057378414,3154967351464486366775528418682644893788422121043312250563,71404145133830587341119587586018221504154531140932528689207
735,3154967351464486366775528418682644893788422121043312250563,71404145133830587341119587586018221504154531140932528689207,0,74559112485295073707895116004700866397942953261975840939770,37279556242647536853947558002350433198971476630987920469885,71404145133830587341119587586018221504154531140932528689207
736,37279556242647536853947558002350433198971476630987920469885,71404145133830587341119587586018221504154531140932528689207,1,34124588891183050487172029583667788305183054509944608219322,37279556242647536853947558002350433198971476630987920469885,17062294445591525243586014791833894152591527254972304109661
737,37279556242647536853947558002350433198971476630987920469885,17062294445591525243586014791833894152591527254972304109661,0,54341850688239062097533572794184327351563003885960224579546,27170925344119531048766786397092163675781501942980112289773,17062294445591525243586014791833894152591527254972304109661
738,27170925344119531048766786397092163675781501942980112289773,17062294445591525243586014791833894152591527254972304109661,0,44233219789711056292352801188926057828373029197952416399434,27170925344119531048766786397092163675781501942980112289773,22116609894855528146176400594463028914186514598976208199717
739,27170925344119531048766786397092163675781501942980112289773,22116609894855528146176400594463028914186514598976208199717,0,49287535238975059194943186991555192589968016541956320489490,24643767619487529597471593495777596294984008270978160244745,22116609894855528146176400594463028914186514598976208199717
740,24643767619487529597471593495777596294984008270978160244745,22116609894855528146176400594463028914186514598976208199717,0,46760377514343057743647994090240625209170522869954368444462,24643767619487529597471593495777596294984008270978160244745,23380188757171528871823997045120312604585261434977184222231
741,24643767619487529597471593495777596294984008270978160244745,23380188757171528871823997045120312604585261434977184222231,1,1263578862316000725647596450657283690398746836000976022514,631789431158000362823798225328641845199373418000488011257,23380188757171528871823997045120312604585261434977184222231
742,631789431158000362823798225328641845199373418000488011257,23380188757171528871823997045120312604585261434977184222231,1,22748399326013528509000198819791670759385888016976696210974,631789431158000362823798225328641845199373418000488011257,11374199663006764254500099409895835379692944008488348105487
743,631789431158000362823798225328641845199373418000488011257,11374199663006764254500099409895835379692944008488348105487,1,-10742410231848763891676301184567193534493570590487860094230,-5371205115924381945838150592283596767246785295243930047115,11374199663006764254500099409895835379692944008488348105487
744,-5371205115924381945838150592283596767246785295243930047115,11374199663006764254500099409895835379692944008488348105487,1,16745404778931146200338250002179432146939729303732278152602,-5371205115924381945838150592283596767246785295243930047115,8372702389465573100169125001089716073469864651866139076301
745,-5371205115924381945838150592283596767246785295243930047115,8372702389465573100169125001089716073469864651866139076301,0,3001497273541191154330974408806119306223079356622209029186,1500748636770595577165487204403059653111539678311104514593,8372702389465573100169125001089716073469864651866139076301
746,1500748636770595577165487204403059653111539678311104514593,8372702389465573100169125001089716073469864651866139076301,0,9873451026236168677334612205492775726581404330177243590894,1500748636770595577165487204403059653111539678311104514593,4936725513118084338667306102746387863290702165088621795447
747,1500748636770595577165487204403059653111539678311104514593,4936725513118084338667306102746387863290702165088621795447,1,-3435976876347488761501818898343328210179162486777517280854,-1717988438173744380750909449171664105089581243388758640427,4936725513118084338667306102746387863290702165088621795447
748,-1717988438173744380750909449171664105089581243388758640427,4936725513118084338667306102746387863290702165088621795447,1,6654713951291828719418215551918051968380283408477380435874,-1717988438173744380750909449171664105089581243388758640427,3327356975645914359709107775959025984190141704238690217937
749,-1717988438173744380750909449171664105089581243388758640427,3327356975645914359709107775959025984190141704238690217937,0,1609368537472169978958198326787361879100560460849931577510,804684268736084989479099163393680939550280230424965788755,3327356975645914359709107775959025984190141704238690217937
750,804684268736084989479099163393680939550280230424965788755,3327356975645914359709107775959025984190141704238690217937,1,2522672706909829370230008612565345044639861473813724429182,804684268736084989479099163393680939550280230424965788755,1261336353454914685115004306282672522319930736906862214591
751,804684268736084989479099163393680939550280230424965788755,1261336353454914685115004306282672522319930736906862214591,0,2066020622190999674594103469676353461870210967331828003346,1033010311095499837297051734838176730935105483665914001673,1261336353454914685115004306282672522319930736906862214591
752,1033010311095499837297051734838176730935105483665914001673,1261336353454914685115004306282672522319930736906862214591,1,228326042359414847817952571444495791384825253240948212918,1033010311095499837297051734838176730935105483665914001673,114163021179707423908976285722247895692412626620474106459
753,1033010311095499837297051734838176730935105483665914001673,114163021179707423908976285722247895692412626620474106459,1,918847289915792413388075449115928835242692857045439895214,459423644957896206694037724557964417621346428522719947607,114163021179707423908976285722247895692412626620474106459
754,459423644957896206694037724557964417621346428522719947607,114163021179707423908976285722247895692412626620474106459,0,573586666137603630603014010280212313313759055143194054066,459423644957896206694037724557964417621346428522719947607,286793333068801815301507005140106156656879527571597027033
755,459423644957896206694037724557964417621346428522719947607,286793333068801815301507005140106156656879527571597027033,1,172630311889094391392530719417858260964466900951122920574,86315155944547195696265359708929130482233450475561460287,286793333068801815301507005140106156656879527571597027033
756,86315155944547195696265359708929130482233450475561460287,286793333068801815301507005140106156656879527571597027033,1,200478177124254619605241645431177026174646077096035566746,86315155944547195696265359708929130482233450475561460287,100239088562127309802620822715588513087323038548017783373
757,86315155944547195696265359708929130482233450475561460287,100239088562127309802620822715588513087323038548017783373,1,-13923932617580114106355463006659382605089588072456323086,-6961966308790057053177731503329691302544794036228161543,100239088562127309802620822715588513087323038548017783373
758,-6961966308790057053177731503329691302544794036228161543,100239088562127309802620822715588513087323038548017783373,0,93277122253337252749443091212258821784778244511789621830,-6961966308790057053177731503329691302544794036228161543,46638561126668626374721545606129410892389122255894810915
759,-6961966308790057053177731503329691302544794036228161543,46638561126668626374721545606129410892389122255894810915,1,-53600527435458683427899277109459102194933916292122972458,-26800263717729341713949638554729551097466958146061486229,46638561126668626374721545606129410892389122255894810915
760,-26800263717729341713949638554729551097466958146061486229,46638561126668626374721545606129410892389122255894810915,0,19838297408939284660771907051399859794922164109833324686,-26800263717729341713949638554729551097466958146061486229,9919148704469642330385953525699929897461082054916662343
761,-26800263717729341713949638554729551097466958146061486229,9919148704469642330385953525699929897461082054916662343,0,-16881115013259699383563685029029621200005876091144823886,-8440557506629849691781842514514810600002938045572411943,9919148704469642330385953525699929897461082054916662343
762,-8440557506629849691781842514514810600002938045572411943,9919148704469642330385953525699929897461082054916662343,1,18359706211099492022167796040214740497464020100489074286,-8440557506629849691781842514514810600002938045572411943,9179853105549746011083898020107370248732010050244537143
763,-8440557506629849691781842514514810600002938045572411943,9179853105549746011083898020107370248732010050244537143,1,-17620410612179595702865740534622180848734948095816949086,-8810205306089797851432870267311090424367474047908474543,9179853105549746011083898020107370248732010050244537143
764,-8810205306089797851432870267311090424367474047908474543,9179853105549746011083898020107370248732010050244537143,1,17990058411639543862516768287418460673099484098153011686,-8810205306089797851432870267311090424367474047908474543,8995029205819771931258384143709230336549742049076505843
765,-8810205306089797851432870267311090424367474047908474543,8995029205819771931258384143709230336549742049076505843,1,-17805234511909569782691254411020320760917216096984980386,-8902617255954784891345627205510160380458608048492490193,8995029205819771931258384143709230336549742049076505843
766,-8902617255954784891345627205510160380458608048492490193,8995029205819771931258384143709230336549742049076505843,0,92411949864987039912756938199069956091134000584015650,-8902617255954784891345627205510160380458608048492490193,46205974932493519956378469099534978045567000292007825
767,-8902617255954784891345627205510160380458608048492490193,46205974932493519956378469099534978045567000292007825,1,-8948823230887278411302005674609695358504175048784498018,-4474411615443639205651002837304847679252087524392249009,46205974932493519956378469099534978045567000292007825
768,-4474411615443639205651002837304847679252087524392249009,46205974932493519956378469099534978045567000292007825,1,4520617590376132725607381306404382657297654524684256834,-4474411615443639205651002837304847679252087524392249009,2260308795188066362803690653202191328648827262342128417
769,-4474411615443639205651002837304847679252087524392249009,2260308795188066362803690653202191328648827262342128417,1,-6734720410631705568454693490507039007900914786734377426,-3367360205315852784227346745253519503950457393367188713,2260308795188066362803690653202191328648827262342128417
770,-3367360205315852784227346745253519503950457393367188713,2260308795188066362803690653202191328648827262342128417,1,5627669000503919147031037398455710832599284655709317130,-3367360205315852784227346745253519503950457393367188713,2813834500251959573515518699227855416299642327854658565
771,-3367360205315852784227346745253519503950457393367188713,2813834500251959573515518699227855416299642327854658565,1,-6181194705567812357742865444481374920250099721221847278,-3090597352783906178871432722240687460125049860610923639,2813834500251959573515518699227855416299642327854658565
772,-3090597352783906178871432722240687460125049860610923639,2813834500251959573515518699227855416299642327854658565,0,-276762852531946605355914023012832043825407532756265074,-3090597352783906178871432722240687460125049860610923639,-138381426265973302677957011506416021912703766378132537
773,-3090597352783906178871432722240687460125049860610923639,-138381426265973302677957011506416021912703766378132537,1,-2952215926517932876193475710734271438212346094232791102,-1476107963258966438096737855367135719106173047116395551,-138381426265973302677957011506416021912703766378132537
774,-1476107963258966438096737855367135719106173047116395551,-138381426265973302677957011506416021912703766378132537,1,1337726536992993135418780843860719697193469280738263014,-1476107963258966438096737855367135719106173047116395551,668863268496496567709390421930359848596734640369131507
775,-1476107963258966438096737855367135719106173047116395551,668863268496496567709390421930359848596734640369131507,1,-2144971231755463005806128277297495567702907687485527058,-1072485615877731502903064138648747783851453843742763529,668863268496496567709390421930359848596734640369131507
776,-1072485615877731502903064138648747783851453843742763529,668863268496496567709390421930359848596734640369131507,0,-403622347381234935193673716718387935254719203373632022,-1072485615877731502903064138648747783851453843742763529,-201811173690617467596836858359193967627359601686816011
777,-1072485615877731502903064138648747783851453843742763529,-201811173690617467596836858359193967627359601686816011,1,-870674442187114035306227280289553816224094242055947518,-435337221093557017653113640144776908112047121027973759,-201811173690617467596836858359193967627359601686816011
778,-435337221093557017653113640144776908112047121027973759,-201811173690617467596836858359193967627359601686816011,0,-637148394784174485249950498503970875739406722714789770,-435337221093557017653113640144776908112047121027973759,-318574197392087242624975249251985437869703361357394885
779,-435337221093557017653113640144776908112047121027973759,-318574197392087242624975249251985437869703361357394885,1,-116763023701469775028138390892791470242343759670578874,-58381511850734887514069195446395735121171879835289437,-318574197392087242624975249251985437869703361357394885
780,-58381511850734887514069195446395735121171879835289437,-318574197392087242624975249251985437869703361357394885,0,-376955709242822130139044444698381172990875241192684322,-58381511850734887514069195446395735121171879835289437,-188477854621411065069522222349190586495437620596342161
781,-58381511850734887514069195446395735121171879835289437,-188477854621411065069522222349190586495437620596342161,0,-246859366472145952583591417795586321616609500431631598,-123429683236072976291795708897793160808304750215815799,-188477854621411065069522222349190586495437620596342161
782,-123429683236072976291795708897793160808304750215815799,-188477854621411065069522222349190586495437620596342161,1,-65048171385338088777726513451397425687132870380526362,-123429683236072976291795708897793160808304750215815799,-32524085692669044388863256725698712843566435190263181
783,-123429683236072976291795708897793160808304750215815799,-32524085692669044388863256725698712843566435190263181,1,-90905597543403931902932452172094447964738315025552618,-45452798771701965951466226086047223982369157512776309,-32524085692669044388863256725698712843566435190263181
784,-45452798771701965951466226086047223982369157512776309,-32524085692669044388863256725698712843566435190263181,0,-77976884464371010340329482811745936825935592703039490,-45452798771701965951466226086047223982369157512776309,-38988442232185505170164741405872968412967796351519745
785,-45452798771701965951466226086047223982369157512776309,-38988442232185505170164741405872968412967796351519745,0,-84441241003887471121630967491920192395336953864296054,-42220620501943735560815483745960096197668476932148027,-38988442232185505170164741405872968412967796351519745
786,-42220620501943735560815483745960096197668476932148027,-38988442232185505170164741405872968412967796351519745,1,3232178269758230390650742340087127784700680580628282,-42220620501943735560815483745960096197668476932148027,1616089134879115195325371170043563892350340290314141
787,-42220620501943735560815483745960096197668476932148027,1616089134879115195325371170043563892350340290314141,0,-40604531367064620365490112575916532305318136641833886,-20302265683532310182745056287958266152659068320916943,1616089134879115195325371170043563892350340290314141
788,-20302265683532310182745056287958266152659068320916943,1616089134879115195325371170043563892350340290314141,0,-18686176548653194987419685117914702260308728030602802,-20302265683532310182745056287958266152659068320916943,-9343088274326597493709842558957351130154364015301401
789,-20302265683532310182745056287958266152659068320916943,-9343088274326597493709842558957351130154364015301401,1,-10959177409205712689035213729000915022504704305615542,-5479588704602856344517606864500457511252352152807771,-9343088274326597493709842558957351130154364015301401
790,-5479588704602856344517606864500457511252352152807771,-9343088274326597493709842558957351130154364015301401,1,-3863499569723741149192235694456893618902011862493630,-5479588704602856344517606864500457511252352152807771,-1931749784861870574596117847228446809451005931246815
791,-5479588704602856344517606864500457511252352152807771,-1931749784861870574596117847228446809451005931246815,0,-7411338489464726919113724711728904320703358084054586,-3705669244732363459556862355864452160351679042027293,-1931749784861870574596117847228446809451005931246815
792,-3705669244732363459556862355864452160351679042027293,-1931749784861870574596117847228446809451005931246815,1,1773919459870492884960744508636005350900673110780478,-3705669244732363459556862355864452160351679042027293,886959729935246442480372254318002675450336555390239
793,-3705669244732363459556862355864452160351679042027293,886959729935246442480372254318002675450336555390239,0,-2818709514797117017076490101546449484901342486637054,-1409354757398558508538245050773224742450671243318527,886959729935246442480372254318002675450336555390239
794,-1409354757398558508538245050773224742450671243318527,886959729935246442480372254318002675450336555390239,1,2296314487333804951018617305091227417901007798708766,-1409354757398558508538245050773224742450671243318527,1148157243666902475509308652545613708950503899354383
795,-1409354757398558508538245050773224742450671243318527,1148157243666902475509308652545613708950503899354383,1,-2557512001065460984047553703318838451401175142672910,-1278756000532730492023776851659419225700587571336455,1148157243666902475509308652545613708950503899354383
796,-1278756000532730492023776851659419225700587571336455,1148157243666902475509308652545613708950503899354383,1,2426913244199632967533085504205032934651091470690838,-1278756000532730492023776851659419225700587571336455,1213456622099816483766542752102516467325545735345419
797,-1278756000532730492023776851659419225700587571336455,1213456622099816483766542752102516467325545735345419,1,-2492212622632546975790319603761935693026133306681874,-1246106311316273487895159801880967846513066653340937,1213456622099816483766542752102516467325545735345419
798,-1246106311316273487895159801880967846513066653340937,1213456622099816483766542752102516467325545735345419,0,-32649689216457004128617049778451379187520917995518,-1246106311316273487895159801880967846513066653340937,-16324844608228502064308524889225689593760458997759
799,-1246106311316273487895159801880967846513066653340937,-16324844608228502064308524889225689593760458997759,1,-1229781466708044985830851276991742156919306194343178,-614890733354022492915425638495871078459653097171589,-16324844608228502064308524889225689593760458997759
800,-614890733354022492915425638495871078459653097171589,-16324844608228502064308524889225689593760458997759,1,598565888745793990851117113606645388865892638173830,-614890733354022492915425638495871078459653097171589,299282944372896995425558556803322694432946319086915
801,-614890733354022492915425638495871078459653097171589,299282944372896995425558556803322694432946319086915,0,-315607788981125497489867081692548384026706778084674,-157803894490562748744933540846274192013353389042337,299282944372896995425558556803322694432946319086915
802,-157803894490562748744933540846274192013353389042337,299282944372896995425558556803322694432946319086915,0,141479049882334246680625015957048502419592930044578,-157803894490562748744933540846274192013353389042337,70739524941167123340312507978524251209796465022289
803,-157803894490562748744933540846274192013353389042337,70739524941167123340312507978524251209796465022289,1,-228543419431729872085246048824798443223149854064626,-114271709715864936042623024412399221611574927032313,70739524941167123340312507978524251209796465022289
804,-114271709715864936042623024412399221611574927032313,70739524941167123340312507978524251209796465022289,1,185011234657032059382935532390923472821371392054602,-114271709715864936042623024412399221611574927032313,92505617328516029691467766195461736410685696027301
805,-114271709715864936042623024412399221611574927032313,92505617328516029691467766195461736410685696027301,1,-206777327044380965734090790607860958022260623059614,-103388663522190482867045395303930479011130311529807,92505617328516029691467766195461736410685696027301
806,-103388663522190482867045395303930479011130311529807,92505617328516029691467766195461736410685696027301,0,-10883046193674453175577629108468742600444615502506,-103388663522190482867045395303930479011130311529807,-5441523096837226587788814554234371300222307751253
807,-103388663522190482867045395303930479011130311529807,-5441523096837226587788814554234371300222307751253,1,-97947140425353256279256580749696107710908003778554,-48973570212676628139628290374848053855454001889277,-5441523096837226587788814554234371300222307751253
808,-48973570212676628139628290374848053855454001889277,-5441523096837226587788814554234371300222307751253,0,-54415093309513854727417104929082425155676309640530,-48973570212676628139628290374848053855454001889277,-27207546654756927363708552464541212577838154820265
809,-48973570212676628139628290374848053855454001889277,-27207546654756927363708552464541212577838154820265,0,-76181116867433555503336842839389266433292156709542,-38090558433716777751668421419694633216646078354771,-27207546654756927363708552464541212577838154820265
810,-38090558433716777751668421419694633216646078354771,-27207546654756927363708552464541212577838154820265,1,10883011778959850387959868955153420638807923534506,-38090558433716777751668421419694633216646078354771,5441505889479925193979934477576710319403961767253
811,-38090558433716777751668421419694633216646078354771,5441505889479925193979934477576710319403961767253,0,-32649052544236852557688486942117922897242116587518,-16324526272118426278844243471058961448621058293759,5441505889479925193979934477576710319403961767253
812,-16324526272118426278844243471058961448621058293759,5441505889479925193979934477576710319403961767253,0,-10883020382638501084864308993482251129217096526506,-16324526272118426278844243471058961448621058293759,-5441510191319250542432154496741125564608548263253
813,-16324526272118426278844243471058961448621058293759,-5441510191319250542432154496741125564608548263253,1,-10883016080799175736412088974317835884012510030506,-5441508040399587868206044487158917942006255015253,-5441510191319250542432154496741125564608548263253
814,-5441508040399587868206044487158917942006255015253,-5441510191319250542432154496741125564608548263253,0,-10883018231718838410638198983900043506614803278506,-5441508040399587868206044487158917942006255015253,-5441509115859419205319099491950021753307401639253
815,-5441508040399587868206044487158917942006255015253,-5441509115859419205319099491950021753307401639253,0,-10883017156259007073525143979108939695313656654506,-5441508578129503536762571989554469847656828327253,-5441509115859419205319099491950021753307401639253
816,-5441508578129503536762571989554469847656828327253,-5441509115859419205319099491950021753307401639253,0,-10883017693988922742081671481504491600964229966506,-5441508578129503536762571989554469847656828327253,-5441508846994461371040835740752245800482114983253
817,-5441508578129503536762571989554469847656828327253,-5441508846994461371040835740752245800482114983253,0,-10883017425123964907803407730306715648138943310506,-5441508712561982453901703865153357824069471655253,-5441508846994461371040835740752245800482114983253
818,-5441508712561982453901703865153357824069471655253,-5441508846994461371040835740752245800482114983253,0,-10883017559556443824942539605905603624551586638506,-5441508712561982453901703865153357824069471655253,-5441508779778221912471269802952801812275793319253
819,-5441508712561982453901703865153357824069471655253,-5441508779778221912471269802952801812275793319253,0,-10883017492340204366372973668106159636345264974506,-5441508746170102183186486834053079818172632487253,-5441508779778221912471269802952801812275793319253
820,-5441508746170102183186486834053079818172632487253,-5441508779778221912471269802952801812275793319253,0,-10883017525948324095657756637005881630448425806506,-5441508746170102183186486834053079818172632487253,-5441508762974162047828878318502940815224212903253
821,-5441508746170102183186486834053079818172632487253,-5441508762974162047828878318502940815224212903253,0,-10883017509144264231015365152556020633396845390506,-5441508754572132115507682576278010316698422695253,-5441508762974162047828878318502940815224212903253
822,-5441508754572132115507682576278010316698422695253,-5441508762974162047828878318502940815224212903253,0,-10883017517546294163336560894780951131922635598506,-5441508754572132115507682576278010316698422695253,-5441508758773147081668280447390475565961317799253
823,-5441508754572132115507682576278010316698422695253,-5441508758773147081668280447390475565961317799253,0,-10883017513345279197175963023668485882659740494506,-5441508756672639598587981511834242941329870247253,-5441508758773147081668280447390475565961317799253
824,-5441508756672639598587981511834242941329870247253,-5441508758773147081668280447390475565961317799253,0,-10883017515445786680256261959224718507291188046506,-5441508756672639598587981511834242941329870247253,-5441508757722893340128130979612359253645594023253
825,-5441508756672639598587981511834242941329870247253,-5441508757722893340128130979612359253645594023253,0,-10883017514395532938716112491446602194975464270506,-5441508757197766469358056245723301097487732135253,-5441508757722893340128130979612359253645594023253
826,-5441508757197766469358056245723301097487732135253,-5441508757722893340128130979612359253645594023253,0,-10883017514920659809486187225335660351133326158506,-5441508757197766469358056245723301097487732135253,-5441508757460329904743093612667830175566663079253
827,-5441508757197766469358056245723301097487732135253,-5441508757460329904743093612667830175566663079253,0,-10883017514658096374101149858391131273054395214506,-5441508757329048187050574929195565636527197607253,-5441508757460329904743093612667830175566663079253
828,-5441508757329048187050574929195565636527197607253,-5441508757460329904743093612667830175566663079253,0,-10883017514789378091793668541863395812093860686506,-5441508757329048187050574929195565636527197607253,-5441508757394689045896834270931697906046930343253
829,-5441508757329048187050574929195565636527197607253,-5441508757394689045896834270931697906046930343253,0,-10883017514723737232947409200127263542574127950506,-5441508757361868616473704600063631771287063975253,-5441508757394689045896834270931697906046930343253
830,-5441508757361868616473704600063631771287063975253,-5441508757394689045896834270931697906046930343253,0,-10883017514756557662370538870995329677333994318506,-5441508757361868616473704600063631771287063975253,-5441508757378278831185269435497664838666997159253
831,-5441508757361868616473704600063631771287063975253,-5441508757378278831185269435497664838666997159253,0,-10883017514740147447658974035561296609954061134506,-5441508757370073723829487017780648304977030567253,-5441508757378278831185269435497664838666997159253
832,-5441508757370073723829487017780648304977030567253,-5441508757378278831185269435497664838666997159253,0,-10883017514748352555014756453278313143644027726506,-5441508757370073723829487017780648304977030567253,-5441508757374176277507378226639156571822013863253
833,-5441508757370073723829487017780648304977030567253,-5441508757374176277507378226639156571822013863253,0,-10883017514744250001336865244419804876799044430506,-5441508757372125000668432622209902438399522215253,-5441508757374176277507378226639156571822013863253
834,-5441508757372125000668432622209902438399522215253,-5441508757374176277507378226639156571822013863253,0,-10883017514746301278175810848849059010221536078506,-5441508757372125000668432622209902438399522215253,-5441508757373150639087905424424529505110768039253
835,-5441508757372125000668432622209902438399522215253,-5441508757373150639087905424424529505110768039253,0,-10883017514745275639756338046634431943510290254506,-5441508757372637819878169023317215971755145127253,-5441508757373150639087905424424529505110768039253
836,-5441508757372637819878169023317215971755145127253,-5441508757373150639087905424424529505110768039253,0,-10883017514745788458966074447741745476865913166506,-5441508757372637819878169023317215971755145127253,-5441508757372894229483037223870872738432956583253
837,-5441508757372637819878169023317215971755145127253,-5441508757372894229483037223870872738432956583253,0,-10883017514745532049361206247188088710188101710506,-5441508757372766024680603123594044355094050855253,-5441508757372894229483037223870872738432956583253
838,-5441508757372766024680603123594044355094050855253,-5441508757372894229483037223870872738432956583253,0,-10883017514745660254163640347464917093527007438506,-5441508757372766024680603123594044355094050855253,-5441508757372830127081820173732458546763503719253
839,-5441508757372766024680603123594044355094050855253,-5441508757372830127081820173732458546763503719253,0,-10883017514745596151762423297326502901857554574506,-5441508757372798075881211648663251450928777287253,-5441508757372830127081820173732458546763503719253
840,-5441508757372798075881211648663251450928777287253,-5441508757372830127081820173732458546763503719253,0,-10883017514745628202963031822395709997692281006506,-5441508757372798075881211648663251450928777287253,-5441508757372814101481515911197854998846140503253
841,-5441508757372798075881211648663251450928777287253,-5441508757372814101481515911197854998846140503253,0,-10883017514745612177362727559861106449774917790506,-5441508757372806088681363779930553224887458895253,-5441508757372814101481515911197854998846140503253
842,-5441508757372806088681363779930553224887458895253,-5441508757372814101481515911197854998846140503253,0,-10883017514745620190162879691128408223733599398506,-5441508757372806088681363779930553224887458895253,-5441508757372810095081439845564204111866799699253
843,-5441508757372806088681363779930553224887458895253,-5441508757372810095081439845564204111866799699253,0,-10883017514745616183762803625494757336754258594506,-5441508757372808091881401812747378668377129297253,-5441508757372810095081439845564204111866799699253
844,-5441508757372808091881401812747378668377129297253,-5441508757372810095081439845564204111866799699253,0,-10883017514745618186962841658311582780243928996506,-5441508757372808091881401812747378668377129297253,-5441508757372809093481420829155791390121964498253
845,-5441508757372808091881401812747378668377129297253,-5441508757372809093481420829155791390121964498253,0,-10883017514745617185362822641903170058499093795506,-5441508757372808592681411320951585029249546897753,-5441508757372809093481420829155791390121964498253
846,-5441508757372808592681411320951585029249546897753,-5441508757372809093481420829155791390121964498253,0,-10883017514745617686162832150107376419371511396006,-5441508757372808592681411320951585029249546897753,-5441508757372808843081416075053688209685755698003
847,-5441508757372808592681411320951585029249546897753,-5441508757372808843081416075053688209685755698003,1,250400004754102103180436208800250,125200002377051051590218104400125,-5441508757372808843081416075053688209685755698003
848,125200002377051051590218104400125,-5441508757372808843081416075053688209685755698003,0,-5441508757372808717881413698002636619467651297878,125200002377051051590218104400125,-2720754378686404358940706849001318309733825648939
849,125200002377051051590218104400125,-2720754378686404358940706849001318309733825648939,0,-2720754378686404233740704471950266719515721248814,-1360377189343202116870352235975133359757860624407,-2720754378686404358940706849001318309733825648939
850,-1360377189343202116870352235975133359757860624407,-2720754378686404358940706849001318309733825648939,0,-4081131568029606475811059084976451669491686273346,-1360377189343202116870352235975133359757860624407,-2040565784014803237905529542488225834745843136673
851,-1360377189343202116870352235975133359757860624407,-2040565784014803237905529542488225834745843136673,1,680188594671601121035177306513092474987982512266,340094297335800560517588653256546237493991256133,-2040565784014803237905529542488225834745843136673
852,340094297335800560517588653256546237493991256133,-2040565784014803237905529542488225834745843136673,1,-2380660081350603798423118195744772072239834392806,340094297335800560517588653256546237493991256133,-1190330040675301899211559097872386036119917196403
853,340094297335800560517588653256546237493991256133,-1190330040675301899211559097872386036119917196403,0,-850235743339501338693970444615839798625925940270,-425117871669750669346985222307919899312962970135,-1190330040675301899211559097872386036119917196403
854,-425117871669750669346985222307919899312962970135,-1190330040675301899211559097872386036119917196403,0,-1615447912345052568558544320180305935432880166538,-425117871669750669346985222307919899312962970135,-807723956172526284279272160090152967716440083269
855,-425117871669750669346985222307919899312962970135,-807723956172526284279272160090152967716440083269,1,382606084502775614932286937782233068403477113134,191303042251387807466143468891116534201738556567,-807723956172526284279272160090152967716440083269
856,191303042251387807466143468891116534201738556567,-807723956172526284279272160090152967716440083269,0,-616420913921138476813128691199036433514701526702,191303042251387807466143468891116534201738556567,-308210456960569238406564345599518216757350763351
857,191303042251387807466143468891116534201738556567,-308210456960569238406564345599518216757350763351,1,499513499211957045872707814490634750959089319918,249756749605978522936353907245317375479544659959,-308210456960569238406564345599518216757350763351
858,249756749605978522936353907245317375479544659959,-308210456960569238406564345599518216757350763351,1,-557967206566547761342918252844835592236895423310,249756749605978522936353907245317375479544659959,-278983603283273880671459126422417796118447711655
859,249756749605978522936353907245317375479544659959,-278983603283273880671459126422417796118447711655,1,528740352889252403607813033667735171597992371614,264370176444626201803906516833867585798996185807,-278983603283273880671459126422417796118447711655
860,264370176444626201803906516833867585798996185807,-278983603283273880671459126422417796118447711655,1,-543353779727900082475365643256285381917443897462,264370176444626201803906516833867585798996185807,-271676889863950041237682821628142690958721948731
861,264370176444626201803906516833867585798996185807,-271676889863950041237682821628142690958721948731,1,536047066308576243041589338462010276757718134538,268023533154288121520794669231005138378859067269,-271676889863950041237682821628142690958721948731
862,268023533154288121520794669231005138378859067269,-271676889863950041237682821628142690958721948731,0,-3653356709661919716888152397137552579862881462,268023533154288121520794669231005138378859067269,-1826678354830959858444076198568776289931440731
863,268023533154288121520794669231005138378859067269,-1826678354830959858444076198568776289931440731,0,266196854799457161662350593032436362088927626538,133098427399728580831175296516218181044463813269,-1826678354830959858444076198568776289931440731
864,133098427399728580831175296516218181044463813269,-1826678354830959858444076198568776289931440731,0,131271749044897620972731220317649404754532372538,133098427399728580831175296516218181044463813269,65635874522448810486365610158824702377266186269
865,133098427399728580831175296516218181044463813269,65635874522448810486365610158824702377266186269,0,198734301922177391317540906675042883421729999538,99367150961088695658770453337521441710864999769,65635874522448810486365610158824702377266186269
866,99367150961088695658770453337521441710864999769,65635874522448810486365610158824702377266186269,0,165003025483537506145136063496346144088131186038,99367150961088695658770453337521441710864999769,82501512741768753072568031748173072044065593019
867,99367150961088695658770453337521441710864999769,82501512741768753072568031748173072044065593019,1,16865638219319942586202421589348369666799406750,8432819109659971293101210794674184833399703375,82501512741768753072568031748173072044065593019
868,8432819109659971293101210794674184833399703375,82501512741768753072568031748173072044065593019,0,90934331851428724365669242542847256877465296394,8432819109659971293101210794674184833399703375,45467165925714362182834621271423628438732648197
869,8432819109659971293101210794674184833399703375,45467165925714362182834621271423628438732648197,1,-37034346816054390889733410476749443605332944822,-18517173408027195444866705238374721802666472411,45467165925714362182834621271423628438732648197
870,-18517173408027195444866705238374721802666472411,45467165925714362182834621271423628438732648197,0,26949992517687166737967916033048906636066175786,-18517173408027195444866705238374721802666472411,13474996258843583368983958016524453318033087893
871,-18517173408027195444866705238374721802666472411,13474996258843583368983958016524453318033087893,0,-5042177149183612075882747221850268484633384518,-2521088574591806037941373610925134242316692259,13474996258843583368983958016524453318033087893
872,-2521088574591806037941373610925134242316692259,13474996258843583368983958016524453318033087893,0,10953907684251777331042584405599319075716395634,-2521088574591806037941373610925134242316692259,5476953842125888665521292202799659537858197817
873,-2521088574591806037941373610925134242316692259,5476953842125888665521292202799659537858197817,0,2955865267534082627579918591874525295541505558,1477932633767041313789959295937262647770752779,5476953842125888665521292202799659537858197817
874,1477932633767041313789959295937262647770752779,5476953842125888665521292202799659537858197817,1,3999021208358847351731332906862396890087445038,1477932633767041313789959295937262647770752779,1999510604179423675865666453431198445043722519
875,1477932633767041313789959295937262647770752779,1999510604179423675865666453431198445043722519,0,3477443237946464989655625749368461092814475298,1738721618973232494827812874684230546407237649,1999510604179423675865666453431198445043722519
876,1738721618973232494827812874684230546407237649,1999510604179423675865666453431198445043722519,1,260788985206191181037853578746967898636484870,1738721618973232494827812874684230546407237649,130394492603095590518926789373483949318242435
877,1738721618973232494827812874684230546407237649,130394492603095590518926789373483949318242435,1,1608327126370136904308886085310746597088995214,804163563185068452154443042655373298544497607,130394492603095590518926789373483949318242435
878,804163563185068452154443042655373298544497607,130394492603095590518926789373483949318242435,0,934558055788164042673369832028857247862740042,804163563185068452154443042655373298544497607,467279027894082021336684916014428623931370021
879,804163563185068452154443042655373298544497607,467279027894082021336684916014428623931370021,1,336884535290986430817758126640944674613127586,168442267645493215408879063320472337306563793,467279027894082021336684916014428623931370021
880,168442267645493215408879063320472337306563793,467279027894082021336684916014428623931370021,0,635721295539575236745563979334900961237933814,168442267645493215408879063320472337306563793,317860647769787618372781989667450480618966907
881,168442267645493215408879063320472337306563793,317860647769787618372781989667450480618966907,1,-149418380124294402963902926346978143312403114,-74709190062147201481951463173489071656201557,317860647769787618372781989667450480618966907
882,-74709190062147201481951463173489071656201557,317860647769787618372781989667450480618966907,0,243151457707640416890830526493961408962765350,-74709190062147201481951463173489071656201557,121575728853820208445415263246980704481382675
883,-74709190062147201481951463173489071656201557,121575728853820208445415263246980704481382675,0,46866538791673006963463800073491632825181118,23433269395836503481731900036745816412590559,121575728853820208445415263246980704481382675
884,23433269395836503481731900036745816412590559,121575728853820208445415263246980704481382675,0,145008998249656711927147163283726520893973234,23433269395836503481731900036745816412590559,72504499124828355963573581641863260446986617
885,23433269395836503481731900036745816412590559,72504499124828355963573581641863260446986617,1,-49071229728991852481841681605117444034396058,-24535614864495926240920840802558722017198029,72504499124828355963573581641863260446986617
886,-24535614864495926240920840802558722017198029,72504499124828355963573581641863260446986617,1,97040113989324282204494422444421982464184646,-24535614864495926240920840802558722017198029,48520056994662141102247211222210991232092323
887,-24535614864495926240920840802558722017198029,48520056994662141102247211222210991232092323,0,23984442130166214861326370419652269214894294,11992221065083107430663185209826134607447147,48520056994662141102247211222210991232092323
888,11992221065083107430663185209826134607447147,48520056994662141102247211222210991232092323,0,60512278059745248532910396432037125839539470,11992221065083107430663185209826134607447147,30256139029872624266455198216018562919769735
889,11992221065083107430663185209826134607447147,30256139029872624266455198216018562919769735,0,42248360094955731697118383425844697527216882,21124180047477865848559191712922348763608441,30256139029872624266455198216018562919769735
890,21124180047477865848559191712922348763608441,30256139029872624266455198216018562919769735,1,9131958982394758417896006503096214156161294,21124180047477865848559191712922348763608441,4565979491197379208948003251548107078080647
891,21124180047477865848559191712922348763608441,4565979491197379208948003251548107078080647,1,16558200556280486639611188461374241685527794,8279100278140243319805594230687120842763897,4565979491197379208948003251548107078080647
892,8279100278140243319805594230687120842763897,4565979491197379208948003251548107078080647,1,-3713120786942864110857590979139013764683250,8279100278140243319805594230687120842763897,-1856560393471432055428795489569506882341625
893,8279100278140243319805594230687120842763897,-1856560393471432055428795489569506882341625,1,10135660671611675375234389720256627725105522,5067830335805837687617194860128313862552761,-1856560393471432055428795489569506882341625
894,5067830335805837687617194860128313862552761,-1856560393471432055428795489569506882341625,1,-6924390729277269743045990349697820744894386,5067830335805837687617194860128313862552761,-3462195364638634871522995174848910372447193
895,5067830335805837687617194860128313862552761,-3462195364638634871522995174848910372447193,1,8530025700444472559140190034977224234999954,4265012850222236279570095017488612117499977,-3462195364638634871522995174848910372447193
896,4265012850222236279570095017488612117499977,-3462195364638634871522995174848910372447193,1,-7727208214860871151093090192337522489947170,4265012850222236279570095017488612117499977,-3863604107430435575546545096168761244973585
897,4265012850222236279570095017488612117499977,-3863604107430435575546545096168761244973585,1,8128616957652671855116640113657373362473562,4064308478826335927558320056828686681236781,-3863604107430435575546545096168761244973585
898,4064308478826335927558320056828686681236781,-3863604107430435575546545096168761244973585,1,-7927912586256771503104865152997447926210366,4064308478826335927558320056828686681236781,-3963956293128385751552432576498723963105183
899,4064308478826335927558320056828686681236781,-3963956293128385751552432576498723963105183,0,100352185697950176005887480329962718131598,50176092848975088002943740164981359065799,-3963956293128385751552432576498723963105183
900,50176092848975088002943740164981359065799,-3963956293128385751552432576498723963105183,1,-4014132385977360839555376316663705322170982,50176092848975088002943740164981359065799,-2007066192988680419777688158331852661085491
901,50176092848975088002943740164981359065799,-2007066192988680419777688158331852661085491,1,2057242285837655507780631898496834020151290,1028621142918827753890315949248417010075645,-2007066192988680419777688158331852661085491
902,1028621142918827753890315949248417010075645,-2007066192988680419777688158331852661085491,0,-978445050069852665887372209083435651009846,1028621142918827753890315949248417010075645,-489222525034926332943686104541717825504923
903,1028621142918827753890315949248417010075645,-489222525034926332943686104541717825504923,0,539398617883901420946629844706699184570722,269699308941950710473314922353349592285361,-489222525034926332943686104541717825504923
904,269699308941950710473314922353349592285361,-489222525034926332943686104541717825504923,0,-219523216092975622470371182188368233219562,269699308941950710473314922353349592285361,-109761608046487811235185591094184116609781
905,269699308941950710473314922353349592285361,-109761608046487811235185591094184116609781,1,379460916988438521708500513447533708895142,189730458494219260854250256723766854447571,-109761608046487811235185591094184116609781
906,189730458494219260854250256723766854447571,-109761608046487811235185591094184116609781,0,79968850447731449619064665629582737837790,189730458494219260854250256723766854447571,39984425223865724809532332814791368918895
907,189730458494219260854250256723766854447571,39984425223865724809532332814791368918895,0,229714883718084985663782589538558223366466,114857441859042492831891294769279111683233,39984425223865724809532332814791368918895
908,114857441859042492831891294769279111683233,39984425223865724809532332814791368918895,1,-74873016635176768022358961954487742764338,114857441859042492831891294769279111683233,-37436508317588384011179480977243871382169
909,114857441859042492831891294769279111683233,-37436508317588384011179480977243871382169,1,152293950176630876843070775746522983065402,76146975088315438421535387873261491532701,-37436508317588384011179480977243871382169
910,76146975088315438421535387873261491532701,-37436508317588384011179480977243871382169,1,-113583483405903822432714868850505362914870,76146975088315438421535387873261491532701,-56791741702951911216357434425252681457435
911,76146975088315438421535387873261491532701,-56791741702951911216357434425252681457435,0,19355233385363527205177953448008810075266,9677616692681763602588976724004405037633,-56791741702951911216357434425252681457435
912,9677616692681763602588976724004405037633,-56791741702951911216357434425252681457435,0,-47114125010270147613768457701248276419802,9677616692681763602588976724004405037633,-23557062505135073806884228850624138209901
913,9677616692681763602588976724004405037633,-23557062505135073806884228850624138209901,1,33234679197816837409473205574628543247534,16617339598908418704736602787314271623767,-23557062505135073806884228850624138209901
914,16617339598908418704736602787314271623767,-23557062505135073806884228850624138209901,0,-6939722906226655102147626063309866586134,16617339598908418704736602787314271623767,-3469861453113327551073813031654933293067
915,16617339598908418704736602787314271623767,-3469861453113327551073813031654933293067,1,20087201052021746255810415818969204916834,10043600526010873127905207909484602458417,-3469861453113327551073813031654933293067
916,10043600526010873127905207909484602458417,-3469861453113327551073813031654933293067,0,6573739072897545576831394877829669165350,10043600526010873127905207909484602458417,3286869536448772788415697438914834582675
917,10043600526010873127905207909484602458417,3286869536448772788415697438914834582675,1,6756730989562100339489510470569767875742,3378365494781050169744755235284883937871,3286869536448772788415697438914834582675
918,3378365494781050169744755235284883937871,3286869536448772788415697438914834582675,0,6665235031229822958160452674199718520546,3378365494781050169744755235284883937871,3332617515614911479080226337099859260273
919,3378365494781050169744755235284883937871,3332617515614911479080226337099859260273,1,45747979166138690664528898185024677598,22873989583069345332264449092512338799,3332617515614911479080226337099859260273
920,22873989583069345332264449092512338799,3332617515614911479080226337099859260273,1,3309743526031842133747961888007346921474,22873989583069345332264449092512338799,1654871763015921066873980944003673460737
921,22873989583069345332264449092512338799,1654871763015921066873980944003673460737,1,-1631997773432851721541716494911161121938,-815998886716425860770858247455580560969,1654871763015921066873980944003673460737
922,-815998886716425860770858247455580560969,1654871763015921066873980944003673460737,1,2470870649732346927644839191459254021706,-815998886716425860770858247455580560969,1235435324866173463822419595729627010853
923,-815998886716425860770858247455580560969,1235435324866173463822419595729627010853,1,-2051434211582599324593277843185207571822,-1025717105791299662296638921592603785911,1235435324866173463822419595729627010853
924,-1025717105791299662296638921592603785911,1235435324866173463822419595729627010853,0,209718219074873801525780674137023224942,-1025717105791299662296638921592603785911,104859109537436900762890337068511612471
925,-1025717105791299662296638921592603785911,104859109537436900762890337068511612471,1,-1130576215328736563059529258661115398382,-565288107664368281529764629330557699191,104859109537436900762890337068511612471
926,-565288107664368281529764629330557699191,104859109537436900762890337068511612471,1,670147217201805182292654966399069311662,-565288107664368281529764629330557699191,335073608600902591146327483199534655831
927,-565288107664368281529764629330557699191,335073608600902591146327483199534655831,1,-900361716265270872676092112530092355022,-450180858132635436338046056265046177511,335073608600902591146327483199534655831
928,-450180858132635436338046056265046177511,335073608600902591146327483199534655831,1,785254466733538027484373539464580833342,-450180858132635436338046056265046177511,392627233366769013742186769732290416671
929,-450180858132635436338046056265046177511,392627233366769013742186769732290416671,1,-842808091499404450080232825997336594182,-421404045749702225040116412998668297091,392627233366769013742186769732290416671
930,-421404045749702225040116412998668297091,392627233366769013742186769732290416671,1,814031279116471238782303182730958713762,-421404045749702225040116412998668297091,407015639558235619391151591365479356881
931,-421404045749702225040116412998668297091,407015639558235619391151591365479356881,0,-14388406191466605648964821633188940210,-7194203095733302824482410816594470105,407015639558235619391151591365479356881
932,-7194203095733302824482410816594470105,407015639558235619391151591365479356881,1,414209842653968922215634002182073826986,-7194203095733302824482410816594470105,207104921326984461107817001091036913493
933,-7194203095733302824482410816594470105,207104921326984461107817001091036913493,1,-214299124422717763932299411907631383598,-107149562211358881966149705953815691799,207104921326984461107817001091036913493
934,-107149562211358881966149705953815691799,207104921326984461107817001091036913493,0,99955359115625579141667295137221221694,-107149562211358881966149705953815691799,49977679557812789570833647568610610847
935,-107149562211358881966149705953815691799,49977679557812789570833647568610610847,1,-157127241769171671536983353522426302646,-78563620884585835768491676761213151323,49977679557812789570833647568610610847
936,-78563620884585835768491676761213151323,49977679557812789570833647568610610847,1,128541300442398625339325324329823762170,-78563620884585835768491676761213151323,64270650221199312669662662164911881085
937,-78563620884585835768491676761213151323,64270650221199312669662662164911881085,0,-14292970663386523098829014596301270238,-7146485331693261549414507298150635119,64270650221199312669662662164911881085
938,-7146485331693261549414507298150635119,64270650221199312669662662164911881085,0,57124164889506051120248154866761245966,-7146485331693261549414507298150635119,28562082444753025560124077433380622983
939,-7146485331693261549414507298150635119,28562082444753025560124077433380622983,1,-35708567776446287109538584731531258102,-17854283888223143554769292365765629051,28562082444753025560124077433380622983
940,-17854283888223143554769292365765629051,28562082444753025560124077433380622983,1,46416366332976169114893369799146252034,-17854283888223143554769292365765629051,23208183166488084557446684899573126017
941,-17854283888223143554769292365765629051,23208183166488084557446684899573126017,0,5353899278264941002677392533807496966,2676949639132470501338696266903748483,23208183166488084557446684899573126017
942,2676949639132470501338696266903748483,23208183166488084557446684899573126017,1,20531233527355614056107988632669377534,2676949639132470501338696266903748483,10265616763677807028053994316334688767
943,2676949639132470501338696266903748483,10265616763677807028053994316334688767,0,12942566402810277529392690583238437250,6471283201405138764696345291619218625,10265616763677807028053994316334688767
944,6471283201405138764696345291619218625,10265616763677807028053994316334688767,1,3794333562272668263357649024715470142,6471283201405138764696345291619218625,1897166781136334131678824512357735071
945,6471283201405138764696345291619218625,1897166781136334131678824512357735071,1,4574116420268804633017520779261483554,2287058210134402316508760389630741777,1897166781136334131678824512357735071
946,2287058210134402316508760389630741777,1897166781136334131678824512357735071,1,-389891428998068184829935877273006706,2287058210134402316508760389630741777,-194945714499034092414967938636503353
947,2287058210134402316508760389630741777,-194945714499034092414967938636503353,1,2482003924633436408923728328267245130,1241001962316718204461864164133622565,-194945714499034092414967938636503353
948,1241001962316718204461864164133622565,-194945714499034092414967938636503353,1,-1435947676815752296876832102770125918,1241001962316718204461864164133622565,-717973838407876148438416051385062959
949,1241001962316718204461864164133622565,-717973838407876148438416051385062959,0,523028123908842056023448112748559606,261514061954421028011724056374279803,-717973838407876148438416051385062959
950,261514061954421028011724056374279803,-717973838407876148438416051385062959,1,-979487900362297176450140107759342762,261514061954421028011724056374279803,-489743950181148588225070053879671381
951,261514061954421028011724056374279803,-489743950181148588225070053879671381,0,-228229888226727560213345997505391578,-114114944113363780106672998752695789,-489743950181148588225070053879671381
952,-114114944113363780106672998752695789,-489743950181148588225070053879671381,0,-603858894294512368331743052632367170,-114114944113363780106672998752695789,-301929447147256184165871526316183585
953,-114114944113363780106672998752695789,-301929447147256184165871526316183585,0,-416044391260619964272544525068879374,-208022195630309982136272262534439687,-301929447147256184165871526316183585
954,-208022195630309982136272262534439687,-301929447147256184165871526316183585,1,-93907251516946202029599263781743898,-208022195630309982136272262534439687,-46953625758473101014799631890871949
955,-208022195630309982136272262534439687,-46953625758473101014799631890871949,1,-161068569871836881121472630643567738,-80534284935918440560736315321783869,-46953625758473101014799631890871949
956,-80534284935918440560736315321783869,-46953625758473101014799631890871949,0,-127487910694391541575535947212655818,-80534284935918440560736315321783869,-63743955347195770787767973606327909
957,-80534284935918440560736315321783869,-63743955347195770787767973606327909,0,-144278240283114211348504288928111778,-72139120141557105674252144464055889,-63743955347195770787767973606327909
958,-72139120141557105674252144464055889,-63743955347195770787767973606327909,0,-135883075488752876462020118070383798,-72139120141557105674252144464055889,-67941537744376438231010059035191899
959,-72139120141557105674252144464055889,-67941537744376438231010059035191899,1,-4197582397180667443242085428863990,-2098791198590333721621042714431995,-67941537744376438231010059035191899
960,-2098791198590333721621042714431995,-67941537744376438231010059035191899,0,-70040328942966771952631101749623894,-2098791198590333721621042714431995,-35020164471483385976315550874811947
961,-2098791198590333721621042714431995,-35020164471483385976315550874811947,0,-37118955670073719697936593589243942,-18559477835036859848968296794621971,-35020164471483385976315550874811947
962,-18559477835036859848968296794621971,-35020164471483385976315550874811947,0,-53579642306520245825283847669433918,-18559477835036859848968296794621971,-26789821153260122912641923834716959
963,-18559477835036859848968296794621971,-26789821153260122912641923834716959,0,-45349298988296982761610220629338930,-22674649494148491380805110314669465,-26789821153260122912641923834716959
964,-22674649494148491380805110314669465,-26789821153260122912641923834716959,1,-4115171659111631531836813520047494,-22674649494148491380805110314669465,-2057585829555815765918406760023747
965,-22674649494148491380805110314669465,-2057585829555815765918406760023747,1,-20617063664592675614886703554645718,-10308531832296337807443351777322859,-2057585829555815765918406760023747
966,-10308531832296337807443351777322859,-2057585829555815765918406760023747,0,-12366117661852153573361758537346606,-10308531832296337807443351777322859,-6183058830926076786680879268673303
967,-10308531832296337807443351777322859,-6183058830926076786680879268673303,0,-16491590663222414594124231045996162,-8245795331611207297062115522998081,-6183058830926076786680879268673303
968,-8245795331611207297062115522998081,-6183058830926076786680879268673303,1,2062736500685130510381236254324778,-8245795331611207297062115522998081,1031368250342565255190618127162389
969,-8245795331611207297062115522998081,1031368250342565255190618127162389,1,-9277163581953772552252733650160470,-4638581790976886276126366825080235,1031368250342565255190618127162389
970,-4638581790976886276126366825080235,1031368250342565255190618127162389,0,-3607213540634321020935748697917846,-4638581790976886276126366825080235,-1803606770317160510467874348958923
971,-4638581790976886276126366825080235,-1803606770317160510467874348958923,0,-6442188561294046786594241174039158,-3221094280647023393297120587019579,-1803606770317160510467874348958923
972,-3221094280647023393297120587019579,-1803606770317160510467874348958923,0,-5024701050964183903764994935978502,-3221094280647023393297120587019579,-2512350525482091951882497467989251
973,-3221094280647023393297120587019579,-2512350525482091951882497467989251,0,-5733444806129115345179618055008830,-2866722403064557672589809027504415,-2512350525482091951882497467989251
974,-2866722403064557672589809027504415,-2512350525482091951882497467989251,0,-5379072928546649624472306495493666,-2866722403064557672589809027504415,-2689536464273324812236153247746833
975,-2866722403064557672589809027504415,-2689536464273324812236153247746833,1,-177185938791232860353655779757582,-88592969395616430176827889878791,-2689536464273324812236153247746833
976,-88592969395616430176827889878791,-2689536464273324812236153247746833,1,-2600943494877708382059325357868042,-88592969395616430176827889878791,-1300471747438854191029662678934021
977,-88592969395616430176827889878791,-1300471747438854191029662678934021,1,1211878778043237760852834789055230,605939389021618880426417394527615,-1300471747438854191029662678934021
978,605939389021618880426417394527615,-1300471747438854191029662678934021,0,-694532358417235310603245284406406,605939389021618880426417394527615,-347266179208617655301622642203203
979,605939389021618880426417394527615,-347266179208617655301622642203203,1,953205568230236535728040036730818,476602784115118267864020018365409,-347266179208617655301622642203203
980,476602784115118267864020018365409,-347266179208617655301622642203203,0,129336604906500612562397376162206,476602784115118267864020018365409,64668302453250306281198688081103
981,476602784115118267864020018365409,64668302453250306281198688081103,1,411934481661867961582821330284306,205967240830933980791410665142153,64668302453250306281198688081103
982,205967240830933980791410665142153,64668302453250306281198688081103,1,-141298938377683674510211977061050,205967240830933980791410665142153,-70649469188841837255105988530525
983,205967240830933980791410665142153,-70649469188841837255105988530525,1,276616710019775818046516653672678,138308355009887909023258326836339,-70649469188841837255105988530525
984,138308355009887909023258326836339,-70649469188841837255105988530525,0,67658885821046071768152338305814,138308355009887909023258326836339,33829442910523035884076169152907
985,138308355009887909023258326836339,33829442910523035884076169152907,0,172137797920410944907334495989246,86068898960205472453667247994623,33829442910523035884076169152907
986,86068898960205472453667247994623,33829442910523035884076169152907,0,119898341870728508337743417147530,86068898960205472453667247994623,59949170935364254168871708573765
987,86068898960205472453667247994623,59949170935364254168871708573765,1,26119728024841218284795539420858,13059864012420609142397769710429,59949170935364254168871708573765
988,13059864012420609142397769710429,59949170935364254168871708573765,0,73009034947784863311269478284194,13059864012420609142397769710429,36504517473892431655634739142097
989,13059864012420609142397769710429,36504517473892431655634739142097,0,49564381486313040798032508852526,24782190743156520399016254426263,36504517473892431655634739142097
990,24782190743156520399016254426263,36504517473892431655634739142097,1,11722326730735911256618484715834,24782190743156520399016254426263,5861163365367955628309242357917
991,24782190743156520399016254426263,5861163365367955628309242357917,1,18921027377788564770707012068346,9460513688894282385353506034173,5861163365367955628309242357917
992,9460513688894282385353506034173,5861163365367955628309242357917,0,15321677054262238013662748392090,9460513688894282385353506034173,7660838527131119006831374196045
993,9460513688894282385353506034173,7660838527131119006831374196045,0,17121352216025401392184880230218,8560676108012700696092440115109,7660838527131119006831374196045
994,8560676108012700696092440115109,7660838527131119006831374196045,0,16221514635143819702923814311154,8560676108012700696092440115109,8110757317571909851461907155577
995,8560676108012700696092440115109,8110757317571909851461907155577,0,16671433425584610547554347270686,8335716712792305273777173635343,8110757317571909851461907155577
996,8335716712792305273777173635343,8110757317571909851461907155577,1,-224959395220395422315266479766,8335716712792305273777173635343,-112479697610197711157633239883
997,8335716712792305273777173635343,-112479697610197711157633239883,1,8448196410402502984934806875226,4224098205201251492467403437613,-112479697610197711157633239883
998,4224098205201251492467403437613,-112479697610197711157633239883,0,4111618507591053781309770197730,4224098205201251492467403437613,2055809253795526890654885098865
999,4224098205201251492467403437613,2055809253795526890654885098865,0,6279907458996778383122288536478,3139953729498389191561144268239,2055809253795526890654885098865
1000,3139953729498389191561144268239,2055809253795526890654885098865,1,-1084144475702862300906259169374,3139953729498389191561144268239,-542072237851431150453129584687
1001,3139953729498389191561144268239,-542072237851431150453129584687,1,3682025967349820342014273852926,1841012983674910171007136926463,-542072237851431150453129584687
1002,1841012983674910171007136926463,-542072237851431150453129584687,1,-2383085221526341321460266511150,1841012983674910171007136926463,-1191542610763170660730133255575
1003,1841012983674910171007136926463,-1191542610763170660730133255575,1,3032555594438080831737270182038,1516277797219040415868635091019,-1191542610763170660730133255575
1004,1516277797219040415868635091019,-1191542610763170660730133255575,1,-2707820407982211076598768346594,1516277797219040415868635091019,-1353910203991105538299384173297
1005,1516277797219040415868635091019,-1353910203991105538299384173297,0,162367593227934877569250917722,81183796613967438784625458861,-1353910203991105538299384173297
1006,81183796613967438784625458861,-1353910203991105538299384173297,1,-1435094000605072977084009632158,81183796613967438784625458861,-717547000302536488542004816079
1007,81183796613967438784625458861,-717547000302536488542004816079,0,-636363203688569049757379357218,-318181601844284524878689678609,-717547000302536488542004816079
1008,-318181601844284524878689678609,-717547000302536488542004816079,1,-399365398458251963663315137470,-318181601844284524878689678609,-199682699229125981831657568735
1009,-318181601844284524878689678609,-199682699229125981831657568735,1,-118498902615158543047032109874,-59249451307579271523516054937,-199682699229125981831657568735
1010,-59249451307579271523516054937,-199682699229125981831657568735,1,-140433247921546710308141513798,-59249451307579271523516054937,-70216623960773355154070756899
1011,-59249451307579271523516054937,-70216623960773355154070756899,1,10967172653194083630554701962,5483586326597041815277350981,-70216623960773355154070756899
1012,5483586326597041815277350981,-70216623960773355154070756899,0,-64733037634176313338793405918,5483586326597041815277350981,-32366518817088156669396702959
1013,5483586326597041815277350981,-32366518817088156669396702959,0,-26882932490491114854119351978,-13441466245245557427059675989,-32366518817088156669396702959
1014,-13441466245245557427059675989,-32366518817088156669396702959,1,-18925052571842599242337026970,-13441466245245557427059675989,-9462526285921299621168513485
1015,-13441466245245557427059675989,-9462526285921299621168513485,0,-22903992531166857048228189474,-11451996265583428524114094737,-9462526285921299621168513485
1016,-11451996265583428524114094737,-9462526285921299621168513485,0,-20914522551504728145282608222,-11451996265583428524114094737,-10457261275752364072641304111
1017,-11451996265583428524114094737,-10457261275752364072641304111,1,-994734989831064451472790626,-497367494915532225736395313,-10457261275752364072641304111
1018,-497367494915532225736395313,-10457261275752364072641304111,1,-9959893780836831846904908798,-497367494915532225736395313,-4979946890418415923452454399
1019,-497367494915532225736395313,-4979946890418415923452454399,1,4482579395502883697716059086,2241289697751441848858029543,-4979946890418415923452454399
1020,2241289697751441848858029543,-4979946890418415923452454399,1,-7221236588169857772310483942,2241289697751441848858029543,-3610618294084928886155241971
1021,2241289697751441848858029543,-3610618294084928886155241971,1,5851907991836370735013271514,2925953995918185367506635757,-3610618294084928886155241971
1022,2925953995918185367506635757,-3610618294084928886155241971,0,-684664298166743518648606214,2925953995918185367506635757,-342332149083371759324303107
1023,2925953995918185367506635757,-342332149083371759324303107,0,2583621846834813608182332650,1291810923417406804091166325,-342332149083371759324303107
1024,1291810923417406804091166325,-342332149083371759324303107,0,949478774334035044766863218,1291810923417406804091166325,474739387167017522383431609
1025,1291810923417406804091166325,474739387167017522383431609,0,1766550310584424326474597934,883275155292212163237298967,474739387167017522383431609
1026,883275155292212163237298967,474739387167017522383431609,1,-408535768125194640853867358,883275155292212163237298967,-204267884062597320426933679
1027,883275155292212163237298967,-204267884062597320426933679,1,1087543039354809483664232646,543771519677404741832116323,-204267884062597320426933679
1028,543771519677404741832116323,-204267884062597320426933679,1,-748039403740002062259050002,543771519677404741832116323,-374019701870001031129525001
1029,543771519677404741832116323,-374019701870001031129525001,0,169751817807403710702591322,84875908903701855351295661,-374019701870001031129525001
1030,84875908903701855351295661,-374019701870001031129525001,1,-458895610773702886480820662,84875908903701855351295661,-229447805386851443240410331
1031,84875908903701855351295661,-229447805386851443240410331,0,-144571896483149587889114670,-72285948241574793944557335,-229447805386851443240410331
1032,-72285948241574793944557335,-229447805386851443240410331,0,-301733753628426237184967666,-72285948241574793944557335,-150866876814213118592483833
1033,-72285948241574793944557335,-150866876814213118592483833,1,78580928572638324647926498,39290464286319162323963249,-150866876814213118592483833
1034,39290464286319162323963249,-150866876814213118592483833,1,-190157341100532280916447082,39290464286319162323963249,-95078670550266140458223541
1035,39290464286319162323963249,-95078670550266140458223541,1,134369134836585302782186790,67184567418292651391093395,-95078670550266140458223541
1036,67184567418292651391093395,-95078670550266140458223541,0,-27894103131973489067130146,67184567418292651391093395,-13947051565986744533565073
1037,67184567418292651391093395,-13947051565986744533565073,0,53237515852305906857528322,26618757926152953428764161,-13947051565986744533565073
1038,26618757926152953428764161,-13947051565986744533565073,1,-40565809492139697962329234,26618757926152953428764161,-20282904746069848981164617
1039,26618757926152953428764161,-20282904746069848981164617,1,46901662672222802409928778,23450831336111401204964389,-20282904746069848981164617
1040,23450831336111401204964389,-20282904746069848981164617,1,-43733736082181250186129006,23450831336111401204964389,-21866868041090625093064503
1041,23450831336111401204964389,-21866868041090625093064503,0,1583963295020776111899886,791981647510388055949943,-21866868041090625093064503
1042,791981647510388055949943,-21866868041090625093064503,1,-22658849688601013149014446,791981647510388055949943,-11329424844300506574507223
1043,791981647510388055949943,-11329424844300506574507223,1,12121406491810894630457166,6060703245905447315228583,-11329424844300506574507223
1044,6060703245905447315228583,-11329424844300506574507223,1,-17390128090205953889735806,6060703245905447315228583,-8695064045102976944867903
1045,6060703245905447315228583,-8695064045102976944867903,1,14755767291008424260096486,7377883645504212130048243,-8695064045102976944867903
1046,7377883645504212130048243,-8695064045102976944867903,1,-16072947690607189074916146,7377883645504212130048243,-8036473845303594537458073
1047,7377883645504212130048243,-8036473845303594537458073,0,-658590199799382407409830,-329295099899691203704915,-8036473845303594537458073
1048,-329295099899691203704915,-8036473845303594537458073,1,-7707178745403903333753158,-329295099899691203704915,-3853589372701951666876579
1049,-329295099899691203704915,-3853589372701951666876579,0,-4182884472601642870581494,-2091442236300821435290747,-3853589372701951666876579
1050,-2091442236300821435290747,-3853589372701951666876579,0,-5945031609002773102167326,-2091442236300821435290747,-2972515804501386551083663
1051,-2091442236300821435290747,-2972515804501386551083663,0,-5063958040802207986374410,-2531979020401103993187205,-2972515804501386551083663
1052,-2531979020401103993187205,-2972515804501386551083663,1,-440536784100282557896458,-2531979020401103993187205,-220268392050141278948229
1053,-2531979020401103993187205,-220268392050141278948229,0,-2752247412451245272135434,-1376123706225622636067717,-220268392050141278948229
1054,-1376123706225622636067717,-220268392050141278948229,0,-1596392098275763915015946,-1376123706225622636067717,-798196049137881957507973
1055,-1376123706225622636067717,-798196049137881957507973,0,-2174319755363504593575690,-1087159877681752296787845,-798196049137881957507973
1056,-1087159877681752296787845,-798196049137881957507973,0,-1885355926819634254295818,-1087159877681752296787845,-942677963409817127147909
1057,-1087159877681752296787845,-942677963409817127147909,0,-2029837841091569423935754,-1014918920545784711967877,-942677963409817127147909
1058,-1014918920545784711967877,-942677963409817127147909,0,-1957596883955601839115786,-1014918920545784711967877,-978798441977800919557893
1059,-1014918920545784711967877,-978798441977800919557893,0,-1993717362523585631525770,-996858681261792815762885,-978798441977800919557893
1060,-996858681261792815762885,-978798441977800919557893,0,-1975657123239593735320778,-996858681261792815762885,-987828561619796867660389
1061,-996858681261792815762885,-987828561619796867660389,0,-1984687242881589683423274,-992343621440794841711637,-987828561619796867660389
1062,-992343621440794841711637,-987828561619796867660389,0,-1980172183060591709372026,-992343621440794841711637,-990086091530295854686013
1063,-992343621440794841711637,-990086091530295854686013,0,-1982429712971090696397650,-991214856485545348198825,-990086091530295854686013
1064,-991214856485545348198825,-990086091530295854686013,0,-1981300948015841202884838,-991214856485545348198825,-990650474007920601442419
1065,-991214856485545348198825,-990650474007920601442419,1,-564382477624746756406,-282191238812373378203,-990650474007920601442419
1066,-282191238812373378203,-990650474007920601442419,0,-990932665246732974820622,-282191238812373378203,-495466332623366487410311
1067,-282191238812373378203,-495466332623366487410311,0,-495748523862178860788514,-247874261931089430394257,-495466332623366487410311
1068,-247874261931089430394257,-495466332623366487410311,1,-247592070692277057016054,-247874261931089430394257,-123796035346138528508027
1069,-247874261931089430394257,-123796035346138528508027,1,-124078226584950901886230,-62039113292475450943115,-123796035346138528508027
1070,-62039113292475450943115,-123796035346138528508027,0,-185835148638613979451142,-62039113292475450943115,-92917574319306989725571
1071,-62039113292475450943115,-92917574319306989725571,0,-154956687611782440668686,-77478343805891220334343,-92917574319306989725571
1072,-77478343805891220334343,-92917574319306989725571,0,-170395918125198210059914,-77478343805891220334343,-85197959062599105029957
1073,-77478343805891220334343,-85197959062599105029957,1,7719615256707884695614,3859807628353942347807,-85197959062599105029957
1074,3859807628353942347807,-85197959062599105029957,0,-81338151434245162682150,3859807628353942347807,-40669075717122581341075
1075,3859807628353942347807,-40669075717122581341075,1,44528883345476523688882,22264441672738261844441,-40669075717122581341075
1076,22264441672738261844441,-40669075717122581341075,0,-18404634044384319496634,22264441672738261844441,-9202317022192159748317
1077,22264441672738261844441,-9202317022192159748317,1,31466758694930421592758,15733379347465210796379,-9202317022192159748317
1078,15733379347465210796379,-9202317022192159748317,0,6531062325273051048062,15733379347465210796379,3265531162636525524031
1079,15733379347465210796379,3265531162636525524031,0,18998910510101736320410,9499455255050868160205,3265531162636525524031
1080,9499455255050868160205,3265531162636525524031,1,-6233924092414342636174,9499455255050868160205,-3116962046207171318087
1081,9499455255050868160205,-3116962046207171318087,0,6382493208843696842118,3191246604421848421059,-3116962046207171318087
1082,3191246604421848421059,-3116962046207171318087,1,-6308208650629019739146,3191246604421848421059,-3154104325314509869573
1083,3191246604421848421059,-3154104325314509869573,0,37142279107338551486,18571139553669275743,-3154104325314509869573
1084,18571139553669275743,-3154104325314509869573,0,-3135533185760840593830,18571139553669275743,-1567766592880420296915
1085,18571139553669275743,-1567766592880420296915,1,1586337732434089572658,793168866217044786329,-1567766592880420296915
1086,793168866217044786329,-1567766592880420296915,0,-774597726663375510586,793168866217044786329,-387298863331687755293
1087,793168866217044786329,-387298863331687755293,1,1180467729548732541622,590233864774366270811,-387298863331687755293
1088,590233864774366270811,-387298863331687755293,0,202935001442678515518,590233864774366270811,101467500721339257759
1089,590233864774366270811,101467500721339257759,0,691701365495705528570,345850682747852764285,101467500721339257759
1090,345850682747852764285,101467500721339257759,1,-244383182026513506526,345850682747852764285,-122191591013256753263
1091,345850682747852764285,-122191591013256753263,0,223659091734596011022,111829545867298005511,-122191591013256753263
1092,111829545867298005511,-122191591013256753263,1,-234021136880554758774,111829545867298005511,-117010568440277379387
1093,111829545867298005511,-117010568440277379387,1,228840114307575384898,114420057153787692449,-117010568440277379387
1094,114420057153787692449,-117010568440277379387,0,-2590511286489686938,114420057153787692449,-1295255643244843469
1095,114420057153787692449,-1295255643244843469,1,115715312797032535918,57857656398516267959,-1295255643244843469
1096,57857656398516267959,-1295255643244843469,0,56562400755271424490,57857656398516267959,28281200377635712245
1097,57857656398516267959,28281200377635712245,1,29576456020880555714,14788228010440277857,28281200377635712245
1098,14788228010440277857,28281200377635712245,0,43069428388075990102,14788228010440277857,21534714194037995051
1099,14788228010440277857,21534714194037995051,1,-6746486183597717194,-3373243091798858597,21534714194037995051
1100,-3373243091798858597,21534714194037995051,0,18161471102239136454,-3373243091798858597,9080735551119568227
1101,-3373243091798858597,9080735551119568227,0,5707492459320709630,2853746229660354815,9080735551119568227
1102,2853746229660354815,9080735551119568227,0,11934481780779923042,2853746229660354815,5967240890389961521
1103,2853746229660354815,5967240890389961521,1,-3113494660729606706,-1556747330364803353,5967240890389961521
1104,-1556747330364803353,5967240890389961521,1,7523988220754764874,-1556747330364803353,3761994110377382437
1105,-1556747330364803353,3761994110377382437,1,-5318741440742185790,-2659370720371092895,3761994110377382437
1106,-2659370720371092895,3761994110377382437,0,1102623390006289542,-2659370720371092895,551311695003144771
1107,-2659370720371092895,551311695003144771,1,-3210682415374237666,-1605341207687118833,551311695003144771
1108,-1605341207687118833,551311695003144771,0,-1054029512683974062,-1605341207687118833,-527014756341987031
1109,-1605341207687118833,-527014756341987031,1,-1078326451345131802,-539163225672565901,-527014756341987031
1110,-539163225672565901,-527014756341987031,1,12148469330578870,-539163225672565901,6074234665289435
1111,-539163225672565901,6074234665289435,0,-533088991007276466,-266544495503638233,6074234665289435
1112,-266544495503638233,6074234665289435,0,-260470260838348798,-266544495503638233,-130235130419174399
1113,-266544495503638233,-130235130419174399,1,-136309365084463834,-68154682542231917,-130235130419174399
1114,-68154682542231917,-130235130419174399,1,-62080447876942482,-68154682542231917,-31040223938471241
1115,-68154682542231917,-31040223938471241,0,-99194906480703158,-49597453240351579,-31040223938471241
1116,-49597453240351579,-31040223938471241,1,18557229301880338,-49597453240351579,9278614650940169
1117,-49597453240351579,9278614650940169,0,-40318838589411410,-20159419294705705,9278614650940169
1118,-20159419294705705,9278614650940169,1,29438033945645874,-20159419294705705,14719016972822937
1119,-20159419294705705,14719016972822937,1,-34878436267528642,-17439218133764321,14719016972822937
1120,-17439218133764321,14719016972822937,1,32158235106587258,-17439218133764321,16079117553293629
1121,-17439218133764321,16079117553293629,1,-33518335687057950,-16759167843528975,16079117553293629
1122,-16759167843528975,16079117553293629,0,-680050290235346,-16759167843528975,-340025145117673
1123,-16759167843528975,-340025145117673,1,-16419142698411302,-8209571349205651,-340025145117673
1124,-8209571349205651,-340025145117673,1,7869546204087978,-8209571349205651,3934773102043989
1125,-8209571349205651,3934773102043989,0,-4274798247161662,-2137399123580831,3934773102043989
1126,-2137399123580831,3934773102043989,0,1797373978463158,-2137399123580831,898686989231579
1127,-2137399123580831,898686989231579,1,-3036086112812410,-1518043056406205,898686989231579
1128,-1518043056406205,898686989231579,0,-619356067174626,-1518043056406205,-309678033587313
1129,-1518043056406205,-309678033587313,0,-1827721089993518,-913860544996759,-309678033587313
1130,-913860544996759,-309678033587313,1,604182511409446,-913860544996759,302091255704723
1131,-913860544996759,302091255704723,1,-1215951800701482,-607975900350741,302091255704723
1132,-607975900350741,302091255704723,0,-305884644646018,-607975900350741,-152942322323009
1133,-607975900350741,-152942322323009,0,-760918222673750,-380459111336875,-152942322323009
1134,-380459111336875,-152942322323009,1,227516789013866,-380459111336875,113758394506933
1135,-380459111336875,113758394506933,0,-266700716829942,-133350358414971,113758394506933
1136,-133350358414971,113758394506933,0,-19591963908038,-133350358414971,-9795981954019
1137,-133350358414971,-9795981954019,0,-143146340368990,-71573170184495,-9795981954019
1138,-71573170184495,-9795981954019,0,-81369152138514,-71573170184495,-40684576069257
1139,-71573170184495,-40684576069257,1,-30888594115238,-15444297057619,-40684576069257
1140,-15444297057619,-40684576069257,1,-25240279011638,-15444297057619,-12620139505819
1141,-15444297057619,-12620139505819,0,-28064436563438,-14032218281719,-12620139505819
1142,-14032218281719,-12620139505819,0,-26652357787538,-14032218281719,-13326178893769
1143,-14032218281719,-13326178893769,1,-706039387950,-353019693975,-13326178893769
1144,-353019693975,-13326178893769,1,-12973159199794,-353019693975,-6486579599897
1145,-353019693975,-6486579599897,1,6133559905922,3066779952961,-6486579599897
1146,3066779952961,-6486579599897,1,-9553359552858,3066779952961,-4776679776429
1147,3066779952961,-4776679776429,1,7843459729390,3921729864695,-4776679776429
1148,3921729864695,-4776679776429,0,-854949911734,3921729864695,-427474955867
1149,3921729864695,-427474955867,1,4349204820562,2174602410281,-427474955867
1150,2174602410281,-427474955867,0,1747127454414,2174602410281,873563727207
1151,2174602410281,873563727207,1,1301038683074,650519341537,873563727207
1152,650519341537,873563727207,1,223044385670,650519341537,111522192835
1153,650519341537,111522192835,1,538997148702,269498574351,111522192835
1154,269498574351,111522192835,0,381020767186,269498574351,190510383593
1155,269498574351,190510383593,1,78988190758,39494095379,190510383593
1156,39494095379,190510383593,1,151016288214,39494095379,75508144107
1157,39494095379,75508144107,0,115002239486,57501119743,75508144107
1158,57501119743,75508144107,0,133009263850,57501119743,66504631925
1159,57501119743,66504631925,1,-9003512182,-4501756091,66504631925
1160,-4501756091,66504631925,0,62002875834,-4501756091,31001437917
1161,-4501756091,31001437917,0,26499681826,13249840913,31001437917
1162,13249840913,31001437917,0,44251278830,13249840913,22125639415
1163,13249840913,22125639415,1,-8875798502,-4437899251,22125639415
1164,-4437899251,22125639415,1,26563538666,-4437899251,13281769333
1165,-4437899251,13281769333,0,8843870082,4421935041,13281769333
1166,4421935041,13281769333,0,17703704374,4421935041,8851852187
1167,4421935041,8851852187,1,-4429917146,-2214958573,8851852187
1168,-2214958573,8851852187,0,6636893614,-2214958573,3318446807
1169,-2214958573,3318446807,0,1103488234,551744117,3318446807
1170,551744117,3318446807,1,2766702690,551744117,1383351345
1171,551744117,1383351345,0,1935095462,967547731,1383351345
1172,967547731,1383351345,1,415803614,967547731,207901807
1173,967547731,207901807,0,1175449538,587724769,207901807
1174,587724769,207901807,1,-379822962,587724769,-189911481
1175,587724769,-189911481,1,777636250,388818125,-189911481
1176,388818125,-189911481,1,-578729606,388818125,-289364803
1177,388818125,-289364803,0,99453322,49726661,-289364803
1178,49726661,-289364803,0,-239638142,49726661,-119819071
1179,49726661,-119819071,0,-70092410,-35046205,-119819071
1180,-35046205,-119819071,1,-84772866,-35046205,-42386433
1181,-35046205,-42386433,0,-77432638,-38716319,-42386433
1182,-38716319,-42386433,1,-3670114,-38716319,-1835057
1183,-38716319,-1835057,1,-36881262,-18440631,-1835057
1184,-18440631,-1835057,1,16605574,-18440631,8302787
1185,-18440631,8302787,1,-26743418,-13371709,8302787
1186,-13371709,8302787,0,-5068922,-13371709,-2534461
1187,-13371709,-2534461,0,-15906170,-7953085,-2534461
1188,-7953085,-2534461,0,-10487546,-7953085,-5243773
1189,-7953085,-5243773,0,-13196858,-6598429,-5243773
1190,-6598429,-5243773,0,-11842202,-6598429,-5921101
1191,-6598429,-5921101,0,-12519530,-6259765,-5921101
1192,-6259765,-5921101,0,-12180866,-6259765,-6090433
1193,-6259765,-6090433,0,-12350198,-6175099,-6090433
1194,-6175099,-6090433,1,84666,-6175099,42333
1195,-6175099,42333,0,-6132766,-3066383,42333
1196,-3066383,42333,0,-3024050,-3066383,-1512025
1197,-3066383,-1512025,1,-1554358,-777179,-1512025
1198,-777179,-1512025,1,-734846,-777179,-367423
1199,-777179,-367423,0,-1144602,-572301,-367423
1200,-572301,-367423,1,204878,-572301,102439
1201,-572301,102439,0,-469862,-234931,102439
1202,-234931,102439,1,337370,-234931,168685
1203,-234931,168685,0,-66246,-33123,168685
1204,-33123,168685,0,135562,-33123,67781
1205,-33123,67781,0,34658,17329,67781
1206,17329,67781,0,85110,17329,42555
1207,17329,42555,1,-25226,-12613,42555
1208,-12613,42555,0,29942,-12613,14971
1209,-12613,14971,0,2358,1179,14971
1210,1179,14971,0,16150,1179,8075
1211,1179,8075,0,9254,4627,8075
1212,4627,8075,0,12702,4627,6351
1213,4627,6351,0,10978,5489,6351
1214,5489,6351,1,862,5489,431
1215,5489,431,1,5058,2529,431
1216,2529,431,1,-2098,2529,-1049
1217,2529,-1049,1,3578,1789,-1049
1218,1789,-1049,1,-2838,1789,-1419
1219,1789,-1419,0,370,185,-1419
1220,185,-1419,0,-1234,185,-617
1221,185,-617,1,802,401,-617
1222,401,-617,1,-1018,401,-509
1223,401,-509,1,910,455,-509
1224,455,-509,0,-54,455,-27
1225,455,-27,1,482,241,-27
1226,241,-27,0,214,241,107
1227,241,107,1,134,67,107
1228,67,107,0,174,67,87
1229,67,87,0,154,77,87
1230,77,87,1,10,77,5
1231,77,5,0,82,41,5
1232,41,5,0,46,41,23
1233,41,23,1,18,9,23
1234,9,23,1,14,9,7
1235,9,7,1,2,1,7
1236,1,7,1,6,1,3
1237,1,3,1,-2,-1,3
1238,-1,3,0,2,-1,1
