k,u_before,v_before,tape_bit,sum,u_after,v_after
0,115792089237316195423570985008687907853269984665640564039457584007908834671663,3,1,,115792089237316195423570985008687907853269984665640564039457584007908834671663,57896044618658097711785492504343953926634992332820282019728792003954417335833
1,115792089237316195423570985008687907853269984665640564039457584007908834671663,57896044618658097711785492504343953926634992332820282019728792003954417335833,1,57896044618658097711785492504343953926634992332820282019728792003954417335830,28948022309329048855892746252171976963317496166410141009864396001977208667915,57896044618658097711785492504343953926634992332820282019728792003954417335833
2,28948022309329048855892746252171976963317496166410141009864396001977208667915,57896044618658097711785492504343953926634992332820282019728792003954417335833,1,28948022309329048855892746252171976963317496166410141009864396001977208667918,28948022309329048855892746252171976963317496166410141009864396001977208667915,14474011154664524427946373126085988481658748083205070504932198000988604333959
3,28948022309329048855892746252171976963317496166410141009864396001977208667915,14474011154664524427946373126085988481658748083205070504932198000988604333959,0,43422033463993573283839119378257965444976244249615211514796594002965813001874,21711016731996786641919559689128982722488122124807605757398297001482906500937,14474011154664524427946373126085988481658748083205070504932198000988604333959
4,21711016731996786641919559689128982722488122124807605757398297001482906500937,14474011154664524427946373126085988481658748083205070504932198000988604333959,1,-7237005577332262213973186563042994240829374041602535252466099000494302166978,21711016731996786641919559689128982722488122124807605757398297001482906500937,-3618502788666131106986593281521497120414687020801267626233049500247151083489
5,21711016731996786641919559689128982722488122124807605757398297001482906500937,-3618502788666131106986593281521497120414687020801267626233049500247151083489,1,25329519520662917748906152970650479842902809145608873383631346501730057584426,12664759760331458874453076485325239921451404572804436691815673250865028792213,-3618502788666131106986593281521497120414687020801267626233049500247151083489
6,12664759760331458874453076485325239921451404572804436691815673250865028792213,-3618502788666131106986593281521497120414687020801267626233049500247151083489,1,-16283262548997589981439669766846737041866091593605704318048722751112179875702,12664759760331458874453076485325239921451404572804436691815673250865028792213,-8141631274498794990719834883423368520933045796802852159024361375556089937851
7,12664759760331458874453076485325239921451404572804436691815673250865028792213,-8141631274498794990719834883423368520933045796802852159024361375556089937851,0,4523128485832663883733241601901871400518358776001584532791311875308938854362,2261564242916331941866620800950935700259179388000792266395655937654469427181,-8141631274498794990719834883423368520933045796802852159024361375556089937851
8,2261564242916331941866620800950935700259179388000792266395655937654469427181,-8141631274498794990719834883423368520933045796802852159024361375556089937851,0,-5880067031582463048853214082472432820673866408802059892628705437901620510670,2261564242916331941866620800950935700259179388000792266395655937654469427181,-2940033515791231524426607041236216410336933204401029946314352718950810255335
9,2261564242916331941866620800950935700259179388000792266395655937654469427181,-2940033515791231524426607041236216410336933204401029946314352718950810255335,0,-678469272874899582559986240285280710077753816400237679918696781296340828154,-339234636437449791279993120142640355038876908200118839959348390648170414077,-2940033515791231524426607041236216410336933204401029946314352718950810255335
10,-339234636437449791279993120142640355038876908200118839959348390648170414077,-2940033515791231524426607041236216410336933204401029946314352718950810255335,1,-2600798879353781733146613921093576055298056296200911106355004328302639841258,-339234636437449791279993120142640355038876908200118839959348390648170414077,-1300399439676890866573306960546788027649028148100455553177502164151319920629
11,-339234636437449791279993120142640355038876908200118839959348390648170414077,-1300399439676890866573306960546788027649028148100455553177502164151319920629,0,-1639634076114340657853300080689428382687905056300574393136850554799490334706,-819817038057170328926650040344714191343952528150287196568425277399745167353,-1300399439676890866573306960546788027649028148100455553177502164151319920629
12,-819817038057170328926650040344714191343952528150287196568425277399745167353,-1300399439676890866573306960546788027649028148100455553177502164151319920629,0,-2120216477734061195499957000891502218992980676250742749745927441551065087982,-819817038057170328926650040344714191343952528150287196568425277399745167353,-1060108238867030597749978500445751109496490338125371374872963720775532543991
13,-819817038057170328926650040344714191343952528150287196568425277399745167353,-1060108238867030597749978500445751109496490338125371374872963720775532543991,1,240291200809860268823328460101036918152537809975084178304538443375787376638,120145600404930134411664230050518459076268904987542089152269221687893688319,-1060108238867030597749978500445751109496490338125371374872963720775532543991
14,120145600404930134411664230050518459076268904987542089152269221687893688319,-1060108238867030597749978500445751109496490338125371374872963720775532543991,1,-1180253839271960732161642730496269568572759243112913464025232942463426232310,120145600404930134411664230050518459076268904987542089152269221687893688319,-590126919635980366080821365248134784286379621556456732012616471231713116155
15,120145600404930134411664230050518459076268904987542089152269221687893688319,-590126919635980366080821365248134784286379621556456732012616471231713116155,1,710272520040910500492485595298653243362648526543998821164885692919606804474,355136260020455250246242797649326621681324263271999410582442846459803402237,-590126919635980366080821365248134784286379621556456732012616471231713116155
16,355136260020455250246242797649326621681324263271999410582442846459803402237,-590126919635980366080821365248134784286379621556456732012616471231713116155,0,-234990659615525115834578567598808162605055358284457321430173624771909713918,355136260020455250246242797649326621681324263271999410582442846459803402237,-117495329807762557917289283799404081302527679142228660715086812385954856959
17,355136260020455250246242797649326621681324263271999410582442846459803402237,-117495329807762557917289283799404081302527679142228660715086812385954856959,0,237640930212692692328953513849922540378796584129770749867356034073848545278,118820465106346346164476756924961270189398292064885374933678017036924272639,-117495329807762557917289283799404081302527679142228660715086812385954856959
18,118820465106346346164476756924961270189398292064885374933678017036924272639,-117495329807762557917289283799404081302527679142228660715086812385954856959,1,-236315794914108904081766040724365351491925971207114035648764829422879129598,118820465106346346164476756924961270189398292064885374933678017036924272639,-118157897457054452040883020362182675745962985603557017824382414711439564799
19,118820465106346346164476756924961270189398292064885374933678017036924272639,-118157897457054452040883020362182675745962985603557017824382414711439564799,1,236978362563400798205359777287143945935361277668442392758060431748363837438,118489181281700399102679888643571972967680638834221196379030215874181918719,-118157897457054452040883020362182675745962985603557017824382414711439564799
20,118489181281700399102679888643571972967680638834221196379030215874181918719,-118157897457054452040883020362182675745962985603557017824382414711439564799,1,-236647078738754851143562909005754648713643624437778214203412630585621483518,118489181281700399102679888643571972967680638834221196379030215874181918719,-118323539369377425571781454502877324356821812218889107101706315292810741759
21,118489181281700399102679888643571972967680638834221196379030215874181918719,-118323539369377425571781454502877324356821812218889107101706315292810741759,1,236812720651077824674461343146449297324502451053110303480736531166992660478,118406360325538912337230671573224648662251225526555151740368265583496330239,-118323539369377425571781454502877324356821812218889107101706315292810741759
22,118406360325538912337230671573224648662251225526555151740368265583496330239,-118323539369377425571781454502877324356821812218889107101706315292810741759,1,-236729899694916337909012126076101973019073037745444258842074580876307071998,118406360325538912337230671573224648662251225526555151740368265583496330239,-118364949847458168954506063038050986509536518872722129421037290438153535999
23,118406360325538912337230671573224648662251225526555151740368265583496330239,-118364949847458168954506063038050986509536518872722129421037290438153535999,1,236771310172997081291736734611275635171787744399277281161405556021649866238,118385655086498540645868367305637817585893872199638640580702778010824933119,-118364949847458168954506063038050986509536518872722129421037290438153535999
24,118385655086498540645868367305637817585893872199638640580702778010824933119,-118364949847458168954506063038050986509536518872722129421037290438153535999,1,-236750604933956709600374430343688804095430391072360770001740068448978469118,118385655086498540645868367305637817585893872199638640580702778010824933119,-118375302466978354800187215171844402047715195536180385000870034224489234559
25,118385655086498540645868367305637817585893872199638640580702778010824933119,-118375302466978354800187215171844402047715195536180385000870034224489234559,1,236760957553476895446055582477482219633609067735819025581572812235314167678,118380478776738447723027791238741109816804533867909512790786406117657083839,-118375302466978354800187215171844402047715195536180385000870034224489234559
26,118380478776738447723027791238741109816804533867909512790786406117657083839,-118375302466978354800187215171844402047715195536180385000870034224489234559,1,-236755781243716802523215006410585511864519729404089897791656440342146318398,118380478776738447723027791238741109816804533867909512790786406117657083839,-118377890621858401261607503205292755932259864702044948895828220171073159199
27,118380478776738447723027791238741109816804533867909512790786406117657083839,-118377890621858401261607503205292755932259864702044948895828220171073159199,1,236758369398596848984635294444033865749064398569954461686614626288730243038,118379184699298424492317647222016932874532199284977230843307313144365121519,-118377890621858401261607503205292755932259864702044948895828220171073159199
28,118379184699298424492317647222016932874532199284977230843307313144365121519,-118377890621858401261607503205292755932259864702044948895828220171073159199,1,-236757075321156825753925150427309688806792063987022179739135533315438280718,118379184699298424492317647222016932874532199284977230843307313144365121519,-118378537660578412876962575213654844403396031993511089869567766657719140359
29,118379184699298424492317647222016932874532199284977230843307313144365121519,-118378537660578412876962575213654844403396031993511089869567766657719140359,1,236757722359876837369280222435671777277928231278488320712875079802084261878,118378861179938418684640111217835888638964115639244160356437539901042130939,-118378537660578412876962575213654844403396031993511089869567766657719140359
30,118378861179938418684640111217835888638964115639244160356437539901042130939,-118378537660578412876962575213654844403396031993511089869567766657719140359,1,-236757398840516831561602686431490733042360147632755250226005306558761271298,118378861179938418684640111217835888638964115639244160356437539901042130939,-118378699420258415780801343215745366521180073816377625113002653279380635649
31,118378861179938418684640111217835888638964115639244160356437539901042130939,-118378699420258415780801343215745366521180073816377625113002653279380635649,0,161759680002903838768002090522117784041822866535243434886621661495290,80879840001451919384001045261058892020911433267621717443310830747645,-118378699420258415780801343215745366521180073816377625113002653279380635649
32,80879840001451919384001045261058892020911433267621717443310830747645,-118378699420258415780801343215745366521180073816377625113002653279380635649,1,-118378780300098417232720727216790627580072094727810892734720096590211383294,80879840001451919384001045261058892020911433267621717443310830747645,-59189390150049208616360363608395313790036047363905446367360048295105691647
33,80879840001451919384001045261058892020911433267621717443310830747645,-59189390150049208616360363608395313790036047363905446367360048295105691647,0,-59189309270209207164440979607350052731144026452472178745642604984274944002,-29594654635104603582220489803675026365572013226236089372821302492137472001,-59189390150049208616360363608395313790036047363905446367360048295105691647
34,-29594654635104603582220489803675026365572013226236089372821302492137472001,-59189390150049208616360363608395313790036047363905446367360048295105691647,1,-29594735514944605034139873804720287424464034137669356994538745802968219646,-29594654635104603582220489803675026365572013226236089372821302492137472001,-14797367757472302517069936902360143712232017068834678497269372901484109823
35,-29594654635104603582220489803675026365572013226236089372821302492137472001,-14797367757472302517069936902360143712232017068834678497269372901484109823,1,-14797286877632301065150552901314882653339996157401410875551929590653362178,-7398643438816150532575276450657441326669998078700705437775964795326681089,-14797367757472302517069936902360143712232017068834678497269372901484109823
36,-7398643438816150532575276450657441326669998078700705437775964795326681089,-14797367757472302517069936902360143712232017068834678497269372901484109823,1,-7398724318656151984494660451702702385562018990133973059493408106157428734,-7398643438816150532575276450657441326669998078700705437775964795326681089,-3699362159328075992247330225851351192781009495066986529746704053078714367
37,-7398643438816150532575276450657441326669998078700705437775964795326681089,-3699362159328075992247330225851351192781009495066986529746704053078714367,1,-3699281279488074540327946224806090133888988583633718908029260742247966722,-1849640639744037270163973112403045066944494291816859454014630371123983361,-3699362159328075992247330225851351192781009495066986529746704053078714367
38,-1849640639744037270163973112403045066944494291816859454014630371123983361,-3699362159328075992247330225851351192781009495066986529746704053078714367,1,-1849721519584038722083357113448306125836515203250127075732073681954731006,-1849640639744037270163973112403045066944494291816859454014630371123983361,-924860759792019361041678556724153062918257601625063537866036840977365503
39,-1849640639744037270163973112403045066944494291816859454014630371123983361,-924860759792019361041678556724153062918257601625063537866036840977365503,1,-924779879952017909122294555678892004026236690191795916148593530146617858,-462389939976008954561147277839446002013118345095897958074296765073308929,-924860759792019361041678556724153062918257601625063537866036840977365503
40,-462389939976008954561147277839446002013118345095897958074296765073308929,-924860759792019361041678556724153062918257601625063537866036840977365503,1,-462470819816010406480531278884707060905139256529165579791740075904056574,-462389939976008954561147277839446002013118345095897958074296765073308929,-231235409908005203240265639442353530452569628264582789895870037952028287
41,-462389939976008954561147277839446002013118345095897958074296765073308929,-231235409908005203240265639442353530452569628264582789895870037952028287,1,-231154530068003751320881638397092471560548716831315168178426727121280642,-115577265034001875660440819198546235780274358415657584089213363560640321,-231235409908005203240265639442353530452569628264582789895870037952028287
42,-115577265034001875660440819198546235780274358415657584089213363560640321,-231235409908005203240265639442353530452569628264582789895870037952028287,1,-115658144874003327579824820243807294672295269848925205806656674391387966,-115577265034001875660440819198546235780274358415657584089213363560640321,-57829072437001663789912410121903647336147634924462602903328337195693983
43,-115577265034001875660440819198546235780274358415657584089213363560640321,-57829072437001663789912410121903647336147634924462602903328337195693983,1,-57748192597000211870528409076642588444126723491194981185885026364946338,-28874096298500105935264204538321294222063361745597490592942513182473169,-57829072437001663789912410121903647336147634924462602903328337195693983
44,-28874096298500105935264204538321294222063361745597490592942513182473169,-57829072437001663789912410121903647336147634924462602903328337195693983,1,-28954976138501557854648205583582353114084273178865112310385824013220814,-28874096298500105935264204538321294222063361745597490592942513182473169,-14477488069250778927324102791791176557042136589432556155192912006610407
45,-28874096298500105935264204538321294222063361745597490592942513182473169,-14477488069250778927324102791791176557042136589432556155192912006610407,1,-14396608229249327007940101746530117665021225156164934437749601175862762,-7198304114624663503970050873265058832510612578082467218874800587931381,-14477488069250778927324102791791176557042136589432556155192912006610407
46,-7198304114624663503970050873265058832510612578082467218874800587931381,-14477488069250778927324102791791176557042136589432556155192912006610407,1,-7279183954626115423354051918526117724531524011350088936318111418679026,-7198304114624663503970050873265058832510612578082467218874800587931381,-3639591977313057711677025959263058862265762005675044468159055709339513
47,-7198304114624663503970050873265058832510612578082467218874800587931381,-3639591977313057711677025959263058862265762005675044468159055709339513,0,-10837896091937721215647076832528117694776374583757511687033856297270894,-5418948045968860607823538416264058847388187291878755843516928148635447,-3639591977313057711677025959263058862265762005675044468159055709339513
48,-5418948045968860607823538416264058847388187291878755843516928148635447,-3639591977313057711677025959263058862265762005675044468159055709339513,1,1779356068655802896146512457000999985122425286203711375357872439295934,-5418948045968860607823538416264058847388187291878755843516928148635447,889678034327901448073256228500499992561212643101855687678936219647967
49,-5418948045968860607823538416264058847388187291878755843516928148635447,889678034327901448073256228500499992561212643101855687678936219647967,1,-6308626080296762055896794644764558839949399934980611531195864368283414,-3154313040148381027948397322382279419974699967490305765597932184141707,889678034327901448073256228500499992561212643101855687678936219647967
50,-3154313040148381027948397322382279419974699967490305765597932184141707,889678034327901448073256228500499992561212643101855687678936219647967,1,4043991074476282476021653550882779412535912610592161453276868403789674,-3154313040148381027948397322382279419974699967490305765597932184141707,2021995537238141238010826775441389706267956305296080726638434201894837
51,-3154313040148381027948397322382279419974699967490305765597932184141707,2021995537238141238010826775441389706267956305296080726638434201894837,0,-1132317502910239789937570546940889713706743662194225038959497982246870,-566158751455119894968785273470444856853371831097112519479748991123435,2021995537238141238010826775441389706267956305296080726638434201894837
52,-566158751455119894968785273470444856853371831097112519479748991123435,2021995537238141238010826775441389706267956305296080726638434201894837,0,1455836785783021343042041501970944849414584474198968207158685210771402,-566158751455119894968785273470444856853371831097112519479748991123435,727918392891510671521020750985472424707292237099484103579342605385701
53,-566158751455119894968785273470444856853371831097112519479748991123435,727918392891510671521020750985472424707292237099484103579342605385701,0,161759641436390776552235477515027567853920406002371584099593614262266,80879820718195388276117738757513783926960203001185792049796807131133,727918392891510671521020750985472424707292237099484103579342605385701
54,80879820718195388276117738757513783926960203001185792049796807131133,727918392891510671521020750985472424707292237099484103579342605385701,0,808798213609706059797138489742986208634252440100669895629139412516834,80879820718195388276117738757513783926960203001185792049796807131133,404399106804853029898569244871493104317126220050334947814569706258417
55,80879820718195388276117738757513783926960203001185792049796807131133,404399106804853029898569244871493104317126220050334947814569706258417,0,485278927523048418174686983629006888244086423051520739864366513389550,242639463761524209087343491814503444122043211525760369932183256694775,404399106804853029898569244871493104317126220050334947814569706258417
56,242639463761524209087343491814503444122043211525760369932183256694775,404399106804853029898569244871493104317126220050334947814569706258417,1,161759643043328820811225753056989660195083008524574577882386449563642,242639463761524209087343491814503444122043211525760369932183256694775,80879821521664410405612876528494830097541504262287288941193224781821
57,242639463761524209087343491814503444122043211525760369932183256694775,80879821521664410405612876528494830097541504262287288941193224781821,1,161759642239859798681730615286008614024501707263473080990990031912954,80879821119929899340865307643004307012250853631736540495495015956477,80879821521664410405612876528494830097541504262287288941193224781821
58,80879821119929899340865307643004307012250853631736540495495015956477,80879821521664410405612876528494830097541504262287288941193224781821,0,161759642641594309746478184171499137109792357894023829436688240738298,80879821119929899340865307643004307012250853631736540495495015956477,80879821320797154873239092085749568554896178947011914718344120369149
59,80879821119929899340865307643004307012250853631736540495495015956477,80879821320797154873239092085749568554896178947011914718344120369149,0,161759642440727054214104399728753875567147032578748455213839136325626,80879821220363527107052199864376937783573516289374227606919568162813,80879821320797154873239092085749568554896178947011914718344120369149
60,80879821220363527107052199864376937783573516289374227606919568162813,80879821320797154873239092085749568554896178947011914718344120369149,0,161759642541160681980291291950126506338469695236386142325263688531962,80879821220363527107052199864376937783573516289374227606919568162813,80879821270580340990145645975063253169234847618193071162631844265981
61,80879821220363527107052199864376937783573516289374227606919568162813,80879821270580340990145645975063253169234847618193071162631844265981,0,161759642490943868097197845839440190952808363907567298769551412428794,80879821245471934048598922919720095476404181953783649384775706214397,80879821270580340990145645975063253169234847618193071162631844265981
62,80879821245471934048598922919720095476404181953783649384775706214397,80879821270580340990145645975063253169234847618193071162631844265981,0,161759642516052275038744568894783348645639029571976720547407550480378,80879821245471934048598922919720095476404181953783649384775706214397,80879821258026137519372284447391674322819514785988360273703775240189
63,80879821245471934048598922919720095476404181953783649384775706214397,80879821258026137519372284447391674322819514785988360273703775240189,0,161759642503498071567971207367111769799223696739772009658479481454586,80879821251749035783985603683555884899611848369886004829239740727293,80879821258026137519372284447391674322819514785988360273703775240189
64,80879821251749035783985603683555884899611848369886004829239740727293,80879821258026137519372284447391674322819514785988360273703775240189,0,161759642509775173303357888130947559222431363155874365102943515967482,80879821251749035783985603683555884899611848369886004829239740727293,80879821254887586651678944065473779611215681577937182551471757983741
65,80879821251749035783985603683555884899611848369886004829239740727293,80879821254887586651678944065473779611215681577937182551471757983741,0,161759642506636622435664547749029664510827529947823187380711498711034,80879821253318311217832273874514832255413764973911593690355749355517,80879821254887586651678944065473779611215681577937182551471757983741
66,80879821253318311217832273874514832255413764973911593690355749355517,80879821254887586651678944065473779611215681577937182551471757983741,0,161759642508205897869511217939988611866629446551848776241827507339258,80879821253318311217832273874514832255413764973911593690355749355517,80879821254102948934755608969994305933314723275924388120913753669629
67,80879821253318311217832273874514832255413764973911593690355749355517,80879821254102948934755608969994305933314723275924388120913753669629,0,161759642507421260152587882844509138188728488249835981811269503025146,80879821253710630076293941422254569094364244124917990905634751512573,80879821254102948934755608969994305933314723275924388120913753669629
68,80879821253710630076293941422254569094364244124917990905634751512573,80879821254102948934755608969994305933314723275924388120913753669629,0,161759642507813579011049550392248875027678967400842379026548505182202,80879821253710630076293941422254569094364244124917990905634751512573,80879821253906789505524775196124437513839483700421189513274252591101
69,80879821253710630076293941422254569094364244124917990905634751512573,80879821253906789505524775196124437513839483700421189513274252591101,0,161759642507617419581818716618379006608203727825339180418909004103674,80879821253808709790909358309189503304101863912669590209454502051837,80879821253906789505524775196124437513839483700421189513274252591101
70,80879821253808709790909358309189503304101863912669590209454502051837,80879821253906789505524775196124437513839483700421189513274252591101,0,161759642507715499296434133505313940817941347613090779722728754642938,80879821253808709790909358309189503304101863912669590209454502051837,80879821253857749648217066752656970408970673806545389861364377321469
71,80879821253808709790909358309189503304101863912669590209454502051837,80879821253857749648217066752656970408970673806545389861364377321469,0,161759642507666459439126425061846473713072537719214980070818879373306,80879821253833229719563212530923236856536268859607490035409439686653,80879821253857749648217066752656970408970673806545389861364377321469
72,80879821253833229719563212530923236856536268859607490035409439686653,80879821253857749648217066752656970408970673806545389861364377321469,0,161759642507690979367780279283580207265506942666152879896773817008122,80879821253833229719563212530923236856536268859607490035409439686653,80879821253845489683890139641790103632753471333076439948386908504061
73,80879821253833229719563212530923236856536268859607490035409439686653,80879821253845489683890139641790103632753471333076439948386908504061,0,161759642507678719403453352172713340489289740192683929983796348190714,80879821253839359701726676086356670244644870096341964991898174095357,80879821253845489683890139641790103632753471333076439948386908504061
74,80879821253839359701726676086356670244644870096341964991898174095357,80879821253845489683890139641790103632753471333076439948386908504061,0,161759642507684849385616815728146773877398341429418404940285082599418,80879821253839359701726676086356670244644870096341964991898174095357,80879821253842424692808407864073386938699170714709202470142541299709
75,80879821253839359701726676086356670244644870096341964991898174095357,80879821253842424692808407864073386938699170714709202470142541299709,0,161759642507681784394535083950430057183344040811051167462040715395066,80879821253840892197267541975215028591672020405525583731020357697533,80879821253842424692808407864073386938699170714709202470142541299709
76,80879821253840892197267541975215028591672020405525583731020357697533,80879821253842424692808407864073386938699170714709202470142541299709,0,161759642507683316890075949839288415530371191120234786201162898997242,80879821253840892197267541975215028591672020405525583731020357697533,80879821253841658445037974919644207765185595560117393100581449498621
77,80879821253840892197267541975215028591672020405525583731020357697533,80879821253841658445037974919644207765185595560117393100581449498621,0,161759642507682550642305516894859236356857615965642976831601807196154,80879821253841275321152758447429618178428807982821488415800903598077,80879821253841658445037974919644207765185595560117393100581449498621
78,80879821253841275321152758447429618178428807982821488415800903598077,80879821253841658445037974919644207765185595560117393100581449498621,0,161759642507682933766190733367073825943614403542938881516382353096698,80879821253841275321152758447429618178428807982821488415800903598077,80879821253841466883095366683536912971807201771469440758191176548349
79,80879821253841275321152758447429618178428807982821488415800903598077,80879821253841466883095366683536912971807201771469440758191176548349,0,161759642507682742204248125130966531150236009754290929173992080146426,80879821253841371102124062565483265575118004877145464586996040073213,80879821253841466883095366683536912971807201771469440758191176548349
80,80879821253841371102124062565483265575118004877145464586996040073213,80879821253841466883095366683536912971807201771469440758191176548349,0,161759642507682837985219429249020178546925206648614905345187216621562,80879821253841371102124062565483265575118004877145464586996040073213,80879821253841418992609714624510089273462603324307452672593608310781
81,80879821253841371102124062565483265575118004877145464586996040073213,80879821253841418992609714624510089273462603324307452672593608310781,0,161759642507682790094733777189993354848580608201452917259589648383994,80879821253841395047366888594996677424290304100726458629794824191997,80879821253841418992609714624510089273462603324307452672593608310781
82,80879821253841395047366888594996677424290304100726458629794824191997,80879821253841418992609714624510089273462603324307452672593608310781,0,161759642507682814039976603219506766697752907425033911302388432502778,80879821253841395047366888594996677424290304100726458629794824191997,80879821253841407019988301609753383348876453712516955651194216251389
83,80879821253841395047366888594996677424290304100726458629794824191997,80879821253841407019988301609753383348876453712516955651194216251389,0,161759642507682802067355190204750060773166757813243414280989040443386,80879821253841401033677595102375030386583378906621707140494520221693,80879821253841407019988301609753383348876453712516955651194216251389
84,80879821253841401033677595102375030386583378906621707140494520221693,80879821253841407019988301609753383348876453712516955651194216251389,0,161759642507682808053665896712128413735459832619138662791688736473082,80879821253841401033677595102375030386583378906621707140494520221693,80879821253841404026832948356064206867729916309569331395844368236541
85,80879821253841401033677595102375030386583378906621707140494520221693,80879821253841404026832948356064206867729916309569331395844368236541,0,161759642507682805060510543458439237254313295216191038536338888458234,80879821253841402530255271729219618627156647608095519268169444229117,80879821253841404026832948356064206867729916309569331395844368236541
86,80879821253841402530255271729219618627156647608095519268169444229117,80879821253841404026832948356064206867729916309569331395844368236541,0,161759642507682806557088220085283825494886563917664850664013812465658,80879821253841402530255271729219618627156647608095519268169444229117,80879821253841403278544110042641912747443281958832425332006906232829
87,80879821253841402530255271729219618627156647608095519268169444229117,80879821253841403278544110042641912747443281958832425332006906232829,0,161759642507682805808799381771861531374599929566927944600176350461946,80879821253841402904399690885930765687299964783463972300088175230973,80879821253841403278544110042641912747443281958832425332006906232829
88,80879821253841402904399690885930765687299964783463972300088175230973,80879821253841403278544110042641912747443281958832425332006906232829,0,161759642507682806182943800928572678434743246742296397632095081463802,80879821253841402904399690885930765687299964783463972300088175230973,80879821253841403091471900464286339217371623371148198816047540731901
89,80879821253841402904399690885930765687299964783463972300088175230973,80879821253841403091471900464286339217371623371148198816047540731901,0,161759642507682805995871591350217104904671588154612171116135715962874,80879821253841402997935795675108552452335794077306085558067857981437,80879821253841403091471900464286339217371623371148198816047540731901
90,80879821253841402997935795675108552452335794077306085558067857981437,80879821253841403091471900464286339217371623371148198816047540731901,0,161759642507682806089407696139394891669707417448454284374115398713338,80879821253841402997935795675108552452335794077306085558067857981437,80879821253841403044703848069697445834853708724227142187057699356669
91,80879821253841402997935795675108552452335794077306085558067857981437,80879821253841403044703848069697445834853708724227142187057699356669,0,161759642507682806042639643744805998287189502801533227745125557338106,80879821253841403021319821872402999143594751400766613872562778669053,80879821253841403044703848069697445834853708724227142187057699356669
92,80879821253841403021319821872402999143594751400766613872562778669053,80879821253841403044703848069697445834853708724227142187057699356669,0,161759642507682806066023669942100444978448460124993756059620478025722,80879821253841403021319821872402999143594751400766613872562778669053,80879821253841403033011834971050222489224230062496878029810239012861
93,80879821253841403021319821872402999143594751400766613872562778669053,80879821253841403033011834971050222489224230062496878029810239012861,0,161759642507682806054331656843453221632818981463263491902373017681914,80879821253841403027165828421726610816409490731631745951186508840957,80879821253841403033011834971050222489224230062496878029810239012861
94,80879821253841403027165828421726610816409490731631745951186508840957,80879821253841403033011834971050222489224230062496878029810239012861,0,161759642507682806060177663392776833305633720794128623980996747853818,80879821253841403027165828421726610816409490731631745951186508840957,80879821253841403030088831696388416652816860397064311990498373926909
95,80879821253841403027165828421726610816409490731631745951186508840957,80879821253841403030088831696388416652816860397064311990498373926909,0,161759642507682806057254660118115027469226351128696057941684882767866,80879821253841403028627330059057513734613175564348028970842441383933,80879821253841403030088831696388416652816860397064311990498373926909
96,80879821253841403028627330059057513734613175564348028970842441383933,80879821253841403030088831696388416652816860397064311990498373926909,0,161759642507682806058716161755445930387430035961412340961340815310842,80879821253841403028627330059057513734613175564348028970842441383933,80879821253841403029358080877722965193715017980706170480670407655421
97,80879821253841403028627330059057513734613175564348028970842441383933,80879821253841403029358080877722965193715017980706170480670407655421,0,161759642507682806057985410936780478928328193545054199451512849039354,80879821253841403028992705468390239464164096772527099725756424519677,80879821253841403029358080877722965193715017980706170480670407655421
98,80879821253841403028992705468390239464164096772527099725756424519677,80879821253841403029358080877722965193715017980706170480670407655421,0,161759642507682806058350786346113204657879114753233270206426832175098,80879821253841403028992705468390239464164096772527099725756424519677,80879821253841403029175393173056602328939557376616635103213416087549
99,80879821253841403028992705468390239464164096772527099725756424519677,80879821253841403029175393173056602328939557376616635103213416087549,0,161759642507682806058168098641446841793103654149143734828969840607226,80879821253841403029084049320723420896551827074571867414484920303613,80879821253841403029175393173056602328939557376616635103213416087549
100,80879821253841403029084049320723420896551827074571867414484920303613,80879821253841403029175393173056602328939557376616635103213416087549,0,161759642507682806058259442493780023225491384451188502517698336391162,80879821253841403029084049320723420896551827074571867414484920303613,80879821253841403029129721246890011612745692225594251258849168195581
101,80879821253841403029084049320723420896551827074571867414484920303613,80879821253841403029129721246890011612745692225594251258849168195581,0,161759642507682806058213770567613432509297519300166118673334088499194,80879821253841403029106885283806716254648759650083059336667044249597,80879821253841403029129721246890011612745692225594251258849168195581
102,80879821253841403029106885283806716254648759650083059336667044249597,80879821253841403029129721246890011612745692225594251258849168195581,0,161759642507682806058236606530696727867394451875677310595516212445178,80879821253841403029106885283806716254648759650083059336667044249597,80879821253841403029118303265348363933697225937838655297758106222589
103,80879821253841403029106885283806716254648759650083059336667044249597,80879821253841403029118303265348363933697225937838655297758106222589,0,161759642507682806058225188549155080188345985587921714634425150472186,80879821253841403029112594274577540094172992793960857317212575236093,80879821253841403029118303265348363933697225937838655297758106222589
104,80879821253841403029112594274577540094172992793960857317212575236093,80879821253841403029118303265348363933697225937838655297758106222589,0,161759642507682806058230897539925904027870218731799512614970681458682,80879821253841403029112594274577540094172992793960857317212575236093,80879821253841403029115448769962952013935109365899756307485340729341
105,80879821253841403029112594274577540094172992793960857317212575236093,80879821253841403029115448769962952013935109365899756307485340729341,0,161759642507682806058228043044540492108108102159860613624697915965434,80879821253841403029114021522270246054054051079930306812348957982717,80879821253841403029115448769962952013935109365899756307485340729341
106,80879821253841403029114021522270246054054051079930306812348957982717,80879821253841403029115448769962952013935109365899756307485340729341,0,161759642507682806058229470292233198067989160445830063119834298712058,80879821253841403029114021522270246054054051079930306812348957982717,80879821253841403029114735146116599033994580222915031559917149356029
107,80879821253841403029114021522270246054054051079930306812348957982717,80879821253841403029114735146116599033994580222915031559917149356029,0,161759642507682806058228756668386845088048631302845338372266107338746,80879821253841403029114378334193422544024315651422669186133053669373,80879821253841403029114735146116599033994580222915031559917149356029
108,80879821253841403029114378334193422544024315651422669186133053669373,80879821253841403029114735146116599033994580222915031559917149356029,0,161759642507682806058229113480310021578018895874337700746050203025402,80879821253841403029114378334193422544024315651422669186133053669373,80879821253841403029114556740155010789009447937168850373025101512701
109,80879821253841403029114378334193422544024315651422669186133053669373,80879821253841403029114556740155010789009447937168850373025101512701,0,161759642507682806058228935074348433333033763588591519559158155182074,80879821253841403029114467537174216666516881794295759779579077591037,80879821253841403029114556740155010789009447937168850373025101512701
110,80879821253841403029114467537174216666516881794295759779579077591037,80879821253841403029114556740155010789009447937168850373025101512701,0,161759642507682806058229024277329227455526329731464610152604179103738,80879821253841403029114467537174216666516881794295759779579077591037,80879821253841403029114512138664613727763164865732305076302089551869
111,80879821253841403029114467537174216666516881794295759779579077591037,80879821253841403029114512138664613727763164865732305076302089551869,0,161759642507682806058228979675838830394280046660028064855881167142906,80879821253841403029114489837919415197140023330014032427940583571453,80879821253841403029114512138664613727763164865732305076302089551869
112,80879821253841403029114489837919415197140023330014032427940583571453,80879821253841403029114512138664613727763164865732305076302089551869,0,161759642507682806058229001976584028924903188195746337504242673123322,80879821253841403029114489837919415197140023330014032427940583571453,80879821253841403029114500988292014462451594097873168752121336561661
113,80879821253841403029114489837919415197140023330014032427940583571453,80879821253841403029114500988292014462451594097873168752121336561661,0,161759642507682806058228990826211429659591617427887201180061920133114,80879821253841403029114495413105714829795808713943600590030960066557,80879821253841403029114500988292014462451594097873168752121336561661
114,80879821253841403029114495413105714829795808713943600590030960066557,80879821253841403029114500988292014462451594097873168752121336561661,0,161759642507682806058228996401397729292247402811816769342152296628218,80879821253841403029114495413105714829795808713943600590030960066557,80879821253841403029114498200698864646123701405908384671076148314109
115,80879821253841403029114495413105714829795808713943600590030960066557,80879821253841403029114498200698864646123701405908384671076148314109,0,161759642507682806058228993613804579475919510119851985261107108380666,80879821253841403029114496806902289737959755059925992630553554190333,80879821253841403029114498200698864646123701405908384671076148314109
116,80879821253841403029114496806902289737959755059925992630553554190333,80879821253841403029114498200698864646123701405908384671076148314109,0,161759642507682806058228995007601154384083456465834377301629702504442,80879821253841403029114496806902289737959755059925992630553554190333,80879821253841403029114497503800577192041728232917188650814851252221
117,80879821253841403029114496806902289737959755059925992630553554190333,80879821253841403029114497503800577192041728232917188650814851252221,0,161759642507682806058228994310702866930001483292843181281368405442554,80879821253841403029114497155351433465000741646421590640684202721277,80879821253841403029114497503800577192041728232917188650814851252221
118,80879821253841403029114497155351433465000741646421590640684202721277,80879821253841403029114497503800577192041728232917188650814851252221,0,161759642507682806058228994659152010657042469879338779291499053973498,80879821253841403029114497155351433465000741646421590640684202721277,80879821253841403029114497329576005328521234939669389645749526986749
119,80879821253841403029114497155351433465000741646421590640684202721277,80879821253841403029114497329576005328521234939669389645749526986749,0,161759642507682806058228994484927438793521976586090980286433729708026,80879821253841403029114497242463719396760988293045490143216864854013,80879821253841403029114497329576005328521234939669389645749526986749
120,80879821253841403029114497242463719396760988293045490143216864854013,80879821253841403029114497329576005328521234939669389645749526986749,0,161759642507682806058228994572039724725282223232714879788966391840762,80879821253841403029114497242463719396760988293045490143216864854013,80879821253841403029114497286019862362641111616357439894483195920381
121,80879821253841403029114497242463719396760988293045490143216864854013,80879821253841403029114497286019862362641111616357439894483195920381,0,161759642507682806058228994528483581759402099909402930037700060774394,80879821253841403029114497264241790879701049954701465018850030387197,80879821253841403029114497286019862362641111616357439894483195920381
122,80879821253841403029114497264241790879701049954701465018850030387197,80879821253841403029114497286019862362641111616357439894483195920381,0,161759642507682806058228994550261653242342161571058904913333226307578,80879821253841403029114497264241790879701049954701465018850030387197,80879821253841403029114497275130826621171080785529452456666613153789
123,80879821253841403029114497264241790879701049954701465018850030387197,80879821253841403029114497275130826621171080785529452456666613153789,0,161759642507682806058228994539372617500872130740230917475516643540986,80879821253841403029114497269686308750436065370115458737758321770493,80879821253841403029114497275130826621171080785529452456666613153789
124,80879821253841403029114497269686308750436065370115458737758321770493,80879821253841403029114497275130826621171080785529452456666613153789,0,161759642507682806058228994544817135371607146155644911194424934924282,80879821253841403029114497269686308750436065370115458737758321770493,80879821253841403029114497272408567685803573077822455597212467462141
125,80879821253841403029114497269686308750436065370115458737758321770493,80879821253841403029114497272408567685803573077822455597212467462141,0,161759642507682806058228994542094876436239638447937914334970789232634,80879821253841403029114497271047438218119819223968957167485394616317,80879821253841403029114497272408567685803573077822455597212467462141
126,80879821253841403029114497271047438218119819223968957167485394616317,80879821253841403029114497272408567685803573077822455597212467462141,0,161759642507682806058228994543456005903923392301791412764697862078458,80879821253841403029114497271047438218119819223968957167485394616317,80879821253841403029114497271728002951961696150895706382348931039229
127,80879821253841403029114497271047438218119819223968957167485394616317,80879821253841403029114497271728002951961696150895706382348931039229,0,161759642507682806058228994542775441170081515374864663549834325655546,80879821253841403029114497271387720585040757687432331774917162827773,80879821253841403029114497271728002951961696150895706382348931039229
128,80879821253841403029114497271387720585040757687432331774917162827773,80879821253841403029114497271728002951961696150895706382348931039229,0,161759642507682806058228994543115723537002453838328038157266093867002,80879821253841403029114497271387720585040757687432331774917162827773,80879821253841403029114497271557861768501226919164019078633046933501
129,80879821253841403029114497271387720585040757687432331774917162827773,80879821253841403029114497271557861768501226919164019078633046933501,0,161759642507682806058228994542945582353541984606596350853550209761274,80879821253841403029114497271472791176770992303298175426775104880637,80879821253841403029114497271557861768501226919164019078633046933501
130,80879821253841403029114497271472791176770992303298175426775104880637,80879821253841403029114497271557861768501226919164019078633046933501,0,161759642507682806058228994543030652945272219222462194505408151814138,80879821253841403029114497271472791176770992303298175426775104880637,80879821253841403029114497271515326472636109611231097252704075907069
131,80879821253841403029114497271472791176770992303298175426775104880637,80879821253841403029114497271515326472636109611231097252704075907069,0,161759642507682806058228994542988117649407101914529272679479180787706,80879821253841403029114497271494058824703550957264636339739590393853,80879821253841403029114497271515326472636109611231097252704075907069
132,80879821253841403029114497271494058824703550957264636339739590393853,80879821253841403029114497271515326472636109611231097252704075907069,0,161759642507682806058228994543009385297339660568495733592443666300922,80879821253841403029114497271494058824703550957264636339739590393853,80879821253841403029114497271504692648669830284247866796221833150461
133,80879821253841403029114497271494058824703550957264636339739590393853,80879821253841403029114497271504692648669830284247866796221833150461,0,161759642507682806058228994542998751473373381241512503135961423544314,80879821253841403029114497271499375736686690620756251567980711772157,80879821253841403029114497271504692648669830284247866796221833150461
134,80879821253841403029114497271499375736686690620756251567980711772157,80879821253841403029114497271504692648669830284247866796221833150461,0,161759642507682806058228994543004068385356520905004118364202544922618,80879821253841403029114497271499375736686690620756251567980711772157,80879821253841403029114497271502034192678260452502059182101272461309
135,80879821253841403029114497271499375736686690620756251567980711772157,80879821253841403029114497271502034192678260452502059182101272461309,0,161759642507682806058228994543001409929364951073258310750081984233466,80879821253841403029114497271500704964682475536629155375040992116733,80879821253841403029114497271502034192678260452502059182101272461309
136,80879821253841403029114497271500704964682475536629155375040992116733,80879821253841403029114497271502034192678260452502059182101272461309,0,161759642507682806058228994543002739157360735989131214557142264578042,80879821253841403029114497271500704964682475536629155375040992116733,80879821253841403029114497271501369578680367994565607278571132289021
137,80879821253841403029114497271500704964682475536629155375040992116733,80879821253841403029114497271501369578680367994565607278571132289021,0,161759642507682806058228994543002074543362843531194762653612124405754,80879821253841403029114497271501037271681421765597381326806062202877,80879821253841403029114497271501369578680367994565607278571132289021
138,80879821253841403029114497271501037271681421765597381326806062202877,80879821253841403029114497271501369578680367994565607278571132289021,0,161759642507682806058228994543002406850361789760162988605377194491898,80879821253841403029114497271501037271681421765597381326806062202877,80879821253841403029114497271501203425180894880081494302688597245949
139,80879821253841403029114497271501037271681421765597381326806062202877,80879821253841403029114497271501203425180894880081494302688597245949,0,161759642507682806058228994543002240696862316645678875629494659448826,80879821253841403029114497271501120348431158322839437814747329724413,80879821253841403029114497271501203425180894880081494302688597245949
140,80879821253841403029114497271501120348431158322839437814747329724413,80879821253841403029114497271501203425180894880081494302688597245949,0,161759642507682806058228994543002323773612053202920932117435926970362,80879821253841403029114497271501120348431158322839437814747329724413,80879821253841403029114497271501161886806026601460466058717963485181
141,80879821253841403029114497271501120348431158322839437814747329724413,80879821253841403029114497271501161886806026601460466058717963485181,0,161759642507682806058228994543002282235237184924299903873465293209594,80879821253841403029114497271501141117618592462149951936732646604797,80879821253841403029114497271501161886806026601460466058717963485181
142,80879821253841403029114497271501141117618592462149951936732646604797,80879821253841403029114497271501161886806026601460466058717963485181,0,161759642507682806058228994543002303004424619063610417995450610089978,80879821253841403029114497271501141117618592462149951936732646604797,80879821253841403029114497271501151502212309531805208997725305044989
143,80879821253841403029114497271501141117618592462149951936732646604797,80879821253841403029114497271501151502212309531805208997725305044989,0,161759642507682806058228994543002292619830901993955160934457951649786,80879821253841403029114497271501146309915450996977580467228975824893,80879821253841403029114497271501151502212309531805208997725305044989
144,80879821253841403029114497271501146309915450996977580467228975824893,80879821253841403029114497271501151502212309531805208997725305044989,0,161759642507682806058228994543002297812127760528782789464954280869882,80879821253841403029114497271501146309915450996977580467228975824893,80879821253841403029114497271501148906063880264391394732477140434941
145,80879821253841403029114497271501146309915450996977580467228975824893,80879821253841403029114497271501148906063880264391394732477140434941,0,161759642507682806058228994543002295215979331261368975199706116259834,80879821253841403029114497271501147607989665630684487599853058129917,80879821253841403029114497271501148906063880264391394732477140434941
146,80879821253841403029114497271501147607989665630684487599853058129917,80879821253841403029114497271501148906063880264391394732477140434941,0,161759642507682806058228994543002296514053545895075882332330198564858,80879821253841403029114497271501147607989665630684487599853058129917,80879821253841403029114497271501148257026772947537941166165099282429
147,80879821253841403029114497271501147607989665630684487599853058129917,80879821253841403029114497271501148257026772947537941166165099282429,0,161759642507682806058228994543002295865016438578222428766018157412346,80879821253841403029114497271501147932508219289111214383009078706173,80879821253841403029114497271501148257026772947537941166165099282429
148,80879821253841403029114497271501147932508219289111214383009078706173,80879821253841403029114497271501148257026772947537941166165099282429,0,161759642507682806058228994543002296189534992236649155549174177988602,80879821253841403029114497271501147932508219289111214383009078706173,80879821253841403029114497271501148094767496118324577774587088994301
149,80879821253841403029114497271501147932508219289111214383009078706173,80879821253841403029114497271501148094767496118324577774587088994301,0,161759642507682806058228994543002296027275715407435792157596167700474,80879821253841403029114497271501148013637857703717896078798083850237,80879821253841403029114497271501148094767496118324577774587088994301
150,80879821253841403029114497271501148013637857703717896078798083850237,80879821253841403029114497271501148094767496118324577774587088994301,0,161759642507682806058228994543002296108405353822042473853385172844538,80879821253841403029114497271501148013637857703717896078798083850237,80879821253841403029114497271501148054202676911021236926692586422269
151,80879821253841403029114497271501148013637857703717896078798083850237,80879821253841403029114497271501148054202676911021236926692586422269,0,161759642507682806058228994543002296067840534614739133005490670272506,80879821253841403029114497271501148033920267307369566502745335136253,80879821253841403029114497271501148054202676911021236926692586422269
152,80879821253841403029114497271501148033920267307369566502745335136253,80879821253841403029114497271501148054202676911021236926692586422269,0,161759642507682806058228994543002296088122944218390803429437921558522,80879821253841403029114497271501148033920267307369566502745335136253,80879821253841403029114497271501148044061472109195401714718960779261
153,80879821253841403029114497271501148033920267307369566502745335136253,80879821253841403029114497271501148044061472109195401714718960779261,0,161759642507682806058228994543002296077981739416564968217464295915514,80879821253841403029114497271501148038990869708282484108732147957757,80879821253841403029114497271501148044061472109195401714718960779261
154,80879821253841403029114497271501148038990869708282484108732147957757,80879821253841403029114497271501148044061472109195401714718960779261,0,161759642507682806058228994543002296083052341817477885823451108737018,80879821253841403029114497271501148038990869708282484108732147957757,80879821253841403029114497271501148041526170908738942911725554368509
155,80879821253841403029114497271501148038990869708282484108732147957757,80879821253841403029114497271501148041526170908738942911725554368509,0,161759642507682806058228994543002296080517040617021427020457702326266,80879821253841403029114497271501148040258520308510713510228851163133,80879821253841403029114497271501148041526170908738942911725554368509
156,80879821253841403029114497271501148040258520308510713510228851163133,80879821253841403029114497271501148041526170908738942911725554368509,0,161759642507682806058228994543002296081784691217249656421954405531642,80879821253841403029114497271501148040258520308510713510228851163133,80879821253841403029114497271501148040892345608624828210977202765821
157,80879821253841403029114497271501148040258520308510713510228851163133,80879821253841403029114497271501148040892345608624828210977202765821,0,161759642507682806058228994543002296081150865917135541721206053928954,80879821253841403029114497271501148040575432958567770860603026964477,80879821253841403029114497271501148040892345608624828210977202765821
158,80879821253841403029114497271501148040575432958567770860603026964477,80879821253841403029114497271501148040892345608624828210977202765821,0,161759642507682806058228994543002296081467778567192599071580229730298,80879821253841403029114497271501148040575432958567770860603026964477,80879821253841403029114497271501148040733889283596299535790114865149
159,80879821253841403029114497271501148040575432958567770860603026964477,80879821253841403029114497271501148040733889283596299535790114865149,0,161759642507682806058228994543002296081309322242164070396393141829626,80879821253841403029114497271501148040654661121082035198196570914813,80879821253841403029114497271501148040733889283596299535790114865149
160,80879821253841403029114497271501148040654661121082035198196570914813,80879821253841403029114497271501148040733889283596299535790114865149,0,161759642507682806058228994543002296081388550404678334733986685779962,80879821253841403029114497271501148040654661121082035198196570914813,80879821253841403029114497271501148040694275202339167366993342889981
161,80879821253841403029114497271501148040654661121082035198196570914813,80879821253841403029114497271501148040694275202339167366993342889981,0,161759642507682806058228994543002296081348936323421202565189913804794,80879821253841403029114497271501148040674468161710601282594956902397,80879821253841403029114497271501148040694275202339167366993342889981
162,80879821253841403029114497271501148040674468161710601282594956902397,80879821253841403029114497271501148040694275202339167366993342889981,0,161759642507682806058228994543002296081368743364049768649588299792378,80879821253841403029114497271501148040674468161710601282594956902397,80879821253841403029114497271501148040684371682024884324794149896189
163,80879821253841403029114497271501148040674468161710601282594956902397,80879821253841403029114497271501148040684371682024884324794149896189,0,161759642507682806058228994543002296081358839843735485607389106798586,80879821253841403029114497271501148040679419921867742803694553399293,80879821253841403029114497271501148040684371682024884324794149896189
164,80879821253841403029114497271501148040679419921867742803694553399293,80879821253841403029114497271501148040684371682024884324794149896189,0,161759642507682806058228994543002296081363791603892627128488703295482,80879821253841403029114497271501148040679419921867742803694553399293,80879821253841403029114497271501148040681895801946313564244351647741
165,80879821253841403029114497271501148040679419921867742803694553399293,80879821253841403029114497271501148040681895801946313564244351647741,0,161759642507682806058228994543002296081361315723814056367938905047034,80879821253841403029114497271501148040680657861907028183969452523517,80879821253841403029114497271501148040681895801946313564244351647741
166,80879821253841403029114497271501148040680657861907028183969452523517,80879821253841403029114497271501148040681895801946313564244351647741,0,161759642507682806058228994543002296081362553663853341748213804171258,80879821253841403029114497271501148040680657861907028183969452523517,80879821253841403029114497271501148040681276831926670874106902085629
167,80879821253841403029114497271501148040680657861907028183969452523517,80879821253841403029114497271501148040681276831926670874106902085629,0,161759642507682806058228994543002296081361934693833699058076354609146,80879821253841403029114497271501148040680967346916849529038177304573,80879821253841403029114497271501148040681276831926670874106902085629
168,80879821253841403029114497271501148040680967346916849529038177304573,80879821253841403029114497271501148040681276831926670874106902085629,0,161759642507682806058228994543002296081362244178843520403145079390202,80879821253841403029114497271501148040680967346916849529038177304573,80879821253841403029114497271501148040681122089421760201572539695101
169,80879821253841403029114497271501148040680967346916849529038177304573,80879821253841403029114497271501148040681122089421760201572539695101,0,161759642507682806058228994543002296081362089436338609730610716999674,80879821253841403029114497271501148040681044718169304865305358499837,80879821253841403029114497271501148040681122089421760201572539695101
170,80879821253841403029114497271501148040681044718169304865305358499837,80879821253841403029114497271501148040681122089421760201572539695101,0,161759642507682806058228994543002296081362166807591065066877898194938,80879821253841403029114497271501148040681044718169304865305358499837,80879821253841403029114497271501148040681083403795532533438949097469
171,80879821253841403029114497271501148040681044718169304865305358499837,80879821253841403029114497271501148040681083403795532533438949097469,0,161759642507682806058228994543002296081362128121964837398744307597306,80879821253841403029114497271501148040681064060982418699372153798653,80879821253841403029114497271501148040681083403795532533438949097469
172,80879821253841403029114497271501148040681064060982418699372153798653,80879821253841403029114497271501148040681083403795532533438949097469,0,161759642507682806058228994543002296081362147464777951232811102896122,80879821253841403029114497271501148040681064060982418699372153798653,80879821253841403029114497271501148040681073732388975616405551448061
173,80879821253841403029114497271501148040681064060982418699372153798653,80879821253841403029114497271501148040681073732388975616405551448061,0,161759642507682806058228994543002296081362137793371394315777705246714,80879821253841403029114497271501148040681068896685697157888852623357,80879821253841403029114497271501148040681073732388975616405551448061
174,80879821253841403029114497271501148040681068896685697157888852623357,80879821253841403029114497271501148040681073732388975616405551448061,0,161759642507682806058228994543002296081362142629074672774294404071418,80879821253841403029114497271501148040681068896685697157888852623357,80879821253841403029114497271501148040681071314537336387147202035709
175,80879821253841403029114497271501148040681068896685697157888852623357,80879821253841403029114497271501148040681071314537336387147202035709,0,161759642507682806058228994543002296081362140211223033545036054659066,80879821253841403029114497271501148040681070105611516772518027329533,80879821253841403029114497271501148040681071314537336387147202035709
176,80879821253841403029114497271501148040681070105611516772518027329533,80879821253841403029114497271501148040681071314537336387147202035709,0,161759642507682806058228994543002296081362141420148853159665229365242,80879821253841403029114497271501148040681070105611516772518027329533,80879821253841403029114497271501148040681070710074426579832614682621
177,80879821253841403029114497271501148040681070105611516772518027329533,80879821253841403029114497271501148040681070710074426579832614682621,0,161759642507682806058228994543002296081362140815685943352350642012154,80879821253841403029114497271501148040681070407842971676175321006077,80879821253841403029114497271501148040681070710074426579832614682621
178,80879821253841403029114497271501148040681070407842971676175321006077,80879821253841403029114497271501148040681070710074426579832614682621,0,161759642507682806058228994543002296081362141117917398256007935688698,80879821253841403029114497271501148040681070407842971676175321006077,80879821253841403029114497271501148040681070558958699128003967844349
179,80879821253841403029114497271501148040681070407842971676175321006077,80879821253841403029114497271501148040681070558958699128003967844349,0,161759642507682806058228994543002296081362140966801670804179288850426,80879821253841403029114497271501148040681070483400835402089644425213,80879821253841403029114497271501148040681070558958699128003967844349
180,80879821253841403029114497271501148040681070483400835402089644425213,80879821253841403029114497271501148040681070558958699128003967844349,0,161759642507682806058228994543002296081362141042359534530093612269562,80879821253841403029114497271501148040681070483400835402089644425213,80879821253841403029114497271501148040681070521179767265046806134781
181,80879821253841403029114497271501148040681070483400835402089644425213,80879821253841403029114497271501148040681070521179767265046806134781,0,161759642507682806058228994543002296081362141004580602667136450559994,80879821253841403029114497271501148040681070502290301333568225279997,80879821253841403029114497271501148040681070521179767265046806134781
182,80879821253841403029114497271501148040681070502290301333568225279997,80879821253841403029114497271501148040681070521179767265046806134781,0,161759642507682806058228994543002296081362141023470068598615031414778,80879821253841403029114497271501148040681070502290301333568225279997,80879821253841403029114497271501148040681070511735034299307515707389
183,80879821253841403029114497271501148040681070502290301333568225279997,80879821253841403029114497271501148040681070511735034299307515707389,0,161759642507682806058228994543002296081362141014025335632875740987386,80879821253841403029114497271501148040681070507012667816437870493693,80879821253841403029114497271501148040681070511735034299307515707389
184,80879821253841403029114497271501148040681070507012667816437870493693,80879821253841403029114497271501148040681070511735034299307515707389,0,161759642507682806058228994543002296081362141018747702115745386201082,80879821253841403029114497271501148040681070507012667816437870493693,80879821253841403029114497271501148040681070509373851057872693100541
185,80879821253841403029114497271501148040681070507012667816437870493693,80879821253841403029114497271501148040681070509373851057872693100541,0,161759642507682806058228994543002296081362141016386518874310563594234,80879821253841403029114497271501148040681070508193259437155281797117,80879821253841403029114497271501148040681070509373851057872693100541
186,80879821253841403029114497271501148040681070508193259437155281797117,80879821253841403029114497271501148040681070509373851057872693100541,0,161759642507682806058228994543002296081362141017567110495027974897658,80879821253841403029114497271501148040681070508193259437155281797117,80879821253841403029114497271501148040681070508783555247513987448829
187,80879821253841403029114497271501148040681070508193259437155281797117,80879821253841403029114497271501148040681070508783555247513987448829,0,161759642507682806058228994543002296081362141016976814684669269245946,80879821253841403029114497271501148040681070508488407342334634622973,80879821253841403029114497271501148040681070508783555247513987448829
188,80879821253841403029114497271501148040681070508488407342334634622973,80879821253841403029114497271501148040681070508783555247513987448829,0,161759642507682806058228994543002296081362141017271962589848622071802,80879821253841403029114497271501148040681070508488407342334634622973,80879821253841403029114497271501148040681070508635981294924311035901
189,80879821253841403029114497271501148040681070508488407342334634622973,80879821253841403029114497271501148040681070508635981294924311035901,0,161759642507682806058228994543002296081362141017124388637258945658874,80879821253841403029114497271501148040681070508562194318629472829437,80879821253841403029114497271501148040681070508635981294924311035901
190,80879821253841403029114497271501148040681070508562194318629472829437,80879821253841403029114497271501148040681070508635981294924311035901,0,161759642507682806058228994543002296081362141017198175613553783865338,80879821253841403029114497271501148040681070508562194318629472829437,80879821253841403029114497271501148040681070508599087806776891932669
191,80879821253841403029114497271501148040681070508562194318629472829437,80879821253841403029114497271501148040681070508599087806776891932669,0,161759642507682806058228994543002296081362141017161282125406364762106,80879821253841403029114497271501148040681070508580641062703182381053,80879821253841403029114497271501148040681070508599087806776891932669
192,80879821253841403029114497271501148040681070508580641062703182381053,80879821253841403029114497271501148040681070508599087806776891932669,0,161759642507682806058228994543002296081362141017179728869480074313722,80879821253841403029114497271501148040681070508580641062703182381053,80879821253841403029114497271501148040681070508589864434740037156861
193,80879821253841403029114497271501148040681070508580641062703182381053,80879821253841403029114497271501148040681070508589864434740037156861,0,161759642507682806058228994543002296081362141017170505497443219537914,80879821253841403029114497271501148040681070508585252748721609768957,80879821253841403029114497271501148040681070508589864434740037156861
194,80879821253841403029114497271501148040681070508585252748721609768957,80879821253841403029114497271501148040681070508589864434740037156861,0,161759642507682806058228994543002296081362141017175117183461646925818,80879821253841403029114497271501148040681070508585252748721609768957,80879821253841403029114497271501148040681070508587558591730823462909
195,80879821253841403029114497271501148040681070508585252748721609768957,80879821253841403029114497271501148040681070508587558591730823462909,0,161759642507682806058228994543002296081362141017172811340452433231866,80879821253841403029114497271501148040681070508586405670226216615933,80879821253841403029114497271501148040681070508587558591730823462909
196,80879821253841403029114497271501148040681070508586405670226216615933,80879821253841403029114497271501148040681070508587558591730823462909,0,161759642507682806058228994543002296081362141017173964261957040078842,80879821253841403029114497271501148040681070508586405670226216615933,80879821253841403029114497271501148040681070508586982130978520039421
197,80879821253841403029114497271501148040681070508586405670226216615933,80879821253841403029114497271501148040681070508586982130978520039421,0,161759642507682806058228994543002296081362141017173387801204736655354,80879821253841403029114497271501148040681070508586693900602368327677,80879821253841403029114497271501148040681070508586982130978520039421
198,80879821253841403029114497271501148040681070508586693900602368327677,80879821253841403029114497271501148040681070508586982130978520039421,0,161759642507682806058228994543002296081362141017173676031580888367098,80879821253841403029114497271501148040681070508586693900602368327677,80879821253841403029114497271501148040681070508586838015790444183549
199,80879821253841403029114497271501148040681070508586693900602368327677,80879821253841403029114497271501148040681070508586838015790444183549,0,161759642507682806058228994543002296081362141017173531916392812511226,80879821253841403029114497271501148040681070508586765958196406255613,80879821253841403029114497271501148040681070508586838015790444183549
200,80879821253841403029114497271501148040681070508586765958196406255613,80879821253841403029114497271501148040681070508586838015790444183549,0,161759642507682806058228994543002296081362141017173603973986850439162,80879821253841403029114497271501148040681070508586765958196406255613,80879821253841403029114497271501148040681070508586801986993425219581
201,80879821253841403029114497271501148040681070508586765958196406255613,80879821253841403029114497271501148040681070508586801986993425219581,0,161759642507682806058228994543002296081362141017173567945189831475194,80879821253841403029114497271501148040681070508586783972594915737597,80879821253841403029114497271501148040681070508586801986993425219581
202,80879821253841403029114497271501148040681070508586783972594915737597,80879821253841403029114497271501148040681070508586801986993425219581,0,161759642507682806058228994543002296081362141017173585959588340957178,80879821253841403029114497271501148040681070508586783972594915737597,80879821253841403029114497271501148040681070508586792979794170478589
203,80879821253841403029114497271501148040681070508586783972594915737597,80879821253841403029114497271501148040681070508586792979794170478589,0,161759642507682806058228994543002296081362141017173576952389086216186,80879821253841403029114497271501148040681070508586788476194543108093,80879821253841403029114497271501148040681070508586792979794170478589
204,80879821253841403029114497271501148040681070508586788476194543108093,80879821253841403029114497271501148040681070508586792979794170478589,0,161759642507682806058228994543002296081362141017173581455988713586682,80879821253841403029114497271501148040681070508586788476194543108093,80879821253841403029114497271501148040681070508586790727994356793341
205,80879821253841403029114497271501148040681070508586788476194543108093,80879821253841403029114497271501148040681070508586790727994356793341,0,161759642507682806058228994543002296081362141017173579204188899901434,80879821253841403029114497271501148040681070508586789602094449950717,80879821253841403029114497271501148040681070508586790727994356793341
206,80879821253841403029114497271501148040681070508586789602094449950717,80879821253841403029114497271501148040681070508586790727994356793341,0,161759642507682806058228994543002296081362141017173580330088806744058,80879821253841403029114497271501148040681070508586789602094449950717,80879821253841403029114497271501148040681070508586790165044403372029
207,80879821253841403029114497271501148040681070508586789602094449950717,80879821253841403029114497271501148040681070508586790165044403372029,0,161759642507682806058228994543002296081362141017173579767138853322746,80879821253841403029114497271501148040681070508586789883569426661373,80879821253841403029114497271501148040681070508586790165044403372029
208,80879821253841403029114497271501148040681070508586789883569426661373,80879821253841403029114497271501148040681070508586790165044403372029,0,161759642507682806058228994543002296081362141017173580048613830033402,80879821253841403029114497271501148040681070508586789883569426661373,80879821253841403029114497271501148040681070508586790024306915016701
209,80879821253841403029114497271501148040681070508586789883569426661373,80879821253841403029114497271501148040681070508586790024306915016701,0,161759642507682806058228994543002296081362141017173579907876341678074,80879821253841403029114497271501148040681070508586789953938170839037,80879821253841403029114497271501148040681070508586790024306915016701
210,80879821253841403029114497271501148040681070508586789953938170839037,80879821253841403029114497271501148040681070508586790024306915016701,0,161759642507682806058228994543002296081362141017173579978245085855738,80879821253841403029114497271501148040681070508586789953938170839037,80879821253841403029114497271501148040681070508586789989122542927869
211,80879821253841403029114497271501148040681070508586789953938170839037,80879821253841403029114497271501148040681070508586789989122542927869,0,161759642507682806058228994543002296081362141017173579943060713766906,80879821253841403029114497271501148040681070508586789971530356883453,80879821253841403029114497271501148040681070508586789989122542927869
212,80879821253841403029114497271501148040681070508586789971530356883453,80879821253841403029114497271501148040681070508586789989122542927869,0,161759642507682806058228994543002296081362141017173579960652899811322,80879821253841403029114497271501148040681070508586789971530356883453,80879821253841403029114497271501148040681070508586789980326449905661
213,80879821253841403029114497271501148040681070508586789971530356883453,80879821253841403029114497271501148040681070508586789980326449905661,0,161759642507682806058228994543002296081362141017173579951856806789114,80879821253841403029114497271501148040681070508586789975928403394557,80879821253841403029114497271501148040681070508586789980326449905661
214,80879821253841403029114497271501148040681070508586789975928403394557,80879821253841403029114497271501148040681070508586789980326449905661,0,161759642507682806058228994543002296081362141017173579956254853300218,80879821253841403029114497271501148040681070508586789975928403394557,80879821253841403029114497271501148040681070508586789978127426650109
215,80879821253841403029114497271501148040681070508586789975928403394557,80879821253841403029114497271501148040681070508586789978127426650109,0,161759642507682806058228994543002296081362141017173579954055830044666,80879821253841403029114497271501148040681070508586789977027915022333,80879821253841403029114497271501148040681070508586789978127426650109
216,80879821253841403029114497271501148040681070508586789977027915022333,80879821253841403029114497271501148040681070508586789978127426650109,0,161759642507682806058228994543002296081362141017173579955155341672442,80879821253841403029114497271501148040681070508586789977027915022333,80879821253841403029114497271501148040681070508586789977577670836221
217,80879821253841403029114497271501148040681070508586789977027915022333,80879821253841403029114497271501148040681070508586789977577670836221,0,161759642507682806058228994543002296081362141017173579954605585858554,80879821253841403029114497271501148040681070508586789977302792929277,80879821253841403029114497271501148040681070508586789977577670836221
218,80879821253841403029114497271501148040681070508586789977302792929277,80879821253841403029114497271501148040681070508586789977577670836221,0,161759642507682806058228994543002296081362141017173579954880463765498,80879821253841403029114497271501148040681070508586789977302792929277,80879821253841403029114497271501148040681070508586789977440231882749
219,80879821253841403029114497271501148040681070508586789977302792929277,80879821253841403029114497271501148040681070508586789977440231882749,0,161759642507682806058228994543002296081362141017173579954743024812026,80879821253841403029114497271501148040681070508586789977371512406013,80879821253841403029114497271501148040681070508586789977440231882749
220,80879821253841403029114497271501148040681070508586789977371512406013,80879821253841403029114497271501148040681070508586789977440231882749,0,161759642507682806058228994543002296081362141017173579954811744288762,80879821253841403029114497271501148040681070508586789977371512406013,80879821253841403029114497271501148040681070508586789977405872144381
221,80879821253841403029114497271501148040681070508586789977371512406013,80879821253841403029114497271501148040681070508586789977405872144381,0,161759642507682806058228994543002296081362141017173579954777384550394,80879821253841403029114497271501148040681070508586789977388692275197,80879821253841403029114497271501148040681070508586789977405872144381
222,80879821253841403029114497271501148040681070508586789977388692275197,80879821253841403029114497271501148040681070508586789977405872144381,0,161759642507682806058228994543002296081362141017173579954794564419578,80879821253841403029114497271501148040681070508586789977388692275197,80879821253841403029114497271501148040681070508586789977397282209789
223,80879821253841403029114497271501148040681070508586789977388692275197,80879821253841403029114497271501148040681070508586789977397282209789,0,161759642507682806058228994543002296081362141017173579954785974484986,80879821253841403029114497271501148040681070508586789977392987242493,80879821253841403029114497271501148040681070508586789977397282209789
224,80879821253841403029114497271501148040681070508586789977392987242493,80879821253841403029114497271501148040681070508586789977397282209789,0,161759642507682806058228994543002296081362141017173579954790269452282,80879821253841403029114497271501148040681070508586789977392987242493,80879821253841403029114497271501148040681070508586789977395134726141
225,80879821253841403029114497271501148040681070508586789977392987242493,80879821253841403029114497271501148040681070508586789977395134726141,0,161759642507682806058228994543002296081362141017173579954788121968634,80879821253841403029114497271501148040681070508586789977394060984317,80879821253841403029114497271501148040681070508586789977395134726141
226,80879821253841403029114497271501148040681070508586789977394060984317,80879821253841403029114497271501148040681070508586789977395134726141,0,161759642507682806058228994543002296081362141017173579954789195710458,80879821253841403029114497271501148040681070508586789977394060984317,80879821253841403029114497271501148040681070508586789977394597855229
227,80879821253841403029114497271501148040681070508586789977394060984317,80879821253841403029114497271501148040681070508586789977394597855229,0,161759642507682806058228994543002296081362141017173579954788658839546,80879821253841403029114497271501148040681070508586789977394329419773,80879821253841403029114497271501148040681070508586789977394597855229
228,80879821253841403029114497271501148040681070508586789977394329419773,80879821253841403029114497271501148040681070508586789977394597855229,0,161759642507682806058228994543002296081362141017173579954788927275002,80879821253841403029114497271501148040681070508586789977394329419773,80879821253841403029114497271501148040681070508586789977394463637501
229,80879821253841403029114497271501148040681070508586789977394329419773,80879821253841403029114497271501148040681070508586789977394463637501,0,161759642507682806058228994543002296081362141017173579954788793057274,80879821253841403029114497271501148040681070508586789977394396528637,80879821253841403029114497271501148040681070508586789977394463637501
230,80879821253841403029114497271501148040681070508586789977394396528637,80879821253841403029114497271501148040681070508586789977394463637501,0,161759642507682806058228994543002296081362141017173579954788860166138,80879821253841403029114497271501148040681070508586789977394396528637,80879821253841403029114497271501148040681070508586789977394430083069
231,80879821253841403029114497271501148040681070508586789977394396528637,80879821253841403029114497271501148040681070508586789977394430083069,0,161759642507682806058228994543002296081362141017173579954788826611706,80879821253841403029114497271501148040681070508586789977394413305853,80879821253841403029114497271501148040681070508586789977394430083069
232,80879821253841403029114497271501148040681070508586789977394413305853,80879821253841403029114497271501148040681070508586789977394430083069,0,161759642507682806058228994543002296081362141017173579954788843388922,80879821253841403029114497271501148040681070508586789977394413305853,80879821253841403029114497271501148040681070508586789977394421694461
233,80879821253841403029114497271501148040681070508586789977394413305853,80879821253841403029114497271501148040681070508586789977394421694461,0,161759642507682806058228994543002296081362141017173579954788835000314,80879821253841403029114497271501148040681070508586789977394417500157,80879821253841403029114497271501148040681070508586789977394421694461
234,80879821253841403029114497271501148040681070508586789977394417500157,80879821253841403029114497271501148040681070508586789977394421694461,0,161759642507682806058228994543002296081362141017173579954788839194618,80879821253841403029114497271501148040681070508586789977394417500157,80879821253841403029114497271501148040681070508586789977394419597309
235,80879821253841403029114497271501148040681070508586789977394417500157,80879821253841403029114497271501148040681070508586789977394419597309,0,161759642507682806058228994543002296081362141017173579954788837097466,80879821253841403029114497271501148040681070508586789977394418548733,80879821253841403029114497271501148040681070508586789977394419597309
236,80879821253841403029114497271501148040681070508586789977394418548733,80879821253841403029114497271501148040681070508586789977394419597309,0,161759642507682806058228994543002296081362141017173579954788838146042,80879821253841403029114497271501148040681070508586789977394418548733,80879821253841403029114497271501148040681070508586789977394419073021
237,80879821253841403029114497271501148040681070508586789977394418548733,80879821253841403029114497271501148040681070508586789977394419073021,0,161759642507682806058228994543002296081362141017173579954788837621754,80879821253841403029114497271501148040681070508586789977394418810877,80879821253841403029114497271501148040681070508586789977394419073021
238,80879821253841403029114497271501148040681070508586789977394418810877,80879821253841403029114497271501148040681070508586789977394419073021,0,161759642507682806058228994543002296081362141017173579954788837883898,80879821253841403029114497271501148040681070508586789977394418810877,80879821253841403029114497271501148040681070508586789977394418941949
239,80879821253841403029114497271501148040681070508586789977394418810877,80879821253841403029114497271501148040681070508586789977394418941949,0,161759642507682806058228994543002296081362141017173579954788837752826,80879821253841403029114497271501148040681070508586789977394418876413,80879821253841403029114497271501148040681070508586789977394418941949
240,80879821253841403029114497271501148040681070508586789977394418876413,80879821253841403029114497271501148040681070508586789977394418941949,0,161759642507682806058228994543002296081362141017173579954788837818362,80879821253841403029114497271501148040681070508586789977394418876413,80879821253841403029114497271501148040681070508586789977394418909181
241,80879821253841403029114497271501148040681070508586789977394418876413,80879821253841403029114497271501148040681070508586789977394418909181,0,161759642507682806058228994543002296081362141017173579954788837785594,80879821253841403029114497271501148040681070508586789977394418892797,80879821253841403029114497271501148040681070508586789977394418909181
242,80879821253841403029114497271501148040681070508586789977394418892797,80879821253841403029114497271501148040681070508586789977394418909181,0,161759642507682806058228994543002296081362141017173579954788837801978,80879821253841403029114497271501148040681070508586789977394418892797,80879821253841403029114497271501148040681070508586789977394418900989
243,80879821253841403029114497271501148040681070508586789977394418892797,80879821253841403029114497271501148040681070508586789977394418900989,0,161759642507682806058228994543002296081362141017173579954788837793786,80879821253841403029114497271501148040681070508586789977394418896893,80879821253841403029114497271501148040681070508586789977394418900989
244,80879821253841403029114497271501148040681070508586789977394418896893,80879821253841403029114497271501148040681070508586789977394418900989,0,161759642507682806058228994543002296081362141017173579954788837797882,80879821253841403029114497271501148040681070508586789977394418896893,80879821253841403029114497271501148040681070508586789977394418898941
245,80879821253841403029114497271501148040681070508586789977394418896893,80879821253841403029114497271501148040681070508586789977394418898941,0,161759642507682806058228994543002296081362141017173579954788837795834,80879821253841403029114497271501148040681070508586789977394418897917,80879821253841403029114497271501148040681070508586789977394418898941
246,80879821253841403029114497271501148040681070508586789977394418897917,80879821253841403029114497271501148040681070508586789977394418898941,0,161759642507682806058228994543002296081362141017173579954788837796858,80879821253841403029114497271501148040681070508586789977394418897917,80879821253841403029114497271501148040681070508586789977394418898429
247,80879821253841403029114497271501148040681070508586789977394418897917,80879821253841403029114497271501148040681070508586789977394418898429,0,161759642507682806058228994543002296081362141017173579954788837796346,80879821253841403029114497271501148040681070508586789977394418898173,80879821253841403029114497271501148040681070508586789977394418898429
248,80879821253841403029114497271501148040681070508586789977394418898173,80879821253841403029114497271501148040681070508586789977394418898429,0,161759642507682806058228994543002296081362141017173579954788837796602,80879821253841403029114497271501148040681070508586789977394418898173,80879821253841403029114497271501148040681070508586789977394418898301
249,80879821253841403029114497271501148040681070508586789977394418898173,80879821253841403029114497271501148040681070508586789977394418898301,0,161759642507682806058228994543002296081362141017173579954788837796474,80879821253841403029114497271501148040681070508586789977394418898237,80879821253841403029114497271501148040681070508586789977394418898301
250,80879821253841403029114497271501148040681070508586789977394418898237,80879821253841403029114497271501148040681070508586789977394418898301,0,161759642507682806058228994543002296081362141017173579954788837796538,80879821253841403029114497271501148040681070508586789977394418898237,80879821253841403029114497271501148040681070508586789977394418898269
251,80879821253841403029114497271501148040681070508586789977394418898237,80879821253841403029114497271501148040681070508586789977394418898269,0,161759642507682806058228994543002296081362141017173579954788837796506,80879821253841403029114497271501148040681070508586789977394418898253,80879821253841403029114497271501148040681070508586789977394418898269
252,80879821253841403029114497271501148040681070508586789977394418898253,80879821253841403029114497271501148040681070508586789977394418898269,0,161759642507682806058228994543002296081362141017173579954788837796522,80879821253841403029114497271501148040681070508586789977394418898253,80879821253841403029114497271501148040681070508586789977394418898261
253,80879821253841403029114497271501148040681070508586789977394418898253,80879821253841403029114497271501148040681070508586789977394418898261,0,161759642507682806058228994543002296081362141017173579954788837796514,80879821253841403029114497271501148040681070508586789977394418898257,80879821253841403029114497271501148040681070508586789977394418898261
254,80879821253841403029114497271501148040681070508586789977394418898257,80879821253841403029114497271501148040681070508586789977394418898261,0,161759642507682806058228994543002296081362141017173579954788837796518,80879821253841403029114497271501148040681070508586789977394418898257,80879821253841403029114497271501148040681070508586789977394418898259
255,80879821253841403029114497271501148040681070508586789977394418898257,80879821253841403029114497271501148040681070508586789977394418898259,1,-2,-1,80879821253841403029114497271501148040681070508586789977394418898259
256,-1,80879821253841403029114497271501148040681070508586789977394418898259,0,80879821253841403029114497271501148040681070508586789977394418898258,-1,40439910626920701514557248635750574020340535254293394988697209449129
257,-1,40439910626920701514557248635750574020340535254293394988697209449129,1,-40439910626920701514557248635750574020340535254293394988697209449130,-20219955313460350757278624317875287010170267627146697494348604724565,40439910626920701514557248635750574020340535254293394988697209449129
258,-20219955313460350757278624317875287010170267627146697494348604724565,40439910626920701514557248635750574020340535254293394988697209449129,1,60659865940381052271835872953625861030510802881440092483045814173694,-20219955313460350757278624317875287010170267627146697494348604724565,30329932970190526135917936476812930515255401440720046241522907086847
259,-20219955313460350757278624317875287010170267627146697494348604724565,30329932970190526135917936476812930515255401440720046241522907086847,0,10109977656730175378639312158937643505085133813573348747174302362282,5054988828365087689319656079468821752542566906786674373587151181141,30329932970190526135917936476812930515255401440720046241522907086847
260,5054988828365087689319656079468821752542566906786674373587151181141,30329932970190526135917936476812930515255401440720046241522907086847,1,25274944141825438446598280397344108762712834533933371867935755905706,5054988828365087689319656079468821752542566906786674373587151181141,12637472070912719223299140198672054381356417266966685933967877952853
261,5054988828365087689319656079468821752542566906786674373587151181141,12637472070912719223299140198672054381356417266966685933967877952853,0,17692460899277806912618796278140876133898984173753360307555029133994,8846230449638903456309398139070438066949492086876680153777514566997,12637472070912719223299140198672054381356417266966685933967877952853
262,8846230449638903456309398139070438066949492086876680153777514566997,12637472070912719223299140198672054381356417266966685933967877952853,0,21483702520551622679608538337742492448305909353843366087745392519850,8846230449638903456309398139070438066949492086876680153777514566997,10741851260275811339804269168871246224152954676921683043872696259925
263,8846230449638903456309398139070438066949492086876680153777514566997,10741851260275811339804269168871246224152954676921683043872696259925,0,19588081709914714796113667307941684291102446763798363197650210826922,9794040854957357398056833653970842145551223381899181598825105413461,10741851260275811339804269168871246224152954676921683043872696259925
264,9794040854957357398056833653970842145551223381899181598825105413461,10741851260275811339804269168871246224152954676921683043872696259925,0,20535892115233168737861102822842088369704178058820864642697801673386,9794040854957357398056833653970842145551223381899181598825105413461,10267946057616584368930551411421044184852089029410432321348900836693
265,9794040854957357398056833653970842145551223381899181598825105413461,10267946057616584368930551411421044184852089029410432321348900836693,0,20061986912573941766987385065391886330403312411309613920174006250154,10030993456286970883493692532695943165201656205654806960087003125077,10267946057616584368930551411421044184852089029410432321348900836693
266,10030993456286970883493692532695943165201656205654806960087003125077,10267946057616584368930551411421044184852089029410432321348900836693,0,20298939513903555252424243944116987350053745235065239281435903961770,10030993456286970883493692532695943165201656205654806960087003125077,10149469756951777626212121972058493675026872617532619640717951980885
267,10030993456286970883493692532695943165201656205654806960087003125077,10149469756951777626212121972058493675026872617532619640717951980885,0,20180463213238748509705814504754436840228528823187426600804955105962,10090231606619374254852907252377218420114264411593713300402477552981,10149469756951777626212121972058493675026872617532619640717951980885
268,10090231606619374254852907252377218420114264411593713300402477552981,10149469756951777626212121972058493675026872617532619640717951980885,0,20239701363571151881065029224435712095141137029126332941120429533866,10090231606619374254852907252377218420114264411593713300402477552981,10119850681785575940532514612217856047570568514563166470560214766933
269,10090231606619374254852907252377218420114264411593713300402477552981,10119850681785575940532514612217856047570568514563166470560214766933,0,20210082288404950195385421864595074467684832926156879770962692319914,10105041144202475097692710932297537233842416463078439885481346159957,10119850681785575940532514612217856047570568514563166470560214766933
270,10105041144202475097692710932297537233842416463078439885481346159957,10119850681785575940532514612217856047570568514563166470560214766933,0,20224891825988051038225225544515393281412984977641606356041560926890,10105041144202475097692710932297537233842416463078439885481346159957,10112445912994025519112612772257696640706492488820803178020780463445
271,10105041144202475097692710932297537233842416463078439885481346159957,10112445912994025519112612772257696640706492488820803178020780463445,0,20217487057196500616805323704555233874548908951899243063502126623402,10108743528598250308402661852277616937274454475949621531751063311701,10112445912994025519112612772257696640706492488820803178020780463445
272,10108743528598250308402661852277616937274454475949621531751063311701,10112445912994025519112612772257696640706492488820803178020780463445,0,20221189441592275827515274624535313577980946964770424709771843775146,10108743528598250308402661852277616937274454475949621531751063311701,10110594720796137913757637312267656788990473482385212354885921887573
273,10108743528598250308402661852277616937274454475949621531751063311701,10110594720796137913757637312267656788990473482385212354885921887573,0,20219338249394388222160299164545273726264927958334833886636985199274,10109669124697194111080149582272636863132463979167416943318492599637,10110594720796137913757637312267656788990473482385212354885921887573
274,10109669124697194111080149582272636863132463979167416943318492599637,10110594720796137913757637312267656788990473482385212354885921887573,0,20220263845493332024837786894540293652122937461552629298204414487210,10109669124697194111080149582272636863132463979167416943318492599637,10110131922746666012418893447270146826061468730776314649102207243605
275,10109669124697194111080149582272636863132463979167416943318492599637,10110131922746666012418893447270146826061468730776314649102207243605,0,20219801047443860123499043029542783689193932709943731592420699843242,10109900523721930061749521514771391844596966354971865796210349921621,10110131922746666012418893447270146826061468730776314649102207243605
276,10109900523721930061749521514771391844596966354971865796210349921621,10110131922746666012418893447270146826061468730776314649102207243605,0,20220032446468596074168414962041538670658435085748180445312557165226,10109900523721930061749521514771391844596966354971865796210349921621,10110016223234298037084207481020769335329217542874090222656278582613
277,10109900523721930061749521514771391844596966354971865796210349921621,10110016223234298037084207481020769335329217542874090222656278582613,0,20219916746956228098833728995792161179926183897845956018866628504234,10109958373478114049416864497896080589963091948922978009433314252117,10110016223234298037084207481020769335329217542874090222656278582613
278,10109958373478114049416864497896080589963091948922978009433314252117,10110016223234298037084207481020769335329217542874090222656278582613,0,20219974596712412086501071978916849925292309491797068232089592834730,10109958373478114049416864497896080589963091948922978009433314252117,10109987298356206043250535989458424962646154745898534116044796417365
279,10109958373478114049416864497896080589963091948922978009433314252117,10109987298356206043250535989458424962646154745898534116044796417365,0,20219945671834320092667400487354505552609246694821512125478110669482,10109972835917160046333700243677252776304623347410756062739055334741,10109987298356206043250535989458424962646154745898534116044796417365
280,10109972835917160046333700243677252776304623347410756062739055334741,10109987298356206043250535989458424962646154745898534116044796417365,0,20219960134273366089584236233135677738950778093309290178783851752106,10109972835917160046333700243677252776304623347410756062739055334741,10109980067136683044792118116567838869475389046654645089391925876053
281,10109972835917160046333700243677252776304623347410756062739055334741,10109980067136683044792118116567838869475389046654645089391925876053,0,20219952903053843091125818360245091645780012394065401152130981210794,10109976451526921545562909180122545822890006197032700576065490605397,10109980067136683044792118116567838869475389046654645089391925876053
282,10109976451526921545562909180122545822890006197032700576065490605397,10109980067136683044792118116567838869475389046654645089391925876053,0,20219956518663604590355027296690384692365395243687345665457416481450,10109976451526921545562909180122545822890006197032700576065490605397,10109978259331802295177513648345192346182697621843672832728708240725
283,10109976451526921545562909180122545822890006197032700576065490605397,10109978259331802295177513648345192346182697621843672832728708240725,0,20219954710858723840740422828467738169072703818876373408794198846122,10109977355429361920370211414233869084536351909438186704397099423061,10109978259331802295177513648345192346182697621843672832728708240725
284,10109977355429361920370211414233869084536351909438186704397099423061,10109978259331802295177513648345192346182697621843672832728708240725,0,20219955614761164215547725062579061430719049531281859537125807663786,10109977355429361920370211414233869084536351909438186704397099423061,10109977807380582107773862531289530715359524765640929768562903831893
285,10109977355429361920370211414233869084536351909438186704397099423061,10109977807380582107773862531289530715359524765640929768562903831893,0,20219955162809944028144073945523399799895876675079116472960003254954,10109977581404972014072036972761699899947938337539558236480001627477,10109977807380582107773862531289530715359524765640929768562903831893
286,10109977581404972014072036972761699899947938337539558236480001627477,10109977807380582107773862531289530715359524765640929768562903831893,0,20219955388785554121845899504051230615307463103180488005042905459370,10109977581404972014072036972761699899947938337539558236480001627477,10109977694392777060922949752025615307653731551590244002521452729685
287,10109977581404972014072036972761699899947938337539558236480001627477,10109977694392777060922949752025615307653731551590244002521452729685,0,20219955275797749074994986724787315207601669889129802239001454357162,10109977637898874537497493362393657603800834944564901119500727178581,10109977694392777060922949752025615307653731551590244002521452729685
288,10109977637898874537497493362393657603800834944564901119500727178581,10109977694392777060922949752025615307653731551590244002521452729685,0,20219955332291651598420443114419272911454566496155145122022179908266,10109977637898874537497493362393657603800834944564901119500727178581,10109977666145825799210221557209636455727283248077572561011089954133
289,10109977637898874537497493362393657603800834944564901119500727178581,10109977666145825799210221557209636455727283248077572561011089954133,0,20219955304044700336707714919603294059528118192642473680511817132714,10109977652022350168353857459801647029764059096321236840255908566357,10109977666145825799210221557209636455727283248077572561011089954133
290,10109977652022350168353857459801647029764059096321236840255908566357,10109977666145825799210221557209636455727283248077572561011089954133,0,20219955318168175967564079017011283485491342344398809401266998520490,10109977652022350168353857459801647029764059096321236840255908566357,10109977659084087983782039508505641742745671172199404700633499260245
291,10109977652022350168353857459801647029764059096321236840255908566357,10109977659084087983782039508505641742745671172199404700633499260245,0,20219955311106438152135896968307288772509730268520641540889407826602,10109977655553219076067948484153644386254865134260320770444703913301,10109977659084087983782039508505641742745671172199404700633499260245
292,10109977655553219076067948484153644386254865134260320770444703913301,10109977659084087983782039508505641742745671172199404700633499260245,0,20219955314637307059849987992659286129000536306459725471078203173546,10109977655553219076067948484153644386254865134260320770444703913301,10109977657318653529924993996329643064500268153229862735539101586773
293,10109977655553219076067948484153644386254865134260320770444703913301,10109977657318653529924993996329643064500268153229862735539101586773,0,20219955312871872605992942480483287450755133287490183505983805500074,10109977656435936302996471240241643725377566643745091752991902750037,10109977657318653529924993996329643064500268153229862735539101586773
294,10109977656435936302996471240241643725377566643745091752991902750037,10109977657318653529924993996329643064500268153229862735539101586773,0,20219955313754589832921465236571286789877834796974954488531004336810,10109977656435936302996471240241643725377566643745091752991902750037,10109977656877294916460732618285643394938917398487477244265502168405
295,10109977656435936302996471240241643725377566643745091752991902750037,10109977656877294916460732618285643394938917398487477244265502168405,0,20219955313313231219457203858527287120316484042232568997257404918442,10109977656656615609728601929263643560158242021116284498628702459221,10109977656877294916460732618285643394938917398487477244265502168405
296,10109977656656615609728601929263643560158242021116284498628702459221,10109977656877294916460732618285643394938917398487477244265502168405,0,20219955313533910526189334547549286955097159419603761742894204627626,10109977656656615609728601929263643560158242021116284498628702459221,10109977656766955263094667273774643477548579709801880871447102313813
297,10109977656656615609728601929263643560158242021116284498628702459221,10109977656766955263094667273774643477548579709801880871447102313813,0,20219955313423570872823269203038287037706821730918165370075804773034,10109977656711785436411634601519143518853410865459082685037902386517,10109977656766955263094667273774643477548579709801880871447102313813
298,10109977656711785436411634601519143518853410865459082685037902386517,10109977656766955263094667273774643477548579709801880871447102313813,0,20219955313478740699506301875293786996401990575260963556485004700330,10109977656711785436411634601519143518853410865459082685037902386517,10109977656739370349753150937646893498200995287630481778242502350165
299,10109977656711785436411634601519143518853410865459082685037902386517,10109977656739370349753150937646893498200995287630481778242502350165,0,20219955313451155786164785539166037017054406153089564463280404736682,10109977656725577893082392769583018508527203076544782231640202368341,10109977656739370349753150937646893498200995287630481778242502350165
300,10109977656725577893082392769583018508527203076544782231640202368341,10109977656739370349753150937646893498200995287630481778242502350165,0,20219955313464948242835543707229912006728198364175264009882704718506,10109977656725577893082392769583018508527203076544782231640202368341,10109977656732474121417771853614956003364099182087632004941352359253
301,10109977656725577893082392769583018508527203076544782231640202368341,10109977656732474121417771853614956003364099182087632004941352359253,0,20219955313458052014500164623197974511891302258632414236581554727594,10109977656729026007250082311598987255945651129316207118290777363797,10109977656732474121417771853614956003364099182087632004941352359253
302,10109977656729026007250082311598987255945651129316207118290777363797,10109977656732474121417771853614956003364099182087632004941352359253,0,20219955313461500128667854165213943259309750311403839123232129723050,10109977656729026007250082311598987255945651129316207118290777363797,10109977656730750064333927082606971629654875155701919561616064861525
303,10109977656729026007250082311598987255945651129316207118290777363797,10109977656730750064333927082606971629654875155701919561616064861525,0,20219955313459776071584009394205958885600526285018126679906842225322,10109977656729888035792004697102979442800263142509063339953421112661,10109977656730750064333927082606971629654875155701919561616064861525
304,10109977656729888035792004697102979442800263142509063339953421112661,10109977656730750064333927082606971629654875155701919561616064861525,0,20219955313460638100125931779709951072455138298210982901569485974186,10109977656729888035792004697102979442800263142509063339953421112661,10109977656730319050062965889854975536227569149105491450784742987093
305,10109977656729888035792004697102979442800263142509063339953421112661,10109977656730319050062965889854975536227569149105491450784742987093,0,20219955313460207085854970586957954979027832291614554790738164099754,10109977656730103542927485293478977489513916145807277395369082049877,10109977656730319050062965889854975536227569149105491450784742987093
306,10109977656730103542927485293478977489513916145807277395369082049877,10109977656730319050062965889854975536227569149105491450784742987093,0,20219955313460422592990451183333953025741485294912768846153825036970,10109977656730103542927485293478977489513916145807277395369082049877,10109977656730211296495225591666976512870742647456384423076912518485
307,10109977656730103542927485293478977489513916145807277395369082049877,10109977656730211296495225591666976512870742647456384423076912518485,0,20219955313460314839422710885145954002384658793263661818445994568362,10109977656730157419711355442572977001192329396631830909222997284181,10109977656730211296495225591666976512870742647456384423076912518485
308,10109977656730157419711355442572977001192329396631830909222997284181,10109977656730211296495225591666976512870742647456384423076912518485,0,20219955313460368716206581034239953514063072044088215332299909802666,10109977656730157419711355442572977001192329396631830909222997284181,10109977656730184358103290517119976757031536022044107666149954901333
309,10109977656730157419711355442572977001192329396631830909222997284181,10109977656730184358103290517119976757031536022044107666149954901333,0,20219955313460341777814645959692953758223865418675938575372952185514,10109977656730170888907322979846476879111932709337969287686476092757,10109977656730184358103290517119976757031536022044107666149954901333
310,10109977656730170888907322979846476879111932709337969287686476092757,10109977656730184358103290517119976757031536022044107666149954901333,0,20219955313460355247010613496966453636143468731382076953836430994090,10109977656730170888907322979846476879111932709337969287686476092757,10109977656730177623505306748483226818071734365691038476918215497045
311,10109977656730170888907322979846476879111932709337969287686476092757,10109977656730177623505306748483226818071734365691038476918215497045,0,20219955313460348512412629728329703697183667075029007764604691589802,10109977656730174256206314864164851848591833537514503882302345794901,10109977656730177623505306748483226818071734365691038476918215497045
312,10109977656730174256206314864164851848591833537514503882302345794901,10109977656730177623505306748483226818071734365691038476918215497045,0,20219955313460351879711621612648078666663567903205542359220561291946,10109977656730174256206314864164851848591833537514503882302345794901,10109977656730175939855810806324039333331783951602771179610280645973
313,10109977656730174256206314864164851848591833537514503882302345794901,10109977656730175939855810806324039333331783951602771179610280645973,0,20219955313460350196062125670488891181923617489117275061912626440874,10109977656730175098031062835244445590961808744558637530956313220437,10109977656730175939855810806324039333331783951602771179610280645973
314,10109977656730175098031062835244445590961808744558637530956313220437,10109977656730175939855810806324039333331783951602771179610280645973,0,20219955313460351037886873641568484924293592696161408710566593866410,10109977656730175098031062835244445590961808744558637530956313220437,10109977656730175518943436820784242462146796348080704355283296933205
315,10109977656730175098031062835244445590961808744558637530956313220437,10109977656730175518943436820784242462146796348080704355283296933205,0,20219955313460350616974499656028688053108605092639341886239610153642,10109977656730175308487249828014344026554302546319670943119805076821,10109977656730175518943436820784242462146796348080704355283296933205
316,10109977656730175308487249828014344026554302546319670943119805076821,10109977656730175518943436820784242462146796348080704355283296933205,0,20219955313460350827430686648798586488701098894400375298403102010026,10109977656730175308487249828014344026554302546319670943119805076821,10109977656730175413715343324399293244350549447200187649201551005013
317,10109977656730175308487249828014344026554302546319670943119805076821,10109977656730175413715343324399293244350549447200187649201551005013,0,20219955313460350722202593152413637270904851993519858592321356081834,10109977656730175361101296576206818635452425996759929296160678040917,10109977656730175413715343324399293244350549447200187649201551005013
318,10109977656730175361101296576206818635452425996759929296160678040917,10109977656730175413715343324399293244350549447200187649201551005013,0,20219955313460350774816639900606111879802975443960116945362229045930,10109977656730175361101296576206818635452425996759929296160678040917,10109977656730175387408319950303055939901487721980058472681114522965
319,10109977656730175361101296576206818635452425996759929296160678040917,10109977656730175387408319950303055939901487721980058472681114522965,0,20219955313460350748509616526509874575353913718739987768841792563882,10109977656730175374254808263254937287676956859369993884420896281941,10109977656730175387408319950303055939901487721980058472681114522965
320,10109977656730175374254808263254937287676956859369993884420896281941,10109977656730175387408319950303055939901487721980058472681114522965,0,20219955313460350761663128213557993227578444581350052357102010804906,10109977656730175374254808263254937287676956859369993884420896281941,10109977656730175380831564106778996613789222290675026178551005402453
321,10109977656730175374254808263254937287676956859369993884420896281941,10109977656730175380831564106778996613789222290675026178551005402453,0,20219955313460350755086372370033933901466179150045020062971901684394,10109977656730175377543186185016966950733089575022510031485950842197,10109977656730175380831564106778996613789222290675026178551005402453
322,10109977656730175377543186185016966950733089575022510031485950842197,10109977656730175380831564106778996613789222290675026178551005402453,0,20219955313460350758374750291795963564522311865697536210036956244650,10109977656730175377543186185016966950733089575022510031485950842197,10109977656730175379187375145897981782261155932848768105018478122325
323,10109977656730175377543186185016966950733089575022510031485950842197,10109977656730175379187375145897981782261155932848768105018478122325,0,20219955313460350756730561330914948732994245507871278136504428964522,10109977656730175378365280665457474366497122753935639068252214482261,10109977656730175379187375145897981782261155932848768105018478122325
324,10109977656730175378365280665457474366497122753935639068252214482261,10109977656730175379187375145897981782261155932848768105018478122325,0,20219955313460350757552655811355456148758278686784407173270692604586,10109977656730175378365280665457474366497122753935639068252214482261,10109977656730175378776327905677728074379139343392203586635346302293
325,10109977656730175378365280665457474366497122753935639068252214482261,10109977656730175378776327905677728074379139343392203586635346302293,0,20219955313460350757141608571135202440876262097327842654887560784554,10109977656730175378570804285567601220438131048663921327443780392277,10109977656730175378776327905677728074379139343392203586635346302293
326,10109977656730175378570804285567601220438131048663921327443780392277,10109977656730175378776327905677728074379139343392203586635346302293,0,20219955313460350757347132191245329294817270392056124914079126694570,10109977656730175378570804285567601220438131048663921327443780392277,10109977656730175378673566095622664647408635196028062457039563347285
327,10109977656730175378570804285567601220438131048663921327443780392277,10109977656730175378673566095622664647408635196028062457039563347285,0,20219955313460350757244370381190265867846766244691983784483343739562,10109977656730175378622185190595132933923383122345991892241671869781,10109977656730175378673566095622664647408635196028062457039563347285
328,10109977656730175378622185190595132933923383122345991892241671869781,10109977656730175378673566095622664647408635196028062457039563347285,0,20219955313460350757295751286217797581332018318374054349281235217066,10109977656730175378622185190595132933923383122345991892241671869781,10109977656730175378647875643108898790666009159187027174640617608533
329,10109977656730175378622185190595132933923383122345991892241671869781,10109977656730175378647875643108898790666009159187027174640617608533,0,20219955313460350757270060833704031724589392281533019066882289478314,10109977656730175378635030416852015862294696140766509533441144739157,10109977656730175378647875643108898790666009159187027174640617608533
330,10109977656730175378635030416852015862294696140766509533441144739157,10109977656730175378647875643108898790666009159187027174640617608533,0,20219955313460350757282906059960914652960705299953536708081762347690,10109977656730175378635030416852015862294696140766509533441144739157,10109977656730175378641453029980457326480352649976768354040881173845
331,10109977656730175378635030416852015862294696140766509533441144739157,10109977656730175378641453029980457326480352649976768354040881173845,0,20219955313460350757276483446832473188775048790743277887482025913002,10109977656730175378638241723416236594387524395371638943741012956501,10109977656730175378641453029980457326480352649976768354040881173845
332,10109977656730175378638241723416236594387524395371638943741012956501,10109977656730175378641453029980457326480352649976768354040881173845,0,20219955313460350757279694753396693920867877045348407297781894130346,10109977656730175378638241723416236594387524395371638943741012956501,10109977656730175378639847376698346960433938522674203648890947065173
333,10109977656730175378638241723416236594387524395371638943741012956501,10109977656730175378639847376698346960433938522674203648890947065173,0,20219955313460350757278089100114583554821462918045842592631960021674,10109977656730175378639044550057291777410731459022921296315980010837,10109977656730175378639847376698346960433938522674203648890947065173
334,10109977656730175378639044550057291777410731459022921296315980010837,10109977656730175378639847376698346960433938522674203648890947065173,0,20219955313460350757278891926755638737844669981697124945206927076010,10109977656730175378639044550057291777410731459022921296315980010837,10109977656730175378639445963377819368922334990848562472603463538005
335,10109977656730175378639044550057291777410731459022921296315980010837,10109977656730175378639445963377819368922334990848562472603463538005,0,20219955313460350757278490513435111146333066449871483768919443548842,10109977656730175378639245256717555573166533224935741884459721774421,10109977656730175378639445963377819368922334990848562472603463538005
336,10109977656730175378639245256717555573166533224935741884459721774421,10109977656730175378639445963377819368922334990848562472603463538005,0,20219955313460350757278691220095374942088868215784304357063185312426,10109977656730175378639245256717555573166533224935741884459721774421,10109977656730175378639345610047687471044434107892152178531592656213
337,10109977656730175378639245256717555573166533224935741884459721774421,10109977656730175378639345610047687471044434107892152178531592656213,0,20219955313460350757278590866765243044210967332827894062991314430634,10109977656730175378639295433382621522105483666413947031495657215317,10109977656730175378639345610047687471044434107892152178531592656213
338,10109977656730175378639295433382621522105483666413947031495657215317,10109977656730175378639345610047687471044434107892152178531592656213,0,20219955313460350757278641043430308993149917774306099210027249871530,10109977656730175378639295433382621522105483666413947031495657215317,10109977656730175378639320521715154496574958887153049605013624935765
339,10109977656730175378639295433382621522105483666413947031495657215317,10109977656730175378639320521715154496574958887153049605013624935765,0,20219955313460350757278615955097776018680442553566996636509282151082,10109977656730175378639307977548888009340221276783498318254641075541,10109977656730175378639320521715154496574958887153049605013624935765
340,10109977656730175378639307977548888009340221276783498318254641075541,10109977656730175378639320521715154496574958887153049605013624935765,0,20219955313460350757278628499264042505915180163936547923268266011306,10109977656730175378639307977548888009340221276783498318254641075541,10109977656730175378639314249632021252957590081968273961634133005653
341,10109977656730175378639307977548888009340221276783498318254641075541,10109977656730175378639314249632021252957590081968273961634133005653,0,20219955313460350757278622227180909262297811358751772279888774081194,10109977656730175378639311113590454631148905679375886139944387040597,10109977656730175378639314249632021252957590081968273961634133005653
342,10109977656730175378639311113590454631148905679375886139944387040597,10109977656730175378639314249632021252957590081968273961634133005653,0,20219955313460350757278625363222475884106495761344160101578520046250,10109977656730175378639311113590454631148905679375886139944387040597,10109977656730175378639312681611237942053247880672080050789260023125
343,10109977656730175378639311113590454631148905679375886139944387040597,10109977656730175378639312681611237942053247880672080050789260023125,0,20219955313460350757278623795201692573202153560047966190733647063722,10109977656730175378639311897600846286601076780023983095366823531861,10109977656730175378639312681611237942053247880672080050789260023125
344,10109977656730175378639311897600846286601076780023983095366823531861,10109977656730175378639312681611237942053247880672080050789260023125,0,20219955313460350757278624579212084228654324660696063146156083554986,10109977656730175378639311897600846286601076780023983095366823531861,10109977656730175378639312289606042114327162330348031573078041777493
345,10109977656730175378639311897600846286601076780023983095366823531861,10109977656730175378639312289606042114327162330348031573078041777493,0,20219955313460350757278624187206888400928239110372014668444865309354,10109977656730175378639312093603444200464119555186007334222432654677,10109977656730175378639312289606042114327162330348031573078041777493
346,10109977656730175378639312093603444200464119555186007334222432654677,10109977656730175378639312289606042114327162330348031573078041777493,0,20219955313460350757278624383209486314791281885534038907300474432170,10109977656730175378639312093603444200464119555186007334222432654677,10109977656730175378639312191604743157395640942767019453650237216085
347,10109977656730175378639312093603444200464119555186007334222432654677,10109977656730175378639312191604743157395640942767019453650237216085,0,20219955313460350757278624285208187357859760497953026787872669870762,10109977656730175378639312142604093678929880248976513393936334935381,10109977656730175378639312191604743157395640942767019453650237216085
348,10109977656730175378639312142604093678929880248976513393936334935381,10109977656730175378639312191604743157395640942767019453650237216085,0,20219955313460350757278624334208836836325521191743532847586572151466,10109977656730175378639312142604093678929880248976513393936334935381,10109977656730175378639312167104418418162760595871766423793286075733
349,10109977656730175378639312142604093678929880248976513393936334935381,10109977656730175378639312167104418418162760595871766423793286075733,0,20219955313460350757278624309708512097092640844848279817729621011114,10109977656730175378639312154854256048546320422424139908864810505557,10109977656730175378639312167104418418162760595871766423793286075733
350,10109977656730175378639312154854256048546320422424139908864810505557,10109977656730175378639312167104418418162760595871766423793286075733,0,20219955313460350757278624321958674466709081018295906332658096581290,10109977656730175378639312154854256048546320422424139908864810505557,10109977656730175378639312160979337233354540509147953166329048290645
351,10109977656730175378639312154854256048546320422424139908864810505557,10109977656730175378639312160979337233354540509147953166329048290645,0,20219955313460350757278624315833593281900860931572093075193858796202,10109977656730175378639312157916796640950430465786046537596929398101,10109977656730175378639312160979337233354540509147953166329048290645
352,10109977656730175378639312157916796640950430465786046537596929398101,10109977656730175378639312160979337233354540509147953166329048290645,0,20219955313460350757278624318896133874304970974933999703925977688746,10109977656730175378639312157916796640950430465786046537596929398101,10109977656730175378639312159448066937152485487466999851962988844373
353,10109977656730175378639312157916796640950430465786046537596929398101,10109977656730175378639312159448066937152485487466999851962988844373,0,20219955313460350757278624317364863578102915953253046389559918242474,10109977656730175378639312158682431789051457976626523194779959121237,10109977656730175378639312159448066937152485487466999851962988844373
354,10109977656730175378639312158682431789051457976626523194779959121237,10109977656730175378639312159448066937152485487466999851962988844373,0,20219955313460350757278624318130498726203943464093523046742947965610,10109977656730175378639312158682431789051457976626523194779959121237,10109977656730175378639312159065249363101971732046761523371473982805
355,10109977656730175378639312158682431789051457976626523194779959121237,10109977656730175378639312159065249363101971732046761523371473982805,0,20219955313460350757278624317747681152153429708673284718151433104042,10109977656730175378639312158873840576076714854336642359075716552021,10109977656730175378639312159065249363101971732046761523371473982805
356,10109977656730175378639312158873840576076714854336642359075716552021,10109977656730175378639312159065249363101971732046761523371473982805,0,20219955313460350757278624317939089939178686586383403882447190534826,10109977656730175378639312158873840576076714854336642359075716552021,10109977656730175378639312158969544969589343293191701941223595267413
357,10109977656730175378639312158873840576076714854336642359075716552021,10109977656730175378639312158969544969589343293191701941223595267413,0,20219955313460350757278624317843385545666058147528344300299311819434,10109977656730175378639312158921692772833029073764172150149655909717,10109977656730175378639312158969544969589343293191701941223595267413
358,10109977656730175378639312158921692772833029073764172150149655909717,10109977656730175378639312158969544969589343293191701941223595267413,0,20219955313460350757278624317891237742422372366955874091373251177130,10109977656730175378639312158921692772833029073764172150149655909717,10109977656730175378639312158945618871211186183477937045686625588565
359,10109977656730175378639312158921692772833029073764172150149655909717,10109977656730175378639312158945618871211186183477937045686625588565,0,20219955313460350757278624317867311644044215257242109195836281498282,10109977656730175378639312158933655822022107628621054597918140749141,10109977656730175378639312158945618871211186183477937045686625588565
360,10109977656730175378639312158933655822022107628621054597918140749141,10109977656730175378639312158945618871211186183477937045686625588565,0,20219955313460350757278624317879274693233293812098991643604766337706,10109977656730175378639312158933655822022107628621054597918140749141,10109977656730175378639312158939637346616646906049495821802383168853
361,10109977656730175378639312158933655822022107628621054597918140749141,10109977656730175378639312158939637346616646906049495821802383168853,0,20219955313460350757278624317873293168638754534670550419720523917994,10109977656730175378639312158936646584319377267335275209860261958997,10109977656730175378639312158939637346616646906049495821802383168853
362,10109977656730175378639312158936646584319377267335275209860261958997,10109977656730175378639312158939637346616646906049495821802383168853,0,20219955313460350757278624317876283930936024173384771031662645127850,10109977656730175378639312158936646584319377267335275209860261958997,10109977656730175378639312158938141965468012086692385515831322563925
363,10109977656730175378639312158936646584319377267335275209860261958997,10109977656730175378639312158938141965468012086692385515831322563925,0,20219955313460350757278624317874788549787389354027660725691584522922,10109977656730175378639312158937394274893694677013830362845792261461,10109977656730175378639312158938141965468012086692385515831322563925
364,10109977656730175378639312158937394274893694677013830362845792261461,10109977656730175378639312158938141965468012086692385515831322563925,0,20219955313460350757278624317875536240361706763706215878677114825386,10109977656730175378639312158937394274893694677013830362845792261461,10109977656730175378639312158937768120180853381853107939338557412693
365,10109977656730175378639312158937394274893694677013830362845792261461,10109977656730175378639312158937768120180853381853107939338557412693,0,20219955313460350757278624317875162395074548058866938302184349674154,10109977656730175378639312158937581197537274029433469151092174837077,10109977656730175378639312158937768120180853381853107939338557412693
366,10109977656730175378639312158937581197537274029433469151092174837077,10109977656730175378639312158937768120180853381853107939338557412693,0,20219955313460350757278624317875349317718127411286577090430732249770,10109977656730175378639312158937581197537274029433469151092174837077,10109977656730175378639312158937674658859063705643288545215366124885
367,10109977656730175378639312158937581197537274029433469151092174837077,10109977656730175378639312158937674658859063705643288545215366124885,0,20219955313460350757278624317875255856396337735076757696307540961962,10109977656730175378639312158937627928198168867538378848153770480981,10109977656730175378639312158937674658859063705643288545215366124885
368,10109977656730175378639312158937627928198168867538378848153770480981,10109977656730175378639312158937674658859063705643288545215366124885,0,20219955313460350757278624317875302587057232573181667393369136605866,10109977656730175378639312158937627928198168867538378848153770480981,10109977656730175378639312158937651293528616286590833696684568302933
369,10109977656730175378639312158937627928198168867538378848153770480981,10109977656730175378639312158937651293528616286590833696684568302933,0,20219955313460350757278624317875279221726785154129212544838338783914,10109977656730175378639312158937639610863392577064606272419169391957,10109977656730175378639312158937651293528616286590833696684568302933
370,10109977656730175378639312158937639610863392577064606272419169391957,10109977656730175378639312158937651293528616286590833696684568302933,0,20219955313460350757278624317875290904392008863655439969103737694890,10109977656730175378639312158937639610863392577064606272419169391957,10109977656730175378639312158937645452196004431827719984551868847445
371,10109977656730175378639312158937639610863392577064606272419169391957,10109977656730175378639312158937645452196004431827719984551868847445,0,20219955313460350757278624317875285063059397008892326256971038239402,10109977656730175378639312158937642531529698504446163128485519119701,10109977656730175378639312158937645452196004431827719984551868847445
372,10109977656730175378639312158937642531529698504446163128485519119701,10109977656730175378639312158937645452196004431827719984551868847445,0,20219955313460350757278624317875287983725702936273883113037387967146,10109977656730175378639312158937642531529698504446163128485519119701,10109977656730175378639312158937643991862851468136941556518693983573
373,10109977656730175378639312158937642531529698504446163128485519119701,10109977656730175378639312158937643991862851468136941556518693983573,0,20219955313460350757278624317875286523392549972583104685004213103274,10109977656730175378639312158937643261696274986291552342502106551637,10109977656730175378639312158937643991862851468136941556518693983573
374,10109977656730175378639312158937643261696274986291552342502106551637,10109977656730175378639312158937643991862851468136941556518693983573,0,20219955313460350757278624317875287253559126454428493899020800535210,10109977656730175378639312158937643261696274986291552342502106551637,10109977656730175378639312158937643626779563227214246949510400267605
375,10109977656730175378639312158937643261696274986291552342502106551637,10109977656730175378639312158937643626779563227214246949510400267605,0,20219955313460350757278624317875286888475838213505799292012506819242,10109977656730175378639312158937643444237919106752899646006253409621,10109977656730175378639312158937643626779563227214246949510400267605
376,10109977656730175378639312158937643444237919106752899646006253409621,10109977656730175378639312158937643626779563227214246949510400267605,0,20219955313460350757278624317875287071017482333967146595516653677226,10109977656730175378639312158937643444237919106752899646006253409621,10109977656730175378639312158937643535508741166983573297758326838613
377,10109977656730175378639312158937643444237919106752899646006253409621,10109977656730175378639312158937643535508741166983573297758326838613,0,20219955313460350757278624317875286979746660273736472943764580248234,10109977656730175378639312158937643489873330136868236471882290124117,10109977656730175378639312158937643535508741166983573297758326838613
378,10109977656730175378639312158937643489873330136868236471882290124117,10109977656730175378639312158937643535508741166983573297758326838613,0,20219955313460350757278624317875287025382071303851809769640616962730,10109977656730175378639312158937643489873330136868236471882290124117,10109977656730175378639312158937643512691035651925904884820308481365
379,10109977656730175378639312158937643489873330136868236471882290124117,10109977656730175378639312158937643512691035651925904884820308481365,0,20219955313460350757278624317875287002564365788794141356702598605482,10109977656730175378639312158937643501282182894397070678351299302741,10109977656730175378639312158937643512691035651925904884820308481365
380,10109977656730175378639312158937643501282182894397070678351299302741,10109977656730175378639312158937643512691035651925904884820308481365,0,20219955313460350757278624317875287013973218546322975563171607784106,10109977656730175378639312158937643501282182894397070678351299302741,10109977656730175378639312158937643506986609273161487781585803892053
381,10109977656730175378639312158937643501282182894397070678351299302741,10109977656730175378639312158937643506986609273161487781585803892053,0,20219955313460350757278624317875287008268792167558558459937103194794,10109977656730175378639312158937643504134396083779279229968551597397,10109977656730175378639312158937643506986609273161487781585803892053
382,10109977656730175378639312158937643504134396083779279229968551597397,10109977656730175378639312158937643506986609273161487781585803892053,0,20219955313460350757278624317875287011121005356940767011554355489450,10109977656730175378639312158937643504134396083779279229968551597397,10109977656730175378639312158937643505560502678470383505777177744725
383,10109977656730175378639312158937643504134396083779279229968551597397,10109977656730175378639312158937643505560502678470383505777177744725,0,20219955313460350757278624317875287009694898762249662735745729342122,10109977656730175378639312158937643504847449381124831367872864671061,10109977656730175378639312158937643505560502678470383505777177744725
384,10109977656730175378639312158937643504847449381124831367872864671061,10109977656730175378639312158937643505560502678470383505777177744725,0,20219955313460350757278624317875287010407952059595214873650042415786,10109977656730175378639312158937643504847449381124831367872864671061,10109977656730175378639312158937643505203976029797607436825021207893
385,10109977656730175378639312158937643504847449381124831367872864671061,10109977656730175378639312158937643505203976029797607436825021207893,0,20219955313460350757278624317875287010051425410922438804697885878954,10109977656730175378639312158937643505025712705461219402348942939477,10109977656730175378639312158937643505203976029797607436825021207893
386,10109977656730175378639312158937643505025712705461219402348942939477,10109977656730175378639312158937643505203976029797607436825021207893,0,20219955313460350757278624317875287010229688735258826839173964147370,10109977656730175378639312158937643505025712705461219402348942939477,10109977656730175378639312158937643505114844367629413419586982073685
387,10109977656730175378639312158937643505025712705461219402348942939477,10109977656730175378639312158937643505114844367629413419586982073685,0,20219955313460350757278624317875287010140557073090632821935925013162,10109977656730175378639312158937643505070278536545316410967962506581,10109977656730175378639312158937643505114844367629413419586982073685
388,10109977656730175378639312158937643505070278536545316410967962506581,10109977656730175378639312158937643505114844367629413419586982073685,0,20219955313460350757278624317875287010185122904174729830554944580266,10109977656730175378639312158937643505070278536545316410967962506581,10109977656730175378639312158937643505092561452087364915277472290133
389,10109977656730175378639312158937643505070278536545316410967962506581,10109977656730175378639312158937643505092561452087364915277472290133,0,20219955313460350757278624317875287010162839988632681326245434796714,10109977656730175378639312158937643505081419994316340663122717398357,10109977656730175378639312158937643505092561452087364915277472290133
390,10109977656730175378639312158937643505081419994316340663122717398357,10109977656730175378639312158937643505092561452087364915277472290133,0,20219955313460350757278624317875287010173981446403705578400189688490,10109977656730175378639312158937643505081419994316340663122717398357,10109977656730175378639312158937643505086990723201852789200094844245
391,10109977656730175378639312158937643505081419994316340663122717398357,10109977656730175378639312158937643505086990723201852789200094844245,0,20219955313460350757278624317875287010168410717518193452322812242602,10109977656730175378639312158937643505084205358759096726161406121301,10109977656730175378639312158937643505086990723201852789200094844245
392,10109977656730175378639312158937643505084205358759096726161406121301,10109977656730175378639312158937643505086990723201852789200094844245,0,20219955313460350757278624317875287010171196081960949515361500965546,10109977656730175378639312158937643505084205358759096726161406121301,10109977656730175378639312158937643505085598040980474757680750482773
393,10109977656730175378639312158937643505084205358759096726161406121301,10109977656730175378639312158937643505085598040980474757680750482773,0,20219955313460350757278624317875287010169803399739571483842156604074,10109977656730175378639312158937643505084901699869785741921078302037,10109977656730175378639312158937643505085598040980474757680750482773
394,10109977656730175378639312158937643505084901699869785741921078302037,10109977656730175378639312158937643505085598040980474757680750482773,0,20219955313460350757278624317875287010170499740850260499601828784810,10109977656730175378639312158937643505084901699869785741921078302037,10109977656730175378639312158937643505085249870425130249800914392405
395,10109977656730175378639312158937643505084901699869785741921078302037,10109977656730175378639312158937643505085249870425130249800914392405,0,20219955313460350757278624317875287010170151570294915991721992694442,10109977656730175378639312158937643505085075785147457995860996347221,10109977656730175378639312158937643505085249870425130249800914392405
396,10109977656730175378639312158937643505085075785147457995860996347221,10109977656730175378639312158937643505085249870425130249800914392405,0,20219955313460350757278624317875287010170325655572588245661910739626,10109977656730175378639312158937643505085075785147457995860996347221,10109977656730175378639312158937643505085162827786294122830955369813
397,10109977656730175378639312158937643505085075785147457995860996347221,10109977656730175378639312158937643505085162827786294122830955369813,0,20219955313460350757278624317875287010170238612933752118691951717034,10109977656730175378639312158937643505085119306466876059345975858517,10109977656730175378639312158937643505085162827786294122830955369813
398,10109977656730175378639312158937643505085119306466876059345975858517,10109977656730175378639312158937643505085162827786294122830955369813,0,20219955313460350757278624317875287010170282134253170182176931228330,10109977656730175378639312158937643505085119306466876059345975858517,10109977656730175378639312158937643505085141067126585091088465614165
399,10109977656730175378639312158937643505085119306466876059345975858517,10109977656730175378639312158937643505085141067126585091088465614165,0,20219955313460350757278624317875287010170260373593461150434441472682,10109977656730175378639312158937643505085130186796730575217220736341,10109977656730175378639312158937643505085141067126585091088465614165
400,10109977656730175378639312158937643505085130186796730575217220736341,10109977656730175378639312158937643505085141067126585091088465614165,0,20219955313460350757278624317875287010170271253923315666305686350506,10109977656730175378639312158937643505085130186796730575217220736341,10109977656730175378639312158937643505085135626961657833152843175253
401,10109977656730175378639312158937643505085130186796730575217220736341,10109977656730175378639312158937643505085135626961657833152843175253,0,20219955313460350757278624317875287010170265813758388408370063911594,10109977656730175378639312158937643505085132906879194204185031955797,10109977656730175378639312158937643505085135626961657833152843175253
402,10109977656730175378639312158937643505085132906879194204185031955797,10109977656730175378639312158937643505085135626961657833152843175253,0,20219955313460350757278624317875287010170268533840852037337875131050,10109977656730175378639312158937643505085132906879194204185031955797,10109977656730175378639312158937643505085134266920426018668937565525
403,10109977656730175378639312158937643505085132906879194204185031955797,10109977656730175378639312158937643505085134266920426018668937565525,0,20219955313460350757278624317875287010170267173799620222853969521322,10109977656730175378639312158937643505085133586899810111426984760661,10109977656730175378639312158937643505085134266920426018668937565525
404,10109977656730175378639312158937643505085133586899810111426984760661,10109977656730175378639312158937643505085134266920426018668937565525,0,20219955313460350757278624317875287010170267853820236130095922326186,10109977656730175378639312158937643505085133586899810111426984760661,10109977656730175378639312158937643505085133926910118065047961163093
405,10109977656730175378639312158937643505085133586899810111426984760661,10109977656730175378639312158937643505085133926910118065047961163093,0,20219955313460350757278624317875287010170267513809928176474945923754,10109977656730175378639312158937643505085133756904964088237472961877,10109977656730175378639312158937643505085133926910118065047961163093
406,10109977656730175378639312158937643505085133756904964088237472961877,10109977656730175378639312158937643505085133926910118065047961163093,0,20219955313460350757278624317875287010170267683815082153285434124970,10109977656730175378639312158937643505085133756904964088237472961877,10109977656730175378639312158937643505085133841907541076642717062485
407,10109977656730175378639312158937643505085133756904964088237472961877,10109977656730175378639312158937643505085133841907541076642717062485,0,20219955313460350757278624317875287010170267598812505164880190024362,10109977656730175378639312158937643505085133799406252582440095012181,10109977656730175378639312158937643505085133841907541076642717062485
408,10109977656730175378639312158937643505085133799406252582440095012181,10109977656730175378639312158937643505085133841907541076642717062485,0,20219955313460350757278624317875287010170267641313793659082812074666,10109977656730175378639312158937643505085133799406252582440095012181,10109977656730175378639312158937643505085133820656896829541406037333
409,10109977656730175378639312158937643505085133799406252582440095012181,10109977656730175378639312158937643505085133820656896829541406037333,0,20219955313460350757278624317875287010170267620063149411981501049514,10109977656730175378639312158937643505085133810031574705990750524757,10109977656730175378639312158937643505085133820656896829541406037333
410,10109977656730175378639312158937643505085133810031574705990750524757,10109977656730175378639312158937643505085133820656896829541406037333,0,20219955313460350757278624317875287010170267630688471535532156562090,10109977656730175378639312158937643505085133810031574705990750524757,10109977656730175378639312158937643505085133815344235767766078281045
411,10109977656730175378639312158937643505085133810031574705990750524757,10109977656730175378639312158937643505085133815344235767766078281045,0,20219955313460350757278624317875287010170267625375810473756828805802,10109977656730175378639312158937643505085133812687905236878414402901,10109977656730175378639312158937643505085133815344235767766078281045
412,10109977656730175378639312158937643505085133812687905236878414402901,10109977656730175378639312158937643505085133815344235767766078281045,0,20219955313460350757278624317875287010170267628032141004644492683946,10109977656730175378639312158937643505085133812687905236878414402901,10109977656730175378639312158937643505085133814016070502322246341973
413,10109977656730175378639312158937643505085133812687905236878414402901,10109977656730175378639312158937643505085133814016070502322246341973,0,20219955313460350757278624317875287010170267626703975739200660744874,10109977656730175378639312158937643505085133813351987869600330372437,10109977656730175378639312158937643505085133814016070502322246341973
414,10109977656730175378639312158937643505085133813351987869600330372437,10109977656730175378639312158937643505085133814016070502322246341973,0,20219955313460350757278624317875287010170267627368058371922576714410,10109977656730175378639312158937643505085133813351987869600330372437,10109977656730175378639312158937643505085133813684029185961288357205
415,10109977656730175378639312158937643505085133813351987869600330372437,10109977656730175378639312158937643505085133813684029185961288357205,0,20219955313460350757278624317875287010170267627036017055561618729642,10109977656730175378639312158937643505085133813518008527780809364821,10109977656730175378639312158937643505085133813684029185961288357205
416,10109977656730175378639312158937643505085133813518008527780809364821,10109977656730175378639312158937643505085133813684029185961288357205,0,20219955313460350757278624317875287010170267627202037713742097722026,10109977656730175378639312158937643505085133813518008527780809364821,10109977656730175378639312158937643505085133813601018856871048861013
417,10109977656730175378639312158937643505085133813518008527780809364821,10109977656730175378639312158937643505085133813601018856871048861013,0,20219955313460350757278624317875287010170267627119027384651858225834,10109977656730175378639312158937643505085133813559513692325929112917,10109977656730175378639312158937643505085133813601018856871048861013
418,10109977656730175378639312158937643505085133813559513692325929112917,10109977656730175378639312158937643505085133813601018856871048861013,0,20219955313460350757278624317875287010170267627160532549196977973930,10109977656730175378639312158937643505085133813559513692325929112917,10109977656730175378639312158937643505085133813580266274598488986965
419,10109977656730175378639312158937643505085133813559513692325929112917,10109977656730175378639312158937643505085133813580266274598488986965,0,20219955313460350757278624317875287010170267627139779966924418099882,10109977656730175378639312158937643505085133813569889983462209049941,10109977656730175378639312158937643505085133813580266274598488986965
420,10109977656730175378639312158937643505085133813569889983462209049941,10109977656730175378639312158937643505085133813580266274598488986965,0,20219955313460350757278624317875287010170267627150156258060698036906,10109977656730175378639312158937643505085133813569889983462209049941,10109977656730175378639312158937643505085133813575078129030349018453
421,10109977656730175378639312158937643505085133813569889983462209049941,10109977656730175378639312158937643505085133813575078129030349018453,0,20219955313460350757278624317875287010170267627144968112492558068394,10109977656730175378639312158937643505085133813572484056246279034197,10109977656730175378639312158937643505085133813575078129030349018453
422,10109977656730175378639312158937643505085133813572484056246279034197,10109977656730175378639312158937643505085133813575078129030349018453,0,20219955313460350757278624317875287010170267627147562185276628052650,10109977656730175378639312158937643505085133813572484056246279034197,10109977656730175378639312158937643505085133813573781092638314026325
423,10109977656730175378639312158937643505085133813572484056246279034197,10109977656730175378639312158937643505085133813573781092638314026325,0,20219955313460350757278624317875287010170267627146265148884593060522,10109977656730175378639312158937643505085133813573132574442296530261,10109977656730175378639312158937643505085133813573781092638314026325
424,10109977656730175378639312158937643505085133813573132574442296530261,10109977656730175378639312158937643505085133813573781092638314026325,0,20219955313460350757278624317875287010170267627146913667080610556586,10109977656730175378639312158937643505085133813573132574442296530261,10109977656730175378639312158937643505085133813573456833540305278293
425,10109977656730175378639312158937643505085133813573132574442296530261,10109977656730175378639312158937643505085133813573456833540305278293,0,20219955313460350757278624317875287010170267627146589407982601808554,10109977656730175378639312158937643505085133813573294703991300904277,10109977656730175378639312158937643505085133813573456833540305278293
426,10109977656730175378639312158937643505085133813573294703991300904277,10109977656730175378639312158937643505085133813573456833540305278293,0,20219955313460350757278624317875287010170267627146751537531606182570,10109977656730175378639312158937643505085133813573294703991300904277,10109977656730175378639312158937643505085133813573375768765803091285
427,10109977656730175378639312158937643505085133813573294703991300904277,10109977656730175378639312158937643505085133813573375768765803091285,0,20219955313460350757278624317875287010170267627146670472757103995562,10109977656730175378639312158937643505085133813573335236378551997781,10109977656730175378639312158937643505085133813573375768765803091285
428,10109977656730175378639312158937643505085133813573335236378551997781,10109977656730175378639312158937643505085133813573375768765803091285,0,20219955313460350757278624317875287010170267627146711005144355089066,10109977656730175378639312158937643505085133813573335236378551997781,10109977656730175378639312158937643505085133813573355502572177544533
429,10109977656730175378639312158937643505085133813573335236378551997781,10109977656730175378639312158937643505085133813573355502572177544533,0,20219955313460350757278624317875287010170267627146690738950729542314,10109977656730175378639312158937643505085133813573345369475364771157,10109977656730175378639312158937643505085133813573355502572177544533
430,10109977656730175378639312158937643505085133813573345369475364771157,10109977656730175378639312158937643505085133813573355502572177544533,0,20219955313460350757278624317875287010170267627146700872047542315690,10109977656730175378639312158937643505085133813573345369475364771157,10109977656730175378639312158937643505085133813573350436023771157845
431,10109977656730175378639312158937643505085133813573345369475364771157,10109977656730175378639312158937643505085133813573350436023771157845,0,20219955313460350757278624317875287010170267627146695805499135929002,10109977656730175378639312158937643505085133813573347902749567964501,10109977656730175378639312158937643505085133813573350436023771157845
432,10109977656730175378639312158937643505085133813573347902749567964501,10109977656730175378639312158937643505085133813573350436023771157845,0,20219955313460350757278624317875287010170267627146698338773339122346,10109977656730175378639312158937643505085133813573347902749567964501,10109977656730175378639312158937643505085133813573349169386669561173
433,10109977656730175378639312158937643505085133813573347902749567964501,10109977656730175378639312158937643505085133813573349169386669561173,0,20219955313460350757278624317875287010170267627146697072136237525674,10109977656730175378639312158937643505085133813573348536068118762837,10109977656730175378639312158937643505085133813573349169386669561173
434,10109977656730175378639312158937643505085133813573348536068118762837,10109977656730175378639312158937643505085133813573349169386669561173,0,20219955313460350757278624317875287010170267627146697705454788324010,10109977656730175378639312158937643505085133813573348536068118762837,10109977656730175378639312158937643505085133813573348852727394162005
435,10109977656730175378639312158937643505085133813573348536068118762837,10109977656730175378639312158937643505085133813573348852727394162005,0,20219955313460350757278624317875287010170267627146697388795512924842,10109977656730175378639312158937643505085133813573348694397756462421,10109977656730175378639312158937643505085133813573348852727394162005
436,10109977656730175378639312158937643505085133813573348694397756462421,10109977656730175378639312158937643505085133813573348852727394162005,0,20219955313460350757278624317875287010170267627146697547125150624426,10109977656730175378639312158937643505085133813573348694397756462421,10109977656730175378639312158937643505085133813573348773562575312213
437,10109977656730175378639312158937643505085133813573348694397756462421,10109977656730175378639312158937643505085133813573348773562575312213,0,20219955313460350757278624317875287010170267627146697467960331774634,10109977656730175378639312158937643505085133813573348733980165887317,10109977656730175378639312158937643505085133813573348773562575312213
438,10109977656730175378639312158937643505085133813573348733980165887317,10109977656730175378639312158937643505085133813573348773562575312213,0,20219955313460350757278624317875287010170267627146697507542741199530,10109977656730175378639312158937643505085133813573348733980165887317,10109977656730175378639312158937643505085133813573348753771370599765
439,10109977656730175378639312158937643505085133813573348733980165887317,10109977656730175378639312158937643505085133813573348753771370599765,0,20219955313460350757278624317875287010170267627146697487751536487082,10109977656730175378639312158937643505085133813573348743875768243541,10109977656730175378639312158937643505085133813573348753771370599765
440,10109977656730175378639312158937643505085133813573348743875768243541,10109977656730175378639312158937643505085133813573348753771370599765,0,20219955313460350757278624317875287010170267627146697497647138843306,10109977656730175378639312158937643505085133813573348743875768243541,10109977656730175378639312158937643505085133813573348748823569421653
441,10109977656730175378639312158937643505085133813573348743875768243541,10109977656730175378639312158937643505085133813573348748823569421653,0,20219955313460350757278624317875287010170267627146697492699337665194,10109977656730175378639312158937643505085133813573348746349668832597,10109977656730175378639312158937643505085133813573348748823569421653
442,10109977656730175378639312158937643505085133813573348746349668832597,10109977656730175378639312158937643505085133813573348748823569421653,0,20219955313460350757278624317875287010170267627146697495173238254250,10109977656730175378639312158937643505085133813573348746349668832597,10109977656730175378639312158937643505085133813573348747586619127125
443,10109977656730175378639312158937643505085133813573348746349668832597,10109977656730175378639312158937643505085133813573348747586619127125,0,20219955313460350757278624317875287010170267627146697493936287959722,10109977656730175378639312158937643505085133813573348746968143979861,10109977656730175378639312158937643505085133813573348747586619127125
444,10109977656730175378639312158937643505085133813573348746968143979861,10109977656730175378639312158937643505085133813573348747586619127125,0,20219955313460350757278624317875287010170267627146697494554763106986,10109977656730175378639312158937643505085133813573348746968143979861,10109977656730175378639312158937643505085133813573348747277381553493
445,10109977656730175378639312158937643505085133813573348746968143979861,10109977656730175378639312158937643505085133813573348747277381553493,0,20219955313460350757278624317875287010170267627146697494245525533354,10109977656730175378639312158937643505085133813573348747122762766677,10109977656730175378639312158937643505085133813573348747277381553493
446,10109977656730175378639312158937643505085133813573348747122762766677,10109977656730175378639312158937643505085133813573348747277381553493,0,20219955313460350757278624317875287010170267627146697494400144320170,10109977656730175378639312158937643505085133813573348747122762766677,10109977656730175378639312158937643505085133813573348747200072160085
447,10109977656730175378639312158937643505085133813573348747122762766677,10109977656730175378639312158937643505085133813573348747200072160085,0,20219955313460350757278624317875287010170267627146697494322834926762,10109977656730175378639312158937643505085133813573348747161417463381,10109977656730175378639312158937643505085133813573348747200072160085
448,10109977656730175378639312158937643505085133813573348747161417463381,10109977656730175378639312158937643505085133813573348747200072160085,0,20219955313460350757278624317875287010170267627146697494361489623466,10109977656730175378639312158937643505085133813573348747161417463381,10109977656730175378639312158937643505085133813573348747180744811733
449,10109977656730175378639312158937643505085133813573348747161417463381,10109977656730175378639312158937643505085133813573348747180744811733,0,20219955313460350757278624317875287010170267627146697494342162275114,10109977656730175378639312158937643505085133813573348747171081137557,10109977656730175378639312158937643505085133813573348747180744811733
450,10109977656730175378639312158937643505085133813573348747171081137557,10109977656730175378639312158937643505085133813573348747180744811733,0,20219955313460350757278624317875287010170267627146697494351825949290,10109977656730175378639312158937643505085133813573348747171081137557,10109977656730175378639312158937643505085133813573348747175912974645
451,10109977656730175378639312158937643505085133813573348747171081137557,10109977656730175378639312158937643505085133813573348747175912974645,0,20219955313460350757278624317875287010170267627146697494346994112202,10109977656730175378639312158937643505085133813573348747173497056101,10109977656730175378639312158937643505085133813573348747175912974645
452,10109977656730175378639312158937643505085133813573348747173497056101,10109977656730175378639312158937643505085133813573348747175912974645,0,20219955313460350757278624317875287010170267627146697494349410030746,10109977656730175378639312158937643505085133813573348747173497056101,10109977656730175378639312158937643505085133813573348747174705015373
453,10109977656730175378639312158937643505085133813573348747173497056101,10109977656730175378639312158937643505085133813573348747174705015373,0,20219955313460350757278624317875287010170267627146697494348202071474,10109977656730175378639312158937643505085133813573348747174101035737,10109977656730175378639312158937643505085133813573348747174705015373
454,10109977656730175378639312158937643505085133813573348747174101035737,10109977656730175378639312158937643505085133813573348747174705015373,0,20219955313460350757278624317875287010170267627146697494348806051110,10109977656730175378639312158937643505085133813573348747174101035737,10109977656730175378639312158937643505085133813573348747174403025555
455,10109977656730175378639312158937643505085133813573348747174101035737,10109977656730175378639312158937643505085133813573348747174403025555,1,-301989818,-150994909,10109977656730175378639312158937643505085133813573348747174403025555
456,-150994909,10109977656730175378639312158937643505085133813573348747174403025555,0,10109977656730175378639312158937643505085133813573348747174252030646,-150994909,5054988828365087689319656079468821752542566906786674373587126015323
457,-150994909,5054988828365087689319656079468821752542566906786674373587126015323,0,5054988828365087689319656079468821752542566906786674373586975020414,2527494414182543844659828039734410876271283453393337186793487510207,5054988828365087689319656079468821752542566906786674373587126015323
458,2527494414182543844659828039734410876271283453393337186793487510207,5054988828365087689319656079468821752542566906786674373587126015323,0,7582483242547631533979484119203232628813850360180011560380613525530,2527494414182543844659828039734410876271283453393337186793487510207,3791241621273815766989742059601616314406925180090005780190306762765
459,2527494414182543844659828039734410876271283453393337186793487510207,3791241621273815766989742059601616314406925180090005780190306762765,1,-1263747207091271922329914019867205438135641726696668593396819252558,-631873603545635961164957009933602719067820863348334296698409626279,3791241621273815766989742059601616314406925180090005780190306762765
460,-631873603545635961164957009933602719067820863348334296698409626279,3791241621273815766989742059601616314406925180090005780190306762765,0,3159368017728179805824785049668013595339104316741671483491897136486,-631873603545635961164957009933602719067820863348334296698409626279,1579684008864089902912392524834006797669552158370835741745948568243
461,-631873603545635961164957009933602719067820863348334296698409626279,1579684008864089902912392524834006797669552158370835741745948568243,1,-2211557612409725864077349534767609516737373021719170038444358194522,-1105778806204862932038674767383804758368686510859585019222179097261,1579684008864089902912392524834006797669552158370835741745948568243
462,-1105778806204862932038674767383804758368686510859585019222179097261,1579684008864089902912392524834006797669552158370835741745948568243,0,473905202659226970873717757450202039300865647511250722523769470982,-1105778806204862932038674767383804758368686510859585019222179097261,236952601329613485436858878725101019650432823755625361261884735491
463,-1105778806204862932038674767383804758368686510859585019222179097261,236952601329613485436858878725101019650432823755625361261884735491,0,-868826204875249446601815888658703738718253687103959657960294361770,-434413102437624723300907944329351869359126843551979828980147180885,236952601329613485436858878725101019650432823755625361261884735491
464,-434413102437624723300907944329351869359126843551979828980147180885,236952601329613485436858878725101019650432823755625361261884735491,0,-197460501108011237864049065604250849708694019796354467718262445394,-434413102437624723300907944329351869359126843551979828980147180885,-98730250554005618932024532802125424854347009898177233859131222697
465,-434413102437624723300907944329351869359126843551979828980147180885,-98730250554005618932024532802125424854347009898177233859131222697,0,-533143352991630342232932477131477294213473853450157062839278403582,-266571676495815171116466238565738647106736926725078531419639201791,-98730250554005618932024532802125424854347009898177233859131222697
466,-266571676495815171116466238565738647106736926725078531419639201791,-98730250554005618932024532802125424854347009898177233859131222697,1,167841425941809552184441705763613222252389916826901297560507979094,-266571676495815171116466238565738647106736926725078531419639201791,83920712970904776092220852881806611126194958413450648780253989547
467,-266571676495815171116466238565738647106736926725078531419639201791,83920712970904776092220852881806611126194958413450648780253989547,1,-350492389466719947208687091447545258232931885138529180199893191338,-175246194733359973604343545723772629116465942569264590099946595669,83920712970904776092220852881806611126194958413450648780253989547
468,-175246194733359973604343545723772629116465942569264590099946595669,83920712970904776092220852881806611126194958413450648780253989547,0,-91325481762455197512122692841966017990270984155813941319692606122,-175246194733359973604343545723772629116465942569264590099946595669,-45662740881227598756061346420983008995135492077906970659846303061
469,-175246194733359973604343545723772629116465942569264590099946595669,-45662740881227598756061346420983008995135492077906970659846303061,0,-220908935614587572360404892144755638111601434647171560759792898730,-110454467807293786180202446072377819055800717323585780379896449365,-45662740881227598756061346420983008995135492077906970659846303061
470,-110454467807293786180202446072377819055800717323585780379896449365,-45662740881227598756061346420983008995135492077906970659846303061,0,-156117208688521384936263792493360828050936209401492751039742752426,-110454467807293786180202446072377819055800717323585780379896449365,-78058604344260692468131896246680414025468104700746375519871376213
471,-110454467807293786180202446072377819055800717323585780379896449365,-78058604344260692468131896246680414025468104700746375519871376213,0,-188513072151554478648334342319058233081268822024332155899767825578,-94256536075777239324167171159529116540634411012166077949883912789,-78058604344260692468131896246680414025468104700746375519871376213
472,-94256536075777239324167171159529116540634411012166077949883912789,-78058604344260692468131896246680414025468104700746375519871376213,0,-172315140420037931792299067406209530566102515712912453469755289002,-94256536075777239324167171159529116540634411012166077949883912789,-86157570210018965896149533703104765283051257856456226734877644501
473,-94256536075777239324167171159529116540634411012166077949883912789,-86157570210018965896149533703104765283051257856456226734877644501,0,-180414106285796205220316704862633881823685668868622304684761557290,-90207053142898102610158352431316940911842834434311152342380778645,-86157570210018965896149533703104765283051257856456226734877644501
474,-90207053142898102610158352431316940911842834434311152342380778645,-86157570210018965896149533703104765283051257856456226734877644501,0,-176364623352917068506307886134421706194894092290767379077258423146,-90207053142898102610158352431316940911842834434311152342380778645,-88182311676458534253153943067210853097447046145383689538629211573
475,-90207053142898102610158352431316940911842834434311152342380778645,-88182311676458534253153943067210853097447046145383689538629211573,0,-178389364819356636863312295498527794009289880579694841881009990218,-89194682409678318431656147749263897004644940289847420940504995109,-88182311676458534253153943067210853097447046145383689538629211573
476,-89194682409678318431656147749263897004644940289847420940504995109,-88182311676458534253153943067210853097447046145383689538629211573,0,-177376994086136852684810090816474750102091986435231110479134206682,-89194682409678318431656147749263897004644940289847420940504995109,-88688497043068426342405045408237375051045993217615555239567103341
477,-89194682409678318431656147749263897004644940289847420940504995109,-88688497043068426342405045408237375051045993217615555239567103341,0,-177883179452746744774061193157501272055690933507462976180072098450,-88941589726373372387030596578750636027845466753731488090036049225,-88688497043068426342405045408237375051045993217615555239567103341
478,-88941589726373372387030596578750636027845466753731488090036049225,-88688497043068426342405045408237375051045993217615555239567103341,0,-177630086769441798729435641986988011078891459971347043329603152566,-88941589726373372387030596578750636027845466753731488090036049225,-88815043384720899364717820993494005539445729985673521664801576283
479,-88941589726373372387030596578750636027845466753731488090036049225,-88815043384720899364717820993494005539445729985673521664801576283,1,-126546341652473022312775585256630488399736768057966425234472942,-63273170826236511156387792628315244199868384028983212617236471,-88815043384720899364717820993494005539445729985673521664801576283
480,-63273170826236511156387792628315244199868384028983212617236471,-88815043384720899364717820993494005539445729985673521664801576283,0,-88878316555547135875874208786122320783645598369702504877418812754,-63273170826236511156387792628315244199868384028983212617236471,-44439158277773567937937104393061160391822799184851252438709406377
481,-63273170826236511156387792628315244199868384028983212617236471,-44439158277773567937937104393061160391822799184851252438709406377,1,44375885106947331426780716600432845147622930800822269226092169906,22187942553473665713390358300216422573811465400411134613046084953,-44439158277773567937937104393061160391822799184851252438709406377
482,22187942553473665713390358300216422573811465400411134613046084953,-44439158277773567937937104393061160391822799184851252438709406377,1,-66627100831247233651327462693277582965634264585262387051755491330,22187942553473665713390358300216422573811465400411134613046084953,-33313550415623616825663731346638791482817132292631193525877745665
483,22187942553473665713390358300216422573811465400411134613046084953,-33313550415623616825663731346638791482817132292631193525877745665,1,55501492969097282539054089646855214056628597693042328138923830618,27750746484548641269527044823427607028314298846521164069461915309,-33313550415623616825663731346638791482817132292631193525877745665
484,27750746484548641269527044823427607028314298846521164069461915309,-33313550415623616825663731346638791482817132292631193525877745665,1,-61064296900172258095190776170066398511131431139152357595339660974,27750746484548641269527044823427607028314298846521164069461915309,-30532148450086129047595388085033199255565715569576178797669830487
485,27750746484548641269527044823427607028314298846521164069461915309,-30532148450086129047595388085033199255565715569576178797669830487,0,-2781401965537487778068343261605592227251416723055014728207915178,-1390700982768743889034171630802796113625708361527507364103957589,-30532148450086129047595388085033199255565715569576178797669830487
486,-1390700982768743889034171630802796113625708361527507364103957589,-30532148450086129047595388085033199255565715569576178797669830487,1,-29141447467317385158561216454230403141940007208048671433565872898,-1390700982768743889034171630802796113625708361527507364103957589,-14570723733658692579280608227115201570970003604024335716782936449
487,-1390700982768743889034171630802796113625708361527507364103957589,-14570723733658692579280608227115201570970003604024335716782936449,0,-15961424716427436468314779857917997684595711965551843080886894038,-7980712358213718234157389928958998842297855982775921540443447019,-14570723733658692579280608227115201570970003604024335716782936449
488,-7980712358213718234157389928958998842297855982775921540443447019,-14570723733658692579280608227115201570970003604024335716782936449,1,-6590011375444974345123218298156202728672147621248414176339489430,-7980712358213718234157389928958998842297855982775921540443447019,-3295005687722487172561609149078101364336073810624207088169744715
489,-7980712358213718234157389928958998842297855982775921540443447019,-3295005687722487172561609149078101364336073810624207088169744715,0,-11275718045936205406718999078037100206633929793400128628613191734,-5637859022968102703359499539018550103316964896700064314306595867,-3295005687722487172561609149078101364336073810624207088169744715
490,-5637859022968102703359499539018550103316964896700064314306595867,-3295005687722487172561609149078101364336073810624207088169744715,0,-8932864710690589875921108688096651467653038707324271402476340582,-5637859022968102703359499539018550103316964896700064314306595867,-4466432355345294937960554344048325733826519353662135701238170291
491,-5637859022968102703359499539018550103316964896700064314306595867,-4466432355345294937960554344048325733826519353662135701238170291,0,-10104291378313397641320053883066875837143484250362200015544766158,-5052145689156698820660026941533437918571742125181100007772383079,-4466432355345294937960554344048325733826519353662135701238170291
492,-5052145689156698820660026941533437918571742125181100007772383079,-4466432355345294937960554344048325733826519353662135701238170291,0,-9518578044501993758620581285581763652398261478843235709010553370,-5052145689156698820660026941533437918571742125181100007772383079,-4759289022250996879310290642790881826199130739421617854505276685
493,-5052145689156698820660026941533437918571742125181100007772383079,-4759289022250996879310290642790881826199130739421617854505276685,1,-292856666905701941349736298742556092372611385759482153267106394,-146428333452850970674868149371278046186305692879741076633553197,-4759289022250996879310290642790881826199130739421617854505276685
494,-146428333452850970674868149371278046186305692879741076633553197,-4759289022250996879310290642790881826199130739421617854505276685,0,-4905717355703847849985158792162159872385436432301358931138829882,-146428333452850970674868149371278046186305692879741076633553197,-2452858677851923924992579396081079936192718216150679465569414941
495,-146428333452850970674868149371278046186305692879741076633553197,-2452858677851923924992579396081079936192718216150679465569414941,0,-2599287011304774895667447545452357982379023909030420542202968138,-1299643505652387447833723772726178991189511954515210271101484069,-2452858677851923924992579396081079936192718216150679465569414941
496,-1299643505652387447833723772726178991189511954515210271101484069,-2452858677851923924992579396081079936192718216150679465569414941,0,-3752502183504311372826303168807258927382230170665889736670899010,-1299643505652387447833723772726178991189511954515210271101484069,-1876251091752155686413151584403629463691115085332944868335449505
497,-1299643505652387447833723772726178991189511954515210271101484069,-1876251091752155686413151584403629463691115085332944868335449505,0,-3175894597404543134246875357129808454880627039848155139436933574,-1587947298702271567123437678564904227440313519924077569718466787,-1876251091752155686413151584403629463691115085332944868335449505
498,-1587947298702271567123437678564904227440313519924077569718466787,-1876251091752155686413151584403629463691115085332944868335449505,1,-288303793049884119289713905838725236250801565408867298616982718,-1587947298702271567123437678564904227440313519924077569718466787,-144151896524942059644856952919362618125400782704433649308491359
499,-1587947298702271567123437678564904227440313519924077569718466787,-144151896524942059644856952919362618125400782704433649308491359,0,-1732099195227213626768294631484266845565714302628511219026958146,-866049597613606813384147315742133422782857151314255609513479073,-144151896524942059644856952919362618125400782704433649308491359
500,-866049597613606813384147315742133422782857151314255609513479073,-144151896524942059644856952919362618125400782704433649308491359,1,721897701088664753739290362822770804657456368609821960204987714,-866049597613606813384147315742133422782857151314255609513479073,360948850544332376869645181411385402328728184304910980102493857
501,-866049597613606813384147315742133422782857151314255609513479073,360948850544332376869645181411385402328728184304910980102493857,1,-1226998448157939190253792497153518825111585335619166589615972930,-613499224078969595126896248576759412555792667809583294807986465,360948850544332376869645181411385402328728184304910980102493857
502,-613499224078969595126896248576759412555792667809583294807986465,360948850544332376869645181411385402328728184304910980102493857,1,974448074623301971996541429988144814884520852114494274910480322,-613499224078969595126896248576759412555792667809583294807986465,487224037311650985998270714994072407442260426057247137455240161
503,-613499224078969595126896248576759412555792667809583294807986465,487224037311650985998270714994072407442260426057247137455240161,1,-1100723261390620581125166963570831819998053093866830432263226626,-550361630695310290562583481785415909999026546933415216131613313,487224037311650985998270714994072407442260426057247137455240161
504,-550361630695310290562583481785415909999026546933415216131613313,487224037311650985998270714994072407442260426057247137455240161,1,1037585668006961276560854196779488317441286972990662353586853474,-550361630695310290562583481785415909999026546933415216131613313,518792834003480638280427098389744158720643486495331176793426737
505,-550361630695310290562583481785415909999026546933415216131613313,518792834003480638280427098389744158720643486495331176793426737,1,-1069154464698790928843010580175160068719670033428746392925040050,-534577232349395464421505290087580034359835016714373196462520025,518792834003480638280427098389744158720643486495331176793426737
506,-534577232349395464421505290087580034359835016714373196462520025,518792834003480638280427098389744158720643486495331176793426737,1,1053370066352876102701932388477324193080478503209704373255946762,-534577232349395464421505290087580034359835016714373196462520025,526685033176438051350966194238662096540239251604852186627973381
507,-534577232349395464421505290087580034359835016714373196462520025,526685033176438051350966194238662096540239251604852186627973381,1,-1061262265525833515772471484326242130900074268319225383090493406,-530631132762916757886235742163121065450037134159612691545246703,526685033176438051350966194238662096540239251604852186627973381
508,-530631132762916757886235742163121065450037134159612691545246703,526685033176438051350966194238662096540239251604852186627973381,0,-3946099586478706535269547924458968909797882554760504917273322,-530631132762916757886235742163121065450037134159612691545246703,-1973049793239353267634773962229484454898941277380252458636661
509,-530631132762916757886235742163121065450037134159612691545246703,-1973049793239353267634773962229484454898941277380252458636661,1,-528658082969677404618600968200891580995138192882232439086610042,-264329041484838702309300484100445790497569096441116219543305021,-1973049793239353267634773962229484454898941277380252458636661
510,-264329041484838702309300484100445790497569096441116219543305021,-1973049793239353267634773962229484454898941277380252458636661,0,-266302091278078055576935258062675274952468037718496472001941682,-264329041484838702309300484100445790497569096441116219543305021,-133151045639039027788467629031337637476234018859248236000970841
511,-264329041484838702309300484100445790497569096441116219543305021,-133151045639039027788467629031337637476234018859248236000970841,0,-397480087123877730097768113131783427973803115300364455544275862,-198740043561938865048884056565891713986901557650182227772137931,-133151045639039027788467629031337637476234018859248236000970841
512,-198740043561938865048884056565891713986901557650182227772137931,-133151045639039027788467629031337637476234018859248236000970841,1,65588997922899837260416427534554076510667538790933991771167090,-198740043561938865048884056565891713986901557650182227772137931,32794498961449918630208213767277038255333769395466995885583545
513,-198740043561938865048884056565891713986901557650182227772137931,32794498961449918630208213767277038255333769395466995885583545,0,-165945544600488946418675842798614675731567788254715231886554386,-82972772300244473209337921399307337865783894127357615943277193,32794498961449918630208213767277038255333769395466995885583545
514,-82972772300244473209337921399307337865783894127357615943277193,32794498961449918630208213767277038255333769395466995885583545,1,115767271261694391839546135166584376121117663522824611828860738,-82972772300244473209337921399307337865783894127357615943277193,57883635630847195919773067583292188060558831761412305914430369
515,-82972772300244473209337921399307337865783894127357615943277193,57883635630847195919773067583292188060558831761412305914430369,1,-140856407931091669129110988982599525926342725888769921857707562,-70428203965545834564555494491299762963171362944384960928853781,57883635630847195919773067583292188060558831761412305914430369
516,-70428203965545834564555494491299762963171362944384960928853781,57883635630847195919773067583292188060558831761412305914430369,1,128311839596393030484328562074591951023730194705797266843284150,-70428203965545834564555494491299762963171362944384960928853781,64155919798196515242164281037295975511865097352898633421642075
517,-70428203965545834564555494491299762963171362944384960928853781,64155919798196515242164281037295975511865097352898633421642075,0,-6272284167349319322391213454003787451306265591486327507211706,-3136142083674659661195606727001893725653132795743163753605853,64155919798196515242164281037295975511865097352898633421642075
518,-3136142083674659661195606727001893725653132795743163753605853,64155919798196515242164281037295975511865097352898633421642075,0,61019777714521855580968674310294081786211964557155469668036222,-3136142083674659661195606727001893725653132795743163753605853,30509888857260927790484337155147040893105982278577734834018111
519,-3136142083674659661195606727001893725653132795743163753605853,30509888857260927790484337155147040893105982278577734834018111,0,27373746773586268129288730428145147167452849482834571080412258,13686873386793134064644365214072573583726424741417285540206129,30509888857260927790484337155147040893105982278577734834018111
520,13686873386793134064644365214072573583726424741417285540206129,30509888857260927790484337155147040893105982278577734834018111,1,16823015470467793725839971941074467309379557537160449293811982,13686873386793134064644365214072573583726424741417285540206129,8411507735233896862919985970537233654689778768580224646905991
521,13686873386793134064644365214072573583726424741417285540206129,8411507735233896862919985970537233654689778768580224646905991,1,5275365651559237201724379243535339929036645972837060893300138,2637682825779618600862189621767669964518322986418530446650069,8411507735233896862919985970537233654689778768580224646905991
522,2637682825779618600862189621767669964518322986418530446650069,8411507735233896862919985970537233654689778768580224646905991,1,5773824909454278262057796348769563690171455782161694200255922,2637682825779618600862189621767669964518322986418530446650069,2886912454727139131028898174384781845085727891080847100127961
523,2637682825779618600862189621767669964518322986418530446650069,2886912454727139131028898174384781845085727891080847100127961,0,5524595280506757731891087796152451809604050877499377546778030,2762297640253378865945543898076225904802025438749688773389015,2886912454727139131028898174384781845085727891080847100127961
524,2762297640253378865945543898076225904802025438749688773389015,2886912454727139131028898174384781845085727891080847100127961,1,124614814473760265083354276308555940283702452331158326738946,2762297640253378865945543898076225904802025438749688773389015,62307407236880132541677138154277970141851226165579163369473
525,2762297640253378865945543898076225904802025438749688773389015,62307407236880132541677138154277970141851226165579163369473,1,2699990233016498733403866759921947934660174212584109610019542,1349995116508249366701933379960973967330087106292054805009771,62307407236880132541677138154277970141851226165579163369473
526,1349995116508249366701933379960973967330087106292054805009771,62307407236880132541677138154277970141851226165579163369473,1,-1287687709271369234160256241806695997188235880126475641640298,1349995116508249366701933379960973967330087106292054805009771,-643843854635684617080128120903347998594117940063237820820149
527,1349995116508249366701933379960973967330087106292054805009771,-643843854635684617080128120903347998594117940063237820820149,0,706151261872564749621805259057625968735969166228816984189622,353075630936282374810902629528812984367984583114408492094811,-643843854635684617080128120903347998594117940063237820820149
528,353075630936282374810902629528812984367984583114408492094811,-643843854635684617080128120903347998594117940063237820820149,0,-290768223699402242269225491374535014226133356948829328725338,353075630936282374810902629528812984367984583114408492094811,-145384111849701121134612745687267507113066678474414664362669
529,353075630936282374810902629528812984367984583114408492094811,-145384111849701121134612745687267507113066678474414664362669,0,207691519086581253676289883841545477254917904639993827732142,103845759543290626838144941920772738627458952319996913866071,-145384111849701121134612745687267507113066678474414664362669
530,103845759543290626838144941920772738627458952319996913866071,-145384111849701121134612745687267507113066678474414664362669,0,-41538352306410494296467803766494768485607726154417750496598,103845759543290626838144941920772738627458952319996913866071,-20769176153205247148233901883247384242803863077208875248299
531,103845759543290626838144941920772738627458952319996913866071,-20769176153205247148233901883247384242803863077208875248299,1,124614935696495873986378843804020122870262815397205789114370,62307467848247936993189421902010061435131407698602894557185,-20769176153205247148233901883247384242803863077208875248299
532,62307467848247936993189421902010061435131407698602894557185,-20769176153205247148233901883247384242803863077208875248299,0,41538291695042689844955520018762677192327544621394019308886,62307467848247936993189421902010061435131407698602894557185,20769145847521344922477760009381338596163772310697009654443
533,62307467848247936993189421902010061435131407698602894557185,20769145847521344922477760009381338596163772310697009654443,1,41538322000726592070711661892628722838967635387905884902742,20769161000363296035355830946314361419483817693952942451371,20769145847521344922477760009381338596163772310697009654443
534,20769161000363296035355830946314361419483817693952942451371,20769145847521344922477760009381338596163772310697009654443,0,41538306847884640957833590955695700015647590004649952105814,20769161000363296035355830946314361419483817693952942451371,20769153423942320478916795477847850007823795002324976052907
535,20769161000363296035355830946314361419483817693952942451371,20769153423942320478916795477847850007823795002324976052907,0,41538314424305616514272626424162211427307612696277918504278,20769157212152808257136313212081105713653806348138959252139,20769153423942320478916795477847850007823795002324976052907
536,20769157212152808257136313212081105713653806348138959252139,20769153423942320478916795477847850007823795002324976052907,0,41538310636095128736053108689928955721477601350463935305046,20769157212152808257136313212081105713653806348138959252139,20769155318047564368026554344964477860738800675231967652523
537,20769157212152808257136313212081105713653806348138959252139,20769155318047564368026554344964477860738800675231967652523,0,41538312530200372625162867557045583574392607023370926904662,20769156265100186312581433778522791787196303511685463452331,20769155318047564368026554344964477860738800675231967652523
538,20769156265100186312581433778522791787196303511685463452331,20769155318047564368026554344964477860738800675231967652523,0,41538311583147750680607988123487269647935104186917431104854,20769156265100186312581433778522791787196303511685463452331,20769155791573875340303994061743634823967552093458715552427
539,20769156265100186312581433778522791787196303511685463452331,20769155791573875340303994061743634823967552093458715552427,0,41538312056674061652885427840266426611163855605144179004758,20769156028337030826442713920133213305581927802572089502379,20769155791573875340303994061743634823967552093458715552427
540,20769156028337030826442713920133213305581927802572089502379,20769155791573875340303994061743634823967552093458715552427,0,41538311819910906166746707981876848129549479896030805054806,20769156028337030826442713920133213305581927802572089502379,20769155909955453083373353990938424064774739948015402527403
541,20769156028337030826442713920133213305581927802572089502379,20769155909955453083373353990938424064774739948015402527403,0,41538311938292483909816067911071637370356667750587492029782,20769155969146241954908033955535818685178333875293746014891,20769155909955453083373353990938424064774739948015402527403
542,20769155969146241954908033955535818685178333875293746014891,20769155909955453083373353990938424064774739948015402527403,0,41538311879101695038281387946474242749953073823309148542294,20769155969146241954908033955535818685178333875293746014891,20769155939550847519140693973237121374976536911654574271147
543,20769155969146241954908033955535818685178333875293746014891,20769155939550847519140693973237121374976536911654574271147,0,41538311908697089474048727928772940060154870786948320286038,20769155954348544737024363964386470030077435393474160143019,20769155939550847519140693973237121374976536911654574271147
544,20769155954348544737024363964386470030077435393474160143019,20769155939550847519140693973237121374976536911654574271147,0,41538311893899392256165057937623591405053972305128734414166,20769155954348544737024363964386470030077435393474160143019,20769155946949696128082528968811795702526986152564367207083
545,20769155954348544737024363964386470030077435393474160143019,20769155946949696128082528968811795702526986152564367207083,0,41538311901298240865106892933198265732604421546038527350102,20769155950649120432553446466599132866302210773019263675051,20769155946949696128082528968811795702526986152564367207083
546,20769155950649120432553446466599132866302210773019263675051,20769155946949696128082528968811795702526986152564367207083,0,41538311897598816560635975435410928568829196925583630882134,20769155950649120432553446466599132866302210773019263675051,20769155948799408280317987717705464284414598462791815441067
547,20769155950649120432553446466599132866302210773019263675051,20769155948799408280317987717705464284414598462791815441067,0,41538311899448528712871434184304597150716809235811079116118,20769155949724264356435717092152298575358404617905539558059,20769155948799408280317987717705464284414598462791815441067
548,20769155949724264356435717092152298575358404617905539558059,20769155948799408280317987717705464284414598462791815441067,0,41538311898523672636753704809857762859773003080697354999126,20769155949724264356435717092152298575358404617905539558059,20769155949261836318376852404928881429886501540348677499563
549,20769155949724264356435717092152298575358404617905539558059,20769155949261836318376852404928881429886501540348677499563,0,41538311898986100674812569497081180005244906158254217057622,20769155949493050337406284748540590002622453079127108528811,20769155949261836318376852404928881429886501540348677499563
550,20769155949493050337406284748540590002622453079127108528811,20769155949261836318376852404928881429886501540348677499563,0,41538311898754886655783137153469471432508954619475786028374,20769155949493050337406284748540590002622453079127108528811,20769155949377443327891568576734735716254477309737893014187
551,20769155949493050337406284748540590002622453079127108528811,20769155949377443327891568576734735716254477309737893014187,0,41538311898870493665297853325275325718876930388865001542998,20769155949435246832648926662637662859438465194432500771499,20769155949377443327891568576734735716254477309737893014187
552,20769155949435246832648926662637662859438465194432500771499,20769155949377443327891568576734735716254477309737893014187,0,41538311898812690160540495239372398575692942504170393785686,20769155949435246832648926662637662859438465194432500771499,20769155949406345080270247619686199287846471252085196892843
553,20769155949435246832648926662637662859438465194432500771499,20769155949406345080270247619686199287846471252085196892843,0,41538311898841591912919174282323862147284936446517697664342,20769155949420795956459587141161931073642468223258848832171,20769155949406345080270247619686199287846471252085196892843
554,20769155949420795956459587141161931073642468223258848832171,20769155949406345080270247619686199287846471252085196892843,0,41538311898827141036729834760848130361488939475344045725014,20769155949420795956459587141161931073642468223258848832171,20769155949413570518364917380424065180744469737672022862507
555,20769155949420795956459587141161931073642468223258848832171,20769155949413570518364917380424065180744469737672022862507,0,41538311898834366474824504521585996254386937960930871694678,20769155949417183237412252260792998127193468980465435847339,20769155949413570518364917380424065180744469737672022862507
556,20769155949417183237412252260792998127193468980465435847339,20769155949413570518364917380424065180744469737672022862507,0,41538311898830753755777169641217063307937938718137458709846,20769155949417183237412252260792998127193468980465435847339,20769155949415376877888584820608531653968969359068729354923
557,20769155949417183237412252260792998127193468980465435847339,20769155949415376877888584820608531653968969359068729354923,0,41538311898832560115300837081401529781162438339534165202262,20769155949416280057650418540700764890581219169767082601131,20769155949415376877888584820608531653968969359068729354923
558,20769155949416280057650418540700764890581219169767082601131,20769155949415376877888584820608531653968969359068729354923,0,41538311898831656935539003361309296544550188528835811956054,20769155949416280057650418540700764890581219169767082601131,20769155949415828467769501680654648272275094264417905978027
559,20769155949416280057650418540700764890581219169767082601131,20769155949415828467769501680654648272275094264417905978027,0,41538311898832108525419920221355413162856313434184988579158,20769155949416054262709960110677706581428156717092494289579,20769155949415828467769501680654648272275094264417905978027
560,20769155949416054262709960110677706581428156717092494289579,20769155949415828467769501680654648272275094264417905978027,0,41538311898831882730479461791332354853703250981510400267606,20769155949416054262709960110677706581428156717092494289579,20769155949415941365239730895666177426851625490755200133803
561,20769155949416054262709960110677706581428156717092494289579,20769155949415941365239730895666177426851625490755200133803,0,41538311898831995627949691006343884008279782207847694423382,20769155949415997813974845503171942004139891103923847211691,20769155949415941365239730895666177426851625490755200133803
562,20769155949415997813974845503171942004139891103923847211691,20769155949415941365239730895666177426851625490755200133803,0,41538311898831939179214576398838119430991516594679047345494,20769155949415997813974845503171942004139891103923847211691,20769155949415969589607288199419059715495758297339523672747
563,20769155949415997813974845503171942004139891103923847211691,20769155949415969589607288199419059715495758297339523672747,0,41538311898831967403582133702591001719635649401263370884438,20769155949415983701791066851295500859817824700631685442219,20769155949415969589607288199419059715495758297339523672747
564,20769155949415983701791066851295500859817824700631685442219,20769155949415969589607288199419059715495758297339523672747,0,41538311898831953291398355050714560575313582997971209114966,20769155949415983701791066851295500859817824700631685442219,20769155949415976645699177525357280287656791498985604557483
565,20769155949415983701791066851295500859817824700631685442219,20769155949415976645699177525357280287656791498985604557483,0,41538311898831960347490244376652781147474616199617289999702,20769155949415980173745122188326390573737308099808644999851,20769155949415976645699177525357280287656791498985604557483
566,20769155949415980173745122188326390573737308099808644999851,20769155949415976645699177525357280287656791498985604557483,0,41538311898831956819444299713683670861394099598794249557334,20769155949415980173745122188326390573737308099808644999851,20769155949415978409722149856841835430697049799397124778667
567,20769155949415980173745122188326390573737308099808644999851,20769155949415978409722149856841835430697049799397124778667,0,41538311898831958583467272045168226004434357899205769778518,20769155949415979291733636022584113002217178949602884889259,20769155949415978409722149856841835430697049799397124778667
568,20769155949415979291733636022584113002217178949602884889259,20769155949415978409722149856841835430697049799397124778667,0,41538311898831957701455785879425948432914228749000009667926,20769155949415979291733636022584113002217178949602884889259,20769155949415978850727892939712974216457114374500004833963
569,20769155949415979291733636022584113002217178949602884889259,20769155949415978850727892939712974216457114374500004833963,0,41538311898831958142461528962297087218674293324102889723222,20769155949415979071230764481148543609337146662051444861611,20769155949415978850727892939712974216457114374500004833963
570,20769155949415979071230764481148543609337146662051444861611,20769155949415978850727892939712974216457114374500004833963,0,41538311898831957921958657420861517825794261036551449695574,20769155949415979071230764481148543609337146662051444861611,20769155949415978960979328710430758912897130518275724847787
571,20769155949415979071230764481148543609337146662051444861611,20769155949415978960979328710430758912897130518275724847787,0,41538311898831958032210093191579302522234277180327169709398,20769155949415979016105046595789651261117138590163584854699,20769155949415978960979328710430758912897130518275724847787
572,20769155949415979016105046595789651261117138590163584854699,20769155949415978960979328710430758912897130518275724847787,0,41538311898831957977084375306220410174014269108439309702486,20769155949415979016105046595789651261117138590163584854699,20769155949415978988542187653110205087007134554219654851243
573,20769155949415979016105046595789651261117138590163584854699,20769155949415978988542187653110205087007134554219654851243,0,41538311898831958004647234248899856348124273144383239705942,20769155949415979002323617124449928174062136572191619852971,20769155949415978988542187653110205087007134554219654851243
574,20769155949415979002323617124449928174062136572191619852971,20769155949415978988542187653110205087007134554219654851243,0,41538311898831957990865804777560133261069271126411274704214,20769155949415979002323617124449928174062136572191619852971,20769155949415978995432902388780066630534635563205637352107
575,20769155949415979002323617124449928174062136572191619852971,20769155949415978995432902388780066630534635563205637352107,0,41538311898831957997756519513229994804596772135397257205078,20769155949415978998878259756614997402298386067698628602539,20769155949415978995432902388780066630534635563205637352107
576,20769155949415978998878259756614997402298386067698628602539,20769155949415978995432902388780066630534635563205637352107,0,41538311898831957994311162145395064032833021630904265954646,20769155949415978998878259756614997402298386067698628602539,20769155949415978997155581072697532016416510815452132977323
577,20769155949415978998878259756614997402298386067698628602539,20769155949415978997155581072697532016416510815452132977323,0,41538311898831957996033840829312529418714896883150761579862,20769155949415978998016920414656264709357448441575380789931,20769155949415978997155581072697532016416510815452132977323
578,20769155949415978998016920414656264709357448441575380789931,20769155949415978997155581072697532016416510815452132977323,0,41538311898831957995172501487353796725773959257027513767254,20769155949415978998016920414656264709357448441575380789931,20769155949415978997586250743676898362886979628513756883627
579,20769155949415978998016920414656264709357448441575380789931,20769155949415978997586250743676898362886979628513756883627,0,41538311898831957995603171158333163072244428070089137673558,20769155949415978997801585579166581536122214035044568836779,20769155949415978997586250743676898362886979628513756883627
580,20769155949415978997801585579166581536122214035044568836779,20769155949415978997586250743676898362886979628513756883627,0,41538311898831957995387836322843479899009193663558325720406,20769155949415978997801585579166581536122214035044568836779,20769155949415978997693918161421739949504596831779162860203
581,20769155949415978997801585579166581536122214035044568836779,20769155949415978997693918161421739949504596831779162860203,0,41538311898831957995495503740588321485626810866823731696982,20769155949415978997747751870294160742813405433411865848491,20769155949415978997693918161421739949504596831779162860203
582,20769155949415978997747751870294160742813405433411865848491,20769155949415978997693918161421739949504596831779162860203,0,41538311898831957995441670031715900692318002265191028708694,20769155949415978997747751870294160742813405433411865848491,20769155949415978997720835015857950346159001132595514354347
583,20769155949415978997747751870294160742813405433411865848491,20769155949415978997720835015857950346159001132595514354347,0,41538311898831957995468586886152111088972406566007380202838,20769155949415978997734293443076055544486203283003690101419,20769155949415978997720835015857950346159001132595514354347
584,20769155949415978997734293443076055544486203283003690101419,20769155949415978997720835015857950346159001132595514354347,0,41538311898831957995455128458934005890645204415599204455766,20769155949415978997734293443076055544486203283003690101419,20769155949415978997727564229467002945322602207799602227883
585,20769155949415978997734293443076055544486203283003690101419,20769155949415978997727564229467002945322602207799602227883,0,41538311898831957995461857672543058489808805490803292329302,20769155949415978997730928836271529244904402745401646164651,20769155949415978997727564229467002945322602207799602227883
586,20769155949415978997730928836271529244904402745401646164651,20769155949415978997727564229467002945322602207799602227883,0,41538311898831957995458493065738532190227004953201248392534,20769155949415978997730928836271529244904402745401646164651,20769155949415978997729246532869266095113502476600624196267
587,20769155949415978997730928836271529244904402745401646164651,20769155949415978997729246532869266095113502476600624196267,0,41538311898831957995460175369140795340017905222002270360918,20769155949415978997730087684570397670008952611001135180459,20769155949415978997729246532869266095113502476600624196267
588,20769155949415978997730087684570397670008952611001135180459,20769155949415978997729246532869266095113502476600624196267,0,41538311898831957995459334217439663765122455087601759376726,20769155949415978997730087684570397670008952611001135180459,20769155949415978997729667108719831882561227543800879688363
589,20769155949415978997730087684570397670008952611001135180459,20769155949415978997729667108719831882561227543800879688363,0,41538311898831957995459754793290229552570180154802014868822,20769155949415978997729877396645114776285090077401007434411,20769155949415978997729667108719831882561227543800879688363
590,20769155949415978997729877396645114776285090077401007434411,20769155949415978997729667108719831882561227543800879688363,0,41538311898831957995459544505364946658846317621201887122774,20769155949415978997729877396645114776285090077401007434411,20769155949415978997729772252682473329423158810600943561387
591,20769155949415978997729877396645114776285090077401007434411,20769155949415978997729772252682473329423158810600943561387,0,41538311898831957995459649649327588105708248888001950995798,20769155949415978997729824824663794052854124444000975497899,20769155949415978997729772252682473329423158810600943561387
592,20769155949415978997729824824663794052854124444000975497899,20769155949415978997729772252682473329423158810600943561387,0,41538311898831957995459597077346267382277283254601919059286,20769155949415978997729824824663794052854124444000975497899,20769155949415978997729798538673133691138641627300959529643
593,20769155949415978997729824824663794052854124444000975497899,20769155949415978997729798538673133691138641627300959529643,0,41538311898831957995459623363336927743992766071301935027542,20769155949415978997729811681668463871996383035650967513771,20769155949415978997729798538673133691138641627300959529643
594,20769155949415978997729811681668463871996383035650967513771,20769155949415978997729798538673133691138641627300959529643,0,41538311898831957995459610220341597563135024662951927043414,20769155949415978997729811681668463871996383035650967513771,20769155949415978997729805110170798781567512331475963521707
595,20769155949415978997729811681668463871996383035650967513771,20769155949415978997729805110170798781567512331475963521707,0,41538311898831957995459616791839262653563895367126931035478,20769155949415978997729808395919631326781947683563465517739,20769155949415978997729805110170798781567512331475963521707
596,20769155949415978997729808395919631326781947683563465517739,20769155949415978997729805110170798781567512331475963521707,0,41538311898831957995459613506090430108349460015039429039446,20769155949415978997729808395919631326781947683563465517739,20769155949415978997729806753045215054174730007519714519723
597,20769155949415978997729808395919631326781947683563465517739,20769155949415978997729806753045215054174730007519714519723,0,41538311898831957995459615148964846380956677691083180037462,20769155949415978997729807574482423190478338845541590018731,20769155949415978997729806753045215054174730007519714519723
598,20769155949415978997729807574482423190478338845541590018731,20769155949415978997729806753045215054174730007519714519723,0,41538311898831957995459614327527638244653068853061304538454,20769155949415978997729807574482423190478338845541590018731,20769155949415978997729807163763819122326534426530652269227
599,20769155949415978997729807574482423190478338845541590018731,20769155949415978997729807163763819122326534426530652269227,0,41538311898831957995459614738246242312804873272072242287958,20769155949415978997729807369123121156402436636036121143979,20769155949415978997729807163763819122326534426530652269227
600,20769155949415978997729807369123121156402436636036121143979,20769155949415978997729807163763819122326534426530652269227,0,41538311898831957995459614532886940278728971062566773413206,20769155949415978997729807369123121156402436636036121143979,20769155949415978997729807266443470139364485531283386706603
601,20769155949415978997729807369123121156402436636036121143979,20769155949415978997729807266443470139364485531283386706603,0,41538311898831957995459614635566591295766922167319507850582,20769155949415978997729807317783295647883461083659753925291,20769155949415978997729807266443470139364485531283386706603
602,20769155949415978997729807317783295647883461083659753925291,20769155949415978997729807266443470139364485531283386706603,0,41538311898831957995459614584226765787247946614943140631894,20769155949415978997729807317783295647883461083659753925291,20769155949415978997729807292113382893623973307471570315947
603,20769155949415978997729807317783295647883461083659753925291,20769155949415978997729807292113382893623973307471570315947,0,41538311898831957995459614609896678541507434391131324241238,20769155949415978997729807304948339270753717195565662120619,20769155949415978997729807292113382893623973307471570315947
604,20769155949415978997729807304948339270753717195565662120619,20769155949415978997729807292113382893623973307471570315947,0,41538311898831957995459614597061722164377690503037232436566,20769155949415978997729807304948339270753717195565662120619,20769155949415978997729807298530861082188845251518616218283
605,20769155949415978997729807304948339270753717195565662120619,20769155949415978997729807298530861082188845251518616218283,0,41538311898831957995459614603479200352942562447084278338902,20769155949415978997729807301739600176471281223542139169451,20769155949415978997729807298530861082188845251518616218283
606,20769155949415978997729807301739600176471281223542139169451,20769155949415978997729807298530861082188845251518616218283,0,41538311898831957995459614600270461258660126475060755387734,20769155949415978997729807301739600176471281223542139169451,20769155949415978997729807300135230629330063237530377693867
607,20769155949415978997729807301739600176471281223542139169451,20769155949415978997729807300135230629330063237530377693867,0,41538311898831957995459614601874830805801344461072516863318,20769155949415978997729807300937415402900672230536258431659,20769155949415978997729807300135230629330063237530377693867
608,20769155949415978997729807300937415402900672230536258431659,20769155949415978997729807300135230629330063237530377693867,0,41538311898831957995459614601072646032230735468066636125526,20769155949415978997729807300937415402900672230536258431659,20769155949415978997729807300536323016115367734033318062763
609,20769155949415978997729807300937415402900672230536258431659,20769155949415978997729807300536323016115367734033318062763,0,41538311898831957995459614601473738419016039964569576494422,20769155949415978997729807300736869209508019982284788247211,20769155949415978997729807300536323016115367734033318062763
610,20769155949415978997729807300736869209508019982284788247211,20769155949415978997729807300536323016115367734033318062763,0,41538311898831957995459614601273192225623387716318106309974,20769155949415978997729807300736869209508019982284788247211,20769155949415978997729807300636596112811693858159053154987
611,20769155949415978997729807300736869209508019982284788247211,20769155949415978997729807300636596112811693858159053154987,0,41538311898831957995459614601373465322319713840443841402198,20769155949415978997729807300686732661159856920221920701099,20769155949415978997729807300636596112811693858159053154987
612,20769155949415978997729807300686732661159856920221920701099,20769155949415978997729807300636596112811693858159053154987,0,41538311898831957995459614601323328773971550778380973856086,20769155949415978997729807300686732661159856920221920701099,20769155949415978997729807300661664386985775389190486928043
613,20769155949415978997729807300686732661159856920221920701099,20769155949415978997729807300661664386985775389190486928043,0,41538311898831957995459614601348397048145632309412407629142,20769155949415978997729807300674198524072816154706203814571,20769155949415978997729807300661664386985775389190486928043
614,20769155949415978997729807300674198524072816154706203814571,20769155949415978997729807300661664386985775389190486928043,0,41538311898831957995459614601335862911058591543896690742614,20769155949415978997729807300674198524072816154706203814571,20769155949415978997729807300667931455529295771948345371307
615,20769155949415978997729807300674198524072816154706203814571,20769155949415978997729807300667931455529295771948345371307,0,41538311898831957995459614601342129979602111926654549185878,20769155949415978997729807300671064989801055963327274592939,20769155949415978997729807300667931455529295771948345371307
616,20769155949415978997729807300671064989801055963327274592939,20769155949415978997729807300667931455529295771948345371307,0,41538311898831957995459614601338996445330351735275619964246,20769155949415978997729807300671064989801055963327274592939,20769155949415978997729807300669498222665175867637809982123
617,20769155949415978997729807300671064989801055963327274592939,20769155949415978997729807300669498222665175867637809982123,0,41538311898831957995459614601340563212466231830965084575062,20769155949415978997729807300670281606233115915482542287531,20769155949415978997729807300669498222665175867637809982123
618,20769155949415978997729807300670281606233115915482542287531,20769155949415978997729807300669498222665175867637809982123,0,41538311898831957995459614601339779828898291783120352269654,20769155949415978997729807300670281606233115915482542287531,20769155949415978997729807300669889914449145891560176134827
619,20769155949415978997729807300670281606233115915482542287531,20769155949415978997729807300669889914449145891560176134827,0,41538311898831957995459614601340171520682261807042718422358,20769155949415978997729807300670085760341130903521359211179,20769155949415978997729807300669889914449145891560176134827
620,20769155949415978997729807300670085760341130903521359211179,20769155949415978997729807300669889914449145891560176134827,0,41538311898831957995459614601339975674790276795081535346006,20769155949415978997729807300670085760341130903521359211179,20769155949415978997729807300669987837395138397540767673003
621,20769155949415978997729807300670085760341130903521359211179,20769155949415978997729807300669987837395138397540767673003,0,41538311898831957995459614601340073597736269301062126884182,20769155949415978997729807300670036798868134650531063442091,20769155949415978997729807300669987837395138397540767673003
622,20769155949415978997729807300670036798868134650531063442091,20769155949415978997729807300669987837395138397540767673003,0,41538311898831957995459614601340024636263273048071831115094,20769155949415978997729807300670036798868134650531063442091,20769155949415978997729807300670012318131636524035915557547
623,20769155949415978997729807300670036798868134650531063442091,20769155949415978997729807300670012318131636524035915557547,0,41538311898831957995459614601340049116999771174566978999638,20769155949415978997729807300670024558499885587283489499819,20769155949415978997729807300670012318131636524035915557547
624,20769155949415978997729807300670024558499885587283489499819,20769155949415978997729807300670012318131636524035915557547,0,41538311898831957995459614601340036876631522111319405057366,20769155949415978997729807300670024558499885587283489499819,20769155949415978997729807300670018438315761055659702528683
625,20769155949415978997729807300670024558499885587283489499819,20769155949415978997729807300670018438315761055659702528683,0,41538311898831957995459614601340042996815646642943192028502,20769155949415978997729807300670021498407823321471596014251,20769155949415978997729807300670018438315761055659702528683
626,20769155949415978997729807300670021498407823321471596014251,20769155949415978997729807300670018438315761055659702528683,0,41538311898831957995459614601340039936723584377131298542934,20769155949415978997729807300670021498407823321471596014251,20769155949415978997729807300670019968361792188565649271467
627,20769155949415978997729807300670021498407823321471596014251,20769155949415978997729807300670019968361792188565649271467,0,41538311898831957995459614601340041466769615510037245285718,20769155949415978997729807300670020733384807755018622642859,20769155949415978997729807300670019968361792188565649271467
628,20769155949415978997729807300670020733384807755018622642859,20769155949415978997729807300670019968361792188565649271467,0,41538311898831957995459614601340040701746599943584271914326,20769155949415978997729807300670020733384807755018622642859,20769155949415978997729807300670020350873299971792135957163
629,20769155949415978997729807300670020733384807755018622642859,20769155949415978997729807300670020350873299971792135957163,0,41538311898831957995459614601340041084258107726810758600022,20769155949415978997729807300670020542129053863405379300011,20769155949415978997729807300670020350873299971792135957163
630,20769155949415978997729807300670020542129053863405379300011,20769155949415978997729807300670020350873299971792135957163,0,41538311898831957995459614601340040893002353835197515257174,20769155949415978997729807300670020542129053863405379300011,20769155949415978997729807300670020446501176917598757628587
631,20769155949415978997729807300670020542129053863405379300011,20769155949415978997729807300670020446501176917598757628587,0,41538311898831957995459614601340040988630230781004136928598,20769155949415978997729807300670020494315115390502068464299,20769155949415978997729807300670020446501176917598757628587
632,20769155949415978997729807300670020494315115390502068464299,20769155949415978997729807300670020446501176917598757628587,0,41538311898831957995459614601340040940816292308100826092886,20769155949415978997729807300670020494315115390502068464299,20769155949415978997729807300670020470408146154050413046443
633,20769155949415978997729807300670020494315115390502068464299,20769155949415978997729807300670020470408146154050413046443,0,41538311898831957995459614601340040964723261544552481510742,20769155949415978997729807300670020482361630772276240755371,20769155949415978997729807300670020470408146154050413046443
634,20769155949415978997729807300670020482361630772276240755371,20769155949415978997729807300670020470408146154050413046443,0,41538311898831957995459614601340040952769776926326653801814,20769155949415978997729807300670020482361630772276240755371,20769155949415978997729807300670020476384888463163326900907
635,20769155949415978997729807300670020482361630772276240755371,20769155949415978997729807300670020476384888463163326900907,0,41538311898831957995459614601340040958746519235439567656278,20769155949415978997729807300670020479373259617719783828139,20769155949415978997729807300670020476384888463163326900907
636,20769155949415978997729807300670020479373259617719783828139,20769155949415978997729807300670020476384888463163326900907,0,41538311898831957995459614601340040955758148080883110729046,20769155949415978997729807300670020479373259617719783828139,20769155949415978997729807300670020477879074040441555364523
637,20769155949415978997729807300670020479373259617719783828139,20769155949415978997729807300670020477879074040441555364523,0,41538311898831957995459614601340040957252333658161339192662,20769155949415978997729807300670020478626166829080669596331,20769155949415978997729807300670020477879074040441555364523
638,20769155949415978997729807300670020478626166829080669596331,20769155949415978997729807300670020477879074040441555364523,0,41538311898831957995459614601340040956505240869522224960854,20769155949415978997729807300670020478626166829080669596331,20769155949415978997729807300670020478252620434761112480427
639,20769155949415978997729807300670020478626166829080669596331,20769155949415978997729807300670020478252620434761112480427,0,41538311898831957995459614601340040956878787263841782076758,20769155949415978997729807300670020478439393631920891038379,20769155949415978997729807300670020478252620434761112480427
640,20769155949415978997729807300670020478439393631920891038379,20769155949415978997729807300670020478252620434761112480427,0,41538311898831957995459614601340040956692014066682003518806,20769155949415978997729807300670020478439393631920891038379,20769155949415978997729807300670020478346007033341001759403
641,20769155949415978997729807300670020478439393631920891038379,20769155949415978997729807300670020478346007033341001759403,0,41538311898831957995459614601340040956785400665261892797782,20769155949415978997729807300670020478392700332630946398891,20769155949415978997729807300670020478346007033341001759403
642,20769155949415978997729807300670020478392700332630946398891,20769155949415978997729807300670020478346007033341001759403,0,41538311898831957995459614601340040956738707365971948158294,20769155949415978997729807300670020478392700332630946398891,20769155949415978997729807300670020478369353682985974079147
643,20769155949415978997729807300670020478392700332630946398891,20769155949415978997729807300670020478369353682985974079147,0,41538311898831957995459614601340040956762054015616920478038,20769155949415978997729807300670020478381027007808460239019,20769155949415978997729807300670020478369353682985974079147
644,20769155949415978997729807300670020478381027007808460239019,20769155949415978997729807300670020478369353682985974079147,0,41538311898831957995459614601340040956750380690794434318166,20769155949415978997729807300670020478381027007808460239019,20769155949415978997729807300670020478375190345397217159083
645,20769155949415978997729807300670020478381027007808460239019,20769155949415978997729807300670020478375190345397217159083,0,41538311898831957995459614601340040956756217353205677398102,20769155949415978997729807300670020478378108676602838699051,20769155949415978997729807300670020478375190345397217159083
646,20769155949415978997729807300670020478378108676602838699051,20769155949415978997729807300670020478375190345397217159083,0,41538311898831957995459614601340040956753299022000055858134,20769155949415978997729807300670020478378108676602838699051,20769155949415978997729807300670020478376649511000027929067
647,20769155949415978997729807300670020478378108676602838699051,20769155949415978997729807300670020478376649511000027929067,0,41538311898831957995459614601340040956754758187602866628118,20769155949415978997729807300670020478377379093801433314059,20769155949415978997729807300670020478376649511000027929067
648,20769155949415978997729807300670020478377379093801433314059,20769155949415978997729807300670020478376649511000027929067,0,41538311898831957995459614601340040956754028604801461243126,20769155949415978997729807300670020478377379093801433314059,20769155949415978997729807300670020478377014302400730621563
649,20769155949415978997729807300670020478377379093801433314059,20769155949415978997729807300670020478377014302400730621563,0,41538311898831957995459614601340040956754393396202163935622,20769155949415978997729807300670020478377196698101081967811,20769155949415978997729807300670020478377014302400730621563
650,20769155949415978997729807300670020478377196698101081967811,20769155949415978997729807300670020478377014302400730621563,0,41538311898831957995459614601340040956754211000501812589374,20769155949415978997729807300670020478377196698101081967811,20769155949415978997729807300670020478377105500250906294687
651,20769155949415978997729807300670020478377196698101081967811,20769155949415978997729807300670020478377105500250906294687,0,41538311898831957995459614601340040956754302198351988262498,20769155949415978997729807300670020478377151099175994131249,20769155949415978997729807300670020478377105500250906294687
652,20769155949415978997729807300670020478377151099175994131249,20769155949415978997729807300670020478377105500250906294687,1,-45598925087836562,20769155949415978997729807300670020478377151099175994131249,-22799462543918281
653,20769155949415978997729807300670020478377151099175994131249,-22799462543918281,1,20769155949415978997729807300670020478377173898638538049530,10384577974707989498864903650335010239188586949319269024765,-22799462543918281
654,10384577974707989498864903650335010239188586949319269024765,-22799462543918281,1,-10384577974707989498864903650335010239188609748781812943046,10384577974707989498864903650335010239188586949319269024765,-5192288987353994749432451825167505119594304874390906471523
655,10384577974707989498864903650335010239188586949319269024765,-5192288987353994749432451825167505119594304874390906471523,0,5192288987353994749432451825167505119594282074928362553242,2596144493676997374716225912583752559797141037464181276621,-5192288987353994749432451825167505119594304874390906471523
656,2596144493676997374716225912583752559797141037464181276621,-5192288987353994749432451825167505119594304874390906471523,0,-2596144493676997374716225912583752559797163836926725194902,2596144493676997374716225912583752559797141037464181276621,-1298072246838498687358112956291876279898581918463362597451
657,2596144493676997374716225912583752559797141037464181276621,-1298072246838498687358112956291876279898581918463362597451,0,1298072246838498687358112956291876279898559119000818679170,649036123419249343679056478145938139949279559500409339585,-1298072246838498687358112956291876279898581918463362597451
658,649036123419249343679056478145938139949279559500409339585,-1298072246838498687358112956291876279898581918463362597451,0,-649036123419249343679056478145938139949302358962953257866,649036123419249343679056478145938139949279559500409339585,-324518061709624671839528239072969069974651179481476628933
659,649036123419249343679056478145938139949279559500409339585,-324518061709624671839528239072969069974651179481476628933,1,973554185128874015518584717218907209923930738981885968518,486777092564437007759292358609453604961965369490942984259,-324518061709624671839528239072969069974651179481476628933
660,486777092564437007759292358609453604961965369490942984259,-324518061709624671839528239072969069974651179481476628933,0,162259030854812335919764119536484534987314190009466355326,486777092564437007759292358609453604961965369490942984259,81129515427406167959882059768242267493657095004733177663
661,486777092564437007759292358609453604961965369490942984259,81129515427406167959882059768242267493657095004733177663,0,567906607991843175719174418377695872455622464495676161922,283953303995921587859587209188847936227811232247838080961,81129515427406167959882059768242267493657095004733177663
662,283953303995921587859587209188847936227811232247838080961,81129515427406167959882059768242267493657095004733177663,1,-202823788568515419899705149420605668734154137243104903298,283953303995921587859587209188847936227811232247838080961,-101411894284257709949852574710302834367077068621552451649
663,283953303995921587859587209188847936227811232247838080961,-101411894284257709949852574710302834367077068621552451649,1,385365198280179297809439783899150770594888300869390532610,192682599140089648904719891949575385297444150434695266305,-101411894284257709949852574710302834367077068621552451649
664,192682599140089648904719891949575385297444150434695266305,-101411894284257709949852574710302834367077068621552451649,1,-294094493424347358854572466659878219664521219056247717954,192682599140089648904719891949575385297444150434695266305,-147047246712173679427286233329939109832260609528123858977
665,192682599140089648904719891949575385297444150434695266305,-147047246712173679427286233329939109832260609528123858977,1,339729845852263328332006125279514495129704759962819125282,169864922926131664166003062639757247564852379981409562641,-147047246712173679427286233329939109832260609528123858977
666,169864922926131664166003062639757247564852379981409562641,-147047246712173679427286233329939109832260609528123858977,1,-316912169638305343593289295969696357397112989509533421618,169864922926131664166003062639757247564852379981409562641,-158456084819152671796644647984848178698556494754766710809
667,169864922926131664166003062639757247564852379981409562641,-158456084819152671796644647984848178698556494754766710809,1,328321007745284335962647710624605426263408874736176273450,164160503872642167981323855312302713131704437368088136725,-158456084819152671796644647984848178698556494754766710809
668,164160503872642167981323855312302713131704437368088136725,-158456084819152671796644647984848178698556494754766710809,1,-322616588691794839777968503297150891830260932122854847534,164160503872642167981323855312302713131704437368088136725,-161308294345897419888984251648575445915130466061427423767
669,164160503872642167981323855312302713131704437368088136725,-161308294345897419888984251648575445915130466061427423767,0,2852209526744748092339603663727267216573971306660712958,1426104763372374046169801831863633608286985653330356479,-161308294345897419888984251648575445915130466061427423767
670,1426104763372374046169801831863633608286985653330356479,-161308294345897419888984251648575445915130466061427423767,1,-162734399109269793935154053480439079523417451714757780246,1426104763372374046169801831863633608286985653330356479,-81367199554634896967577026740219539761708725857378890123
671,1426104763372374046169801831863633608286985653330356479,-81367199554634896967577026740219539761708725857378890123,1,82793304318007271013746828572083173369995711510709246602,41396652159003635506873414286041586684997855755354623301,-81367199554634896967577026740219539761708725857378890123
672,41396652159003635506873414286041586684997855755354623301,-81367199554634896967577026740219539761708725857378890123,0,-39970547395631261460703612454177953076710870102024266822,41396652159003635506873414286041586684997855755354623301,-19985273697815630730351806227088976538355435051012133411
673,41396652159003635506873414286041586684997855755354623301,-19985273697815630730351806227088976538355435051012133411,0,21411378461188004776521608058952610146642420704342489890,10705689230594002388260804029476305073321210352171244945,-19985273697815630730351806227088976538355435051012133411
674,10705689230594002388260804029476305073321210352171244945,-19985273697815630730351806227088976538355435051012133411,0,-9279584467221628342091002197612671465034224698840888466,10705689230594002388260804029476305073321210352171244945,-4639792233610814171045501098806335732517112349420444233
675,10705689230594002388260804029476305073321210352171244945,-4639792233610814171045501098806335732517112349420444233,1,15345481464204816559306305128282640805838322701591689178,7672740732102408279653152564141320402919161350795844589,-4639792233610814171045501098806335732517112349420444233
676,7672740732102408279653152564141320402919161350795844589,-4639792233610814171045501098806335732517112349420444233,1,-12312532965713222450698653662947656135436273700216288822,7672740732102408279653152564141320402919161350795844589,-6156266482856611225349326831473828067718136850108144411
677,7672740732102408279653152564141320402919161350795844589,-6156266482856611225349326831473828067718136850108144411,0,1516474249245797054303825732667492335201024500687700178,758237124622898527151912866333746167600512250343850089,-6156266482856611225349326831473828067718136850108144411
678,758237124622898527151912866333746167600512250343850089,-6156266482856611225349326831473828067718136850108144411,0,-5398029358233712698197413965140081900117624599764294322,758237124622898527151912866333746167600512250343850089,-2699014679116856349098706982570040950058812299882147161
679,758237124622898527151912866333746167600512250343850089,-2699014679116856349098706982570040950058812299882147161,1,3457251803739754876250619848903787117659324550225997250,1728625901869877438125309924451893558829662275112998625,-2699014679116856349098706982570040950058812299882147161
680,1728625901869877438125309924451893558829662275112998625,-2699014679116856349098706982570040950058812299882147161,1,-4427640580986733787224016907021934508888474574995145786,1728625901869877438125309924451893558829662275112998625,-2213820290493366893612008453510967254444237287497572893
681,1728625901869877438125309924451893558829662275112998625,-2213820290493366893612008453510967254444237287497572893,1,3942446192363244331737318377962860813273899562610571518,1971223096181622165868659188981430406636949781305285759,-2213820290493366893612008453510967254444237287497572893
682,1971223096181622165868659188981430406636949781305285759,-2213820290493366893612008453510967254444237287497572893,0,-242597194311744727743349264529536847807287506192287134,1971223096181622165868659188981430406636949781305285759,-121298597155872363871674632264768423903643753096143567
683,1971223096181622165868659188981430406636949781305285759,-121298597155872363871674632264768423903643753096143567,1,2092521693337494529740333821246198830540593534401429326,1046260846668747264870166910623099415270296767200714663,-121298597155872363871674632264768423903643753096143567
684,1046260846668747264870166910623099415270296767200714663,-121298597155872363871674632264768423903643753096143567,1,-1167559443824619628741841542887867839173940520296858230,1046260846668747264870166910623099415270296767200714663,-583779721912309814370920771443933919586970260148429115
685,1046260846668747264870166910623099415270296767200714663,-583779721912309814370920771443933919586970260148429115,1,1630040568581057079241087682067033334857267027349143778,815020284290528539620543841033516667428633513674571889,-583779721912309814370920771443933919586970260148429115
686,815020284290528539620543841033516667428633513674571889,-583779721912309814370920771443933919586970260148429115,0,231240562378218725249623069589582747841663253526142774,815020284290528539620543841033516667428633513674571889,115620281189109362624811534794791373920831626763071387
687,815020284290528539620543841033516667428633513674571889,115620281189109362624811534794791373920831626763071387,1,699400003101419176995732306238725293507801886911500502,349700001550709588497866153119362646753900943455750251,115620281189109362624811534794791373920831626763071387
688,349700001550709588497866153119362646753900943455750251,115620281189109362624811534794791373920831626763071387,0,465320282739818951122677687914154020674732570218821638,349700001550709588497866153119362646753900943455750251,232660141369909475561338843957077010337366285109410819
689,349700001550709588497866153119362646753900943455750251,232660141369909475561338843957077010337366285109410819,0,582360142920619064059204997076439657091267228565161070,291180071460309532029602498538219828545633614282580535,232660141369909475561338843957077010337366285109410819
690,291180071460309532029602498538219828545633614282580535,232660141369909475561338843957077010337366285109410819,0,523840212830219007590941342495296838882999899391991354,291180071460309532029602498538219828545633614282580535,261920106415109503795470671247648419441499949695995677
691,291180071460309532029602498538219828545633614282580535,261920106415109503795470671247648419441499949695995677,1,29259965045200028234131827290571409104133664586584858,14629982522600014117065913645285704552066832293292429,261920106415109503795470671247648419441499949695995677
692,14629982522600014117065913645285704552066832293292429,261920106415109503795470671247648419441499949695995677,0,276550088937709517912536584892934123993566781989288106,14629982522600014117065913645285704552066832293292429,138275044468854758956268292446467061996783390994644053
693,14629982522600014117065913645285704552066832293292429,138275044468854758956268292446467061996783390994644053,0,152905026991454773073334206091752766548850223287936482,76452513495727386536667103045876383274425111643968241,138275044468854758956268292446467061996783390994644053
694,76452513495727386536667103045876383274425111643968241,138275044468854758956268292446467061996783390994644053,0,214727557964582145492935395492343445271208502638612294,76452513495727386536667103045876383274425111643968241,107363778982291072746467697746171722635604251319306147
695,76452513495727386536667103045876383274425111643968241,107363778982291072746467697746171722635604251319306147,1,-30911265486563686209800594700295339361179139675337906,-15455632743281843104900297350147669680589569837668953,107363778982291072746467697746171722635604251319306147
696,-15455632743281843104900297350147669680589569837668953,107363778982291072746467697746171722635604251319306147,0,91908146239009229641567400396024052955014681481637194,-15455632743281843104900297350147669680589569837668953,45954073119504614820783700198012026477507340740818597
697,-15455632743281843104900297350147669680589569837668953,45954073119504614820783700198012026477507340740818597,1,-61409705862786457925683997548159696158096910578487550,-30704852931393228962841998774079848079048455289243775,45954073119504614820783700198012026477507340740818597
698,-30704852931393228962841998774079848079048455289243775,45954073119504614820783700198012026477507340740818597,0,15249220188111385857941701423932178398458885451574822,-30704852931393228962841998774079848079048455289243775,7624610094055692928970850711966089199229442725787411
699,-30704852931393228962841998774079848079048455289243775,7624610094055692928970850711966089199229442725787411,1,-38329463025448921891812849486045937278277898015031186,-19164731512724460945906424743022968639138949007515593,7624610094055692928970850711966089199229442725787411
700,-19164731512724460945906424743022968639138949007515593,7624610094055692928970850711966089199229442725787411,0,-11540121418668768016935574031056879439909506281728182,-19164731512724460945906424743022968639138949007515593,-5770060709334384008467787015528439719954753140864091
701,-19164731512724460945906424743022968639138949007515593,-5770060709334384008467787015528439719954753140864091,1,-13394670803390076937438637727494528919184195866651502,-6697335401695038468719318863747264459592097933325751,-5770060709334384008467787015528439719954753140864091
702,-6697335401695038468719318863747264459592097933325751,-5770060709334384008467787015528439719954753140864091,0,-12467396111029422477187105879275704179546851074189842,-6697335401695038468719318863747264459592097933325751,-6233698055514711238593552939637852089773425537094921
703,-6697335401695038468719318863747264459592097933325751,-6233698055514711238593552939637852089773425537094921,1,-463637346180327230125765924109412369818672396230830,-231818673090163615062882962054706184909336198115415,-6233698055514711238593552939637852089773425537094921
704,-231818673090163615062882962054706184909336198115415,-6233698055514711238593552939637852089773425537094921,1,-6001879382424547623530669977583145904864089338979506,-231818673090163615062882962054706184909336198115415,-3000939691212273811765334988791572952432044669489753
705,-231818673090163615062882962054706184909336198115415,-3000939691212273811765334988791572952432044669489753,1,2769121018122110196702452026736866767522708471374338,1384560509061055098351226013368433383761354235687169,-3000939691212273811765334988791572952432044669489753
706,1384560509061055098351226013368433383761354235687169,-3000939691212273811765334988791572952432044669489753,1,-4385500200273328910116561002160006336193398905176922,1384560509061055098351226013368433383761354235687169,-2192750100136664455058280501080003168096699452588461
707,1384560509061055098351226013368433383761354235687169,-2192750100136664455058280501080003168096699452588461,1,3577310609197719553409506514448436551858053688275630,1788655304598859776704753257224218275929026844137815,-2192750100136664455058280501080003168096699452588461
708,1788655304598859776704753257224218275929026844137815,-2192750100136664455058280501080003168096699452588461,0,-404094795537804678353527243855784892167672608450646,1788655304598859776704753257224218275929026844137815,-202047397768902339176763621927892446083836304225323
709,1788655304598859776704753257224218275929026844137815,-202047397768902339176763621927892446083836304225323,1,1990702702367762115881516879152110722012863148363138,995351351183881057940758439576055361006431574181569,-202047397768902339176763621927892446083836304225323
710,995351351183881057940758439576055361006431574181569,-202047397768902339176763621927892446083836304225323,0,793303953414978718763994817648162914922595269956246,995351351183881057940758439576055361006431574181569,396651976707489359381997408824081457461297634978123
711,995351351183881057940758439576055361006431574181569,396651976707489359381997408824081457461297634978123,1,598699374476391698558761030751973903545133939203446,299349687238195849279380515375986951772566969601723,396651976707489359381997408824081457461297634978123
712,299349687238195849279380515375986951772566969601723,396651976707489359381997408824081457461297634978123,0,696001663945685208661377924200068409233864604579846,299349687238195849279380515375986951772566969601723,348000831972842604330688962100034204616932302289923
713,299349687238195849279380515375986951772566969601723,348000831972842604330688962100034204616932302289923,0,647350519211038453610069477476021156389499271891646,323675259605519226805034738738010578194749635945823,348000831972842604330688962100034204616932302289923
714,323675259605519226805034738738010578194749635945823,348000831972842604330688962100034204616932302289923,0,671676091578361831135723700838044782811681938235746,323675259605519226805034738738010578194749635945823,335838045789180915567861850419022391405840969117873
715,323675259605519226805034738738010578194749635945823,335838045789180915567861850419022391405840969117873,1,-12162786183661688762827111681011813211091333172050,-6081393091830844381413555840505906605545666586025,335838045789180915567861850419022391405840969117873
716,-6081393091830844381413555840505906605545666586025,335838045789180915567861850419022391405840969117873,1,341919438881011759949275406259528298011386635703898,-6081393091830844381413555840505906605545666586025,170959719440505879974637703129764149005693317851949
717,-6081393091830844381413555840505906605545666586025,170959719440505879974637703129764149005693317851949,1,-177041112532336724356051258970270055611238984437974,-88520556266168362178025629485135027805619492218987,170959719440505879974637703129764149005693317851949
718,-88520556266168362178025629485135027805619492218987,170959719440505879974637703129764149005693317851949,0,82439163174337517796612073644629121200073825632962,-88520556266168362178025629485135027805619492218987,41219581587168758898306036822314560600036912816481
719,-88520556266168362178025629485135027805619492218987,41219581587168758898306036822314560600036912816481,0,-47300974678999603279719592662820467205582579402506,-23650487339499801639859796331410233602791289701253,41219581587168758898306036822314560600036912816481
720,-23650487339499801639859796331410233602791289701253,41219581587168758898306036822314560600036912816481,1,64870068926668560538165833153724794202828202517734,-23650487339499801639859796331410233602791289701253,32435034463334280269082916576862397101414101258867
721,-23650487339499801639859796331410233602791289701253,32435034463334280269082916576862397101414101258867,0,8784547123834478629223120245452163498622811557614,4392273561917239314611560122726081749311405778807,32435034463334280269082916576862397101414101258867
722,4392273561917239314611560122726081749311405778807,32435034463334280269082916576862397101414101258867,0,36827308025251519583694476699588478850725507037674,4392273561917239314611560122726081749311405778807,18413654012625759791847238349794239425362753518837
723,4392273561917239314611560122726081749311405778807,18413654012625759791847238349794239425362753518837,1,-14021380450708520477235678227068157676051347740030,-7010690225354260238617839113534078838025673870015,18413654012625759791847238349794239425362753518837
724,-7010690225354260238617839113534078838025673870015,18413654012625759791847238349794239425362753518837,0,11402963787271499553229399236260160587337079648822,-7010690225354260238617839113534078838025673870015,5701481893635749776614699618130080293668539824411
725,-7010690225354260238617839113534078838025673870015,5701481893635749776614699618130080293668539824411,1,-12712172118990010015232538731664159131694213694426,-6356086059495005007616269365832079565847106847213,5701481893635749776614699618130080293668539824411
726,-6356086059495005007616269365832079565847106847213,5701481893635749776614699618130080293668539824411,0,-654604165859255231001569747701999272178567022802,-6356086059495005007616269365832079565847106847213,-327302082929627615500784873850999636089283511401
727,-6356086059495005007616269365832079565847106847213,-327302082929627615500784873850999636089283511401,0,-6683388142424632623117054239683079201936390358614,-3341694071212316311558527119841539600968195179307,-327302082929627615500784873850999636089283511401
728,-3341694071212316311558527119841539600968195179307,-327302082929627615500784873850999636089283511401,1,3014391988282688696057742245990539964878911667906,-3341694071212316311558527119841539600968195179307,1507195994141344348028871122995269982439455833953
729,-3341694071212316311558527119841539600968195179307,1507195994141344348028871122995269982439455833953,0,-1834498077070971963529655996846269618528739345354,-917249038535485981764827998423134809264369672677,1507195994141344348028871122995269982439455833953
730,-917249038535485981764827998423134809264369672677,1507195994141344348028871122995269982439455833953,1,2424445032676830329793699121418404791703825506630,-917249038535485981764827998423134809264369672677,1212222516338415164896849560709202395851912753315
731,-917249038535485981764827998423134809264369672677,1212222516338415164896849560709202395851912753315,0,294973477802929183132021562286067586587543080638,147486738901464591566010781143033793293771540319,1212222516338415164896849560709202395851912753315
732,147486738901464591566010781143033793293771540319,1212222516338415164896849560709202395851912753315,0,1359709255239879756462860341852236189145684293634,147486738901464591566010781143033793293771540319,679854627619939878231430170926118094572842146817
733,147486738901464591566010781143033793293771540319,679854627619939878231430170926118094572842146817,1,-532367888718475286665419389783084301279070606498,-266183944359237643332709694891542150639535303249,679854627619939878231430170926118094572842146817
734,-266183944359237643332709694891542150639535303249,679854627619939878231430170926118094572842146817,1,946038571979177521564139865817660245212377450066,-266183944359237643332709694891542150639535303249,473019285989588760782069932908830122606188725033
735,-266183944359237643332709694891542150639535303249,473019285989588760782069932908830122606188725033,1,-739203230348826404114779627800372273245724028282,-369601615174413202057389813900186136622862014141,473019285989588760782069932908830122606188725033
736,-369601615174413202057389813900186136622862014141,473019285989588760782069932908830122606188725033,1,842620901164001962839459746809016259229050739174,-369601615174413202057389813900186136622862014141,421310450582000981419729873404508129614525369587
737,-369601615174413202057389813900186136622862014141,421310450582000981419729873404508129614525369587,0,51708835407587779362340059504321992991663355446,25854417703793889681170029752160996495831677723,421310450582000981419729873404508129614525369587
738,25854417703793889681170029752160996495831677723,421310450582000981419729873404508129614525369587,0,447164868285794871100899903156669126110357047310,25854417703793889681170029752160996495831677723,223582434142897435550449951578334563055178523655
739,25854417703793889681170029752160996495831677723,223582434142897435550449951578334563055178523655,0,249436851846691325231619981330495559551010201378,124718425923345662615809990665247779775505100689,223582434142897435550449951578334563055178523655
740,124718425923345662615809990665247779775505100689,223582434142897435550449951578334563055178523655,1,98864008219551772934639960913086783279673422966,124718425923345662615809990665247779775505100689,49432004109775886467319980456543391639836711483
741,124718425923345662615809990665247779775505100689,49432004109775886467319980456543391639836711483,1,75286421813569776148490010208704388135668389206,37643210906784888074245005104352194067834194603,49432004109775886467319980456543391639836711483
742,37643210906784888074245005104352194067834194603,49432004109775886467319980456543391639836711483,0,87075215016560774541564985560895585707670906086,37643210906784888074245005104352194067834194603,43537607508280387270782492780447792853835453043
743,37643210906784888074245005104352194067834194603,43537607508280387270782492780447792853835453043,0,81180818415065275345027497884799986921669647646,40590409207532637672513748942399993460834823823,43537607508280387270782492780447792853835453043
744,40590409207532637672513748942399993460834823823,43537607508280387270782492780447792853835453043,0,84128016715813024943296241722847786314670276866,40590409207532637672513748942399993460834823823,42064008357906512471648120861423893157335138433
745,40590409207532637672513748942399993460834823823,42064008357906512471648120861423893157335138433,1,-1473599150373874799134371919023899696500314610,-736799575186937399567185959511949848250157305,42064008357906512471648120861423893157335138433
746,-736799575186937399567185959511949848250157305,42064008357906512471648120861423893157335138433,1,42800807933093449871215306820935843005585295738,-736799575186937399567185959511949848250157305,21400403966546724935607653410467921502792647869
747,-736799575186937399567185959511949848250157305,21400403966546724935607653410467921502792647869,1,-22137203541733662335174839369979871351042805174,-11068601770866831167587419684989935675521402587,21400403966546724935607653410467921502792647869
748,-11068601770866831167587419684989935675521402587,21400403966546724935607653410467921502792647869,0,10331802195679893768020233725477985827271245282,-11068601770866831167587419684989935675521402587,5165901097839946884010116862738992913635622641
749,-11068601770866831167587419684989935675521402587,5165901097839946884010116862738992913635622641,0,-5902700673026884283577302822250942761885779946,-2951350336513442141788651411125471380942889973,5165901097839946884010116862738992913635622641
750,-2951350336513442141788651411125471380942889973,5165901097839946884010116862738992913635622641,1,8117251434353389025798768273864464294578512614,-2951350336513442141788651411125471380942889973,4058625717176694512899384136932232147289256307
751,-2951350336513442141788651411125471380942889973,4058625717176694512899384136932232147289256307,0,1107275380663252371110732725806760766346366334,553637690331626185555366362903380383173183167,4058625717176694512899384136932232147289256307
752,553637690331626185555366362903380383173183167,4058625717176694512899384136932232147289256307,0,4612263407508320698454750499835612530462439474,553637690331626185555366362903380383173183167,2306131703754160349227375249917806265231219737
753,553637690331626185555366362903380383173183167,2306131703754160349227375249917806265231219737,1,-1752494013422534163672008887014425882058036570,-876247006711267081836004443507212941029018285,2306131703754160349227375249917806265231219737
754,-876247006711267081836004443507212941029018285,2306131703754160349227375249917806265231219737,1,3182378710465427431063379693425019206260238022,-876247006711267081836004443507212941029018285,1591189355232713715531689846712509603130119011
755,-876247006711267081836004443507212941029018285,1591189355232713715531689846712509603130119011,0,714942348521446633695685403205296662101100726,357471174260723316847842701602648331050550363,1591189355232713715531689846712509603130119011
756,357471174260723316847842701602648331050550363,1591189355232713715531689846712509603130119011,0,1948660529493437032379532548315157934180669374,357471174260723316847842701602648331050550363,974330264746718516189766274157578967090334687
757,357471174260723316847842701602648331050550363,974330264746718516189766274157578967090334687,0,1331801439007441833037608975760227298140885050,665900719503720916518804487880113649070442525,974330264746718516189766274157578967090334687
758,665900719503720916518804487880113649070442525,974330264746718516189766274157578967090334687,1,308429545242997599670961786277465318019892162,665900719503720916518804487880113649070442525,154214772621498799835480893138732659009946081
759,665900719503720916518804487880113649070442525,154214772621498799835480893138732659009946081,0,820115492125219716354285381018846308080388606,410057746062609858177142690509423154040194303,154214772621498799835480893138732659009946081
760,410057746062609858177142690509423154040194303,154214772621498799835480893138732659009946081,1,-255842973441111058341661797370690495030248222,410057746062609858177142690509423154040194303,-127921486720555529170830898685345247515124111
761,410057746062609858177142690509423154040194303,-127921486720555529170830898685345247515124111,1,537979232783165387347973589194768401555318414,268989616391582693673986794597384200777659207,-127921486720555529170830898685345247515124111
762,268989616391582693673986794597384200777659207,-127921486720555529170830898685345247515124111,1,-396911103112138222844817693282729448292783318,268989616391582693673986794597384200777659207,-198455551556069111422408846641364724146391659
763,268989616391582693673986794597384200777659207,-198455551556069111422408846641364724146391659,1,467445167947651805096395641238748924924050866,233722583973825902548197820619374462462025433,-198455551556069111422408846641364724146391659
764,233722583973825902548197820619374462462025433,-198455551556069111422408846641364724146391659,0,35267032417756791125788973978009738315633774,233722583973825902548197820619374462462025433,17633516208878395562894486989004869157816887
765,233722583973825902548197820619374462462025433,17633516208878395562894486989004869157816887,1,216089067764947506985303333630369593304208546,108044533882473753492651666815184796652104273,17633516208878395562894486989004869157816887
766,108044533882473753492651666815184796652104273,17633516208878395562894486989004869157816887,1,-90411017673595357929757179826179927494287386,108044533882473753492651666815184796652104273,-45205508836797678964878589913089963747143693
767,108044533882473753492651666815184796652104273,-45205508836797678964878589913089963747143693,1,153250042719271432457530256728274760399247966,76625021359635716228765128364137380199623983,-45205508836797678964878589913089963747143693
768,76625021359635716228765128364137380199623983,-45205508836797678964878589913089963747143693,0,31419512522838037263886538451047416452480290,76625021359635716228765128364137380199623983,15709756261419018631943269225523708226240145
769,76625021359635716228765128364137380199623983,15709756261419018631943269225523708226240145,1,60915265098216697596821859138613671973383838,30457632549108348798410929569306835986691919,15709756261419018631943269225523708226240145
770,30457632549108348798410929569306835986691919,15709756261419018631943269225523708226240145,1,-14747876287689330166467660343783127760451774,30457632549108348798410929569306835986691919,-7373938143844665083233830171891563880225887
771,30457632549108348798410929569306835986691919,-7373938143844665083233830171891563880225887,1,37831570692953013881644759741198399866917806,18915785346476506940822379870599199933458903,-7373938143844665083233830171891563880225887
772,18915785346476506940822379870599199933458903,-7373938143844665083233830171891563880225887,1,-26289723490321172024056210042490763813684790,18915785346476506940822379870599199933458903,-13144861745160586012028105021245381906842395
773,18915785346476506940822379870599199933458903,-13144861745160586012028105021245381906842395,1,32060647091637092952850484891844581840301298,16030323545818546476425242445922290920150649,-13144861745160586012028105021245381906842395
774,16030323545818546476425242445922290920150649,-13144861745160586012028105021245381906842395,0,2885461800657960464397137424676909013308254,16030323545818546476425242445922290920150649,1442730900328980232198568712338454506654127
775,16030323545818546476425242445922290920150649,1442730900328980232198568712338454506654127,1,14587592645489566244226673733583836413496522,7293796322744783122113336866791918206748261,1442730900328980232198568712338454506654127
776,7293796322744783122113336866791918206748261,1442730900328980232198568712338454506654127,1,-5851065422415802889914768154453463700094134,7293796322744783122113336866791918206748261,-2925532711207901444957384077226731850047067
777,7293796322744783122113336866791918206748261,-2925532711207901444957384077226731850047067,0,4368263611536881677155952789565186356701194,2184131805768440838577976394782593178350597,-2925532711207901444957384077226731850047067
778,2184131805768440838577976394782593178350597,-2925532711207901444957384077226731850047067,0,-741400905439460606379407682444138671696470,2184131805768440838577976394782593178350597,-370700452719730303189703841222069335848235
779,2184131805768440838577976394782593178350597,-370700452719730303189703841222069335848235,0,1813431353048710535388272553560523842502362,906715676524355267694136276780261921251181,-370700452719730303189703841222069335848235
780,906715676524355267694136276780261921251181,-370700452719730303189703841222069335848235,0,536015223804624964504432435558192585402946,906715676524355267694136276780261921251181,268007611902312482252216217779096292701473
781,906715676524355267694136276780261921251181,268007611902312482252216217779096292701473,0,1174723288426667749946352494559358213952654,587361644213333874973176247279679106976327,268007611902312482252216217779096292701473
782,587361644213333874973176247279679106976327,268007611902312482252216217779096292701473,1,-319354032311021392720960029500582814274854,587361644213333874973176247279679106976327,-159677016155510696360480014750291407137427
783,587361644213333874973176247279679106976327,-159677016155510696360480014750291407137427,1,747038660368844571333656262029970514113754,373519330184422285666828131014985257056877,-159677016155510696360480014750291407137427
784,373519330184422285666828131014985257056877,-159677016155510696360480014750291407137427,0,213842314028911589306348116264693849919450,373519330184422285666828131014985257056877,106921157014455794653174058132346924959725
785,373519330184422285666828131014985257056877,106921157014455794653174058132346924959725,0,480440487198878080320002189147332182016602,240220243599439040160001094573666091008301,106921157014455794653174058132346924959725
786,240220243599439040160001094573666091008301,106921157014455794653174058132346924959725,0,347141400613894834813175152706013015968026,240220243599439040160001094573666091008301,173570700306947417406587576353006507984013
787,240220243599439040160001094573666091008301,173570700306947417406587576353006507984013,0,413790943906386457566588670926672598992314,206895471953193228783294335463336299496157,173570700306947417406587576353006507984013
788,206895471953193228783294335463336299496157,173570700306947417406587576353006507984013,0,380466172260140646189881911816342807480170,206895471953193228783294335463336299496157,190233086130070323094940955908171403740085
789,206895471953193228783294335463336299496157,190233086130070323094940955908171403740085,0,397128558083263551878235291371507703236242,198564279041631775939117645685753851618121,190233086130070323094940955908171403740085
790,198564279041631775939117645685753851618121,190233086130070323094940955908171403740085,0,388797365171702099034058601593925255358206,198564279041631775939117645685753851618121,194398682585851049517029300796962627679103
791,198564279041631775939117645685753851618121,194398682585851049517029300796962627679103,1,4165596455780726422088344888791223939018,2082798227890363211044172444395611969509,194398682585851049517029300796962627679103
792,2082798227890363211044172444395611969509,194398682585851049517029300796962627679103,1,192315884357960686305985128352567015709594,2082798227890363211044172444395611969509,96157942178980343152992564176283507854797
793,2082798227890363211044172444395611969509,96157942178980343152992564176283507854797,0,98240740406870706364036736620679119824306,49120370203435353182018368310339559912153,96157942178980343152992564176283507854797
794,49120370203435353182018368310339559912153,96157942178980343152992564176283507854797,0,145278312382415696335010932486623067766950,49120370203435353182018368310339559912153,72639156191207848167505466243311533883475
795,49120370203435353182018368310339559912153,72639156191207848167505466243311533883475,1,-23518785987772494985487097932971973971322,-11759392993886247492743548966485986985661,72639156191207848167505466243311533883475
796,-11759392993886247492743548966485986985661,72639156191207848167505466243311533883475,0,60879763197321600674761917276825546897814,-11759392993886247492743548966485986985661,30439881598660800337380958638412773448907
797,-11759392993886247492743548966485986985661,30439881598660800337380958638412773448907,0,18680488604774552844637409671926786463246,9340244302387276422318704835963393231623,30439881598660800337380958638412773448907
798,9340244302387276422318704835963393231623,30439881598660800337380958638412773448907,0,39780125901048076759699663474376166680530,9340244302387276422318704835963393231623,19890062950524038379849831737188083340265
799,9340244302387276422318704835963393231623,19890062950524038379849831737188083340265,1,-10549818648136761957531126901224690108642,-5274909324068380978765563450612345054321,19890062950524038379849831737188083340265
800,-5274909324068380978765563450612345054321,19890062950524038379849831737188083340265,1,25164972274592419358615395187800428394586,-5274909324068380978765563450612345054321,12582486137296209679307697593900214197293
801,-5274909324068380978765563450612345054321,12582486137296209679307697593900214197293,1,-17857395461364590658073261044512559251614,-8928697730682295329036630522256279625807,12582486137296209679307697593900214197293
802,-8928697730682295329036630522256279625807,12582486137296209679307697593900214197293,0,3653788406613914350271067071643934571486,-8928697730682295329036630522256279625807,1826894203306957175135533535821967285743
803,-8928697730682295329036630522256279625807,1826894203306957175135533535821967285743,1,-10755591933989252504172164058078246911550,-5377795966994626252086082029039123455775,1826894203306957175135533535821967285743
804,-5377795966994626252086082029039123455775,1826894203306957175135533535821967285743,1,7204690170301583427221615564861090741518,-5377795966994626252086082029039123455775,3602345085150791713610807782430545370759
805,-5377795966994626252086082029039123455775,3602345085150791713610807782430545370759,1,-8980141052145417965696889811469668826534,-4490070526072708982848444905734834413267,3602345085150791713610807782430545370759
806,-4490070526072708982848444905734834413267,3602345085150791713610807782430545370759,1,8092415611223500696459252688165379784026,-4490070526072708982848444905734834413267,4046207805611750348229626344082689892013
807,-4490070526072708982848444905734834413267,4046207805611750348229626344082689892013,0,-443862720460958634618818561652144521254,-221931360230479317309409280826072260627,4046207805611750348229626344082689892013
808,-221931360230479317309409280826072260627,4046207805611750348229626344082689892013,0,3824276445381271030920217063256617631386,-221931360230479317309409280826072260627,1912138222690635515460108531628308815693
809,-221931360230479317309409280826072260627,1912138222690635515460108531628308815693,0,1690206862460156198150699250802236555066,845103431230078099075349625401118277533,1912138222690635515460108531628308815693
810,845103431230078099075349625401118277533,1912138222690635515460108531628308815693,0,2757241653920713614535458157029427093226,845103431230078099075349625401118277533,1378620826960356807267729078514713546613
811,845103431230078099075349625401118277533,1378620826960356807267729078514713546613,0,2223724258190434906343078703915831824146,1111862129095217453171539351957915912073,1378620826960356807267729078514713546613
812,1111862129095217453171539351957915912073,1378620826960356807267729078514713546613,0,2490482956055574260439268430472629458686,1111862129095217453171539351957915912073,1245241478027787130219634215236314729343
813,1111862129095217453171539351957915912073,1245241478027787130219634215236314729343,1,-133379348932569677048094863278398817270,-66689674466284838524047431639199408635,1245241478027787130219634215236314729343
814,-66689674466284838524047431639199408635,1245241478027787130219634215236314729343,1,1311931152494071968743681646875514137978,-66689674466284838524047431639199408635,655965576247035984371840823437757068989
815,-66689674466284838524047431639199408635,655965576247035984371840823437757068989,0,589275901780751145847793391798557660354,294637950890375572923896695899278830177,655965576247035984371840823437757068989
816,294637950890375572923896695899278830177,655965576247035984371840823437757068989,0,950603527137411557295737519337035899166,294637950890375572923896695899278830177,475301763568705778647868759668517949583
817,294637950890375572923896695899278830177,475301763568705778647868759668517949583,1,-180663812678330205723972063769239119406,-90331906339165102861986031884619559703,475301763568705778647868759668517949583
818,-90331906339165102861986031884619559703,475301763568705778647868759668517949583,1,565633669907870881509854791553137509286,-90331906339165102861986031884619559703,282816834953935440754927395776568754643
819,-90331906339165102861986031884619559703,282816834953935440754927395776568754643,1,-373148741293100543616913427661188314346,-186574370646550271808456713830594157173,282816834953935440754927395776568754643
820,-186574370646550271808456713830594157173,282816834953935440754927395776568754643,0,96242464307385168946470681945974597470,-186574370646550271808456713830594157173,48121232153692584473235340972987298735
821,-186574370646550271808456713830594157173,48121232153692584473235340972987298735,0,-138453138492857687335221372857606858438,-69226569246428843667610686428803429219,48121232153692584473235340972987298735
822,-69226569246428843667610686428803429219,48121232153692584473235340972987298735,1,117347801400121428140846027401790727954,-69226569246428843667610686428803429219,58673900700060714070423013700895363977
823,-69226569246428843667610686428803429219,58673900700060714070423013700895363977,0,-10552668546368129597187672727908065242,-5276334273184064798593836363954032621,58673900700060714070423013700895363977
824,-5276334273184064798593836363954032621,58673900700060714070423013700895363977,1,63950234973244778869016850064849396598,-5276334273184064798593836363954032621,31975117486622389434508425032424698299
825,-5276334273184064798593836363954032621,31975117486622389434508425032424698299,0,26698783213438324635914588668470665678,13349391606719162317957294334235332839,31975117486622389434508425032424698299
826,13349391606719162317957294334235332839,31975117486622389434508425032424698299,0,45324509093341551752465719366660031138,13349391606719162317957294334235332839,22662254546670775876232859683330015569
827,13349391606719162317957294334235332839,22662254546670775876232859683330015569,1,-9312862939951613558275565349094682730,-4656431469975806779137782674547341365,22662254546670775876232859683330015569
828,-4656431469975806779137782674547341365,22662254546670775876232859683330015569,1,27318686016646582655370642357877356934,-4656431469975806779137782674547341365,13659343008323291327685321178938678467
829,-4656431469975806779137782674547341365,13659343008323291327685321178938678467,0,9002911538347484548547538504391337102,4501455769173742274273769252195668551,13659343008323291327685321178938678467
830,4501455769173742274273769252195668551,13659343008323291327685321178938678467,0,18160798777497033601959090431134347018,4501455769173742274273769252195668551,9080399388748516800979545215567173509
831,4501455769173742274273769252195668551,9080399388748516800979545215567173509,1,-4578943619574774526705775963371504958,-2289471809787387263352887981685752479,9080399388748516800979545215567173509
832,-2289471809787387263352887981685752479,9080399388748516800979545215567173509,0,6790927578961129537626657233881421030,-2289471809787387263352887981685752479,3395463789480564768813328616940710515
833,-2289471809787387263352887981685752479,3395463789480564768813328616940710515,1,-5684935599267952032166216598626462994,-2842467799633976016083108299313231497,3395463789480564768813328616940710515
834,-2842467799633976016083108299313231497,3395463789480564768813328616940710515,0,552995989846588752730220317627479018,-2842467799633976016083108299313231497,276497994923294376365110158813739509
835,-2842467799633976016083108299313231497,276497994923294376365110158813739509,1,-3118965794557270392448218458126971006,-1559482897278635196224109229063485503,276497994923294376365110158813739509
836,-1559482897278635196224109229063485503,276497994923294376365110158813739509,0,-1282984902355340819858999070249745994,-1559482897278635196224109229063485503,-641492451177670409929499535124872997
837,-1559482897278635196224109229063485503,-641492451177670409929499535124872997,1,-917990446100964786294609693938612506,-458995223050482393147304846969306253,-641492451177670409929499535124872997
838,-458995223050482393147304846969306253,-641492451177670409929499535124872997,0,-1100487674228152803076804382094179250,-458995223050482393147304846969306253,-550243837114076401538402191047089625
839,-458995223050482393147304846969306253,-550243837114076401538402191047089625,0,-1009239060164558794685707038016395878,-504619530082279397342853519008197939,-550243837114076401538402191047089625
840,-504619530082279397342853519008197939,-550243837114076401538402191047089625,1,-45624307031797004195548672038891686,-504619530082279397342853519008197939,-22812153515898502097774336019445843
841,-504619530082279397342853519008197939,-22812153515898502097774336019445843,0,-527431683598177899440627855027643782,-263715841799088949720313927513821891,-22812153515898502097774336019445843
842,-263715841799088949720313927513821891,-22812153515898502097774336019445843,0,-286527995314987451818088263533267734,-263715841799088949720313927513821891,-143263997657493725909044131766633867
843,-263715841799088949720313927513821891,-143263997657493725909044131766633867,0,-406979839456582675629358059280455758,-203489919728291337814679029640227879,-143263997657493725909044131766633867
844,-203489919728291337814679029640227879,-143263997657493725909044131766633867,0,-346753917385785063723723161406861746,-203489919728291337814679029640227879,-173376958692892531861861580703430873
845,-203489919728291337814679029640227879,-173376958692892531861861580703430873,1,-30112961035398805952817448936797006,-15056480517699402976408724468398503,-173376958692892531861861580703430873
846,-15056480517699402976408724468398503,-173376958692892531861861580703430873,1,-158320478175193128885452856235032370,-15056480517699402976408724468398503,-79160239087596564442726428117516185
847,-15056480517699402976408724468398503,-79160239087596564442726428117516185,1,64103758569897161466317703649117682,32051879284948580733158851824558841,-79160239087596564442726428117516185
848,32051879284948580733158851824558841,-79160239087596564442726428117516185,1,-111212118372545145175885279942075026,32051879284948580733158851824558841,-55606059186272572587942639971037513
849,32051879284948580733158851824558841,-55606059186272572587942639971037513,1,87657938471221153321101491795596354,43828969235610576660550745897798177,-55606059186272572587942639971037513
850,43828969235610576660550745897798177,-55606059186272572587942639971037513,1,-99435028421883149248493385868835690,43828969235610576660550745897798177,-49717514210941574624246692934417845
851,43828969235610576660550745897798177,-49717514210941574624246692934417845,1,93546483446552151284797438832216022,46773241723276075642398719416108011,-49717514210941574624246692934417845
852,46773241723276075642398719416108011,-49717514210941574624246692934417845,0,-2944272487665498981847973518309834,46773241723276075642398719416108011,-1472136243832749490923986759154917
853,46773241723276075642398719416108011,-1472136243832749490923986759154917,0,45301105479443326151474732656953094,22650552739721663075737366328476547,-1472136243832749490923986759154917
854,22650552739721663075737366328476547,-1472136243832749490923986759154917,0,21178416495888913584813379569321630,22650552739721663075737366328476547,10589208247944456792406689784660815
855,22650552739721663075737366328476547,10589208247944456792406689784660815,0,33239760987666119868144056113137362,16619880493833059934072028056568681,10589208247944456792406689784660815
856,16619880493833059934072028056568681,10589208247944456792406689784660815,1,-6030672245888603141665338271907866,16619880493833059934072028056568681,-3015336122944301570832669135953933
857,16619880493833059934072028056568681,-3015336122944301570832669135953933,1,19635216616777361504904697192522614,9817608308388680752452348596261307,-3015336122944301570832669135953933
858,9817608308388680752452348596261307,-3015336122944301570832669135953933,0,6802272185444379181619679460307374,9817608308388680752452348596261307,3401136092722189590809839730153687
859,9817608308388680752452348596261307,3401136092722189590809839730153687,0,13218744401110870343262188326414994,6609372200555435171631094163207497,3401136092722189590809839730153687
860,6609372200555435171631094163207497,3401136092722189590809839730153687,1,-3208236107833245580821254433053810,6609372200555435171631094163207497,-1604118053916622790410627216526905
861,6609372200555435171631094163207497,-1604118053916622790410627216526905,1,8213490254472057962041721379734402,4106745127236028981020860689867201,-1604118053916622790410627216526905
862,4106745127236028981020860689867201,-1604118053916622790410627216526905,1,-5710863181152651771431487906394106,4106745127236028981020860689867201,-2855431590576325885715743953197053
863,4106745127236028981020860689867201,-2855431590576325885715743953197053,1,6962176717812354866736604643064254,3481088358906177433368302321532127,-2855431590576325885715743953197053
864,3481088358906177433368302321532127,-2855431590576325885715743953197053,0,625656768329851547652558368335074,3481088358906177433368302321532127,312828384164925773826279184167537
865,3481088358906177433368302321532127,312828384164925773826279184167537,1,3168259974741251659542023137364590,1584129987370625829771011568682295,312828384164925773826279184167537
866,1584129987370625829771011568682295,312828384164925773826279184167537,1,-1271301603205700055944732384514758,1584129987370625829771011568682295,-635650801602850027972366192257379
867,1584129987370625829771011568682295,-635650801602850027972366192257379,1,2219780788973475857743377760939674,1109890394486737928871688880469837,-635650801602850027972366192257379
868,1109890394486737928871688880469837,-635650801602850027972366192257379,0,474239592883887900899322688212458,1109890394486737928871688880469837,237119796441943950449661344106229
869,1109890394486737928871688880469837,237119796441943950449661344106229,0,1347010190928681879321350224576066,673505095464340939660675112288033,237119796441943950449661344106229
870,673505095464340939660675112288033,237119796441943950449661344106229,0,910624891906284890110336456394262,673505095464340939660675112288033,455312445953142445055168228197131
871,673505095464340939660675112288033,455312445953142445055168228197131,1,218192649511198494605506884090902,109096324755599247302753442045451,455312445953142445055168228197131
872,109096324755599247302753442045451,455312445953142445055168228197131,0,564408770708741692357921670242582,109096324755599247302753442045451,282204385354370846178960835121291
873,109096324755599247302753442045451,282204385354370846178960835121291,0,391300710109970093481714277166742,195650355054985046740857138583371,282204385354370846178960835121291
874,195650355054985046740857138583371,282204385354370846178960835121291,0,477854740409355892919817973704662,195650355054985046740857138583371,238927370204677946459908986852331
875,195650355054985046740857138583371,238927370204677946459908986852331,0,434577725259662993200766125435702,217288862629831496600383062717851,238927370204677946459908986852331
876,217288862629831496600383062717851,238927370204677946459908986852331,0,456216232834509443060292049570182,217288862629831496600383062717851,228108116417254721530146024785091
877,217288862629831496600383062717851,228108116417254721530146024785091,0,445396979047086218130529087502942,222698489523543109065264543751471,228108116417254721530146024785091
878,222698489523543109065264543751471,228108116417254721530146024785091,0,450806605940797830595410568536562,222698489523543109065264543751471,225403302970398915297705284268281
879,222698489523543109065264543751471,225403302970398915297705284268281,1,-2704813446855806232440740516810,-1352406723427903116220370258405,225403302970398915297705284268281
880,-1352406723427903116220370258405,225403302970398915297705284268281,1,226755709693826818413925654526686,-1352406723427903116220370258405,113377854846913409206962827263343
881,-1352406723427903116220370258405,113377854846913409206962827263343,0,112025448123485506090742457004938,56012724061742753045371228502469,113377854846913409206962827263343
882,56012724061742753045371228502469,113377854846913409206962827263343,1,57365130785170656161591598760874,56012724061742753045371228502469,28682565392585328080795799380437
883,56012724061742753045371228502469,28682565392585328080795799380437,0,84695289454328081126167027882906,42347644727164040563083513941453,28682565392585328080795799380437
884,42347644727164040563083513941453,28682565392585328080795799380437,0,71030210119749368643879313321890,42347644727164040563083513941453,35515105059874684321939656660945
885,42347644727164040563083513941453,35515105059874684321939656660945,0,77862749787038724885023170602398,38931374893519362442511585301199,35515105059874684321939656660945
886,38931374893519362442511585301199,35515105059874684321939656660945,1,-3416269833644678120571928640254,38931374893519362442511585301199,-1708134916822339060285964320127
887,38931374893519362442511585301199,-1708134916822339060285964320127,1,40639509810341701502797549621326,20319754905170850751398774810663,-1708134916822339060285964320127
888,20319754905170850751398774810663,-1708134916822339060285964320127,1,-22027889821993189811684739130790,20319754905170850751398774810663,-11013944910996594905842369565395
889,20319754905170850751398774810663,-11013944910996594905842369565395,1,31333699816167445657241144376058,15666849908083722828620572188029,-11013944910996594905842369565395
890,15666849908083722828620572188029,-11013944910996594905842369565395,0,4652904997087127922778202622634,15666849908083722828620572188029,2326452498543563961389101311317
891,15666849908083722828620572188029,2326452498543563961389101311317,0,17993302406627286790009673499346,8996651203313643395004836749673,2326452498543563961389101311317
892,8996651203313643395004836749673,2326452498543563961389101311317,0,11323103701857207356393938060990,8996651203313643395004836749673,5661551850928603678196969030495
893,8996651203313643395004836749673,5661551850928603678196969030495,1,3335099352385039716807867719178,1667549676192519858403933859589,5661551850928603678196969030495
894,1667549676192519858403933859589,5661551850928603678196969030495,1,3994002174736083819793035170906,1667549676192519858403933859589,1997001087368041909896517585453
895,1667549676192519858403933859589,1997001087368041909896517585453,0,3664550763560561768300451445042,1832275381780280884150225722521,1997001087368041909896517585453
896,1832275381780280884150225722521,1997001087368041909896517585453,0,3829276469148322794046743307974,1832275381780280884150225722521,1914638234574161397023371653987
897,1832275381780280884150225722521,1914638234574161397023371653987,1,-82362852793880512873145931466,-41181426396940256436572965733,1914638234574161397023371653987
898,-41181426396940256436572965733,1914638234574161397023371653987,0,1873456808177221140586798688254,-41181426396940256436572965733,936728404088610570293399344127
899,-41181426396940256436572965733,936728404088610570293399344127,0,895546977691670313856826378394,447773488845835156928413189197,936728404088610570293399344127
900,447773488845835156928413189197,936728404088610570293399344127,1,488954915242775413364986154930,447773488845835156928413189197,244477457621387706682493077465
901,447773488845835156928413189197,244477457621387706682493077465,0,692250946467222863610906266662,346125473233611431805453133331,244477457621387706682493077465
902,346125473233611431805453133331,244477457621387706682493077465,1,-101648015612223725122960055866,346125473233611431805453133331,-50824007806111862561480027933
903,346125473233611431805453133331,-50824007806111862561480027933,0,295301465427499569243973105398,147650732713749784621986552699,-50824007806111862561480027933
904,147650732713749784621986552699,-50824007806111862561480027933,0,96826724907637922060506524766,147650732713749784621986552699,48413362453818961030253262383
905,147650732713749784621986552699,48413362453818961030253262383,0,196064095167568745652239815082,98032047583784372826119907541,48413362453818961030253262383
906,98032047583784372826119907541,48413362453818961030253262383,1,-49618685129965411795866645158,98032047583784372826119907541,-24809342564982705897933322579
907,98032047583784372826119907541,-24809342564982705897933322579,0,73222705018801666928186584962,36611352509400833464093292481,-24809342564982705897933322579
908,36611352509400833464093292481,-24809342564982705897933322579,0,11802009944418127566159969902,36611352509400833464093292481,5901004972209063783079984951
909,36611352509400833464093292481,5901004972209063783079984951,1,30710347537191769681013307530,15355173768595884840506653765,5901004972209063783079984951
910,15355173768595884840506653765,5901004972209063783079984951,1,-9454168796386821057426668814,15355173768595884840506653765,-4727084398193410528713334407
911,15355173768595884840506653765,-4727084398193410528713334407,0,10628089370402474311793319358,5314044685201237155896659679,-4727084398193410528713334407
912,5314044685201237155896659679,-4727084398193410528713334407,1,-10041129083394647684609994086,5314044685201237155896659679,-5020564541697323842304997043
913,5314044685201237155896659679,-5020564541697323842304997043,1,10334609226898560998201656722,5167304613449280499100828361,-5020564541697323842304997043
914,5167304613449280499100828361,-5020564541697323842304997043,0,146740071751956656795831318,5167304613449280499100828361,73370035875978328397915659
915,5167304613449280499100828361,73370035875978328397915659,1,5093934577573302170702912702,2546967288786651085351456351,73370035875978328397915659
916,2546967288786651085351456351,73370035875978328397915659,0,2620337324662629413749372010,2546967288786651085351456351,1310168662331314706874686005
917,2546967288786651085351456351,1310168662331314706874686005,1,1236798626455336378476770346,618399313227668189238385173,1310168662331314706874686005
918,618399313227668189238385173,1310168662331314706874686005,0,1928567975558982896113071178,618399313227668189238385173,964283987779491448056535589
919,618399313227668189238385173,964283987779491448056535589,0,1582683301007159637294920762,791341650503579818647460381,964283987779491448056535589
920,791341650503579818647460381,964283987779491448056535589,0,1755625638283071266703995970,791341650503579818647460381,877812819141535633351997985
921,791341650503579818647460381,877812819141535633351997985,0,1669154469645115451999458366,834577234822557725999729183,877812819141535633351997985
922,834577234822557725999729183,877812819141535633351997985,1,43235584318977907352268802,834577234822557725999729183,21617792159488953676134401
923,834577234822557725999729183,21617792159488953676134401,1,812959442663068772323594782,406479721331534386161797391,21617792159488953676134401
924,406479721331534386161797391,21617792159488953676134401,1,-384861929172045432485662990,406479721331534386161797391,-192430964586022716242831495
925,406479721331534386161797391,-192430964586022716242831495,1,598910685917557102404628886,299455342958778551202314443,-192430964586022716242831495
926,299455342958778551202314443,-192430964586022716242831495,1,-491886307544801267445145938,299455342958778551202314443,-245943153772400633722572969
927,299455342958778551202314443,-245943153772400633722572969,0,53512189186377917479741474,26756094593188958739870737,-245943153772400633722572969
928,26756094593188958739870737,-245943153772400633722572969,1,-272699248365589592462443706,26756094593188958739870737,-136349624182794796231221853
929,26756094593188958739870737,-136349624182794796231221853,1,163105718775983754971092590,81552859387991877485546295,-136349624182794796231221853
930,81552859387991877485546295,-136349624182794796231221853,0,-54796764794802918745675558,81552859387991877485546295,-27398382397401459372837779
931,81552859387991877485546295,-27398382397401459372837779,1,108951241785393336858384074,54475620892696668429192037,-27398382397401459372837779
932,54475620892696668429192037,-27398382397401459372837779,0,27077238495295209056354258,54475620892696668429192037,13538619247647604528177129
933,54475620892696668429192037,13538619247647604528177129,0,68014240140344272957369166,34007120070172136478684583,13538619247647604528177129
934,34007120070172136478684583,13538619247647604528177129,1,-20468500822524531950507454,34007120070172136478684583,-10234250411262265975253727
935,34007120070172136478684583,-10234250411262265975253727,1,44241370481434402453938310,22120685240717201226969155,-10234250411262265975253727
936,22120685240717201226969155,-10234250411262265975253727,1,-32354935651979467202222882,22120685240717201226969155,-16177467825989733601111441
937,22120685240717201226969155,-16177467825989733601111441,0,5943217414727467625857714,2971608707363733812928857,-16177467825989733601111441
938,2971608707363733812928857,-16177467825989733601111441,1,-19149076533353467414040298,2971608707363733812928857,-9574538266676733707020149
939,2971608707363733812928857,-9574538266676733707020149,1,12546146974040467519949006,6273073487020233759974503,-9574538266676733707020149
940,6273073487020233759974503,-9574538266676733707020149,0,-3301464779656499947045646,6273073487020233759974503,-1650732389828249973522823
941,6273073487020233759974503,-1650732389828249973522823,1,7923805876848483733497326,3961902938424241866748663,-1650732389828249973522823
942,3961902938424241866748663,-1650732389828249973522823,1,-5612635328252491840271486,3961902938424241866748663,-2806317664126245920135743
943,3961902938424241866748663,-2806317664126245920135743,1,6768220602550487786884406,3384110301275243893442203,-2806317664126245920135743
944,3384110301275243893442203,-2806317664126245920135743,1,-6190427965401489813577946,3384110301275243893442203,-3095213982700744906788973
945,3384110301275243893442203,-3095213982700744906788973,0,288896318574498986653230,144448159287249493326615,-3095213982700744906788973
946,144448159287249493326615,-3095213982700744906788973,0,-2950765823413495413462358,144448159287249493326615,-1475382911706747706731179
947,144448159287249493326615,-1475382911706747706731179,1,1619831070993997200057794,809915535496998600028897,-1475382911706747706731179
948,809915535496998600028897,-1475382911706747706731179,0,-665467376209749106702282,809915535496998600028897,-332733688104874553351141
949,809915535496998600028897,-332733688104874553351141,1,1142649223601873153380038,571324611800936576690019,-332733688104874553351141
950,571324611800936576690019,-332733688104874553351141,0,238590923696062023338878,571324611800936576690019,119295461848031011669439
951,571324611800936576690019,119295461848031011669439,0,690620073648967588359458,345310036824483794179729,119295461848031011669439
952,345310036824483794179729,119295461848031011669439,1,-226014574976452782510290,345310036824483794179729,-113007287488226391255145
953,345310036824483794179729,-113007287488226391255145,1,458317324312710185434874,229158662156355092717437,-113007287488226391255145
954,229158662156355092717437,-113007287488226391255145,1,-342165949644581483972582,229158662156355092717437,-171082974822290741986291
955,229158662156355092717437,-171082974822290741986291,0,58075687334064350731146,29037843667032175365573,-171082974822290741986291
956,29037843667032175365573,-171082974822290741986291,0,-142045131155258566620718,29037843667032175365573,-71022565577629283310359
957,29037843667032175365573,-71022565577629283310359,0,-41984721910597107944786,-20992360955298553972393,-71022565577629283310359
958,-20992360955298553972393,-71022565577629283310359,1,-50030204622330729337966,-20992360955298553972393,-25015102311165364668983
959,-20992360955298553972393,-25015102311165364668983,1,4022741355866810696590,2011370677933405348295,-25015102311165364668983
960,2011370677933405348295,-25015102311165364668983,1,-27026472989098770017278,2011370677933405348295,-13513236494549385008639
961,2011370677933405348295,-13513236494549385008639,1,15524607172482790356934,7762303586241395178467,-13513236494549385008639
962,7762303586241395178467,-13513236494549385008639,1,-21275540080790780187106,7762303586241395178467,-10637770040395390093553
963,7762303586241395178467,-10637770040395390093553,0,-2875466454153994915086,-1437733227076997457543,-10637770040395390093553
964,-1437733227076997457543,-10637770040395390093553,1,-9200036813318392636010,-1437733227076997457543,-4600018406659196318005
965,-1437733227076997457543,-4600018406659196318005,1,3162285179582198860462,1581142589791099430231,-4600018406659196318005
966,1581142589791099430231,-4600018406659196318005,0,-3018875816868096887774,1581142589791099430231,-1509437908434048443887
967,1581142589791099430231,-1509437908434048443887,1,3090580498225147874118,1545290249112573937059,-1509437908434048443887
968,1545290249112573937059,-1509437908434048443887,1,-3054728157546622380946,1545290249112573937059,-1527364078773311190473
969,1545290249112573937059,-1527364078773311190473,0,17926170339262746586,8963085169631373293,-1527364078773311190473
970,8963085169631373293,-1527364078773311190473,1,-1536327163942942563766,8963085169631373293,-768163581971471281883
971,8963085169631373293,-768163581971471281883,0,-759200496801839908590,-379600248400919954295,-768163581971471281883
972,-379600248400919954295,-768163581971471281883,0,-1147763830372391236178,-379600248400919954295,-573881915186195618089
973,-379600248400919954295,-573881915186195618089,1,194281666785275663794,97140833392637831897,-573881915186195618089
974,97140833392637831897,-573881915186195618089,1,-671022748578833449986,97140833392637831897,-335511374289416724993
975,97140833392637831897,-335511374289416724993,1,432652207682054556890,216326103841027278445,-335511374289416724993
976,216326103841027278445,-335511374289416724993,1,-551837478130444003438,216326103841027278445,-275918739065222001719
977,216326103841027278445,-275918739065222001719,0,-59592635224194723274,-29796317612097361637,-275918739065222001719
978,-29796317612097361637,-275918739065222001719,1,-246122421453124640082,-29796317612097361637,-123061210726562320041
979,-29796317612097361637,-123061210726562320041,0,-152857528338659681678,-76428764169329840839,-123061210726562320041
980,-76428764169329840839,-123061210726562320041,1,-46632446557232479202,-76428764169329840839,-23316223278616239601
981,-76428764169329840839,-23316223278616239601,1,-53112540890713601238,-26556270445356800619,-23316223278616239601
982,-26556270445356800619,-23316223278616239601,1,3240047166740561018,-26556270445356800619,1620023583370280509
983,-26556270445356800619,1620023583370280509,0,-24936246861986520110,-12468123430993260055,1620023583370280509
984,-12468123430993260055,1620023583370280509,0,-10848099847622979546,-12468123430993260055,-5424049923811489773
985,-12468123430993260055,-5424049923811489773,1,-7044073507181770282,-3522036753590885141,-5424049923811489773
986,-3522036753590885141,-5424049923811489773,0,-8946086677402374914,-3522036753590885141,-4473043338701187457
987,-3522036753590885141,-4473043338701187457,0,-7995080092292072598,-3997540046146036299,-4473043338701187457
988,-3997540046146036299,-4473043338701187457,1,-475503292555151158,-3997540046146036299,-237751646277575579
989,-3997540046146036299,-237751646277575579,0,-4235291692423611878,-2117645846211805939,-237751646277575579
990,-2117645846211805939,-237751646277575579,0,-2355397492489381518,-2117645846211805939,-1177698746244690759
991,-2117645846211805939,-1177698746244690759,0,-3295344592456496698,-1647672296228248349,-1177698746244690759
992,-1647672296228248349,-1177698746244690759,1,469973549983557590,-1647672296228248349,234986774991778795
993,-1647672296228248349,234986774991778795,0,-1412685521236469554,-706342760618234777,234986774991778795
994,-706342760618234777,234986774991778795,0,-471355985626455982,-706342760618234777,-235677992813227991
995,-706342760618234777,-235677992813227991,1,-470664767805006786,-235332383902503393,-235677992813227991
996,-235332383902503393,-235677992813227991,1,-345608910724598,-235332383902503393,-172804455362299
997,-235332383902503393,-172804455362299,1,-235159579447141094,-117579789723570547,-172804455362299
998,-117579789723570547,-172804455362299,0,-117752594178932846,-117579789723570547,-58876297089466423
999,-117579789723570547,-58876297089466423,0,-176456086813036970,-88228043406518485,-58876297089466423
1000,-88228043406518485,-58876297089466423,1,29351746317052062,-88228043406518485,14675873158526031
1001,-88228043406518485,14675873158526031,0,-73552170247992454,-36776085123996227,14675873158526031
1002,-36776085123996227,14675873158526031,1,51451958282522258,-36776085123996227,25725979141261129
1003,-36776085123996227,25725979141261129,0,-11050105982735098,-5525052991367549,25725979141261129
1004,-5525052991367549,25725979141261129,1,31251032132628678,-5525052991367549,15625516066314339
1005,-5525052991367549,15625516066314339,0,10100463074946790,5050231537473395,15625516066314339
1006,5050231537473395,15625516066314339,0,20675747603787734,5050231537473395,10337873801893867
1007,5050231537473395,10337873801893867,0,15388105339367262,7694052669683631,10337873801893867
1008,7694052669683631,10337873801893867,0,18031926471577498,7694052669683631,9015963235788749
1009,7694052669683631,9015963235788749,1,-1321910566105118,-660955283052559,9015963235788749
1010,-660955283052559,9015963235788749,0,8355007952736190,-660955283052559,4177503976368095
1011,-660955283052559,4177503976368095,1,-4838459259420654,-2419229629710327,4177503976368095
1012,-2419229629710327,4177503976368095,1,6596733606078422,-2419229629710327,3298366803039211
1013,-2419229629710327,3298366803039211,1,-5717596432749538,-2858798216374769,3298366803039211
1014,-2858798216374769,3298366803039211,0,439568586664442,-2858798216374769,219784293332221
1015,-2858798216374769,219784293332221,1,-3078582509706990,-1539291254853495,219784293332221
1016,-1539291254853495,219784293332221,0,-1319506961521274,-1539291254853495,-659753480760637
1017,-1539291254853495,-659753480760637,1,-879537774092858,-439768887046429,-659753480760637
1018,-439768887046429,-659753480760637,0,-1099522367807066,-439768887046429,-549761183903533
1019,-439768887046429,-549761183903533,0,-989530070949962,-494765035474981,-549761183903533
1020,-494765035474981,-549761183903533,0,-1044526219378514,-494765035474981,-522263109689257
1021,-494765035474981,-522263109689257,0,-1017028145164238,-508514072582119,-522263109689257
1022,-508514072582119,-522263109689257,1,-13749037107138,-508514072582119,-6874518553569
1023,-508514072582119,-6874518553569,1,-501639554028550,-250819777014275,-6874518553569
1024,-250819777014275,-6874518553569,1,243945258460706,-250819777014275,121972629230353
1025,-250819777014275,121972629230353,0,-128847147783922,-64423573891961,121972629230353
1026,-64423573891961,121972629230353,1,186396203122314,-64423573891961,93198101561157
1027,-64423573891961,93198101561157,1,-157621675453118,-78810837726559,93198101561157
1028,-78810837726559,93198101561157,0,14387263834598,-78810837726559,7193631917299
1029,-78810837726559,7193631917299,1,-86004469643858,-43002234821929,7193631917299
1030,-43002234821929,7193631917299,0,-35808602904630,-43002234821929,-17904301452315
1031,-43002234821929,-17904301452315,1,-25097933369614,-12548966684807,-17904301452315
1032,-12548966684807,-17904301452315,0,-30453268137122,-12548966684807,-15226634068561
1033,-12548966684807,-15226634068561,1,2677667383754,1338833691877,-15226634068561
1034,1338833691877,-15226634068561,1,-16565467760438,1338833691877,-8282733880219
1035,1338833691877,-8282733880219,0,-6943900188342,-3471950094171,-8282733880219
1036,-3471950094171,-8282733880219,0,-11754683974390,-3471950094171,-5877341987195
1037,-3471950094171,-5877341987195,0,-9349292081366,-4674646040683,-5877341987195
1038,-4674646040683,-5877341987195,0,-10551988027878,-4674646040683,-5275994013939
1039,-4674646040683,-5275994013939,0,-9950640054622,-4975320027311,-5275994013939
1040,-4975320027311,-5275994013939,0,-10251314041250,-4975320027311,-5125657020625
1041,-4975320027311,-5125657020625,1,150336993314,75168496657,-5125657020625
1042,75168496657,-5125657020625,1,-5200825517282,75168496657,-2600412758641
1043,75168496657,-2600412758641,1,2675581255298,1337790627649,-2600412758641
1044,1337790627649,-2600412758641,1,-3938203386290,1337790627649,-1969101693145
1045,1337790627649,-1969101693145,1,3306892320794,1653446160397,-1969101693145
1046,1653446160397,-1969101693145,1,-3622547853542,1653446160397,-1811273926771
1047,1653446160397,-1811273926771,0,-157827766374,-78913883187,-1811273926771
1048,-78913883187,-1811273926771,0,-1890187809958,-78913883187,-945093904979
1049,-78913883187,-945093904979,0,-1024007788166,-512003894083,-945093904979
1050,-512003894083,-945093904979,0,-1457097799062,-512003894083,-728548899531
1051,-512003894083,-728548899531,0,-1240552793614,-620276396807,-728548899531
1052,-620276396807,-728548899531,0,-1348825296338,-620276396807,-674412648169
1053,-620276396807,-674412648169,1,54136251362,27068125681,-674412648169
1054,27068125681,-674412648169,1,-701480773850,27068125681,-350740386925
1055,27068125681,-350740386925,1,377808512606,188904256303,-350740386925
1056,188904256303,-350740386925,0,-161836130622,188904256303,-80918065311
1057,188904256303,-80918065311,1,269822321614,134911160807,-80918065311
1058,134911160807,-80918065311,1,-215829226118,134911160807,-107914613059
1059,134911160807,-107914613059,1,242825773866,121412886933,-107914613059
1060,121412886933,-107914613059,0,13498273874,121412886933,6749136937
1061,121412886933,6749136937,0,128162023870,64081011935,6749136937
1062,64081011935,6749136937,1,-57331874998,64081011935,-28665937499
1063,64081011935,-28665937499,1,92746949434,46373474717,-28665937499
1064,46373474717,-28665937499,0,17707537218,46373474717,8853768609
1065,46373474717,8853768609,0,55227243326,27613621663,8853768609
1066,27613621663,8853768609,1,-18759853054,27613621663,-9379926527
1067,27613621663,-9379926527,1,36993548190,18496774095,-9379926527
1068,18496774095,-9379926527,1,-27876700622,18496774095,-13938350311
1069,18496774095,-13938350311,1,32435124406,16217562203,-13938350311
1070,16217562203,-13938350311,1,-30155912514,16217562203,-15077956257
1071,16217562203,-15077956257,0,1139605946,569802973,-15077956257
1072,569802973,-15077956257,1,-15647759230,569802973,-7823879615
1073,569802973,-7823879615,0,-7254076642,-3627038321,-7823879615
1074,-3627038321,-7823879615,1,-4196841294,-3627038321,-2098420647
1075,-3627038321,-2098420647,1,-1528617674,-764308837,-2098420647
1076,-764308837,-2098420647,1,-1334111810,-764308837,-667055905
1077,-764308837,-667055905,0,-1431364742,-715682371,-667055905
1078,-715682371,-667055905,1,48626466,-715682371,24313233
1079,-715682371,24313233,0,-691369138,-345684569,24313233
1080,-345684569,24313233,1,369997802,-345684569,184998901
1081,-345684569,184998901,1,-530683470,-265341735,184998901
1082,-265341735,184998901,0,-80342834,-265341735,-40171417
1083,-265341735,-40171417,1,-225170318,-112585159,-40171417
1084,-112585159,-40171417,1,72413742,-112585159,36206871
1085,-112585159,36206871,1,-148792030,-74396015,36206871
1086,-74396015,36206871,1,110602886,-74396015,55301443
1087,-74396015,55301443,1,-129697458,-64848729,55301443
1088,-64848729,55301443,0,-9547286,-64848729,-4773643
1089,-64848729,-4773643,1,-60075086,-30037543,-4773643
1090,-30037543,-4773643,0,-34811186,-30037543,-17405593
1091,-30037543,-17405593,1,-12631950,-6315975,-17405593
1092,-6315975,-17405593,1,-11089618,-6315975,-5544809
1093,-6315975,-5544809,1,-771166,-385583,-5544809
1094,-385583,-5544809,1,-5159226,-385583,-2579613
1095,-385583,-2579613,1,2194030,1097015,-2579613
1096,1097015,-2579613,0,-1482598,1097015,-741299
1097,1097015,-741299,1,1838314,919157,-741299
1098,919157,-741299,0,177858,919157,88929
1099,919157,88929,0,1008086,504043,88929
1100,504043,88929,1,-415114,504043,-207557
1101,504043,-207557,0,296486,148243,-207557
1102,148243,-207557,0,-59314,148243,-29657
1103,148243,-29657,0,118586,59293,-29657
1104,59293,-29657,1,-88950,59293,-44475
1105,59293,-44475,0,14818,7409,-44475
1106,7409,-44475,0,-37066,7409,-18533
1107,7409,-18533,1,25942,12971,-18533
1108,12971,-18533,0,-5562,12971,-2781
1109,12971,-2781,0,10190,5095,-2781
1110,5095,-2781,0,2314,5095,1157
1111,5095,1157,1,3938,1969,1157
1112,1969,1157,0,3126,1969,1563
1113,1969,1563,1,406,203,1563
1114,203,1563,0,1766,203,883
1115,203,883,0,1086,543,883
1116,543,883,0,1426,543,713
1117,543,713,1,-170,-85,713
1118,-85,713,1,798,-85,399
1119,-85,399,0,314,157,399
1120,157,399,1,242,157,121
1121,157,121,0,278,139,121
1122,139,121,1,-18,139,-9
1123,139,-9,0,130,65,-9
1124,65,-9,1,-74,65,-37
1125,65,-37,1,102,51,-37
1126,51,-37,0,14,51,7
1127,51,7,0,58,29,7
1128,29,7,1,-22,29,-11
1129,29,-11,0,18,9,-11
1130,9,-11,0,-2,9,-1
1131,9,-1,1,10,5,-1
1132,5,-1,1,-6,5,-3
1133,5,-3,0,2,1,-3
1134,1,-3,0,-2,1,-1
