k,u_before,v_before,tape_bit,sum,u_after,v_after
0,115792089237316195423570985008687907853269984665640564039457584007908834671663,1,1,,115792089237316195423570985008687907853269984665640564039457584007908834671663,-57896044618658097711785492504343953926634992332820282019728792003954417335831
1,115792089237316195423570985008687907853269984665640564039457584007908834671663,-57896044618658097711785492504343953926634992332820282019728792003954417335831,1,173688133855974293135356477513031861779904976998460846059186376011863252007494,86844066927987146567678238756515930889952488499230423029593188005931626003747,-57896044618658097711785492504343953926634992332820282019728792003954417335831
2,86844066927987146567678238756515930889952488499230423029593188005931626003747,-57896044618658097711785492504343953926634992332820282019728792003954417335831,1,-144740111546645244279463731260859884816587480832050705049321980009886043339578,86844066927987146567678238756515930889952488499230423029593188005931626003747,-72370055773322622139731865630429942408293740416025352524660990004943021669789
3,86844066927987146567678238756515930889952488499230423029593188005931626003747,-72370055773322622139731865630429942408293740416025352524660990004943021669789,0,14474011154664524427946373126085988481658748083205070504932198000988604333958,7237005577332262213973186563042994240829374041602535252466099000494302166979,-72370055773322622139731865630429942408293740416025352524660990004943021669789
4,7237005577332262213973186563042994240829374041602535252466099000494302166979,-72370055773322622139731865630429942408293740416025352524660990004943021669789,0,-65133050195990359925758679067386948167464366374422817272194891004448719502810,7237005577332262213973186563042994240829374041602535252466099000494302166979,-32566525097995179962879339533693474083732183187211408636097445502224359751405
5,7237005577332262213973186563042994240829374041602535252466099000494302166979,-32566525097995179962879339533693474083732183187211408636097445502224359751405,0,-25329519520662917748906152970650479842902809145608873383631346501730057584426,-12664759760331458874453076485325239921451404572804436691815673250865028792213,-32566525097995179962879339533693474083732183187211408636097445502224359751405
6,-12664759760331458874453076485325239921451404572804436691815673250865028792213,-32566525097995179962879339533693474083732183187211408636097445502224359751405,0,-45231284858326638837332416019018714005183587760015845327913118753089388543618,-12664759760331458874453076485325239921451404572804436691815673250865028792213,-22615642429163319418666208009509357002591793880007922663956559376544694271809
7,-12664759760331458874453076485325239921451404572804436691815673250865028792213,-22615642429163319418666208009509357002591793880007922663956559376544694271809,0,-35280402189494778293119284494834596924043198452812359355772232627409723064022,-17640201094747389146559642247417298462021599226406179677886116313704861532011,-22615642429163319418666208009509357002591793880007922663956559376544694271809
8,-17640201094747389146559642247417298462021599226406179677886116313704861532011,-22615642429163319418666208009509357002591793880007922663956559376544694271809,1,-4975441334415930272106565762092058540570194653601742986070443062839832739798,-17640201094747389146559642247417298462021599226406179677886116313704861532011,-2487720667207965136053282881046029270285097326800871493035221531419916369899
9,-17640201094747389146559642247417298462021599226406179677886116313704861532011,-2487720667207965136053282881046029270285097326800871493035221531419916369899,0,-20127921761955354282612925128463327732306696553207051170921337845124777901910,-10063960880977677141306462564231663866153348276603525585460668922562388950955,-2487720667207965136053282881046029270285097326800871493035221531419916369899
10,-10063960880977677141306462564231663866153348276603525585460668922562388950955,-2487720667207965136053282881046029270285097326800871493035221531419916369899,0,-12551681548185642277359745445277693136438445603404397078495890453982305320854,-10063960880977677141306462564231663866153348276603525585460668922562388950955,-6275840774092821138679872722638846568219222801702198539247945226991152660427
11,-10063960880977677141306462564231663866153348276603525585460668922562388950955,-6275840774092821138679872722638846568219222801702198539247945226991152660427,0,-16339801655070498279986335286870510434372571078305724124708614149553541611382,-8169900827535249139993167643435255217186285539152862062354307074776770805691,-6275840774092821138679872722638846568219222801702198539247945226991152660427
12,-8169900827535249139993167643435255217186285539152862062354307074776770805691,-6275840774092821138679872722638846568219222801702198539247945226991152660427,0,-14445741601628070278673040366074101785405508340855060601602252301767923466118,-8169900827535249139993167643435255217186285539152862062354307074776770805691,-7222870800814035139336520183037050892702754170427530300801126150883961733059
13,-8169900827535249139993167643435255217186285539152862062354307074776770805691,-7222870800814035139336520183037050892702754170427530300801126150883961733059,0,-15392771628349284279329687826472306109889039709580392363155433225660732538750,-7696385814174642139664843913236153054944519854790196181577716612830366269375,-7222870800814035139336520183037050892702754170427530300801126150883961733059
14,-7696385814174642139664843913236153054944519854790196181577716612830366269375,-7222870800814035139336520183037050892702754170427530300801126150883961733059,0,-14919256614988677279001364096273203947647274025217726482378842763714328002434,-7696385814174642139664843913236153054944519854790196181577716612830366269375,-7459628307494338639500682048136601973823637012608863241189421381857164001217
15,-7696385814174642139664843913236153054944519854790196181577716612830366269375,-7459628307494338639500682048136601973823637012608863241189421381857164001217,1,-236757506680303500164161865099551081120882842181332940388295230973202268158,-118378753340151750082080932549775540560441421090666470194147615486601134079,-7459628307494338639500682048136601973823637012608863241189421381857164001217
16,-118378753340151750082080932549775540560441421090666470194147615486601134079,-7459628307494338639500682048136601973823637012608863241189421381857164001217,1,-7341249554154186889418601115586826433263195591518196770995273766370562867138,-118378753340151750082080932549775540560441421090666470194147615486601134079,-3670624777077093444709300557793413216631597795759098385497636883185281433569
17,-118378753340151750082080932549775540560441421090666470194147615486601134079,-3670624777077093444709300557793413216631597795759098385497636883185281433569,1,3552246023736941694627219625243637676071156374668431915303489267698680299490,1776123011868470847313609812621818838035578187334215957651744633849340149745,-3670624777077093444709300557793413216631597795759098385497636883185281433569
18,1776123011868470847313609812621818838035578187334215957651744633849340149745,-3670624777077093444709300557793413216631597795759098385497636883185281433569,1,-5446747788945564292022910370415232054667175983093314343149381517034621583314,1776123011868470847313609812621818838035578187334215957651744633849340149745,-2723373894472782146011455185207616027333587991546657171574690758517310791657
19,1776123011868470847313609812621818838035578187334215957651744633849340149745,-2723373894472782146011455185207616027333587991546657171574690758517310791657,1,4499496906341252993325064997829434865369166178880873129226435392366650941402,2249748453170626496662532498914717432684583089440436564613217696183325470701,-2723373894472782146011455185207616027333587991546657171574690758517310791657
20,2249748453170626496662532498914717432684583089440436564613217696183325470701,-2723373894472782146011455185207616027333587991546657171574690758517310791657,1,-4973122347643408642673987684122333460018171080987093736187908454700636262358,2249748453170626496662532498914717432684583089440436564613217696183325470701,-2486561173821704321336993842061166730009085540493546868093954227350318131179
21,2249748453170626496662532498914717432684583089440436564613217696183325470701,-2486561173821704321336993842061166730009085540493546868093954227350318131179,0,-236812720651077824674461343146449297324502451053110303480736531166992660478,-118406360325538912337230671573224648662251225526555151740368265583496330239,-2486561173821704321336993842061166730009085540493546868093954227350318131179
22,-118406360325538912337230671573224648662251225526555151740368265583496330239,-2486561173821704321336993842061166730009085540493546868093954227350318131179,0,-2604967534147243233674224513634391378671336766020102019834322492933814461418,-118406360325538912337230671573224648662251225526555151740368265583496330239,-1302483767073621616837112256817195689335668383010051009917161246466907230709
23,-118406360325538912337230671573224648662251225526555151740368265583496330239,-1302483767073621616837112256817195689335668383010051009917161246466907230709,1,1184077406748082704499881585243971040673417157483495858176792980883410900470,592038703374041352249940792621985520336708578741747929088396490441705450235,-1302483767073621616837112256817195689335668383010051009917161246466907230709
24,592038703374041352249940792621985520336708578741747929088396490441705450235,-1302483767073621616837112256817195689335668383010051009917161246466907230709,0,-710445063699580264587171464195210168998959804268303080828764756025201780474,592038703374041352249940792621985520336708578741747929088396490441705450235,-355222531849790132293585732097605084499479902134151540414382378012600890237
25,592038703374041352249940792621985520336708578741747929088396490441705450235,-355222531849790132293585732097605084499479902134151540414382378012600890237,0,236816171524251219956355060524380435837228676607596388674014112429104559998,118408085762125609978177530262190217918614338303798194337007056214552279999,-355222531849790132293585732097605084499479902134151540414382378012600890237
26,118408085762125609978177530262190217918614338303798194337007056214552279999,-355222531849790132293585732097605084499479902134151540414382378012600890237,0,-236814446087664522315408201835414866580865563830353346077375321798048610238,118408085762125609978177530262190217918614338303798194337007056214552279999,-118407223043832261157704100917707433290432781915176673038687660899024305119
27,118408085762125609978177530262190217918614338303798194337007056214552279999,-118407223043832261157704100917707433290432781915176673038687660899024305119,1,236815308805957871135881631179897651209047120218974867375694717113576585118,118407654402978935567940815589948825604523560109487433687847358556788292559,-118407223043832261157704100917707433290432781915176673038687660899024305119
28,118407654402978935567940815589948825604523560109487433687847358556788292559,-118407223043832261157704100917707433290432781915176673038687660899024305119,1,-236814877446811196725644916507656258894956342024664106726535019455812597678,118407654402978935567940815589948825604523560109487433687847358556788292559,-118407438723405598362822458253828129447478171012332053363267509727906298839
29,118407654402978935567940815589948825604523560109487433687847358556788292559,-118407438723405598362822458253828129447478171012332053363267509727906298839,1,236815093126384533930763273843776955052001731121819487051114868284694591398,118407546563192266965381636921888477526000865560909743525557434142347295699,-118407438723405598362822458253828129447478171012332053363267509727906298839
30,118407546563192266965381636921888477526000865560909743525557434142347295699,-118407438723405598362822458253828129447478171012332053363267509727906298839,1,-236814985286597865328204095175716606973479036573241796888824943870253594538,118407546563192266965381636921888477526000865560909743525557434142347295699,-118407492643298932664102047587858303486739518286620898444412471935126797269
31,118407546563192266965381636921888477526000865560909743525557434142347295699,-118407492643298932664102047587858303486739518286620898444412471935126797269,0,53919893334301279589334030174039261347274288845081144962207220498430,26959946667150639794667015087019630673637144422540572481103610249215,-118407492643298932664102047587858303486739518286620898444412471935126797269
32,26959946667150639794667015087019630673637144422540572481103610249215,-118407492643298932664102047587858303486739518286620898444412471935126797269,0,-118407465683352265513462252920843216467108844649476475903839990831516548054,26959946667150639794667015087019630673637144422540572481103610249215,-59203732841676132756731126460421608233554422324738237951919995415758274027
33,26959946667150639794667015087019630673637144422540572481103610249215,-59203732841676132756731126460421608233554422324738237951919995415758274027,1,59203759801622799907370921127436695253185095961882660492492476519368523242,29601879900811399953685460563718347626592547980941330246246238259684261621,-59203732841676132756731126460421608233554422324738237951919995415758274027
34,29601879900811399953685460563718347626592547980941330246246238259684261621,-59203732841676132756731126460421608233554422324738237951919995415758274027,0,-29601852940864732803045665896703260606961874343796907705673757156074012406,29601879900811399953685460563718347626592547980941330246246238259684261621,-14800926470432366401522832948351630303480937171898453852836878578037006203
35,29601879900811399953685460563718347626592547980941330246246238259684261621,-14800926470432366401522832948351630303480937171898453852836878578037006203,0,14800953430379033552162627615366717323111610809042876393409359681647255418,7400476715189516776081313807683358661555805404521438196704679840823627709,-14800926470432366401522832948351630303480937171898453852836878578037006203
36,7400476715189516776081313807683358661555805404521438196704679840823627709,-14800926470432366401522832948351630303480937171898453852836878578037006203,0,-7400449755242849625441519140668271641925131767377015656132198737213378494,7400476715189516776081313807683358661555805404521438196704679840823627709,-3700224877621424812720759570334135820962565883688507828066099368606689247
37,7400476715189516776081313807683358661555805404521438196704679840823627709,-3700224877621424812720759570334135820962565883688507828066099368606689247,0,3700251837568091963360554237349222840593239520832930368638580472216938462,1850125918784045981680277118674611420296619760416465184319290236108469231,-3700224877621424812720759570334135820962565883688507828066099368606689247
38,1850125918784045981680277118674611420296619760416465184319290236108469231,-3700224877621424812720759570334135820962565883688507828066099368606689247,1,-5550350796405470794401036689008747241259185644104973012385389604715158478,1850125918784045981680277118674611420296619760416465184319290236108469231,-2775175398202735397200518344504373620629592822052486506192694802357579239
39,1850125918784045981680277118674611420296619760416465184319290236108469231,-2775175398202735397200518344504373620629592822052486506192694802357579239,1,4625301316986781378880795463178985040926212582468951690511985038466048470,2312650658493390689440397731589492520463106291234475845255992519233024235,-2775175398202735397200518344504373620629592822052486506192694802357579239
40,2312650658493390689440397731589492520463106291234475845255992519233024235,-2775175398202735397200518344504373620629592822052486506192694802357579239,1,-5087826056696126086640916076093866141092699113286962351448687321590603474,2312650658493390689440397731589492520463106291234475845255992519233024235,-2543913028348063043320458038046933070546349556643481175724343660795301737
41,2312650658493390689440397731589492520463106291234475845255992519233024235,-2543913028348063043320458038046933070546349556643481175724343660795301737,0,-231262369854672353880060306457440550083243265409005330468351141562277502,-115631184927336176940030153228720275041621632704502665234175570781138751,-2543913028348063043320458038046933070546349556643481175724343660795301737
42,-115631184927336176940030153228720275041621632704502665234175570781138751,-2543913028348063043320458038046933070546349556643481175724343660795301737,1,-2428281843420726866380427884818212795504727923938978510490168090014162986,-115631184927336176940030153228720275041621632704502665234175570781138751,-1214140921710363433190213942409106397752363961969489255245084045007081493
43,-115631184927336176940030153228720275041621632704502665234175570781138751,-1214140921710363433190213942409106397752363961969489255245084045007081493,1,1098509736783027256250183789180386122710742329264986590010908474225942742,549254868391513628125091894590193061355371164632493295005454237112971371,-1214140921710363433190213942409106397752363961969489255245084045007081493
44,549254868391513628125091894590193061355371164632493295005454237112971371,-1214140921710363433190213942409106397752363961969489255245084045007081493,0,-664886053318849805065122047818913336396992797336995960239629807894110122,549254868391513628125091894590193061355371164632493295005454237112971371,-332443026659424902532561023909456668198496398668497980119814903947055061
45,549254868391513628125091894590193061355371164632493295005454237112971371,-332443026659424902532561023909456668198496398668497980119814903947055061,0,216811841732088725592530870680736393156874765963995314885639333165916310,108405920866044362796265435340368196578437382981997657442819666582958155,-332443026659424902532561023909456668198496398668497980119814903947055061
46,108405920866044362796265435340368196578437382981997657442819666582958155,-332443026659424902532561023909456668198496398668497980119814903947055061,0,-224037105793380539736295588569088471620059015686500322676995237364096906,108405920866044362796265435340368196578437382981997657442819666582958155,-112018552896690269868147794284544235810029507843250161338497618682048453
47,108405920866044362796265435340368196578437382981997657442819666582958155,-112018552896690269868147794284544235810029507843250161338497618682048453,0,-3612632030645907071882358944176039231592124861252503895677952099090298,-1806316015322953535941179472088019615796062430626251947838976049545149,-112018552896690269868147794284544235810029507843250161338497618682048453
48,-1806316015322953535941179472088019615796062430626251947838976049545149,-112018552896690269868147794284544235810029507843250161338497618682048453,0,-113824868912013223404088973756632255425825570273876413286336594731593602,-1806316015322953535941179472088019615796062430626251947838976049545149,-56912434456006611702044486878316127712912785136938206643168297365796801
49,-1806316015322953535941179472088019615796062430626251947838976049545149,-56912434456006611702044486878316127712912785136938206643168297365796801,0,-58718750471329565237985666350404147328708847567564458591007273415341950,-29359375235664782618992833175202073664354423783782229295503636707670975,-56912434456006611702044486878316127712912785136938206643168297365796801
50,-29359375235664782618992833175202073664354423783782229295503636707670975,-56912434456006611702044486878316127712912785136938206643168297365796801,1,-27553059220341829083051653703114054048558361353155977347664660658125826,-29359375235664782618992833175202073664354423783782229295503636707670975,-13776529610170914541525826851557027024279180676577988673832330329062913
51,-29359375235664782618992833175202073664354423783782229295503636707670975,-13776529610170914541525826851557027024279180676577988673832330329062913,1,-15582845625493868077467006323645046640075243107204240621671306378608062,-7791422812746934038733503161822523320037621553602120310835653189304031,-13776529610170914541525826851557027024279180676577988673832330329062913
52,-7791422812746934038733503161822523320037621553602120310835653189304031,-13776529610170914541525826851557027024279180676577988673832330329062913,1,-5985106797423980502792323689734503704241559122975868362996677139758882,-7791422812746934038733503161822523320037621553602120310835653189304031,-2992553398711990251396161844867251852120779561487934181498338569879441
53,-7791422812746934038733503161822523320037621553602120310835653189304031,-2992553398711990251396161844867251852120779561487934181498338569879441,1,-4798869414034943787337341316955271467916841992114186129337314619424590,-2399434707017471893668670658477635733958420996057093064668657309712295,-2992553398711990251396161844867251852120779561487934181498338569879441
54,-2399434707017471893668670658477635733958420996057093064668657309712295,-2992553398711990251396161844867251852120779561487934181498338569879441,1,-593118691694518357727491186389616118162358565430841116829681260167146,-2399434707017471893668670658477635733958420996057093064668657309712295,-296559345847259178863745593194808059081179282715420558414840630083573
55,-2399434707017471893668670658477635733958420996057093064668657309712295,-296559345847259178863745593194808059081179282715420558414840630083573,1,-2102875361170212714804925065282827674877241713341672506253816679628722,-1051437680585106357402462532641413837438620856670836253126908339814361,-296559345847259178863745593194808059081179282715420558414840630083573
56,-1051437680585106357402462532641413837438620856670836253126908339814361,-296559345847259178863745593194808059081179282715420558414840630083573,0,-1347997026432365536266208125836221896519800139386256811541748969897934,-1051437680585106357402462532641413837438620856670836253126908339814361,-673998513216182768133104062918110948259900069693128405770874484948967
57,-1051437680585106357402462532641413837438620856670836253126908339814361,-673998513216182768133104062918110948259900069693128405770874484948967,1,-377439167368923589269358469723302889178720786977707847356033854865394,-188719583684461794634679234861651444589360393488853923678016927432697,-673998513216182768133104062918110948259900069693128405770874484948967
58,-188719583684461794634679234861651444589360393488853923678016927432697,-673998513216182768133104062918110948259900069693128405770874484948967,1,-485278929531720973498424828056459503670539676204274482092857557516270,-188719583684461794634679234861651444589360393488853923678016927432697,-242639464765860486749212414028229751835269838102137241046428778758135
59,-188719583684461794634679234861651444589360393488853923678016927432697,-242639464765860486749212414028229751835269838102137241046428778758135,1,53919881081398692114533179166578307245909444613283317368411851325438,26959940540699346057266589583289153622954722306641658684205925662719,-242639464765860486749212414028229751835269838102137241046428778758135
60,26959940540699346057266589583289153622954722306641658684205925662719,-242639464765860486749212414028229751835269838102137241046428778758135,1,-269599405306559832806479003611518905458224560408778899730634704420854,26959940540699346057266589583289153622954722306641658684205925662719,-134799702653279916403239501805759452729112280204389449865317352210427
61,26959940540699346057266589583289153622954722306641658684205925662719,-134799702653279916403239501805759452729112280204389449865317352210427,1,161759643193979262460506091389048606352067002511031108549523277873146,80879821596989631230253045694524303176033501255515554274761638936573,-134799702653279916403239501805759452729112280204389449865317352210427
62,80879821596989631230253045694524303176033501255515554274761638936573,-134799702653279916403239501805759452729112280204389449865317352210427,0,-53919881056290285172986456111235149553078778948873895590555713273854,80879821596989631230253045694524303176033501255515554274761638936573,-26959940528145142586493228055617574776539389474436947795277856636927
63,80879821596989631230253045694524303176033501255515554274761638936573,-26959940528145142586493228055617574776539389474436947795277856636927,0,53919881068844488643759817638906728399494111781078606479483782299646,26959940534422244321879908819453364199747055890539303239741891149823,-26959940528145142586493228055617574776539389474436947795277856636927
64,26959940534422244321879908819453364199747055890539303239741891149823,-26959940528145142586493228055617574776539389474436947795277856636927,1,-53919881062567386908373136875070938976286445364976251035019747786750,26959940534422244321879908819453364199747055890539303239741891149823,-26959940531283693454186568437535469488143222682488125517509873893375
65,26959940534422244321879908819453364199747055890539303239741891149823,-26959940531283693454186568437535469488143222682488125517509873893375,1,53919881065705937776066477256988833687890278573027428757251765043198,26959940532852968888033238628494416843945139286513714378625882521599,-26959940531283693454186568437535469488143222682488125517509873893375
66,26959940532852968888033238628494416843945139286513714378625882521599,-26959940531283693454186568437535469488143222682488125517509873893375,1,-53919881064136662342219807066029886332088361969001839896135756414974,26959940532852968888033238628494416843945139286513714378625882521599,-26959940532068331171109903533014943166044180984500919948067878207487
67,26959940532852968888033238628494416843945139286513714378625882521599,-26959940532068331171109903533014943166044180984500919948067878207487,1,53919881064921300059143142161509360009989320271014634326693760729086,26959940532460650029571571080754680004994660135507317163346880364543,-26959940532068331171109903533014943166044180984500919948067878207487
68,26959940532460650029571571080754680004994660135507317163346880364543,-26959940532068331171109903533014943166044180984500919948067878207487,1,-53919881064528981200681474613769623171038841120008237111414758572030,26959940532460650029571571080754680004994660135507317163346880364543,-26959940532264490600340737306884811585519420560004118555707379286015
69,26959940532460650029571571080754680004994660135507317163346880364543,-26959940532264490600340737306884811585519420560004118555707379286015,1,53919881064725140629912308387639491590514080695511435719054259650558,26959940532362570314956154193819745795257040347755717859527129825279,-26959940532264490600340737306884811585519420560004118555707379286015
70,26959940532362570314956154193819745795257040347755717859527129825279,-26959940532264490600340737306884811585519420560004118555707379286015,1,-53919881064627060915296891500704557380776460907759836415234509111294,26959940532362570314956154193819745795257040347755717859527129825279,-26959940532313530457648445750352278690388230453879918207617254555647
71,26959940532362570314956154193819745795257040347755717859527129825279,-26959940532313530457648445750352278690388230453879918207617254555647,1,53919881064676100772604599944172024485645270801635636067144384380926,26959940532338050386302299972086012242822635400817818033572192190463,-26959940532313530457648445750352278690388230453879918207617254555647
72,26959940532338050386302299972086012242822635400817818033572192190463,-26959940532313530457648445750352278690388230453879918207617254555647,1,-53919881064651580843950745722438290933210865854697736241189446746110,26959940532338050386302299972086012242822635400817818033572192190463,-26959940532325790421975372861219145466605432927348868120594723373055
73,26959940532338050386302299972086012242822635400817818033572192190463,-26959940532325790421975372861219145466605432927348868120594723373055,1,53919881064663840808277672833305157709428068328166686154166915563518,26959940532331920404138836416652578854714034164083343077083457781759,-26959940532325790421975372861219145466605432927348868120594723373055
74,26959940532331920404138836416652578854714034164083343077083457781759,-26959940532325790421975372861219145466605432927348868120594723373055,1,-53919881064657710826114209277871724321319467091432211197678181154814,26959940532331920404138836416652578854714034164083343077083457781759,-26959940532328855413057104638935862160659733545716105598839090577407
75,26959940532331920404138836416652578854714034164083343077083457781759,-26959940532328855413057104638935862160659733545716105598839090577407,1,53919881064660775817195941055588441015373767709799448675922548359166,26959940532330387908597970527794220507686883854899724337961274179583,-26959940532328855413057104638935862160659733545716105598839090577407
76,26959940532330387908597970527794220507686883854899724337961274179583,-26959940532328855413057104638935862160659733545716105598839090577407,1,-53919881064659243321655075166730082668346617400615829936800364756990,26959940532330387908597970527794220507686883854899724337961274179583,-26959940532329621660827537583365041334173308700307914968400182378495
77,26959940532330387908597970527794220507686883854899724337961274179583,-26959940532329621660827537583365041334173308700307914968400182378495,1,53919881064660009569425508111159261841860192555207639306361456558078,26959940532330004784712754055579630920930096277603819653180728279039,-26959940532329621660827537583365041334173308700307914968400182378495
78,26959940532330004784712754055579630920930096277603819653180728279039,-26959940532329621660827537583365041334173308700307914968400182378495,1,-53919881064659626445540291638944672255103404977911734621580910657534,26959940532330004784712754055579630920930096277603819653180728279039,-26959940532329813222770145819472336127551702488955867310790455328767
79,26959940532330004784712754055579630920930096277603819653180728279039,-26959940532329813222770145819472336127551702488955867310790455328767,1,53919881064659818007482899875051967048481798766559686963971183607806,26959940532329909003741449937525983524240899383279843481985591803903,-26959940532329813222770145819472336127551702488955867310790455328767
80,26959940532329909003741449937525983524240899383279843481985591803903,-26959940532329813222770145819472336127551702488955867310790455328767,1,-53919881064659722226511595756998319651792601872235710792776047132670,26959940532329909003741449937525983524240899383279843481985591803903,-26959940532329861113255797878499159825896300936117855396388023566335
81,26959940532329909003741449937525983524240899383279843481985591803903,-26959940532329861113255797878499159825896300936117855396388023566335,1,53919881064659770116997247816025143350137200319397698878373615370238,26959940532329885058498623908012571675068600159698849439186807685119,-26959940532329861113255797878499159825896300936117855396388023566335
82,26959940532329885058498623908012571675068600159698849439186807685119,-26959940532329861113255797878499159825896300936117855396388023566335,1,-53919881064659746171754421786511731500964901095816704835574831251454,26959940532329885058498623908012571675068600159698849439186807685119,-26959940532329873085877210893255865750482450547908352417787415625727
83,26959940532329885058498623908012571675068600159698849439186807685119,-26959940532329873085877210893255865750482450547908352417787415625727,1,53919881064659758144375834801268437425551050707607201856974223310846,26959940532329879072187917400634218712775525353803600928487111655423,-26959940532329873085877210893255865750482450547908352417787415625727
84,26959940532329879072187917400634218712775525353803600928487111655423,-26959940532329873085877210893255865750482450547908352417787415625727,1,-53919881064659752158065128293890084463257975901711953346274527281150,26959940532329879072187917400634218712775525353803600928487111655423,-26959940532329876079032564146945042231628987950855976673137263640575
85,26959940532329879072187917400634218712775525353803600928487111655423,-26959940532329876079032564146945042231628987950855976673137263640575,1,53919881064659755151220481547579260944404513304659577601624375295998,26959940532329877575610240773789630472202256652329788800812187647999,-26959940532329876079032564146945042231628987950855976673137263640575
86,26959940532329877575610240773789630472202256652329788800812187647999,-26959940532329876079032564146945042231628987950855976673137263640575,1,-53919881064659753654642804920734672703831244603185765473949451288574,26959940532329877575610240773789630472202256652329788800812187647999,-26959940532329876827321402460367336351915622301592882736974725644287
87,26959940532329877575610240773789630472202256652329788800812187647999,-26959940532329876827321402460367336351915622301592882736974725644287,1,53919881064659754402931643234156966824117878953922671537786913292286,26959940532329877201465821617078483412058939476961335768893456646143,-26959940532329876827321402460367336351915622301592882736974725644287
88,26959940532329877201465821617078483412058939476961335768893456646143,-26959940532329876827321402460367336351915622301592882736974725644287,1,-53919881064659754028787224077445819763974561778554218505868182290430,26959940532329877201465821617078483412058939476961335768893456646143,-26959940532329877014393612038722909881987280889277109252934091145215
89,26959940532329877201465821617078483412058939476961335768893456646143,-26959940532329877014393612038722909881987280889277109252934091145215,1,53919881064659754215859433655801393294046220366238445021827547791358,26959940532329877107929716827900696647023110183119222510913773895679,-26959940532329877014393612038722909881987280889277109252934091145215
90,26959940532329877107929716827900696647023110183119222510913773895679,-26959940532329877014393612038722909881987280889277109252934091145215,1,-53919881064659754122323328866623606529010391072396331763847865040894,26959940532329877107929716827900696647023110183119222510913773895679,-26959940532329877061161664433311803264505195536198165881923932520447
91,26959940532329877107929716827900696647023110183119222510913773895679,-26959940532329877061161664433311803264505195536198165881923932520447,1,53919881064659754169091381261212499911528305719317388392837706416126,26959940532329877084545690630606249955764152859658694196418853208063,-26959940532329877061161664433311803264505195536198165881923932520447
92,26959940532329877084545690630606249955764152859658694196418853208063,-26959940532329877061161664433311803264505195536198165881923932520447,1,-53919881064659754145707355063918053220269348395856860078342785728510,26959940532329877084545690630606249955764152859658694196418853208063,-26959940532329877072853677531959026610134674197928430039171392864255
93,26959940532329877084545690630606249955764152859658694196418853208063,-26959940532329877072853677531959026610134674197928430039171392864255,1,53919881064659754157399368162565276565898827057587124235590246072318,26959940532329877078699684081282638282949413528793562117795123036159,-26959940532329877072853677531959026610134674197928430039171392864255
94,26959940532329877078699684081282638282949413528793562117795123036159,-26959940532329877072853677531959026610134674197928430039171392864255,1,-53919881064659754151553361613241664893084087726721992156966515900414,26959940532329877078699684081282638282949413528793562117795123036159,-26959940532329877075776680806620832446542043863360996078483257950207
95,26959940532329877078699684081282638282949413528793562117795123036159,-26959940532329877075776680806620832446542043863360996078483257950207,1,53919881064659754154476364887903470729491457392154558196278380986366,26959940532329877077238182443951735364745728696077279098139190493183,-26959940532329877075776680806620832446542043863360996078483257950207
96,26959940532329877077238182443951735364745728696077279098139190493183,-26959940532329877075776680806620832446542043863360996078483257950207,1,-53919881064659754153014863250572567811287772559438275176622448443390,26959940532329877077238182443951735364745728696077279098139190493183,-26959940532329877076507431625286283905643886279719137588311224221695
97,26959940532329877077238182443951735364745728696077279098139190493183,-26959940532329877076507431625286283905643886279719137588311224221695,1,53919881064659754153745614069238019270389614975796416686450414714878,26959940532329877076872807034619009635194807487898208343225207357439,-26959940532329877076507431625286283905643886279719137588311224221695
98,26959940532329877076872807034619009635194807487898208343225207357439,-26959940532329877076507431625286283905643886279719137588311224221695,1,-53919881064659754153380238659905293540838693767617345931536431579134,26959940532329877076872807034619009635194807487898208343225207357439,-26959940532329877076690119329952646770419346883808672965768215789567
99,26959940532329877076872807034619009635194807487898208343225207357439,-26959940532329877076690119329952646770419346883808672965768215789567,1,53919881064659754153562926364571656405614154371706881308993423147006,26959940532329877076781463182285828202807077185853440654496711573503,-26959940532329877076690119329952646770419346883808672965768215789567
100,26959940532329877076781463182285828202807077185853440654496711573503,-26959940532329877076690119329952646770419346883808672965768215789567,1,-53919881064659754153471582512238474973226424069662113620264927363070,26959940532329877076781463182285828202807077185853440654496711573503,-26959940532329877076735791256119237486613212034831056810132463681535
101,26959940532329877076781463182285828202807077185853440654496711573503,-26959940532329877076735791256119237486613212034831056810132463681535,1,53919881064659754153517254438405065689420289220684497464629175255038,26959940532329877076758627219202532844710144610342248732314587627519,-26959940532329877076735791256119237486613212034831056810132463681535
102,26959940532329877076758627219202532844710144610342248732314587627519,-26959940532329877076735791256119237486613212034831056810132463681535,1,-53919881064659754153494418475321770331323356645173305542447051309054,26959940532329877076758627219202532844710144610342248732314587627519,-26959940532329877076747209237660885165661678322586652771223525654527
103,26959940532329877076758627219202532844710144610342248732314587627519,-26959940532329877076747209237660885165661678322586652771223525654527,1,53919881064659754153505836456863418010371822932928901503538113282046,26959940532329877076752918228431709005185911466464450751769056641023,-26959940532329877076747209237660885165661678322586652771223525654527
104,26959940532329877076752918228431709005185911466464450751769056641023,-26959940532329877076747209237660885165661678322586652771223525654527,1,-53919881064659754153500127466092594170847589789051103522992582295550,26959940532329877076752918228431709005185911466464450751769056641023,-26959940532329877076750063733046297085423794894525551761496291147775
105,26959940532329877076752918228431709005185911466464450751769056641023,-26959940532329877076750063733046297085423794894525551761496291147775,1,53919881064659754153502981961478006090609706360990002513265347788798,26959940532329877076751490980739003045304853180495001256632673894399,-26959940532329877076750063733046297085423794894525551761496291147775
106,26959940532329877076751490980739003045304853180495001256632673894399,-26959940532329877076750063733046297085423794894525551761496291147775,1,-53919881064659754153501554713785300130728648075020553018128965042174,26959940532329877076751490980739003045304853180495001256632673894399,-26959940532329877076750777356892650065364324037510276509064482521087
107,26959940532329877076751490980739003045304853180495001256632673894399,-26959940532329877076750777356892650065364324037510276509064482521087,1,53919881064659754153502268337631653110669177218005277765697156415486,26959940532329877076751134168815826555334588609002638882848578207743,-26959940532329877076750777356892650065364324037510276509064482521087
108,26959940532329877076751134168815826555334588609002638882848578207743,-26959940532329877076750777356892650065364324037510276509064482521087,1,-53919881064659754153501911525708476620698912646512915391913060728830,26959940532329877076751134168815826555334588609002638882848578207743,-26959940532329877076750955762854238310349456323256457695956530364415
109,26959940532329877076751134168815826555334588609002638882848578207743,-26959940532329877076750955762854238310349456323256457695956530364415,1,53919881064659754153502089931670064865684044932259096578805108572158,26959940532329877076751044965835032432842022466129548289402554286079,-26959940532329877076750955762854238310349456323256457695956530364415
110,26959940532329877076751044965835032432842022466129548289402554286079,-26959940532329877076750955762854238310349456323256457695956530364415,1,-53919881064659754153502000728689270743191478789386005985359084650494,26959940532329877076751044965835032432842022466129548289402554286079,-26959940532329877076751000364344635371595739394693002992679542325247
111,26959940532329877076751044965835032432842022466129548289402554286079,-26959940532329877076751000364344635371595739394693002992679542325247,1,53919881064659754153502045330179667804437761860822551282082096611326,26959940532329877076751022665089833902218880930411275641041048305663,-26959940532329877076751000364344635371595739394693002992679542325247
112,26959940532329877076751022665089833902218880930411275641041048305663,-26959940532329877076751000364344635371595739394693002992679542325247,1,-53919881064659754153502023029434469273814620325104278633720590630910,26959940532329877076751022665089833902218880930411275641041048305663,-26959940532329877076751011514717234636907310162552139316860295315455
113,26959940532329877076751022665089833902218880930411275641041048305663,-26959940532329877076751011514717234636907310162552139316860295315455,1,53919881064659754153502034179807068539126191092963414957901343621118,26959940532329877076751017089903534269563095546481707478950671810559,-26959940532329877076751011514717234636907310162552139316860295315455
114,26959940532329877076751017089903534269563095546481707478950671810559,-26959940532329877076751011514717234636907310162552139316860295315455,1,-53919881064659754153502028604620768906470405709033846795810967126014,26959940532329877076751017089903534269563095546481707478950671810559,-26959940532329877076751014302310384453235202854516923397905483563007
115,26959940532329877076751017089903534269563095546481707478950671810559,-26959940532329877076751014302310384453235202854516923397905483563007,1,53919881064659754153502031392213918722798298400998630876856155373566,26959940532329877076751015696106959361399149200499315438428077686783,-26959940532329877076751014302310384453235202854516923397905483563007
116,26959940532329877076751015696106959361399149200499315438428077686783,-26959940532329877076751014302310384453235202854516923397905483563007,1,-53919881064659754153502029998417343814634352055016238836333561249790,26959940532329877076751015696106959361399149200499315438428077686783,-26959940532329877076751014999208671907317176027508119418166780624895
117,26959940532329877076751015696106959361399149200499315438428077686783,-26959940532329877076751014999208671907317176027508119418166780624895,1,53919881064659754153502030695315631268716325228007434856594858311678,26959940532329877076751015347657815634358162614003717428297429155839,-26959940532329877076751014999208671907317176027508119418166780624895
118,26959940532329877076751015347657815634358162614003717428297429155839,-26959940532329877076751014999208671907317176027508119418166780624895,1,-53919881064659754153502030346866487541675338641511836846464209780734,26959940532329877076751015347657815634358162614003717428297429155839,-26959940532329877076751015173433243770837669320755918423232104890367
119,26959940532329877076751015347657815634358162614003717428297429155839,-26959940532329877076751015173433243770837669320755918423232104890367,1,53919881064659754153502030521091059405195831934759635851529534046206,26959940532329877076751015260545529702597915967379817925764767023103,-26959940532329877076751015173433243770837669320755918423232104890367
120,26959940532329877076751015260545529702597915967379817925764767023103,-26959940532329877076751015173433243770837669320755918423232104890367,1,-53919881064659754153502030433978773473435585288135736348996871913470,26959940532329877076751015260545529702597915967379817925764767023103,-26959940532329877076751015216989386736717792644067868174498435956735
121,26959940532329877076751015260545529702597915967379817925764767023103,-26959940532329877076751015216989386736717792644067868174498435956735,1,53919881064659754153502030477534916439315708611447686100263202979838,26959940532329877076751015238767458219657854305723843050131601489919,-26959940532329877076751015216989386736717792644067868174498435956735
122,26959940532329877076751015238767458219657854305723843050131601489919,-26959940532329877076751015216989386736717792644067868174498435956735,1,-53919881064659754153502030455756844956375646949791711224630037446654,26959940532329877076751015238767458219657854305723843050131601489919,-26959940532329877076751015227878422478187823474895855612315018723327
123,26959940532329877076751015238767458219657854305723843050131601489919,-26959940532329877076751015227878422478187823474895855612315018723327,1,53919881064659754153502030466645880697845677780619698662446620213246,26959940532329877076751015233322940348922838890309849331223310106623,-26959940532329877076751015227878422478187823474895855612315018723327
124,26959940532329877076751015233322940348922838890309849331223310106623,-26959940532329877076751015227878422478187823474895855612315018723327,1,-53919881064659754153502030461201362827110662365205704943538328829950,26959940532329877076751015233322940348922838890309849331223310106623,-26959940532329877076751015230600681413555331182602852471769164414975
125,26959940532329877076751015233322940348922838890309849331223310106623,-26959940532329877076751015230600681413555331182602852471769164414975,1,53919881064659754153502030463923621762478170072912701802992474521598,26959940532329877076751015231961810881239085036456350901496237260799,-26959940532329877076751015230600681413555331182602852471769164414975
126,26959940532329877076751015231961810881239085036456350901496237260799,-26959940532329877076751015230600681413555331182602852471769164414975,1,-53919881064659754153502030462562492294794416219059203373265401675774,26959940532329877076751015231961810881239085036456350901496237260799,-26959940532329877076751015231281246147397208109529601686632700837887
127,26959940532329877076751015231961810881239085036456350901496237260799,-26959940532329877076751015231281246147397208109529601686632700837887,1,53919881064659754153502030463243057028636293145985952588128938098686,26959940532329877076751015231621528514318146572992976294064469049343,-26959940532329877076751015231281246147397208109529601686632700837887
128,26959940532329877076751015231621528514318146572992976294064469049343,-26959940532329877076751015231281246147397208109529601686632700837887,1,-53919881064659754153502030462902774661715354682522577980697169887230,26959940532329877076751015231621528514318146572992976294064469049343,-26959940532329877076751015231451387330857677341261288990348584943615
129,26959940532329877076751015231621528514318146572992976294064469049343,-26959940532329877076751015231451387330857677341261288990348584943615,1,53919881064659754153502030463072915845175823914254265284413053992958,26959940532329877076751015231536457922587911957127132642206526996479,-26959940532329877076751015231451387330857677341261288990348584943615
130,26959940532329877076751015231536457922587911957127132642206526996479,-26959940532329877076751015231451387330857677341261288990348584943615,1,-53919881064659754153502030462987845253445589298388421632555111940094,26959940532329877076751015231536457922587911957127132642206526996479,-26959940532329877076751015231493922626722794649194210816277555970047
131,26959940532329877076751015231536457922587911957127132642206526996479,-26959940532329877076751015231493922626722794649194210816277555970047,1,53919881064659754153502030463030380549310706606321343458484082966526,26959940532329877076751015231515190274655353303160671729242041483263,-26959940532329877076751015231493922626722794649194210816277555970047
132,26959940532329877076751015231515190274655353303160671729242041483263,-26959940532329877076751015231493922626722794649194210816277555970047,1,-53919881064659754153502030463009112901378147952354882545519597453310,26959940532329877076751015231515190274655353303160671729242041483263,-26959940532329877076751015231504556450689073976177441272759798726655
133,26959940532329877076751015231515190274655353303160671729242041483263,-26959940532329877076751015231504556450689073976177441272759798726655,1,53919881064659754153502030463019746725344427279338113002001840209918,26959940532329877076751015231509873362672213639669056501000920104959,-26959940532329877076751015231504556450689073976177441272759798726655
134,26959940532329877076751015231509873362672213639669056501000920104959,-26959940532329877076751015231504556450689073976177441272759798726655,1,-53919881064659754153502030463014429813361287615846497773760718831614,26959940532329877076751015231509873362672213639669056501000920104959,-26959940532329877076751015231507214906680643807923248886880359415807
135,26959940532329877076751015231509873362672213639669056501000920104959,-26959940532329877076751015231507214906680643807923248886880359415807,1,53919881064659754153502030463017088269352857447592305387881279520766,26959940532329877076751015231508544134676428723796152693940639760383,-26959940532329877076751015231507214906680643807923248886880359415807
136,26959940532329877076751015231508544134676428723796152693940639760383,-26959940532329877076751015231507214906680643807923248886880359415807,1,-53919881064659754153502030463015759041357072531719401580820999176190,26959940532329877076751015231508544134676428723796152693940639760383,-26959940532329877076751015231507879520678536265859700790410499588095
137,26959940532329877076751015231508544134676428723796152693940639760383,-26959940532329877076751015231507879520678536265859700790410499588095,1,53919881064659754153502030463016423655354964989655853484351139348478,26959940532329877076751015231508211827677482494827926742175569674239,-26959940532329877076751015231507879520678536265859700790410499588095
138,26959940532329877076751015231508211827677482494827926742175569674239,-26959940532329877076751015231507879520678536265859700790410499588095,1,-53919881064659754153502030463016091348356018760687627532586069262334,26959940532329877076751015231508211827677482494827926742175569674239,-26959940532329877076751015231508045674178009380343813766293034631167
139,26959940532329877076751015231508211827677482494827926742175569674239,-26959940532329877076751015231508045674178009380343813766293034631167,1,53919881064659754153502030463016257501855491875171740508468604305406,26959940532329877076751015231508128750927745937585870254234302152703,-26959940532329877076751015231508045674178009380343813766293034631167
140,26959940532329877076751015231508128750927745937585870254234302152703,-26959940532329877076751015231508045674178009380343813766293034631167,1,-53919881064659754153502030463016174425105755317929684020527336783870,26959940532329877076751015231508128750927745937585870254234302152703,-26959940532329877076751015231508087212552877658964842010263668391935
141,26959940532329877076751015231508128750927745937585870254234302152703,-26959940532329877076751015231508087212552877658964842010263668391935,1,53919881064659754153502030463016215963480623596550712264497970544638,26959940532329877076751015231508107981740311798275356132248985272319,-26959940532329877076751015231508087212552877658964842010263668391935
142,26959940532329877076751015231508107981740311798275356132248985272319,-26959940532329877076751015231508087212552877658964842010263668391935,1,-53919881064659754153502030463016195194293189457240198142512653664254,26959940532329877076751015231508107981740311798275356132248985272319,-26959940532329877076751015231508097597146594728620099071256326832127
143,26959940532329877076751015231508107981740311798275356132248985272319,-26959940532329877076751015231508097597146594728620099071256326832127,1,53919881064659754153502030463016205578886906526895455203505312104446,26959940532329877076751015231508102789443453263447727601752656052223,-26959940532329877076751015231508097597146594728620099071256326832127
144,26959940532329877076751015231508102789443453263447727601752656052223,-26959940532329877076751015231508097597146594728620099071256326832127,1,-53919881064659754153502030463016200386590047992067826673008982884350,26959940532329877076751015231508102789443453263447727601752656052223,-26959940532329877076751015231508100193295023996033913336504491442175
145,26959940532329877076751015231508102789443453263447727601752656052223,-26959940532329877076751015231508100193295023996033913336504491442175,1,53919881064659754153502030463016202982738477259481640938257147494398,26959940532329877076751015231508101491369238629740820469128573747199,-26959940532329877076751015231508100193295023996033913336504491442175
146,26959940532329877076751015231508101491369238629740820469128573747199,-26959940532329877076751015231508100193295023996033913336504491442175,1,-53919881064659754153502030463016201684664262625774733805633065189374,26959940532329877076751015231508101491369238629740820469128573747199,-26959940532329877076751015231508100842332131312887366902816532594687
147,26959940532329877076751015231508101491369238629740820469128573747199,-26959940532329877076751015231508100842332131312887366902816532594687,1,53919881064659754153502030463016202333701369942628187371945106341886,26959940532329877076751015231508101166850684971314093685972553170943,-26959940532329877076751015231508100842332131312887366902816532594687
148,26959940532329877076751015231508101166850684971314093685972553170943,-26959940532329877076751015231508100842332131312887366902816532594687,1,-53919881064659754153502030463016202009182816284201460588789085765630,26959940532329877076751015231508101166850684971314093685972553170943,-26959940532329877076751015231508101004591408142100730294394542882815
149,26959940532329877076751015231508101166850684971314093685972553170943,-26959940532329877076751015231508101004591408142100730294394542882815,1,53919881064659754153502030463016202171442093113414823980367096053758,26959940532329877076751015231508101085721046556707411990183548026879,-26959940532329877076751015231508101004591408142100730294394542882815
150,26959940532329877076751015231508101085721046556707411990183548026879,-26959940532329877076751015231508101004591408142100730294394542882815,1,-53919881064659754153502030463016202090312454698808142284578090909694,26959940532329877076751015231508101085721046556707411990183548026879,-26959940532329877076751015231508101045156227349404071142289045454847
151,26959940532329877076751015231508101085721046556707411990183548026879,-26959940532329877076751015231508101045156227349404071142289045454847,1,53919881064659754153502030463016202130877273906111483132472593481726,26959940532329877076751015231508101065438636953055741566236296740863,-26959940532329877076751015231508101045156227349404071142289045454847
152,26959940532329877076751015231508101065438636953055741566236296740863,-26959940532329877076751015231508101045156227349404071142289045454847,1,-53919881064659754153502030463016202110594864302459812708525342195710,26959940532329877076751015231508101065438636953055741566236296740863,-26959940532329877076751015231508101055297432151229906354262671097855
153,26959940532329877076751015231508101065438636953055741566236296740863,-26959940532329877076751015231508101055297432151229906354262671097855,1,53919881064659754153502030463016202120736069104285647920498967838718,26959940532329877076751015231508101060368034552142823960249483919359,-26959940532329877076751015231508101055297432151229906354262671097855
154,26959940532329877076751015231508101060368034552142823960249483919359,-26959940532329877076751015231508101055297432151229906354262671097855,1,-53919881064659754153502030463016202115665466703372730314512155017214,26959940532329877076751015231508101060368034552142823960249483919359,-26959940532329877076751015231508101057832733351686365157256077508607
155,26959940532329877076751015231508101060368034552142823960249483919359,-26959940532329877076751015231508101057832733351686365157256077508607,1,53919881064659754153502030463016202118200767903829189117505561427966,26959940532329877076751015231508101059100383951914594558752780713983,-26959940532329877076751015231508101057832733351686365157256077508607
156,26959940532329877076751015231508101059100383951914594558752780713983,-26959940532329877076751015231508101057832733351686365157256077508607,1,-53919881064659754153502030463016202116933117303600959716008858222590,26959940532329877076751015231508101059100383951914594558752780713983,-26959940532329877076751015231508101058466558651800479858004429111295
157,26959940532329877076751015231508101059100383951914594558752780713983,-26959940532329877076751015231508101058466558651800479858004429111295,1,53919881064659754153502030463016202117566942603715074416757209825278,26959940532329877076751015231508101058783471301857537208378604912639,-26959940532329877076751015231508101058466558651800479858004429111295
158,26959940532329877076751015231508101058783471301857537208378604912639,-26959940532329877076751015231508101058466558651800479858004429111295,1,-53919881064659754153502030463016202117250029953658017066383034023934,26959940532329877076751015231508101058783471301857537208378604912639,-26959940532329877076751015231508101058625014976829008533191517011967
159,26959940532329877076751015231508101058783471301857537208378604912639,-26959940532329877076751015231508101058625014976829008533191517011967,1,53919881064659754153502030463016202117408486278686545741570121924606,26959940532329877076751015231508101058704243139343272870785060962303,-26959940532329877076751015231508101058625014976829008533191517011967
160,26959940532329877076751015231508101058704243139343272870785060962303,-26959940532329877076751015231508101058625014976829008533191517011967,1,-53919881064659754153502030463016202117329258116172281403976577974270,26959940532329877076751015231508101058704243139343272870785060962303,-26959940532329877076751015231508101058664629058086140701988288987135
161,26959940532329877076751015231508101058704243139343272870785060962303,-26959940532329877076751015231508101058664629058086140701988288987135,1,53919881064659754153502030463016202117368872197429413572773349949438,26959940532329877076751015231508101058684436098714706786386674974719,-26959940532329877076751015231508101058664629058086140701988288987135
162,26959940532329877076751015231508101058684436098714706786386674974719,-26959940532329877076751015231508101058664629058086140701988288987135,1,-53919881064659754153502030463016202117349065156800847488374963961854,26959940532329877076751015231508101058684436098714706786386674974719,-26959940532329877076751015231508101058674532578400423744187481980927
163,26959940532329877076751015231508101058684436098714706786386674974719,-26959940532329877076751015231508101058674532578400423744187481980927,1,53919881064659754153502030463016202117358968677115130530574156955646,26959940532329877076751015231508101058679484338557565265287078477823,-26959940532329877076751015231508101058674532578400423744187481980927
164,26959940532329877076751015231508101058679484338557565265287078477823,-26959940532329877076751015231508101058674532578400423744187481980927,1,-53919881064659754153502030463016202117354016916957989009474560458750,26959940532329877076751015231508101058679484338557565265287078477823,-26959940532329877076751015231508101058677008458478994504737280229375
165,26959940532329877076751015231508101058679484338557565265287078477823,-26959940532329877076751015231508101058677008458478994504737280229375,1,53919881064659754153502030463016202117356492797036559770024358707198,26959940532329877076751015231508101058678246398518279885012179353599,-26959940532329877076751015231508101058677008458478994504737280229375
166,26959940532329877076751015231508101058678246398518279885012179353599,-26959940532329877076751015231508101058677008458478994504737280229375,1,-53919881064659754153502030463016202117355254856997274389749459582974,26959940532329877076751015231508101058678246398518279885012179353599,-26959940532329877076751015231508101058677627428498637194874729791487
167,26959940532329877076751015231508101058678246398518279885012179353599,-26959940532329877076751015231508101058677627428498637194874729791487,1,53919881064659754153502030463016202117355873827016917079886909145086,26959940532329877076751015231508101058677936913508458539943454572543,-26959940532329877076751015231508101058677627428498637194874729791487
168,26959940532329877076751015231508101058677936913508458539943454572543,-26959940532329877076751015231508101058677627428498637194874729791487,1,-53919881064659754153502030463016202117355564342007095734818184364030,26959940532329877076751015231508101058677936913508458539943454572543,-26959940532329877076751015231508101058677782171003547867409092182015
169,26959940532329877076751015231508101058677936913508458539943454572543,-26959940532329877076751015231508101058677782171003547867409092182015,1,53919881064659754153502030463016202117355719084512006407352546754558,26959940532329877076751015231508101058677859542256003203676273377279,-26959940532329877076751015231508101058677782171003547867409092182015
170,26959940532329877076751015231508101058677859542256003203676273377279,-26959940532329877076751015231508101058677782171003547867409092182015,1,-53919881064659754153502030463016202117355641713259551071085365559294,26959940532329877076751015231508101058677859542256003203676273377279,-26959940532329877076751015231508101058677820856629775535542682779647
171,26959940532329877076751015231508101058677859542256003203676273377279,-26959940532329877076751015231508101058677820856629775535542682779647,1,53919881064659754153502030463016202117355680398885778739218956156926,26959940532329877076751015231508101058677840199442889369609478078463,-26959940532329877076751015231508101058677820856629775535542682779647
172,26959940532329877076751015231508101058677840199442889369609478078463,-26959940532329877076751015231508101058677820856629775535542682779647,1,-53919881064659754153502030463016202117355661056072664905152160858110,26959940532329877076751015231508101058677840199442889369609478078463,-26959940532329877076751015231508101058677830528036332452576080429055
173,26959940532329877076751015231508101058677840199442889369609478078463,-26959940532329877076751015231508101058677830528036332452576080429055,1,53919881064659754153502030463016202117355670727479221822185558507518,26959940532329877076751015231508101058677835363739610911092779253759,-26959940532329877076751015231508101058677830528036332452576080429055
174,26959940532329877076751015231508101058677835363739610911092779253759,-26959940532329877076751015231508101058677830528036332452576080429055,1,-53919881064659754153502030463016202117355665891775943363668859682814,26959940532329877076751015231508101058677835363739610911092779253759,-26959940532329877076751015231508101058677832945887971681834429841407
175,26959940532329877076751015231508101058677835363739610911092779253759,-26959940532329877076751015231508101058677832945887971681834429841407,1,53919881064659754153502030463016202117355668309627582592927209095166,26959940532329877076751015231508101058677834154813791296463604547583,-26959940532329877076751015231508101058677832945887971681834429841407
176,26959940532329877076751015231508101058677834154813791296463604547583,-26959940532329877076751015231508101058677832945887971681834429841407,1,-53919881064659754153502030463016202117355667100701762978298034388990,26959940532329877076751015231508101058677834154813791296463604547583,-26959940532329877076751015231508101058677833550350881489149017194495
177,26959940532329877076751015231508101058677834154813791296463604547583,-26959940532329877076751015231508101058677833550350881489149017194495,1,53919881064659754153502030463016202117355667705164672785612621742078,26959940532329877076751015231508101058677833852582336392806310871039,-26959940532329877076751015231508101058677833550350881489149017194495
178,26959940532329877076751015231508101058677833852582336392806310871039,-26959940532329877076751015231508101058677833550350881489149017194495,1,-53919881064659754153502030463016202117355667402933217881955328065534,26959940532329877076751015231508101058677833852582336392806310871039,-26959940532329877076751015231508101058677833701466608940977664032767
179,26959940532329877076751015231508101058677833852582336392806310871039,-26959940532329877076751015231508101058677833701466608940977664032767,1,53919881064659754153502030463016202117355667554048945333783974903806,26959940532329877076751015231508101058677833777024472666891987451903,-26959940532329877076751015231508101058677833701466608940977664032767
180,26959940532329877076751015231508101058677833777024472666891987451903,-26959940532329877076751015231508101058677833701466608940977664032767,1,-53919881064659754153502030463016202117355667478491081607869651484670,26959940532329877076751015231508101058677833777024472666891987451903,-26959940532329877076751015231508101058677833739245540803934825742335
181,26959940532329877076751015231508101058677833777024472666891987451903,-26959940532329877076751015231508101058677833739245540803934825742335,1,53919881064659754153502030463016202117355667516270013470826813194238,26959940532329877076751015231508101058677833758135006735413406597119,-26959940532329877076751015231508101058677833739245540803934825742335
182,26959940532329877076751015231508101058677833758135006735413406597119,-26959940532329877076751015231508101058677833739245540803934825742335,1,-53919881064659754153502030463016202117355667497380547539348232339454,26959940532329877076751015231508101058677833758135006735413406597119,-26959940532329877076751015231508101058677833748690273769674116169727
183,26959940532329877076751015231508101058677833758135006735413406597119,-26959940532329877076751015231508101058677833748690273769674116169727,1,53919881064659754153502030463016202117355667506825280505087522766846,26959940532329877076751015231508101058677833753412640252543761383423,-26959940532329877076751015231508101058677833748690273769674116169727
184,26959940532329877076751015231508101058677833753412640252543761383423,-26959940532329877076751015231508101058677833748690273769674116169727,1,-53919881064659754153502030463016202117355667502102914022217877553150,26959940532329877076751015231508101058677833753412640252543761383423,-26959940532329877076751015231508101058677833751051457011108938776575
185,26959940532329877076751015231508101058677833753412640252543761383423,-26959940532329877076751015231508101058677833751051457011108938776575,1,53919881064659754153502030463016202117355667504464097263652700159998,26959940532329877076751015231508101058677833752232048631826350079999,-26959940532329877076751015231508101058677833751051457011108938776575
186,26959940532329877076751015231508101058677833752232048631826350079999,-26959940532329877076751015231508101058677833751051457011108938776575,1,-53919881064659754153502030463016202117355667503283505642935288856574,26959940532329877076751015231508101058677833752232048631826350079999,-26959940532329877076751015231508101058677833751641752821467644428287
187,26959940532329877076751015231508101058677833752232048631826350079999,-26959940532329877076751015231508101058677833751641752821467644428287,1,53919881064659754153502030463016202117355667503873801453293994508286,26959940532329877076751015231508101058677833751936900726646997254143,-26959940532329877076751015231508101058677833751641752821467644428287
188,26959940532329877076751015231508101058677833751936900726646997254143,-26959940532329877076751015231508101058677833751641752821467644428287,1,-53919881064659754153502030463016202117355667503578653548114641682430,26959940532329877076751015231508101058677833751936900726646997254143,-26959940532329877076751015231508101058677833751789326774057320841215
189,26959940532329877076751015231508101058677833751936900726646997254143,-26959940532329877076751015231508101058677833751789326774057320841215,1,53919881064659754153502030463016202117355667503726227500704318095358,26959940532329877076751015231508101058677833751863113750352159047679,-26959940532329877076751015231508101058677833751789326774057320841215
190,26959940532329877076751015231508101058677833751863113750352159047679,-26959940532329877076751015231508101058677833751789326774057320841215,1,-53919881064659754153502030463016202117355667503652440524409479888894,26959940532329877076751015231508101058677833751863113750352159047679,-26959940532329877076751015231508101058677833751826220262204739944447
191,26959940532329877076751015231508101058677833751863113750352159047679,-26959940532329877076751015231508101058677833751826220262204739944447,1,53919881064659754153502030463016202117355667503689334012556898992126,26959940532329877076751015231508101058677833751844667006278449496063,-26959940532329877076751015231508101058677833751826220262204739944447
192,26959940532329877076751015231508101058677833751844667006278449496063,-26959940532329877076751015231508101058677833751826220262204739944447,1,-53919881064659754153502030463016202117355667503670887268483189440510,26959940532329877076751015231508101058677833751844667006278449496063,-26959940532329877076751015231508101058677833751835443634241594720255
193,26959940532329877076751015231508101058677833751844667006278449496063,-26959940532329877076751015231508101058677833751835443634241594720255,1,53919881064659754153502030463016202117355667503680110640520044216318,26959940532329877076751015231508101058677833751840055320260022108159,-26959940532329877076751015231508101058677833751835443634241594720255
194,26959940532329877076751015231508101058677833751840055320260022108159,-26959940532329877076751015231508101058677833751835443634241594720255,1,-53919881064659754153502030463016202117355667503675498954501616828414,26959940532329877076751015231508101058677833751840055320260022108159,-26959940532329877076751015231508101058677833751837749477250808414207
195,26959940532329877076751015231508101058677833751840055320260022108159,-26959940532329877076751015231508101058677833751837749477250808414207,1,53919881064659754153502030463016202117355667503677804797510830522366,26959940532329877076751015231508101058677833751838902398755415261183,-26959940532329877076751015231508101058677833751837749477250808414207
196,26959940532329877076751015231508101058677833751838902398755415261183,-26959940532329877076751015231508101058677833751837749477250808414207,1,-53919881064659754153502030463016202117355667503676651876006223675390,26959940532329877076751015231508101058677833751838902398755415261183,-26959940532329877076751015231508101058677833751838325938003111837695
197,26959940532329877076751015231508101058677833751838902398755415261183,-26959940532329877076751015231508101058677833751838325938003111837695,1,53919881064659754153502030463016202117355667503677228336758527098878,26959940532329877076751015231508101058677833751838614168379263549439,-26959940532329877076751015231508101058677833751838325938003111837695
198,26959940532329877076751015231508101058677833751838614168379263549439,-26959940532329877076751015231508101058677833751838325938003111837695,1,-53919881064659754153502030463016202117355667503676940106382375387134,26959940532329877076751015231508101058677833751838614168379263549439,-26959940532329877076751015231508101058677833751838470053191187693567
199,26959940532329877076751015231508101058677833751838614168379263549439,-26959940532329877076751015231508101058677833751838470053191187693567,1,53919881064659754153502030463016202117355667503677084221570451243006,26959940532329877076751015231508101058677833751838542110785225621503,-26959940532329877076751015231508101058677833751838470053191187693567
200,26959940532329877076751015231508101058677833751838542110785225621503,-26959940532329877076751015231508101058677833751838470053191187693567,1,-53919881064659754153502030463016202117355667503677012163976413315070,26959940532329877076751015231508101058677833751838542110785225621503,-26959940532329877076751015231508101058677833751838506081988206657535
201,26959940532329877076751015231508101058677833751838542110785225621503,-26959940532329877076751015231508101058677833751838506081988206657535,1,53919881064659754153502030463016202117355667503677048192773432279038,26959940532329877076751015231508101058677833751838524096386716139519,-26959940532329877076751015231508101058677833751838506081988206657535
202,26959940532329877076751015231508101058677833751838524096386716139519,-26959940532329877076751015231508101058677833751838506081988206657535,1,-53919881064659754153502030463016202117355667503677030178374922797054,26959940532329877076751015231508101058677833751838524096386716139519,-26959940532329877076751015231508101058677833751838515089187461398527
203,26959940532329877076751015231508101058677833751838524096386716139519,-26959940532329877076751015231508101058677833751838515089187461398527,1,53919881064659754153502030463016202117355667503677039185574177538046,26959940532329877076751015231508101058677833751838519592787088769023,-26959940532329877076751015231508101058677833751838515089187461398527
204,26959940532329877076751015231508101058677833751838519592787088769023,-26959940532329877076751015231508101058677833751838515089187461398527,1,-53919881064659754153502030463016202117355667503677034681974550167550,26959940532329877076751015231508101058677833751838519592787088769023,-26959940532329877076751015231508101058677833751838517340987275083775
205,26959940532329877076751015231508101058677833751838519592787088769023,-26959940532329877076751015231508101058677833751838517340987275083775,1,53919881064659754153502030463016202117355667503677036933774363852798,26959940532329877076751015231508101058677833751838518466887181926399,-26959940532329877076751015231508101058677833751838517340987275083775
206,26959940532329877076751015231508101058677833751838518466887181926399,-26959940532329877076751015231508101058677833751838517340987275083775,1,-53919881064659754153502030463016202117355667503677035807874457010174,26959940532329877076751015231508101058677833751838518466887181926399,-26959940532329877076751015231508101058677833751838517903937228505087
207,26959940532329877076751015231508101058677833751838518466887181926399,-26959940532329877076751015231508101058677833751838517903937228505087,1,53919881064659754153502030463016202117355667503677036370824410431486,26959940532329877076751015231508101058677833751838518185412205215743,-26959940532329877076751015231508101058677833751838517903937228505087
208,26959940532329877076751015231508101058677833751838518185412205215743,-26959940532329877076751015231508101058677833751838517903937228505087,1,-53919881064659754153502030463016202117355667503677036089349433720830,26959940532329877076751015231508101058677833751838518185412205215743,-26959940532329877076751015231508101058677833751838518044674716860415
209,26959940532329877076751015231508101058677833751838518185412205215743,-26959940532329877076751015231508101058677833751838518044674716860415,1,53919881064659754153502030463016202117355667503677036230086922076158,26959940532329877076751015231508101058677833751838518115043461038079,-26959940532329877076751015231508101058677833751838518044674716860415
210,26959940532329877076751015231508101058677833751838518115043461038079,-26959940532329877076751015231508101058677833751838518044674716860415,1,-53919881064659754153502030463016202117355667503677036159718177898494,26959940532329877076751015231508101058677833751838518115043461038079,-26959940532329877076751015231508101058677833751838518079859088949247
211,26959940532329877076751015231508101058677833751838518115043461038079,-26959940532329877076751015231508101058677833751838518079859088949247,1,53919881064659754153502030463016202117355667503677036194902549987326,26959940532329877076751015231508101058677833751838518097451274993663,-26959940532329877076751015231508101058677833751838518079859088949247
212,26959940532329877076751015231508101058677833751838518097451274993663,-26959940532329877076751015231508101058677833751838518079859088949247,1,-53919881064659754153502030463016202117355667503677036177310363942910,26959940532329877076751015231508101058677833751838518097451274993663,-26959940532329877076751015231508101058677833751838518088655181971455
213,26959940532329877076751015231508101058677833751838518097451274993663,-26959940532329877076751015231508101058677833751838518088655181971455,1,53919881064659754153502030463016202117355667503677036186106456965118,26959940532329877076751015231508101058677833751838518093053228482559,-26959940532329877076751015231508101058677833751838518088655181971455
214,26959940532329877076751015231508101058677833751838518093053228482559,-26959940532329877076751015231508101058677833751838518088655181971455,1,-53919881064659754153502030463016202117355667503677036181708410454014,26959940532329877076751015231508101058677833751838518093053228482559,-26959940532329877076751015231508101058677833751838518090854205227007
215,26959940532329877076751015231508101058677833751838518093053228482559,-26959940532329877076751015231508101058677833751838518090854205227007,1,53919881064659754153502030463016202117355667503677036183907433709566,26959940532329877076751015231508101058677833751838518091953716854783,-26959940532329877076751015231508101058677833751838518090854205227007
216,26959940532329877076751015231508101058677833751838518091953716854783,-26959940532329877076751015231508101058677833751838518090854205227007,1,-53919881064659754153502030463016202117355667503677036182807922081790,26959940532329877076751015231508101058677833751838518091953716854783,-26959940532329877076751015231508101058677833751838518091403961040895
217,26959940532329877076751015231508101058677833751838518091953716854783,-26959940532329877076751015231508101058677833751838518091403961040895,1,53919881064659754153502030463016202117355667503677036183357677895678,26959940532329877076751015231508101058677833751838518091678838947839,-26959940532329877076751015231508101058677833751838518091403961040895
218,26959940532329877076751015231508101058677833751838518091678838947839,-26959940532329877076751015231508101058677833751838518091403961040895,1,-53919881064659754153502030463016202117355667503677036183082799988734,26959940532329877076751015231508101058677833751838518091678838947839,-26959940532329877076751015231508101058677833751838518091541399994367
219,26959940532329877076751015231508101058677833751838518091678838947839,-26959940532329877076751015231508101058677833751838518091541399994367,1,53919881064659754153502030463016202117355667503677036183220238942206,26959940532329877076751015231508101058677833751838518091610119471103,-26959940532329877076751015231508101058677833751838518091541399994367
220,26959940532329877076751015231508101058677833751838518091610119471103,-26959940532329877076751015231508101058677833751838518091541399994367,1,-53919881064659754153502030463016202117355667503677036183151519465470,26959940532329877076751015231508101058677833751838518091610119471103,-26959940532329877076751015231508101058677833751838518091575759732735
221,26959940532329877076751015231508101058677833751838518091610119471103,-26959940532329877076751015231508101058677833751838518091575759732735,1,53919881064659754153502030463016202117355667503677036183185879203838,26959940532329877076751015231508101058677833751838518091592939601919,-26959940532329877076751015231508101058677833751838518091575759732735
222,26959940532329877076751015231508101058677833751838518091592939601919,-26959940532329877076751015231508101058677833751838518091575759732735,1,-53919881064659754153502030463016202117355667503677036183168699334654,26959940532329877076751015231508101058677833751838518091592939601919,-26959940532329877076751015231508101058677833751838518091584349667327
223,26959940532329877076751015231508101058677833751838518091592939601919,-26959940532329877076751015231508101058677833751838518091584349667327,1,53919881064659754153502030463016202117355667503677036183177289269246,26959940532329877076751015231508101058677833751838518091588644634623,-26959940532329877076751015231508101058677833751838518091584349667327
224,26959940532329877076751015231508101058677833751838518091588644634623,-26959940532329877076751015231508101058677833751838518091584349667327,1,-53919881064659754153502030463016202117355667503677036183172994301950,26959940532329877076751015231508101058677833751838518091588644634623,-26959940532329877076751015231508101058677833751838518091586497150975
225,26959940532329877076751015231508101058677833751838518091588644634623,-26959940532329877076751015231508101058677833751838518091586497150975,1,53919881064659754153502030463016202117355667503677036183175141785598,26959940532329877076751015231508101058677833751838518091587570892799,-26959940532329877076751015231508101058677833751838518091586497150975
226,26959940532329877076751015231508101058677833751838518091587570892799,-26959940532329877076751015231508101058677833751838518091586497150975,1,-53919881064659754153502030463016202117355667503677036183174068043774,26959940532329877076751015231508101058677833751838518091587570892799,-26959940532329877076751015231508101058677833751838518091587034021887
227,26959940532329877076751015231508101058677833751838518091587570892799,-26959940532329877076751015231508101058677833751838518091587034021887,1,53919881064659754153502030463016202117355667503677036183174604914686,26959940532329877076751015231508101058677833751838518091587302457343,-26959940532329877076751015231508101058677833751838518091587034021887
228,26959940532329877076751015231508101058677833751838518091587302457343,-26959940532329877076751015231508101058677833751838518091587034021887,1,-53919881064659754153502030463016202117355667503677036183174336479230,26959940532329877076751015231508101058677833751838518091587302457343,-26959940532329877076751015231508101058677833751838518091587168239615
229,26959940532329877076751015231508101058677833751838518091587302457343,-26959940532329877076751015231508101058677833751838518091587168239615,1,53919881064659754153502030463016202117355667503677036183174470696958,26959940532329877076751015231508101058677833751838518091587235348479,-26959940532329877076751015231508101058677833751838518091587168239615
230,26959940532329877076751015231508101058677833751838518091587235348479,-26959940532329877076751015231508101058677833751838518091587168239615,1,-53919881064659754153502030463016202117355667503677036183174403588094,26959940532329877076751015231508101058677833751838518091587235348479,-26959940532329877076751015231508101058677833751838518091587201794047
231,26959940532329877076751015231508101058677833751838518091587235348479,-26959940532329877076751015231508101058677833751838518091587201794047,1,53919881064659754153502030463016202117355667503677036183174437142526,26959940532329877076751015231508101058677833751838518091587218571263,-26959940532329877076751015231508101058677833751838518091587201794047
232,26959940532329877076751015231508101058677833751838518091587218571263,-26959940532329877076751015231508101058677833751838518091587201794047,1,-53919881064659754153502030463016202117355667503677036183174420365310,26959940532329877076751015231508101058677833751838518091587218571263,-26959940532329877076751015231508101058677833751838518091587210182655
233,26959940532329877076751015231508101058677833751838518091587218571263,-26959940532329877076751015231508101058677833751838518091587210182655,1,53919881064659754153502030463016202117355667503677036183174428753918,26959940532329877076751015231508101058677833751838518091587214376959,-26959940532329877076751015231508101058677833751838518091587210182655
234,26959940532329877076751015231508101058677833751838518091587214376959,-26959940532329877076751015231508101058677833751838518091587210182655,1,-53919881064659754153502030463016202117355667503677036183174424559614,26959940532329877076751015231508101058677833751838518091587214376959,-26959940532329877076751015231508101058677833751838518091587212279807
235,26959940532329877076751015231508101058677833751838518091587214376959,-26959940532329877076751015231508101058677833751838518091587212279807,1,53919881064659754153502030463016202117355667503677036183174426656766,26959940532329877076751015231508101058677833751838518091587213328383,-26959940532329877076751015231508101058677833751838518091587212279807
236,26959940532329877076751015231508101058677833751838518091587213328383,-26959940532329877076751015231508101058677833751838518091587212279807,1,-53919881064659754153502030463016202117355667503677036183174425608190,26959940532329877076751015231508101058677833751838518091587213328383,-26959940532329877076751015231508101058677833751838518091587212804095
237,26959940532329877076751015231508101058677833751838518091587213328383,-26959940532329877076751015231508101058677833751838518091587212804095,1,53919881064659754153502030463016202117355667503677036183174426132478,26959940532329877076751015231508101058677833751838518091587213066239,-26959940532329877076751015231508101058677833751838518091587212804095
238,26959940532329877076751015231508101058677833751838518091587213066239,-26959940532329877076751015231508101058677833751838518091587212804095,1,-53919881064659754153502030463016202117355667503677036183174425870334,26959940532329877076751015231508101058677833751838518091587213066239,-26959940532329877076751015231508101058677833751838518091587212935167
239,26959940532329877076751015231508101058677833751838518091587213066239,-26959940532329877076751015231508101058677833751838518091587212935167,1,53919881064659754153502030463016202117355667503677036183174426001406,26959940532329877076751015231508101058677833751838518091587213000703,-26959940532329877076751015231508101058677833751838518091587212935167
240,26959940532329877076751015231508101058677833751838518091587213000703,-26959940532329877076751015231508101058677833751838518091587212935167,1,-53919881064659754153502030463016202117355667503677036183174425935870,26959940532329877076751015231508101058677833751838518091587213000703,-26959940532329877076751015231508101058677833751838518091587212967935
241,26959940532329877076751015231508101058677833751838518091587213000703,-26959940532329877076751015231508101058677833751838518091587212967935,1,53919881064659754153502030463016202117355667503677036183174425968638,26959940532329877076751015231508101058677833751838518091587212984319,-26959940532329877076751015231508101058677833751838518091587212967935
242,26959940532329877076751015231508101058677833751838518091587212984319,-26959940532329877076751015231508101058677833751838518091587212967935,1,-53919881064659754153502030463016202117355667503677036183174425952254,26959940532329877076751015231508101058677833751838518091587212984319,-26959940532329877076751015231508101058677833751838518091587212976127
243,26959940532329877076751015231508101058677833751838518091587212984319,-26959940532329877076751015231508101058677833751838518091587212976127,1,53919881064659754153502030463016202117355667503677036183174425960446,26959940532329877076751015231508101058677833751838518091587212980223,-26959940532329877076751015231508101058677833751838518091587212976127
244,26959940532329877076751015231508101058677833751838518091587212980223,-26959940532329877076751015231508101058677833751838518091587212976127,1,-53919881064659754153502030463016202117355667503677036183174425956350,26959940532329877076751015231508101058677833751838518091587212980223,-26959940532329877076751015231508101058677833751838518091587212978175
245,26959940532329877076751015231508101058677833751838518091587212980223,-26959940532329877076751015231508101058677833751838518091587212978175,1,53919881064659754153502030463016202117355667503677036183174425958398,26959940532329877076751015231508101058677833751838518091587212979199,-26959940532329877076751015231508101058677833751838518091587212978175
246,26959940532329877076751015231508101058677833751838518091587212979199,-26959940532329877076751015231508101058677833751838518091587212978175,1,-53919881064659754153502030463016202117355667503677036183174425957374,26959940532329877076751015231508101058677833751838518091587212979199,-26959940532329877076751015231508101058677833751838518091587212978687
247,26959940532329877076751015231508101058677833751838518091587212979199,-26959940532329877076751015231508101058677833751838518091587212978687,1,53919881064659754153502030463016202117355667503677036183174425957886,26959940532329877076751015231508101058677833751838518091587212978943,-26959940532329877076751015231508101058677833751838518091587212978687
248,26959940532329877076751015231508101058677833751838518091587212978943,-26959940532329877076751015231508101058677833751838518091587212978687,1,-53919881064659754153502030463016202117355667503677036183174425957630,26959940532329877076751015231508101058677833751838518091587212978943,-26959940532329877076751015231508101058677833751838518091587212978815
249,26959940532329877076751015231508101058677833751838518091587212978943,-26959940532329877076751015231508101058677833751838518091587212978815,1,53919881064659754153502030463016202117355667503677036183174425957758,26959940532329877076751015231508101058677833751838518091587212978879,-26959940532329877076751015231508101058677833751838518091587212978815
250,26959940532329877076751015231508101058677833751838518091587212978879,-26959940532329877076751015231508101058677833751838518091587212978815,1,-53919881064659754153502030463016202117355667503677036183174425957694,26959940532329877076751015231508101058677833751838518091587212978879,-26959940532329877076751015231508101058677833751838518091587212978847
251,26959940532329877076751015231508101058677833751838518091587212978879,-26959940532329877076751015231508101058677833751838518091587212978847,1,53919881064659754153502030463016202117355667503677036183174425957726,26959940532329877076751015231508101058677833751838518091587212978863,-26959940532329877076751015231508101058677833751838518091587212978847
252,26959940532329877076751015231508101058677833751838518091587212978863,-26959940532329877076751015231508101058677833751838518091587212978847,1,-53919881064659754153502030463016202117355667503677036183174425957710,26959940532329877076751015231508101058677833751838518091587212978863,-26959940532329877076751015231508101058677833751838518091587212978855
253,26959940532329877076751015231508101058677833751838518091587212978863,-26959940532329877076751015231508101058677833751838518091587212978855,1,53919881064659754153502030463016202117355667503677036183174425957718,26959940532329877076751015231508101058677833751838518091587212978859,-26959940532329877076751015231508101058677833751838518091587212978855
254,26959940532329877076751015231508101058677833751838518091587212978859,-26959940532329877076751015231508101058677833751838518091587212978855,1,-53919881064659754153502030463016202117355667503677036183174425957714,26959940532329877076751015231508101058677833751838518091587212978859,-26959940532329877076751015231508101058677833751838518091587212978857
255,26959940532329877076751015231508101058677833751838518091587212978859,-26959940532329877076751015231508101058677833751838518091587212978857,0,2,1,-26959940532329877076751015231508101058677833751838518091587212978857
256,1,-26959940532329877076751015231508101058677833751838518091587212978857,1,-26959940532329877076751015231508101058677833751838518091587212978858,1,-13479970266164938538375507615754050529338916875919259045793606489429
257,1,-13479970266164938538375507615754050529338916875919259045793606489429,1,13479970266164938538375507615754050529338916875919259045793606489430,6739985133082469269187753807877025264669458437959629522896803244715,-13479970266164938538375507615754050529338916875919259045793606489429
258,6739985133082469269187753807877025264669458437959629522896803244715,-13479970266164938538375507615754050529338916875919259045793606489429,0,-6739985133082469269187753807877025264669458437959629522896803244714,6739985133082469269187753807877025264669458437959629522896803244715,-3369992566541234634593876903938512632334729218979814761448401622357
259,6739985133082469269187753807877025264669458437959629522896803244715,-3369992566541234634593876903938512632334729218979814761448401622357,0,3369992566541234634593876903938512632334729218979814761448401622358,1684996283270617317296938451969256316167364609489907380724200811179,-3369992566541234634593876903938512632334729218979814761448401622357
260,1684996283270617317296938451969256316167364609489907380724200811179,-3369992566541234634593876903938512632334729218979814761448401622357,0,-1684996283270617317296938451969256316167364609489907380724200811178,1684996283270617317296938451969256316167364609489907380724200811179,-842498141635308658648469225984628158083682304744953690362100405589
261,1684996283270617317296938451969256316167364609489907380724200811179,-842498141635308658648469225984628158083682304744953690362100405589,0,842498141635308658648469225984628158083682304744953690362100405590,421249070817654329324234612992314079041841152372476845181050202795,-842498141635308658648469225984628158083682304744953690362100405589
262,421249070817654329324234612992314079041841152372476845181050202795,-842498141635308658648469225984628158083682304744953690362100405589,0,-421249070817654329324234612992314079041841152372476845181050202794,421249070817654329324234612992314079041841152372476845181050202795,-210624535408827164662117306496157039520920576186238422590525101397
263,421249070817654329324234612992314079041841152372476845181050202795,-210624535408827164662117306496157039520920576186238422590525101397,0,210624535408827164662117306496157039520920576186238422590525101398,105312267704413582331058653248078519760460288093119211295262550699,-210624535408827164662117306496157039520920576186238422590525101397
264,105312267704413582331058653248078519760460288093119211295262550699,-210624535408827164662117306496157039520920576186238422590525101397,0,-105312267704413582331058653248078519760460288093119211295262550698,105312267704413582331058653248078519760460288093119211295262550699,-52656133852206791165529326624039259880230144046559605647631275349
265,105312267704413582331058653248078519760460288093119211295262550699,-52656133852206791165529326624039259880230144046559605647631275349,0,52656133852206791165529326624039259880230144046559605647631275350,26328066926103395582764663312019629940115072023279802823815637675,-52656133852206791165529326624039259880230144046559605647631275349
266,26328066926103395582764663312019629940115072023279802823815637675,-52656133852206791165529326624039259880230144046559605647631275349,0,-26328066926103395582764663312019629940115072023279802823815637674,26328066926103395582764663312019629940115072023279802823815637675,-13164033463051697791382331656009814970057536011639901411907818837
267,26328066926103395582764663312019629940115072023279802823815637675,-13164033463051697791382331656009814970057536011639901411907818837,0,13164033463051697791382331656009814970057536011639901411907818838,6582016731525848895691165828004907485028768005819950705953909419,-13164033463051697791382331656009814970057536011639901411907818837
268,6582016731525848895691165828004907485028768005819950705953909419,-13164033463051697791382331656009814970057536011639901411907818837,0,-6582016731525848895691165828004907485028768005819950705953909418,6582016731525848895691165828004907485028768005819950705953909419,-3291008365762924447845582914002453742514384002909975352976954709
269,6582016731525848895691165828004907485028768005819950705953909419,-3291008365762924447845582914002453742514384002909975352976954709,0,3291008365762924447845582914002453742514384002909975352976954710,1645504182881462223922791457001226871257192001454987676488477355,-3291008365762924447845582914002453742514384002909975352976954709
270,1645504182881462223922791457001226871257192001454987676488477355,-3291008365762924447845582914002453742514384002909975352976954709,0,-1645504182881462223922791457001226871257192001454987676488477354,1645504182881462223922791457001226871257192001454987676488477355,-822752091440731111961395728500613435628596000727493838244238677
271,1645504182881462223922791457001226871257192001454987676488477355,-822752091440731111961395728500613435628596000727493838244238677,0,822752091440731111961395728500613435628596000727493838244238678,411376045720365555980697864250306717814298000363746919122119339,-822752091440731111961395728500613435628596000727493838244238677
272,411376045720365555980697864250306717814298000363746919122119339,-822752091440731111961395728500613435628596000727493838244238677,0,-411376045720365555980697864250306717814298000363746919122119338,411376045720365555980697864250306717814298000363746919122119339,-205688022860182777990348932125153358907149000181873459561059669
273,411376045720365555980697864250306717814298000363746919122119339,-205688022860182777990348932125153358907149000181873459561059669,0,205688022860182777990348932125153358907149000181873459561059670,102844011430091388995174466062576679453574500090936729780529835,-205688022860182777990348932125153358907149000181873459561059669
274,102844011430091388995174466062576679453574500090936729780529835,-205688022860182777990348932125153358907149000181873459561059669,0,-102844011430091388995174466062576679453574500090936729780529834,102844011430091388995174466062576679453574500090936729780529835,-51422005715045694497587233031288339726787250045468364890264917
275,102844011430091388995174466062576679453574500090936729780529835,-51422005715045694497587233031288339726787250045468364890264917,0,51422005715045694497587233031288339726787250045468364890264918,25711002857522847248793616515644169863393625022734182445132459,-51422005715045694497587233031288339726787250045468364890264917
276,25711002857522847248793616515644169863393625022734182445132459,-51422005715045694497587233031288339726787250045468364890264917,0,-25711002857522847248793616515644169863393625022734182445132458,25711002857522847248793616515644169863393625022734182445132459,-12855501428761423624396808257822084931696812511367091222566229
277,25711002857522847248793616515644169863393625022734182445132459,-12855501428761423624396808257822084931696812511367091222566229,0,12855501428761423624396808257822084931696812511367091222566230,6427750714380711812198404128911042465848406255683545611283115,-12855501428761423624396808257822084931696812511367091222566229
278,6427750714380711812198404128911042465848406255683545611283115,-12855501428761423624396808257822084931696812511367091222566229,0,-6427750714380711812198404128911042465848406255683545611283114,6427750714380711812198404128911042465848406255683545611283115,-3213875357190355906099202064455521232924203127841772805641557
279,6427750714380711812198404128911042465848406255683545611283115,-3213875357190355906099202064455521232924203127841772805641557,0,3213875357190355906099202064455521232924203127841772805641558,1606937678595177953049601032227760616462101563920886402820779,-3213875357190355906099202064455521232924203127841772805641557
280,1606937678595177953049601032227760616462101563920886402820779,-3213875357190355906099202064455521232924203127841772805641557,0,-1606937678595177953049601032227760616462101563920886402820778,1606937678595177953049601032227760616462101563920886402820779,-803468839297588976524800516113880308231050781960443201410389
281,1606937678595177953049601032227760616462101563920886402820779,-803468839297588976524800516113880308231050781960443201410389,0,803468839297588976524800516113880308231050781960443201410390,401734419648794488262400258056940154115525390980221600705195,-803468839297588976524800516113880308231050781960443201410389
282,401734419648794488262400258056940154115525390980221600705195,-803468839297588976524800516113880308231050781960443201410389,0,-401734419648794488262400258056940154115525390980221600705194,401734419648794488262400258056940154115525390980221600705195,-200867209824397244131200129028470077057762695490110800352597
283,401734419648794488262400258056940154115525390980221600705195,-200867209824397244131200129028470077057762695490110800352597,0,200867209824397244131200129028470077057762695490110800352598,100433604912198622065600064514235038528881347745055400176299,-200867209824397244131200129028470077057762695490110800352597
284,100433604912198622065600064514235038528881347745055400176299,-200867209824397244131200129028470077057762695490110800352597,0,-100433604912198622065600064514235038528881347745055400176298,100433604912198622065600064514235038528881347745055400176299,-50216802456099311032800032257117519264440673872527700088149
285,100433604912198622065600064514235038528881347745055400176299,-50216802456099311032800032257117519264440673872527700088149,0,50216802456099311032800032257117519264440673872527700088150,25108401228049655516400016128558759632220336936263850044075,-50216802456099311032800032257117519264440673872527700088149
286,25108401228049655516400016128558759632220336936263850044075,-50216802456099311032800032257117519264440673872527700088149,0,-25108401228049655516400016128558759632220336936263850044074,25108401228049655516400016128558759632220336936263850044075,-12554200614024827758200008064279379816110168468131925022037
287,25108401228049655516400016128558759632220336936263850044075,-12554200614024827758200008064279379816110168468131925022037,0,12554200614024827758200008064279379816110168468131925022038,6277100307012413879100004032139689908055084234065962511019,-12554200614024827758200008064279379816110168468131925022037
288,6277100307012413879100004032139689908055084234065962511019,-12554200614024827758200008064279379816110168468131925022037,0,-6277100307012413879100004032139689908055084234065962511018,6277100307012413879100004032139689908055084234065962511019,-3138550153506206939550002016069844954027542117032981255509
289,6277100307012413879100004032139689908055084234065962511019,-3138550153506206939550002016069844954027542117032981255509,0,3138550153506206939550002016069844954027542117032981255510,1569275076753103469775001008034922477013771058516490627755,-3138550153506206939550002016069844954027542117032981255509
290,1569275076753103469775001008034922477013771058516490627755,-3138550153506206939550002016069844954027542117032981255509,0,-1569275076753103469775001008034922477013771058516490627754,1569275076753103469775001008034922477013771058516490627755,-784637538376551734887500504017461238506885529258245313877
291,1569275076753103469775001008034922477013771058516490627755,-784637538376551734887500504017461238506885529258245313877,0,784637538376551734887500504017461238506885529258245313878,392318769188275867443750252008730619253442764629122656939,-784637538376551734887500504017461238506885529258245313877
292,392318769188275867443750252008730619253442764629122656939,-784637538376551734887500504017461238506885529258245313877,0,-392318769188275867443750252008730619253442764629122656938,392318769188275867443750252008730619253442764629122656939,-196159384594137933721875126004365309626721382314561328469
293,392318769188275867443750252008730619253442764629122656939,-196159384594137933721875126004365309626721382314561328469,0,196159384594137933721875126004365309626721382314561328470,98079692297068966860937563002182654813360691157280664235,-196159384594137933721875126004365309626721382314561328469
294,98079692297068966860937563002182654813360691157280664235,-196159384594137933721875126004365309626721382314561328469,0,-98079692297068966860937563002182654813360691157280664234,98079692297068966860937563002182654813360691157280664235,-49039846148534483430468781501091327406680345578640332117
295,98079692297068966860937563002182654813360691157280664235,-49039846148534483430468781501091327406680345578640332117,0,49039846148534483430468781501091327406680345578640332118,24519923074267241715234390750545663703340172789320166059,-49039846148534483430468781501091327406680345578640332117
296,24519923074267241715234390750545663703340172789320166059,-49039846148534483430468781501091327406680345578640332117,0,-24519923074267241715234390750545663703340172789320166058,24519923074267241715234390750545663703340172789320166059,-12259961537133620857617195375272831851670086394660083029
297,24519923074267241715234390750545663703340172789320166059,-12259961537133620857617195375272831851670086394660083029,0,12259961537133620857617195375272831851670086394660083030,6129980768566810428808597687636415925835043197330041515,-12259961537133620857617195375272831851670086394660083029
298,6129980768566810428808597687636415925835043197330041515,-12259961537133620857617195375272831851670086394660083029,0,-6129980768566810428808597687636415925835043197330041514,6129980768566810428808597687636415925835043197330041515,-3064990384283405214404298843818207962917521598665020757
299,6129980768566810428808597687636415925835043197330041515,-3064990384283405214404298843818207962917521598665020757,0,3064990384283405214404298843818207962917521598665020758,1532495192141702607202149421909103981458760799332510379,-3064990384283405214404298843818207962917521598665020757
300,1532495192141702607202149421909103981458760799332510379,-3064990384283405214404298843818207962917521598665020757,0,-1532495192141702607202149421909103981458760799332510378,1532495192141702607202149421909103981458760799332510379,-766247596070851303601074710954551990729380399666255189
301,1532495192141702607202149421909103981458760799332510379,-766247596070851303601074710954551990729380399666255189,0,766247596070851303601074710954551990729380399666255190,383123798035425651800537355477275995364690199833127595,-766247596070851303601074710954551990729380399666255189
302,383123798035425651800537355477275995364690199833127595,-766247596070851303601074710954551990729380399666255189,0,-383123798035425651800537355477275995364690199833127594,383123798035425651800537355477275995364690199833127595,-191561899017712825900268677738637997682345099916563797
303,383123798035425651800537355477275995364690199833127595,-191561899017712825900268677738637997682345099916563797,0,191561899017712825900268677738637997682345099916563798,95780949508856412950134338869318998841172549958281899,-191561899017712825900268677738637997682345099916563797
304,95780949508856412950134338869318998841172549958281899,-191561899017712825900268677738637997682345099916563797,0,-95780949508856412950134338869318998841172549958281898,95780949508856412950134338869318998841172549958281899,-47890474754428206475067169434659499420586274979140949
305,95780949508856412950134338869318998841172549958281899,-47890474754428206475067169434659499420586274979140949,0,47890474754428206475067169434659499420586274979140950,23945237377214103237533584717329749710293137489570475,-47890474754428206475067169434659499420586274979140949
306,23945237377214103237533584717329749710293137489570475,-47890474754428206475067169434659499420586274979140949,0,-23945237377214103237533584717329749710293137489570474,23945237377214103237533584717329749710293137489570475,-11972618688607051618766792358664874855146568744785237
307,23945237377214103237533584717329749710293137489570475,-11972618688607051618766792358664874855146568744785237,0,11972618688607051618766792358664874855146568744785238,5986309344303525809383396179332437427573284372392619,-11972618688607051618766792358664874855146568744785237
308,5986309344303525809383396179332437427573284372392619,-11972618688607051618766792358664874855146568744785237,0,-5986309344303525809383396179332437427573284372392618,5986309344303525809383396179332437427573284372392619,-2993154672151762904691698089666218713786642186196309
309,5986309344303525809383396179332437427573284372392619,-2993154672151762904691698089666218713786642186196309,0,2993154672151762904691698089666218713786642186196310,1496577336075881452345849044833109356893321093098155,-2993154672151762904691698089666218713786642186196309
310,1496577336075881452345849044833109356893321093098155,-2993154672151762904691698089666218713786642186196309,0,-1496577336075881452345849044833109356893321093098154,1496577336075881452345849044833109356893321093098155,-748288668037940726172924522416554678446660546549077
311,1496577336075881452345849044833109356893321093098155,-748288668037940726172924522416554678446660546549077,0,748288668037940726172924522416554678446660546549078,374144334018970363086462261208277339223330273274539,-748288668037940726172924522416554678446660546549077
312,374144334018970363086462261208277339223330273274539,-748288668037940726172924522416554678446660546549077,0,-374144334018970363086462261208277339223330273274538,374144334018970363086462261208277339223330273274539,-187072167009485181543231130604138669611665136637269
313,374144334018970363086462261208277339223330273274539,-187072167009485181543231130604138669611665136637269,0,187072167009485181543231130604138669611665136637270,93536083504742590771615565302069334805832568318635,-187072167009485181543231130604138669611665136637269
314,93536083504742590771615565302069334805832568318635,-187072167009485181543231130604138669611665136637269,0,-93536083504742590771615565302069334805832568318634,93536083504742590771615565302069334805832568318635,-46768041752371295385807782651034667402916284159317
315,93536083504742590771615565302069334805832568318635,-46768041752371295385807782651034667402916284159317,0,46768041752371295385807782651034667402916284159318,23384020876185647692903891325517333701458142079659,-46768041752371295385807782651034667402916284159317
316,23384020876185647692903891325517333701458142079659,-46768041752371295385807782651034667402916284159317,0,-23384020876185647692903891325517333701458142079658,23384020876185647692903891325517333701458142079659,-11692010438092823846451945662758666850729071039829
317,23384020876185647692903891325517333701458142079659,-11692010438092823846451945662758666850729071039829,0,11692010438092823846451945662758666850729071039830,5846005219046411923225972831379333425364535519915,-11692010438092823846451945662758666850729071039829
318,5846005219046411923225972831379333425364535519915,-11692010438092823846451945662758666850729071039829,0,-5846005219046411923225972831379333425364535519914,5846005219046411923225972831379333425364535519915,-2923002609523205961612986415689666712682267759957
319,5846005219046411923225972831379333425364535519915,-2923002609523205961612986415689666712682267759957,0,2923002609523205961612986415689666712682267759958,1461501304761602980806493207844833356341133879979,-2923002609523205961612986415689666712682267759957
320,1461501304761602980806493207844833356341133879979,-2923002609523205961612986415689666712682267759957,0,-1461501304761602980806493207844833356341133879978,1461501304761602980806493207844833356341133879979,-730750652380801490403246603922416678170566939989
321,1461501304761602980806493207844833356341133879979,-730750652380801490403246603922416678170566939989,0,730750652380801490403246603922416678170566939990,365375326190400745201623301961208339085283469995,-730750652380801490403246603922416678170566939989
322,365375326190400745201623301961208339085283469995,-730750652380801490403246603922416678170566939989,0,-365375326190400745201623301961208339085283469994,365375326190400745201623301961208339085283469995,-182687663095200372600811650980604169542641734997
323,365375326190400745201623301961208339085283469995,-182687663095200372600811650980604169542641734997,0,182687663095200372600811650980604169542641734998,91343831547600186300405825490302084771320867499,-182687663095200372600811650980604169542641734997
324,91343831547600186300405825490302084771320867499,-182687663095200372600811650980604169542641734997,0,-91343831547600186300405825490302084771320867498,91343831547600186300405825490302084771320867499,-45671915773800093150202912745151042385660433749
325,91343831547600186300405825490302084771320867499,-45671915773800093150202912745151042385660433749,0,45671915773800093150202912745151042385660433750,22835957886900046575101456372575521192830216875,-45671915773800093150202912745151042385660433749
326,22835957886900046575101456372575521192830216875,-45671915773800093150202912745151042385660433749,0,-22835957886900046575101456372575521192830216874,22835957886900046575101456372575521192830216875,-11417978943450023287550728186287760596415108437
327,22835957886900046575101456372575521192830216875,-11417978943450023287550728186287760596415108437,0,11417978943450023287550728186287760596415108438,5708989471725011643775364093143880298207554219,-11417978943450023287550728186287760596415108437
328,5708989471725011643775364093143880298207554219,-11417978943450023287550728186287760596415108437,0,-5708989471725011643775364093143880298207554218,5708989471725011643775364093143880298207554219,-2854494735862505821887682046571940149103777109
329,5708989471725011643775364093143880298207554219,-2854494735862505821887682046571940149103777109,0,2854494735862505821887682046571940149103777110,1427247367931252910943841023285970074551888555,-2854494735862505821887682046571940149103777109
330,1427247367931252910943841023285970074551888555,-2854494735862505821887682046571940149103777109,0,-1427247367931252910943841023285970074551888554,1427247367931252910943841023285970074551888555,-713623683965626455471920511642985037275944277
331,1427247367931252910943841023285970074551888555,-713623683965626455471920511642985037275944277,0,713623683965626455471920511642985037275944278,356811841982813227735960255821492518637972139,-713623683965626455471920511642985037275944277
332,356811841982813227735960255821492518637972139,-713623683965626455471920511642985037275944277,0,-356811841982813227735960255821492518637972138,356811841982813227735960255821492518637972139,-178405920991406613867980127910746259318986069
333,356811841982813227735960255821492518637972139,-178405920991406613867980127910746259318986069,0,178405920991406613867980127910746259318986070,89202960495703306933990063955373129659493035,-178405920991406613867980127910746259318986069
334,89202960495703306933990063955373129659493035,-178405920991406613867980127910746259318986069,0,-89202960495703306933990063955373129659493034,89202960495703306933990063955373129659493035,-44601480247851653466995031977686564829746517
335,89202960495703306933990063955373129659493035,-44601480247851653466995031977686564829746517,0,44601480247851653466995031977686564829746518,22300740123925826733497515988843282414873259,-44601480247851653466995031977686564829746517
336,22300740123925826733497515988843282414873259,-44601480247851653466995031977686564829746517,0,-22300740123925826733497515988843282414873258,22300740123925826733497515988843282414873259,-11150370061962913366748757994421641207436629
337,22300740123925826733497515988843282414873259,-11150370061962913366748757994421641207436629,0,11150370061962913366748757994421641207436630,5575185030981456683374378997210820603718315,-11150370061962913366748757994421641207436629
338,5575185030981456683374378997210820603718315,-11150370061962913366748757994421641207436629,0,-5575185030981456683374378997210820603718314,5575185030981456683374378997210820603718315,-2787592515490728341687189498605410301859157
339,5575185030981456683374378997210820603718315,-2787592515490728341687189498605410301859157,0,2787592515490728341687189498605410301859158,1393796257745364170843594749302705150929579,-2787592515490728341687189498605410301859157
340,1393796257745364170843594749302705150929579,-2787592515490728341687189498605410301859157,0,-1393796257745364170843594749302705150929578,1393796257745364170843594749302705150929579,-696898128872682085421797374651352575464789
341,1393796257745364170843594749302705150929579,-696898128872682085421797374651352575464789,0,696898128872682085421797374651352575464790,348449064436341042710898687325676287732395,-696898128872682085421797374651352575464789
342,348449064436341042710898687325676287732395,-696898128872682085421797374651352575464789,0,-348449064436341042710898687325676287732394,348449064436341042710898687325676287732395,-174224532218170521355449343662838143866197
343,348449064436341042710898687325676287732395,-174224532218170521355449343662838143866197,0,174224532218170521355449343662838143866198,87112266109085260677724671831419071933099,-174224532218170521355449343662838143866197
344,87112266109085260677724671831419071933099,-174224532218170521355449343662838143866197,0,-87112266109085260677724671831419071933098,87112266109085260677724671831419071933099,-43556133054542630338862335915709535966549
345,87112266109085260677724671831419071933099,-43556133054542630338862335915709535966549,0,43556133054542630338862335915709535966550,21778066527271315169431167957854767983275,-43556133054542630338862335915709535966549
346,21778066527271315169431167957854767983275,-43556133054542630338862335915709535966549,0,-21778066527271315169431167957854767983274,21778066527271315169431167957854767983275,-10889033263635657584715583978927383991637
347,21778066527271315169431167957854767983275,-10889033263635657584715583978927383991637,0,10889033263635657584715583978927383991638,5444516631817828792357791989463691995819,-10889033263635657584715583978927383991637
348,5444516631817828792357791989463691995819,-10889033263635657584715583978927383991637,0,-5444516631817828792357791989463691995818,5444516631817828792357791989463691995819,-2722258315908914396178895994731845997909
349,5444516631817828792357791989463691995819,-2722258315908914396178895994731845997909,0,2722258315908914396178895994731845997910,1361129157954457198089447997365922998955,-2722258315908914396178895994731845997909
350,1361129157954457198089447997365922998955,-2722258315908914396178895994731845997909,0,-1361129157954457198089447997365922998954,1361129157954457198089447997365922998955,-680564578977228599044723998682961499477
351,1361129157954457198089447997365922998955,-680564578977228599044723998682961499477,0,680564578977228599044723998682961499478,340282289488614299522361999341480749739,-680564578977228599044723998682961499477
352,340282289488614299522361999341480749739,-680564578977228599044723998682961499477,0,-340282289488614299522361999341480749738,340282289488614299522361999341480749739,-170141144744307149761180999670740374869
353,340282289488614299522361999341480749739,-170141144744307149761180999670740374869,0,170141144744307149761180999670740374870,85070572372153574880590499835370187435,-170141144744307149761180999670740374869
354,85070572372153574880590499835370187435,-170141144744307149761180999670740374869,0,-85070572372153574880590499835370187434,85070572372153574880590499835370187435,-42535286186076787440295249917685093717
355,85070572372153574880590499835370187435,-42535286186076787440295249917685093717,0,42535286186076787440295249917685093718,21267643093038393720147624958842546859,-42535286186076787440295249917685093717
356,21267643093038393720147624958842546859,-42535286186076787440295249917685093717,0,-21267643093038393720147624958842546858,21267643093038393720147624958842546859,-10633821546519196860073812479421273429
357,21267643093038393720147624958842546859,-10633821546519196860073812479421273429,0,10633821546519196860073812479421273430,5316910773259598430036906239710636715,-10633821546519196860073812479421273429
358,5316910773259598430036906239710636715,-10633821546519196860073812479421273429,0,-5316910773259598430036906239710636714,5316910773259598430036906239710636715,-2658455386629799215018453119855318357
359,5316910773259598430036906239710636715,-2658455386629799215018453119855318357,0,2658455386629799215018453119855318358,1329227693314899607509226559927659179,-2658455386629799215018453119855318357
360,1329227693314899607509226559927659179,-2658455386629799215018453119855318357,0,-1329227693314899607509226559927659178,1329227693314899607509226559927659179,-664613846657449803754613279963829589
361,1329227693314899607509226559927659179,-664613846657449803754613279963829589,0,664613846657449803754613279963829590,332306923328724901877306639981914795,-664613846657449803754613279963829589
362,332306923328724901877306639981914795,-664613846657449803754613279963829589,0,-332306923328724901877306639981914794,332306923328724901877306639981914795,-166153461664362450938653319990957397
363,332306923328724901877306639981914795,-166153461664362450938653319990957397,0,166153461664362450938653319990957398,83076730832181225469326659995478699,-166153461664362450938653319990957397
364,83076730832181225469326659995478699,-166153461664362450938653319990957397,0,-83076730832181225469326659995478698,83076730832181225469326659995478699,-41538365416090612734663329997739349
365,83076730832181225469326659995478699,-41538365416090612734663329997739349,0,41538365416090612734663329997739350,20769182708045306367331664998869675,-41538365416090612734663329997739349
366,20769182708045306367331664998869675,-41538365416090612734663329997739349,0,-20769182708045306367331664998869674,20769182708045306367331664998869675,-10384591354022653183665832499434837
367,20769182708045306367331664998869675,-10384591354022653183665832499434837,0,10384591354022653183665832499434838,5192295677011326591832916249717419,-10384591354022653183665832499434837
368,5192295677011326591832916249717419,-10384591354022653183665832499434837,0,-5192295677011326591832916249717418,5192295677011326591832916249717419,-2596147838505663295916458124858709
369,5192295677011326591832916249717419,-2596147838505663295916458124858709,0,2596147838505663295916458124858710,1298073919252831647958229062429355,-2596147838505663295916458124858709
370,1298073919252831647958229062429355,-2596147838505663295916458124858709,0,-1298073919252831647958229062429354,1298073919252831647958229062429355,-649036959626415823979114531214677
371,1298073919252831647958229062429355,-649036959626415823979114531214677,0,649036959626415823979114531214678,324518479813207911989557265607339,-649036959626415823979114531214677
372,324518479813207911989557265607339,-649036959626415823979114531214677,0,-324518479813207911989557265607338,324518479813207911989557265607339,-162259239906603955994778632803669
373,324518479813207911989557265607339,-162259239906603955994778632803669,0,162259239906603955994778632803670,81129619953301977997389316401835,-162259239906603955994778632803669
374,81129619953301977997389316401835,-162259239906603955994778632803669,0,-81129619953301977997389316401834,81129619953301977997389316401835,-40564809976650988998694658200917
375,81129619953301977997389316401835,-40564809976650988998694658200917,0,40564809976650988998694658200918,20282404988325494499347329100459,-40564809976650988998694658200917
376,20282404988325494499347329100459,-40564809976650988998694658200917,0,-20282404988325494499347329100458,20282404988325494499347329100459,-10141202494162747249673664550229
377,20282404988325494499347329100459,-10141202494162747249673664550229,0,10141202494162747249673664550230,5070601247081373624836832275115,-10141202494162747249673664550229
378,5070601247081373624836832275115,-10141202494162747249673664550229,0,-5070601247081373624836832275114,5070601247081373624836832275115,-2535300623540686812418416137557
379,5070601247081373624836832275115,-2535300623540686812418416137557,0,2535300623540686812418416137558,1267650311770343406209208068779,-2535300623540686812418416137557
380,1267650311770343406209208068779,-2535300623540686812418416137557,0,-1267650311770343406209208068778,1267650311770343406209208068779,-633825155885171703104604034389
381,1267650311770343406209208068779,-633825155885171703104604034389,0,633825155885171703104604034390,316912577942585851552302017195,-633825155885171703104604034389
382,316912577942585851552302017195,-633825155885171703104604034389,0,-316912577942585851552302017194,316912577942585851552302017195,-158456288971292925776151008597
383,316912577942585851552302017195,-158456288971292925776151008597,0,158456288971292925776151008598,79228144485646462888075504299,-158456288971292925776151008597
384,79228144485646462888075504299,-158456288971292925776151008597,0,-79228144485646462888075504298,79228144485646462888075504299,-39614072242823231444037752149
385,79228144485646462888075504299,-39614072242823231444037752149,0,39614072242823231444037752150,19807036121411615722018876075,-39614072242823231444037752149
386,19807036121411615722018876075,-39614072242823231444037752149,0,-19807036121411615722018876074,19807036121411615722018876075,-9903518060705807861009438037
387,19807036121411615722018876075,-9903518060705807861009438037,0,9903518060705807861009438038,4951759030352903930504719019,-9903518060705807861009438037
388,4951759030352903930504719019,-9903518060705807861009438037,0,-4951759030352903930504719018,4951759030352903930504719019,-2475879515176451965252359509
389,4951759030352903930504719019,-2475879515176451965252359509,0,2475879515176451965252359510,1237939757588225982626179755,-2475879515176451965252359509
390,1237939757588225982626179755,-2475879515176451965252359509,0,-1237939757588225982626179754,1237939757588225982626179755,-618969878794112991313089877
391,1237939757588225982626179755,-618969878794112991313089877,0,618969878794112991313089878,309484939397056495656544939,-618969878794112991313089877
392,309484939397056495656544939,-618969878794112991313089877,0,-309484939397056495656544938,309484939397056495656544939,-154742469698528247828272469
393,309484939397056495656544939,-154742469698528247828272469,0,154742469698528247828272470,77371234849264123914136235,-154742469698528247828272469
394,77371234849264123914136235,-154742469698528247828272469,0,-77371234849264123914136234,77371234849264123914136235,-38685617424632061957068117
395,77371234849264123914136235,-38685617424632061957068117,0,38685617424632061957068118,19342808712316030978534059,-38685617424632061957068117
396,19342808712316030978534059,-38685617424632061957068117,0,-19342808712316030978534058,19342808712316030978534059,-9671404356158015489267029
397,19342808712316030978534059,-9671404356158015489267029,0,9671404356158015489267030,4835702178079007744633515,-9671404356158015489267029
398,4835702178079007744633515,-9671404356158015489267029,0,-4835702178079007744633514,4835702178079007744633515,-2417851089039503872316757
399,4835702178079007744633515,-2417851089039503872316757,0,2417851089039503872316758,1208925544519751936158379,-2417851089039503872316757
400,1208925544519751936158379,-2417851089039503872316757,0,-1208925544519751936158378,1208925544519751936158379,-604462772259875968079189
401,1208925544519751936158379,-604462772259875968079189,0,604462772259875968079190,302231386129937984039595,-604462772259875968079189
402,302231386129937984039595,-604462772259875968079189,0,-302231386129937984039594,302231386129937984039595,-151115693064968992019797
403,302231386129937984039595,-151115693064968992019797,0,151115693064968992019798,75557846532484496009899,-151115693064968992019797
404,75557846532484496009899,-151115693064968992019797,0,-75557846532484496009898,75557846532484496009899,-37778923266242248004949
405,75557846532484496009899,-37778923266242248004949,0,37778923266242248004950,18889461633121124002475,-37778923266242248004949
406,18889461633121124002475,-37778923266242248004949,0,-18889461633121124002474,18889461633121124002475,-9444730816560562001237
407,18889461633121124002475,-9444730816560562001237,0,9444730816560562001238,4722365408280281000619,-9444730816560562001237
408,4722365408280281000619,-9444730816560562001237,0,-4722365408280281000618,4722365408280281000619,-2361182704140140500309
409,4722365408280281000619,-2361182704140140500309,0,2361182704140140500310,1180591352070070250155,-2361182704140140500309
410,1180591352070070250155,-2361182704140140500309,0,-1180591352070070250154,1180591352070070250155,-590295676035035125077
411,1180591352070070250155,-590295676035035125077,0,590295676035035125078,295147838017517562539,-590295676035035125077
412,295147838017517562539,-590295676035035125077,0,-295147838017517562538,295147838017517562539,-147573919008758781269
413,295147838017517562539,-147573919008758781269,0,147573919008758781270,73786959504379390635,-147573919008758781269
414,73786959504379390635,-147573919008758781269,0,-73786959504379390634,73786959504379390635,-36893479752189695317
415,73786959504379390635,-36893479752189695317,0,36893479752189695318,18446739876094847659,-36893479752189695317
416,18446739876094847659,-36893479752189695317,0,-18446739876094847658,18446739876094847659,-9223369938047423829
417,18446739876094847659,-9223369938047423829,0,9223369938047423830,4611684969023711915,-9223369938047423829
418,4611684969023711915,-9223369938047423829,0,-4611684969023711914,4611684969023711915,-2305842484511855957
419,4611684969023711915,-2305842484511855957,0,2305842484511855958,1152921242255927979,-2305842484511855957
420,1152921242255927979,-2305842484511855957,0,-1152921242255927978,1152921242255927979,-576460621127963989
421,1152921242255927979,-576460621127963989,0,576460621127963990,288230310563981995,-576460621127963989
422,288230310563981995,-576460621127963989,0,-288230310563981994,288230310563981995,-144115155281990997
423,288230310563981995,-144115155281990997,0,144115155281990998,72057577640995499,-144115155281990997
424,72057577640995499,-144115155281990997,0,-72057577640995498,72057577640995499,-36028788820497749
425,72057577640995499,-36028788820497749,0,36028788820497750,18014394410248875,-36028788820497749
426,18014394410248875,-36028788820497749,0,-18014394410248874,18014394410248875,-9007197205124437
427,18014394410248875,-9007197205124437,0,9007197205124438,4503598602562219,-9007197205124437
428,4503598602562219,-9007197205124437,0,-4503598602562218,4503598602562219,-2251799301281109
429,4503598602562219,-2251799301281109,0,2251799301281110,1125899650640555,-2251799301281109
430,1125899650640555,-2251799301281109,0,-1125899650640554,1125899650640555,-562949825320277
431,1125899650640555,-562949825320277,0,562949825320278,281474912660139,-562949825320277
432,281474912660139,-562949825320277,0,-281474912660138,281474912660139,-140737456330069
433,281474912660139,-140737456330069,0,140737456330070,70368728165035,-140737456330069
434,70368728165035,-140737456330069,0,-70368728165034,70368728165035,-35184364082517
435,70368728165035,-35184364082517,0,35184364082518,17592182041259,-35184364082517
436,17592182041259,-35184364082517,0,-17592182041258,17592182041259,-8796091020629
437,17592182041259,-8796091020629,0,8796091020630,4398045510315,-8796091020629
438,4398045510315,-8796091020629,0,-4398045510314,4398045510315,-2199022755157
439,4398045510315,-2199022755157,0,2199022755158,1099511377579,-2199022755157
440,1099511377579,-2199022755157,0,-1099511377578,1099511377579,-549755688789
441,1099511377579,-549755688789,0,549755688790,274877844395,-549755688789
442,274877844395,-549755688789,0,-274877844394,274877844395,-137438922197
443,274877844395,-137438922197,0,137438922198,68719461099,-137438922197
444,68719461099,-137438922197,0,-68719461098,68719461099,-34359730549
445,68719461099,-34359730549,0,34359730550,17179865275,-34359730549
446,17179865275,-34359730549,0,-17179865274,17179865275,-8589932637
447,17179865275,-8589932637,0,8589932638,4294966319,-8589932637
448,4294966319,-8589932637,0,-4294966318,4294966319,-2147483159
449,4294966319,-2147483159,1,6442449478,3221224739,-2147483159
450,3221224739,-2147483159,1,-5368707898,3221224739,-2684353949
451,3221224739,-2684353949,0,536870790,268435395,-2684353949
452,268435395,-2684353949,0,-2415918554,268435395,-1207959277
453,268435395,-1207959277,0,-939523882,-469761941,-1207959277
454,-469761941,-1207959277,0,-1677721218,-469761941,-838860609
455,-469761941,-838860609,0,-1308622550,-654311275,-838860609
456,-654311275,-838860609,1,-184549334,-654311275,-92274667
457,-654311275,-92274667,0,-746585942,-373292971,-92274667
458,-373292971,-92274667,0,-465567638,-373292971,-232783819
459,-373292971,-232783819,0,-606076790,-303038395,-232783819
460,-303038395,-232783819,0,-535822214,-303038395,-267911107
461,-303038395,-267911107,0,-570949502,-285474751,-267911107
462,-285474751,-267911107,0,-553385858,-285474751,-276692929
463,-285474751,-276692929,1,-8781822,-4390911,-276692929
464,-4390911,-276692929,1,-272302018,-4390911,-136151009
465,-4390911,-136151009,1,131760098,65880049,-136151009
466,65880049,-136151009,1,-202031058,65880049,-101015529
467,65880049,-101015529,1,166895578,83447789,-101015529
468,83447789,-101015529,1,-184463318,83447789,-92231659
469,83447789,-92231659,0,-8783870,-4391935,-92231659
470,-4391935,-92231659,0,-96623594,-4391935,-48311797
471,-4391935,-48311797,1,43919862,21959931,-48311797
472,21959931,-48311797,0,-26351866,21959931,-13175933
473,21959931,-13175933,0,8783998,4391999,-13175933
474,4391999,-13175933,0,-8783934,4391999,-4391967
475,4391999,-4391967,1,8783966,4391983,-4391967
476,4391983,-4391967,1,-8783950,4391983,-4391975
477,4391983,-4391975,1,8783958,4391979,-4391975
478,4391979,-4391975,1,-8783954,4391979,-4391977
479,4391979,-4391977,0,2,1,-4391977
480,1,-4391977,1,-4391978,1,-2195989
481,1,-2195989,1,2195990,1097995,-2195989
482,1097995,-2195989,0,-1097994,1097995,-548997
483,1097995,-548997,0,548998,274499,-548997
484,274499,-548997,0,-274498,274499,-137249
485,274499,-137249,0,137250,68625,-137249
486,68625,-137249,1,-205874,68625,-102937
487,68625,-102937,1,171562,85781,-102937
488,85781,-102937,1,-188718,85781,-94359
489,85781,-94359,0,-8578,-4289,-94359
490,-4289,-94359,1,-90070,-4289,-45035
491,-4289,-45035,1,40746,20373,-45035
492,20373,-45035,0,-24662,20373,-12331
493,20373,-12331,0,8042,4021,-12331
494,4021,-12331,0,-8310,4021,-4155
495,4021,-4155,0,-134,-67,-4155
496,-67,-4155,0,-4222,-67,-2111
497,-67,-2111,0,-2178,-1089,-2111
498,-1089,-2111,1,-1022,-1089,-511
499,-1089,-511,1,-578,-289,-511
500,-289,-511,1,-222,-289,-111
501,-289,-111,1,-178,-89,-111
502,-89,-111,1,-22,-89,-11
503,-89,-11,1,-78,-39,-11
504,-39,-11,0,-50,-39,-25
505,-39,-25,1,-14,-7,-25
506,-7,-25,1,-18,-7,-9
507,-7,-9,1,2,1,-9
508,1,-9,1,-10,1,-5
509,1,-5,1,6,3,-5
510,3,-5,0,-2,3,-1
511,3,-1,0,2,1,-1
