phase	start	end	ops	ccx	ccz	hmr	reset
tlm_coord_x_sub	0	6608	6608	330	2	331	590
tlm_coord_y_sub	6608	13216	6608	330	2	331	590
tlm_inverse	13216	13722	506	0	0	0	0
tlm_inverse_gcd_forward_shift_initial	13722	15254	1532	509	0	0	0
tlm_inverse_gcd_forward_compare_initial	15254	16020	766	255	0	0	0
tlm_inverse_gcd_forward_body_initial	16020	20404	4384	549	2	294	296
tlm_apply_inverse_fold_initial	20404	23262	2858	624	4	110	112
tlm_apply_inverse_swap_initial	23262	24030	768	256	0	0	0
tlm_apply_inverse_mod_sub_register_initial	24030	29764	5734	648	2	391	392
tlm_apply_inverse_mod_sub_fold_initial	29764	30423	659	55	2	55	55
tlm_apply_inverse_mod_sub_clean_initial	30423	30739	316	19	0	20	22
tlm_inverse_gcd_forward_codec_initial	30739	30748	9	1	0	0	2
tlm_inverse_gcd_forward_shift	30748	31768	1020	254	0	0	0
tlm_inverse_gcd_forward_compare	31768	32862	1094	279	0	23	24
tlm_inverse_gcd_forward_body	32862	37246	4384	549	2	294	296
tlm_apply_inverse_fold	37246	38966	1720	310	0	54	62
tlm_apply_inverse_swap	38966	39734	768	256	0	0	0
tlm_apply_inverse_mod_sub_register	39734	45496	5762	650	2	393	394
tlm_apply_inverse_mod_sub_fold	45496	46155	659	55	2	55	55
tlm_apply_inverse_mod_sub_clean	46155	46471	316	19	0	20	22
tlm_inverse_gcd_forward_codec	46471	46474	3	0	0	0	0
tlm_inverse_gcd_forward_shift	46474	47494	1020	254	0	0	0
tlm_inverse_gcd_forward_compare	47494	48588	1094	279	0	23	24
tlm_inverse_gcd_forward_body	48588	52972	4384	549	2	294	296
tlm_apply_inverse_fold	52972	54692	1720	310	0	54	62
tlm_apply_inverse_swap	54692	55460	768	256	0	0	0
tlm_apply_inverse_mod_sub_register	55460	61264	5804	653	2	396	397
tlm_apply_inverse_mod_sub_fold	61264	61923	659	55	2	55	55
tlm_apply_inverse_mod_sub_clean	61923	62239	316	19	0	20	22
tlm_inverse_gcd_forward_codec	62239	62242	3	0	0	0	0
tlm_inverse_gcd_forward_shift	62242	63262	1020	254	0	0	0
tlm_inverse_gcd_forward_compare	63262	64370	1108	280	0	24	25
tlm_inverse_gcd_forward_body	64370	68754	4384	549	2	294	296
tlm_apply_inverse_fold	68754	70474	1720	310	0	54	62
tlm_apply_inverse_swap	70474	71242	768	256	0	0	0
tlm_apply_inverse_mod_sub_register	71242	77088	5846	656	2	399	400
tlm_apply_inverse_mod_sub_fold	77088	77747	659	55	2	55	55
tlm_apply_inverse_mod_sub_clean	77747	78063	316	19	0	20	22
tlm_inverse_gcd_forward_codec	78063	78230	167	16	0	4	7
tlm_inverse_gcd_forward_shift	78230	79250	1020	254	0	0	0
tlm_inverse_gcd_forward_compare	79250	80372	1122	281	0	25	26
tlm_inverse_gcd_forward_body	80372	84756	4384	549	2	294	296
tlm_apply_inverse_fold	84756	86476	1720	310	0	54	62
tlm_apply_inverse_swap	86476	87244	768	256	0	0	0
tlm_apply_inverse_mod_sub_register	87244	93104	5860	657	2	400	401
tlm_apply_inverse_mod_sub_fold	93104	93763	659	55	2	55	55
tlm_apply_inverse_mod_sub_clean	93763	94079	316	19	0	20	22
tlm_inverse_gcd_forward_codec	94079	94082	3	0	0	0	0
tlm_inverse_gcd_forward_shift	94082	95102	1020	254	0	0	0
tlm_inverse_gcd_forward_compare	95102	96252	1150	283	0	27	28
tlm_inverse_gcd_forward_body	96252	100636	4384	549	2	294	296
tlm_apply_inverse_fold	100636	102356	1720	310	0	54	62
tlm_apply_inverse_swap	102356	103124	768	256	0	0	0
tlm_apply_inverse_mod_sub_register	103124	109026	5902	660	2	403	404
tlm_apply_inverse_mod_sub_fold	109026	109685	659	55	2	55	55
tlm_apply_inverse_mod_sub_clean	109685	110001	316	19	0	20	22
tlm_inverse_gcd_forward_codec	110001	110004	3	0	0	0	0
tlm_inverse_gcd_forward_shift	110004	111024	1020	254	0	0	0
tlm_inverse_gcd_forward_compare	111024	112174	1150	283	0	27	28
tlm_inverse_gcd_forward_body	112174	116558	4384	549	2	294	296
tlm_apply_inverse_fold	116558	118278	1720	310	0	54	62
tlm_apply_inverse_swap	118278	119046	768	256	0	0	0
tlm_apply_inverse_mod_sub_register	119046	124990	5944	663	2	406	407
tlm_apply_inverse_mod_sub_fold	124990	125649	659	55	2	55	55
tlm_apply_inverse_mod_sub_clean	125649	125965	316	19	0	20	22
tlm_inverse_gcd_forward_codec	125965	126132	167	16	0	4	7
tlm_inverse_gcd_forward_shift	126132	127152	1020	254	0	0	0
tlm_inverse_gcd_forward_compare	127152	128316	1164	284	0	28	29
tlm_inverse_gcd_forward_body	128316	132700	4384	549	2	294	296
tlm_apply_inverse_fold	132700	134420	1720	310	0	54	62
tlm_apply_inverse_swap	134420	135188	768	256	0	0	0
tlm_apply_inverse_mod_sub_register	135188	141146	5958	664	2	407	408
tlm_apply_inverse_mod_sub_fold	141146	141805	659	55	2	55	55
tlm_apply_inverse_mod_sub_clean	141805	142121	316	19	0	20	22
tlm_inverse_gcd_forward_codec	142121	142124	3	0	0	0	0
tlm_inverse_gcd_forward_shift	142124	143144	1020	254	0	0	0
tlm_inverse_gcd_forward_compare	143144	144336	1192	286	0	30	31
tlm_inverse_gcd_forward_body	144336	148720	4384	549	2	294	296
tlm_apply_inverse_fold	148720	150440	1720	310	0	54	62
tlm_apply_inverse_swap	150440	151208	768	256	0	0	0
tlm_apply_inverse_mod_sub_register	151208	157208	6000	667	2	410	411
tlm_apply_inverse_mod_sub_fold	157208	157867	659	55	2	55	55
tlm_apply_inverse_mod_sub_clean	157867	158183	316	19	0	20	22
tlm_inverse_gcd_forward_codec	158183	158186	3	0	0	0	0
tlm_inverse_gcd_forward_shift	158186	159206	1020	254	0	0	0
tlm_inverse_gcd_forward_compare	159206	160398	1192	286	0	30	31
tlm_inverse_gcd_forward_body	160398	164782	4384	549	2	294	296
tlm_apply_inverse_fold	164782	166502	1720	310	0	54	62
tlm_apply_inverse_swap	166502	167270	768	256	0	0	0
tlm_apply_inverse_mod_sub_register	167270	173312	6042	670	2	413	414
tlm_apply_inverse_mod_sub_fold	173312	173971	659	55	2	55	55
tlm_apply_inverse_mod_sub_clean	173971	174287	316	19	0	20	22
tlm_inverse_gcd_forward_codec	174287	174454	167	16	0	4	7
tlm_inverse_gcd_forward_shift	174454	175474	1020	254	0	0	0
tlm_inverse_gcd_forward_compare	175474	176694	1220	288	0	32	33
tlm_inverse_gcd_forward_body	176694	181078	4384	549	2	294	296
tlm_apply_inverse_fold	181078	182798	1720	310	0	54	62
tlm_apply_inverse_swap	182798	183566	768	256	0	0	0
tlm_apply_inverse_mod_sub_register	183566	189622	6056	671	2	414	415
tlm_apply_inverse_mod_sub_fold	189622	190281	659	55	2	55	55
tlm_apply_inverse_mod_sub_clean	190281	190597	316	19	0	20	22
tlm_inverse_gcd_forward_codec	190597	190600	3	0	0	0	0
tlm_inverse_gcd_forward_shift	190600	191618	1018	253	0	0	2
tlm_inverse_gcd_forward_compare	191618	192835	1217	287	0	32	33
tlm_inverse_gcd_forward_body	192835	197204	4369	547	2	293	295
tlm_apply_inverse_fold	197204	198924	1720	310	0	54	62
tlm_apply_inverse_swap	198924	199692	768	256	0	0	0
tlm_apply_inverse_mod_sub_register	199692	205762	6070	672	2	415	416
tlm_apply_inverse_mod_sub_fold	205762	206421	659	55	2	55	55
tlm_apply_inverse_mod_sub_clean	206421	206737	316	19	0	20	22
tlm_inverse_gcd_forward_codec	206737	206740	3	0	0	0	0
tlm_inverse_gcd_forward_shift	206740	207754	1014	252	0	0	2
tlm_inverse_gcd_forward_compare	207754	208968	1214	286	0	32	33
tlm_inverse_gcd_forward_body	208968	213322	4354	545	2	292	294
tlm_apply_inverse_fold	213322	215042	1720	310	0	54	62
tlm_apply_inverse_swap	215042	215810	768	256	0	0	0
tlm_apply_inverse_mod_sub_register	215810	220271	4461	557	2	300	302
tlm_apply_inverse_mod_sub_fold	220271	220930	659	55	2	55	55
tlm_apply_inverse_mod_sub_clean	220930	221246	316	19	0	20	22
tlm_inverse_gcd_forward_codec	221246	221413	167	16	0	4	7
tlm_inverse_gcd_forward_shift	221413	222423	1010	251	0	0	2
tlm_inverse_gcd_forward_compare	222423	223634	1211	285	0	32	33
tlm_inverse_gcd_forward_body	223634	227973	4339	543	2	291	293
tlm_apply_inverse_fold	227973	229693	1720	310	0	54	62
tlm_apply_inverse_swap	229693	230461	768	256	0	0	0
tlm_apply_inverse_mod_sub_register	230461	234922	4461	557	2	300	302
tlm_apply_inverse_mod_sub_fold	234922	235581	659	55	2	55	55
tlm_apply_inverse_mod_sub_clean	235581	235897	316	19	0	20	22
tlm_inverse_gcd_forward_codec	235897	235900	3	0	0	0	0
tlm_inverse_gcd_forward_shift	235900	236906	1006	250	0	0	2
tlm_inverse_gcd_forward_compare	236906	238114	1208	284	0	32	33
tlm_inverse_gcd_forward_body	238114	242438	4324	541	2	290	292
tlm_apply_inverse_fold	242438	244158	1720	310	0	54	62
tlm_apply_inverse_swap	244158	244926	768	256	0	0	0
tlm_apply_inverse_mod_sub_register	244926	249387	4461	557	2	300	302
tlm_apply_inverse_mod_sub_fold	249387	250046	659	55	2	55	55
tlm_apply_inverse_mod_sub_clean	250046	250362	316	19	0	20	22
tlm_inverse_gcd_forward_codec	250362	250365	3	0	0	0	0
tlm_inverse_gcd_forward_shift	250365	251367	1002	249	0	0	2
tlm_inverse_gcd_forward_compare	251367	252572	1205	283	0	32	33
tlm_inverse_gcd_forward_body	252572	256881	4309	539	2	289	291
tlm_apply_inverse_fold	256881	258601	1720	310	0	54	62
tlm_apply_inverse_swap	258601	259369	768	256	0	0	0
tlm_apply_inverse_mod_sub_register	259369	263830	4461	557	2	300	302
tlm_apply_inverse_mod_sub_fold	263830	264489	659	55	2	55	55
tlm_apply_inverse_mod_sub_clean	264489	264805	316	19	0	20	22
tlm_inverse_gcd_forward_codec	264805	264972	167	16	0	4	7
tlm_inverse_gcd_forward_shift	264972	265970	998	248	0	0	2
tlm_inverse_gcd_forward_compare	265970	267186	1216	283	0	33	34
tlm_inverse_gcd_forward_body	267186	271480	4294	537	2	288	290
tlm_apply_inverse_fold	271480	273200	1720	310	0	54	62
tlm_apply_inverse_swap	273200	273968	768	256	0	0	0
tlm_apply_inverse_mod_sub_register	273968	278429	4461	557	2	300	302
tlm_apply_inverse_mod_sub_fold	278429	279088	659	55	2	55	55
tlm_apply_inverse_mod_sub_clean	279088	279404	316	19	0	20	22
tlm_inverse_gcd_forward_codec	279404	279407	3	0	0	0	0
tlm_inverse_gcd_forward_shift	279407	280401	994	247	0	0	2
tlm_inverse_gcd_forward_compare	280401	281614	1213	282	0	33	34
tlm_inverse_gcd_forward_body	281614	285893	4279	535	2	287	289
tlm_apply_inverse_fold	285893	287613	1720	310	0	54	62
tlm_apply_inverse_swap	287613	288381	768	256	0	0	0
tlm_apply_inverse_mod_sub_register	288381	292842	4461	557	2	300	302
tlm_apply_inverse_mod_sub_fold	292842	293501	659	55	2	55	55
tlm_apply_inverse_mod_sub_clean	293501	293817	316	19	0	20	22
tlm_inverse_gcd_forward_codec	293817	293820	3	0	0	0	0
tlm_inverse_gcd_forward_shift	293820	294810	990	246	0	0	2
tlm_inverse_gcd_forward_compare	294810	296006	1196	280	0	32	33
tlm_inverse_gcd_forward_body	296006	300270	4264	533	2	286	288
tlm_apply_inverse_fold	300270	301990	1720	310	0	54	62
tlm_apply_inverse_swap	301990	302758	768	256	0	0	0
tlm_apply_inverse_mod_sub_register	302758	307219	4461	557	2	300	302
tlm_apply_inverse_mod_sub_fold	307219	307878	659	55	2	55	55
tlm_apply_inverse_mod_sub_clean	307878	308194	316	19	0	20	22
tlm_inverse_gcd_forward_codec	308194	308361	167	16	0	4	7
tlm_inverse_gcd_forward_shift	308361	309347	986	245	0	0	2
tlm_inverse_gcd_forward_compare	309347	310554	1207	280	0	33	34
tlm_inverse_gcd_forward_body	310554	314803	4249	531	2	285	287
tlm_apply_inverse_fold	314803	316523	1720	310	0	54	62
tlm_apply_inverse_swap	316523	317291	768	256	0	0	0
tlm_apply_inverse_mod_sub_register	317291	321752	4461	557	2	300	302
tlm_apply_inverse_mod_sub_fold	321752	322411	659	55	2	55	55
tlm_apply_inverse_mod_sub_clean	322411	322727	316	19	0	20	22
tlm_inverse_gcd_forward_codec	322727	322730	3	0	0	0	0
tlm_inverse_gcd_forward_shift	322730	323712	982	244	0	0	2
tlm_inverse_gcd_forward_compare	323712	324916	1204	279	0	33	34
tlm_inverse_gcd_forward_body	324916	329150	4234	529	2	284	286
tlm_apply_inverse_fold	329150	330870	1720	310	0	54	62
tlm_apply_inverse_swap	330870	331638	768	256	0	0	0
tlm_apply_inverse_mod_sub_register	331638	336099	4461	557	2	300	302
tlm_apply_inverse_mod_sub_fold	336099	336758	659	55	2	55	55
tlm_apply_inverse_mod_sub_clean	336758	337074	316	19	0	20	22
tlm_inverse_gcd_forward_codec	337074	337077	3	0	0	0	0
tlm_inverse_gcd_forward_shift	337077	338055	978	243	0	0	2
tlm_inverse_gcd_forward_compare	338055	339256	1201	278	0	33	34
tlm_inverse_gcd_forward_body	339256	343475	4219	527	2	283	285
tlm_apply_inverse_fold	343475	345195	1720	310	0	54	62
tlm_apply_inverse_swap	345195	345963	768	256	0	0	0
tlm_apply_inverse_mod_sub_register	345963	350424	4461	557	2	300	302
tlm_apply_inverse_mod_sub_fold	350424	351083	659	55	2	55	55
tlm_apply_inverse_mod_sub_clean	351083	351399	316	19	0	20	22
tlm_inverse_gcd_forward_codec	351399	351566	167	16	0	4	7
tlm_inverse_gcd_forward_shift	351566	352540	974	242	0	0	2
tlm_inverse_gcd_forward_compare	352540	353724	1184	276	0	32	33
tlm_inverse_gcd_forward_body	353724	357928	4204	525	2	282	284
tlm_apply_inverse_fold	357928	359648	1720	310	0	54	62
tlm_apply_inverse_swap	359648	360416	768	256	0	0	0
tlm_apply_inverse_mod_sub_register	360416	364877	4461	557	2	300	302
tlm_apply_inverse_mod_sub_fold	364877	365536	659	55	2	55	55
tlm_apply_inverse_mod_sub_clean	365536	365852	316	19	0	20	22
tlm_inverse_gcd_forward_codec	365852	365855	3	0	0	0	0
tlm_inverse_gcd_forward_shift	365855	366825	970	241	0	0	2
tlm_inverse_gcd_forward_compare	366825	368034	1209	277	0	34	35
tlm_inverse_gcd_forward_body	368034	372223	4189	523	2	281	283
tlm_apply_inverse_fold	372223	373943	1720	310	0	54	62
tlm_apply_inverse_swap	373943	374711	768	256	0	0	0
tlm_apply_inverse_mod_sub_register	374711	379172	4461	557	2	300	302
tlm_apply_inverse_mod_sub_fold	379172	379831	659	55	2	55	55
tlm_apply_inverse_mod_sub_clean	379831	380147	316	19	0	20	22
tlm_inverse_gcd_forward_codec	380147	380150	3	0	0	0	0
tlm_inverse_gcd_forward_shift	380150	381116	966	240	0	0	2
tlm_inverse_gcd_forward_compare	381116	382322	1206	276	0	34	35
tlm_inverse_gcd_forward_body	382322	386496	4174	521	2	280	282
tlm_apply_inverse_fold	386496	388216	1720	310	0	54	62
tlm_apply_inverse_swap	388216	388984	768	256	0	0	0
tlm_apply_inverse_mod_sub_register	388984	393445	4461	557	2	300	302
tlm_apply_inverse_mod_sub_fold	393445	394104	659	55	2	55	55
tlm_apply_inverse_mod_sub_clean	394104	394420	316	19	0	20	22
tlm_inverse_gcd_forward_codec	394420	394587	167	16	0	4	7
tlm_inverse_gcd_forward_shift	394587	395549	962	239	0	0	2
tlm_inverse_gcd_forward_compare	395549	396738	1189	274	0	33	34
tlm_inverse_gcd_forward_body	396738	400897	4159	519	2	279	281
tlm_apply_inverse_fold	400897	402617	1720	310	0	54	62
tlm_apply_inverse_swap	402617	403385	768	256	0	0	0
tlm_apply_inverse_mod_sub_register	403385	407846	4461	557	2	300	302
tlm_apply_inverse_mod_sub_fold	407846	408505	659	55	2	55	55
tlm_apply_inverse_mod_sub_clean	408505	408821	316	19	0	20	22
tlm_inverse_gcd_forward_codec	408821	408824	3	0	0	0	0
tlm_inverse_gcd_forward_shift	408824	409782	958	238	0	0	2
tlm_inverse_gcd_forward_compare	409782	410968	1186	273	0	33	34
tlm_inverse_gcd_forward_body	410968	415112	4144	517	2	278	280
tlm_apply_inverse_fold	415112	416832	1720	310	0	54	62
tlm_apply_inverse_swap	416832	417600	768	256	0	0	0
tlm_apply_inverse_mod_sub_register	417600	422061	4461	557	2	300	302
tlm_apply_inverse_mod_sub_fold	422061	422720	659	55	2	55	55
tlm_apply_inverse_mod_sub_clean	422720	423036	316	19	0	20	22
tlm_inverse_gcd_forward_codec	423036	423039	3	0	0	0	0
tlm_inverse_gcd_forward_shift	423039	423993	954	237	0	0	2
tlm_inverse_gcd_forward_compare	423993	425190	1197	273	0	34	35
tlm_inverse_gcd_forward_body	425190	429319	4129	515	2	277	279
tlm_apply_inverse_fold	429319	431039	1720	310	0	54	62
tlm_apply_inverse_swap	431039	431807	768	256	0	0	0
tlm_apply_inverse_mod_sub_register	431807	436268	4461	557	2	300	302
tlm_apply_inverse_mod_sub_fold	436268	436927	659	55	2	55	55
tlm_apply_inverse_mod_sub_clean	436927	437243	316	19	0	20	22
tlm_inverse_gcd_forward_codec	437243	437410	167	16	0	4	7
tlm_inverse_gcd_forward_shift	437410	438360	950	236	0	0	2
tlm_inverse_gcd_forward_compare	438360	439540	1180	271	0	33	34
tlm_inverse_gcd_forward_body	439540	443654	4114	513	2	276	278
tlm_apply_inverse_fold	443654	445374	1720	310	0	54	62
tlm_apply_inverse_swap	445374	446142	768	256	0	0	0
tlm_apply_inverse_mod_sub_register	446142	450603	4461	557	2	300	302
tlm_apply_inverse_mod_sub_fold	450603	451262	659	55	2	55	55
tlm_apply_inverse_mod_sub_clean	451262	451578	316	19	0	20	22
tlm_inverse_gcd_forward_codec	451578	451581	3	0	0	0	0
tlm_inverse_gcd_forward_shift	451581	452527	946	235	0	0	2
tlm_inverse_gcd_forward_compare	452527	453704	1177	270	0	33	34
tlm_inverse_gcd_forward_body	453704	457803	4099	511	2	275	277
tlm_apply_inverse_fold	457803	459523	1720	310	0	54	62
tlm_apply_inverse_swap	459523	460291	768	256	0	0	0
tlm_apply_inverse_mod_sub_register	460291	464752	4461	557	2	300	302
tlm_apply_inverse_mod_sub_fold	464752	465411	659	55	2	55	55
tlm_apply_inverse_mod_sub_clean	465411	465727	316	19	0	20	22
tlm_inverse_gcd_forward_codec	465727	465730	3	0	0	0	0
tlm_inverse_gcd_forward_shift	465730	466672	942	234	0	0	2
tlm_inverse_gcd_forward_compare	466672	467874	1202	271	0	35	36
tlm_inverse_gcd_forward_body	467874	471958	4084	509	2	274	276
tlm_apply_inverse_fold	471958	473678	1720	310	0	54	62
tlm_apply_inverse_swap	473678	474446	768	256	0	0	0
tlm_apply_inverse_mod_sub_register	474446	478907	4461	557	2	300	302
tlm_apply_inverse_mod_sub_fold	478907	479566	659	55	2	55	55
tlm_apply_inverse_mod_sub_clean	479566	479882	316	19	0	20	22
tlm_inverse_gcd_forward_codec	479882	480049	167	16	0	4	7
tlm_inverse_gcd_forward_shift	480049	480987	938	233	0	0	2
tlm_inverse_gcd_forward_compare	480987	482158	1171	268	0	33	34
tlm_inverse_gcd_forward_body	482158	486227	4069	507	2	273	275
tlm_apply_inverse_fold	486227	487947	1720	310	0	54	62
tlm_apply_inverse_swap	487947	488715	768	256	0	0	0
tlm_apply_inverse_mod_sub_register	488715	493176	4461	557	2	300	302
tlm_apply_inverse_mod_sub_fold	493176	493835	659	55	2	55	55
tlm_apply_inverse_mod_sub_clean	493835	494151	316	19	0	20	22
tlm_inverse_gcd_forward_codec	494151	494154	3	0	0	0	0
tlm_inverse_gcd_forward_shift	494154	495088	934	232	0	0	2
tlm_inverse_gcd_forward_compare	495088	496270	1182	268	0	34	35
tlm_inverse_gcd_forward_body	496270	500324	4054	505	2	272	274
tlm_apply_inverse_fold	500324	502044	1720	310	0	54	62
tlm_apply_inverse_swap	502044	502812	768	256	0	0	0
tlm_apply_inverse_mod_sub_register	502812	507273	4461	557	2	300	302
tlm_apply_inverse_mod_sub_fold	507273	507932	659	55	2	55	55
tlm_apply_inverse_mod_sub_clean	507932	508248	316	19	0	20	22
tlm_inverse_gcd_forward_codec	508248	508251	3	0	0	0	0
tlm_inverse_gcd_forward_shift	508251	509181	930	231	0	0	2
tlm_inverse_gcd_forward_compare	509181	510360	1179	267	0	34	35
tlm_inverse_gcd_forward_body	510360	514399	4039	503	2	271	273
tlm_apply_inverse_fold	514399	516119	1720	310	0	54	62
tlm_apply_inverse_swap	516119	516887	768	256	0	0	0
tlm_apply_inverse_mod_sub_register	516887	521348	4461	557	2	300	302
tlm_apply_inverse_mod_sub_fold	521348	522007	659	55	2	55	55
tlm_apply_inverse_mod_sub_clean	522007	522323	316	19	0	20	22
tlm_inverse_gcd_forward_codec	522323	522490	167	16	0	4	7
tlm_inverse_gcd_forward_shift	522490	523416	926	230	0	0	2
tlm_inverse_gcd_forward_compare	523416	524592	1176	266	0	34	35
tlm_inverse_gcd_forward_body	524592	528616	4024	501	2	270	272
tlm_apply_inverse_fold	528616	530336	1720	310	0	54	62
tlm_apply_inverse_swap	530336	531104	768	256	0	0	0
tlm_apply_inverse_mod_sub_register	531104	535565	4461	557	2	300	302
tlm_apply_inverse_mod_sub_fold	535565	536224	659	55	2	55	55
tlm_apply_inverse_mod_sub_clean	536224	536540	316	19	0	20	22
tlm_inverse_gcd_forward_codec	536540	536543	3	0	0	0	0
tlm_inverse_gcd_forward_shift	536543	537465	922	229	0	0	2
tlm_inverse_gcd_forward_compare	537465	538638	1173	265	0	34	35
tlm_inverse_gcd_forward_body	538638	542647	4009	499	2	269	271
tlm_apply_inverse_fold	542647	544367	1720	310	0	54	62
tlm_apply_inverse_swap	544367	545135	768	256	0	0	0
tlm_apply_inverse_mod_sub_register	545135	549596	4461	557	2	300	302
tlm_apply_inverse_mod_sub_fold	549596	550255	659	55	2	55	55
tlm_apply_inverse_mod_sub_clean	550255	550571	316	19	0	20	22
tlm_inverse_gcd_forward_codec	550571	550574	3	0	0	0	0
tlm_inverse_gcd_forward_shift	550574	551492	918	228	0	0	2
tlm_inverse_gcd_forward_compare	551492	552676	1184	265	0	35	36
tlm_inverse_gcd_forward_body	552676	556670	3994	497	2	268	270
tlm_apply_inverse_fold	556670	558390	1720	310	0	54	62
tlm_apply_inverse_swap	558390	559158	768	256	0	0	0
tlm_apply_inverse_mod_sub_register	559158	563619	4461	557	2	300	302
tlm_apply_inverse_mod_sub_fold	563619	564278	659	55	2	55	55
tlm_apply_inverse_mod_sub_clean	564278	564594	316	19	0	20	22
tlm_inverse_gcd_forward_codec	564594	564761	167	16	0	4	7
tlm_inverse_gcd_forward_shift	564761	565675	914	227	0	0	2
tlm_inverse_gcd_forward_compare	565675	566842	1167	263	0	34	35
tlm_inverse_gcd_forward_body	566842	570821	3979	495	2	267	269
tlm_apply_inverse_fold	570821	572541	1720	310	0	54	62
tlm_apply_inverse_swap	572541	573309	768	256	0	0	0
tlm_apply_inverse_mod_sub_register	573309	577770	4461	557	2	300	302
tlm_apply_inverse_mod_sub_fold	577770	578429	659	55	2	55	55
tlm_apply_inverse_mod_sub_clean	578429	578745	316	19	0	20	22
tlm_inverse_gcd_forward_codec	578745	578748	3	0	0	0	0
tlm_inverse_gcd_forward_shift	578748	579658	910	226	0	0	2
tlm_inverse_gcd_forward_compare	579658	580836	1178	263	0	35	36
tlm_inverse_gcd_forward_body	580836	584800	3964	493	2	266	268
tlm_apply_inverse_fold	584800	586520	1720	310	0	54	62
tlm_apply_inverse_swap	586520	587288	768	256	0	0	0
tlm_apply_inverse_mod_sub_register	587288	591749	4461	557	2	300	302
tlm_apply_inverse_mod_sub_fold	591749	592408	659	55	2	55	55
tlm_apply_inverse_mod_sub_clean	592408	592724	316	19	0	20	22
tlm_inverse_gcd_forward_codec	592724	592727	3	0	0	0	0
tlm_inverse_gcd_forward_shift	592727	593633	906	225	0	0	2
tlm_inverse_gcd_forward_compare	593633	594808	1175	262	0	35	36
tlm_inverse_gcd_forward_body	594808	598757	3949	491	2	265	267
tlm_apply_inverse_fold	598757	600477	1720	310	0	54	62
tlm_apply_inverse_swap	600477	601245	768	256	0	0	0
tlm_apply_inverse_mod_sub_register	601245	605706	4461	557	2	300	302
tlm_apply_inverse_mod_sub_fold	605706	606365	659	55	2	55	55
tlm_apply_inverse_mod_sub_clean	606365	606681	316	19	0	20	22
tlm_inverse_gcd_forward_codec	606681	606848	167	16	0	4	7
tlm_inverse_gcd_forward_shift	606848	607750	902	224	0	0	2
tlm_inverse_gcd_forward_compare	607750	608922	1172	261	0	35	36
tlm_inverse_gcd_forward_body	608922	612856	3934	489	2	264	266
tlm_apply_inverse_fold	612856	614576	1720	310	0	54	62
tlm_apply_inverse_swap	614576	615344	768	256	0	0	0
tlm_apply_inverse_mod_sub_register	615344	619805	4461	557	2	300	302
tlm_apply_inverse_mod_sub_fold	619805	620464	659	55	2	55	55
tlm_apply_inverse_mod_sub_clean	620464	620780	316	19	0	20	22
tlm_inverse_gcd_forward_codec	620780	620783	3	0	0	0	0
tlm_inverse_gcd_forward_shift	620783	621681	898	223	0	0	2
tlm_inverse_gcd_forward_compare	621681	622836	1155	259	0	34	35
tlm_inverse_gcd_forward_body	622836	626755	3919	487	2	263	265
tlm_apply_inverse_fold	626755	628475	1720	310	0	54	62
tlm_apply_inverse_swap	628475	629243	768	256	0	0	0
tlm_apply_inverse_mod_sub_register	629243	633704	4461	557	2	300	302
tlm_apply_inverse_mod_sub_fold	633704	634363	659	55	2	55	55
tlm_apply_inverse_mod_sub_clean	634363	634679	316	19	0	20	22
tlm_inverse_gcd_forward_codec	634679	634682	3	0	0	0	0
tlm_inverse_gcd_forward_shift	634682	635576	894	222	0	0	2
tlm_inverse_gcd_forward_compare	635576	636742	1166	259	0	35	36
tlm_inverse_gcd_forward_body	636742	640646	3904	485	2	262	264
tlm_apply_inverse_fold	640646	642366	1720	310	0	54	62
tlm_apply_inverse_swap	642366	643134	768	256	0	0	0
tlm_apply_inverse_mod_sub_register	643134	647595	4461	557	2	300	302
tlm_apply_inverse_mod_sub_fold	647595	648254	659	55	2	55	55
tlm_apply_inverse_mod_sub_clean	648254	648570	316	19	0	20	22
tlm_inverse_gcd_forward_codec	648570	648737	167	16	0	4	7
tlm_inverse_gcd_forward_shift	648737	649627	890	221	0	0	2
tlm_inverse_gcd_forward_compare	649627	650790	1163	258	0	35	36
tlm_inverse_gcd_forward_body	650790	654679	3889	483	2	261	263
tlm_apply_inverse_fold	654679	656399	1720	310	0	54	62
tlm_apply_inverse_swap	656399	657167	768	256	0	0	0
tlm_apply_inverse_mod_sub_register	657167	661628	4461	557	2	300	302
tlm_apply_inverse_mod_sub_fold	661628	662287	659	55	2	55	55
tlm_apply_inverse_mod_sub_clean	662287	662603	316	19	0	20	22
tlm_inverse_gcd_forward_codec	662603	662606	3	0	0	0	0
tlm_inverse_gcd_forward_shift	662606	663492	886	220	0	0	2
tlm_inverse_gcd_forward_compare	663492	664652	1160	257	0	35	36
tlm_inverse_gcd_forward_body	664652	668526	3874	481	2	260	262
tlm_apply_inverse_fold	668526	670246	1720	310	0	54	62
tlm_apply_inverse_swap	670246	671014	768	256	0	0	0
tlm_apply_inverse_mod_sub_register	671014	675475	4461	557	2	300	302
tlm_apply_inverse_mod_sub_fold	675475	676134	659	55	2	55	55
tlm_apply_inverse_mod_sub_clean	676134	676450	316	19	0	20	22
tlm_inverse_gcd_forward_codec	676450	676453	3	0	0	0	0
tlm_inverse_gcd_forward_shift	676453	677335	882	219	0	0	2
tlm_inverse_gcd_forward_compare	677335	678492	1157	256	0	35	36
tlm_inverse_gcd_forward_body	678492	682351	3859	479	2	259	261
tlm_apply_inverse_fold	682351	684071	1720	310	0	54	62
tlm_apply_inverse_swap	684071	684839	768	256	0	0	0
tlm_apply_inverse_mod_sub_register	684839	689613	4774	579	3	322	325
tlm_apply_inverse_mod_sub_fold	689613	690272	659	55	2	55	55
tlm_apply_inverse_mod_sub_clean	690272	690588	316	19	0	20	22
tlm_inverse_gcd_forward_codec	690588	690755	167	16	0	4	7
tlm_inverse_gcd_forward_shift	690755	691633	878	218	0	0	2
tlm_inverse_gcd_forward_compare	691633	692801	1168	256	0	36	37
tlm_inverse_gcd_forward_body	692801	696645	3844	477	2	258	260
tlm_apply_inverse_fold	696645	698365	1720	310	0	54	62
tlm_apply_inverse_swap	698365	699133	768	256	0	0	0
tlm_apply_inverse_mod_sub_register	699133	703594	4461	557	2	300	302
tlm_apply_inverse_mod_sub_fold	703594	704253	659	55	2	55	55
tlm_apply_inverse_mod_sub_clean	704253	704569	316	19	0	20	22
tlm_inverse_gcd_forward_codec	704569	704572	3	0	0	0	0
tlm_inverse_gcd_forward_shift	704572	705446	874	217	0	0	2
tlm_inverse_gcd_forward_compare	705446	706597	1151	254	0	35	36
tlm_inverse_gcd_forward_body	706597	710426	3829	475	2	257	259
tlm_apply_inverse_fold	710426	712146	1720	310	0	54	62
tlm_apply_inverse_swap	712146	712914	768	256	0	0	0
tlm_apply_inverse_mod_sub_register	712914	717688	4774	579	3	322	325
tlm_apply_inverse_mod_sub_fold	717688	718347	659	55	2	55	55
tlm_apply_inverse_mod_sub_clean	718347	718663	316	19	0	20	22
tlm_inverse_gcd_forward_codec	718663	718666	3	0	0	0	0
tlm_inverse_gcd_forward_shift	718666	719536	870	216	0	0	2
tlm_inverse_gcd_forward_compare	719536	720698	1162	254	0	36	37
tlm_inverse_gcd_forward_body	720698	724512	3814	473	2	256	258
tlm_apply_inverse_fold	724512	726232	1720	310	0	54	62
tlm_apply_inverse_swap	726232	727000	768	256	0	0	0
tlm_apply_inverse_mod_sub_register	727000	731774	4774	579	3	322	325
tlm_apply_inverse_mod_sub_fold	731774	732433	659	55	2	55	55
tlm_apply_inverse_mod_sub_clean	732433	732749	316	19	0	20	22
tlm_inverse_gcd_forward_codec	732749	732916	167	16	0	4	7
tlm_inverse_gcd_forward_shift	732916	733782	866	215	0	0	2
tlm_inverse_gcd_forward_compare	733782	734927	1145	252	0	35	36
tlm_inverse_gcd_forward_body	734927	738726	3799	471	2	255	257
tlm_apply_inverse_fold	738726	740446	1720	310	0	54	62
tlm_apply_inverse_swap	740446	741214	768	256	0	0	0
tlm_apply_inverse_mod_sub_register	741214	745988	4774	579	3	322	325
tlm_apply_inverse_mod_sub_fold	745988	746647	659	55	2	55	55
tlm_apply_inverse_mod_sub_clean	746647	746963	316	19	0	20	22
tlm_inverse_gcd_forward_codec	746963	746966	3	0	0	0	0
tlm_inverse_gcd_forward_shift	746966	747828	862	214	0	0	2
tlm_inverse_gcd_forward_compare	747828	748984	1156	252	0	36	37
tlm_inverse_gcd_forward_body	748984	752768	3784	469	2	254	256
tlm_apply_inverse_fold	752768	754488	1720	310	0	54	62
tlm_apply_inverse_swap	754488	755256	768	256	0	0	0
tlm_apply_inverse_mod_sub_register	755256	760030	4774	579	3	322	325
tlm_apply_inverse_mod_sub_fold	760030	760689	659	55	2	55	55
tlm_apply_inverse_mod_sub_clean	760689	761005	316	19	0	20	22
tlm_inverse_gcd_forward_codec	761005	761008	3	0	0	0	0
tlm_inverse_gcd_forward_shift	761008	761866	858	213	0	0	2
tlm_inverse_gcd_forward_compare	761866	763019	1153	251	0	36	37
tlm_inverse_gcd_forward_body	763019	766788	3769	467	2	253	255
tlm_apply_inverse_fold	766788	768508	1720	310	0	54	62
tlm_apply_inverse_swap	768508	769276	768	256	0	0	0
tlm_apply_inverse_mod_sub_register	769276	774050	4774	579	3	322	325
tlm_apply_inverse_mod_sub_fold	774050	774709	659	55	2	55	55
tlm_apply_inverse_mod_sub_clean	774709	775025	316	19	0	20	22
tlm_inverse_gcd_forward_codec	775025	775192	167	16	0	4	7
tlm_inverse_gcd_forward_shift	775192	776046	854	212	0	0	2
tlm_inverse_gcd_forward_compare	776046	777196	1150	250	0	36	37
tlm_inverse_gcd_forward_body	777196	780950	3754	465	2	252	254
tlm_apply_inverse_fold	780950	782670	1720	310	0	54	62
tlm_apply_inverse_swap	782670	783438	768	256	0	0	0
tlm_apply_inverse_mod_sub_register	783438	788212	4774	579	3	322	325
tlm_apply_inverse_mod_sub_fold	788212	788871	659	55	2	55	55
tlm_apply_inverse_mod_sub_clean	788871	789187	316	19	0	20	22
tlm_inverse_gcd_forward_codec	789187	789190	3	0	0	0	0
tlm_inverse_gcd_forward_shift	789190	790040	850	211	0	0	2
tlm_inverse_gcd_forward_compare	790040	791187	1147	249	0	36	37
tlm_inverse_gcd_forward_body	791187	794926	3739	463	2	251	253
tlm_apply_inverse_fold	794926	796646	1720	310	0	54	62
tlm_apply_inverse_swap	796646	797414	768	256	0	0	0
tlm_apply_inverse_mod_sub_register	797414	802188	4774	579	3	322	325
tlm_apply_inverse_mod_sub_fold	802188	802847	659	55	2	55	55
tlm_apply_inverse_mod_sub_clean	802847	803163	316	19	0	20	22
tlm_inverse_gcd_forward_codec	803163	803166	3	0	0	0	0
tlm_inverse_gcd_forward_shift	803166	804012	846	210	0	0	2
tlm_inverse_gcd_forward_compare	804012	805156	1144	248	0	36	37
tlm_inverse_gcd_forward_body	805156	808880	3724	461	2	250	252
tlm_apply_inverse_fold	808880	810600	1720	310	0	54	62
tlm_apply_inverse_swap	810600	811368	768	256	0	0	0
tlm_apply_inverse_mod_sub_register	811368	816142	4774	579	3	322	325
tlm_apply_inverse_mod_sub_fold	816142	816801	659	55	2	55	55
tlm_apply_inverse_mod_sub_clean	816801	817117	316	19	0	20	22
tlm_inverse_gcd_forward_codec	817117	817284	167	16	0	4	7
tlm_inverse_gcd_forward_shift	817284	818126	842	209	0	0	2
tlm_inverse_gcd_forward_compare	818126	819267	1141	247	0	36	37
tlm_inverse_gcd_forward_body	819267	822976	3709	459	2	249	251
tlm_apply_inverse_fold	822976	824696	1720	310	0	54	62
tlm_apply_inverse_swap	824696	825464	768	256	0	0	0
tlm_apply_inverse_mod_sub_register	825464	830238	4774	579	3	322	325
tlm_apply_inverse_mod_sub_fold	830238	830897	659	55	2	55	55
tlm_apply_inverse_mod_sub_clean	830897	831213	316	19	0	20	22
tlm_inverse_gcd_forward_codec	831213	831216	3	0	0	0	0
tlm_inverse_gcd_forward_shift	831216	832054	838	208	0	0	2
tlm_inverse_gcd_forward_compare	832054	833206	1152	247	0	37	38
tlm_inverse_gcd_forward_body	833206	836900	3694	457	2	248	250
tlm_apply_inverse_fold	836900	838620	1720	310	0	54	62
tlm_apply_inverse_swap	838620	839388	768	256	0	0	0
tlm_apply_inverse_mod_sub_register	839388	844162	4774	579	3	322	325
tlm_apply_inverse_mod_sub_fold	844162	844821	659	55	2	55	55
tlm_apply_inverse_mod_sub_clean	844821	845137	316	19	0	20	22
tlm_inverse_gcd_forward_codec	845137	845140	3	0	0	0	0
tlm_inverse_gcd_forward_shift	845140	845974	834	207	0	0	2
tlm_inverse_gcd_forward_compare	845974	847123	1149	246	0	37	38
tlm_inverse_gcd_forward_body	847123	850802	3679	455	2	247	249
tlm_apply_inverse_fold	850802	852522	1720	310	0	54	62
tlm_apply_inverse_swap	852522	853290	768	256	0	0	0
tlm_apply_inverse_mod_sub_register	853290	858064	4774	579	3	322	325
tlm_apply_inverse_mod_sub_fold	858064	858723	659	55	2	55	55
tlm_apply_inverse_mod_sub_clean	858723	859039	316	19	0	20	22
tlm_inverse_gcd_forward_codec	859039	859206	167	16	0	4	7
tlm_inverse_gcd_forward_shift	859206	860036	830	206	0	0	2
tlm_inverse_gcd_forward_compare	860036	861182	1146	245	0	37	38
tlm_inverse_gcd_forward_body	861182	864846	3664	453	2	246	248
tlm_apply_inverse_fold	864846	866566	1720	310	0	54	62
tlm_apply_inverse_swap	866566	867334	768	256	0	0	0
tlm_apply_inverse_mod_sub_register	867334	872108	4774	579	3	322	325
tlm_apply_inverse_mod_sub_fold	872108	872767	659	55	2	55	55
tlm_apply_inverse_mod_sub_clean	872767	873083	316	19	0	20	22
tlm_inverse_gcd_forward_codec	873083	873086	3	0	0	0	0
tlm_inverse_gcd_forward_shift	873086	873912	826	205	0	0	2
tlm_inverse_gcd_forward_compare	873912	875055	1143	244	0	37	38
tlm_inverse_gcd_forward_body	875055	878704	3649	451	2	245	247
tlm_apply_inverse_fold	878704	880424	1720	310	0	54	62
tlm_apply_inverse_swap	880424	881192	768	256	0	0	0
tlm_apply_inverse_mod_sub_register	881192	885966	4774	579	3	322	325
tlm_apply_inverse_mod_sub_fold	885966	886625	659	55	2	55	55
tlm_apply_inverse_mod_sub_clean	886625	886941	316	19	0	20	22
tlm_inverse_gcd_forward_codec	886941	886944	3	0	0	0	0
tlm_inverse_gcd_forward_shift	886944	887766	822	204	0	0	2
tlm_inverse_gcd_forward_compare	887766	888906	1140	243	0	37	38
tlm_inverse_gcd_forward_body	888906	892540	3634	449	2	244	246
tlm_apply_inverse_fold	892540	894260	1720	310	0	54	62
tlm_apply_inverse_swap	894260	895028	768	256	0	0	0
tlm_apply_inverse_mod_sub_register	895028	899802	4774	579	3	322	325
tlm_apply_inverse_mod_sub_fold	899802	900461	659	55	2	55	55
tlm_apply_inverse_mod_sub_clean	900461	900777	316	19	0	20	22
tlm_inverse_gcd_forward_codec	900777	900944	167	16	0	4	7
tlm_inverse_gcd_forward_shift	900944	901762	818	203	0	0	2
tlm_inverse_gcd_forward_compare	901762	902899	1137	242	0	37	38
tlm_inverse_gcd_forward_body	902899	906518	3619	447	2	243	245
tlm_apply_inverse_fold	906518	908238	1720	310	0	54	62
tlm_apply_inverse_swap	908238	909006	768	256	0	0	0
tlm_apply_inverse_mod_sub_register	909006	913780	4774	579	3	322	325
tlm_apply_inverse_mod_sub_fold	913780	914439	659	55	2	55	55
tlm_apply_inverse_mod_sub_clean	914439	914755	316	19	0	20	22
tlm_inverse_gcd_forward_codec	914755	914758	3	0	0	0	0
tlm_inverse_gcd_forward_shift	914758	915572	814	202	0	0	2
tlm_inverse_gcd_forward_compare	915572	916706	1134	241	0	37	38
tlm_inverse_gcd_forward_body	916706	920310	3604	445	2	242	244
tlm_apply_inverse_fold	920310	922030	1720	310	0	54	62
tlm_apply_inverse_swap	922030	922798	768	256	0	0	0
tlm_apply_inverse_mod_sub_register	922798	927572	4774	579	3	322	325
tlm_apply_inverse_mod_sub_fold	927572	928231	659	55	2	55	55
tlm_apply_inverse_mod_sub_clean	928231	928547	316	19	0	20	22
tlm_inverse_gcd_forward_codec	928547	928550	3	0	0	0	0
tlm_inverse_gcd_forward_shift	928550	929360	810	201	0	0	2
tlm_inverse_gcd_forward_compare	929360	930491	1131	240	0	37	38
tlm_inverse_gcd_forward_body	930491	934080	3589	443	2	241	243
tlm_apply_inverse_fold	934080	935800	1720	310	0	54	62
tlm_apply_inverse_swap	935800	936568	768	256	0	0	0
tlm_apply_inverse_mod_sub_register	936568	941342	4774	579	3	322	325
tlm_apply_inverse_mod_sub_fold	941342	942001	659	55	2	55	55
tlm_apply_inverse_mod_sub_clean	942001	942317	316	19	0	20	22
tlm_inverse_gcd_forward_codec	942317	942484	167	16	0	4	7
tlm_inverse_gcd_forward_shift	942484	943290	806	200	0	0	2
tlm_inverse_gcd_forward_compare	943290	944418	1128	239	0	37	38
tlm_inverse_gcd_forward_body	944418	947992	3574	441	2	240	242
tlm_apply_inverse_fold	947992	949712	1720	310	0	54	62
tlm_apply_inverse_swap	949712	950480	768	256	0	0	0
tlm_apply_inverse_mod_sub_register	950480	955254	4774	579	3	322	325
tlm_apply_inverse_mod_sub_fold	955254	955913	659	55	2	55	55
tlm_apply_inverse_mod_sub_clean	955913	956229	316	19	0	20	22
tlm_inverse_gcd_forward_codec	956229	956232	3	0	0	0	0
tlm_inverse_gcd_forward_shift	956232	957034	802	199	0	0	2
tlm_inverse_gcd_forward_compare	957034	958159	1125	238	0	37	38
tlm_inverse_gcd_forward_body	958159	961718	3559	439	2	239	241
tlm_apply_inverse_fold	961718	963438	1720	310	0	54	62
tlm_apply_inverse_swap	963438	964206	768	256	0	0	0
tlm_apply_inverse_mod_sub_register	964206	968980	4774	579	3	322	325
tlm_apply_inverse_mod_sub_fold	968980	969639	659	55	2	55	55
tlm_apply_inverse_mod_sub_clean	969639	969955	316	19	0	20	22
tlm_inverse_gcd_forward_codec	969955	969958	3	0	0	0	0
tlm_inverse_gcd_forward_shift	969958	970756	798	198	0	0	2
tlm_inverse_gcd_forward_compare	970756	971878	1122	237	0	37	38
tlm_inverse_gcd_forward_body	971878	975422	3544	437	2	238	240
tlm_apply_inverse_fold	975422	977142	1720	310	0	54	62
tlm_apply_inverse_swap	977142	977910	768	256	0	0	0
tlm_apply_inverse_mod_sub_register	977910	982684	4774	579	3	322	325
tlm_apply_inverse_mod_sub_fold	982684	983343	659	55	2	55	55
tlm_apply_inverse_mod_sub_clean	983343	983659	316	19	0	20	22
tlm_inverse_gcd_forward_codec	983659	983826	167	16	0	4	7
tlm_inverse_gcd_forward_shift	983826	984620	794	197	0	0	2
tlm_inverse_gcd_forward_compare	984620	985739	1119	236	0	37	38
tlm_inverse_gcd_forward_body	985739	989268	3529	435	2	237	239
tlm_apply_inverse_fold	989268	990988	1720	310	0	54	62
tlm_apply_inverse_swap	990988	991756	768	256	0	0	0
tlm_apply_inverse_mod_sub_register	991756	996530	4774	579	3	322	325
tlm_apply_inverse_mod_sub_fold	996530	997189	659	55	2	55	55
tlm_apply_inverse_mod_sub_clean	997189	997505	316	19	0	20	22
tlm_inverse_gcd_forward_codec	997505	997508	3	0	0	0	0
tlm_inverse_gcd_forward_shift	997508	998298	790	196	0	0	2
tlm_inverse_gcd_forward_compare	998298	999428	1130	236	0	38	39
tlm_inverse_gcd_forward_body	999428	1002942	3514	433	2	236	238
tlm_apply_inverse_fold	1002942	1004662	1720	310	0	54	62
tlm_apply_inverse_swap	1004662	1005430	768	256	0	0	0
tlm_apply_inverse_mod_sub_register	1005430	1010204	4774	579	3	322	325
tlm_apply_inverse_mod_sub_fold	1010204	1010863	659	55	2	55	55
tlm_apply_inverse_mod_sub_clean	1010863	1011179	316	19	0	20	22
tlm_inverse_gcd_forward_codec	1011179	1011182	3	0	0	0	0
tlm_inverse_gcd_forward_shift	1011182	1011968	786	195	0	0	2
tlm_inverse_gcd_forward_compare	1011968	1013095	1127	235	0	38	39
tlm_inverse_gcd_forward_body	1013095	1016594	3499	431	2	235	237
tlm_apply_inverse_fold	1016594	1018314	1720	310	0	54	62
tlm_apply_inverse_swap	1018314	1019082	768	256	0	0	0
tlm_apply_inverse_mod_sub_register	1019082	1023856	4774	579	3	322	325
tlm_apply_inverse_mod_sub_fold	1023856	1024515	659	55	2	55	55
tlm_apply_inverse_mod_sub_clean	1024515	1024831	316	19	0	20	22
tlm_inverse_gcd_forward_codec	1024831	1024998	167	16	0	4	7
tlm_inverse_gcd_forward_shift	1024998	1025780	782	194	0	0	2
tlm_inverse_gcd_forward_compare	1025780	1026904	1124	234	0	38	39
tlm_inverse_gcd_forward_body	1026904	1030388	3484	429	2	234	236
tlm_apply_inverse_fold	1030388	1032108	1720	310	0	54	62
tlm_apply_inverse_swap	1032108	1032876	768	256	0	0	0
tlm_apply_inverse_mod_sub_register	1032876	1037650	4774	579	3	322	325
tlm_apply_inverse_mod_sub_fold	1037650	1038309	659	55	2	55	55
tlm_apply_inverse_mod_sub_clean	1038309	1038625	316	19	0	20	22
tlm_inverse_gcd_forward_codec	1038625	1038628	3	0	0	0	0
tlm_inverse_gcd_forward_shift	1038628	1039406	778	193	0	0	2
tlm_inverse_gcd_forward_compare	1039406	1040527	1121	233	0	38	39
tlm_inverse_gcd_forward_body	1040527	1043996	3469	427	2	233	235
tlm_apply_inverse_fold	1043996	1045716	1720	310	0	54	62
tlm_apply_inverse_swap	1045716	1046484	768	256	0	0	0
tlm_apply_inverse_mod_sub_register	1046484	1051258	4774	579	3	322	325
tlm_apply_inverse_mod_sub_fold	1051258	1051917	659	55	2	55	55
tlm_apply_inverse_mod_sub_clean	1051917	1052233	316	19	0	20	22
tlm_inverse_gcd_forward_codec	1052233	1052236	3	0	0	0	0
tlm_inverse_gcd_forward_shift	1052236	1053010	774	192	0	0	2
tlm_inverse_gcd_forward_compare	1053010	1054128	1118	232	0	38	39
tlm_inverse_gcd_forward_body	1054128	1057582	3454	425	2	232	234
tlm_apply_inverse_fold	1057582	1059302	1720	310	0	54	62
tlm_apply_inverse_swap	1059302	1060070	768	256	0	0	0
tlm_apply_inverse_mod_sub_register	1060070	1064844	4774	579	3	322	325
tlm_apply_inverse_mod_sub_fold	1064844	1065503	659	55	2	55	55
tlm_apply_inverse_mod_sub_clean	1065503	1065819	316	19	0	20	22
tlm_inverse_gcd_forward_codec	1065819	1065986	167	16	0	4	7
tlm_inverse_gcd_forward_shift	1065986	1066756	770	191	0	0	2
tlm_inverse_gcd_forward_compare	1066756	1067871	1115	231	0	38	39
tlm_inverse_gcd_forward_body	1067871	1071310	3439	423	2	231	233
tlm_apply_inverse_fold	1071310	1073030	1720	310	0	54	62
tlm_apply_inverse_swap	1073030	1073798	768	256	0	0	0
tlm_apply_inverse_mod_sub_register	1073798	1078572	4774	579	3	322	325
tlm_apply_inverse_mod_sub_fold	1078572	1079231	659	55	2	55	55
tlm_apply_inverse_mod_sub_clean	1079231	1079547	316	19	0	20	22
tlm_inverse_gcd_forward_codec	1079547	1079550	3	0	0	0	0
tlm_inverse_gcd_forward_shift	1079550	1080316	766	190	0	0	2
tlm_inverse_gcd_forward_compare	1080316	1081442	1126	231	0	39	40
tlm_inverse_gcd_forward_body	1081442	1084866	3424	421	2	230	232
tlm_apply_inverse_fold	1084866	1086586	1720	310	0	54	62
tlm_apply_inverse_swap	1086586	1087354	768	256	0	0	0
tlm_apply_inverse_mod_sub_register	1087354	1092128	4774	579	3	322	325
tlm_apply_inverse_mod_sub_fold	1092128	1092787	659	55	2	55	55
tlm_apply_inverse_mod_sub_clean	1092787	1093103	316	19	0	20	22
tlm_inverse_gcd_forward_codec	1093103	1093106	3	0	0	0	0
tlm_inverse_gcd_forward_shift	1093106	1093868	762	189	0	0	2
tlm_inverse_gcd_forward_compare	1093868	1094991	1123	230	0	39	40
tlm_inverse_gcd_forward_body	1094991	1098400	3409	419	2	229	231
tlm_apply_inverse_fold	1098400	1100120	1720	310	0	54	62
tlm_apply_inverse_swap	1100120	1100888	768	256	0	0	0
tlm_apply_inverse_mod_sub_register	1100888	1105662	4774	579	3	322	325
tlm_apply_inverse_mod_sub_fold	1105662	1106321	659	55	2	55	55
tlm_apply_inverse_mod_sub_clean	1106321	1106637	316	19	0	20	22
tlm_inverse_gcd_forward_codec	1106637	1106804	167	16	0	4	7
tlm_inverse_gcd_forward_shift	1106804	1107562	758	188	0	0	2
tlm_inverse_gcd_forward_compare	1107562	1108696	1134	230	0	40	41
tlm_inverse_gcd_forward_body	1108696	1112090	3394	417	2	228	230
tlm_apply_inverse_fold	1112090	1113810	1720	310	0	54	62
tlm_apply_inverse_swap	1113810	1114578	768	256	0	0	0
tlm_apply_inverse_mod_sub_register	1114578	1119352	4774	579	3	322	325
tlm_apply_inverse_mod_sub_fold	1119352	1120011	659	55	2	55	55
tlm_apply_inverse_mod_sub_clean	1120011	1120327	316	19	0	20	22
tlm_inverse_gcd_forward_codec	1120327	1120330	3	0	0	0	0
tlm_inverse_gcd_forward_shift	1120330	1121084	754	187	0	0	2
tlm_inverse_gcd_forward_compare	1121084	1122201	1117	228	0	39	40
tlm_inverse_gcd_forward_body	1122201	1125580	3379	415	2	227	229
tlm_apply_inverse_fold	1125580	1127300	1720	310	0	54	62
tlm_apply_inverse_swap	1127300	1128068	768	256	0	0	0
tlm_apply_inverse_mod_sub_register	1128068	1132842	4774	579	3	322	325
tlm_apply_inverse_mod_sub_fold	1132842	1133501	659	55	2	55	55
tlm_apply_inverse_mod_sub_clean	1133501	1133817	316	19	0	20	22
tlm_inverse_gcd_forward_codec	1133817	1133820	3	0	0	0	0
tlm_inverse_gcd_forward_shift	1133820	1134570	750	186	0	0	2
tlm_inverse_gcd_forward_compare	1134570	1135670	1100	226	0	38	39
tlm_inverse_gcd_forward_body	1135670	1139034	3364	413	2	226	228
tlm_apply_inverse_fold	1139034	1140754	1720	310	0	54	62
tlm_apply_inverse_swap	1140754	1141522	768	256	0	0	0
tlm_apply_inverse_mod_sub_register	1141522	1146296	4774	579	3	322	325
tlm_apply_inverse_mod_sub_fold	1146296	1146955	659	55	2	55	55
tlm_apply_inverse_mod_sub_clean	1146955	1147271	316	19	0	20	22
tlm_inverse_gcd_forward_codec	1147271	1147438	167	16	0	4	7
tlm_inverse_gcd_forward_shift	1147438	1148184	746	185	0	0	2
tlm_inverse_gcd_forward_compare	1148184	1149295	1111	226	0	39	40
tlm_inverse_gcd_forward_body	1149295	1152644	3349	411	2	225	227
tlm_apply_inverse_fold	1152644	1154364	1720	310	0	54	62
tlm_apply_inverse_swap	1154364	1155132	768	256	0	0	0
tlm_apply_inverse_mod_sub_register	1155132	1159906	4774	579	3	322	325
tlm_apply_inverse_mod_sub_fold	1159906	1160565	659	55	2	55	55
tlm_apply_inverse_mod_sub_clean	1160565	1160881	316	19	0	20	22
tlm_inverse_gcd_forward_codec	1160881	1160884	3	0	0	0	0
tlm_inverse_gcd_forward_shift	1160884	1161626	742	184	0	0	2
tlm_inverse_gcd_forward_compare	1161626	1162734	1108	225	0	39	40
tlm_inverse_gcd_forward_body	1162734	1166068	3334	409	2	224	226
tlm_apply_inverse_fold	1166068	1167788	1720	310	0	54	62
tlm_apply_inverse_swap	1167788	1168556	768	256	0	0	0
tlm_apply_inverse_mod_sub_register	1168556	1173330	4774	579	3	322	325
tlm_apply_inverse_mod_sub_fold	1173330	1173989	659	55	2	55	55
tlm_apply_inverse_mod_sub_clean	1173989	1174305	316	19	0	20	22
tlm_inverse_gcd_forward_codec	1174305	1174308	3	0	0	0	0
tlm_inverse_gcd_forward_shift	1174308	1175046	738	183	0	0	2
tlm_inverse_gcd_forward_compare	1175046	1176165	1119	225	0	40	41
tlm_inverse_gcd_forward_body	1176165	1179484	3319	407	2	223	225
tlm_apply_inverse_fold	1179484	1181204	1720	310	0	54	62
tlm_apply_inverse_swap	1181204	1181972	768	256	0	0	0
tlm_apply_inverse_mod_sub_register	1181972	1186746	4774	579	3	322	325
tlm_apply_inverse_mod_sub_fold	1186746	1187405	659	55	2	55	55
tlm_apply_inverse_mod_sub_clean	1187405	1187721	316	19	0	20	22
tlm_inverse_gcd_forward_codec	1187721	1187888	167	16	0	4	7
tlm_inverse_gcd_forward_shift	1187888	1188622	734	182	0	0	2
tlm_inverse_gcd_forward_compare	1188622	1189738	1116	224	0	40	41
tlm_inverse_gcd_forward_body	1189738	1193042	3304	405	2	222	224
tlm_apply_inverse_fold	1193042	1194762	1720	310	0	54	62
tlm_apply_inverse_swap	1194762	1195530	768	256	0	0	0
tlm_apply_inverse_mod_sub_register	1195530	1200304	4774	579	3	322	325
tlm_apply_inverse_mod_sub_fold	1200304	1200963	659	55	2	55	55
tlm_apply_inverse_mod_sub_clean	1200963	1201279	316	19	0	20	22
tlm_inverse_gcd_forward_codec	1201279	1201282	3	0	0	0	0
tlm_inverse_gcd_forward_shift	1201282	1202012	730	181	0	0	2
tlm_inverse_gcd_forward_compare	1202012	1203139	1127	224	0	41	42
tlm_inverse_gcd_forward_body	1203139	1206428	3289	403	2	221	223
tlm_apply_inverse_fold	1206428	1208148	1720	310	0	54	62
tlm_apply_inverse_swap	1208148	1208916	768	256	0	0	0
tlm_apply_inverse_mod_sub_register	1208916	1213690	4774	579	3	322	325
tlm_apply_inverse_mod_sub_fold	1213690	1214349	659	55	2	55	55
tlm_apply_inverse_mod_sub_clean	1214349	1214665	316	19	0	20	22
tlm_inverse_gcd_forward_codec	1214665	1214668	3	0	0	0	0
tlm_inverse_gcd_forward_shift	1214668	1215394	726	180	0	0	2
tlm_inverse_gcd_forward_compare	1215394	1216490	1096	221	0	39	40
tlm_inverse_gcd_forward_body	1216490	1219764	3274	401	2	220	222
tlm_apply_inverse_fold	1219764	1221484	1720	310	0	54	62
tlm_apply_inverse_swap	1221484	1222252	768	256	0	0	0
tlm_apply_inverse_mod_sub_register	1222252	1227026	4774	579	3	322	325
tlm_apply_inverse_mod_sub_fold	1227026	1227685	659	55	2	55	55
tlm_apply_inverse_mod_sub_clean	1227685	1228001	316	19	0	20	22
tlm_inverse_gcd_forward_codec	1228001	1228168	167	16	0	4	7
tlm_inverse_gcd_forward_shift	1228168	1228890	722	179	0	0	2
tlm_inverse_gcd_forward_compare	1228890	1229983	1093	220	0	39	40
tlm_inverse_gcd_forward_body	1229983	1233242	3259	399	2	219	221
tlm_apply_inverse_fold	1233242	1234962	1720	310	0	54	62
tlm_apply_inverse_swap	1234962	1235730	768	256	0	0	0
tlm_apply_inverse_mod_sub_register	1235730	1240504	4774	579	3	322	325
tlm_apply_inverse_mod_sub_fold	1240504	1241163	659	55	2	55	55
tlm_apply_inverse_mod_sub_clean	1241163	1241479	316	19	0	20	22
tlm_inverse_gcd_forward_codec	1241479	1241482	3	0	0	0	0
tlm_inverse_gcd_forward_shift	1241482	1242200	718	178	0	0	2
tlm_inverse_gcd_forward_compare	1242200	1243304	1104	220	0	40	41
tlm_inverse_gcd_forward_body	1243304	1246548	3244	397	2	218	220
tlm_apply_inverse_fold	1246548	1248268	1720	310	0	54	62
tlm_apply_inverse_swap	1248268	1249036	768	256	0	0	0
tlm_apply_inverse_mod_sub_register	1249036	1253810	4774	579	3	322	325
tlm_apply_inverse_mod_sub_fold	1253810	1254469	659	55	2	55	55
tlm_apply_inverse_mod_sub_clean	1254469	1254785	316	19	0	20	22
tlm_inverse_gcd_forward_codec	1254785	1254788	3	0	0	0	0
tlm_inverse_gcd_forward_shift	1254788	1255502	714	177	0	0	2
tlm_inverse_gcd_forward_compare	1255502	1256603	1101	219	0	40	41
tlm_inverse_gcd_forward_body	1256603	1259832	3229	395	2	217	219
tlm_apply_inverse_fold	1259832	1261552	1720	310	0	54	62
tlm_apply_inverse_swap	1261552	1262320	768	256	0	0	0
tlm_apply_inverse_mod_sub_register	1262320	1267094	4774	579	3	322	325
tlm_apply_inverse_mod_sub_fold	1267094	1267753	659	55	2	55	55
tlm_apply_inverse_mod_sub_clean	1267753	1268069	316	19	0	20	22
tlm_inverse_gcd_forward_codec	1268069	1268236	167	16	0	4	7
tlm_inverse_gcd_forward_shift	1268236	1268946	710	176	0	0	2
tlm_inverse_gcd_forward_compare	1268946	1270044	1098	218	0	40	41
tlm_inverse_gcd_forward_body	1270044	1273258	3214	393	2	216	218
tlm_apply_inverse_fold	1273258	1274978	1720	310	0	54	62
tlm_apply_inverse_swap	1274978	1275746	768	256	0	0	0
tlm_apply_inverse_mod_sub_register	1275746	1280520	4774	579	3	322	325
tlm_apply_inverse_mod_sub_fold	1280520	1281179	659	55	2	55	55
tlm_apply_inverse_mod_sub_clean	1281179	1281495	316	19	0	20	22
tlm_inverse_gcd_forward_codec	1281495	1281498	3	0	0	0	0
tlm_inverse_gcd_forward_shift	1281498	1282204	706	175	0	0	2
tlm_inverse_gcd_forward_compare	1282204	1283299	1095	217	0	40	41
tlm_inverse_gcd_forward_body	1283299	1286498	3199	391	2	215	217
tlm_apply_inverse_fold	1286498	1288218	1720	310	0	54	62
tlm_apply_inverse_swap	1288218	1288986	768	256	0	0	0
tlm_apply_inverse_mod_sub_register	1288986	1293760	4774	579	3	322	325
tlm_apply_inverse_mod_sub_fold	1293760	1294419	659	55	2	55	55
tlm_apply_inverse_mod_sub_clean	1294419	1294735	316	19	0	20	22
tlm_inverse_gcd_forward_codec	1294735	1294738	3	0	0	0	0
tlm_inverse_gcd_forward_shift	1294738	1295440	702	174	0	0	2
tlm_inverse_gcd_forward_compare	1295440	1296532	1092	216	0	40	41
tlm_inverse_gcd_forward_body	1296532	1299716	3184	389	2	214	216
tlm_apply_inverse_fold	1299716	1301436	1720	310	0	54	62
tlm_apply_inverse_swap	1301436	1302204	768	256	0	0	0
tlm_apply_inverse_mod_sub_register	1302204	1306978	4774	579	3	322	325
tlm_apply_inverse_mod_sub_fold	1306978	1307637	659	55	2	55	55
tlm_apply_inverse_mod_sub_clean	1307637	1307953	316	19	0	20	22
tlm_inverse_gcd_forward_codec	1307953	1308120	167	16	0	4	7
tlm_inverse_gcd_forward_shift	1308120	1308818	698	173	0	0	2
tlm_inverse_gcd_forward_compare	1308818	1309907	1089	215	0	40	41
tlm_inverse_gcd_forward_body	1309907	1313076	3169	387	2	213	215
tlm_apply_inverse_fold	1313076	1314796	1720	310	0	54	62
tlm_apply_inverse_swap	1314796	1315564	768	256	0	0	0
tlm_apply_inverse_mod_sub_register	1315564	1320338	4774	579	3	322	325
tlm_apply_inverse_mod_sub_fold	1320338	1320997	659	55	2	55	55
tlm_apply_inverse_mod_sub_clean	1320997	1321313	316	19	0	20	22
tlm_inverse_gcd_forward_codec	1321313	1321316	3	0	0	0	0
tlm_inverse_gcd_forward_shift	1321316	1322010	694	172	0	0	2
tlm_inverse_gcd_forward_compare	1322010	1323110	1100	215	0	41	42
tlm_inverse_gcd_forward_body	1323110	1326264	3154	385	2	212	214
tlm_apply_inverse_fold	1326264	1327984	1720	310	0	54	62
tlm_apply_inverse_swap	1327984	1328752	768	256	0	0	0
tlm_apply_inverse_mod_sub_register	1328752	1333526	4774	579	3	322	325
tlm_apply_inverse_mod_sub_fold	1333526	1334185	659	55	2	55	55
tlm_apply_inverse_mod_sub_clean	1334185	1334501	316	19	0	20	22
tlm_inverse_gcd_forward_codec	1334501	1334504	3	0	0	0	0
tlm_inverse_gcd_forward_shift	1334504	1335194	690	171	0	0	2
tlm_inverse_gcd_forward_compare	1335194	1336277	1083	213	0	40	41
tlm_inverse_gcd_forward_body	1336277	1339416	3139	383	2	211	213
tlm_apply_inverse_fold	1339416	1341136	1720	310	0	54	62
tlm_apply_inverse_swap	1341136	1341904	768	256	0	0	0
tlm_apply_inverse_mod_sub_register	1341904	1346678	4774	579	3	322	325
tlm_apply_inverse_mod_sub_fold	1346678	1347337	659	55	2	55	55
tlm_apply_inverse_mod_sub_clean	1347337	1347653	316	19	0	20	22
tlm_inverse_gcd_forward_codec	1347653	1347820	167	16	0	4	7
tlm_inverse_gcd_forward_shift	1347820	1348508	688	171	0	0	0
tlm_inverse_gcd_forward_compare	1348508	1349619	1111	215	0	42	43
tlm_inverse_gcd_forward_body	1349619	1352758	3139	383	2	211	213
tlm_apply_inverse_fold	1352758	1354478	1720	310	0	54	62
tlm_apply_inverse_swap	1354478	1355246	768	256	0	0	0
tlm_apply_inverse_mod_sub_register	1355246	1360020	4774	579	3	322	325
tlm_apply_inverse_mod_sub_fold	1360020	1360679	659	55	2	55	55
tlm_apply_inverse_mod_sub_clean	1360679	1360995	316	19	0	20	22
tlm_inverse_gcd_forward_codec	1360995	1360998	3	0	0	0	0
tlm_inverse_gcd_forward_shift	1360998	1361684	686	170	0	0	2
tlm_inverse_gcd_forward_compare	1361684	1362778	1094	213	0	41	42
tlm_inverse_gcd_forward_body	1362778	1365902	3124	381	2	210	212
tlm_apply_inverse_fold	1365902	1367622	1720	310	0	54	62
tlm_apply_inverse_swap	1367622	1368390	768	256	0	0	0
tlm_apply_inverse_mod_sub_register	1368390	1373164	4774	579	3	322	325
tlm_apply_inverse_mod_sub_fold	1373164	1373823	659	55	2	55	55
tlm_apply_inverse_mod_sub_clean	1373823	1374139	316	19	0	20	22
tlm_inverse_gcd_forward_codec	1374139	1374142	3	0	0	0	0
tlm_inverse_gcd_forward_shift	1374142	1374822	680	168	0	0	4
tlm_inverse_gcd_forward_compare	1374822	1375896	1074	210	0	40	41
tlm_inverse_gcd_forward_body	1375896	1378990	3094	377	2	208	210
tlm_apply_inverse_fold	1378990	1380710	1720	310	0	54	62
tlm_apply_inverse_swap	1380710	1381478	768	256	0	0	0
tlm_apply_inverse_mod_sub_register	1381478	1386252	4774	579	3	322	325
tlm_apply_inverse_mod_sub_fold	1386252	1386911	659	55	2	55	55
tlm_apply_inverse_mod_sub_clean	1386911	1387227	316	19	0	20	22
tlm_inverse_gcd_forward_codec	1387227	1387394	167	16	0	4	7
tlm_inverse_gcd_forward_shift	1387394	1388068	674	167	0	0	2
tlm_inverse_gcd_forward_compare	1388068	1389139	1071	209	0	40	41
tlm_inverse_gcd_forward_body	1389139	1392218	3079	375	2	207	209
tlm_apply_inverse_fold	1392218	1393938	1720	310	0	54	62
tlm_apply_inverse_swap	1393938	1394706	768	256	0	0	0
tlm_apply_inverse_mod_sub_register	1394706	1399480	4774	579	3	322	325
tlm_apply_inverse_mod_sub_fold	1399480	1400139	659	55	2	55	55
tlm_apply_inverse_mod_sub_clean	1400139	1400455	316	19	0	20	22
tlm_inverse_gcd_forward_codec	1400455	1400458	3	0	0	0	0
tlm_inverse_gcd_forward_shift	1400458	1401128	670	166	0	0	2
tlm_inverse_gcd_forward_compare	1401128	1402224	1096	210	0	42	43
tlm_inverse_gcd_forward_body	1402224	1405288	3064	373	2	206	208
tlm_apply_inverse_fold	1405288	1407008	1720	310	0	54	62
tlm_apply_inverse_swap	1407008	1407776	768	256	0	0	0
tlm_apply_inverse_mod_sub_register	1407776	1412550	4774	579	3	322	325
tlm_apply_inverse_mod_sub_fold	1412550	1413209	659	55	2	55	55
tlm_apply_inverse_mod_sub_clean	1413209	1413525	316	19	0	20	22
tlm_inverse_gcd_forward_codec	1413525	1413528	3	0	0	0	0
tlm_inverse_gcd_forward_shift	1413528	1414194	666	165	0	0	2
tlm_inverse_gcd_forward_compare	1414194	1415273	1079	208	0	41	42
tlm_inverse_gcd_forward_body	1415273	1418322	3049	371	2	205	207
tlm_apply_inverse_fold	1418322	1420042	1720	310	0	54	62
tlm_apply_inverse_swap	1420042	1420810	768	256	0	0	0
tlm_apply_inverse_mod_sub_register	1420810	1425584	4774	579	3	322	325
tlm_apply_inverse_mod_sub_fold	1425584	1426243	659	55	2	55	55
tlm_apply_inverse_mod_sub_clean	1426243	1426559	316	19	0	20	22
tlm_inverse_gcd_forward_codec	1426559	1426726	167	16	0	4	7
tlm_inverse_gcd_forward_shift	1426726	1427388	662	164	0	0	2
tlm_inverse_gcd_forward_compare	1427388	1428464	1076	207	0	41	42
tlm_inverse_gcd_forward_body	1428464	1431498	3034	369	2	204	206
tlm_apply_inverse_fold	1431498	1433218	1720	310	0	54	62
tlm_apply_inverse_swap	1433218	1433986	768	256	0	0	0
tlm_apply_inverse_mod_sub_register	1433986	1438760	4774	579	3	322	325
tlm_apply_inverse_mod_sub_fold	1438760	1439419	659	55	2	55	55
tlm_apply_inverse_mod_sub_clean	1439419	1439735	316	19	0	20	22
tlm_inverse_gcd_forward_codec	1439735	1439738	3	0	0	0	0
tlm_inverse_gcd_forward_shift	1439738	1440394	656	162	0	0	4
tlm_inverse_gcd_forward_compare	1440394	1441450	1056	204	0	40	41
tlm_inverse_gcd_forward_body	1441450	1444454	3004	365	2	202	204
tlm_apply_inverse_fold	1444454	1446174	1720	310	0	54	62
tlm_apply_inverse_swap	1446174	1446942	768	256	0	0	0
tlm_apply_inverse_mod_sub_register	1446942	1451716	4774	579	3	322	325
tlm_apply_inverse_mod_sub_fold	1451716	1452375	659	55	2	55	55
tlm_apply_inverse_mod_sub_clean	1452375	1452691	316	19	0	20	22
tlm_inverse_gcd_forward_codec	1452691	1452694	3	0	0	0	0
tlm_inverse_gcd_forward_shift	1452694	1453344	650	161	0	0	2
tlm_inverse_gcd_forward_compare	1453344	1454411	1067	204	0	41	42
tlm_inverse_gcd_forward_body	1454411	1457400	2989	363	2	201	203
tlm_apply_inverse_fold	1457400	1459120	1720	310	0	54	62
tlm_apply_inverse_swap	1459120	1459888	768	256	0	0	0
tlm_apply_inverse_mod_sub_register	1459888	1464662	4774	579	3	322	325
tlm_apply_inverse_mod_sub_fold	1464662	1465321	659	55	2	55	55
tlm_apply_inverse_mod_sub_clean	1465321	1465637	316	19	0	20	22
tlm_inverse_gcd_forward_codec	1465637	1465804	167	16	0	4	7
tlm_inverse_gcd_forward_shift	1465804	1466450	646	160	0	0	2
tlm_inverse_gcd_forward_compare	1466450	1467514	1064	203	0	41	42
tlm_inverse_gcd_forward_body	1467514	1470488	2974	361	2	200	202
tlm_apply_inverse_fold	1470488	1472208	1720	310	0	54	62
tlm_apply_inverse_swap	1472208	1472976	768	256	0	0	0
tlm_apply_inverse_mod_sub_register	1472976	1477750	4774	579	3	322	325
tlm_apply_inverse_mod_sub_fold	1477750	1478409	659	55	2	55	55
tlm_apply_inverse_mod_sub_clean	1478409	1478725	316	19	0	20	22
tlm_inverse_gcd_forward_codec	1478725	1478728	3	0	0	0	0
tlm_inverse_gcd_forward_shift	1478728	1479370	642	159	0	0	2
tlm_inverse_gcd_forward_compare	1479370	1480417	1047	201	0	40	41
tlm_inverse_gcd_forward_body	1480417	1483376	2959	359	2	199	201
tlm_apply_inverse_fold	1483376	1485096	1720	310	0	54	62
tlm_apply_inverse_swap	1485096	1485864	768	256	0	0	0
tlm_apply_inverse_mod_sub_register	1485864	1490638	4774	579	3	322	325
tlm_apply_inverse_mod_sub_fold	1490638	1491297	659	55	2	55	55
tlm_apply_inverse_mod_sub_clean	1491297	1491613	316	19	0	20	22
tlm_inverse_gcd_forward_codec	1491613	1491616	3	0	0	0	0
tlm_inverse_gcd_forward_shift	1491616	1492254	638	158	0	0	2
tlm_inverse_gcd_forward_compare	1492254	1493312	1058	201	0	41	42
tlm_inverse_gcd_forward_body	1493312	1496256	2944	357	2	198	200
tlm_apply_inverse_fold	1496256	1497976	1720	310	0	54	62
tlm_apply_inverse_swap	1497976	1498744	768	256	0	0	0
tlm_apply_inverse_mod_sub_register	1498744	1503518	4774	579	3	322	325
tlm_apply_inverse_mod_sub_fold	1503518	1504177	659	55	2	55	55
tlm_apply_inverse_mod_sub_clean	1504177	1504493	316	19	0	20	22
tlm_inverse_gcd_forward_codec	1504493	1504660	167	16	0	4	7
tlm_inverse_gcd_forward_shift	1504660	1505294	634	157	0	0	2
tlm_inverse_gcd_forward_compare	1505294	1506349	1055	200	0	41	42
tlm_inverse_gcd_forward_body	1506349	1509278	2929	355	2	197	199
tlm_apply_inverse_fold	1509278	1510998	1720	310	0	54	62
tlm_apply_inverse_swap	1510998	1511766	768	256	0	0	0
tlm_apply_inverse_mod_sub_register	1511766	1516540	4774	579	3	322	325
tlm_apply_inverse_mod_sub_fold	1516540	1517199	659	55	2	55	55
tlm_apply_inverse_mod_sub_clean	1517199	1517515	316	19	0	20	22
tlm_inverse_gcd_forward_codec	1517515	1517518	3	0	0	0	0
tlm_inverse_gcd_forward_shift	1517518	1518148	630	156	0	0	2
tlm_inverse_gcd_forward_compare	1518148	1519200	1052	199	0	41	42
tlm_inverse_gcd_forward_body	1519200	1522114	2914	353	2	196	198
tlm_apply_inverse_fold	1522114	1523834	1720	310	0	54	62
tlm_apply_inverse_swap	1523834	1524602	768	256	0	0	0
tlm_apply_inverse_mod_sub_register	1524602	1529376	4774	579	3	322	325
tlm_apply_inverse_mod_sub_fold	1529376	1530035	659	55	2	55	55
tlm_apply_inverse_mod_sub_clean	1530035	1530351	316	19	0	20	22
tlm_inverse_gcd_forward_codec	1530351	1530354	3	0	0	0	0
tlm_inverse_gcd_forward_shift	1530354	1530980	626	155	0	0	2
tlm_inverse_gcd_forward_compare	1530980	1532029	1049	198	0	41	42
tlm_inverse_gcd_forward_body	1532029	1534928	2899	351	2	195	197
tlm_apply_inverse_fold	1534928	1536648	1720	310	0	54	62
tlm_apply_inverse_swap	1536648	1537416	768	256	0	0	0
tlm_apply_inverse_mod_sub_register	1537416	1542190	4774	579	3	322	325
tlm_apply_inverse_mod_sub_fold	1542190	1542849	659	55	2	55	55
tlm_apply_inverse_mod_sub_clean	1542849	1543165	316	19	0	20	22
tlm_inverse_gcd_forward_codec	1543165	1543332	167	16	0	4	7
tlm_inverse_gcd_forward_shift	1543332	1543954	622	154	0	0	2
tlm_inverse_gcd_forward_compare	1543954	1545000	1046	197	0	41	42
tlm_inverse_gcd_forward_body	1545000	1547884	2884	349	2	194	196
tlm_apply_inverse_fold	1547884	1549604	1720	310	0	54	62
tlm_apply_inverse_swap	1549604	1550372	768	256	0	0	0
tlm_apply_inverse_mod_sub_register	1550372	1555146	4774	579	3	322	325
tlm_apply_inverse_mod_sub_fold	1555146	1555805	659	55	2	55	55
tlm_apply_inverse_mod_sub_clean	1555805	1556121	316	19	0	20	22
tlm_inverse_gcd_forward_codec	1556121	1556124	3	0	0	0	0
tlm_inverse_gcd_forward_shift	1556124	1556742	618	153	0	0	2
tlm_inverse_gcd_forward_compare	1556742	1557799	1057	197	0	42	43
tlm_inverse_gcd_forward_body	1557799	1560668	2869	347	2	193	195
tlm_apply_inverse_fold	1560668	1562388	1720	310	0	54	62
tlm_apply_inverse_swap	1562388	1563156	768	256	0	0	0
tlm_apply_inverse_mod_sub_register	1563156	1567930	4774	579	3	322	325
tlm_apply_inverse_mod_sub_fold	1567930	1568589	659	55	2	55	55
tlm_apply_inverse_mod_sub_clean	1568589	1568905	316	19	0	20	22
tlm_inverse_gcd_forward_codec	1568905	1568908	3	0	0	0	0
tlm_inverse_gcd_forward_shift	1568908	1569522	614	152	0	0	2
tlm_inverse_gcd_forward_compare	1569522	1570562	1040	195	0	41	42
tlm_inverse_gcd_forward_body	1570562	1573416	2854	345	2	192	194
tlm_apply_inverse_fold	1573416	1575136	1720	310	0	54	62
tlm_apply_inverse_swap	1575136	1575904	768	256	0	0	0
tlm_apply_inverse_mod_sub_register	1575904	1580678	4774	579	3	322	325
tlm_apply_inverse_mod_sub_fold	1580678	1581337	659	55	2	55	55
tlm_apply_inverse_mod_sub_clean	1581337	1581653	316	19	0	20	22
tlm_inverse_gcd_forward_codec	1581653	1581820	167	16	0	4	7
tlm_inverse_gcd_forward_shift	1581820	1582430	610	151	0	0	2
tlm_inverse_gcd_forward_compare	1582430	1583481	1051	195	0	42	43
tlm_inverse_gcd_forward_body	1583481	1586320	2839	343	2	191	193
tlm_apply_inverse_fold	1586320	1588040	1720	310	0	54	62
tlm_apply_inverse_swap	1588040	1588808	768	256	0	0	0
tlm_apply_inverse_mod_sub_register	1588808	1593582	4774	579	3	322	325
tlm_apply_inverse_mod_sub_fold	1593582	1594241	659	55	2	55	55
tlm_apply_inverse_mod_sub_clean	1594241	1594557	316	19	0	20	22
tlm_inverse_gcd_forward_codec	1594557	1594560	3	0	0	0	0
tlm_inverse_gcd_forward_shift	1594560	1595166	606	150	0	0	2
tlm_inverse_gcd_forward_compare	1595166	1596214	1048	194	0	42	43
tlm_inverse_gcd_forward_body	1596214	1599038	2824	341	2	190	192
tlm_apply_inverse_fold	1599038	1600758	1720	310	0	54	62
tlm_apply_inverse_swap	1600758	1601526	768	256	0	0	0
tlm_apply_inverse_mod_sub_register	1601526	1606300	4774	579	3	322	325
tlm_apply_inverse_mod_sub_fold	1606300	1606959	659	55	2	55	55
tlm_apply_inverse_mod_sub_clean	1606959	1607275	316	19	0	20	22
tlm_inverse_gcd_forward_codec	1607275	1607278	3	0	0	0	0
tlm_inverse_gcd_forward_shift	1607278	1607880	602	149	0	0	2
tlm_inverse_gcd_forward_compare	1607880	1608925	1045	193	0	42	43
tlm_inverse_gcd_forward_body	1608925	1611734	2809	339	2	189	191
tlm_apply_inverse_fold	1611734	1613454	1720	310	0	54	62
tlm_apply_inverse_swap	1613454	1614222	768	256	0	0	0
tlm_apply_inverse_mod_sub_register	1614222	1619309	5087	601	4	344	348
tlm_apply_inverse_mod_sub_fold	1619309	1619968	659	55	2	55	55
tlm_apply_inverse_mod_sub_clean	1619968	1620284	316	19	0	20	22
tlm_inverse_gcd_forward_codec	1620284	1620451	167	16	0	4	7
tlm_inverse_gcd_forward_shift	1620451	1621049	598	148	0	0	2
tlm_inverse_gcd_forward_compare	1621049	1622091	1042	192	0	42	43
tlm_inverse_gcd_forward_body	1622091	1624885	2794	337	2	188	190
tlm_apply_inverse_fold	1624885	1626605	1720	310	0	54	62
tlm_apply_inverse_swap	1626605	1627373	768	256	0	0	0
tlm_apply_inverse_mod_sub_register	1627373	1632147	4774	579	3	322	325
tlm_apply_inverse_mod_sub_fold	1632147	1632806	659	55	2	55	55
tlm_apply_inverse_mod_sub_clean	1632806	1633122	316	19	0	20	22
tlm_inverse_gcd_forward_codec	1633122	1633125	3	0	0	0	0
tlm_inverse_gcd_forward_shift	1633125	1633719	594	147	0	0	2
tlm_inverse_gcd_forward_compare	1633719	1634758	1039	191	0	42	43
tlm_inverse_gcd_forward_body	1634758	1637537	2779	335	2	187	189
tlm_apply_inverse_fold	1637537	1639257	1720	310	0	54	62
tlm_apply_inverse_swap	1639257	1640025	768	256	0	0	0
tlm_apply_inverse_mod_sub_register	1640025	1645112	5087	601	4	344	348
tlm_apply_inverse_mod_sub_fold	1645112	1645771	659	55	2	55	55
tlm_apply_inverse_mod_sub_clean	1645771	1646087	316	19	0	20	22
tlm_inverse_gcd_forward_codec	1646087	1646090	3	0	0	0	0
tlm_inverse_gcd_forward_shift	1646090	1646680	590	146	0	0	2
tlm_inverse_gcd_forward_compare	1646680	1647716	1036	190	0	42	43
tlm_inverse_gcd_forward_body	1647716	1650480	2764	333	2	186	188
tlm_apply_inverse_fold	1650480	1652200	1720	310	0	54	62
tlm_apply_inverse_swap	1652200	1652968	768	256	0	0	0
tlm_apply_inverse_mod_sub_register	1652968	1658055	5087	601	4	344	348
tlm_apply_inverse_mod_sub_fold	1658055	1658714	659	55	2	55	55
tlm_apply_inverse_mod_sub_clean	1658714	1659030	316	19	0	20	22
tlm_inverse_gcd_forward_codec	1659030	1659197	167	16	0	4	7
tlm_inverse_gcd_forward_shift	1659197	1659783	586	145	0	0	2
tlm_inverse_gcd_forward_compare	1659783	1660816	1033	189	0	42	43
tlm_inverse_gcd_forward_body	1660816	1663565	2749	331	2	185	187
tlm_apply_inverse_fold	1663565	1665285	1720	310	0	54	62
tlm_apply_inverse_swap	1665285	1666053	768	256	0	0	0
tlm_apply_inverse_mod_sub_register	1666053	1671140	5087	601	4	344	348
tlm_apply_inverse_mod_sub_fold	1671140	1671799	659	55	2	55	55
tlm_apply_inverse_mod_sub_clean	1671799	1672115	316	19	0	20	22
tlm_inverse_gcd_forward_codec	1672115	1672118	3	0	0	0	0
tlm_inverse_gcd_forward_shift	1672118	1672700	582	144	0	0	2
tlm_inverse_gcd_forward_compare	1672700	1673744	1044	189	0	43	44
tlm_inverse_gcd_forward_body	1673744	1676478	2734	329	2	184	186
tlm_apply_inverse_fold	1676478	1678198	1720	310	0	54	62
tlm_apply_inverse_swap	1678198	1678966	768	256	0	0	0
tlm_apply_inverse_mod_sub_register	1678966	1684053	5087	601	4	344	348
tlm_apply_inverse_mod_sub_fold	1684053	1684712	659	55	2	55	55
tlm_apply_inverse_mod_sub_clean	1684712	1685028	316	19	0	20	22
tlm_inverse_gcd_forward_codec	1685028	1685031	3	0	0	0	0
tlm_inverse_gcd_forward_shift	1685031	1685609	578	143	0	0	2
tlm_inverse_gcd_forward_compare	1685609	1686636	1027	187	0	42	43
tlm_inverse_gcd_forward_body	1686636	1689355	2719	327	2	183	185
tlm_apply_inverse_fold	1689355	1691075	1720	310	0	54	62
tlm_apply_inverse_swap	1691075	1691843	768	256	0	0	0
tlm_apply_inverse_mod_sub_register	1691843	1696930	5087	601	4	344	348
tlm_apply_inverse_mod_sub_fold	1696930	1697589	659	55	2	55	55
tlm_apply_inverse_mod_sub_clean	1697589	1697905	316	19	0	20	22
tlm_inverse_gcd_forward_codec	1697905	1698072	167	16	0	4	7
tlm_inverse_gcd_forward_shift	1698072	1698646	574	142	0	0	2
tlm_inverse_gcd_forward_compare	1698646	1699684	1038	187	0	43	44
tlm_inverse_gcd_forward_body	1699684	1702388	2704	325	2	182	184
tlm_apply_inverse_fold	1702388	1704108	1720	310	0	54	62
tlm_apply_inverse_swap	1704108	1704876	768	256	0	0	0
tlm_apply_inverse_mod_sub_register	1704876	1709963	5087	601	4	344	348
tlm_apply_inverse_mod_sub_fold	1709963	1710622	659	55	2	55	55
tlm_apply_inverse_mod_sub_clean	1710622	1710938	316	19	0	20	22
tlm_inverse_gcd_forward_codec	1710938	1710941	3	0	0	0	0
tlm_inverse_gcd_forward_shift	1710941	1711511	570	141	0	0	2
tlm_inverse_gcd_forward_compare	1711511	1712546	1035	186	0	43	44
tlm_inverse_gcd_forward_body	1712546	1715235	2689	323	2	181	183
tlm_apply_inverse_fold	1715235	1716955	1720	310	0	54	62
tlm_apply_inverse_swap	1716955	1717723	768	256	0	0	0
tlm_apply_inverse_mod_sub_register	1717723	1722810	5087	601	4	344	348
tlm_apply_inverse_mod_sub_fold	1722810	1723469	659	55	2	55	55
tlm_apply_inverse_mod_sub_clean	1723469	1723785	316	19	0	20	22
tlm_inverse_gcd_forward_codec	1723785	1723788	3	0	0	0	0
tlm_inverse_gcd_forward_shift	1723788	1724354	566	140	0	0	2
tlm_inverse_gcd_forward_compare	1724354	1725372	1018	184	0	42	43
tlm_inverse_gcd_forward_body	1725372	1728046	2674	321	2	180	182
tlm_apply_inverse_fold	1728046	1729766	1720	310	0	54	62
tlm_apply_inverse_swap	1729766	1730534	768	256	0	0	0
tlm_apply_inverse_mod_sub_register	1730534	1735621	5087	601	4	344	348
tlm_apply_inverse_mod_sub_fold	1735621	1736280	659	55	2	55	55
tlm_apply_inverse_mod_sub_clean	1736280	1736596	316	19	0	20	22
tlm_inverse_gcd_forward_codec	1736596	1736763	167	16	0	4	7
tlm_inverse_gcd_forward_shift	1736763	1737325	562	139	0	0	2
tlm_inverse_gcd_forward_compare	1737325	1738340	1015	183	0	42	43
tlm_inverse_gcd_forward_body	1738340	1740999	2659	319	2	179	181
tlm_apply_inverse_fold	1740999	1742719	1720	310	0	54	62
tlm_apply_inverse_swap	1742719	1743487	768	256	0	0	0
tlm_apply_inverse_mod_sub_register	1743487	1748574	5087	601	4	344	348
tlm_apply_inverse_mod_sub_fold	1748574	1749233	659	55	2	55	55
tlm_apply_inverse_mod_sub_clean	1749233	1749549	316	19	0	20	22
tlm_inverse_gcd_forward_codec	1749549	1749552	3	0	0	0	0
tlm_inverse_gcd_forward_shift	1749552	1750110	558	138	0	0	2
tlm_inverse_gcd_forward_compare	1750110	1751136	1026	183	0	43	44
tlm_inverse_gcd_forward_body	1751136	1753780	2644	317	2	178	180
tlm_apply_inverse_fold	1753780	1755500	1720	310	0	54	62
tlm_apply_inverse_swap	1755500	1756268	768	256	0	0	0
tlm_apply_inverse_mod_sub_register	1756268	1761355	5087	601	4	344	348
tlm_apply_inverse_mod_sub_fold	1761355	1762014	659	55	2	55	55
tlm_apply_inverse_mod_sub_clean	1762014	1762330	316	19	0	20	22
tlm_inverse_gcd_forward_codec	1762330	1762333	3	0	0	0	0
tlm_inverse_gcd_forward_shift	1762333	1762887	554	137	0	0	2
tlm_inverse_gcd_forward_compare	1762887	1763896	1009	181	0	42	43
tlm_inverse_gcd_forward_body	1763896	1766525	2629	315	2	177	179
tlm_apply_inverse_fold	1766525	1768245	1720	310	0	54	62
tlm_apply_inverse_swap	1768245	1769013	768	256	0	0	0
tlm_apply_inverse_mod_sub_register	1769013	1774100	5087	601	4	344	348
tlm_apply_inverse_mod_sub_fold	1774100	1774759	659	55	2	55	55
tlm_apply_inverse_mod_sub_clean	1774759	1775075	316	19	0	20	22
tlm_inverse_gcd_forward_codec	1775075	1775242	167	16	0	4	7
tlm_inverse_gcd_forward_shift	1775242	1775792	550	136	0	0	2
tlm_inverse_gcd_forward_compare	1775792	1776798	1006	180	0	42	43
tlm_inverse_gcd_forward_body	1776798	1779412	2614	313	2	176	178
tlm_apply_inverse_fold	1779412	1781132	1720	310	0	54	62
tlm_apply_inverse_swap	1781132	1781900	768	256	0	0	0
tlm_apply_inverse_mod_sub_register	1781900	1786987	5087	601	4	344	348
tlm_apply_inverse_mod_sub_fold	1786987	1787646	659	55	2	55	55
tlm_apply_inverse_mod_sub_clean	1787646	1787962	316	19	0	20	22
tlm_inverse_gcd_forward_codec	1787962	1787965	3	0	0	0	0
tlm_inverse_gcd_forward_shift	1787965	1788511	546	135	0	0	2
tlm_inverse_gcd_forward_compare	1788511	1789514	1003	179	0	42	43
tlm_inverse_gcd_forward_body	1789514	1792113	2599	311	2	175	177
tlm_apply_inverse_fold	1792113	1793833	1720	310	0	54	62
tlm_apply_inverse_swap	1793833	1794601	768	256	0	0	0
tlm_apply_inverse_mod_sub_register	1794601	1799688	5087	601	4	344	348
tlm_apply_inverse_mod_sub_fold	1799688	1800347	659	55	2	55	55
tlm_apply_inverse_mod_sub_clean	1800347	1800663	316	19	0	20	22
tlm_inverse_gcd_forward_codec	1800663	1800666	3	0	0	0	0
tlm_inverse_gcd_forward_shift	1800666	1801208	542	134	0	0	2
tlm_inverse_gcd_forward_compare	1801208	1802208	1000	178	0	42	43
tlm_inverse_gcd_forward_body	1802208	1804792	2584	309	2	174	176
tlm_apply_inverse_fold	1804792	1806512	1720	310	0	54	62
tlm_apply_inverse_swap	1806512	1807280	768	256	0	0	0
tlm_apply_inverse_mod_sub_register	1807280	1812367	5087	601	4	344	348
tlm_apply_inverse_mod_sub_fold	1812367	1813026	659	55	2	55	55
tlm_apply_inverse_mod_sub_clean	1813026	1813342	316	19	0	20	22
tlm_inverse_gcd_forward_codec	1813342	1813509	167	16	0	4	7
tlm_inverse_gcd_forward_shift	1813509	1814047	538	133	0	0	2
tlm_inverse_gcd_forward_compare	1814047	1815058	1011	178	0	43	44
tlm_inverse_gcd_forward_body	1815058	1817627	2569	307	2	173	175
tlm_apply_inverse_fold	1817627	1819347	1720	310	0	54	62
tlm_apply_inverse_swap	1819347	1820115	768	256	0	0	0
tlm_apply_inverse_mod_sub_register	1820115	1825202	5087	601	4	344	348
tlm_apply_inverse_mod_sub_fold	1825202	1825861	659	55	2	55	55
tlm_apply_inverse_mod_sub_clean	1825861	1826177	316	19	0	20	22
tlm_inverse_gcd_forward_codec	1826177	1826180	3	0	0	0	0
tlm_inverse_gcd_forward_shift	1826180	1826714	534	132	0	0	2
tlm_inverse_gcd_forward_compare	1826714	1827722	1008	177	0	43	44
tlm_inverse_gcd_forward_body	1827722	1830276	2554	305	2	172	174
tlm_apply_inverse_fold	1830276	1831996	1720	310	0	54	62
tlm_apply_inverse_swap	1831996	1832764	768	256	0	0	0
tlm_apply_inverse_mod_sub_register	1832764	1837851	5087	601	4	344	348
tlm_apply_inverse_mod_sub_fold	1837851	1838510	659	55	2	55	55
tlm_apply_inverse_mod_sub_clean	1838510	1838826	316	19	0	20	22
tlm_inverse_gcd_forward_codec	1838826	1838829	3	0	0	0	0
tlm_inverse_gcd_forward_shift	1838829	1839359	530	131	0	0	2
tlm_inverse_gcd_forward_compare	1839359	1840364	1005	176	0	43	44
tlm_inverse_gcd_forward_body	1840364	1842903	2539	303	2	171	173
tlm_apply_inverse_fold	1842903	1844623	1720	310	0	54	62
tlm_apply_inverse_swap	1844623	1845391	768	256	0	0	0
tlm_apply_inverse_mod_sub_register	1845391	1850478	5087	601	4	344	348
tlm_apply_inverse_mod_sub_fold	1850478	1851137	659	55	2	55	55
tlm_apply_inverse_mod_sub_clean	1851137	1851453	316	19	0	20	22
tlm_inverse_gcd_forward_codec	1851453	1851620	167	16	0	4	7
tlm_inverse_gcd_forward_shift	1851620	1852146	526	130	0	0	2
tlm_inverse_gcd_forward_compare	1852146	1853148	1002	175	0	43	44
tlm_inverse_gcd_forward_body	1853148	1855672	2524	301	2	170	172
tlm_apply_inverse_fold	1855672	1857392	1720	310	0	54	62
tlm_apply_inverse_swap	1857392	1858160	768	256	0	0	0
tlm_apply_inverse_mod_sub_register	1858160	1863247	5087	601	4	344	348
tlm_apply_inverse_mod_sub_fold	1863247	1863906	659	55	2	55	55
tlm_apply_inverse_mod_sub_clean	1863906	1864222	316	19	0	20	22
tlm_inverse_gcd_forward_codec	1864222	1864225	3	0	0	0	0
tlm_inverse_gcd_forward_shift	1864225	1864747	522	129	0	0	2
tlm_inverse_gcd_forward_compare	1864747	1865732	985	173	0	42	43
tlm_inverse_gcd_forward_body	1865732	1868241	2509	299	2	169	171
tlm_apply_inverse_fold	1868241	1869961	1720	310	0	54	62
tlm_apply_inverse_swap	1869961	1870729	768	256	0	0	0
tlm_apply_inverse_mod_sub_register	1870729	1875816	5087	601	4	344	348
tlm_apply_inverse_mod_sub_fold	1875816	1876475	659	55	2	55	55
tlm_apply_inverse_mod_sub_clean	1876475	1876791	316	19	0	20	22
tlm_inverse_gcd_forward_codec	1876791	1876794	3	0	0	0	0
tlm_inverse_gcd_forward_shift	1876794	1877312	518	128	0	0	2
tlm_inverse_gcd_forward_compare	1877312	1878322	1010	174	0	44	45
tlm_inverse_gcd_forward_body	1878322	1880816	2494	297	2	168	170
tlm_apply_inverse_fold	1880816	1882536	1720	310	0	54	62
tlm_apply_inverse_swap	1882536	1883304	768	256	0	0	0
tlm_apply_inverse_mod_sub_register	1883304	1888391	5087	601	4	344	348
tlm_apply_inverse_mod_sub_fold	1888391	1889050	659	55	2	55	55
tlm_apply_inverse_mod_sub_clean	1889050	1889366	316	19	0	20	22
tlm_inverse_gcd_forward_codec	1889366	1889533	167	16	0	4	7
tlm_inverse_gcd_forward_shift	1889533	1890047	514	127	0	0	2
tlm_inverse_gcd_forward_compare	1890047	1891054	1007	173	0	44	45
tlm_inverse_gcd_forward_body	1891054	1893533	2479	295	2	167	169
tlm_apply_inverse_fold	1893533	1895253	1720	310	0	54	62
tlm_apply_inverse_swap	1895253	1896021	768	256	0	0	0
tlm_apply_inverse_mod_sub_register	1896021	1901108	5087	601	4	344	348
tlm_apply_inverse_mod_sub_fold	1901108	1901767	659	55	2	55	55
tlm_apply_inverse_mod_sub_clean	1901767	1902083	316	19	0	20	22
tlm_inverse_gcd_forward_codec	1902083	1902086	3	0	0	0	0
tlm_inverse_gcd_forward_shift	1902086	1902596	510	126	0	0	2
tlm_inverse_gcd_forward_compare	1902596	1903586	990	171	0	43	44
tlm_inverse_gcd_forward_body	1903586	1906050	2464	293	2	166	168
tlm_apply_inverse_fold	1906050	1907770	1720	310	0	54	62
tlm_apply_inverse_swap	1907770	1908538	768	256	0	0	0
tlm_apply_inverse_mod_sub_register	1908538	1913625	5087	601	4	344	348
tlm_apply_inverse_mod_sub_fold	1913625	1914284	659	55	2	55	55
tlm_apply_inverse_mod_sub_clean	1914284	1914600	316	19	0	20	22
tlm_inverse_gcd_forward_codec	1914600	1914603	3	0	0	0	0
tlm_inverse_gcd_forward_shift	1914603	1915109	506	125	0	0	2
tlm_inverse_gcd_forward_compare	1915109	1916096	987	170	0	43	44
tlm_inverse_gcd_forward_body	1916096	1918545	2449	291	2	165	167
tlm_apply_inverse_fold	1918545	1920265	1720	310	0	54	62
tlm_apply_inverse_swap	1920265	1921033	768	256	0	0	0
tlm_apply_inverse_mod_sub_register	1921033	1926120	5087	601	4	344	348
tlm_apply_inverse_mod_sub_fold	1926120	1926779	659	55	2	55	55
tlm_apply_inverse_mod_sub_clean	1926779	1927095	316	19	0	20	22
tlm_inverse_gcd_forward_codec	1927095	1927262	167	16	0	4	7
tlm_inverse_gcd_forward_shift	1927262	1927762	500	123	0	0	4
tlm_inverse_gcd_forward_compare	1927762	1928743	981	168	0	43	44
tlm_inverse_gcd_forward_body	1928743	1931162	2419	287	2	163	165
tlm_apply_inverse_fold	1931162	1932882	1720	310	0	54	62
tlm_apply_inverse_swap	1932882	1933650	768	256	0	0	0
tlm_apply_inverse_mod_sub_register	1933650	1938737	5087	601	4	344	348
tlm_apply_inverse_mod_sub_fold	1938737	1939396	659	55	2	55	55
tlm_apply_inverse_mod_sub_clean	1939396	1939712	316	19	0	20	22
tlm_inverse_gcd_forward_codec	1939712	1939715	3	0	0	0	0
tlm_inverse_gcd_forward_shift	1939715	1940211	496	123	0	0	0
tlm_inverse_gcd_forward_compare	1940211	1941192	981	168	0	43	44
tlm_inverse_gcd_forward_body	1941192	1943611	2419	287	2	163	165
tlm_apply_inverse_fold	1943611	1945331	1720	310	0	54	62
tlm_apply_inverse_swap	1945331	1946099	768	256	0	0	0
tlm_apply_inverse_mod_sub_register	1946099	1951186	5087	601	4	344	348
tlm_apply_inverse_mod_sub_fold	1951186	1951845	659	55	2	55	55
tlm_apply_inverse_mod_sub_clean	1951845	1952161	316	19	0	20	22
tlm_inverse_gcd_forward_codec	1952161	1952164	3	0	0	0	0
tlm_inverse_gcd_forward_shift	1952164	1952658	494	122	0	0	2
tlm_inverse_gcd_forward_compare	1952658	1953650	992	168	0	44	45
tlm_inverse_gcd_forward_body	1953650	1956054	2404	285	2	162	164
tlm_apply_inverse_fold	1956054	1957774	1720	310	0	54	62
tlm_apply_inverse_swap	1957774	1958542	768	256	0	0	0
tlm_apply_inverse_mod_sub_register	1958542	1963629	5087	601	4	344	348
tlm_apply_inverse_mod_sub_fold	1963629	1964288	659	55	2	55	55
tlm_apply_inverse_mod_sub_clean	1964288	1964604	316	19	0	20	22
tlm_inverse_gcd_forward_codec	1964604	1964771	167	16	0	4	7
tlm_inverse_gcd_forward_shift	1964771	1965261	490	121	0	0	2
tlm_inverse_gcd_forward_compare	1965261	1966236	975	166	0	43	44
tlm_inverse_gcd_forward_body	1966236	1968625	2389	283	2	161	163
tlm_apply_inverse_fold	1968625	1970345	1720	310	0	54	62
tlm_apply_inverse_swap	1970345	1971113	768	256	0	0	0
tlm_apply_inverse_mod_sub_register	1971113	1976200	5087	601	4	344	348
tlm_apply_inverse_mod_sub_fold	1976200	1976859	659	55	2	55	55
tlm_apply_inverse_mod_sub_clean	1976859	1977175	316	19	0	20	22
tlm_inverse_gcd_forward_codec	1977175	1977178	3	0	0	0	0
tlm_inverse_gcd_forward_shift	1977178	1977664	486	120	0	0	2
tlm_inverse_gcd_forward_compare	1977664	1978650	986	166	0	44	45
tlm_inverse_gcd_forward_body	1978650	1981024	2374	281	2	160	162
tlm_apply_inverse_fold	1981024	1982744	1720	310	0	54	62
tlm_apply_inverse_swap	1982744	1983512	768	256	0	0	0
tlm_apply_inverse_mod_sub_register	1983512	1988599	5087	601	4	344	348
tlm_apply_inverse_mod_sub_fold	1988599	1989258	659	55	2	55	55
tlm_apply_inverse_mod_sub_clean	1989258	1989574	316	19	0	20	22
tlm_inverse_gcd_forward_codec	1989574	1989577	3	0	0	0	0
tlm_inverse_gcd_forward_shift	1989577	1990059	482	119	0	0	2
tlm_inverse_gcd_forward_compare	1990059	1991042	983	165	0	44	45
tlm_inverse_gcd_forward_body	1991042	1993401	2359	279	2	159	161
tlm_apply_inverse_fold	1993401	1995121	1720	310	0	54	62
tlm_apply_inverse_swap	1995121	1995889	768	256	0	0	0
tlm_apply_inverse_mod_sub_register	1995889	2000976	5087	601	4	344	348
tlm_apply_inverse_mod_sub_fold	2000976	2001635	659	55	2	55	55
tlm_apply_inverse_mod_sub_clean	2001635	2001951	316	19	0	20	22
tlm_inverse_gcd_forward_codec	2001951	2002118	167	16	0	4	7
tlm_inverse_gcd_forward_shift	2002118	2002596	478	118	0	0	2
tlm_inverse_gcd_forward_compare	2002596	2003576	980	164	0	44	45
tlm_inverse_gcd_forward_body	2003576	2005920	2344	277	2	158	160
tlm_apply_inverse_fold	2005920	2007640	1720	310	0	54	62
tlm_apply_inverse_swap	2007640	2008408	768	256	0	0	0
tlm_apply_inverse_mod_sub_register	2008408	2013495	5087	601	4	344	348
tlm_apply_inverse_mod_sub_fold	2013495	2014154	659	55	2	55	55
tlm_apply_inverse_mod_sub_clean	2014154	2014470	316	19	0	20	22
tlm_inverse_gcd_forward_codec	2014470	2014473	3	0	0	0	0
tlm_inverse_gcd_forward_shift	2014473	2014947	474	117	0	0	2
tlm_inverse_gcd_forward_compare	2014947	2015924	977	163	0	44	45
tlm_inverse_gcd_forward_body	2015924	2018253	2329	275	2	157	159
tlm_apply_inverse_fold	2018253	2019973	1720	310	0	54	62
tlm_apply_inverse_swap	2019973	2020741	768	256	0	0	0
tlm_apply_inverse_mod_sub_register	2020741	2025828	5087	601	4	344	348
tlm_apply_inverse_mod_sub_fold	2025828	2026487	659	55	2	55	55
tlm_apply_inverse_mod_sub_clean	2026487	2026803	316	19	0	20	22
tlm_inverse_gcd_forward_codec	2026803	2026806	3	0	0	0	0
tlm_inverse_gcd_forward_shift	2026806	2027276	470	116	0	0	2
tlm_inverse_gcd_forward_compare	2027276	2028250	974	162	0	44	45
tlm_inverse_gcd_forward_body	2028250	2030564	2314	273	2	156	158
tlm_apply_inverse_fold	2030564	2032276	1712	310	0	53	61
tlm_apply_inverse_swap	2032276	2033044	768	256	0	0	0
tlm_apply_inverse_mod_sub_register	2033044	2038444	5400	623	5	366	371
tlm_apply_inverse_mod_sub_fold	2038444	2039097	653	55	1	55	55
tlm_apply_inverse_mod_sub_clean	2039097	2039413	316	19	0	20	22
tlm_inverse_gcd_forward_codec	2039413	2039580	167	16	0	4	7
tlm_inverse_gcd_forward_shift	2039580	2040046	466	115	0	0	2
tlm_inverse_gcd_forward_compare	2040046	2041031	985	162	0	45	46
tlm_inverse_gcd_forward_body	2041031	2043330	2299	271	2	155	157
tlm_apply_inverse_fold	2043330	2045050	1720	310	0	54	62
tlm_apply_inverse_swap	2045050	2045818	768	256	0	0	0
tlm_apply_inverse_mod_sub_register	2045818	2050905	5087	601	4	344	348
tlm_apply_inverse_mod_sub_fold	2050905	2051564	659	55	2	55	55
tlm_apply_inverse_mod_sub_clean	2051564	2051880	316	19	0	20	22
tlm_inverse_gcd_forward_codec	2051880	2051883	3	0	0	0	0
tlm_inverse_gcd_forward_shift	2051883	2052345	462	114	0	0	2
tlm_inverse_gcd_forward_compare	2052345	2053313	968	160	0	44	45
tlm_inverse_gcd_forward_body	2053313	2055597	2284	269	2	154	156
tlm_apply_inverse_fold	2055597	2057309	1712	310	0	53	61
tlm_apply_inverse_swap	2057309	2058077	768	256	0	0	0
tlm_apply_inverse_mod_sub_register	2058077	2063477	5400	623	5	366	371
tlm_apply_inverse_mod_sub_fold	2063477	2064130	653	55	1	55	55
tlm_apply_inverse_mod_sub_clean	2064130	2064446	316	19	0	20	22
tlm_inverse_gcd_forward_codec	2064446	2064449	3	0	0	0	0
tlm_inverse_gcd_forward_shift	2064449	2064905	456	112	0	0	4
tlm_inverse_gcd_forward_compare	2064905	2065867	962	158	0	44	45
tlm_inverse_gcd_forward_body	2065867	2068121	2254	265	2	152	154
tlm_apply_inverse_fold	2068121	2069841	1720	310	0	54	62
tlm_apply_inverse_swap	2069841	2070609	768	256	0	0	0
tlm_apply_inverse_mod_sub_register	2070609	2075696	5087	601	4	344	348
tlm_apply_inverse_mod_sub_fold	2075696	2076355	659	55	2	55	55
tlm_apply_inverse_mod_sub_clean	2076355	2076671	316	19	0	20	22
tlm_inverse_gcd_forward_codec	2076671	2076838	167	16	0	4	7
tlm_inverse_gcd_forward_shift	2076838	2077288	450	111	0	0	2
tlm_inverse_gcd_forward_compare	2077288	2078247	959	157	0	44	45
tlm_inverse_gcd_forward_body	2078247	2080486	2239	263	2	151	153
tlm_apply_inverse_fold	2080486	2082206	1720	310	0	54	62
tlm_apply_inverse_swap	2082206	2082974	768	256	0	0	0
tlm_apply_inverse_mod_sub_register	2082974	2088061	5087	601	4	344	348
tlm_apply_inverse_mod_sub_fold	2088061	2088720	659	55	2	55	55
tlm_apply_inverse_mod_sub_clean	2088720	2089036	316	19	0	20	22
tlm_inverse_gcd_forward_codec	2089036	2089039	3	0	0	0	0
tlm_inverse_gcd_forward_shift	2089039	2089485	446	110	0	0	2
tlm_inverse_gcd_forward_compare	2089485	2090427	942	155	0	43	44
tlm_inverse_gcd_forward_body	2090427	2092651	2224	261	2	150	152
tlm_apply_inverse_fold	2092651	2094371	1720	310	0	54	62
tlm_apply_inverse_swap	2094371	2095139	768	256	0	0	0
tlm_apply_inverse_mod_sub_register	2095139	2100226	5087	601	4	344	348
tlm_apply_inverse_mod_sub_fold	2100226	2100885	659	55	2	55	55
tlm_apply_inverse_mod_sub_clean	2100885	2101201	316	19	0	20	22
tlm_inverse_gcd_forward_codec	2101201	2101204	3	0	0	0	0
tlm_inverse_gcd_forward_shift	2101204	2101646	442	109	0	0	2
tlm_inverse_gcd_forward_compare	2101646	2102599	953	155	0	44	45
tlm_inverse_gcd_forward_body	2102599	2104808	2209	259	2	149	151
tlm_apply_inverse_fold	2104808	2106520	1712	310	0	53	61
tlm_apply_inverse_swap	2106520	2107288	768	256	0	0	0
tlm_apply_inverse_mod_sub_register	2107288	2112688	5400	623	5	366	371
tlm_apply_inverse_mod_sub_fold	2112688	2113341	653	55	1	55	55
tlm_apply_inverse_mod_sub_clean	2113341	2113657	316	19	0	20	22
tlm_inverse_gcd_forward_codec	2113657	2113824	167	16	0	4	7
tlm_inverse_gcd_forward_shift	2113824	2114262	438	108	0	0	2
tlm_inverse_gcd_forward_compare	2114262	2115212	950	154	0	44	45
tlm_inverse_gcd_forward_body	2115212	2117406	2194	257	2	148	150
tlm_apply_inverse_fold	2117406	2119126	1720	310	0	54	62
tlm_apply_inverse_swap	2119126	2119894	768	256	0	0	0
tlm_apply_inverse_mod_sub_register	2119894	2124981	5087	601	4	344	348
tlm_apply_inverse_mod_sub_fold	2124981	2125640	659	55	2	55	55
tlm_apply_inverse_mod_sub_clean	2125640	2125956	316	19	0	20	22
tlm_inverse_gcd_forward_codec	2125956	2125959	3	0	0	0	0
tlm_inverse_gcd_forward_shift	2125959	2126393	434	107	0	0	2
tlm_inverse_gcd_forward_compare	2126393	2127340	947	153	0	44	45
tlm_inverse_gcd_forward_body	2127340	2129519	2179	255	2	147	149
tlm_apply_inverse_fold	2129519	2131231	1712	310	0	53	61
tlm_apply_inverse_swap	2131231	2131999	768	256	0	0	0
tlm_apply_inverse_mod_sub_register	2131999	2137399	5400	623	5	366	371
tlm_apply_inverse_mod_sub_fold	2137399	2138052	653	55	1	55	55
tlm_apply_inverse_mod_sub_clean	2138052	2138368	316	19	0	20	22
tlm_inverse_gcd_forward_codec	2138368	2138371	3	0	0	0	0
tlm_inverse_gcd_forward_shift	2138371	2138803	432	107	0	0	0
tlm_inverse_gcd_forward_compare	2138803	2139764	961	154	0	45	46
tlm_inverse_gcd_forward_body	2139764	2141943	2179	255	2	147	149
tlm_apply_inverse_fold	2141943	2143646	1703	315	0	51	60
tlm_apply_inverse_swap	2143646	2144414	768	256	0	0	0
tlm_apply_inverse_mod_sub_register	2144414	2149814	5400	623	5	366	371
tlm_apply_inverse_mod_sub_fold	2149814	2150509	695	58	3	58	58
tlm_apply_inverse_mod_sub_clean	2150509	2150825	316	19	0	20	22
tlm_inverse_gcd_forward_codec	2150825	2150992	167	16	0	4	7
tlm_inverse_gcd_forward_shift	2150992	2151420	428	105	0	0	4
tlm_inverse_gcd_forward_compare	2151420	2152361	941	151	0	44	45
tlm_inverse_gcd_forward_body	2152361	2154510	2149	251	2	145	147
tlm_apply_inverse_fold	2154510	2156222	1712	310	0	53	61
tlm_apply_inverse_swap	2156222	2156990	768	256	0	0	0
tlm_apply_inverse_mod_sub_register	2156990	2162390	5400	623	5	366	371
tlm_apply_inverse_mod_sub_fold	2162390	2163043	653	55	1	55	55
tlm_apply_inverse_mod_sub_clean	2163043	2163359	316	19	0	20	22
tlm_inverse_gcd_forward_codec	2163359	2163362	3	0	0	0	0
tlm_inverse_gcd_forward_shift	2163362	2163786	424	105	0	0	0
tlm_inverse_gcd_forward_compare	2163786	2164755	969	153	0	46	47
tlm_inverse_gcd_forward_body	2164755	2166904	2149	251	2	145	147
tlm_apply_inverse_fold	2166904	2168607	1703	315	0	51	60
tlm_apply_inverse_swap	2168607	2169375	768	256	0	0	0
tlm_apply_inverse_mod_sub_register	2169375	2174775	5400	623	5	366	371
tlm_apply_inverse_mod_sub_fold	2174775	2175470	695	58	3	58	58
tlm_apply_inverse_mod_sub_clean	2175470	2175786	316	19	0	20	22
tlm_inverse_gcd_forward_codec	2175786	2175789	3	0	0	0	0
tlm_inverse_gcd_forward_shift	2175789	2176209	420	103	0	0	4
tlm_inverse_gcd_forward_compare	2176209	2177158	949	150	0	45	46
tlm_inverse_gcd_forward_body	2177158	2179277	2119	247	2	143	145
tlm_apply_inverse_fold	2179277	2180981	1704	314	0	51	59
tlm_apply_inverse_swap	2180981	2181749	768	256	0	0	0
tlm_apply_inverse_mod_sub_register	2181749	2187149	5400	623	5	366	371
tlm_apply_inverse_mod_sub_fold	2187149	2187828	679	57	2	57	57
tlm_apply_inverse_mod_sub_clean	2187828	2188144	316	19	0	20	22
tlm_inverse_gcd_forward_codec	2188144	2188311	167	16	0	4	7
tlm_inverse_gcd_forward_shift	2188311	2188725	414	102	0	0	2
tlm_inverse_gcd_forward_compare	2188725	2189657	932	148	0	44	45
tlm_inverse_gcd_forward_body	2189657	2191761	2104	245	2	142	144
tlm_apply_inverse_fold	2191761	2193469	1708	312	0	52	60
tlm_apply_inverse_swap	2193469	2194237	768	256	0	0	0
tlm_apply_inverse_mod_sub_register	2194237	2199637	5400	623	5	366	371
tlm_apply_inverse_mod_sub_fold	2199637	2200316	679	57	2	57	57
tlm_apply_inverse_mod_sub_clean	2200316	2200632	316	19	0	20	22
tlm_inverse_gcd_forward_codec	2200632	2200635	3	0	0	0	0
tlm_inverse_gcd_forward_shift	2200635	2201045	410	101	0	0	2
tlm_inverse_gcd_forward_compare	2201045	2202002	957	149	0	46	47
tlm_inverse_gcd_forward_body	2202002	2204091	2089	243	2	141	143
tlm_apply_inverse_fold	2204091	2205795	1704	314	0	51	59
tlm_apply_inverse_swap	2205795	2206563	768	256	0	0	0
tlm_apply_inverse_mod_sub_register	2206563	2211963	5400	623	5	366	371
tlm_apply_inverse_mod_sub_fold	2211963	2212642	679	57	2	57	57
tlm_apply_inverse_mod_sub_clean	2212642	2212958	316	19	0	20	22
tlm_inverse_gcd_forward_codec	2212958	2212961	3	0	0	0	0
tlm_inverse_gcd_forward_shift	2212961	2213367	406	100	0	0	2
tlm_inverse_gcd_forward_compare	2213367	2214307	940	147	0	45	46
tlm_inverse_gcd_forward_body	2214307	2216381	2074	241	2	140	142
tlm_apply_inverse_fold	2216381	2218084	1703	315	0	51	60
tlm_apply_inverse_swap	2218084	2218852	768	256	0	0	0
tlm_apply_inverse_mod_sub_register	2218852	2224252	5400	623	5	366	371
tlm_apply_inverse_mod_sub_fold	2224252	2224931	679	57	2	57	57
tlm_apply_inverse_mod_sub_clean	2224931	2225247	316	19	0	20	22
tlm_inverse_gcd_forward_codec	2225247	2225414	167	16	0	4	7
tlm_inverse_gcd_forward_shift	2225414	2225816	402	99	0	0	2
tlm_inverse_gcd_forward_compare	2225816	2226753	937	146	0	45	46
tlm_inverse_gcd_forward_body	2226753	2228812	2059	239	2	139	141
tlm_apply_inverse_fold	2228812	2230516	1704	314	0	51	59
tlm_apply_inverse_swap	2230516	2231284	768	256	0	0	0
tlm_apply_inverse_mod_sub_register	2231284	2236684	5400	623	5	366	371
tlm_apply_inverse_mod_sub_fold	2236684	2237363	679	57	2	57	57
tlm_apply_inverse_mod_sub_clean	2237363	2237679	316	19	0	20	22
tlm_inverse_gcd_forward_codec	2237679	2237682	3	0	0	0	0
tlm_inverse_gcd_forward_shift	2237682	2238080	398	98	0	0	2
tlm_inverse_gcd_forward_compare	2238080	2239014	934	145	0	45	46
tlm_inverse_gcd_forward_body	2239014	2241058	2044	237	2	138	140
tlm_apply_inverse_fold	2241058	2242761	1703	315	0	51	60
tlm_apply_inverse_swap	2242761	2243529	768	256	0	0	0
tlm_apply_inverse_mod_sub_register	2243529	2248929	5400	623	5	366	371
tlm_apply_inverse_mod_sub_fold	2248929	2249608	679	57	2	57	57
tlm_apply_inverse_mod_sub_clean	2249608	2249924	316	19	0	20	22
tlm_inverse_gcd_forward_codec	2249924	2249927	3	0	0	0	0
tlm_inverse_gcd_forward_shift	2249927	2250321	394	97	0	0	2
tlm_inverse_gcd_forward_compare	2250321	2251252	931	144	0	45	46
tlm_inverse_gcd_forward_body	2251252	2253281	2029	235	2	137	139
tlm_apply_inverse_fold	2253281	2254980	1699	317	0	50	59
tlm_apply_inverse_swap	2254980	2255748	768	256	0	0	0
tlm_apply_inverse_mod_sub_register	2255748	2261148	5400	623	5	366	371
tlm_apply_inverse_mod_sub_fold	2261148	2261827	679	57	2	57	57
tlm_apply_inverse_mod_sub_clean	2261827	2262143	316	19	0	20	22
tlm_inverse_gcd_forward_codec	2262143	2262310	167	16	0	4	7
tlm_inverse_gcd_forward_shift	2262310	2262700	390	96	0	0	2
tlm_inverse_gcd_forward_compare	2262700	2263628	928	143	0	45	46
tlm_inverse_gcd_forward_body	2263628	2265357	1729	213	1	116	117
tlm_apply_inverse_fold	2265357	2267060	1703	315	0	51	60
tlm_apply_inverse_swap	2267060	2267828	768	256	0	0	0
tlm_apply_inverse_mod_sub_register	2267828	2273228	5400	623	5	366	371
tlm_apply_inverse_mod_sub_fold	2273228	2273907	679	57	2	57	57
tlm_apply_inverse_mod_sub_clean	2273907	2274223	316	19	0	20	22
tlm_inverse_gcd_forward_codec	2274223	2274226	3	0	0	0	0
tlm_inverse_gcd_forward_shift	2274226	2274612	386	95	0	0	2
tlm_inverse_gcd_forward_compare	2274612	2275551	939	143	0	46	47
tlm_inverse_gcd_forward_body	2275551	2277550	1999	231	2	135	137
tlm_apply_inverse_fold	2277550	2279249	1699	317	0	50	59
tlm_apply_inverse_swap	2279249	2280017	768	256	0	0	0
tlm_apply_inverse_mod_sub_register	2280017	2285417	5400	623	5	366	371
tlm_apply_inverse_mod_sub_fold	2285417	2286096	679	57	2	57	57
tlm_apply_inverse_mod_sub_clean	2286096	2286412	316	19	0	20	22
tlm_inverse_gcd_forward_codec	2286412	2286415	3	0	0	0	0
tlm_inverse_gcd_forward_shift	2286415	2286797	382	94	0	0	2
tlm_inverse_gcd_forward_compare	2286797	2287719	922	141	0	45	46
tlm_inverse_gcd_forward_body	2287719	2289703	1984	229	2	134	136
tlm_apply_inverse_fold	2289703	2291398	1695	319	0	49	58
tlm_apply_inverse_swap	2291398	2292166	768	256	0	0	0
tlm_apply_inverse_mod_sub_register	2292166	2297566	5400	623	5	366	371
tlm_apply_inverse_mod_sub_fold	2297566	2298245	679	57	2	57	57
tlm_apply_inverse_mod_sub_clean	2298245	2298561	316	19	0	20	22
tlm_inverse_gcd_forward_codec	2298561	2298728	167	16	0	4	7
tlm_inverse_gcd_forward_shift	2298728	2299106	378	93	0	0	2
tlm_inverse_gcd_forward_compare	2299106	2300025	919	140	0	45	46
tlm_inverse_gcd_forward_body	2300025	2301709	1684	207	1	113	114
tlm_apply_inverse_fold	2301709	2303408	1699	317	0	50	59
tlm_apply_inverse_swap	2303408	2304176	768	256	0	0	0
tlm_apply_inverse_mod_sub_register	2304176	2309576	5400	623	5	366	371
tlm_apply_inverse_mod_sub_fold	2309576	2310255	679	57	2	57	57
tlm_apply_inverse_mod_sub_clean	2310255	2310571	316	19	0	20	22
tlm_inverse_gcd_forward_codec	2310571	2310574	3	0	0	0	0
tlm_inverse_gcd_forward_shift	2310574	2310948	374	92	0	0	2
tlm_inverse_gcd_forward_compare	2310948	2311878	930	140	0	46	47
tlm_inverse_gcd_forward_body	2311878	2313547	1669	205	1	112	113
tlm_apply_inverse_fold	2313547	2315242	1695	319	0	49	58
tlm_apply_inverse_swap	2315242	2316010	768	256	0	0	0
tlm_apply_inverse_mod_sub_register	2316010	2321410	5400	623	5	366	371
tlm_apply_inverse_mod_sub_fold	2321410	2322089	679	57	2	57	57
tlm_apply_inverse_mod_sub_clean	2322089	2322405	316	19	0	20	22
tlm_inverse_gcd_forward_codec	2322405	2322408	3	0	0	0	0
tlm_inverse_gcd_forward_shift	2322408	2322778	370	91	0	0	2
tlm_inverse_gcd_forward_compare	2322778	2323705	927	139	0	46	47
tlm_inverse_gcd_forward_body	2323705	2325644	1939	223	2	131	133
tlm_apply_inverse_fold	2325644	2327339	1695	319	0	49	58
tlm_apply_inverse_swap	2327339	2328107	768	256	0	0	0
tlm_apply_inverse_mod_sub_register	2328107	2333507	5400	623	5	366	371
tlm_apply_inverse_mod_sub_fold	2333507	2334186	679	57	2	57	57
tlm_apply_inverse_mod_sub_clean	2334186	2334502	316	19	0	20	22
tlm_inverse_gcd_forward_codec	2334502	2334669	167	16	0	4	7
tlm_inverse_gcd_forward_shift	2334669	2335035	366	90	0	0	2
tlm_inverse_gcd_forward_compare	2335035	2335959	924	138	0	46	47
tlm_inverse_gcd_forward_body	2335959	2337598	1639	201	1	110	111
tlm_apply_inverse_fold	2337598	2339293	1695	319	0	49	58
tlm_apply_inverse_swap	2339293	2340061	768	256	0	0	0
tlm_apply_inverse_mod_sub_register	2340061	2345461	5400	623	5	366	371
tlm_apply_inverse_mod_sub_fold	2345461	2346140	679	57	2	57	57
tlm_apply_inverse_mod_sub_clean	2346140	2346456	316	19	0	20	22
tlm_inverse_gcd_forward_codec	2346456	2346459	3	0	0	0	0
tlm_inverse_gcd_forward_shift	2346459	2346821	362	89	0	0	2
tlm_inverse_gcd_forward_compare	2346821	2347756	935	138	0	47	48
tlm_inverse_gcd_forward_body	2347756	2349380	1624	199	1	109	110
tlm_apply_inverse_fold	2349380	2351075	1695	319	0	49	58
tlm_apply_inverse_swap	2351075	2351843	768	256	0	0	0
tlm_apply_inverse_mod_sub_register	2351843	2357243	5400	623	5	366	371
tlm_apply_inverse_mod_sub_fold	2357243	2357922	679	57	2	57	57
tlm_apply_inverse_mod_sub_clean	2357922	2358238	316	19	0	20	22
tlm_inverse_gcd_forward_codec	2358238	2358241	3	0	0	0	0
tlm_inverse_gcd_forward_shift	2358241	2358599	358	88	0	0	2
tlm_inverse_gcd_forward_compare	2358599	2359517	918	136	0	46	47
tlm_inverse_gcd_forward_body	2359517	2361126	1609	197	1	108	109
tlm_apply_inverse_fold	2361126	2362817	1691	321	0	48	57
tlm_apply_inverse_swap	2362817	2363585	768	256	0	0	0
tlm_apply_inverse_mod_sub_register	2363585	2368985	5400	623	5	366	371
tlm_apply_inverse_mod_sub_fold	2368985	2369670	685	59	2	57	57
tlm_apply_inverse_mod_sub_clean	2369670	2369986	316	19	0	20	22
tlm_inverse_gcd_forward_codec	2369986	2370153	167	16	0	4	7
tlm_inverse_gcd_forward_shift	2370153	2370507	354	87	0	0	2
tlm_inverse_gcd_forward_compare	2370507	2371422	915	135	0	46	47
tlm_inverse_gcd_forward_body	2371422	2373016	1594	195	1	107	108
tlm_apply_inverse_fold	2373016	2374711	1695	319	0	49	58
tlm_apply_inverse_swap	2374711	2375479	768	256	0	0	0
tlm_apply_inverse_mod_sub_register	2375479	2380879	5400	623	5	366	371
tlm_apply_inverse_mod_sub_fold	2380879	2381558	679	57	2	57	57
tlm_apply_inverse_mod_sub_clean	2381558	2381874	316	19	0	20	22
tlm_inverse_gcd_forward_codec	2381874	2381877	3	0	0	0	0
tlm_inverse_gcd_forward_shift	2381877	2382227	350	86	0	0	2
tlm_inverse_gcd_forward_compare	2382227	2383147	920	136	0	46	47
tlm_inverse_gcd_forward_body	2383147	2384726	1579	193	1	106	107
tlm_apply_inverse_fold	2384726	2386417	1691	321	0	48	57
tlm_apply_inverse_swap	2386417	2387185	768	256	0	0	0
tlm_apply_inverse_mod_sub_register	2387185	2392585	5400	623	5	366	371
tlm_apply_inverse_mod_sub_fold	2392585	2393270	685	59	2	57	57
tlm_apply_inverse_mod_sub_clean	2393270	2393586	316	19	0	20	22
tlm_inverse_gcd_forward_codec	2393586	2393589	3	0	0	0	0
tlm_inverse_gcd_forward_shift	2393589	2393935	346	85	0	0	2
tlm_inverse_gcd_forward_compare	2393935	2394838	903	134	0	45	46
tlm_inverse_gcd_forward_body	2394838	2396402	1564	191	1	105	106
tlm_apply_inverse_fold	2396402	2398089	1687	323	0	47	56
tlm_apply_inverse_swap	2398089	2398857	768	256	0	0	0
tlm_apply_inverse_mod_sub_register	2398857	2404570	5713	645	6	388	394
tlm_apply_inverse_mod_sub_fold	2404570	2405255	685	59	2	57	57
tlm_apply_inverse_mod_sub_clean	2405255	2405571	316	19	0	20	22
tlm_inverse_gcd_forward_codec	2405571	2405738	167	16	0	4	7
tlm_inverse_gcd_forward_shift	2405738	2406080	342	84	0	0	2
tlm_inverse_gcd_forward_compare	2406080	2406986	906	132	0	46	47
tlm_inverse_gcd_forward_body	2406986	2408535	1549	189	1	104	105
tlm_apply_inverse_fold	2408535	2410226	1691	321	0	48	57
tlm_apply_inverse_swap	2410226	2410994	768	256	0	0	0
tlm_apply_inverse_mod_sub_register	2410994	2416394	5400	623	5	366	371
tlm_apply_inverse_mod_sub_fold	2416394	2417079	685	59	2	57	57
tlm_apply_inverse_mod_sub_clean	2417079	2417395	316	19	0	20	22
tlm_inverse_gcd_forward_codec	2417395	2417398	3	0	0	0	0
tlm_inverse_gcd_forward_shift	2417398	2417736	338	83	0	0	2
tlm_inverse_gcd_forward_compare	2417736	2418641	905	134	0	45	46
tlm_inverse_gcd_forward_body	2418641	2420175	1534	187	1	103	104
tlm_apply_inverse_fold	2420175	2421862	1687	323	0	47	56
tlm_apply_inverse_swap	2421862	2422630	768	256	0	0	0
tlm_apply_inverse_mod_sub_register	2422630	2428343	5713	645	6	388	394
tlm_apply_inverse_mod_sub_fold	2428343	2429028	685	59	2	57	57
tlm_apply_inverse_mod_sub_clean	2429028	2429344	316	19	0	20	22
tlm_inverse_gcd_forward_codec	2429344	2429347	3	0	0	0	0
tlm_inverse_gcd_forward_shift	2429347	2429681	334	82	0	0	2
tlm_inverse_gcd_forward_compare	2429681	2430577	896	134	0	44	45
tlm_inverse_gcd_forward_body	2430577	2432096	1519	185	1	102	103
tlm_apply_inverse_fold	2432096	2433782	1686	326	0	47	55
tlm_apply_inverse_swap	2433782	2434550	768	256	0	0	0
tlm_apply_inverse_mod_sub_register	2434550	2440263	5713	645	6	388	394
tlm_apply_inverse_mod_sub_fold	2440263	2440968	705	61	2	59	59
tlm_apply_inverse_mod_sub_clean	2440968	2441284	316	19	0	20	22
tlm_inverse_gcd_forward_codec	2441284	2441451	167	16	0	4	7
tlm_inverse_gcd_forward_shift	2441451	2441781	330	81	0	0	2
tlm_inverse_gcd_forward_compare	2441781	2442680	899	132	0	45	46
tlm_inverse_gcd_forward_body	2442680	2444184	1504	183	1	101	102
tlm_apply_inverse_fold	2444184	2445871	1687	323	0	47	56
tlm_apply_inverse_swap	2445871	2446639	768	256	0	0	0
tlm_apply_inverse_mod_sub_register	2446639	2452352	5713	645	6	388	394
tlm_apply_inverse_mod_sub_fold	2452352	2453037	685	59	2	57	57
tlm_apply_inverse_mod_sub_clean	2453037	2453353	316	19	0	20	22
tlm_inverse_gcd_forward_codec	2453353	2453356	3	0	0	0	0
tlm_inverse_gcd_forward_shift	2453356	2453682	326	80	0	0	2
tlm_inverse_gcd_forward_compare	2453682	2454572	890	132	0	44	45
tlm_inverse_gcd_forward_body	2454572	2456061	1489	181	1	100	101
tlm_apply_inverse_fold	2456061	2457747	1686	326	0	47	55
tlm_apply_inverse_swap	2457747	2458515	768	256	0	0	0
tlm_apply_inverse_mod_sub_register	2458515	2464228	5713	645	6	388	394
tlm_apply_inverse_mod_sub_fold	2464228	2464933	705	61	2	59	59
tlm_apply_inverse_mod_sub_clean	2464933	2465249	316	19	0	20	22
tlm_inverse_gcd_forward_codec	2465249	2465252	3	0	0	0	0
tlm_inverse_gcd_forward_shift	2465252	2465574	322	79	0	0	2
tlm_inverse_gcd_forward_compare	2465574	2466455	881	132	0	43	44
tlm_inverse_gcd_forward_body	2466455	2467929	1474	179	1	99	100
tlm_apply_inverse_fold	2467929	2469611	1682	328	0	46	54
tlm_apply_inverse_swap	2469611	2470379	768	256	0	0	0
tlm_apply_inverse_mod_sub_register	2470379	2476092	5713	645	6	388	394
tlm_apply_inverse_mod_sub_fold	2476092	2476797	705	61	2	59	59
tlm_apply_inverse_mod_sub_clean	2476797	2477113	316	19	0	20	22
tlm_inverse_gcd_forward_codec	2477113	2477280	167	16	0	4	7
tlm_inverse_gcd_forward_shift	2477280	2477598	318	78	0	0	2
tlm_inverse_gcd_forward_compare	2477598	2478482	884	130	0	44	45
tlm_inverse_gcd_forward_body	2478482	2479941	1459	177	1	98	99
tlm_apply_inverse_fold	2479941	2481627	1686	326	0	47	55
tlm_apply_inverse_swap	2481627	2482395	768	256	0	0	0
tlm_apply_inverse_mod_sub_register	2482395	2488108	5713	645	6	388	394
tlm_apply_inverse_mod_sub_fold	2488108	2488813	705	61	2	59	59
tlm_apply_inverse_mod_sub_clean	2488813	2489129	316	19	0	20	22
tlm_inverse_gcd_forward_codec	2489129	2489132	3	0	0	0	0
tlm_inverse_gcd_forward_shift	2489132	2489446	314	77	0	0	2
tlm_inverse_gcd_forward_compare	2489446	2490321	875	130	0	43	44
tlm_inverse_gcd_forward_body	2490321	2491765	1444	175	1	97	98
tlm_apply_inverse_fold	2491765	2493447	1682	328	0	46	54
tlm_apply_inverse_swap	2493447	2494215	768	256	0	0	0
tlm_apply_inverse_mod_sub_register	2494215	2499928	5713	645	6	388	394
tlm_apply_inverse_mod_sub_fold	2499928	2500633	705	61	2	59	59
tlm_apply_inverse_mod_sub_clean	2500633	2500949	316	19	0	20	22
tlm_inverse_gcd_forward_codec	2500949	2500952	3	0	0	0	0
tlm_inverse_gcd_forward_shift	2500952	2501262	310	76	0	0	2
tlm_inverse_gcd_forward_compare	2501262	2502136	874	132	0	42	43
tlm_inverse_gcd_forward_body	2502136	2503565	1429	173	1	96	97
tlm_apply_inverse_fold	2503565	2505243	1678	330	0	45	53
tlm_apply_inverse_swap	2505243	2506011	768	256	0	0	0
tlm_apply_inverse_mod_sub_register	2506011	2511724	5713	645	6	388	394
tlm_apply_inverse_mod_sub_fold	2511724	2512455	731	63	3	61	61
tlm_apply_inverse_mod_sub_clean	2512455	2512771	316	19	0	20	22
tlm_inverse_gcd_forward_codec	2512771	2512938	167	16	0	4	7
tlm_inverse_gcd_forward_shift	2512938	2513244	306	75	0	0	2
tlm_inverse_gcd_forward_compare	2513244	2514129	885	132	0	43	44
tlm_inverse_gcd_forward_body	2514129	2515543	1414	171	1	95	96
tlm_apply_inverse_fold	2515543	2517225	1682	328	0	46	54
tlm_apply_inverse_swap	2517225	2517993	768	256	0	0	0
tlm_apply_inverse_mod_sub_register	2517993	2523706	5713	645	6	388	394
tlm_apply_inverse_mod_sub_fold	2523706	2524411	705	61	2	59	59
tlm_apply_inverse_mod_sub_clean	2524411	2524727	316	19	0	20	22
tlm_inverse_gcd_forward_codec	2524727	2524730	3	0	0	0	0
tlm_inverse_gcd_forward_shift	2524730	2525032	302	74	0	0	2
tlm_inverse_gcd_forward_compare	2525032	2525900	868	130	0	42	43
tlm_inverse_gcd_forward_body	2525900	2527299	1399	169	1	94	95
tlm_apply_inverse_fold	2527299	2528977	1678	330	0	45	53
tlm_apply_inverse_swap	2528977	2529745	768	256	0	0	0
tlm_apply_inverse_mod_sub_register	2529745	2535458	5713	645	6	388	394
tlm_apply_inverse_mod_sub_fold	2535458	2536189	731	63	3	61	61
tlm_apply_inverse_mod_sub_clean	2536189	2536505	316	19	0	20	22
tlm_inverse_gcd_forward_codec	2536505	2536508	3	0	0	0	0
tlm_inverse_gcd_forward_shift	2536508	2536806	298	73	0	0	2
tlm_inverse_gcd_forward_compare	2536806	2537665	859	130	0	41	42
tlm_inverse_gcd_forward_body	2537665	2539049	1384	167	1	93	94
tlm_apply_inverse_fold	2539049	2540723	1674	332	0	44	52
tlm_apply_inverse_swap	2540723	2541491	768	256	0	0	0
tlm_apply_inverse_mod_sub_register	2541491	2547204	5713	645	6	388	394
tlm_apply_inverse_mod_sub_fold	2547204	2547951	747	64	4	62	62
tlm_apply_inverse_mod_sub_clean	2547951	2548267	316	19	0	20	22
tlm_inverse_gcd_forward_codec	2548267	2548434	167	16	0	4	7
tlm_inverse_gcd_forward_shift	2548434	2548728	294	72	0	0	2
tlm_inverse_gcd_forward_compare	2548728	2549590	862	128	0	42	43
tlm_inverse_gcd_forward_body	2549590	2550959	1369	165	1	92	93
tlm_apply_inverse_fold	2550959	2552637	1678	330	0	45	53
tlm_apply_inverse_swap	2552637	2553405	768	256	0	0	0
tlm_apply_inverse_mod_sub_register	2553405	2559118	5713	645	6	388	394
tlm_apply_inverse_mod_sub_fold	2559118	2559849	731	63	3	61	61
tlm_apply_inverse_mod_sub_clean	2559849	2560165	316	19	0	20	22
tlm_inverse_gcd_forward_codec	2560165	2560168	3	0	0	0	0
tlm_inverse_gcd_forward_shift	2560168	2560458	290	71	0	0	2
tlm_inverse_gcd_forward_compare	2560458	2561311	853	128	0	41	42
tlm_inverse_gcd_forward_body	2561311	2562665	1354	163	1	91	92
tlm_apply_inverse_fold	2562665	2564339	1674	332	0	44	52
tlm_apply_inverse_swap	2564339	2565107	768	256	0	0	0
tlm_apply_inverse_mod_sub_register	2565107	2570820	5713	645	6	388	394
tlm_apply_inverse_mod_sub_fold	2570820	2571567	747	64	4	62	62
tlm_apply_inverse_mod_sub_clean	2571567	2571883	316	19	0	20	22
tlm_inverse_gcd_forward_codec	2571883	2571886	3	0	0	0	0
tlm_inverse_gcd_forward_shift	2571886	2572172	286	70	0	0	2
tlm_inverse_gcd_forward_compare	2572172	2573016	844	128	0	40	41
tlm_inverse_gcd_forward_body	2573016	2574355	1339	161	1	90	91
tlm_apply_inverse_fold	2574355	2576025	1670	334	0	43	51
tlm_apply_inverse_swap	2576025	2576793	768	256	0	0	0
tlm_apply_inverse_mod_sub_register	2576793	2582819	6026	667	7	410	417
tlm_apply_inverse_mod_sub_fold	2582819	2583580	761	66	3	64	64
tlm_apply_inverse_mod_sub_clean	2583580	2583896	316	19	0	20	22
tlm_inverse_gcd_forward_codec	2583896	2584063	167	16	0	4	7
tlm_inverse_gcd_forward_shift	2584063	2584345	282	69	0	0	2
tlm_inverse_gcd_forward_compare	2584345	2585192	847	126	0	41	42
tlm_inverse_gcd_forward_body	2585192	2586516	1324	159	1	89	90
tlm_apply_inverse_fold	2586516	2588190	1674	332	0	44	52
tlm_apply_inverse_swap	2588190	2588958	768	256	0	0	0
tlm_apply_inverse_mod_sub_register	2588958	2594671	5713	645	6	388	394
tlm_apply_inverse_mod_sub_fold	2594671	2595418	747	64	4	62	62
tlm_apply_inverse_mod_sub_clean	2595418	2595734	316	19	0	20	22
tlm_inverse_gcd_forward_codec	2595734	2595737	3	0	0	0	0
tlm_inverse_gcd_forward_shift	2595737	2596015	278	68	0	0	2
tlm_inverse_gcd_forward_compare	2596015	2596861	846	128	0	40	41
tlm_inverse_gcd_forward_body	2596861	2598170	1309	157	1	88	89
tlm_apply_inverse_fold	2598170	2599840	1670	334	0	43	51
tlm_apply_inverse_swap	2599840	2600608	768	256	0	0	0
tlm_apply_inverse_mod_sub_register	2600608	2606634	6026	667	7	410	417
tlm_apply_inverse_mod_sub_fold	2606634	2607395	761	66	3	64	64
tlm_apply_inverse_mod_sub_clean	2607395	2607711	316	19	0	20	22
tlm_inverse_gcd_forward_codec	2607711	2607714	3	0	0	0	0
tlm_inverse_gcd_forward_shift	2607714	2607988	274	67	0	0	2
tlm_inverse_gcd_forward_compare	2607988	2608817	829	126	0	39	40
tlm_inverse_gcd_forward_body	2608817	2610111	1294	155	1	87	88
tlm_apply_inverse_fold	2610111	2612564	2453	350	0	94	129
tlm_apply_inverse_swap	2612564	2613332	768	256	0	0	0
tlm_apply_inverse_mod_sub_register	2613332	2619358	6026	667	7	410	417
tlm_apply_inverse_mod_sub_fold	2619358	2620119	761	66	3	64	64
tlm_apply_inverse_mod_sub_clean	2620119	2620435	316	19	0	20	22
tlm_inverse_gcd_forward_codec	2620435	2620602	167	16	0	4	7
tlm_inverse_gcd_forward_shift	2620602	2620872	270	66	0	0	2
tlm_inverse_gcd_forward_compare	2620872	2621704	832	124	0	40	41
tlm_inverse_gcd_forward_body	2621704	2622983	1279	153	1	86	87
tlm_apply_inverse_fold	2622983	2624653	1670	334	0	43	51
tlm_apply_inverse_swap	2624653	2625421	768	256	0	0	0
tlm_apply_inverse_mod_sub_register	2625421	2631447	6026	667	7	410	417
tlm_apply_inverse_mod_sub_fold	2631447	2632208	761	66	3	64	64
tlm_apply_inverse_mod_sub_clean	2632208	2632524	316	19	0	20	22
tlm_inverse_gcd_forward_codec	2632524	2632527	3	0	0	0	0
tlm_inverse_gcd_forward_shift	2632527	2632793	266	65	0	0	2
tlm_inverse_gcd_forward_compare	2632793	2633616	823	124	0	39	40
tlm_inverse_gcd_forward_body	2633616	2634915	1299	153	1	87	89
tlm_apply_inverse_fold	2634915	2637368	2453	350	0	94	129
tlm_apply_inverse_swap	2637368	2638136	768	256	0	0	0
tlm_apply_inverse_mod_sub_register	2638136	2644162	6026	667	7	410	417
tlm_apply_inverse_mod_sub_fold	2644162	2644923	761	66	3	64	64
tlm_apply_inverse_mod_sub_clean	2644923	2645239	316	19	0	20	22
tlm_inverse_gcd_forward_codec	2645239	2645242	3	0	0	0	0
tlm_inverse_gcd_forward_shift	2645242	2645504	262	64	0	0	2
tlm_inverse_gcd_forward_compare	2645504	2646334	830	128	0	38	39
tlm_inverse_gcd_forward_body	2646334	2647583	1249	149	1	84	85
tlm_apply_inverse_fold	2647583	2650036	2453	350	0	94	129
tlm_apply_inverse_swap	2650036	2650804	768	256	0	0	0
tlm_apply_inverse_mod_sub_register	2650804	2656830	6026	667	7	410	417
tlm_apply_inverse_mod_sub_fold	2656830	2657611	781	66	4	66	66
tlm_apply_inverse_mod_sub_clean	2657611	2657927	316	19	0	20	22
tlm_inverse_gcd_forward_codec	2657927	2658094	167	16	0	4	7
tlm_inverse_gcd_forward_shift	2658094	2658352	258	63	0	0	2
tlm_inverse_gcd_forward_compare	2658352	2659177	825	124	0	39	40
tlm_inverse_gcd_forward_body	2659177	2660446	1269	149	1	85	87
tlm_apply_inverse_fold	2660446	2662899	2453	350	0	94	129
tlm_apply_inverse_swap	2662899	2663667	768	256	0	0	0
tlm_apply_inverse_mod_sub_register	2663667	2669693	6026	667	7	410	417
tlm_apply_inverse_mod_sub_fold	2669693	2670454	761	66	3	64	64
tlm_apply_inverse_mod_sub_clean	2670454	2670770	316	19	0	20	22
tlm_inverse_gcd_forward_codec	2670770	2670773	3	0	0	0	0
tlm_inverse_gcd_forward_shift	2670773	2671027	254	62	0	0	2
tlm_inverse_gcd_forward_compare	2671027	2671859	832	128	0	38	39
tlm_inverse_gcd_forward_body	2671859	2673113	1254	147	1	84	86
tlm_apply_inverse_fold	2673113	2675566	2453	350	0	94	129
tlm_apply_inverse_swap	2675566	2676334	768	256	0	0	0
tlm_apply_inverse_mod_sub_register	2676334	2682360	6026	667	7	410	417
tlm_apply_inverse_mod_sub_fold	2682360	2683141	781	66	4	66	66
tlm_apply_inverse_mod_sub_clean	2683141	2683457	316	19	0	20	22
tlm_inverse_gcd_forward_codec	2683457	2683460	3	0	0	0	0
tlm_inverse_gcd_forward_shift	2683460	2683712	252	62	0	0	0
tlm_inverse_gcd_forward_compare	2683712	2684534	822	133	0	35	36
tlm_inverse_gcd_forward_body	2684534	2685788	1254	147	1	84	86
tlm_apply_inverse_fold	2685788	2688241	2453	350	0	94	129
tlm_apply_inverse_swap	2688241	2689009	768	256	0	0	0
tlm_apply_inverse_mod_sub_register	2689009	2695348	6339	689	8	432	440
tlm_apply_inverse_mod_sub_fold	2695348	2696129	781	67	3	67	67
tlm_apply_inverse_mod_sub_clean	2696129	2696445	316	19	0	20	22
tlm_inverse_gcd_forward_codec	2696445	2696612	167	16	0	4	7
tlm_inverse_gcd_forward_shift	2696612	2696862	250	61	0	0	2
tlm_inverse_gcd_forward_compare	2696862	2697679	817	129	0	36	37
tlm_inverse_gcd_forward_body	2697679	2698918	1239	145	1	83	85
tlm_apply_inverse_fold	2698918	2701371	2453	350	0	94	129
tlm_apply_inverse_swap	2701371	2702139	768	256	0	0	0
tlm_apply_inverse_mod_sub_register	2702139	2708478	6339	689	8	432	440
tlm_apply_inverse_mod_sub_fold	2708478	2709271	793	67	5	67	67
tlm_apply_inverse_mod_sub_clean	2709271	2709587	316	19	0	20	22
tlm_inverse_gcd_forward_codec	2709587	2709590	3	0	0	0	0
tlm_inverse_gcd_forward_shift	2709590	2709834	244	59	0	0	4
tlm_inverse_gcd_forward_compare	2709834	2710659	825	128	0	37	38
tlm_inverse_gcd_forward_body	2710659	2711854	1195	140	1	80	82
tlm_apply_inverse_fold	2711854	2714307	2453	350	0	94	129
tlm_apply_inverse_swap	2714307	2715075	768	256	0	0	0
tlm_apply_inverse_mod_sub_register	2715075	2721101	6026	667	7	410	417
tlm_apply_inverse_mod_sub_fold	2721101	2721882	781	66	4	66	66
tlm_apply_inverse_mod_sub_clean	2721882	2722198	316	19	0	20	22
tlm_inverse_gcd_forward_codec	2722198	2722201	3	0	0	0	0
tlm_inverse_gcd_forward_shift	2722201	2722439	238	58	0	0	2
tlm_inverse_gcd_forward_compare	2722439	2723247	808	126	0	36	37
tlm_inverse_gcd_forward_body	2723247	2724427	1180	138	1	79	81
tlm_apply_inverse_fold	2724427	2726880	2453	350	0	94	129
tlm_apply_inverse_swap	2726880	2727648	768	256	0	0	0
tlm_apply_inverse_mod_sub_register	2727648	2733987	6339	689	8	432	440
tlm_apply_inverse_mod_sub_fold	2733987	2734786	799	69	5	67	67
tlm_apply_inverse_mod_sub_clean	2734786	2735102	316	19	0	20	22
tlm_inverse_gcd_forward_codec	2735102	2735269	167	16	0	4	7
tlm_inverse_gcd_forward_shift	2735269	2735503	234	57	0	0	2
tlm_inverse_gcd_forward_compare	2735503	2736322	819	126	0	37	38
tlm_inverse_gcd_forward_body	2736322	2737459	1137	134	1	76	78
tlm_apply_inverse_fold	2737459	2739912	2453	350	0	94	129
tlm_apply_inverse_swap	2739912	2740680	768	256	0	0	0
tlm_apply_inverse_mod_sub_register	2740680	2746706	6026	667	7	410	417
tlm_apply_inverse_mod_sub_fold	2746706	2747487	781	66	4	66	66
tlm_apply_inverse_mod_sub_clean	2747487	2747803	316	19	0	20	22
tlm_inverse_gcd_forward_codec	2747803	2747806	3	0	0	0	0
tlm_inverse_gcd_forward_shift	2747806	2748036	230	56	0	0	2
tlm_inverse_gcd_forward_compare	2748036	2748846	810	126	0	36	37
tlm_inverse_gcd_forward_body	2748846	2749968	1122	132	1	75	77
tlm_apply_inverse_fold	2749968	2752421	2453	350	0	94	129
tlm_apply_inverse_swap	2752421	2753189	768	256	0	0	0
tlm_apply_inverse_mod_sub_register	2753189	2759528	6339	689	8	432	440
tlm_apply_inverse_mod_sub_fold	2759528	2760327	799	69	5	67	67
tlm_apply_inverse_mod_sub_clean	2760327	2760643	316	19	0	20	22
tlm_inverse_gcd_forward_codec	2760643	2760646	3	0	0	0	0
tlm_inverse_gcd_forward_shift	2760646	2760872	226	55	0	0	2
tlm_inverse_gcd_forward_compare	2760872	2761673	801	126	0	35	36
tlm_inverse_gcd_forward_body	2761673	2762780	1107	130	1	74	76
tlm_apply_inverse_fold	2762780	2765233	2453	350	0	94	129
tlm_apply_inverse_swap	2765233	2766001	768	256	0	0	0
tlm_apply_inverse_mod_sub_register	2766001	2772340	6339	689	8	432	440
tlm_apply_inverse_mod_sub_fold	2772340	2773127	787	69	3	67	67
tlm_apply_inverse_mod_sub_clean	2773127	2773443	316	19	0	20	22
tlm_inverse_gcd_forward_codec	2773443	2773610	167	16	0	4	7
tlm_inverse_gcd_forward_shift	2773610	2773834	224	55	0	0	0
tlm_inverse_gcd_forward_compare	2773834	2774637	803	129	0	34	35
tlm_inverse_gcd_forward_body	2774637	2775758	1121	131	1	75	77
tlm_apply_inverse_fold	2775758	2778211	2453	350	0	94	129
tlm_apply_inverse_swap	2778211	2778979	768	256	0	0	0
tlm_apply_inverse_mod_sub_register	2778979	2785616	6637	710	9	453	461
tlm_apply_inverse_mod_sub_fold	2785616	2786439	823	72	4	70	70
tlm_apply_inverse_mod_sub_clean	2786439	2786755	316	19	0	20	22
tlm_inverse_gcd_forward_codec	2786755	2786758	3	0	0	0	0
tlm_inverse_gcd_forward_shift	2786758	2786978	220	53	0	0	4
tlm_inverse_gcd_forward_compare	2786978	2787773	795	124	0	35	36
tlm_inverse_gcd_forward_body	2787773	2788822	1049	124	1	70	72
tlm_apply_inverse_fold	2788822	2791275	2453	350	0	94	129
tlm_apply_inverse_swap	2791275	2792043	768	256	0	0	0
tlm_apply_inverse_mod_sub_register	2792043	2798382	6339	689	8	432	440
tlm_apply_inverse_mod_sub_fold	2798382	2799169	787	69	3	67	67
tlm_apply_inverse_mod_sub_clean	2799169	2799485	316	19	0	20	22
tlm_inverse_gcd_forward_codec	2799485	2799488	3	0	0	0	0
tlm_inverse_gcd_forward_shift	2799488	2799702	214	52	0	0	2
tlm_inverse_gcd_forward_compare	2799702	2800488	786	124	0	34	35
tlm_inverse_gcd_forward_body	2800488	2801522	1034	122	1	69	71
tlm_apply_inverse_fold	2801522	2803975	2453	350	0	94	129
tlm_apply_inverse_swap	2803975	2804743	768	256	0	0	0
tlm_apply_inverse_mod_sub_register	2804743	2811380	6637	710	9	453	461
tlm_apply_inverse_mod_sub_fold	2811380	2812197	817	70	4	70	70
tlm_apply_inverse_mod_sub_clean	2812197	2812513	316	19	0	20	22
tlm_inverse_gcd_forward_codec	2812513	2812680	167	16	0	4	7
tlm_inverse_gcd_forward_shift	2812680	2812890	210	51	0	0	2
tlm_inverse_gcd_forward_compare	2812890	2813671	781	120	0	35	36
tlm_inverse_gcd_forward_body	2813671	2814662	991	118	1	66	68
tlm_apply_inverse_fold	2814662	2817115	2453	350	0	94	129
tlm_apply_inverse_swap	2817115	2817883	768	256	0	0	0
tlm_apply_inverse_mod_sub_register	2817883	2824222	6339	689	8	432	440
tlm_apply_inverse_mod_sub_fold	2824222	2825009	787	69	3	67	67
tlm_apply_inverse_mod_sub_clean	2825009	2825325	316	19	0	20	22
tlm_inverse_gcd_forward_codec	2825325	2825328	3	0	0	0	0
tlm_inverse_gcd_forward_shift	2825328	2825534	206	50	0	0	2
tlm_inverse_gcd_forward_compare	2825534	2826298	764	118	0	34	35
tlm_inverse_gcd_forward_body	2826298	2827274	976	116	1	65	67
tlm_apply_inverse_fold	2827274	2829727	2453	350	0	94	129
tlm_apply_inverse_swap	2829727	2830495	768	256	0	0	0
tlm_apply_inverse_mod_sub_register	2830495	2837132	6637	710	9	453	461
tlm_apply_inverse_mod_sub_fold	2837132	2837949	817	70	4	70	70
tlm_apply_inverse_mod_sub_clean	2837949	2838265	316	19	0	20	22
tlm_inverse_gcd_forward_codec	2838265	2838268	3	0	0	0	0
tlm_inverse_gcd_forward_shift	2838268	2838470	202	49	0	0	2
tlm_inverse_gcd_forward_compare	2838470	2839217	747	116	0	33	34
tlm_inverse_gcd_forward_body	2839217	2840178	961	114	1	64	66
tlm_apply_inverse_fold	2840178	2842631	2453	350	0	94	129
tlm_apply_inverse_swap	2842631	2843399	768	256	0	0	0
tlm_apply_inverse_mod_sub_register	2843399	2850050	6651	711	9	454	462
tlm_apply_inverse_mod_sub_fold	2850050	2850873	823	72	4	70	70
tlm_apply_inverse_mod_sub_clean	2850873	2851189	316	19	0	20	22
tlm_inverse_gcd_forward_codec	2851189	2851356	167	16	0	4	7
tlm_inverse_gcd_forward_shift	2851356	2851554	198	48	0	0	2
tlm_inverse_gcd_forward_compare	2851554	2852296	742	112	0	34	35
tlm_inverse_gcd_forward_body	2852296	2853214	918	110	1	61	63
tlm_apply_inverse_fold	2853214	2855667	2453	350	0	94	129
tlm_apply_inverse_swap	2855667	2856435	768	256	0	0	0
tlm_apply_inverse_mod_sub_register	2856435	2863072	6637	710	9	453	461
tlm_apply_inverse_mod_sub_fold	2863072	2863889	817	70	4	70	70
tlm_apply_inverse_mod_sub_clean	2863889	2864205	316	19	0	20	22
tlm_inverse_gcd_forward_codec	2864205	2864208	3	0	0	0	0
tlm_inverse_gcd_forward_shift	2864208	2864402	194	47	0	0	2
tlm_inverse_gcd_forward_compare	2864402	2865127	725	110	0	33	34
tlm_inverse_gcd_forward_body	2865127	2866030	903	108	1	60	62
tlm_apply_inverse_fold	2866030	2868483	2453	350	0	94	129
tlm_apply_inverse_swap	2868483	2869251	768	256	0	0	0
tlm_apply_inverse_mod_sub_register	2869251	2875902	6651	711	9	454	462
tlm_apply_inverse_mod_sub_fold	2875902	2876725	823	72	4	70	70
tlm_apply_inverse_mod_sub_clean	2876725	2877041	316	19	0	20	22
tlm_inverse_gcd_forward_codec	2877041	2877044	3	0	0	0	0
tlm_inverse_gcd_forward_shift	2877044	2877234	190	46	0	0	2
tlm_inverse_gcd_forward_compare	2877234	2877942	708	108	0	32	33
tlm_inverse_gcd_forward_body	2877942	2878830	888	106	1	59	61
tlm_apply_inverse_fold	2878830	2881283	2453	350	0	94	129
tlm_apply_inverse_swap	2881283	2882051	768	256	0	0	0
tlm_apply_inverse_mod_sub_register	2882051	2888931	6880	727	10	470	479
tlm_apply_inverse_mod_sub_fold	2888931	2889774	843	72	5	72	72
tlm_apply_inverse_mod_sub_clean	2889774	2890090	316	19	0	20	22
tlm_inverse_gcd_forward_codec	2890090	2890257	167	16	0	4	7
tlm_inverse_gcd_forward_shift	2890257	2890443	186	45	0	0	2
tlm_inverse_gcd_forward_compare	2890443	2891146	703	104	0	33	34
tlm_inverse_gcd_forward_body	2891146	2891991	845	102	1	56	58
tlm_apply_inverse_fold	2891991	2894444	2453	350	0	94	129
tlm_apply_inverse_swap	2894444	2895212	768	256	0	0	0
tlm_apply_inverse_mod_sub_register	2895212	2901863	6651	711	9	454	462
tlm_apply_inverse_mod_sub_fold	2901863	2902686	823	72	4	70	70
tlm_apply_inverse_mod_sub_clean	2902686	2903002	316	19	0	20	22
tlm_inverse_gcd_forward_codec	2903002	2903005	3	0	0	0	0
tlm_inverse_gcd_forward_shift	2903005	2903187	182	44	0	0	2
tlm_inverse_gcd_forward_compare	2903187	2903873	686	102	0	32	33
tlm_inverse_gcd_forward_body	2903873	2904703	830	100	1	55	57
tlm_apply_inverse_fold	2904703	2907156	2453	350	0	94	129
tlm_apply_inverse_swap	2907156	2907924	768	256	0	0	0
tlm_apply_inverse_mod_sub_register	2907924	2914804	6880	727	10	470	479
tlm_apply_inverse_mod_sub_fold	2914804	2915647	843	72	5	72	72
tlm_apply_inverse_mod_sub_clean	2915647	2915963	316	19	0	20	22
tlm_inverse_gcd_forward_codec	2915963	2915966	3	0	0	0	0
tlm_inverse_gcd_forward_shift	2915966	2916144	178	43	0	0	2
tlm_inverse_gcd_forward_compare	2916144	2916821	677	102	0	31	32
tlm_inverse_gcd_forward_body	2916821	2917636	815	98	1	54	56
tlm_apply_inverse_fold	2917636	2920089	2453	350	0	94	129
tlm_apply_inverse_swap	2920089	2920857	768	256	0	0	0
tlm_apply_inverse_mod_sub_register	2920857	2928013	7156	747	11	490	491
tlm_apply_inverse_mod_sub_fold	2928013	2928854	841	72	5	72	72
tlm_apply_inverse_mod_sub_clean	2928854	2929170	316	19	0	20	22
tlm_inverse_gcd_forward_codec	2929170	2929337	167	16	0	4	7
tlm_inverse_gcd_forward_shift	2929337	2929511	174	42	0	0	2
tlm_inverse_gcd_forward_compare	2929511	2930183	672	98	0	32	33
tlm_inverse_gcd_forward_body	2930183	2930955	772	94	1	51	53
tlm_apply_inverse_fold	2930955	2933408	2453	350	0	94	129
tlm_apply_inverse_swap	2933408	2934176	768	256	0	0	0
tlm_apply_inverse_mod_sub_register	2934176	2941056	6880	727	10	470	479
tlm_apply_inverse_mod_sub_fold	2941056	2941899	843	72	5	72	72
tlm_apply_inverse_mod_sub_clean	2941899	2942215	316	19	0	20	22
tlm_inverse_gcd_forward_codec	2942215	2942218	3	0	0	0	0
tlm_inverse_gcd_forward_shift	2942218	2942388	170	41	0	0	2
tlm_inverse_gcd_forward_compare	2942388	2943043	655	96	0	31	32
tlm_inverse_gcd_forward_body	2943043	2943800	757	92	1	50	52
tlm_apply_inverse_fold	2943800	2946253	2453	350	0	94	129
tlm_apply_inverse_swap	2946253	2947021	768	256	0	0	0
tlm_apply_inverse_mod_sub_register	2947021	2954177	7156	747	11	490	491
tlm_apply_inverse_mod_sub_fold	2954177	2955018	841	72	5	72	72
tlm_apply_inverse_mod_sub_clean	2955018	2955334	316	19	0	20	22
tlm_inverse_gcd_forward_codec	2955334	2955337	3	0	0	0	0
tlm_inverse_gcd_forward_shift	2955337	2955503	166	40	0	0	2
tlm_inverse_gcd_forward_compare	2955503	2956141	638	94	0	30	31
tlm_inverse_gcd_forward_body	2956141	2956883	742	90	1	49	51
tlm_apply_inverse_fold	2956883	2959336	2453	350	0	94	129
tlm_apply_inverse_swap	2959336	2960104	768	256	0	0	0
tlm_apply_inverse_mod_sub_register	2960104	2967292	7188	749	12	492	493
tlm_apply_inverse_mod_sub_fold	2967292	2968157	865	75	6	73	73
tlm_apply_inverse_mod_sub_clean	2968157	2968473	316	19	0	20	22
tlm_inverse_gcd_forward_codec	2968473	2968640	167	16	0	4	7
tlm_inverse_gcd_forward_shift	2968640	2968802	162	39	0	0	2
tlm_inverse_gcd_forward_compare	2968802	2969435	633	90	0	31	32
tlm_inverse_gcd_forward_body	2969435	2970134	699	86	1	46	48
tlm_apply_inverse_fold	2970134	2972587	2453	350	0	94	129
tlm_apply_inverse_swap	2972587	2973355	768	256	0	0	0
tlm_apply_inverse_mod_sub_register	2973355	2980511	7156	747	11	490	491
tlm_apply_inverse_mod_sub_fold	2980511	2981352	841	72	5	72	72
tlm_apply_inverse_mod_sub_clean	2981352	2981668	316	19	0	20	22
tlm_inverse_gcd_forward_codec	2981668	2981671	3	0	0	0	0
tlm_inverse_gcd_forward_shift	2981671	2981829	158	38	0	0	2
tlm_inverse_gcd_forward_compare	2981829	2982445	616	88	0	30	31
tlm_inverse_gcd_forward_body	2982445	2983129	684	84	1	45	47
tlm_apply_inverse_fold	2983129	2985582	2453	350	0	94	129
tlm_apply_inverse_swap	2985582	2986350	768	256	0	0	0
tlm_apply_inverse_mod_sub_register	2986350	2993538	7188	749	12	492	493
tlm_apply_inverse_mod_sub_fold	2993538	2994395	857	74	4	74	74
tlm_apply_inverse_mod_sub_clean	2994395	2994711	316	19	0	20	22
tlm_inverse_gcd_forward_codec	2994711	2994714	3	0	0	0	0
tlm_inverse_gcd_forward_shift	2994714	2994868	154	37	0	0	2
tlm_inverse_gcd_forward_compare	2994868	2995467	599	86	0	29	30
tlm_inverse_gcd_forward_body	2995467	2996136	669	82	1	44	46
tlm_apply_inverse_fold	2996136	2998589	2453	350	0	94	129
tlm_apply_inverse_swap	2998589	2999357	768	256	0	0	0
tlm_apply_inverse_mod_sub_register	2999357	3006613	7256	753	15	496	497
tlm_apply_inverse_mod_sub_fold	3006613	3007470	857	74	4	74	74
tlm_apply_inverse_mod_sub_clean	3007470	3007786	316	19	0	20	22
tlm_inverse_gcd_forward_codec	3007786	3007953	167	16	0	4	7
tlm_inverse_gcd_forward_shift	3007953	3008103	150	36	0	0	2
tlm_inverse_gcd_forward_compare	3008103	3008697	594	82	0	30	31
tlm_inverse_gcd_forward_body	3008697	3009323	626	78	1	41	43
tlm_apply_inverse_fold	3009323	3011776	2453	350	0	94	129
tlm_apply_inverse_swap	3011776	3012544	768	256	0	0	0
tlm_apply_inverse_mod_sub_register	3012544	3019732	7188	749	12	492	493
tlm_apply_inverse_mod_sub_fold	3019732	3020589	857	74	4	74	74
tlm_apply_inverse_mod_sub_clean	3020589	3020905	316	19	0	20	22
tlm_inverse_gcd_forward_codec	3020905	3020908	3	0	0	0	0
tlm_inverse_gcd_forward_shift	3020908	3021054	146	35	0	0	2
tlm_inverse_gcd_forward_compare	3021054	3021631	577	80	0	29	30
tlm_inverse_gcd_forward_body	3021631	3022242	611	76	1	40	42
tlm_apply_inverse_fold	3022242	3024695	2453	350	0	94	129
tlm_apply_inverse_swap	3024695	3025463	768	256	0	0	0
tlm_apply_inverse_mod_sub_register	3025463	3032719	7256	753	15	496	497
tlm_apply_inverse_mod_sub_fold	3032719	3033576	857	74	4	74	74
tlm_apply_inverse_mod_sub_clean	3033576	3033892	316	19	0	20	22
tlm_inverse_gcd_forward_codec	3033892	3033895	3	0	0	0	0
tlm_inverse_gcd_forward_shift	3033895	3034037	142	34	0	0	2
tlm_inverse_gcd_forward_compare	3034037	3034597	560	78	0	28	29
tlm_inverse_gcd_forward_body	3034597	3035193	596	74	1	39	41
tlm_apply_inverse_fold	3035193	3037646	2453	350	0	94	129
tlm_apply_inverse_swap	3037646	3038414	768	256	0	0	0
tlm_apply_inverse_mod_sub_register	3038414	3045600	7186	747	12	491	498
tlm_apply_inverse_mod_sub_fold	3045600	3046463	863	76	4	74	74
tlm_apply_inverse_mod_sub_clean	3046463	3046779	316	19	0	20	22
tlm_inverse_gcd_forward_codec	3046779	3046946	167	16	0	4	7
tlm_inverse_gcd_forward_shift	3046946	3047084	138	33	0	0	2
tlm_inverse_gcd_forward_compare	3047084	3047639	555	74	0	29	30
tlm_inverse_gcd_forward_body	3047639	3048192	553	70	1	36	38
tlm_apply_inverse_fold	3048192	3050645	2453	350	0	94	129
tlm_apply_inverse_swap	3050645	3051413	768	256	0	0	0
tlm_apply_inverse_mod_sub_register	3051413	3058669	7256	753	15	496	497
tlm_apply_inverse_mod_sub_fold	3058669	3059526	857	74	4	74	74
tlm_apply_inverse_mod_sub_clean	3059526	3059842	316	19	0	20	22
tlm_inverse_gcd_forward_codec	3059842	3059845	3	0	0	0	0
tlm_inverse_gcd_forward_shift	3059845	3059979	134	32	0	0	2
tlm_inverse_gcd_forward_compare	3059979	3060517	538	72	0	28	29
tlm_inverse_gcd_forward_body	3060517	3061055	538	68	1	35	37
tlm_apply_inverse_fold	3061055	3063508	2453	350	0	94	129
tlm_apply_inverse_swap	3063508	3064276	768	256	0	0	0
tlm_apply_inverse_mod_sub_register	3064276	3071462	7186	747	12	491	498
tlm_apply_inverse_mod_sub_fold	3071462	3072325	863	76	4	74	74
tlm_apply_inverse_mod_sub_clean	3072325	3072641	316	19	0	20	22
tlm_inverse_gcd_forward_codec	3072641	3072644	3	0	0	0	0
tlm_inverse_gcd_forward_shift	3072644	3072774	130	31	0	0	2
tlm_inverse_gcd_forward_compare	3072774	3073295	521	70	0	27	28
tlm_inverse_gcd_forward_body	3073295	3073818	523	66	1	34	36
tlm_apply_inverse_fold	3073818	3076271	2453	350	0	94	129
tlm_apply_inverse_swap	3076271	3077039	768	256	0	0	0
tlm_apply_inverse_mod_sub_register	3077039	3084308	7269	753	12	497	503
tlm_apply_inverse_mod_sub_fold	3084308	3085207	899	79	5	77	77
tlm_apply_inverse_mod_sub_clean	3085207	3085523	316	19	0	20	22
tlm_inverse_gcd_forward_codec	3085523	3085690	167	16	0	4	7
tlm_inverse_gcd_forward_shift	3085690	3085816	126	30	0	0	2
tlm_inverse_gcd_forward_compare	3085816	3086332	516	66	0	28	29
tlm_inverse_gcd_forward_body	3086332	3086793	461	61	0	30	31
tlm_apply_inverse_fold	3086793	3089246	2453	350	0	94	129
tlm_apply_inverse_swap	3089246	3090014	768	256	0	0	0
tlm_apply_inverse_mod_sub_register	3090014	3097200	7186	747	12	491	498
tlm_apply_inverse_mod_sub_fold	3097200	3098063	863	76	4	74	74
tlm_apply_inverse_mod_sub_clean	3098063	3098379	316	19	0	20	22
tlm_inverse_gcd_forward_codec	3098379	3098382	3	0	0	0	0
tlm_inverse_gcd_forward_shift	3098382	3098504	122	29	0	0	2
tlm_inverse_gcd_forward_compare	3098504	3099003	499	64	0	27	28
tlm_inverse_gcd_forward_body	3099003	3099449	446	59	0	29	30
tlm_apply_inverse_fold	3099449	3101902	2453	350	0	94	129
tlm_apply_inverse_swap	3101902	3102670	768	256	0	0	0
tlm_apply_inverse_mod_sub_register	3102670	3109939	7269	753	12	497	503
tlm_apply_inverse_mod_sub_fold	3109939	3110838	899	79	5	77	77
tlm_apply_inverse_mod_sub_clean	3110838	3111154	316	19	0	20	22
tlm_inverse_gcd_forward_codec	3111154	3111157	3	0	0	0	0
tlm_inverse_gcd_forward_shift	3111157	3111275	118	28	0	0	2
tlm_inverse_gcd_forward_compare	3111275	3111757	482	62	0	26	27
tlm_inverse_gcd_forward_body	3111757	3112188	431	57	0	28	29
tlm_apply_inverse_fold	3112188	3114641	2453	350	0	94	129
tlm_apply_inverse_swap	3114641	3115409	768	256	0	0	0
tlm_apply_inverse_mod_sub_register	3115409	3122751	7342	758	13	502	507
tlm_apply_inverse_mod_sub_fold	3122751	3123644	893	77	5	77	77
tlm_apply_inverse_mod_sub_clean	3123644	3123960	316	19	0	20	22
tlm_inverse_gcd_forward_codec	3123960	3124127	167	16	0	4	7
tlm_inverse_gcd_forward_shift	3124127	3124241	114	27	0	0	2
tlm_inverse_gcd_forward_compare	3124241	3124718	477	58	0	27	28
tlm_inverse_gcd_forward_body	3124718	3125134	416	55	0	27	28
tlm_apply_inverse_fold	3125134	3127587	2453	350	0	94	129
tlm_apply_inverse_swap	3127587	3128355	768	256	0	0	0
tlm_apply_inverse_mod_sub_register	3128355	3135624	7269	753	12	497	503
tlm_apply_inverse_mod_sub_fold	3135624	3136523	899	79	5	77	77
tlm_apply_inverse_mod_sub_clean	3136523	3136839	316	19	0	20	22
tlm_inverse_gcd_forward_codec	3136839	3136842	3	0	0	0	0
tlm_inverse_gcd_forward_shift	3136842	3136952	110	26	0	0	2
tlm_inverse_gcd_forward_compare	3136952	3137412	460	56	0	26	27
tlm_inverse_gcd_forward_body	3137412	3137813	401	53	0	26	27
tlm_apply_inverse_fold	3137813	3140266	2453	350	0	94	129
tlm_apply_inverse_swap	3140266	3141034	768	256	0	0	0
tlm_apply_inverse_mod_sub_register	3141034	3148376	7342	758	13	502	507
tlm_apply_inverse_mod_sub_fold	3148376	3149269	893	77	5	77	77
tlm_apply_inverse_mod_sub_clean	3149269	3149585	316	19	0	20	22
tlm_inverse_gcd_forward_codec	3149585	3149588	3	0	0	0	0
tlm_inverse_gcd_forward_shift	3149588	3149694	106	25	0	0	2
tlm_inverse_gcd_forward_compare	3149694	3150137	443	54	0	25	26
tlm_inverse_gcd_forward_body	3150137	3150523	386	51	0	25	26
tlm_apply_inverse_fold	3150523	3152976	2453	350	0	94	129
tlm_apply_inverse_swap	3152976	3153744	768	256	0	0	0
tlm_apply_inverse_mod_sub_register	3153744	3161145	7401	762	14	506	510
tlm_apply_inverse_mod_sub_fold	3161145	3162064	919	79	6	79	79
tlm_apply_inverse_mod_sub_clean	3162064	3162380	316	19	0	20	22
tlm_inverse_gcd_forward_codec	3162380	3162547	167	16	0	4	7
tlm_inverse_gcd_forward_shift	3162547	3162647	100	23	0	0	4
tlm_inverse_gcd_forward_compare	3162647	3163076	429	50	0	25	26
tlm_inverse_gcd_forward_body	3163076	3163432	356	47	0	23	24
tlm_apply_inverse_fold	3163432	3165885	2453	350	0	94	129
tlm_apply_inverse_swap	3165885	3166653	768	256	0	0	0
tlm_apply_inverse_mod_sub_register	3166653	3173839	7186	747	12	491	498
tlm_apply_inverse_mod_sub_fold	3173839	3174732	893	77	5	77	77
tlm_apply_inverse_mod_sub_clean	3174732	3175048	316	19	0	20	22
tlm_inverse_gcd_forward_codec	3175048	3175051	3	0	0	0	0
tlm_inverse_gcd_forward_shift	3175051	3175145	94	22	0	0	2
tlm_inverse_gcd_forward_compare	3175145	3175557	412	48	0	24	25
tlm_inverse_gcd_forward_body	3175557	3175898	341	45	0	22	23
tlm_apply_inverse_fold	3175898	3178351	2453	350	0	94	129
tlm_apply_inverse_swap	3178351	3179119	768	256	0	0	0
tlm_apply_inverse_mod_sub_register	3179119	3186388	7269	753	12	497	503
tlm_apply_inverse_mod_sub_fold	3186388	3187281	893	77	5	77	77
tlm_apply_inverse_mod_sub_clean	3187281	3187597	316	19	0	20	22
tlm_inverse_gcd_forward_codec	3187597	3187600	3	0	0	0	0
tlm_inverse_gcd_forward_shift	3187600	3187690	90	21	0	0	2
tlm_inverse_gcd_forward_compare	3187690	3188085	395	46	0	23	24
tlm_inverse_gcd_forward_body	3188085	3188411	326	43	0	21	22
tlm_apply_inverse_fold	3188411	3190864	2453	350	0	94	129
tlm_apply_inverse_swap	3190864	3191632	768	256	0	0	0
tlm_apply_inverse_mod_sub_register	3191632	3198974	7342	758	13	502	507
tlm_apply_inverse_mod_sub_fold	3198974	3199867	893	77	5	77	77
tlm_apply_inverse_mod_sub_clean	3199867	3200183	316	19	0	20	22
tlm_inverse_gcd_forward_codec	3200183	3200350	167	16	0	4	7
tlm_inverse_gcd_forward_shift	3200350	3200436	86	20	0	0	2
tlm_inverse_gcd_forward_compare	3200436	3200814	378	44	0	22	23
tlm_inverse_gcd_forward_body	3200814	3201125	311	41	0	20	21
tlm_apply_inverse_fold	3201125	3203578	2453	350	0	94	129
tlm_apply_inverse_swap	3203578	3204346	768	256	0	0	0
tlm_apply_inverse_mod_sub_register	3204346	3211615	7269	753	12	497	503
tlm_apply_inverse_mod_sub_fold	3211615	3212508	893	77	5	77	77
tlm_apply_inverse_mod_sub_clean	3212508	3212824	316	19	0	20	22
tlm_inverse_gcd_forward_codec	3212824	3212827	3	0	0	0	0
tlm_inverse_gcd_forward_shift	3212827	3212909	82	19	0	0	2
tlm_inverse_gcd_forward_compare	3212909	3213270	361	42	0	21	22
tlm_inverse_gcd_forward_body	3213270	3213566	296	39	0	19	20
tlm_apply_inverse_fold	3213566	3216019	2453	350	0	94	129
tlm_apply_inverse_swap	3216019	3216787	768	256	0	0	0
tlm_apply_inverse_mod_sub_register	3216787	3224129	7342	758	13	502	507
tlm_apply_inverse_mod_sub_fold	3224129	3225022	893	77	5	77	77
tlm_apply_inverse_mod_sub_clean	3225022	3225338	316	19	0	20	22
tlm_inverse_gcd_forward_codec	3225338	3225341	3	0	0	0	0
tlm_inverse_gcd_forward_shift	3225341	3225417	76	17	0	0	4
tlm_inverse_gcd_forward_compare	3225417	3225744	327	38	0	19	20
tlm_inverse_gcd_forward_body	3225744	3226010	266	35	0	17	18
tlm_apply_inverse_fold	3226010	3228463	2453	350	0	94	129
tlm_apply_inverse_swap	3228463	3229231	768	256	0	0	0
tlm_apply_inverse_mod_sub_register	3229231	3236500	7269	753	12	497	503
tlm_apply_inverse_mod_sub_fold	3236500	3237393	893	77	5	77	77
tlm_apply_inverse_mod_sub_clean	3237393	3237709	316	19	0	20	22
tlm_inverse_gcd_forward_codec	3237709	3237876	167	16	0	4	7
tlm_inverse_gcd_forward_shift	3237876	3237948	72	17	0	0	0
tlm_inverse_gcd_forward_compare	3237948	3238275	327	38	0	19	20
tlm_inverse_gcd_forward_body	3238275	3238541	266	35	0	17	18
tlm_apply_inverse_fold	3238541	3240994	2453	350	0	94	129
tlm_apply_inverse_swap	3240994	3241762	768	256	0	0	0
tlm_apply_inverse_mod_sub_register	3241762	3249104	7342	758	13	502	507
tlm_apply_inverse_mod_sub_fold	3249104	3249997	893	77	5	77	77
tlm_apply_inverse_mod_sub_clean	3249997	3250313	316	19	0	20	22
tlm_inverse_gcd_forward_codec	3250313	3250316	3	0	0	0	0
tlm_inverse_gcd_forward_shift	3250316	3250388	72	17	0	0	0
tlm_inverse_gcd_forward_compare	3250388	3250715	327	38	0	19	20
tlm_inverse_gcd_forward_body	3250715	3250981	266	35	0	17	18
tlm_apply_inverse_fold	3250981	3253434	2453	350	0	94	129
tlm_apply_inverse_swap	3253434	3254202	768	256	0	0	0
tlm_apply_inverse_mod_sub_register	3254202	3261687	7485	767	18	511	513
tlm_apply_inverse_mod_sub_fold	3261687	3262622	935	80	7	80	80
tlm_apply_inverse_mod_sub_clean	3262622	3262938	316	19	0	20	22
tlm_inverse_gcd_forward_codec	3262938	3262941	3	0	0	0	0
tlm_inverse_gcd_forward_shift	3262941	3263011	70	16	0	0	2
tlm_inverse_gcd_forward_compare	3263011	3263321	310	36	0	18	19
tlm_inverse_gcd_forward_body	3263321	3263572	251	33	0	16	17
tlm_apply_inverse_fold	3263572	3266025	2453	350	0	94	129
tlm_apply_inverse_swap	3266025	3266793	768	256	0	0	0
tlm_apply_inverse_mod_sub_register	3266793	3274248	7455	769	22	506	508
tlm_apply_inverse_mod_sub_fold	3274248	3275191	943	82	5	82	82
tlm_apply_inverse_mod_sub_clean	3275191	3275507	316	19	0	20	22
tlm_inverse_gcd_forward_codec	3275507	3275674	167	16	0	4	7
tlm_inverse_gcd_forward_shift	3275674	3275740	66	15	0	0	2
tlm_inverse_gcd_forward_compare	3275740	3276033	293	34	0	17	18
tlm_inverse_gcd_forward_body	3276033	3276269	236	31	0	15	16
tlm_apply_inverse_fold	3276269	3278722	2453	350	0	94	129
tlm_apply_inverse_swap	3278722	3279490	768	256	0	0	0
tlm_apply_inverse_mod_sub_register	3279490	3286975	7485	767	18	511	513
tlm_apply_inverse_mod_sub_fold	3286975	3287916	941	82	5	82	82
tlm_apply_inverse_mod_sub_clean	3287916	3288232	316	19	0	20	22
tlm_inverse_gcd_forward_codec	3288232	3288235	3	0	0	0	0
tlm_inverse_gcd_forward_shift	3288235	3288297	62	14	0	0	2
tlm_inverse_gcd_forward_compare	3288297	3288573	276	32	0	16	17
tlm_inverse_gcd_forward_body	3288573	3288794	221	29	0	14	15
tlm_apply_inverse_fold	3288794	3291247	2453	350	0	94	129
tlm_apply_inverse_swap	3291247	3292015	768	256	0	0	0
tlm_apply_inverse_mod_sub_register	3292015	3299470	7455	769	22	506	508
tlm_apply_inverse_mod_sub_fold	3299470	3300413	943	82	5	82	82
tlm_apply_inverse_mod_sub_clean	3300413	3300729	316	19	0	20	22
tlm_inverse_gcd_forward_codec	3300729	3300732	3	0	0	0	0
tlm_inverse_gcd_forward_shift	3300732	3300790	58	13	0	0	2
tlm_inverse_gcd_forward_compare	3300790	3301049	259	30	0	15	16
tlm_inverse_gcd_forward_body	3301049	3301255	206	27	0	13	14
tlm_apply_inverse_fold	3301255	3303708	2453	350	0	94	129
tlm_apply_inverse_swap	3303708	3304476	768	256	0	0	0
tlm_apply_inverse_mod_sub_register	3304476	3311487	7011	769	21	462	464
tlm_apply_inverse_mod_sub_fold	3311487	3312430	943	82	5	82	82
tlm_apply_inverse_mod_sub_clean	3312430	3312746	316	19	0	20	22
tlm_inverse_gcd_forward_codec	3312746	3312913	167	16	0	4	7
tlm_inverse_gcd_forward_shift	3312913	3312969	56	13	0	0	0
tlm_inverse_gcd_forward_compare	3312969	3313228	259	30	0	15	16
tlm_inverse_gcd_forward_body	3313228	3313434	206	27	0	13	14
tlm_apply_inverse_fold	3313434	3315887	2453	350	0	94	129
tlm_apply_inverse_swap	3315887	3316655	768	256	0	0	0
tlm_apply_inverse_mod_sub_register	3316655	3323242	6587	769	20	420	422
tlm_apply_inverse_mod_sub_fold	3323242	3324221	979	85	6	85	85
tlm_apply_inverse_mod_sub_clean	3324221	3324537	316	19	0	20	22
tlm_inverse_gcd_forward_codec	3324537	3324540	3	0	0	0	0
tlm_inverse_gcd_forward_shift	3324540	3324594	54	12	0	0	2
tlm_inverse_gcd_forward_compare	3324594	3324836	242	28	0	14	15
tlm_inverse_gcd_forward_body	3324836	3325027	191	25	0	12	13
tlm_apply_inverse_fold	3325027	3327480	2453	350	0	94	129
tlm_apply_inverse_swap	3327480	3328248	768	256	0	0	0
tlm_apply_inverse_mod_sub_register	3328248	3334431	6183	769	19	380	382
tlm_apply_inverse_mod_sub_fold	3334431	3335410	979	85	6	85	85
tlm_apply_inverse_mod_sub_clean	3335410	3335726	316	19	0	20	22
tlm_inverse_gcd_forward_codec	3335726	3335729	3	0	0	0	0
tlm_inverse_gcd_forward_shift	3335729	3335781	52	12	0	0	0
tlm_inverse_gcd_forward_compare	3335781	3336023	242	28	0	14	15
tlm_inverse_gcd_forward_body	3336023	3336214	191	25	0	12	13
tlm_apply_inverse_fold	3336214	3338450	2236	396	0	64	107
tlm_apply_inverse_swap	3338450	3339218	768	256	0	0	0
tlm_apply_inverse_mod_sub_register	3339218	3344309	5091	769	16	272	274
tlm_apply_inverse_mod_sub_fold	3344309	3345308	999	87	7	87	87
tlm_apply_inverse_mod_sub_clean	3345308	3345612	304	21	0	18	20
tlm_inverse_gcd_forward_codec	3345612	3345779	167	16	0	4	7
tlm_inverse_gcd_forward_shift	3345779	3345831	52	12	0	0	0
tlm_inverse_gcd_forward_compare	3345831	3346073	242	28	0	14	15
tlm_inverse_gcd_forward_body	3346073	3346264	191	25	0	12	13
tlm_apply_inverse_fold	3346264	3348510	2246	398	0	64	108
tlm_apply_inverse_swap	3348510	3349278	768	256	0	0	0
tlm_apply_inverse_mod_sub_register	3349278	3354045	4767	769	15	240	242
tlm_apply_inverse_mod_sub_fold	3354045	3355072	1027	91	6	91	91
tlm_apply_inverse_mod_sub_clean	3355072	3355370	298	22	0	17	19
tlm_inverse_gcd_forward_codec	3355370	3355373	3	0	0	0	0
tlm_inverse_gcd_forward_shift	3355373	3355421	48	10	0	0	4
tlm_inverse_gcd_forward_compare	3355421	3355629	208	24	0	12	13
tlm_inverse_gcd_forward_body	3355629	3355790	161	21	0	10	11
tlm_apply_inverse_fold	3355790	3358026	2236	396	0	64	107
tlm_apply_inverse_swap	3358026	3358794	768	256	0	0	0
tlm_apply_inverse_mod_sub_register	3358794	3363885	5091	769	16	272	274
tlm_apply_inverse_mod_sub_fold	3363885	3364884	999	87	7	87	87
tlm_apply_inverse_mod_sub_clean	3364884	3365188	304	21	0	18	20
tlm_inverse_gcd_forward_codec	3365188	3365191	3	0	0	0	0
tlm_inverse_gcd_forward_shift	3365191	3365235	44	10	0	0	0
tlm_inverse_gcd_forward_compare	3365235	3365443	208	24	0	12	13
tlm_inverse_gcd_forward_body	3365443	3365604	161	21	0	10	11
tlm_apply_inverse_fold	3365604	3367914	2310	408	0	66	114
tlm_apply_inverse_swap	3367914	3368682	768	256	0	0	0
tlm_apply_inverse_mod_sub_register	3368682	3372861	4179	769	13	182	184
tlm_apply_inverse_mod_sub_fold	3372861	3373880	1019	91	6	91	91
tlm_apply_inverse_mod_sub_clean	3373880	3374166	286	24	0	15	17
tlm_inverse_gcd_forward_codec	3374166	3374333	167	16	0	4	7
tlm_inverse_gcd_forward_shift	3374333	3374373	40	8	0	0	4
tlm_inverse_gcd_forward_compare	3374373	3374547	174	20	0	10	11
tlm_inverse_gcd_forward_body	3374547	3374678	131	17	0	8	9
tlm_apply_inverse_fold	3374678	3376914	2236	396	0	64	107
tlm_apply_inverse_swap	3376914	3377682	768	256	0	0	0
tlm_apply_inverse_mod_sub_register	3377682	3382773	5091	769	16	272	274
tlm_apply_inverse_mod_sub_fold	3382773	3383772	999	87	7	87	87
tlm_apply_inverse_mod_sub_clean	3383772	3384076	304	21	0	18	20
tlm_inverse_gcd_forward_codec	3384076	3384079	3	0	0	0	0
tlm_inverse_gcd_forward_shift	3384079	3384113	34	7	0	0	2
tlm_inverse_gcd_forward_compare	3384113	3384270	157	18	0	9	10
tlm_inverse_gcd_forward_body	3384270	3384386	116	15	0	7	8
tlm_apply_inverse_fold	3384386	3386787	2401	418	0	68	121
tlm_apply_inverse_mod_sub_register	3386787	3391554	4767	769	15	240	242
tlm_apply_inverse_mod_sub_fold	3391554	3392567	1013	88	8	88	88
tlm_apply_inverse_mod_sub_clean	3392567	3392865	298	22	0	17	19
tlm_inverse_gcd_forward_codec	3392865	3392868	3	0	0	0	0
tlm_inverse_gcd_forward_shift	3392868	3392900	32	7	0	0	0
tlm_inverse_gcd_forward_compare	3392900	3393057	157	18	0	9	10
tlm_inverse_gcd_forward_body	3393057	3393173	116	15	0	7	8
tlm_apply_inverse_fold	3393173	3394486	1313	94	7	94	95
tlm_apply_inverse_mod_sub	3394486	3394487	1	0	0	0	0
tlm_inverse_gcd_forward_codec	3394487	3394654	167	16	0	4	7
tlm_gcd_step_end	3394654	3394933	279	0	0	0	277
tlm_inverse_gcd_reverse_decode	3394933	3395098	165	17	0	3	8
tlm_inverse_gcd_reverse_apply	3395098	3395099	1	0	0	0	0
tlm_inverse_gcd_reverse_body	3395099	3395387	288	39	0	17	18
tlm_inverse_gcd_reverse_decode	3395387	3395393	6	0	0	0	3
tlm_inverse_gcd_reverse_apply	3395393	3395394	1	0	0	0	0
tlm_inverse_gcd_reverse_body	3395394	3395682	288	39	0	17	18
tlm_inverse_gcd_reverse_decode	3395682	3395688	6	0	0	0	3
tlm_inverse_gcd_reverse_apply	3395688	3395689	1	0	0	0	0
tlm_inverse_gcd_reverse_body	3395689	3396011	322	44	0	19	20
tlm_inverse_gcd_reverse_decode	3396011	3396176	165	17	0	3	8
tlm_inverse_gcd_reverse_apply	3396176	3396177	1	0	0	0	0
tlm_inverse_gcd_reverse_body	3396177	3396567	390	54	0	23	24
tlm_inverse_gcd_reverse_decode	3396567	3396573	6	0	0	0	3
tlm_inverse_gcd_reverse_apply	3396573	3396574	1	0	0	0	0
tlm_inverse_gcd_reverse_body	3396574	3396964	390	54	0	23	24
tlm_inverse_gcd_reverse_decode	3396964	3396970	6	0	0	0	3
tlm_inverse_gcd_reverse_apply	3396970	3396971	1	0	0	0	0
tlm_inverse_gcd_reverse_body	3396971	3397429	458	64	0	27	28
tlm_inverse_gcd_reverse_decode	3397429	3397594	165	17	0	3	8
tlm_inverse_gcd_reverse_apply	3397594	3397595	1	0	0	0	0
tlm_inverse_gcd_reverse_body	3397595	3398053	458	64	0	27	28
tlm_inverse_gcd_reverse_decode	3398053	3398059	6	0	0	0	3
tlm_inverse_gcd_reverse_apply	3398059	3398060	1	0	0	0	0
tlm_inverse_gcd_reverse_body	3398060	3398518	458	64	0	27	28
tlm_inverse_gcd_reverse_decode	3398518	3398524	6	0	0	0	3
tlm_inverse_gcd_reverse_apply	3398524	3398525	1	0	0	0	0
tlm_inverse_gcd_reverse_body	3398525	3399017	492	69	0	29	30
tlm_inverse_gcd_reverse_decode	3399017	3399182	165	17	0	3	8
tlm_inverse_gcd_reverse_apply	3399182	3399183	1	0	0	0	0
tlm_inverse_gcd_reverse_body	3399183	3399675	492	69	0	29	30
tlm_inverse_gcd_reverse_decode	3399675	3399681	6	0	0	0	3
tlm_inverse_gcd_reverse_apply	3399681	3399682	1	0	0	0	0
tlm_inverse_gcd_reverse_body	3399682	3400208	526	74	0	31	32
tlm_inverse_gcd_reverse_decode	3400208	3400214	6	0	0	0	3
tlm_inverse_gcd_reverse_apply	3400214	3400215	1	0	0	0	0
tlm_inverse_gcd_reverse_body	3400215	3400775	560	79	0	33	34
tlm_inverse_gcd_reverse_decode	3400775	3400940	165	17	0	3	8
tlm_inverse_gcd_reverse_apply	3400940	3400941	1	0	0	0	0
tlm_inverse_gcd_reverse_body	3400941	3401535	594	84	0	35	36
tlm_inverse_gcd_reverse_decode	3401535	3401541	6	0	0	0	3
tlm_inverse_gcd_reverse_apply	3401541	3401542	1	0	0	0	0
tlm_inverse_gcd_reverse_body	3401542	3402170	628	89	0	37	38
tlm_inverse_gcd_reverse_decode	3402170	3402176	6	0	0	0	3
tlm_inverse_gcd_reverse_apply	3402176	3402177	1	0	0	0	0
tlm_inverse_gcd_reverse_body	3402177	3402805	628	89	0	37	38
tlm_inverse_gcd_reverse_decode	3402805	3402970	165	17	0	3	8
tlm_inverse_gcd_reverse_apply	3402970	3402971	1	0	0	0	0
tlm_inverse_gcd_reverse_body	3402971	3403599	628	89	0	37	38
tlm_inverse_gcd_reverse_decode	3403599	3403605	6	0	0	0	3
tlm_inverse_gcd_reverse_apply	3403605	3403606	1	0	0	0	0
tlm_inverse_gcd_reverse_body	3403606	3404302	696	99	0	41	42
tlm_inverse_gcd_reverse_decode	3404302	3404308	6	0	0	0	3
tlm_inverse_gcd_reverse_apply	3404308	3404309	1	0	0	0	0
tlm_inverse_gcd_reverse_body	3404309	3405039	730	104	0	43	44
tlm_inverse_gcd_reverse_decode	3405039	3405204	165	17	0	3	8
tlm_inverse_gcd_reverse_apply	3405204	3405205	1	0	0	0	0
tlm_inverse_gcd_reverse_body	3405205	3405969	764	109	0	45	46
tlm_inverse_gcd_reverse_decode	3405969	3405975	6	0	0	0	3
tlm_inverse_gcd_reverse_apply	3405975	3405976	1	0	0	0	0
tlm_inverse_gcd_reverse_body	3405976	3406774	798	114	0	47	48
tlm_inverse_gcd_reverse_decode	3406774	3406780	6	0	0	0	3
tlm_inverse_gcd_reverse_apply	3406780	3406781	1	0	0	0	0
tlm_inverse_gcd_reverse_body	3406781	3407613	832	119	0	49	50
tlm_inverse_gcd_reverse_decode	3407613	3407778	165	17	0	3	8
tlm_inverse_gcd_reverse_apply	3407778	3407779	1	0	0	0	0
tlm_inverse_gcd_reverse_body	3407779	3408665	886	128	0	52	53
tlm_inverse_gcd_reverse_decode	3408665	3408671	6	0	0	0	3
tlm_inverse_gcd_reverse_apply	3408671	3408672	1	0	0	0	0
tlm_inverse_gcd_reverse_body	3408672	3409592	920	133	0	54	55
tlm_inverse_gcd_reverse_decode	3409592	3409598	6	0	0	0	3
tlm_inverse_gcd_reverse_apply	3409598	3409599	1	0	0	0	0
tlm_inverse_gcd_reverse_body	3409599	3410553	954	138	0	56	57
tlm_inverse_gcd_reverse_decode	3410553	3410718	165	17	0	3	8
tlm_inverse_gcd_reverse_apply	3410718	3410719	1	0	0	0	0
tlm_inverse_gcd_reverse_body	3410719	3411707	988	143	0	58	59
tlm_inverse_gcd_reverse_decode	3411707	3411713	6	0	0	0	3
tlm_inverse_gcd_reverse_apply	3411713	3411714	1	0	0	0	0
tlm_inverse_gcd_reverse_body	3411714	3412736	1022	148	0	60	61
tlm_inverse_gcd_reverse_decode	3412736	3412742	6	0	0	0	3
tlm_inverse_gcd_reverse_apply	3412742	3412743	1	0	0	0	0
tlm_inverse_gcd_reverse_body	3412743	3413799	1056	153	0	62	63
tlm_inverse_gcd_reverse_decode	3413799	3413964	165	17	0	3	8
tlm_inverse_gcd_reverse_apply	3413964	3413965	1	0	0	0	0
tlm_inverse_gcd_reverse_body	3413965	3415055	1090	158	0	64	65
tlm_inverse_gcd_reverse_decode	3415055	3415061	6	0	0	0	3
tlm_inverse_gcd_reverse_apply	3415061	3415062	1	0	0	0	0
tlm_inverse_gcd_reverse_body	3415062	3416186	1124	163	0	66	67
tlm_inverse_gcd_reverse_decode	3416186	3416192	6	0	0	0	3
tlm_inverse_gcd_reverse_apply	3416192	3416193	1	0	0	0	0
tlm_inverse_gcd_reverse_body	3416193	3417351	1158	168	0	68	69
tlm_inverse_gcd_reverse_decode	3417351	3417516	165	17	0	3	8
tlm_inverse_gcd_reverse_apply	3417516	3417517	1	0	0	0	0
tlm_inverse_gcd_reverse_body	3417517	3418709	1192	173	0	70	71
tlm_inverse_gcd_reverse_decode	3418709	3418715	6	0	0	0	3
tlm_inverse_gcd_reverse_apply	3418715	3418716	1	0	0	0	0
tlm_inverse_gcd_reverse_body	3418716	3419942	1226	178	0	72	73
tlm_inverse_gcd_reverse_decode	3419942	3419948	6	0	0	0	3
tlm_inverse_gcd_reverse_apply	3419948	3419949	1	0	0	0	0
tlm_inverse_gcd_reverse_body	3419949	3421209	1260	183	0	74	75
tlm_inverse_gcd_reverse_decode	3421209	3421374	165	17	0	3	8
tlm_inverse_gcd_reverse_apply	3421374	3421375	1	0	0	0	0
tlm_inverse_gcd_reverse_body	3421375	3422669	1294	188	0	76	77
tlm_inverse_gcd_reverse_decode	3422669	3422675	6	0	0	0	3
tlm_inverse_gcd_reverse_apply	3422675	3422676	1	0	0	0	0
tlm_inverse_gcd_reverse_body	3422676	3424004	1328	193	0	78	79
tlm_inverse_gcd_reverse_decode	3424004	3424010	6	0	0	0	3
tlm_inverse_gcd_reverse_apply	3424010	3424011	1	0	0	0	0
tlm_inverse_gcd_reverse_body	3424011	3425373	1362	198	0	80	81
tlm_inverse_gcd_reverse_decode	3425373	3425538	165	17	0	3	8
tlm_inverse_gcd_reverse_apply	3425538	3425539	1	0	0	0	0
tlm_inverse_gcd_reverse_body	3425539	3426935	1396	203	0	82	83
tlm_inverse_gcd_reverse_decode	3426935	3426941	6	0	0	0	3
tlm_inverse_gcd_reverse_apply	3426941	3426942	1	0	0	0	0
tlm_inverse_gcd_reverse_body	3426942	3428372	1430	208	0	84	85
tlm_inverse_gcd_reverse_decode	3428372	3428378	6	0	0	0	3
tlm_inverse_gcd_reverse_apply	3428378	3428379	1	0	0	0	0
tlm_inverse_gcd_reverse_body	3428379	3429843	1464	213	0	86	87
tlm_inverse_gcd_reverse_decode	3429843	3430008	165	17	0	3	8
tlm_inverse_gcd_reverse_apply	3430008	3430009	1	0	0	0	0
tlm_inverse_gcd_reverse_body	3430009	3431507	1498	218	0	88	89
tlm_inverse_gcd_reverse_decode	3431507	3431513	6	0	0	0	3
tlm_inverse_gcd_reverse_apply	3431513	3431514	1	0	0	0	0
tlm_inverse_gcd_reverse_body	3431514	3433032	1518	222	0	89	90
tlm_inverse_gcd_reverse_decode	3433032	3433038	6	0	0	0	3
tlm_inverse_gcd_reverse_apply	3433038	3433039	1	0	0	0	0
tlm_inverse_gcd_reverse_body	3433039	3434591	1552	227	0	91	92
tlm_inverse_gcd_reverse_decode	3434591	3434756	165	17	0	3	8
tlm_inverse_gcd_reverse_apply	3434756	3434757	1	0	0	0	0
tlm_inverse_gcd_reverse_body	3434757	3436343	1586	232	0	93	94
tlm_inverse_gcd_reverse_decode	3436343	3436349	6	0	0	0	3
tlm_inverse_gcd_reverse_apply	3436349	3436350	1	0	0	0	0
tlm_inverse_gcd_reverse_body	3436350	3437970	1620	237	0	95	96
tlm_inverse_gcd_reverse_decode	3437970	3437976	6	0	0	0	3
tlm_inverse_gcd_reverse_apply	3437976	3437977	1	0	0	0	0
tlm_inverse_gcd_reverse_body	3437977	3439631	1654	242	0	97	98
tlm_inverse_gcd_reverse_decode	3439631	3439796	165	17	0	3	8
tlm_inverse_gcd_reverse_apply	3439796	3439797	1	0	0	0	0
tlm_inverse_gcd_reverse_body	3439797	3441485	1688	247	0	99	100
tlm_inverse_gcd_reverse_decode	3441485	3441491	6	0	0	0	3
tlm_inverse_gcd_reverse_apply	3441491	3441492	1	0	0	0	0
tlm_inverse_gcd_reverse_body	3441492	3443214	1722	252	0	101	102
tlm_inverse_gcd_reverse_decode	3443214	3443220	6	0	0	0	3
tlm_inverse_gcd_reverse_apply	3443220	3443221	1	0	0	0	0
tlm_inverse_gcd_reverse_body	3443221	3444977	1756	257	0	103	104
tlm_inverse_gcd_reverse_decode	3444977	3445142	165	17	0	3	8
tlm_inverse_gcd_reverse_apply	3445142	3445143	1	0	0	0	0
tlm_inverse_gcd_reverse_body	3445143	3446933	1790	262	0	105	106
tlm_inverse_gcd_reverse_decode	3446933	3446939	6	0	0	0	3
tlm_inverse_gcd_reverse_apply	3446939	3446940	1	0	0	0	0
tlm_inverse_gcd_reverse_body	3446940	3448750	1810	266	0	106	107
tlm_inverse_gcd_reverse_decode	3448750	3448756	6	0	0	0	3
tlm_inverse_gcd_reverse_apply	3448756	3448757	1	0	0	0	0
tlm_inverse_gcd_reverse_body	3448757	3450621	1864	275	0	109	110
tlm_inverse_gcd_reverse_decode	3450621	3450786	165	17	0	3	8
tlm_inverse_gcd_reverse_apply	3450786	3450787	1	0	0	0	0
tlm_inverse_gcd_reverse_body	3450787	3452637	1850	274	0	108	109
tlm_inverse_gcd_reverse_decode	3452637	3452643	6	0	0	0	3
tlm_inverse_gcd_reverse_apply	3452643	3452644	1	0	0	0	0
tlm_inverse_gcd_reverse_body	3452644	3454514	1870	278	0	109	110
tlm_inverse_gcd_reverse_decode	3454514	3454520	6	0	0	0	3
tlm_inverse_gcd_reverse_apply	3454520	3454521	1	0	0	0	0
tlm_inverse_gcd_reverse_body	3454521	3456411	1890	282	0	110	111
tlm_inverse_gcd_reverse_decode	3456411	3456576	165	17	0	3	8
tlm_inverse_gcd_reverse_apply	3456576	3456577	1	0	0	0	0
tlm_inverse_gcd_reverse_body	3456577	3458473	1896	285	0	110	111
tlm_inverse_gcd_reverse_decode	3458473	3458479	6	0	0	0	3
tlm_inverse_gcd_reverse_apply	3458479	3458480	1	0	0	0	0
tlm_inverse_gcd_reverse_body	3458480	3460410	1930	290	0	112	113
tlm_inverse_gcd_reverse_decode	3460410	3460416	6	0	0	0	3
tlm_inverse_gcd_reverse_apply	3460416	3460417	1	0	0	0	0
tlm_inverse_gcd_reverse_body	3460417	3462373	1956	297	0	113	114
tlm_inverse_gcd_reverse_decode	3462373	3462538	165	17	0	3	8
tlm_inverse_gcd_reverse_apply	3462538	3462539	1	0	0	0	0
tlm_inverse_gcd_reverse_body	3462539	3464529	1990	302	0	115	116
tlm_inverse_gcd_reverse_decode	3464529	3464535	6	0	0	0	3
tlm_inverse_gcd_reverse_apply	3464535	3464536	1	0	0	0	0
tlm_inverse_gcd_reverse_body	3464536	3466512	1976	301	0	114	115
tlm_inverse_gcd_reverse_decode	3466512	3466518	6	0	0	0	3
tlm_inverse_gcd_reverse_apply	3466518	3466519	1	0	0	0	0
tlm_inverse_gcd_reverse_body	3466519	3468487	1968	303	0	113	114
tlm_inverse_gcd_reverse_decode	3468487	3468652	165	17	0	3	8
tlm_inverse_gcd_reverse_apply	3468652	3468653	1	0	0	0	0
tlm_inverse_gcd_reverse_body	3468653	3470655	2002	308	0	115	116
tlm_inverse_gcd_reverse_decode	3470655	3470661	6	0	0	0	3
tlm_inverse_gcd_reverse_apply	3470661	3470662	1	0	0	0	0
tlm_inverse_gcd_reverse_body	3470662	3472656	1994	310	0	114	115
tlm_inverse_gcd_reverse_decode	3472656	3472662	6	0	0	0	3
tlm_inverse_gcd_reverse_apply	3472662	3472663	1	0	0	0	0
tlm_inverse_gcd_reverse_body	3472663	3474677	2014	314	0	115	116
tlm_inverse_gcd_reverse_decode	3474677	3474842	165	17	0	3	8
tlm_inverse_gcd_reverse_apply	3474842	3474843	1	0	0	0	0
tlm_inverse_gcd_reverse_body	3474843	3476877	2034	318	0	116	117
tlm_inverse_gcd_reverse_decode	3476877	3476883	6	0	0	0	3
tlm_inverse_gcd_reverse_apply	3476883	3476884	1	0	0	0	0
tlm_inverse_gcd_reverse_body	3476884	3478952	2068	323	0	118	119
tlm_inverse_gcd_reverse_decode	3478952	3478958	6	0	0	0	3
tlm_inverse_gcd_reverse_apply	3478958	3478959	1	0	0	0	0
tlm_inverse_gcd_reverse_body	3478959	3481033	2074	326	0	118	119
tlm_inverse_gcd_reverse_decode	3481033	3481198	165	17	0	3	8
tlm_inverse_gcd_reverse_apply	3481198	3481199	1	0	0	0	0
tlm_inverse_gcd_reverse_body	3481199	3483293	2094	330	0	119	120
tlm_inverse_gcd_reverse_decode	3483293	3483299	6	0	0	0	3
tlm_inverse_gcd_reverse_apply	3483299	3483300	1	0	0	0	0
tlm_inverse_gcd_reverse_body	3483300	3485414	2114	334	0	120	121
tlm_inverse_gcd_reverse_decode	3485414	3485420	6	0	0	0	3
tlm_inverse_gcd_reverse_apply	3485420	3485421	1	0	0	0	0
tlm_inverse_gcd_reverse_body	3485421	3487555	2134	338	0	121	122
tlm_inverse_gcd_reverse_decode	3487555	3487720	165	17	0	3	8
tlm_inverse_gcd_reverse_apply	3487720	3487721	1	0	0	0	0
tlm_inverse_gcd_reverse_body	3487721	3489875	2154	342	0	122	123
tlm_inverse_gcd_reverse_decode	3489875	3489881	6	0	0	0	3
tlm_inverse_gcd_reverse_apply	3489881	3489882	1	0	0	0	0
tlm_inverse_gcd_reverse_body	3489882	3492056	2174	346	0	123	124
tlm_inverse_gcd_reverse_decode	3492056	3492062	6	0	0	0	3
tlm_inverse_gcd_reverse_apply	3492062	3492063	1	0	0	0	0
tlm_inverse_gcd_reverse_body	3492063	3494271	2208	351	0	125	126
tlm_inverse_gcd_reverse_decode	3494271	3494436	165	17	0	3	8
tlm_inverse_gcd_reverse_apply	3494436	3494437	1	0	0	0	0
tlm_inverse_gcd_reverse_body	3494437	3496651	2214	354	0	125	126
tlm_inverse_gcd_reverse_decode	3496651	3496657	6	0	0	0	3
tlm_inverse_gcd_reverse_apply	3496657	3496658	1	0	0	0	0
tlm_inverse_gcd_reverse_body	3496658	3498878	2220	357	0	125	126
tlm_inverse_gcd_reverse_decode	3498878	3498884	6	0	0	0	3
tlm_inverse_gcd_reverse_apply	3498884	3498885	1	0	0	0	0
tlm_inverse_gcd_reverse_body	3498885	3501125	2240	361	0	126	127
tlm_inverse_gcd_reverse_decode	3501125	3501290	165	17	0	3	8
tlm_inverse_gcd_reverse_apply	3501290	3501291	1	0	0	0	0
tlm_inverse_gcd_reverse_body	3501291	3503551	2260	365	0	127	128
tlm_inverse_gcd_reverse_decode	3503551	3503557	6	0	0	0	3
tlm_inverse_gcd_reverse_apply	3503557	3503558	1	0	0	0	0
tlm_inverse_gcd_reverse_body	3503558	3505838	2280	369	0	128	129
tlm_inverse_gcd_reverse_decode	3505838	3505844	6	0	0	0	3
tlm_inverse_gcd_reverse_apply	3505844	3505845	1	0	0	0	0
tlm_inverse_gcd_reverse_body	3505845	3508145	2300	373	0	129	130
tlm_inverse_gcd_reverse_decode	3508145	3508310	165	17	0	3	8
tlm_inverse_gcd_reverse_apply	3508310	3508311	1	0	0	0	0
tlm_inverse_gcd_reverse_body	3508311	3510631	2320	377	0	130	131
tlm_inverse_gcd_reverse_decode	3510631	3510637	6	0	0	0	3
tlm_inverse_gcd_reverse_apply	3510637	3510638	1	0	0	0	0
tlm_inverse_gcd_reverse_body	3510638	3512978	2340	381	0	131	132
tlm_inverse_gcd_reverse_decode	3512978	3512984	6	0	0	0	3
tlm_inverse_gcd_reverse_apply	3512984	3512985	1	0	0	0	0
tlm_inverse_gcd_reverse_body	3512985	3515331	2346	384	0	131	132
tlm_inverse_gcd_reverse_decode	3515331	3515496	165	17	0	3	8
tlm_inverse_gcd_reverse_apply	3515496	3515497	1	0	0	0	0
tlm_inverse_gcd_reverse_body	3515497	3517863	2366	388	0	132	133
tlm_inverse_gcd_reverse_decode	3517863	3517869	6	0	0	0	3
tlm_inverse_gcd_reverse_apply	3517869	3517870	1	0	0	0	0
tlm_inverse_gcd_reverse_body	3517870	3520270	2400	393	0	134	135
tlm_inverse_gcd_reverse_decode	3520270	3520276	6	0	0	0	3
tlm_inverse_gcd_reverse_apply	3520276	3520277	1	0	0	0	0
tlm_inverse_gcd_reverse_body	3520277	3522683	2406	396	0	134	135
tlm_inverse_gcd_reverse_decode	3522683	3522848	165	17	0	3	8
tlm_inverse_gcd_reverse_apply	3522848	3522849	1	0	0	0	0
tlm_inverse_gcd_reverse_body	3522849	3525275	2426	400	0	135	136
tlm_inverse_gcd_reverse_decode	3525275	3525281	6	0	0	0	3
tlm_inverse_gcd_reverse_apply	3525281	3525282	1	0	0	0	0
tlm_inverse_gcd_reverse_body	3525282	3527742	2460	405	0	137	138
tlm_inverse_gcd_reverse_decode	3527742	3527748	6	0	0	0	3
tlm_inverse_gcd_reverse_apply	3527748	3527749	1	0	0	0	0
tlm_inverse_gcd_reverse_body	3527749	3530215	2466	408	0	137	138
tlm_inverse_gcd_reverse_decode	3530215	3530380	165	17	0	3	8
tlm_inverse_gcd_reverse_apply	3530380	3530381	1	0	0	0	0
tlm_inverse_gcd_reverse_body	3530381	3532867	2486	412	0	138	139
tlm_inverse_gcd_reverse_decode	3532867	3532873	6	0	0	0	3
tlm_inverse_gcd_reverse_apply	3532873	3532874	1	0	0	0	0
tlm_inverse_gcd_reverse_body	3532874	3535380	2506	416	0	139	140
tlm_inverse_gcd_reverse_decode	3535380	3535386	6	0	0	0	3
tlm_inverse_gcd_reverse_apply	3535386	3535387	1	0	0	0	0
tlm_inverse_gcd_reverse_body	3535387	3537899	2512	419	0	139	140
tlm_inverse_gcd_reverse_decode	3537899	3538064	165	17	0	3	8
tlm_inverse_gcd_reverse_apply	3538064	3538065	1	0	0	0	0
tlm_inverse_gcd_reverse_body	3538065	3540597	2532	423	0	140	141
tlm_inverse_gcd_reverse_decode	3540597	3540603	6	0	0	0	3
tlm_inverse_gcd_reverse_apply	3540603	3540604	1	0	0	0	0
tlm_inverse_gcd_reverse_body	3540604	3543170	2566	428	0	142	143
tlm_inverse_gcd_reverse_decode	3543170	3543176	6	0	0	0	3
tlm_inverse_gcd_reverse_apply	3543176	3543177	1	0	0	0	0
tlm_inverse_gcd_reverse_body	3543177	3545749	2572	431	0	142	143
tlm_inverse_gcd_reverse_decode	3545749	3545914	165	17	0	3	8
tlm_inverse_gcd_reverse_apply	3545914	3545915	1	0	0	0	0
tlm_inverse_gcd_reverse_body	3545915	3548507	2592	435	0	143	144
tlm_inverse_gcd_reverse_decode	3548507	3548513	6	0	0	0	3
tlm_inverse_gcd_reverse_apply	3548513	3548514	1	0	0	0	0
tlm_inverse_gcd_reverse_body	3548514	3551126	2612	439	0	144	145
tlm_inverse_gcd_reverse_decode	3551126	3551132	6	0	0	0	3
tlm_inverse_gcd_reverse_apply	3551132	3551133	1	0	0	0	0
tlm_inverse_gcd_reverse_body	3551133	3553765	2632	443	0	145	146
tlm_inverse_gcd_reverse_decode	3553765	3553930	165	17	0	3	8
tlm_inverse_gcd_reverse_apply	3553930	3553931	1	0	0	0	0
tlm_inverse_gcd_reverse_body	3553931	3556583	2652	447	0	146	147
tlm_inverse_gcd_reverse_decode	3556583	3556589	6	0	0	0	3
tlm_inverse_gcd_reverse_apply	3556589	3556590	1	0	0	0	0
tlm_inverse_gcd_reverse_body	3556590	3559276	2686	452	0	148	149
tlm_inverse_gcd_reverse_decode	3559276	3559282	6	0	0	0	3
tlm_inverse_gcd_reverse_apply	3559282	3559283	1	0	0	0	0
tlm_inverse_gcd_reverse_body	3559283	3561961	2678	454	0	147	148
tlm_inverse_gcd_reverse_decode	3561961	3562126	165	17	0	3	8
tlm_inverse_gcd_reverse_apply	3562126	3562127	1	0	0	0	0
tlm_inverse_gcd_reverse_body	3562127	3564839	2712	459	0	149	150
tlm_inverse_gcd_reverse_decode	3564839	3564845	6	0	0	0	3
tlm_inverse_gcd_reverse_apply	3564845	3564846	1	0	0	0	0
tlm_inverse_gcd_reverse_body	3564846	3567612	2766	468	0	152	153
tlm_inverse_gcd_reverse_decode	3567612	3567618	6	0	0	0	3
tlm_inverse_gcd_reverse_apply	3567618	3567619	1	0	0	0	0
tlm_inverse_gcd_reverse_body	3567619	3570357	2738	466	0	150	151
tlm_inverse_gcd_reverse_decode	3570357	3570522	165	17	0	3	8
tlm_inverse_gcd_reverse_apply	3570522	3570523	1	0	0	0	0
tlm_inverse_gcd_reverse_body	3570523	3573315	2792	475	0	153	154
tlm_inverse_gcd_reverse_decode	3573315	3573321	6	0	0	0	3
tlm_inverse_gcd_reverse_apply	3573321	3573322	1	0	0	0	0
tlm_inverse_gcd_reverse_body	3573322	3576100	2778	474	0	152	153
tlm_inverse_gcd_reverse_decode	3576100	3576106	6	0	0	0	3
tlm_inverse_gcd_reverse_apply	3576106	3576107	1	0	0	0	0
tlm_inverse_gcd_reverse_body	3576107	3578905	2798	478	0	153	154
tlm_inverse_gcd_reverse_decode	3578905	3579070	165	17	0	3	8
tlm_inverse_gcd_reverse_apply	3579070	3579071	1	0	0	0	0
tlm_inverse_gcd_reverse_body	3579071	3581889	2818	482	0	154	155
tlm_inverse_gcd_reverse_decode	3581889	3581895	6	0	0	0	3
tlm_inverse_gcd_reverse_apply	3581895	3581896	1	0	0	0	0
tlm_inverse_gcd_reverse_body	3581896	3584720	2824	485	0	154	155
tlm_inverse_gcd_reverse_decode	3584720	3584726	6	0	0	0	3
tlm_inverse_gcd_reverse_apply	3584726	3584727	1	0	0	0	0
tlm_inverse_gcd_reverse_body	3584727	3587585	2858	490	0	156	157
tlm_inverse_gcd_reverse_decode	3587585	3587750	165	17	0	3	8
tlm_inverse_gcd_reverse_apply	3587750	3587751	1	0	0	0	0
tlm_inverse_gcd_reverse_body	3587751	3590629	2878	494	0	157	158
tlm_inverse_gcd_reverse_decode	3590629	3590635	6	0	0	0	3
tlm_inverse_gcd_reverse_apply	3590635	3590636	1	0	0	0	0
tlm_inverse_gcd_reverse_body	3590636	3593554	2918	502	0	159	160
tlm_inverse_gcd_reverse_decode	3593554	3593560	6	0	0	0	3
tlm_inverse_gcd_reverse_apply	3593560	3593561	1	0	0	0	0
tlm_inverse_gcd_reverse_body	3593561	3596513	2952	507	0	161	162
tlm_inverse_gcd_reverse_decode	3596513	3596678	165	17	0	3	8
tlm_inverse_gcd_reverse_apply	3596678	3596679	1	0	0	0	0
tlm_inverse_gcd_reverse_body	3596679	3599637	2958	510	0	161	162
tlm_inverse_gcd_reverse_decode	3599637	3599643	6	0	0	0	3
tlm_inverse_gcd_reverse_apply	3599643	3599644	1	0	0	0	0
tlm_inverse_gcd_reverse_body	3599644	3602622	2978	514	0	162	163
tlm_inverse_gcd_reverse_decode	3602622	3602628	6	0	0	0	3
tlm_inverse_gcd_reverse_apply	3602628	3602629	1	0	0	0	0
tlm_inverse_gcd_reverse_body	3602629	3605627	2998	518	0	163	164
tlm_inverse_gcd_reverse_decode	3605627	3605792	165	17	0	3	8
tlm_inverse_gcd_reverse_apply	3605792	3605793	1	0	0	0	0
tlm_inverse_gcd_reverse_body	3605793	3608811	3018	522	0	164	165
tlm_inverse_gcd_reverse_decode	3608811	3608817	6	0	0	0	3
tlm_inverse_gcd_reverse_apply	3608817	3608818	1	0	0	0	0
tlm_inverse_gcd_reverse_body	3608818	3611856	3038	526	0	165	166
tlm_inverse_gcd_reverse_decode	3611856	3611862	6	0	0	0	3
tlm_inverse_gcd_reverse_apply	3611862	3611863	1	0	0	0	0
tlm_inverse_gcd_reverse_body	3611863	3614907	3044	529	0	165	166
tlm_inverse_gcd_reverse_decode	3614907	3615072	165	17	0	3	8
tlm_inverse_gcd_reverse_apply	3615072	3615073	1	0	0	0	0
tlm_inverse_gcd_reverse_body	3615073	3618151	3078	534	0	167	168
tlm_inverse_gcd_reverse_decode	3618151	3618157	6	0	0	0	3
tlm_inverse_gcd_reverse_apply	3618157	3618158	1	0	0	0	0
tlm_inverse_gcd_reverse_body	3618158	3621242	3084	537	0	167	168
tlm_inverse_gcd_reverse_decode	3621242	3621248	6	0	0	0	3
tlm_inverse_gcd_reverse_apply	3621248	3621249	1	0	0	0	0
tlm_inverse_gcd_reverse_body	3621249	3624333	3084	537	0	167	168
tlm_inverse_gcd_reverse_decode	3624333	3624498	165	17	0	3	8
tlm_inverse_gcd_reverse_apply	3624498	3624499	1	0	0	0	0
tlm_inverse_gcd_reverse_body	3624499	3627623	3124	545	0	169	170
tlm_inverse_gcd_reverse_decode	3627623	3627629	6	0	0	0	3
tlm_inverse_gcd_reverse_apply	3627629	3627630	1	0	0	0	0
tlm_inverse_gcd_reverse_body	3627630	3630774	3144	549	0	170	171
tlm_inverse_gcd_reverse_decode	3630774	3630780	6	0	0	0	3
tlm_inverse_gcd_reverse_apply	3630780	3630781	1	0	0	0	0
tlm_inverse_gcd_reverse_body	3630781	3633959	3178	554	0	172	173
tlm_inverse_gcd_reverse_decode	3633959	3634124	165	17	0	3	8
tlm_inverse_gcd_reverse_apply	3634124	3634125	1	0	0	0	0
tlm_inverse_gcd_reverse_body	3634125	3637323	3198	558	0	173	174
tlm_inverse_gcd_reverse_decode	3637323	3637329	6	0	0	0	3
tlm_inverse_gcd_reverse_apply	3637329	3637330	1	0	0	0	0
tlm_inverse_gcd_reverse_body	3637330	3640520	3190	560	0	172	173
tlm_inverse_gcd_reverse_decode	3640520	3640526	6	0	0	0	3
tlm_inverse_gcd_reverse_apply	3640526	3640527	1	0	0	0	0
tlm_inverse_gcd_reverse_body	3640527	3643751	3224	565	0	174	175
tlm_inverse_gcd_reverse_decode	3643751	3643916	165	17	0	3	8
tlm_inverse_gcd_reverse_apply	3643916	3643917	1	0	0	0	0
tlm_inverse_gcd_reverse_body	3643917	3647161	3244	569	0	175	176
tlm_inverse_gcd_reverse_decode	3647161	3647167	6	0	0	0	3
tlm_inverse_gcd_reverse_apply	3647167	3647168	1	0	0	0	0
tlm_inverse_gcd_reverse_body	3647168	3650432	3264	573	0	176	177
tlm_inverse_gcd_reverse_decode	3650432	3650438	6	0	0	0	3
tlm_inverse_gcd_reverse_apply	3650438	3650439	1	0	0	0	0
tlm_inverse_gcd_reverse_body	3650439	3653723	3284	577	0	177	178
tlm_inverse_gcd_reverse_decode	3653723	3653888	165	17	0	3	8
tlm_inverse_gcd_reverse_apply	3653888	3653889	1	0	0	0	0
tlm_inverse_gcd_reverse_body	3653889	3657179	3290	580	0	177	178
tlm_inverse_gcd_reverse_decode	3657179	3657185	6	0	0	0	3
tlm_inverse_gcd_reverse_apply	3657185	3657186	1	0	0	0	0
tlm_inverse_gcd_reverse_body	3657186	3660496	3310	584	0	178	179
tlm_inverse_gcd_reverse_decode	3660496	3660502	6	0	0	0	3
tlm_inverse_gcd_reverse_apply	3660502	3660503	1	0	0	0	0
tlm_inverse_gcd_reverse_body	3660503	3663833	3330	588	0	179	180
tlm_inverse_gcd_reverse_decode	3663833	3663998	165	17	0	3	8
tlm_inverse_gcd_reverse_apply	3663998	3663999	1	0	0	0	0
tlm_inverse_gcd_reverse_body	3663999	3667349	3350	592	0	180	181
tlm_inverse_gcd_reverse_decode	3667349	3667355	6	0	0	0	3
tlm_inverse_gcd_reverse_apply	3667355	3667356	1	0	0	0	0
tlm_inverse_gcd_reverse_body	3667356	3670740	3384	597	0	182	183
tlm_inverse_gcd_reverse_decode	3670740	3670746	6	0	0	0	3
tlm_inverse_gcd_reverse_apply	3670746	3670747	1	0	0	0	0
tlm_inverse_gcd_reverse_body	3670747	3674137	3390	600	0	182	183
tlm_inverse_gcd_reverse_decode	3674137	3674302	165	17	0	3	8
tlm_inverse_gcd_reverse_apply	3674302	3674303	1	0	0	0	0
tlm_inverse_gcd_reverse_body	3674303	3677713	3410	604	0	183	184
tlm_inverse_gcd_reverse_decode	3677713	3677719	6	0	0	0	3
tlm_inverse_gcd_reverse_apply	3677719	3677720	1	0	0	0	0
tlm_inverse_gcd_reverse_body	3677720	3681164	3444	609	0	185	186
tlm_inverse_gcd_reverse_decode	3681164	3681170	6	0	0	0	3
tlm_inverse_gcd_reverse_apply	3681170	3681171	1	0	0	0	0
tlm_inverse_gcd_reverse_body	3681171	3684635	3464	613	0	186	187
tlm_inverse_gcd_reverse_decode	3684635	3684800	165	17	0	3	8
tlm_inverse_gcd_reverse_apply	3684800	3684801	1	0	0	0	0
tlm_inverse_gcd_reverse_body	3684801	3688271	3470	616	0	186	187
tlm_inverse_gcd_reverse_decode	3688271	3688277	6	0	0	0	3
tlm_inverse_gcd_reverse_apply	3688277	3688278	1	0	0	0	0
tlm_inverse_gcd_reverse_body	3688278	3691782	3504	621	0	188	189
tlm_inverse_gcd_reverse_decode	3691782	3691788	6	0	0	0	3
tlm_inverse_gcd_reverse_apply	3691788	3691789	1	0	0	0	0
tlm_inverse_gcd_reverse_body	3691789	3695299	3510	624	0	188	189
tlm_inverse_gcd_reverse_decode	3695299	3695464	165	17	0	3	8
tlm_inverse_gcd_reverse_apply	3695464	3695465	1	0	0	0	0
tlm_inverse_gcd_reverse_body	3695465	3698995	3530	628	0	189	190
tlm_inverse_gcd_reverse_decode	3698995	3699001	6	0	0	0	3
tlm_inverse_gcd_reverse_apply	3699001	3699002	1	0	0	0	0
tlm_inverse_gcd_reverse_body	3699002	3702552	3550	632	0	190	191
tlm_inverse_gcd_reverse_decode	3702552	3702558	6	0	0	0	3
tlm_inverse_gcd_reverse_apply	3702558	3702559	1	0	0	0	0
tlm_inverse_gcd_reverse_body	3702559	3706129	3570	636	0	191	192
tlm_inverse_gcd_reverse_decode	3706129	3706294	165	17	0	3	8
tlm_inverse_gcd_reverse_apply	3706294	3706295	1	0	0	0	0
tlm_inverse_gcd_reverse_body	3706295	3709885	3590	640	0	192	193
tlm_inverse_gcd_reverse_decode	3709885	3709891	6	0	0	0	3
tlm_inverse_gcd_reverse_apply	3709891	3709892	1	0	0	0	0
tlm_inverse_gcd_reverse_body	3709892	3713502	3610	644	0	193	194
tlm_inverse_gcd_reverse_decode	3713502	3713508	6	0	0	0	3
tlm_inverse_gcd_reverse_apply	3713508	3713509	1	0	0	0	0
tlm_inverse_gcd_reverse_body	3713509	3717139	3630	648	0	194	195
tlm_inverse_gcd_reverse_decode	3717139	3717304	165	17	0	3	8
tlm_inverse_gcd_reverse_apply	3717304	3717305	1	0	0	0	0
tlm_inverse_gcd_reverse_body	3717305	3720941	3636	651	0	194	195
tlm_inverse_gcd_reverse_decode	3720941	3720947	6	0	0	0	3
tlm_inverse_gcd_reverse_apply	3720947	3720948	1	0	0	0	0
tlm_inverse_gcd_reverse_body	3720948	3724618	3670	656	0	196	197
tlm_inverse_gcd_reverse_decode	3724618	3724624	6	0	0	0	3
tlm_inverse_gcd_reverse_apply	3724624	3724625	1	0	0	0	0
tlm_inverse_gcd_reverse_body	3724625	3728301	3676	659	0	196	197
tlm_inverse_gcd_reverse_decode	3728301	3728466	165	17	0	3	8
tlm_inverse_gcd_reverse_apply	3728466	3728467	1	0	0	0	0
tlm_inverse_gcd_reverse_body	3728467	3732163	3696	663	0	197	198
tlm_inverse_gcd_reverse_decode	3732163	3732169	6	0	0	0	3
tlm_inverse_gcd_reverse_apply	3732169	3732170	1	0	0	0	0
tlm_inverse_gcd_reverse_body	3732170	3735886	3716	667	0	198	199
tlm_inverse_gcd_reverse_decode	3735886	3735892	6	0	0	0	3
tlm_inverse_gcd_reverse_apply	3735892	3735893	1	0	0	0	0
tlm_inverse_gcd_reverse_body	3735893	3739629	3736	671	0	199	200
tlm_inverse_gcd_reverse_decode	3739629	3739794	165	17	0	3	8
tlm_inverse_gcd_reverse_apply	3739794	3739795	1	0	0	0	0
tlm_inverse_gcd_reverse_body	3739795	3743551	3756	675	0	200	201
tlm_inverse_gcd_reverse_decode	3743551	3743557	6	0	0	0	3
tlm_inverse_gcd_reverse_apply	3743557	3743558	1	0	0	0	0
tlm_inverse_gcd_reverse_body	3743558	3747320	3762	678	0	200	201
tlm_inverse_gcd_reverse_decode	3747320	3747326	6	0	0	0	3
tlm_inverse_gcd_reverse_apply	3747326	3747327	1	0	0	0	0
tlm_inverse_gcd_reverse_body	3747327	3751123	3796	683	0	202	203
tlm_inverse_gcd_reverse_decode	3751123	3751288	165	17	0	3	8
tlm_inverse_gcd_reverse_apply	3751288	3751289	1	0	0	0	0
tlm_inverse_gcd_reverse_body	3751289	3755105	3816	687	0	203	204
tlm_inverse_gcd_reverse_decode	3755105	3755111	6	0	0	0	3
tlm_inverse_gcd_reverse_apply	3755111	3755112	1	0	0	0	0
tlm_inverse_gcd_reverse_body	3755112	3758934	3822	690	0	203	204
tlm_inverse_gcd_reverse_decode	3758934	3758940	6	0	0	0	3
tlm_inverse_gcd_reverse_apply	3758940	3758941	1	0	0	0	0
tlm_inverse_gcd_reverse_body	3758941	3762817	3876	699	0	206	207
tlm_inverse_gcd_reverse_decode	3762817	3762982	165	17	0	3	8
tlm_inverse_gcd_reverse_apply	3762982	3762983	1	0	0	0	0
tlm_inverse_gcd_reverse_body	3762983	3766879	3896	703	0	207	208
tlm_inverse_gcd_reverse_decode	3766879	3766885	6	0	0	0	3
tlm_inverse_gcd_reverse_apply	3766885	3766886	1	0	0	0	0
tlm_inverse_gcd_reverse_body	3766886	3770816	3930	708	0	209	210
tlm_inverse_gcd_reverse_decode	3770816	3770822	6	0	0	0	3
tlm_inverse_gcd_reverse_apply	3770822	3770823	1	0	0	0	0
tlm_inverse_gcd_reverse_body	3770823	3774745	3922	710	0	208	209
tlm_inverse_gcd_reverse_decode	3774745	3774910	165	17	0	3	8
tlm_inverse_gcd_reverse_apply	3774910	3774911	1	0	0	0	0
tlm_inverse_gcd_reverse_body	3774911	3778853	3942	714	0	209	210
tlm_inverse_gcd_reverse_decode	3778853	3778859	6	0	0	0	3
tlm_inverse_gcd_reverse_apply	3778859	3778860	1	0	0	0	0
tlm_inverse_gcd_reverse_body	3778860	3782856	3996	723	0	212	213
tlm_inverse_gcd_reverse_decode	3782856	3782862	6	0	0	0	3
tlm_inverse_gcd_reverse_apply	3782862	3782863	1	0	0	0	0
tlm_inverse_gcd_reverse_body	3782863	3786893	4030	728	0	214	215
tlm_inverse_gcd_reverse_decode	3786893	3787058	165	17	0	3	8
tlm_inverse_gcd_reverse_apply	3787058	3787059	1	0	0	0	0
tlm_inverse_gcd_reverse_body	3787059	3791061	4002	726	0	212	213
tlm_inverse_gcd_reverse_decode	3791061	3791067	6	0	0	0	3
tlm_inverse_gcd_reverse_apply	3791067	3791068	1	0	0	0	0
tlm_inverse_gcd_reverse_body	3791068	3795104	4036	731	0	214	215
tlm_inverse_gcd_reverse_decode	3795104	3795110	6	0	0	0	3
tlm_inverse_gcd_reverse_apply	3795110	3795111	1	0	0	0	0
tlm_inverse_gcd_reverse_body	3795111	3799153	4042	734	0	214	215
tlm_inverse_gcd_reverse_decode	3799153	3799318	165	17	0	3	8
tlm_inverse_gcd_reverse_apply	3799318	3799319	1	0	0	0	0
tlm_inverse_gcd_reverse_body	3799319	3803381	4062	738	0	215	216
tlm_inverse_gcd_reverse_decode	3803381	3803387	6	0	0	0	3
tlm_inverse_gcd_reverse_apply	3803387	3803388	1	0	0	0	0
tlm_inverse_gcd_reverse_body	3803388	3807470	4082	742	0	216	217
tlm_inverse_gcd_reverse_decode	3807470	3807476	6	0	0	0	3
tlm_inverse_gcd_reverse_apply	3807476	3807477	1	0	0	0	0
tlm_inverse_gcd_reverse_body	3807477	3811579	4102	746	0	217	218
tlm_inverse_gcd_reverse_decode	3811579	3811744	165	17	0	3	8
tlm_inverse_gcd_reverse_apply	3811744	3811745	1	0	0	0	0
tlm_inverse_gcd_reverse_body	3811745	3815867	4122	750	0	218	219
tlm_inverse_gcd_reverse_decode	3815867	3815873	6	0	0	0	3
tlm_inverse_gcd_reverse_apply	3815873	3815874	1	0	0	0	0
tlm_inverse_gcd_reverse_body	3815874	3820016	4142	754	0	219	220
tlm_inverse_gcd_reverse_decode	3820016	3820022	6	0	0	0	3
tlm_inverse_gcd_reverse_apply	3820022	3820023	1	0	0	0	0
tlm_inverse_gcd_reverse_body	3820023	3824171	4148	757	0	219	220
tlm_inverse_gcd_reverse_decode	3824171	3824336	165	17	0	3	8
tlm_inverse_gcd_reverse_apply	3824336	3824337	1	0	0	0	0
tlm_inverse_gcd_reverse_body	3824337	3828505	4168	761	0	220	221
tlm_inverse_gcd_reverse_decode	3828505	3828511	6	0	0	0	3
tlm_inverse_gcd_reverse_apply	3828511	3828512	1	0	0	0	0
tlm_inverse_gcd_reverse_body	3828512	3832728	4216	767	0	223	224
tlm_inverse_gcd_reverse_decode	3832728	3832734	6	0	0	0	3
tlm_inverse_gcd_reverse_apply	3832734	3832735	1	0	0	0	0
tlm_inverse_gcd_reverse_body	3832735	3836957	4222	770	0	223	224
tlm_inverse_gcd_reverse_decode	3836957	3837122	165	17	0	3	8
tlm_inverse_gcd_reverse_apply	3837122	3837123	1	0	0	0	0
tlm_inverse_gcd_reverse_body	3837123	3841365	4242	774	0	224	225
tlm_inverse_gcd_reverse_decode	3841365	3841371	6	0	0	0	3
tlm_inverse_gcd_reverse_apply	3841371	3841372	1	0	0	0	0
tlm_inverse_gcd_reverse_body	3841372	3845620	4248	777	0	224	225
tlm_inverse_gcd_reverse_decode	3845620	3845626	6	0	0	0	3
tlm_inverse_gcd_reverse_apply	3845626	3845627	1	0	0	0	0
tlm_inverse_gcd_reverse_body	3845627	3849895	4268	781	0	225	226
tlm_inverse_gcd_reverse_decode	3849895	3850060	165	17	0	3	8
tlm_inverse_gcd_reverse_apply	3850060	3850061	1	0	0	0	0
tlm_inverse_gcd_reverse_body	3850061	3854335	4274	784	0	225	226
tlm_inverse_gcd_reverse_decode	3854335	3854341	6	0	0	0	3
tlm_inverse_gcd_reverse_apply	3854341	3854342	1	0	0	0	0
tlm_inverse_gcd_reverse_body	3854342	3858650	4308	789	0	227	228
tlm_inverse_gcd_reverse_decode	3858650	3858656	6	0	0	0	3
tlm_inverse_gcd_reverse_apply	3858656	3858657	1	0	0	0	0
tlm_inverse_gcd_reverse_body	3858657	3862999	4342	794	0	229	230
tlm_inverse_gcd_reverse_decode	3862999	3863164	165	17	0	3	8
tlm_inverse_gcd_reverse_apply	3863164	3863165	1	0	0	0	0
tlm_inverse_gcd_reverse_body	3863165	3867513	4348	797	0	229	230
tlm_inverse_gcd_reverse_decode	3867513	3867519	6	0	0	0	3
tlm_inverse_gcd_reverse_apply	3867519	3867520	1	0	0	0	0
tlm_inverse_gcd_reverse_body	3867520	3871888	4368	801	0	230	231
tlm_inverse_gcd_reverse_decode	3871888	3871894	6	0	0	0	3
tlm_inverse_gcd_reverse_apply	3871894	3871895	1	0	0	0	0
tlm_inverse_gcd_reverse_body	3871895	3876269	4374	804	0	230	231
tlm_inverse_gcd_reverse_decode	3876269	3876434	165	17	0	3	8
tlm_inverse_gcd_reverse_apply	3876434	3876435	1	0	0	0	0
tlm_inverse_gcd_reverse_body	3876435	3880829	4394	808	0	231	232
tlm_inverse_gcd_reverse_decode	3880829	3880835	6	0	0	0	3
tlm_inverse_gcd_reverse_apply	3880835	3880836	1	0	0	0	0
tlm_inverse_gcd_reverse_body	3880836	3885250	4414	812	0	232	233
tlm_inverse_gcd_reverse_decode	3885250	3885256	6	0	0	0	3
tlm_inverse_gcd_reverse_apply	3885256	3885257	1	0	0	0	0
tlm_inverse_gcd_reverse_body	3885257	3889691	4434	816	0	233	234
tlm_inverse_gcd_reverse_decode	3889691	3889856	165	17	0	3	8
tlm_inverse_gcd_reverse_apply	3889856	3889857	1	0	0	0	0
tlm_inverse_gcd_reverse_body	3889857	3894311	4454	820	0	234	235
tlm_inverse_gcd_reverse_decode	3894311	3894317	6	0	0	0	3
tlm_inverse_gcd_reverse_apply	3894317	3894318	1	0	0	0	0
tlm_inverse_gcd_reverse_body	3894318	3898792	4474	824	0	235	236
tlm_inverse_gcd_reverse_decode	3898792	3898798	6	0	0	0	3
tlm_inverse_gcd_reverse_apply	3898798	3898799	1	0	0	0	0
tlm_inverse_gcd_reverse_body	3898799	3903279	4480	827	0	235	236
tlm_inverse_gcd_reverse_decode	3903279	3903444	165	17	0	3	8
tlm_inverse_gcd_reverse_apply	3903444	3903445	1	0	0	0	0
tlm_inverse_gcd_reverse_body	3903445	3907945	4500	831	0	236	237
tlm_inverse_gcd_reverse_decode	3907945	3907951	6	0	0	0	3
tlm_inverse_gcd_reverse_apply	3907951	3907952	1	0	0	0	0
tlm_inverse_gcd_reverse_body	3907952	3912472	4520	835	0	237	238
tlm_inverse_gcd_reverse_decode	3912472	3912478	6	0	0	0	3
tlm_inverse_gcd_reverse_apply	3912478	3912479	1	0	0	0	0
tlm_inverse_gcd_reverse_body	3912479	3917019	4540	839	0	238	239
tlm_inverse_gcd_reverse_decode	3917019	3917184	165	17	0	3	8
tlm_inverse_gcd_reverse_apply	3917184	3917185	1	0	0	0	0
tlm_inverse_gcd_reverse_body	3917185	3921745	4560	843	0	239	240
tlm_inverse_gcd_reverse_decode	3921745	3921751	6	0	0	0	3
tlm_inverse_gcd_reverse_apply	3921751	3921752	1	0	0	0	0
tlm_inverse_gcd_reverse_body	3921752	3926332	4580	847	0	240	241
tlm_inverse_gcd_reverse_decode	3926332	3926338	6	0	0	0	3
tlm_inverse_gcd_reverse_apply	3926338	3926339	1	0	0	0	0
tlm_inverse_gcd_reverse_body	3926339	3930939	4600	851	0	241	242
tlm_inverse_gcd_reverse_decode	3930939	3931104	165	17	0	3	8
tlm_inverse_gcd_reverse_apply	3931104	3931105	1	0	0	0	0
tlm_inverse_gcd_reverse_body	3931105	3935725	4620	855	0	242	243
tlm_inverse_gcd_reverse_decode	3935725	3935731	6	0	0	0	3
tlm_inverse_gcd_reverse_apply	3935731	3935732	1	0	0	0	0
tlm_inverse_gcd_reverse_body	3935732	3940372	4640	859	0	243	244
tlm_inverse_gcd_reverse_decode	3940372	3940378	6	0	0	0	3
tlm_inverse_gcd_reverse_apply	3940378	3940379	1	0	0	0	0
tlm_inverse_gcd_reverse_body	3940379	3945039	4660	863	0	244	245
tlm_inverse_gcd_reverse_decode	3945039	3945204	165	17	0	3	8
tlm_inverse_gcd_reverse_apply	3945204	3945205	1	0	0	0	0
tlm_inverse_gcd_reverse_body	3945205	3949885	4680	867	0	245	246
tlm_inverse_gcd_reverse_decode	3949885	3949891	6	0	0	0	3
tlm_inverse_gcd_reverse_apply	3949891	3949892	1	0	0	0	0
tlm_inverse_gcd_reverse_body	3949892	3954592	4700	871	0	246	247
tlm_inverse_gcd_reverse_decode	3954592	3954598	6	0	0	0	3
tlm_inverse_gcd_reverse_apply	3954598	3954599	1	0	0	0	0
tlm_inverse_gcd_reverse_body	3954599	3959305	4706	874	0	246	247
tlm_inverse_gcd_reverse_decode	3959305	3959470	165	17	0	3	8
tlm_inverse_gcd_reverse_apply	3959470	3959471	1	0	0	0	0
tlm_inverse_gcd_reverse_body	3959471	3964197	4726	878	0	247	248
tlm_inverse_gcd_reverse_decode	3964197	3964203	6	0	0	0	3
tlm_inverse_gcd_reverse_apply	3964203	3964204	1	0	0	0	0
tlm_inverse_gcd_reverse_body	3964204	3968950	4746	882	0	248	249
tlm_inverse_gcd_reverse_decode	3968950	3968956	6	0	0	0	3
tlm_inverse_gcd_reverse_apply	3968956	3968957	1	0	0	0	0
tlm_inverse_gcd_reverse_body	3968957	3973723	4766	886	0	249	250
tlm_inverse_gcd_reverse_decode	3973723	3973888	165	17	0	3	8
tlm_inverse_gcd_reverse_apply	3973888	3973889	1	0	0	0	0
tlm_inverse_gcd_reverse_body	3973889	3978675	4786	890	0	250	251
tlm_inverse_gcd_reverse_decode	3978675	3978681	6	0	0	0	3
tlm_inverse_gcd_reverse_apply	3978681	3978682	1	0	0	0	0
tlm_inverse_gcd_reverse_body	3978682	3983488	4806	894	0	251	252
tlm_inverse_gcd_reverse_decode	3983488	3983494	6	0	0	0	3
tlm_inverse_gcd_reverse_apply	3983494	3983495	1	0	0	0	0
tlm_inverse_gcd_reverse_body	3983495	3988307	4812	897	0	251	252
tlm_inverse_gcd_reverse_decode	3988307	3988472	165	17	0	3	8
tlm_inverse_gcd_reverse_apply	3988472	3988473	1	0	0	0	0
tlm_inverse_gcd_reverse_body	3988473	3993319	4846	902	0	253	254
tlm_inverse_gcd_reverse_decode	3993319	3993325	6	0	0	0	3
tlm_inverse_gcd_reverse_apply	3993325	3993326	1	0	0	0	0
tlm_inverse_gcd_reverse_body	3993326	3998178	4852	905	0	253	254
tlm_inverse_gcd_reverse_decode	3998178	3998184	6	0	0	0	3
tlm_inverse_gcd_reverse_apply	3998184	3998185	1	0	0	0	0
tlm_inverse_gcd_reverse_body	3998185	4003071	4886	910	0	255	256
tlm_inverse_gcd_reverse_decode	4003071	4003236	165	17	0	3	8
tlm_inverse_gcd_reverse_apply	4003236	4003237	1	0	0	0	0
tlm_inverse_gcd_reverse_body	4003237	4008129	4892	913	0	255	256
tlm_inverse_gcd_reverse_decode	4008129	4008135	6	0	0	0	3
tlm_inverse_gcd_reverse_apply	4008135	4008136	1	0	0	0	0
tlm_inverse_gcd_reverse_body	4008136	4013048	4912	917	0	256	257
tlm_inverse_gcd_reverse_decode	4013048	4013054	6	0	0	0	3
tlm_inverse_gcd_reverse_apply	4013054	4013055	1	0	0	0	0
tlm_inverse_gcd_reverse_body	4013055	4017987	4932	921	0	257	258
tlm_inverse_gcd_reverse_decode	4017987	4018152	165	17	0	3	8
tlm_inverse_gcd_reverse_apply	4018152	4018153	1	0	0	0	0
tlm_inverse_gcd_reverse_body	4018153	4023105	4952	925	0	258	259
tlm_inverse_gcd_reverse_decode	4023105	4023111	6	0	0	0	3
tlm_inverse_gcd_reverse_apply	4023111	4023112	1	0	0	0	0
tlm_inverse_gcd_reverse_body	4023112	4028070	4958	928	0	258	259
tlm_inverse_gcd_reverse_decode	4028070	4028076	6	0	0	0	3
tlm_inverse_gcd_reverse_apply	4028076	4028077	1	0	0	0	0
tlm_inverse_gcd_reverse_body	4028077	4033069	4992	933	0	260	261
tlm_inverse_gcd_reverse_decode	4033069	4033234	165	17	0	3	8
tlm_inverse_gcd_reverse_apply	4033234	4033235	1	0	0	0	0
tlm_inverse_gcd_reverse_body	4033235	4038247	5012	937	0	261	262
tlm_inverse_gcd_reverse_decode	4038247	4038253	6	0	0	0	3
tlm_inverse_gcd_reverse_apply	4038253	4038254	1	0	0	0	0
tlm_inverse_gcd_reverse_body	4038254	4043286	5032	941	0	262	263
tlm_inverse_gcd_reverse_decode	4043286	4043292	6	0	0	0	3
tlm_inverse_gcd_reverse_apply	4043292	4043293	1	0	0	0	0
tlm_inverse_gcd_reverse_body	4043293	4048331	5038	944	0	262	263
tlm_inverse_gcd_reverse_decode	4048331	4048496	165	17	0	3	8
tlm_inverse_gcd_reverse_apply	4048496	4048497	1	0	0	0	0
tlm_inverse_gcd_reverse_body	4048497	4053569	5072	949	0	264	265
tlm_inverse_gcd_reverse_decode	4053569	4053575	6	0	0	0	3
tlm_inverse_gcd_reverse_apply	4053575	4053576	1	0	0	0	0
tlm_inverse_gcd_reverse_body	4053576	4058654	5078	952	0	264	265
tlm_inverse_gcd_reverse_decode	4058654	4058660	6	0	0	0	3
tlm_inverse_gcd_reverse_apply	4058660	4058661	1	0	0	0	0
tlm_inverse_gcd_reverse_body	4058661	4063759	5098	956	0	265	266
tlm_inverse_gcd_reverse_decode	4063759	4063924	165	17	0	3	8
tlm_inverse_gcd_reverse_apply	4063924	4063925	1	0	0	0	0
tlm_inverse_gcd_reverse_body	4063925	4069043	5118	960	0	266	267
tlm_inverse_gcd_reverse_decode	4069043	4069049	6	0	0	0	3
tlm_inverse_gcd_reverse_apply	4069049	4069050	1	0	0	0	0
tlm_inverse_gcd_reverse_body	4069050	4074188	5138	964	0	267	268
tlm_inverse_gcd_reverse_decode	4074188	4074194	6	0	0	0	3
tlm_inverse_gcd_reverse_apply	4074194	4074195	1	0	0	0	0
tlm_inverse_gcd_reverse_body	4074195	4079339	5144	967	0	267	268
tlm_inverse_gcd_reverse_decode	4079339	4079504	165	17	0	3	8
tlm_inverse_gcd_reverse_apply	4079504	4079505	1	0	0	0	0
tlm_inverse_gcd_reverse_body	4079505	4084697	5192	973	0	270	271
tlm_inverse_gcd_reverse_decode	4084697	4084703	6	0	0	0	3
tlm_inverse_gcd_reverse_apply	4084703	4084704	1	0	0	0	0
tlm_inverse_gcd_reverse_body	4084704	4089888	5184	975	0	269	270
tlm_inverse_gcd_reverse_decode	4089888	4089894	6	0	0	0	3
tlm_inverse_gcd_reverse_apply	4089894	4089895	1	0	0	0	0
tlm_inverse_gcd_reverse_body	4089895	4095099	5204	979	0	270	271
tlm_inverse_gcd_reverse_decode	4095099	4095264	165	17	0	3	8
tlm_inverse_gcd_reverse_apply	4095264	4095265	1	0	0	0	0
tlm_inverse_gcd_reverse_body	4095265	4100503	5238	984	0	272	273
tlm_inverse_gcd_reverse_decode	4100503	4100509	6	0	0	0	3
tlm_inverse_gcd_reverse_apply	4100509	4100510	1	0	0	0	0
tlm_inverse_gcd_reverse_body	4100510	4105754	5244	987	0	272	273
tlm_inverse_gcd_reverse_decode	4105754	4105760	6	0	0	0	3
tlm_inverse_gcd_reverse_apply	4105760	4105761	1	0	0	0	0
tlm_inverse_gcd_reverse_body	4105761	4111025	5264	991	0	273	274
tlm_inverse_gcd_reverse_decode	4111025	4111190	165	17	0	3	8
tlm_inverse_gcd_reverse_apply	4111190	4111191	1	0	0	0	0
tlm_inverse_gcd_reverse_body	4111191	4116489	5298	996	0	275	276
tlm_inverse_gcd_reverse_decode	4116489	4116495	6	0	0	0	3
tlm_inverse_gcd_reverse_apply	4116495	4116496	1	0	0	0	0
tlm_inverse_gcd_reverse_body	4116496	4121814	5318	1000	0	276	277
tlm_inverse_gcd_reverse_decode	4121814	4121820	6	0	0	0	3
tlm_inverse_gcd_reverse_apply	4121820	4121821	1	0	0	0	0
tlm_inverse_gcd_reverse_body	4121821	4127131	5310	1002	0	275	276
tlm_inverse_gcd_reverse_decode	4127131	4127296	165	17	0	3	8
tlm_inverse_gcd_reverse_apply	4127296	4127297	1	0	0	0	0
tlm_inverse_gcd_reverse_body	4127297	4132641	5344	1007	0	277	278
tlm_inverse_gcd_reverse_decode	4132641	4132647	6	0	0	0	3
tlm_inverse_gcd_reverse_apply	4132647	4132648	1	0	0	0	0
tlm_inverse_gcd_reverse_body	4132648	4138012	5364	1011	0	278	279
tlm_inverse_gcd_reverse_decode	4138012	4138018	6	0	0	0	3
tlm_inverse_gcd_reverse_apply	4138018	4138019	1	0	0	0	0
tlm_inverse_gcd_reverse_body	4138019	4143403	5384	1015	0	279	280
tlm_inverse_gcd_reverse_decode	4143403	4143568	165	17	0	3	8
tlm_inverse_gcd_reverse_apply	4143568	4143569	1	0	0	0	0
tlm_inverse_gcd_reverse_body	4143569	4148959	5390	1018	0	279	280
tlm_inverse_gcd_reverse_decode	4148959	4148965	6	0	0	0	3
tlm_inverse_gcd_reverse_apply	4148965	4148966	1	0	0	0	0
tlm_inverse_gcd_reverse_body	4148966	4154390	5424	1023	0	281	282
tlm_inverse_gcd_reverse_decode	4154390	4154396	6	0	0	0	3
tlm_inverse_gcd_reverse_apply	4154396	4154397	1	0	0	0	0
tlm_inverse_gcd_reverse_body	4154397	4159841	5444	1027	0	282	283
tlm_inverse_gcd_reverse_decode	4159841	4160006	165	17	0	3	8
tlm_inverse_gcd_reverse_apply	4160006	4160007	1	0	0	0	0
tlm_inverse_gcd_reverse_body	4160007	4165457	5450	1030	0	282	283
tlm_inverse_gcd_reverse_decode	4165457	4165463	6	0	0	0	3
tlm_inverse_gcd_reverse_apply	4165463	4165464	1	0	0	0	0
tlm_inverse_gcd_reverse_body	4165464	4170934	5470	1034	0	283	284
tlm_inverse_gcd_reverse_decode	4170934	4170940	6	0	0	0	3
tlm_inverse_gcd_reverse_apply	4170940	4170941	1	0	0	0	0
tlm_inverse_gcd_reverse_body	4170941	4176431	5490	1038	0	284	285
tlm_inverse_gcd_reverse_decode	4176431	4176596	165	17	0	3	8
tlm_inverse_gcd_reverse_apply	4176596	4176597	1	0	0	0	0
tlm_inverse_gcd_reverse_body	4176597	4182107	5510	1042	0	285	286
tlm_inverse_gcd_reverse_decode	4182107	4182113	6	0	0	0	3
tlm_inverse_gcd_reverse_apply	4182113	4182114	1	0	0	0	0
tlm_inverse_gcd_reverse_body	4182114	4187644	5530	1046	0	286	287
tlm_inverse_gcd_reverse_decode	4187644	4187650	6	0	0	0	3
tlm_inverse_gcd_reverse_apply	4187650	4187651	1	0	0	0	0
tlm_inverse_gcd_reverse_body	4187651	4193201	5550	1050	0	287	288
tlm_inverse_gcd_reverse_decode	4193201	4193366	165	17	0	3	8
tlm_inverse_gcd_reverse_apply	4193366	4193367	1	0	0	0	0
tlm_inverse_gcd_reverse_body	4193367	4198889	5522	1048	0	285	286
tlm_inverse_gcd_reverse_decode	4198889	4198895	6	0	0	0	3
tlm_inverse_gcd_reverse_apply	4198895	4198896	1	0	0	0	0
tlm_inverse_gcd_reverse_body	4198896	4204418	5522	1048	0	285	286
tlm_inverse_gcd_reverse_decode	4204418	4204424	6	0	0	0	3
tlm_inverse_gcd_reverse_apply	4204424	4204425	1	0	0	0	0
tlm_inverse_gcd_reverse_body	4204425	4209919	5494	1046	0	283	284
tlm_inverse_gcd_reverse_decode	4209919	4210084	165	17	0	3	8
tlm_inverse_gcd_reverse_apply	4210084	4210085	1	0	0	0	0
tlm_inverse_gcd_reverse_body	4210085	4215565	5480	1045	0	282	283
tlm_inverse_gcd_reverse_decode	4215565	4215571	6	0	0	0	3
tlm_inverse_gcd_reverse_apply	4215571	4215572	1	0	0	0	0
tlm_inverse_gcd_reverse_body	4215572	4221052	5480	1045	0	282	283
tlm_inverse_gcd_reverse_decode	4221052	4221058	6	0	0	0	3
tlm_inverse_gcd_reverse_apply	4221058	4221059	1	0	0	0	0
tlm_inverse_gcd_reverse_body	4221059	4226511	5452	1043	0	280	281
tlm_inverse_gcd_reverse_decode	4226511	4226676	165	17	0	3	8
tlm_inverse_gcd_reverse_apply	4226676	4226677	1	0	0	0	0
tlm_inverse_gcd_reverse_body	4226677	4232115	5438	1042	0	279	280
tlm_inverse_gcd_reverse_decode	4232115	4232121	6	0	0	0	3
tlm_inverse_gcd_reverse_apply	4232121	4232122	1	0	0	0	0
tlm_inverse_gcd_reverse_body	4232122	4237546	5424	1041	0	278	279
tlm_inverse_gcd_reverse_decode	4237546	4237552	6	0	0	0	3
tlm_inverse_gcd_reverse_apply	4237552	4237553	1	0	0	0	0
tlm_inverse_gcd_reverse_body	4237553	4242978	5425	1041	0	278	280
tlm_inverse_gcd_reverse_decode_initial	4242978	4242988	10	1	0	0	3
tlm_inverse_gcd_reverse_apply_initial	4242988	4242989	1	0	0	0	0
tlm_inverse_gcd_reverse_body_initial	4242989	4248595	5606	1273	0	254	256
tlm_gcd_step_end_initial	4248595	4249103	508	0	0	0	258
tlm_coord_add3x	4249103	4290570	41467	330	2	331	590
square_product_register	4290570	5233921	943351	59431	18	59440	64211
tlm_forward_multiply	5233921	5234171	250	0	0	0	0
tlm_multiply_gcd_forward_shift_initial	5234171	5235703	1532	509	0	0	0
tlm_multiply_gcd_forward_compare_initial	5235703	5236469	766	255	0	0	0
tlm_multiply_gcd_forward_body_initial	5236469	5240290	3821	509	0	254	255
tlm_multiply_gcd_forward_apply_initial	5240290	5240291	1	0	0	0	0
tlm_multiply_gcd_forward_codec_initial	5240291	5240300	9	1	0	0	2
tlm_multiply_gcd_forward_shift	5240300	5241320	1020	254	0	0	0
tlm_multiply_gcd_forward_compare	5241320	5242414	1094	279	0	23	24
tlm_multiply_gcd_forward_body	5242414	5246235	3821	509	0	254	255
tlm_multiply_gcd_forward_apply	5246235	5246236	1	0	0	0	0
tlm_multiply_gcd_forward_codec	5246236	5246239	3	0	0	0	0
tlm_multiply_gcd_forward_shift	5246239	5247259	1020	254	0	0	0
tlm_multiply_gcd_forward_compare	5247259	5248353	1094	279	0	23	24
tlm_multiply_gcd_forward_body	5248353	5252174	3821	509	0	254	255
tlm_multiply_gcd_forward_apply	5252174	5252175	1	0	0	0	0
tlm_multiply_gcd_forward_codec	5252175	5252178	3	0	0	0	0
tlm_multiply_gcd_forward_shift	5252178	5253198	1020	254	0	0	0
tlm_multiply_gcd_forward_compare	5253198	5254306	1108	280	0	24	25
tlm_multiply_gcd_forward_body	5254306	5258127	3821	509	0	254	255
tlm_multiply_gcd_forward_apply	5258127	5258128	1	0	0	0	0
tlm_multiply_gcd_forward_codec	5258128	5258295	167	16	0	4	7
tlm_multiply_gcd_forward_shift	5258295	5259315	1020	254	0	0	0
tlm_multiply_gcd_forward_compare	5259315	5260437	1122	281	0	25	26
tlm_multiply_gcd_forward_body	5260437	5264258	3821	509	0	254	255
tlm_multiply_gcd_forward_apply	5264258	5264259	1	0	0	0	0
tlm_multiply_gcd_forward_codec	5264259	5264262	3	0	0	0	0
tlm_multiply_gcd_forward_shift	5264262	5265282	1020	254	0	0	0
tlm_multiply_gcd_forward_compare	5265282	5266432	1150	283	0	27	28
tlm_multiply_gcd_forward_body	5266432	5270253	3821	509	0	254	255
tlm_multiply_gcd_forward_apply	5270253	5270254	1	0	0	0	0
tlm_multiply_gcd_forward_codec	5270254	5270257	3	0	0	0	0
tlm_multiply_gcd_forward_shift	5270257	5271277	1020	254	0	0	0
tlm_multiply_gcd_forward_compare	5271277	5272427	1150	283	0	27	28
tlm_multiply_gcd_forward_body	5272427	5276248	3821	509	0	254	255
tlm_multiply_gcd_forward_apply	5276248	5276249	1	0	0	0	0
tlm_multiply_gcd_forward_codec	5276249	5276416	167	16	0	4	7
tlm_multiply_gcd_forward_shift	5276416	5277436	1020	254	0	0	0
tlm_multiply_gcd_forward_compare	5277436	5278600	1164	284	0	28	29
tlm_multiply_gcd_forward_body	5278600	5282421	3821	509	0	254	255
tlm_multiply_gcd_forward_apply	5282421	5282422	1	0	0	0	0
tlm_multiply_gcd_forward_codec	5282422	5282425	3	0	0	0	0
tlm_multiply_gcd_forward_shift	5282425	5283445	1020	254	0	0	0
tlm_multiply_gcd_forward_compare	5283445	5284637	1192	286	0	30	31
tlm_multiply_gcd_forward_body	5284637	5288458	3821	509	0	254	255
tlm_multiply_gcd_forward_apply	5288458	5288459	1	0	0	0	0
tlm_multiply_gcd_forward_codec	5288459	5288462	3	0	0	0	0
tlm_multiply_gcd_forward_shift	5288462	5289482	1020	254	0	0	0
tlm_multiply_gcd_forward_compare	5289482	5290674	1192	286	0	30	31
tlm_multiply_gcd_forward_body	5290674	5294495	3821	509	0	254	255
tlm_multiply_gcd_forward_apply	5294495	5294496	1	0	0	0	0
tlm_multiply_gcd_forward_codec	5294496	5294663	167	16	0	4	7
tlm_multiply_gcd_forward_shift	5294663	5295683	1020	254	0	0	0
tlm_multiply_gcd_forward_compare	5295683	5296903	1220	288	0	32	33
tlm_multiply_gcd_forward_body	5296903	5300724	3821	509	0	254	255
tlm_multiply_gcd_forward_apply	5300724	5300725	1	0	0	0	0
tlm_multiply_gcd_forward_codec	5300725	5300728	3	0	0	0	0
tlm_multiply_gcd_forward_shift	5300728	5301746	1018	253	0	0	2
tlm_multiply_gcd_forward_compare	5301746	5302963	1217	287	0	32	33
tlm_multiply_gcd_forward_body	5302963	5306769	3806	507	0	253	254
tlm_multiply_gcd_forward_apply	5306769	5306770	1	0	0	0	0
tlm_multiply_gcd_forward_codec	5306770	5306773	3	0	0	0	0
tlm_multiply_gcd_forward_shift	5306773	5307787	1014	252	0	0	2
tlm_multiply_gcd_forward_compare	5307787	5309001	1214	286	0	32	33
tlm_multiply_gcd_forward_body	5309001	5312792	3791	505	0	252	253
tlm_multiply_gcd_forward_apply	5312792	5312793	1	0	0	0	0
tlm_multiply_gcd_forward_codec	5312793	5312960	167	16	0	4	7
tlm_multiply_gcd_forward_shift	5312960	5313970	1010	251	0	0	2
tlm_multiply_gcd_forward_compare	5313970	5315181	1211	285	0	32	33
tlm_multiply_gcd_forward_body	5315181	5318957	3776	503	0	251	252
tlm_multiply_gcd_forward_apply	5318957	5318958	1	0	0	0	0
tlm_multiply_gcd_forward_codec	5318958	5318961	3	0	0	0	0
tlm_multiply_gcd_forward_shift	5318961	5319967	1006	250	0	0	2
tlm_multiply_gcd_forward_compare	5319967	5321175	1208	284	0	32	33
tlm_multiply_gcd_forward_body	5321175	5324936	3761	501	0	250	251
tlm_multiply_gcd_forward_apply	5324936	5324937	1	0	0	0	0
tlm_multiply_gcd_forward_codec	5324937	5324940	3	0	0	0	0
tlm_multiply_gcd_forward_shift	5324940	5325942	1002	249	0	0	2
tlm_multiply_gcd_forward_compare	5325942	5327147	1205	283	0	32	33
tlm_multiply_gcd_forward_body	5327147	5330893	3746	499	0	249	250
tlm_multiply_gcd_forward_apply	5330893	5330894	1	0	0	0	0
tlm_multiply_gcd_forward_codec	5330894	5331061	167	16	0	4	7
tlm_multiply_gcd_forward_shift	5331061	5332059	998	248	0	0	2
tlm_multiply_gcd_forward_compare	5332059	5333275	1216	283	0	33	34
tlm_multiply_gcd_forward_body	5333275	5337006	3731	497	0	248	249
tlm_multiply_gcd_forward_apply	5337006	5337007	1	0	0	0	0
tlm_multiply_gcd_forward_codec	5337007	5337010	3	0	0	0	0
tlm_multiply_gcd_forward_shift	5337010	5338004	994	247	0	0	2
tlm_multiply_gcd_forward_compare	5338004	5339217	1213	282	0	33	34
tlm_multiply_gcd_forward_body	5339217	5342933	3716	495	0	247	248
tlm_multiply_gcd_forward_apply	5342933	5342934	1	0	0	0	0
tlm_multiply_gcd_forward_codec	5342934	5342937	3	0	0	0	0
tlm_multiply_gcd_forward_shift	5342937	5343927	990	246	0	0	2
tlm_multiply_gcd_forward_compare	5343927	5345123	1196	280	0	32	33
tlm_multiply_gcd_forward_body	5345123	5348824	3701	493	0	246	247
tlm_multiply_gcd_forward_apply	5348824	5348825	1	0	0	0	0
tlm_multiply_gcd_forward_codec	5348825	5348992	167	16	0	4	7
tlm_multiply_gcd_forward_shift	5348992	5349978	986	245	0	0	2
tlm_multiply_gcd_forward_compare	5349978	5351185	1207	280	0	33	34
tlm_multiply_gcd_forward_body	5351185	5354871	3686	491	0	245	246
tlm_multiply_gcd_forward_apply	5354871	5354872	1	0	0	0	0
tlm_multiply_gcd_forward_codec	5354872	5354875	3	0	0	0	0
tlm_multiply_gcd_forward_shift	5354875	5355857	982	244	0	0	2
tlm_multiply_gcd_forward_compare	5355857	5357061	1204	279	0	33	34
tlm_multiply_gcd_forward_body	5357061	5360732	3671	489	0	244	245
tlm_multiply_gcd_forward_apply	5360732	5360733	1	0	0	0	0
tlm_multiply_gcd_forward_codec	5360733	5360736	3	0	0	0	0
tlm_multiply_gcd_forward_shift	5360736	5361714	978	243	0	0	2
tlm_multiply_gcd_forward_compare	5361714	5362915	1201	278	0	33	34
tlm_multiply_gcd_forward_body	5362915	5366571	3656	487	0	243	244
tlm_multiply_gcd_forward_apply	5366571	5366572	1	0	0	0	0
tlm_multiply_gcd_forward_codec	5366572	5366739	167	16	0	4	7
tlm_multiply_gcd_forward_shift	5366739	5367713	974	242	0	0	2
tlm_multiply_gcd_forward_compare	5367713	5368897	1184	276	0	32	33
tlm_multiply_gcd_forward_body	5368897	5372538	3641	485	0	242	243
tlm_multiply_gcd_forward_apply	5372538	5372539	1	0	0	0	0
tlm_multiply_gcd_forward_codec	5372539	5372542	3	0	0	0	0
tlm_multiply_gcd_forward_shift	5372542	5373512	970	241	0	0	2
tlm_multiply_gcd_forward_compare	5373512	5374721	1209	277	0	34	35
tlm_multiply_gcd_forward_body	5374721	5378347	3626	483	0	241	242
tlm_multiply_gcd_forward_apply	5378347	5378348	1	0	0	0	0
tlm_multiply_gcd_forward_codec	5378348	5378351	3	0	0	0	0
tlm_multiply_gcd_forward_shift	5378351	5379317	966	240	0	0	2
tlm_multiply_gcd_forward_compare	5379317	5380523	1206	276	0	34	35
tlm_multiply_gcd_forward_body	5380523	5384134	3611	481	0	240	241
tlm_multiply_gcd_forward_apply	5384134	5384135	1	0	0	0	0
tlm_multiply_gcd_forward_codec	5384135	5384302	167	16	0	4	7
tlm_multiply_gcd_forward_shift	5384302	5385264	962	239	0	0	2
tlm_multiply_gcd_forward_compare	5385264	5386453	1189	274	0	33	34
tlm_multiply_gcd_forward_body	5386453	5390049	3596	479	0	239	240
tlm_multiply_gcd_forward_apply	5390049	5390050	1	0	0	0	0
tlm_multiply_gcd_forward_codec	5390050	5390053	3	0	0	0	0
tlm_multiply_gcd_forward_shift	5390053	5391011	958	238	0	0	2
tlm_multiply_gcd_forward_compare	5391011	5392197	1186	273	0	33	34
tlm_multiply_gcd_forward_body	5392197	5395778	3581	477	0	238	239
tlm_multiply_gcd_forward_apply	5395778	5395779	1	0	0	0	0
tlm_multiply_gcd_forward_codec	5395779	5395782	3	0	0	0	0
tlm_multiply_gcd_forward_shift	5395782	5396736	954	237	0	0	2
tlm_multiply_gcd_forward_compare	5396736	5397933	1197	273	0	34	35
tlm_multiply_gcd_forward_body	5397933	5401499	3566	475	0	237	238
tlm_multiply_gcd_forward_apply	5401499	5401500	1	0	0	0	0
tlm_multiply_gcd_forward_codec	5401500	5401667	167	16	0	4	7
tlm_multiply_gcd_forward_shift	5401667	5402617	950	236	0	0	2
tlm_multiply_gcd_forward_compare	5402617	5403797	1180	271	0	33	34
tlm_multiply_gcd_forward_body	5403797	5407348	3551	473	0	236	237
tlm_multiply_gcd_forward_apply	5407348	5407349	1	0	0	0	0
tlm_multiply_gcd_forward_codec	5407349	5407352	3	0	0	0	0
tlm_multiply_gcd_forward_shift	5407352	5408298	946	235	0	0	2
tlm_multiply_gcd_forward_compare	5408298	5409475	1177	270	0	33	34
tlm_multiply_gcd_forward_body	5409475	5413011	3536	471	0	235	236
tlm_multiply_gcd_forward_apply	5413011	5413012	1	0	0	0	0
tlm_multiply_gcd_forward_codec	5413012	5413015	3	0	0	0	0
tlm_multiply_gcd_forward_shift	5413015	5413957	942	234	0	0	2
tlm_multiply_gcd_forward_compare	5413957	5415159	1202	271	0	35	36
tlm_multiply_gcd_forward_body	5415159	5418680	3521	469	0	234	235
tlm_multiply_gcd_forward_apply	5418680	5418681	1	0	0	0	0
tlm_multiply_gcd_forward_codec	5418681	5418848	167	16	0	4	7
tlm_multiply_gcd_forward_shift	5418848	5419786	938	233	0	0	2
tlm_multiply_gcd_forward_compare	5419786	5420957	1171	268	0	33	34
tlm_multiply_gcd_forward_body	5420957	5424463	3506	467	0	233	234
tlm_multiply_gcd_forward_apply	5424463	5424464	1	0	0	0	0
tlm_multiply_gcd_forward_codec	5424464	5424467	3	0	0	0	0
tlm_multiply_gcd_forward_shift	5424467	5425401	934	232	0	0	2
tlm_multiply_gcd_forward_compare	5425401	5426583	1182	268	0	34	35
tlm_multiply_gcd_forward_body	5426583	5430074	3491	465	0	232	233
tlm_multiply_gcd_forward_apply	5430074	5430075	1	0	0	0	0
tlm_multiply_gcd_forward_codec	5430075	5430078	3	0	0	0	0
tlm_multiply_gcd_forward_shift	5430078	5431008	930	231	0	0	2
tlm_multiply_gcd_forward_compare	5431008	5432187	1179	267	0	34	35
tlm_multiply_gcd_forward_body	5432187	5435663	3476	463	0	231	232
tlm_multiply_gcd_forward_apply	5435663	5435664	1	0	0	0	0
tlm_multiply_gcd_forward_codec	5435664	5435831	167	16	0	4	7
tlm_multiply_gcd_forward_shift	5435831	5436757	926	230	0	0	2
tlm_multiply_gcd_forward_compare	5436757	5437933	1176	266	0	34	35
tlm_multiply_gcd_forward_body	5437933	5441394	3461	461	0	230	231
tlm_multiply_gcd_forward_apply	5441394	5441395	1	0	0	0	0
tlm_multiply_gcd_forward_codec	5441395	5441398	3	0	0	0	0
tlm_multiply_gcd_forward_shift	5441398	5442320	922	229	0	0	2
tlm_multiply_gcd_forward_compare	5442320	5443493	1173	265	0	34	35
tlm_multiply_gcd_forward_body	5443493	5446939	3446	459	0	229	230
tlm_multiply_gcd_forward_apply	5446939	5446940	1	0	0	0	0
tlm_multiply_gcd_forward_codec	5446940	5446943	3	0	0	0	0
tlm_multiply_gcd_forward_shift	5446943	5447861	918	228	0	0	2
tlm_multiply_gcd_forward_compare	5447861	5449045	1184	265	0	35	36
tlm_multiply_gcd_forward_body	5449045	5452476	3431	457	0	228	229
tlm_multiply_gcd_forward_apply	5452476	5452477	1	0	0	0	0
tlm_multiply_gcd_forward_codec	5452477	5452644	167	16	0	4	7
tlm_multiply_gcd_forward_shift	5452644	5453558	914	227	0	0	2
tlm_multiply_gcd_forward_compare	5453558	5454725	1167	263	0	34	35
tlm_multiply_gcd_forward_body	5454725	5458141	3416	455	0	227	228
tlm_multiply_gcd_forward_apply	5458141	5458142	1	0	0	0	0
tlm_multiply_gcd_forward_codec	5458142	5458145	3	0	0	0	0
tlm_multiply_gcd_forward_shift	5458145	5459055	910	226	0	0	2
tlm_multiply_gcd_forward_compare	5459055	5460233	1178	263	0	35	36
tlm_multiply_gcd_forward_body	5460233	5463634	3401	453	0	226	227
tlm_multiply_gcd_forward_apply	5463634	5463635	1	0	0	0	0
tlm_multiply_gcd_forward_codec	5463635	5463638	3	0	0	0	0
tlm_multiply_gcd_forward_shift	5463638	5464544	906	225	0	0	2
tlm_multiply_gcd_forward_compare	5464544	5465719	1175	262	0	35	36
tlm_multiply_gcd_forward_body	5465719	5469105	3386	451	0	225	226
tlm_multiply_gcd_forward_apply	5469105	5469106	1	0	0	0	0
tlm_multiply_gcd_forward_codec	5469106	5469273	167	16	0	4	7
tlm_multiply_gcd_forward_shift	5469273	5470175	902	224	0	0	2
tlm_multiply_gcd_forward_compare	5470175	5471347	1172	261	0	35	36
tlm_multiply_gcd_forward_body	5471347	5474718	3371	449	0	224	225
tlm_multiply_gcd_forward_apply	5474718	5474719	1	0	0	0	0
tlm_multiply_gcd_forward_codec	5474719	5474722	3	0	0	0	0
tlm_multiply_gcd_forward_shift	5474722	5475620	898	223	0	0	2
tlm_multiply_gcd_forward_compare	5475620	5476775	1155	259	0	34	35
tlm_multiply_gcd_forward_body	5476775	5480131	3356	447	0	223	224
tlm_multiply_gcd_forward_apply	5480131	5480132	1	0	0	0	0
tlm_multiply_gcd_forward_codec	5480132	5480135	3	0	0	0	0
tlm_multiply_gcd_forward_shift	5480135	5481029	894	222	0	0	2
tlm_multiply_gcd_forward_compare	5481029	5482195	1166	259	0	35	36
tlm_multiply_gcd_forward_body	5482195	5485536	3341	445	0	222	223
tlm_multiply_gcd_forward_apply	5485536	5485537	1	0	0	0	0
tlm_multiply_gcd_forward_codec	5485537	5485704	167	16	0	4	7
tlm_multiply_gcd_forward_shift	5485704	5486594	890	221	0	0	2
tlm_multiply_gcd_forward_compare	5486594	5487757	1163	258	0	35	36
tlm_multiply_gcd_forward_body	5487757	5491083	3326	443	0	221	222
tlm_multiply_gcd_forward_apply	5491083	5491084	1	0	0	0	0
tlm_multiply_gcd_forward_codec	5491084	5491087	3	0	0	0	0
tlm_multiply_gcd_forward_shift	5491087	5491973	886	220	0	0	2
tlm_multiply_gcd_forward_compare	5491973	5493133	1160	257	0	35	36
tlm_multiply_gcd_forward_body	5493133	5496444	3311	441	0	220	221
tlm_multiply_gcd_forward_apply	5496444	5496445	1	0	0	0	0
tlm_multiply_gcd_forward_codec	5496445	5496448	3	0	0	0	0
tlm_multiply_gcd_forward_shift	5496448	5497330	882	219	0	0	2
tlm_multiply_gcd_forward_compare	5497330	5498487	1157	256	0	35	36
tlm_multiply_gcd_forward_body	5498487	5501783	3296	439	0	219	220
tlm_multiply_gcd_forward_apply	5501783	5501784	1	0	0	0	0
tlm_multiply_gcd_forward_codec	5501784	5501951	167	16	0	4	7
tlm_multiply_gcd_forward_shift	5501951	5502829	878	218	0	0	2
tlm_multiply_gcd_forward_compare	5502829	5503997	1168	256	0	36	37
tlm_multiply_gcd_forward_body	5503997	5507278	3281	437	0	218	219
tlm_multiply_gcd_forward_apply	5507278	5507279	1	0	0	0	0
tlm_multiply_gcd_forward_codec	5507279	5507282	3	0	0	0	0
tlm_multiply_gcd_forward_shift	5507282	5508156	874	217	0	0	2
tlm_multiply_gcd_forward_compare	5508156	5509307	1151	254	0	35	36
tlm_multiply_gcd_forward_body	5509307	5512573	3266	435	0	217	218
tlm_multiply_gcd_forward_apply	5512573	5512574	1	0	0	0	0
tlm_multiply_gcd_forward_codec	5512574	5512577	3	0	0	0	0
tlm_multiply_gcd_forward_shift	5512577	5513447	870	216	0	0	2
tlm_multiply_gcd_forward_compare	5513447	5514609	1162	254	0	36	37
tlm_multiply_gcd_forward_body	5514609	5517860	3251	433	0	216	217
tlm_multiply_gcd_forward_apply	5517860	5517861	1	0	0	0	0
tlm_multiply_gcd_forward_codec	5517861	5518028	167	16	0	4	7
tlm_multiply_gcd_forward_shift	5518028	5518894	866	215	0	0	2
tlm_multiply_gcd_forward_compare	5518894	5520039	1145	252	0	35	36
tlm_multiply_gcd_forward_body	5520039	5523275	3236	431	0	215	216
tlm_multiply_gcd_forward_apply	5523275	5523276	1	0	0	0	0
tlm_multiply_gcd_forward_codec	5523276	5523279	3	0	0	0	0
tlm_multiply_gcd_forward_shift	5523279	5524141	862	214	0	0	2
tlm_multiply_gcd_forward_compare	5524141	5525297	1156	252	0	36	37
tlm_multiply_gcd_forward_body	5525297	5528518	3221	429	0	214	215
tlm_multiply_gcd_forward_apply	5528518	5528519	1	0	0	0	0
tlm_multiply_gcd_forward_codec	5528519	5528522	3	0	0	0	0
tlm_multiply_gcd_forward_shift	5528522	5529380	858	213	0	0	2
tlm_multiply_gcd_forward_compare	5529380	5530533	1153	251	0	36	37
tlm_multiply_gcd_forward_body	5530533	5533739	3206	427	0	213	214
tlm_multiply_gcd_forward_apply	5533739	5533740	1	0	0	0	0
tlm_multiply_gcd_forward_codec	5533740	5533907	167	16	0	4	7
tlm_multiply_gcd_forward_shift	5533907	5534761	854	212	0	0	2
tlm_multiply_gcd_forward_compare	5534761	5535911	1150	250	0	36	37
tlm_multiply_gcd_forward_body	5535911	5539102	3191	425	0	212	213
tlm_multiply_gcd_forward_apply	5539102	5539103	1	0	0	0	0
tlm_multiply_gcd_forward_codec	5539103	5539106	3	0	0	0	0
tlm_multiply_gcd_forward_shift	5539106	5539956	850	211	0	0	2
tlm_multiply_gcd_forward_compare	5539956	5541103	1147	249	0	36	37
tlm_multiply_gcd_forward_body	5541103	5544279	3176	423	0	211	212
tlm_multiply_gcd_forward_apply	5544279	5544280	1	0	0	0	0
tlm_multiply_gcd_forward_codec	5544280	5544283	3	0	0	0	0
tlm_multiply_gcd_forward_shift	5544283	5545129	846	210	0	0	2
tlm_multiply_gcd_forward_compare	5545129	5546273	1144	248	0	36	37
tlm_multiply_gcd_forward_body	5546273	5549434	3161	421	0	210	211
tlm_multiply_gcd_forward_apply	5549434	5549435	1	0	0	0	0
tlm_multiply_gcd_forward_codec	5549435	5549602	167	16	0	4	7
tlm_multiply_gcd_forward_shift	5549602	5550444	842	209	0	0	2
tlm_multiply_gcd_forward_compare	5550444	5551585	1141	247	0	36	37
tlm_multiply_gcd_forward_body	5551585	5554731	3146	419	0	209	210
tlm_multiply_gcd_forward_apply	5554731	5554732	1	0	0	0	0
tlm_multiply_gcd_forward_codec	5554732	5554735	3	0	0	0	0
tlm_multiply_gcd_forward_shift	5554735	5555573	838	208	0	0	2
tlm_multiply_gcd_forward_compare	5555573	5556725	1152	247	0	37	38
tlm_multiply_gcd_forward_body	5556725	5559856	3131	417	0	208	209
tlm_multiply_gcd_forward_apply	5559856	5559857	1	0	0	0	0
tlm_multiply_gcd_forward_codec	5559857	5559860	3	0	0	0	0
tlm_multiply_gcd_forward_shift	5559860	5560694	834	207	0	0	2
tlm_multiply_gcd_forward_compare	5560694	5561843	1149	246	0	37	38
tlm_multiply_gcd_forward_body	5561843	5564959	3116	415	0	207	208
tlm_multiply_gcd_forward_apply	5564959	5564960	1	0	0	0	0
tlm_multiply_gcd_forward_codec	5564960	5565127	167	16	0	4	7
tlm_multiply_gcd_forward_shift	5565127	5565957	830	206	0	0	2
tlm_multiply_gcd_forward_compare	5565957	5567103	1146	245	0	37	38
tlm_multiply_gcd_forward_body	5567103	5570204	3101	413	0	206	207
tlm_multiply_gcd_forward_apply	5570204	5570205	1	0	0	0	0
tlm_multiply_gcd_forward_codec	5570205	5570208	3	0	0	0	0
tlm_multiply_gcd_forward_shift	5570208	5571034	826	205	0	0	2
tlm_multiply_gcd_forward_compare	5571034	5572177	1143	244	0	37	38
tlm_multiply_gcd_forward_body	5572177	5575263	3086	411	0	205	206
tlm_multiply_gcd_forward_apply	5575263	5575264	1	0	0	0	0
tlm_multiply_gcd_forward_codec	5575264	5575267	3	0	0	0	0
tlm_multiply_gcd_forward_shift	5575267	5576089	822	204	0	0	2
tlm_multiply_gcd_forward_compare	5576089	5577229	1140	243	0	37	38
tlm_multiply_gcd_forward_body	5577229	5580300	3071	409	0	204	205
tlm_multiply_gcd_forward_apply	5580300	5580301	1	0	0	0	0
tlm_multiply_gcd_forward_codec	5580301	5580468	167	16	0	4	7
tlm_multiply_gcd_forward_shift	5580468	5581286	818	203	0	0	2
tlm_multiply_gcd_forward_compare	5581286	5582423	1137	242	0	37	38
tlm_multiply_gcd_forward_body	5582423	5585479	3056	407	0	203	204
tlm_multiply_gcd_forward_apply	5585479	5585480	1	0	0	0	0
tlm_multiply_gcd_forward_codec	5585480	5585483	3	0	0	0	0
tlm_multiply_gcd_forward_shift	5585483	5586297	814	202	0	0	2
tlm_multiply_gcd_forward_compare	5586297	5587431	1134	241	0	37	38
tlm_multiply_gcd_forward_body	5587431	5590472	3041	405	0	202	203
tlm_multiply_gcd_forward_apply	5590472	5590473	1	0	0	0	0
tlm_multiply_gcd_forward_codec	5590473	5590476	3	0	0	0	0
tlm_multiply_gcd_forward_shift	5590476	5591286	810	201	0	0	2
tlm_multiply_gcd_forward_compare	5591286	5592417	1131	240	0	37	38
tlm_multiply_gcd_forward_body	5592417	5595443	3026	403	0	201	202
tlm_multiply_gcd_forward_apply	5595443	5595444	1	0	0	0	0
tlm_multiply_gcd_forward_codec	5595444	5595611	167	16	0	4	7
tlm_multiply_gcd_forward_shift	5595611	5596417	806	200	0	0	2
tlm_multiply_gcd_forward_compare	5596417	5597545	1128	239	0	37	38
tlm_multiply_gcd_forward_body	5597545	5600556	3011	401	0	200	201
tlm_multiply_gcd_forward_apply	5600556	5600557	1	0	0	0	0
tlm_multiply_gcd_forward_codec	5600557	5600560	3	0	0	0	0
tlm_multiply_gcd_forward_shift	5600560	5601362	802	199	0	0	2
tlm_multiply_gcd_forward_compare	5601362	5602487	1125	238	0	37	38
tlm_multiply_gcd_forward_body	5602487	5605483	2996	399	0	199	200
tlm_multiply_gcd_forward_apply	5605483	5605484	1	0	0	0	0
tlm_multiply_gcd_forward_codec	5605484	5605487	3	0	0	0	0
tlm_multiply_gcd_forward_shift	5605487	5606285	798	198	0	0	2
tlm_multiply_gcd_forward_compare	5606285	5607407	1122	237	0	37	38
tlm_multiply_gcd_forward_body	5607407	5610388	2981	397	0	198	199
tlm_multiply_gcd_forward_apply	5610388	5610389	1	0	0	0	0
tlm_multiply_gcd_forward_codec	5610389	5610556	167	16	0	4	7
tlm_multiply_gcd_forward_shift	5610556	5611350	794	197	0	0	2
tlm_multiply_gcd_forward_compare	5611350	5612469	1119	236	0	37	38
tlm_multiply_gcd_forward_body	5612469	5615435	2966	395	0	197	198
tlm_multiply_gcd_forward_apply	5615435	5615436	1	0	0	0	0
tlm_multiply_gcd_forward_codec	5615436	5615439	3	0	0	0	0
tlm_multiply_gcd_forward_shift	5615439	5616229	790	196	0	0	2
tlm_multiply_gcd_forward_compare	5616229	5617359	1130	236	0	38	39
tlm_multiply_gcd_forward_body	5617359	5620310	2951	393	0	196	197
tlm_multiply_gcd_forward_apply	5620310	5620311	1	0	0	0	0
tlm_multiply_gcd_forward_codec	5620311	5620314	3	0	0	0	0
tlm_multiply_gcd_forward_shift	5620314	5621100	786	195	0	0	2
tlm_multiply_gcd_forward_compare	5621100	5622227	1127	235	0	38	39
tlm_multiply_gcd_forward_body	5622227	5625163	2936	391	0	195	196
tlm_multiply_gcd_forward_apply	5625163	5625164	1	0	0	0	0
tlm_multiply_gcd_forward_codec	5625164	5625331	167	16	0	4	7
tlm_multiply_gcd_forward_shift	5625331	5626113	782	194	0	0	2
tlm_multiply_gcd_forward_compare	5626113	5627237	1124	234	0	38	39
tlm_multiply_gcd_forward_body	5627237	5630158	2921	389	0	194	195
tlm_multiply_gcd_forward_apply	5630158	5630159	1	0	0	0	0
tlm_multiply_gcd_forward_codec	5630159	5630162	3	0	0	0	0
tlm_multiply_gcd_forward_shift	5630162	5630940	778	193	0	0	2
tlm_multiply_gcd_forward_compare	5630940	5632061	1121	233	0	38	39
tlm_multiply_gcd_forward_body	5632061	5634967	2906	387	0	193	194
tlm_multiply_gcd_forward_apply	5634967	5634968	1	0	0	0	0
tlm_multiply_gcd_forward_codec	5634968	5634971	3	0	0	0	0
tlm_multiply_gcd_forward_shift	5634971	5635745	774	192	0	0	2
tlm_multiply_gcd_forward_compare	5635745	5636863	1118	232	0	38	39
tlm_multiply_gcd_forward_body	5636863	5639754	2891	385	0	192	193
tlm_multiply_gcd_forward_apply	5639754	5639755	1	0	0	0	0
tlm_multiply_gcd_forward_codec	5639755	5639922	167	16	0	4	7
tlm_multiply_gcd_forward_shift	5639922	5640692	770	191	0	0	2
tlm_multiply_gcd_forward_compare	5640692	5641807	1115	231	0	38	39
tlm_multiply_gcd_forward_body	5641807	5644683	2876	383	0	191	192
tlm_multiply_gcd_forward_apply	5644683	5644684	1	0	0	0	0
tlm_multiply_gcd_forward_codec	5644684	5644687	3	0	0	0	0
tlm_multiply_gcd_forward_shift	5644687	5645453	766	190	0	0	2
tlm_multiply_gcd_forward_compare	5645453	5646579	1126	231	0	39	40
tlm_multiply_gcd_forward_body	5646579	5649440	2861	381	0	190	191
tlm_multiply_gcd_forward_apply	5649440	5649441	1	0	0	0	0
tlm_multiply_gcd_forward_codec	5649441	5649444	3	0	0	0	0
tlm_multiply_gcd_forward_shift	5649444	5650206	762	189	0	0	2
tlm_multiply_gcd_forward_compare	5650206	5651329	1123	230	0	39	40
tlm_multiply_gcd_forward_body	5651329	5654175	2846	379	0	189	190
tlm_multiply_gcd_forward_apply	5654175	5654176	1	0	0	0	0
tlm_multiply_gcd_forward_codec	5654176	5654343	167	16	0	4	7
tlm_multiply_gcd_forward_shift	5654343	5655101	758	188	0	0	2
tlm_multiply_gcd_forward_compare	5655101	5656235	1134	230	0	40	41
tlm_multiply_gcd_forward_body	5656235	5659066	2831	377	0	188	189
tlm_multiply_gcd_forward_apply	5659066	5659067	1	0	0	0	0
tlm_multiply_gcd_forward_codec	5659067	5659070	3	0	0	0	0
tlm_multiply_gcd_forward_shift	5659070	5659824	754	187	0	0	2
tlm_multiply_gcd_forward_compare	5659824	5660941	1117	228	0	39	40
tlm_multiply_gcd_forward_body	5660941	5663757	2816	375	0	187	188
tlm_multiply_gcd_forward_apply	5663757	5663758	1	0	0	0	0
tlm_multiply_gcd_forward_codec	5663758	5663761	3	0	0	0	0
tlm_multiply_gcd_forward_shift	5663761	5664511	750	186	0	0	2
tlm_multiply_gcd_forward_compare	5664511	5665611	1100	226	0	38	39
tlm_multiply_gcd_forward_body	5665611	5668412	2801	373	0	186	187
tlm_multiply_gcd_forward_apply	5668412	5668413	1	0	0	0	0
tlm_multiply_gcd_forward_codec	5668413	5668580	167	16	0	4	7
tlm_multiply_gcd_forward_shift	5668580	5669326	746	185	0	0	2
tlm_multiply_gcd_forward_compare	5669326	5670437	1111	226	0	39	40
tlm_multiply_gcd_forward_body	5670437	5673223	2786	371	0	185	186
tlm_multiply_gcd_forward_apply	5673223	5673224	1	0	0	0	0
tlm_multiply_gcd_forward_codec	5673224	5673227	3	0	0	0	0
tlm_multiply_gcd_forward_shift	5673227	5673969	742	184	0	0	2
tlm_multiply_gcd_forward_compare	5673969	5675077	1108	225	0	39	40
tlm_multiply_gcd_forward_body	5675077	5677848	2771	369	0	184	185
tlm_multiply_gcd_forward_apply	5677848	5677849	1	0	0	0	0
tlm_multiply_gcd_forward_codec	5677849	5677852	3	0	0	0	0
tlm_multiply_gcd_forward_shift	5677852	5678590	738	183	0	0	2
tlm_multiply_gcd_forward_compare	5678590	5679709	1119	225	0	40	41
tlm_multiply_gcd_forward_body	5679709	5682465	2756	367	0	183	184
tlm_multiply_gcd_forward_apply	5682465	5682466	1	0	0	0	0
tlm_multiply_gcd_forward_codec	5682466	5682633	167	16	0	4	7
tlm_multiply_gcd_forward_shift	5682633	5683367	734	182	0	0	2
tlm_multiply_gcd_forward_compare	5683367	5684483	1116	224	0	40	41
tlm_multiply_gcd_forward_body	5684483	5687224	2741	365	0	182	183
tlm_multiply_gcd_forward_apply	5687224	5687225	1	0	0	0	0
tlm_multiply_gcd_forward_codec	5687225	5687228	3	0	0	0	0
tlm_multiply_gcd_forward_shift	5687228	5687958	730	181	0	0	2
tlm_multiply_gcd_forward_compare	5687958	5689085	1127	224	0	41	42
tlm_multiply_gcd_forward_body	5689085	5691811	2726	363	0	181	182
tlm_multiply_gcd_forward_apply	5691811	5691812	1	0	0	0	0
tlm_multiply_gcd_forward_codec	5691812	5691815	3	0	0	0	0
tlm_multiply_gcd_forward_shift	5691815	5692541	726	180	0	0	2
tlm_multiply_gcd_forward_compare	5692541	5693637	1096	221	0	39	40
tlm_multiply_gcd_forward_body	5693637	5696348	2711	361	0	180	181
tlm_multiply_gcd_forward_apply	5696348	5696349	1	0	0	0	0
tlm_multiply_gcd_forward_codec	5696349	5696516	167	16	0	4	7
tlm_multiply_gcd_forward_shift	5696516	5697238	722	179	0	0	2
tlm_multiply_gcd_forward_compare	5697238	5698331	1093	220	0	39	40
tlm_multiply_gcd_forward_body	5698331	5701027	2696	359	0	179	180
tlm_multiply_gcd_forward_apply	5701027	5701028	1	0	0	0	0
tlm_multiply_gcd_forward_codec	5701028	5701031	3	0	0	0	0
tlm_multiply_gcd_forward_shift	5701031	5701749	718	178	0	0	2
tlm_multiply_gcd_forward_compare	5701749	5702853	1104	220	0	40	41
tlm_multiply_gcd_forward_body	5702853	5705534	2681	357	0	178	179
tlm_multiply_gcd_forward_apply	5705534	5705535	1	0	0	0	0
tlm_multiply_gcd_forward_codec	5705535	5705538	3	0	0	0	0
tlm_multiply_gcd_forward_shift	5705538	5706252	714	177	0	0	2
tlm_multiply_gcd_forward_compare	5706252	5707353	1101	219	0	40	41
tlm_multiply_gcd_forward_body	5707353	5710019	2666	355	0	177	178
tlm_multiply_gcd_forward_apply	5710019	5710020	1	0	0	0	0
tlm_multiply_gcd_forward_codec	5710020	5710187	167	16	0	4	7
tlm_multiply_gcd_forward_shift	5710187	5710897	710	176	0	0	2
tlm_multiply_gcd_forward_compare	5710897	5711995	1098	218	0	40	41
tlm_multiply_gcd_forward_body	5711995	5714646	2651	353	0	176	177
tlm_multiply_gcd_forward_apply	5714646	5714647	1	0	0	0	0
tlm_multiply_gcd_forward_codec	5714647	5714650	3	0	0	0	0
tlm_multiply_gcd_forward_shift	5714650	5715356	706	175	0	0	2
tlm_multiply_gcd_forward_compare	5715356	5716451	1095	217	0	40	41
tlm_multiply_gcd_forward_body	5716451	5719087	2636	351	0	175	176
tlm_multiply_gcd_forward_apply	5719087	5719088	1	0	0	0	0
tlm_multiply_gcd_forward_codec	5719088	5719091	3	0	0	0	0
tlm_multiply_gcd_forward_shift	5719091	5719793	702	174	0	0	2
tlm_multiply_gcd_forward_compare	5719793	5720885	1092	216	0	40	41
tlm_multiply_gcd_forward_body	5720885	5723506	2621	349	0	174	175
tlm_multiply_gcd_forward_apply	5723506	5723507	1	0	0	0	0
tlm_multiply_gcd_forward_codec	5723507	5723674	167	16	0	4	7
tlm_multiply_gcd_forward_shift	5723674	5724372	698	173	0	0	2
tlm_multiply_gcd_forward_compare	5724372	5725461	1089	215	0	40	41
tlm_multiply_gcd_forward_body	5725461	5728067	2606	347	0	173	174
tlm_multiply_gcd_forward_apply	5728067	5728068	1	0	0	0	0
tlm_multiply_gcd_forward_codec	5728068	5728071	3	0	0	0	0
tlm_multiply_gcd_forward_shift	5728071	5728765	694	172	0	0	2
tlm_multiply_gcd_forward_compare	5728765	5729865	1100	215	0	41	42
tlm_multiply_gcd_forward_body	5729865	5732456	2591	345	0	172	173
tlm_multiply_gcd_forward_apply	5732456	5732457	1	0	0	0	0
tlm_multiply_gcd_forward_codec	5732457	5732460	3	0	0	0	0
tlm_multiply_gcd_forward_shift	5732460	5733150	690	171	0	0	2
tlm_multiply_gcd_forward_compare	5733150	5734233	1083	213	0	40	41
tlm_multiply_gcd_forward_body	5734233	5736809	2576	343	0	171	172
tlm_multiply_gcd_forward_apply	5736809	5736810	1	0	0	0	0
tlm_multiply_gcd_forward_codec	5736810	5736977	167	16	0	4	7
tlm_multiply_gcd_forward_shift	5736977	5737665	688	171	0	0	0
tlm_multiply_gcd_forward_compare	5737665	5738776	1111	215	0	42	43
tlm_multiply_gcd_forward_body	5738776	5741352	2576	343	0	171	172
tlm_multiply_gcd_forward_apply	5741352	5741353	1	0	0	0	0
tlm_multiply_gcd_forward_codec	5741353	5741356	3	0	0	0	0
tlm_multiply_gcd_forward_shift	5741356	5742042	686	170	0	0	2
tlm_multiply_gcd_forward_compare	5742042	5743136	1094	213	0	41	42
tlm_multiply_gcd_forward_body	5743136	5745697	2561	341	0	170	171
tlm_multiply_gcd_forward_apply	5745697	5745698	1	0	0	0	0
tlm_multiply_gcd_forward_codec	5745698	5745701	3	0	0	0	0
tlm_multiply_gcd_forward_shift	5745701	5746381	680	168	0	0	4
tlm_multiply_gcd_forward_compare	5746381	5747455	1074	210	0	40	41
tlm_multiply_gcd_forward_body	5747455	5749986	2531	337	0	168	169
tlm_multiply_gcd_forward_apply	5749986	5749987	1	0	0	0	0
tlm_multiply_gcd_forward_codec	5749987	5750154	167	16	0	4	7
tlm_multiply_gcd_forward_shift	5750154	5750828	674	167	0	0	2
tlm_multiply_gcd_forward_compare	5750828	5751899	1071	209	0	40	41
tlm_multiply_gcd_forward_body	5751899	5754415	2516	335	0	167	168
tlm_multiply_gcd_forward_apply	5754415	5754416	1	0	0	0	0
tlm_multiply_gcd_forward_codec	5754416	5754419	3	0	0	0	0
tlm_multiply_gcd_forward_shift	5754419	5755089	670	166	0	0	2
tlm_multiply_gcd_forward_compare	5755089	5756185	1096	210	0	42	43
tlm_multiply_gcd_forward_body	5756185	5758686	2501	333	0	166	167
tlm_multiply_gcd_forward_apply	5758686	5758687	1	0	0	0	0
tlm_multiply_gcd_forward_codec	5758687	5758690	3	0	0	0	0
tlm_multiply_gcd_forward_shift	5758690	5759356	666	165	0	0	2
tlm_multiply_gcd_forward_compare	5759356	5760435	1079	208	0	41	42
tlm_multiply_gcd_forward_body	5760435	5762921	2486	331	0	165	166
tlm_multiply_gcd_forward_apply	5762921	5762922	1	0	0	0	0
tlm_multiply_gcd_forward_codec	5762922	5763089	167	16	0	4	7
tlm_multiply_gcd_forward_shift	5763089	5763751	662	164	0	0	2
tlm_multiply_gcd_forward_compare	5763751	5764827	1076	207	0	41	42
tlm_multiply_gcd_forward_body	5764827	5767298	2471	329	0	164	165
tlm_multiply_gcd_forward_apply	5767298	5767299	1	0	0	0	0
tlm_multiply_gcd_forward_codec	5767299	5767302	3	0	0	0	0
tlm_multiply_gcd_forward_shift	5767302	5767958	656	162	0	0	4
tlm_multiply_gcd_forward_compare	5767958	5769014	1056	204	0	40	41
tlm_multiply_gcd_forward_body	5769014	5771455	2441	325	0	162	163
tlm_multiply_gcd_forward_apply	5771455	5771456	1	0	0	0	0
tlm_multiply_gcd_forward_codec	5771456	5771459	3	0	0	0	0
tlm_multiply_gcd_forward_shift	5771459	5772109	650	161	0	0	2
tlm_multiply_gcd_forward_compare	5772109	5773176	1067	204	0	41	42
tlm_multiply_gcd_forward_body	5773176	5775602	2426	323	0	161	162
tlm_multiply_gcd_forward_apply	5775602	5775603	1	0	0	0	0
tlm_multiply_gcd_forward_codec	5775603	5775770	167	16	0	4	7
tlm_multiply_gcd_forward_shift	5775770	5776416	646	160	0	0	2
tlm_multiply_gcd_forward_compare	5776416	5777480	1064	203	0	41	42
tlm_multiply_gcd_forward_body	5777480	5779891	2411	321	0	160	161
tlm_multiply_gcd_forward_apply	5779891	5779892	1	0	0	0	0
tlm_multiply_gcd_forward_codec	5779892	5779895	3	0	0	0	0
tlm_multiply_gcd_forward_shift	5779895	5780537	642	159	0	0	2
tlm_multiply_gcd_forward_compare	5780537	5781584	1047	201	0	40	41
tlm_multiply_gcd_forward_body	5781584	5783980	2396	319	0	159	160
tlm_multiply_gcd_forward_apply	5783980	5783981	1	0	0	0	0
tlm_multiply_gcd_forward_codec	5783981	5783984	3	0	0	0	0
tlm_multiply_gcd_forward_shift	5783984	5784622	638	158	0	0	2
tlm_multiply_gcd_forward_compare	5784622	5785680	1058	201	0	41	42
tlm_multiply_gcd_forward_body	5785680	5788061	2381	317	0	158	159
tlm_multiply_gcd_forward_apply	5788061	5788062	1	0	0	0	0
tlm_multiply_gcd_forward_codec	5788062	5788229	167	16	0	4	7
tlm_multiply_gcd_forward_shift	5788229	5788863	634	157	0	0	2
tlm_multiply_gcd_forward_compare	5788863	5789918	1055	200	0	41	42
tlm_multiply_gcd_forward_body	5789918	5792284	2366	315	0	157	158
tlm_multiply_gcd_forward_apply	5792284	5792285	1	0	0	0	0
tlm_multiply_gcd_forward_codec	5792285	5792288	3	0	0	0	0
tlm_multiply_gcd_forward_shift	5792288	5792918	630	156	0	0	2
tlm_multiply_gcd_forward_compare	5792918	5793970	1052	199	0	41	42
tlm_multiply_gcd_forward_body	5793970	5796321	2351	313	0	156	157
tlm_multiply_gcd_forward_apply	5796321	5796322	1	0	0	0	0
tlm_multiply_gcd_forward_codec	5796322	5796325	3	0	0	0	0
tlm_multiply_gcd_forward_shift	5796325	5796951	626	155	0	0	2
tlm_multiply_gcd_forward_compare	5796951	5798000	1049	198	0	41	42
tlm_multiply_gcd_forward_body	5798000	5800336	2336	311	0	155	156
tlm_multiply_gcd_forward_apply	5800336	5800337	1	0	0	0	0
tlm_multiply_gcd_forward_codec	5800337	5800504	167	16	0	4	7
tlm_multiply_gcd_forward_shift	5800504	5801126	622	154	0	0	2
tlm_multiply_gcd_forward_compare	5801126	5802172	1046	197	0	41	42
tlm_multiply_gcd_forward_body	5802172	5804493	2321	309	0	154	155
tlm_multiply_gcd_forward_apply	5804493	5804494	1	0	0	0	0
tlm_multiply_gcd_forward_codec	5804494	5804497	3	0	0	0	0
tlm_multiply_gcd_forward_shift	5804497	5805115	618	153	0	0	2
tlm_multiply_gcd_forward_compare	5805115	5806172	1057	197	0	42	43
tlm_multiply_gcd_forward_body	5806172	5808478	2306	307	0	153	154
tlm_multiply_gcd_forward_apply	5808478	5808479	1	0	0	0	0
tlm_multiply_gcd_forward_codec	5808479	5808482	3	0	0	0	0
tlm_multiply_gcd_forward_shift	5808482	5809096	614	152	0	0	2
tlm_multiply_gcd_forward_compare	5809096	5810136	1040	195	0	41	42
tlm_multiply_gcd_forward_body	5810136	5812427	2291	305	0	152	153
tlm_multiply_gcd_forward_apply	5812427	5812428	1	0	0	0	0
tlm_multiply_gcd_forward_codec	5812428	5812595	167	16	0	4	7
tlm_multiply_gcd_forward_shift	5812595	5813205	610	151	0	0	2
tlm_multiply_gcd_forward_compare	5813205	5814256	1051	195	0	42	43
tlm_multiply_gcd_forward_body	5814256	5816532	2276	303	0	151	152
tlm_multiply_gcd_forward_apply	5816532	5816533	1	0	0	0	0
tlm_multiply_gcd_forward_codec	5816533	5816536	3	0	0	0	0
tlm_multiply_gcd_forward_shift	5816536	5817142	606	150	0	0	2
tlm_multiply_gcd_forward_compare	5817142	5818190	1048	194	0	42	43
tlm_multiply_gcd_forward_body	5818190	5820451	2261	301	0	150	151
tlm_multiply_gcd_forward_apply	5820451	5820452	1	0	0	0	0
tlm_multiply_gcd_forward_codec	5820452	5820455	3	0	0	0	0
tlm_multiply_gcd_forward_shift	5820455	5821057	602	149	0	0	2
tlm_multiply_gcd_forward_compare	5821057	5822102	1045	193	0	42	43
tlm_multiply_gcd_forward_body	5822102	5824348	2246	299	0	149	150
tlm_multiply_gcd_forward_apply	5824348	5824349	1	0	0	0	0
tlm_multiply_gcd_forward_codec	5824349	5824516	167	16	0	4	7
tlm_multiply_gcd_forward_shift	5824516	5825114	598	148	0	0	2
tlm_multiply_gcd_forward_compare	5825114	5826156	1042	192	0	42	43
tlm_multiply_gcd_forward_body	5826156	5828387	2231	297	0	148	149
tlm_multiply_gcd_forward_apply	5828387	5828388	1	0	0	0	0
tlm_multiply_gcd_forward_codec	5828388	5828391	3	0	0	0	0
tlm_multiply_gcd_forward_shift	5828391	5828985	594	147	0	0	2
tlm_multiply_gcd_forward_compare	5828985	5830024	1039	191	0	42	43
tlm_multiply_gcd_forward_body	5830024	5832240	2216	295	0	147	148
tlm_multiply_gcd_forward_apply	5832240	5832241	1	0	0	0	0
tlm_multiply_gcd_forward_codec	5832241	5832244	3	0	0	0	0
tlm_multiply_gcd_forward_shift	5832244	5832834	590	146	0	0	2
tlm_multiply_gcd_forward_compare	5832834	5833870	1036	190	0	42	43
tlm_multiply_gcd_forward_body	5833870	5836071	2201	293	0	146	147
tlm_multiply_gcd_forward_apply	5836071	5836072	1	0	0	0	0
tlm_multiply_gcd_forward_codec	5836072	5836239	167	16	0	4	7
tlm_multiply_gcd_forward_shift	5836239	5836825	586	145	0	0	2
tlm_multiply_gcd_forward_compare	5836825	5837858	1033	189	0	42	43
tlm_multiply_gcd_forward_body	5837858	5840044	2186	291	0	145	146
tlm_multiply_gcd_forward_apply	5840044	5840045	1	0	0	0	0
tlm_multiply_gcd_forward_codec	5840045	5840048	3	0	0	0	0
tlm_multiply_gcd_forward_shift	5840048	5840630	582	144	0	0	2
tlm_multiply_gcd_forward_compare	5840630	5841674	1044	189	0	43	44
tlm_multiply_gcd_forward_body	5841674	5843845	2171	289	0	144	145
tlm_multiply_gcd_forward_apply	5843845	5843846	1	0	0	0	0
tlm_multiply_gcd_forward_codec	5843846	5843849	3	0	0	0	0
tlm_multiply_gcd_forward_shift	5843849	5844427	578	143	0	0	2
tlm_multiply_gcd_forward_compare	5844427	5845454	1027	187	0	42	43
tlm_multiply_gcd_forward_body	5845454	5847610	2156	287	0	143	144
tlm_multiply_gcd_forward_apply	5847610	5847611	1	0	0	0	0
tlm_multiply_gcd_forward_codec	5847611	5847778	167	16	0	4	7
tlm_multiply_gcd_forward_shift	5847778	5848352	574	142	0	0	2
tlm_multiply_gcd_forward_compare	5848352	5849390	1038	187	0	43	44
tlm_multiply_gcd_forward_body	5849390	5851531	2141	285	0	142	143
tlm_multiply_gcd_forward_apply	5851531	5851532	1	0	0	0	0
tlm_multiply_gcd_forward_codec	5851532	5851535	3	0	0	0	0
tlm_multiply_gcd_forward_shift	5851535	5852105	570	141	0	0	2
tlm_multiply_gcd_forward_compare	5852105	5853140	1035	186	0	43	44
tlm_multiply_gcd_forward_body	5853140	5855266	2126	283	0	141	142
tlm_multiply_gcd_forward_apply	5855266	5855267	1	0	0	0	0
tlm_multiply_gcd_forward_codec	5855267	5855270	3	0	0	0	0
tlm_multiply_gcd_forward_shift	5855270	5855836	566	140	0	0	2
tlm_multiply_gcd_forward_compare	5855836	5856854	1018	184	0	42	43
tlm_multiply_gcd_forward_body	5856854	5858965	2111	281	0	140	141
tlm_multiply_gcd_forward_apply	5858965	5858966	1	0	0	0	0
tlm_multiply_gcd_forward_codec	5858966	5859133	167	16	0	4	7
tlm_multiply_gcd_forward_shift	5859133	5859695	562	139	0	0	2
tlm_multiply_gcd_forward_compare	5859695	5860710	1015	183	0	42	43
tlm_multiply_gcd_forward_body	5860710	5862806	2096	279	0	139	140
tlm_multiply_gcd_forward_apply	5862806	5862807	1	0	0	0	0
tlm_multiply_gcd_forward_codec	5862807	5862810	3	0	0	0	0
tlm_multiply_gcd_forward_shift	5862810	5863368	558	138	0	0	2
tlm_multiply_gcd_forward_compare	5863368	5864394	1026	183	0	43	44
tlm_multiply_gcd_forward_body	5864394	5866475	2081	277	0	138	139
tlm_multiply_gcd_forward_apply	5866475	5866476	1	0	0	0	0
tlm_multiply_gcd_forward_codec	5866476	5866479	3	0	0	0	0
tlm_multiply_gcd_forward_shift	5866479	5867033	554	137	0	0	2
tlm_multiply_gcd_forward_compare	5867033	5868042	1009	181	0	42	43
tlm_multiply_gcd_forward_body	5868042	5870108	2066	275	0	137	138
tlm_multiply_gcd_forward_apply	5870108	5870109	1	0	0	0	0
tlm_multiply_gcd_forward_codec	5870109	5870276	167	16	0	4	7
tlm_multiply_gcd_forward_shift	5870276	5870826	550	136	0	0	2
tlm_multiply_gcd_forward_compare	5870826	5871832	1006	180	0	42	43
tlm_multiply_gcd_forward_body	5871832	5873883	2051	273	0	136	137
tlm_multiply_gcd_forward_apply	5873883	5873884	1	0	0	0	0
tlm_multiply_gcd_forward_codec	5873884	5873887	3	0	0	0	0
tlm_multiply_gcd_forward_shift	5873887	5874433	546	135	0	0	2
tlm_multiply_gcd_forward_compare	5874433	5875436	1003	179	0	42	43
tlm_multiply_gcd_forward_body	5875436	5877472	2036	271	0	135	136
tlm_multiply_gcd_forward_apply	5877472	5877473	1	0	0	0	0
tlm_multiply_gcd_forward_codec	5877473	5877476	3	0	0	0	0
tlm_multiply_gcd_forward_shift	5877476	5878018	542	134	0	0	2
tlm_multiply_gcd_forward_compare	5878018	5879018	1000	178	0	42	43
tlm_multiply_gcd_forward_body	5879018	5881039	2021	269	0	134	135
tlm_multiply_gcd_forward_apply	5881039	5881040	1	0	0	0	0
tlm_multiply_gcd_forward_codec	5881040	5881207	167	16	0	4	7
tlm_multiply_gcd_forward_shift	5881207	5881745	538	133	0	0	2
tlm_multiply_gcd_forward_compare	5881745	5882756	1011	178	0	43	44
tlm_multiply_gcd_forward_body	5882756	5884762	2006	267	0	133	134
tlm_multiply_gcd_forward_apply	5884762	5884763	1	0	0	0	0
tlm_multiply_gcd_forward_codec	5884763	5884766	3	0	0	0	0
tlm_multiply_gcd_forward_shift	5884766	5885300	534	132	0	0	2
tlm_multiply_gcd_forward_compare	5885300	5886308	1008	177	0	43	44
tlm_multiply_gcd_forward_body	5886308	5888299	1991	265	0	132	133
tlm_multiply_gcd_forward_apply	5888299	5888300	1	0	0	0	0
tlm_multiply_gcd_forward_codec	5888300	5888303	3	0	0	0	0
tlm_multiply_gcd_forward_shift	5888303	5888833	530	131	0	0	2
tlm_multiply_gcd_forward_compare	5888833	5889838	1005	176	0	43	44
tlm_multiply_gcd_forward_body	5889838	5891814	1976	263	0	131	132
tlm_multiply_gcd_forward_apply	5891814	5891815	1	0	0	0	0
tlm_multiply_gcd_forward_codec	5891815	5891982	167	16	0	4	7
tlm_multiply_gcd_forward_shift	5891982	5892508	526	130	0	0	2
tlm_multiply_gcd_forward_compare	5892508	5893510	1002	175	0	43	44
tlm_multiply_gcd_forward_body	5893510	5895471	1961	261	0	130	131
tlm_multiply_gcd_forward_apply	5895471	5895472	1	0	0	0	0
tlm_multiply_gcd_forward_codec	5895472	5895475	3	0	0	0	0
tlm_multiply_gcd_forward_shift	5895475	5895997	522	129	0	0	2
tlm_multiply_gcd_forward_compare	5895997	5896982	985	173	0	42	43
tlm_multiply_gcd_forward_body	5896982	5898928	1946	259	0	129	130
tlm_multiply_gcd_forward_apply	5898928	5898929	1	0	0	0	0
tlm_multiply_gcd_forward_codec	5898929	5898932	3	0	0	0	0
tlm_multiply_gcd_forward_shift	5898932	5899450	518	128	0	0	2
tlm_multiply_gcd_forward_compare	5899450	5900460	1010	174	0	44	45
tlm_multiply_gcd_forward_body	5900460	5902391	1931	257	0	128	129
tlm_multiply_gcd_forward_apply	5902391	5902392	1	0	0	0	0
tlm_multiply_gcd_forward_codec	5902392	5902559	167	16	0	4	7
tlm_multiply_gcd_forward_shift	5902559	5903073	514	127	0	0	2
tlm_multiply_gcd_forward_compare	5903073	5904080	1007	173	0	44	45
tlm_multiply_gcd_forward_body	5904080	5905996	1916	255	0	127	128
tlm_multiply_gcd_forward_apply	5905996	5905997	1	0	0	0	0
tlm_multiply_gcd_forward_codec	5905997	5906000	3	0	0	0	0
tlm_multiply_gcd_forward_shift	5906000	5906510	510	126	0	0	2
tlm_multiply_gcd_forward_compare	5906510	5907500	990	171	0	43	44
tlm_multiply_gcd_forward_body	5907500	5909401	1901	253	0	126	127
tlm_multiply_gcd_forward_apply	5909401	5909402	1	0	0	0	0
tlm_multiply_gcd_forward_codec	5909402	5909405	3	0	0	0	0
tlm_multiply_gcd_forward_shift	5909405	5909911	506	125	0	0	2
tlm_multiply_gcd_forward_compare	5909911	5910898	987	170	0	43	44
tlm_multiply_gcd_forward_body	5910898	5912784	1886	251	0	125	126
tlm_multiply_gcd_forward_apply	5912784	5912785	1	0	0	0	0
tlm_multiply_gcd_forward_codec	5912785	5912952	167	16	0	4	7
tlm_multiply_gcd_forward_shift	5912952	5913452	500	123	0	0	4
tlm_multiply_gcd_forward_compare	5913452	5914433	981	168	0	43	44
tlm_multiply_gcd_forward_body	5914433	5916289	1856	247	0	123	124
tlm_multiply_gcd_forward_apply	5916289	5916290	1	0	0	0	0
tlm_multiply_gcd_forward_codec	5916290	5916293	3	0	0	0	0
tlm_multiply_gcd_forward_shift	5916293	5916789	496	123	0	0	0
tlm_multiply_gcd_forward_compare	5916789	5917770	981	168	0	43	44
tlm_multiply_gcd_forward_body	5917770	5919626	1856	247	0	123	124
tlm_multiply_gcd_forward_apply	5919626	5919627	1	0	0	0	0
tlm_multiply_gcd_forward_codec	5919627	5919630	3	0	0	0	0
tlm_multiply_gcd_forward_shift	5919630	5920124	494	122	0	0	2
tlm_multiply_gcd_forward_compare	5920124	5921116	992	168	0	44	45
tlm_multiply_gcd_forward_body	5921116	5922957	1841	245	0	122	123
tlm_multiply_gcd_forward_apply	5922957	5922958	1	0	0	0	0
tlm_multiply_gcd_forward_codec	5922958	5923125	167	16	0	4	7
tlm_multiply_gcd_forward_shift	5923125	5923615	490	121	0	0	2
tlm_multiply_gcd_forward_compare	5923615	5924590	975	166	0	43	44
tlm_multiply_gcd_forward_body	5924590	5926416	1826	243	0	121	122
tlm_multiply_gcd_forward_apply	5926416	5926417	1	0	0	0	0
tlm_multiply_gcd_forward_codec	5926417	5926420	3	0	0	0	0
tlm_multiply_gcd_forward_shift	5926420	5926906	486	120	0	0	2
tlm_multiply_gcd_forward_compare	5926906	5927892	986	166	0	44	45
tlm_multiply_gcd_forward_body	5927892	5929703	1811	241	0	120	121
tlm_multiply_gcd_forward_apply	5929703	5929704	1	0	0	0	0
tlm_multiply_gcd_forward_codec	5929704	5929707	3	0	0	0	0
tlm_multiply_gcd_forward_shift	5929707	5930189	482	119	0	0	2
tlm_multiply_gcd_forward_compare	5930189	5931172	983	165	0	44	45
tlm_multiply_gcd_forward_body	5931172	5932968	1796	239	0	119	120
tlm_multiply_gcd_forward_apply	5932968	5932969	1	0	0	0	0
tlm_multiply_gcd_forward_codec	5932969	5933136	167	16	0	4	7
tlm_multiply_gcd_forward_shift	5933136	5933614	478	118	0	0	2
tlm_multiply_gcd_forward_compare	5933614	5934594	980	164	0	44	45
tlm_multiply_gcd_forward_body	5934594	5936375	1781	237	0	118	119
tlm_multiply_gcd_forward_apply	5936375	5936376	1	0	0	0	0
tlm_multiply_gcd_forward_codec	5936376	5936379	3	0	0	0	0
tlm_multiply_gcd_forward_shift	5936379	5936853	474	117	0	0	2
tlm_multiply_gcd_forward_compare	5936853	5937830	977	163	0	44	45
tlm_multiply_gcd_forward_body	5937830	5939596	1766	235	0	117	118
tlm_multiply_gcd_forward_apply	5939596	5939597	1	0	0	0	0
tlm_multiply_gcd_forward_codec	5939597	5939600	3	0	0	0	0
tlm_multiply_gcd_forward_shift	5939600	5940070	470	116	0	0	2
tlm_multiply_gcd_forward_compare	5940070	5941044	974	162	0	44	45
tlm_multiply_gcd_forward_body	5941044	5942795	1751	233	0	116	117
tlm_multiply_gcd_forward_apply	5942795	5942796	1	0	0	0	0
tlm_multiply_gcd_forward_codec	5942796	5942963	167	16	0	4	7
tlm_multiply_gcd_forward_shift	5942963	5943429	466	115	0	0	2
tlm_multiply_gcd_forward_compare	5943429	5944414	985	162	0	45	46
tlm_multiply_gcd_forward_body	5944414	5946150	1736	231	0	115	116
tlm_multiply_gcd_forward_apply	5946150	5946151	1	0	0	0	0
tlm_multiply_gcd_forward_codec	5946151	5946154	3	0	0	0	0
tlm_multiply_gcd_forward_shift	5946154	5946616	462	114	0	0	2
tlm_multiply_gcd_forward_compare	5946616	5947584	968	160	0	44	45
tlm_multiply_gcd_forward_body	5947584	5949305	1721	229	0	114	115
tlm_multiply_gcd_forward_apply	5949305	5949306	1	0	0	0	0
tlm_multiply_gcd_forward_codec	5949306	5949309	3	0	0	0	0
tlm_multiply_gcd_forward_shift	5949309	5949765	456	112	0	0	4
tlm_multiply_gcd_forward_compare	5949765	5950727	962	158	0	44	45
tlm_multiply_gcd_forward_body	5950727	5952418	1691	225	0	112	113
tlm_multiply_gcd_forward_apply	5952418	5952419	1	0	0	0	0
tlm_multiply_gcd_forward_codec	5952419	5952586	167	16	0	4	7
tlm_multiply_gcd_forward_shift	5952586	5953036	450	111	0	0	2
tlm_multiply_gcd_forward_compare	5953036	5953995	959	157	0	44	45
tlm_multiply_gcd_forward_body	5953995	5955671	1676	223	0	111	112
tlm_multiply_gcd_forward_apply	5955671	5955672	1	0	0	0	0
tlm_multiply_gcd_forward_codec	5955672	5955675	3	0	0	0	0
tlm_multiply_gcd_forward_shift	5955675	5956121	446	110	0	0	2
tlm_multiply_gcd_forward_compare	5956121	5957063	942	155	0	43	44
tlm_multiply_gcd_forward_body	5957063	5958724	1661	221	0	110	111
tlm_multiply_gcd_forward_apply	5958724	5958725	1	0	0	0	0
tlm_multiply_gcd_forward_codec	5958725	5958728	3	0	0	0	0
tlm_multiply_gcd_forward_shift	5958728	5959170	442	109	0	0	2
tlm_multiply_gcd_forward_compare	5959170	5960123	953	155	0	44	45
tlm_multiply_gcd_forward_body	5960123	5961769	1646	219	0	109	110
tlm_multiply_gcd_forward_apply	5961769	5961770	1	0	0	0	0
tlm_multiply_gcd_forward_codec	5961770	5961937	167	16	0	4	7
tlm_multiply_gcd_forward_shift	5961937	5962375	438	108	0	0	2
tlm_multiply_gcd_forward_compare	5962375	5963325	950	154	0	44	45
tlm_multiply_gcd_forward_body	5963325	5964956	1631	217	0	108	109
tlm_multiply_gcd_forward_apply	5964956	5964957	1	0	0	0	0
tlm_multiply_gcd_forward_codec	5964957	5964960	3	0	0	0	0
tlm_multiply_gcd_forward_shift	5964960	5965394	434	107	0	0	2
tlm_multiply_gcd_forward_compare	5965394	5966341	947	153	0	44	45
tlm_multiply_gcd_forward_body	5966341	5967957	1616	215	0	107	108
tlm_multiply_gcd_forward_apply	5967957	5967958	1	0	0	0	0
tlm_multiply_gcd_forward_codec	5967958	5967961	3	0	0	0	0
tlm_multiply_gcd_forward_shift	5967961	5968393	432	107	0	0	0
tlm_multiply_gcd_forward_compare	5968393	5969354	961	154	0	45	46
tlm_multiply_gcd_forward_body	5969354	5970970	1616	215	0	107	108
tlm_multiply_gcd_forward_apply	5970970	5970971	1	0	0	0	0
tlm_multiply_gcd_forward_codec	5970971	5971138	167	16	0	4	7
tlm_multiply_gcd_forward_shift	5971138	5971566	428	105	0	0	4
tlm_multiply_gcd_forward_compare	5971566	5972507	941	151	0	44	45
tlm_multiply_gcd_forward_body	5972507	5974093	1586	211	0	105	106
tlm_multiply_gcd_forward_apply	5974093	5974094	1	0	0	0	0
tlm_multiply_gcd_forward_codec	5974094	5974097	3	0	0	0	0
tlm_multiply_gcd_forward_shift	5974097	5974521	424	105	0	0	0
tlm_multiply_gcd_forward_compare	5974521	5975490	969	153	0	46	47
tlm_multiply_gcd_forward_body	5975490	5977076	1586	211	0	105	106
tlm_multiply_gcd_forward_apply	5977076	5977077	1	0	0	0	0
tlm_multiply_gcd_forward_codec	5977077	5977080	3	0	0	0	0
tlm_multiply_gcd_forward_shift	5977080	5977500	420	103	0	0	4
tlm_multiply_gcd_forward_compare	5977500	5978449	949	150	0	45	46
tlm_multiply_gcd_forward_body	5978449	5980005	1556	207	0	103	104
tlm_multiply_gcd_forward_apply	5980005	5980006	1	0	0	0	0
tlm_multiply_gcd_forward_codec	5980006	5980173	167	16	0	4	7
tlm_multiply_gcd_forward_shift	5980173	5980587	414	102	0	0	2
tlm_multiply_gcd_forward_compare	5980587	5981519	932	148	0	44	45
tlm_multiply_gcd_forward_body	5981519	5983060	1541	205	0	102	103
tlm_multiply_gcd_forward_apply	5983060	5983061	1	0	0	0	0
tlm_multiply_gcd_forward_codec	5983061	5983064	3	0	0	0	0
tlm_multiply_gcd_forward_shift	5983064	5983474	410	101	0	0	2
tlm_multiply_gcd_forward_compare	5983474	5984431	957	149	0	46	47
tlm_multiply_gcd_forward_body	5984431	5985957	1526	203	0	101	102
tlm_multiply_gcd_forward_apply	5985957	5985958	1	0	0	0	0
tlm_multiply_gcd_forward_codec	5985958	5985961	3	0	0	0	0
tlm_multiply_gcd_forward_shift	5985961	5986367	406	100	0	0	2
tlm_multiply_gcd_forward_compare	5986367	5987307	940	147	0	45	46
tlm_multiply_gcd_forward_body	5987307	5988818	1511	201	0	100	101
tlm_multiply_gcd_forward_apply	5988818	5988819	1	0	0	0	0
tlm_multiply_gcd_forward_codec	5988819	5988986	167	16	0	4	7
tlm_multiply_gcd_forward_shift	5988986	5989388	402	99	0	0	2
tlm_multiply_gcd_forward_compare	5989388	5990325	937	146	0	45	46
tlm_multiply_gcd_forward_body	5990325	5991821	1496	199	0	99	100
tlm_multiply_gcd_forward_apply	5991821	5991822	1	0	0	0	0
tlm_multiply_gcd_forward_codec	5991822	5991825	3	0	0	0	0
tlm_multiply_gcd_forward_shift	5991825	5992223	398	98	0	0	2
tlm_multiply_gcd_forward_compare	5992223	5993157	934	145	0	45	46
tlm_multiply_gcd_forward_body	5993157	5994638	1481	197	0	98	99
tlm_multiply_gcd_forward_apply	5994638	5994639	1	0	0	0	0
tlm_multiply_gcd_forward_codec	5994639	5994642	3	0	0	0	0
tlm_multiply_gcd_forward_shift	5994642	5995036	394	97	0	0	2
tlm_multiply_gcd_forward_compare	5995036	5995967	931	144	0	45	46
tlm_multiply_gcd_forward_body	5995967	5997433	1466	195	0	97	98
tlm_multiply_gcd_forward_apply	5997433	5997434	1	0	0	0	0
tlm_multiply_gcd_forward_codec	5997434	5997601	167	16	0	4	7
tlm_multiply_gcd_forward_shift	5997601	5997991	390	96	0	0	2
tlm_multiply_gcd_forward_compare	5997991	5998919	928	143	0	45	46
tlm_multiply_gcd_forward_body	5998919	6000370	1451	193	0	96	97
tlm_multiply_gcd_forward_apply	6000370	6000371	1	0	0	0	0
tlm_multiply_gcd_forward_codec	6000371	6000374	3	0	0	0	0
tlm_multiply_gcd_forward_shift	6000374	6000760	386	95	0	0	2
tlm_multiply_gcd_forward_compare	6000760	6001699	939	143	0	46	47
tlm_multiply_gcd_forward_body	6001699	6003135	1436	191	0	95	96
tlm_multiply_gcd_forward_apply	6003135	6003136	1	0	0	0	0
tlm_multiply_gcd_forward_codec	6003136	6003139	3	0	0	0	0
tlm_multiply_gcd_forward_shift	6003139	6003521	382	94	0	0	2
tlm_multiply_gcd_forward_compare	6003521	6004443	922	141	0	45	46
tlm_multiply_gcd_forward_body	6004443	6005864	1421	189	0	94	95
tlm_multiply_gcd_forward_apply	6005864	6005865	1	0	0	0	0
tlm_multiply_gcd_forward_codec	6005865	6006032	167	16	0	4	7
tlm_multiply_gcd_forward_shift	6006032	6006410	378	93	0	0	2
tlm_multiply_gcd_forward_compare	6006410	6007329	919	140	0	45	46
tlm_multiply_gcd_forward_body	6007329	6008735	1406	187	0	93	94
tlm_multiply_gcd_forward_apply	6008735	6008736	1	0	0	0	0
tlm_multiply_gcd_forward_codec	6008736	6008739	3	0	0	0	0
tlm_multiply_gcd_forward_shift	6008739	6009113	374	92	0	0	2
tlm_multiply_gcd_forward_compare	6009113	6010043	930	140	0	46	47
tlm_multiply_gcd_forward_body	6010043	6011434	1391	185	0	92	93
tlm_multiply_gcd_forward_apply	6011434	6011435	1	0	0	0	0
tlm_multiply_gcd_forward_codec	6011435	6011438	3	0	0	0	0
tlm_multiply_gcd_forward_shift	6011438	6011808	370	91	0	0	2
tlm_multiply_gcd_forward_compare	6011808	6012735	927	139	0	46	47
tlm_multiply_gcd_forward_body	6012735	6014111	1376	183	0	91	92
tlm_multiply_gcd_forward_apply	6014111	6014112	1	0	0	0	0
tlm_multiply_gcd_forward_codec	6014112	6014279	167	16	0	4	7
tlm_multiply_gcd_forward_shift	6014279	6014645	366	90	0	0	2
tlm_multiply_gcd_forward_compare	6014645	6015569	924	138	0	46	47
tlm_multiply_gcd_forward_body	6015569	6016930	1361	181	0	90	91
tlm_multiply_gcd_forward_apply	6016930	6016931	1	0	0	0	0
tlm_multiply_gcd_forward_codec	6016931	6016934	3	0	0	0	0
tlm_multiply_gcd_forward_shift	6016934	6017296	362	89	0	0	2
tlm_multiply_gcd_forward_compare	6017296	6018231	935	138	0	47	48
tlm_multiply_gcd_forward_body	6018231	6019577	1346	179	0	89	90
tlm_multiply_gcd_forward_apply	6019577	6019578	1	0	0	0	0
tlm_multiply_gcd_forward_codec	6019578	6019581	3	0	0	0	0
tlm_multiply_gcd_forward_shift	6019581	6019939	358	88	0	0	2
tlm_multiply_gcd_forward_compare	6019939	6020857	918	136	0	46	47
tlm_multiply_gcd_forward_body	6020857	6022188	1331	177	0	88	89
tlm_multiply_gcd_forward_apply	6022188	6022189	1	0	0	0	0
tlm_multiply_gcd_forward_codec	6022189	6022356	167	16	0	4	7
tlm_multiply_gcd_forward_shift	6022356	6022710	354	87	0	0	2
tlm_multiply_gcd_forward_compare	6022710	6023625	915	135	0	46	47
tlm_multiply_gcd_forward_body	6023625	6024941	1316	175	0	87	88
tlm_multiply_gcd_forward_apply	6024941	6024942	1	0	0	0	0
tlm_multiply_gcd_forward_codec	6024942	6024945	3	0	0	0	0
tlm_multiply_gcd_forward_shift	6024945	6025295	350	86	0	0	2
tlm_multiply_gcd_forward_compare	6025295	6026221	926	135	0	47	48
tlm_multiply_gcd_forward_body	6026221	6027522	1301	173	0	86	87
tlm_multiply_gcd_forward_apply	6027522	6027523	1	0	0	0	0
tlm_multiply_gcd_forward_codec	6027523	6027526	3	0	0	0	0
tlm_multiply_gcd_forward_shift	6027526	6027872	346	85	0	0	2
tlm_multiply_gcd_forward_compare	6027872	6028781	909	133	0	46	47
tlm_multiply_gcd_forward_body	6028781	6030067	1286	171	0	85	86
tlm_multiply_gcd_forward_apply	6030067	6030068	1	0	0	0	0
tlm_multiply_gcd_forward_codec	6030068	6030235	167	16	0	4	7
tlm_multiply_gcd_forward_shift	6030235	6030577	342	84	0	0	2
tlm_multiply_gcd_forward_compare	6030577	6031483	906	132	0	46	47
tlm_multiply_gcd_forward_body	6031483	6032754	1271	169	0	84	85
tlm_multiply_gcd_forward_apply	6032754	6032755	1	0	0	0	0
tlm_multiply_gcd_forward_codec	6032755	6032758	3	0	0	0	0
tlm_multiply_gcd_forward_shift	6032758	6033096	338	83	0	0	2
tlm_multiply_gcd_forward_compare	6033096	6034013	917	132	0	47	48
tlm_multiply_gcd_forward_body	6034013	6035269	1256	167	0	83	84
tlm_multiply_gcd_forward_apply	6035269	6035270	1	0	0	0	0
tlm_multiply_gcd_forward_codec	6035270	6035273	3	0	0	0	0
tlm_multiply_gcd_forward_shift	6035273	6035607	334	82	0	0	2
tlm_multiply_gcd_forward_compare	6035607	6036521	914	131	0	47	48
tlm_multiply_gcd_forward_body	6036521	6037762	1241	165	0	82	83
tlm_multiply_gcd_forward_apply	6037762	6037763	1	0	0	0	0
tlm_multiply_gcd_forward_codec	6037763	6037930	167	16	0	4	7
tlm_multiply_gcd_forward_shift	6037930	6038260	330	81	0	0	2
tlm_multiply_gcd_forward_compare	6038260	6039171	911	130	0	47	48
tlm_multiply_gcd_forward_body	6039171	6040397	1226	163	0	81	82
tlm_multiply_gcd_forward_apply	6040397	6040398	1	0	0	0	0
tlm_multiply_gcd_forward_codec	6040398	6040401	3	0	0	0	0
tlm_multiply_gcd_forward_shift	6040401	6040727	326	80	0	0	2
tlm_multiply_gcd_forward_compare	6040727	6041635	908	129	0	47	48
tlm_multiply_gcd_forward_body	6041635	6042846	1211	161	0	80	81
tlm_multiply_gcd_forward_apply	6042846	6042847	1	0	0	0	0
tlm_multiply_gcd_forward_codec	6042847	6042850	3	0	0	0	0
tlm_multiply_gcd_forward_shift	6042850	6043172	322	79	0	0	2
tlm_multiply_gcd_forward_compare	6043172	6044077	905	128	0	47	48
tlm_multiply_gcd_forward_body	6044077	6045273	1196	159	0	79	80
tlm_multiply_gcd_forward_apply	6045273	6045274	1	0	0	0	0
tlm_multiply_gcd_forward_codec	6045274	6045441	167	16	0	4	7
tlm_multiply_gcd_forward_shift	6045441	6045759	318	78	0	0	2
tlm_multiply_gcd_forward_compare	6045759	6046661	902	127	0	47	48
tlm_multiply_gcd_forward_body	6046661	6047842	1181	157	0	78	79
tlm_multiply_gcd_forward_apply	6047842	6047843	1	0	0	0	0
tlm_multiply_gcd_forward_codec	6047843	6047846	3	0	0	0	0
tlm_multiply_gcd_forward_shift	6047846	6048160	314	77	0	0	2
tlm_multiply_gcd_forward_compare	6048160	6049059	899	126	0	47	48
tlm_multiply_gcd_forward_body	6049059	6050225	1166	155	0	77	78
tlm_multiply_gcd_forward_apply	6050225	6050226	1	0	0	0	0
tlm_multiply_gcd_forward_codec	6050226	6050229	3	0	0	0	0
tlm_multiply_gcd_forward_shift	6050229	6050539	310	76	0	0	2
tlm_multiply_gcd_forward_compare	6050539	6051449	910	126	0	48	49
tlm_multiply_gcd_forward_body	6051449	6052600	1151	153	0	76	77
tlm_multiply_gcd_forward_apply	6052600	6052601	1	0	0	0	0
tlm_multiply_gcd_forward_codec	6052601	6052768	167	16	0	4	7
tlm_multiply_gcd_forward_shift	6052768	6053074	306	75	0	0	2
tlm_multiply_gcd_forward_compare	6053074	6053995	921	126	0	49	50
tlm_multiply_gcd_forward_body	6053995	6055131	1136	151	0	75	76
tlm_multiply_gcd_forward_apply	6055131	6055132	1	0	0	0	0
tlm_multiply_gcd_forward_codec	6055132	6055135	3	0	0	0	0
tlm_multiply_gcd_forward_shift	6055135	6055437	302	74	0	0	2
tlm_multiply_gcd_forward_compare	6055437	6056341	904	124	0	48	49
tlm_multiply_gcd_forward_body	6056341	6057462	1121	149	0	74	75
tlm_multiply_gcd_forward_apply	6057462	6057463	1	0	0	0	0
tlm_multiply_gcd_forward_codec	6057463	6057466	3	0	0	0	0
tlm_multiply_gcd_forward_shift	6057466	6057764	298	73	0	0	2
tlm_multiply_gcd_forward_compare	6057764	6058665	901	123	0	48	49
tlm_multiply_gcd_forward_body	6058665	6059771	1106	147	0	73	74
tlm_multiply_gcd_forward_apply	6059771	6059772	1	0	0	0	0
tlm_multiply_gcd_forward_codec	6059772	6059939	167	16	0	4	7
tlm_multiply_gcd_forward_shift	6059939	6060233	294	72	0	0	2
tlm_multiply_gcd_forward_compare	6060233	6061131	898	122	0	48	49
tlm_multiply_gcd_forward_body	6061131	6062222	1091	145	0	72	73
tlm_multiply_gcd_forward_apply	6062222	6062223	1	0	0	0	0
tlm_multiply_gcd_forward_codec	6062223	6062226	3	0	0	0	0
tlm_multiply_gcd_forward_shift	6062226	6062516	290	71	0	0	2
tlm_multiply_gcd_forward_compare	6062516	6063411	895	121	0	48	49
tlm_multiply_gcd_forward_body	6063411	6064487	1076	143	0	71	72
tlm_multiply_gcd_forward_apply	6064487	6064488	1	0	0	0	0
tlm_multiply_gcd_forward_codec	6064488	6064491	3	0	0	0	0
tlm_multiply_gcd_forward_shift	6064491	6064777	286	70	0	0	2
tlm_multiply_gcd_forward_compare	6064777	6065669	892	120	0	48	49
tlm_multiply_gcd_forward_body	6065669	6066730	1061	141	0	70	71
tlm_multiply_gcd_forward_apply	6066730	6066731	1	0	0	0	0
tlm_multiply_gcd_forward_codec	6066731	6066898	167	16	0	4	7
tlm_multiply_gcd_forward_shift	6066898	6067180	282	69	0	0	2
tlm_multiply_gcd_forward_compare	6067180	6068069	889	119	0	48	49
tlm_multiply_gcd_forward_body	6068069	6069115	1046	139	0	69	70
tlm_multiply_gcd_forward_apply	6069115	6069116	1	0	0	0	0
tlm_multiply_gcd_forward_codec	6069116	6069119	3	0	0	0	0
tlm_multiply_gcd_forward_shift	6069119	6069397	278	68	0	0	2
tlm_multiply_gcd_forward_compare	6069397	6070297	900	119	0	49	50
tlm_multiply_gcd_forward_body	6070297	6071328	1031	137	0	68	69
tlm_multiply_gcd_forward_apply	6071328	6071329	1	0	0	0	0
tlm_multiply_gcd_forward_codec	6071329	6071332	3	0	0	0	0
tlm_multiply_gcd_forward_shift	6071332	6071606	274	67	0	0	2
tlm_multiply_gcd_forward_compare	6071606	6072489	883	117	0	48	49
tlm_multiply_gcd_forward_body	6072489	6073505	1016	135	0	67	68
tlm_multiply_gcd_forward_apply	6073505	6073506	1	0	0	0	0
tlm_multiply_gcd_forward_codec	6073506	6073673	167	16	0	4	7
tlm_multiply_gcd_forward_shift	6073673	6073943	270	66	0	0	2
tlm_multiply_gcd_forward_compare	6073943	6074823	880	116	0	48	49
tlm_multiply_gcd_forward_body	6074823	6075824	1001	133	0	66	67
tlm_multiply_gcd_forward_apply	6075824	6075825	1	0	0	0	0
tlm_multiply_gcd_forward_codec	6075825	6075828	3	0	0	0	0
tlm_multiply_gcd_forward_shift	6075828	6076094	266	65	0	0	2
tlm_multiply_gcd_forward_compare	6076094	6076971	877	115	0	48	49
tlm_multiply_gcd_forward_body	6076971	6077957	986	131	0	65	66
tlm_multiply_gcd_forward_apply	6077957	6077958	1	0	0	0	0
tlm_multiply_gcd_forward_codec	6077958	6077961	3	0	0	0	0
tlm_multiply_gcd_forward_shift	6077961	6078223	262	64	0	0	2
tlm_multiply_gcd_forward_compare	6078223	6079125	902	116	0	50	51
tlm_multiply_gcd_forward_body	6079125	6080096	971	129	0	64	65
tlm_multiply_gcd_forward_apply	6080096	6080097	1	0	0	0	0
tlm_multiply_gcd_forward_codec	6080097	6080264	167	16	0	4	7
tlm_multiply_gcd_forward_shift	6080264	6080522	258	63	0	0	2
tlm_multiply_gcd_forward_compare	6080522	6081407	885	114	0	49	50
tlm_multiply_gcd_forward_body	6081407	6082363	956	127	0	63	64
tlm_multiply_gcd_forward_apply	6082363	6082364	1	0	0	0	0
tlm_multiply_gcd_forward_codec	6082364	6082367	3	0	0	0	0
tlm_multiply_gcd_forward_shift	6082367	6082621	254	62	0	0	2
tlm_multiply_gcd_forward_compare	6082621	6083531	910	115	0	51	52
tlm_multiply_gcd_forward_body	6083531	6084472	941	125	0	62	63
tlm_multiply_gcd_forward_apply	6084472	6084473	1	0	0	0	0
tlm_multiply_gcd_forward_codec	6084473	6084476	3	0	0	0	0
tlm_multiply_gcd_forward_shift	6084476	6084728	252	62	0	0	0
tlm_multiply_gcd_forward_compare	6084728	6085652	924	116	0	52	53
tlm_multiply_gcd_forward_body	6085652	6086593	941	125	0	62	63
tlm_multiply_gcd_forward_apply	6086593	6086594	1	0	0	0	0
tlm_multiply_gcd_forward_codec	6086594	6086761	167	16	0	4	7
tlm_multiply_gcd_forward_shift	6086761	6087011	250	61	0	0	2
tlm_multiply_gcd_forward_compare	6087011	6087918	907	114	0	51	52
tlm_multiply_gcd_forward_body	6087918	6088844	926	123	0	61	62
tlm_multiply_gcd_forward_apply	6088844	6088845	1	0	0	0	0
tlm_multiply_gcd_forward_codec	6088845	6088848	3	0	0	0	0
tlm_multiply_gcd_forward_shift	6088848	6089092	244	59	0	0	4
tlm_multiply_gcd_forward_compare	6089092	6090007	915	113	0	52	53
tlm_multiply_gcd_forward_body	6090007	6090903	896	119	0	59	60
tlm_multiply_gcd_forward_apply	6090903	6090904	1	0	0	0	0
tlm_multiply_gcd_forward_codec	6090904	6090907	3	0	0	0	0
tlm_multiply_gcd_forward_shift	6090907	6091145	238	58	0	0	2
tlm_multiply_gcd_forward_compare	6091145	6092043	898	111	0	51	52
tlm_multiply_gcd_forward_body	6092043	6092924	881	117	0	58	59
tlm_multiply_gcd_forward_apply	6092924	6092925	1	0	0	0	0
tlm_multiply_gcd_forward_codec	6092925	6093092	167	16	0	4	7
tlm_multiply_gcd_forward_shift	6093092	6093326	234	57	0	0	2
tlm_multiply_gcd_forward_compare	6093326	6094235	909	111	0	52	53
tlm_multiply_gcd_forward_body	6094235	6095101	866	115	0	57	58
tlm_multiply_gcd_forward_apply	6095101	6095102	1	0	0	0	0
tlm_multiply_gcd_forward_codec	6095102	6095105	3	0	0	0	0
tlm_multiply_gcd_forward_shift	6095105	6095335	230	56	0	0	2
tlm_multiply_gcd_forward_compare	6095335	6096241	906	110	0	52	53
tlm_multiply_gcd_forward_body	6096241	6097092	851	113	0	56	57
tlm_multiply_gcd_forward_apply	6097092	6097093	1	0	0	0	0
tlm_multiply_gcd_forward_codec	6097093	6097096	3	0	0	0	0
tlm_multiply_gcd_forward_shift	6097096	6097322	226	55	0	0	2
tlm_multiply_gcd_forward_compare	6097322	6098225	903	109	0	52	53
tlm_multiply_gcd_forward_body	6098225	6099061	836	111	0	55	56
tlm_multiply_gcd_forward_apply	6099061	6099062	1	0	0	0	0
tlm_multiply_gcd_forward_codec	6099062	6099229	167	16	0	4	7
tlm_multiply_gcd_forward_shift	6099229	6099453	224	55	0	0	0
tlm_multiply_gcd_forward_compare	6099453	6100370	917	110	0	53	54
tlm_multiply_gcd_forward_body	6100370	6101206	836	111	0	55	56
tlm_multiply_gcd_forward_apply	6101206	6101207	1	0	0	0	0
tlm_multiply_gcd_forward_codec	6101207	6101210	3	0	0	0	0
tlm_multiply_gcd_forward_shift	6101210	6101430	220	53	0	0	4
tlm_multiply_gcd_forward_compare	6101430	6102327	897	107	0	52	53
tlm_multiply_gcd_forward_body	6102327	6103133	806	107	0	53	54
tlm_multiply_gcd_forward_apply	6103133	6103134	1	0	0	0	0
tlm_multiply_gcd_forward_codec	6103134	6103137	3	0	0	0	0
tlm_multiply_gcd_forward_shift	6103137	6103351	214	52	0	0	2
tlm_multiply_gcd_forward_compare	6103351	6104245	894	106	0	52	53
tlm_multiply_gcd_forward_body	6104245	6105036	791	105	0	52	53
tlm_multiply_gcd_forward_apply	6105036	6105037	1	0	0	0	0
tlm_multiply_gcd_forward_codec	6105037	6105204	167	16	0	4	7
tlm_multiply_gcd_forward_shift	6105204	6105414	210	51	0	0	2
tlm_multiply_gcd_forward_compare	6105414	6106291	877	104	0	51	52
tlm_multiply_gcd_forward_body	6106291	6107067	776	103	0	51	52
tlm_multiply_gcd_forward_apply	6107067	6107068	1	0	0	0	0
tlm_multiply_gcd_forward_codec	6107068	6107071	3	0	0	0	0
tlm_multiply_gcd_forward_shift	6107071	6107277	206	50	0	0	2
tlm_multiply_gcd_forward_compare	6107277	6108137	860	102	0	50	51
tlm_multiply_gcd_forward_body	6108137	6108898	761	101	0	50	51
tlm_multiply_gcd_forward_apply	6108898	6108899	1	0	0	0	0
tlm_multiply_gcd_forward_codec	6108899	6108902	3	0	0	0	0
tlm_multiply_gcd_forward_shift	6108902	6109104	202	49	0	0	2
tlm_multiply_gcd_forward_compare	6109104	6109947	843	100	0	49	50
tlm_multiply_gcd_forward_body	6109947	6110693	746	99	0	49	50
tlm_multiply_gcd_forward_apply	6110693	6110694	1	0	0	0	0
tlm_multiply_gcd_forward_codec	6110694	6110861	167	16	0	4	7
tlm_multiply_gcd_forward_shift	6110861	6111059	198	48	0	0	2
tlm_multiply_gcd_forward_compare	6111059	6111885	826	98	0	48	49
tlm_multiply_gcd_forward_body	6111885	6112616	731	97	0	48	49
tlm_multiply_gcd_forward_apply	6112616	6112617	1	0	0	0	0
tlm_multiply_gcd_forward_codec	6112617	6112620	3	0	0	0	0
tlm_multiply_gcd_forward_shift	6112620	6112814	194	47	0	0	2
tlm_multiply_gcd_forward_compare	6112814	6113623	809	96	0	47	48
tlm_multiply_gcd_forward_body	6113623	6114339	716	95	0	47	48
tlm_multiply_gcd_forward_apply	6114339	6114340	1	0	0	0	0
tlm_multiply_gcd_forward_codec	6114340	6114343	3	0	0	0	0
tlm_multiply_gcd_forward_shift	6114343	6114533	190	46	0	0	2
tlm_multiply_gcd_forward_compare	6114533	6115325	792	94	0	46	47
tlm_multiply_gcd_forward_body	6115325	6116026	701	93	0	46	47
tlm_multiply_gcd_forward_apply	6116026	6116027	1	0	0	0	0
tlm_multiply_gcd_forward_codec	6116027	6116194	167	16	0	4	7
tlm_multiply_gcd_forward_shift	6116194	6116380	186	45	0	0	2
tlm_multiply_gcd_forward_compare	6116380	6117155	775	92	0	45	46
tlm_multiply_gcd_forward_body	6117155	6117841	686	91	0	45	46
tlm_multiply_gcd_forward_apply	6117841	6117842	1	0	0	0	0
tlm_multiply_gcd_forward_codec	6117842	6117845	3	0	0	0	0
tlm_multiply_gcd_forward_shift	6117845	6118027	182	44	0	0	2
tlm_multiply_gcd_forward_compare	6118027	6118785	758	90	0	44	45
tlm_multiply_gcd_forward_body	6118785	6119456	671	89	0	44	45
tlm_multiply_gcd_forward_apply	6119456	6119457	1	0	0	0	0
tlm_multiply_gcd_forward_codec	6119457	6119460	3	0	0	0	0
tlm_multiply_gcd_forward_shift	6119460	6119638	178	43	0	0	2
tlm_multiply_gcd_forward_compare	6119638	6120393	755	89	0	44	45
tlm_multiply_gcd_forward_body	6120393	6121049	656	87	0	43	44
tlm_multiply_gcd_forward_apply	6121049	6121050	1	0	0	0	0
tlm_multiply_gcd_forward_codec	6121050	6121217	167	16	0	4	7
tlm_multiply_gcd_forward_shift	6121217	6121391	174	42	0	0	2
tlm_multiply_gcd_forward_compare	6121391	6122129	738	87	0	43	44
tlm_multiply_gcd_forward_body	6122129	6122770	641	85	0	42	43
tlm_multiply_gcd_forward_apply	6122770	6122771	1	0	0	0	0
tlm_multiply_gcd_forward_codec	6122771	6122774	3	0	0	0	0
tlm_multiply_gcd_forward_shift	6122774	6122944	170	41	0	0	2
tlm_multiply_gcd_forward_compare	6122944	6123665	721	85	0	42	43
tlm_multiply_gcd_forward_body	6123665	6124291	626	83	0	41	42
tlm_multiply_gcd_forward_apply	6124291	6124292	1	0	0	0	0
tlm_multiply_gcd_forward_codec	6124292	6124295	3	0	0	0	0
tlm_multiply_gcd_forward_shift	6124295	6124461	166	40	0	0	2
tlm_multiply_gcd_forward_compare	6124461	6125165	704	83	0	41	42
tlm_multiply_gcd_forward_body	6125165	6125776	611	81	0	40	41
tlm_multiply_gcd_forward_apply	6125776	6125777	1	0	0	0	0
tlm_multiply_gcd_forward_codec	6125777	6125944	167	16	0	4	7
tlm_multiply_gcd_forward_shift	6125944	6126106	162	39	0	0	2
tlm_multiply_gcd_forward_compare	6126106	6126793	687	81	0	40	41
tlm_multiply_gcd_forward_body	6126793	6127389	596	79	0	39	40
tlm_multiply_gcd_forward_apply	6127389	6127390	1	0	0	0	0
tlm_multiply_gcd_forward_codec	6127390	6127393	3	0	0	0	0
tlm_multiply_gcd_forward_shift	6127393	6127551	158	38	0	0	2
tlm_multiply_gcd_forward_compare	6127551	6128221	670	79	0	39	40
tlm_multiply_gcd_forward_body	6128221	6128802	581	77	0	38	39
tlm_multiply_gcd_forward_apply	6128802	6128803	1	0	0	0	0
tlm_multiply_gcd_forward_codec	6128803	6128806	3	0	0	0	0
tlm_multiply_gcd_forward_shift	6128806	6128960	154	37	0	0	2
tlm_multiply_gcd_forward_compare	6128960	6129613	653	77	0	38	39
tlm_multiply_gcd_forward_body	6129613	6130179	566	75	0	37	38
tlm_multiply_gcd_forward_apply	6130179	6130180	1	0	0	0	0
tlm_multiply_gcd_forward_codec	6130180	6130347	167	16	0	4	7
tlm_multiply_gcd_forward_shift	6130347	6130497	150	36	0	0	2
tlm_multiply_gcd_forward_compare	6130497	6131133	636	75	0	37	38
tlm_multiply_gcd_forward_body	6131133	6131684	551	73	0	36	37
tlm_multiply_gcd_forward_apply	6131684	6131685	1	0	0	0	0
tlm_multiply_gcd_forward_codec	6131685	6131688	3	0	0	0	0
tlm_multiply_gcd_forward_shift	6131688	6131834	146	35	0	0	2
tlm_multiply_gcd_forward_compare	6131834	6132453	619	73	0	36	37
tlm_multiply_gcd_forward_body	6132453	6132989	536	71	0	35	36
tlm_multiply_gcd_forward_apply	6132989	6132990	1	0	0	0	0
tlm_multiply_gcd_forward_codec	6132990	6132993	3	0	0	0	0
tlm_multiply_gcd_forward_shift	6132993	6133135	142	34	0	0	2
tlm_multiply_gcd_forward_compare	6133135	6133737	602	71	0	35	36
tlm_multiply_gcd_forward_body	6133737	6134258	521	69	0	34	35
tlm_multiply_gcd_forward_apply	6134258	6134259	1	0	0	0	0
tlm_multiply_gcd_forward_codec	6134259	6134426	167	16	0	4	7
tlm_multiply_gcd_forward_shift	6134426	6134564	138	33	0	0	2
tlm_multiply_gcd_forward_compare	6134564	6135149	585	69	0	34	35
tlm_multiply_gcd_forward_body	6135149	6135655	506	67	0	33	34
tlm_multiply_gcd_forward_apply	6135655	6135656	1	0	0	0	0
tlm_multiply_gcd_forward_codec	6135656	6135659	3	0	0	0	0
tlm_multiply_gcd_forward_shift	6135659	6135793	134	32	0	0	2
tlm_multiply_gcd_forward_compare	6135793	6136361	568	67	0	33	34
tlm_multiply_gcd_forward_body	6136361	6136852	491	65	0	32	33
tlm_multiply_gcd_forward_apply	6136852	6136853	1	0	0	0	0
tlm_multiply_gcd_forward_codec	6136853	6136856	3	0	0	0	0
tlm_multiply_gcd_forward_shift	6136856	6136986	130	31	0	0	2
tlm_multiply_gcd_forward_compare	6136986	6137537	551	65	0	32	33
tlm_multiply_gcd_forward_body	6137537	6138013	476	63	0	31	32
tlm_multiply_gcd_forward_apply	6138013	6138014	1	0	0	0	0
tlm_multiply_gcd_forward_codec	6138014	6138181	167	16	0	4	7
tlm_multiply_gcd_forward_shift	6138181	6138307	126	30	0	0	2
tlm_multiply_gcd_forward_compare	6138307	6138841	534	63	0	31	32
tlm_multiply_gcd_forward_body	6138841	6139302	461	61	0	30	31
tlm_multiply_gcd_forward_apply	6139302	6139303	1	0	0	0	0
tlm_multiply_gcd_forward_codec	6139303	6139306	3	0	0	0	0
tlm_multiply_gcd_forward_shift	6139306	6139428	122	29	0	0	2
tlm_multiply_gcd_forward_compare	6139428	6139945	517	61	0	30	31
tlm_multiply_gcd_forward_body	6139945	6140391	446	59	0	29	30
tlm_multiply_gcd_forward_apply	6140391	6140392	1	0	0	0	0
tlm_multiply_gcd_forward_codec	6140392	6140395	3	0	0	0	0
tlm_multiply_gcd_forward_shift	6140395	6140513	118	28	0	0	2
tlm_multiply_gcd_forward_compare	6140513	6141013	500	59	0	29	30
tlm_multiply_gcd_forward_body	6141013	6141444	431	57	0	28	29
tlm_multiply_gcd_forward_apply	6141444	6141445	1	0	0	0	0
tlm_multiply_gcd_forward_codec	6141445	6141612	167	16	0	4	7
tlm_multiply_gcd_forward_shift	6141612	6141726	114	27	0	0	2
tlm_multiply_gcd_forward_compare	6141726	6142209	483	57	0	28	29
tlm_multiply_gcd_forward_body	6142209	6142625	416	55	0	27	28
tlm_multiply_gcd_forward_apply	6142625	6142626	1	0	0	0	0
tlm_multiply_gcd_forward_codec	6142626	6142629	3	0	0	0	0
tlm_multiply_gcd_forward_shift	6142629	6142739	110	26	0	0	2
tlm_multiply_gcd_forward_compare	6142739	6143205	466	55	0	27	28
tlm_multiply_gcd_forward_body	6143205	6143606	401	53	0	26	27
tlm_multiply_gcd_forward_apply	6143606	6143607	1	0	0	0	0
tlm_multiply_gcd_forward_codec	6143607	6143610	3	0	0	0	0
tlm_multiply_gcd_forward_shift	6143610	6143716	106	25	0	0	2
tlm_multiply_gcd_forward_compare	6143716	6144165	449	53	0	26	27
tlm_multiply_gcd_forward_body	6144165	6144551	386	51	0	25	26
tlm_multiply_gcd_forward_apply	6144551	6144552	1	0	0	0	0
tlm_multiply_gcd_forward_codec	6144552	6144719	167	16	0	4	7
tlm_multiply_gcd_forward_shift	6144719	6144819	100	23	0	0	4
tlm_multiply_gcd_forward_compare	6144819	6145248	429	50	0	25	26
tlm_multiply_gcd_forward_body	6145248	6145604	356	47	0	23	24
tlm_multiply_gcd_forward_apply	6145604	6145605	1	0	0	0	0
tlm_multiply_gcd_forward_codec	6145605	6145608	3	0	0	0	0
tlm_multiply_gcd_forward_shift	6145608	6145702	94	22	0	0	2
tlm_multiply_gcd_forward_compare	6145702	6146114	412	48	0	24	25
tlm_multiply_gcd_forward_body	6146114	6146455	341	45	0	22	23
tlm_multiply_gcd_forward_apply	6146455	6146456	1	0	0	0	0
tlm_multiply_gcd_forward_codec	6146456	6146459	3	0	0	0	0
tlm_multiply_gcd_forward_shift	6146459	6146549	90	21	0	0	2
tlm_multiply_gcd_forward_compare	6146549	6146944	395	46	0	23	24
tlm_multiply_gcd_forward_body	6146944	6147270	326	43	0	21	22
tlm_multiply_gcd_forward_apply	6147270	6147271	1	0	0	0	0
tlm_multiply_gcd_forward_codec	6147271	6147438	167	16	0	4	7
tlm_multiply_gcd_forward_shift	6147438	6147524	86	20	0	0	2
tlm_multiply_gcd_forward_compare	6147524	6147902	378	44	0	22	23
tlm_multiply_gcd_forward_body	6147902	6148213	311	41	0	20	21
tlm_multiply_gcd_forward_apply	6148213	6148214	1	0	0	0	0
tlm_multiply_gcd_forward_codec	6148214	6148217	3	0	0	0	0
tlm_multiply_gcd_forward_shift	6148217	6148299	82	19	0	0	2
tlm_multiply_gcd_forward_compare	6148299	6148660	361	42	0	21	22
tlm_multiply_gcd_forward_body	6148660	6148956	296	39	0	19	20
tlm_multiply_gcd_forward_apply	6148956	6148957	1	0	0	0	0
tlm_multiply_gcd_forward_codec	6148957	6148960	3	0	0	0	0
tlm_multiply_gcd_forward_shift	6148960	6149036	76	17	0	0	4
tlm_multiply_gcd_forward_compare	6149036	6149363	327	38	0	19	20
tlm_multiply_gcd_forward_body	6149363	6149629	266	35	0	17	18
tlm_multiply_gcd_forward_apply	6149629	6149630	1	0	0	0	0
tlm_multiply_gcd_forward_codec	6149630	6149797	167	16	0	4	7
tlm_multiply_gcd_forward_shift	6149797	6149869	72	17	0	0	0
tlm_multiply_gcd_forward_compare	6149869	6150196	327	38	0	19	20
tlm_multiply_gcd_forward_body	6150196	6150462	266	35	0	17	18
tlm_multiply_gcd_forward_apply	6150462	6150463	1	0	0	0	0
tlm_multiply_gcd_forward_codec	6150463	6150466	3	0	0	0	0
tlm_multiply_gcd_forward_shift	6150466	6150538	72	17	0	0	0
tlm_multiply_gcd_forward_compare	6150538	6150865	327	38	0	19	20
tlm_multiply_gcd_forward_body	6150865	6151131	266	35	0	17	18
tlm_multiply_gcd_forward_apply	6151131	6151132	1	0	0	0	0
tlm_multiply_gcd_forward_codec	6151132	6151135	3	0	0	0	0
tlm_multiply_gcd_forward_shift	6151135	6151205	70	16	0	0	2
tlm_multiply_gcd_forward_compare	6151205	6151515	310	36	0	18	19
tlm_multiply_gcd_forward_body	6151515	6151766	251	33	0	16	17
tlm_multiply_gcd_forward_apply	6151766	6151767	1	0	0	0	0
tlm_multiply_gcd_forward_codec	6151767	6151934	167	16	0	4	7
tlm_multiply_gcd_forward_shift	6151934	6152000	66	15	0	0	2
tlm_multiply_gcd_forward_compare	6152000	6152293	293	34	0	17	18
tlm_multiply_gcd_forward_body	6152293	6152529	236	31	0	15	16
tlm_multiply_gcd_forward_apply	6152529	6152530	1	0	0	0	0
tlm_multiply_gcd_forward_codec	6152530	6152533	3	0	0	0	0
tlm_multiply_gcd_forward_shift	6152533	6152595	62	14	0	0	2
tlm_multiply_gcd_forward_compare	6152595	6152871	276	32	0	16	17
tlm_multiply_gcd_forward_body	6152871	6153092	221	29	0	14	15
tlm_multiply_gcd_forward_apply	6153092	6153093	1	0	0	0	0
tlm_multiply_gcd_forward_codec	6153093	6153096	3	0	0	0	0
tlm_multiply_gcd_forward_shift	6153096	6153154	58	13	0	0	2
tlm_multiply_gcd_forward_compare	6153154	6153413	259	30	0	15	16
tlm_multiply_gcd_forward_body	6153413	6153619	206	27	0	13	14
tlm_multiply_gcd_forward_apply	6153619	6153620	1	0	0	0	0
tlm_multiply_gcd_forward_codec	6153620	6153787	167	16	0	4	7
tlm_multiply_gcd_forward_shift	6153787	6153843	56	13	0	0	0
tlm_multiply_gcd_forward_compare	6153843	6154102	259	30	0	15	16
tlm_multiply_gcd_forward_body	6154102	6154308	206	27	0	13	14
tlm_multiply_gcd_forward_apply	6154308	6154309	1	0	0	0	0
tlm_multiply_gcd_forward_codec	6154309	6154312	3	0	0	0	0
tlm_multiply_gcd_forward_shift	6154312	6154366	54	12	0	0	2
tlm_multiply_gcd_forward_compare	6154366	6154608	242	28	0	14	15
tlm_multiply_gcd_forward_body	6154608	6154799	191	25	0	12	13
tlm_multiply_gcd_forward_apply	6154799	6154800	1	0	0	0	0
tlm_multiply_gcd_forward_codec	6154800	6154803	3	0	0	0	0
tlm_multiply_gcd_forward_shift	6154803	6154855	52	12	0	0	0
tlm_multiply_gcd_forward_compare	6154855	6155097	242	28	0	14	15
tlm_multiply_gcd_forward_body	6155097	6155288	191	25	0	12	13
tlm_multiply_gcd_forward_apply	6155288	6155289	1	0	0	0	0
tlm_multiply_gcd_forward_codec	6155289	6155456	167	16	0	4	7
tlm_multiply_gcd_forward_shift	6155456	6155508	52	12	0	0	0
tlm_multiply_gcd_forward_compare	6155508	6155750	242	28	0	14	15
tlm_multiply_gcd_forward_body	6155750	6155941	191	25	0	12	13
tlm_multiply_gcd_forward_apply	6155941	6155942	1	0	0	0	0
tlm_multiply_gcd_forward_codec	6155942	6155945	3	0	0	0	0
tlm_multiply_gcd_forward_shift	6155945	6155993	48	10	0	0	4
tlm_multiply_gcd_forward_compare	6155993	6156201	208	24	0	12	13
tlm_multiply_gcd_forward_body	6156201	6156362	161	21	0	10	11
tlm_multiply_gcd_forward_apply	6156362	6156363	1	0	0	0	0
tlm_multiply_gcd_forward_codec	6156363	6156366	3	0	0	0	0
tlm_multiply_gcd_forward_shift	6156366	6156410	44	10	0	0	0
tlm_multiply_gcd_forward_compare	6156410	6156618	208	24	0	12	13
tlm_multiply_gcd_forward_body	6156618	6156779	161	21	0	10	11
tlm_multiply_gcd_forward_apply	6156779	6156780	1	0	0	0	0
tlm_multiply_gcd_forward_codec	6156780	6156947	167	16	0	4	7
tlm_multiply_gcd_forward_shift	6156947	6156987	40	8	0	0	4
tlm_multiply_gcd_forward_compare	6156987	6157161	174	20	0	10	11
tlm_multiply_gcd_forward_body	6157161	6157292	131	17	0	8	9
tlm_multiply_gcd_forward_apply	6157292	6157293	1	0	0	0	0
tlm_multiply_gcd_forward_codec	6157293	6157296	3	0	0	0	0
tlm_multiply_gcd_forward_shift	6157296	6157330	34	7	0	0	2
tlm_multiply_gcd_forward_compare	6157330	6157487	157	18	0	9	10
tlm_multiply_gcd_forward_body	6157487	6157603	116	15	0	7	8
tlm_multiply_gcd_forward_apply	6157603	6157604	1	0	0	0	0
tlm_multiply_gcd_forward_codec	6157604	6157607	3	0	0	0	0
tlm_multiply_gcd_forward_shift	6157607	6157639	32	7	0	0	0
tlm_multiply_gcd_forward_compare	6157639	6157796	157	18	0	9	10
tlm_multiply_gcd_forward_body	6157796	6157912	116	15	0	7	8
tlm_multiply_gcd_forward_apply	6157912	6157913	1	0	0	0	0
tlm_multiply_gcd_forward_codec	6157913	6158080	167	16	0	4	7
tlm_gcd_step_end	6158080	6158359	279	0	0	0	21
tlm_multiply_gcd_reverse_decode	6158359	6158524	165	17	0	3	8
tlm_multiply_gcd_reverse_apply	6158524	6158525	1	0	0	0	0
tlm_apply_forward_fold	6158525	6159700	1175	91	6	91	92
tlm_multiply_gcd_reverse_body	6159700	6159988	288	39	0	17	18
tlm_multiply_gcd_reverse_decode	6159988	6159994	6	0	0	0	3
tlm_multiply_gcd_reverse_apply	6159994	6159995	1	0	0	0	0
tlm_apply_forward_mod_add_register	6159995	6164250	4255	769	15	240	242
tlm_apply_forward_mod_add_fold	6164250	6165157	907	88	8	88	88
tlm_apply_forward_mod_add_clean	6165157	6165418	261	22	0	17	19
tlm_apply_forward_fold	6165418	6167571	2153	399	0	65	109
tlm_multiply_gcd_reverse_body	6167571	6167859	288	39	0	17	18
tlm_multiply_gcd_reverse_decode	6167859	6167865	6	0	0	0	3
tlm_multiply_gcd_reverse_apply	6167865	6167866	1	0	0	0	0
tlm_apply_forward_mod_add_register	6167866	6172445	4579	769	16	272	274
tlm_apply_forward_mod_add_fold	6172445	6173338	893	87	7	87	87
tlm_apply_forward_mod_add_clean	6173338	6173605	267	21	0	18	20
tlm_apply_forward_fold	6173605	6175748	2143	397	0	65	108
tlm_multiply_gcd_reverse_body	6175748	6176070	322	44	0	19	20
tlm_multiply_gcd_reverse_decode	6176070	6176235	165	17	0	3	8
tlm_multiply_gcd_reverse_apply	6176235	6176236	1	0	0	0	0
tlm_apply_forward_mod_add_register	6176236	6179903	3667	769	13	182	184
tlm_apply_forward_mod_add_fold	6179903	6180818	915	91	6	91	91
tlm_apply_forward_mod_add_clean	6180818	6181067	249	24	0	15	17
tlm_apply_forward_swap	6181067	6181835	768	256	0	0	0
tlm_apply_forward_fold	6181835	6184018	2183	404	0	66	112
tlm_multiply_gcd_reverse_body	6184018	6184408	390	54	0	23	24
tlm_multiply_gcd_reverse_decode	6184408	6184414	6	0	0	0	3
tlm_multiply_gcd_reverse_apply	6184414	6184415	1	0	0	0	0
tlm_apply_forward_mod_add_register	6184415	6188994	4579	769	16	272	274
tlm_apply_forward_mod_add_fold	6188994	6189887	893	87	7	87	87
tlm_apply_forward_mod_add_clean	6189887	6190154	267	21	0	18	20
tlm_apply_forward_swap	6190154	6190922	768	256	0	0	0
tlm_apply_forward_fold	6190922	6193065	2143	397	0	65	108
tlm_multiply_gcd_reverse_body	6193065	6193455	390	54	0	23	24
tlm_multiply_gcd_reverse_decode	6193455	6193461	6	0	0	0	3
tlm_multiply_gcd_reverse_apply	6193461	6193462	1	0	0	0	0
tlm_apply_forward_mod_add_register	6193462	6197717	4255	769	15	240	242
tlm_apply_forward_mod_add_fold	6197717	6198624	907	88	8	88	88
tlm_apply_forward_mod_add_clean	6198624	6198885	261	22	0	17	19
tlm_apply_forward_swap	6198885	6199653	768	256	0	0	0
tlm_apply_forward_fold	6199653	6201806	2153	399	0	65	109
tlm_multiply_gcd_reverse_body	6201806	6202264	458	64	0	27	28
tlm_multiply_gcd_reverse_decode	6202264	6202429	165	17	0	3	8
tlm_multiply_gcd_reverse_apply	6202429	6202430	1	0	0	0	0
tlm_apply_forward_mod_add_register	6202430	6207009	4579	769	16	272	274
tlm_apply_forward_mod_add_fold	6207009	6207902	893	87	7	87	87
tlm_apply_forward_mod_add_clean	6207902	6208169	267	21	0	18	20
tlm_apply_forward_swap	6208169	6208937	768	256	0	0	0
tlm_apply_forward_fold	6208937	6211080	2143	397	0	65	108
tlm_multiply_gcd_reverse_body	6211080	6211538	458	64	0	27	28
tlm_multiply_gcd_reverse_decode	6211538	6211544	6	0	0	0	3
tlm_multiply_gcd_reverse_apply	6211544	6211545	1	0	0	0	0
tlm_apply_forward_mod_add_register	6211545	6217216	5671	769	19	380	382
tlm_apply_forward_mod_add_fold	6217216	6218089	873	85	6	85	85
tlm_apply_forward_mod_add_clean	6218089	6218368	279	19	0	20	22
tlm_apply_forward_swap	6218368	6219136	768	256	0	0	0
tlm_apply_forward_fold	6219136	6221486	2350	349	0	95	129
tlm_multiply_gcd_reverse_body	6221486	6221944	458	64	0	27	28
tlm_multiply_gcd_reverse_decode	6221944	6221950	6	0	0	0	3
tlm_multiply_gcd_reverse_apply	6221950	6221951	1	0	0	0	0
tlm_apply_forward_mod_add_register	6221951	6228026	6075	769	20	420	422
tlm_apply_forward_mod_add_fold	6228026	6228899	873	85	6	85	85
tlm_apply_forward_mod_add_clean	6228899	6229178	279	19	0	20	22
tlm_apply_forward_swap	6229178	6229946	768	256	0	0	0
tlm_apply_forward_fold	6229946	6232296	2350	349	0	95	129
tlm_multiply_gcd_reverse_body	6232296	6232788	492	69	0	29	30
tlm_multiply_gcd_reverse_decode	6232788	6232953	165	17	0	3	8
tlm_multiply_gcd_reverse_apply	6232953	6232954	1	0	0	0	0
tlm_apply_forward_mod_add_register	6232954	6239453	6499	769	21	462	464
tlm_apply_forward_mod_add_fold	6239453	6240290	837	82	5	82	82
tlm_apply_forward_mod_add_clean	6240290	6240569	279	19	0	20	22
tlm_apply_forward_swap	6240569	6241337	768	256	0	0	0
tlm_apply_forward_fold	6241337	6243687	2350	349	0	95	129
tlm_multiply_gcd_reverse_body	6243687	6244179	492	69	0	29	30
tlm_multiply_gcd_reverse_decode	6244179	6244185	6	0	0	0	3
tlm_multiply_gcd_reverse_apply	6244185	6244186	1	0	0	0	0
tlm_apply_forward_mod_add_register	6244186	6251129	6943	769	22	506	508
tlm_apply_forward_mod_add_fold	6251129	6251966	837	82	5	82	82
tlm_apply_forward_mod_add_clean	6251966	6252245	279	19	0	20	22
tlm_apply_forward_swap	6252245	6253013	768	256	0	0	0
tlm_apply_forward_fold	6253013	6255363	2350	349	0	95	129
tlm_multiply_gcd_reverse_body	6255363	6255889	526	74	0	31	32
tlm_multiply_gcd_reverse_decode	6255889	6255895	6	0	0	0	3
tlm_multiply_gcd_reverse_apply	6255895	6255896	1	0	0	0	0
tlm_apply_forward_mod_add_register	6255896	6262869	6973	767	18	511	513
tlm_apply_forward_mod_add_fold	6262869	6263704	835	82	5	82	82
tlm_apply_forward_mod_add_clean	6263704	6263983	279	19	0	20	22
tlm_apply_forward_swap	6263983	6264751	768	256	0	0	0
tlm_apply_forward_fold	6264751	6267101	2350	349	0	95	129
tlm_multiply_gcd_reverse_body	6267101	6267661	560	79	0	33	34
tlm_multiply_gcd_reverse_decode	6267661	6267826	165	17	0	3	8
tlm_multiply_gcd_reverse_apply	6267826	6267827	1	0	0	0	0
tlm_apply_forward_mod_add_register	6267827	6274770	6943	769	22	506	508
tlm_apply_forward_mod_add_fold	6274770	6275607	837	82	5	82	82
tlm_apply_forward_mod_add_clean	6275607	6275886	279	19	0	20	22
tlm_apply_forward_swap	6275886	6276654	768	256	0	0	0
tlm_apply_forward_fold	6276654	6279004	2350	349	0	95	129
tlm_multiply_gcd_reverse_body	6279004	6279598	594	84	0	35	36
tlm_multiply_gcd_reverse_decode	6279598	6279604	6	0	0	0	3
tlm_multiply_gcd_reverse_apply	6279604	6279605	1	0	0	0	0
tlm_apply_forward_mod_add_register	6279605	6286578	6973	767	18	511	513
tlm_apply_forward_mod_add_fold	6286578	6287413	835	82	5	82	82
tlm_apply_forward_mod_add_clean	6287413	6287692	279	19	0	20	22
tlm_apply_forward_swap	6287692	6288460	768	256	0	0	0
tlm_apply_forward_fold	6288460	6290810	2350	349	0	95	129
tlm_multiply_gcd_reverse_body	6290810	6291438	628	89	0	37	38
tlm_multiply_gcd_reverse_decode	6291438	6291444	6	0	0	0	3
tlm_multiply_gcd_reverse_apply	6291444	6291445	1	0	0	0	0
tlm_apply_forward_mod_add_register	6291445	6298275	6830	758	13	502	507
tlm_apply_forward_mod_add_fold	6298275	6299088	813	79	6	79	79
tlm_apply_forward_mod_add_clean	6299088	6299367	279	19	0	20	22
tlm_apply_forward_swap	6299367	6300135	768	256	0	0	0
tlm_apply_forward_fold	6300135	6302485	2350	349	0	95	129
tlm_multiply_gcd_reverse_body	6302485	6303113	628	89	0	37	38
tlm_multiply_gcd_reverse_decode	6303113	6303278	165	17	0	3	8
tlm_multiply_gcd_reverse_apply	6303278	6303279	1	0	0	0	0
tlm_apply_forward_mod_add_register	6303279	6310036	6757	753	12	497	503
tlm_apply_forward_mod_add_fold	6310036	6310823	787	77	5	77	77
tlm_apply_forward_mod_add_clean	6310823	6311102	279	19	0	20	22
tlm_apply_forward_swap	6311102	6311870	768	256	0	0	0
tlm_apply_forward_fold	6311870	6314220	2350	349	0	95	129
tlm_multiply_gcd_reverse_body	6314220	6314848	628	89	0	37	38
tlm_multiply_gcd_reverse_decode	6314848	6314854	6	0	0	0	3
tlm_multiply_gcd_reverse_apply	6314854	6314855	1	0	0	0	0
tlm_apply_forward_mod_add_register	6314855	6321685	6830	758	13	502	507
tlm_apply_forward_mod_add_fold	6321685	6322498	813	79	6	79	79
tlm_apply_forward_mod_add_clean	6322498	6322777	279	19	0	20	22
tlm_apply_forward_swap	6322777	6323545	768	256	0	0	0
tlm_apply_forward_fold	6323545	6325895	2350	349	0	95	129
tlm_multiply_gcd_reverse_body	6325895	6326591	696	99	0	41	42
tlm_multiply_gcd_reverse_decode	6326591	6326597	6	0	0	0	3
tlm_multiply_gcd_reverse_apply	6326597	6326598	1	0	0	0	0
tlm_apply_forward_mod_add_register	6326598	6333355	6757	753	12	497	503
tlm_apply_forward_mod_add_fold	6333355	6334142	787	77	5	77	77
tlm_apply_forward_mod_add_clean	6334142	6334421	279	19	0	20	22
tlm_apply_forward_swap	6334421	6335189	768	256	0	0	0
tlm_apply_forward_fold	6335189	6337539	2350	349	0	95	129
tlm_multiply_gcd_reverse_body	6337539	6338269	730	104	0	43	44
tlm_multiply_gcd_reverse_decode	6338269	6338434	165	17	0	3	8
tlm_multiply_gcd_reverse_apply	6338434	6338435	1	0	0	0	0
tlm_apply_forward_mod_add_register	6338435	6345265	6830	758	13	502	507
tlm_apply_forward_mod_add_fold	6345265	6346078	813	79	6	79	79
tlm_apply_forward_mod_add_clean	6346078	6346357	279	19	0	20	22
tlm_apply_forward_swap	6346357	6347125	768	256	0	0	0
tlm_apply_forward_fold	6347125	6349475	2350	349	0	95	129
tlm_multiply_gcd_reverse_body	6349475	6350239	764	109	0	45	46
tlm_multiply_gcd_reverse_decode	6350239	6350245	6	0	0	0	3
tlm_multiply_gcd_reverse_apply	6350245	6350246	1	0	0	0	0
tlm_apply_forward_mod_add_register	6350246	6357003	6757	753	12	497	503
tlm_apply_forward_mod_add_fold	6357003	6357790	787	77	5	77	77
tlm_apply_forward_mod_add_clean	6357790	6358069	279	19	0	20	22
tlm_apply_forward_swap	6358069	6358837	768	256	0	0	0
tlm_apply_forward_fold	6358837	6361187	2350	349	0	95	129
tlm_multiply_gcd_reverse_body	6361187	6361985	798	114	0	47	48
tlm_multiply_gcd_reverse_decode	6361985	6361991	6	0	0	0	3
tlm_multiply_gcd_reverse_apply	6361991	6361992	1	0	0	0	0
tlm_apply_forward_mod_add_register	6361992	6368666	6674	747	12	491	498
tlm_apply_forward_mod_add_fold	6368666	6369453	787	77	5	77	77
tlm_apply_forward_mod_add_clean	6369453	6369732	279	19	0	20	22
tlm_apply_forward_swap	6369732	6370500	768	256	0	0	0
tlm_apply_forward_fold	6370500	6372850	2350	349	0	95	129
tlm_multiply_gcd_reverse_body	6372850	6373682	832	119	0	49	50
tlm_multiply_gcd_reverse_decode	6373682	6373847	165	17	0	3	8
tlm_multiply_gcd_reverse_apply	6373847	6373848	1	0	0	0	0
tlm_apply_forward_mod_add_register	6373848	6380737	6889	762	14	506	510
tlm_apply_forward_mod_add_fold	6380737	6381548	811	79	6	79	79
tlm_apply_forward_mod_add_clean	6381548	6381827	279	19	0	20	22
tlm_apply_forward_swap	6381827	6382595	768	256	0	0	0
tlm_apply_forward_fold	6382595	6384945	2350	349	0	95	129
tlm_multiply_gcd_reverse_body	6384945	6385825	880	129	0	51	52
tlm_multiply_gcd_reverse_decode	6385825	6385831	6	0	0	0	3
tlm_multiply_gcd_reverse_apply	6385831	6385832	1	0	0	0	0
tlm_apply_forward_mod_add_register	6385832	6392662	6830	758	13	502	507
tlm_apply_forward_mod_add_fold	6392662	6393475	813	79	6	79	79
tlm_apply_forward_mod_add_clean	6393475	6393754	279	19	0	20	22
tlm_apply_forward_swap	6393754	6394522	768	256	0	0	0
tlm_apply_forward_fold	6394522	6396872	2350	349	0	95	129
tlm_multiply_gcd_reverse_body	6396872	6397786	914	134	0	53	54
tlm_multiply_gcd_reverse_decode	6397786	6397792	6	0	0	0	3
tlm_multiply_gcd_reverse_apply	6397792	6397793	1	0	0	0	0
tlm_apply_forward_mod_add_register	6397793	6404550	6757	753	12	497	503
tlm_apply_forward_mod_add_fold	6404550	6405337	787	77	5	77	77
tlm_apply_forward_mod_add_clean	6405337	6405616	279	19	0	20	22
tlm_apply_forward_swap	6405616	6406384	768	256	0	0	0
tlm_apply_forward_fold	6406384	6408734	2350	349	0	95	129
tlm_multiply_gcd_reverse_body	6408734	6409682	948	139	0	55	56
tlm_multiply_gcd_reverse_decode	6409682	6409847	165	17	0	3	8
tlm_multiply_gcd_reverse_apply	6409847	6409848	1	0	0	0	0
tlm_apply_forward_mod_add_register	6409848	6416678	6830	758	13	502	507
tlm_apply_forward_mod_add_fold	6416678	6417491	813	79	6	79	79
tlm_apply_forward_mod_add_clean	6417491	6417770	279	19	0	20	22
tlm_apply_forward_swap	6417770	6418538	768	256	0	0	0
tlm_apply_forward_fold	6418538	6420888	2350	349	0	95	129
tlm_multiply_gcd_reverse_body	6420888	6421858	970	146	0	55	56
tlm_multiply_gcd_reverse_decode	6421858	6421864	6	0	0	0	3
tlm_multiply_gcd_reverse_apply	6421864	6421865	1	0	0	0	0
tlm_apply_forward_mod_add_register	6421865	6428622	6757	753	12	497	503
tlm_apply_forward_mod_add_fold	6428622	6429409	787	77	5	77	77
tlm_apply_forward_mod_add_clean	6429409	6429688	279	19	0	20	22
tlm_apply_forward_swap	6429688	6430456	768	256	0	0	0
tlm_apply_forward_fold	6430456	6432806	2350	349	0	95	129
tlm_multiply_gcd_reverse_body	6432806	6433810	1004	151	0	57	58
tlm_multiply_gcd_reverse_decode	6433810	6433816	6	0	0	0	3
tlm_multiply_gcd_reverse_apply	6433816	6433817	1	0	0	0	0
tlm_apply_forward_mod_add_register	6433817	6440491	6674	747	12	491	498
tlm_apply_forward_mod_add_fold	6440491	6441278	787	77	5	77	77
tlm_apply_forward_mod_add_clean	6441278	6441557	279	19	0	20	22
tlm_apply_forward_swap	6441557	6442325	768	256	0	0	0
tlm_apply_forward_fold	6442325	6444675	2350	349	0	95	129
tlm_multiply_gcd_reverse_body	6444675	6445713	1038	156	0	59	60
tlm_multiply_gcd_reverse_decode	6445713	6445878	165	17	0	3	8
tlm_multiply_gcd_reverse_apply	6445878	6445879	1	0	0	0	0
tlm_apply_forward_mod_add_register	6445879	6452636	6757	753	12	497	503
tlm_apply_forward_mod_add_fold	6452636	6453423	787	77	5	77	77
tlm_apply_forward_mod_add_clean	6453423	6453702	279	19	0	20	22
tlm_apply_forward_swap	6453702	6454470	768	256	0	0	0
tlm_apply_forward_fold	6454470	6456820	2350	349	0	95	129
tlm_multiply_gcd_reverse_body	6456820	6457927	1107	166	1	62	64
tlm_multiply_gcd_reverse_decode	6457927	6457933	6	0	0	0	3
tlm_multiply_gcd_reverse_apply	6457933	6457934	1	0	0	0	0
tlm_apply_forward_mod_add_register	6457934	6464608	6674	747	12	491	498
tlm_apply_forward_mod_add_fold	6464608	6465395	787	77	5	77	77
tlm_apply_forward_mod_add_clean	6465395	6465674	279	19	0	20	22
tlm_apply_forward_swap	6465674	6466442	768	256	0	0	0
tlm_apply_forward_fold	6466442	6468792	2350	349	0	95	129
tlm_multiply_gcd_reverse_body	6468792	6469933	1141	171	1	64	66
tlm_multiply_gcd_reverse_decode	6469933	6469939	6	0	0	0	3
tlm_multiply_gcd_reverse_apply	6469939	6469940	1	0	0	0	0
tlm_apply_forward_mod_add_register	6469940	6476684	6744	753	15	496	497
tlm_apply_forward_mod_add_fold	6476684	6477471	787	77	5	77	77
tlm_apply_forward_mod_add_clean	6477471	6477750	279	19	0	20	22
tlm_apply_forward_swap	6477750	6478518	768	256	0	0	0
tlm_apply_forward_fold	6478518	6480868	2350	349	0	95	129
tlm_multiply_gcd_reverse_body	6480868	6482043	1175	176	1	66	68
tlm_multiply_gcd_reverse_decode	6482043	6482208	165	17	0	3	8
tlm_multiply_gcd_reverse_apply	6482208	6482209	1	0	0	0	0
tlm_apply_forward_mod_add_register	6482209	6488883	6674	747	12	491	498
tlm_apply_forward_mod_add_fold	6488883	6489670	787	77	5	77	77
tlm_apply_forward_mod_add_clean	6489670	6489949	279	19	0	20	22
tlm_apply_forward_swap	6489949	6490717	768	256	0	0	0
tlm_apply_forward_fold	6490717	6493067	2350	349	0	95	129
tlm_multiply_gcd_reverse_body	6493067	6494292	1225	185	1	68	70
tlm_multiply_gcd_reverse_decode	6494292	6494298	6	0	0	0	3
tlm_multiply_gcd_reverse_apply	6494298	6494299	1	0	0	0	0
tlm_apply_forward_mod_add_register	6494299	6501043	6744	753	15	496	497
tlm_apply_forward_mod_add_fold	6501043	6501830	787	77	5	77	77
tlm_apply_forward_mod_add_clean	6501830	6502109	279	19	0	20	22
tlm_apply_forward_swap	6502109	6502877	768	256	0	0	0
tlm_apply_forward_fold	6502877	6505227	2350	349	0	95	129
tlm_multiply_gcd_reverse_body	6505227	6506486	1259	190	1	70	72
tlm_multiply_gcd_reverse_decode	6506486	6506492	6	0	0	0	3
tlm_multiply_gcd_reverse_apply	6506492	6506493	1	0	0	0	0
tlm_apply_forward_mod_add_register	6506493	6513169	6676	749	12	492	493
tlm_apply_forward_mod_add_fold	6513169	6513920	751	74	4	74	74
tlm_apply_forward_mod_add_clean	6513920	6514199	279	19	0	20	22
tlm_apply_forward_swap	6514199	6514967	768	256	0	0	0
tlm_apply_forward_fold	6514967	6517317	2350	349	0	95	129
tlm_multiply_gcd_reverse_body	6517317	6518610	1293	195	1	72	74
tlm_multiply_gcd_reverse_decode	6518610	6518775	165	17	0	3	8
tlm_multiply_gcd_reverse_apply	6518775	6518776	1	0	0	0	0
tlm_apply_forward_mod_add_register	6518776	6525520	6744	753	15	496	497
tlm_apply_forward_mod_add_fold	6525520	6526307	787	77	5	77	77
tlm_apply_forward_mod_add_clean	6526307	6526586	279	19	0	20	22
tlm_apply_forward_swap	6526586	6527354	768	256	0	0	0
tlm_apply_forward_fold	6527354	6529704	2350	349	0	95	129
tlm_multiply_gcd_reverse_body	6529704	6531047	1343	204	1	74	76
tlm_multiply_gcd_reverse_decode	6531047	6531053	6	0	0	0	3
tlm_multiply_gcd_reverse_apply	6531053	6531054	1	0	0	0	0
tlm_apply_forward_mod_add_register	6531054	6537730	6676	749	12	492	493
tlm_apply_forward_mod_add_fold	6537730	6538481	751	74	4	74	74
tlm_apply_forward_mod_add_clean	6538481	6538760	279	19	0	20	22
tlm_apply_forward_swap	6538760	6539528	768	256	0	0	0
tlm_apply_forward_fold	6539528	6541878	2350	349	0	95	129
tlm_multiply_gcd_reverse_body	6541878	6543255	1377	209	1	76	78
tlm_multiply_gcd_reverse_decode	6543255	6543261	6	0	0	0	3
tlm_multiply_gcd_reverse_apply	6543261	6543262	1	0	0	0	0
tlm_apply_forward_mod_add_register	6543262	6549906	6644	747	11	490	491
tlm_apply_forward_mod_add_fold	6549906	6550657	751	74	4	74	74
tlm_apply_forward_mod_add_clean	6550657	6550936	279	19	0	20	22
tlm_apply_forward_swap	6550936	6551704	768	256	0	0	0
tlm_apply_forward_fold	6551704	6554054	2350	349	0	95	129
tlm_multiply_gcd_reverse_body	6554054	6555465	1411	214	1	78	80
tlm_multiply_gcd_reverse_decode	6555465	6555630	165	17	0	3	8
tlm_multiply_gcd_reverse_apply	6555630	6555631	1	0	0	0	0
tlm_apply_forward_mod_add_register	6555631	6562307	6676	749	12	492	493
tlm_apply_forward_mod_add_fold	6562307	6563058	751	74	4	74	74
tlm_apply_forward_mod_add_clean	6563058	6563337	279	19	0	20	22
tlm_apply_forward_swap	6563337	6564105	768	256	0	0	0
tlm_apply_forward_fold	6564105	6566455	2350	349	0	95	129
tlm_multiply_gcd_reverse_body	6566455	6567916	1461	223	1	80	82
tlm_multiply_gcd_reverse_decode	6567916	6567922	6	0	0	0	3
tlm_multiply_gcd_reverse_apply	6567922	6567923	1	0	0	0	0
tlm_apply_forward_mod_add_register	6567923	6574567	6644	747	11	490	491
tlm_apply_forward_mod_add_fold	6574567	6575318	751	74	4	74	74
tlm_apply_forward_mod_add_clean	6575318	6575597	279	19	0	20	22
tlm_apply_forward_swap	6575597	6576365	768	256	0	0	0
tlm_apply_forward_fold	6576365	6578715	2350	349	0	95	129
tlm_multiply_gcd_reverse_body	6578715	6580210	1495	228	1	82	84
tlm_multiply_gcd_reverse_decode	6580210	6580216	6	0	0	0	3
tlm_multiply_gcd_reverse_apply	6580216	6580217	1	0	0	0	0
tlm_apply_forward_mod_add_register	6580217	6586585	6368	727	10	470	479
tlm_apply_forward_mod_add_fold	6586585	6587338	753	73	6	73	73
tlm_apply_forward_mod_add_clean	6587338	6587617	279	19	0	20	22
tlm_apply_forward_swap	6587617	6588385	768	256	0	0	0
tlm_apply_forward_fold	6588385	6590735	2350	349	0	95	129
tlm_multiply_gcd_reverse_body	6590735	6592264	1529	233	1	84	86
tlm_multiply_gcd_reverse_decode	6592264	6592429	165	17	0	3	8
tlm_multiply_gcd_reverse_apply	6592429	6592430	1	0	0	0	0
tlm_apply_forward_mod_add_register	6592430	6599074	6644	747	11	490	491
tlm_apply_forward_mod_add_fold	6599074	6599825	751	74	4	74	74
tlm_apply_forward_mod_add_clean	6599825	6600104	279	19	0	20	22
tlm_apply_forward_swap	6600104	6600872	768	256	0	0	0
tlm_apply_forward_fold	6600872	6603222	2350	349	0	95	129
tlm_multiply_gcd_reverse_body	6603222	6604801	1579	242	1	86	88
tlm_multiply_gcd_reverse_decode	6604801	6604807	6	0	0	0	3
tlm_multiply_gcd_reverse_apply	6604807	6604808	1	0	0	0	0
tlm_apply_forward_mod_add_register	6604808	6611176	6368	727	10	470	479
tlm_apply_forward_mod_add_fold	6611176	6611929	753	73	6	73	73
tlm_apply_forward_mod_add_clean	6611929	6612208	279	19	0	20	22
tlm_apply_forward_swap	6612208	6612976	768	256	0	0	0
tlm_apply_forward_fold	6612976	6615326	2350	349	0	95	129
tlm_multiply_gcd_reverse_body	6615326	6616931	1605	245	1	88	90
tlm_multiply_gcd_reverse_decode	6616931	6616937	6	0	0	0	3
tlm_multiply_gcd_reverse_apply	6616937	6616938	1	0	0	0	0
tlm_apply_forward_mod_add_register	6616938	6623077	6139	711	9	454	462
tlm_apply_forward_mod_add_fold	6623077	6623812	735	72	5	72	72
tlm_apply_forward_mod_add_clean	6623812	6624091	279	19	0	20	22
tlm_apply_forward_swap	6624091	6624859	768	256	0	0	0
tlm_apply_forward_fold	6624859	6627209	2350	349	0	95	129
tlm_multiply_gcd_reverse_body	6627209	6628848	1639	250	1	90	92
tlm_multiply_gcd_reverse_decode	6628848	6629013	165	17	0	3	8
tlm_multiply_gcd_reverse_apply	6629013	6629014	1	0	0	0	0
tlm_apply_forward_mod_add_register	6629014	6635382	6368	727	10	470	479
tlm_apply_forward_mod_add_fold	6635382	6636135	753	73	6	73	73
tlm_apply_forward_mod_add_clean	6636135	6636414	279	19	0	20	22
tlm_apply_forward_swap	6636414	6637182	768	256	0	0	0
tlm_apply_forward_fold	6637182	6639532	2350	349	0	95	129
tlm_multiply_gcd_reverse_body	6639532	6641221	1689	259	1	92	94
tlm_multiply_gcd_reverse_decode	6641221	6641227	6	0	0	0	3
tlm_multiply_gcd_reverse_apply	6641227	6641228	1	0	0	0	0
tlm_apply_forward_mod_add_register	6641228	6647367	6139	711	9	454	462
tlm_apply_forward_mod_add_fold	6647367	6648102	735	72	5	72	72
tlm_apply_forward_mod_add_clean	6648102	6648381	279	19	0	20	22
tlm_apply_forward_swap	6648381	6649149	768	256	0	0	0
tlm_apply_forward_fold	6649149	6651499	2350	349	0	95	129
tlm_multiply_gcd_reverse_body	6651499	6653222	1723	264	1	94	96
tlm_multiply_gcd_reverse_decode	6653222	6653228	6	0	0	0	3
tlm_multiply_gcd_reverse_apply	6653228	6653229	1	0	0	0	0
tlm_apply_forward_mod_add_register	6653229	6659354	6125	710	9	453	461
tlm_apply_forward_mod_add_fold	6659354	6660091	737	72	5	72	72
tlm_apply_forward_mod_add_clean	6660091	6660370	279	19	0	20	22
tlm_apply_forward_swap	6660370	6661138	768	256	0	0	0
tlm_apply_forward_fold	6661138	6663488	2350	349	0	95	129
tlm_multiply_gcd_reverse_body	6663488	6665245	1757	269	1	96	98
tlm_multiply_gcd_reverse_decode	6665245	6665410	165	17	0	3	8
tlm_multiply_gcd_reverse_apply	6665410	6665411	1	0	0	0	0
tlm_apply_forward_mod_add_register	6665411	6671550	6139	711	9	454	462
tlm_apply_forward_mod_add_fold	6671550	6672285	735	72	5	72	72
tlm_apply_forward_mod_add_clean	6672285	6672564	279	19	0	20	22
tlm_apply_forward_swap	6672564	6673332	768	256	0	0	0
tlm_apply_forward_fold	6673332	6675682	2350	349	0	95	129
tlm_multiply_gcd_reverse_body	6675682	6677489	1807	278	1	98	100
tlm_multiply_gcd_reverse_decode	6677489	6677495	6	0	0	0	3
tlm_multiply_gcd_reverse_apply	6677495	6677496	1	0	0	0	0
tlm_apply_forward_mod_add_register	6677496	6683621	6125	710	9	453	461
tlm_apply_forward_mod_add_fold	6683621	6684358	737	72	5	72	72
tlm_apply_forward_mod_add_clean	6684358	6684637	279	19	0	20	22
tlm_apply_forward_swap	6684637	6685405	768	256	0	0	0
tlm_apply_forward_fold	6685405	6687755	2350	349	0	95	129
tlm_multiply_gcd_reverse_body	6687755	6689596	1841	283	1	100	102
tlm_multiply_gcd_reverse_decode	6689596	6689602	6	0	0	0	3
tlm_multiply_gcd_reverse_apply	6689602	6689603	1	0	0	0	0
tlm_apply_forward_mod_add_register	6689603	6695430	5827	689	8	432	440
tlm_apply_forward_mod_add_fold	6695430	6696141	711	70	4	70	70
tlm_apply_forward_mod_add_clean	6696141	6696420	279	19	0	20	22
tlm_apply_forward_swap	6696420	6697188	768	256	0	0	0
tlm_apply_forward_fold	6697188	6699538	2350	349	0	95	129
tlm_multiply_gcd_reverse_body	6699538	6701413	1875	288	1	102	104
tlm_multiply_gcd_reverse_decode	6701413	6701578	165	17	0	3	8
tlm_multiply_gcd_reverse_apply	6701578	6701579	1	0	0	0	0
tlm_apply_forward_mod_add_register	6701579	6707704	6125	710	9	453	461
tlm_apply_forward_mod_add_fold	6707704	6708441	737	72	5	72	72
tlm_apply_forward_mod_add_clean	6708441	6708720	279	19	0	20	22
tlm_apply_forward_swap	6708720	6709488	768	256	0	0	0
tlm_apply_forward_fold	6709488	6711838	2350	349	0	95	129
tlm_multiply_gcd_reverse_body	6711838	6713763	1925	297	1	104	106
tlm_multiply_gcd_reverse_decode	6713763	6713769	6	0	0	0	3
tlm_multiply_gcd_reverse_apply	6713769	6713770	1	0	0	0	0
tlm_apply_forward_mod_add_register	6713770	6719597	5827	689	8	432	440
tlm_apply_forward_mod_add_fold	6719597	6720308	711	70	4	70	70
tlm_apply_forward_mod_add_clean	6720308	6720587	279	19	0	20	22
tlm_apply_forward_swap	6720587	6721355	768	256	0	0	0
tlm_apply_forward_fold	6721355	6723705	2350	349	0	95	129
tlm_multiply_gcd_reverse_body	6723705	6725656	1951	300	1	106	108
tlm_multiply_gcd_reverse_decode	6725656	6725662	6	0	0	0	3
tlm_multiply_gcd_reverse_apply	6725662	6725663	1	0	0	0	0
tlm_apply_forward_mod_add_register	6725663	6731788	6125	710	9	453	461
tlm_apply_forward_mod_add_fold	6731788	6732525	737	72	5	72	72
tlm_apply_forward_mod_add_clean	6732525	6732804	279	19	0	20	22
tlm_apply_forward_swap	6732804	6733572	768	256	0	0	0
tlm_apply_forward_fold	6733572	6735922	2350	349	0	95	129
tlm_multiply_gcd_reverse_body	6735922	6737957	2035	314	1	110	112
tlm_multiply_gcd_reverse_decode	6737957	6738122	165	17	0	3	8
tlm_multiply_gcd_reverse_apply	6738122	6738123	1	0	0	0	0
tlm_apply_forward_mod_add_register	6738123	6743950	5827	689	8	432	440
tlm_apply_forward_mod_add_fold	6743950	6744661	711	70	4	70	70
tlm_apply_forward_mod_add_clean	6744661	6744940	279	19	0	20	22
tlm_apply_forward_swap	6744940	6745708	768	256	0	0	0
tlm_apply_forward_fold	6745708	6748058	2350	349	0	95	129
tlm_multiply_gcd_reverse_body	6748058	6750077	2019	310	1	110	112
tlm_multiply_gcd_reverse_decode	6750077	6750083	6	0	0	0	3
tlm_multiply_gcd_reverse_apply	6750083	6750084	1	0	0	0	0
tlm_apply_forward_mod_add_register	6750084	6755911	5827	689	8	432	440
tlm_apply_forward_mod_add_fold	6755911	6756622	711	70	4	70	70
tlm_apply_forward_mod_add_clean	6756622	6756901	279	19	0	20	22
tlm_apply_forward_swap	6756901	6757669	768	256	0	0	0
tlm_apply_forward_fold	6757669	6760019	2350	349	0	95	129
tlm_multiply_gcd_reverse_body	6760019	6762064	2045	313	1	112	114
tlm_multiply_gcd_reverse_decode	6762064	6762070	6	0	0	0	3
tlm_multiply_gcd_reverse_apply	6762070	6762071	1	0	0	0	0
tlm_apply_forward_mod_add_register	6762071	6767585	5514	667	7	410	417
tlm_apply_forward_mod_add_fold	6767585	6768296	711	70	4	70	70
tlm_apply_forward_mod_add_clean	6768296	6768575	279	19	0	20	22
tlm_apply_forward_swap	6768575	6769343	768	256	0	0	0
tlm_apply_forward_fold	6769343	6771693	2350	349	0	95	129
tlm_multiply_gcd_reverse_body	6771693	6773764	2071	316	1	114	116
tlm_multiply_gcd_reverse_decode	6773764	6773929	165	17	0	3	8
tlm_multiply_gcd_reverse_apply	6773929	6773930	1	0	0	0	0
tlm_apply_forward_mod_add_register	6773930	6779757	5827	689	8	432	440
tlm_apply_forward_mod_add_fold	6779757	6780468	711	70	4	70	70
tlm_apply_forward_mod_add_clean	6780468	6780747	279	19	0	20	22
tlm_apply_forward_swap	6780747	6781515	768	256	0	0	0
tlm_apply_forward_fold	6781515	6783865	2350	349	0	95	129
tlm_multiply_gcd_reverse_body	6783865	6785970	2105	321	1	116	118
tlm_multiply_gcd_reverse_decode	6785970	6785976	6	0	0	0	3
tlm_multiply_gcd_reverse_apply	6785976	6785977	1	0	0	0	0
tlm_apply_forward_mod_add_register	6785977	6791491	5514	667	7	410	417
tlm_apply_forward_mod_add_fold	6791491	6792202	711	70	4	70	70
tlm_apply_forward_mod_add_clean	6792202	6792481	279	19	0	20	22
tlm_apply_forward_swap	6792481	6793249	768	256	0	0	0
tlm_apply_forward_fold	6793249	6795599	2350	349	0	95	129
tlm_multiply_gcd_reverse_body	6795599	6797738	2139	326	1	118	120
tlm_multiply_gcd_reverse_decode	6797738	6797744	6	0	0	0	3
tlm_multiply_gcd_reverse_apply	6797744	6797745	1	0	0	0	0
tlm_apply_forward_mod_add_register	6797745	6803572	5827	689	8	432	440
tlm_apply_forward_mod_add_fold	6803572	6804283	711	70	4	70	70
tlm_apply_forward_mod_add_clean	6804283	6804562	279	19	0	20	22
tlm_apply_forward_swap	6804562	6805330	768	256	0	0	0
tlm_apply_forward_fold	6805330	6807680	2350	349	0	95	129
tlm_multiply_gcd_reverse_body	6807680	6809859	2179	334	1	120	122
tlm_multiply_gcd_reverse_decode	6809859	6810024	165	17	0	3	8
tlm_multiply_gcd_reverse_apply	6810024	6810025	1	0	0	0	0
tlm_apply_forward_mod_add_register	6810025	6815852	5827	689	8	432	440
tlm_apply_forward_mod_add_fold	6815852	6816563	711	70	4	70	70
tlm_apply_forward_mod_add_clean	6816563	6816842	279	19	0	20	22
tlm_apply_forward_swap	6816842	6817610	768	256	0	0	0
tlm_apply_forward_fold	6817610	6819960	2350	349	0	95	129
tlm_multiply_gcd_reverse_body	6819960	6822161	2201	341	1	120	122
tlm_multiply_gcd_reverse_decode	6822161	6822167	6	0	0	0	3
tlm_multiply_gcd_reverse_apply	6822167	6822168	1	0	0	0	0
tlm_apply_forward_mod_add_register	6822168	6827682	5514	667	7	410	417
tlm_apply_forward_mod_add_fold	6827682	6828357	675	67	3	67	67
tlm_apply_forward_mod_add_clean	6828357	6828636	279	19	0	20	22
tlm_apply_forward_swap	6828636	6829404	768	256	0	0	0
tlm_apply_forward_fold	6829404	6831754	2350	349	0	95	129
tlm_multiply_gcd_reverse_body	6831754	6833965	2211	336	1	123	125
tlm_multiply_gcd_reverse_decode	6833965	6833971	6	0	0	0	3
tlm_multiply_gcd_reverse_apply	6833971	6833972	1	0	0	0	0
tlm_apply_forward_mod_add_register	6833972	6839486	5514	667	7	410	417
tlm_apply_forward_mod_add_fold	6839486	6840173	687	67	5	67	67
tlm_apply_forward_mod_add_clean	6840173	6840452	279	19	0	20	22
tlm_apply_forward_swap	6840452	6841220	768	256	0	0	0
tlm_apply_forward_fold	6841220	6843570	2350	349	0	95	129
tlm_multiply_gcd_reverse_body	6843570	6845791	2221	335	1	125	127
tlm_multiply_gcd_reverse_decode	6845791	6845956	165	17	0	3	8
tlm_multiply_gcd_reverse_apply	6845956	6845957	1	0	0	0	0
tlm_apply_forward_mod_add_register	6845957	6851471	5514	667	7	410	417
tlm_apply_forward_mod_add_fold	6851471	6852146	675	67	3	67	67
tlm_apply_forward_mod_add_clean	6852146	6852425	279	19	0	20	22
tlm_apply_forward_swap	6852425	6853193	768	256	0	0	0
tlm_apply_forward_fold	6853193	6855543	2350	349	0	95	129
tlm_multiply_gcd_reverse_body	6855543	6857751	2208	340	1	123	124
tlm_multiply_gcd_reverse_decode	6857751	6857757	6	0	0	0	3
tlm_multiply_gcd_reverse_apply	6857757	6857758	1	0	0	0	0
tlm_apply_forward_mod_add_register	6857758	6863272	5514	667	7	410	417
tlm_apply_forward_mod_add_fold	6863272	6863959	687	67	5	67	67
tlm_apply_forward_mod_add_clean	6863959	6864238	279	19	0	20	22
tlm_apply_forward_swap	6864238	6865006	768	256	0	0	0
tlm_apply_forward_fold	6865006	6867356	2350	349	0	95	129
tlm_multiply_gcd_reverse_body	6867356	6869609	2253	341	1	127	129
tlm_multiply_gcd_reverse_decode	6869609	6869615	6	0	0	0	3
tlm_multiply_gcd_reverse_apply	6869615	6869616	1	0	0	0	0
tlm_apply_forward_mod_add_register	6869616	6875130	5514	667	7	410	417
tlm_apply_forward_mod_add_fold	6875130	6875805	675	66	4	66	66
tlm_apply_forward_mod_add_clean	6875805	6876084	279	19	0	20	22
tlm_apply_forward_swap	6876084	6876852	768	256	0	0	0
tlm_apply_forward_fold	6876852	6878419	1567	333	0	44	51
tlm_multiply_gcd_reverse_body	6878419	6880663	2244	342	1	127	128
tlm_multiply_gcd_reverse_decode	6880663	6880828	165	17	0	3	8
tlm_multiply_gcd_reverse_apply	6880828	6880829	1	0	0	0	0
tlm_apply_forward_mod_add_register	6880829	6886343	5514	667	7	410	417
tlm_apply_forward_mod_add_fold	6886343	6887054	711	70	4	70	70
tlm_apply_forward_mod_add_clean	6887054	6887333	279	19	0	20	22
tlm_apply_forward_swap	6887333	6888101	768	256	0	0	0
tlm_apply_forward_fold	6888101	6890451	2350	349	0	95	129
tlm_multiply_gcd_reverse_body	6890451	6892709	2258	347	1	127	128
tlm_multiply_gcd_reverse_decode	6892709	6892715	6	0	0	0	3
tlm_multiply_gcd_reverse_apply	6892715	6892716	1	0	0	0	0
tlm_apply_forward_mod_add_register	6892716	6898230	5514	667	7	410	417
tlm_apply_forward_mod_add_fold	6898230	6898905	675	67	3	67	67
tlm_apply_forward_mod_add_clean	6898905	6899184	279	19	0	20	22
tlm_apply_forward_swap	6899184	6899952	768	256	0	0	0
tlm_apply_forward_fold	6899952	6901519	1567	333	0	44	51
tlm_multiply_gcd_reverse_body	6901519	6903811	2292	352	1	129	130
tlm_multiply_gcd_reverse_decode	6903811	6903817	6	0	0	0	3
tlm_multiply_gcd_reverse_apply	6903817	6903818	1	0	0	0	0
tlm_apply_forward_mod_add_register	6903818	6909019	5201	645	6	388	394
tlm_apply_forward_mod_add_fold	6909019	6909694	675	66	4	66	66
tlm_apply_forward_mod_add_clean	6909694	6909973	279	19	0	20	22
tlm_apply_forward_swap	6909973	6910741	768	256	0	0	0
tlm_apply_forward_fold	6910741	6912312	1571	331	0	45	52
tlm_multiply_gcd_reverse_body	6912312	6914622	2310	353	1	131	132
tlm_multiply_gcd_reverse_decode	6914622	6914787	165	17	0	3	8
tlm_multiply_gcd_reverse_apply	6914787	6914788	1	0	0	0	0
tlm_apply_forward_mod_add_register	6914788	6920302	5514	667	7	410	417
tlm_apply_forward_mod_add_fold	6920302	6920977	675	66	4	66	66
tlm_apply_forward_mod_add_clean	6920977	6921256	279	19	0	20	22
tlm_apply_forward_swap	6921256	6922024	768	256	0	0	0
tlm_apply_forward_fold	6922024	6923591	1567	333	0	44	51
tlm_multiply_gcd_reverse_body	6923591	6925915	2324	358	1	131	132
tlm_multiply_gcd_reverse_decode	6925915	6925921	6	0	0	0	3
tlm_multiply_gcd_reverse_apply	6925921	6925922	1	0	0	0	0
tlm_apply_forward_mod_add_register	6925922	6931123	5201	645	6	388	394
tlm_apply_forward_mod_add_fold	6931123	6931798	675	66	4	66	66
tlm_apply_forward_mod_add_clean	6931798	6932077	279	19	0	20	22
tlm_apply_forward_swap	6932077	6932845	768	256	0	0	0
tlm_apply_forward_fold	6932845	6934416	1571	331	0	45	52
tlm_multiply_gcd_reverse_body	6934416	6936766	2350	361	1	133	134
tlm_multiply_gcd_reverse_decode	6936766	6936772	6	0	0	0	3
tlm_multiply_gcd_reverse_apply	6936772	6936773	1	0	0	0	0
tlm_apply_forward_mod_add_register	6936773	6941974	5201	645	6	388	394
tlm_apply_forward_mod_add_fold	6941974	6942649	675	66	4	66	66
tlm_apply_forward_mod_add_clean	6942649	6942928	279	19	0	20	22
tlm_apply_forward_swap	6942928	6943696	768	256	0	0	0
tlm_apply_forward_fold	6943696	6945271	1575	329	0	46	53
tlm_multiply_gcd_reverse_body	6945271	6947647	2376	364	1	135	136
tlm_multiply_gcd_reverse_decode	6947647	6947812	165	17	0	3	8
tlm_multiply_gcd_reverse_apply	6947812	6947813	1	0	0	0	0
tlm_apply_forward_mod_add_register	6947813	6953014	5201	645	6	388	394
tlm_apply_forward_mod_add_fold	6953014	6953701	687	67	5	67	67
tlm_apply_forward_mod_add_clean	6953701	6953980	279	19	0	20	22
tlm_apply_forward_swap	6953980	6954748	768	256	0	0	0
tlm_apply_forward_fold	6954748	6956319	1571	331	0	45	52
tlm_multiply_gcd_reverse_body	6956319	6958709	2390	369	1	135	136
tlm_multiply_gcd_reverse_decode	6958709	6958715	6	0	0	0	3
tlm_multiply_gcd_reverse_apply	6958715	6958716	1	0	0	0	0
tlm_apply_forward_mod_add_register	6958716	6963917	5201	645	6	388	394
tlm_apply_forward_mod_add_fold	6963917	6964592	675	66	4	66	66
tlm_apply_forward_mod_add_clean	6964592	6964871	279	19	0	20	22
tlm_apply_forward_swap	6964871	6965639	768	256	0	0	0
tlm_apply_forward_fold	6965639	6967214	1575	329	0	46	53
tlm_multiply_gcd_reverse_body	6967214	6969630	2416	372	1	137	138
tlm_multiply_gcd_reverse_decode	6969630	6969636	6	0	0	0	3
tlm_multiply_gcd_reverse_apply	6969636	6969637	1	0	0	0	0
tlm_apply_forward_mod_add_register	6969637	6974838	5201	645	6	388	394
tlm_apply_forward_mod_add_fold	6974838	6975513	675	66	4	66	66
tlm_apply_forward_mod_add_clean	6975513	6975792	279	19	0	20	22
tlm_apply_forward_swap	6975792	6976560	768	256	0	0	0
tlm_apply_forward_fold	6976560	6978139	1579	327	0	47	54
tlm_multiply_gcd_reverse_body	6978139	6980589	2450	377	1	139	140
tlm_multiply_gcd_reverse_decode	6980589	6980754	165	17	0	3	8
tlm_multiply_gcd_reverse_apply	6980754	6980755	1	0	0	0	0
tlm_apply_forward_mod_add_register	6980755	6985956	5201	645	6	388	394
tlm_apply_forward_mod_add_fold	6985956	6986631	675	66	4	66	66
tlm_apply_forward_mod_add_clean	6986631	6986910	279	19	0	20	22
tlm_apply_forward_swap	6986910	6987678	768	256	0	0	0
tlm_apply_forward_fold	6987678	6989253	1575	329	0	46	53
tlm_multiply_gcd_reverse_body	6989253	6991709	2456	380	1	139	140
tlm_multiply_gcd_reverse_decode	6991709	6991715	6	0	0	0	3
tlm_multiply_gcd_reverse_apply	6991715	6991716	1	0	0	0	0
tlm_apply_forward_mod_add_register	6991716	6996917	5201	645	6	388	394
tlm_apply_forward_mod_add_fold	6996917	6997592	675	66	4	66	66
tlm_apply_forward_mod_add_clean	6997592	6997871	279	19	0	20	22
tlm_apply_forward_swap	6997871	6998639	768	256	0	0	0
tlm_apply_forward_fold	6998639	7000218	1579	327	0	47	54
tlm_multiply_gcd_reverse_body	7000218	7002692	2474	381	1	141	142
tlm_multiply_gcd_reverse_decode	7002692	7002698	6	0	0	0	3
tlm_multiply_gcd_reverse_apply	7002698	7002699	1	0	0	0	0
tlm_apply_forward_mod_add_register	7002699	7007900	5201	645	6	388	394
tlm_apply_forward_mod_add_fold	7007900	7008549	649	64	3	64	64
tlm_apply_forward_mod_add_clean	7008549	7008828	279	19	0	20	22
tlm_apply_forward_swap	7008828	7009596	768	256	0	0	0
tlm_apply_forward_fold	7009596	7011179	1583	325	0	48	55
tlm_multiply_gcd_reverse_body	7011179	7013679	2500	384	1	143	144
tlm_multiply_gcd_reverse_decode	7013679	7013844	165	17	0	3	8
tlm_multiply_gcd_reverse_apply	7013844	7013845	1	0	0	0	0
tlm_apply_forward_mod_add_register	7013845	7019046	5201	645	6	388	394
tlm_apply_forward_mod_add_fold	7019046	7019695	649	64	3	64	64
tlm_apply_forward_mod_add_clean	7019695	7019974	279	19	0	20	22
tlm_apply_forward_swap	7019974	7020742	768	256	0	0	0
tlm_apply_forward_fold	7020742	7022321	1579	327	0	47	54
tlm_multiply_gcd_reverse_body	7022321	7024835	2514	389	1	143	144
tlm_multiply_gcd_reverse_decode	7024835	7024841	6	0	0	0	3
tlm_multiply_gcd_reverse_apply	7024841	7024842	1	0	0	0	0
tlm_apply_forward_mod_add_register	7024842	7030043	5201	645	6	388	394
tlm_apply_forward_mod_add_fold	7030043	7030692	649	64	3	64	64
tlm_apply_forward_mod_add_clean	7030692	7030971	279	19	0	20	22
tlm_apply_forward_swap	7030971	7031739	768	256	0	0	0
tlm_apply_forward_fold	7031739	7033322	1583	325	0	48	55
tlm_multiply_gcd_reverse_body	7033322	7035862	2540	392	1	145	146
tlm_multiply_gcd_reverse_decode	7035862	7035868	6	0	0	0	3
tlm_multiply_gcd_reverse_apply	7035868	7035869	1	0	0	0	0
tlm_apply_forward_mod_add_register	7035869	7041070	5201	645	6	388	394
tlm_apply_forward_mod_add_fold	7041070	7041705	635	62	4	62	62
tlm_apply_forward_mod_add_clean	7041705	7041984	279	19	0	20	22
tlm_apply_forward_swap	7041984	7042752	768	256	0	0	0
tlm_apply_forward_fold	7042752	7044336	1584	322	0	48	56
tlm_multiply_gcd_reverse_body	7044336	7046902	2566	395	1	147	148
tlm_multiply_gcd_reverse_decode	7046902	7047067	165	17	0	3	8
tlm_multiply_gcd_reverse_apply	7047067	7047068	1	0	0	0	0
tlm_apply_forward_mod_add_register	7047068	7052269	5201	645	6	388	394
tlm_apply_forward_mod_add_fold	7052269	7052918	649	64	3	64	64
tlm_apply_forward_mod_add_clean	7052918	7053197	279	19	0	20	22
tlm_apply_forward_swap	7053197	7053965	768	256	0	0	0
tlm_apply_forward_fold	7053965	7055548	1583	325	0	48	55
tlm_multiply_gcd_reverse_body	7055548	7058128	2580	400	1	147	148
tlm_multiply_gcd_reverse_decode	7058128	7058134	6	0	0	0	3
tlm_multiply_gcd_reverse_apply	7058134	7058135	1	0	0	0	0
tlm_apply_forward_mod_add_register	7058135	7063336	5201	645	6	388	394
tlm_apply_forward_mod_add_fold	7063336	7063971	635	62	4	62	62
tlm_apply_forward_mod_add_clean	7063971	7064250	279	19	0	20	22
tlm_apply_forward_swap	7064250	7065018	768	256	0	0	0
tlm_apply_forward_fold	7065018	7066602	1584	322	0	48	56
tlm_multiply_gcd_reverse_body	7066602	7069208	2606	403	1	149	150
tlm_multiply_gcd_reverse_decode	7069208	7069214	6	0	0	0	3
tlm_multiply_gcd_reverse_apply	7069214	7069215	1	0	0	0	0
tlm_apply_forward_mod_add_register	7069215	7074103	4888	623	5	366	371
tlm_apply_forward_mod_add_fold	7074103	7074722	619	61	3	61	61
tlm_apply_forward_mod_add_clean	7074722	7075001	279	19	0	20	22
tlm_apply_forward_swap	7075001	7075769	768	256	0	0	0
tlm_apply_forward_fold	7075769	7077353	1584	322	0	48	56
tlm_multiply_gcd_reverse_body	7077353	7079977	2624	404	1	151	152
tlm_multiply_gcd_reverse_decode	7079977	7080142	165	17	0	3	8
tlm_multiply_gcd_reverse_apply	7080142	7080143	1	0	0	0	0
tlm_apply_forward_mod_add_register	7080143	7085344	5201	645	6	388	394
tlm_apply_forward_mod_add_fold	7085344	7085993	649	64	3	64	64
tlm_apply_forward_mod_add_clean	7085993	7086272	279	19	0	20	22
tlm_apply_forward_swap	7086272	7087040	768	256	0	0	0
tlm_apply_forward_fold	7087040	7088624	1584	322	0	48	56
tlm_multiply_gcd_reverse_body	7088624	7091262	2638	409	1	151	152
tlm_multiply_gcd_reverse_decode	7091262	7091268	6	0	0	0	3
tlm_multiply_gcd_reverse_apply	7091268	7091269	1	0	0	0	0
tlm_apply_forward_mod_add_register	7091269	7096157	4888	623	5	366	371
tlm_apply_forward_mod_add_fold	7096157	7096792	635	62	4	62	62
tlm_apply_forward_mod_add_clean	7096792	7097071	279	19	0	20	22
tlm_apply_forward_swap	7097071	7097839	768	256	0	0	0
tlm_apply_forward_fold	7097839	7099423	1584	322	0	48	56
tlm_multiply_gcd_reverse_body	7099423	7102095	2672	414	1	153	154
tlm_multiply_gcd_reverse_decode	7102095	7102101	6	0	0	0	3
tlm_multiply_gcd_reverse_apply	7102101	7102102	1	0	0	0	0
tlm_apply_forward_mod_add_register	7102102	7106990	4888	623	5	366	371
tlm_apply_forward_mod_add_fold	7106990	7107609	619	61	3	61	61
tlm_apply_forward_mod_add_clean	7107609	7107888	279	19	0	20	22
tlm_apply_forward_swap	7107888	7108656	768	256	0	0	0
tlm_apply_forward_fold	7108656	7110244	1588	320	0	49	57
tlm_multiply_gcd_reverse_body	7110244	7112928	2684	416	1	154	155
tlm_multiply_gcd_reverse_decode	7112928	7113093	165	17	0	3	8
tlm_multiply_gcd_reverse_apply	7113093	7113094	1	0	0	0	0
tlm_apply_forward_mod_add_register	7113094	7117982	4888	623	5	366	371
tlm_apply_forward_mod_add_fold	7117982	7118601	619	61	3	61	61
tlm_apply_forward_mod_add_clean	7118601	7118880	279	19	0	20	22
tlm_apply_forward_swap	7118880	7119648	768	256	0	0	0
tlm_apply_forward_fold	7119648	7121232	1584	322	0	48	56
tlm_multiply_gcd_reverse_body	7121232	7123936	2704	420	1	155	156
tlm_multiply_gcd_reverse_decode	7123936	7123942	6	0	0	0	3
tlm_multiply_gcd_reverse_apply	7123942	7123943	1	0	0	0	0
tlm_apply_forward_mod_add_register	7123943	7128831	4888	623	5	366	371
tlm_apply_forward_mod_add_fold	7128831	7129450	619	61	3	61	61
tlm_apply_forward_mod_add_clean	7129450	7129729	279	19	0	20	22
tlm_apply_forward_swap	7129729	7130497	768	256	0	0	0
tlm_apply_forward_fold	7130497	7132085	1588	320	0	49	57
tlm_multiply_gcd_reverse_body	7132085	7134823	2738	425	1	157	158
tlm_multiply_gcd_reverse_decode	7134823	7134829	6	0	0	0	3
tlm_multiply_gcd_reverse_apply	7134829	7134830	1	0	0	0	0
tlm_apply_forward_mod_add_register	7134830	7139718	4888	623	5	366	371
tlm_apply_forward_mod_add_fold	7139718	7140311	593	59	2	59	59
tlm_apply_forward_mod_add_clean	7140311	7140590	279	19	0	20	22
tlm_apply_forward_swap	7140590	7141358	768	256	0	0	0
tlm_apply_forward_fold	7141358	7142950	1592	318	0	50	58
tlm_multiply_gcd_reverse_body	7142950	7145694	2744	428	1	157	158
tlm_multiply_gcd_reverse_decode	7145694	7145859	165	17	0	3	8
tlm_multiply_gcd_reverse_apply	7145859	7145860	1	0	0	0	0
tlm_apply_forward_mod_add_register	7145860	7150748	4888	623	5	366	371
tlm_apply_forward_mod_add_fold	7150748	7151367	619	61	3	61	61
tlm_apply_forward_mod_add_clean	7151367	7151646	279	19	0	20	22
tlm_apply_forward_swap	7151646	7152414	768	256	0	0	0
tlm_apply_forward_fold	7152414	7154002	1588	320	0	49	57
tlm_multiply_gcd_reverse_body	7154002	7157051	3049	452	2	178	180
tlm_multiply_gcd_reverse_decode	7157051	7157057	6	0	0	0	3
tlm_multiply_gcd_reverse_apply	7157057	7157058	1	0	0	0	0
tlm_apply_forward_mod_add_register	7157058	7161946	4888	623	5	366	371
tlm_apply_forward_mod_add_fold	7161946	7162539	593	59	2	59	59
tlm_apply_forward_mod_add_clean	7162539	7162818	279	19	0	20	22
tlm_apply_forward_swap	7162818	7163586	768	256	0	0	0
tlm_apply_forward_fold	7163586	7165178	1592	318	0	50	58
tlm_multiply_gcd_reverse_body	7165178	7167962	2784	436	1	159	160
tlm_multiply_gcd_reverse_decode	7167962	7167968	6	0	0	0	3
tlm_multiply_gcd_reverse_apply	7167968	7167969	1	0	0	0	0
tlm_apply_forward_mod_add_register	7167969	7172857	4888	623	5	366	371
tlm_apply_forward_mod_add_fold	7172857	7173450	593	59	2	59	59
tlm_apply_forward_mod_add_clean	7173450	7173729	279	19	0	20	22
tlm_apply_forward_swap	7173729	7174497	768	256	0	0	0
tlm_apply_forward_fold	7174497	7176093	1596	316	0	51	59
tlm_multiply_gcd_reverse_body	7176093	7178883	2790	439	1	159	160
tlm_multiply_gcd_reverse_decode	7178883	7179048	165	17	0	3	8
tlm_multiply_gcd_reverse_apply	7179048	7179049	1	0	0	0	0
tlm_apply_forward_mod_add_register	7179049	7183937	4888	623	5	366	371
tlm_apply_forward_mod_add_fold	7183937	7184530	593	59	2	59	59
tlm_apply_forward_mod_add_clean	7184530	7184809	279	19	0	20	22
tlm_apply_forward_swap	7184809	7185577	768	256	0	0	0
tlm_apply_forward_fold	7185577	7187169	1592	318	0	50	58
tlm_multiply_gcd_reverse_body	7187169	7190264	3095	463	2	180	182
tlm_multiply_gcd_reverse_decode	7190264	7190270	6	0	0	0	3
tlm_multiply_gcd_reverse_apply	7190270	7190271	1	0	0	0	0
tlm_apply_forward_mod_add_register	7190271	7195159	4888	623	5	366	371
tlm_apply_forward_mod_add_fold	7195159	7195752	593	59	2	59	59
tlm_apply_forward_mod_add_clean	7195752	7196031	279	19	0	20	22
tlm_apply_forward_swap	7196031	7196799	768	256	0	0	0
tlm_apply_forward_fold	7196799	7198395	1596	316	0	51	59
tlm_multiply_gcd_reverse_body	7198395	7201524	3129	468	2	182	184
tlm_multiply_gcd_reverse_decode	7201524	7201530	6	0	0	0	3
tlm_multiply_gcd_reverse_apply	7201530	7201531	1	0	0	0	0
tlm_apply_forward_mod_add_register	7201531	7206419	4888	623	5	366	371
tlm_apply_forward_mod_add_fold	7206419	7207008	589	58	3	58	58
tlm_apply_forward_mod_add_clean	7207008	7207287	279	19	0	20	22
tlm_apply_forward_swap	7207287	7208055	768	256	0	0	0
tlm_apply_forward_fold	7208055	7209655	1600	314	0	52	60
tlm_multiply_gcd_reverse_body	7209655	7212505	2850	451	1	162	163
tlm_multiply_gcd_reverse_decode	7212505	7212670	165	17	0	3	8
tlm_multiply_gcd_reverse_apply	7212670	7212671	1	0	0	0	0
tlm_apply_forward_mod_add_register	7212671	7217559	4888	623	5	366	371
tlm_apply_forward_mod_add_fold	7217559	7218152	593	59	2	59	59
tlm_apply_forward_mod_add_clean	7218152	7218431	279	19	0	20	22
tlm_apply_forward_swap	7218431	7219199	768	256	0	0	0
tlm_apply_forward_fold	7219199	7220795	1596	316	0	51	59
tlm_multiply_gcd_reverse_body	7220795	7223950	3155	475	2	183	185
tlm_multiply_gcd_reverse_decode	7223950	7223956	6	0	0	0	3
tlm_multiply_gcd_reverse_apply	7223956	7223957	1	0	0	0	0
tlm_apply_forward_mod_add_register	7223957	7228845	4888	623	5	366	371
tlm_apply_forward_mod_add_fold	7228845	7229434	589	58	3	58	58
tlm_apply_forward_mod_add_clean	7229434	7229713	279	19	0	20	22
tlm_apply_forward_swap	7229713	7230481	768	256	0	0	0
tlm_apply_forward_fold	7230481	7232081	1600	314	0	52	60
tlm_multiply_gcd_reverse_body	7232081	7235256	3175	479	2	184	186
tlm_multiply_gcd_reverse_decode	7235256	7235262	6	0	0	0	3
tlm_multiply_gcd_reverse_apply	7235262	7235263	1	0	0	0	0
tlm_apply_forward_mod_add_register	7235263	7240151	4888	623	5	366	371
tlm_apply_forward_mod_add_fold	7240151	7240724	573	57	2	57	57
tlm_apply_forward_mod_add_clean	7240724	7241003	279	19	0	20	22
tlm_apply_forward_swap	7241003	7241771	768	256	0	0	0
tlm_apply_forward_fold	7241771	7243372	1601	313	0	52	59
tlm_multiply_gcd_reverse_body	7243372	7246567	3195	483	2	185	187
tlm_multiply_gcd_reverse_decode	7246567	7246732	165	17	0	3	8
tlm_multiply_gcd_reverse_apply	7246732	7246733	1	0	0	0	0
tlm_apply_forward_mod_add_register	7246733	7251621	4888	623	5	366	371
tlm_apply_forward_mod_add_fold	7251621	7252210	589	58	3	58	58
tlm_apply_forward_mod_add_clean	7252210	7252489	279	19	0	20	22
tlm_apply_forward_swap	7252489	7253257	768	256	0	0	0
tlm_apply_forward_fold	7253257	7254857	1600	314	0	52	60
tlm_multiply_gcd_reverse_body	7254857	7258072	3215	487	2	186	188
tlm_multiply_gcd_reverse_decode	7258072	7258078	6	0	0	0	3
tlm_multiply_gcd_reverse_apply	7258078	7258079	1	0	0	0	0
tlm_apply_forward_mod_add_register	7258079	7262967	4888	623	5	366	371
tlm_apply_forward_mod_add_fold	7262967	7263540	573	57	2	57	57
tlm_apply_forward_mod_add_clean	7263540	7263819	279	19	0	20	22
tlm_apply_forward_swap	7263819	7264587	768	256	0	0	0
tlm_apply_forward_fold	7264587	7266188	1601	313	0	52	59
tlm_multiply_gcd_reverse_body	7266188	7269437	3249	492	2	188	190
tlm_multiply_gcd_reverse_decode	7269437	7269443	6	0	0	0	3
tlm_multiply_gcd_reverse_apply	7269443	7269444	1	0	0	0	0
tlm_apply_forward_mod_add_register	7269444	7274332	4888	623	5	366	371
tlm_apply_forward_mod_add_fold	7274332	7274905	573	57	2	57	57
tlm_apply_forward_mod_add_clean	7274905	7275184	279	19	0	20	22
tlm_apply_forward_swap	7275184	7275952	768	256	0	0	0
tlm_apply_forward_fold	7275952	7277557	1605	311	0	53	60
tlm_multiply_gcd_reverse_body	7277557	7280798	3241	494	2	187	189
tlm_multiply_gcd_reverse_decode	7280798	7280963	165	17	0	3	8
tlm_multiply_gcd_reverse_apply	7280963	7280964	1	0	0	0	0
tlm_apply_forward_mod_add_register	7280964	7285852	4888	623	5	366	371
tlm_apply_forward_mod_add_fold	7285852	7286425	573	57	2	57	57
tlm_apply_forward_mod_add_clean	7286425	7286704	279	19	0	20	22
tlm_apply_forward_swap	7286704	7287472	768	256	0	0	0
tlm_apply_forward_fold	7287472	7289073	1601	313	0	52	59
tlm_multiply_gcd_reverse_body	7289073	7292348	3275	499	2	189	191
tlm_multiply_gcd_reverse_decode	7292348	7292354	6	0	0	0	3
tlm_multiply_gcd_reverse_apply	7292354	7292355	1	0	0	0	0
tlm_apply_forward_mod_add_register	7292355	7297243	4888	623	5	366	371
tlm_apply_forward_mod_add_fold	7297243	7297832	589	58	3	58	58
tlm_apply_forward_mod_add_clean	7297832	7298111	279	19	0	20	22
tlm_apply_forward_swap	7298111	7298879	768	256	0	0	0
tlm_apply_forward_fold	7298879	7300479	1600	314	0	52	60
tlm_multiply_gcd_reverse_body	7300479	7303808	3329	508	2	192	194
tlm_multiply_gcd_reverse_decode	7303808	7303814	6	0	0	0	3
tlm_multiply_gcd_reverse_apply	7303814	7303815	1	0	0	0	0
tlm_apply_forward_mod_add_register	7303815	7308703	4888	623	5	366	371
tlm_apply_forward_mod_add_fold	7308703	7309250	547	55	1	55	55
tlm_apply_forward_mod_add_clean	7309250	7309529	279	19	0	20	22
tlm_apply_forward_swap	7309529	7310297	768	256	0	0	0
tlm_apply_forward_fold	7310297	7311906	1609	309	0	54	61
tlm_multiply_gcd_reverse_body	7311906	7315207	3301	506	2	190	192
tlm_multiply_gcd_reverse_decode	7315207	7315372	165	17	0	3	8
tlm_multiply_gcd_reverse_apply	7315372	7315373	1	0	0	0	0
tlm_apply_forward_mod_add_register	7315373	7320261	4888	623	5	366	371
tlm_apply_forward_mod_add_fold	7320261	7320850	589	58	3	58	58
tlm_apply_forward_mod_add_clean	7320850	7321129	279	19	0	20	22
tlm_apply_forward_swap	7321129	7321897	768	256	0	0	0
tlm_apply_forward_fold	7321897	7323497	1600	314	0	52	60
tlm_multiply_gcd_reverse_body	7323497	7326852	3355	515	2	193	195
tlm_multiply_gcd_reverse_decode	7326852	7326858	6	0	0	0	3
tlm_multiply_gcd_reverse_apply	7326858	7326859	1	0	0	0	0
tlm_apply_forward_mod_add_register	7326859	7331747	4888	623	5	366	371
tlm_apply_forward_mod_add_fold	7331747	7332294	547	55	1	55	55
tlm_apply_forward_mod_add_clean	7332294	7332573	279	19	0	20	22
tlm_apply_forward_swap	7332573	7333341	768	256	0	0	0
tlm_apply_forward_fold	7333341	7334950	1609	309	0	54	61
tlm_multiply_gcd_reverse_body	7334950	7338291	3341	514	2	192	194
tlm_multiply_gcd_reverse_decode	7338291	7338297	6	0	0	0	3
tlm_multiply_gcd_reverse_apply	7338297	7338298	1	0	0	0	0
tlm_apply_forward_mod_add_register	7338298	7342873	4575	601	4	344	348
tlm_apply_forward_mod_add_fold	7342873	7343426	553	55	2	55	55
tlm_apply_forward_mod_add_clean	7343426	7343705	279	19	0	20	22
tlm_apply_forward_swap	7343705	7344473	768	256	0	0	0
tlm_apply_forward_fold	7344473	7346090	1617	309	0	55	62
tlm_multiply_gcd_reverse_body	7346090	7349451	3361	518	2	193	195
tlm_multiply_gcd_reverse_decode	7349451	7349616	165	17	0	3	8
tlm_multiply_gcd_reverse_apply	7349616	7349617	1	0	0	0	0
tlm_apply_forward_mod_add_register	7349617	7354505	4888	623	5	366	371
tlm_apply_forward_mod_add_fold	7354505	7355052	547	55	1	55	55
tlm_apply_forward_mod_add_clean	7355052	7355331	279	19	0	20	22
tlm_apply_forward_swap	7355331	7356099	768	256	0	0	0
tlm_apply_forward_fold	7356099	7357708	1609	309	0	54	61
tlm_multiply_gcd_reverse_body	7357708	7361089	3381	522	2	194	196
tlm_multiply_gcd_reverse_decode	7361089	7361095	6	0	0	0	3
tlm_multiply_gcd_reverse_apply	7361095	7361096	1	0	0	0	0
tlm_apply_forward_mod_add_register	7361096	7365671	4575	601	4	344	348
tlm_apply_forward_mod_add_fold	7365671	7366224	553	55	2	55	55
tlm_apply_forward_mod_add_clean	7366224	7366503	279	19	0	20	22
tlm_apply_forward_swap	7366503	7367271	768	256	0	0	0
tlm_apply_forward_fold	7367271	7368888	1617	309	0	55	62
tlm_multiply_gcd_reverse_body	7368888	7372275	3387	525	2	194	196
tlm_multiply_gcd_reverse_decode	7372275	7372281	6	0	0	0	3
tlm_multiply_gcd_reverse_apply	7372281	7372282	1	0	0	0	0
tlm_apply_forward_mod_add_register	7372282	7376857	4575	601	4	344	348
tlm_apply_forward_mod_add_fold	7376857	7377410	553	55	2	55	55
tlm_apply_forward_mod_add_clean	7377410	7377689	279	19	0	20	22
tlm_apply_forward_swap	7377689	7378457	768	256	0	0	0
tlm_apply_forward_fold	7378457	7380074	1617	309	0	55	62
tlm_multiply_gcd_reverse_body	7380074	7383495	3421	530	2	196	198
tlm_multiply_gcd_reverse_decode	7383495	7383660	165	17	0	3	8
tlm_multiply_gcd_reverse_apply	7383660	7383661	1	0	0	0	0
tlm_apply_forward_mod_add_register	7383661	7388236	4575	601	4	344	348
tlm_apply_forward_mod_add_fold	7388236	7388789	553	55	2	55	55
tlm_apply_forward_mod_add_clean	7388789	7389068	279	19	0	20	22
tlm_apply_forward_swap	7389068	7389836	768	256	0	0	0
tlm_apply_forward_fold	7389836	7391453	1617	309	0	55	62
tlm_multiply_gcd_reverse_body	7391453	7394894	3441	534	2	197	199
tlm_multiply_gcd_reverse_decode	7394894	7394900	6	0	0	0	3
tlm_multiply_gcd_reverse_apply	7394900	7394901	1	0	0	0	0
tlm_apply_forward_mod_add_register	7394901	7399789	4888	623	5	366	371
tlm_apply_forward_mod_add_fold	7399789	7400336	547	55	1	55	55
tlm_apply_forward_mod_add_clean	7400336	7400615	279	19	0	20	22
tlm_apply_forward_swap	7400615	7401383	768	256	0	0	0
tlm_apply_forward_fold	7401383	7402992	1609	309	0	54	61
tlm_multiply_gcd_reverse_body	7402992	7406473	3481	542	2	199	201
tlm_multiply_gcd_reverse_decode	7406473	7406479	6	0	0	0	3
tlm_multiply_gcd_reverse_apply	7406479	7406480	1	0	0	0	0
tlm_apply_forward_mod_add_register	7406480	7411055	4575	601	4	344	348
tlm_apply_forward_mod_add_fold	7411055	7411608	553	55	2	55	55
tlm_apply_forward_mod_add_clean	7411608	7411887	279	19	0	20	22
tlm_apply_forward_swap	7411887	7412655	768	256	0	0	0
tlm_apply_forward_fold	7412655	7414272	1617	309	0	55	62
tlm_multiply_gcd_reverse_body	7414272	7417787	3515	547	2	201	203
tlm_multiply_gcd_reverse_decode	7417787	7417952	165	17	0	3	8
tlm_multiply_gcd_reverse_apply	7417952	7417953	1	0	0	0	0
tlm_apply_forward_mod_add_register	7417953	7422841	4888	623	5	366	371
tlm_apply_forward_mod_add_fold	7422841	7423388	547	55	1	55	55
tlm_apply_forward_mod_add_clean	7423388	7423667	279	19	0	20	22
tlm_apply_forward_swap	7423667	7424435	768	256	0	0	0
tlm_apply_forward_fold	7424435	7426044	1609	309	0	54	61
tlm_multiply_gcd_reverse_body	7426044	7429565	3521	550	2	201	203
tlm_multiply_gcd_reverse_decode	7429565	7429571	6	0	0	0	3
tlm_multiply_gcd_reverse_apply	7429571	7429572	1	0	0	0	0
tlm_apply_forward_mod_add_register	7429572	7434147	4575	601	4	344	348
tlm_apply_forward_mod_add_fold	7434147	7434700	553	55	2	55	55
tlm_apply_forward_mod_add_clean	7434700	7434979	279	19	0	20	22
tlm_apply_forward_swap	7434979	7435747	768	256	0	0	0
tlm_apply_forward_fold	7435747	7437364	1617	309	0	55	62
tlm_multiply_gcd_reverse_body	7437364	7440905	3541	554	2	202	204
tlm_multiply_gcd_reverse_decode	7440905	7440911	6	0	0	0	3
tlm_multiply_gcd_reverse_apply	7440911	7440912	1	0	0	0	0
tlm_apply_forward_mod_add_register	7440912	7445487	4575	601	4	344	348
tlm_apply_forward_mod_add_fold	7445487	7446040	553	55	2	55	55
tlm_apply_forward_mod_add_clean	7446040	7446319	279	19	0	20	22
tlm_apply_forward_swap	7446319	7447087	768	256	0	0	0
tlm_apply_forward_fold	7447087	7448704	1617	309	0	55	62
tlm_multiply_gcd_reverse_body	7448704	7452265	3561	558	2	203	205
tlm_multiply_gcd_reverse_decode	7452265	7452430	165	17	0	3	8
tlm_multiply_gcd_reverse_apply	7452430	7452431	1	0	0	0	0
tlm_apply_forward_mod_add_register	7452431	7457006	4575	601	4	344	348
tlm_apply_forward_mod_add_fold	7457006	7457559	553	55	2	55	55
tlm_apply_forward_mod_add_clean	7457559	7457838	279	19	0	20	22
tlm_apply_forward_swap	7457838	7458606	768	256	0	0	0
tlm_apply_forward_fold	7458606	7460223	1617	309	0	55	62
tlm_multiply_gcd_reverse_body	7460223	7463804	3581	562	2	204	206
tlm_multiply_gcd_reverse_decode	7463804	7463810	6	0	0	0	3
tlm_multiply_gcd_reverse_apply	7463810	7463811	1	0	0	0	0
tlm_apply_forward_mod_add_register	7463811	7468386	4575	601	4	344	348
tlm_apply_forward_mod_add_fold	7468386	7468939	553	55	2	55	55
tlm_apply_forward_mod_add_clean	7468939	7469218	279	19	0	20	22
tlm_apply_forward_swap	7469218	7469986	768	256	0	0	0
tlm_apply_forward_fold	7469986	7471603	1617	309	0	55	62
tlm_multiply_gcd_reverse_body	7471603	7475204	3601	566	2	205	207
tlm_multiply_gcd_reverse_decode	7475204	7475210	6	0	0	0	3
tlm_multiply_gcd_reverse_apply	7475210	7475211	1	0	0	0	0
tlm_apply_forward_mod_add_register	7475211	7479786	4575	601	4	344	348
tlm_apply_forward_mod_add_fold	7479786	7480339	553	55	2	55	55
tlm_apply_forward_mod_add_clean	7480339	7480618	279	19	0	20	22
tlm_apply_forward_swap	7480618	7481386	768	256	0	0	0
tlm_apply_forward_fold	7481386	7483003	1617	309	0	55	62
tlm_multiply_gcd_reverse_body	7483003	7486610	3607	569	2	205	207
tlm_multiply_gcd_reverse_decode	7486610	7486775	165	17	0	3	8
tlm_multiply_gcd_reverse_apply	7486775	7486776	1	0	0	0	0
tlm_apply_forward_mod_add_register	7486776	7491351	4575	601	4	344	348
tlm_apply_forward_mod_add_fold	7491351	7491904	553	55	2	55	55
tlm_apply_forward_mod_add_clean	7491904	7492183	279	19	0	20	22
tlm_apply_forward_swap	7492183	7492951	768	256	0	0	0
tlm_apply_forward_fold	7492951	7494568	1617	309	0	55	62
tlm_multiply_gcd_reverse_body	7494568	7498209	3641	574	2	207	209
tlm_multiply_gcd_reverse_decode	7498209	7498215	6	0	0	0	3
tlm_multiply_gcd_reverse_apply	7498215	7498216	1	0	0	0	0
tlm_apply_forward_mod_add_register	7498216	7502791	4575	601	4	344	348
tlm_apply_forward_mod_add_fold	7502791	7503344	553	55	2	55	55
tlm_apply_forward_mod_add_clean	7503344	7503623	279	19	0	20	22
tlm_apply_forward_swap	7503623	7504391	768	256	0	0	0
tlm_apply_forward_fold	7504391	7506008	1617	309	0	55	62
tlm_multiply_gcd_reverse_body	7506008	7509655	3647	577	2	207	209
tlm_multiply_gcd_reverse_decode	7509655	7509661	6	0	0	0	3
tlm_multiply_gcd_reverse_apply	7509661	7509662	1	0	0	0	0
tlm_apply_forward_mod_add_register	7509662	7514237	4575	601	4	344	348
tlm_apply_forward_mod_add_fold	7514237	7514790	553	55	2	55	55
tlm_apply_forward_mod_add_clean	7514790	7515069	279	19	0	20	22
tlm_apply_forward_swap	7515069	7515837	768	256	0	0	0
tlm_apply_forward_fold	7515837	7517454	1617	309	0	55	62
tlm_multiply_gcd_reverse_body	7517454	7521101	3647	577	2	207	209
tlm_multiply_gcd_reverse_decode	7521101	7521266	165	17	0	3	8
tlm_multiply_gcd_reverse_apply	7521266	7521267	1	0	0	0	0
tlm_apply_forward_mod_add_register	7521267	7525842	4575	601	4	344	348
tlm_apply_forward_mod_add_fold	7525842	7526395	553	55	2	55	55
tlm_apply_forward_mod_add_clean	7526395	7526674	279	19	0	20	22
tlm_apply_forward_swap	7526674	7527442	768	256	0	0	0
tlm_apply_forward_fold	7527442	7529059	1617	309	0	55	62
tlm_multiply_gcd_reverse_body	7529059	7532746	3687	585	2	209	211
tlm_multiply_gcd_reverse_decode	7532746	7532752	6	0	0	0	3
tlm_multiply_gcd_reverse_apply	7532752	7532753	1	0	0	0	0
tlm_apply_forward_mod_add_register	7532753	7537328	4575	601	4	344	348
tlm_apply_forward_mod_add_fold	7537328	7537881	553	55	2	55	55
tlm_apply_forward_mod_add_clean	7537881	7538160	279	19	0	20	22
tlm_apply_forward_swap	7538160	7538928	768	256	0	0	0
tlm_apply_forward_fold	7538928	7540545	1617	309	0	55	62
tlm_multiply_gcd_reverse_body	7540545	7544252	3707	589	2	210	212
tlm_multiply_gcd_reverse_decode	7544252	7544258	6	0	0	0	3
tlm_multiply_gcd_reverse_apply	7544258	7544259	1	0	0	0	0
tlm_apply_forward_mod_add_register	7544259	7548834	4575	601	4	344	348
tlm_apply_forward_mod_add_fold	7548834	7549387	553	55	2	55	55
tlm_apply_forward_mod_add_clean	7549387	7549666	279	19	0	20	22
tlm_apply_forward_swap	7549666	7550434	768	256	0	0	0
tlm_apply_forward_fold	7550434	7552051	1617	309	0	55	62
tlm_multiply_gcd_reverse_body	7552051	7555792	3741	594	2	212	214
tlm_multiply_gcd_reverse_decode	7555792	7555957	165	17	0	3	8
tlm_multiply_gcd_reverse_apply	7555957	7555958	1	0	0	0	0
tlm_apply_forward_mod_add_register	7555958	7560533	4575	601	4	344	348
tlm_apply_forward_mod_add_fold	7560533	7561086	553	55	2	55	55
tlm_apply_forward_mod_add_clean	7561086	7561365	279	19	0	20	22
tlm_apply_forward_swap	7561365	7562133	768	256	0	0	0
tlm_apply_forward_fold	7562133	7563750	1617	309	0	55	62
tlm_multiply_gcd_reverse_body	7563750	7567511	3761	598	2	213	215
tlm_multiply_gcd_reverse_decode	7567511	7567517	6	0	0	0	3
tlm_multiply_gcd_reverse_apply	7567517	7567518	1	0	0	0	0
tlm_apply_forward_mod_add_register	7567518	7572093	4575	601	4	344	348
tlm_apply_forward_mod_add_fold	7572093	7572646	553	55	2	55	55
tlm_apply_forward_mod_add_clean	7572646	7572925	279	19	0	20	22
tlm_apply_forward_swap	7572925	7573693	768	256	0	0	0
tlm_apply_forward_fold	7573693	7575310	1617	309	0	55	62
tlm_multiply_gcd_reverse_body	7575310	7579063	3753	600	2	212	214
tlm_multiply_gcd_reverse_decode	7579063	7579069	6	0	0	0	3
tlm_multiply_gcd_reverse_apply	7579069	7579070	1	0	0	0	0
tlm_apply_forward_mod_add_register	7579070	7583645	4575	601	4	344	348
tlm_apply_forward_mod_add_fold	7583645	7584198	553	55	2	55	55
tlm_apply_forward_mod_add_clean	7584198	7584477	279	19	0	20	22
tlm_apply_forward_swap	7584477	7585245	768	256	0	0	0
tlm_apply_forward_fold	7585245	7586862	1617	309	0	55	62
tlm_multiply_gcd_reverse_body	7586862	7590649	3787	605	2	214	216
tlm_multiply_gcd_reverse_decode	7590649	7590814	165	17	0	3	8
tlm_multiply_gcd_reverse_apply	7590814	7590815	1	0	0	0	0
tlm_apply_forward_mod_add_register	7590815	7595390	4575	601	4	344	348
tlm_apply_forward_mod_add_fold	7595390	7595943	553	55	2	55	55
tlm_apply_forward_mod_add_clean	7595943	7596222	279	19	0	20	22
tlm_apply_forward_swap	7596222	7596990	768	256	0	0	0
tlm_apply_forward_fold	7596990	7598607	1617	309	0	55	62
tlm_multiply_gcd_reverse_body	7598607	7602414	3807	609	2	215	217
tlm_multiply_gcd_reverse_decode	7602414	7602420	6	0	0	0	3
tlm_multiply_gcd_reverse_apply	7602420	7602421	1	0	0	0	0
tlm_apply_forward_mod_add_register	7602421	7606996	4575	601	4	344	348
tlm_apply_forward_mod_add_fold	7606996	7607549	553	55	2	55	55
tlm_apply_forward_mod_add_clean	7607549	7607828	279	19	0	20	22
tlm_apply_forward_swap	7607828	7608596	768	256	0	0	0
tlm_apply_forward_fold	7608596	7610213	1617	309	0	55	62
tlm_multiply_gcd_reverse_body	7610213	7614040	3827	613	2	216	218
tlm_multiply_gcd_reverse_decode	7614040	7614046	6	0	0	0	3
tlm_multiply_gcd_reverse_apply	7614046	7614047	1	0	0	0	0
tlm_apply_forward_mod_add_register	7614047	7618622	4575	601	4	344	348
tlm_apply_forward_mod_add_fold	7618622	7619175	553	55	2	55	55
tlm_apply_forward_mod_add_clean	7619175	7619454	279	19	0	20	22
tlm_apply_forward_swap	7619454	7620222	768	256	0	0	0
tlm_apply_forward_fold	7620222	7621839	1617	309	0	55	62
tlm_multiply_gcd_reverse_body	7621839	7625686	3847	617	2	217	219
tlm_multiply_gcd_reverse_decode	7625686	7625851	165	17	0	3	8
tlm_multiply_gcd_reverse_apply	7625851	7625852	1	0	0	0	0
tlm_apply_forward_mod_add_register	7625852	7630427	4575	601	4	344	348
tlm_apply_forward_mod_add_fold	7630427	7630980	553	55	2	55	55
tlm_apply_forward_mod_add_clean	7630980	7631259	279	19	0	20	22
tlm_apply_forward_swap	7631259	7632027	768	256	0	0	0
tlm_apply_forward_fold	7632027	7633644	1617	309	0	55	62
tlm_multiply_gcd_reverse_body	7633644	7637497	3853	620	2	217	219
tlm_multiply_gcd_reverse_decode	7637497	7637503	6	0	0	0	3
tlm_multiply_gcd_reverse_apply	7637503	7637504	1	0	0	0	0
tlm_apply_forward_mod_add_register	7637504	7642079	4575	601	4	344	348
tlm_apply_forward_mod_add_fold	7642079	7642632	553	55	2	55	55
tlm_apply_forward_mod_add_clean	7642632	7642911	279	19	0	20	22
tlm_apply_forward_swap	7642911	7643679	768	256	0	0	0
tlm_apply_forward_fold	7643679	7645296	1617	309	0	55	62
tlm_multiply_gcd_reverse_body	7645296	7649169	3873	624	2	218	220
tlm_multiply_gcd_reverse_decode	7649169	7649175	6	0	0	0	3
tlm_multiply_gcd_reverse_apply	7649175	7649176	1	0	0	0	0
tlm_apply_forward_mod_add_register	7649176	7653751	4575	601	4	344	348
tlm_apply_forward_mod_add_fold	7653751	7654304	553	55	2	55	55
tlm_apply_forward_mod_add_clean	7654304	7654583	279	19	0	20	22
tlm_apply_forward_swap	7654583	7655351	768	256	0	0	0
tlm_apply_forward_fold	7655351	7656968	1617	309	0	55	62
tlm_multiply_gcd_reverse_body	7656968	7660861	3893	628	2	219	221
tlm_multiply_gcd_reverse_decode	7660861	7661026	165	17	0	3	8
tlm_multiply_gcd_reverse_apply	7661026	7661027	1	0	0	0	0
tlm_apply_forward_mod_add_register	7661027	7665602	4575	601	4	344	348
tlm_apply_forward_mod_add_fold	7665602	7666155	553	55	2	55	55
tlm_apply_forward_mod_add_clean	7666155	7666434	279	19	0	20	22
tlm_apply_forward_swap	7666434	7667202	768	256	0	0	0
tlm_apply_forward_fold	7667202	7668819	1617	309	0	55	62
tlm_multiply_gcd_reverse_body	7668819	7672732	3913	632	2	220	222
tlm_multiply_gcd_reverse_decode	7672732	7672738	6	0	0	0	3
tlm_multiply_gcd_reverse_apply	7672738	7672739	1	0	0	0	0
tlm_apply_forward_mod_add_register	7672739	7677314	4575	601	4	344	348
tlm_apply_forward_mod_add_fold	7677314	7677867	553	55	2	55	55
tlm_apply_forward_mod_add_clean	7677867	7678146	279	19	0	20	22
tlm_apply_forward_swap	7678146	7678914	768	256	0	0	0
tlm_apply_forward_fold	7678914	7680531	1617	309	0	55	62
tlm_multiply_gcd_reverse_body	7680531	7684478	3947	637	2	222	224
tlm_multiply_gcd_reverse_decode	7684478	7684484	6	0	0	0	3
tlm_multiply_gcd_reverse_apply	7684484	7684485	1	0	0	0	0
tlm_apply_forward_mod_add_register	7684485	7689060	4575	601	4	344	348
tlm_apply_forward_mod_add_fold	7689060	7689613	553	55	2	55	55
tlm_apply_forward_mod_add_clean	7689613	7689892	279	19	0	20	22
tlm_apply_forward_swap	7689892	7690660	768	256	0	0	0
tlm_apply_forward_fold	7690660	7692277	1617	309	0	55	62
tlm_multiply_gcd_reverse_body	7692277	7696230	3953	640	2	222	224
tlm_multiply_gcd_reverse_decode	7696230	7696395	165	17	0	3	8
tlm_multiply_gcd_reverse_apply	7696395	7696396	1	0	0	0	0
tlm_apply_forward_mod_add_register	7696396	7700971	4575	601	4	344	348
tlm_apply_forward_mod_add_fold	7700971	7701524	553	55	2	55	55
tlm_apply_forward_mod_add_clean	7701524	7701803	279	19	0	20	22
tlm_apply_forward_swap	7701803	7702571	768	256	0	0	0
tlm_apply_forward_fold	7702571	7704188	1617	309	0	55	62
tlm_multiply_gcd_reverse_body	7704188	7708161	3973	644	2	223	225
tlm_multiply_gcd_reverse_decode	7708161	7708167	6	0	0	0	3
tlm_multiply_gcd_reverse_apply	7708167	7708168	1	0	0	0	0
tlm_apply_forward_mod_add_register	7708168	7712743	4575	601	4	344	348
tlm_apply_forward_mod_add_fold	7712743	7713296	553	55	2	55	55
tlm_apply_forward_mod_add_clean	7713296	7713575	279	19	0	20	22
tlm_apply_forward_swap	7713575	7714343	768	256	0	0	0
tlm_apply_forward_fold	7714343	7715960	1617	309	0	55	62
tlm_multiply_gcd_reverse_body	7715960	7719967	4007	649	2	225	227
tlm_multiply_gcd_reverse_decode	7719967	7719973	6	0	0	0	3
tlm_multiply_gcd_reverse_apply	7719973	7719974	1	0	0	0	0
tlm_apply_forward_mod_add_register	7719974	7724549	4575	601	4	344	348
tlm_apply_forward_mod_add_fold	7724549	7725102	553	55	2	55	55
tlm_apply_forward_mod_add_clean	7725102	7725381	279	19	0	20	22
tlm_apply_forward_swap	7725381	7726149	768	256	0	0	0
tlm_apply_forward_fold	7726149	7727766	1617	309	0	55	62
tlm_multiply_gcd_reverse_body	7727766	7731793	4027	653	2	226	228
tlm_multiply_gcd_reverse_decode	7731793	7731958	165	17	0	3	8
tlm_multiply_gcd_reverse_apply	7731958	7731959	1	0	0	0	0
tlm_apply_forward_mod_add_register	7731959	7736534	4575	601	4	344	348
tlm_apply_forward_mod_add_fold	7736534	7737087	553	55	2	55	55
tlm_apply_forward_mod_add_clean	7737087	7737366	279	19	0	20	22
tlm_apply_forward_swap	7737366	7738134	768	256	0	0	0
tlm_apply_forward_fold	7738134	7739751	1617	309	0	55	62
tlm_multiply_gcd_reverse_body	7739751	7743784	4033	656	2	226	228
tlm_multiply_gcd_reverse_decode	7743784	7743790	6	0	0	0	3
tlm_multiply_gcd_reverse_apply	7743790	7743791	1	0	0	0	0
tlm_apply_forward_mod_add_register	7743791	7748366	4575	601	4	344	348
tlm_apply_forward_mod_add_fold	7748366	7748919	553	55	2	55	55
tlm_apply_forward_mod_add_clean	7748919	7749198	279	19	0	20	22
tlm_apply_forward_swap	7749198	7749966	768	256	0	0	0
tlm_apply_forward_fold	7749966	7751583	1617	309	0	55	62
tlm_multiply_gcd_reverse_body	7751583	7755650	4067	661	2	228	230
tlm_multiply_gcd_reverse_decode	7755650	7755656	6	0	0	0	3
tlm_multiply_gcd_reverse_apply	7755656	7755657	1	0	0	0	0
tlm_apply_forward_mod_add_register	7755657	7760232	4575	601	4	344	348
tlm_apply_forward_mod_add_fold	7760232	7760785	553	55	2	55	55
tlm_apply_forward_mod_add_clean	7760785	7761064	279	19	0	20	22
tlm_apply_forward_swap	7761064	7761832	768	256	0	0	0
tlm_apply_forward_fold	7761832	7763449	1617	309	0	55	62
tlm_multiply_gcd_reverse_body	7763449	7767522	4073	664	2	228	230
tlm_multiply_gcd_reverse_decode	7767522	7767687	165	17	0	3	8
tlm_multiply_gcd_reverse_apply	7767687	7767688	1	0	0	0	0
tlm_apply_forward_mod_add_register	7767688	7772263	4575	601	4	344	348
tlm_apply_forward_mod_add_fold	7772263	7772816	553	55	2	55	55
tlm_apply_forward_mod_add_clean	7772816	7773095	279	19	0	20	22
tlm_apply_forward_swap	7773095	7773863	768	256	0	0	0
tlm_apply_forward_fold	7773863	7775480	1617	309	0	55	62
tlm_multiply_gcd_reverse_body	7775480	7779573	4093	668	2	229	231
tlm_multiply_gcd_reverse_decode	7779573	7779579	6	0	0	0	3
tlm_multiply_gcd_reverse_apply	7779579	7779580	1	0	0	0	0
tlm_apply_forward_mod_add_register	7779580	7784155	4575	601	4	344	348
tlm_apply_forward_mod_add_fold	7784155	7784708	553	55	2	55	55
tlm_apply_forward_mod_add_clean	7784708	7784987	279	19	0	20	22
tlm_apply_forward_swap	7784987	7785755	768	256	0	0	0
tlm_apply_forward_fold	7785755	7787372	1617	309	0	55	62
tlm_multiply_gcd_reverse_body	7787372	7791485	4113	672	2	230	232
tlm_multiply_gcd_reverse_decode	7791485	7791491	6	0	0	0	3
tlm_multiply_gcd_reverse_apply	7791491	7791492	1	0	0	0	0
tlm_apply_forward_mod_add_register	7791492	7795754	4262	579	3	322	325
tlm_apply_forward_mod_add_fold	7795754	7796307	553	55	2	55	55
tlm_apply_forward_mod_add_clean	7796307	7796586	279	19	0	20	22
tlm_apply_forward_swap	7796586	7797354	768	256	0	0	0
tlm_apply_forward_fold	7797354	7798971	1617	309	0	55	62
tlm_multiply_gcd_reverse_body	7798971	7803104	4133	676	2	231	233
tlm_multiply_gcd_reverse_decode	7803104	7803269	165	17	0	3	8
tlm_multiply_gcd_reverse_apply	7803269	7803270	1	0	0	0	0
tlm_apply_forward_mod_add_register	7803270	7807845	4575	601	4	344	348
tlm_apply_forward_mod_add_fold	7807845	7808398	553	55	2	55	55
tlm_apply_forward_mod_add_clean	7808398	7808677	279	19	0	20	22
tlm_apply_forward_swap	7808677	7809445	768	256	0	0	0
tlm_apply_forward_fold	7809445	7811062	1617	309	0	55	62
tlm_multiply_gcd_reverse_body	7811062	7815215	4153	680	2	232	234
tlm_multiply_gcd_reverse_decode	7815215	7815221	6	0	0	0	3
tlm_multiply_gcd_reverse_apply	7815221	7815222	1	0	0	0	0
tlm_apply_forward_mod_add_register	7815222	7819484	4262	579	3	322	325
tlm_apply_forward_mod_add_fold	7819484	7820037	553	55	2	55	55
tlm_apply_forward_mod_add_clean	7820037	7820316	279	19	0	20	22
tlm_apply_forward_swap	7820316	7821084	768	256	0	0	0
tlm_apply_forward_fold	7821084	7822701	1617	309	0	55	62
tlm_multiply_gcd_reverse_body	7822701	7826874	4173	684	2	233	235
tlm_multiply_gcd_reverse_decode	7826874	7826880	6	0	0	0	3
tlm_multiply_gcd_reverse_apply	7826880	7826881	1	0	0	0	0
tlm_apply_forward_mod_add_register	7826881	7831143	4262	579	3	322	325
tlm_apply_forward_mod_add_fold	7831143	7831696	553	55	2	55	55
tlm_apply_forward_mod_add_clean	7831696	7831975	279	19	0	20	22
tlm_apply_forward_swap	7831975	7832743	768	256	0	0	0
tlm_apply_forward_fold	7832743	7834360	1617	309	0	55	62
tlm_multiply_gcd_reverse_body	7834360	7838553	4193	688	2	234	236
tlm_multiply_gcd_reverse_decode	7838553	7838718	165	17	0	3	8
tlm_multiply_gcd_reverse_apply	7838718	7838719	1	0	0	0	0
tlm_apply_forward_mod_add_register	7838719	7842981	4262	579	3	322	325
tlm_apply_forward_mod_add_fold	7842981	7843534	553	55	2	55	55
tlm_apply_forward_mod_add_clean	7843534	7843813	279	19	0	20	22
tlm_apply_forward_swap	7843813	7844581	768	256	0	0	0
tlm_apply_forward_fold	7844581	7846198	1617	309	0	55	62
tlm_multiply_gcd_reverse_body	7846198	7850397	4199	691	2	234	236
tlm_multiply_gcd_reverse_decode	7850397	7850403	6	0	0	0	3
tlm_multiply_gcd_reverse_apply	7850403	7850404	1	0	0	0	0
tlm_apply_forward_mod_add_register	7850404	7854666	4262	579	3	322	325
tlm_apply_forward_mod_add_fold	7854666	7855219	553	55	2	55	55
tlm_apply_forward_mod_add_clean	7855219	7855498	279	19	0	20	22
tlm_apply_forward_swap	7855498	7856266	768	256	0	0	0
tlm_apply_forward_fold	7856266	7857883	1617	309	0	55	62
tlm_multiply_gcd_reverse_body	7857883	7862116	4233	696	2	236	238
tlm_multiply_gcd_reverse_decode	7862116	7862122	6	0	0	0	3
tlm_multiply_gcd_reverse_apply	7862122	7862123	1	0	0	0	0
tlm_apply_forward_mod_add_register	7862123	7866385	4262	579	3	322	325
tlm_apply_forward_mod_add_fold	7866385	7866938	553	55	2	55	55
tlm_apply_forward_mod_add_clean	7866938	7867217	279	19	0	20	22
tlm_apply_forward_swap	7867217	7867985	768	256	0	0	0
tlm_apply_forward_fold	7867985	7869602	1617	309	0	55	62
tlm_multiply_gcd_reverse_body	7869602	7873841	4239	699	2	236	238
tlm_multiply_gcd_reverse_decode	7873841	7874006	165	17	0	3	8
tlm_multiply_gcd_reverse_apply	7874006	7874007	1	0	0	0	0
tlm_apply_forward_mod_add_register	7874007	7878269	4262	579	3	322	325
tlm_apply_forward_mod_add_fold	7878269	7878822	553	55	2	55	55
tlm_apply_forward_mod_add_clean	7878822	7879101	279	19	0	20	22
tlm_apply_forward_swap	7879101	7879869	768	256	0	0	0
tlm_apply_forward_fold	7879869	7881486	1617	309	0	55	62
tlm_multiply_gcd_reverse_body	7881486	7885745	4259	703	2	237	239
tlm_multiply_gcd_reverse_decode	7885745	7885751	6	0	0	0	3
tlm_multiply_gcd_reverse_apply	7885751	7885752	1	0	0	0	0
tlm_apply_forward_mod_add_register	7885752	7890014	4262	579	3	322	325
tlm_apply_forward_mod_add_fold	7890014	7890567	553	55	2	55	55
tlm_apply_forward_mod_add_clean	7890567	7890846	279	19	0	20	22
tlm_apply_forward_swap	7890846	7891614	768	256	0	0	0
tlm_apply_forward_fold	7891614	7893231	1617	309	0	55	62
tlm_multiply_gcd_reverse_body	7893231	7897510	4279	707	2	238	240
tlm_multiply_gcd_reverse_decode	7897510	7897516	6	0	0	0	3
tlm_multiply_gcd_reverse_apply	7897516	7897517	1	0	0	0	0
tlm_apply_forward_mod_add_register	7897517	7901779	4262	579	3	322	325
tlm_apply_forward_mod_add_fold	7901779	7902332	553	55	2	55	55
tlm_apply_forward_mod_add_clean	7902332	7902611	279	19	0	20	22
tlm_apply_forward_swap	7902611	7903379	768	256	0	0	0
tlm_apply_forward_fold	7903379	7904996	1617	309	0	55	62
tlm_multiply_gcd_reverse_body	7904996	7909295	4299	711	2	239	241
tlm_multiply_gcd_reverse_decode	7909295	7909460	165	17	0	3	8
tlm_multiply_gcd_reverse_apply	7909460	7909461	1	0	0	0	0
tlm_apply_forward_mod_add_register	7909461	7913723	4262	579	3	322	325
tlm_apply_forward_mod_add_fold	7913723	7914276	553	55	2	55	55
tlm_apply_forward_mod_add_clean	7914276	7914555	279	19	0	20	22
tlm_apply_forward_swap	7914555	7915323	768	256	0	0	0
tlm_apply_forward_fold	7915323	7916940	1617	309	0	55	62
tlm_multiply_gcd_reverse_body	7916940	7921259	4319	715	2	240	242
tlm_multiply_gcd_reverse_decode	7921259	7921265	6	0	0	0	3
tlm_multiply_gcd_reverse_apply	7921265	7921266	1	0	0	0	0
tlm_apply_forward_mod_add_register	7921266	7925528	4262	579	3	322	325
tlm_apply_forward_mod_add_fold	7925528	7926081	553	55	2	55	55
tlm_apply_forward_mod_add_clean	7926081	7926360	279	19	0	20	22
tlm_apply_forward_swap	7926360	7927128	768	256	0	0	0
tlm_apply_forward_fold	7927128	7928745	1617	309	0	55	62
tlm_multiply_gcd_reverse_body	7928745	7933070	4325	718	2	240	242
tlm_multiply_gcd_reverse_decode	7933070	7933076	6	0	0	0	3
tlm_multiply_gcd_reverse_apply	7933076	7933077	1	0	0	0	0
tlm_apply_forward_mod_add_register	7933077	7937339	4262	579	3	322	325
tlm_apply_forward_mod_add_fold	7937339	7937892	553	55	2	55	55
tlm_apply_forward_mod_add_clean	7937892	7938171	279	19	0	20	22
tlm_apply_forward_swap	7938171	7938939	768	256	0	0	0
tlm_apply_forward_fold	7938939	7940556	1617	309	0	55	62
tlm_multiply_gcd_reverse_body	7940556	7944915	4359	723	2	242	244
tlm_multiply_gcd_reverse_decode	7944915	7945080	165	17	0	3	8
tlm_multiply_gcd_reverse_apply	7945080	7945081	1	0	0	0	0
tlm_apply_forward_mod_add_register	7945081	7949343	4262	579	3	322	325
tlm_apply_forward_mod_add_fold	7949343	7949896	553	55	2	55	55
tlm_apply_forward_mod_add_clean	7949896	7950175	279	19	0	20	22
tlm_apply_forward_swap	7950175	7950943	768	256	0	0	0
tlm_apply_forward_fold	7950943	7952560	1617	309	0	55	62
tlm_multiply_gcd_reverse_body	7952560	7956939	4379	727	2	243	245
tlm_multiply_gcd_reverse_decode	7956939	7956945	6	0	0	0	3
tlm_multiply_gcd_reverse_apply	7956945	7956946	1	0	0	0	0
tlm_apply_forward_mod_add_register	7956946	7961208	4262	579	3	322	325
tlm_apply_forward_mod_add_fold	7961208	7961761	553	55	2	55	55
tlm_apply_forward_mod_add_clean	7961761	7962040	279	19	0	20	22
tlm_apply_forward_swap	7962040	7962808	768	256	0	0	0
tlm_apply_forward_fold	7962808	7964425	1617	309	0	55	62
tlm_multiply_gcd_reverse_body	7964425	7968810	4385	730	2	243	245
tlm_multiply_gcd_reverse_decode	7968810	7968816	6	0	0	0	3
tlm_multiply_gcd_reverse_apply	7968816	7968817	1	0	0	0	0
tlm_apply_forward_mod_add_register	7968817	7973079	4262	579	3	322	325
tlm_apply_forward_mod_add_fold	7973079	7973632	553	55	2	55	55
tlm_apply_forward_mod_add_clean	7973632	7973911	279	19	0	20	22
tlm_apply_forward_swap	7973911	7974679	768	256	0	0	0
tlm_apply_forward_fold	7974679	7976296	1617	309	0	55	62
tlm_multiply_gcd_reverse_body	7976296	7980735	4439	739	2	246	248
tlm_multiply_gcd_reverse_decode	7980735	7980900	165	17	0	3	8
tlm_multiply_gcd_reverse_apply	7980900	7980901	1	0	0	0	0
tlm_apply_forward_mod_add_register	7980901	7985163	4262	579	3	322	325
tlm_apply_forward_mod_add_fold	7985163	7985716	553	55	2	55	55
tlm_apply_forward_mod_add_clean	7985716	7985995	279	19	0	20	22
tlm_apply_forward_swap	7985995	7986763	768	256	0	0	0
tlm_apply_forward_fold	7986763	7988380	1617	309	0	55	62
tlm_multiply_gcd_reverse_body	7988380	7992839	4459	743	2	247	249
tlm_multiply_gcd_reverse_decode	7992839	7992845	6	0	0	0	3
tlm_multiply_gcd_reverse_apply	7992845	7992846	1	0	0	0	0
tlm_apply_forward_mod_add_register	7992846	7997108	4262	579	3	322	325
tlm_apply_forward_mod_add_fold	7997108	7997661	553	55	2	55	55
tlm_apply_forward_mod_add_clean	7997661	7997940	279	19	0	20	22
tlm_apply_forward_swap	7997940	7998708	768	256	0	0	0
tlm_apply_forward_fold	7998708	8000325	1617	309	0	55	62
tlm_multiply_gcd_reverse_body	8000325	8004818	4493	748	2	249	251
tlm_multiply_gcd_reverse_decode	8004818	8004824	6	0	0	0	3
tlm_multiply_gcd_reverse_apply	8004824	8004825	1	0	0	0	0
tlm_apply_forward_mod_add_register	8004825	8009087	4262	579	3	322	325
tlm_apply_forward_mod_add_fold	8009087	8009640	553	55	2	55	55
tlm_apply_forward_mod_add_clean	8009640	8009919	279	19	0	20	22
tlm_apply_forward_swap	8009919	8010687	768	256	0	0	0
tlm_apply_forward_fold	8010687	8012304	1617	309	0	55	62
tlm_multiply_gcd_reverse_body	8012304	8016789	4485	750	2	248	250
tlm_multiply_gcd_reverse_decode	8016789	8016954	165	17	0	3	8
tlm_multiply_gcd_reverse_apply	8016954	8016955	1	0	0	0	0
tlm_apply_forward_mod_add_register	8016955	8021217	4262	579	3	322	325
tlm_apply_forward_mod_add_fold	8021217	8021770	553	55	2	55	55
tlm_apply_forward_mod_add_clean	8021770	8022049	279	19	0	20	22
tlm_apply_forward_swap	8022049	8022817	768	256	0	0	0
tlm_apply_forward_fold	8022817	8024434	1617	309	0	55	62
tlm_multiply_gcd_reverse_body	8024434	8028939	4505	754	2	249	251
tlm_multiply_gcd_reverse_decode	8028939	8028945	6	0	0	0	3
tlm_multiply_gcd_reverse_apply	8028945	8028946	1	0	0	0	0
tlm_apply_forward_mod_add_register	8028946	8033208	4262	579	3	322	325
tlm_apply_forward_mod_add_fold	8033208	8033761	553	55	2	55	55
tlm_apply_forward_mod_add_clean	8033761	8034040	279	19	0	20	22
tlm_apply_forward_swap	8034040	8034808	768	256	0	0	0
tlm_apply_forward_fold	8034808	8036425	1617	309	0	55	62
tlm_multiply_gcd_reverse_body	8036425	8040984	4559	763	2	252	254
tlm_multiply_gcd_reverse_decode	8040984	8040990	6	0	0	0	3
tlm_multiply_gcd_reverse_apply	8040990	8040991	1	0	0	0	0
tlm_apply_forward_mod_add_register	8040991	8045253	4262	579	3	322	325
tlm_apply_forward_mod_add_fold	8045253	8045806	553	55	2	55	55
tlm_apply_forward_mod_add_clean	8045806	8046085	279	19	0	20	22
tlm_apply_forward_swap	8046085	8046853	768	256	0	0	0
tlm_apply_forward_fold	8046853	8048470	1617	309	0	55	62
tlm_multiply_gcd_reverse_body	8048470	8053063	4593	768	2	254	256
tlm_multiply_gcd_reverse_decode	8053063	8053228	165	17	0	3	8
tlm_multiply_gcd_reverse_apply	8053228	8053229	1	0	0	0	0
tlm_apply_forward_mod_add_register	8053229	8057491	4262	579	3	322	325
tlm_apply_forward_mod_add_fold	8057491	8058044	553	55	2	55	55
tlm_apply_forward_mod_add_clean	8058044	8058323	279	19	0	20	22
tlm_apply_forward_swap	8058323	8059091	768	256	0	0	0
tlm_apply_forward_fold	8059091	8060708	1617	309	0	55	62
tlm_multiply_gcd_reverse_body	8060708	8065273	4565	766	2	252	254
tlm_multiply_gcd_reverse_decode	8065273	8065279	6	0	0	0	3
tlm_multiply_gcd_reverse_apply	8065279	8065280	1	0	0	0	0
tlm_apply_forward_mod_add_register	8065280	8069542	4262	579	3	322	325
tlm_apply_forward_mod_add_fold	8069542	8070095	553	55	2	55	55
tlm_apply_forward_mod_add_clean	8070095	8070374	279	19	0	20	22
tlm_apply_forward_swap	8070374	8071142	768	256	0	0	0
tlm_apply_forward_fold	8071142	8072759	1617	309	0	55	62
tlm_multiply_gcd_reverse_body	8072759	8077358	4599	771	2	254	256
tlm_multiply_gcd_reverse_decode	8077358	8077364	6	0	0	0	3
tlm_multiply_gcd_reverse_apply	8077364	8077365	1	0	0	0	0
tlm_apply_forward_mod_add_register	8077365	8081627	4262	579	3	322	325
tlm_apply_forward_mod_add_fold	8081627	8082180	553	55	2	55	55
tlm_apply_forward_mod_add_clean	8082180	8082459	279	19	0	20	22
tlm_apply_forward_swap	8082459	8083227	768	256	0	0	0
tlm_apply_forward_fold	8083227	8084844	1617	309	0	55	62
tlm_multiply_gcd_reverse_body	8084844	8089449	4605	774	2	254	256
tlm_multiply_gcd_reverse_decode	8089449	8089614	165	17	0	3	8
tlm_multiply_gcd_reverse_apply	8089614	8089615	1	0	0	0	0
tlm_apply_forward_mod_add_register	8089615	8093877	4262	579	3	322	325
tlm_apply_forward_mod_add_fold	8093877	8094430	553	55	2	55	55
tlm_apply_forward_mod_add_clean	8094430	8094709	279	19	0	20	22
tlm_apply_forward_swap	8094709	8095477	768	256	0	0	0
tlm_apply_forward_fold	8095477	8097094	1617	309	0	55	62
tlm_multiply_gcd_reverse_body	8097094	8101719	4625	778	2	255	257
tlm_multiply_gcd_reverse_decode	8101719	8101725	6	0	0	0	3
tlm_multiply_gcd_reverse_apply	8101725	8101726	1	0	0	0	0
tlm_apply_forward_mod_add_register	8101726	8105988	4262	579	3	322	325
tlm_apply_forward_mod_add_fold	8105988	8106541	553	55	2	55	55
tlm_apply_forward_mod_add_clean	8106541	8106820	279	19	0	20	22
tlm_apply_forward_swap	8106820	8107588	768	256	0	0	0
tlm_apply_forward_fold	8107588	8109205	1617	309	0	55	62
tlm_multiply_gcd_reverse_body	8109205	8113850	4645	782	2	256	258
tlm_multiply_gcd_reverse_decode	8113850	8113856	6	0	0	0	3
tlm_multiply_gcd_reverse_apply	8113856	8113857	1	0	0	0	0
tlm_apply_forward_mod_add_register	8113857	8118119	4262	579	3	322	325
tlm_apply_forward_mod_add_fold	8118119	8118672	553	55	2	55	55
tlm_apply_forward_mod_add_clean	8118672	8118951	279	19	0	20	22
tlm_apply_forward_swap	8118951	8119719	768	256	0	0	0
tlm_apply_forward_fold	8119719	8121336	1617	309	0	55	62
tlm_multiply_gcd_reverse_body	8121336	8126001	4665	786	2	257	259
tlm_multiply_gcd_reverse_decode	8126001	8126166	165	17	0	3	8
tlm_multiply_gcd_reverse_apply	8126166	8126167	1	0	0	0	0
tlm_apply_forward_mod_add_register	8126167	8130429	4262	579	3	322	325
tlm_apply_forward_mod_add_fold	8130429	8130982	553	55	2	55	55
tlm_apply_forward_mod_add_clean	8130982	8131261	279	19	0	20	22
tlm_apply_forward_swap	8131261	8132029	768	256	0	0	0
tlm_apply_forward_fold	8132029	8133646	1617	309	0	55	62
tlm_multiply_gcd_reverse_body	8133646	8138331	4685	790	2	258	260
tlm_multiply_gcd_reverse_decode	8138331	8138337	6	0	0	0	3
tlm_multiply_gcd_reverse_apply	8138337	8138338	1	0	0	0	0
tlm_apply_forward_mod_add_register	8138338	8142600	4262	579	3	322	325
tlm_apply_forward_mod_add_fold	8142600	8143153	553	55	2	55	55
tlm_apply_forward_mod_add_clean	8143153	8143432	279	19	0	20	22
tlm_apply_forward_swap	8143432	8144200	768	256	0	0	0
tlm_apply_forward_fold	8144200	8145817	1617	309	0	55	62
tlm_multiply_gcd_reverse_body	8145817	8150522	4705	794	2	259	261
tlm_multiply_gcd_reverse_decode	8150522	8150528	6	0	0	0	3
tlm_multiply_gcd_reverse_apply	8150528	8150529	1	0	0	0	0
tlm_apply_forward_mod_add_register	8150529	8154791	4262	579	3	322	325
tlm_apply_forward_mod_add_fold	8154791	8155344	553	55	2	55	55
tlm_apply_forward_mod_add_clean	8155344	8155623	279	19	0	20	22
tlm_apply_forward_swap	8155623	8156391	768	256	0	0	0
tlm_apply_forward_fold	8156391	8158008	1617	309	0	55	62
tlm_multiply_gcd_reverse_body	8158008	8162719	4711	797	2	259	261
tlm_multiply_gcd_reverse_decode	8162719	8162884	165	17	0	3	8
tlm_multiply_gcd_reverse_apply	8162884	8162885	1	0	0	0	0
tlm_apply_forward_mod_add_register	8162885	8167147	4262	579	3	322	325
tlm_apply_forward_mod_add_fold	8167147	8167700	553	55	2	55	55
tlm_apply_forward_mod_add_clean	8167700	8167979	279	19	0	20	22
tlm_apply_forward_swap	8167979	8168747	768	256	0	0	0
tlm_apply_forward_fold	8168747	8170364	1617	309	0	55	62
tlm_multiply_gcd_reverse_body	8170364	8175095	4731	801	2	260	262
tlm_multiply_gcd_reverse_decode	8175095	8175101	6	0	0	0	3
tlm_multiply_gcd_reverse_apply	8175101	8175102	1	0	0	0	0
tlm_apply_forward_mod_add_register	8175102	8179364	4262	579	3	322	325
tlm_apply_forward_mod_add_fold	8179364	8179917	553	55	2	55	55
tlm_apply_forward_mod_add_clean	8179917	8180196	279	19	0	20	22
tlm_apply_forward_swap	8180196	8180964	768	256	0	0	0
tlm_apply_forward_fold	8180964	8182581	1617	309	0	55	62
tlm_multiply_gcd_reverse_body	8182581	8187360	4779	807	2	263	265
tlm_multiply_gcd_reverse_decode	8187360	8187366	6	0	0	0	3
tlm_multiply_gcd_reverse_apply	8187366	8187367	1	0	0	0	0
tlm_apply_forward_mod_add_register	8187367	8191629	4262	579	3	322	325
tlm_apply_forward_mod_add_fold	8191629	8192182	553	55	2	55	55
tlm_apply_forward_mod_add_clean	8192182	8192461	279	19	0	20	22
tlm_apply_forward_swap	8192461	8193229	768	256	0	0	0
tlm_apply_forward_fold	8193229	8194846	1617	309	0	55	62
tlm_multiply_gcd_reverse_body	8194846	8199631	4785	810	2	263	265
tlm_multiply_gcd_reverse_decode	8199631	8199796	165	17	0	3	8
tlm_multiply_gcd_reverse_apply	8199796	8199797	1	0	0	0	0
tlm_apply_forward_mod_add_register	8199797	8204059	4262	579	3	322	325
tlm_apply_forward_mod_add_fold	8204059	8204612	553	55	2	55	55
tlm_apply_forward_mod_add_clean	8204612	8204891	279	19	0	20	22
tlm_apply_forward_swap	8204891	8205659	768	256	0	0	0
tlm_apply_forward_fold	8205659	8207276	1617	309	0	55	62
tlm_multiply_gcd_reverse_body	8207276	8212081	4805	814	2	264	266
tlm_multiply_gcd_reverse_decode	8212081	8212087	6	0	0	0	3
tlm_multiply_gcd_reverse_apply	8212087	8212088	1	0	0	0	0
tlm_apply_forward_mod_add_register	8212088	8216350	4262	579	3	322	325
tlm_apply_forward_mod_add_fold	8216350	8216903	553	55	2	55	55
tlm_apply_forward_mod_add_clean	8216903	8217182	279	19	0	20	22
tlm_apply_forward_swap	8217182	8217950	768	256	0	0	0
tlm_apply_forward_fold	8217950	8219567	1617	309	0	55	62
tlm_multiply_gcd_reverse_body	8219567	8224378	4811	817	2	264	266
tlm_multiply_gcd_reverse_decode	8224378	8224384	6	0	0	0	3
tlm_multiply_gcd_reverse_apply	8224384	8224385	1	0	0	0	0
tlm_apply_forward_mod_add_register	8224385	8228647	4262	579	3	322	325
tlm_apply_forward_mod_add_fold	8228647	8229200	553	55	2	55	55
tlm_apply_forward_mod_add_clean	8229200	8229479	279	19	0	20	22
tlm_apply_forward_swap	8229479	8230247	768	256	0	0	0
tlm_apply_forward_fold	8230247	8231864	1617	309	0	55	62
tlm_multiply_gcd_reverse_body	8231864	8236695	4831	821	2	265	267
tlm_multiply_gcd_reverse_decode	8236695	8236860	165	17	0	3	8
tlm_multiply_gcd_reverse_apply	8236860	8236861	1	0	0	0	0
tlm_apply_forward_mod_add_register	8236861	8241123	4262	579	3	322	325
tlm_apply_forward_mod_add_fold	8241123	8241676	553	55	2	55	55
tlm_apply_forward_mod_add_clean	8241676	8241955	279	19	0	20	22
tlm_apply_forward_swap	8241955	8242723	768	256	0	0	0
tlm_apply_forward_fold	8242723	8244340	1617	309	0	55	62
tlm_multiply_gcd_reverse_body	8244340	8249177	4837	824	2	265	267
tlm_multiply_gcd_reverse_decode	8249177	8249183	6	0	0	0	3
tlm_multiply_gcd_reverse_apply	8249183	8249184	1	0	0	0	0
tlm_apply_forward_mod_add_register	8249184	8253446	4262	579	3	322	325
tlm_apply_forward_mod_add_fold	8253446	8253999	553	55	2	55	55
tlm_apply_forward_mod_add_clean	8253999	8254278	279	19	0	20	22
tlm_apply_forward_swap	8254278	8255046	768	256	0	0	0
tlm_apply_forward_fold	8255046	8256663	1617	309	0	55	62
tlm_multiply_gcd_reverse_body	8256663	8261534	4871	829	2	267	269
tlm_multiply_gcd_reverse_decode	8261534	8261540	6	0	0	0	3
tlm_multiply_gcd_reverse_apply	8261540	8261541	1	0	0	0	0
tlm_apply_forward_mod_add_register	8261541	8265803	4262	579	3	322	325
tlm_apply_forward_mod_add_fold	8265803	8266356	553	55	2	55	55
tlm_apply_forward_mod_add_clean	8266356	8266635	279	19	0	20	22
tlm_apply_forward_swap	8266635	8267403	768	256	0	0	0
tlm_apply_forward_fold	8267403	8269020	1617	309	0	55	62
tlm_multiply_gcd_reverse_body	8269020	8273925	4905	834	2	269	271
tlm_multiply_gcd_reverse_decode	8273925	8274090	165	17	0	3	8
tlm_multiply_gcd_reverse_apply	8274090	8274091	1	0	0	0	0
tlm_apply_forward_mod_add_register	8274091	8278353	4262	579	3	322	325
tlm_apply_forward_mod_add_fold	8278353	8278906	553	55	2	55	55
tlm_apply_forward_mod_add_clean	8278906	8279185	279	19	0	20	22
tlm_apply_forward_swap	8279185	8279953	768	256	0	0	0
tlm_apply_forward_fold	8279953	8281570	1617	309	0	55	62
tlm_multiply_gcd_reverse_body	8281570	8286481	4911	837	2	269	271
tlm_multiply_gcd_reverse_decode	8286481	8286487	6	0	0	0	3
tlm_multiply_gcd_reverse_apply	8286487	8286488	1	0	0	0	0
tlm_apply_forward_mod_add_register	8286488	8290750	4262	579	3	322	325
tlm_apply_forward_mod_add_fold	8290750	8291303	553	55	2	55	55
tlm_apply_forward_mod_add_clean	8291303	8291582	279	19	0	20	22
tlm_apply_forward_swap	8291582	8292350	768	256	0	0	0
tlm_apply_forward_fold	8292350	8293967	1617	309	0	55	62
tlm_multiply_gcd_reverse_body	8293967	8298898	4931	841	2	270	272
tlm_multiply_gcd_reverse_decode	8298898	8298904	6	0	0	0	3
tlm_multiply_gcd_reverse_apply	8298904	8298905	1	0	0	0	0
tlm_apply_forward_mod_add_register	8298905	8303167	4262	579	3	322	325
tlm_apply_forward_mod_add_fold	8303167	8303720	553	55	2	55	55
tlm_apply_forward_mod_add_clean	8303720	8303999	279	19	0	20	22
tlm_apply_forward_swap	8303999	8304767	768	256	0	0	0
tlm_apply_forward_fold	8304767	8306384	1617	309	0	55	62
tlm_multiply_gcd_reverse_body	8306384	8311321	4937	844	2	270	272
tlm_multiply_gcd_reverse_decode	8311321	8311486	165	17	0	3	8
tlm_multiply_gcd_reverse_apply	8311486	8311487	1	0	0	0	0
tlm_apply_forward_mod_add_register	8311487	8315749	4262	579	3	322	325
tlm_apply_forward_mod_add_fold	8315749	8316302	553	55	2	55	55
tlm_apply_forward_mod_add_clean	8316302	8316581	279	19	0	20	22
tlm_apply_forward_swap	8316581	8317349	768	256	0	0	0
tlm_apply_forward_fold	8317349	8318966	1617	309	0	55	62
tlm_multiply_gcd_reverse_body	8318966	8323923	4957	848	2	271	273
tlm_multiply_gcd_reverse_decode	8323923	8323929	6	0	0	0	3
tlm_multiply_gcd_reverse_apply	8323929	8323930	1	0	0	0	0
tlm_apply_forward_mod_add_register	8323930	8328192	4262	579	3	322	325
tlm_apply_forward_mod_add_fold	8328192	8328745	553	55	2	55	55
tlm_apply_forward_mod_add_clean	8328745	8329024	279	19	0	20	22
tlm_apply_forward_swap	8329024	8329792	768	256	0	0	0
tlm_apply_forward_fold	8329792	8331409	1617	309	0	55	62
tlm_multiply_gcd_reverse_body	8331409	8336386	4977	852	2	272	274
tlm_multiply_gcd_reverse_decode	8336386	8336392	6	0	0	0	3
tlm_multiply_gcd_reverse_apply	8336392	8336393	1	0	0	0	0
tlm_apply_forward_mod_add_register	8336393	8340655	4262	579	3	322	325
tlm_apply_forward_mod_add_fold	8340655	8341208	553	55	2	55	55
tlm_apply_forward_mod_add_clean	8341208	8341487	279	19	0	20	22
tlm_apply_forward_swap	8341487	8342255	768	256	0	0	0
tlm_apply_forward_fold	8342255	8343872	1617	309	0	55	62
tlm_multiply_gcd_reverse_body	8343872	8348869	4997	856	2	273	275
tlm_multiply_gcd_reverse_decode	8348869	8349034	165	17	0	3	8
tlm_multiply_gcd_reverse_apply	8349034	8349035	1	0	0	0	0
tlm_apply_forward_mod_add_register	8349035	8353297	4262	579	3	322	325
tlm_apply_forward_mod_add_fold	8353297	8353850	553	55	2	55	55
tlm_apply_forward_mod_add_clean	8353850	8354129	279	19	0	20	22
tlm_apply_forward_swap	8354129	8354897	768	256	0	0	0
tlm_apply_forward_fold	8354897	8356514	1617	309	0	55	62
tlm_multiply_gcd_reverse_body	8356514	8361531	5017	860	2	274	276
tlm_multiply_gcd_reverse_decode	8361531	8361537	6	0	0	0	3
tlm_multiply_gcd_reverse_apply	8361537	8361538	1	0	0	0	0
tlm_apply_forward_mod_add_register	8361538	8365800	4262	579	3	322	325
tlm_apply_forward_mod_add_fold	8365800	8366353	553	55	2	55	55
tlm_apply_forward_mod_add_clean	8366353	8366632	279	19	0	20	22
tlm_apply_forward_swap	8366632	8367400	768	256	0	0	0
tlm_apply_forward_fold	8367400	8369017	1617	309	0	55	62
tlm_multiply_gcd_reverse_body	8369017	8374054	5037	864	2	275	277
tlm_multiply_gcd_reverse_decode	8374054	8374060	6	0	0	0	3
tlm_multiply_gcd_reverse_apply	8374060	8374061	1	0	0	0	0
tlm_apply_forward_mod_add_register	8374061	8378323	4262	579	3	322	325
tlm_apply_forward_mod_add_fold	8378323	8378876	553	55	2	55	55
tlm_apply_forward_mod_add_clean	8378876	8379155	279	19	0	20	22
tlm_apply_forward_swap	8379155	8379923	768	256	0	0	0
tlm_apply_forward_fold	8379923	8381540	1617	309	0	55	62
tlm_multiply_gcd_reverse_body	8381540	8386583	5043	867	2	275	277
tlm_multiply_gcd_reverse_decode	8386583	8386748	165	17	0	3	8
tlm_multiply_gcd_reverse_apply	8386748	8386749	1	0	0	0	0
tlm_apply_forward_mod_add_register	8386749	8391011	4262	579	3	322	325
tlm_apply_forward_mod_add_fold	8391011	8391564	553	55	2	55	55
tlm_apply_forward_mod_add_clean	8391564	8391843	279	19	0	20	22
tlm_apply_forward_swap	8391843	8392611	768	256	0	0	0
tlm_apply_forward_fold	8392611	8394228	1617	309	0	55	62
tlm_multiply_gcd_reverse_body	8394228	8399291	5063	871	2	276	278
tlm_multiply_gcd_reverse_decode	8399291	8399297	6	0	0	0	3
tlm_multiply_gcd_reverse_apply	8399297	8399298	1	0	0	0	0
tlm_apply_forward_mod_add_register	8399298	8403560	4262	579	3	322	325
tlm_apply_forward_mod_add_fold	8403560	8404113	553	55	2	55	55
tlm_apply_forward_mod_add_clean	8404113	8404392	279	19	0	20	22
tlm_apply_forward_swap	8404392	8405160	768	256	0	0	0
tlm_apply_forward_fold	8405160	8406777	1617	309	0	55	62
tlm_multiply_gcd_reverse_body	8406777	8411860	5083	875	2	277	279
tlm_multiply_gcd_reverse_decode	8411860	8411866	6	0	0	0	3
tlm_multiply_gcd_reverse_apply	8411866	8411867	1	0	0	0	0
tlm_apply_forward_mod_add_register	8411867	8416129	4262	579	3	322	325
tlm_apply_forward_mod_add_fold	8416129	8416682	553	55	2	55	55
tlm_apply_forward_mod_add_clean	8416682	8416961	279	19	0	20	22
tlm_apply_forward_swap	8416961	8417729	768	256	0	0	0
tlm_apply_forward_fold	8417729	8419346	1617	309	0	55	62
tlm_multiply_gcd_reverse_body	8419346	8424449	5103	879	2	278	280
tlm_multiply_gcd_reverse_decode	8424449	8424614	165	17	0	3	8
tlm_multiply_gcd_reverse_apply	8424614	8424615	1	0	0	0	0
tlm_apply_forward_mod_add_register	8424615	8428877	4262	579	3	322	325
tlm_apply_forward_mod_add_fold	8428877	8429430	553	55	2	55	55
tlm_apply_forward_mod_add_clean	8429430	8429709	279	19	0	20	22
tlm_apply_forward_swap	8429709	8430477	768	256	0	0	0
tlm_apply_forward_fold	8430477	8432094	1617	309	0	55	62
tlm_multiply_gcd_reverse_body	8432094	8437217	5123	883	2	279	281
tlm_multiply_gcd_reverse_decode	8437217	8437223	6	0	0	0	3
tlm_multiply_gcd_reverse_apply	8437223	8437224	1	0	0	0	0
tlm_apply_forward_mod_add_register	8437224	8441486	4262	579	3	322	325
tlm_apply_forward_mod_add_fold	8441486	8442039	553	55	2	55	55
tlm_apply_forward_mod_add_clean	8442039	8442318	279	19	0	20	22
tlm_apply_forward_swap	8442318	8443086	768	256	0	0	0
tlm_apply_forward_fold	8443086	8444703	1617	309	0	55	62
tlm_multiply_gcd_reverse_body	8444703	8449846	5143	887	2	280	282
tlm_multiply_gcd_reverse_decode	8449846	8449852	6	0	0	0	3
tlm_multiply_gcd_reverse_apply	8449852	8449853	1	0	0	0	0
tlm_apply_forward_mod_add_register	8449853	8454115	4262	579	3	322	325
tlm_apply_forward_mod_add_fold	8454115	8454668	553	55	2	55	55
tlm_apply_forward_mod_add_clean	8454668	8454947	279	19	0	20	22
tlm_apply_forward_swap	8454947	8455715	768	256	0	0	0
tlm_apply_forward_fold	8455715	8457332	1617	309	0	55	62
tlm_multiply_gcd_reverse_body	8457332	8462495	5163	891	2	281	283
tlm_multiply_gcd_reverse_decode	8462495	8462660	165	17	0	3	8
tlm_multiply_gcd_reverse_apply	8462660	8462661	1	0	0	0	0
tlm_apply_forward_mod_add_register	8462661	8466923	4262	579	3	322	325
tlm_apply_forward_mod_add_fold	8466923	8467476	553	55	2	55	55
tlm_apply_forward_mod_add_clean	8467476	8467755	279	19	0	20	22
tlm_apply_forward_swap	8467755	8468523	768	256	0	0	0
tlm_apply_forward_fold	8468523	8470140	1617	309	0	55	62
tlm_multiply_gcd_reverse_body	8470140	8475323	5183	895	2	282	284
tlm_multiply_gcd_reverse_decode	8475323	8475329	6	0	0	0	3
tlm_multiply_gcd_reverse_apply	8475329	8475330	1	0	0	0	0
tlm_apply_forward_mod_add_register	8475330	8479592	4262	579	3	322	325
tlm_apply_forward_mod_add_fold	8479592	8480145	553	55	2	55	55
tlm_apply_forward_mod_add_clean	8480145	8480424	279	19	0	20	22
tlm_apply_forward_swap	8480424	8481192	768	256	0	0	0
tlm_apply_forward_fold	8481192	8482809	1617	309	0	55	62
tlm_multiply_gcd_reverse_body	8482809	8488012	5203	899	2	283	285
tlm_multiply_gcd_reverse_decode	8488012	8488018	6	0	0	0	3
tlm_multiply_gcd_reverse_apply	8488018	8488019	1	0	0	0	0
tlm_apply_forward_mod_add_register	8488019	8492281	4262	579	3	322	325
tlm_apply_forward_mod_add_fold	8492281	8492834	553	55	2	55	55
tlm_apply_forward_mod_add_clean	8492834	8493113	279	19	0	20	22
tlm_apply_forward_swap	8493113	8493881	768	256	0	0	0
tlm_apply_forward_fold	8493881	8495498	1617	309	0	55	62
tlm_multiply_gcd_reverse_body	8495498	8500721	5223	903	2	284	286
tlm_multiply_gcd_reverse_decode	8500721	8500886	165	17	0	3	8
tlm_multiply_gcd_reverse_apply	8500886	8500887	1	0	0	0	0
tlm_apply_forward_mod_add_register	8500887	8505149	4262	579	3	322	325
tlm_apply_forward_mod_add_fold	8505149	8505702	553	55	2	55	55
tlm_apply_forward_mod_add_clean	8505702	8505981	279	19	0	20	22
tlm_apply_forward_swap	8505981	8506749	768	256	0	0	0
tlm_apply_forward_fold	8506749	8508366	1617	309	0	55	62
tlm_multiply_gcd_reverse_body	8508366	8513609	5243	907	2	285	287
tlm_multiply_gcd_reverse_decode	8513609	8513615	6	0	0	0	3
tlm_multiply_gcd_reverse_apply	8513615	8513616	1	0	0	0	0
tlm_apply_forward_mod_add_register	8513616	8517878	4262	579	3	322	325
tlm_apply_forward_mod_add_fold	8517878	8518431	553	55	2	55	55
tlm_apply_forward_mod_add_clean	8518431	8518710	279	19	0	20	22
tlm_apply_forward_swap	8518710	8519478	768	256	0	0	0
tlm_apply_forward_fold	8519478	8521095	1617	309	0	55	62
tlm_multiply_gcd_reverse_body	8521095	8526358	5263	911	2	286	288
tlm_multiply_gcd_reverse_decode	8526358	8526364	6	0	0	0	3
tlm_multiply_gcd_reverse_apply	8526364	8526365	1	0	0	0	0
tlm_apply_forward_mod_add_register	8526365	8530627	4262	579	3	322	325
tlm_apply_forward_mod_add_fold	8530627	8531180	553	55	2	55	55
tlm_apply_forward_mod_add_clean	8531180	8531459	279	19	0	20	22
tlm_apply_forward_swap	8531459	8532227	768	256	0	0	0
tlm_apply_forward_fold	8532227	8533844	1617	309	0	55	62
tlm_multiply_gcd_reverse_body	8533844	8539113	5269	914	2	286	288
tlm_multiply_gcd_reverse_decode	8539113	8539278	165	17	0	3	8
tlm_multiply_gcd_reverse_apply	8539278	8539279	1	0	0	0	0
tlm_apply_forward_mod_add_register	8539279	8543541	4262	579	3	322	325
tlm_apply_forward_mod_add_fold	8543541	8544094	553	55	2	55	55
tlm_apply_forward_mod_add_clean	8544094	8544373	279	19	0	20	22
tlm_apply_forward_swap	8544373	8545141	768	256	0	0	0
tlm_apply_forward_fold	8545141	8546758	1617	309	0	55	62
tlm_multiply_gcd_reverse_body	8546758	8552047	5289	918	2	287	289
tlm_multiply_gcd_reverse_decode	8552047	8552053	6	0	0	0	3
tlm_multiply_gcd_reverse_apply	8552053	8552054	1	0	0	0	0
tlm_apply_forward_mod_add_register	8552054	8556316	4262	579	3	322	325
tlm_apply_forward_mod_add_fold	8556316	8556869	553	55	2	55	55
tlm_apply_forward_mod_add_clean	8556869	8557148	279	19	0	20	22
tlm_apply_forward_swap	8557148	8557916	768	256	0	0	0
tlm_apply_forward_fold	8557916	8559533	1617	309	0	55	62
tlm_multiply_gcd_reverse_body	8559533	8564842	5309	922	2	288	290
tlm_multiply_gcd_reverse_decode	8564842	8564848	6	0	0	0	3
tlm_multiply_gcd_reverse_apply	8564848	8564849	1	0	0	0	0
tlm_apply_forward_mod_add_register	8564849	8569111	4262	579	3	322	325
tlm_apply_forward_mod_add_fold	8569111	8569664	553	55	2	55	55
tlm_apply_forward_mod_add_clean	8569664	8569943	279	19	0	20	22
tlm_apply_forward_swap	8569943	8570711	768	256	0	0	0
tlm_apply_forward_fold	8570711	8572328	1617	309	0	55	62
tlm_multiply_gcd_reverse_body	8572328	8577657	5329	926	2	289	291
tlm_multiply_gcd_reverse_decode	8577657	8577822	165	17	0	3	8
tlm_multiply_gcd_reverse_apply	8577822	8577823	1	0	0	0	0
tlm_apply_forward_mod_add_register	8577823	8582085	4262	579	3	322	325
tlm_apply_forward_mod_add_fold	8582085	8582638	553	55	2	55	55
tlm_apply_forward_mod_add_clean	8582638	8582917	279	19	0	20	22
tlm_apply_forward_swap	8582917	8583685	768	256	0	0	0
tlm_apply_forward_fold	8583685	8585302	1617	309	0	55	62
tlm_multiply_gcd_reverse_body	8585302	8590651	5349	930	2	290	292
tlm_multiply_gcd_reverse_decode	8590651	8590657	6	0	0	0	3
tlm_multiply_gcd_reverse_apply	8590657	8590658	1	0	0	0	0
tlm_apply_forward_mod_add_register	8590658	8594920	4262	579	3	322	325
tlm_apply_forward_mod_add_fold	8594920	8595473	553	55	2	55	55
tlm_apply_forward_mod_add_clean	8595473	8595752	279	19	0	20	22
tlm_apply_forward_swap	8595752	8596520	768	256	0	0	0
tlm_apply_forward_fold	8596520	8598137	1617	309	0	55	62
tlm_multiply_gcd_reverse_body	8598137	8603506	5369	934	2	291	293
tlm_multiply_gcd_reverse_decode	8603506	8603512	6	0	0	0	3
tlm_multiply_gcd_reverse_apply	8603512	8603513	1	0	0	0	0
tlm_apply_forward_mod_add_register	8603513	8607775	4262	579	3	322	325
tlm_apply_forward_mod_add_fold	8607775	8608328	553	55	2	55	55
tlm_apply_forward_mod_add_clean	8608328	8608607	279	19	0	20	22
tlm_apply_forward_swap	8608607	8609375	768	256	0	0	0
tlm_apply_forward_fold	8609375	8610992	1617	309	0	55	62
tlm_multiply_gcd_reverse_body	8610992	8616367	5375	937	2	291	293
tlm_multiply_gcd_reverse_decode	8616367	8616532	165	17	0	3	8
tlm_multiply_gcd_reverse_apply	8616532	8616533	1	0	0	0	0
tlm_apply_forward_mod_add_register	8616533	8620795	4262	579	3	322	325
tlm_apply_forward_mod_add_fold	8620795	8621348	553	55	2	55	55
tlm_apply_forward_mod_add_clean	8621348	8621627	279	19	0	20	22
tlm_apply_forward_swap	8621627	8622395	768	256	0	0	0
tlm_apply_forward_fold	8622395	8624012	1617	309	0	55	62
tlm_multiply_gcd_reverse_body	8624012	8629421	5409	942	2	293	295
tlm_multiply_gcd_reverse_decode	8629421	8629427	6	0	0	0	3
tlm_multiply_gcd_reverse_apply	8629427	8629428	1	0	0	0	0
tlm_apply_forward_mod_add_register	8629428	8633690	4262	579	3	322	325
tlm_apply_forward_mod_add_fold	8633690	8634243	553	55	2	55	55
tlm_apply_forward_mod_add_clean	8634243	8634522	279	19	0	20	22
tlm_apply_forward_swap	8634522	8635290	768	256	0	0	0
tlm_apply_forward_fold	8635290	8636907	1617	309	0	55	62
tlm_multiply_gcd_reverse_body	8636907	8642322	5415	945	2	293	295
tlm_multiply_gcd_reverse_decode	8642322	8642328	6	0	0	0	3
tlm_multiply_gcd_reverse_apply	8642328	8642329	1	0	0	0	0
tlm_apply_forward_mod_add_register	8642329	8646278	3949	557	2	300	302
tlm_apply_forward_mod_add_fold	8646278	8646831	553	55	2	55	55
tlm_apply_forward_mod_add_clean	8646831	8647110	279	19	0	20	22
tlm_apply_forward_swap	8647110	8647878	768	256	0	0	0
tlm_apply_forward_fold	8647878	8649495	1617	309	0	55	62
tlm_multiply_gcd_reverse_body	8649495	8654944	5449	950	2	295	297
tlm_multiply_gcd_reverse_decode	8654944	8655109	165	17	0	3	8
tlm_multiply_gcd_reverse_apply	8655109	8655110	1	0	0	0	0
tlm_apply_forward_mod_add_register	8655110	8659372	4262	579	3	322	325
tlm_apply_forward_mod_add_fold	8659372	8659925	553	55	2	55	55
tlm_apply_forward_mod_add_clean	8659925	8660204	279	19	0	20	22
tlm_apply_forward_swap	8660204	8660972	768	256	0	0	0
tlm_apply_forward_fold	8660972	8662589	1617	309	0	55	62
tlm_multiply_gcd_reverse_body	8662589	8668044	5455	953	2	295	297
tlm_multiply_gcd_reverse_decode	8668044	8668050	6	0	0	0	3
tlm_multiply_gcd_reverse_apply	8668050	8668051	1	0	0	0	0
tlm_apply_forward_mod_add_register	8668051	8672000	3949	557	2	300	302
tlm_apply_forward_mod_add_fold	8672000	8672553	553	55	2	55	55
tlm_apply_forward_mod_add_clean	8672553	8672832	279	19	0	20	22
tlm_apply_forward_swap	8672832	8673600	768	256	0	0	0
tlm_apply_forward_fold	8673600	8675217	1617	309	0	55	62
tlm_multiply_gcd_reverse_body	8675217	8680692	5475	957	2	296	298
tlm_multiply_gcd_reverse_decode	8680692	8680698	6	0	0	0	3
tlm_multiply_gcd_reverse_apply	8680698	8680699	1	0	0	0	0
tlm_apply_forward_mod_add_register	8680699	8684648	3949	557	2	300	302
tlm_apply_forward_mod_add_fold	8684648	8685201	553	55	2	55	55
tlm_apply_forward_mod_add_clean	8685201	8685480	279	19	0	20	22
tlm_apply_forward_swap	8685480	8686248	768	256	0	0	0
tlm_apply_forward_fold	8686248	8687865	1617	309	0	55	62
tlm_multiply_gcd_reverse_body	8687865	8693360	5495	961	2	297	299
tlm_multiply_gcd_reverse_decode	8693360	8693525	165	17	0	3	8
tlm_multiply_gcd_reverse_apply	8693525	8693526	1	0	0	0	0
tlm_apply_forward_mod_add_register	8693526	8697475	3949	557	2	300	302
tlm_apply_forward_mod_add_fold	8697475	8698028	553	55	2	55	55
tlm_apply_forward_mod_add_clean	8698028	8698307	279	19	0	20	22
tlm_apply_forward_swap	8698307	8699075	768	256	0	0	0
tlm_apply_forward_fold	8699075	8700692	1617	309	0	55	62
tlm_multiply_gcd_reverse_body	8700692	8706207	5515	965	2	298	300
tlm_multiply_gcd_reverse_decode	8706207	8706213	6	0	0	0	3
tlm_multiply_gcd_reverse_apply	8706213	8706214	1	0	0	0	0
tlm_apply_forward_mod_add_register	8706214	8710163	3949	557	2	300	302
tlm_apply_forward_mod_add_fold	8710163	8710716	553	55	2	55	55
tlm_apply_forward_mod_add_clean	8710716	8710995	279	19	0	20	22
tlm_apply_forward_swap	8710995	8711763	768	256	0	0	0
tlm_apply_forward_fold	8711763	8713380	1617	309	0	55	62
tlm_multiply_gcd_reverse_body	8713380	8718901	5521	968	2	298	300
tlm_multiply_gcd_reverse_decode	8718901	8718907	6	0	0	0	3
tlm_multiply_gcd_reverse_apply	8718907	8718908	1	0	0	0	0
tlm_apply_forward_mod_add_register	8718908	8722857	3949	557	2	300	302
tlm_apply_forward_mod_add_fold	8722857	8723410	553	55	2	55	55
tlm_apply_forward_mod_add_clean	8723410	8723689	279	19	0	20	22
tlm_apply_forward_swap	8723689	8724457	768	256	0	0	0
tlm_apply_forward_fold	8724457	8726074	1617	309	0	55	62
tlm_multiply_gcd_reverse_body	8726074	8731629	5555	973	2	300	302
tlm_multiply_gcd_reverse_decode	8731629	8731794	165	17	0	3	8
tlm_multiply_gcd_reverse_apply	8731794	8731795	1	0	0	0	0
tlm_apply_forward_mod_add_register	8731795	8735744	3949	557	2	300	302
tlm_apply_forward_mod_add_fold	8735744	8736297	553	55	2	55	55
tlm_apply_forward_mod_add_clean	8736297	8736576	279	19	0	20	22
tlm_apply_forward_swap	8736576	8737344	768	256	0	0	0
tlm_apply_forward_fold	8737344	8738961	1617	309	0	55	62
tlm_multiply_gcd_reverse_body	8738961	8744536	5575	977	2	301	303
tlm_multiply_gcd_reverse_decode	8744536	8744542	6	0	0	0	3
tlm_multiply_gcd_reverse_apply	8744542	8744543	1	0	0	0	0
tlm_apply_forward_mod_add_register	8744543	8748492	3949	557	2	300	302
tlm_apply_forward_mod_add_fold	8748492	8749045	553	55	2	55	55
tlm_apply_forward_mod_add_clean	8749045	8749324	279	19	0	20	22
tlm_apply_forward_swap	8749324	8750092	768	256	0	0	0
tlm_apply_forward_fold	8750092	8751709	1617	309	0	55	62
tlm_multiply_gcd_reverse_body	8751709	8757304	5595	981	2	302	304
tlm_multiply_gcd_reverse_decode	8757304	8757310	6	0	0	0	3
tlm_multiply_gcd_reverse_apply	8757310	8757311	1	0	0	0	0
tlm_apply_forward_mod_add_register	8757311	8761260	3949	557	2	300	302
tlm_apply_forward_mod_add_fold	8761260	8761813	553	55	2	55	55
tlm_apply_forward_mod_add_clean	8761813	8762092	279	19	0	20	22
tlm_apply_forward_swap	8762092	8762860	768	256	0	0	0
tlm_apply_forward_fold	8762860	8764477	1617	309	0	55	62
tlm_multiply_gcd_reverse_body	8764477	8770078	5601	984	2	302	304
tlm_multiply_gcd_reverse_decode	8770078	8770243	165	17	0	3	8
tlm_multiply_gcd_reverse_apply	8770243	8770244	1	0	0	0	0
tlm_apply_forward_mod_add_register	8770244	8774193	3949	557	2	300	302
tlm_apply_forward_mod_add_fold	8774193	8774746	553	55	2	55	55
tlm_apply_forward_mod_add_clean	8774746	8775025	279	19	0	20	22
tlm_apply_forward_swap	8775025	8775793	768	256	0	0	0
tlm_apply_forward_fold	8775793	8777410	1617	309	0	55	62
tlm_multiply_gcd_reverse_body	8777410	8783045	5635	989	2	304	306
tlm_multiply_gcd_reverse_decode	8783045	8783051	6	0	0	0	3
tlm_multiply_gcd_reverse_apply	8783051	8783052	1	0	0	0	0
tlm_apply_forward_mod_add_register	8783052	8787001	3949	557	2	300	302
tlm_apply_forward_mod_add_fold	8787001	8787554	553	55	2	55	55
tlm_apply_forward_mod_add_clean	8787554	8787833	279	19	0	20	22
tlm_apply_forward_swap	8787833	8788601	768	256	0	0	0
tlm_apply_forward_fold	8788601	8790218	1617	309	0	55	62
tlm_multiply_gcd_reverse_body	8790218	8795859	5641	992	2	304	306
tlm_multiply_gcd_reverse_decode	8795859	8795865	6	0	0	0	3
tlm_multiply_gcd_reverse_apply	8795865	8795866	1	0	0	0	0
tlm_apply_forward_mod_add_register	8795866	8799815	3949	557	2	300	302
tlm_apply_forward_mod_add_fold	8799815	8800368	553	55	2	55	55
tlm_apply_forward_mod_add_clean	8800368	8800647	279	19	0	20	22
tlm_apply_forward_swap	8800647	8801415	768	256	0	0	0
tlm_apply_forward_fold	8801415	8803032	1617	309	0	55	62
tlm_multiply_gcd_reverse_body	8803032	8808693	5661	996	2	305	307
tlm_multiply_gcd_reverse_decode	8808693	8808858	165	17	0	3	8
tlm_multiply_gcd_reverse_apply	8808858	8808859	1	0	0	0	0
tlm_apply_forward_mod_add_register	8808859	8812808	3949	557	2	300	302
tlm_apply_forward_mod_add_fold	8812808	8813361	553	55	2	55	55
tlm_apply_forward_mod_add_clean	8813361	8813640	279	19	0	20	22
tlm_apply_forward_swap	8813640	8814408	768	256	0	0	0
tlm_apply_forward_fold	8814408	8816025	1617	309	0	55	62
tlm_multiply_gcd_reverse_body	8816025	8821706	5681	1000	2	306	308
tlm_multiply_gcd_reverse_decode	8821706	8821712	6	0	0	0	3
tlm_multiply_gcd_reverse_apply	8821712	8821713	1	0	0	0	0
tlm_apply_forward_mod_add_register	8821713	8825662	3949	557	2	300	302
tlm_apply_forward_mod_add_fold	8825662	8826215	553	55	2	55	55
tlm_apply_forward_mod_add_clean	8826215	8826494	279	19	0	20	22
tlm_apply_forward_swap	8826494	8827262	768	256	0	0	0
tlm_apply_forward_fold	8827262	8828879	1617	309	0	55	62
tlm_multiply_gcd_reverse_body	8828879	8834580	5701	1004	2	307	309
tlm_multiply_gcd_reverse_decode	8834580	8834586	6	0	0	0	3
tlm_multiply_gcd_reverse_apply	8834586	8834587	1	0	0	0	0
tlm_apply_forward_mod_add_register	8834587	8838536	3949	557	2	300	302
tlm_apply_forward_mod_add_fold	8838536	8839089	553	55	2	55	55
tlm_apply_forward_mod_add_clean	8839089	8839368	279	19	0	20	22
tlm_apply_forward_swap	8839368	8840136	768	256	0	0	0
tlm_apply_forward_fold	8840136	8841753	1617	309	0	55	62
tlm_multiply_gcd_reverse_body	8841753	8847460	5707	1007	2	307	309
tlm_multiply_gcd_reverse_decode	8847460	8847625	165	17	0	3	8
tlm_multiply_gcd_reverse_apply	8847625	8847626	1	0	0	0	0
tlm_apply_forward_mod_add_register	8847626	8851575	3949	557	2	300	302
tlm_apply_forward_mod_add_fold	8851575	8852128	553	55	2	55	55
tlm_apply_forward_mod_add_clean	8852128	8852407	279	19	0	20	22
tlm_apply_forward_swap	8852407	8853175	768	256	0	0	0
tlm_apply_forward_fold	8853175	8854792	1617	309	0	55	62
tlm_multiply_gcd_reverse_body	8854792	8860547	5755	1013	2	310	312
tlm_multiply_gcd_reverse_decode	8860547	8860553	6	0	0	0	3
tlm_multiply_gcd_reverse_apply	8860553	8860554	1	0	0	0	0
tlm_apply_forward_mod_add_register	8860554	8864503	3949	557	2	300	302
tlm_apply_forward_mod_add_fold	8864503	8865056	553	55	2	55	55
tlm_apply_forward_mod_add_clean	8865056	8865335	279	19	0	20	22
tlm_apply_forward_swap	8865335	8866103	768	256	0	0	0
tlm_apply_forward_fold	8866103	8867720	1617	309	0	55	62
tlm_multiply_gcd_reverse_body	8867720	8873467	5747	1015	2	309	311
tlm_multiply_gcd_reverse_decode	8873467	8873473	6	0	0	0	3
tlm_multiply_gcd_reverse_apply	8873473	8873474	1	0	0	0	0
tlm_apply_forward_mod_add_register	8873474	8877423	3949	557	2	300	302
tlm_apply_forward_mod_add_fold	8877423	8877976	553	55	2	55	55
tlm_apply_forward_mod_add_clean	8877976	8878255	279	19	0	20	22
tlm_apply_forward_swap	8878255	8879023	768	256	0	0	0
tlm_apply_forward_fold	8879023	8880640	1617	309	0	55	62
tlm_multiply_gcd_reverse_body	8880640	8886407	5767	1019	2	310	312
tlm_multiply_gcd_reverse_decode	8886407	8886572	165	17	0	3	8
tlm_multiply_gcd_reverse_apply	8886572	8886573	1	0	0	0	0
tlm_apply_forward_mod_add_register	8886573	8890522	3949	557	2	300	302
tlm_apply_forward_mod_add_fold	8890522	8891075	553	55	2	55	55
tlm_apply_forward_mod_add_clean	8891075	8891354	279	19	0	20	22
tlm_apply_forward_swap	8891354	8892122	768	256	0	0	0
tlm_apply_forward_fold	8892122	8893739	1617	309	0	55	62
tlm_multiply_gcd_reverse_body	8893739	8899540	5801	1024	2	312	314
tlm_multiply_gcd_reverse_decode	8899540	8899546	6	0	0	0	3
tlm_multiply_gcd_reverse_apply	8899546	8899547	1	0	0	0	0
tlm_apply_forward_mod_add_register	8899547	8903496	3949	557	2	300	302
tlm_apply_forward_mod_add_fold	8903496	8904049	553	55	2	55	55
tlm_apply_forward_mod_add_clean	8904049	8904328	279	19	0	20	22
tlm_apply_forward_swap	8904328	8905096	768	256	0	0	0
tlm_apply_forward_fold	8905096	8906713	1617	309	0	55	62
tlm_multiply_gcd_reverse_body	8906713	8912520	5807	1027	2	312	314
tlm_multiply_gcd_reverse_decode	8912520	8912526	6	0	0	0	3
tlm_multiply_gcd_reverse_apply	8912526	8912527	1	0	0	0	0
tlm_apply_forward_mod_add_register	8912527	8916476	3949	557	2	300	302
tlm_apply_forward_mod_add_fold	8916476	8917029	553	55	2	55	55
tlm_apply_forward_mod_add_clean	8917029	8917308	279	19	0	20	22
tlm_apply_forward_swap	8917308	8918076	768	256	0	0	0
tlm_apply_forward_fold	8918076	8919693	1617	309	0	55	62
tlm_multiply_gcd_reverse_body	8919693	8925520	5827	1031	2	313	315
tlm_multiply_gcd_reverse_decode	8925520	8925685	165	17	0	3	8
tlm_multiply_gcd_reverse_apply	8925685	8925686	1	0	0	0	0
tlm_apply_forward_mod_add_register	8925686	8929635	3949	557	2	300	302
tlm_apply_forward_mod_add_fold	8929635	8930188	553	55	2	55	55
tlm_apply_forward_mod_add_clean	8930188	8930467	279	19	0	20	22
tlm_apply_forward_swap	8930467	8931235	768	256	0	0	0
tlm_apply_forward_fold	8931235	8932852	1617	309	0	55	62
tlm_multiply_gcd_reverse_body	8932852	8938713	5861	1036	2	315	317
tlm_multiply_gcd_reverse_decode	8938713	8938719	6	0	0	0	3
tlm_multiply_gcd_reverse_apply	8938719	8938720	1	0	0	0	0
tlm_apply_forward_mod_add_register	8938720	8942669	3949	557	2	300	302
tlm_apply_forward_mod_add_fold	8942669	8943222	553	55	2	55	55
tlm_apply_forward_mod_add_clean	8943222	8943501	279	19	0	20	22
tlm_apply_forward_swap	8943501	8944269	768	256	0	0	0
tlm_apply_forward_fold	8944269	8945886	1617	309	0	55	62
tlm_multiply_gcd_reverse_body	8945886	8951767	5881	1040	2	316	318
tlm_multiply_gcd_reverse_decode	8951767	8951773	6	0	0	0	3
tlm_multiply_gcd_reverse_apply	8951773	8951774	1	0	0	0	0
tlm_apply_forward_mod_add_register	8951774	8955723	3949	557	2	300	302
tlm_apply_forward_mod_add_fold	8955723	8956276	553	55	2	55	55
tlm_apply_forward_mod_add_clean	8956276	8956555	279	19	0	20	22
tlm_apply_forward_swap	8956555	8957323	768	256	0	0	0
tlm_apply_forward_fold	8957323	8958940	1617	309	0	55	62
tlm_multiply_gcd_reverse_body	8958940	8964813	5873	1042	2	315	317
tlm_multiply_gcd_reverse_decode	8964813	8964978	165	17	0	3	8
tlm_multiply_gcd_reverse_apply	8964978	8964979	1	0	0	0	0
tlm_apply_forward_mod_add_register	8964979	8968928	3949	557	2	300	302
tlm_apply_forward_mod_add_fold	8968928	8969481	553	55	2	55	55
tlm_apply_forward_mod_add_clean	8969481	8969760	279	19	0	20	22
tlm_apply_forward_swap	8969760	8970528	768	256	0	0	0
tlm_apply_forward_fold	8970528	8972145	1617	309	0	55	62
tlm_multiply_gcd_reverse_body	8972145	8978052	5907	1047	2	317	319
tlm_multiply_gcd_reverse_decode	8978052	8978058	6	0	0	0	3
tlm_multiply_gcd_reverse_apply	8978058	8978059	1	0	0	0	0
tlm_apply_forward_mod_add_register	8978059	8982008	3949	557	2	300	302
tlm_apply_forward_mod_add_fold	8982008	8982561	553	55	2	55	55
tlm_apply_forward_mod_add_clean	8982561	8982840	279	19	0	20	22
tlm_apply_forward_swap	8982840	8983608	768	256	0	0	0
tlm_apply_forward_fold	8983608	8985225	1617	309	0	55	62
tlm_multiply_gcd_reverse_body	8985225	8991152	5927	1051	2	318	320
tlm_multiply_gcd_reverse_decode	8991152	8991158	6	0	0	0	3
tlm_multiply_gcd_reverse_apply	8991158	8991159	1	0	0	0	0
tlm_apply_forward_mod_add_register	8991159	8995108	3949	557	2	300	302
tlm_apply_forward_mod_add_fold	8995108	8995661	553	55	2	55	55
tlm_apply_forward_mod_add_clean	8995661	8995940	279	19	0	20	22
tlm_apply_forward_swap	8995940	8996708	768	256	0	0	0
tlm_apply_forward_fold	8996708	8998325	1617	309	0	55	62
tlm_multiply_gcd_reverse_body	8998325	9004272	5947	1055	2	319	321
tlm_multiply_gcd_reverse_decode	9004272	9004437	165	17	0	3	8
tlm_multiply_gcd_reverse_apply	9004437	9004438	1	0	0	0	0
tlm_apply_forward_mod_add_register	9004438	9008387	3949	557	2	300	302
tlm_apply_forward_mod_add_fold	9008387	9008940	553	55	2	55	55
tlm_apply_forward_mod_add_clean	9008940	9009219	279	19	0	20	22
tlm_apply_forward_swap	9009219	9009987	768	256	0	0	0
tlm_apply_forward_fold	9009987	9011604	1617	309	0	55	62
tlm_multiply_gcd_reverse_body	9011604	9017557	5953	1058	2	319	321
tlm_multiply_gcd_reverse_decode	9017557	9017563	6	0	0	0	3
tlm_multiply_gcd_reverse_apply	9017563	9017564	1	0	0	0	0
tlm_apply_forward_mod_add_register	9017564	9021513	3949	557	2	300	302
tlm_apply_forward_mod_add_fold	9021513	9022066	553	55	2	55	55
tlm_apply_forward_mod_add_clean	9022066	9022345	279	19	0	20	22
tlm_apply_forward_swap	9022345	9023113	768	256	0	0	0
tlm_apply_forward_fold	9023113	9024730	1617	309	0	55	62
tlm_multiply_gcd_reverse_body	9024730	9030717	5987	1063	2	321	323
tlm_multiply_gcd_reverse_decode	9030717	9030723	6	0	0	0	3
tlm_multiply_gcd_reverse_apply	9030723	9030724	1	0	0	0	0
tlm_apply_forward_mod_add_register	9030724	9034673	3949	557	2	300	302
tlm_apply_forward_mod_add_fold	9034673	9035226	553	55	2	55	55
tlm_apply_forward_mod_add_clean	9035226	9035505	279	19	0	20	22
tlm_apply_forward_swap	9035505	9036273	768	256	0	0	0
tlm_apply_forward_fold	9036273	9037890	1617	309	0	55	62
tlm_multiply_gcd_reverse_body	9037890	9043897	6007	1067	2	322	324
tlm_multiply_gcd_reverse_decode	9043897	9044062	165	17	0	3	8
tlm_multiply_gcd_reverse_apply	9044062	9044063	1	0	0	0	0
tlm_apply_forward_mod_add_register	9044063	9048012	3949	557	2	300	302
tlm_apply_forward_mod_add_fold	9048012	9048565	553	55	2	55	55
tlm_apply_forward_mod_add_clean	9048565	9048844	279	19	0	20	22
tlm_apply_forward_swap	9048844	9049612	768	256	0	0	0
tlm_apply_forward_fold	9049612	9051229	1617	309	0	55	62
tlm_multiply_gcd_reverse_body	9051229	9057242	6013	1070	2	322	324
tlm_multiply_gcd_reverse_decode	9057242	9057248	6	0	0	0	3
tlm_multiply_gcd_reverse_apply	9057248	9057249	1	0	0	0	0
tlm_apply_forward_mod_add_register	9057249	9061198	3949	557	2	300	302
tlm_apply_forward_mod_add_fold	9061198	9061751	553	55	2	55	55
tlm_apply_forward_mod_add_clean	9061751	9062030	279	19	0	20	22
tlm_apply_forward_swap	9062030	9062798	768	256	0	0	0
tlm_apply_forward_fold	9062798	9064415	1617	309	0	55	62
tlm_multiply_gcd_reverse_body	9064415	9070448	6033	1074	2	323	325
tlm_multiply_gcd_reverse_decode	9070448	9070454	6	0	0	0	3
tlm_multiply_gcd_reverse_apply	9070454	9070455	1	0	0	0	0
tlm_apply_forward_mod_add_register	9070455	9074404	3949	557	2	300	302
tlm_apply_forward_mod_add_fold	9074404	9074957	553	55	2	55	55
tlm_apply_forward_mod_add_clean	9074957	9075236	279	19	0	20	22
tlm_apply_forward_swap	9075236	9076004	768	256	0	0	0
tlm_apply_forward_fold	9076004	9077621	1617	309	0	55	62
tlm_multiply_gcd_reverse_body	9077621	9083674	6053	1078	2	324	326
tlm_multiply_gcd_reverse_decode	9083674	9083839	165	17	0	3	8
tlm_multiply_gcd_reverse_apply	9083839	9083840	1	0	0	0	0
tlm_apply_forward_mod_add_register	9083840	9087789	3949	557	2	300	302
tlm_apply_forward_mod_add_fold	9087789	9088342	553	55	2	55	55
tlm_apply_forward_mod_add_clean	9088342	9088621	279	19	0	20	22
tlm_apply_forward_swap	9088621	9089389	768	256	0	0	0
tlm_apply_forward_fold	9089389	9091006	1617	309	0	55	62
tlm_multiply_gcd_reverse_body	9091006	9097079	6073	1082	2	325	327
tlm_multiply_gcd_reverse_decode	9097079	9097085	6	0	0	0	3
tlm_multiply_gcd_reverse_apply	9097085	9097086	1	0	0	0	0
tlm_apply_forward_mod_add_register	9097086	9101035	3949	557	2	300	302
tlm_apply_forward_mod_add_fold	9101035	9101588	553	55	2	55	55
tlm_apply_forward_mod_add_clean	9101588	9101867	279	19	0	20	22
tlm_apply_forward_swap	9101867	9102635	768	256	0	0	0
tlm_apply_forward_fold	9102635	9104252	1617	309	0	55	62
tlm_multiply_gcd_reverse_body	9104252	9110345	6093	1086	2	326	328
tlm_multiply_gcd_reverse_decode	9110345	9110351	6	0	0	0	3
tlm_multiply_gcd_reverse_apply	9110351	9110352	1	0	0	0	0
tlm_apply_forward_mod_add_register	9110352	9114301	3949	557	2	300	302
tlm_apply_forward_mod_add_fold	9114301	9114854	553	55	2	55	55
tlm_apply_forward_mod_add_clean	9114854	9115133	279	19	0	20	22
tlm_apply_forward_swap	9115133	9115901	768	256	0	0	0
tlm_apply_forward_fold	9115901	9117518	1617	309	0	55	62
tlm_multiply_gcd_reverse_body	9117518	9123631	6113	1090	2	327	329
tlm_multiply_gcd_reverse_decode	9123631	9123796	165	17	0	3	8
tlm_multiply_gcd_reverse_apply	9123796	9123797	1	0	0	0	0
tlm_apply_forward_mod_add_register	9123797	9127746	3949	557	2	300	302
tlm_apply_forward_mod_add_fold	9127746	9128299	553	55	2	55	55
tlm_apply_forward_mod_add_clean	9128299	9128578	279	19	0	20	22
tlm_apply_forward_swap	9128578	9129346	768	256	0	0	0
tlm_apply_forward_fold	9129346	9130963	1617	309	0	55	62
tlm_multiply_gcd_reverse_body	9130963	9137048	6085	1088	2	325	327
tlm_multiply_gcd_reverse_decode	9137048	9137054	6	0	0	0	3
tlm_multiply_gcd_reverse_apply	9137054	9137055	1	0	0	0	0
tlm_apply_forward_mod_add_register	9137055	9141004	3949	557	2	300	302
tlm_apply_forward_mod_add_fold	9141004	9141557	553	55	2	55	55
tlm_apply_forward_mod_add_clean	9141557	9141836	279	19	0	20	22
tlm_apply_forward_swap	9141836	9142604	768	256	0	0	0
tlm_apply_forward_fold	9142604	9144221	1617	309	0	55	62
tlm_multiply_gcd_reverse_body	9144221	9150306	6085	1088	2	325	327
tlm_multiply_gcd_reverse_decode	9150306	9150312	6	0	0	0	3
tlm_multiply_gcd_reverse_apply	9150312	9150313	1	0	0	0	0
tlm_apply_forward_mod_add_register	9150313	9154262	3949	557	2	300	302
tlm_apply_forward_mod_add_fold	9154262	9154815	553	55	2	55	55
tlm_apply_forward_mod_add_clean	9154815	9155094	279	19	0	20	22
tlm_apply_forward_swap	9155094	9155862	768	256	0	0	0
tlm_apply_forward_fold	9155862	9157479	1617	309	0	55	62
tlm_multiply_gcd_reverse_body	9157479	9163536	6057	1086	2	323	325
tlm_multiply_gcd_reverse_decode	9163536	9163701	165	17	0	3	8
tlm_multiply_gcd_reverse_apply	9163701	9163702	1	0	0	0	0
tlm_apply_forward_mod_add_register	9163702	9167651	3949	557	2	300	302
tlm_apply_forward_mod_add_fold	9167651	9168204	553	55	2	55	55
tlm_apply_forward_mod_add_clean	9168204	9168483	279	19	0	20	22
tlm_apply_forward_swap	9168483	9169251	768	256	0	0	0
tlm_apply_forward_fold	9169251	9170868	1617	309	0	55	62
tlm_multiply_gcd_reverse_body	9170868	9176911	6043	1085	2	322	324
tlm_multiply_gcd_reverse_decode	9176911	9176917	6	0	0	0	3
tlm_multiply_gcd_reverse_apply	9176917	9176918	1	0	0	0	0
tlm_apply_forward_mod_add_register	9176918	9180867	3949	557	2	300	302
tlm_apply_forward_mod_add_fold	9180867	9181420	553	55	2	55	55
tlm_apply_forward_mod_add_clean	9181420	9181699	279	19	0	20	22
tlm_apply_forward_swap	9181699	9182467	768	256	0	0	0
tlm_apply_forward_fold	9182467	9184084	1617	309	0	55	62
tlm_multiply_gcd_reverse_body	9184084	9190127	6043	1085	2	322	324
tlm_multiply_gcd_reverse_decode	9190127	9190133	6	0	0	0	3
tlm_multiply_gcd_reverse_apply	9190133	9190134	1	0	0	0	0
tlm_apply_forward_mod_add_register	9190134	9194083	3949	557	2	300	302
tlm_apply_forward_mod_add_fold	9194083	9194636	553	55	2	55	55
tlm_apply_forward_mod_add_clean	9194636	9194915	279	19	0	20	22
tlm_apply_forward_swap	9194915	9195683	768	256	0	0	0
tlm_apply_forward_fold	9195683	9197300	1617	309	0	55	62
tlm_multiply_gcd_reverse_body	9197300	9203315	6015	1083	2	320	322
tlm_multiply_gcd_reverse_decode	9203315	9203480	165	17	0	3	8
tlm_multiply_gcd_reverse_apply	9203480	9203481	1	0	0	0	0
tlm_apply_forward_mod_add_register	9203481	9207430	3949	557	2	300	302
tlm_apply_forward_mod_add_fold	9207430	9207983	553	55	2	55	55
tlm_apply_forward_mod_add_clean	9207983	9208262	279	19	0	20	22
tlm_apply_forward_swap	9208262	9209030	768	256	0	0	0
tlm_apply_forward_fold	9209030	9210647	1617	309	0	55	62
tlm_multiply_gcd_reverse_body	9210647	9216648	6001	1082	2	319	321
tlm_multiply_gcd_reverse_decode	9216648	9216654	6	0	0	0	3
tlm_multiply_gcd_reverse_apply	9216654	9216655	1	0	0	0	0
tlm_apply_forward_mod_add_register	9216655	9220604	3949	557	2	300	302
tlm_apply_forward_mod_add_fold	9220604	9221157	553	55	2	55	55
tlm_apply_forward_mod_add_clean	9221157	9221436	279	19	0	20	22
tlm_apply_forward_swap	9221436	9222204	768	256	0	0	0
tlm_apply_forward_fold	9222204	9223821	1617	309	0	55	62
tlm_multiply_gcd_reverse_body	9223821	9229808	5987	1081	2	318	320
tlm_multiply_gcd_reverse_decode	9229808	9229814	6	0	0	0	3
tlm_multiply_gcd_reverse_apply	9229814	9229815	1	0	0	0	0
tlm_apply_forward_mod_add_register	9229815	9233764	3949	557	2	300	302
tlm_apply_forward_mod_add_fold	9233764	9234317	553	55	2	55	55
tlm_apply_forward_mod_add_clean	9234317	9234596	279	19	0	20	22
tlm_apply_forward_swap	9234596	9235364	768	256	0	0	0
tlm_apply_forward_fold	9235364	9236981	1617	309	0	55	62
tlm_multiply_gcd_reverse_body	9236981	9242969	5988	1081	2	318	321
tlm_multiply_gcd_reverse_decode_initial	9242969	9242979	10	1	0	0	3
tlm_multiply_gcd_reverse_apply_initial	9242979	9242980	1	0	0	0	0
tlm_apply_forward_mod_add_register_initial	9242980	9246929	3949	557	2	300	302
tlm_apply_forward_mod_add_fold_initial	9246929	9247482	553	55	2	55	55
tlm_apply_forward_mod_add_clean_initial	9247482	9247761	279	19	0	20	22
tlm_apply_forward_swap_initial	9247761	9248529	768	256	0	0	0
tlm_apply_forward_fold_initial	9248529	9251181	2652	622	4	112	112
tlm_multiply_gcd_reverse_body_initial	9251181	9257350	6169	1313	2	294	297
tlm_gcd_step_end_initial	9257350	9258364	1014	0	0	0	514
tlm_coord_y_sub_final	9258364	9264972	6608	330	2	331	590
tlm_coord_rsub_final	9264972	9277283	12311	330	2	331	590
