phase	start	end	ops	ccx	ccz	hmr	reset
init	0	87	87	29	0	0	3
window_qrom_xy_load_walk	87	34078793	34078706	65534	0	65534	65534
tlm_coord_x_sub	34078793	34082073	3280	586	2	75	78
tlm_coord_y_sub	34082073	34085353	3280	586	2	75	78
window_qrom_xy_unload_measure	34085353	34086377	1024	0	0	512	512
window_qrom_xy_unload_clear	34086377	67644901	33558524	1020	0	0	512
tlm_inverse	67644901	67645407	506	0	0	0	0
tlm_inverse_gcd_forward_shift_initial	67645407	67646939	1532	509	0	0	0
tlm_inverse_gcd_forward_compare_initial	67646939	67647705	766	255	0	0	0
tlm_inverse_gcd_forward_body_initial	67647705	67652384	4679	570	3	315	318
tlm_apply_inverse_fold_initial	67652384	67655242	2858	624	4	110	112
tlm_apply_inverse_swap_initial	67655242	67656010	768	256	0	0	0
tlm_apply_inverse_mod_sub_register_initial	67656010	67661968	5958	664	2	407	408
tlm_apply_inverse_mod_sub_fold_initial	67661968	67662627	659	55	2	55	55
tlm_apply_inverse_mod_sub_clean_initial	67662627	67662943	316	19	0	20	22
tlm_inverse_gcd_forward_codec_initial	67662943	67662952	9	1	0	0	2
tlm_inverse_gcd_forward_shift	67662952	67663972	1020	254	0	0	0
tlm_inverse_gcd_forward_compare	67663972	67665066	1094	279	0	23	24
tlm_inverse_gcd_forward_body	67665066	67669745	4679	570	3	315	318
tlm_apply_inverse_fold	67669745	67671465	1720	310	0	54	62
tlm_apply_inverse_swap	67671465	67672233	768	256	0	0	0
tlm_apply_inverse_mod_sub_register	67672233	67678219	5986	666	2	409	410
tlm_apply_inverse_mod_sub_fold	67678219	67678878	659	55	2	55	55
tlm_apply_inverse_mod_sub_clean	67678878	67679194	316	19	0	20	22
tlm_inverse_gcd_forward_codec	67679194	67679197	3	0	0	0	0
tlm_inverse_gcd_forward_shift	67679197	67680217	1020	254	0	0	0
tlm_inverse_gcd_forward_compare	67680217	67681311	1094	279	0	23	24
tlm_inverse_gcd_forward_body	67681311	67685990	4679	570	3	315	318
tlm_apply_inverse_fold	67685990	67687710	1720	310	0	54	62
tlm_apply_inverse_swap	67687710	67688478	768	256	0	0	0
tlm_apply_inverse_mod_sub_register	67688478	67694506	6028	669	2	412	413
tlm_apply_inverse_mod_sub_fold	67694506	67695165	659	55	2	55	55
tlm_apply_inverse_mod_sub_clean	67695165	67695481	316	19	0	20	22
tlm_inverse_gcd_forward_codec	67695481	67695484	3	0	0	0	0
tlm_inverse_gcd_forward_shift	67695484	67696504	1020	254	0	0	0
tlm_inverse_gcd_forward_compare	67696504	67697612	1108	280	0	24	25
tlm_inverse_gcd_forward_body	67697612	67702291	4679	570	3	315	318
tlm_apply_inverse_fold	67702291	67704011	1720	310	0	54	62
tlm_apply_inverse_swap	67704011	67704779	768	256	0	0	0
tlm_apply_inverse_mod_sub_register	67704779	67710849	6070	672	2	415	416
tlm_apply_inverse_mod_sub_fold	67710849	67711508	659	55	2	55	55
tlm_apply_inverse_mod_sub_clean	67711508	67711824	316	19	0	20	22
tlm_inverse_gcd_forward_codec	67711824	67711990	166	18	0	4	7
tlm_inverse_gcd_forward_shift	67711990	67713010	1020	254	0	0	0
tlm_inverse_gcd_forward_compare	67713010	67714132	1122	281	0	25	26
tlm_inverse_gcd_forward_body	67714132	67718811	4679	570	3	315	318
tlm_apply_inverse_fold	67718811	67720531	1720	310	0	54	62
tlm_apply_inverse_swap	67720531	67721299	768	256	0	0	0
tlm_apply_inverse_mod_sub_register	67721299	67727383	6084	673	2	416	417
tlm_apply_inverse_mod_sub_fold	67727383	67728042	659	55	2	55	55
tlm_apply_inverse_mod_sub_clean	67728042	67728358	316	19	0	20	22
tlm_inverse_gcd_forward_codec	67728358	67728361	3	0	0	0	0
tlm_inverse_gcd_forward_shift	67728361	67729381	1020	254	0	0	0
tlm_inverse_gcd_forward_compare	67729381	67730531	1150	283	0	27	28
tlm_inverse_gcd_forward_body	67730531	67735210	4679	570	3	315	318
tlm_apply_inverse_fold	67735210	67736930	1720	310	0	54	62
tlm_apply_inverse_swap	67736930	67737698	768	256	0	0	0
tlm_apply_inverse_mod_sub_register	67737698	67743824	6126	676	2	419	420
tlm_apply_inverse_mod_sub_fold	67743824	67744483	659	55	2	55	55
tlm_apply_inverse_mod_sub_clean	67744483	67744799	316	19	0	20	22
tlm_inverse_gcd_forward_codec	67744799	67744802	3	0	0	0	0
tlm_inverse_gcd_forward_shift	67744802	67745822	1020	254	0	0	0
tlm_inverse_gcd_forward_compare	67745822	67746972	1150	283	0	27	28
tlm_inverse_gcd_forward_body	67746972	67751651	4679	570	3	315	318
tlm_apply_inverse_fold	67751651	67753371	1720	310	0	54	62
tlm_apply_inverse_swap	67753371	67754139	768	256	0	0	0
tlm_apply_inverse_mod_sub_register	67754139	67760307	6168	679	2	422	423
tlm_apply_inverse_mod_sub_fold	67760307	67760966	659	55	2	55	55
tlm_apply_inverse_mod_sub_clean	67760966	67761282	316	19	0	20	22
tlm_inverse_gcd_forward_codec	67761282	67761448	166	18	0	4	7
tlm_inverse_gcd_forward_shift	67761448	67762468	1020	254	0	0	0
tlm_inverse_gcd_forward_compare	67762468	67763632	1164	284	0	28	29
tlm_inverse_gcd_forward_body	67763632	67768311	4679	570	3	315	318
tlm_apply_inverse_fold	67768311	67770031	1720	310	0	54	62
tlm_apply_inverse_swap	67770031	67770799	768	256	0	0	0
tlm_apply_inverse_mod_sub_register	67770799	67776981	6182	680	2	423	424
tlm_apply_inverse_mod_sub_fold	67776981	67777640	659	55	2	55	55
tlm_apply_inverse_mod_sub_clean	67777640	67777956	316	19	0	20	22
tlm_inverse_gcd_forward_codec	67777956	67777959	3	0	0	0	0
tlm_inverse_gcd_forward_shift	67777959	67778979	1020	254	0	0	0
tlm_inverse_gcd_forward_compare	67778979	67780171	1192	286	0	30	31
tlm_inverse_gcd_forward_body	67780171	67784896	4725	573	4	318	321
tlm_apply_inverse_fold	67784896	67786616	1720	310	0	54	62
tlm_apply_inverse_swap	67786616	67787384	768	256	0	0	0
tlm_apply_inverse_mod_sub_register	67787384	67793608	6224	683	2	426	427
tlm_apply_inverse_mod_sub_fold	67793608	67794267	659	55	2	55	55
tlm_apply_inverse_mod_sub_clean	67794267	67794583	316	19	0	20	22
tlm_inverse_gcd_forward_codec	67794583	67794586	3	0	0	0	0
tlm_inverse_gcd_forward_shift	67794586	67795606	1020	254	0	0	0
tlm_inverse_gcd_forward_compare	67795606	67796798	1192	286	0	30	31
tlm_inverse_gcd_forward_body	67796798	67801649	4851	582	4	327	330
tlm_apply_inverse_fold	67801649	67803369	1720	310	0	54	62
tlm_apply_inverse_swap	67803369	67804137	768	256	0	0	0
tlm_apply_inverse_mod_sub_register	67804137	67810421	6284	687	3	430	431
tlm_apply_inverse_mod_sub_fold	67810421	67811080	659	55	2	55	55
tlm_apply_inverse_mod_sub_clean	67811080	67811396	316	19	0	20	22
tlm_inverse_gcd_forward_codec	67811396	67811562	166	18	0	4	7
tlm_inverse_gcd_forward_shift	67811562	67812582	1020	254	0	0	0
tlm_inverse_gcd_forward_compare	67812582	67813802	1220	288	0	32	33
tlm_inverse_gcd_forward_body	67813802	67818695	4893	585	4	330	333
tlm_apply_inverse_fold	67818695	67820415	1720	310	0	54	62
tlm_apply_inverse_swap	67820415	67821183	768	256	0	0	0
tlm_apply_inverse_mod_sub_register	67821183	67825957	4774	579	3	322	325
tlm_apply_inverse_mod_sub_fold	67825957	67826616	659	55	2	55	55
tlm_apply_inverse_mod_sub_clean	67826616	67826932	316	19	0	20	22
tlm_inverse_gcd_forward_codec	67826932	67826935	3	0	0	0	0
tlm_inverse_gcd_forward_shift	67826935	67827953	1018	253	0	0	2
tlm_inverse_gcd_forward_compare	67827953	67829170	1217	287	0	32	33
tlm_inverse_gcd_forward_body	67829170	67834076	4906	585	4	331	334
tlm_apply_inverse_fold	67834076	67835796	1720	310	0	54	62
tlm_apply_inverse_swap	67835796	67836564	768	256	0	0	0
tlm_apply_inverse_mod_sub_register	67836564	67841338	4774	579	3	322	325
tlm_apply_inverse_mod_sub_fold	67841338	67841997	659	55	2	55	55
tlm_apply_inverse_mod_sub_clean	67841997	67842313	316	19	0	20	22
tlm_inverse_gcd_forward_codec	67842313	67842316	3	0	0	0	0
tlm_inverse_gcd_forward_shift	67842316	67843330	1014	252	0	0	2
tlm_inverse_gcd_forward_compare	67843330	67844544	1214	286	0	32	33
tlm_inverse_gcd_forward_body	67844544	67849463	4919	585	4	332	335
tlm_apply_inverse_fold	67849463	67851183	1720	310	0	54	62
tlm_apply_inverse_swap	67851183	67851951	768	256	0	0	0
tlm_apply_inverse_mod_sub_register	67851951	67856725	4774	579	3	322	325
tlm_apply_inverse_mod_sub_fold	67856725	67857384	659	55	2	55	55
tlm_apply_inverse_mod_sub_clean	67857384	67857700	316	19	0	20	22
tlm_inverse_gcd_forward_codec	67857700	67857866	166	18	0	4	7
tlm_inverse_gcd_forward_shift	67857866	67858876	1010	251	0	0	2
tlm_inverse_gcd_forward_compare	67858876	67860087	1211	285	0	32	33
tlm_inverse_gcd_forward_body	67860087	67864935	4848	579	4	327	330
tlm_apply_inverse_fold	67864935	67866655	1720	310	0	54	62
tlm_apply_inverse_swap	67866655	67867423	768	256	0	0	0
tlm_apply_inverse_mod_sub_register	67867423	67872197	4774	579	3	322	325
tlm_apply_inverse_mod_sub_fold	67872197	67872856	659	55	2	55	55
tlm_apply_inverse_mod_sub_clean	67872856	67873172	316	19	0	20	22
tlm_inverse_gcd_forward_codec	67873172	67873175	3	0	0	0	0
tlm_inverse_gcd_forward_shift	67873175	67874181	1006	250	0	0	2
tlm_inverse_gcd_forward_compare	67874181	67875389	1208	284	0	32	33
tlm_inverse_gcd_forward_body	67875389	67880250	4861	579	4	328	331
tlm_apply_inverse_fold	67880250	67881970	1720	310	0	54	62
tlm_apply_inverse_swap	67881970	67882738	768	256	0	0	0
tlm_apply_inverse_mod_sub_register	67882738	67887512	4774	579	3	322	325
tlm_apply_inverse_mod_sub_fold	67887512	67888171	659	55	2	55	55
tlm_apply_inverse_mod_sub_clean	67888171	67888487	316	19	0	20	22
tlm_inverse_gcd_forward_codec	67888487	67888490	3	0	0	0	0
tlm_inverse_gcd_forward_shift	67888490	67889492	1002	249	0	0	2
tlm_inverse_gcd_forward_compare	67889492	67890697	1205	283	0	32	33
tlm_inverse_gcd_forward_body	67890697	67895571	4874	579	4	329	332
tlm_apply_inverse_fold	67895571	67897291	1720	310	0	54	62
tlm_apply_inverse_swap	67897291	67898059	768	256	0	0	0
tlm_apply_inverse_mod_sub_register	67898059	67902833	4774	579	3	322	325
tlm_apply_inverse_mod_sub_fold	67902833	67903492	659	55	2	55	55
tlm_apply_inverse_mod_sub_clean	67903492	67903808	316	19	0	20	22
tlm_inverse_gcd_forward_codec	67903808	67903974	166	18	0	4	7
tlm_inverse_gcd_forward_shift	67903974	67904972	998	248	0	0	2
tlm_inverse_gcd_forward_compare	67904972	67906188	1216	283	0	33	34
tlm_inverse_gcd_forward_body	67906188	67910991	4803	573	4	324	327
tlm_apply_inverse_fold	67910991	67912711	1720	310	0	54	62
tlm_apply_inverse_swap	67912711	67913479	768	256	0	0	0
tlm_apply_inverse_mod_sub_register	67913479	67918253	4774	579	3	322	325
tlm_apply_inverse_mod_sub_fold	67918253	67918912	659	55	2	55	55
tlm_apply_inverse_mod_sub_clean	67918912	67919228	316	19	0	20	22
tlm_inverse_gcd_forward_codec	67919228	67919231	3	0	0	0	0
tlm_inverse_gcd_forward_shift	67919231	67920225	994	247	0	0	2
tlm_inverse_gcd_forward_compare	67920225	67921438	1213	282	0	33	34
tlm_inverse_gcd_forward_body	67921438	67926254	4816	573	4	325	328
tlm_apply_inverse_fold	67926254	67927974	1720	310	0	54	62
tlm_apply_inverse_swap	67927974	67928742	768	256	0	0	0
tlm_apply_inverse_mod_sub_register	67928742	67933516	4774	579	3	322	325
tlm_apply_inverse_mod_sub_fold	67933516	67934175	659	55	2	55	55
tlm_apply_inverse_mod_sub_clean	67934175	67934491	316	19	0	20	22
tlm_inverse_gcd_forward_codec	67934491	67934494	3	0	0	0	0
tlm_inverse_gcd_forward_shift	67934494	67935484	990	246	0	0	2
tlm_inverse_gcd_forward_compare	67935484	67936680	1196	280	0	32	33
tlm_inverse_gcd_forward_body	67936680	67941509	4829	573	4	326	329
tlm_apply_inverse_fold	67941509	67943229	1720	310	0	54	62
tlm_apply_inverse_swap	67943229	67943997	768	256	0	0	0
tlm_apply_inverse_mod_sub_register	67943997	67948771	4774	579	3	322	325
tlm_apply_inverse_mod_sub_fold	67948771	67949430	659	55	2	55	55
tlm_apply_inverse_mod_sub_clean	67949430	67949746	316	19	0	20	22
tlm_inverse_gcd_forward_codec	67949746	67949912	166	18	0	4	7
tlm_inverse_gcd_forward_shift	67949912	67950898	986	245	0	0	2
tlm_inverse_gcd_forward_compare	67950898	67952105	1207	280	0	33	34
tlm_inverse_gcd_forward_body	67952105	67956863	4758	567	4	321	324
tlm_apply_inverse_fold	67956863	67958583	1720	310	0	54	62
tlm_apply_inverse_swap	67958583	67959351	768	256	0	0	0
tlm_apply_inverse_mod_sub_register	67959351	67964125	4774	579	3	322	325
tlm_apply_inverse_mod_sub_fold	67964125	67964784	659	55	2	55	55
tlm_apply_inverse_mod_sub_clean	67964784	67965100	316	19	0	20	22
tlm_inverse_gcd_forward_codec	67965100	67965103	3	0	0	0	0
tlm_inverse_gcd_forward_shift	67965103	67966085	982	244	0	0	2
tlm_inverse_gcd_forward_compare	67966085	67967289	1204	279	0	33	34
tlm_inverse_gcd_forward_body	67967289	67972060	4771	567	4	322	325
tlm_apply_inverse_fold	67972060	67973780	1720	310	0	54	62
tlm_apply_inverse_swap	67973780	67974548	768	256	0	0	0
tlm_apply_inverse_mod_sub_register	67974548	67979322	4774	579	3	322	325
tlm_apply_inverse_mod_sub_fold	67979322	67979981	659	55	2	55	55
tlm_apply_inverse_mod_sub_clean	67979981	67980297	316	19	0	20	22
tlm_inverse_gcd_forward_codec	67980297	67980300	3	0	0	0	0
tlm_inverse_gcd_forward_shift	67980300	67981278	978	243	0	0	2
tlm_inverse_gcd_forward_compare	67981278	67982479	1201	278	0	33	34
tlm_inverse_gcd_forward_body	67982479	67987263	4784	567	4	323	326
tlm_apply_inverse_fold	67987263	67988983	1720	310	0	54	62
tlm_apply_inverse_swap	67988983	67989751	768	256	0	0	0
tlm_apply_inverse_mod_sub_register	67989751	67994525	4774	579	3	322	325
tlm_apply_inverse_mod_sub_fold	67994525	67995184	659	55	2	55	55
tlm_apply_inverse_mod_sub_clean	67995184	67995500	316	19	0	20	22
tlm_inverse_gcd_forward_codec	67995500	67995666	166	18	0	4	7
tlm_inverse_gcd_forward_shift	67995666	67996640	974	242	0	0	2
tlm_inverse_gcd_forward_compare	67996640	67997824	1184	276	0	32	33
tlm_inverse_gcd_forward_body	67997824	68002537	4713	561	4	318	321
tlm_apply_inverse_fold	68002537	68004257	1720	310	0	54	62
tlm_apply_inverse_swap	68004257	68005025	768	256	0	0	0
tlm_apply_inverse_mod_sub_register	68005025	68009799	4774	579	3	322	325
tlm_apply_inverse_mod_sub_fold	68009799	68010458	659	55	2	55	55
tlm_apply_inverse_mod_sub_clean	68010458	68010774	316	19	0	20	22
tlm_inverse_gcd_forward_codec	68010774	68010777	3	0	0	0	0
tlm_inverse_gcd_forward_shift	68010777	68011747	970	241	0	0	2
tlm_inverse_gcd_forward_compare	68011747	68012956	1209	277	0	34	35
tlm_inverse_gcd_forward_body	68012956	68017682	4726	561	4	319	322
tlm_apply_inverse_fold	68017682	68019402	1720	310	0	54	62
tlm_apply_inverse_swap	68019402	68020170	768	256	0	0	0
tlm_apply_inverse_mod_sub_register	68020170	68024944	4774	579	3	322	325
tlm_apply_inverse_mod_sub_fold	68024944	68025603	659	55	2	55	55
tlm_apply_inverse_mod_sub_clean	68025603	68025919	316	19	0	20	22
tlm_inverse_gcd_forward_codec	68025919	68025922	3	0	0	0	0
tlm_inverse_gcd_forward_shift	68025922	68026888	966	240	0	0	2
tlm_inverse_gcd_forward_compare	68026888	68028094	1206	276	0	34	35
tlm_inverse_gcd_forward_body	68028094	68032833	4739	561	4	320	323
tlm_apply_inverse_fold	68032833	68034553	1720	310	0	54	62
tlm_apply_inverse_swap	68034553	68035321	768	256	0	0	0
tlm_apply_inverse_mod_sub_register	68035321	68040095	4774	579	3	322	325
tlm_apply_inverse_mod_sub_fold	68040095	68040754	659	55	2	55	55
tlm_apply_inverse_mod_sub_clean	68040754	68041070	316	19	0	20	22
tlm_inverse_gcd_forward_codec	68041070	68041236	166	18	0	4	7
tlm_inverse_gcd_forward_shift	68041236	68042198	962	239	0	0	2
tlm_inverse_gcd_forward_compare	68042198	68043387	1189	274	0	33	34
tlm_inverse_gcd_forward_body	68043387	68048055	4668	555	4	315	318
tlm_apply_inverse_fold	68048055	68049775	1720	310	0	54	62
tlm_apply_inverse_swap	68049775	68050543	768	256	0	0	0
tlm_apply_inverse_mod_sub_register	68050543	68055317	4774	579	3	322	325
tlm_apply_inverse_mod_sub_fold	68055317	68055976	659	55	2	55	55
tlm_apply_inverse_mod_sub_clean	68055976	68056292	316	19	0	20	22
tlm_inverse_gcd_forward_codec	68056292	68056295	3	0	0	0	0
tlm_inverse_gcd_forward_shift	68056295	68057253	958	238	0	0	2
tlm_inverse_gcd_forward_compare	68057253	68058439	1186	273	0	33	34
tlm_inverse_gcd_forward_body	68058439	68063120	4681	555	4	316	319
tlm_apply_inverse_fold	68063120	68064840	1720	310	0	54	62
tlm_apply_inverse_swap	68064840	68065608	768	256	0	0	0
tlm_apply_inverse_mod_sub_register	68065608	68070382	4774	579	3	322	325
tlm_apply_inverse_mod_sub_fold	68070382	68071041	659	55	2	55	55
tlm_apply_inverse_mod_sub_clean	68071041	68071357	316	19	0	20	22
tlm_inverse_gcd_forward_codec	68071357	68071360	3	0	0	0	0
tlm_inverse_gcd_forward_shift	68071360	68072314	954	237	0	0	2
tlm_inverse_gcd_forward_compare	68072314	68073511	1197	273	0	34	35
tlm_inverse_gcd_forward_body	68073511	68078205	4694	555	4	317	320
tlm_apply_inverse_fold	68078205	68079925	1720	310	0	54	62
tlm_apply_inverse_swap	68079925	68080693	768	256	0	0	0
tlm_apply_inverse_mod_sub_register	68080693	68085467	4774	579	3	322	325
tlm_apply_inverse_mod_sub_fold	68085467	68086126	659	55	2	55	55
tlm_apply_inverse_mod_sub_clean	68086126	68086442	316	19	0	20	22
tlm_inverse_gcd_forward_codec	68086442	68086608	166	18	0	4	7
tlm_inverse_gcd_forward_shift	68086608	68087558	950	236	0	0	2
tlm_inverse_gcd_forward_compare	68087558	68088738	1180	271	0	33	34
tlm_inverse_gcd_forward_body	68088738	68093361	4623	549	4	312	315
tlm_apply_inverse_fold	68093361	68095081	1720	310	0	54	62
tlm_apply_inverse_swap	68095081	68095849	768	256	0	0	0
tlm_apply_inverse_mod_sub_register	68095849	68100623	4774	579	3	322	325
tlm_apply_inverse_mod_sub_fold	68100623	68101282	659	55	2	55	55
tlm_apply_inverse_mod_sub_clean	68101282	68101598	316	19	0	20	22
tlm_inverse_gcd_forward_codec	68101598	68101601	3	0	0	0	0
tlm_inverse_gcd_forward_shift	68101601	68102547	946	235	0	0	2
tlm_inverse_gcd_forward_compare	68102547	68103724	1177	270	0	33	34
tlm_inverse_gcd_forward_body	68103724	68108360	4636	549	4	313	316
tlm_apply_inverse_fold	68108360	68110080	1720	310	0	54	62
tlm_apply_inverse_swap	68110080	68110848	768	256	0	0	0
tlm_apply_inverse_mod_sub_register	68110848	68115622	4774	579	3	322	325
tlm_apply_inverse_mod_sub_fold	68115622	68116281	659	55	2	55	55
tlm_apply_inverse_mod_sub_clean	68116281	68116597	316	19	0	20	22
tlm_inverse_gcd_forward_codec	68116597	68116600	3	0	0	0	0
tlm_inverse_gcd_forward_shift	68116600	68117542	942	234	0	0	2
tlm_inverse_gcd_forward_compare	68117542	68118744	1202	271	0	35	36
tlm_inverse_gcd_forward_body	68118744	68123393	4649	549	4	314	317
tlm_apply_inverse_fold	68123393	68125113	1720	310	0	54	62
tlm_apply_inverse_swap	68125113	68125881	768	256	0	0	0
tlm_apply_inverse_mod_sub_register	68125881	68130655	4774	579	3	322	325
tlm_apply_inverse_mod_sub_fold	68130655	68131314	659	55	2	55	55
tlm_apply_inverse_mod_sub_clean	68131314	68131630	316	19	0	20	22
tlm_inverse_gcd_forward_codec	68131630	68131796	166	18	0	4	7
tlm_inverse_gcd_forward_shift	68131796	68132734	938	233	0	0	2
tlm_inverse_gcd_forward_compare	68132734	68133905	1171	268	0	33	34
tlm_inverse_gcd_forward_body	68133905	68138483	4578	543	4	309	312
tlm_apply_inverse_fold	68138483	68140203	1720	310	0	54	62
tlm_apply_inverse_swap	68140203	68140971	768	256	0	0	0
tlm_apply_inverse_mod_sub_register	68140971	68145745	4774	579	3	322	325
tlm_apply_inverse_mod_sub_fold	68145745	68146404	659	55	2	55	55
tlm_apply_inverse_mod_sub_clean	68146404	68146720	316	19	0	20	22
tlm_inverse_gcd_forward_codec	68146720	68146723	3	0	0	0	0
tlm_inverse_gcd_forward_shift	68146723	68147657	934	232	0	0	2
tlm_inverse_gcd_forward_compare	68147657	68148839	1182	268	0	34	35
tlm_inverse_gcd_forward_body	68148839	68153430	4591	543	4	310	313
tlm_apply_inverse_fold	68153430	68155150	1720	310	0	54	62
tlm_apply_inverse_swap	68155150	68155918	768	256	0	0	0
tlm_apply_inverse_mod_sub_register	68155918	68160692	4774	579	3	322	325
tlm_apply_inverse_mod_sub_fold	68160692	68161351	659	55	2	55	55
tlm_apply_inverse_mod_sub_clean	68161351	68161667	316	19	0	20	22
tlm_inverse_gcd_forward_codec	68161667	68161670	3	0	0	0	0
tlm_inverse_gcd_forward_shift	68161670	68162600	930	231	0	0	2
tlm_inverse_gcd_forward_compare	68162600	68163779	1179	267	0	34	35
tlm_inverse_gcd_forward_body	68163779	68168383	4604	543	4	311	314
tlm_apply_inverse_fold	68168383	68170103	1720	310	0	54	62
tlm_apply_inverse_swap	68170103	68170871	768	256	0	0	0
tlm_apply_inverse_mod_sub_register	68170871	68175645	4774	579	3	322	325
tlm_apply_inverse_mod_sub_fold	68175645	68176304	659	55	2	55	55
tlm_apply_inverse_mod_sub_clean	68176304	68176620	316	19	0	20	22
tlm_inverse_gcd_forward_codec	68176620	68176786	166	18	0	4	7
tlm_inverse_gcd_forward_shift	68176786	68177712	926	230	0	0	2
tlm_inverse_gcd_forward_compare	68177712	68178888	1176	266	0	34	35
tlm_inverse_gcd_forward_body	68178888	68183421	4533	537	4	306	309
tlm_apply_inverse_fold	68183421	68185141	1720	310	0	54	62
tlm_apply_inverse_swap	68185141	68185909	768	256	0	0	0
tlm_apply_inverse_mod_sub_register	68185909	68190683	4774	579	3	322	325
tlm_apply_inverse_mod_sub_fold	68190683	68191342	659	55	2	55	55
tlm_apply_inverse_mod_sub_clean	68191342	68191658	316	19	0	20	22
tlm_inverse_gcd_forward_codec	68191658	68191661	3	0	0	0	0
tlm_inverse_gcd_forward_shift	68191661	68192583	922	229	0	0	2
tlm_inverse_gcd_forward_compare	68192583	68193756	1173	265	0	34	35
tlm_inverse_gcd_forward_body	68193756	68198302	4546	537	4	307	310
tlm_apply_inverse_fold	68198302	68200022	1720	310	0	54	62
tlm_apply_inverse_swap	68200022	68200790	768	256	0	0	0
tlm_apply_inverse_mod_sub_register	68200790	68205564	4774	579	3	322	325
tlm_apply_inverse_mod_sub_fold	68205564	68206223	659	55	2	55	55
tlm_apply_inverse_mod_sub_clean	68206223	68206539	316	19	0	20	22
tlm_inverse_gcd_forward_codec	68206539	68206542	3	0	0	0	0
tlm_inverse_gcd_forward_shift	68206542	68207460	918	228	0	0	2
tlm_inverse_gcd_forward_compare	68207460	68208644	1184	265	0	35	36
tlm_inverse_gcd_forward_body	68208644	68213203	4559	537	4	308	311
tlm_apply_inverse_fold	68213203	68214923	1720	310	0	54	62
tlm_apply_inverse_swap	68214923	68215691	768	256	0	0	0
tlm_apply_inverse_mod_sub_register	68215691	68220465	4774	579	3	322	325
tlm_apply_inverse_mod_sub_fold	68220465	68221124	659	55	2	55	55
tlm_apply_inverse_mod_sub_clean	68221124	68221440	316	19	0	20	22
tlm_inverse_gcd_forward_codec	68221440	68221606	166	18	0	4	7
tlm_inverse_gcd_forward_shift	68221606	68222520	914	227	0	0	2
tlm_inverse_gcd_forward_compare	68222520	68223687	1167	263	0	34	35
tlm_inverse_gcd_forward_body	68223687	68228175	4488	531	4	303	306
tlm_apply_inverse_fold	68228175	68229895	1720	310	0	54	62
tlm_apply_inverse_swap	68229895	68230663	768	256	0	0	0
tlm_apply_inverse_mod_sub_register	68230663	68235437	4774	579	3	322	325
tlm_apply_inverse_mod_sub_fold	68235437	68236096	659	55	2	55	55
tlm_apply_inverse_mod_sub_clean	68236096	68236412	316	19	0	20	22
tlm_inverse_gcd_forward_codec	68236412	68236415	3	0	0	0	0
tlm_inverse_gcd_forward_shift	68236415	68237325	910	226	0	0	2
tlm_inverse_gcd_forward_compare	68237325	68238503	1178	263	0	35	36
tlm_inverse_gcd_forward_body	68238503	68243004	4501	531	4	304	307
tlm_apply_inverse_fold	68243004	68244724	1720	310	0	54	62
tlm_apply_inverse_swap	68244724	68245492	768	256	0	0	0
tlm_apply_inverse_mod_sub_register	68245492	68250266	4774	579	3	322	325
tlm_apply_inverse_mod_sub_fold	68250266	68250925	659	55	2	55	55
tlm_apply_inverse_mod_sub_clean	68250925	68251241	316	19	0	20	22
tlm_inverse_gcd_forward_codec	68251241	68251244	3	0	0	0	0
tlm_inverse_gcd_forward_shift	68251244	68252150	906	225	0	0	2
tlm_inverse_gcd_forward_compare	68252150	68253325	1175	262	0	35	36
tlm_inverse_gcd_forward_body	68253325	68257839	4514	531	4	305	308
tlm_apply_inverse_fold	68257839	68259559	1720	310	0	54	62
tlm_apply_inverse_swap	68259559	68260327	768	256	0	0	0
tlm_apply_inverse_mod_sub_register	68260327	68265101	4774	579	3	322	325
tlm_apply_inverse_mod_sub_fold	68265101	68265760	659	55	2	55	55
tlm_apply_inverse_mod_sub_clean	68265760	68266076	316	19	0	20	22
tlm_inverse_gcd_forward_codec	68266076	68266242	166	18	0	4	7
tlm_inverse_gcd_forward_shift	68266242	68267144	902	224	0	0	2
tlm_inverse_gcd_forward_compare	68267144	68268316	1172	261	0	35	36
tlm_inverse_gcd_forward_body	68268316	68272759	4443	525	4	300	303
tlm_apply_inverse_fold	68272759	68274479	1720	310	0	54	62
tlm_apply_inverse_swap	68274479	68275247	768	256	0	0	0
tlm_apply_inverse_mod_sub_register	68275247	68280021	4774	579	3	322	325
tlm_apply_inverse_mod_sub_fold	68280021	68280680	659	55	2	55	55
tlm_apply_inverse_mod_sub_clean	68280680	68280996	316	19	0	20	22
tlm_inverse_gcd_forward_codec	68280996	68280999	3	0	0	0	0
tlm_inverse_gcd_forward_shift	68280999	68281897	898	223	0	0	2
tlm_inverse_gcd_forward_compare	68281897	68283052	1155	259	0	34	35
tlm_inverse_gcd_forward_body	68283052	68287508	4456	525	4	301	304
tlm_apply_inverse_fold	68287508	68289228	1720	310	0	54	62
tlm_apply_inverse_swap	68289228	68289996	768	256	0	0	0
tlm_apply_inverse_mod_sub_register	68289996	68294770	4774	579	3	322	325
tlm_apply_inverse_mod_sub_fold	68294770	68295429	659	55	2	55	55
tlm_apply_inverse_mod_sub_clean	68295429	68295745	316	19	0	20	22
tlm_inverse_gcd_forward_codec	68295745	68295748	3	0	0	0	0
tlm_inverse_gcd_forward_shift	68295748	68296642	894	222	0	0	2
tlm_inverse_gcd_forward_compare	68296642	68297808	1166	259	0	35	36
tlm_inverse_gcd_forward_body	68297808	68302277	4469	525	4	302	305
tlm_apply_inverse_fold	68302277	68303997	1720	310	0	54	62
tlm_apply_inverse_swap	68303997	68304765	768	256	0	0	0
tlm_apply_inverse_mod_sub_register	68304765	68309539	4774	579	3	322	325
tlm_apply_inverse_mod_sub_fold	68309539	68310198	659	55	2	55	55
tlm_apply_inverse_mod_sub_clean	68310198	68310514	316	19	0	20	22
tlm_inverse_gcd_forward_codec	68310514	68310680	166	18	0	4	7
tlm_inverse_gcd_forward_shift	68310680	68311570	890	221	0	0	2
tlm_inverse_gcd_forward_compare	68311570	68312733	1163	258	0	35	36
tlm_inverse_gcd_forward_body	68312733	68317131	4398	519	4	297	300
tlm_apply_inverse_fold	68317131	68318851	1720	310	0	54	62
tlm_apply_inverse_swap	68318851	68319619	768	256	0	0	0
tlm_apply_inverse_mod_sub_register	68319619	68324393	4774	579	3	322	325
tlm_apply_inverse_mod_sub_fold	68324393	68325052	659	55	2	55	55
tlm_apply_inverse_mod_sub_clean	68325052	68325368	316	19	0	20	22
tlm_inverse_gcd_forward_codec	68325368	68325371	3	0	0	0	0
tlm_inverse_gcd_forward_shift	68325371	68326257	886	220	0	0	2
tlm_inverse_gcd_forward_compare	68326257	68327417	1160	257	0	35	36
tlm_inverse_gcd_forward_body	68327417	68331828	4411	519	4	298	301
tlm_apply_inverse_fold	68331828	68333548	1720	310	0	54	62
tlm_apply_inverse_swap	68333548	68334316	768	256	0	0	0
tlm_apply_inverse_mod_sub_register	68334316	68339090	4774	579	3	322	325
tlm_apply_inverse_mod_sub_fold	68339090	68339749	659	55	2	55	55
tlm_apply_inverse_mod_sub_clean	68339749	68340065	316	19	0	20	22
tlm_inverse_gcd_forward_codec	68340065	68340068	3	0	0	0	0
tlm_inverse_gcd_forward_shift	68340068	68340950	882	219	0	0	2
tlm_inverse_gcd_forward_compare	68340950	68342107	1157	256	0	35	36
tlm_inverse_gcd_forward_body	68342107	68346531	4424	519	4	299	302
tlm_apply_inverse_fold	68346531	68348251	1720	310	0	54	62
tlm_apply_inverse_swap	68348251	68349019	768	256	0	0	0
tlm_apply_inverse_mod_sub_register	68349019	68353793	4774	579	3	322	325
tlm_apply_inverse_mod_sub_fold	68353793	68354452	659	55	2	55	55
tlm_apply_inverse_mod_sub_clean	68354452	68354768	316	19	0	20	22
tlm_inverse_gcd_forward_codec	68354768	68354934	166	18	0	4	7
tlm_inverse_gcd_forward_shift	68354934	68355812	878	218	0	0	2
tlm_inverse_gcd_forward_compare	68355812	68356980	1168	256	0	36	37
tlm_inverse_gcd_forward_body	68356980	68361333	4353	513	4	294	297
tlm_apply_inverse_fold	68361333	68363053	1720	310	0	54	62
tlm_apply_inverse_swap	68363053	68363821	768	256	0	0	0
tlm_apply_inverse_mod_sub_register	68363821	68368595	4774	579	3	322	325
tlm_apply_inverse_mod_sub_fold	68368595	68369254	659	55	2	55	55
tlm_apply_inverse_mod_sub_clean	68369254	68369570	316	19	0	20	22
tlm_inverse_gcd_forward_codec	68369570	68369573	3	0	0	0	0
tlm_inverse_gcd_forward_shift	68369573	68370447	874	217	0	0	2
tlm_inverse_gcd_forward_compare	68370447	68371598	1151	254	0	35	36
tlm_inverse_gcd_forward_body	68371598	68375964	4366	513	4	295	298
tlm_apply_inverse_fold	68375964	68377684	1720	310	0	54	62
tlm_apply_inverse_swap	68377684	68378452	768	256	0	0	0
tlm_apply_inverse_mod_sub_register	68378452	68383226	4774	579	3	322	325
tlm_apply_inverse_mod_sub_fold	68383226	68383885	659	55	2	55	55
tlm_apply_inverse_mod_sub_clean	68383885	68384201	316	19	0	20	22
tlm_inverse_gcd_forward_codec	68384201	68384204	3	0	0	0	0
tlm_inverse_gcd_forward_shift	68384204	68385074	870	216	0	0	2
tlm_inverse_gcd_forward_compare	68385074	68386236	1162	254	0	36	37
tlm_inverse_gcd_forward_body	68386236	68390615	4379	513	4	296	299
tlm_apply_inverse_fold	68390615	68392335	1720	310	0	54	62
tlm_apply_inverse_swap	68392335	68393103	768	256	0	0	0
tlm_apply_inverse_mod_sub_register	68393103	68397877	4774	579	3	322	325
tlm_apply_inverse_mod_sub_fold	68397877	68398536	659	55	2	55	55
tlm_apply_inverse_mod_sub_clean	68398536	68398852	316	19	0	20	22
tlm_inverse_gcd_forward_codec	68398852	68399018	166	18	0	4	7
tlm_inverse_gcd_forward_shift	68399018	68399884	866	215	0	0	2
tlm_inverse_gcd_forward_compare	68399884	68401029	1145	252	0	35	36
tlm_inverse_gcd_forward_body	68401029	68405337	4308	507	4	291	294
tlm_apply_inverse_fold	68405337	68407057	1720	310	0	54	62
tlm_apply_inverse_swap	68407057	68407825	768	256	0	0	0
tlm_apply_inverse_mod_sub_register	68407825	68412599	4774	579	3	322	325
tlm_apply_inverse_mod_sub_fold	68412599	68413258	659	55	2	55	55
tlm_apply_inverse_mod_sub_clean	68413258	68413574	316	19	0	20	22
tlm_inverse_gcd_forward_codec	68413574	68413577	3	0	0	0	0
tlm_inverse_gcd_forward_shift	68413577	68414439	862	214	0	0	2
tlm_inverse_gcd_forward_compare	68414439	68415595	1156	252	0	36	37
tlm_inverse_gcd_forward_body	68415595	68419916	4321	507	4	292	295
tlm_apply_inverse_fold	68419916	68421636	1720	310	0	54	62
tlm_apply_inverse_swap	68421636	68422404	768	256	0	0	0
tlm_apply_inverse_mod_sub_register	68422404	68427178	4774	579	3	322	325
tlm_apply_inverse_mod_sub_fold	68427178	68427837	659	55	2	55	55
tlm_apply_inverse_mod_sub_clean	68427837	68428153	316	19	0	20	22
tlm_inverse_gcd_forward_codec	68428153	68428156	3	0	0	0	0
tlm_inverse_gcd_forward_shift	68428156	68429014	858	213	0	0	2
tlm_inverse_gcd_forward_compare	68429014	68430167	1153	251	0	36	37
tlm_inverse_gcd_forward_body	68430167	68434501	4334	507	4	293	296
tlm_apply_inverse_fold	68434501	68436221	1720	310	0	54	62
tlm_apply_inverse_swap	68436221	68436989	768	256	0	0	0
tlm_apply_inverse_mod_sub_register	68436989	68441763	4774	579	3	322	325
tlm_apply_inverse_mod_sub_fold	68441763	68442422	659	55	2	55	55
tlm_apply_inverse_mod_sub_clean	68442422	68442738	316	19	0	20	22
tlm_inverse_gcd_forward_codec	68442738	68442904	166	18	0	4	7
tlm_inverse_gcd_forward_shift	68442904	68443758	854	212	0	0	2
tlm_inverse_gcd_forward_compare	68443758	68444908	1150	250	0	36	37
tlm_inverse_gcd_forward_body	68444908	68449171	4263	501	4	288	291
tlm_apply_inverse_fold	68449171	68450891	1720	310	0	54	62
tlm_apply_inverse_swap	68450891	68451659	768	256	0	0	0
tlm_apply_inverse_mod_sub_register	68451659	68456433	4774	579	3	322	325
tlm_apply_inverse_mod_sub_fold	68456433	68457092	659	55	2	55	55
tlm_apply_inverse_mod_sub_clean	68457092	68457408	316	19	0	20	22
tlm_inverse_gcd_forward_codec	68457408	68457411	3	0	0	0	0
tlm_inverse_gcd_forward_shift	68457411	68458261	850	211	0	0	2
tlm_inverse_gcd_forward_compare	68458261	68459408	1147	249	0	36	37
tlm_inverse_gcd_forward_body	68459408	68463684	4276	501	4	289	292
tlm_apply_inverse_fold	68463684	68465404	1720	310	0	54	62
tlm_apply_inverse_swap	68465404	68466172	768	256	0	0	0
tlm_apply_inverse_mod_sub_register	68466172	68470946	4774	579	3	322	325
tlm_apply_inverse_mod_sub_fold	68470946	68471605	659	55	2	55	55
tlm_apply_inverse_mod_sub_clean	68471605	68471921	316	19	0	20	22
tlm_inverse_gcd_forward_codec	68471921	68471924	3	0	0	0	0
tlm_inverse_gcd_forward_shift	68471924	68472770	846	210	0	0	2
tlm_inverse_gcd_forward_compare	68472770	68473914	1144	248	0	36	37
tlm_inverse_gcd_forward_body	68473914	68478203	4289	501	4	290	293
tlm_apply_inverse_fold	68478203	68479923	1720	310	0	54	62
tlm_apply_inverse_swap	68479923	68480691	768	256	0	0	0
tlm_apply_inverse_mod_sub_register	68480691	68485465	4774	579	3	322	325
tlm_apply_inverse_mod_sub_fold	68485465	68486124	659	55	2	55	55
tlm_apply_inverse_mod_sub_clean	68486124	68486440	316	19	0	20	22
tlm_inverse_gcd_forward_codec	68486440	68486606	166	18	0	4	7
tlm_inverse_gcd_forward_shift	68486606	68487448	842	209	0	0	2
tlm_inverse_gcd_forward_compare	68487448	68488589	1141	247	0	36	37
tlm_inverse_gcd_forward_body	68488589	68492807	4218	495	4	285	288
tlm_apply_inverse_fold	68492807	68494527	1720	310	0	54	62
tlm_apply_inverse_swap	68494527	68495295	768	256	0	0	0
tlm_apply_inverse_mod_sub_register	68495295	68500069	4774	579	3	322	325
tlm_apply_inverse_mod_sub_fold	68500069	68500728	659	55	2	55	55
tlm_apply_inverse_mod_sub_clean	68500728	68501044	316	19	0	20	22
tlm_inverse_gcd_forward_codec	68501044	68501047	3	0	0	0	0
tlm_inverse_gcd_forward_shift	68501047	68501885	838	208	0	0	2
tlm_inverse_gcd_forward_compare	68501885	68503037	1152	247	0	37	38
tlm_inverse_gcd_forward_body	68503037	68507268	4231	495	4	286	289
tlm_apply_inverse_fold	68507268	68508988	1720	310	0	54	62
tlm_apply_inverse_swap	68508988	68509756	768	256	0	0	0
tlm_apply_inverse_mod_sub_register	68509756	68514530	4774	579	3	322	325
tlm_apply_inverse_mod_sub_fold	68514530	68515189	659	55	2	55	55
tlm_apply_inverse_mod_sub_clean	68515189	68515505	316	19	0	20	22
tlm_inverse_gcd_forward_codec	68515505	68515508	3	0	0	0	0
tlm_inverse_gcd_forward_shift	68515508	68516342	834	207	0	0	2
tlm_inverse_gcd_forward_compare	68516342	68517491	1149	246	0	37	38
tlm_inverse_gcd_forward_body	68517491	68521735	4244	495	4	287	290
tlm_apply_inverse_fold	68521735	68523455	1720	310	0	54	62
tlm_apply_inverse_swap	68523455	68524223	768	256	0	0	0
tlm_apply_inverse_mod_sub_register	68524223	68528997	4774	579	3	322	325
tlm_apply_inverse_mod_sub_fold	68528997	68529656	659	55	2	55	55
tlm_apply_inverse_mod_sub_clean	68529656	68529972	316	19	0	20	22
tlm_inverse_gcd_forward_codec	68529972	68530138	166	18	0	4	7
tlm_inverse_gcd_forward_shift	68530138	68530968	830	206	0	0	2
tlm_inverse_gcd_forward_compare	68530968	68532114	1146	245	0	37	38
tlm_inverse_gcd_forward_body	68532114	68536287	4173	489	4	282	285
tlm_apply_inverse_fold	68536287	68538007	1720	310	0	54	62
tlm_apply_inverse_swap	68538007	68538775	768	256	0	0	0
tlm_apply_inverse_mod_sub_register	68538775	68543549	4774	579	3	322	325
tlm_apply_inverse_mod_sub_fold	68543549	68544208	659	55	2	55	55
tlm_apply_inverse_mod_sub_clean	68544208	68544524	316	19	0	20	22
tlm_inverse_gcd_forward_codec	68544524	68544527	3	0	0	0	0
tlm_inverse_gcd_forward_shift	68544527	68545353	826	205	0	0	2
tlm_inverse_gcd_forward_compare	68545353	68546496	1143	244	0	37	38
tlm_inverse_gcd_forward_body	68546496	68550682	4186	489	4	283	286
tlm_apply_inverse_fold	68550682	68552402	1720	310	0	54	62
tlm_apply_inverse_swap	68552402	68553170	768	256	0	0	0
tlm_apply_inverse_mod_sub_register	68553170	68557944	4774	579	3	322	325
tlm_apply_inverse_mod_sub_fold	68557944	68558603	659	55	2	55	55
tlm_apply_inverse_mod_sub_clean	68558603	68558919	316	19	0	20	22
tlm_inverse_gcd_forward_codec	68558919	68558922	3	0	0	0	0
tlm_inverse_gcd_forward_shift	68558922	68559744	822	204	0	0	2
tlm_inverse_gcd_forward_compare	68559744	68560884	1140	243	0	37	38
tlm_inverse_gcd_forward_body	68560884	68565083	4199	489	4	284	287
tlm_apply_inverse_fold	68565083	68566803	1720	310	0	54	62
tlm_apply_inverse_swap	68566803	68567571	768	256	0	0	0
tlm_apply_inverse_mod_sub_register	68567571	68572658	5087	601	4	344	348
tlm_apply_inverse_mod_sub_fold	68572658	68573317	659	55	2	55	55
tlm_apply_inverse_mod_sub_clean	68573317	68573633	316	19	0	20	22
tlm_inverse_gcd_forward_codec	68573633	68573799	166	18	0	4	7
tlm_inverse_gcd_forward_shift	68573799	68574617	818	203	0	0	2
tlm_inverse_gcd_forward_compare	68574617	68575754	1137	242	0	37	38
tlm_inverse_gcd_forward_body	68575754	68579882	4128	483	4	279	282
tlm_apply_inverse_fold	68579882	68581602	1720	310	0	54	62
tlm_apply_inverse_swap	68581602	68582370	768	256	0	0	0
tlm_apply_inverse_mod_sub_register	68582370	68587144	4774	579	3	322	325
tlm_apply_inverse_mod_sub_fold	68587144	68587803	659	55	2	55	55
tlm_apply_inverse_mod_sub_clean	68587803	68588119	316	19	0	20	22
tlm_inverse_gcd_forward_codec	68588119	68588122	3	0	0	0	0
tlm_inverse_gcd_forward_shift	68588122	68588936	814	202	0	0	2
tlm_inverse_gcd_forward_compare	68588936	68590070	1134	241	0	37	38
tlm_inverse_gcd_forward_body	68590070	68594211	4141	483	4	280	283
tlm_apply_inverse_fold	68594211	68595931	1720	310	0	54	62
tlm_apply_inverse_swap	68595931	68596699	768	256	0	0	0
tlm_apply_inverse_mod_sub_register	68596699	68601786	5087	601	4	344	348
tlm_apply_inverse_mod_sub_fold	68601786	68602445	659	55	2	55	55
tlm_apply_inverse_mod_sub_clean	68602445	68602761	316	19	0	20	22
tlm_inverse_gcd_forward_codec	68602761	68602764	3	0	0	0	0
tlm_inverse_gcd_forward_shift	68602764	68603574	810	201	0	0	2
tlm_inverse_gcd_forward_compare	68603574	68604705	1131	240	0	37	38
tlm_inverse_gcd_forward_body	68604705	68608859	4154	483	4	281	284
tlm_apply_inverse_fold	68608859	68610579	1720	310	0	54	62
tlm_apply_inverse_swap	68610579	68611347	768	256	0	0	0
tlm_apply_inverse_mod_sub_register	68611347	68616434	5087	601	4	344	348
tlm_apply_inverse_mod_sub_fold	68616434	68617093	659	55	2	55	55
tlm_apply_inverse_mod_sub_clean	68617093	68617409	316	19	0	20	22
tlm_inverse_gcd_forward_codec	68617409	68617575	166	18	0	4	7
tlm_inverse_gcd_forward_shift	68617575	68618381	806	200	0	0	2
tlm_inverse_gcd_forward_compare	68618381	68619509	1128	239	0	37	38
tlm_inverse_gcd_forward_body	68619509	68623592	4083	477	4	276	279
tlm_apply_inverse_fold	68623592	68625312	1720	310	0	54	62
tlm_apply_inverse_swap	68625312	68626080	768	256	0	0	0
tlm_apply_inverse_mod_sub_register	68626080	68631167	5087	601	4	344	348
tlm_apply_inverse_mod_sub_fold	68631167	68631826	659	55	2	55	55
tlm_apply_inverse_mod_sub_clean	68631826	68632142	316	19	0	20	22
tlm_inverse_gcd_forward_codec	68632142	68632145	3	0	0	0	0
tlm_inverse_gcd_forward_shift	68632145	68632947	802	199	0	0	2
tlm_inverse_gcd_forward_compare	68632947	68634072	1125	238	0	37	38
tlm_inverse_gcd_forward_body	68634072	68638168	4096	477	4	277	280
tlm_apply_inverse_fold	68638168	68639888	1720	310	0	54	62
tlm_apply_inverse_swap	68639888	68640656	768	256	0	0	0
tlm_apply_inverse_mod_sub_register	68640656	68645743	5087	601	4	344	348
tlm_apply_inverse_mod_sub_fold	68645743	68646402	659	55	2	55	55
tlm_apply_inverse_mod_sub_clean	68646402	68646718	316	19	0	20	22
tlm_inverse_gcd_forward_codec	68646718	68646721	3	0	0	0	0
tlm_inverse_gcd_forward_shift	68646721	68647519	798	198	0	0	2
tlm_inverse_gcd_forward_compare	68647519	68648641	1122	237	0	37	38
tlm_inverse_gcd_forward_body	68648641	68652750	4109	477	4	278	281
tlm_apply_inverse_fold	68652750	68654470	1720	310	0	54	62
tlm_apply_inverse_swap	68654470	68655238	768	256	0	0	0
tlm_apply_inverse_mod_sub_register	68655238	68660325	5087	601	4	344	348
tlm_apply_inverse_mod_sub_fold	68660325	68660984	659	55	2	55	55
tlm_apply_inverse_mod_sub_clean	68660984	68661300	316	19	0	20	22
tlm_inverse_gcd_forward_codec	68661300	68661466	166	18	0	4	7
tlm_inverse_gcd_forward_shift	68661466	68662260	794	197	0	0	2
tlm_inverse_gcd_forward_compare	68662260	68663379	1119	236	0	37	38
tlm_inverse_gcd_forward_body	68663379	68667417	4038	471	4	273	276
tlm_apply_inverse_fold	68667417	68669137	1720	310	0	54	62
tlm_apply_inverse_swap	68669137	68669905	768	256	0	0	0
tlm_apply_inverse_mod_sub_register	68669905	68674992	5087	601	4	344	348
tlm_apply_inverse_mod_sub_fold	68674992	68675651	659	55	2	55	55
tlm_apply_inverse_mod_sub_clean	68675651	68675967	316	19	0	20	22
tlm_inverse_gcd_forward_codec	68675967	68675970	3	0	0	0	0
tlm_inverse_gcd_forward_shift	68675970	68676760	790	196	0	0	2
tlm_inverse_gcd_forward_compare	68676760	68677890	1130	236	0	38	39
tlm_inverse_gcd_forward_body	68677890	68681941	4051	471	4	274	277
tlm_apply_inverse_fold	68681941	68683661	1720	310	0	54	62
tlm_apply_inverse_swap	68683661	68684429	768	256	0	0	0
tlm_apply_inverse_mod_sub_register	68684429	68689516	5087	601	4	344	348
tlm_apply_inverse_mod_sub_fold	68689516	68690175	659	55	2	55	55
tlm_apply_inverse_mod_sub_clean	68690175	68690491	316	19	0	20	22
tlm_inverse_gcd_forward_codec	68690491	68690494	3	0	0	0	0
tlm_inverse_gcd_forward_shift	68690494	68691280	786	195	0	0	2
tlm_inverse_gcd_forward_compare	68691280	68692407	1127	235	0	38	39
tlm_inverse_gcd_forward_body	68692407	68696471	4064	471	4	275	278
tlm_apply_inverse_fold	68696471	68698191	1720	310	0	54	62
tlm_apply_inverse_swap	68698191	68698959	768	256	0	0	0
tlm_apply_inverse_mod_sub_register	68698959	68704046	5087	601	4	344	348
tlm_apply_inverse_mod_sub_fold	68704046	68704705	659	55	2	55	55
tlm_apply_inverse_mod_sub_clean	68704705	68705021	316	19	0	20	22
tlm_inverse_gcd_forward_codec	68705021	68705187	166	18	0	4	7
tlm_inverse_gcd_forward_shift	68705187	68705969	782	194	0	0	2
tlm_inverse_gcd_forward_compare	68705969	68707093	1124	234	0	38	39
tlm_inverse_gcd_forward_body	68707093	68711086	3993	465	4	270	273
tlm_apply_inverse_fold	68711086	68712806	1720	310	0	54	62
tlm_apply_inverse_swap	68712806	68713574	768	256	0	0	0
tlm_apply_inverse_mod_sub_register	68713574	68718661	5087	601	4	344	348
tlm_apply_inverse_mod_sub_fold	68718661	68719320	659	55	2	55	55
tlm_apply_inverse_mod_sub_clean	68719320	68719636	316	19	0	20	22
tlm_inverse_gcd_forward_codec	68719636	68719639	3	0	0	0	0
tlm_inverse_gcd_forward_shift	68719639	68720417	778	193	0	0	2
tlm_inverse_gcd_forward_compare	68720417	68721538	1121	233	0	38	39
tlm_inverse_gcd_forward_body	68721538	68725544	4006	465	4	271	274
tlm_apply_inverse_fold	68725544	68727264	1720	310	0	54	62
tlm_apply_inverse_swap	68727264	68728032	768	256	0	0	0
tlm_apply_inverse_mod_sub_register	68728032	68733119	5087	601	4	344	348
tlm_apply_inverse_mod_sub_fold	68733119	68733778	659	55	2	55	55
tlm_apply_inverse_mod_sub_clean	68733778	68734094	316	19	0	20	22
tlm_inverse_gcd_forward_codec	68734094	68734097	3	0	0	0	0
tlm_inverse_gcd_forward_shift	68734097	68734871	774	192	0	0	2
tlm_inverse_gcd_forward_compare	68734871	68735989	1118	232	0	38	39
tlm_inverse_gcd_forward_body	68735989	68740008	4019	465	4	272	275
tlm_apply_inverse_fold	68740008	68741728	1720	310	0	54	62
tlm_apply_inverse_swap	68741728	68742496	768	256	0	0	0
tlm_apply_inverse_mod_sub_register	68742496	68747583	5087	601	4	344	348
tlm_apply_inverse_mod_sub_fold	68747583	68748242	659	55	2	55	55
tlm_apply_inverse_mod_sub_clean	68748242	68748558	316	19	0	20	22
tlm_inverse_gcd_forward_codec	68748558	68748724	166	18	0	4	7
tlm_inverse_gcd_forward_shift	68748724	68749494	770	191	0	0	2
tlm_inverse_gcd_forward_compare	68749494	68750609	1115	231	0	38	39
tlm_inverse_gcd_forward_body	68750609	68754557	3948	459	4	267	270
tlm_apply_inverse_fold	68754557	68756277	1720	310	0	54	62
tlm_apply_inverse_swap	68756277	68757045	768	256	0	0	0
tlm_apply_inverse_mod_sub_register	68757045	68762132	5087	601	4	344	348
tlm_apply_inverse_mod_sub_fold	68762132	68762791	659	55	2	55	55
tlm_apply_inverse_mod_sub_clean	68762791	68763107	316	19	0	20	22
tlm_inverse_gcd_forward_codec	68763107	68763110	3	0	0	0	0
tlm_inverse_gcd_forward_shift	68763110	68763876	766	190	0	0	2
tlm_inverse_gcd_forward_compare	68763876	68765002	1126	231	0	39	40
tlm_inverse_gcd_forward_body	68765002	68768963	3961	459	4	268	271
tlm_apply_inverse_fold	68768963	68770683	1720	310	0	54	62
tlm_apply_inverse_swap	68770683	68771451	768	256	0	0	0
tlm_apply_inverse_mod_sub_register	68771451	68776538	5087	601	4	344	348
tlm_apply_inverse_mod_sub_fold	68776538	68777197	659	55	2	55	55
tlm_apply_inverse_mod_sub_clean	68777197	68777513	316	19	0	20	22
tlm_inverse_gcd_forward_codec	68777513	68777516	3	0	0	0	0
tlm_inverse_gcd_forward_shift	68777516	68778278	762	189	0	0	2
tlm_inverse_gcd_forward_compare	68778278	68779401	1123	230	0	39	40
tlm_inverse_gcd_forward_body	68779401	68783375	3974	459	4	269	272
tlm_apply_inverse_fold	68783375	68785095	1720	310	0	54	62
tlm_apply_inverse_swap	68785095	68785863	768	256	0	0	0
tlm_apply_inverse_mod_sub_register	68785863	68790950	5087	601	4	344	348
tlm_apply_inverse_mod_sub_fold	68790950	68791609	659	55	2	55	55
tlm_apply_inverse_mod_sub_clean	68791609	68791925	316	19	0	20	22
tlm_inverse_gcd_forward_codec	68791925	68792091	166	18	0	4	7
tlm_inverse_gcd_forward_shift	68792091	68792849	758	188	0	0	2
tlm_inverse_gcd_forward_compare	68792849	68793983	1134	230	0	40	41
tlm_inverse_gcd_forward_body	68793983	68797886	3903	453	4	264	267
tlm_apply_inverse_fold	68797886	68799606	1720	310	0	54	62
tlm_apply_inverse_swap	68799606	68800374	768	256	0	0	0
tlm_apply_inverse_mod_sub_register	68800374	68805461	5087	601	4	344	348
tlm_apply_inverse_mod_sub_fold	68805461	68806120	659	55	2	55	55
tlm_apply_inverse_mod_sub_clean	68806120	68806436	316	19	0	20	22
tlm_inverse_gcd_forward_codec	68806436	68806439	3	0	0	0	0
tlm_inverse_gcd_forward_shift	68806439	68807193	754	187	0	0	2
tlm_inverse_gcd_forward_compare	68807193	68808310	1117	228	0	39	40
tlm_inverse_gcd_forward_body	68808310	68812226	3916	453	4	265	268
tlm_apply_inverse_fold	68812226	68813946	1720	310	0	54	62
tlm_apply_inverse_swap	68813946	68814714	768	256	0	0	0
tlm_apply_inverse_mod_sub_register	68814714	68819801	5087	601	4	344	348
tlm_apply_inverse_mod_sub_fold	68819801	68820460	659	55	2	55	55
tlm_apply_inverse_mod_sub_clean	68820460	68820776	316	19	0	20	22
tlm_inverse_gcd_forward_codec	68820776	68820779	3	0	0	0	0
tlm_inverse_gcd_forward_shift	68820779	68821529	750	186	0	0	2
tlm_inverse_gcd_forward_compare	68821529	68822629	1100	226	0	38	39
tlm_inverse_gcd_forward_body	68822629	68826558	3929	453	4	266	269
tlm_apply_inverse_fold	68826558	68828278	1720	310	0	54	62
tlm_apply_inverse_swap	68828278	68829046	768	256	0	0	0
tlm_apply_inverse_mod_sub_register	68829046	68834133	5087	601	4	344	348
tlm_apply_inverse_mod_sub_fold	68834133	68834792	659	55	2	55	55
tlm_apply_inverse_mod_sub_clean	68834792	68835108	316	19	0	20	22
tlm_inverse_gcd_forward_codec	68835108	68835274	166	18	0	4	7
tlm_inverse_gcd_forward_shift	68835274	68836020	746	185	0	0	2
tlm_inverse_gcd_forward_compare	68836020	68837131	1111	226	0	39	40
tlm_inverse_gcd_forward_body	68837131	68840989	3858	447	4	261	264
tlm_apply_inverse_fold	68840989	68842709	1720	310	0	54	62
tlm_apply_inverse_swap	68842709	68843477	768	256	0	0	0
tlm_apply_inverse_mod_sub_register	68843477	68848564	5087	601	4	344	348
tlm_apply_inverse_mod_sub_fold	68848564	68849223	659	55	2	55	55
tlm_apply_inverse_mod_sub_clean	68849223	68849539	316	19	0	20	22
tlm_inverse_gcd_forward_codec	68849539	68849542	3	0	0	0	0
tlm_inverse_gcd_forward_shift	68849542	68850284	742	184	0	0	2
tlm_inverse_gcd_forward_compare	68850284	68851392	1108	225	0	39	40
tlm_inverse_gcd_forward_body	68851392	68855263	3871	447	4	262	265
tlm_apply_inverse_fold	68855263	68856983	1720	310	0	54	62
tlm_apply_inverse_swap	68856983	68857751	768	256	0	0	0
tlm_apply_inverse_mod_sub_register	68857751	68862838	5087	601	4	344	348
tlm_apply_inverse_mod_sub_fold	68862838	68863497	659	55	2	55	55
tlm_apply_inverse_mod_sub_clean	68863497	68863813	316	19	0	20	22
tlm_inverse_gcd_forward_codec	68863813	68863816	3	0	0	0	0
tlm_inverse_gcd_forward_shift	68863816	68864554	738	183	0	0	2
tlm_inverse_gcd_forward_compare	68864554	68865673	1119	225	0	40	41
tlm_inverse_gcd_forward_body	68865673	68869557	3884	447	4	263	266
tlm_apply_inverse_fold	68869557	68871277	1720	310	0	54	62
tlm_apply_inverse_swap	68871277	68872045	768	256	0	0	0
tlm_apply_inverse_mod_sub_register	68872045	68877132	5087	601	4	344	348
tlm_apply_inverse_mod_sub_fold	68877132	68877791	659	55	2	55	55
tlm_apply_inverse_mod_sub_clean	68877791	68878107	316	19	0	20	22
tlm_inverse_gcd_forward_codec	68878107	68878273	166	18	0	4	7
tlm_inverse_gcd_forward_shift	68878273	68879007	734	182	0	0	2
tlm_inverse_gcd_forward_compare	68879007	68880123	1116	224	0	40	41
tlm_inverse_gcd_forward_body	68880123	68883936	3813	441	4	258	261
tlm_apply_inverse_fold	68883936	68885656	1720	310	0	54	62
tlm_apply_inverse_swap	68885656	68886424	768	256	0	0	0
tlm_apply_inverse_mod_sub_register	68886424	68891511	5087	601	4	344	348
tlm_apply_inverse_mod_sub_fold	68891511	68892170	659	55	2	55	55
tlm_apply_inverse_mod_sub_clean	68892170	68892486	316	19	0	20	22
tlm_inverse_gcd_forward_codec	68892486	68892489	3	0	0	0	0
tlm_inverse_gcd_forward_shift	68892489	68893219	730	181	0	0	2
tlm_inverse_gcd_forward_compare	68893219	68894346	1127	224	0	41	42
tlm_inverse_gcd_forward_body	68894346	68898172	3826	441	4	259	262
tlm_apply_inverse_fold	68898172	68899892	1720	310	0	54	62
tlm_apply_inverse_swap	68899892	68900660	768	256	0	0	0
tlm_apply_inverse_mod_sub_register	68900660	68905747	5087	601	4	344	348
tlm_apply_inverse_mod_sub_fold	68905747	68906406	659	55	2	55	55
tlm_apply_inverse_mod_sub_clean	68906406	68906722	316	19	0	20	22
tlm_inverse_gcd_forward_codec	68906722	68906725	3	0	0	0	0
tlm_inverse_gcd_forward_shift	68906725	68907451	726	180	0	0	2
tlm_inverse_gcd_forward_compare	68907451	68908547	1096	221	0	39	40
tlm_inverse_gcd_forward_body	68908547	68912386	3839	441	4	260	263
tlm_apply_inverse_fold	68912386	68914106	1720	310	0	54	62
tlm_apply_inverse_swap	68914106	68914874	768	256	0	0	0
tlm_apply_inverse_mod_sub_register	68914874	68919961	5087	601	4	344	348
tlm_apply_inverse_mod_sub_fold	68919961	68920620	659	55	2	55	55
tlm_apply_inverse_mod_sub_clean	68920620	68920936	316	19	0	20	22
tlm_inverse_gcd_forward_codec	68920936	68921102	166	18	0	4	7
tlm_inverse_gcd_forward_shift	68921102	68921824	722	179	0	0	2
tlm_inverse_gcd_forward_compare	68921824	68922917	1093	220	0	39	40
tlm_inverse_gcd_forward_body	68922917	68926685	3768	435	4	255	258
tlm_apply_inverse_fold	68926685	68928405	1720	310	0	54	62
tlm_apply_inverse_swap	68928405	68929173	768	256	0	0	0
tlm_apply_inverse_mod_sub_register	68929173	68934260	5087	601	4	344	348
tlm_apply_inverse_mod_sub_fold	68934260	68934919	659	55	2	55	55
tlm_apply_inverse_mod_sub_clean	68934919	68935235	316	19	0	20	22
tlm_inverse_gcd_forward_codec	68935235	68935238	3	0	0	0	0
tlm_inverse_gcd_forward_shift	68935238	68935956	718	178	0	0	2
tlm_inverse_gcd_forward_compare	68935956	68937060	1104	220	0	40	41
tlm_inverse_gcd_forward_body	68937060	68940841	3781	435	4	256	259
tlm_apply_inverse_fold	68940841	68942561	1720	310	0	54	62
tlm_apply_inverse_swap	68942561	68943329	768	256	0	0	0
tlm_apply_inverse_mod_sub_register	68943329	68948416	5087	601	4	344	348
tlm_apply_inverse_mod_sub_fold	68948416	68949075	659	55	2	55	55
tlm_apply_inverse_mod_sub_clean	68949075	68949391	316	19	0	20	22
tlm_inverse_gcd_forward_codec	68949391	68949394	3	0	0	0	0
tlm_inverse_gcd_forward_shift	68949394	68950108	714	177	0	0	2
tlm_inverse_gcd_forward_compare	68950108	68951209	1101	219	0	40	41
tlm_inverse_gcd_forward_body	68951209	68955003	3794	435	4	257	260
tlm_apply_inverse_fold	68955003	68956723	1720	310	0	54	62
tlm_apply_inverse_swap	68956723	68957491	768	256	0	0	0
tlm_apply_inverse_mod_sub_register	68957491	68962578	5087	601	4	344	348
tlm_apply_inverse_mod_sub_fold	68962578	68963237	659	55	2	55	55
tlm_apply_inverse_mod_sub_clean	68963237	68963553	316	19	0	20	22
tlm_inverse_gcd_forward_codec	68963553	68963719	166	18	0	4	7
tlm_inverse_gcd_forward_shift	68963719	68964429	710	176	0	0	2
tlm_inverse_gcd_forward_compare	68964429	68965527	1098	218	0	40	41
tlm_inverse_gcd_forward_body	68965527	68969250	3723	429	4	252	255
tlm_apply_inverse_fold	68969250	68970970	1720	310	0	54	62
tlm_apply_inverse_swap	68970970	68971738	768	256	0	0	0
tlm_apply_inverse_mod_sub_register	68971738	68976825	5087	601	4	344	348
tlm_apply_inverse_mod_sub_fold	68976825	68977484	659	55	2	55	55
tlm_apply_inverse_mod_sub_clean	68977484	68977800	316	19	0	20	22
tlm_inverse_gcd_forward_codec	68977800	68977803	3	0	0	0	0
tlm_inverse_gcd_forward_shift	68977803	68978509	706	175	0	0	2
tlm_inverse_gcd_forward_compare	68978509	68979604	1095	217	0	40	41
tlm_inverse_gcd_forward_body	68979604	68983340	3736	429	4	253	256
tlm_apply_inverse_fold	68983340	68985060	1720	310	0	54	62
tlm_apply_inverse_swap	68985060	68985828	768	256	0	0	0
tlm_apply_inverse_mod_sub_register	68985828	68990915	5087	601	4	344	348
tlm_apply_inverse_mod_sub_fold	68990915	68991574	659	55	2	55	55
tlm_apply_inverse_mod_sub_clean	68991574	68991890	316	19	0	20	22
tlm_inverse_gcd_forward_codec	68991890	68991893	3	0	0	0	0
tlm_inverse_gcd_forward_shift	68991893	68992595	702	174	0	0	2
tlm_inverse_gcd_forward_compare	68992595	68993687	1092	216	0	40	41
tlm_inverse_gcd_forward_body	68993687	68997436	3749	429	4	254	257
tlm_apply_inverse_fold	68997436	68999156	1720	310	0	54	62
tlm_apply_inverse_swap	68999156	68999924	768	256	0	0	0
tlm_apply_inverse_mod_sub_register	68999924	69005011	5087	601	4	344	348
tlm_apply_inverse_mod_sub_fold	69005011	69005670	659	55	2	55	55
tlm_apply_inverse_mod_sub_clean	69005670	69005986	316	19	0	20	22
tlm_inverse_gcd_forward_codec	69005986	69006152	166	18	0	4	7
tlm_inverse_gcd_forward_shift	69006152	69006850	698	173	0	0	2
tlm_inverse_gcd_forward_compare	69006850	69007939	1089	215	0	40	41
tlm_inverse_gcd_forward_body	69007939	69011617	3678	423	4	249	252
tlm_apply_inverse_fold	69011617	69013337	1720	310	0	54	62
tlm_apply_inverse_swap	69013337	69014105	768	256	0	0	0
tlm_apply_inverse_mod_sub_register	69014105	69019192	5087	601	4	344	348
tlm_apply_inverse_mod_sub_fold	69019192	69019851	659	55	2	55	55
tlm_apply_inverse_mod_sub_clean	69019851	69020167	316	19	0	20	22
tlm_inverse_gcd_forward_codec	69020167	69020170	3	0	0	0	0
tlm_inverse_gcd_forward_shift	69020170	69020864	694	172	0	0	2
tlm_inverse_gcd_forward_compare	69020864	69021964	1100	215	0	41	42
tlm_inverse_gcd_forward_body	69021964	69025655	3691	423	4	250	253
tlm_apply_inverse_fold	69025655	69027375	1720	310	0	54	62
tlm_apply_inverse_swap	69027375	69028143	768	256	0	0	0
tlm_apply_inverse_mod_sub_register	69028143	69033230	5087	601	4	344	348
tlm_apply_inverse_mod_sub_fold	69033230	69033889	659	55	2	55	55
tlm_apply_inverse_mod_sub_clean	69033889	69034205	316	19	0	20	22
tlm_inverse_gcd_forward_codec	69034205	69034208	3	0	0	0	0
tlm_inverse_gcd_forward_shift	69034208	69034898	690	171	0	0	2
tlm_inverse_gcd_forward_compare	69034898	69035981	1083	213	0	40	41
tlm_inverse_gcd_forward_body	69035981	69039685	3704	423	4	251	254
tlm_apply_inverse_fold	69039685	69041397	1712	310	0	53	61
tlm_apply_inverse_swap	69041397	69042165	768	256	0	0	0
tlm_apply_inverse_mod_sub_register	69042165	69047565	5400	623	5	366	371
tlm_apply_inverse_mod_sub_fold	69047565	69048218	653	55	1	55	55
tlm_apply_inverse_mod_sub_clean	69048218	69048534	316	19	0	20	22
tlm_inverse_gcd_forward_codec	69048534	69048700	166	18	0	4	7
tlm_inverse_gcd_forward_shift	69048700	69049388	688	171	0	0	0
tlm_inverse_gcd_forward_compare	69049388	69050499	1111	215	0	42	43
tlm_inverse_gcd_forward_body	69050499	69054218	3719	424	4	252	256
tlm_apply_inverse_fold	69054218	69055926	1708	312	0	52	60
tlm_apply_inverse_swap	69055926	69056694	768	256	0	0	0
tlm_apply_inverse_mod_sub_register	69056694	69062094	5400	623	5	366	371
tlm_apply_inverse_mod_sub_fold	69062094	69062773	679	57	2	57	57
tlm_apply_inverse_mod_sub_clean	69062773	69063089	316	19	0	20	22
tlm_inverse_gcd_forward_codec	69063089	69063092	3	0	0	0	0
tlm_inverse_gcd_forward_shift	69063092	69063778	686	170	0	0	2
tlm_inverse_gcd_forward_compare	69063778	69064872	1094	213	0	41	42
tlm_inverse_gcd_forward_body	69064872	69068576	3704	422	4	251	255
tlm_apply_inverse_fold	69068576	69070280	1704	314	0	51	59
tlm_apply_inverse_swap	69070280	69071048	768	256	0	0	0
tlm_apply_inverse_mod_sub_register	69071048	69076448	5400	623	5	366	371
tlm_apply_inverse_mod_sub_fold	69076448	69077127	679	57	2	57	57
tlm_apply_inverse_mod_sub_clean	69077127	69077443	316	19	0	20	22
tlm_inverse_gcd_forward_codec	69077443	69077446	3	0	0	0	0
tlm_inverse_gcd_forward_shift	69077446	69078126	680	168	0	0	4
tlm_inverse_gcd_forward_compare	69078126	69079200	1074	210	0	40	41
tlm_inverse_gcd_forward_body	69079200	69082859	3659	417	4	248	251
tlm_apply_inverse_fold	69082859	69084567	1708	312	0	52	60
tlm_apply_inverse_swap	69084567	69085335	768	256	0	0	0
tlm_apply_inverse_mod_sub_register	69085335	69090735	5400	623	5	366	371
tlm_apply_inverse_mod_sub_fold	69090735	69091414	679	57	2	57	57
tlm_apply_inverse_mod_sub_clean	69091414	69091730	316	19	0	20	22
tlm_inverse_gcd_forward_codec	69091730	69091896	166	18	0	4	7
tlm_inverse_gcd_forward_shift	69091896	69092570	674	167	0	0	2
tlm_inverse_gcd_forward_compare	69092570	69093641	1071	209	0	40	41
tlm_inverse_gcd_forward_body	69093641	69097229	3588	411	4	243	246
tlm_apply_inverse_fold	69097229	69098941	1712	310	0	53	61
tlm_apply_inverse_swap	69098941	69099709	768	256	0	0	0
tlm_apply_inverse_mod_sub_register	69099709	69105109	5400	623	5	366	371
tlm_apply_inverse_mod_sub_fold	69105109	69105762	653	55	1	55	55
tlm_apply_inverse_mod_sub_clean	69105762	69106078	316	19	0	20	22
tlm_inverse_gcd_forward_codec	69106078	69106081	3	0	0	0	0
tlm_inverse_gcd_forward_shift	69106081	69106751	670	166	0	0	2
tlm_inverse_gcd_forward_compare	69106751	69107847	1096	210	0	42	43
tlm_inverse_gcd_forward_body	69107847	69111448	3601	411	4	244	247
tlm_apply_inverse_fold	69111448	69113156	1708	312	0	52	60
tlm_apply_inverse_swap	69113156	69113924	768	256	0	0	0
tlm_apply_inverse_mod_sub_register	69113924	69119324	5400	623	5	366	371
tlm_apply_inverse_mod_sub_fold	69119324	69120003	679	57	2	57	57
tlm_apply_inverse_mod_sub_clean	69120003	69120319	316	19	0	20	22
tlm_inverse_gcd_forward_codec	69120319	69120322	3	0	0	0	0
tlm_inverse_gcd_forward_shift	69120322	69120988	666	165	0	0	2
tlm_inverse_gcd_forward_compare	69120988	69122067	1079	208	0	41	42
tlm_inverse_gcd_forward_body	69122067	69125681	3614	411	4	245	248
tlm_apply_inverse_fold	69125681	69127385	1704	314	0	51	59
tlm_apply_inverse_swap	69127385	69128153	768	256	0	0	0
tlm_apply_inverse_mod_sub_register	69128153	69133553	5400	623	5	366	371
tlm_apply_inverse_mod_sub_fold	69133553	69134232	679	57	2	57	57
tlm_apply_inverse_mod_sub_clean	69134232	69134548	316	19	0	20	22
tlm_inverse_gcd_forward_codec	69134548	69134714	166	18	0	4	7
tlm_inverse_gcd_forward_shift	69134714	69135376	662	164	0	0	2
tlm_inverse_gcd_forward_compare	69135376	69136452	1076	207	0	41	42
tlm_inverse_gcd_forward_body	69136452	69139995	3543	405	4	240	243
tlm_apply_inverse_fold	69139995	69141703	1708	312	0	52	60
tlm_apply_inverse_swap	69141703	69142471	768	256	0	0	0
tlm_apply_inverse_mod_sub_register	69142471	69147871	5400	623	5	366	371
tlm_apply_inverse_mod_sub_fold	69147871	69148550	679	57	2	57	57
tlm_apply_inverse_mod_sub_clean	69148550	69148866	316	19	0	20	22
tlm_inverse_gcd_forward_codec	69148866	69148869	3	0	0	0	0
tlm_inverse_gcd_forward_shift	69148869	69149525	656	162	0	0	4
tlm_inverse_gcd_forward_compare	69149525	69150581	1056	204	0	40	41
tlm_inverse_gcd_forward_body	69150581	69154024	3443	396	4	233	236
tlm_apply_inverse_fold	69154024	69155736	1712	310	0	53	61
tlm_apply_inverse_swap	69155736	69156504	768	256	0	0	0
tlm_apply_inverse_mod_sub_register	69156504	69161904	5400	623	5	366	371
tlm_apply_inverse_mod_sub_fold	69161904	69162557	653	55	1	55	55
tlm_apply_inverse_mod_sub_clean	69162557	69162873	316	19	0	20	22
tlm_inverse_gcd_forward_codec	69162873	69162876	3	0	0	0	0
tlm_inverse_gcd_forward_shift	69162876	69163524	648	160	0	0	4
tlm_inverse_gcd_forward_compare	69163524	69164574	1050	202	0	40	41
tlm_inverse_gcd_forward_body	69164574	69167917	3343	387	4	226	229
tlm_apply_inverse_fold	69167917	69169637	1720	310	0	54	62
tlm_apply_inverse_swap	69169637	69170405	768	256	0	0	0
tlm_apply_inverse_mod_sub_register	69170405	69175492	5087	601	4	344	348
tlm_apply_inverse_mod_sub_fold	69175492	69176151	659	55	2	55	55
tlm_apply_inverse_mod_sub_clean	69176151	69176467	316	19	0	20	22
tlm_inverse_gcd_forward_codec	69176467	69176633	166	18	0	4	7
tlm_inverse_gcd_forward_shift	69176633	69177277	644	160	0	0	0
tlm_inverse_gcd_forward_compare	69177277	69178341	1064	203	0	41	42
tlm_inverse_gcd_forward_body	69178341	69181726	3385	390	4	229	232
tlm_apply_inverse_fold	69181726	69183438	1712	310	0	53	61
tlm_apply_inverse_swap	69183438	69184206	768	256	0	0	0
tlm_apply_inverse_mod_sub_register	69184206	69189606	5400	623	5	366	371
tlm_apply_inverse_mod_sub_fold	69189606	69190259	653	55	1	55	55
tlm_apply_inverse_mod_sub_clean	69190259	69190575	316	19	0	20	22
tlm_inverse_gcd_forward_codec	69190575	69190578	3	0	0	0	0
tlm_inverse_gcd_forward_shift	69190578	69191220	642	159	0	0	2
tlm_inverse_gcd_forward_compare	69191220	69192267	1047	201	0	40	41
tlm_inverse_gcd_forward_body	69192267	69195665	3398	390	4	230	233
tlm_apply_inverse_fold	69195665	69197373	1708	312	0	52	60
tlm_apply_inverse_swap	69197373	69198141	768	256	0	0	0
tlm_apply_inverse_mod_sub_register	69198141	69203541	5400	623	5	366	371
tlm_apply_inverse_mod_sub_fold	69203541	69204220	679	57	2	57	57
tlm_apply_inverse_mod_sub_clean	69204220	69204536	316	19	0	20	22
tlm_inverse_gcd_forward_codec	69204536	69204539	3	0	0	0	0
tlm_inverse_gcd_forward_shift	69204539	69205177	638	158	0	0	2
tlm_inverse_gcd_forward_compare	69205177	69206235	1058	201	0	41	42
tlm_inverse_gcd_forward_body	69206235	69209646	3411	390	4	231	234
tlm_apply_inverse_fold	69209646	69211350	1704	314	0	51	59
tlm_apply_inverse_swap	69211350	69212118	768	256	0	0	0
tlm_apply_inverse_mod_sub_register	69212118	69217518	5400	623	5	366	371
tlm_apply_inverse_mod_sub_fold	69217518	69218197	679	57	2	57	57
tlm_apply_inverse_mod_sub_clean	69218197	69218513	316	19	0	20	22
tlm_inverse_gcd_forward_codec	69218513	69218679	166	18	0	4	7
tlm_inverse_gcd_forward_shift	69218679	69219311	632	156	0	0	4
tlm_inverse_gcd_forward_compare	69219311	69220349	1038	198	0	40	41
tlm_inverse_gcd_forward_body	69220349	69223576	3227	375	4	218	221
tlm_apply_inverse_fold	69223576	69225296	1720	310	0	54	62
tlm_apply_inverse_swap	69225296	69226064	768	256	0	0	0
tlm_apply_inverse_mod_sub_register	69226064	69231151	5087	601	4	344	348
tlm_apply_inverse_mod_sub_fold	69231151	69231810	659	55	2	55	55
tlm_apply_inverse_mod_sub_clean	69231810	69232126	316	19	0	20	22
tlm_inverse_gcd_forward_codec	69232126	69232129	3	0	0	0	0
tlm_inverse_gcd_forward_shift	69232129	69232757	628	156	0	0	0
tlm_inverse_gcd_forward_compare	69232757	69233809	1052	199	0	41	42
tlm_inverse_gcd_forward_body	69233809	69237162	3353	384	4	227	230
tlm_apply_inverse_fold	69237162	69238866	1704	314	0	51	59
tlm_apply_inverse_swap	69238866	69239634	768	256	0	0	0
tlm_apply_inverse_mod_sub_register	69239634	69245034	5400	623	5	366	371
tlm_apply_inverse_mod_sub_fold	69245034	69245713	679	57	2	57	57
tlm_apply_inverse_mod_sub_clean	69245713	69246029	316	19	0	20	22
tlm_inverse_gcd_forward_codec	69246029	69246032	3	0	0	0	0
tlm_inverse_gcd_forward_shift	69246032	69246658	626	155	0	0	2
tlm_inverse_gcd_forward_compare	69246658	69247707	1049	198	0	41	42
tlm_inverse_gcd_forward_body	69247707	69251073	3366	384	4	228	231
tlm_apply_inverse_fold	69251073	69252776	1703	315	0	51	60
tlm_apply_inverse_swap	69252776	69253544	768	256	0	0	0
tlm_apply_inverse_mod_sub_register	69253544	69258944	5400	623	5	366	371
tlm_apply_inverse_mod_sub_fold	69258944	69259639	695	58	3	58	58
tlm_apply_inverse_mod_sub_clean	69259639	69259955	316	19	0	20	22
tlm_inverse_gcd_forward_codec	69259955	69260121	166	18	0	4	7
tlm_inverse_gcd_forward_shift	69260121	69260741	620	153	0	0	4
tlm_inverse_gcd_forward_compare	69260741	69261770	1029	195	0	40	41
tlm_inverse_gcd_forward_body	69261770	69264952	3182	369	4	215	218
tlm_apply_inverse_fold	69264952	69266664	1712	310	0	53	61
tlm_apply_inverse_swap	69266664	69267432	768	256	0	0	0
tlm_apply_inverse_mod_sub_register	69267432	69272832	5400	623	5	366	371
tlm_apply_inverse_mod_sub_fold	69272832	69273485	653	55	1	55	55
tlm_apply_inverse_mod_sub_clean	69273485	69273801	316	19	0	20	22
tlm_inverse_gcd_forward_codec	69273801	69273804	3	0	0	0	0
tlm_inverse_gcd_forward_shift	69273804	69274420	616	153	0	0	0
tlm_inverse_gcd_forward_compare	69274420	69275477	1057	197	0	42	43
tlm_inverse_gcd_forward_body	69275477	69278785	3308	378	4	224	227
tlm_apply_inverse_fold	69278785	69280488	1703	315	0	51	60
tlm_apply_inverse_swap	69280488	69281256	768	256	0	0	0
tlm_apply_inverse_mod_sub_register	69281256	69286656	5400	623	5	366	371
tlm_apply_inverse_mod_sub_fold	69286656	69287351	695	58	3	58	58
tlm_apply_inverse_mod_sub_clean	69287351	69287667	316	19	0	20	22
tlm_inverse_gcd_forward_codec	69287667	69287670	3	0	0	0	0
tlm_inverse_gcd_forward_shift	69287670	69288284	614	152	0	0	2
tlm_inverse_gcd_forward_compare	69288284	69289324	1040	195	0	41	42
tlm_inverse_gcd_forward_body	69289324	69292645	3321	378	4	225	228
tlm_apply_inverse_fold	69292645	69294344	1699	317	0	50	59
tlm_apply_inverse_swap	69294344	69295112	768	256	0	0	0
tlm_apply_inverse_mod_sub_register	69295112	69300512	5400	623	5	366	371
tlm_apply_inverse_mod_sub_fold	69300512	69301211	699	59	2	59	59
tlm_apply_inverse_mod_sub_clean	69301211	69301527	316	19	0	20	22
tlm_inverse_gcd_forward_codec	69301527	69301693	166	18	0	4	7
tlm_inverse_gcd_forward_shift	69301693	69302303	610	151	0	0	2
tlm_inverse_gcd_forward_compare	69302303	69303354	1051	195	0	42	43
tlm_inverse_gcd_forward_body	69303354	69306604	3250	372	4	220	223
tlm_apply_inverse_fold	69306604	69308307	1703	315	0	51	60
tlm_apply_inverse_swap	69308307	69309075	768	256	0	0	0
tlm_apply_inverse_mod_sub_register	69309075	69314475	5400	623	5	366	371
tlm_apply_inverse_mod_sub_fold	69314475	69315170	695	58	3	58	58
tlm_apply_inverse_mod_sub_clean	69315170	69315486	316	19	0	20	22
tlm_inverse_gcd_forward_codec	69315486	69315489	3	0	0	0	0
tlm_inverse_gcd_forward_shift	69315489	69316095	606	150	0	0	2
tlm_inverse_gcd_forward_compare	69316095	69317143	1048	194	0	42	43
tlm_inverse_gcd_forward_body	69317143	69320406	3263	372	4	221	224
tlm_apply_inverse_fold	69320406	69322105	1699	317	0	50	59
tlm_apply_inverse_swap	69322105	69322873	768	256	0	0	0
tlm_apply_inverse_mod_sub_register	69322873	69328273	5400	623	5	366	371
tlm_apply_inverse_mod_sub_fold	69328273	69328972	699	59	2	59	59
tlm_apply_inverse_mod_sub_clean	69328972	69329288	316	19	0	20	22
tlm_inverse_gcd_forward_codec	69329288	69329291	3	0	0	0	0
tlm_inverse_gcd_forward_shift	69329291	69329893	602	149	0	0	2
tlm_inverse_gcd_forward_compare	69329893	69330938	1045	193	0	42	43
tlm_inverse_gcd_forward_body	69330938	69334214	3276	372	4	222	225
tlm_apply_inverse_fold	69334214	69335909	1695	319	0	49	58
tlm_apply_inverse_swap	69335909	69336677	768	256	0	0	0
tlm_apply_inverse_mod_sub_register	69336677	69342077	5400	623	5	366	371
tlm_apply_inverse_mod_sub_fold	69342077	69342776	699	59	2	59	59
tlm_apply_inverse_mod_sub_clean	69342776	69343092	316	19	0	20	22
tlm_inverse_gcd_forward_codec	69343092	69343258	166	18	0	4	7
tlm_inverse_gcd_forward_shift	69343258	69343856	598	148	0	0	2
tlm_inverse_gcd_forward_compare	69343856	69344898	1042	192	0	42	43
tlm_inverse_gcd_forward_body	69344898	69348103	3205	366	4	217	220
tlm_apply_inverse_fold	69348103	69349802	1699	317	0	50	59
tlm_apply_inverse_swap	69349802	69350570	768	256	0	0	0
tlm_apply_inverse_mod_sub_register	69350570	69355970	5400	623	5	366	371
tlm_apply_inverse_mod_sub_fold	69355970	69356669	699	59	2	59	59
tlm_apply_inverse_mod_sub_clean	69356669	69356985	316	19	0	20	22
tlm_inverse_gcd_forward_codec	69356985	69356988	3	0	0	0	0
tlm_inverse_gcd_forward_shift	69356988	69357582	594	147	0	0	2
tlm_inverse_gcd_forward_compare	69357582	69358621	1039	191	0	42	43
tlm_inverse_gcd_forward_body	69358621	69361839	3218	366	4	218	221
tlm_apply_inverse_fold	69361839	69363534	1695	319	0	49	58
tlm_apply_inverse_swap	69363534	69364302	768	256	0	0	0
tlm_apply_inverse_mod_sub_register	69364302	69369702	5400	623	5	366	371
tlm_apply_inverse_mod_sub_fold	69369702	69370401	699	59	2	59	59
tlm_apply_inverse_mod_sub_clean	69370401	69370717	316	19	0	20	22
tlm_inverse_gcd_forward_codec	69370717	69370720	3	0	0	0	0
tlm_inverse_gcd_forward_shift	69370720	69371308	588	145	0	0	4
tlm_inverse_gcd_forward_compare	69371308	69372327	1019	188	0	41	42
tlm_inverse_gcd_forward_body	69372327	69375445	3118	357	4	211	214
tlm_apply_inverse_fold	69375445	69377144	1699	317	0	50	59
tlm_apply_inverse_swap	69377144	69377912	768	256	0	0	0
tlm_apply_inverse_mod_sub_register	69377912	69383312	5400	623	5	366	371
tlm_apply_inverse_mod_sub_fold	69383312	69384011	699	59	2	59	59
tlm_apply_inverse_mod_sub_clean	69384011	69384327	316	19	0	20	22
tlm_inverse_gcd_forward_codec	69384327	69384493	166	18	0	4	7
tlm_inverse_gcd_forward_shift	69384493	69385075	582	144	0	0	2
tlm_inverse_gcd_forward_compare	69385075	69386091	1016	187	0	41	42
tlm_inverse_gcd_forward_body	69386091	69389138	3047	351	4	206	209
tlm_apply_inverse_fold	69389138	69390841	1703	315	0	51	60
tlm_apply_inverse_swap	69390841	69391609	768	256	0	0	0
tlm_apply_inverse_mod_sub_register	69391609	69397009	5400	623	5	366	371
tlm_apply_inverse_mod_sub_fold	69397009	69397704	695	58	3	58	58
tlm_apply_inverse_mod_sub_clean	69397704	69398020	316	19	0	20	22
tlm_inverse_gcd_forward_codec	69398020	69398023	3	0	0	0	0
tlm_inverse_gcd_forward_shift	69398023	69398601	578	143	0	0	2
tlm_inverse_gcd_forward_compare	69398601	69399628	1027	187	0	42	43
tlm_inverse_gcd_forward_body	69399628	69402688	3060	351	4	207	210
tlm_apply_inverse_fold	69402688	69404387	1699	317	0	50	59
tlm_apply_inverse_swap	69404387	69405155	768	256	0	0	0
tlm_apply_inverse_mod_sub_register	69405155	69410555	5400	623	5	366	371
tlm_apply_inverse_mod_sub_fold	69410555	69411254	699	59	2	59	59
tlm_apply_inverse_mod_sub_clean	69411254	69411570	316	19	0	20	22
tlm_inverse_gcd_forward_codec	69411570	69411573	3	0	0	0	0
tlm_inverse_gcd_forward_shift	69411573	69412147	574	142	0	0	2
tlm_inverse_gcd_forward_compare	69412147	69413157	1010	185	0	41	42
tlm_inverse_gcd_forward_body	69413157	69416230	3073	351	4	208	211
tlm_apply_inverse_fold	69416230	69417925	1695	319	0	49	58
tlm_apply_inverse_swap	69417925	69418693	768	256	0	0	0
tlm_apply_inverse_mod_sub_register	69418693	69424093	5400	623	5	366	371
tlm_apply_inverse_mod_sub_fold	69424093	69424792	699	59	2	59	59
tlm_apply_inverse_mod_sub_clean	69424792	69425108	316	19	0	20	22
tlm_inverse_gcd_forward_codec	69425108	69425274	166	18	0	4	7
tlm_inverse_gcd_forward_shift	69425274	69425844	570	141	0	0	2
tlm_inverse_gcd_forward_compare	69425844	69426865	1021	185	0	42	43
tlm_inverse_gcd_forward_body	69426865	69429867	3002	345	4	203	206
tlm_apply_inverse_fold	69429867	69431566	1699	317	0	50	59
tlm_apply_inverse_swap	69431566	69432334	768	256	0	0	0
tlm_apply_inverse_mod_sub_register	69432334	69437734	5400	623	5	366	371
tlm_apply_inverse_mod_sub_fold	69437734	69438433	699	59	2	59	59
tlm_apply_inverse_mod_sub_clean	69438433	69438749	316	19	0	20	22
tlm_inverse_gcd_forward_codec	69438749	69438752	3	0	0	0	0
tlm_inverse_gcd_forward_shift	69438752	69439320	568	141	0	0	0
tlm_inverse_gcd_forward_compare	69439320	69440355	1035	186	0	43	44
tlm_inverse_gcd_forward_body	69440355	69443483	3128	354	4	212	215
tlm_apply_inverse_fold	69443483	69445170	1687	323	0	47	56
tlm_apply_inverse_swap	69445170	69445938	768	256	0	0	0
tlm_apply_inverse_mod_sub_register	69445938	69451338	5400	623	5	366	371
tlm_apply_inverse_mod_sub_fold	69451338	69452063	725	61	3	61	61
tlm_apply_inverse_mod_sub_clean	69452063	69452379	316	19	0	20	22
tlm_inverse_gcd_forward_codec	69452379	69452382	3	0	0	0	0
tlm_inverse_gcd_forward_shift	69452382	69452948	566	140	0	0	2
tlm_inverse_gcd_forward_compare	69452948	69453966	1018	184	0	42	43
tlm_inverse_gcd_forward_body	69453966	69457107	3141	354	4	213	216
tlm_apply_inverse_fold	69457107	69458793	1686	326	0	47	55
tlm_apply_inverse_swap	69458793	69459561	768	256	0	0	0
tlm_apply_inverse_mod_sub_register	69459561	69465274	5713	645	6	388	394
tlm_apply_inverse_mod_sub_fold	69465274	69466015	741	62	4	62	62
tlm_apply_inverse_mod_sub_clean	69466015	69466331	316	19	0	20	22
tlm_inverse_gcd_forward_codec	69466331	69466497	166	18	0	4	7
tlm_inverse_gcd_forward_shift	69466497	69467059	562	139	0	0	2
tlm_inverse_gcd_forward_compare	69467059	69468074	1015	183	0	42	43
tlm_inverse_gcd_forward_body	69468074	69471144	3070	348	4	208	211
tlm_apply_inverse_fold	69471144	69472831	1687	323	0	47	56
tlm_apply_inverse_swap	69472831	69473599	768	256	0	0	0
tlm_apply_inverse_mod_sub_register	69473599	69478999	5400	623	5	366	371
tlm_apply_inverse_mod_sub_fold	69478999	69479724	725	61	3	61	61
tlm_apply_inverse_mod_sub_clean	69479724	69480040	316	19	0	20	22
tlm_inverse_gcd_forward_codec	69480040	69480043	3	0	0	0	0
tlm_inverse_gcd_forward_shift	69480043	69480599	556	137	0	0	4
tlm_inverse_gcd_forward_compare	69480599	69481608	1009	181	0	42	43
tlm_inverse_gcd_forward_body	69481608	69484578	2970	339	4	201	204
tlm_apply_inverse_fold	69484578	69486269	1691	321	0	48	57
tlm_apply_inverse_swap	69486269	69487037	768	256	0	0	0
tlm_apply_inverse_mod_sub_register	69487037	69492437	5400	623	5	366	371
tlm_apply_inverse_mod_sub_fold	69492437	69493162	725	61	3	61	61
tlm_apply_inverse_mod_sub_clean	69493162	69493478	316	19	0	20	22
tlm_inverse_gcd_forward_codec	69493478	69493481	3	0	0	0	0
tlm_inverse_gcd_forward_shift	69493481	69494033	552	137	0	0	0
tlm_inverse_gcd_forward_compare	69494033	69495042	1009	181	0	42	43
tlm_inverse_gcd_forward_body	69495042	69498138	3096	348	4	210	213
tlm_apply_inverse_fold	69498138	69499820	1682	328	0	46	54
tlm_apply_inverse_swap	69499820	69500588	768	256	0	0	0
tlm_apply_inverse_mod_sub_register	69500588	69506301	5713	645	6	388	394
tlm_apply_inverse_mod_sub_fold	69506301	69507056	755	64	3	64	64
tlm_apply_inverse_mod_sub_clean	69507056	69507372	316	19	0	20	22
tlm_inverse_gcd_forward_codec	69507372	69507538	166	18	0	4	7
tlm_inverse_gcd_forward_shift	69507538	69508088	550	136	0	0	2
tlm_inverse_gcd_forward_compare	69508088	69509094	1006	180	0	42	43
tlm_inverse_gcd_forward_body	69509094	69512119	3025	342	4	205	208
tlm_apply_inverse_fold	69512119	69513805	1686	326	0	47	55
tlm_apply_inverse_swap	69513805	69514573	768	256	0	0	0
tlm_apply_inverse_mod_sub_register	69514573	69520286	5713	645	6	388	394
tlm_apply_inverse_mod_sub_fold	69520286	69521027	741	62	4	62	62
tlm_apply_inverse_mod_sub_clean	69521027	69521343	316	19	0	20	22
tlm_inverse_gcd_forward_codec	69521343	69521346	3	0	0	0	0
tlm_inverse_gcd_forward_shift	69521346	69521892	546	135	0	0	2
tlm_inverse_gcd_forward_compare	69521892	69522895	1003	179	0	42	43
tlm_inverse_gcd_forward_body	69522895	69525933	3038	342	4	206	209
tlm_apply_inverse_fold	69525933	69527615	1682	328	0	46	54
tlm_apply_inverse_swap	69527615	69528383	768	256	0	0	0
tlm_apply_inverse_mod_sub_register	69528383	69534096	5713	645	6	388	394
tlm_apply_inverse_mod_sub_fold	69534096	69534851	755	64	3	64	64
tlm_apply_inverse_mod_sub_clean	69534851	69535167	316	19	0	20	22
tlm_inverse_gcd_forward_codec	69535167	69535170	3	0	0	0	0
tlm_inverse_gcd_forward_shift	69535170	69535712	542	134	0	0	2
tlm_inverse_gcd_forward_compare	69535712	69536712	1000	178	0	42	43
tlm_inverse_gcd_forward_body	69536712	69539763	3051	342	4	207	210
tlm_apply_inverse_fold	69539763	69541441	1678	330	0	45	53
tlm_apply_inverse_swap	69541441	69542209	768	256	0	0	0
tlm_apply_inverse_mod_sub_register	69542209	69547922	5713	645	6	388	394
tlm_apply_inverse_mod_sub_fold	69547922	69548677	755	64	3	64	64
tlm_apply_inverse_mod_sub_clean	69548677	69548993	316	19	0	20	22
tlm_inverse_gcd_forward_codec	69548993	69549159	166	18	0	4	7
tlm_inverse_gcd_forward_shift	69549159	69549697	538	133	0	0	2
tlm_inverse_gcd_forward_compare	69549697	69550708	1011	178	0	43	44
tlm_inverse_gcd_forward_body	69550708	69553688	2980	336	4	202	205
tlm_apply_inverse_fold	69553688	69555370	1682	328	0	46	54
tlm_apply_inverse_swap	69555370	69556138	768	256	0	0	0
tlm_apply_inverse_mod_sub_register	69556138	69561851	5713	645	6	388	394
tlm_apply_inverse_mod_sub_fold	69561851	69562606	755	64	3	64	64
tlm_apply_inverse_mod_sub_clean	69562606	69562922	316	19	0	20	22
tlm_inverse_gcd_forward_codec	69562922	69562925	3	0	0	0	0
tlm_inverse_gcd_forward_shift	69562925	69563459	534	132	0	0	2
tlm_inverse_gcd_forward_compare	69563459	69564467	1008	177	0	43	44
tlm_inverse_gcd_forward_body	69564467	69567460	2993	336	4	203	206
tlm_apply_inverse_fold	69567460	69569138	1678	330	0	45	53
tlm_apply_inverse_swap	69569138	69569906	768	256	0	0	0
tlm_apply_inverse_mod_sub_register	69569906	69575619	5713	645	6	388	394
tlm_apply_inverse_mod_sub_fold	69575619	69576374	755	64	3	64	64
tlm_apply_inverse_mod_sub_clean	69576374	69576690	316	19	0	20	22
tlm_inverse_gcd_forward_codec	69576690	69576693	3	0	0	0	0
tlm_inverse_gcd_forward_shift	69576693	69577223	530	131	0	0	2
tlm_inverse_gcd_forward_compare	69577223	69578222	999	177	0	42	43
tlm_inverse_gcd_forward_body	69578222	69581228	3006	336	4	204	207
tlm_apply_inverse_fold	69581228	69582902	1674	332	0	44	52
tlm_apply_inverse_swap	69582902	69583670	768	256	0	0	0
tlm_apply_inverse_mod_sub_register	69583670	69589383	5713	645	6	388	394
tlm_apply_inverse_mod_sub_fold	69589383	69590138	755	64	3	64	64
tlm_apply_inverse_mod_sub_clean	69590138	69590454	316	19	0	20	22
tlm_inverse_gcd_forward_codec	69590454	69590620	166	18	0	4	7
tlm_inverse_gcd_forward_shift	69590620	69591146	526	130	0	0	2
tlm_inverse_gcd_forward_compare	69591146	69592148	1002	175	0	43	44
tlm_inverse_gcd_forward_body	69592148	69595083	2935	330	4	199	202
tlm_apply_inverse_fold	69595083	69596761	1678	330	0	45	53
tlm_apply_inverse_swap	69596761	69597529	768	256	0	0	0
tlm_apply_inverse_mod_sub_register	69597529	69603242	5713	645	6	388	394
tlm_apply_inverse_mod_sub_fold	69603242	69603997	755	64	3	64	64
tlm_apply_inverse_mod_sub_clean	69603997	69604313	316	19	0	20	22
tlm_inverse_gcd_forward_codec	69604313	69604316	3	0	0	0	0
tlm_inverse_gcd_forward_shift	69604316	69604838	522	129	0	0	2
tlm_inverse_gcd_forward_compare	69604838	69605823	985	173	0	42	43
tlm_inverse_gcd_forward_body	69605823	69608771	2948	330	4	200	203
tlm_apply_inverse_fold	69608771	69610445	1674	332	0	44	52
tlm_apply_inverse_swap	69610445	69611213	768	256	0	0	0
tlm_apply_inverse_mod_sub_register	69611213	69616926	5713	645	6	388	394
tlm_apply_inverse_mod_sub_fold	69616926	69617681	755	64	3	64	64
tlm_apply_inverse_mod_sub_clean	69617681	69617997	316	19	0	20	22
tlm_inverse_gcd_forward_codec	69617997	69618000	3	0	0	0	0
tlm_inverse_gcd_forward_shift	69618000	69618516	516	127	0	0	4
tlm_inverse_gcd_forward_compare	69618516	69619509	993	172	0	43	44
tlm_inverse_gcd_forward_body	69619509	69622357	2848	321	4	193	196
tlm_apply_inverse_fold	69622357	69624035	1678	330	0	45	53
tlm_apply_inverse_swap	69624035	69624803	768	256	0	0	0
tlm_apply_inverse_mod_sub_register	69624803	69630516	5713	645	6	388	394
tlm_apply_inverse_mod_sub_fold	69630516	69631271	755	64	3	64	64
tlm_apply_inverse_mod_sub_clean	69631271	69631587	316	19	0	20	22
tlm_inverse_gcd_forward_codec	69631587	69631753	166	18	0	4	7
tlm_inverse_gcd_forward_shift	69631753	69632263	510	126	0	0	2
tlm_inverse_gcd_forward_compare	69632263	69633253	990	171	0	43	44
tlm_inverse_gcd_forward_body	69633253	69636030	2777	315	4	188	191
tlm_apply_inverse_fold	69636030	69637712	1682	328	0	46	54
tlm_apply_inverse_swap	69637712	69638480	768	256	0	0	0
tlm_apply_inverse_mod_sub_register	69638480	69644193	5713	645	6	388	394
tlm_apply_inverse_mod_sub_fold	69644193	69644948	755	64	3	64	64
tlm_apply_inverse_mod_sub_clean	69644948	69645264	316	19	0	20	22
tlm_inverse_gcd_forward_codec	69645264	69645267	3	0	0	0	0
tlm_inverse_gcd_forward_shift	69645267	69645773	506	125	0	0	2
tlm_inverse_gcd_forward_compare	69645773	69646746	973	169	0	42	43
tlm_inverse_gcd_forward_body	69646746	69649536	2790	315	4	189	192
tlm_apply_inverse_fold	69649536	69651214	1678	330	0	45	53
tlm_apply_inverse_swap	69651214	69651982	768	256	0	0	0
tlm_apply_inverse_mod_sub_register	69651982	69657695	5713	645	6	388	394
tlm_apply_inverse_mod_sub_fold	69657695	69658450	755	64	3	64	64
tlm_apply_inverse_mod_sub_clean	69658450	69658766	316	19	0	20	22
tlm_inverse_gcd_forward_codec	69658766	69658769	3	0	0	0	0
tlm_inverse_gcd_forward_shift	69658769	69659271	502	124	0	0	2
tlm_inverse_gcd_forward_compare	69659271	69660241	970	168	0	42	43
tlm_inverse_gcd_forward_body	69660241	69663044	2803	315	4	190	193
tlm_apply_inverse_fold	69663044	69664718	1674	332	0	44	52
tlm_apply_inverse_swap	69664718	69665486	768	256	0	0	0
tlm_apply_inverse_mod_sub_register	69665486	69671199	5713	645	6	388	394
tlm_apply_inverse_mod_sub_fold	69671199	69671954	755	64	3	64	64
tlm_apply_inverse_mod_sub_clean	69671954	69672270	316	19	0	20	22
tlm_inverse_gcd_forward_codec	69672270	69672436	166	18	0	4	7
tlm_inverse_gcd_forward_shift	69672436	69672934	498	123	0	0	2
tlm_inverse_gcd_forward_compare	69672934	69673915	981	168	0	43	44
tlm_inverse_gcd_forward_body	69673915	69676647	2732	309	4	185	188
tlm_apply_inverse_fold	69676647	69678325	1678	330	0	45	53
tlm_apply_inverse_swap	69678325	69679093	768	256	0	0	0
tlm_apply_inverse_mod_sub_register	69679093	69684806	5713	645	6	388	394
tlm_apply_inverse_mod_sub_fold	69684806	69685561	755	64	3	64	64
tlm_apply_inverse_mod_sub_clean	69685561	69685877	316	19	0	20	22
tlm_inverse_gcd_forward_codec	69685877	69685880	3	0	0	0	0
tlm_inverse_gcd_forward_shift	69685880	69686374	494	122	0	0	2
tlm_inverse_gcd_forward_compare	69686374	69687338	964	166	0	42	43
tlm_inverse_gcd_forward_body	69687338	69690083	2745	309	4	186	189
tlm_apply_inverse_fold	69690083	69691757	1674	332	0	44	52
tlm_apply_inverse_swap	69691757	69692525	768	256	0	0	0
tlm_apply_inverse_mod_sub_register	69692525	69698238	5713	645	6	388	394
tlm_apply_inverse_mod_sub_fold	69698238	69698993	755	64	3	64	64
tlm_apply_inverse_mod_sub_clean	69698993	69699309	316	19	0	20	22
tlm_inverse_gcd_forward_codec	69699309	69699312	3	0	0	0	0
tlm_inverse_gcd_forward_shift	69699312	69699804	492	122	0	0	0
tlm_inverse_gcd_forward_compare	69699804	69700766	962	173	0	39	40
tlm_inverse_gcd_forward_body	69700766	69703637	2871	318	4	195	198
tlm_apply_inverse_fold	69703637	69705299	1662	338	0	41	49
tlm_apply_inverse_swap	69705299	69706067	768	256	0	0	0
tlm_apply_inverse_mod_sub_register	69706067	69712093	6026	667	7	410	417
tlm_apply_inverse_mod_sub_fold	69712093	69712886	793	67	5	67	67
tlm_apply_inverse_mod_sub_clean	69712886	69713202	316	19	0	20	22
tlm_inverse_gcd_forward_codec	69713202	69713368	166	18	0	4	7
tlm_inverse_gcd_forward_shift	69713368	69713858	490	121	0	0	2
tlm_inverse_gcd_forward_compare	69713858	69714815	957	169	0	40	41
tlm_inverse_gcd_forward_body	69714815	69717615	2800	312	4	190	193
tlm_apply_inverse_fold	69717615	69719281	1666	336	0	42	50
tlm_apply_inverse_swap	69719281	69720049	768	256	0	0	0
tlm_apply_inverse_mod_sub_register	69720049	69726075	6026	667	7	410	417
tlm_apply_inverse_mod_sub_fold	69726075	69726856	781	66	4	66	66
tlm_apply_inverse_mod_sub_clean	69726856	69727172	316	19	0	20	22
tlm_inverse_gcd_forward_codec	69727172	69727175	3	0	0	0	0
tlm_inverse_gcd_forward_shift	69727175	69727661	486	120	0	0	2
tlm_inverse_gcd_forward_compare	69727661	69728617	956	171	0	39	40
tlm_inverse_gcd_forward_body	69728617	69731430	2813	312	4	191	194
tlm_apply_inverse_fold	69731430	69733092	1662	338	0	41	49
tlm_apply_inverse_swap	69733092	69733860	768	256	0	0	0
tlm_apply_inverse_mod_sub_register	69733860	69739886	6026	667	7	410	417
tlm_apply_inverse_mod_sub_fold	69739886	69740679	793	67	5	67	67
tlm_apply_inverse_mod_sub_clean	69740679	69740995	316	19	0	20	22
tlm_inverse_gcd_forward_codec	69740995	69740998	3	0	0	0	0
tlm_inverse_gcd_forward_shift	69740998	69741478	480	118	0	0	4
tlm_inverse_gcd_forward_compare	69741478	69742426	948	166	0	40	41
tlm_inverse_gcd_forward_body	69742426	69745139	2713	303	4	184	187
tlm_apply_inverse_fold	69745139	69746805	1666	336	0	42	50
tlm_apply_inverse_swap	69746805	69747573	768	256	0	0	0
tlm_apply_inverse_mod_sub_register	69747573	69753599	6026	667	7	410	417
tlm_apply_inverse_mod_sub_fold	69753599	69754380	781	66	4	66	66
tlm_apply_inverse_mod_sub_clean	69754380	69754696	316	19	0	20	22
tlm_inverse_gcd_forward_codec	69754696	69754862	166	18	0	4	7
tlm_inverse_gcd_forward_shift	69754862	69755338	476	118	0	0	0
tlm_inverse_gcd_forward_compare	69755338	69756288	950	169	0	39	40
tlm_inverse_gcd_forward_body	69756288	69759043	2755	306	4	187	190
tlm_apply_inverse_fold	69759043	69760705	1662	338	0	41	49
tlm_apply_inverse_swap	69760705	69761473	768	256	0	0	0
tlm_apply_inverse_mod_sub_register	69761473	69767499	6026	667	7	410	417
tlm_apply_inverse_mod_sub_fold	69767499	69768292	793	67	5	67	67
tlm_apply_inverse_mod_sub_clean	69768292	69768608	316	19	0	20	22
tlm_inverse_gcd_forward_codec	69768608	69768611	3	0	0	0	0
tlm_inverse_gcd_forward_shift	69768611	69769083	472	116	0	0	4
tlm_inverse_gcd_forward_compare	69769083	69770025	942	164	0	40	41
tlm_inverse_gcd_forward_body	69770025	69772680	2655	297	4	180	183
tlm_apply_inverse_fold	69772680	69774346	1666	336	0	42	50
tlm_apply_inverse_swap	69774346	69775114	768	256	0	0	0
tlm_apply_inverse_mod_sub_register	69775114	69781140	6026	667	7	410	417
tlm_apply_inverse_mod_sub_fold	69781140	69781921	781	66	4	66	66
tlm_apply_inverse_mod_sub_clean	69781921	69782237	316	19	0	20	22
tlm_inverse_gcd_forward_codec	69782237	69782240	3	0	0	0	0
tlm_inverse_gcd_forward_shift	69782240	69782706	466	115	0	0	2
tlm_inverse_gcd_forward_compare	69782706	69783639	933	164	0	39	40
tlm_inverse_gcd_forward_body	69783639	69786307	2668	297	4	181	184
tlm_apply_inverse_fold	69786307	69787969	1662	338	0	41	49
tlm_apply_inverse_swap	69787969	69788737	768	256	0	0	0
tlm_apply_inverse_mod_sub_register	69788737	69794763	6026	667	7	410	417
tlm_apply_inverse_mod_sub_fold	69794763	69795556	793	67	5	67	67
tlm_apply_inverse_mod_sub_clean	69795556	69795872	316	19	0	20	22
tlm_inverse_gcd_forward_codec	69795872	69796038	166	18	0	4	7
tlm_inverse_gcd_forward_shift	69796038	69796500	462	114	0	0	2
tlm_inverse_gcd_forward_compare	69796500	69797444	944	164	0	40	41
tlm_inverse_gcd_forward_body	69797444	69800041	2597	291	4	176	179
tlm_apply_inverse_fold	69800041	69801707	1666	336	0	42	50
tlm_apply_inverse_swap	69801707	69802475	768	256	0	0	0
tlm_apply_inverse_mod_sub_register	69802475	69808501	6026	667	7	410	417
tlm_apply_inverse_mod_sub_fold	69808501	69809282	781	66	4	66	66
tlm_apply_inverse_mod_sub_clean	69809282	69809598	316	19	0	20	22
tlm_inverse_gcd_forward_codec	69809598	69809601	3	0	0	0	0
tlm_inverse_gcd_forward_shift	69809601	69810059	458	113	0	0	2
tlm_inverse_gcd_forward_compare	69810059	69810986	927	162	0	39	40
tlm_inverse_gcd_forward_body	69810986	69813596	2610	291	4	177	180
tlm_apply_inverse_fold	69813596	69815258	1662	338	0	41	49
tlm_apply_inverse_swap	69815258	69816026	768	256	0	0	0
tlm_apply_inverse_mod_sub_register	69816026	69822052	6026	667	7	410	417
tlm_apply_inverse_mod_sub_fold	69822052	69822845	793	67	5	67	67
tlm_apply_inverse_mod_sub_clean	69822845	69823161	316	19	0	20	22
tlm_inverse_gcd_forward_codec	69823161	69823164	3	0	0	0	0
tlm_inverse_gcd_forward_shift	69823164	69823618	454	112	0	0	2
tlm_inverse_gcd_forward_compare	69823618	69824544	926	164	0	38	39
tlm_inverse_gcd_forward_body	69824544	69827167	2623	291	4	178	181
tlm_apply_inverse_fold	69827167	69828825	1658	340	0	40	48
tlm_apply_inverse_swap	69828825	69829593	768	256	0	0	0
tlm_apply_inverse_mod_sub_register	69829593	69835619	6026	667	7	410	417
tlm_apply_inverse_mod_sub_fold	69835619	69836400	781	67	3	67	67
tlm_apply_inverse_mod_sub_clean	69836400	69836716	316	19	0	20	22
tlm_inverse_gcd_forward_codec	69836716	69836882	166	18	0	4	7
tlm_inverse_gcd_forward_shift	69836882	69837332	450	111	0	0	2
tlm_inverse_gcd_forward_compare	69837332	69838261	929	162	0	39	40
tlm_inverse_gcd_forward_body	69838261	69840813	2552	285	4	173	176
tlm_apply_inverse_fold	69840813	69842475	1662	338	0	41	49
tlm_apply_inverse_swap	69842475	69843243	768	256	0	0	0
tlm_apply_inverse_mod_sub_register	69843243	69849269	6026	667	7	410	417
tlm_apply_inverse_mod_sub_fold	69849269	69850062	793	67	5	67	67
tlm_apply_inverse_mod_sub_clean	69850062	69850378	316	19	0	20	22
tlm_inverse_gcd_forward_codec	69850378	69850381	3	0	0	0	0
tlm_inverse_gcd_forward_shift	69850381	69850827	446	110	0	0	2
tlm_inverse_gcd_forward_compare	69850827	69851739	912	160	0	38	39
tlm_inverse_gcd_forward_body	69851739	69854304	2565	285	4	174	177
tlm_apply_inverse_fold	69854304	69855962	1658	340	0	40	48
tlm_apply_inverse_swap	69855962	69856730	768	256	0	0	0
tlm_apply_inverse_mod_sub_register	69856730	69862756	6026	667	7	410	417
tlm_apply_inverse_mod_sub_fold	69862756	69863537	781	67	3	67	67
tlm_apply_inverse_mod_sub_clean	69863537	69863853	316	19	0	20	22
tlm_inverse_gcd_forward_codec	69863853	69863856	3	0	0	0	0
tlm_inverse_gcd_forward_shift	69863856	69864298	442	109	0	0	2
tlm_inverse_gcd_forward_compare	69864298	69865209	911	162	0	37	38
tlm_inverse_gcd_forward_body	69865209	69867787	2578	285	4	175	178
tlm_apply_inverse_fold	69867787	69869441	1654	342	0	39	47
tlm_apply_inverse_swap	69869441	69870209	768	256	0	0	0
tlm_apply_inverse_mod_sub_register	69870209	69876235	6026	667	7	410	417
tlm_apply_inverse_mod_sub_fold	69876235	69877052	817	70	4	70	70
tlm_apply_inverse_mod_sub_clean	69877052	69877368	316	19	0	20	22
tlm_inverse_gcd_forward_codec	69877368	69877534	166	18	0	4	7
tlm_inverse_gcd_forward_shift	69877534	69877972	438	108	0	0	2
tlm_inverse_gcd_forward_compare	69877972	69878886	914	160	0	38	39
tlm_inverse_gcd_forward_body	69878886	69881393	2507	279	4	170	173
tlm_apply_inverse_fold	69881393	69883051	1658	340	0	40	48
tlm_apply_inverse_swap	69883051	69883819	768	256	0	0	0
tlm_apply_inverse_mod_sub_register	69883819	69889845	6026	667	7	410	417
tlm_apply_inverse_mod_sub_fold	69889845	69890626	781	67	3	67	67
tlm_apply_inverse_mod_sub_clean	69890626	69890942	316	19	0	20	22
tlm_inverse_gcd_forward_codec	69890942	69890945	3	0	0	0	0
tlm_inverse_gcd_forward_shift	69890945	69891379	434	107	0	0	2
tlm_inverse_gcd_forward_compare	69891379	69892284	905	160	0	37	38
tlm_inverse_gcd_forward_body	69892284	69894804	2520	279	4	171	174
tlm_apply_inverse_fold	69894804	69896458	1654	342	0	39	47
tlm_apply_inverse_swap	69896458	69897226	768	256	0	0	0
tlm_apply_inverse_mod_sub_register	69897226	69903252	6026	667	7	410	417
tlm_apply_inverse_mod_sub_fold	69903252	69904069	817	70	4	70	70
tlm_apply_inverse_mod_sub_clean	69904069	69904385	316	19	0	20	22
tlm_inverse_gcd_forward_codec	69904385	69904388	3	0	0	0	0
tlm_inverse_gcd_forward_shift	69904388	69904818	430	106	0	0	2
tlm_inverse_gcd_forward_compare	69904818	69905714	896	160	0	36	37
tlm_inverse_gcd_forward_body	69905714	69908247	2533	279	4	172	175
tlm_apply_inverse_fold	69908247	69910288	2041	358	0	64	88
tlm_apply_inverse_swap	69910288	69911056	768	256	0	0	0
tlm_apply_inverse_mod_sub_register	69911056	69917395	6339	689	8	432	440
tlm_apply_inverse_mod_sub_fold	69917395	69918212	817	70	4	70	70
tlm_apply_inverse_mod_sub_clean	69918212	69918528	316	19	0	20	22
tlm_inverse_gcd_forward_codec	69918528	69918694	166	18	0	4	7
tlm_inverse_gcd_forward_shift	69918694	69919120	426	105	0	0	2
tlm_inverse_gcd_forward_compare	69919120	69920019	899	158	0	37	38
tlm_inverse_gcd_forward_body	69920019	69922481	2462	273	4	167	170
tlm_apply_inverse_fold	69922481	69924135	1654	342	0	39	47
tlm_apply_inverse_swap	69924135	69924903	768	256	0	0	0
tlm_apply_inverse_mod_sub_register	69924903	69930929	6026	667	7	410	417
tlm_apply_inverse_mod_sub_fold	69930929	69931746	817	70	4	70	70
tlm_apply_inverse_mod_sub_clean	69931746	69932062	316	19	0	20	22
tlm_inverse_gcd_forward_codec	69932062	69932065	3	0	0	0	0
tlm_inverse_gcd_forward_shift	69932065	69932487	422	104	0	0	2
tlm_inverse_gcd_forward_compare	69932487	69933385	898	160	0	36	37
tlm_inverse_gcd_forward_body	69933385	69935860	2475	273	4	168	171
tlm_apply_inverse_fold	69935860	69937901	2041	358	0	64	88
tlm_apply_inverse_swap	69937901	69938669	768	256	0	0	0
tlm_apply_inverse_mod_sub_register	69938669	69945008	6339	689	8	432	440
tlm_apply_inverse_mod_sub_fold	69945008	69945825	817	70	4	70	70
tlm_apply_inverse_mod_sub_clean	69945825	69946141	316	19	0	20	22
tlm_inverse_gcd_forward_codec	69946141	69946144	3	0	0	0	0
tlm_inverse_gcd_forward_shift	69946144	69946562	418	103	0	0	2
tlm_inverse_gcd_forward_compare	69946562	69947451	889	160	0	35	36
tlm_inverse_gcd_forward_body	69947451	69949939	2488	273	4	169	172
tlm_apply_inverse_fold	69949939	69951993	2054	360	0	64	89
tlm_apply_inverse_swap	69951993	69952761	768	256	0	0	0
tlm_apply_inverse_mod_sub_register	69952761	69959100	6339	689	8	432	440
tlm_apply_inverse_mod_sub_fold	69959100	69959917	817	70	4	70	70
tlm_apply_inverse_mod_sub_clean	69959917	69960233	316	19	0	20	22
tlm_inverse_gcd_forward_codec	69960233	69960399	166	18	0	4	7
tlm_inverse_gcd_forward_shift	69960399	69960813	414	102	0	0	2
tlm_inverse_gcd_forward_compare	69960813	69961697	884	156	0	36	37
tlm_inverse_gcd_forward_body	69961697	69964114	2417	267	4	164	167
tlm_apply_inverse_fold	69964114	69966155	2041	358	0	64	88
tlm_apply_inverse_swap	69966155	69966923	768	256	0	0	0
tlm_apply_inverse_mod_sub_register	69966923	69973262	6339	689	8	432	440
tlm_apply_inverse_mod_sub_fold	69973262	69974079	817	70	4	70	70
tlm_apply_inverse_mod_sub_clean	69974079	69974395	316	19	0	20	22
tlm_inverse_gcd_forward_codec	69974395	69974398	3	0	0	0	0
tlm_inverse_gcd_forward_shift	69974398	69974808	410	101	0	0	2
tlm_inverse_gcd_forward_compare	69974808	69975699	891	160	0	35	36
tlm_inverse_gcd_forward_body	69975699	69978129	2430	267	4	165	168
tlm_apply_inverse_fold	69978129	69980183	2054	360	0	64	89
tlm_apply_inverse_swap	69980183	69980951	768	256	0	0	0
tlm_apply_inverse_mod_sub_register	69980951	69987290	6339	689	8	432	440
tlm_apply_inverse_mod_sub_fold	69987290	69988107	817	70	4	70	70
tlm_apply_inverse_mod_sub_clean	69988107	69988423	316	19	0	20	22
tlm_inverse_gcd_forward_codec	69988423	69988426	3	0	0	0	0
tlm_inverse_gcd_forward_shift	69988426	69988832	406	100	0	0	2
tlm_inverse_gcd_forward_compare	69988832	69989706	874	158	0	34	35
tlm_inverse_gcd_forward_body	69989706	69992149	2443	267	4	166	169
tlm_apply_inverse_fold	69992149	69994215	2066	362	0	64	90
tlm_apply_inverse_swap	69994215	69994983	768	256	0	0	0
tlm_apply_inverse_mod_sub_register	69994983	70001620	6637	710	9	453	461
tlm_apply_inverse_mod_sub_fold	70001620	70002437	817	70	4	70	70
tlm_apply_inverse_mod_sub_clean	70002437	70002753	316	19	0	20	22
tlm_inverse_gcd_forward_codec	70002753	70002919	166	18	0	4	7
tlm_inverse_gcd_forward_shift	70002919	70003321	402	99	0	0	2
tlm_inverse_gcd_forward_compare	70003321	70004198	877	156	0	35	36
tlm_inverse_gcd_forward_body	70004198	70006570	2372	261	4	161	164
tlm_apply_inverse_fold	70006570	70008624	2054	360	0	64	89
tlm_apply_inverse_swap	70008624	70009392	768	256	0	0	0
tlm_apply_inverse_mod_sub_register	70009392	70015731	6339	689	8	432	440
tlm_apply_inverse_mod_sub_fold	70015731	70016548	817	70	4	70	70
tlm_apply_inverse_mod_sub_clean	70016548	70016864	316	19	0	20	22
tlm_inverse_gcd_forward_codec	70016864	70016867	3	0	0	0	0
tlm_inverse_gcd_forward_shift	70016867	70017265	398	98	0	0	2
tlm_inverse_gcd_forward_compare	70017265	70018133	868	156	0	34	35
tlm_inverse_gcd_forward_body	70018133	70020518	2385	261	4	162	165
tlm_apply_inverse_fold	70020518	70022584	2066	362	0	64	90
tlm_apply_inverse_swap	70022584	70023352	768	256	0	0	0
tlm_apply_inverse_mod_sub_register	70023352	70029989	6637	710	9	453	461
tlm_apply_inverse_mod_sub_fold	70029989	70030806	817	70	4	70	70
tlm_apply_inverse_mod_sub_clean	70030806	70031122	316	19	0	20	22
tlm_inverse_gcd_forward_codec	70031122	70031125	3	0	0	0	0
tlm_inverse_gcd_forward_shift	70031125	70031519	394	97	0	0	2
tlm_inverse_gcd_forward_compare	70031519	70032378	859	156	0	33	34
tlm_inverse_gcd_forward_body	70032378	70034776	2398	261	4	163	166
tlm_apply_inverse_fold	70034776	70036852	2076	364	0	64	91
tlm_apply_inverse_swap	70036852	70037620	768	256	0	0	0
tlm_apply_inverse_mod_sub_register	70037620	70044271	6651	711	9	454	462
tlm_apply_inverse_mod_sub_fold	70044271	70045088	817	70	4	70	70
tlm_apply_inverse_mod_sub_clean	70045088	70045404	316	19	0	20	22
tlm_inverse_gcd_forward_codec	70045404	70045570	166	18	0	4	7
tlm_inverse_gcd_forward_shift	70045570	70045960	390	96	0	0	2
tlm_inverse_gcd_forward_compare	70045960	70046822	862	154	0	34	35
tlm_inverse_gcd_forward_body	70046822	70049149	2327	255	4	158	161
tlm_apply_inverse_fold	70049149	70051215	2066	362	0	64	90
tlm_apply_inverse_swap	70051215	70051983	768	256	0	0	0
tlm_apply_inverse_mod_sub_register	70051983	70058620	6637	710	9	453	461
tlm_apply_inverse_mod_sub_fold	70058620	70059437	817	70	4	70	70
tlm_apply_inverse_mod_sub_clean	70059437	70059753	316	19	0	20	22
tlm_inverse_gcd_forward_codec	70059753	70059756	3	0	0	0	0
tlm_inverse_gcd_forward_shift	70059756	70060142	386	95	0	0	2
tlm_inverse_gcd_forward_compare	70060142	70061003	861	156	0	33	34
tlm_inverse_gcd_forward_body	70061003	70063343	2340	255	4	159	162
tlm_apply_inverse_fold	70063343	70065419	2076	364	0	64	91
tlm_apply_inverse_swap	70065419	70066187	768	256	0	0	0
tlm_apply_inverse_mod_sub_register	70066187	70072838	6651	711	9	454	462
tlm_apply_inverse_mod_sub_fold	70072838	70073655	817	70	4	70	70
tlm_apply_inverse_mod_sub_clean	70073655	70073971	316	19	0	20	22
tlm_inverse_gcd_forward_codec	70073971	70073974	3	0	0	0	0
tlm_inverse_gcd_forward_shift	70073974	70074356	382	94	0	0	2
tlm_inverse_gcd_forward_compare	70074356	70075200	844	154	0	32	33
tlm_inverse_gcd_forward_body	70075200	70077553	2353	255	4	160	163
tlm_apply_inverse_fold	70077553	70079639	2086	366	0	64	92
tlm_apply_inverse_swap	70079639	70080407	768	256	0	0	0
tlm_apply_inverse_mod_sub_register	70080407	70087287	6880	727	10	470	479
tlm_apply_inverse_mod_sub_fold	70087287	70088104	817	70	4	70	70
tlm_apply_inverse_mod_sub_clean	70088104	70088420	316	19	0	20	22
tlm_inverse_gcd_forward_codec	70088420	70088586	166	18	0	4	7
tlm_inverse_gcd_forward_shift	70088586	70088964	378	93	0	0	2
tlm_inverse_gcd_forward_compare	70088964	70089811	847	152	0	33	34
tlm_inverse_gcd_forward_body	70089811	70092093	2282	249	4	155	158
tlm_apply_inverse_fold	70092093	70094169	2076	364	0	64	91
tlm_apply_inverse_swap	70094169	70094937	768	256	0	0	0
tlm_apply_inverse_mod_sub_register	70094937	70101588	6651	711	9	454	462
tlm_apply_inverse_mod_sub_fold	70101588	70102405	817	70	4	70	70
tlm_apply_inverse_mod_sub_clean	70102405	70102721	316	19	0	20	22
tlm_inverse_gcd_forward_codec	70102721	70102724	3	0	0	0	0
tlm_inverse_gcd_forward_shift	70102724	70103098	374	92	0	0	2
tlm_inverse_gcd_forward_compare	70103098	70103944	846	154	0	32	33
tlm_inverse_gcd_forward_body	70103944	70106239	2295	249	4	156	159
tlm_apply_inverse_fold	70106239	70108325	2086	366	0	64	92
tlm_apply_inverse_swap	70108325	70109093	768	256	0	0	0
tlm_apply_inverse_mod_sub_register	70109093	70115973	6880	727	10	470	479
tlm_apply_inverse_mod_sub_fold	70115973	70116790	817	70	4	70	70
tlm_apply_inverse_mod_sub_clean	70116790	70117106	316	19	0	20	22
tlm_inverse_gcd_forward_codec	70117106	70117109	3	0	0	0	0
tlm_inverse_gcd_forward_shift	70117109	70117479	370	91	0	0	2
tlm_inverse_gcd_forward_compare	70117479	70118316	837	154	0	31	32
tlm_inverse_gcd_forward_body	70118316	70120624	2308	249	4	157	160
tlm_apply_inverse_fold	70120624	70122710	2086	366	0	64	92
tlm_apply_inverse_swap	70122710	70123478	768	256	0	0	0
tlm_apply_inverse_mod_sub_register	70123478	70130634	7156	747	11	490	491
tlm_apply_inverse_mod_sub_fold	70130634	70131451	817	70	4	70	70
tlm_apply_inverse_mod_sub_clean	70131451	70131767	316	19	0	20	22
tlm_inverse_gcd_forward_codec	70131767	70131933	166	18	0	4	7
tlm_inverse_gcd_forward_shift	70131933	70132299	366	90	0	0	2
tlm_inverse_gcd_forward_compare	70132299	70133139	840	152	0	32	33
tlm_inverse_gcd_forward_body	70133139	70135376	2237	243	4	152	155
tlm_apply_inverse_fold	70135376	70137462	2086	366	0	64	92
tlm_apply_inverse_swap	70137462	70138230	768	256	0	0	0
tlm_apply_inverse_mod_sub_register	70138230	70145110	6880	727	10	470	479
tlm_apply_inverse_mod_sub_fold	70145110	70145927	817	70	4	70	70
tlm_apply_inverse_mod_sub_clean	70145927	70146243	316	19	0	20	22
tlm_inverse_gcd_forward_codec	70146243	70146246	3	0	0	0	0
tlm_inverse_gcd_forward_shift	70146246	70146608	362	89	0	0	2
tlm_inverse_gcd_forward_compare	70146608	70147447	839	154	0	31	32
tlm_inverse_gcd_forward_body	70147447	70149697	2250	243	4	153	156
tlm_apply_inverse_fold	70149697	70151783	2086	366	0	64	92
tlm_apply_inverse_swap	70151783	70152551	768	256	0	0	0
tlm_apply_inverse_mod_sub_register	70152551	70159707	7156	747	11	490	491
tlm_apply_inverse_mod_sub_fold	70159707	70160524	817	70	4	70	70
tlm_apply_inverse_mod_sub_clean	70160524	70160840	316	19	0	20	22
tlm_inverse_gcd_forward_codec	70160840	70160843	3	0	0	0	0
tlm_inverse_gcd_forward_shift	70160843	70161201	358	88	0	0	2
tlm_inverse_gcd_forward_compare	70161201	70162023	822	152	0	30	31
tlm_inverse_gcd_forward_body	70162023	70164286	2263	243	4	154	157
tlm_apply_inverse_fold	70164286	70166382	2096	368	0	64	93
tlm_apply_inverse_swap	70166382	70167150	768	256	0	0	0
tlm_apply_inverse_mod_sub_register	70167150	70174338	7188	749	12	492	493
tlm_apply_inverse_mod_sub_fold	70174338	70175161	823	72	4	70	70
tlm_apply_inverse_mod_sub_clean	70175161	70175477	316	19	0	20	22
tlm_inverse_gcd_forward_codec	70175477	70175643	166	18	0	4	7
tlm_inverse_gcd_forward_shift	70175643	70175997	354	87	0	0	2
tlm_inverse_gcd_forward_compare	70175997	70176822	825	150	0	31	32
tlm_inverse_gcd_forward_body	70176822	70179014	2192	237	4	149	152
tlm_apply_inverse_fold	70179014	70181100	2086	366	0	64	92
tlm_apply_inverse_swap	70181100	70181868	768	256	0	0	0
tlm_apply_inverse_mod_sub_register	70181868	70189024	7156	747	11	490	491
tlm_apply_inverse_mod_sub_fold	70189024	70189841	817	70	4	70	70
tlm_apply_inverse_mod_sub_clean	70189841	70190157	316	19	0	20	22
tlm_inverse_gcd_forward_codec	70190157	70190160	3	0	0	0	0
tlm_inverse_gcd_forward_shift	70190160	70190510	350	86	0	0	2
tlm_inverse_gcd_forward_compare	70190510	70191334	824	152	0	30	31
tlm_inverse_gcd_forward_body	70191334	70193539	2205	237	4	150	153
tlm_apply_inverse_fold	70193539	70195635	2096	368	0	64	93
tlm_apply_inverse_swap	70195635	70196403	768	256	0	0	0
tlm_apply_inverse_mod_sub_register	70196403	70203591	7188	749	12	492	493
tlm_apply_inverse_mod_sub_fold	70203591	70204414	823	72	4	70	70
tlm_apply_inverse_mod_sub_clean	70204414	70204730	316	19	0	20	22
tlm_inverse_gcd_forward_codec	70204730	70204733	3	0	0	0	0
tlm_inverse_gcd_forward_shift	70204733	70205079	346	85	0	0	2
tlm_inverse_gcd_forward_compare	70205079	70205886	807	150	0	29	30
tlm_inverse_gcd_forward_body	70205886	70208104	2218	237	4	151	154
tlm_apply_inverse_fold	70208104	70210210	2106	370	0	64	94
tlm_apply_inverse_swap	70210210	70210978	768	256	0	0	0
tlm_apply_inverse_mod_sub_register	70210978	70218234	7256	753	15	496	497
tlm_apply_inverse_mod_sub_fold	70218234	70219057	823	72	4	70	70
tlm_apply_inverse_mod_sub_clean	70219057	70219373	316	19	0	20	22
tlm_inverse_gcd_forward_codec	70219373	70219539	166	18	0	4	7
tlm_inverse_gcd_forward_shift	70219539	70219881	342	84	0	0	2
tlm_inverse_gcd_forward_compare	70219881	70220691	810	148	0	30	31
tlm_inverse_gcd_forward_body	70220691	70222838	2147	231	4	146	149
tlm_apply_inverse_fold	70222838	70224934	2096	368	0	64	93
tlm_apply_inverse_swap	70224934	70225702	768	256	0	0	0
tlm_apply_inverse_mod_sub_register	70225702	70232890	7188	749	12	492	493
tlm_apply_inverse_mod_sub_fold	70232890	70233713	823	72	4	70	70
tlm_apply_inverse_mod_sub_clean	70233713	70234029	316	19	0	20	22
tlm_inverse_gcd_forward_codec	70234029	70234032	3	0	0	0	0
tlm_inverse_gcd_forward_shift	70234032	70234370	338	83	0	0	2
tlm_inverse_gcd_forward_compare	70234370	70235179	809	150	0	29	30
tlm_inverse_gcd_forward_body	70235179	70237339	2160	231	4	147	150
tlm_apply_inverse_fold	70237339	70239445	2106	370	0	64	94
tlm_apply_inverse_swap	70239445	70240213	768	256	0	0	0
tlm_apply_inverse_mod_sub_register	70240213	70247469	7256	753	15	496	497
tlm_apply_inverse_mod_sub_fold	70247469	70248292	823	72	4	70	70
tlm_apply_inverse_mod_sub_clean	70248292	70248608	316	19	0	20	22
tlm_inverse_gcd_forward_codec	70248608	70248611	3	0	0	0	0
tlm_inverse_gcd_forward_shift	70248611	70248945	334	82	0	0	2
tlm_inverse_gcd_forward_compare	70248945	70249745	800	150	0	28	29
tlm_inverse_gcd_forward_body	70249745	70251918	2173	231	4	148	151
tlm_apply_inverse_fold	70251918	70254034	2116	372	0	64	95
tlm_apply_inverse_swap	70254034	70254802	768	256	0	0	0
tlm_apply_inverse_mod_sub_register	70254802	70261988	7186	747	12	491	498
tlm_apply_inverse_mod_sub_fold	70261988	70262835	847	74	5	72	72
tlm_apply_inverse_mod_sub_clean	70262835	70263151	316	19	0	20	22
tlm_inverse_gcd_forward_codec	70263151	70263317	166	18	0	4	7
tlm_inverse_gcd_forward_shift	70263317	70263647	330	81	0	0	2
tlm_inverse_gcd_forward_compare	70263647	70264450	803	148	0	29	30
tlm_inverse_gcd_forward_body	70264450	70266552	2102	225	4	143	146
tlm_apply_inverse_fold	70266552	70268658	2106	370	0	64	94
tlm_apply_inverse_swap	70268658	70269426	768	256	0	0	0
tlm_apply_inverse_mod_sub_register	70269426	70276682	7256	753	15	496	497
tlm_apply_inverse_mod_sub_fold	70276682	70277505	823	72	4	70	70
tlm_apply_inverse_mod_sub_clean	70277505	70277821	316	19	0	20	22
tlm_inverse_gcd_forward_codec	70277821	70277824	3	0	0	0	0
tlm_inverse_gcd_forward_shift	70277824	70278150	326	80	0	0	2
tlm_inverse_gcd_forward_compare	70278150	70278944	794	148	0	28	29
tlm_inverse_gcd_forward_body	70278944	70281059	2115	225	4	144	147
tlm_apply_inverse_fold	70281059	70283175	2116	372	0	64	95
tlm_apply_inverse_swap	70283175	70283943	768	256	0	0	0
tlm_apply_inverse_mod_sub_register	70283943	70291129	7186	747	12	491	498
tlm_apply_inverse_mod_sub_fold	70291129	70291976	847	74	5	72	72
tlm_apply_inverse_mod_sub_clean	70291976	70292292	316	19	0	20	22
tlm_inverse_gcd_forward_codec	70292292	70292295	3	0	0	0	0
tlm_inverse_gcd_forward_shift	70292295	70292617	322	79	0	0	2
tlm_inverse_gcd_forward_compare	70292617	70293402	785	148	0	27	28
tlm_inverse_gcd_forward_body	70293402	70295530	2128	225	4	145	148
tlm_apply_inverse_fold	70295530	70297656	2126	374	0	64	96
tlm_apply_inverse_swap	70297656	70298424	768	256	0	0	0
tlm_apply_inverse_mod_sub_register	70298424	70305693	7269	753	12	497	503
tlm_apply_inverse_mod_sub_fold	70305693	70306558	865	75	6	73	73
tlm_apply_inverse_mod_sub_clean	70306558	70306874	316	19	0	20	22
tlm_inverse_gcd_forward_codec	70306874	70307040	166	18	0	4	7
tlm_inverse_gcd_forward_shift	70307040	70307358	318	78	0	0	2
tlm_inverse_gcd_forward_compare	70307358	70308146	788	146	0	28	29
tlm_inverse_gcd_forward_body	70308146	70310203	2057	219	4	140	143
tlm_apply_inverse_fold	70310203	70312319	2116	372	0	64	95
tlm_apply_inverse_swap	70312319	70313087	768	256	0	0	0
tlm_apply_inverse_mod_sub_register	70313087	70320273	7186	747	12	491	498
tlm_apply_inverse_mod_sub_fold	70320273	70321120	847	74	5	72	72
tlm_apply_inverse_mod_sub_clean	70321120	70321436	316	19	0	20	22
tlm_inverse_gcd_forward_codec	70321436	70321439	3	0	0	0	0
tlm_inverse_gcd_forward_shift	70321439	70321753	314	77	0	0	2
tlm_inverse_gcd_forward_compare	70321753	70322532	779	146	0	27	28
tlm_inverse_gcd_forward_body	70322532	70324602	2070	219	4	141	144
tlm_apply_inverse_fold	70324602	70326728	2126	374	0	64	96
tlm_apply_inverse_swap	70326728	70327496	768	256	0	0	0
tlm_apply_inverse_mod_sub_register	70327496	70334765	7269	753	12	497	503
tlm_apply_inverse_mod_sub_fold	70334765	70335630	865	75	6	73	73
tlm_apply_inverse_mod_sub_clean	70335630	70335946	316	19	0	20	22
tlm_inverse_gcd_forward_codec	70335946	70335949	3	0	0	0	0
tlm_inverse_gcd_forward_shift	70335949	70336259	310	76	0	0	2
tlm_inverse_gcd_forward_compare	70336259	70337037	778	148	0	26	27
tlm_inverse_gcd_forward_body	70337037	70339120	2083	219	4	142	145
tlm_apply_inverse_fold	70339120	70341256	2136	376	0	64	97
tlm_apply_inverse_swap	70341256	70342024	768	256	0	0	0
tlm_apply_inverse_mod_sub_register	70342024	70349366	7342	758	13	502	507
tlm_apply_inverse_mod_sub_fold	70349366	70350229	863	76	4	74	74
tlm_apply_inverse_mod_sub_clean	70350229	70350545	316	19	0	20	22
tlm_inverse_gcd_forward_codec	70350545	70350711	166	18	0	4	7
tlm_inverse_gcd_forward_shift	70350711	70351017	306	75	0	0	2
tlm_inverse_gcd_forward_compare	70351017	70351806	789	148	0	27	28
tlm_inverse_gcd_forward_body	70351806	70353818	2012	213	4	137	140
tlm_apply_inverse_fold	70353818	70355944	2126	374	0	64	96
tlm_apply_inverse_swap	70355944	70356712	768	256	0	0	0
tlm_apply_inverse_mod_sub_register	70356712	70363981	7269	753	12	497	503
tlm_apply_inverse_mod_sub_fold	70363981	70364846	865	75	6	73	73
tlm_apply_inverse_mod_sub_clean	70364846	70365162	316	19	0	20	22
tlm_inverse_gcd_forward_codec	70365162	70365165	3	0	0	0	0
tlm_inverse_gcd_forward_shift	70365165	70365467	302	74	0	0	2
tlm_inverse_gcd_forward_compare	70365467	70366239	772	146	0	26	27
tlm_inverse_gcd_forward_body	70366239	70368264	2025	213	4	138	141
tlm_apply_inverse_fold	70368264	70370400	2136	376	0	64	97
tlm_apply_inverse_swap	70370400	70371168	768	256	0	0	0
tlm_apply_inverse_mod_sub_register	70371168	70378510	7342	758	13	502	507
tlm_apply_inverse_mod_sub_fold	70378510	70379373	863	76	4	74	74
tlm_apply_inverse_mod_sub_clean	70379373	70379689	316	19	0	20	22
tlm_inverse_gcd_forward_codec	70379689	70379692	3	0	0	0	0
tlm_inverse_gcd_forward_shift	70379692	70379990	298	73	0	0	2
tlm_inverse_gcd_forward_compare	70379990	70380753	763	146	0	25	26
tlm_inverse_gcd_forward_body	70380753	70382485	1732	191	2	117	120
tlm_apply_inverse_fold	70382485	70384631	2146	378	0	64	98
tlm_apply_inverse_swap	70384631	70385399	768	256	0	0	0
tlm_apply_inverse_mod_sub_register	70385399	70392800	7401	762	14	506	510
tlm_apply_inverse_mod_sub_fold	70392800	70393699	899	79	5	77	77
tlm_apply_inverse_mod_sub_clean	70393699	70394015	316	19	0	20	22
tlm_inverse_gcd_forward_codec	70394015	70394181	166	18	0	4	7
tlm_inverse_gcd_forward_shift	70394181	70394475	294	72	0	0	2
tlm_inverse_gcd_forward_compare	70394475	70395241	766	144	0	26	27
tlm_inverse_gcd_forward_body	70395241	70397208	1967	207	4	134	137
tlm_apply_inverse_fold	70397208	70399344	2136	376	0	64	97
tlm_apply_inverse_swap	70399344	70400112	768	256	0	0	0
tlm_apply_inverse_mod_sub_register	70400112	70407454	7342	758	13	502	507
tlm_apply_inverse_mod_sub_fold	70407454	70408317	863	76	4	74	74
tlm_apply_inverse_mod_sub_clean	70408317	70408633	316	19	0	20	22
tlm_inverse_gcd_forward_codec	70408633	70408636	3	0	0	0	0
tlm_inverse_gcd_forward_shift	70408636	70408926	290	71	0	0	2
tlm_inverse_gcd_forward_compare	70408926	70409683	757	144	0	25	26
tlm_inverse_gcd_forward_body	70409683	70411385	1702	187	2	115	118
tlm_apply_inverse_fold	70411385	70413531	2146	378	0	64	98
tlm_apply_inverse_swap	70413531	70414299	768	256	0	0	0
tlm_apply_inverse_mod_sub_register	70414299	70421700	7401	762	14	506	510
tlm_apply_inverse_mod_sub_fold	70421700	70422599	899	79	5	77	77
tlm_apply_inverse_mod_sub_clean	70422599	70422915	316	19	0	20	22
tlm_inverse_gcd_forward_codec	70422915	70422918	3	0	0	0	0
tlm_inverse_gcd_forward_shift	70422918	70423204	286	70	0	0	2
tlm_inverse_gcd_forward_compare	70423204	70423952	748	144	0	24	25
tlm_inverse_gcd_forward_body	70423952	70425639	1687	185	2	114	117
tlm_apply_inverse_fold	70425639	70427795	2156	380	0	64	99
tlm_apply_inverse_swap	70427795	70428563	768	256	0	0	0
tlm_apply_inverse_mod_sub_register	70428563	70436013	7450	765	16	509	512
tlm_apply_inverse_mod_sub_fold	70436013	70436912	899	79	5	77	77
tlm_apply_inverse_mod_sub_clean	70436912	70437228	316	19	0	20	22
tlm_inverse_gcd_forward_codec	70437228	70437394	166	18	0	4	7
tlm_inverse_gcd_forward_shift	70437394	70437676	282	69	0	0	2
tlm_inverse_gcd_forward_compare	70437676	70438427	751	142	0	25	26
tlm_inverse_gcd_forward_body	70438427	70440098	1671	183	2	113	115
tlm_apply_inverse_fold	70440098	70442244	2146	378	0	64	98
tlm_apply_inverse_swap	70442244	70443012	768	256	0	0	0
tlm_apply_inverse_mod_sub_register	70443012	70450413	7401	762	14	506	510
tlm_apply_inverse_mod_sub_fold	70450413	70451312	899	79	5	77	77
tlm_apply_inverse_mod_sub_clean	70451312	70451628	316	19	0	20	22
tlm_inverse_gcd_forward_codec	70451628	70451631	3	0	0	0	0
tlm_inverse_gcd_forward_shift	70451631	70451909	278	68	0	0	2
tlm_inverse_gcd_forward_compare	70451909	70452659	750	144	0	24	25
tlm_inverse_gcd_forward_body	70452659	70454315	1656	181	2	112	114
tlm_apply_inverse_fold	70454315	70456471	2156	380	0	64	99
tlm_apply_inverse_swap	70456471	70457239	768	256	0	0	0
tlm_apply_inverse_mod_sub_register	70457239	70464689	7450	765	16	509	512
tlm_apply_inverse_mod_sub_fold	70464689	70465588	899	79	5	77	77
tlm_apply_inverse_mod_sub_clean	70465588	70465904	316	19	0	20	22
tlm_inverse_gcd_forward_codec	70465904	70465907	3	0	0	0	0
tlm_inverse_gcd_forward_shift	70465907	70466181	274	67	0	0	2
tlm_inverse_gcd_forward_compare	70466181	70466914	733	142	0	23	24
tlm_inverse_gcd_forward_body	70466914	70468555	1641	179	2	111	113
tlm_apply_inverse_fold	70468555	70471008	2453	350	0	94	129
tlm_apply_inverse_swap	70471008	70471776	768	256	0	0	0
tlm_apply_inverse_mod_sub_register	70471776	70479261	7485	767	18	511	513
tlm_apply_inverse_mod_sub_fold	70479261	70480160	899	79	5	77	77
tlm_apply_inverse_mod_sub_clean	70480160	70480476	316	19	0	20	22
tlm_inverse_gcd_forward_codec	70480476	70480642	166	18	0	4	7
tlm_inverse_gcd_forward_shift	70480642	70480912	270	66	0	0	2
tlm_inverse_gcd_forward_compare	70480912	70481648	736	140	0	24	25
tlm_inverse_gcd_forward_body	70481648	70483246	1598	175	2	108	110
tlm_apply_inverse_fold	70483246	70485402	2156	380	0	64	99
tlm_apply_inverse_swap	70485402	70486170	768	256	0	0	0
tlm_apply_inverse_mod_sub_register	70486170	70493620	7450	765	16	509	512
tlm_apply_inverse_mod_sub_fold	70493620	70494519	899	79	5	77	77
tlm_apply_inverse_mod_sub_clean	70494519	70494835	316	19	0	20	22
tlm_inverse_gcd_forward_codec	70494835	70494838	3	0	0	0	0
tlm_inverse_gcd_forward_shift	70494838	70495104	266	65	0	0	2
tlm_inverse_gcd_forward_compare	70495104	70495831	727	140	0	23	24
tlm_inverse_gcd_forward_body	70495831	70497414	1583	173	2	107	109
tlm_apply_inverse_fold	70497414	70499867	2453	350	0	94	129
tlm_apply_inverse_swap	70499867	70500635	768	256	0	0	0
tlm_apply_inverse_mod_sub_register	70500635	70508120	7485	767	18	511	513
tlm_apply_inverse_mod_sub_fold	70508120	70509019	899	79	5	77	77
tlm_apply_inverse_mod_sub_clean	70509019	70509335	316	19	0	20	22
tlm_inverse_gcd_forward_codec	70509335	70509338	3	0	0	0	0
tlm_inverse_gcd_forward_shift	70509338	70509600	262	64	0	0	2
tlm_inverse_gcd_forward_compare	70509600	70510334	734	144	0	22	23
tlm_inverse_gcd_forward_body	70510334	70511902	1568	171	2	106	108
tlm_apply_inverse_fold	70511902	70514355	2453	350	0	94	129
tlm_apply_inverse_swap	70514355	70515123	768	256	0	0	0
tlm_apply_inverse_mod_sub_register	70515123	70522578	7455	769	22	506	508
tlm_apply_inverse_mod_sub_fold	70522578	70523495	917	79	6	79	79
tlm_apply_inverse_mod_sub_clean	70523495	70523811	316	19	0	20	22
tlm_inverse_gcd_forward_codec	70523811	70523977	166	18	0	4	7
tlm_inverse_gcd_forward_shift	70523977	70524235	258	63	0	0	2
tlm_inverse_gcd_forward_compare	70524235	70524964	729	140	0	23	24
tlm_inverse_gcd_forward_body	70524964	70526489	1525	167	2	103	105
tlm_apply_inverse_fold	70526489	70528942	2453	350	0	94	129
tlm_apply_inverse_swap	70528942	70529710	768	256	0	0	0
tlm_apply_inverse_mod_sub_register	70529710	70537195	7485	767	18	511	513
tlm_apply_inverse_mod_sub_fold	70537195	70538094	899	79	5	77	77
tlm_apply_inverse_mod_sub_clean	70538094	70538410	316	19	0	20	22
tlm_inverse_gcd_forward_codec	70538410	70538413	3	0	0	0	0
tlm_inverse_gcd_forward_shift	70538413	70538667	254	62	0	0	2
tlm_inverse_gcd_forward_compare	70538667	70539403	736	144	0	22	23
tlm_inverse_gcd_forward_body	70539403	70540913	1510	165	2	102	104
tlm_apply_inverse_fold	70540913	70543366	2453	350	0	94	129
tlm_apply_inverse_swap	70543366	70544134	768	256	0	0	0
tlm_apply_inverse_mod_sub_register	70544134	70551589	7455	769	22	506	508
tlm_apply_inverse_mod_sub_fold	70551589	70552506	917	79	6	79	79
tlm_apply_inverse_mod_sub_clean	70552506	70552822	316	19	0	20	22
tlm_inverse_gcd_forward_codec	70552822	70552825	3	0	0	0	0
tlm_inverse_gcd_forward_shift	70552825	70553075	250	61	0	0	2
tlm_inverse_gcd_forward_compare	70553075	70553802	727	144	0	21	22
tlm_inverse_gcd_forward_body	70553802	70555297	1495	163	2	101	103
tlm_apply_inverse_fold	70555297	70557750	2453	350	0	94	129
tlm_apply_inverse_swap	70557750	70558518	768	256	0	0	0
tlm_apply_inverse_mod_sub_register	70558518	70565529	7011	769	21	462	464
tlm_apply_inverse_mod_sub_fold	70565529	70566464	935	80	7	80	80
tlm_apply_inverse_mod_sub_clean	70566464	70566780	316	19	0	20	22
tlm_inverse_gcd_forward_codec	70566780	70566946	166	18	0	4	7
tlm_inverse_gcd_forward_shift	70566946	70567192	246	60	0	0	2
tlm_inverse_gcd_forward_compare	70567192	70567914	722	140	0	22	23
tlm_inverse_gcd_forward_body	70567914	70569366	1452	159	2	98	100
tlm_apply_inverse_fold	70569366	70571819	2453	350	0	94	129
tlm_apply_inverse_swap	70571819	70572587	768	256	0	0	0
tlm_apply_inverse_mod_sub_register	70572587	70580042	7455	769	22	506	508
tlm_apply_inverse_mod_sub_fold	70580042	70580959	917	79	6	79	79
tlm_apply_inverse_mod_sub_clean	70580959	70581275	316	19	0	20	22
tlm_inverse_gcd_forward_codec	70581275	70581278	3	0	0	0	0
tlm_inverse_gcd_forward_shift	70581278	70581520	242	59	0	0	2
tlm_inverse_gcd_forward_compare	70581520	70582249	729	144	0	21	22
tlm_inverse_gcd_forward_body	70582249	70583686	1437	157	2	97	99
tlm_apply_inverse_fold	70583686	70586139	2453	350	0	94	129
tlm_apply_inverse_swap	70586139	70586907	768	256	0	0	0
tlm_apply_inverse_mod_sub_register	70586907	70593918	7011	769	21	462	464
tlm_apply_inverse_mod_sub_fold	70593918	70594853	935	80	7	80	80
tlm_apply_inverse_mod_sub_clean	70594853	70595169	316	19	0	20	22
tlm_inverse_gcd_forward_codec	70595169	70595172	3	0	0	0	0
tlm_inverse_gcd_forward_shift	70595172	70595410	238	58	0	0	2
tlm_inverse_gcd_forward_compare	70595410	70596122	712	142	0	20	21
tlm_inverse_gcd_forward_body	70596122	70597544	1422	155	2	96	98
tlm_apply_inverse_fold	70597544	70599997	2453	350	0	94	129
tlm_apply_inverse_swap	70599997	70600765	768	256	0	0	0
tlm_apply_inverse_mod_sub_register	70600765	70607352	6587	769	20	420	422
tlm_apply_inverse_mod_sub_fold	70607352	70608299	947	84	5	82	82
tlm_apply_inverse_mod_sub_clean	70608299	70608615	316	19	0	20	22
tlm_inverse_gcd_forward_codec	70608615	70608781	166	18	0	4	7
tlm_inverse_gcd_forward_shift	70608781	70609015	234	57	0	0	2
tlm_inverse_gcd_forward_compare	70609015	70609738	723	142	0	21	22
tlm_inverse_gcd_forward_body	70609738	70611117	1379	151	2	93	95
tlm_apply_inverse_fold	70611117	70613570	2453	350	0	94	129
tlm_apply_inverse_swap	70613570	70614338	768	256	0	0	0
tlm_apply_inverse_mod_sub_register	70614338	70621349	7011	769	21	462	464
tlm_apply_inverse_mod_sub_fold	70621349	70622284	935	80	7	80	80
tlm_apply_inverse_mod_sub_clean	70622284	70622600	316	19	0	20	22
tlm_inverse_gcd_forward_codec	70622600	70622603	3	0	0	0	0
tlm_inverse_gcd_forward_shift	70622603	70622833	230	56	0	0	2
tlm_inverse_gcd_forward_compare	70622833	70623547	714	142	0	20	21
tlm_inverse_gcd_forward_body	70623547	70624911	1364	149	2	92	94
tlm_apply_inverse_fold	70624911	70627364	2453	350	0	94	129
tlm_apply_inverse_swap	70627364	70628132	768	256	0	0	0
tlm_apply_inverse_mod_sub_register	70628132	70634719	6587	769	20	420	422
tlm_apply_inverse_mod_sub_fold	70634719	70635666	947	84	5	82	82
tlm_apply_inverse_mod_sub_clean	70635666	70635982	316	19	0	20	22
tlm_inverse_gcd_forward_codec	70635982	70635985	3	0	0	0	0
tlm_inverse_gcd_forward_shift	70635985	70636211	226	55	0	0	2
tlm_inverse_gcd_forward_compare	70636211	70636916	705	142	0	19	20
tlm_inverse_gcd_forward_body	70636916	70638265	1349	147	2	91	93
tlm_apply_inverse_fold	70638265	70640718	2453	350	0	94	129
tlm_apply_inverse_swap	70640718	70641486	768	256	0	0	0
tlm_apply_inverse_mod_sub_register	70641486	70647669	6183	769	19	380	382
tlm_apply_inverse_mod_sub_fold	70647669	70648618	949	84	5	82	82
tlm_apply_inverse_mod_sub_clean	70648618	70648934	316	19	0	20	22
tlm_inverse_gcd_forward_codec	70648934	70649100	166	18	0	4	7
tlm_inverse_gcd_forward_shift	70649100	70649322	222	54	0	0	2
tlm_inverse_gcd_forward_compare	70649322	70650030	708	140	0	20	21
tlm_inverse_gcd_forward_body	70650030	70651336	1306	143	2	88	90
tlm_apply_inverse_fold	70651336	70653789	2453	350	0	94	129
tlm_apply_inverse_swap	70653789	70654557	768	256	0	0	0
tlm_apply_inverse_mod_sub_register	70654557	70661144	6587	769	20	420	422
tlm_apply_inverse_mod_sub_fold	70661144	70662091	947	84	5	82	82
tlm_apply_inverse_mod_sub_clean	70662091	70662407	316	19	0	20	22
tlm_inverse_gcd_forward_codec	70662407	70662410	3	0	0	0	0
tlm_inverse_gcd_forward_shift	70662410	70662628	218	53	0	0	2
tlm_inverse_gcd_forward_compare	70662628	70663327	699	140	0	19	20
tlm_inverse_gcd_forward_body	70663327	70664618	1291	141	2	87	89
tlm_apply_inverse_fold	70664618	70667071	2453	350	0	94	129
tlm_apply_inverse_swap	70667071	70667839	768	256	0	0	0
tlm_apply_inverse_mod_sub_register	70667839	70674022	6183	769	19	380	382
tlm_apply_inverse_mod_sub_fold	70674022	70674971	949	84	5	82	82
tlm_apply_inverse_mod_sub_clean	70674971	70675287	316	19	0	20	22
tlm_inverse_gcd_forward_codec	70675287	70675290	3	0	0	0	0
tlm_inverse_gcd_forward_shift	70675290	70675504	214	52	0	0	2
tlm_inverse_gcd_forward_compare	70675504	70676194	690	140	0	18	19
tlm_inverse_gcd_forward_body	70676194	70677470	1276	139	2	86	88
tlm_apply_inverse_fold	70677470	70679923	2453	350	0	94	129
tlm_apply_inverse_swap	70679923	70680691	768	256	0	0	0
tlm_apply_inverse_mod_sub_register	70680691	70686490	5799	769	18	342	344
tlm_apply_inverse_mod_sub_fold	70686490	70687469	979	85	6	85	85
tlm_apply_inverse_mod_sub_clean	70687469	70687785	316	19	0	20	22
tlm_inverse_gcd_forward_codec	70687785	70687951	166	18	0	4	7
tlm_inverse_gcd_forward_shift	70687951	70688161	210	51	0	0	2
tlm_inverse_gcd_forward_compare	70688161	70688846	685	136	0	19	20
tlm_inverse_gcd_forward_body	70688846	70690079	1233	135	2	83	85
tlm_apply_inverse_fold	70690079	70692532	2453	350	0	94	129
tlm_apply_inverse_swap	70692532	70693300	768	256	0	0	0
tlm_apply_inverse_mod_sub_register	70693300	70699483	6183	769	19	380	382
tlm_apply_inverse_mod_sub_fold	70699483	70700432	949	84	5	82	82
tlm_apply_inverse_mod_sub_clean	70700432	70700748	316	19	0	20	22
tlm_inverse_gcd_forward_codec	70700748	70700751	3	0	0	0	0
tlm_inverse_gcd_forward_shift	70700751	70700957	206	50	0	0	2
tlm_inverse_gcd_forward_compare	70700957	70701625	668	134	0	18	19
tlm_inverse_gcd_forward_body	70701625	70702843	1218	133	2	82	84
tlm_apply_inverse_fold	70702843	70705296	2453	350	0	94	129
tlm_apply_inverse_swap	70705296	70706064	768	256	0	0	0
tlm_apply_inverse_mod_sub_register	70706064	70711863	5799	769	18	342	344
tlm_apply_inverse_mod_sub_fold	70711863	70712842	979	85	6	85	85
tlm_apply_inverse_mod_sub_clean	70712842	70713158	316	19	0	20	22
tlm_inverse_gcd_forward_codec	70713158	70713161	3	0	0	0	0
tlm_inverse_gcd_forward_shift	70713161	70713363	202	49	0	0	2
tlm_inverse_gcd_forward_compare	70713363	70714014	651	132	0	17	18
tlm_inverse_gcd_forward_body	70714014	70715217	1203	131	2	81	83
tlm_apply_inverse_fold	70715217	70717670	2453	350	0	94	129
tlm_apply_inverse_swap	70717670	70718438	768	256	0	0	0
tlm_apply_inverse_mod_sub_register	70718438	70723873	5435	769	17	306	308
tlm_apply_inverse_mod_sub_fold	70723873	70724858	985	87	6	85	85
tlm_apply_inverse_mod_sub_clean	70724858	70725168	310	20	0	19	21
tlm_inverse_gcd_forward_codec	70725168	70725334	166	18	0	4	7
tlm_inverse_gcd_forward_shift	70725334	70725532	198	48	0	0	2
tlm_inverse_gcd_forward_compare	70725532	70726178	646	128	0	18	19
tlm_inverse_gcd_forward_body	70726178	70727338	1160	127	2	78	80
tlm_apply_inverse_fold	70727338	70729791	2453	350	0	94	129
tlm_apply_inverse_swap	70729791	70730559	768	256	0	0	0
tlm_apply_inverse_mod_sub_register	70730559	70736358	5799	769	18	342	344
tlm_apply_inverse_mod_sub_fold	70736358	70737337	979	85	6	85	85
tlm_apply_inverse_mod_sub_clean	70737337	70737653	316	19	0	20	22
tlm_inverse_gcd_forward_codec	70737653	70737656	3	0	0	0	0
tlm_inverse_gcd_forward_shift	70737656	70737850	194	47	0	0	2
tlm_inverse_gcd_forward_compare	70737850	70738479	629	126	0	17	18
tlm_inverse_gcd_forward_body	70738479	70739624	1145	125	2	77	79
tlm_apply_inverse_fold	70739624	70742077	2453	350	0	94	129
tlm_apply_inverse_swap	70742077	70742845	768	256	0	0	0
tlm_apply_inverse_mod_sub_register	70742845	70748280	5435	769	17	306	308
tlm_apply_inverse_mod_sub_fold	70748280	70749265	985	87	6	85	85
tlm_apply_inverse_mod_sub_clean	70749265	70749575	310	20	0	19	21
tlm_inverse_gcd_forward_codec	70749575	70749578	3	0	0	0	0
tlm_inverse_gcd_forward_shift	70749578	70749768	190	46	0	0	2
tlm_inverse_gcd_forward_compare	70749768	70750380	612	124	0	16	17
tlm_inverse_gcd_forward_body	70750380	70751510	1130	123	2	76	78
tlm_apply_inverse_fold	70751510	70753963	2453	350	0	94	129
tlm_apply_inverse_swap	70753963	70754731	768	256	0	0	0
tlm_apply_inverse_mod_sub_register	70754731	70759822	5091	769	16	272	274
tlm_apply_inverse_mod_sub_fold	70759822	70760801	979	85	6	85	85
tlm_apply_inverse_mod_sub_clean	70760801	70761105	304	21	0	18	20
tlm_inverse_gcd_forward_codec	70761105	70761271	166	18	0	4	7
tlm_inverse_gcd_forward_shift	70761271	70761457	186	45	0	0	2
tlm_inverse_gcd_forward_compare	70761457	70762064	607	120	0	17	18
tlm_inverse_gcd_forward_body	70762064	70763151	1087	119	2	73	75
tlm_apply_inverse_fold	70763151	70765604	2453	350	0	94	129
tlm_apply_inverse_swap	70765604	70766372	768	256	0	0	0
tlm_apply_inverse_mod_sub_register	70766372	70771807	5435	769	17	306	308
tlm_apply_inverse_mod_sub_fold	70771807	70772792	985	87	6	85	85
tlm_apply_inverse_mod_sub_clean	70772792	70773102	310	20	0	19	21
tlm_inverse_gcd_forward_codec	70773102	70773105	3	0	0	0	0
tlm_inverse_gcd_forward_shift	70773105	70773287	182	44	0	0	2
tlm_inverse_gcd_forward_compare	70773287	70773877	590	118	0	16	17
tlm_inverse_gcd_forward_body	70773877	70774949	1072	117	2	72	74
tlm_apply_inverse_fold	70774949	70777402	2453	350	0	94	129
tlm_apply_inverse_swap	70777402	70778170	768	256	0	0	0
tlm_apply_inverse_mod_sub_register	70778170	70783261	5091	769	16	272	274
tlm_apply_inverse_mod_sub_fold	70783261	70784240	979	85	6	85	85
tlm_apply_inverse_mod_sub_clean	70784240	70784544	304	21	0	18	20
tlm_inverse_gcd_forward_codec	70784544	70784547	3	0	0	0	0
tlm_inverse_gcd_forward_shift	70784547	70784725	178	43	0	0	2
tlm_inverse_gcd_forward_compare	70784725	70785306	581	118	0	15	16
tlm_inverse_gcd_forward_body	70785306	70786363	1057	115	2	71	73
tlm_apply_inverse_fold	70786363	70788816	2453	350	0	94	129
tlm_apply_inverse_swap	70788816	70789584	768	256	0	0	0
tlm_apply_inverse_mod_sub_register	70789584	70794351	4767	769	15	240	242
tlm_apply_inverse_mod_sub_fold	70794351	70795356	1005	87	7	87	87
tlm_apply_inverse_mod_sub_clean	70795356	70795654	298	22	0	17	19
tlm_inverse_gcd_forward_codec	70795654	70795820	166	18	0	4	7
tlm_inverse_gcd_forward_shift	70795820	70795994	174	42	0	0	2
tlm_inverse_gcd_forward_compare	70795994	70796570	576	114	0	16	17
tlm_inverse_gcd_forward_body	70796570	70797584	1014	111	2	68	70
tlm_apply_inverse_fold	70797584	70800037	2453	350	0	94	129
tlm_apply_inverse_swap	70800037	70800805	768	256	0	0	0
tlm_apply_inverse_mod_sub_register	70800805	70805896	5091	769	16	272	274
tlm_apply_inverse_mod_sub_fold	70805896	70806875	979	85	6	85	85
tlm_apply_inverse_mod_sub_clean	70806875	70807179	304	21	0	18	20
tlm_inverse_gcd_forward_codec	70807179	70807182	3	0	0	0	0
tlm_inverse_gcd_forward_shift	70807182	70807352	170	41	0	0	2
tlm_inverse_gcd_forward_compare	70807352	70807911	559	112	0	15	16
tlm_inverse_gcd_forward_body	70807911	70808910	999	109	2	67	69
tlm_apply_inverse_fold	70808910	70811363	2453	350	0	94	129
tlm_apply_inverse_swap	70811363	70812131	768	256	0	0	0
tlm_apply_inverse_mod_sub_register	70812131	70816898	4767	769	15	240	242
tlm_apply_inverse_mod_sub_fold	70816898	70817903	1005	87	7	87	87
tlm_apply_inverse_mod_sub_clean	70817903	70818201	298	22	0	17	19
tlm_inverse_gcd_forward_codec	70818201	70818204	3	0	0	0	0
tlm_inverse_gcd_forward_shift	70818204	70818370	166	40	0	0	2
tlm_inverse_gcd_forward_compare	70818370	70818912	542	110	0	14	15
tlm_inverse_gcd_forward_body	70818912	70819896	984	107	2	66	68
tlm_apply_inverse_fold	70819896	70822349	2453	350	0	94	129
tlm_apply_inverse_swap	70822349	70823117	768	256	0	0	0
tlm_apply_inverse_mod_sub_register	70823117	70827580	4463	769	14	210	212
tlm_apply_inverse_mod_sub_fold	70827580	70828585	1005	89	7	87	87
tlm_apply_inverse_mod_sub_clean	70828585	70828877	292	23	0	16	18
tlm_inverse_gcd_forward_codec	70828877	70829043	166	18	0	4	7
tlm_inverse_gcd_forward_shift	70829043	70829205	162	39	0	0	2
tlm_inverse_gcd_forward_compare	70829205	70829742	537	106	0	15	16
tlm_inverse_gcd_forward_body	70829742	70830683	941	103	2	63	65
tlm_apply_inverse_fold	70830683	70833136	2453	350	0	94	129
tlm_apply_inverse_swap	70833136	70833904	768	256	0	0	0
tlm_apply_inverse_mod_sub_register	70833904	70838671	4767	769	15	240	242
tlm_apply_inverse_mod_sub_fold	70838671	70839676	1005	87	7	87	87
tlm_apply_inverse_mod_sub_clean	70839676	70839974	298	22	0	17	19
tlm_inverse_gcd_forward_codec	70839974	70839977	3	0	0	0	0
tlm_inverse_gcd_forward_shift	70839977	70840135	158	38	0	0	2
tlm_inverse_gcd_forward_compare	70840135	70840655	520	104	0	14	15
tlm_inverse_gcd_forward_body	70840655	70841581	926	101	2	62	64
tlm_apply_inverse_fold	70841581	70844034	2453	350	0	94	129
tlm_apply_inverse_swap	70844034	70844802	768	256	0	0	0
tlm_apply_inverse_mod_sub_register	70844802	70849265	4463	769	14	210	212
tlm_apply_inverse_mod_sub_fold	70849265	70850278	1013	88	8	88	88
tlm_apply_inverse_mod_sub_clean	70850278	70850570	292	23	0	16	18
tlm_inverse_gcd_forward_codec	70850570	70850573	3	0	0	0	0
tlm_inverse_gcd_forward_shift	70850573	70850727	154	37	0	0	2
tlm_inverse_gcd_forward_compare	70850727	70851230	503	102	0	13	14
tlm_inverse_gcd_forward_body	70851230	70852141	911	99	2	61	63
tlm_apply_inverse_fold	70852141	70854594	2453	350	0	94	129
tlm_apply_inverse_swap	70854594	70855362	768	256	0	0	0
tlm_apply_inverse_mod_sub_register	70855362	70859541	4179	769	13	182	184
tlm_apply_inverse_mod_sub_fold	70859541	70860568	1027	91	6	91	91
tlm_apply_inverse_mod_sub_clean	70860568	70860854	286	24	0	15	17
tlm_inverse_gcd_forward_codec	70860854	70861020	166	18	0	4	7
tlm_inverse_gcd_forward_shift	70861020	70861170	150	36	0	0	2
tlm_inverse_gcd_forward_compare	70861170	70861668	498	98	0	14	15
tlm_inverse_gcd_forward_body	70861668	70862536	868	95	2	58	60
tlm_apply_inverse_fold	70862536	70864989	2453	350	0	94	129
tlm_apply_inverse_swap	70864989	70865757	768	256	0	0	0
tlm_apply_inverse_mod_sub_register	70865757	70870220	4463	769	14	210	212
tlm_apply_inverse_mod_sub_fold	70870220	70871233	1013	88	8	88	88
tlm_apply_inverse_mod_sub_clean	70871233	70871525	292	23	0	16	18
tlm_inverse_gcd_forward_codec	70871525	70871528	3	0	0	0	0
tlm_inverse_gcd_forward_shift	70871528	70871674	146	35	0	0	2
tlm_inverse_gcd_forward_compare	70871674	70872155	481	96	0	13	14
tlm_inverse_gcd_forward_body	70872155	70873008	853	93	2	57	59
tlm_apply_inverse_fold	70873008	70875461	2453	350	0	94	129
tlm_apply_inverse_swap	70875461	70876229	768	256	0	0	0
tlm_apply_inverse_mod_sub_register	70876229	70880408	4179	769	13	182	184
tlm_apply_inverse_mod_sub_fold	70880408	70881435	1027	91	6	91	91
tlm_apply_inverse_mod_sub_clean	70881435	70881721	286	24	0	15	17
tlm_inverse_gcd_forward_codec	70881721	70881724	3	0	0	0	0
tlm_inverse_gcd_forward_shift	70881724	70881866	142	34	0	0	2
tlm_inverse_gcd_forward_compare	70881866	70882330	464	94	0	12	13
tlm_inverse_gcd_forward_body	70882330	70883168	838	91	2	56	58
tlm_apply_inverse_fold	70883168	70885621	2453	350	0	94	129
tlm_apply_inverse_swap	70885621	70886389	768	256	0	0	0
tlm_apply_inverse_mod_sub_register	70886389	70890304	3915	769	12	156	158
tlm_apply_inverse_mod_sub_fold	70890304	70891337	1033	93	6	91	91
tlm_apply_inverse_mod_sub_clean	70891337	70891617	280	25	0	14	16
tlm_inverse_gcd_forward_codec	70891617	70891783	166	18	0	4	7
tlm_inverse_gcd_forward_shift	70891783	70891921	138	33	0	0	2
tlm_inverse_gcd_forward_compare	70891921	70892380	459	90	0	13	14
tlm_inverse_gcd_forward_body	70892380	70893175	795	87	2	53	55
tlm_apply_inverse_fold	70893175	70895628	2453	350	0	94	129
tlm_apply_inverse_swap	70895628	70896396	768	256	0	0	0
tlm_apply_inverse_mod_sub_register	70896396	70900575	4179	769	13	182	184
tlm_apply_inverse_mod_sub_fold	70900575	70901602	1027	91	6	91	91
tlm_apply_inverse_mod_sub_clean	70901602	70901888	286	24	0	15	17
tlm_inverse_gcd_forward_codec	70901888	70901891	3	0	0	0	0
tlm_inverse_gcd_forward_shift	70901891	70902025	134	32	0	0	2
tlm_inverse_gcd_forward_compare	70902025	70902467	442	88	0	12	13
tlm_inverse_gcd_forward_body	70902467	70903247	780	85	2	52	54
tlm_apply_inverse_fold	70903247	70905700	2453	350	0	94	129
tlm_apply_inverse_swap	70905700	70906468	768	256	0	0	0
tlm_apply_inverse_mod_sub_register	70906468	70910383	3915	769	12	156	158
tlm_apply_inverse_mod_sub_fold	70910383	70911416	1033	93	6	91	91
tlm_apply_inverse_mod_sub_clean	70911416	70911696	280	25	0	14	16
tlm_inverse_gcd_forward_codec	70911696	70911699	3	0	0	0	0
tlm_inverse_gcd_forward_shift	70911699	70911829	130	31	0	0	2
tlm_inverse_gcd_forward_compare	70911829	70912254	425	86	0	11	12
tlm_inverse_gcd_forward_body	70912254	70913019	765	83	2	51	53
tlm_apply_inverse_fold	70913019	70915472	2453	350	0	94	129
tlm_apply_inverse_swap	70915472	70916240	768	256	0	0	0
tlm_apply_inverse_mod_sub_register	70916240	70919911	3671	769	11	132	134
tlm_apply_inverse_mod_sub_fold	70919911	70920938	1027	93	6	91	91
tlm_apply_inverse_mod_sub_clean	70920938	70921212	274	26	0	13	15
tlm_inverse_gcd_forward_codec	70921212	70921378	166	18	0	4	7
tlm_inverse_gcd_forward_shift	70921378	70921504	126	30	0	0	2
tlm_inverse_gcd_forward_compare	70921504	70921924	420	82	0	12	13
tlm_inverse_gcd_forward_body	70921924	70922646	722	79	2	48	50
tlm_apply_inverse_fold	70922646	70925099	2453	350	0	94	129
tlm_apply_inverse_swap	70925099	70925867	768	256	0	0	0
tlm_apply_inverse_mod_sub_register	70925867	70929782	3915	769	12	156	158
tlm_apply_inverse_mod_sub_fold	70929782	70930815	1033	93	6	91	91
tlm_apply_inverse_mod_sub_clean	70930815	70931095	280	25	0	14	16
tlm_inverse_gcd_forward_codec	70931095	70931098	3	0	0	0	0
tlm_inverse_gcd_forward_shift	70931098	70931220	122	29	0	0	2
tlm_inverse_gcd_forward_compare	70931220	70931623	403	80	0	11	12
tlm_inverse_gcd_forward_body	70931623	70932330	707	77	2	47	49
tlm_apply_inverse_fold	70932330	70934783	2453	350	0	94	129
tlm_apply_inverse_swap	70934783	70935551	768	256	0	0	0
tlm_apply_inverse_mod_sub_register	70935551	70939222	3671	769	11	132	134
tlm_apply_inverse_mod_sub_fold	70939222	70940249	1027	93	6	91	91
tlm_apply_inverse_mod_sub_clean	70940249	70940523	274	26	0	13	15
tlm_inverse_gcd_forward_codec	70940523	70940526	3	0	0	0	0
tlm_inverse_gcd_forward_shift	70940526	70940644	118	28	0	0	2
tlm_inverse_gcd_forward_compare	70940644	70941030	386	78	0	10	11
tlm_inverse_gcd_forward_body	70941030	70941887	857	87	4	58	59
tlm_apply_inverse_fold	70941887	70944340	2453	350	0	94	129
tlm_apply_inverse_swap	70944340	70945108	768	256	0	0	0
tlm_apply_inverse_mod_sub_register	70945108	70948555	3447	769	10	110	112
tlm_apply_inverse_mod_sub_fold	70948555	70949574	1019	91	6	91	91
tlm_apply_inverse_mod_sub_clean	70949574	70949842	268	27	0	12	14
tlm_inverse_gcd_forward_codec	70949842	70950008	166	18	0	4	7
tlm_inverse_gcd_forward_shift	70950008	70950122	114	27	0	0	2
tlm_inverse_gcd_forward_compare	70950122	70950503	381	74	0	11	12
tlm_inverse_gcd_forward_body	70950503	70951152	649	71	2	43	45
tlm_apply_inverse_fold	70951152	70953605	2453	350	0	94	129
tlm_apply_inverse_swap	70953605	70954373	768	256	0	0	0
tlm_apply_inverse_mod_sub_register	70954373	70958044	3671	769	11	132	134
tlm_apply_inverse_mod_sub_fold	70958044	70959071	1027	93	6	91	91
tlm_apply_inverse_mod_sub_clean	70959071	70959345	274	26	0	13	15
tlm_inverse_gcd_forward_codec	70959345	70959348	3	0	0	0	0
tlm_inverse_gcd_forward_shift	70959348	70959458	110	26	0	0	2
tlm_inverse_gcd_forward_compare	70959458	70959822	364	72	0	10	11
tlm_inverse_gcd_forward_body	70959822	70960621	799	81	4	54	55
tlm_apply_inverse_fold	70960621	70963074	2453	350	0	94	129
tlm_apply_inverse_swap	70963074	70963842	768	256	0	0	0
tlm_apply_inverse_mod_sub_register	70963842	70967289	3447	769	10	110	112
tlm_apply_inverse_mod_sub_fold	70967289	70968308	1019	91	6	91	91
tlm_apply_inverse_mod_sub_clean	70968308	70968576	268	27	0	12	14
tlm_inverse_gcd_forward_codec	70968576	70968579	3	0	0	0	0
tlm_inverse_gcd_forward_shift	70968579	70968685	106	25	0	0	2
tlm_inverse_gcd_forward_compare	70968685	70969032	347	70	0	9	10
tlm_inverse_gcd_forward_body	70969032	70969651	619	67	2	41	43
tlm_apply_inverse_fold	70969651	70972104	2453	350	0	94	129
tlm_apply_inverse_swap	70972104	70972872	768	256	0	0	0
tlm_apply_inverse_mod_sub_register	70972872	70976115	3243	769	9	90	92
tlm_apply_inverse_mod_sub_fold	70976115	70977170	1055	94	7	94	94
tlm_apply_inverse_mod_sub_clean	70977170	70977432	262	28	0	11	13
tlm_inverse_gcd_forward_codec	70977432	70977598	166	18	0	4	7
tlm_inverse_gcd_forward_shift	70977598	70977696	98	22	0	0	6
tlm_inverse_gcd_forward_compare	70977696	70978048	352	58	0	14	15
tlm_inverse_gcd_forward_body	70978048	70978492	444	52	1	29	31
tlm_apply_inverse_fold	70978492	70980945	2453	350	0	94	129
tlm_apply_inverse_swap	70980945	70981713	768	256	0	0	0
tlm_apply_inverse_mod_sub_register	70981713	70986176	4463	769	14	210	212
tlm_apply_inverse_mod_sub_fold	70986176	70987189	1013	88	8	88	88
tlm_apply_inverse_mod_sub_clean	70987189	70987481	292	23	0	16	18
tlm_inverse_gcd_forward_codec	70987481	70987484	3	0	0	0	0
tlm_inverse_gcd_forward_shift	70987484	70987574	90	21	0	0	2
tlm_inverse_gcd_forward_compare	70987574	70987909	335	56	0	13	14
tlm_inverse_gcd_forward_body	70987909	70988338	429	50	1	28	30
tlm_apply_inverse_fold	70988338	70990791	2453	350	0	94	129
tlm_apply_inverse_swap	70990791	70991559	768	256	0	0	0
tlm_apply_inverse_mod_sub_register	70991559	70995738	4179	769	13	182	184
tlm_apply_inverse_mod_sub_fold	70995738	70996765	1027	91	6	91	91
tlm_apply_inverse_mod_sub_clean	70996765	70997051	286	24	0	15	17
tlm_inverse_gcd_forward_codec	70997051	70997054	3	0	0	0	0
tlm_inverse_gcd_forward_shift	70997054	70997140	86	20	0	0	2
tlm_inverse_gcd_forward_compare	70997140	70997458	318	54	0	12	13
tlm_inverse_gcd_forward_body	70997458	70997872	414	48	1	27	29
tlm_apply_inverse_fold	70997872	71000325	2453	350	0	94	129
tlm_apply_inverse_swap	71000325	71001093	768	256	0	0	0
tlm_apply_inverse_mod_sub_register	71001093	71005008	3915	769	12	156	158
tlm_apply_inverse_mod_sub_fold	71005008	71006029	1021	91	6	91	91
tlm_apply_inverse_mod_sub_clean	71006029	71006309	280	25	0	14	16
tlm_inverse_gcd_forward_codec	71006309	71006475	166	18	0	4	7
tlm_inverse_gcd_forward_shift	71006475	71006557	82	19	0	0	2
tlm_inverse_gcd_forward_compare	71006557	71006870	313	50	0	13	14
tlm_inverse_gcd_forward_body	71006870	71007241	371	44	1	24	26
tlm_apply_inverse_fold	71007241	71009694	2453	350	0	94	129
tlm_apply_inverse_swap	71009694	71010462	768	256	0	0	0
tlm_apply_inverse_mod_sub_register	71010462	71014641	4179	769	13	182	184
tlm_apply_inverse_mod_sub_fold	71014641	71015668	1027	91	6	91	91
tlm_apply_inverse_mod_sub_clean	71015668	71015954	286	24	0	15	17
tlm_inverse_gcd_forward_codec	71015954	71015957	3	0	0	0	0
tlm_inverse_gcd_forward_shift	71015957	71016035	78	18	0	0	2
tlm_inverse_gcd_forward_compare	71016035	71016331	296	48	0	12	13
tlm_inverse_gcd_forward_body	71016331	71016687	356	42	1	23	25
tlm_apply_inverse_fold	71016687	71019140	2453	350	0	94	129
tlm_apply_inverse_swap	71019140	71019908	768	256	0	0	0
tlm_apply_inverse_mod_sub_register	71019908	71023823	3915	769	12	156	158
tlm_apply_inverse_mod_sub_fold	71023823	71024844	1021	91	6	91	91
tlm_apply_inverse_mod_sub_clean	71024844	71025124	280	25	0	14	16
tlm_inverse_gcd_forward_codec	71025124	71025127	3	0	0	0	0
tlm_inverse_gcd_forward_shift	71025127	71025201	74	17	0	0	2
tlm_inverse_gcd_forward_compare	71025201	71025480	279	46	0	11	12
tlm_inverse_gcd_forward_body	71025480	71025821	341	40	1	22	24
tlm_apply_inverse_fold	71025821	71028274	2453	350	0	94	129
tlm_apply_inverse_swap	71028274	71029042	768	256	0	0	0
tlm_apply_inverse_mod_sub_register	71029042	71032713	3671	769	11	132	134
tlm_apply_inverse_mod_sub_fold	71032713	71033732	1019	91	6	91	91
tlm_apply_inverse_mod_sub_clean	71033732	71034006	274	26	0	13	15
tlm_inverse_gcd_forward_codec	71034006	71034172	166	18	0	4	7
tlm_inverse_gcd_forward_shift	71034172	71034244	72	17	0	0	0
tlm_inverse_gcd_forward_compare	71034244	71034517	273	47	0	10	11
tlm_inverse_gcd_forward_body	71034517	71034872	355	41	1	23	25
tlm_apply_inverse_fold	71034872	71037325	2453	350	0	94	129
tlm_apply_inverse_swap	71037325	71038093	768	256	0	0	0
tlm_apply_inverse_mod_sub_register	71038093	71041540	3447	769	10	110	112
tlm_apply_inverse_mod_sub_fold	71041540	71042559	1019	91	6	91	91
tlm_apply_inverse_mod_sub_clean	71042559	71042827	268	27	0	12	14
tlm_inverse_gcd_forward_codec	71042827	71042830	3	0	0	0	0
tlm_inverse_gcd_forward_shift	71042830	71042900	70	16	0	0	2
tlm_inverse_gcd_forward_compare	71042900	71043156	256	45	0	9	10
tlm_inverse_gcd_forward_body	71043156	71043496	340	39	1	22	24
tlm_apply_inverse_fold	71043496	71045949	2453	350	0	94	129
tlm_apply_inverse_swap	71045949	71046717	768	256	0	0	0
tlm_apply_inverse_mod_sub_register	71046717	71049960	3243	769	9	90	92
tlm_apply_inverse_mod_sub_fold	71049960	71051015	1055	94	7	94	94
tlm_apply_inverse_mod_sub_clean	71051015	71051277	262	28	0	11	13
tlm_inverse_gcd_forward_codec	71051277	71051280	3	0	0	0	0
tlm_inverse_gcd_forward_shift	71051280	71051348	68	16	0	0	0
tlm_inverse_gcd_forward_compare	71051348	71051586	238	48	0	6	7
tlm_inverse_gcd_forward_body	71051586	71051986	400	43	2	26	28
tlm_apply_inverse_fold	71051986	71054439	2453	350	0	94	129
tlm_apply_inverse_swap	71054439	71055207	768	256	0	0	0
tlm_apply_inverse_mod_sub_register	71055207	71057958	2751	769	6	42	44
tlm_apply_inverse_mod_sub_fold	71057958	71059123	1165	155	0	52	105
tlm_apply_inverse_mod_sub_clean	71059123	71059367	244	31	0	8	10
tlm_inverse_gcd_forward_codec	71059367	71059533	166	18	0	4	7
tlm_inverse_gcd_forward_shift	71059533	71059599	66	15	0	0	2
tlm_inverse_gcd_forward_compare	71059599	71059832	233	44	0	7	8
tlm_inverse_gcd_forward_body	71059832	71060171	339	38	1	22	24
tlm_apply_inverse_fold	71060171	71062624	2453	350	0	94	129
tlm_apply_inverse_swap	71062624	71063392	768	256	0	0	0
tlm_apply_inverse_mod_sub_register	71063392	71066287	2895	769	7	56	58
tlm_apply_inverse_mod_sub_fold	71066287	71067452	1165	155	0	52	105
tlm_apply_inverse_mod_sub_clean	71067452	71067702	250	30	0	9	11
tlm_inverse_gcd_forward_codec	71067702	71067705	3	0	0	0	0
tlm_inverse_gcd_forward_shift	71067705	71067767	62	14	0	0	2
tlm_inverse_gcd_forward_compare	71067767	71067983	216	42	0	6	7
tlm_inverse_gcd_forward_body	71067983	71068307	324	36	1	21	23
tlm_apply_inverse_fold	71068307	71070760	2453	350	0	94	129
tlm_apply_inverse_swap	71070760	71071528	768	256	0	0	0
tlm_apply_inverse_mod_sub_register	71071528	71074279	2751	769	6	42	44
tlm_apply_inverse_mod_sub_fold	71074279	71075444	1165	155	0	52	105
tlm_apply_inverse_mod_sub_clean	71075444	71075688	244	31	0	8	10
tlm_inverse_gcd_forward_codec	71075688	71075691	3	0	0	0	0
tlm_inverse_gcd_forward_shift	71075691	71075749	58	13	0	0	2
tlm_inverse_gcd_forward_compare	71075749	71075948	199	40	0	5	6
tlm_inverse_gcd_forward_body	71075948	71076257	309	34	1	20	22
tlm_apply_inverse_fold	71076257	71078710	2453	350	0	94	129
tlm_apply_inverse_swap	71078710	71079478	768	256	0	0	0
tlm_apply_inverse_mod_sub_register	71079478	71082105	2627	769	5	30	32
tlm_apply_inverse_mod_sub_fold	71082105	71083270	1165	155	0	52	105
tlm_apply_inverse_mod_sub_clean	71083270	71083508	238	32	0	7	9
tlm_inverse_gcd_forward_codec	71083508	71083674	166	18	0	4	7
tlm_inverse_gcd_forward_shift	71083674	71083730	56	13	0	0	0
tlm_inverse_gcd_forward_compare	71083730	71083923	193	41	0	4	5
tlm_inverse_gcd_forward_body	71083923	71084264	341	36	2	22	24
tlm_apply_inverse_fold	71084264	71086717	2453	350	0	94	129
tlm_apply_inverse_swap	71086717	71087485	768	256	0	0	0
tlm_apply_inverse_mod_sub_register	71087485	71089819	2334	764	0	5	6
tlm_apply_inverse_mod_sub_fold	71089819	71090984	1165	155	0	52	105
tlm_apply_inverse_mod_sub_clean	71090984	71091216	232	33	0	6	8
tlm_inverse_gcd_forward_codec	71091216	71091219	3	0	0	0	0
tlm_inverse_gcd_forward_shift	71091219	71091273	54	12	0	0	2
tlm_inverse_gcd_forward_compare	71091273	71091449	176	39	0	3	4
tlm_inverse_gcd_forward_body	71091449	71091599	150	31	0	6	6
tlm_apply_inverse_fold	71091599	71094052	2453	350	0	94	129
tlm_apply_inverse_swap	71094052	71094820	768	256	0	0	0
tlm_apply_inverse_mod_sub_register	71094820	71097148	2328	765	0	4	5
tlm_apply_inverse_mod_sub_fold	71097148	71098313	1165	155	0	52	105
tlm_apply_inverse_mod_sub_clean	71098313	71098539	226	34	0	5	7
tlm_inverse_gcd_forward_codec	71098539	71098542	3	0	0	0	0
tlm_inverse_gcd_forward_shift	71098542	71098594	52	12	0	0	0
tlm_inverse_gcd_forward_compare	71098594	71098752	158	42	0	0	1
tlm_inverse_gcd_forward_body	71098752	71098884	132	34	0	3	3
tlm_apply_inverse_fold	71098884	71101353	2469	428	0	68	128
tlm_apply_inverse_swap	71101353	71102121	768	256	0	0	0
tlm_apply_inverse_mod_sub_register	71102121	71104431	2310	768	0	1	2
tlm_apply_inverse_mod_sub_fold	71104431	71105596	1165	155	0	52	105
tlm_apply_inverse_mod_sub_clean	71105596	71105804	208	37	0	2	4
tlm_inverse_gcd_forward_codec	71105804	71105970	166	18	0	4	7
tlm_inverse_gcd_forward_shift	71105970	71106022	52	12	0	0	0
tlm_inverse_gcd_forward_compare	71106022	71106180	158	42	0	0	1
tlm_inverse_gcd_forward_body	71106180	71106306	126	35	0	2	2
tlm_apply_inverse_fold	71106306	71108775	2469	428	0	68	128
tlm_apply_inverse_swap	71108775	71109543	768	256	0	0	0
tlm_apply_inverse_mod_sub_register	71109543	71111847	2304	769	0	0	1
tlm_apply_inverse_mod_sub_fold	71111847	71113012	1165	155	0	52	105
tlm_apply_inverse_mod_sub_clean	71113012	71113214	202	38	0	1	3
tlm_inverse_gcd_forward_codec	71113214	71113217	3	0	0	0	0
tlm_inverse_gcd_forward_shift	71113217	71113265	48	10	0	0	4
tlm_inverse_gcd_forward_compare	71113265	71113401	136	36	0	0	1
tlm_inverse_gcd_forward_body	71113401	71113515	114	28	0	3	3
tlm_apply_inverse_fold	71113515	71115984	2469	428	0	68	128
tlm_apply_inverse_swap	71115984	71116752	768	256	0	0	0
tlm_apply_inverse_mod_sub_register	71116752	71119062	2310	768	0	1	2
tlm_apply_inverse_mod_sub_fold	71119062	71120227	1165	155	0	52	105
tlm_apply_inverse_mod_sub_clean	71120227	71120435	208	37	0	2	4
tlm_inverse_gcd_forward_codec	71120435	71120438	3	0	0	0	0
tlm_inverse_gcd_forward_shift	71120438	71120482	44	10	0	0	0
tlm_inverse_gcd_forward_compare	71120482	71120618	136	36	0	0	1
tlm_inverse_gcd_forward_body	71120618	71120714	96	31	0	0	0
tlm_apply_inverse_fold	71120714	71123183	2469	428	0	68	128
tlm_apply_inverse_swap	71123183	71123951	768	256	0	0	0
tlm_apply_inverse_mod_sub_register	71123951	71126255	2304	769	0	0	1
tlm_apply_inverse_mod_sub_fold	71126255	71127420	1165	155	0	52	105
tlm_apply_inverse_mod_sub_clean	71127420	71127622	202	38	0	1	3
tlm_inverse_gcd_forward_codec	71127622	71127788	166	18	0	4	7
tlm_inverse_gcd_forward_shift	71127788	71127828	40	8	0	0	4
tlm_inverse_gcd_forward_compare	71127828	71127942	114	30	0	0	1
tlm_inverse_gcd_forward_body	71127942	71128038	96	22	0	3	3
tlm_apply_inverse_fold	71128038	71130507	2469	428	0	68	128
tlm_apply_inverse_swap	71130507	71131275	768	256	0	0	0
tlm_apply_inverse_mod_sub_register	71131275	71133585	2310	768	0	1	2
tlm_apply_inverse_mod_sub_fold	71133585	71134750	1165	155	0	52	105
tlm_apply_inverse_mod_sub_clean	71134750	71134958	208	37	0	2	4
tlm_inverse_gcd_forward_codec	71134958	71134961	3	0	0	0	0
tlm_inverse_gcd_forward_shift	71134961	71134995	34	7	0	0	2
tlm_inverse_gcd_forward_compare	71134995	71135098	103	27	0	0	1
tlm_inverse_gcd_forward_body	71135098	71135179	81	20	0	2	2
tlm_apply_inverse_fold	71135179	71137648	2469	428	0	68	128
tlm_apply_inverse_swap	71137648	71138416	768	256	0	0	0
tlm_apply_inverse_mod_sub_register	71138416	71140720	2304	769	0	0	1
tlm_apply_inverse_mod_sub_fold	71140720	71141885	1165	155	0	52	105
tlm_apply_inverse_mod_sub_clean	71141885	71142087	202	38	0	1	3
tlm_inverse_gcd_forward_codec	71142087	71142090	3	0	0	0	0
tlm_inverse_gcd_forward_shift	71142090	71142122	32	7	0	0	0
tlm_inverse_gcd_forward_compare	71142122	71142225	103	27	0	0	1
tlm_inverse_gcd_forward_body	71142225	71142294	69	22	0	0	0
tlm_apply_inverse_fold	71142294	71144763	2469	428	0	68	128
tlm_apply_inverse_swap	71144763	71145531	768	256	0	0	0
tlm_apply_inverse_mod_sub_register	71145531	71147835	2304	769	0	0	1
tlm_apply_inverse_mod_sub_fold	71147835	71149000	1165	155	0	52	105
tlm_apply_inverse_mod_sub_clean	71149000	71149202	202	38	0	1	3
tlm_inverse_gcd_forward_codec	71149202	71149368	166	18	0	4	7
tlm_inverse_gcd_forward_shift	71149368	71149400	32	7	0	0	0
tlm_inverse_gcd_forward_compare	71149400	71149503	103	27	0	0	1
tlm_inverse_gcd_forward_body	71149503	71149572	69	22	0	0	0
tlm_apply_inverse_fold	71149572	71152041	2469	428	0	68	128
tlm_apply_inverse_swap	71152041	71152809	768	256	0	0	0
tlm_apply_inverse_mod_sub_register	71152809	71155113	2304	769	0	0	1
tlm_apply_inverse_mod_sub_fold	71155113	71156278	1165	155	0	52	105
tlm_apply_inverse_mod_sub_clean	71156278	71156480	202	38	0	1	3
tlm_inverse_gcd_forward_codec	71156480	71156483	3	0	0	0	0
tlm_inverse_gcd_forward_shift	71156483	71156515	32	7	0	0	0
tlm_inverse_gcd_forward_compare	71156515	71156618	103	27	0	0	1
tlm_inverse_gcd_forward_body	71156618	71156687	69	22	0	0	0
tlm_apply_inverse_fold	71156687	71158110	1423	155	0	52	106
tlm_apply_inverse_mod_sub	71158110	71158111	1	0	0	0	0
tlm_inverse_gcd_forward_codec	71158111	71158129	18	2	0	1	1
tlm_gcd_step_end	71158129	71158408	279	0	0	0	277
tlm_inverse_gcd_reverse_decode	71158408	71158425	17	3	0	0	3
tlm_inverse_gcd_reverse_apply	71158425	71158426	1	0	0	0	0
tlm_inverse_gcd_reverse_body	71158426	71158714	288	39	0	17	18
tlm_inverse_gcd_reverse_decode	71158714	71158720	6	0	0	0	3
tlm_inverse_gcd_reverse_apply	71158720	71158721	1	0	0	0	0
tlm_inverse_gcd_reverse_body	71158721	71159009	288	39	0	17	18
tlm_inverse_gcd_reverse_decode	71159009	71159173	164	19	0	3	8
tlm_inverse_gcd_reverse_apply	71159173	71159174	1	0	0	0	0
tlm_inverse_gcd_reverse_body	71159174	71159462	288	39	0	17	18
tlm_inverse_gcd_reverse_decode	71159462	71159468	6	0	0	0	3
tlm_inverse_gcd_reverse_apply	71159468	71159469	1	0	0	0	0
tlm_inverse_gcd_reverse_body	71159469	71159757	288	39	0	17	18
tlm_inverse_gcd_reverse_decode	71159757	71159763	6	0	0	0	3
tlm_inverse_gcd_reverse_apply	71159763	71159764	1	0	0	0	0
tlm_inverse_gcd_reverse_body	71159764	71160086	322	44	0	19	20
tlm_inverse_gcd_reverse_decode	71160086	71160250	164	19	0	3	8
tlm_inverse_gcd_reverse_apply	71160250	71160251	1	0	0	0	0
tlm_inverse_gcd_reverse_body	71160251	71160641	390	54	0	23	24
tlm_inverse_gcd_reverse_decode	71160641	71160647	6	0	0	0	3
tlm_inverse_gcd_reverse_apply	71160647	71160648	1	0	0	0	0
tlm_inverse_gcd_reverse_body	71160648	71161038	390	54	0	23	24
tlm_inverse_gcd_reverse_decode	71161038	71161044	6	0	0	0	3
tlm_inverse_gcd_reverse_apply	71161044	71161045	1	0	0	0	0
tlm_inverse_gcd_reverse_body	71161045	71161503	458	64	0	27	28
tlm_inverse_gcd_reverse_decode	71161503	71161667	164	19	0	3	8
tlm_inverse_gcd_reverse_apply	71161667	71161668	1	0	0	0	0
tlm_inverse_gcd_reverse_body	71161668	71162126	458	64	0	27	28
tlm_inverse_gcd_reverse_decode	71162126	71162132	6	0	0	0	3
tlm_inverse_gcd_reverse_apply	71162132	71162133	1	0	0	0	0
tlm_inverse_gcd_reverse_body	71162133	71162591	458	64	0	27	28
tlm_inverse_gcd_reverse_decode	71162591	71162597	6	0	0	0	3
tlm_inverse_gcd_reverse_apply	71162597	71162598	1	0	0	0	0
tlm_inverse_gcd_reverse_body	71162598	71163090	492	69	0	29	30
tlm_inverse_gcd_reverse_decode	71163090	71163254	164	19	0	3	8
tlm_inverse_gcd_reverse_apply	71163254	71163255	1	0	0	0	0
tlm_inverse_gcd_reverse_body	71163255	71163747	492	69	0	29	30
tlm_inverse_gcd_reverse_decode	71163747	71163753	6	0	0	0	3
tlm_inverse_gcd_reverse_apply	71163753	71163754	1	0	0	0	0
tlm_inverse_gcd_reverse_body	71163754	71164280	526	74	0	31	32
tlm_inverse_gcd_reverse_decode	71164280	71164286	6	0	0	0	3
tlm_inverse_gcd_reverse_apply	71164286	71164287	1	0	0	0	0
tlm_inverse_gcd_reverse_body	71164287	71164847	560	79	0	33	34
tlm_inverse_gcd_reverse_decode	71164847	71165011	164	19	0	3	8
tlm_inverse_gcd_reverse_apply	71165011	71165012	1	0	0	0	0
tlm_inverse_gcd_reverse_body	71165012	71165606	594	84	0	35	36
tlm_inverse_gcd_reverse_decode	71165606	71165612	6	0	0	0	3
tlm_inverse_gcd_reverse_apply	71165612	71165613	1	0	0	0	0
tlm_inverse_gcd_reverse_body	71165613	71166207	594	84	0	35	36
tlm_inverse_gcd_reverse_decode	71166207	71166213	6	0	0	0	3
tlm_inverse_gcd_reverse_apply	71166213	71166214	1	0	0	0	0
tlm_inverse_gcd_reverse_body	71166214	71166842	628	89	0	37	38
tlm_inverse_gcd_reverse_decode	71166842	71167006	164	19	0	3	8
tlm_inverse_gcd_reverse_apply	71167006	71167007	1	0	0	0	0
tlm_inverse_gcd_reverse_body	71167007	71167635	628	89	0	37	38
tlm_inverse_gcd_reverse_decode	71167635	71167641	6	0	0	0	3
tlm_inverse_gcd_reverse_apply	71167641	71167642	1	0	0	0	0
tlm_inverse_gcd_reverse_body	71167642	71168304	662	94	0	39	40
tlm_inverse_gcd_reverse_decode	71168304	71168310	6	0	0	0	3
tlm_inverse_gcd_reverse_apply	71168310	71168311	1	0	0	0	0
tlm_inverse_gcd_reverse_body	71168311	71169007	696	99	0	41	42
tlm_inverse_gcd_reverse_decode	71169007	71169171	164	19	0	3	8
tlm_inverse_gcd_reverse_apply	71169171	71169172	1	0	0	0	0
tlm_inverse_gcd_reverse_body	71169172	71169902	730	104	0	43	44
tlm_inverse_gcd_reverse_decode	71169902	71169908	6	0	0	0	3
tlm_inverse_gcd_reverse_apply	71169908	71169909	1	0	0	0	0
tlm_inverse_gcd_reverse_body	71169909	71170673	764	109	0	45	46
tlm_inverse_gcd_reverse_decode	71170673	71170679	6	0	0	0	3
tlm_inverse_gcd_reverse_apply	71170679	71170680	1	0	0	0	0
tlm_inverse_gcd_reverse_body	71170680	71171478	798	114	0	47	48
tlm_inverse_gcd_reverse_decode	71171478	71171642	164	19	0	3	8
tlm_inverse_gcd_reverse_apply	71171642	71171643	1	0	0	0	0
tlm_inverse_gcd_reverse_body	71171643	71172529	886	128	0	52	53
tlm_inverse_gcd_reverse_decode	71172529	71172535	6	0	0	0	3
tlm_inverse_gcd_reverse_apply	71172535	71172536	1	0	0	0	0
tlm_inverse_gcd_reverse_body	71172536	71173456	920	133	0	54	55
tlm_inverse_gcd_reverse_decode	71173456	71173462	6	0	0	0	3
tlm_inverse_gcd_reverse_apply	71173462	71173463	1	0	0	0	0
tlm_inverse_gcd_reverse_body	71173463	71174417	954	138	0	56	57
tlm_inverse_gcd_reverse_decode	71174417	71174581	164	19	0	3	8
tlm_inverse_gcd_reverse_apply	71174581	71174582	1	0	0	0	0
tlm_inverse_gcd_reverse_body	71174582	71175570	988	143	0	58	59
tlm_inverse_gcd_reverse_decode	71175570	71175576	6	0	0	0	3
tlm_inverse_gcd_reverse_apply	71175576	71175577	1	0	0	0	0
tlm_inverse_gcd_reverse_body	71175577	71176599	1022	148	0	60	61
tlm_inverse_gcd_reverse_decode	71176599	71176605	6	0	0	0	3
tlm_inverse_gcd_reverse_apply	71176605	71176606	1	0	0	0	0
tlm_inverse_gcd_reverse_body	71176606	71177662	1056	153	0	62	63
tlm_inverse_gcd_reverse_decode	71177662	71177826	164	19	0	3	8
tlm_inverse_gcd_reverse_apply	71177826	71177827	1	0	0	0	0
tlm_inverse_gcd_reverse_body	71177827	71178917	1090	158	0	64	65
tlm_inverse_gcd_reverse_decode	71178917	71178923	6	0	0	0	3
tlm_inverse_gcd_reverse_apply	71178923	71178924	1	0	0	0	0
tlm_inverse_gcd_reverse_body	71178924	71180048	1124	163	0	66	67
tlm_inverse_gcd_reverse_decode	71180048	71180054	6	0	0	0	3
tlm_inverse_gcd_reverse_apply	71180054	71180055	1	0	0	0	0
tlm_inverse_gcd_reverse_body	71180055	71181213	1158	168	0	68	69
tlm_inverse_gcd_reverse_decode	71181213	71181377	164	19	0	3	8
tlm_inverse_gcd_reverse_apply	71181377	71181378	1	0	0	0	0
tlm_inverse_gcd_reverse_body	71181378	71182570	1192	173	0	70	71
tlm_inverse_gcd_reverse_decode	71182570	71182576	6	0	0	0	3
tlm_inverse_gcd_reverse_apply	71182576	71182577	1	0	0	0	0
tlm_inverse_gcd_reverse_body	71182577	71183803	1226	178	0	72	73
tlm_inverse_gcd_reverse_decode	71183803	71183809	6	0	0	0	3
tlm_inverse_gcd_reverse_apply	71183809	71183810	1	0	0	0	0
tlm_inverse_gcd_reverse_body	71183810	71185070	1260	183	0	74	75
tlm_inverse_gcd_reverse_decode	71185070	71185234	164	19	0	3	8
tlm_inverse_gcd_reverse_apply	71185234	71185235	1	0	0	0	0
tlm_inverse_gcd_reverse_body	71185235	71186529	1294	188	0	76	77
tlm_inverse_gcd_reverse_decode	71186529	71186535	6	0	0	0	3
tlm_inverse_gcd_reverse_apply	71186535	71186536	1	0	0	0	0
tlm_inverse_gcd_reverse_body	71186536	71187864	1328	193	0	78	79
tlm_inverse_gcd_reverse_decode	71187864	71187870	6	0	0	0	3
tlm_inverse_gcd_reverse_apply	71187870	71187871	1	0	0	0	0
tlm_inverse_gcd_reverse_body	71187871	71189233	1362	198	0	80	81
tlm_inverse_gcd_reverse_decode	71189233	71189397	164	19	0	3	8
tlm_inverse_gcd_reverse_apply	71189397	71189398	1	0	0	0	0
tlm_inverse_gcd_reverse_body	71189398	71190794	1396	203	0	82	83
tlm_inverse_gcd_reverse_decode	71190794	71190800	6	0	0	0	3
tlm_inverse_gcd_reverse_apply	71190800	71190801	1	0	0	0	0
tlm_inverse_gcd_reverse_body	71190801	71192231	1430	208	0	84	85
tlm_inverse_gcd_reverse_decode	71192231	71192237	6	0	0	0	3
tlm_inverse_gcd_reverse_apply	71192237	71192238	1	0	0	0	0
tlm_inverse_gcd_reverse_body	71192238	71193702	1464	213	0	86	87
tlm_inverse_gcd_reverse_decode	71193702	71193866	164	19	0	3	8
tlm_inverse_gcd_reverse_apply	71193866	71193867	1	0	0	0	0
tlm_inverse_gcd_reverse_body	71193867	71195365	1498	218	0	88	89
tlm_inverse_gcd_reverse_decode	71195365	71195371	6	0	0	0	3
tlm_inverse_gcd_reverse_apply	71195371	71195372	1	0	0	0	0
tlm_inverse_gcd_reverse_body	71195372	71196890	1518	222	0	89	90
tlm_inverse_gcd_reverse_decode	71196890	71196896	6	0	0	0	3
tlm_inverse_gcd_reverse_apply	71196896	71196897	1	0	0	0	0
tlm_inverse_gcd_reverse_body	71196897	71198449	1552	227	0	91	92
tlm_inverse_gcd_reverse_decode	71198449	71198613	164	19	0	3	8
tlm_inverse_gcd_reverse_apply	71198613	71198614	1	0	0	0	0
tlm_inverse_gcd_reverse_body	71198614	71200200	1586	232	0	93	94
tlm_inverse_gcd_reverse_decode	71200200	71200206	6	0	0	0	3
tlm_inverse_gcd_reverse_apply	71200206	71200207	1	0	0	0	0
tlm_inverse_gcd_reverse_body	71200207	71201827	1620	237	0	95	96
tlm_inverse_gcd_reverse_decode	71201827	71201833	6	0	0	0	3
tlm_inverse_gcd_reverse_apply	71201833	71201834	1	0	0	0	0
tlm_inverse_gcd_reverse_body	71201834	71203488	1654	242	0	97	98
tlm_inverse_gcd_reverse_decode	71203488	71203652	164	19	0	3	8
tlm_inverse_gcd_reverse_apply	71203652	71203653	1	0	0	0	0
tlm_inverse_gcd_reverse_body	71203653	71205341	1688	247	0	99	100
tlm_inverse_gcd_reverse_decode	71205341	71205347	6	0	0	0	3
tlm_inverse_gcd_reverse_apply	71205347	71205348	1	0	0	0	0
tlm_inverse_gcd_reverse_body	71205348	71207070	1722	252	0	101	102
tlm_inverse_gcd_reverse_decode	71207070	71207076	6	0	0	0	3
tlm_inverse_gcd_reverse_apply	71207076	71207077	1	0	0	0	0
tlm_inverse_gcd_reverse_body	71207077	71208833	1756	257	0	103	104
tlm_inverse_gcd_reverse_decode	71208833	71208997	164	19	0	3	8
tlm_inverse_gcd_reverse_apply	71208997	71208998	1	0	0	0	0
tlm_inverse_gcd_reverse_body	71208998	71210788	1790	262	0	105	106
tlm_inverse_gcd_reverse_decode	71210788	71210794	6	0	0	0	3
tlm_inverse_gcd_reverse_apply	71210794	71210795	1	0	0	0	0
tlm_inverse_gcd_reverse_body	71210795	71212605	1810	266	0	106	107
tlm_inverse_gcd_reverse_decode	71212605	71212611	6	0	0	0	3
tlm_inverse_gcd_reverse_apply	71212611	71212612	1	0	0	0	0
tlm_inverse_gcd_reverse_body	71212612	71214442	1830	270	0	107	108
tlm_inverse_gcd_reverse_decode	71214442	71214606	164	19	0	3	8
tlm_inverse_gcd_reverse_apply	71214606	71214607	1	0	0	0	0
tlm_inverse_gcd_reverse_body	71214607	71216457	1850	274	0	108	109
tlm_inverse_gcd_reverse_decode	71216457	71216463	6	0	0	0	3
tlm_inverse_gcd_reverse_apply	71216463	71216464	1	0	0	0	0
tlm_inverse_gcd_reverse_body	71216464	71218334	1870	278	0	109	110
tlm_inverse_gcd_reverse_decode	71218334	71218340	6	0	0	0	3
tlm_inverse_gcd_reverse_apply	71218340	71218341	1	0	0	0	0
tlm_inverse_gcd_reverse_body	71218341	71220231	1890	282	0	110	111
tlm_inverse_gcd_reverse_decode	71220231	71220395	164	19	0	3	8
tlm_inverse_gcd_reverse_apply	71220395	71220396	1	0	0	0	0
tlm_inverse_gcd_reverse_body	71220396	71222292	1896	285	0	110	111
tlm_inverse_gcd_reverse_decode	71222292	71222298	6	0	0	0	3
tlm_inverse_gcd_reverse_apply	71222298	71222299	1	0	0	0	0
tlm_inverse_gcd_reverse_body	71222299	71224229	1930	290	0	112	113
tlm_inverse_gcd_reverse_decode	71224229	71224235	6	0	0	0	3
tlm_inverse_gcd_reverse_apply	71224235	71224236	1	0	0	0	0
tlm_inverse_gcd_reverse_body	71224236	71226158	1922	292	0	111	112
tlm_inverse_gcd_reverse_decode	71226158	71226322	164	19	0	3	8
tlm_inverse_gcd_reverse_apply	71226322	71226323	1	0	0	0	0
tlm_inverse_gcd_reverse_body	71226323	71228279	1956	297	0	113	114
tlm_inverse_gcd_reverse_decode	71228279	71228285	6	0	0	0	3
tlm_inverse_gcd_reverse_apply	71228285	71228286	1	0	0	0	0
tlm_inverse_gcd_reverse_body	71228286	71230262	1976	301	0	114	115
tlm_inverse_gcd_reverse_decode	71230262	71230268	6	0	0	0	3
tlm_inverse_gcd_reverse_apply	71230268	71230269	1	0	0	0	0
tlm_inverse_gcd_reverse_body	71230269	71232237	1968	303	0	113	114
tlm_inverse_gcd_reverse_decode	71232237	71232401	164	19	0	3	8
tlm_inverse_gcd_reverse_apply	71232401	71232402	1	0	0	0	0
tlm_inverse_gcd_reverse_body	71232402	71234404	2002	308	0	115	116
tlm_inverse_gcd_reverse_decode	71234404	71234410	6	0	0	0	3
tlm_inverse_gcd_reverse_apply	71234410	71234411	1	0	0	0	0
tlm_inverse_gcd_reverse_body	71234411	71236405	1994	310	0	114	115
tlm_inverse_gcd_reverse_decode	71236405	71236411	6	0	0	0	3
tlm_inverse_gcd_reverse_apply	71236411	71236412	1	0	0	0	0
tlm_inverse_gcd_reverse_body	71236412	71238426	2014	314	0	115	116
tlm_inverse_gcd_reverse_decode	71238426	71238590	164	19	0	3	8
tlm_inverse_gcd_reverse_apply	71238590	71238591	1	0	0	0	0
tlm_inverse_gcd_reverse_body	71238591	71240625	2034	318	0	116	117
tlm_inverse_gcd_reverse_decode	71240625	71240631	6	0	0	0	3
tlm_inverse_gcd_reverse_apply	71240631	71240632	1	0	0	0	0
tlm_inverse_gcd_reverse_body	71240632	71242700	2068	323	0	118	119
tlm_inverse_gcd_reverse_decode	71242700	71242706	6	0	0	0	3
tlm_inverse_gcd_reverse_apply	71242706	71242707	1	0	0	0	0
tlm_inverse_gcd_reverse_body	71242707	71244781	2074	326	0	118	119
tlm_inverse_gcd_reverse_decode	71244781	71244945	164	19	0	3	8
tlm_inverse_gcd_reverse_apply	71244945	71244946	1	0	0	0	0
tlm_inverse_gcd_reverse_body	71244946	71247040	2094	330	0	119	120
tlm_inverse_gcd_reverse_decode	71247040	71247046	6	0	0	0	3
tlm_inverse_gcd_reverse_apply	71247046	71247047	1	0	0	0	0
tlm_inverse_gcd_reverse_body	71247047	71249161	2114	334	0	120	121
tlm_inverse_gcd_reverse_decode	71249161	71249167	6	0	0	0	3
tlm_inverse_gcd_reverse_apply	71249167	71249168	1	0	0	0	0
tlm_inverse_gcd_reverse_body	71249168	71251302	2134	338	0	121	122
tlm_inverse_gcd_reverse_decode	71251302	71251466	164	19	0	3	8
tlm_inverse_gcd_reverse_apply	71251466	71251467	1	0	0	0	0
tlm_inverse_gcd_reverse_body	71251467	71253621	2154	342	0	122	123
tlm_inverse_gcd_reverse_decode	71253621	71253627	6	0	0	0	3
tlm_inverse_gcd_reverse_apply	71253627	71253628	1	0	0	0	0
tlm_inverse_gcd_reverse_body	71253628	71255802	2174	346	0	123	124
tlm_inverse_gcd_reverse_decode	71255802	71255808	6	0	0	0	3
tlm_inverse_gcd_reverse_apply	71255808	71255809	1	0	0	0	0
tlm_inverse_gcd_reverse_body	71255809	71258017	2208	351	0	125	126
tlm_inverse_gcd_reverse_decode	71258017	71258181	164	19	0	3	8
tlm_inverse_gcd_reverse_apply	71258181	71258182	1	0	0	0	0
tlm_inverse_gcd_reverse_body	71258182	71260396	2214	354	0	125	126
tlm_inverse_gcd_reverse_decode	71260396	71260402	6	0	0	0	3
tlm_inverse_gcd_reverse_apply	71260402	71260403	1	0	0	0	0
tlm_inverse_gcd_reverse_body	71260403	71262623	2220	357	0	125	126
tlm_inverse_gcd_reverse_decode	71262623	71262629	6	0	0	0	3
tlm_inverse_gcd_reverse_apply	71262629	71262630	1	0	0	0	0
tlm_inverse_gcd_reverse_body	71262630	71264870	2240	361	0	126	127
tlm_inverse_gcd_reverse_decode	71264870	71265034	164	19	0	3	8
tlm_inverse_gcd_reverse_apply	71265034	71265035	1	0	0	0	0
tlm_inverse_gcd_reverse_body	71265035	71267295	2260	365	0	127	128
tlm_inverse_gcd_reverse_decode	71267295	71267301	6	0	0	0	3
tlm_inverse_gcd_reverse_apply	71267301	71267302	1	0	0	0	0
tlm_inverse_gcd_reverse_body	71267302	71269582	2280	369	0	128	129
tlm_inverse_gcd_reverse_decode	71269582	71269588	6	0	0	0	3
tlm_inverse_gcd_reverse_apply	71269588	71269589	1	0	0	0	0
tlm_inverse_gcd_reverse_body	71269589	71271889	2300	373	0	129	130
tlm_inverse_gcd_reverse_decode	71271889	71272053	164	19	0	3	8
tlm_inverse_gcd_reverse_apply	71272053	71272054	1	0	0	0	0
tlm_inverse_gcd_reverse_body	71272054	71274374	2320	377	0	130	131
tlm_inverse_gcd_reverse_decode	71274374	71274380	6	0	0	0	3
tlm_inverse_gcd_reverse_apply	71274380	71274381	1	0	0	0	0
tlm_inverse_gcd_reverse_body	71274381	71276721	2340	381	0	131	132
tlm_inverse_gcd_reverse_decode	71276721	71276727	6	0	0	0	3
tlm_inverse_gcd_reverse_apply	71276727	71276728	1	0	0	0	0
tlm_inverse_gcd_reverse_body	71276728	71279074	2346	384	0	131	132
tlm_inverse_gcd_reverse_decode	71279074	71279238	164	19	0	3	8
tlm_inverse_gcd_reverse_apply	71279238	71279239	1	0	0	0	0
tlm_inverse_gcd_reverse_body	71279239	71281605	2366	388	0	132	133
tlm_inverse_gcd_reverse_decode	71281605	71281611	6	0	0	0	3
tlm_inverse_gcd_reverse_apply	71281611	71281612	1	0	0	0	0
tlm_inverse_gcd_reverse_body	71281612	71284012	2400	393	0	134	135
tlm_inverse_gcd_reverse_decode	71284012	71284018	6	0	0	0	3
tlm_inverse_gcd_reverse_apply	71284018	71284019	1	0	0	0	0
tlm_inverse_gcd_reverse_body	71284019	71286425	2406	396	0	134	135
tlm_inverse_gcd_reverse_decode	71286425	71286589	164	19	0	3	8
tlm_inverse_gcd_reverse_apply	71286589	71286590	1	0	0	0	0
tlm_inverse_gcd_reverse_body	71286590	71289016	2426	400	0	135	136
tlm_inverse_gcd_reverse_decode	71289016	71289022	6	0	0	0	3
tlm_inverse_gcd_reverse_apply	71289022	71289023	1	0	0	0	0
tlm_inverse_gcd_reverse_body	71289023	71291483	2460	405	0	137	138
tlm_inverse_gcd_reverse_decode	71291483	71291489	6	0	0	0	3
tlm_inverse_gcd_reverse_apply	71291489	71291490	1	0	0	0	0
tlm_inverse_gcd_reverse_body	71291490	71293956	2466	408	0	137	138
tlm_inverse_gcd_reverse_decode	71293956	71294120	164	19	0	3	8
tlm_inverse_gcd_reverse_apply	71294120	71294121	1	0	0	0	0
tlm_inverse_gcd_reverse_body	71294121	71296607	2486	412	0	138	139
tlm_inverse_gcd_reverse_decode	71296607	71296613	6	0	0	0	3
tlm_inverse_gcd_reverse_apply	71296613	71296614	1	0	0	0	0
tlm_inverse_gcd_reverse_body	71296614	71299120	2506	416	0	139	140
tlm_inverse_gcd_reverse_decode	71299120	71299126	6	0	0	0	3
tlm_inverse_gcd_reverse_apply	71299126	71299127	1	0	0	0	0
tlm_inverse_gcd_reverse_body	71299127	71301639	2512	419	0	139	140
tlm_inverse_gcd_reverse_decode	71301639	71301803	164	19	0	3	8
tlm_inverse_gcd_reverse_apply	71301803	71301804	1	0	0	0	0
tlm_inverse_gcd_reverse_body	71301804	71304336	2532	423	0	140	141
tlm_inverse_gcd_reverse_decode	71304336	71304342	6	0	0	0	3
tlm_inverse_gcd_reverse_apply	71304342	71304343	1	0	0	0	0
tlm_inverse_gcd_reverse_body	71304343	71306909	2566	428	0	142	143
tlm_inverse_gcd_reverse_decode	71306909	71306915	6	0	0	0	3
tlm_inverse_gcd_reverse_apply	71306915	71306916	1	0	0	0	0
tlm_inverse_gcd_reverse_body	71306916	71309488	2572	431	0	142	143
tlm_inverse_gcd_reverse_decode	71309488	71309652	164	19	0	3	8
tlm_inverse_gcd_reverse_apply	71309652	71309653	1	0	0	0	0
tlm_inverse_gcd_reverse_body	71309653	71312245	2592	435	0	143	144
tlm_inverse_gcd_reverse_decode	71312245	71312251	6	0	0	0	3
tlm_inverse_gcd_reverse_apply	71312251	71312252	1	0	0	0	0
tlm_inverse_gcd_reverse_body	71312252	71314864	2612	439	0	144	145
tlm_inverse_gcd_reverse_decode	71314864	71314870	6	0	0	0	3
tlm_inverse_gcd_reverse_apply	71314870	71314871	1	0	0	0	0
tlm_inverse_gcd_reverse_body	71314871	71317503	2632	443	0	145	146
tlm_inverse_gcd_reverse_decode	71317503	71317667	164	19	0	3	8
tlm_inverse_gcd_reverse_apply	71317667	71317668	1	0	0	0	0
tlm_inverse_gcd_reverse_body	71317668	71320320	2652	447	0	146	147
tlm_inverse_gcd_reverse_decode	71320320	71320326	6	0	0	0	3
tlm_inverse_gcd_reverse_apply	71320326	71320327	1	0	0	0	0
tlm_inverse_gcd_reverse_body	71320327	71323013	2686	452	0	148	149
tlm_inverse_gcd_reverse_decode	71323013	71323019	6	0	0	0	3
tlm_inverse_gcd_reverse_apply	71323019	71323020	1	0	0	0	0
tlm_inverse_gcd_reverse_body	71323020	71325698	2678	454	0	147	148
tlm_inverse_gcd_reverse_decode	71325698	71325862	164	19	0	3	8
tlm_inverse_gcd_reverse_apply	71325862	71325863	1	0	0	0	0
tlm_inverse_gcd_reverse_body	71325863	71328575	2712	459	0	149	150
tlm_inverse_gcd_reverse_decode	71328575	71328581	6	0	0	0	3
tlm_inverse_gcd_reverse_apply	71328581	71328582	1	0	0	0	0
tlm_inverse_gcd_reverse_body	71328582	71331314	2732	463	0	150	151
tlm_inverse_gcd_reverse_decode	71331314	71331320	6	0	0	0	3
tlm_inverse_gcd_reverse_apply	71331320	71331321	1	0	0	0	0
tlm_inverse_gcd_reverse_body	71331321	71334059	2738	466	0	150	151
tlm_inverse_gcd_reverse_decode	71334059	71334223	164	19	0	3	8
tlm_inverse_gcd_reverse_apply	71334223	71334224	1	0	0	0	0
tlm_inverse_gcd_reverse_body	71334224	71336982	2758	470	0	151	152
tlm_inverse_gcd_reverse_decode	71336982	71336988	6	0	0	0	3
tlm_inverse_gcd_reverse_apply	71336988	71336989	1	0	0	0	0
tlm_inverse_gcd_reverse_body	71336989	71339767	2778	474	0	152	153
tlm_inverse_gcd_reverse_decode	71339767	71339773	6	0	0	0	3
tlm_inverse_gcd_reverse_apply	71339773	71339774	1	0	0	0	0
tlm_inverse_gcd_reverse_body	71339774	71342572	2798	478	0	153	154
tlm_inverse_gcd_reverse_decode	71342572	71342736	164	19	0	3	8
tlm_inverse_gcd_reverse_apply	71342736	71342737	1	0	0	0	0
tlm_inverse_gcd_reverse_body	71342737	71345555	2818	482	0	154	155
tlm_inverse_gcd_reverse_decode	71345555	71345561	6	0	0	0	3
tlm_inverse_gcd_reverse_apply	71345561	71345562	1	0	0	0	0
tlm_inverse_gcd_reverse_body	71345562	71348386	2824	485	0	154	155
tlm_inverse_gcd_reverse_decode	71348386	71348392	6	0	0	0	3
tlm_inverse_gcd_reverse_apply	71348392	71348393	1	0	0	0	0
tlm_inverse_gcd_reverse_body	71348393	71351251	2858	490	0	156	157
tlm_inverse_gcd_reverse_decode	71351251	71351415	164	19	0	3	8
tlm_inverse_gcd_reverse_apply	71351415	71351416	1	0	0	0	0
tlm_inverse_gcd_reverse_body	71351416	71354294	2878	494	0	157	158
tlm_inverse_gcd_reverse_decode	71354294	71354300	6	0	0	0	3
tlm_inverse_gcd_reverse_apply	71354300	71354301	1	0	0	0	0
tlm_inverse_gcd_reverse_body	71354301	71357185	2884	497	0	157	158
tlm_inverse_gcd_reverse_decode	71357185	71357191	6	0	0	0	3
tlm_inverse_gcd_reverse_apply	71357191	71357192	1	0	0	0	0
tlm_inverse_gcd_reverse_body	71357192	71360110	2918	502	0	159	160
tlm_inverse_gcd_reverse_decode	71360110	71360274	164	19	0	3	8
tlm_inverse_gcd_reverse_apply	71360274	71360275	1	0	0	0	0
tlm_inverse_gcd_reverse_body	71360275	71363199	2924	505	0	159	160
tlm_inverse_gcd_reverse_decode	71363199	71363205	6	0	0	0	3
tlm_inverse_gcd_reverse_apply	71363205	71363206	1	0	0	0	0
tlm_inverse_gcd_reverse_body	71363206	71366150	2944	509	0	160	161
tlm_inverse_gcd_reverse_decode	71366150	71366156	6	0	0	0	3
tlm_inverse_gcd_reverse_apply	71366156	71366157	1	0	0	0	0
tlm_inverse_gcd_reverse_body	71366157	71369155	2998	518	0	163	164
tlm_inverse_gcd_reverse_decode	71369155	71369319	164	19	0	3	8
tlm_inverse_gcd_reverse_apply	71369319	71369320	1	0	0	0	0
tlm_inverse_gcd_reverse_body	71369320	71372304	2984	517	0	162	163
tlm_inverse_gcd_reverse_decode	71372304	71372310	6	0	0	0	3
tlm_inverse_gcd_reverse_apply	71372310	71372311	1	0	0	0	0
tlm_inverse_gcd_reverse_body	71372311	71375349	3038	526	0	165	166
tlm_inverse_gcd_reverse_decode	71375349	71375355	6	0	0	0	3
tlm_inverse_gcd_reverse_apply	71375355	71375356	1	0	0	0	0
tlm_inverse_gcd_reverse_body	71375356	71378400	3044	529	0	165	166
tlm_inverse_gcd_reverse_decode	71378400	71378564	164	19	0	3	8
tlm_inverse_gcd_reverse_apply	71378564	71378565	1	0	0	0	0
tlm_inverse_gcd_reverse_body	71378565	71381643	3078	534	0	167	168
tlm_inverse_gcd_reverse_decode	71381643	71381649	6	0	0	0	3
tlm_inverse_gcd_reverse_apply	71381649	71381650	1	0	0	0	0
tlm_inverse_gcd_reverse_body	71381650	71384700	3050	532	0	165	166
tlm_inverse_gcd_reverse_decode	71384700	71384706	6	0	0	0	3
tlm_inverse_gcd_reverse_apply	71384706	71384707	1	0	0	0	0
tlm_inverse_gcd_reverse_body	71384707	71387791	3084	537	0	167	168
tlm_inverse_gcd_reverse_decode	71387791	71387955	164	19	0	3	8
tlm_inverse_gcd_reverse_apply	71387955	71387956	1	0	0	0	0
tlm_inverse_gcd_reverse_body	71387956	71391046	3090	540	0	167	168
tlm_inverse_gcd_reverse_decode	71391046	71391052	6	0	0	0	3
tlm_inverse_gcd_reverse_apply	71391052	71391053	1	0	0	0	0
tlm_inverse_gcd_reverse_body	71391053	71394163	3110	544	0	168	169
tlm_inverse_gcd_reverse_decode	71394163	71394169	6	0	0	0	3
tlm_inverse_gcd_reverse_apply	71394169	71394170	1	0	0	0	0
tlm_inverse_gcd_reverse_body	71394170	71397314	3144	549	0	170	171
tlm_inverse_gcd_reverse_decode	71397314	71397478	164	19	0	3	8
tlm_inverse_gcd_reverse_apply	71397478	71397479	1	0	0	0	0
tlm_inverse_gcd_reverse_body	71397479	71400643	3164	553	0	171	172
tlm_inverse_gcd_reverse_decode	71400643	71400649	6	0	0	0	3
tlm_inverse_gcd_reverse_apply	71400649	71400650	1	0	0	0	0
tlm_inverse_gcd_reverse_body	71400650	71403840	3190	560	0	172	173
tlm_inverse_gcd_reverse_decode	71403840	71403846	6	0	0	0	3
tlm_inverse_gcd_reverse_apply	71403846	71403847	1	0	0	0	0
tlm_inverse_gcd_reverse_body	71403847	71407071	3224	565	0	174	175
tlm_inverse_gcd_reverse_decode	71407071	71407235	164	19	0	3	8
tlm_inverse_gcd_reverse_apply	71407235	71407236	1	0	0	0	0
tlm_inverse_gcd_reverse_body	71407236	71410480	3244	569	0	175	176
tlm_inverse_gcd_reverse_decode	71410480	71410486	6	0	0	0	3
tlm_inverse_gcd_reverse_apply	71410486	71410487	1	0	0	0	0
tlm_inverse_gcd_reverse_body	71410487	71413751	3264	573	0	176	177
tlm_inverse_gcd_reverse_decode	71413751	71413757	6	0	0	0	3
tlm_inverse_gcd_reverse_apply	71413757	71413758	1	0	0	0	0
tlm_inverse_gcd_reverse_body	71413758	71417042	3284	577	0	177	178
tlm_inverse_gcd_reverse_decode	71417042	71417206	164	19	0	3	8
tlm_inverse_gcd_reverse_apply	71417206	71417207	1	0	0	0	0
tlm_inverse_gcd_reverse_body	71417207	71420497	3290	580	0	177	178
tlm_inverse_gcd_reverse_decode	71420497	71420503	6	0	0	0	3
tlm_inverse_gcd_reverse_apply	71420503	71420504	1	0	0	0	0
tlm_inverse_gcd_reverse_body	71420504	71423814	3310	584	0	178	179
tlm_inverse_gcd_reverse_decode	71423814	71423820	6	0	0	0	3
tlm_inverse_gcd_reverse_apply	71423820	71423821	1	0	0	0	0
tlm_inverse_gcd_reverse_body	71423821	71427151	3330	588	0	179	180
tlm_inverse_gcd_reverse_decode	71427151	71427315	164	19	0	3	8
tlm_inverse_gcd_reverse_apply	71427315	71427316	1	0	0	0	0
tlm_inverse_gcd_reverse_body	71427316	71430666	3350	592	0	180	181
tlm_inverse_gcd_reverse_decode	71430666	71430672	6	0	0	0	3
tlm_inverse_gcd_reverse_apply	71430672	71430673	1	0	0	0	0
tlm_inverse_gcd_reverse_body	71430673	71434023	3350	592	0	180	181
tlm_inverse_gcd_reverse_decode	71434023	71434029	6	0	0	0	3
tlm_inverse_gcd_reverse_apply	71434029	71434030	1	0	0	0	0
tlm_inverse_gcd_reverse_body	71434030	71437420	3390	600	0	182	183
tlm_inverse_gcd_reverse_decode	71437420	71437584	164	19	0	3	8
tlm_inverse_gcd_reverse_apply	71437584	71437585	1	0	0	0	0
tlm_inverse_gcd_reverse_body	71437585	71440995	3410	604	0	183	184
tlm_inverse_gcd_reverse_decode	71440995	71441001	6	0	0	0	3
tlm_inverse_gcd_reverse_apply	71441001	71441002	1	0	0	0	0
tlm_inverse_gcd_reverse_body	71441002	71444446	3444	609	0	185	186
tlm_inverse_gcd_reverse_decode	71444446	71444452	6	0	0	0	3
tlm_inverse_gcd_reverse_apply	71444452	71444453	1	0	0	0	0
tlm_inverse_gcd_reverse_body	71444453	71447883	3430	608	0	184	185
tlm_inverse_gcd_reverse_decode	71447883	71448047	164	19	0	3	8
tlm_inverse_gcd_reverse_apply	71448047	71448048	1	0	0	0	0
tlm_inverse_gcd_reverse_body	71448048	71451484	3436	611	0	184	185
tlm_inverse_gcd_reverse_decode	71451484	71451490	6	0	0	0	3
tlm_inverse_gcd_reverse_apply	71451490	71451491	1	0	0	0	0
tlm_inverse_gcd_reverse_body	71451491	71454961	3470	616	0	186	187
tlm_inverse_gcd_reverse_decode	71454961	71454967	6	0	0	0	3
tlm_inverse_gcd_reverse_apply	71454967	71454968	1	0	0	0	0
tlm_inverse_gcd_reverse_body	71454968	71458444	3476	619	0	186	187
tlm_inverse_gcd_reverse_decode	71458444	71458608	164	19	0	3	8
tlm_inverse_gcd_reverse_apply	71458608	71458609	1	0	0	0	0
tlm_inverse_gcd_reverse_body	71458609	71462105	3496	623	0	187	188
tlm_inverse_gcd_reverse_decode	71462105	71462111	6	0	0	0	3
tlm_inverse_gcd_reverse_apply	71462111	71462112	1	0	0	0	0
tlm_inverse_gcd_reverse_body	71462112	71465662	3550	632	0	190	191
tlm_inverse_gcd_reverse_decode	71465662	71465668	6	0	0	0	3
tlm_inverse_gcd_reverse_apply	71465668	71465669	1	0	0	0	0
tlm_inverse_gcd_reverse_body	71465669	71469239	3570	636	0	191	192
tlm_inverse_gcd_reverse_decode	71469239	71469403	164	19	0	3	8
tlm_inverse_gcd_reverse_apply	71469403	71469404	1	0	0	0	0
tlm_inverse_gcd_reverse_body	71469404	71472994	3590	640	0	192	193
tlm_inverse_gcd_reverse_decode	71472994	71473000	6	0	0	0	3
tlm_inverse_gcd_reverse_apply	71473000	71473001	1	0	0	0	0
tlm_inverse_gcd_reverse_body	71473001	71476611	3610	644	0	193	194
tlm_inverse_gcd_reverse_decode	71476611	71476617	6	0	0	0	3
tlm_inverse_gcd_reverse_apply	71476617	71476618	1	0	0	0	0
tlm_inverse_gcd_reverse_body	71476618	71480248	3630	648	0	194	195
tlm_inverse_gcd_reverse_decode	71480248	71480412	164	19	0	3	8
tlm_inverse_gcd_reverse_apply	71480412	71480413	1	0	0	0	0
tlm_inverse_gcd_reverse_body	71480413	71484049	3636	651	0	194	195
tlm_inverse_gcd_reverse_decode	71484049	71484055	6	0	0	0	3
tlm_inverse_gcd_reverse_apply	71484055	71484056	1	0	0	0	0
tlm_inverse_gcd_reverse_body	71484056	71487726	3670	656	0	196	197
tlm_inverse_gcd_reverse_decode	71487726	71487732	6	0	0	0	3
tlm_inverse_gcd_reverse_apply	71487732	71487733	1	0	0	0	0
tlm_inverse_gcd_reverse_body	71487733	71491375	3642	654	0	194	195
tlm_inverse_gcd_reverse_decode	71491375	71491539	164	19	0	3	8
tlm_inverse_gcd_reverse_apply	71491539	71491540	1	0	0	0	0
tlm_inverse_gcd_reverse_body	71491540	71495236	3696	663	0	197	198
tlm_inverse_gcd_reverse_decode	71495236	71495242	6	0	0	0	3
tlm_inverse_gcd_reverse_apply	71495242	71495243	1	0	0	0	0
tlm_inverse_gcd_reverse_body	71495243	71498959	3716	667	0	198	199
tlm_inverse_gcd_reverse_decode	71498959	71498965	6	0	0	0	3
tlm_inverse_gcd_reverse_apply	71498965	71498966	1	0	0	0	0
tlm_inverse_gcd_reverse_body	71498966	71502668	3702	666	0	197	198
tlm_inverse_gcd_reverse_decode	71502668	71502832	164	19	0	3	8
tlm_inverse_gcd_reverse_apply	71502832	71502833	1	0	0	0	0
tlm_inverse_gcd_reverse_body	71502833	71506589	3756	675	0	200	201
tlm_inverse_gcd_reverse_decode	71506589	71506595	6	0	0	0	3
tlm_inverse_gcd_reverse_apply	71506595	71506596	1	0	0	0	0
tlm_inverse_gcd_reverse_body	71506596	71510358	3762	678	0	200	201
tlm_inverse_gcd_reverse_decode	71510358	71510364	6	0	0	0	3
tlm_inverse_gcd_reverse_apply	71510364	71510365	1	0	0	0	0
tlm_inverse_gcd_reverse_body	71510365	71514161	3796	683	0	202	203
tlm_inverse_gcd_reverse_decode	71514161	71514325	164	19	0	3	8
tlm_inverse_gcd_reverse_apply	71514325	71514326	1	0	0	0	0
tlm_inverse_gcd_reverse_body	71514326	71518108	3782	682	0	201	202
tlm_inverse_gcd_reverse_decode	71518108	71518114	6	0	0	0	3
tlm_inverse_gcd_reverse_apply	71518114	71518115	1	0	0	0	0
tlm_inverse_gcd_reverse_body	71518115	71521937	3822	690	0	203	204
tlm_inverse_gcd_reverse_decode	71521937	71521943	6	0	0	0	3
tlm_inverse_gcd_reverse_apply	71521943	71521944	1	0	0	0	0
tlm_inverse_gcd_reverse_body	71521944	71525820	3876	699	0	206	207
tlm_inverse_gcd_reverse_decode	71525820	71525984	164	19	0	3	8
tlm_inverse_gcd_reverse_apply	71525984	71525985	1	0	0	0	0
tlm_inverse_gcd_reverse_body	71525985	71529881	3896	703	0	207	208
tlm_inverse_gcd_reverse_decode	71529881	71529887	6	0	0	0	3
tlm_inverse_gcd_reverse_apply	71529887	71529888	1	0	0	0	0
tlm_inverse_gcd_reverse_body	71529888	71533818	3930	708	0	209	210
tlm_inverse_gcd_reverse_decode	71533818	71533824	6	0	0	0	3
tlm_inverse_gcd_reverse_apply	71533824	71533825	1	0	0	0	0
tlm_inverse_gcd_reverse_body	71533825	71537747	3922	710	0	208	209
tlm_inverse_gcd_reverse_decode	71537747	71537911	164	19	0	3	8
tlm_inverse_gcd_reverse_apply	71537911	71537912	1	0	0	0	0
tlm_inverse_gcd_reverse_body	71537912	71541854	3942	714	0	209	210
tlm_inverse_gcd_reverse_decode	71541854	71541860	6	0	0	0	3
tlm_inverse_gcd_reverse_apply	71541860	71541861	1	0	0	0	0
tlm_inverse_gcd_reverse_body	71541861	71545857	3996	723	0	212	213
tlm_inverse_gcd_reverse_decode	71545857	71545863	6	0	0	0	3
tlm_inverse_gcd_reverse_apply	71545863	71545864	1	0	0	0	0
tlm_inverse_gcd_reverse_body	71545864	71549894	4030	728	0	214	215
tlm_inverse_gcd_reverse_decode	71549894	71550058	164	19	0	3	8
tlm_inverse_gcd_reverse_apply	71550058	71550059	1	0	0	0	0
tlm_inverse_gcd_reverse_body	71550059	71554061	4002	726	0	212	213
tlm_inverse_gcd_reverse_decode	71554061	71554067	6	0	0	0	3
tlm_inverse_gcd_reverse_apply	71554067	71554068	1	0	0	0	0
tlm_inverse_gcd_reverse_body	71554068	71558104	4036	731	0	214	215
tlm_inverse_gcd_reverse_decode	71558104	71558110	6	0	0	0	3
tlm_inverse_gcd_reverse_apply	71558110	71558111	1	0	0	0	0
tlm_inverse_gcd_reverse_body	71558111	71562153	4042	734	0	214	215
tlm_inverse_gcd_reverse_decode	71562153	71562317	164	19	0	3	8
tlm_inverse_gcd_reverse_apply	71562317	71562318	1	0	0	0	0
tlm_inverse_gcd_reverse_body	71562318	71566380	4062	738	0	215	216
tlm_inverse_gcd_reverse_decode	71566380	71566386	6	0	0	0	3
tlm_inverse_gcd_reverse_apply	71566386	71566387	1	0	0	0	0
tlm_inverse_gcd_reverse_body	71566387	71570469	4082	742	0	216	217
tlm_inverse_gcd_reverse_decode	71570469	71570475	6	0	0	0	3
tlm_inverse_gcd_reverse_apply	71570475	71570476	1	0	0	0	0
tlm_inverse_gcd_reverse_body	71570476	71574578	4102	746	0	217	218
tlm_inverse_gcd_reverse_decode	71574578	71574742	164	19	0	3	8
tlm_inverse_gcd_reverse_apply	71574742	71574743	1	0	0	0	0
tlm_inverse_gcd_reverse_body	71574743	71578865	4122	750	0	218	219
tlm_inverse_gcd_reverse_decode	71578865	71578871	6	0	0	0	3
tlm_inverse_gcd_reverse_apply	71578871	71578872	1	0	0	0	0
tlm_inverse_gcd_reverse_body	71578872	71583014	4142	754	0	219	220
tlm_inverse_gcd_reverse_decode	71583014	71583020	6	0	0	0	3
tlm_inverse_gcd_reverse_apply	71583020	71583021	1	0	0	0	0
tlm_inverse_gcd_reverse_body	71583021	71587169	4148	757	0	219	220
tlm_inverse_gcd_reverse_decode	71587169	71587333	164	19	0	3	8
tlm_inverse_gcd_reverse_apply	71587333	71587334	1	0	0	0	0
tlm_inverse_gcd_reverse_body	71587334	71591502	4168	761	0	220	221
tlm_inverse_gcd_reverse_decode	71591502	71591508	6	0	0	0	3
tlm_inverse_gcd_reverse_apply	71591508	71591509	1	0	0	0	0
tlm_inverse_gcd_reverse_body	71591509	71595725	4216	767	0	223	224
tlm_inverse_gcd_reverse_decode	71595725	71595731	6	0	0	0	3
tlm_inverse_gcd_reverse_apply	71595731	71595732	1	0	0	0	0
tlm_inverse_gcd_reverse_body	71595732	71599954	4222	770	0	223	224
tlm_inverse_gcd_reverse_decode	71599954	71600118	164	19	0	3	8
tlm_inverse_gcd_reverse_apply	71600118	71600119	1	0	0	0	0
tlm_inverse_gcd_reverse_body	71600119	71604361	4242	774	0	224	225
tlm_inverse_gcd_reverse_decode	71604361	71604367	6	0	0	0	3
tlm_inverse_gcd_reverse_apply	71604367	71604368	1	0	0	0	0
tlm_inverse_gcd_reverse_body	71604368	71608616	4248	777	0	224	225
tlm_inverse_gcd_reverse_decode	71608616	71608622	6	0	0	0	3
tlm_inverse_gcd_reverse_apply	71608622	71608623	1	0	0	0	0
tlm_inverse_gcd_reverse_body	71608623	71612891	4268	781	0	225	226
tlm_inverse_gcd_reverse_decode	71612891	71613055	164	19	0	3	8
tlm_inverse_gcd_reverse_apply	71613055	71613056	1	0	0	0	0
tlm_inverse_gcd_reverse_body	71613056	71617330	4274	784	0	225	226
tlm_inverse_gcd_reverse_decode	71617330	71617336	6	0	0	0	3
tlm_inverse_gcd_reverse_apply	71617336	71617337	1	0	0	0	0
tlm_inverse_gcd_reverse_body	71617337	71621645	4308	789	0	227	228
tlm_inverse_gcd_reverse_decode	71621645	71621651	6	0	0	0	3
tlm_inverse_gcd_reverse_apply	71621651	71621652	1	0	0	0	0
tlm_inverse_gcd_reverse_body	71621652	71625994	4342	794	0	229	230
tlm_inverse_gcd_reverse_decode	71625994	71626158	164	19	0	3	8
tlm_inverse_gcd_reverse_apply	71626158	71626159	1	0	0	0	0
tlm_inverse_gcd_reverse_body	71626159	71630507	4348	797	0	229	230
tlm_inverse_gcd_reverse_decode	71630507	71630513	6	0	0	0	3
tlm_inverse_gcd_reverse_apply	71630513	71630514	1	0	0	0	0
tlm_inverse_gcd_reverse_body	71630514	71634882	4368	801	0	230	231
tlm_inverse_gcd_reverse_decode	71634882	71634888	6	0	0	0	3
tlm_inverse_gcd_reverse_apply	71634888	71634889	1	0	0	0	0
tlm_inverse_gcd_reverse_body	71634889	71639263	4374	804	0	230	231
tlm_inverse_gcd_reverse_decode	71639263	71639427	164	19	0	3	8
tlm_inverse_gcd_reverse_apply	71639427	71639428	1	0	0	0	0
tlm_inverse_gcd_reverse_body	71639428	71643822	4394	808	0	231	232
tlm_inverse_gcd_reverse_decode	71643822	71643828	6	0	0	0	3
tlm_inverse_gcd_reverse_apply	71643828	71643829	1	0	0	0	0
tlm_inverse_gcd_reverse_body	71643829	71648243	4414	812	0	232	233
tlm_inverse_gcd_reverse_decode	71648243	71648249	6	0	0	0	3
tlm_inverse_gcd_reverse_apply	71648249	71648250	1	0	0	0	0
tlm_inverse_gcd_reverse_body	71648250	71652684	4434	816	0	233	234
tlm_inverse_gcd_reverse_decode	71652684	71652848	164	19	0	3	8
tlm_inverse_gcd_reverse_apply	71652848	71652849	1	0	0	0	0
tlm_inverse_gcd_reverse_body	71652849	71657303	4454	820	0	234	235
tlm_inverse_gcd_reverse_decode	71657303	71657309	6	0	0	0	3
tlm_inverse_gcd_reverse_apply	71657309	71657310	1	0	0	0	0
tlm_inverse_gcd_reverse_body	71657310	71661784	4474	824	0	235	236
tlm_inverse_gcd_reverse_decode	71661784	71661790	6	0	0	0	3
tlm_inverse_gcd_reverse_apply	71661790	71661791	1	0	0	0	0
tlm_inverse_gcd_reverse_body	71661791	71666271	4480	827	0	235	236
tlm_inverse_gcd_reverse_decode	71666271	71666435	164	19	0	3	8
tlm_inverse_gcd_reverse_apply	71666435	71666436	1	0	0	0	0
tlm_inverse_gcd_reverse_body	71666436	71670936	4500	831	0	236	237
tlm_inverse_gcd_reverse_decode	71670936	71670942	6	0	0	0	3
tlm_inverse_gcd_reverse_apply	71670942	71670943	1	0	0	0	0
tlm_inverse_gcd_reverse_body	71670943	71675463	4520	835	0	237	238
tlm_inverse_gcd_reverse_decode	71675463	71675469	6	0	0	0	3
tlm_inverse_gcd_reverse_apply	71675469	71675470	1	0	0	0	0
tlm_inverse_gcd_reverse_body	71675470	71680010	4540	839	0	238	239
tlm_inverse_gcd_reverse_decode	71680010	71680174	164	19	0	3	8
tlm_inverse_gcd_reverse_apply	71680174	71680175	1	0	0	0	0
tlm_inverse_gcd_reverse_body	71680175	71684735	4560	843	0	239	240
tlm_inverse_gcd_reverse_decode	71684735	71684741	6	0	0	0	3
tlm_inverse_gcd_reverse_apply	71684741	71684742	1	0	0	0	0
tlm_inverse_gcd_reverse_body	71684742	71689322	4580	847	0	240	241
tlm_inverse_gcd_reverse_decode	71689322	71689328	6	0	0	0	3
tlm_inverse_gcd_reverse_apply	71689328	71689329	1	0	0	0	0
tlm_inverse_gcd_reverse_body	71689329	71693929	4600	851	0	241	242
tlm_inverse_gcd_reverse_decode	71693929	71694093	164	19	0	3	8
tlm_inverse_gcd_reverse_apply	71694093	71694094	1	0	0	0	0
tlm_inverse_gcd_reverse_body	71694094	71698714	4620	855	0	242	243
tlm_inverse_gcd_reverse_decode	71698714	71698720	6	0	0	0	3
tlm_inverse_gcd_reverse_apply	71698720	71698721	1	0	0	0	0
tlm_inverse_gcd_reverse_body	71698721	71703361	4640	859	0	243	244
tlm_inverse_gcd_reverse_decode	71703361	71703367	6	0	0	0	3
tlm_inverse_gcd_reverse_apply	71703367	71703368	1	0	0	0	0
tlm_inverse_gcd_reverse_body	71703368	71708028	4660	863	0	244	245
tlm_inverse_gcd_reverse_decode	71708028	71708192	164	19	0	3	8
tlm_inverse_gcd_reverse_apply	71708192	71708193	1	0	0	0	0
tlm_inverse_gcd_reverse_body	71708193	71712873	4680	867	0	245	246
tlm_inverse_gcd_reverse_decode	71712873	71712879	6	0	0	0	3
tlm_inverse_gcd_reverse_apply	71712879	71712880	1	0	0	0	0
tlm_inverse_gcd_reverse_body	71712880	71717580	4700	871	0	246	247
tlm_inverse_gcd_reverse_decode	71717580	71717586	6	0	0	0	3
tlm_inverse_gcd_reverse_apply	71717586	71717587	1	0	0	0	0
tlm_inverse_gcd_reverse_body	71717587	71722293	4706	874	0	246	247
tlm_inverse_gcd_reverse_decode	71722293	71722457	164	19	0	3	8
tlm_inverse_gcd_reverse_apply	71722457	71722458	1	0	0	0	0
tlm_inverse_gcd_reverse_body	71722458	71727184	4726	878	0	247	248
tlm_inverse_gcd_reverse_decode	71727184	71727190	6	0	0	0	3
tlm_inverse_gcd_reverse_apply	71727190	71727191	1	0	0	0	0
tlm_inverse_gcd_reverse_body	71727191	71731937	4746	882	0	248	249
tlm_inverse_gcd_reverse_decode	71731937	71731943	6	0	0	0	3
tlm_inverse_gcd_reverse_apply	71731943	71731944	1	0	0	0	0
tlm_inverse_gcd_reverse_body	71731944	71736710	4766	886	0	249	250
tlm_inverse_gcd_reverse_decode	71736710	71736874	164	19	0	3	8
tlm_inverse_gcd_reverse_apply	71736874	71736875	1	0	0	0	0
tlm_inverse_gcd_reverse_body	71736875	71741661	4786	890	0	250	251
tlm_inverse_gcd_reverse_decode	71741661	71741667	6	0	0	0	3
tlm_inverse_gcd_reverse_apply	71741667	71741668	1	0	0	0	0
tlm_inverse_gcd_reverse_body	71741668	71746474	4806	894	0	251	252
tlm_inverse_gcd_reverse_decode	71746474	71746480	6	0	0	0	3
tlm_inverse_gcd_reverse_apply	71746480	71746481	1	0	0	0	0
tlm_inverse_gcd_reverse_body	71746481	71751293	4812	897	0	251	252
tlm_inverse_gcd_reverse_decode	71751293	71751457	164	19	0	3	8
tlm_inverse_gcd_reverse_apply	71751457	71751458	1	0	0	0	0
tlm_inverse_gcd_reverse_body	71751458	71756304	4846	902	0	253	254
tlm_inverse_gcd_reverse_decode	71756304	71756310	6	0	0	0	3
tlm_inverse_gcd_reverse_apply	71756310	71756311	1	0	0	0	0
tlm_inverse_gcd_reverse_body	71756311	71761163	4852	905	0	253	254
tlm_inverse_gcd_reverse_decode	71761163	71761169	6	0	0	0	3
tlm_inverse_gcd_reverse_apply	71761169	71761170	1	0	0	0	0
tlm_inverse_gcd_reverse_body	71761170	71766056	4886	910	0	255	256
tlm_inverse_gcd_reverse_decode	71766056	71766220	164	19	0	3	8
tlm_inverse_gcd_reverse_apply	71766220	71766221	1	0	0	0	0
tlm_inverse_gcd_reverse_body	71766221	71771113	4892	913	0	255	256
tlm_inverse_gcd_reverse_decode	71771113	71771119	6	0	0	0	3
tlm_inverse_gcd_reverse_apply	71771119	71771120	1	0	0	0	0
tlm_inverse_gcd_reverse_body	71771120	71776032	4912	917	0	256	257
tlm_inverse_gcd_reverse_decode	71776032	71776038	6	0	0	0	3
tlm_inverse_gcd_reverse_apply	71776038	71776039	1	0	0	0	0
tlm_inverse_gcd_reverse_body	71776039	71780971	4932	921	0	257	258
tlm_inverse_gcd_reverse_decode	71780971	71781135	164	19	0	3	8
tlm_inverse_gcd_reverse_apply	71781135	71781136	1	0	0	0	0
tlm_inverse_gcd_reverse_body	71781136	71786088	4952	925	0	258	259
tlm_inverse_gcd_reverse_decode	71786088	71786094	6	0	0	0	3
tlm_inverse_gcd_reverse_apply	71786094	71786095	1	0	0	0	0
tlm_inverse_gcd_reverse_body	71786095	71791053	4958	928	0	258	259
tlm_inverse_gcd_reverse_decode	71791053	71791059	6	0	0	0	3
tlm_inverse_gcd_reverse_apply	71791059	71791060	1	0	0	0	0
tlm_inverse_gcd_reverse_body	71791060	71796052	4992	933	0	260	261
tlm_inverse_gcd_reverse_decode	71796052	71796216	164	19	0	3	8
tlm_inverse_gcd_reverse_apply	71796216	71796217	1	0	0	0	0
tlm_inverse_gcd_reverse_body	71796217	71801229	5012	937	0	261	262
tlm_inverse_gcd_reverse_decode	71801229	71801235	6	0	0	0	3
tlm_inverse_gcd_reverse_apply	71801235	71801236	1	0	0	0	0
tlm_inverse_gcd_reverse_body	71801236	71806268	5032	941	0	262	263
tlm_inverse_gcd_reverse_decode	71806268	71806274	6	0	0	0	3
tlm_inverse_gcd_reverse_apply	71806274	71806275	1	0	0	0	0
tlm_inverse_gcd_reverse_body	71806275	71811313	5038	944	0	262	263
tlm_inverse_gcd_reverse_decode	71811313	71811477	164	19	0	3	8
tlm_inverse_gcd_reverse_apply	71811477	71811478	1	0	0	0	0
tlm_inverse_gcd_reverse_body	71811478	71816550	5072	949	0	264	265
tlm_inverse_gcd_reverse_decode	71816550	71816556	6	0	0	0	3
tlm_inverse_gcd_reverse_apply	71816556	71816557	1	0	0	0	0
tlm_inverse_gcd_reverse_body	71816557	71821635	5078	952	0	264	265
tlm_inverse_gcd_reverse_decode	71821635	71821641	6	0	0	0	3
tlm_inverse_gcd_reverse_apply	71821641	71821642	1	0	0	0	0
tlm_inverse_gcd_reverse_body	71821642	71826740	5098	956	0	265	266
tlm_inverse_gcd_reverse_decode	71826740	71826904	164	19	0	3	8
tlm_inverse_gcd_reverse_apply	71826904	71826905	1	0	0	0	0
tlm_inverse_gcd_reverse_body	71826905	71832023	5118	960	0	266	267
tlm_inverse_gcd_reverse_decode	71832023	71832029	6	0	0	0	3
tlm_inverse_gcd_reverse_apply	71832029	71832030	1	0	0	0	0
tlm_inverse_gcd_reverse_body	71832030	71837168	5138	964	0	267	268
tlm_inverse_gcd_reverse_decode	71837168	71837174	6	0	0	0	3
tlm_inverse_gcd_reverse_apply	71837174	71837175	1	0	0	0	0
tlm_inverse_gcd_reverse_body	71837175	71842319	5144	967	0	267	268
tlm_inverse_gcd_reverse_decode	71842319	71842483	164	19	0	3	8
tlm_inverse_gcd_reverse_apply	71842483	71842484	1	0	0	0	0
tlm_inverse_gcd_reverse_body	71842484	71847676	5192	973	0	270	271
tlm_inverse_gcd_reverse_decode	71847676	71847682	6	0	0	0	3
tlm_inverse_gcd_reverse_apply	71847682	71847683	1	0	0	0	0
tlm_inverse_gcd_reverse_body	71847683	71852867	5184	975	0	269	270
tlm_inverse_gcd_reverse_decode	71852867	71852873	6	0	0	0	3
tlm_inverse_gcd_reverse_apply	71852873	71852874	1	0	0	0	0
tlm_inverse_gcd_reverse_body	71852874	71858078	5204	979	0	270	271
tlm_inverse_gcd_reverse_decode	71858078	71858242	164	19	0	3	8
tlm_inverse_gcd_reverse_apply	71858242	71858243	1	0	0	0	0
tlm_inverse_gcd_reverse_body	71858243	71863481	5238	984	0	272	273
tlm_inverse_gcd_reverse_decode	71863481	71863487	6	0	0	0	3
tlm_inverse_gcd_reverse_apply	71863487	71863488	1	0	0	0	0
tlm_inverse_gcd_reverse_body	71863488	71868732	5244	987	0	272	273
tlm_inverse_gcd_reverse_decode	71868732	71868738	6	0	0	0	3
tlm_inverse_gcd_reverse_apply	71868738	71868739	1	0	0	0	0
tlm_inverse_gcd_reverse_body	71868739	71874003	5264	991	0	273	274
tlm_inverse_gcd_reverse_decode	71874003	71874167	164	19	0	3	8
tlm_inverse_gcd_reverse_apply	71874167	71874168	1	0	0	0	0
tlm_inverse_gcd_reverse_body	71874168	71879466	5298	996	0	275	276
tlm_inverse_gcd_reverse_decode	71879466	71879472	6	0	0	0	3
tlm_inverse_gcd_reverse_apply	71879472	71879473	1	0	0	0	0
tlm_inverse_gcd_reverse_body	71879473	71884791	5318	1000	0	276	277
tlm_inverse_gcd_reverse_decode	71884791	71884797	6	0	0	0	3
tlm_inverse_gcd_reverse_apply	71884797	71884798	1	0	0	0	0
tlm_inverse_gcd_reverse_body	71884798	71890108	5310	1002	0	275	276
tlm_inverse_gcd_reverse_decode	71890108	71890272	164	19	0	3	8
tlm_inverse_gcd_reverse_apply	71890272	71890273	1	0	0	0	0
tlm_inverse_gcd_reverse_body	71890273	71895617	5344	1007	0	277	278
tlm_inverse_gcd_reverse_decode	71895617	71895623	6	0	0	0	3
tlm_inverse_gcd_reverse_apply	71895623	71895624	1	0	0	0	0
tlm_inverse_gcd_reverse_body	71895624	71900988	5364	1011	0	278	279
tlm_inverse_gcd_reverse_decode	71900988	71900994	6	0	0	0	3
tlm_inverse_gcd_reverse_apply	71900994	71900995	1	0	0	0	0
tlm_inverse_gcd_reverse_body	71900995	71906379	5384	1015	0	279	280
tlm_inverse_gcd_reverse_decode	71906379	71906543	164	19	0	3	8
tlm_inverse_gcd_reverse_apply	71906543	71906544	1	0	0	0	0
tlm_inverse_gcd_reverse_body	71906544	71911934	5390	1018	0	279	280
tlm_inverse_gcd_reverse_decode	71911934	71911940	6	0	0	0	3
tlm_inverse_gcd_reverse_apply	71911940	71911941	1	0	0	0	0
tlm_inverse_gcd_reverse_body	71911941	71917365	5424	1023	0	281	282
tlm_inverse_gcd_reverse_decode	71917365	71917371	6	0	0	0	3
tlm_inverse_gcd_reverse_apply	71917371	71917372	1	0	0	0	0
tlm_inverse_gcd_reverse_body	71917372	71922816	5444	1027	0	282	283
tlm_inverse_gcd_reverse_decode	71922816	71922980	164	19	0	3	8
tlm_inverse_gcd_reverse_apply	71922980	71922981	1	0	0	0	0
tlm_inverse_gcd_reverse_body	71922981	71928431	5450	1030	0	282	283
tlm_inverse_gcd_reverse_decode	71928431	71928437	6	0	0	0	3
tlm_inverse_gcd_reverse_apply	71928437	71928438	1	0	0	0	0
tlm_inverse_gcd_reverse_body	71928438	71933908	5470	1034	0	283	284
tlm_inverse_gcd_reverse_decode	71933908	71933914	6	0	0	0	3
tlm_inverse_gcd_reverse_apply	71933914	71933915	1	0	0	0	0
tlm_inverse_gcd_reverse_body	71933915	71939405	5490	1038	0	284	285
tlm_inverse_gcd_reverse_decode	71939405	71939569	164	19	0	3	8
tlm_inverse_gcd_reverse_apply	71939569	71939570	1	0	0	0	0
tlm_inverse_gcd_reverse_body	71939570	71945080	5510	1042	0	285	286
tlm_inverse_gcd_reverse_decode	71945080	71945086	6	0	0	0	3
tlm_inverse_gcd_reverse_apply	71945086	71945087	1	0	0	0	0
tlm_inverse_gcd_reverse_body	71945087	71950617	5530	1046	0	286	287
tlm_inverse_gcd_reverse_decode	71950617	71950623	6	0	0	0	3
tlm_inverse_gcd_reverse_apply	71950623	71950624	1	0	0	0	0
tlm_inverse_gcd_reverse_body	71950624	71956174	5550	1050	0	287	288
tlm_inverse_gcd_reverse_decode	71956174	71956338	164	19	0	3	8
tlm_inverse_gcd_reverse_apply	71956338	71956339	1	0	0	0	0
tlm_inverse_gcd_reverse_body	71956339	71961861	5522	1048	0	285	286
tlm_inverse_gcd_reverse_decode	71961861	71961867	6	0	0	0	3
tlm_inverse_gcd_reverse_apply	71961867	71961868	1	0	0	0	0
tlm_inverse_gcd_reverse_body	71961868	71967390	5522	1048	0	285	286
tlm_inverse_gcd_reverse_decode	71967390	71967396	6	0	0	0	3
tlm_inverse_gcd_reverse_apply	71967396	71967397	1	0	0	0	0
tlm_inverse_gcd_reverse_body	71967397	71972891	5494	1046	0	283	284
tlm_inverse_gcd_reverse_decode	71972891	71973055	164	19	0	3	8
tlm_inverse_gcd_reverse_apply	71973055	71973056	1	0	0	0	0
tlm_inverse_gcd_reverse_body	71973056	71978536	5480	1045	0	282	283
tlm_inverse_gcd_reverse_decode	71978536	71978542	6	0	0	0	3
tlm_inverse_gcd_reverse_apply	71978542	71978543	1	0	0	0	0
tlm_inverse_gcd_reverse_body	71978543	71984023	5480	1045	0	282	283
tlm_inverse_gcd_reverse_decode	71984023	71984029	6	0	0	0	3
tlm_inverse_gcd_reverse_apply	71984029	71984030	1	0	0	0	0
tlm_inverse_gcd_reverse_body	71984030	71989482	5452	1043	0	280	281
tlm_inverse_gcd_reverse_decode	71989482	71989646	164	19	0	3	8
tlm_inverse_gcd_reverse_apply	71989646	71989647	1	0	0	0	0
tlm_inverse_gcd_reverse_body	71989647	71995085	5438	1042	0	279	280
tlm_inverse_gcd_reverse_decode	71995085	71995091	6	0	0	0	3
tlm_inverse_gcd_reverse_apply	71995091	71995092	1	0	0	0	0
tlm_inverse_gcd_reverse_body	71995092	72000516	5424	1041	0	278	279
tlm_inverse_gcd_reverse_decode	72000516	72000522	6	0	0	0	3
tlm_inverse_gcd_reverse_apply	72000522	72000523	1	0	0	0	0
tlm_inverse_gcd_reverse_body	72000523	72005948	5425	1041	0	278	280
tlm_inverse_gcd_reverse_decode_initial	72005948	72005958	10	1	0	0	3
tlm_inverse_gcd_reverse_apply_initial	72005958	72005959	1	0	0	0	0
tlm_inverse_gcd_reverse_body_initial	72005959	72011565	5606	1273	0	254	256
tlm_gcd_step_end_initial	72011565	72012073	508	0	0	0	258
window_qrom_3x_load_walk	72012073	89052187	17040114	33022	0	32766	32766
tlm_coord_add3x	89052187	89060434	8247	1070	8	472	479
window_qrom_3x_unload_walk	89060434	89062226	1792	256	0	512	512
window_qrom_3x_unload_clear	89062226	105842894	16780668	764	0	0	384
square_sum_hi_lo	105842894	105843920	1026	256	0	0	1
square_c_sum_build	105843920	105939755	95835	9283	0	8513	518
tlm_apply_inverse_mod_sub_register_initial	105939755	105946342	6587	769	20	420	422
tlm_apply_inverse_mod_sub_fold_initial	105946342	105947321	979	85	6	85	85
tlm_apply_inverse_mod_sub_clean_initial	105947321	105947764	443	19	0	20	150
tlm_apply_inverse_mod_sub_register_initial	105947764	105952225	4461	557	2	300	302
tlm_apply_inverse_mod_sub_fold_initial	105952225	105953204	979	85	6	85	85
tlm_apply_inverse_mod_sub_clean_initial	105953204	105953645	441	19	0	20	148
tlm_apply_inverse_mod_sub_register_initial	105953645	105958106	4461	557	2	300	302
tlm_apply_inverse_mod_sub_fold_initial	105958106	105959085	979	85	6	85	85
tlm_apply_inverse_mod_sub_clean_initial	105959085	105959526	441	19	0	20	148
tlm_apply_forward_mod_add_register_initial	105959526	105963475	3949	557	2	300	302
tlm_apply_forward_mod_add_fold_initial	105963475	105964028	553	55	2	55	55
tlm_apply_forward_mod_add_clean_initial	105964028	105964433	405	19	0	20	148
tlm_apply_inverse_mod_sub_register_initial	105964433	105968894	4461	557	2	300	302
tlm_apply_inverse_mod_sub_fold_initial	105968894	105969873	979	85	6	85	85
tlm_apply_inverse_mod_sub_clean_initial	105969873	105970314	441	19	0	20	148
tlm_apply_inverse_mod_sub_register_initial	105970314	105974775	4461	557	2	300	302
tlm_apply_inverse_mod_sub_fold_initial	105974775	105975754	979	85	6	85	85
tlm_apply_inverse_mod_sub_clean_initial	105975754	105976195	441	19	0	20	148
square_c_sum_unbuild	105976195	106072287	96092	9283	0	8513	776
square_a_lo_build	106072287	106166675	94388	9147	0	8383	514
tlm_apply_inverse_mod_sub_register_initial	106166675	106170823	4148	535	1	278	279
tlm_apply_inverse_mod_sub_fold_initial	106170823	106171802	979	85	6	85	85
tlm_apply_inverse_mod_sub_clean_initial	106171802	106172117	315	19	0	20	22
tlm_apply_forward_mod_add_register_initial	106172117	106176066	3949	557	2	300	302
tlm_apply_forward_mod_add_fold_initial	106176066	106176619	553	55	2	55	55
tlm_apply_forward_mod_add_clean_initial	106176619	106177026	407	19	0	20	150
tlm_apply_forward_mod_add_register_initial	106177026	106180975	3949	557	2	300	302
tlm_apply_forward_mod_add_fold_initial	106180975	106181528	553	55	2	55	55
tlm_apply_forward_mod_add_clean_initial	106181528	106181935	407	19	0	20	150
tlm_apply_forward_mod_add_register_initial	106181935	106185884	3949	557	2	300	302
tlm_apply_forward_mod_add_fold_initial	106185884	106186437	553	55	2	55	55
tlm_apply_forward_mod_add_clean_initial	106186437	106186844	407	19	0	20	150
tlm_apply_inverse_mod_sub_register_initial	106186844	106191305	4461	557	2	300	302
tlm_apply_inverse_mod_sub_fold_initial	106191305	106192304	999	87	7	87	87
tlm_apply_inverse_mod_sub_clean_initial	106192304	106192747	443	19	0	20	150
tlm_apply_forward_mod_add_register_initial	106192747	106196696	3949	557	2	300	302
tlm_apply_forward_mod_add_fold_initial	106196696	106197249	553	55	2	55	55
tlm_apply_forward_mod_add_clean_initial	106197249	106197656	407	19	0	20	150
tlm_apply_forward_mod_add_register_initial	106197656	106201605	3949	557	2	300	302
tlm_apply_forward_mod_add_fold_initial	106201605	106202158	553	55	2	55	55
tlm_apply_forward_mod_add_clean_initial	106202158	106202565	407	19	0	20	150
square_a_lo_unbuild	106202565	106297208	94643	9147	0	8383	770
square_b_hi_build	106297208	106391596	94388	9147	0	8383	514
tlm_apply_forward_mod_add_register_initial	106391596	106395545	3949	557	2	300	302
tlm_apply_forward_mod_add_fold_initial	106395545	106396098	553	55	2	55	55
tlm_apply_forward_mod_add_clean_initial	106396098	106396505	407	19	0	20	150
tlm_apply_forward_mod_add_register_initial	106396505	106400454	3949	557	2	300	302
tlm_apply_forward_mod_add_fold_initial	106400454	106401007	553	55	2	55	55
tlm_apply_forward_mod_add_clean_initial	106401007	106401414	407	19	0	20	150
tlm_apply_forward_mod_add_register_initial	106401414	106405363	3949	557	2	300	302
tlm_apply_forward_mod_add_fold_initial	106405363	106405916	553	55	2	55	55
tlm_apply_forward_mod_add_clean_initial	106405916	106406323	407	19	0	20	150
tlm_apply_inverse_mod_sub_register_initial	106406323	106410784	4461	557	2	300	302
tlm_apply_inverse_mod_sub_fold_initial	106410784	106411763	979	85	6	85	85
tlm_apply_inverse_mod_sub_clean_initial	106411763	106412206	443	19	0	20	150
tlm_apply_forward_mod_add_register_initial	106412206	106416155	3949	557	2	300	302
tlm_apply_forward_mod_add_fold_initial	106416155	106416708	553	55	2	55	55
tlm_apply_forward_mod_add_clean_initial	106416708	106417115	407	19	0	20	150
tlm_apply_forward_mod_add_register_initial	106417115	106421064	3949	557	2	300	302
tlm_apply_forward_mod_add_fold_initial	106421064	106421617	553	55	2	55	55
tlm_apply_forward_mod_add_clean_initial	106421617	106422024	407	19	0	20	150
tlm_apply_inverse_mod_sub_register_initial	106422024	106426172	4148	535	1	278	279
tlm_apply_inverse_mod_sub_fold_initial	106426172	106427151	979	85	6	85	85
tlm_apply_inverse_mod_sub_clean_initial	106427151	106430706	3555	239	8	240	242
tlm_apply_inverse_mod_sub_register_initial	106430706	106434854	4148	535	1	278	279
tlm_apply_inverse_mod_sub_fold_initial	106434854	106435833	979	85	6	85	85
tlm_apply_inverse_mod_sub_clean_initial	106435833	106437768	1935	129	4	130	132
tlm_apply_forward_mod_add_register_initial	106437768	106441404	3636	535	1	278	279
tlm_apply_forward_mod_add_fold_initial	106441404	106441957	553	55	2	55	55
tlm_apply_forward_mod_add_clean_initial	106441957	106445476	3519	239	8	240	242
tlm_apply_inverse_mod_sub_register_initial	106445476	106449624	4148	535	1	278	279
tlm_apply_inverse_mod_sub_fold_initial	106449624	106450567	943	82	5	82	82
tlm_apply_inverse_mod_sub_clean_initial	106450567	106468702	18135	1229	44	1230	1232
tlm_apply_inverse_mod_sub_register_initial	106468702	106472850	4148	535	1	278	279
tlm_apply_inverse_mod_sub_fold_initial	106472850	106473791	941	82	5	82	82
tlm_apply_inverse_mod_sub_clean_initial	106473791	106503419	29628	1779	64	1780	1783
square_b_hi_unbuild	106503419	106598062	94643	9147	0	8383	770
square_sum_hi_lo_unbuild	106598062	106599482	1420	258	0	0	131
tlm_forward_multiply	106599482	106599732	250	0	0	0	0
tlm_multiply_gcd_forward_shift_initial	106599732	106601264	1532	509	0	0	0
tlm_multiply_gcd_forward_compare_initial	106601264	106602030	766	255	0	0	0
tlm_multiply_gcd_forward_body_initial	106602030	106605851	3821	509	0	254	255
tlm_multiply_gcd_forward_apply_initial	106605851	106605852	1	0	0	0	0
tlm_multiply_gcd_forward_codec_initial	106605852	106605861	9	1	0	0	2
tlm_multiply_gcd_forward_shift	106605861	106606881	1020	254	0	0	0
tlm_multiply_gcd_forward_compare	106606881	106607975	1094	279	0	23	24
tlm_multiply_gcd_forward_body	106607975	106611796	3821	509	0	254	255
tlm_multiply_gcd_forward_apply	106611796	106611797	1	0	0	0	0
tlm_multiply_gcd_forward_codec	106611797	106611800	3	0	0	0	0
tlm_multiply_gcd_forward_shift	106611800	106612820	1020	254	0	0	0
tlm_multiply_gcd_forward_compare	106612820	106613914	1094	279	0	23	24
tlm_multiply_gcd_forward_body	106613914	106617735	3821	509	0	254	255
tlm_multiply_gcd_forward_apply	106617735	106617736	1	0	0	0	0
tlm_multiply_gcd_forward_codec	106617736	106617739	3	0	0	0	0
tlm_multiply_gcd_forward_shift	106617739	106618759	1020	254	0	0	0
tlm_multiply_gcd_forward_compare	106618759	106619867	1108	280	0	24	25
tlm_multiply_gcd_forward_body	106619867	106623688	3821	509	0	254	255
tlm_multiply_gcd_forward_apply	106623688	106623689	1	0	0	0	0
tlm_multiply_gcd_forward_codec	106623689	106623855	166	18	0	4	7
tlm_multiply_gcd_forward_shift	106623855	106624875	1020	254	0	0	0
tlm_multiply_gcd_forward_compare	106624875	106625997	1122	281	0	25	26
tlm_multiply_gcd_forward_body	106625997	106629818	3821	509	0	254	255
tlm_multiply_gcd_forward_apply	106629818	106629819	1	0	0	0	0
tlm_multiply_gcd_forward_codec	106629819	106629822	3	0	0	0	0
tlm_multiply_gcd_forward_shift	106629822	106630842	1020	254	0	0	0
tlm_multiply_gcd_forward_compare	106630842	106631992	1150	283	0	27	28
tlm_multiply_gcd_forward_body	106631992	106635813	3821	509	0	254	255
tlm_multiply_gcd_forward_apply	106635813	106635814	1	0	0	0	0
tlm_multiply_gcd_forward_codec	106635814	106635817	3	0	0	0	0
tlm_multiply_gcd_forward_shift	106635817	106636837	1020	254	0	0	0
tlm_multiply_gcd_forward_compare	106636837	106637987	1150	283	0	27	28
tlm_multiply_gcd_forward_body	106637987	106641808	3821	509	0	254	255
tlm_multiply_gcd_forward_apply	106641808	106641809	1	0	0	0	0
tlm_multiply_gcd_forward_codec	106641809	106641975	166	18	0	4	7
tlm_multiply_gcd_forward_shift	106641975	106642995	1020	254	0	0	0
tlm_multiply_gcd_forward_compare	106642995	106644159	1164	284	0	28	29
tlm_multiply_gcd_forward_body	106644159	106647980	3821	509	0	254	255
tlm_multiply_gcd_forward_apply	106647980	106647981	1	0	0	0	0
tlm_multiply_gcd_forward_codec	106647981	106647984	3	0	0	0	0
tlm_multiply_gcd_forward_shift	106647984	106649004	1020	254	0	0	0
tlm_multiply_gcd_forward_compare	106649004	106650196	1192	286	0	30	31
tlm_multiply_gcd_forward_body	106650196	106654017	3821	509	0	254	255
tlm_multiply_gcd_forward_apply	106654017	106654018	1	0	0	0	0
tlm_multiply_gcd_forward_codec	106654018	106654021	3	0	0	0	0
tlm_multiply_gcd_forward_shift	106654021	106655041	1020	254	0	0	0
tlm_multiply_gcd_forward_compare	106655041	106656233	1192	286	0	30	31
tlm_multiply_gcd_forward_body	106656233	106660054	3821	509	0	254	255
tlm_multiply_gcd_forward_apply	106660054	106660055	1	0	0	0	0
tlm_multiply_gcd_forward_codec	106660055	106660221	166	18	0	4	7
tlm_multiply_gcd_forward_shift	106660221	106661241	1020	254	0	0	0
tlm_multiply_gcd_forward_compare	106661241	106662461	1220	288	0	32	33
tlm_multiply_gcd_forward_body	106662461	106666282	3821	509	0	254	255
tlm_multiply_gcd_forward_apply	106666282	106666283	1	0	0	0	0
tlm_multiply_gcd_forward_codec	106666283	106666286	3	0	0	0	0
tlm_multiply_gcd_forward_shift	106666286	106667304	1018	253	0	0	2
tlm_multiply_gcd_forward_compare	106667304	106668521	1217	287	0	32	33
tlm_multiply_gcd_forward_body	106668521	106672327	3806	507	0	253	254
tlm_multiply_gcd_forward_apply	106672327	106672328	1	0	0	0	0
tlm_multiply_gcd_forward_codec	106672328	106672331	3	0	0	0	0
tlm_multiply_gcd_forward_shift	106672331	106673345	1014	252	0	0	2
tlm_multiply_gcd_forward_compare	106673345	106674559	1214	286	0	32	33
tlm_multiply_gcd_forward_body	106674559	106678350	3791	505	0	252	253
tlm_multiply_gcd_forward_apply	106678350	106678351	1	0	0	0	0
tlm_multiply_gcd_forward_codec	106678351	106678517	166	18	0	4	7
tlm_multiply_gcd_forward_shift	106678517	106679527	1010	251	0	0	2
tlm_multiply_gcd_forward_compare	106679527	106680738	1211	285	0	32	33
tlm_multiply_gcd_forward_body	106680738	106684514	3776	503	0	251	252
tlm_multiply_gcd_forward_apply	106684514	106684515	1	0	0	0	0
tlm_multiply_gcd_forward_codec	106684515	106684518	3	0	0	0	0
tlm_multiply_gcd_forward_shift	106684518	106685524	1006	250	0	0	2
tlm_multiply_gcd_forward_compare	106685524	106686732	1208	284	0	32	33
tlm_multiply_gcd_forward_body	106686732	106690493	3761	501	0	250	251
tlm_multiply_gcd_forward_apply	106690493	106690494	1	0	0	0	0
tlm_multiply_gcd_forward_codec	106690494	106690497	3	0	0	0	0
tlm_multiply_gcd_forward_shift	106690497	106691499	1002	249	0	0	2
tlm_multiply_gcd_forward_compare	106691499	106692704	1205	283	0	32	33
tlm_multiply_gcd_forward_body	106692704	106696450	3746	499	0	249	250
tlm_multiply_gcd_forward_apply	106696450	106696451	1	0	0	0	0
tlm_multiply_gcd_forward_codec	106696451	106696617	166	18	0	4	7
tlm_multiply_gcd_forward_shift	106696617	106697615	998	248	0	0	2
tlm_multiply_gcd_forward_compare	106697615	106698831	1216	283	0	33	34
tlm_multiply_gcd_forward_body	106698831	106702562	3731	497	0	248	249
tlm_multiply_gcd_forward_apply	106702562	106702563	1	0	0	0	0
tlm_multiply_gcd_forward_codec	106702563	106702566	3	0	0	0	0
tlm_multiply_gcd_forward_shift	106702566	106703560	994	247	0	0	2
tlm_multiply_gcd_forward_compare	106703560	106704773	1213	282	0	33	34
tlm_multiply_gcd_forward_body	106704773	106708489	3716	495	0	247	248
tlm_multiply_gcd_forward_apply	106708489	106708490	1	0	0	0	0
tlm_multiply_gcd_forward_codec	106708490	106708493	3	0	0	0	0
tlm_multiply_gcd_forward_shift	106708493	106709483	990	246	0	0	2
tlm_multiply_gcd_forward_compare	106709483	106710679	1196	280	0	32	33
tlm_multiply_gcd_forward_body	106710679	106714380	3701	493	0	246	247
tlm_multiply_gcd_forward_apply	106714380	106714381	1	0	0	0	0
tlm_multiply_gcd_forward_codec	106714381	106714547	166	18	0	4	7
tlm_multiply_gcd_forward_shift	106714547	106715533	986	245	0	0	2
tlm_multiply_gcd_forward_compare	106715533	106716740	1207	280	0	33	34
tlm_multiply_gcd_forward_body	106716740	106720426	3686	491	0	245	246
tlm_multiply_gcd_forward_apply	106720426	106720427	1	0	0	0	0
tlm_multiply_gcd_forward_codec	106720427	106720430	3	0	0	0	0
tlm_multiply_gcd_forward_shift	106720430	106721412	982	244	0	0	2
tlm_multiply_gcd_forward_compare	106721412	106722616	1204	279	0	33	34
tlm_multiply_gcd_forward_body	106722616	106726287	3671	489	0	244	245
tlm_multiply_gcd_forward_apply	106726287	106726288	1	0	0	0	0
tlm_multiply_gcd_forward_codec	106726288	106726291	3	0	0	0	0
tlm_multiply_gcd_forward_shift	106726291	106727269	978	243	0	0	2
tlm_multiply_gcd_forward_compare	106727269	106728470	1201	278	0	33	34
tlm_multiply_gcd_forward_body	106728470	106732126	3656	487	0	243	244
tlm_multiply_gcd_forward_apply	106732126	106732127	1	0	0	0	0
tlm_multiply_gcd_forward_codec	106732127	106732293	166	18	0	4	7
tlm_multiply_gcd_forward_shift	106732293	106733267	974	242	0	0	2
tlm_multiply_gcd_forward_compare	106733267	106734451	1184	276	0	32	33
tlm_multiply_gcd_forward_body	106734451	106738092	3641	485	0	242	243
tlm_multiply_gcd_forward_apply	106738092	106738093	1	0	0	0	0
tlm_multiply_gcd_forward_codec	106738093	106738096	3	0	0	0	0
tlm_multiply_gcd_forward_shift	106738096	106739066	970	241	0	0	2
tlm_multiply_gcd_forward_compare	106739066	106740275	1209	277	0	34	35
tlm_multiply_gcd_forward_body	106740275	106743901	3626	483	0	241	242
tlm_multiply_gcd_forward_apply	106743901	106743902	1	0	0	0	0
tlm_multiply_gcd_forward_codec	106743902	106743905	3	0	0	0	0
tlm_multiply_gcd_forward_shift	106743905	106744871	966	240	0	0	2
tlm_multiply_gcd_forward_compare	106744871	106746077	1206	276	0	34	35
tlm_multiply_gcd_forward_body	106746077	106749688	3611	481	0	240	241
tlm_multiply_gcd_forward_apply	106749688	106749689	1	0	0	0	0
tlm_multiply_gcd_forward_codec	106749689	106749855	166	18	0	4	7
tlm_multiply_gcd_forward_shift	106749855	106750817	962	239	0	0	2
tlm_multiply_gcd_forward_compare	106750817	106752006	1189	274	0	33	34
tlm_multiply_gcd_forward_body	106752006	106755602	3596	479	0	239	240
tlm_multiply_gcd_forward_apply	106755602	106755603	1	0	0	0	0
tlm_multiply_gcd_forward_codec	106755603	106755606	3	0	0	0	0
tlm_multiply_gcd_forward_shift	106755606	106756564	958	238	0	0	2
tlm_multiply_gcd_forward_compare	106756564	106757750	1186	273	0	33	34
tlm_multiply_gcd_forward_body	106757750	106761331	3581	477	0	238	239
tlm_multiply_gcd_forward_apply	106761331	106761332	1	0	0	0	0
tlm_multiply_gcd_forward_codec	106761332	106761335	3	0	0	0	0
tlm_multiply_gcd_forward_shift	106761335	106762289	954	237	0	0	2
tlm_multiply_gcd_forward_compare	106762289	106763486	1197	273	0	34	35
tlm_multiply_gcd_forward_body	106763486	106767052	3566	475	0	237	238
tlm_multiply_gcd_forward_apply	106767052	106767053	1	0	0	0	0
tlm_multiply_gcd_forward_codec	106767053	106767219	166	18	0	4	7
tlm_multiply_gcd_forward_shift	106767219	106768169	950	236	0	0	2
tlm_multiply_gcd_forward_compare	106768169	106769349	1180	271	0	33	34
tlm_multiply_gcd_forward_body	106769349	106772900	3551	473	0	236	237
tlm_multiply_gcd_forward_apply	106772900	106772901	1	0	0	0	0
tlm_multiply_gcd_forward_codec	106772901	106772904	3	0	0	0	0
tlm_multiply_gcd_forward_shift	106772904	106773850	946	235	0	0	2
tlm_multiply_gcd_forward_compare	106773850	106775027	1177	270	0	33	34
tlm_multiply_gcd_forward_body	106775027	106778563	3536	471	0	235	236
tlm_multiply_gcd_forward_apply	106778563	106778564	1	0	0	0	0
tlm_multiply_gcd_forward_codec	106778564	106778567	3	0	0	0	0
tlm_multiply_gcd_forward_shift	106778567	106779509	942	234	0	0	2
tlm_multiply_gcd_forward_compare	106779509	106780711	1202	271	0	35	36
tlm_multiply_gcd_forward_body	106780711	106784232	3521	469	0	234	235
tlm_multiply_gcd_forward_apply	106784232	106784233	1	0	0	0	0
tlm_multiply_gcd_forward_codec	106784233	106784399	166	18	0	4	7
tlm_multiply_gcd_forward_shift	106784399	106785337	938	233	0	0	2
tlm_multiply_gcd_forward_compare	106785337	106786508	1171	268	0	33	34
tlm_multiply_gcd_forward_body	106786508	106790014	3506	467	0	233	234
tlm_multiply_gcd_forward_apply	106790014	106790015	1	0	0	0	0
tlm_multiply_gcd_forward_codec	106790015	106790018	3	0	0	0	0
tlm_multiply_gcd_forward_shift	106790018	106790952	934	232	0	0	2
tlm_multiply_gcd_forward_compare	106790952	106792134	1182	268	0	34	35
tlm_multiply_gcd_forward_body	106792134	106795625	3491	465	0	232	233
tlm_multiply_gcd_forward_apply	106795625	106795626	1	0	0	0	0
tlm_multiply_gcd_forward_codec	106795626	106795629	3	0	0	0	0
tlm_multiply_gcd_forward_shift	106795629	106796559	930	231	0	0	2
tlm_multiply_gcd_forward_compare	106796559	106797738	1179	267	0	34	35
tlm_multiply_gcd_forward_body	106797738	106801214	3476	463	0	231	232
tlm_multiply_gcd_forward_apply	106801214	106801215	1	0	0	0	0
tlm_multiply_gcd_forward_codec	106801215	106801381	166	18	0	4	7
tlm_multiply_gcd_forward_shift	106801381	106802307	926	230	0	0	2
tlm_multiply_gcd_forward_compare	106802307	106803483	1176	266	0	34	35
tlm_multiply_gcd_forward_body	106803483	106806944	3461	461	0	230	231
tlm_multiply_gcd_forward_apply	106806944	106806945	1	0	0	0	0
tlm_multiply_gcd_forward_codec	106806945	106806948	3	0	0	0	0
tlm_multiply_gcd_forward_shift	106806948	106807870	922	229	0	0	2
tlm_multiply_gcd_forward_compare	106807870	106809043	1173	265	0	34	35
tlm_multiply_gcd_forward_body	106809043	106812489	3446	459	0	229	230
tlm_multiply_gcd_forward_apply	106812489	106812490	1	0	0	0	0
tlm_multiply_gcd_forward_codec	106812490	106812493	3	0	0	0	0
tlm_multiply_gcd_forward_shift	106812493	106813411	918	228	0	0	2
tlm_multiply_gcd_forward_compare	106813411	106814595	1184	265	0	35	36
tlm_multiply_gcd_forward_body	106814595	106818026	3431	457	0	228	229
tlm_multiply_gcd_forward_apply	106818026	106818027	1	0	0	0	0
tlm_multiply_gcd_forward_codec	106818027	106818193	166	18	0	4	7
tlm_multiply_gcd_forward_shift	106818193	106819107	914	227	0	0	2
tlm_multiply_gcd_forward_compare	106819107	106820274	1167	263	0	34	35
tlm_multiply_gcd_forward_body	106820274	106823690	3416	455	0	227	228
tlm_multiply_gcd_forward_apply	106823690	106823691	1	0	0	0	0
tlm_multiply_gcd_forward_codec	106823691	106823694	3	0	0	0	0
tlm_multiply_gcd_forward_shift	106823694	106824604	910	226	0	0	2
tlm_multiply_gcd_forward_compare	106824604	106825782	1178	263	0	35	36
tlm_multiply_gcd_forward_body	106825782	106829183	3401	453	0	226	227
tlm_multiply_gcd_forward_apply	106829183	106829184	1	0	0	0	0
tlm_multiply_gcd_forward_codec	106829184	106829187	3	0	0	0	0
tlm_multiply_gcd_forward_shift	106829187	106830093	906	225	0	0	2
tlm_multiply_gcd_forward_compare	106830093	106831268	1175	262	0	35	36
tlm_multiply_gcd_forward_body	106831268	106834654	3386	451	0	225	226
tlm_multiply_gcd_forward_apply	106834654	106834655	1	0	0	0	0
tlm_multiply_gcd_forward_codec	106834655	106834821	166	18	0	4	7
tlm_multiply_gcd_forward_shift	106834821	106835723	902	224	0	0	2
tlm_multiply_gcd_forward_compare	106835723	106836895	1172	261	0	35	36
tlm_multiply_gcd_forward_body	106836895	106840266	3371	449	0	224	225
tlm_multiply_gcd_forward_apply	106840266	106840267	1	0	0	0	0
tlm_multiply_gcd_forward_codec	106840267	106840270	3	0	0	0	0
tlm_multiply_gcd_forward_shift	106840270	106841168	898	223	0	0	2
tlm_multiply_gcd_forward_compare	106841168	106842323	1155	259	0	34	35
tlm_multiply_gcd_forward_body	106842323	106845679	3356	447	0	223	224
tlm_multiply_gcd_forward_apply	106845679	106845680	1	0	0	0	0
tlm_multiply_gcd_forward_codec	106845680	106845683	3	0	0	0	0
tlm_multiply_gcd_forward_shift	106845683	106846577	894	222	0	0	2
tlm_multiply_gcd_forward_compare	106846577	106847743	1166	259	0	35	36
tlm_multiply_gcd_forward_body	106847743	106851084	3341	445	0	222	223
tlm_multiply_gcd_forward_apply	106851084	106851085	1	0	0	0	0
tlm_multiply_gcd_forward_codec	106851085	106851251	166	18	0	4	7
tlm_multiply_gcd_forward_shift	106851251	106852141	890	221	0	0	2
tlm_multiply_gcd_forward_compare	106852141	106853304	1163	258	0	35	36
tlm_multiply_gcd_forward_body	106853304	106856630	3326	443	0	221	222
tlm_multiply_gcd_forward_apply	106856630	106856631	1	0	0	0	0
tlm_multiply_gcd_forward_codec	106856631	106856634	3	0	0	0	0
tlm_multiply_gcd_forward_shift	106856634	106857520	886	220	0	0	2
tlm_multiply_gcd_forward_compare	106857520	106858680	1160	257	0	35	36
tlm_multiply_gcd_forward_body	106858680	106861991	3311	441	0	220	221
tlm_multiply_gcd_forward_apply	106861991	106861992	1	0	0	0	0
tlm_multiply_gcd_forward_codec	106861992	106861995	3	0	0	0	0
tlm_multiply_gcd_forward_shift	106861995	106862877	882	219	0	0	2
tlm_multiply_gcd_forward_compare	106862877	106864034	1157	256	0	35	36
tlm_multiply_gcd_forward_body	106864034	106867330	3296	439	0	219	220
tlm_multiply_gcd_forward_apply	106867330	106867331	1	0	0	0	0
tlm_multiply_gcd_forward_codec	106867331	106867497	166	18	0	4	7
tlm_multiply_gcd_forward_shift	106867497	106868375	878	218	0	0	2
tlm_multiply_gcd_forward_compare	106868375	106869543	1168	256	0	36	37
tlm_multiply_gcd_forward_body	106869543	106872824	3281	437	0	218	219
tlm_multiply_gcd_forward_apply	106872824	106872825	1	0	0	0	0
tlm_multiply_gcd_forward_codec	106872825	106872828	3	0	0	0	0
tlm_multiply_gcd_forward_shift	106872828	106873702	874	217	0	0	2
tlm_multiply_gcd_forward_compare	106873702	106874853	1151	254	0	35	36
tlm_multiply_gcd_forward_body	106874853	106878119	3266	435	0	217	218
tlm_multiply_gcd_forward_apply	106878119	106878120	1	0	0	0	0
tlm_multiply_gcd_forward_codec	106878120	106878123	3	0	0	0	0
tlm_multiply_gcd_forward_shift	106878123	106878993	870	216	0	0	2
tlm_multiply_gcd_forward_compare	106878993	106880155	1162	254	0	36	37
tlm_multiply_gcd_forward_body	106880155	106883406	3251	433	0	216	217
tlm_multiply_gcd_forward_apply	106883406	106883407	1	0	0	0	0
tlm_multiply_gcd_forward_codec	106883407	106883573	166	18	0	4	7
tlm_multiply_gcd_forward_shift	106883573	106884439	866	215	0	0	2
tlm_multiply_gcd_forward_compare	106884439	106885584	1145	252	0	35	36
tlm_multiply_gcd_forward_body	106885584	106888820	3236	431	0	215	216
tlm_multiply_gcd_forward_apply	106888820	106888821	1	0	0	0	0
tlm_multiply_gcd_forward_codec	106888821	106888824	3	0	0	0	0
tlm_multiply_gcd_forward_shift	106888824	106889686	862	214	0	0	2
tlm_multiply_gcd_forward_compare	106889686	106890842	1156	252	0	36	37
tlm_multiply_gcd_forward_body	106890842	106894063	3221	429	0	214	215
tlm_multiply_gcd_forward_apply	106894063	106894064	1	0	0	0	0
tlm_multiply_gcd_forward_codec	106894064	106894067	3	0	0	0	0
tlm_multiply_gcd_forward_shift	106894067	106894925	858	213	0	0	2
tlm_multiply_gcd_forward_compare	106894925	106896078	1153	251	0	36	37
tlm_multiply_gcd_forward_body	106896078	106899284	3206	427	0	213	214
tlm_multiply_gcd_forward_apply	106899284	106899285	1	0	0	0	0
tlm_multiply_gcd_forward_codec	106899285	106899451	166	18	0	4	7
tlm_multiply_gcd_forward_shift	106899451	106900305	854	212	0	0	2
tlm_multiply_gcd_forward_compare	106900305	106901455	1150	250	0	36	37
tlm_multiply_gcd_forward_body	106901455	106904646	3191	425	0	212	213
tlm_multiply_gcd_forward_apply	106904646	106904647	1	0	0	0	0
tlm_multiply_gcd_forward_codec	106904647	106904650	3	0	0	0	0
tlm_multiply_gcd_forward_shift	106904650	106905500	850	211	0	0	2
tlm_multiply_gcd_forward_compare	106905500	106906647	1147	249	0	36	37
tlm_multiply_gcd_forward_body	106906647	106909823	3176	423	0	211	212
tlm_multiply_gcd_forward_apply	106909823	106909824	1	0	0	0	0
tlm_multiply_gcd_forward_codec	106909824	106909827	3	0	0	0	0
tlm_multiply_gcd_forward_shift	106909827	106910673	846	210	0	0	2
tlm_multiply_gcd_forward_compare	106910673	106911817	1144	248	0	36	37
tlm_multiply_gcd_forward_body	106911817	106914978	3161	421	0	210	211
tlm_multiply_gcd_forward_apply	106914978	106914979	1	0	0	0	0
tlm_multiply_gcd_forward_codec	106914979	106915145	166	18	0	4	7
tlm_multiply_gcd_forward_shift	106915145	106915987	842	209	0	0	2
tlm_multiply_gcd_forward_compare	106915987	106917128	1141	247	0	36	37
tlm_multiply_gcd_forward_body	106917128	106920274	3146	419	0	209	210
tlm_multiply_gcd_forward_apply	106920274	106920275	1	0	0	0	0
tlm_multiply_gcd_forward_codec	106920275	106920278	3	0	0	0	0
tlm_multiply_gcd_forward_shift	106920278	106921116	838	208	0	0	2
tlm_multiply_gcd_forward_compare	106921116	106922268	1152	247	0	37	38
tlm_multiply_gcd_forward_body	106922268	106925399	3131	417	0	208	209
tlm_multiply_gcd_forward_apply	106925399	106925400	1	0	0	0	0
tlm_multiply_gcd_forward_codec	106925400	106925403	3	0	0	0	0
tlm_multiply_gcd_forward_shift	106925403	106926237	834	207	0	0	2
tlm_multiply_gcd_forward_compare	106926237	106927386	1149	246	0	37	38
tlm_multiply_gcd_forward_body	106927386	106930502	3116	415	0	207	208
tlm_multiply_gcd_forward_apply	106930502	106930503	1	0	0	0	0
tlm_multiply_gcd_forward_codec	106930503	106930669	166	18	0	4	7
tlm_multiply_gcd_forward_shift	106930669	106931499	830	206	0	0	2
tlm_multiply_gcd_forward_compare	106931499	106932645	1146	245	0	37	38
tlm_multiply_gcd_forward_body	106932645	106935746	3101	413	0	206	207
tlm_multiply_gcd_forward_apply	106935746	106935747	1	0	0	0	0
tlm_multiply_gcd_forward_codec	106935747	106935750	3	0	0	0	0
tlm_multiply_gcd_forward_shift	106935750	106936576	826	205	0	0	2
tlm_multiply_gcd_forward_compare	106936576	106937719	1143	244	0	37	38
tlm_multiply_gcd_forward_body	106937719	106940805	3086	411	0	205	206
tlm_multiply_gcd_forward_apply	106940805	106940806	1	0	0	0	0
tlm_multiply_gcd_forward_codec	106940806	106940809	3	0	0	0	0
tlm_multiply_gcd_forward_shift	106940809	106941631	822	204	0	0	2
tlm_multiply_gcd_forward_compare	106941631	106942771	1140	243	0	37	38
tlm_multiply_gcd_forward_body	106942771	106945842	3071	409	0	204	205
tlm_multiply_gcd_forward_apply	106945842	106945843	1	0	0	0	0
tlm_multiply_gcd_forward_codec	106945843	106946009	166	18	0	4	7
tlm_multiply_gcd_forward_shift	106946009	106946827	818	203	0	0	2
tlm_multiply_gcd_forward_compare	106946827	106947964	1137	242	0	37	38
tlm_multiply_gcd_forward_body	106947964	106951020	3056	407	0	203	204
tlm_multiply_gcd_forward_apply	106951020	106951021	1	0	0	0	0
tlm_multiply_gcd_forward_codec	106951021	106951024	3	0	0	0	0
tlm_multiply_gcd_forward_shift	106951024	106951838	814	202	0	0	2
tlm_multiply_gcd_forward_compare	106951838	106952972	1134	241	0	37	38
tlm_multiply_gcd_forward_body	106952972	106956013	3041	405	0	202	203
tlm_multiply_gcd_forward_apply	106956013	106956014	1	0	0	0	0
tlm_multiply_gcd_forward_codec	106956014	106956017	3	0	0	0	0
tlm_multiply_gcd_forward_shift	106956017	106956827	810	201	0	0	2
tlm_multiply_gcd_forward_compare	106956827	106957958	1131	240	0	37	38
tlm_multiply_gcd_forward_body	106957958	106960984	3026	403	0	201	202
tlm_multiply_gcd_forward_apply	106960984	106960985	1	0	0	0	0
tlm_multiply_gcd_forward_codec	106960985	106961151	166	18	0	4	7
tlm_multiply_gcd_forward_shift	106961151	106961957	806	200	0	0	2
tlm_multiply_gcd_forward_compare	106961957	106963085	1128	239	0	37	38
tlm_multiply_gcd_forward_body	106963085	106966096	3011	401	0	200	201
tlm_multiply_gcd_forward_apply	106966096	106966097	1	0	0	0	0
tlm_multiply_gcd_forward_codec	106966097	106966100	3	0	0	0	0
tlm_multiply_gcd_forward_shift	106966100	106966902	802	199	0	0	2
tlm_multiply_gcd_forward_compare	106966902	106968027	1125	238	0	37	38
tlm_multiply_gcd_forward_body	106968027	106971023	2996	399	0	199	200
tlm_multiply_gcd_forward_apply	106971023	106971024	1	0	0	0	0
tlm_multiply_gcd_forward_codec	106971024	106971027	3	0	0	0	0
tlm_multiply_gcd_forward_shift	106971027	106971825	798	198	0	0	2
tlm_multiply_gcd_forward_compare	106971825	106972947	1122	237	0	37	38
tlm_multiply_gcd_forward_body	106972947	106975928	2981	397	0	198	199
tlm_multiply_gcd_forward_apply	106975928	106975929	1	0	0	0	0
tlm_multiply_gcd_forward_codec	106975929	106976095	166	18	0	4	7
tlm_multiply_gcd_forward_shift	106976095	106976889	794	197	0	0	2
tlm_multiply_gcd_forward_compare	106976889	106978008	1119	236	0	37	38
tlm_multiply_gcd_forward_body	106978008	106980974	2966	395	0	197	198
tlm_multiply_gcd_forward_apply	106980974	106980975	1	0	0	0	0
tlm_multiply_gcd_forward_codec	106980975	106980978	3	0	0	0	0
tlm_multiply_gcd_forward_shift	106980978	106981768	790	196	0	0	2
tlm_multiply_gcd_forward_compare	106981768	106982898	1130	236	0	38	39
tlm_multiply_gcd_forward_body	106982898	106985849	2951	393	0	196	197
tlm_multiply_gcd_forward_apply	106985849	106985850	1	0	0	0	0
tlm_multiply_gcd_forward_codec	106985850	106985853	3	0	0	0	0
tlm_multiply_gcd_forward_shift	106985853	106986639	786	195	0	0	2
tlm_multiply_gcd_forward_compare	106986639	106987766	1127	235	0	38	39
tlm_multiply_gcd_forward_body	106987766	106990702	2936	391	0	195	196
tlm_multiply_gcd_forward_apply	106990702	106990703	1	0	0	0	0
tlm_multiply_gcd_forward_codec	106990703	106990869	166	18	0	4	7
tlm_multiply_gcd_forward_shift	106990869	106991651	782	194	0	0	2
tlm_multiply_gcd_forward_compare	106991651	106992775	1124	234	0	38	39
tlm_multiply_gcd_forward_body	106992775	106995696	2921	389	0	194	195
tlm_multiply_gcd_forward_apply	106995696	106995697	1	0	0	0	0
tlm_multiply_gcd_forward_codec	106995697	106995700	3	0	0	0	0
tlm_multiply_gcd_forward_shift	106995700	106996478	778	193	0	0	2
tlm_multiply_gcd_forward_compare	106996478	106997599	1121	233	0	38	39
tlm_multiply_gcd_forward_body	106997599	107000505	2906	387	0	193	194
tlm_multiply_gcd_forward_apply	107000505	107000506	1	0	0	0	0
tlm_multiply_gcd_forward_codec	107000506	107000509	3	0	0	0	0
tlm_multiply_gcd_forward_shift	107000509	107001283	774	192	0	0	2
tlm_multiply_gcd_forward_compare	107001283	107002401	1118	232	0	38	39
tlm_multiply_gcd_forward_body	107002401	107005292	2891	385	0	192	193
tlm_multiply_gcd_forward_apply	107005292	107005293	1	0	0	0	0
tlm_multiply_gcd_forward_codec	107005293	107005459	166	18	0	4	7
tlm_multiply_gcd_forward_shift	107005459	107006229	770	191	0	0	2
tlm_multiply_gcd_forward_compare	107006229	107007344	1115	231	0	38	39
tlm_multiply_gcd_forward_body	107007344	107010220	2876	383	0	191	192
tlm_multiply_gcd_forward_apply	107010220	107010221	1	0	0	0	0
tlm_multiply_gcd_forward_codec	107010221	107010224	3	0	0	0	0
tlm_multiply_gcd_forward_shift	107010224	107010990	766	190	0	0	2
tlm_multiply_gcd_forward_compare	107010990	107012116	1126	231	0	39	40
tlm_multiply_gcd_forward_body	107012116	107014977	2861	381	0	190	191
tlm_multiply_gcd_forward_apply	107014977	107014978	1	0	0	0	0
tlm_multiply_gcd_forward_codec	107014978	107014981	3	0	0	0	0
tlm_multiply_gcd_forward_shift	107014981	107015743	762	189	0	0	2
tlm_multiply_gcd_forward_compare	107015743	107016866	1123	230	0	39	40
tlm_multiply_gcd_forward_body	107016866	107019712	2846	379	0	189	190
tlm_multiply_gcd_forward_apply	107019712	107019713	1	0	0	0	0
tlm_multiply_gcd_forward_codec	107019713	107019879	166	18	0	4	7
tlm_multiply_gcd_forward_shift	107019879	107020637	758	188	0	0	2
tlm_multiply_gcd_forward_compare	107020637	107021771	1134	230	0	40	41
tlm_multiply_gcd_forward_body	107021771	107024602	2831	377	0	188	189
tlm_multiply_gcd_forward_apply	107024602	107024603	1	0	0	0	0
tlm_multiply_gcd_forward_codec	107024603	107024606	3	0	0	0	0
tlm_multiply_gcd_forward_shift	107024606	107025360	754	187	0	0	2
tlm_multiply_gcd_forward_compare	107025360	107026477	1117	228	0	39	40
tlm_multiply_gcd_forward_body	107026477	107029293	2816	375	0	187	188
tlm_multiply_gcd_forward_apply	107029293	107029294	1	0	0	0	0
tlm_multiply_gcd_forward_codec	107029294	107029297	3	0	0	0	0
tlm_multiply_gcd_forward_shift	107029297	107030047	750	186	0	0	2
tlm_multiply_gcd_forward_compare	107030047	107031147	1100	226	0	38	39
tlm_multiply_gcd_forward_body	107031147	107033948	2801	373	0	186	187
tlm_multiply_gcd_forward_apply	107033948	107033949	1	0	0	0	0
tlm_multiply_gcd_forward_codec	107033949	107034115	166	18	0	4	7
tlm_multiply_gcd_forward_shift	107034115	107034861	746	185	0	0	2
tlm_multiply_gcd_forward_compare	107034861	107035972	1111	226	0	39	40
tlm_multiply_gcd_forward_body	107035972	107038758	2786	371	0	185	186
tlm_multiply_gcd_forward_apply	107038758	107038759	1	0	0	0	0
tlm_multiply_gcd_forward_codec	107038759	107038762	3	0	0	0	0
tlm_multiply_gcd_forward_shift	107038762	107039504	742	184	0	0	2
tlm_multiply_gcd_forward_compare	107039504	107040612	1108	225	0	39	40
tlm_multiply_gcd_forward_body	107040612	107043383	2771	369	0	184	185
tlm_multiply_gcd_forward_apply	107043383	107043384	1	0	0	0	0
tlm_multiply_gcd_forward_codec	107043384	107043387	3	0	0	0	0
tlm_multiply_gcd_forward_shift	107043387	107044125	738	183	0	0	2
tlm_multiply_gcd_forward_compare	107044125	107045244	1119	225	0	40	41
tlm_multiply_gcd_forward_body	107045244	107048000	2756	367	0	183	184
tlm_multiply_gcd_forward_apply	107048000	107048001	1	0	0	0	0
tlm_multiply_gcd_forward_codec	107048001	107048167	166	18	0	4	7
tlm_multiply_gcd_forward_shift	107048167	107048901	734	182	0	0	2
tlm_multiply_gcd_forward_compare	107048901	107050017	1116	224	0	40	41
tlm_multiply_gcd_forward_body	107050017	107052758	2741	365	0	182	183
tlm_multiply_gcd_forward_apply	107052758	107052759	1	0	0	0	0
tlm_multiply_gcd_forward_codec	107052759	107052762	3	0	0	0	0
tlm_multiply_gcd_forward_shift	107052762	107053492	730	181	0	0	2
tlm_multiply_gcd_forward_compare	107053492	107054619	1127	224	0	41	42
tlm_multiply_gcd_forward_body	107054619	107057345	2726	363	0	181	182
tlm_multiply_gcd_forward_apply	107057345	107057346	1	0	0	0	0
tlm_multiply_gcd_forward_codec	107057346	107057349	3	0	0	0	0
tlm_multiply_gcd_forward_shift	107057349	107058075	726	180	0	0	2
tlm_multiply_gcd_forward_compare	107058075	107059171	1096	221	0	39	40
tlm_multiply_gcd_forward_body	107059171	107061882	2711	361	0	180	181
tlm_multiply_gcd_forward_apply	107061882	107061883	1	0	0	0	0
tlm_multiply_gcd_forward_codec	107061883	107062049	166	18	0	4	7
tlm_multiply_gcd_forward_shift	107062049	107062771	722	179	0	0	2
tlm_multiply_gcd_forward_compare	107062771	107063864	1093	220	0	39	40
tlm_multiply_gcd_forward_body	107063864	107066560	2696	359	0	179	180
tlm_multiply_gcd_forward_apply	107066560	107066561	1	0	0	0	0
tlm_multiply_gcd_forward_codec	107066561	107066564	3	0	0	0	0
tlm_multiply_gcd_forward_shift	107066564	107067282	718	178	0	0	2
tlm_multiply_gcd_forward_compare	107067282	107068386	1104	220	0	40	41
tlm_multiply_gcd_forward_body	107068386	107071067	2681	357	0	178	179
tlm_multiply_gcd_forward_apply	107071067	107071068	1	0	0	0	0
tlm_multiply_gcd_forward_codec	107071068	107071071	3	0	0	0	0
tlm_multiply_gcd_forward_shift	107071071	107071785	714	177	0	0	2
tlm_multiply_gcd_forward_compare	107071785	107072886	1101	219	0	40	41
tlm_multiply_gcd_forward_body	107072886	107075552	2666	355	0	177	178
tlm_multiply_gcd_forward_apply	107075552	107075553	1	0	0	0	0
tlm_multiply_gcd_forward_codec	107075553	107075719	166	18	0	4	7
tlm_multiply_gcd_forward_shift	107075719	107076429	710	176	0	0	2
tlm_multiply_gcd_forward_compare	107076429	107077527	1098	218	0	40	41
tlm_multiply_gcd_forward_body	107077527	107080178	2651	353	0	176	177
tlm_multiply_gcd_forward_apply	107080178	107080179	1	0	0	0	0
tlm_multiply_gcd_forward_codec	107080179	107080182	3	0	0	0	0
tlm_multiply_gcd_forward_shift	107080182	107080888	706	175	0	0	2
tlm_multiply_gcd_forward_compare	107080888	107081983	1095	217	0	40	41
tlm_multiply_gcd_forward_body	107081983	107084619	2636	351	0	175	176
tlm_multiply_gcd_forward_apply	107084619	107084620	1	0	0	0	0
tlm_multiply_gcd_forward_codec	107084620	107084623	3	0	0	0	0
tlm_multiply_gcd_forward_shift	107084623	107085325	702	174	0	0	2
tlm_multiply_gcd_forward_compare	107085325	107086417	1092	216	0	40	41
tlm_multiply_gcd_forward_body	107086417	107089038	2621	349	0	174	175
tlm_multiply_gcd_forward_apply	107089038	107089039	1	0	0	0	0
tlm_multiply_gcd_forward_codec	107089039	107089205	166	18	0	4	7
tlm_multiply_gcd_forward_shift	107089205	107089903	698	173	0	0	2
tlm_multiply_gcd_forward_compare	107089903	107090992	1089	215	0	40	41
tlm_multiply_gcd_forward_body	107090992	107093598	2606	347	0	173	174
tlm_multiply_gcd_forward_apply	107093598	107093599	1	0	0	0	0
tlm_multiply_gcd_forward_codec	107093599	107093602	3	0	0	0	0
tlm_multiply_gcd_forward_shift	107093602	107094296	694	172	0	0	2
tlm_multiply_gcd_forward_compare	107094296	107095396	1100	215	0	41	42
tlm_multiply_gcd_forward_body	107095396	107097987	2591	345	0	172	173
tlm_multiply_gcd_forward_apply	107097987	107097988	1	0	0	0	0
tlm_multiply_gcd_forward_codec	107097988	107097991	3	0	0	0	0
tlm_multiply_gcd_forward_shift	107097991	107098681	690	171	0	0	2
tlm_multiply_gcd_forward_compare	107098681	107099764	1083	213	0	40	41
tlm_multiply_gcd_forward_body	107099764	107102340	2576	343	0	171	172
tlm_multiply_gcd_forward_apply	107102340	107102341	1	0	0	0	0
tlm_multiply_gcd_forward_codec	107102341	107102507	166	18	0	4	7
tlm_multiply_gcd_forward_shift	107102507	107103195	688	171	0	0	0
tlm_multiply_gcd_forward_compare	107103195	107104306	1111	215	0	42	43
tlm_multiply_gcd_forward_body	107104306	107106882	2576	343	0	171	172
tlm_multiply_gcd_forward_apply	107106882	107106883	1	0	0	0	0
tlm_multiply_gcd_forward_codec	107106883	107106886	3	0	0	0	0
tlm_multiply_gcd_forward_shift	107106886	107107572	686	170	0	0	2
tlm_multiply_gcd_forward_compare	107107572	107108666	1094	213	0	41	42
tlm_multiply_gcd_forward_body	107108666	107111227	2561	341	0	170	171
tlm_multiply_gcd_forward_apply	107111227	107111228	1	0	0	0	0
tlm_multiply_gcd_forward_codec	107111228	107111231	3	0	0	0	0
tlm_multiply_gcd_forward_shift	107111231	107111911	680	168	0	0	4
tlm_multiply_gcd_forward_compare	107111911	107112985	1074	210	0	40	41
tlm_multiply_gcd_forward_body	107112985	107115516	2531	337	0	168	169
tlm_multiply_gcd_forward_apply	107115516	107115517	1	0	0	0	0
tlm_multiply_gcd_forward_codec	107115517	107115683	166	18	0	4	7
tlm_multiply_gcd_forward_shift	107115683	107116357	674	167	0	0	2
tlm_multiply_gcd_forward_compare	107116357	107117428	1071	209	0	40	41
tlm_multiply_gcd_forward_body	107117428	107119944	2516	335	0	167	168
tlm_multiply_gcd_forward_apply	107119944	107119945	1	0	0	0	0
tlm_multiply_gcd_forward_codec	107119945	107119948	3	0	0	0	0
tlm_multiply_gcd_forward_shift	107119948	107120618	670	166	0	0	2
tlm_multiply_gcd_forward_compare	107120618	107121714	1096	210	0	42	43
tlm_multiply_gcd_forward_body	107121714	107124215	2501	333	0	166	167
tlm_multiply_gcd_forward_apply	107124215	107124216	1	0	0	0	0
tlm_multiply_gcd_forward_codec	107124216	107124219	3	0	0	0	0
tlm_multiply_gcd_forward_shift	107124219	107124885	666	165	0	0	2
tlm_multiply_gcd_forward_compare	107124885	107125964	1079	208	0	41	42
tlm_multiply_gcd_forward_body	107125964	107128450	2486	331	0	165	166
tlm_multiply_gcd_forward_apply	107128450	107128451	1	0	0	0	0
tlm_multiply_gcd_forward_codec	107128451	107128617	166	18	0	4	7
tlm_multiply_gcd_forward_shift	107128617	107129279	662	164	0	0	2
tlm_multiply_gcd_forward_compare	107129279	107130355	1076	207	0	41	42
tlm_multiply_gcd_forward_body	107130355	107132826	2471	329	0	164	165
tlm_multiply_gcd_forward_apply	107132826	107132827	1	0	0	0	0
tlm_multiply_gcd_forward_codec	107132827	107132830	3	0	0	0	0
tlm_multiply_gcd_forward_shift	107132830	107133486	656	162	0	0	4
tlm_multiply_gcd_forward_compare	107133486	107134542	1056	204	0	40	41
tlm_multiply_gcd_forward_body	107134542	107136983	2441	325	0	162	163
tlm_multiply_gcd_forward_apply	107136983	107136984	1	0	0	0	0
tlm_multiply_gcd_forward_codec	107136984	107136987	3	0	0	0	0
tlm_multiply_gcd_forward_shift	107136987	107137635	648	160	0	0	4
tlm_multiply_gcd_forward_compare	107137635	107138685	1050	202	0	40	41
tlm_multiply_gcd_forward_body	107138685	107141096	2411	321	0	160	161
tlm_multiply_gcd_forward_apply	107141096	107141097	1	0	0	0	0
tlm_multiply_gcd_forward_codec	107141097	107141263	166	18	0	4	7
tlm_multiply_gcd_forward_shift	107141263	107141907	644	160	0	0	0
tlm_multiply_gcd_forward_compare	107141907	107142971	1064	203	0	41	42
tlm_multiply_gcd_forward_body	107142971	107145382	2411	321	0	160	161
tlm_multiply_gcd_forward_apply	107145382	107145383	1	0	0	0	0
tlm_multiply_gcd_forward_codec	107145383	107145386	3	0	0	0	0
tlm_multiply_gcd_forward_shift	107145386	107146028	642	159	0	0	2
tlm_multiply_gcd_forward_compare	107146028	107147075	1047	201	0	40	41
tlm_multiply_gcd_forward_body	107147075	107149471	2396	319	0	159	160
tlm_multiply_gcd_forward_apply	107149471	107149472	1	0	0	0	0
tlm_multiply_gcd_forward_codec	107149472	107149475	3	0	0	0	0
tlm_multiply_gcd_forward_shift	107149475	107150113	638	158	0	0	2
tlm_multiply_gcd_forward_compare	107150113	107151171	1058	201	0	41	42
tlm_multiply_gcd_forward_body	107151171	107153552	2381	317	0	158	159
tlm_multiply_gcd_forward_apply	107153552	107153553	1	0	0	0	0
tlm_multiply_gcd_forward_codec	107153553	107153719	166	18	0	4	7
tlm_multiply_gcd_forward_shift	107153719	107154351	632	156	0	0	4
tlm_multiply_gcd_forward_compare	107154351	107155389	1038	198	0	40	41
tlm_multiply_gcd_forward_body	107155389	107157740	2351	313	0	156	157
tlm_multiply_gcd_forward_apply	107157740	107157741	1	0	0	0	0
tlm_multiply_gcd_forward_codec	107157741	107157744	3	0	0	0	0
tlm_multiply_gcd_forward_shift	107157744	107158372	628	156	0	0	0
tlm_multiply_gcd_forward_compare	107158372	107159424	1052	199	0	41	42
tlm_multiply_gcd_forward_body	107159424	107161775	2351	313	0	156	157
tlm_multiply_gcd_forward_apply	107161775	107161776	1	0	0	0	0
tlm_multiply_gcd_forward_codec	107161776	107161779	3	0	0	0	0
tlm_multiply_gcd_forward_shift	107161779	107162405	626	155	0	0	2
tlm_multiply_gcd_forward_compare	107162405	107163454	1049	198	0	41	42
tlm_multiply_gcd_forward_body	107163454	107165790	2336	311	0	155	156
tlm_multiply_gcd_forward_apply	107165790	107165791	1	0	0	0	0
tlm_multiply_gcd_forward_codec	107165791	107165957	166	18	0	4	7
tlm_multiply_gcd_forward_shift	107165957	107166577	620	153	0	0	4
tlm_multiply_gcd_forward_compare	107166577	107167606	1029	195	0	40	41
tlm_multiply_gcd_forward_body	107167606	107169912	2306	307	0	153	154
tlm_multiply_gcd_forward_apply	107169912	107169913	1	0	0	0	0
tlm_multiply_gcd_forward_codec	107169913	107169916	3	0	0	0	0
tlm_multiply_gcd_forward_shift	107169916	107170532	616	153	0	0	0
tlm_multiply_gcd_forward_compare	107170532	107171589	1057	197	0	42	43
tlm_multiply_gcd_forward_body	107171589	107173895	2306	307	0	153	154
tlm_multiply_gcd_forward_apply	107173895	107173896	1	0	0	0	0
tlm_multiply_gcd_forward_codec	107173896	107173899	3	0	0	0	0
tlm_multiply_gcd_forward_shift	107173899	107174513	614	152	0	0	2
tlm_multiply_gcd_forward_compare	107174513	107175553	1040	195	0	41	42
tlm_multiply_gcd_forward_body	107175553	107177844	2291	305	0	152	153
tlm_multiply_gcd_forward_apply	107177844	107177845	1	0	0	0	0
tlm_multiply_gcd_forward_codec	107177845	107178011	166	18	0	4	7
tlm_multiply_gcd_forward_shift	107178011	107178621	610	151	0	0	2
tlm_multiply_gcd_forward_compare	107178621	107179672	1051	195	0	42	43
tlm_multiply_gcd_forward_body	107179672	107181948	2276	303	0	151	152
tlm_multiply_gcd_forward_apply	107181948	107181949	1	0	0	0	0
tlm_multiply_gcd_forward_codec	107181949	107181952	3	0	0	0	0
tlm_multiply_gcd_forward_shift	107181952	107182558	606	150	0	0	2
tlm_multiply_gcd_forward_compare	107182558	107183606	1048	194	0	42	43
tlm_multiply_gcd_forward_body	107183606	107185867	2261	301	0	150	151
tlm_multiply_gcd_forward_apply	107185867	107185868	1	0	0	0	0
tlm_multiply_gcd_forward_codec	107185868	107185871	3	0	0	0	0
tlm_multiply_gcd_forward_shift	107185871	107186473	602	149	0	0	2
tlm_multiply_gcd_forward_compare	107186473	107187518	1045	193	0	42	43
tlm_multiply_gcd_forward_body	107187518	107189764	2246	299	0	149	150
tlm_multiply_gcd_forward_apply	107189764	107189765	1	0	0	0	0
tlm_multiply_gcd_forward_codec	107189765	107189931	166	18	0	4	7
tlm_multiply_gcd_forward_shift	107189931	107190529	598	148	0	0	2
tlm_multiply_gcd_forward_compare	107190529	107191571	1042	192	0	42	43
tlm_multiply_gcd_forward_body	107191571	107193802	2231	297	0	148	149
tlm_multiply_gcd_forward_apply	107193802	107193803	1	0	0	0	0
tlm_multiply_gcd_forward_codec	107193803	107193806	3	0	0	0	0
tlm_multiply_gcd_forward_shift	107193806	107194400	594	147	0	0	2
tlm_multiply_gcd_forward_compare	107194400	107195439	1039	191	0	42	43
tlm_multiply_gcd_forward_body	107195439	107197655	2216	295	0	147	148
tlm_multiply_gcd_forward_apply	107197655	107197656	1	0	0	0	0
tlm_multiply_gcd_forward_codec	107197656	107197659	3	0	0	0	0
tlm_multiply_gcd_forward_shift	107197659	107198247	588	145	0	0	4
tlm_multiply_gcd_forward_compare	107198247	107199266	1019	188	0	41	42
tlm_multiply_gcd_forward_body	107199266	107201452	2186	291	0	145	146
tlm_multiply_gcd_forward_apply	107201452	107201453	1	0	0	0	0
tlm_multiply_gcd_forward_codec	107201453	107201619	166	18	0	4	7
tlm_multiply_gcd_forward_shift	107201619	107202201	582	144	0	0	2
tlm_multiply_gcd_forward_compare	107202201	107203217	1016	187	0	41	42
tlm_multiply_gcd_forward_body	107203217	107205388	2171	289	0	144	145
tlm_multiply_gcd_forward_apply	107205388	107205389	1	0	0	0	0
tlm_multiply_gcd_forward_codec	107205389	107205392	3	0	0	0	0
tlm_multiply_gcd_forward_shift	107205392	107205970	578	143	0	0	2
tlm_multiply_gcd_forward_compare	107205970	107206997	1027	187	0	42	43
tlm_multiply_gcd_forward_body	107206997	107209153	2156	287	0	143	144
tlm_multiply_gcd_forward_apply	107209153	107209154	1	0	0	0	0
tlm_multiply_gcd_forward_codec	107209154	107209157	3	0	0	0	0
tlm_multiply_gcd_forward_shift	107209157	107209731	574	142	0	0	2
tlm_multiply_gcd_forward_compare	107209731	107210741	1010	185	0	41	42
tlm_multiply_gcd_forward_body	107210741	107212882	2141	285	0	142	143
tlm_multiply_gcd_forward_apply	107212882	107212883	1	0	0	0	0
tlm_multiply_gcd_forward_codec	107212883	107213049	166	18	0	4	7
tlm_multiply_gcd_forward_shift	107213049	107213619	570	141	0	0	2
tlm_multiply_gcd_forward_compare	107213619	107214640	1021	185	0	42	43
tlm_multiply_gcd_forward_body	107214640	107216766	2126	283	0	141	142
tlm_multiply_gcd_forward_apply	107216766	107216767	1	0	0	0	0
tlm_multiply_gcd_forward_codec	107216767	107216770	3	0	0	0	0
tlm_multiply_gcd_forward_shift	107216770	107217338	568	141	0	0	0
tlm_multiply_gcd_forward_compare	107217338	107218373	1035	186	0	43	44
tlm_multiply_gcd_forward_body	107218373	107220499	2126	283	0	141	142
tlm_multiply_gcd_forward_apply	107220499	107220500	1	0	0	0	0
tlm_multiply_gcd_forward_codec	107220500	107220503	3	0	0	0	0
tlm_multiply_gcd_forward_shift	107220503	107221069	566	140	0	0	2
tlm_multiply_gcd_forward_compare	107221069	107222087	1018	184	0	42	43
tlm_multiply_gcd_forward_body	107222087	107224198	2111	281	0	140	141
tlm_multiply_gcd_forward_apply	107224198	107224199	1	0	0	0	0
tlm_multiply_gcd_forward_codec	107224199	107224365	166	18	0	4	7
tlm_multiply_gcd_forward_shift	107224365	107224927	562	139	0	0	2
tlm_multiply_gcd_forward_compare	107224927	107225942	1015	183	0	42	43
tlm_multiply_gcd_forward_body	107225942	107228038	2096	279	0	139	140
tlm_multiply_gcd_forward_apply	107228038	107228039	1	0	0	0	0
tlm_multiply_gcd_forward_codec	107228039	107228042	3	0	0	0	0
tlm_multiply_gcd_forward_shift	107228042	107228598	556	137	0	0	4
tlm_multiply_gcd_forward_compare	107228598	107229607	1009	181	0	42	43
tlm_multiply_gcd_forward_body	107229607	107231673	2066	275	0	137	138
tlm_multiply_gcd_forward_apply	107231673	107231674	1	0	0	0	0
tlm_multiply_gcd_forward_codec	107231674	107231677	3	0	0	0	0
tlm_multiply_gcd_forward_shift	107231677	107232229	552	137	0	0	0
tlm_multiply_gcd_forward_compare	107232229	107233238	1009	181	0	42	43
tlm_multiply_gcd_forward_body	107233238	107235304	2066	275	0	137	138
tlm_multiply_gcd_forward_apply	107235304	107235305	1	0	0	0	0
tlm_multiply_gcd_forward_codec	107235305	107235471	166	18	0	4	7
tlm_multiply_gcd_forward_shift	107235471	107236021	550	136	0	0	2
tlm_multiply_gcd_forward_compare	107236021	107237027	1006	180	0	42	43
tlm_multiply_gcd_forward_body	107237027	107239078	2051	273	0	136	137
tlm_multiply_gcd_forward_apply	107239078	107239079	1	0	0	0	0
tlm_multiply_gcd_forward_codec	107239079	107239082	3	0	0	0	0
tlm_multiply_gcd_forward_shift	107239082	107239628	546	135	0	0	2
tlm_multiply_gcd_forward_compare	107239628	107240631	1003	179	0	42	43
tlm_multiply_gcd_forward_body	107240631	107242667	2036	271	0	135	136
tlm_multiply_gcd_forward_apply	107242667	107242668	1	0	0	0	0
tlm_multiply_gcd_forward_codec	107242668	107242671	3	0	0	0	0
tlm_multiply_gcd_forward_shift	107242671	107243213	542	134	0	0	2
tlm_multiply_gcd_forward_compare	107243213	107244213	1000	178	0	42	43
tlm_multiply_gcd_forward_body	107244213	107246234	2021	269	0	134	135
tlm_multiply_gcd_forward_apply	107246234	107246235	1	0	0	0	0
tlm_multiply_gcd_forward_codec	107246235	107246401	166	18	0	4	7
tlm_multiply_gcd_forward_shift	107246401	107246939	538	133	0	0	2
tlm_multiply_gcd_forward_compare	107246939	107247950	1011	178	0	43	44
tlm_multiply_gcd_forward_body	107247950	107249956	2006	267	0	133	134
tlm_multiply_gcd_forward_apply	107249956	107249957	1	0	0	0	0
tlm_multiply_gcd_forward_codec	107249957	107249960	3	0	0	0	0
tlm_multiply_gcd_forward_shift	107249960	107250494	534	132	0	0	2
tlm_multiply_gcd_forward_compare	107250494	107251502	1008	177	0	43	44
tlm_multiply_gcd_forward_body	107251502	107253493	1991	265	0	132	133
tlm_multiply_gcd_forward_apply	107253493	107253494	1	0	0	0	0
tlm_multiply_gcd_forward_codec	107253494	107253497	3	0	0	0	0
tlm_multiply_gcd_forward_shift	107253497	107254027	530	131	0	0	2
tlm_multiply_gcd_forward_compare	107254027	107255032	1005	176	0	43	44
tlm_multiply_gcd_forward_body	107255032	107257008	1976	263	0	131	132
tlm_multiply_gcd_forward_apply	107257008	107257009	1	0	0	0	0
tlm_multiply_gcd_forward_codec	107257009	107257175	166	18	0	4	7
tlm_multiply_gcd_forward_shift	107257175	107257701	526	130	0	0	2
tlm_multiply_gcd_forward_compare	107257701	107258703	1002	175	0	43	44
tlm_multiply_gcd_forward_body	107258703	107260664	1961	261	0	130	131
tlm_multiply_gcd_forward_apply	107260664	107260665	1	0	0	0	0
tlm_multiply_gcd_forward_codec	107260665	107260668	3	0	0	0	0
tlm_multiply_gcd_forward_shift	107260668	107261190	522	129	0	0	2
tlm_multiply_gcd_forward_compare	107261190	107262175	985	173	0	42	43
tlm_multiply_gcd_forward_body	107262175	107264121	1946	259	0	129	130
tlm_multiply_gcd_forward_apply	107264121	107264122	1	0	0	0	0
tlm_multiply_gcd_forward_codec	107264122	107264125	3	0	0	0	0
tlm_multiply_gcd_forward_shift	107264125	107264641	516	127	0	0	4
tlm_multiply_gcd_forward_compare	107264641	107265634	993	172	0	43	44
tlm_multiply_gcd_forward_body	107265634	107267550	1916	255	0	127	128
tlm_multiply_gcd_forward_apply	107267550	107267551	1	0	0	0	0
tlm_multiply_gcd_forward_codec	107267551	107267717	166	18	0	4	7
tlm_multiply_gcd_forward_shift	107267717	107268227	510	126	0	0	2
tlm_multiply_gcd_forward_compare	107268227	107269217	990	171	0	43	44
tlm_multiply_gcd_forward_body	107269217	107271118	1901	253	0	126	127
tlm_multiply_gcd_forward_apply	107271118	107271119	1	0	0	0	0
tlm_multiply_gcd_forward_codec	107271119	107271122	3	0	0	0	0
tlm_multiply_gcd_forward_shift	107271122	107271628	506	125	0	0	2
tlm_multiply_gcd_forward_compare	107271628	107272601	973	169	0	42	43
tlm_multiply_gcd_forward_body	107272601	107274487	1886	251	0	125	126
tlm_multiply_gcd_forward_apply	107274487	107274488	1	0	0	0	0
tlm_multiply_gcd_forward_codec	107274488	107274491	3	0	0	0	0
tlm_multiply_gcd_forward_shift	107274491	107274993	502	124	0	0	2
tlm_multiply_gcd_forward_compare	107274993	107275963	970	168	0	42	43
tlm_multiply_gcd_forward_body	107275963	107277834	1871	249	0	124	125
tlm_multiply_gcd_forward_apply	107277834	107277835	1	0	0	0	0
tlm_multiply_gcd_forward_codec	107277835	107278001	166	18	0	4	7
tlm_multiply_gcd_forward_shift	107278001	107278499	498	123	0	0	2
tlm_multiply_gcd_forward_compare	107278499	107279480	981	168	0	43	44
tlm_multiply_gcd_forward_body	107279480	107281336	1856	247	0	123	124
tlm_multiply_gcd_forward_apply	107281336	107281337	1	0	0	0	0
tlm_multiply_gcd_forward_codec	107281337	107281340	3	0	0	0	0
tlm_multiply_gcd_forward_shift	107281340	107281834	494	122	0	0	2
tlm_multiply_gcd_forward_compare	107281834	107282798	964	166	0	42	43
tlm_multiply_gcd_forward_body	107282798	107284639	1841	245	0	122	123
tlm_multiply_gcd_forward_apply	107284639	107284640	1	0	0	0	0
tlm_multiply_gcd_forward_codec	107284640	107284643	3	0	0	0	0
tlm_multiply_gcd_forward_shift	107284643	107285135	492	122	0	0	0
tlm_multiply_gcd_forward_compare	107285135	107286127	992	168	0	44	45
tlm_multiply_gcd_forward_body	107286127	107287968	1841	245	0	122	123
tlm_multiply_gcd_forward_apply	107287968	107287969	1	0	0	0	0
tlm_multiply_gcd_forward_codec	107287969	107288135	166	18	0	4	7
tlm_multiply_gcd_forward_shift	107288135	107288625	490	121	0	0	2
tlm_multiply_gcd_forward_compare	107288625	107289600	975	166	0	43	44
tlm_multiply_gcd_forward_body	107289600	107291426	1826	243	0	121	122
tlm_multiply_gcd_forward_apply	107291426	107291427	1	0	0	0	0
tlm_multiply_gcd_forward_codec	107291427	107291430	3	0	0	0	0
tlm_multiply_gcd_forward_shift	107291430	107291916	486	120	0	0	2
tlm_multiply_gcd_forward_compare	107291916	107292902	986	166	0	44	45
tlm_multiply_gcd_forward_body	107292902	107294713	1811	241	0	120	121
tlm_multiply_gcd_forward_apply	107294713	107294714	1	0	0	0	0
tlm_multiply_gcd_forward_codec	107294714	107294717	3	0	0	0	0
tlm_multiply_gcd_forward_shift	107294717	107295197	480	118	0	0	4
tlm_multiply_gcd_forward_compare	107295197	107296163	966	163	0	43	44
tlm_multiply_gcd_forward_body	107296163	107297944	1781	237	0	118	119
tlm_multiply_gcd_forward_apply	107297944	107297945	1	0	0	0	0
tlm_multiply_gcd_forward_codec	107297945	107298111	166	18	0	4	7
tlm_multiply_gcd_forward_shift	107298111	107298587	476	118	0	0	0
tlm_multiply_gcd_forward_compare	107298587	107299567	980	164	0	44	45
tlm_multiply_gcd_forward_body	107299567	107301348	1781	237	0	118	119
tlm_multiply_gcd_forward_apply	107301348	107301349	1	0	0	0	0
tlm_multiply_gcd_forward_codec	107301349	107301352	3	0	0	0	0
tlm_multiply_gcd_forward_shift	107301352	107301824	472	116	0	0	4
tlm_multiply_gcd_forward_compare	107301824	107302784	960	161	0	43	44
tlm_multiply_gcd_forward_body	107302784	107304535	1751	233	0	116	117
tlm_multiply_gcd_forward_apply	107304535	107304536	1	0	0	0	0
tlm_multiply_gcd_forward_codec	107304536	107304539	3	0	0	0	0
tlm_multiply_gcd_forward_shift	107304539	107305005	466	115	0	0	2
tlm_multiply_gcd_forward_compare	107305005	107305962	957	160	0	43	44
tlm_multiply_gcd_forward_body	107305962	107307698	1736	231	0	115	116
tlm_multiply_gcd_forward_apply	107307698	107307699	1	0	0	0	0
tlm_multiply_gcd_forward_codec	107307699	107307865	166	18	0	4	7
tlm_multiply_gcd_forward_shift	107307865	107308327	462	114	0	0	2
tlm_multiply_gcd_forward_compare	107308327	107309295	968	160	0	44	45
tlm_multiply_gcd_forward_body	107309295	107311016	1721	229	0	114	115
tlm_multiply_gcd_forward_apply	107311016	107311017	1	0	0	0	0
tlm_multiply_gcd_forward_codec	107311017	107311020	3	0	0	0	0
tlm_multiply_gcd_forward_shift	107311020	107311478	458	113	0	0	2
tlm_multiply_gcd_forward_compare	107311478	107312429	951	158	0	43	44
tlm_multiply_gcd_forward_body	107312429	107314135	1706	227	0	113	114
tlm_multiply_gcd_forward_apply	107314135	107314136	1	0	0	0	0
tlm_multiply_gcd_forward_codec	107314136	107314139	3	0	0	0	0
tlm_multiply_gcd_forward_shift	107314139	107314593	454	112	0	0	2
tlm_multiply_gcd_forward_compare	107314593	107315555	962	158	0	44	45
tlm_multiply_gcd_forward_body	107315555	107317246	1691	225	0	112	113
tlm_multiply_gcd_forward_apply	107317246	107317247	1	0	0	0	0
tlm_multiply_gcd_forward_codec	107317247	107317413	166	18	0	4	7
tlm_multiply_gcd_forward_shift	107317413	107317863	450	111	0	0	2
tlm_multiply_gcd_forward_compare	107317863	107318822	959	157	0	44	45
tlm_multiply_gcd_forward_body	107318822	107320498	1676	223	0	111	112
tlm_multiply_gcd_forward_apply	107320498	107320499	1	0	0	0	0
tlm_multiply_gcd_forward_codec	107320499	107320502	3	0	0	0	0
tlm_multiply_gcd_forward_shift	107320502	107320948	446	110	0	0	2
tlm_multiply_gcd_forward_compare	107320948	107321890	942	155	0	43	44
tlm_multiply_gcd_forward_body	107321890	107323551	1661	221	0	110	111
tlm_multiply_gcd_forward_apply	107323551	107323552	1	0	0	0	0
tlm_multiply_gcd_forward_codec	107323552	107323555	3	0	0	0	0
tlm_multiply_gcd_forward_shift	107323555	107323997	442	109	0	0	2
tlm_multiply_gcd_forward_compare	107323997	107324950	953	155	0	44	45
tlm_multiply_gcd_forward_body	107324950	107326596	1646	219	0	109	110
tlm_multiply_gcd_forward_apply	107326596	107326597	1	0	0	0	0
tlm_multiply_gcd_forward_codec	107326597	107326763	166	18	0	4	7
tlm_multiply_gcd_forward_shift	107326763	107327201	438	108	0	0	2
tlm_multiply_gcd_forward_compare	107327201	107328151	950	154	0	44	45
tlm_multiply_gcd_forward_body	107328151	107329782	1631	217	0	108	109
tlm_multiply_gcd_forward_apply	107329782	107329783	1	0	0	0	0
tlm_multiply_gcd_forward_codec	107329783	107329786	3	0	0	0	0
tlm_multiply_gcd_forward_shift	107329786	107330220	434	107	0	0	2
tlm_multiply_gcd_forward_compare	107330220	107331167	947	153	0	44	45
tlm_multiply_gcd_forward_body	107331167	107332783	1616	215	0	107	108
tlm_multiply_gcd_forward_apply	107332783	107332784	1	0	0	0	0
tlm_multiply_gcd_forward_codec	107332784	107332787	3	0	0	0	0
tlm_multiply_gcd_forward_shift	107332787	107333217	430	106	0	0	2
tlm_multiply_gcd_forward_compare	107333217	107334161	944	152	0	44	45
tlm_multiply_gcd_forward_body	107334161	107335762	1601	213	0	106	107
tlm_multiply_gcd_forward_apply	107335762	107335763	1	0	0	0	0
tlm_multiply_gcd_forward_codec	107335763	107335929	166	18	0	4	7
tlm_multiply_gcd_forward_shift	107335929	107336355	426	105	0	0	2
tlm_multiply_gcd_forward_compare	107336355	107337296	941	151	0	44	45
tlm_multiply_gcd_forward_body	107337296	107338882	1586	211	0	105	106
tlm_multiply_gcd_forward_apply	107338882	107338883	1	0	0	0	0
tlm_multiply_gcd_forward_codec	107338883	107338886	3	0	0	0	0
tlm_multiply_gcd_forward_shift	107338886	107339308	422	104	0	0	2
tlm_multiply_gcd_forward_compare	107339308	107340260	952	151	0	45	46
tlm_multiply_gcd_forward_body	107340260	107341831	1571	209	0	104	105
tlm_multiply_gcd_forward_apply	107341831	107341832	1	0	0	0	0
tlm_multiply_gcd_forward_codec	107341832	107341835	3	0	0	0	0
tlm_multiply_gcd_forward_shift	107341835	107342253	418	103	0	0	2
tlm_multiply_gcd_forward_compare	107342253	107343202	949	150	0	45	46
tlm_multiply_gcd_forward_body	107343202	107344758	1556	207	0	103	104
tlm_multiply_gcd_forward_apply	107344758	107344759	1	0	0	0	0
tlm_multiply_gcd_forward_codec	107344759	107344925	166	18	0	4	7
tlm_multiply_gcd_forward_shift	107344925	107345339	414	102	0	0	2
tlm_multiply_gcd_forward_compare	107345339	107346271	932	148	0	44	45
tlm_multiply_gcd_forward_body	107346271	107347812	1541	205	0	102	103
tlm_multiply_gcd_forward_apply	107347812	107347813	1	0	0	0	0
tlm_multiply_gcd_forward_codec	107347813	107347816	3	0	0	0	0
tlm_multiply_gcd_forward_shift	107347816	107348226	410	101	0	0	2
tlm_multiply_gcd_forward_compare	107348226	107349183	957	149	0	46	47
tlm_multiply_gcd_forward_body	107349183	107350709	1526	203	0	101	102
tlm_multiply_gcd_forward_apply	107350709	107350710	1	0	0	0	0
tlm_multiply_gcd_forward_codec	107350710	107350713	3	0	0	0	0
tlm_multiply_gcd_forward_shift	107350713	107351119	406	100	0	0	2
tlm_multiply_gcd_forward_compare	107351119	107352059	940	147	0	45	46
tlm_multiply_gcd_forward_body	107352059	107353570	1511	201	0	100	101
tlm_multiply_gcd_forward_apply	107353570	107353571	1	0	0	0	0
tlm_multiply_gcd_forward_codec	107353571	107353737	166	18	0	4	7
tlm_multiply_gcd_forward_shift	107353737	107354139	402	99	0	0	2
tlm_multiply_gcd_forward_compare	107354139	107355076	937	146	0	45	46
tlm_multiply_gcd_forward_body	107355076	107356572	1496	199	0	99	100
tlm_multiply_gcd_forward_apply	107356572	107356573	1	0	0	0	0
tlm_multiply_gcd_forward_codec	107356573	107356576	3	0	0	0	0
tlm_multiply_gcd_forward_shift	107356576	107356974	398	98	0	0	2
tlm_multiply_gcd_forward_compare	107356974	107357908	934	145	0	45	46
tlm_multiply_gcd_forward_body	107357908	107359389	1481	197	0	98	99
tlm_multiply_gcd_forward_apply	107359389	107359390	1	0	0	0	0
tlm_multiply_gcd_forward_codec	107359390	107359393	3	0	0	0	0
tlm_multiply_gcd_forward_shift	107359393	107359787	394	97	0	0	2
tlm_multiply_gcd_forward_compare	107359787	107360718	931	144	0	45	46
tlm_multiply_gcd_forward_body	107360718	107362184	1466	195	0	97	98
tlm_multiply_gcd_forward_apply	107362184	107362185	1	0	0	0	0
tlm_multiply_gcd_forward_codec	107362185	107362351	166	18	0	4	7
tlm_multiply_gcd_forward_shift	107362351	107362741	390	96	0	0	2
tlm_multiply_gcd_forward_compare	107362741	107363669	928	143	0	45	46
tlm_multiply_gcd_forward_body	107363669	107365120	1451	193	0	96	97
tlm_multiply_gcd_forward_apply	107365120	107365121	1	0	0	0	0
tlm_multiply_gcd_forward_codec	107365121	107365124	3	0	0	0	0
tlm_multiply_gcd_forward_shift	107365124	107365510	386	95	0	0	2
tlm_multiply_gcd_forward_compare	107365510	107366449	939	143	0	46	47
tlm_multiply_gcd_forward_body	107366449	107367885	1436	191	0	95	96
tlm_multiply_gcd_forward_apply	107367885	107367886	1	0	0	0	0
tlm_multiply_gcd_forward_codec	107367886	107367889	3	0	0	0	0
tlm_multiply_gcd_forward_shift	107367889	107368271	382	94	0	0	2
tlm_multiply_gcd_forward_compare	107368271	107369193	922	141	0	45	46
tlm_multiply_gcd_forward_body	107369193	107370614	1421	189	0	94	95
tlm_multiply_gcd_forward_apply	107370614	107370615	1	0	0	0	0
tlm_multiply_gcd_forward_codec	107370615	107370781	166	18	0	4	7
tlm_multiply_gcd_forward_shift	107370781	107371159	378	93	0	0	2
tlm_multiply_gcd_forward_compare	107371159	107372078	919	140	0	45	46
tlm_multiply_gcd_forward_body	107372078	107373484	1406	187	0	93	94
tlm_multiply_gcd_forward_apply	107373484	107373485	1	0	0	0	0
tlm_multiply_gcd_forward_codec	107373485	107373488	3	0	0	0	0
tlm_multiply_gcd_forward_shift	107373488	107373862	374	92	0	0	2
tlm_multiply_gcd_forward_compare	107373862	107374792	930	140	0	46	47
tlm_multiply_gcd_forward_body	107374792	107376183	1391	185	0	92	93
tlm_multiply_gcd_forward_apply	107376183	107376184	1	0	0	0	0
tlm_multiply_gcd_forward_codec	107376184	107376187	3	0	0	0	0
tlm_multiply_gcd_forward_shift	107376187	107376557	370	91	0	0	2
tlm_multiply_gcd_forward_compare	107376557	107377484	927	139	0	46	47
tlm_multiply_gcd_forward_body	107377484	107378860	1376	183	0	91	92
tlm_multiply_gcd_forward_apply	107378860	107378861	1	0	0	0	0
tlm_multiply_gcd_forward_codec	107378861	107379027	166	18	0	4	7
tlm_multiply_gcd_forward_shift	107379027	107379393	366	90	0	0	2
tlm_multiply_gcd_forward_compare	107379393	107380317	924	138	0	46	47
tlm_multiply_gcd_forward_body	107380317	107381678	1361	181	0	90	91
tlm_multiply_gcd_forward_apply	107381678	107381679	1	0	0	0	0
tlm_multiply_gcd_forward_codec	107381679	107381682	3	0	0	0	0
tlm_multiply_gcd_forward_shift	107381682	107382044	362	89	0	0	2
tlm_multiply_gcd_forward_compare	107382044	107382979	935	138	0	47	48
tlm_multiply_gcd_forward_body	107382979	107384325	1346	179	0	89	90
tlm_multiply_gcd_forward_apply	107384325	107384326	1	0	0	0	0
tlm_multiply_gcd_forward_codec	107384326	107384329	3	0	0	0	0
tlm_multiply_gcd_forward_shift	107384329	107384687	358	88	0	0	2
tlm_multiply_gcd_forward_compare	107384687	107385605	918	136	0	46	47
tlm_multiply_gcd_forward_body	107385605	107386936	1331	177	0	88	89
tlm_multiply_gcd_forward_apply	107386936	107386937	1	0	0	0	0
tlm_multiply_gcd_forward_codec	107386937	107387103	166	18	0	4	7
tlm_multiply_gcd_forward_shift	107387103	107387457	354	87	0	0	2
tlm_multiply_gcd_forward_compare	107387457	107388372	915	135	0	46	47
tlm_multiply_gcd_forward_body	107388372	107389688	1316	175	0	87	88
tlm_multiply_gcd_forward_apply	107389688	107389689	1	0	0	0	0
tlm_multiply_gcd_forward_codec	107389689	107389692	3	0	0	0	0
tlm_multiply_gcd_forward_shift	107389692	107390042	350	86	0	0	2
tlm_multiply_gcd_forward_compare	107390042	107390968	926	135	0	47	48
tlm_multiply_gcd_forward_body	107390968	107392269	1301	173	0	86	87
tlm_multiply_gcd_forward_apply	107392269	107392270	1	0	0	0	0
tlm_multiply_gcd_forward_codec	107392270	107392273	3	0	0	0	0
tlm_multiply_gcd_forward_shift	107392273	107392619	346	85	0	0	2
tlm_multiply_gcd_forward_compare	107392619	107393528	909	133	0	46	47
tlm_multiply_gcd_forward_body	107393528	107394814	1286	171	0	85	86
tlm_multiply_gcd_forward_apply	107394814	107394815	1	0	0	0	0
tlm_multiply_gcd_forward_codec	107394815	107394981	166	18	0	4	7
tlm_multiply_gcd_forward_shift	107394981	107395323	342	84	0	0	2
tlm_multiply_gcd_forward_compare	107395323	107396229	906	132	0	46	47
tlm_multiply_gcd_forward_body	107396229	107397500	1271	169	0	84	85
tlm_multiply_gcd_forward_apply	107397500	107397501	1	0	0	0	0
tlm_multiply_gcd_forward_codec	107397501	107397504	3	0	0	0	0
tlm_multiply_gcd_forward_shift	107397504	107397842	338	83	0	0	2
tlm_multiply_gcd_forward_compare	107397842	107398759	917	132	0	47	48
tlm_multiply_gcd_forward_body	107398759	107400015	1256	167	0	83	84
tlm_multiply_gcd_forward_apply	107400015	107400016	1	0	0	0	0
tlm_multiply_gcd_forward_codec	107400016	107400019	3	0	0	0	0
tlm_multiply_gcd_forward_shift	107400019	107400353	334	82	0	0	2
tlm_multiply_gcd_forward_compare	107400353	107401267	914	131	0	47	48
tlm_multiply_gcd_forward_body	107401267	107402508	1241	165	0	82	83
tlm_multiply_gcd_forward_apply	107402508	107402509	1	0	0	0	0
tlm_multiply_gcd_forward_codec	107402509	107402675	166	18	0	4	7
tlm_multiply_gcd_forward_shift	107402675	107403005	330	81	0	0	2
tlm_multiply_gcd_forward_compare	107403005	107403916	911	130	0	47	48
tlm_multiply_gcd_forward_body	107403916	107405142	1226	163	0	81	82
tlm_multiply_gcd_forward_apply	107405142	107405143	1	0	0	0	0
tlm_multiply_gcd_forward_codec	107405143	107405146	3	0	0	0	0
tlm_multiply_gcd_forward_shift	107405146	107405472	326	80	0	0	2
tlm_multiply_gcd_forward_compare	107405472	107406380	908	129	0	47	48
tlm_multiply_gcd_forward_body	107406380	107407591	1211	161	0	80	81
tlm_multiply_gcd_forward_apply	107407591	107407592	1	0	0	0	0
tlm_multiply_gcd_forward_codec	107407592	107407595	3	0	0	0	0
tlm_multiply_gcd_forward_shift	107407595	107407917	322	79	0	0	2
tlm_multiply_gcd_forward_compare	107407917	107408822	905	128	0	47	48
tlm_multiply_gcd_forward_body	107408822	107410018	1196	159	0	79	80
tlm_multiply_gcd_forward_apply	107410018	107410019	1	0	0	0	0
tlm_multiply_gcd_forward_codec	107410019	107410185	166	18	0	4	7
tlm_multiply_gcd_forward_shift	107410185	107410503	318	78	0	0	2
tlm_multiply_gcd_forward_compare	107410503	107411405	902	127	0	47	48
tlm_multiply_gcd_forward_body	107411405	107412586	1181	157	0	78	79
tlm_multiply_gcd_forward_apply	107412586	107412587	1	0	0	0	0
tlm_multiply_gcd_forward_codec	107412587	107412590	3	0	0	0	0
tlm_multiply_gcd_forward_shift	107412590	107412904	314	77	0	0	2
tlm_multiply_gcd_forward_compare	107412904	107413803	899	126	0	47	48
tlm_multiply_gcd_forward_body	107413803	107414969	1166	155	0	77	78
tlm_multiply_gcd_forward_apply	107414969	107414970	1	0	0	0	0
tlm_multiply_gcd_forward_codec	107414970	107414973	3	0	0	0	0
tlm_multiply_gcd_forward_shift	107414973	107415283	310	76	0	0	2
tlm_multiply_gcd_forward_compare	107415283	107416193	910	126	0	48	49
tlm_multiply_gcd_forward_body	107416193	107417344	1151	153	0	76	77
tlm_multiply_gcd_forward_apply	107417344	107417345	1	0	0	0	0
tlm_multiply_gcd_forward_codec	107417345	107417511	166	18	0	4	7
tlm_multiply_gcd_forward_shift	107417511	107417817	306	75	0	0	2
tlm_multiply_gcd_forward_compare	107417817	107418738	921	126	0	49	50
tlm_multiply_gcd_forward_body	107418738	107419874	1136	151	0	75	76
tlm_multiply_gcd_forward_apply	107419874	107419875	1	0	0	0	0
tlm_multiply_gcd_forward_codec	107419875	107419878	3	0	0	0	0
tlm_multiply_gcd_forward_shift	107419878	107420180	302	74	0	0	2
tlm_multiply_gcd_forward_compare	107420180	107421084	904	124	0	48	49
tlm_multiply_gcd_forward_body	107421084	107422205	1121	149	0	74	75
tlm_multiply_gcd_forward_apply	107422205	107422206	1	0	0	0	0
tlm_multiply_gcd_forward_codec	107422206	107422209	3	0	0	0	0
tlm_multiply_gcd_forward_shift	107422209	107422507	298	73	0	0	2
tlm_multiply_gcd_forward_compare	107422507	107423408	901	123	0	48	49
tlm_multiply_gcd_forward_body	107423408	107424514	1106	147	0	73	74
tlm_multiply_gcd_forward_apply	107424514	107424515	1	0	0	0	0
tlm_multiply_gcd_forward_codec	107424515	107424681	166	18	0	4	7
tlm_multiply_gcd_forward_shift	107424681	107424975	294	72	0	0	2
tlm_multiply_gcd_forward_compare	107424975	107425873	898	122	0	48	49
tlm_multiply_gcd_forward_body	107425873	107426964	1091	145	0	72	73
tlm_multiply_gcd_forward_apply	107426964	107426965	1	0	0	0	0
tlm_multiply_gcd_forward_codec	107426965	107426968	3	0	0	0	0
tlm_multiply_gcd_forward_shift	107426968	107427258	290	71	0	0	2
tlm_multiply_gcd_forward_compare	107427258	107428153	895	121	0	48	49
tlm_multiply_gcd_forward_body	107428153	107429229	1076	143	0	71	72
tlm_multiply_gcd_forward_apply	107429229	107429230	1	0	0	0	0
tlm_multiply_gcd_forward_codec	107429230	107429233	3	0	0	0	0
tlm_multiply_gcd_forward_shift	107429233	107429519	286	70	0	0	2
tlm_multiply_gcd_forward_compare	107429519	107430411	892	120	0	48	49
tlm_multiply_gcd_forward_body	107430411	107431472	1061	141	0	70	71
tlm_multiply_gcd_forward_apply	107431472	107431473	1	0	0	0	0
tlm_multiply_gcd_forward_codec	107431473	107431639	166	18	0	4	7
tlm_multiply_gcd_forward_shift	107431639	107431921	282	69	0	0	2
tlm_multiply_gcd_forward_compare	107431921	107432810	889	119	0	48	49
tlm_multiply_gcd_forward_body	107432810	107433856	1046	139	0	69	70
tlm_multiply_gcd_forward_apply	107433856	107433857	1	0	0	0	0
tlm_multiply_gcd_forward_codec	107433857	107433860	3	0	0	0	0
tlm_multiply_gcd_forward_shift	107433860	107434138	278	68	0	0	2
tlm_multiply_gcd_forward_compare	107434138	107435038	900	119	0	49	50
tlm_multiply_gcd_forward_body	107435038	107436069	1031	137	0	68	69
tlm_multiply_gcd_forward_apply	107436069	107436070	1	0	0	0	0
tlm_multiply_gcd_forward_codec	107436070	107436073	3	0	0	0	0
tlm_multiply_gcd_forward_shift	107436073	107436347	274	67	0	0	2
tlm_multiply_gcd_forward_compare	107436347	107437230	883	117	0	48	49
tlm_multiply_gcd_forward_body	107437230	107438246	1016	135	0	67	68
tlm_multiply_gcd_forward_apply	107438246	107438247	1	0	0	0	0
tlm_multiply_gcd_forward_codec	107438247	107438413	166	18	0	4	7
tlm_multiply_gcd_forward_shift	107438413	107438683	270	66	0	0	2
tlm_multiply_gcd_forward_compare	107438683	107439563	880	116	0	48	49
tlm_multiply_gcd_forward_body	107439563	107440564	1001	133	0	66	67
tlm_multiply_gcd_forward_apply	107440564	107440565	1	0	0	0	0
tlm_multiply_gcd_forward_codec	107440565	107440568	3	0	0	0	0
tlm_multiply_gcd_forward_shift	107440568	107440834	266	65	0	0	2
tlm_multiply_gcd_forward_compare	107440834	107441711	877	115	0	48	49
tlm_multiply_gcd_forward_body	107441711	107442697	986	131	0	65	66
tlm_multiply_gcd_forward_apply	107442697	107442698	1	0	0	0	0
tlm_multiply_gcd_forward_codec	107442698	107442701	3	0	0	0	0
tlm_multiply_gcd_forward_shift	107442701	107442963	262	64	0	0	2
tlm_multiply_gcd_forward_compare	107442963	107443865	902	116	0	50	51
tlm_multiply_gcd_forward_body	107443865	107444836	971	129	0	64	65
tlm_multiply_gcd_forward_apply	107444836	107444837	1	0	0	0	0
tlm_multiply_gcd_forward_codec	107444837	107445003	166	18	0	4	7
tlm_multiply_gcd_forward_shift	107445003	107445261	258	63	0	0	2
tlm_multiply_gcd_forward_compare	107445261	107446146	885	114	0	49	50
tlm_multiply_gcd_forward_body	107446146	107447102	956	127	0	63	64
tlm_multiply_gcd_forward_apply	107447102	107447103	1	0	0	0	0
tlm_multiply_gcd_forward_codec	107447103	107447106	3	0	0	0	0
tlm_multiply_gcd_forward_shift	107447106	107447360	254	62	0	0	2
tlm_multiply_gcd_forward_compare	107447360	107448270	910	115	0	51	52
tlm_multiply_gcd_forward_body	107448270	107449211	941	125	0	62	63
tlm_multiply_gcd_forward_apply	107449211	107449212	1	0	0	0	0
tlm_multiply_gcd_forward_codec	107449212	107449215	3	0	0	0	0
tlm_multiply_gcd_forward_shift	107449215	107449465	250	61	0	0	2
tlm_multiply_gcd_forward_compare	107449465	107450372	907	114	0	51	52
tlm_multiply_gcd_forward_body	107450372	107451298	926	123	0	61	62
tlm_multiply_gcd_forward_apply	107451298	107451299	1	0	0	0	0
tlm_multiply_gcd_forward_codec	107451299	107451465	166	18	0	4	7
tlm_multiply_gcd_forward_shift	107451465	107451711	246	60	0	0	2
tlm_multiply_gcd_forward_compare	107451711	107452601	890	112	0	50	51
tlm_multiply_gcd_forward_body	107452601	107453512	911	121	0	60	61
tlm_multiply_gcd_forward_apply	107453512	107453513	1	0	0	0	0
tlm_multiply_gcd_forward_codec	107453513	107453516	3	0	0	0	0
tlm_multiply_gcd_forward_shift	107453516	107453758	242	59	0	0	2
tlm_multiply_gcd_forward_compare	107453758	107454673	915	113	0	52	53
tlm_multiply_gcd_forward_body	107454673	107455569	896	119	0	59	60
tlm_multiply_gcd_forward_apply	107455569	107455570	1	0	0	0	0
tlm_multiply_gcd_forward_codec	107455570	107455573	3	0	0	0	0
tlm_multiply_gcd_forward_shift	107455573	107455811	238	58	0	0	2
tlm_multiply_gcd_forward_compare	107455811	107456709	898	111	0	51	52
tlm_multiply_gcd_forward_body	107456709	107457590	881	117	0	58	59
tlm_multiply_gcd_forward_apply	107457590	107457591	1	0	0	0	0
tlm_multiply_gcd_forward_codec	107457591	107457757	166	18	0	4	7
tlm_multiply_gcd_forward_shift	107457757	107457991	234	57	0	0	2
tlm_multiply_gcd_forward_compare	107457991	107458900	909	111	0	52	53
tlm_multiply_gcd_forward_body	107458900	107459766	866	115	0	57	58
tlm_multiply_gcd_forward_apply	107459766	107459767	1	0	0	0	0
tlm_multiply_gcd_forward_codec	107459767	107459770	3	0	0	0	0
tlm_multiply_gcd_forward_shift	107459770	107460000	230	56	0	0	2
tlm_multiply_gcd_forward_compare	107460000	107460906	906	110	0	52	53
tlm_multiply_gcd_forward_body	107460906	107461757	851	113	0	56	57
tlm_multiply_gcd_forward_apply	107461757	107461758	1	0	0	0	0
tlm_multiply_gcd_forward_codec	107461758	107461761	3	0	0	0	0
tlm_multiply_gcd_forward_shift	107461761	107461987	226	55	0	0	2
tlm_multiply_gcd_forward_compare	107461987	107462890	903	109	0	52	53
tlm_multiply_gcd_forward_body	107462890	107463726	836	111	0	55	56
tlm_multiply_gcd_forward_apply	107463726	107463727	1	0	0	0	0
tlm_multiply_gcd_forward_codec	107463727	107463893	166	18	0	4	7
tlm_multiply_gcd_forward_shift	107463893	107464115	222	54	0	0	2
tlm_multiply_gcd_forward_compare	107464115	107465015	900	108	0	52	53
tlm_multiply_gcd_forward_body	107465015	107465836	821	109	0	54	55
tlm_multiply_gcd_forward_apply	107465836	107465837	1	0	0	0	0
tlm_multiply_gcd_forward_codec	107465837	107465840	3	0	0	0	0
tlm_multiply_gcd_forward_shift	107465840	107466058	218	53	0	0	2
tlm_multiply_gcd_forward_compare	107466058	107466955	897	107	0	52	53
tlm_multiply_gcd_forward_body	107466955	107467761	806	107	0	53	54
tlm_multiply_gcd_forward_apply	107467761	107467762	1	0	0	0	0
tlm_multiply_gcd_forward_codec	107467762	107467765	3	0	0	0	0
tlm_multiply_gcd_forward_shift	107467765	107467979	214	52	0	0	2
tlm_multiply_gcd_forward_compare	107467979	107468873	894	106	0	52	53
tlm_multiply_gcd_forward_body	107468873	107469664	791	105	0	52	53
tlm_multiply_gcd_forward_apply	107469664	107469665	1	0	0	0	0
tlm_multiply_gcd_forward_codec	107469665	107469831	166	18	0	4	7
tlm_multiply_gcd_forward_shift	107469831	107470041	210	51	0	0	2
tlm_multiply_gcd_forward_compare	107470041	107470918	877	104	0	51	52
tlm_multiply_gcd_forward_body	107470918	107471694	776	103	0	51	52
tlm_multiply_gcd_forward_apply	107471694	107471695	1	0	0	0	0
tlm_multiply_gcd_forward_codec	107471695	107471698	3	0	0	0	0
tlm_multiply_gcd_forward_shift	107471698	107471904	206	50	0	0	2
tlm_multiply_gcd_forward_compare	107471904	107472764	860	102	0	50	51
tlm_multiply_gcd_forward_body	107472764	107473525	761	101	0	50	51
tlm_multiply_gcd_forward_apply	107473525	107473526	1	0	0	0	0
tlm_multiply_gcd_forward_codec	107473526	107473529	3	0	0	0	0
tlm_multiply_gcd_forward_shift	107473529	107473731	202	49	0	0	2
tlm_multiply_gcd_forward_compare	107473731	107474574	843	100	0	49	50
tlm_multiply_gcd_forward_body	107474574	107475320	746	99	0	49	50
tlm_multiply_gcd_forward_apply	107475320	107475321	1	0	0	0	0
tlm_multiply_gcd_forward_codec	107475321	107475487	166	18	0	4	7
tlm_multiply_gcd_forward_shift	107475487	107475685	198	48	0	0	2
tlm_multiply_gcd_forward_compare	107475685	107476511	826	98	0	48	49
tlm_multiply_gcd_forward_body	107476511	107477242	731	97	0	48	49
tlm_multiply_gcd_forward_apply	107477242	107477243	1	0	0	0	0
tlm_multiply_gcd_forward_codec	107477243	107477246	3	0	0	0	0
tlm_multiply_gcd_forward_shift	107477246	107477440	194	47	0	0	2
tlm_multiply_gcd_forward_compare	107477440	107478249	809	96	0	47	48
tlm_multiply_gcd_forward_body	107478249	107478965	716	95	0	47	48
tlm_multiply_gcd_forward_apply	107478965	107478966	1	0	0	0	0
tlm_multiply_gcd_forward_codec	107478966	107478969	3	0	0	0	0
tlm_multiply_gcd_forward_shift	107478969	107479159	190	46	0	0	2
tlm_multiply_gcd_forward_compare	107479159	107479951	792	94	0	46	47
tlm_multiply_gcd_forward_body	107479951	107480652	701	93	0	46	47
tlm_multiply_gcd_forward_apply	107480652	107480653	1	0	0	0	0
tlm_multiply_gcd_forward_codec	107480653	107480819	166	18	0	4	7
tlm_multiply_gcd_forward_shift	107480819	107481005	186	45	0	0	2
tlm_multiply_gcd_forward_compare	107481005	107481780	775	92	0	45	46
tlm_multiply_gcd_forward_body	107481780	107482466	686	91	0	45	46
tlm_multiply_gcd_forward_apply	107482466	107482467	1	0	0	0	0
tlm_multiply_gcd_forward_codec	107482467	107482470	3	0	0	0	0
tlm_multiply_gcd_forward_shift	107482470	107482652	182	44	0	0	2
tlm_multiply_gcd_forward_compare	107482652	107483410	758	90	0	44	45
tlm_multiply_gcd_forward_body	107483410	107484081	671	89	0	44	45
tlm_multiply_gcd_forward_apply	107484081	107484082	1	0	0	0	0
tlm_multiply_gcd_forward_codec	107484082	107484085	3	0	0	0	0
tlm_multiply_gcd_forward_shift	107484085	107484263	178	43	0	0	2
tlm_multiply_gcd_forward_compare	107484263	107485018	755	89	0	44	45
tlm_multiply_gcd_forward_body	107485018	107485674	656	87	0	43	44
tlm_multiply_gcd_forward_apply	107485674	107485675	1	0	0	0	0
tlm_multiply_gcd_forward_codec	107485675	107485841	166	18	0	4	7
tlm_multiply_gcd_forward_shift	107485841	107486015	174	42	0	0	2
tlm_multiply_gcd_forward_compare	107486015	107486753	738	87	0	43	44
tlm_multiply_gcd_forward_body	107486753	107487394	641	85	0	42	43
tlm_multiply_gcd_forward_apply	107487394	107487395	1	0	0	0	0
tlm_multiply_gcd_forward_codec	107487395	107487398	3	0	0	0	0
tlm_multiply_gcd_forward_shift	107487398	107487568	170	41	0	0	2
tlm_multiply_gcd_forward_compare	107487568	107488289	721	85	0	42	43
tlm_multiply_gcd_forward_body	107488289	107488915	626	83	0	41	42
tlm_multiply_gcd_forward_apply	107488915	107488916	1	0	0	0	0
tlm_multiply_gcd_forward_codec	107488916	107488919	3	0	0	0	0
tlm_multiply_gcd_forward_shift	107488919	107489085	166	40	0	0	2
tlm_multiply_gcd_forward_compare	107489085	107489789	704	83	0	41	42
tlm_multiply_gcd_forward_body	107489789	107490400	611	81	0	40	41
tlm_multiply_gcd_forward_apply	107490400	107490401	1	0	0	0	0
tlm_multiply_gcd_forward_codec	107490401	107490567	166	18	0	4	7
tlm_multiply_gcd_forward_shift	107490567	107490729	162	39	0	0	2
tlm_multiply_gcd_forward_compare	107490729	107491416	687	81	0	40	41
tlm_multiply_gcd_forward_body	107491416	107492012	596	79	0	39	40
tlm_multiply_gcd_forward_apply	107492012	107492013	1	0	0	0	0
tlm_multiply_gcd_forward_codec	107492013	107492016	3	0	0	0	0
tlm_multiply_gcd_forward_shift	107492016	107492174	158	38	0	0	2
tlm_multiply_gcd_forward_compare	107492174	107492844	670	79	0	39	40
tlm_multiply_gcd_forward_body	107492844	107493425	581	77	0	38	39
tlm_multiply_gcd_forward_apply	107493425	107493426	1	0	0	0	0
tlm_multiply_gcd_forward_codec	107493426	107493429	3	0	0	0	0
tlm_multiply_gcd_forward_shift	107493429	107493583	154	37	0	0	2
tlm_multiply_gcd_forward_compare	107493583	107494236	653	77	0	38	39
tlm_multiply_gcd_forward_body	107494236	107494802	566	75	0	37	38
tlm_multiply_gcd_forward_apply	107494802	107494803	1	0	0	0	0
tlm_multiply_gcd_forward_codec	107494803	107494969	166	18	0	4	7
tlm_multiply_gcd_forward_shift	107494969	107495119	150	36	0	0	2
tlm_multiply_gcd_forward_compare	107495119	107495755	636	75	0	37	38
tlm_multiply_gcd_forward_body	107495755	107496306	551	73	0	36	37
tlm_multiply_gcd_forward_apply	107496306	107496307	1	0	0	0	0
tlm_multiply_gcd_forward_codec	107496307	107496310	3	0	0	0	0
tlm_multiply_gcd_forward_shift	107496310	107496456	146	35	0	0	2
tlm_multiply_gcd_forward_compare	107496456	107497075	619	73	0	36	37
tlm_multiply_gcd_forward_body	107497075	107497611	536	71	0	35	36
tlm_multiply_gcd_forward_apply	107497611	107497612	1	0	0	0	0
tlm_multiply_gcd_forward_codec	107497612	107497615	3	0	0	0	0
tlm_multiply_gcd_forward_shift	107497615	107497757	142	34	0	0	2
tlm_multiply_gcd_forward_compare	107497757	107498359	602	71	0	35	36
tlm_multiply_gcd_forward_body	107498359	107498880	521	69	0	34	35
tlm_multiply_gcd_forward_apply	107498880	107498881	1	0	0	0	0
tlm_multiply_gcd_forward_codec	107498881	107499047	166	18	0	4	7
tlm_multiply_gcd_forward_shift	107499047	107499185	138	33	0	0	2
tlm_multiply_gcd_forward_compare	107499185	107499770	585	69	0	34	35
tlm_multiply_gcd_forward_body	107499770	107500276	506	67	0	33	34
tlm_multiply_gcd_forward_apply	107500276	107500277	1	0	0	0	0
tlm_multiply_gcd_forward_codec	107500277	107500280	3	0	0	0	0
tlm_multiply_gcd_forward_shift	107500280	107500414	134	32	0	0	2
tlm_multiply_gcd_forward_compare	107500414	107500982	568	67	0	33	34
tlm_multiply_gcd_forward_body	107500982	107501473	491	65	0	32	33
tlm_multiply_gcd_forward_apply	107501473	107501474	1	0	0	0	0
tlm_multiply_gcd_forward_codec	107501474	107501477	3	0	0	0	0
tlm_multiply_gcd_forward_shift	107501477	107501607	130	31	0	0	2
tlm_multiply_gcd_forward_compare	107501607	107502158	551	65	0	32	33
tlm_multiply_gcd_forward_body	107502158	107502634	476	63	0	31	32
tlm_multiply_gcd_forward_apply	107502634	107502635	1	0	0	0	0
tlm_multiply_gcd_forward_codec	107502635	107502801	166	18	0	4	7
tlm_multiply_gcd_forward_shift	107502801	107502927	126	30	0	0	2
tlm_multiply_gcd_forward_compare	107502927	107503461	534	63	0	31	32
tlm_multiply_gcd_forward_body	107503461	107503922	461	61	0	30	31
tlm_multiply_gcd_forward_apply	107503922	107503923	1	0	0	0	0
tlm_multiply_gcd_forward_codec	107503923	107503926	3	0	0	0	0
tlm_multiply_gcd_forward_shift	107503926	107504048	122	29	0	0	2
tlm_multiply_gcd_forward_compare	107504048	107504565	517	61	0	30	31
tlm_multiply_gcd_forward_body	107504565	107505011	446	59	0	29	30
tlm_multiply_gcd_forward_apply	107505011	107505012	1	0	0	0	0
tlm_multiply_gcd_forward_codec	107505012	107505015	3	0	0	0	0
tlm_multiply_gcd_forward_shift	107505015	107505133	118	28	0	0	2
tlm_multiply_gcd_forward_compare	107505133	107505633	500	59	0	29	30
tlm_multiply_gcd_forward_body	107505633	107506064	431	57	0	28	29
tlm_multiply_gcd_forward_apply	107506064	107506065	1	0	0	0	0
tlm_multiply_gcd_forward_codec	107506065	107506231	166	18	0	4	7
tlm_multiply_gcd_forward_shift	107506231	107506345	114	27	0	0	2
tlm_multiply_gcd_forward_compare	107506345	107506828	483	57	0	28	29
tlm_multiply_gcd_forward_body	107506828	107507244	416	55	0	27	28
tlm_multiply_gcd_forward_apply	107507244	107507245	1	0	0	0	0
tlm_multiply_gcd_forward_codec	107507245	107507248	3	0	0	0	0
tlm_multiply_gcd_forward_shift	107507248	107507358	110	26	0	0	2
tlm_multiply_gcd_forward_compare	107507358	107507824	466	55	0	27	28
tlm_multiply_gcd_forward_body	107507824	107508225	401	53	0	26	27
tlm_multiply_gcd_forward_apply	107508225	107508226	1	0	0	0	0
tlm_multiply_gcd_forward_codec	107508226	107508229	3	0	0	0	0
tlm_multiply_gcd_forward_shift	107508229	107508335	106	25	0	0	2
tlm_multiply_gcd_forward_compare	107508335	107508784	449	53	0	26	27
tlm_multiply_gcd_forward_body	107508784	107509170	386	51	0	25	26
tlm_multiply_gcd_forward_apply	107509170	107509171	1	0	0	0	0
tlm_multiply_gcd_forward_codec	107509171	107509337	166	18	0	4	7
tlm_multiply_gcd_forward_shift	107509337	107509435	98	22	0	0	6
tlm_multiply_gcd_forward_compare	107509435	107509847	412	48	0	24	25
tlm_multiply_gcd_forward_body	107509847	107510188	341	45	0	22	23
tlm_multiply_gcd_forward_apply	107510188	107510189	1	0	0	0	0
tlm_multiply_gcd_forward_codec	107510189	107510192	3	0	0	0	0
tlm_multiply_gcd_forward_shift	107510192	107510282	90	21	0	0	2
tlm_multiply_gcd_forward_compare	107510282	107510677	395	46	0	23	24
tlm_multiply_gcd_forward_body	107510677	107511003	326	43	0	21	22
tlm_multiply_gcd_forward_apply	107511003	107511004	1	0	0	0	0
tlm_multiply_gcd_forward_codec	107511004	107511007	3	0	0	0	0
tlm_multiply_gcd_forward_shift	107511007	107511093	86	20	0	0	2
tlm_multiply_gcd_forward_compare	107511093	107511471	378	44	0	22	23
tlm_multiply_gcd_forward_body	107511471	107511782	311	41	0	20	21
tlm_multiply_gcd_forward_apply	107511782	107511783	1	0	0	0	0
tlm_multiply_gcd_forward_codec	107511783	107511949	166	18	0	4	7
tlm_multiply_gcd_forward_shift	107511949	107512031	82	19	0	0	2
tlm_multiply_gcd_forward_compare	107512031	107512392	361	42	0	21	22
tlm_multiply_gcd_forward_body	107512392	107512688	296	39	0	19	20
tlm_multiply_gcd_forward_apply	107512688	107512689	1	0	0	0	0
tlm_multiply_gcd_forward_codec	107512689	107512692	3	0	0	0	0
tlm_multiply_gcd_forward_shift	107512692	107512770	78	18	0	0	2
tlm_multiply_gcd_forward_compare	107512770	107513114	344	40	0	20	21
tlm_multiply_gcd_forward_body	107513114	107513395	281	37	0	18	19
tlm_multiply_gcd_forward_apply	107513395	107513396	1	0	0	0	0
tlm_multiply_gcd_forward_codec	107513396	107513399	3	0	0	0	0
tlm_multiply_gcd_forward_shift	107513399	107513473	74	17	0	0	2
tlm_multiply_gcd_forward_compare	107513473	107513800	327	38	0	19	20
tlm_multiply_gcd_forward_body	107513800	107514066	266	35	0	17	18
tlm_multiply_gcd_forward_apply	107514066	107514067	1	0	0	0	0
tlm_multiply_gcd_forward_codec	107514067	107514233	166	18	0	4	7
tlm_multiply_gcd_forward_shift	107514233	107514305	72	17	0	0	0
tlm_multiply_gcd_forward_compare	107514305	107514632	327	38	0	19	20
tlm_multiply_gcd_forward_body	107514632	107514898	266	35	0	17	18
tlm_multiply_gcd_forward_apply	107514898	107514899	1	0	0	0	0
tlm_multiply_gcd_forward_codec	107514899	107514902	3	0	0	0	0
tlm_multiply_gcd_forward_shift	107514902	107514972	70	16	0	0	2
tlm_multiply_gcd_forward_compare	107514972	107515282	310	36	0	18	19
tlm_multiply_gcd_forward_body	107515282	107515533	251	33	0	16	17
tlm_multiply_gcd_forward_apply	107515533	107515534	1	0	0	0	0
tlm_multiply_gcd_forward_codec	107515534	107515537	3	0	0	0	0
tlm_multiply_gcd_forward_shift	107515537	107515605	68	16	0	0	0
tlm_multiply_gcd_forward_compare	107515605	107515915	310	36	0	18	19
tlm_multiply_gcd_forward_body	107515915	107516166	251	33	0	16	17
tlm_multiply_gcd_forward_apply	107516166	107516167	1	0	0	0	0
tlm_multiply_gcd_forward_codec	107516167	107516333	166	18	0	4	7
tlm_multiply_gcd_forward_shift	107516333	107516399	66	15	0	0	2
tlm_multiply_gcd_forward_compare	107516399	107516692	293	34	0	17	18
tlm_multiply_gcd_forward_body	107516692	107516928	236	31	0	15	16
tlm_multiply_gcd_forward_apply	107516928	107516929	1	0	0	0	0
tlm_multiply_gcd_forward_codec	107516929	107516932	3	0	0	0	0
tlm_multiply_gcd_forward_shift	107516932	107516994	62	14	0	0	2
tlm_multiply_gcd_forward_compare	107516994	107517270	276	32	0	16	17
tlm_multiply_gcd_forward_body	107517270	107517491	221	29	0	14	15
tlm_multiply_gcd_forward_apply	107517491	107517492	1	0	0	0	0
tlm_multiply_gcd_forward_codec	107517492	107517495	3	0	0	0	0
tlm_multiply_gcd_forward_shift	107517495	107517553	58	13	0	0	2
tlm_multiply_gcd_forward_compare	107517553	107517812	259	30	0	15	16
tlm_multiply_gcd_forward_body	107517812	107518018	206	27	0	13	14
tlm_multiply_gcd_forward_apply	107518018	107518019	1	0	0	0	0
tlm_multiply_gcd_forward_codec	107518019	107518185	166	18	0	4	7
tlm_multiply_gcd_forward_shift	107518185	107518241	56	13	0	0	0
tlm_multiply_gcd_forward_compare	107518241	107518500	259	30	0	15	16
tlm_multiply_gcd_forward_body	107518500	107518706	206	27	0	13	14
tlm_multiply_gcd_forward_apply	107518706	107518707	1	0	0	0	0
tlm_multiply_gcd_forward_codec	107518707	107518710	3	0	0	0	0
tlm_multiply_gcd_forward_shift	107518710	107518764	54	12	0	0	2
tlm_multiply_gcd_forward_compare	107518764	107519006	242	28	0	14	15
tlm_multiply_gcd_forward_body	107519006	107519197	191	25	0	12	13
tlm_multiply_gcd_forward_apply	107519197	107519198	1	0	0	0	0
tlm_multiply_gcd_forward_codec	107519198	107519201	3	0	0	0	0
tlm_multiply_gcd_forward_shift	107519201	107519253	52	12	0	0	0
tlm_multiply_gcd_forward_compare	107519253	107519495	242	28	0	14	15
tlm_multiply_gcd_forward_body	107519495	107519686	191	25	0	12	13
tlm_multiply_gcd_forward_apply	107519686	107519687	1	0	0	0	0
tlm_multiply_gcd_forward_codec	107519687	107519853	166	18	0	4	7
tlm_multiply_gcd_forward_shift	107519853	107519905	52	12	0	0	0
tlm_multiply_gcd_forward_compare	107519905	107520147	242	28	0	14	15
tlm_multiply_gcd_forward_body	107520147	107520338	191	25	0	12	13
tlm_multiply_gcd_forward_apply	107520338	107520339	1	0	0	0	0
tlm_multiply_gcd_forward_codec	107520339	107520342	3	0	0	0	0
tlm_multiply_gcd_forward_shift	107520342	107520390	48	10	0	0	4
tlm_multiply_gcd_forward_compare	107520390	107520598	208	24	0	12	13
tlm_multiply_gcd_forward_body	107520598	107520759	161	21	0	10	11
tlm_multiply_gcd_forward_apply	107520759	107520760	1	0	0	0	0
tlm_multiply_gcd_forward_codec	107520760	107520763	3	0	0	0	0
tlm_multiply_gcd_forward_shift	107520763	107520807	44	10	0	0	0
tlm_multiply_gcd_forward_compare	107520807	107521015	208	24	0	12	13
tlm_multiply_gcd_forward_body	107521015	107521176	161	21	0	10	11
tlm_multiply_gcd_forward_apply	107521176	107521177	1	0	0	0	0
tlm_multiply_gcd_forward_codec	107521177	107521343	166	18	0	4	7
tlm_multiply_gcd_forward_shift	107521343	107521383	40	8	0	0	4
tlm_multiply_gcd_forward_compare	107521383	107521557	174	20	0	10	11
tlm_multiply_gcd_forward_body	107521557	107521688	131	17	0	8	9
tlm_multiply_gcd_forward_apply	107521688	107521689	1	0	0	0	0
tlm_multiply_gcd_forward_codec	107521689	107521692	3	0	0	0	0
tlm_multiply_gcd_forward_shift	107521692	107521726	34	7	0	0	2
tlm_multiply_gcd_forward_compare	107521726	107521883	157	18	0	9	10
tlm_multiply_gcd_forward_body	107521883	107521999	116	15	0	7	8
tlm_multiply_gcd_forward_apply	107521999	107522000	1	0	0	0	0
tlm_multiply_gcd_forward_codec	107522000	107522003	3	0	0	0	0
tlm_multiply_gcd_forward_shift	107522003	107522035	32	7	0	0	0
tlm_multiply_gcd_forward_compare	107522035	107522192	157	18	0	9	10
tlm_multiply_gcd_forward_body	107522192	107522308	116	15	0	7	8
tlm_multiply_gcd_forward_apply	107522308	107522309	1	0	0	0	0
tlm_multiply_gcd_forward_codec	107522309	107522475	166	18	0	4	7
tlm_multiply_gcd_forward_shift	107522475	107522507	32	7	0	0	0
tlm_multiply_gcd_forward_compare	107522507	107522664	157	18	0	9	10
tlm_multiply_gcd_forward_body	107522664	107522780	116	15	0	7	8
tlm_multiply_gcd_forward_apply	107522780	107522781	1	0	0	0	0
tlm_multiply_gcd_forward_codec	107522781	107522784	3	0	0	0	0
tlm_multiply_gcd_forward_shift	107522784	107522816	32	7	0	0	0
tlm_multiply_gcd_forward_compare	107522816	107522973	157	18	0	9	10
tlm_multiply_gcd_forward_body	107522973	107523089	116	15	0	7	8
tlm_multiply_gcd_forward_apply	107523089	107523090	1	0	0	0	0
tlm_multiply_gcd_forward_codec	107523090	107523108	18	2	0	1	1
tlm_gcd_step_end	107523108	107523387	279	0	0	0	21
tlm_multiply_gcd_reverse_decode	107523387	107523404	17	3	0	0	3
tlm_multiply_gcd_reverse_apply	107523404	107523405	1	0	0	0	0
tlm_apply_forward_fold	107523405	107524722	1317	155	0	52	106
tlm_multiply_gcd_reverse_body	107524722	107524909	187	55	0	1	1
tlm_multiply_gcd_reverse_decode	107524909	107524915	6	0	0	0	3
tlm_multiply_gcd_reverse_apply	107524915	107524916	1	0	0	0	0
tlm_apply_forward_mod_add_register	107524916	107526708	1792	769	0	0	1
tlm_apply_forward_mod_add_fold	107526708	107527767	1059	155	0	52	105
tlm_apply_forward_mod_add_clean	107527767	107527932	165	38	0	1	3
tlm_apply_forward_fold	107527932	107530298	2366	427	0	69	128
tlm_multiply_gcd_reverse_body	107530298	107530485	187	55	0	1	1
tlm_multiply_gcd_reverse_decode	107530485	107530649	164	19	0	3	8
tlm_multiply_gcd_reverse_apply	107530649	107530650	1	0	0	0	0
tlm_apply_forward_mod_add_register	107530650	107532442	1792	769	0	0	1
tlm_apply_forward_mod_add_fold	107532442	107533501	1059	155	0	52	105
tlm_apply_forward_mod_add_clean	107533501	107533666	165	38	0	1	3
tlm_apply_forward_swap	107533666	107534434	768	256	0	0	0
tlm_apply_forward_fold	107534434	107536800	2366	427	0	69	128
tlm_multiply_gcd_reverse_body	107536800	107536987	187	55	0	1	1
tlm_multiply_gcd_reverse_decode	107536987	107536993	6	0	0	0	3
tlm_multiply_gcd_reverse_apply	107536993	107536994	1	0	0	0	0
tlm_apply_forward_mod_add_register	107536994	107538786	1792	769	0	0	1
tlm_apply_forward_mod_add_fold	107538786	107539845	1059	155	0	52	105
tlm_apply_forward_mod_add_clean	107539845	107540010	165	38	0	1	3
tlm_apply_forward_swap	107540010	107540778	768	256	0	0	0
tlm_apply_forward_fold	107540778	107543144	2366	427	0	69	128
tlm_multiply_gcd_reverse_body	107543144	107543343	199	53	0	3	3
tlm_multiply_gcd_reverse_decode	107543343	107543349	6	0	0	0	3
tlm_multiply_gcd_reverse_apply	107543349	107543350	1	0	0	0	0
tlm_apply_forward_mod_add_register	107543350	107545148	1798	768	0	1	2
tlm_apply_forward_mod_add_fold	107545148	107546207	1059	155	0	52	105
tlm_apply_forward_mod_add_clean	107546207	107546378	171	37	0	2	4
tlm_apply_forward_swap	107546378	107547146	768	256	0	0	0
tlm_apply_forward_fold	107547146	107549512	2366	427	0	69	128
tlm_multiply_gcd_reverse_body	107549512	107549739	227	59	0	4	4
tlm_multiply_gcd_reverse_decode	107549739	107549903	164	19	0	3	8
tlm_multiply_gcd_reverse_apply	107549903	107549904	1	0	0	0	0
tlm_apply_forward_mod_add_register	107549904	107551696	1792	769	0	0	1
tlm_apply_forward_mod_add_fold	107551696	107552755	1059	155	0	52	105
tlm_apply_forward_mod_add_clean	107552755	107552920	165	38	0	1	3
tlm_apply_forward_swap	107552920	107553688	768	256	0	0	0
tlm_apply_forward_fold	107553688	107556054	2366	427	0	69	128
tlm_multiply_gcd_reverse_body	107556054	107556307	253	76	0	1	1
tlm_multiply_gcd_reverse_decode	107556307	107556313	6	0	0	0	3
tlm_multiply_gcd_reverse_apply	107556313	107556314	1	0	0	0	0
tlm_apply_forward_mod_add_register	107556314	107558112	1798	768	0	1	2
tlm_apply_forward_mod_add_fold	107558112	107559171	1059	155	0	52	105
tlm_apply_forward_mod_add_clean	107559171	107559342	171	37	0	2	4
tlm_apply_forward_swap	107559342	107560110	768	256	0	0	0
tlm_apply_forward_fold	107560110	107562476	2366	427	0	69	128
tlm_multiply_gcd_reverse_body	107562476	107562747	271	73	0	4	4
tlm_multiply_gcd_reverse_decode	107562747	107562753	6	0	0	0	3
tlm_multiply_gcd_reverse_apply	107562753	107562754	1	0	0	0	0
tlm_apply_forward_mod_add_register	107562754	107564546	1792	769	0	0	1
tlm_apply_forward_mod_add_fold	107564546	107565605	1059	155	0	52	105
tlm_apply_forward_mod_add_clean	107565605	107565770	165	38	0	1	3
tlm_apply_forward_swap	107565770	107566538	768	256	0	0	0
tlm_apply_forward_fold	107566538	107568904	2366	427	0	69	128
tlm_multiply_gcd_reverse_body	107568904	107569213	309	88	0	3	3
tlm_multiply_gcd_reverse_decode	107569213	107569377	164	19	0	3	8
tlm_multiply_gcd_reverse_apply	107569377	107569378	1	0	0	0	0
tlm_apply_forward_mod_add_register	107569378	107571176	1798	768	0	1	2
tlm_apply_forward_mod_add_fold	107571176	107572235	1059	155	0	52	105
tlm_apply_forward_mod_add_clean	107572235	107572406	171	37	0	2	4
tlm_apply_forward_swap	107572406	107573174	768	256	0	0	0
tlm_apply_forward_fold	107573174	107575540	2366	427	0	69	128
tlm_multiply_gcd_reverse_body	107575540	107575855	315	87	0	4	4
tlm_multiply_gcd_reverse_decode	107575855	107575861	6	0	0	0	3
tlm_multiply_gcd_reverse_apply	107575861	107575862	1	0	0	0	0
tlm_apply_forward_mod_add_register	107575862	107577678	1816	765	0	4	5
tlm_apply_forward_mod_add_fold	107577678	107578737	1059	155	0	52	105
tlm_apply_forward_mod_add_clean	107578737	107578926	189	34	0	5	7
tlm_apply_forward_swap	107578926	107579694	768	256	0	0	0
tlm_apply_forward_fold	107579694	107582044	2350	349	0	95	129
tlm_multiply_gcd_reverse_body	107582044	107582395	351	81	0	10	10
tlm_multiply_gcd_reverse_decode	107582395	107582401	6	0	0	0	3
tlm_multiply_gcd_reverse_apply	107582401	107582402	1	0	0	0	0
tlm_apply_forward_mod_add_register	107582402	107584224	1822	764	0	5	6
tlm_apply_forward_mod_add_fold	107584224	107585283	1059	155	0	52	105
tlm_apply_forward_mod_add_clean	107585283	107585478	195	33	0	6	8
tlm_apply_forward_swap	107585478	107586246	768	256	0	0	0
tlm_apply_forward_fold	107586246	107588596	2350	349	0	95	129
tlm_multiply_gcd_reverse_body	107588596	107589157	561	89	2	27	29
tlm_multiply_gcd_reverse_decode	107589157	107589321	164	19	0	3	8
tlm_multiply_gcd_reverse_apply	107589321	107589322	1	0	0	0	0
tlm_apply_forward_mod_add_register	107589322	107591437	2115	769	5	30	32
tlm_apply_forward_mod_add_fold	107591437	107592496	1059	155	0	52	105
tlm_apply_forward_mod_add_clean	107592496	107592697	201	32	0	7	9
tlm_apply_forward_swap	107592697	107593465	768	256	0	0	0
tlm_apply_forward_fold	107593465	107595815	2350	349	0	95	129
tlm_multiply_gcd_reverse_body	107595815	107596350	535	86	1	26	28
tlm_multiply_gcd_reverse_decode	107596350	107596356	6	0	0	0	3
tlm_multiply_gcd_reverse_apply	107596356	107596357	1	0	0	0	0
tlm_apply_forward_mod_add_register	107596357	107598596	2239	769	6	42	44
tlm_apply_forward_mod_add_fold	107598596	107599655	1059	155	0	52	105
tlm_apply_forward_mod_add_clean	107599655	107599862	207	31	0	8	10
tlm_apply_forward_swap	107599862	107600630	768	256	0	0	0
tlm_apply_forward_fold	107600630	107602980	2350	349	0	95	129
tlm_multiply_gcd_reverse_body	107602980	107603549	569	91	1	28	30
tlm_multiply_gcd_reverse_decode	107603549	107603555	6	0	0	0	3
tlm_multiply_gcd_reverse_apply	107603555	107603556	1	0	0	0	0
tlm_apply_forward_mod_add_register	107603556	107605939	2383	769	7	56	58
tlm_apply_forward_mod_add_fold	107605939	107606998	1059	155	0	52	105
tlm_apply_forward_mod_add_clean	107606998	107607211	213	30	0	9	11
tlm_apply_forward_swap	107607211	107607979	768	256	0	0	0
tlm_apply_forward_fold	107607979	107610329	2350	349	0	95	129
tlm_multiply_gcd_reverse_body	107610329	107610932	603	96	1	30	32
tlm_multiply_gcd_reverse_decode	107610932	107611096	164	19	0	3	8
tlm_multiply_gcd_reverse_apply	107611096	107611097	1	0	0	0	0
tlm_apply_forward_mod_add_register	107611097	107613336	2239	769	6	42	44
tlm_apply_forward_mod_add_fold	107613336	107614395	1059	155	0	52	105
tlm_apply_forward_mod_add_clean	107614395	107614602	207	31	0	8	10
tlm_apply_forward_swap	107614602	107615370	768	256	0	0	0
tlm_apply_forward_fold	107615370	107617720	2350	349	0	95	129
tlm_multiply_gcd_reverse_body	107617720	107618391	671	106	2	33	35
tlm_multiply_gcd_reverse_decode	107618391	107618397	6	0	0	0	3
tlm_multiply_gcd_reverse_apply	107618397	107618398	1	0	0	0	0
tlm_apply_forward_mod_add_register	107618398	107621129	2731	769	9	90	92
tlm_apply_forward_mod_add_fold	107621129	107622078	949	94	7	94	94
tlm_apply_forward_mod_add_clean	107622078	107622303	225	28	0	11	13
tlm_apply_forward_swap	107622303	107623071	768	256	0	0	0
tlm_apply_forward_fold	107623071	107625421	2350	349	0	95	129
tlm_multiply_gcd_reverse_body	107625421	107626050	629	99	1	32	34
tlm_multiply_gcd_reverse_decode	107626050	107626056	6	0	0	0	3
tlm_multiply_gcd_reverse_apply	107626056	107626057	1	0	0	0	0
tlm_apply_forward_mod_add_register	107626057	107628992	2935	769	10	110	112
tlm_apply_forward_mod_add_fold	107628992	107629941	949	94	7	94	94
tlm_apply_forward_mod_add_clean	107629941	107630172	231	27	0	12	14
tlm_apply_forward_swap	107630172	107630940	768	256	0	0	0
tlm_apply_forward_fold	107630940	107633290	2350	349	0	95	129
tlm_multiply_gcd_reverse_body	107633290	107633953	663	104	1	34	36
tlm_multiply_gcd_reverse_decode	107633953	107634117	164	19	0	3	8
tlm_multiply_gcd_reverse_apply	107634117	107634118	1	0	0	0	0
tlm_apply_forward_mod_add_register	107634118	107637277	3159	769	11	132	134
tlm_apply_forward_mod_add_fold	107637277	107638190	913	91	6	91	91
tlm_apply_forward_mod_add_clean	107638190	107638427	237	26	0	13	15
tlm_apply_forward_swap	107638427	107639195	768	256	0	0	0
tlm_apply_forward_fold	107639195	107641545	2350	349	0	95	129
tlm_multiply_gcd_reverse_body	107641545	107642200	655	102	1	34	36
tlm_multiply_gcd_reverse_decode	107642200	107642206	6	0	0	0	3
tlm_multiply_gcd_reverse_apply	107642206	107642207	1	0	0	0	0
tlm_apply_forward_mod_add_register	107642207	107645610	3403	769	12	156	158
tlm_apply_forward_mod_add_fold	107645610	107646527	917	91	6	91	91
tlm_apply_forward_mod_add_clean	107646527	107646770	243	25	0	14	16
tlm_apply_forward_swap	107646770	107647538	768	256	0	0	0
tlm_apply_forward_fold	107647538	107649888	2350	349	0	95	129
tlm_multiply_gcd_reverse_body	107649888	107650577	689	107	1	36	38
tlm_multiply_gcd_reverse_decode	107650577	107650583	6	0	0	0	3
tlm_multiply_gcd_reverse_apply	107650583	107650584	1	0	0	0	0
tlm_apply_forward_mod_add_register	107650584	107654251	3667	769	13	182	184
tlm_apply_forward_mod_add_fold	107654251	107655166	915	91	6	91	91
tlm_apply_forward_mod_add_clean	107655166	107655415	249	24	0	15	17
tlm_apply_forward_swap	107655415	107656183	768	256	0	0	0
tlm_apply_forward_fold	107656183	107658533	2350	349	0	95	129
tlm_multiply_gcd_reverse_body	107658533	107659256	723	112	1	38	40
tlm_multiply_gcd_reverse_decode	107659256	107659420	164	19	0	3	8
tlm_multiply_gcd_reverse_apply	107659420	107659421	1	0	0	0	0
tlm_apply_forward_mod_add_register	107659421	107662824	3403	769	12	156	158
tlm_apply_forward_mod_add_fold	107662824	107663741	917	91	6	91	91
tlm_apply_forward_mod_add_clean	107663741	107663984	243	25	0	14	16
tlm_apply_forward_swap	107663984	107664752	768	256	0	0	0
tlm_apply_forward_fold	107664752	107667102	2350	349	0	95	129
tlm_multiply_gcd_reverse_body	107667102	107667875	773	121	1	40	42
tlm_multiply_gcd_reverse_decode	107667875	107667881	6	0	0	0	3
tlm_multiply_gcd_reverse_apply	107667881	107667882	1	0	0	0	0
tlm_apply_forward_mod_add_register	107667882	107671549	3667	769	13	182	184
tlm_apply_forward_mod_add_fold	107671549	107672464	915	91	6	91	91
tlm_apply_forward_mod_add_clean	107672464	107672713	249	24	0	15	17
tlm_apply_forward_swap	107672713	107673481	768	256	0	0	0
tlm_apply_forward_fold	107673481	107675831	2350	349	0	95	129
tlm_multiply_gcd_reverse_body	107675831	107676638	807	126	1	42	44
tlm_multiply_gcd_reverse_decode	107676638	107676644	6	0	0	0	3
tlm_multiply_gcd_reverse_apply	107676644	107676645	1	0	0	0	0
tlm_apply_forward_mod_add_register	107676645	107680596	3951	769	14	210	212
tlm_apply_forward_mod_add_fold	107680596	107681517	921	91	6	91	91
tlm_apply_forward_mod_add_clean	107681517	107681772	255	23	0	16	18
tlm_apply_forward_swap	107681772	107682540	768	256	0	0	0
tlm_apply_forward_fold	107682540	107684890	2350	349	0	95	129
tlm_multiply_gcd_reverse_body	107684890	107685731	841	131	1	44	46
tlm_multiply_gcd_reverse_decode	107685731	107685895	164	19	0	3	8
tlm_multiply_gcd_reverse_apply	107685895	107685896	1	0	0	0	0
tlm_apply_forward_mod_add_register	107685896	107688627	2731	769	9	90	92
tlm_apply_forward_mod_add_fold	107688627	107689576	949	94	7	94	94
tlm_apply_forward_mod_add_clean	107689576	107689801	225	28	0	11	13
tlm_apply_forward_swap	107689801	107690569	768	256	0	0	0
tlm_apply_forward_fold	107690569	107692919	2350	349	0	95	129
tlm_multiply_gcd_reverse_body	107692919	107693936	1017	161	2	51	53
tlm_multiply_gcd_reverse_decode	107693936	107693942	6	0	0	0	3
tlm_multiply_gcd_reverse_apply	107693942	107693943	1	0	0	0	0
tlm_apply_forward_mod_add_register	107693943	107696878	2935	769	10	110	112
tlm_apply_forward_mod_add_fold	107696878	107697827	949	94	7	94	94
tlm_apply_forward_mod_add_clean	107697827	107698058	231	27	0	12	14
tlm_apply_forward_swap	107698058	107698826	768	256	0	0	0
tlm_apply_forward_fold	107698826	107701176	2350	349	0	95	129
tlm_multiply_gcd_reverse_body	107701176	107702392	1216	178	4	65	66
tlm_multiply_gcd_reverse_decode	107702392	107702398	6	0	0	0	3
tlm_multiply_gcd_reverse_apply	107702398	107702399	1	0	0	0	0
tlm_apply_forward_mod_add_register	107702399	107705558	3159	769	11	132	134
tlm_apply_forward_mod_add_fold	107705558	107706471	913	91	6	91	91
tlm_apply_forward_mod_add_clean	107706471	107706708	237	26	0	13	15
tlm_apply_forward_swap	107706708	107707476	768	256	0	0	0
tlm_apply_forward_fold	107707476	107709826	2350	349	0	95	129
tlm_multiply_gcd_reverse_body	107709826	107710911	1085	171	2	55	57
tlm_multiply_gcd_reverse_decode	107710911	107711075	164	19	0	3	8
tlm_multiply_gcd_reverse_apply	107711075	107711076	1	0	0	0	0
tlm_apply_forward_mod_add_register	107711076	107714011	2935	769	10	110	112
tlm_apply_forward_mod_add_fold	107714011	107714960	949	94	7	94	94
tlm_apply_forward_mod_add_clean	107714960	107715191	231	27	0	12	14
tlm_apply_forward_swap	107715191	107715959	768	256	0	0	0
tlm_apply_forward_fold	107715959	107718309	2350	349	0	95	129
tlm_multiply_gcd_reverse_body	107718309	107719609	1300	192	4	69	70
tlm_multiply_gcd_reverse_decode	107719609	107719615	6	0	0	0	3
tlm_multiply_gcd_reverse_apply	107719615	107719616	1	0	0	0	0
tlm_apply_forward_mod_add_register	107719616	107722775	3159	769	11	132	134
tlm_apply_forward_mod_add_fold	107722775	107723688	913	91	6	91	91
tlm_apply_forward_mod_add_clean	107723688	107723925	237	26	0	13	15
tlm_apply_forward_swap	107723925	107724693	768	256	0	0	0
tlm_apply_forward_fold	107724693	107727043	2350	349	0	95	129
tlm_multiply_gcd_reverse_body	107727043	107728212	1169	185	2	59	61
tlm_multiply_gcd_reverse_decode	107728212	107728218	6	0	0	0	3
tlm_multiply_gcd_reverse_apply	107728218	107728219	1	0	0	0	0
tlm_apply_forward_mod_add_register	107728219	107731622	3403	769	12	156	158
tlm_apply_forward_mod_add_fold	107731622	107732539	917	91	6	91	91
tlm_apply_forward_mod_add_clean	107732539	107732782	243	25	0	14	16
tlm_apply_forward_swap	107732782	107733550	768	256	0	0	0
tlm_apply_forward_fold	107733550	107735900	2350	349	0	95	129
tlm_multiply_gcd_reverse_body	107735900	107737103	1203	190	2	61	63
tlm_multiply_gcd_reverse_decode	107737103	107737267	164	19	0	3	8
tlm_multiply_gcd_reverse_apply	107737267	107737268	1	0	0	0	0
tlm_apply_forward_mod_add_register	107737268	107740427	3159	769	11	132	134
tlm_apply_forward_mod_add_fold	107740427	107741340	913	91	6	91	91
tlm_apply_forward_mod_add_clean	107741340	107741577	237	26	0	13	15
tlm_apply_forward_swap	107741577	107742345	768	256	0	0	0
tlm_apply_forward_fold	107742345	107744695	2350	349	0	95	129
tlm_multiply_gcd_reverse_body	107744695	107745948	1253	199	2	63	65
tlm_multiply_gcd_reverse_decode	107745948	107745954	6	0	0	0	3
tlm_multiply_gcd_reverse_apply	107745954	107745955	1	0	0	0	0
tlm_apply_forward_mod_add_register	107745955	107749358	3403	769	12	156	158
tlm_apply_forward_mod_add_fold	107749358	107750275	917	91	6	91	91
tlm_apply_forward_mod_add_clean	107750275	107750518	243	25	0	14	16
tlm_apply_forward_swap	107750518	107751286	768	256	0	0	0
tlm_apply_forward_fold	107751286	107753636	2350	349	0	95	129
tlm_multiply_gcd_reverse_body	107753636	107754923	1287	204	2	65	67
tlm_multiply_gcd_reverse_decode	107754923	107754929	6	0	0	0	3
tlm_multiply_gcd_reverse_apply	107754929	107754930	1	0	0	0	0
tlm_apply_forward_mod_add_register	107754930	107758597	3667	769	13	182	184
tlm_apply_forward_mod_add_fold	107758597	107759512	915	91	6	91	91
tlm_apply_forward_mod_add_clean	107759512	107759761	249	24	0	15	17
tlm_apply_forward_swap	107759761	107760529	768	256	0	0	0
tlm_apply_forward_fold	107760529	107762879	2350	349	0	95	129
tlm_multiply_gcd_reverse_body	107762879	107764200	1321	209	2	67	69
tlm_multiply_gcd_reverse_decode	107764200	107764364	164	19	0	3	8
tlm_multiply_gcd_reverse_apply	107764364	107764365	1	0	0	0	0
tlm_apply_forward_mod_add_register	107764365	107767768	3403	769	12	156	158
tlm_apply_forward_mod_add_fold	107767768	107768685	917	91	6	91	91
tlm_apply_forward_mod_add_clean	107768685	107768928	243	25	0	14	16
tlm_apply_forward_swap	107768928	107769696	768	256	0	0	0
tlm_apply_forward_fold	107769696	107772046	2350	349	0	95	129
tlm_multiply_gcd_reverse_body	107772046	107773417	1371	218	2	69	71
tlm_multiply_gcd_reverse_decode	107773417	107773423	6	0	0	0	3
tlm_multiply_gcd_reverse_apply	107773423	107773424	1	0	0	0	0
tlm_apply_forward_mod_add_register	107773424	107777091	3667	769	13	182	184
tlm_apply_forward_mod_add_fold	107777091	107778006	915	91	6	91	91
tlm_apply_forward_mod_add_clean	107778006	107778255	249	24	0	15	17
tlm_apply_forward_swap	107778255	107779023	768	256	0	0	0
tlm_apply_forward_fold	107779023	107781373	2350	349	0	95	129
tlm_multiply_gcd_reverse_body	107781373	107782778	1405	223	2	71	73
tlm_multiply_gcd_reverse_decode	107782778	107782784	6	0	0	0	3
tlm_multiply_gcd_reverse_apply	107782784	107782785	1	0	0	0	0
tlm_apply_forward_mod_add_register	107782785	107786736	3951	769	14	210	212
tlm_apply_forward_mod_add_fold	107786736	107787657	921	91	6	91	91
tlm_apply_forward_mod_add_clean	107787657	107787912	255	23	0	16	18
tlm_apply_forward_swap	107787912	107788680	768	256	0	0	0
tlm_apply_forward_fold	107788680	107791030	2350	349	0	95	129
tlm_multiply_gcd_reverse_body	107791030	107792469	1439	228	2	73	75
tlm_multiply_gcd_reverse_decode	107792469	107792633	164	19	0	3	8
tlm_multiply_gcd_reverse_apply	107792633	107792634	1	0	0	0	0
tlm_apply_forward_mod_add_register	107792634	107796301	3667	769	13	182	184
tlm_apply_forward_mod_add_fold	107796301	107797216	915	91	6	91	91
tlm_apply_forward_mod_add_clean	107797216	107797465	249	24	0	15	17
tlm_apply_forward_swap	107797465	107798233	768	256	0	0	0
tlm_apply_forward_fold	107798233	107800583	2350	349	0	95	129
tlm_multiply_gcd_reverse_body	107800583	107802072	1489	237	2	75	77
tlm_multiply_gcd_reverse_decode	107802072	107802078	6	0	0	0	3
tlm_multiply_gcd_reverse_apply	107802078	107802079	1	0	0	0	0
tlm_apply_forward_mod_add_register	107802079	107806030	3951	769	14	210	212
tlm_apply_forward_mod_add_fold	107806030	107806951	921	91	6	91	91
tlm_apply_forward_mod_add_clean	107806951	107807206	255	23	0	16	18
tlm_apply_forward_swap	107807206	107807974	768	256	0	0	0
tlm_apply_forward_fold	107807974	107810324	2350	349	0	95	129
tlm_multiply_gcd_reverse_body	107810324	107811847	1523	242	2	77	79
tlm_multiply_gcd_reverse_decode	107811847	107811853	6	0	0	0	3
tlm_multiply_gcd_reverse_apply	107811853	107811854	1	0	0	0	0
tlm_apply_forward_mod_add_register	107811854	107816109	4255	769	15	240	242
tlm_apply_forward_mod_add_fold	107816109	107817016	907	88	8	88	88
tlm_apply_forward_mod_add_clean	107817016	107817277	261	22	0	17	19
tlm_apply_forward_swap	107817277	107818045	768	256	0	0	0
tlm_apply_forward_fold	107818045	107820395	2350	349	0	95	129
tlm_multiply_gcd_reverse_body	107820395	107821952	1557	247	2	79	81
tlm_multiply_gcd_reverse_decode	107821952	107822116	164	19	0	3	8
tlm_multiply_gcd_reverse_apply	107822116	107822117	1	0	0	0	0
tlm_apply_forward_mod_add_register	107822117	107826068	3951	769	14	210	212
tlm_apply_forward_mod_add_fold	107826068	107826989	921	91	6	91	91
tlm_apply_forward_mod_add_clean	107826989	107827244	255	23	0	16	18
tlm_apply_forward_swap	107827244	107828012	768	256	0	0	0
tlm_apply_forward_fold	107828012	107830362	2350	349	0	95	129
tlm_multiply_gcd_reverse_body	107830362	107831969	1607	256	2	81	83
tlm_multiply_gcd_reverse_decode	107831969	107831975	6	0	0	0	3
tlm_multiply_gcd_reverse_apply	107831975	107831976	1	0	0	0	0
tlm_apply_forward_mod_add_register	107831976	107836231	4255	769	15	240	242
tlm_apply_forward_mod_add_fold	107836231	107837138	907	88	8	88	88
tlm_apply_forward_mod_add_clean	107837138	107837399	261	22	0	17	19
tlm_apply_forward_swap	107837399	107838167	768	256	0	0	0
tlm_apply_forward_fold	107838167	107840517	2350	349	0	95	129
tlm_multiply_gcd_reverse_body	107840517	107842158	1641	261	2	83	85
tlm_multiply_gcd_reverse_decode	107842158	107842164	6	0	0	0	3
tlm_multiply_gcd_reverse_apply	107842164	107842165	1	0	0	0	0
tlm_apply_forward_mod_add_register	107842165	107846744	4579	769	16	272	274
tlm_apply_forward_mod_add_fold	107846744	107847637	893	87	7	87	87
tlm_apply_forward_mod_add_clean	107847637	107847904	267	21	0	18	20
tlm_apply_forward_swap	107847904	107848672	768	256	0	0	0
tlm_apply_forward_fold	107848672	107851022	2350	349	0	95	129
tlm_multiply_gcd_reverse_body	107851022	107852697	1675	266	2	85	87
tlm_multiply_gcd_reverse_decode	107852697	107852861	164	19	0	3	8
tlm_multiply_gcd_reverse_apply	107852861	107852862	1	0	0	0	0
tlm_apply_forward_mod_add_register	107852862	107857117	4255	769	15	240	242
tlm_apply_forward_mod_add_fold	107857117	107858024	907	88	8	88	88
tlm_apply_forward_mod_add_clean	107858024	107858285	261	22	0	17	19
tlm_apply_forward_swap	107858285	107859053	768	256	0	0	0
tlm_apply_forward_fold	107859053	107861403	2350	349	0	95	129
tlm_multiply_gcd_reverse_body	107861403	107863128	1725	275	2	87	89
tlm_multiply_gcd_reverse_decode	107863128	107863134	6	0	0	0	3
tlm_multiply_gcd_reverse_apply	107863134	107863135	1	0	0	0	0
tlm_apply_forward_mod_add_register	107863135	107867714	4579	769	16	272	274
tlm_apply_forward_mod_add_fold	107867714	107868607	893	87	7	87	87
tlm_apply_forward_mod_add_clean	107868607	107868874	267	21	0	18	20
tlm_apply_forward_swap	107868874	107869642	768	256	0	0	0
tlm_apply_forward_fold	107869642	107871992	2350	349	0	95	129
tlm_multiply_gcd_reverse_body	107871992	107873743	1751	278	2	89	91
tlm_multiply_gcd_reverse_decode	107873743	107873749	6	0	0	0	3
tlm_multiply_gcd_reverse_apply	107873749	107873750	1	0	0	0	0
tlm_apply_forward_mod_add_register	107873750	107878673	4923	769	17	306	308
tlm_apply_forward_mod_add_fold	107878673	107879572	899	87	7	87	87
tlm_apply_forward_mod_add_clean	107879572	107879845	273	20	0	19	21
tlm_apply_forward_swap	107879845	107880613	768	256	0	0	0
tlm_apply_forward_fold	107880613	107882963	2350	349	0	95	129
tlm_multiply_gcd_reverse_body	107882963	107884748	1785	283	2	91	93
tlm_multiply_gcd_reverse_decode	107884748	107884912	164	19	0	3	8
tlm_multiply_gcd_reverse_apply	107884912	107884913	1	0	0	0	0
tlm_apply_forward_mod_add_register	107884913	107889492	4579	769	16	272	274
tlm_apply_forward_mod_add_fold	107889492	107890385	893	87	7	87	87
tlm_apply_forward_mod_add_clean	107890385	107890652	267	21	0	18	20
tlm_apply_forward_swap	107890652	107891420	768	256	0	0	0
tlm_apply_forward_fold	107891420	107893770	2350	349	0	95	129
tlm_multiply_gcd_reverse_body	107893770	107895605	1835	292	2	93	95
tlm_multiply_gcd_reverse_decode	107895605	107895611	6	0	0	0	3
tlm_multiply_gcd_reverse_apply	107895611	107895612	1	0	0	0	0
tlm_apply_forward_mod_add_register	107895612	107900535	4923	769	17	306	308
tlm_apply_forward_mod_add_fold	107900535	107901434	899	87	7	87	87
tlm_apply_forward_mod_add_clean	107901434	107901707	273	20	0	19	21
tlm_apply_forward_swap	107901707	107902475	768	256	0	0	0
tlm_apply_forward_fold	107902475	107904825	2350	349	0	95	129
tlm_multiply_gcd_reverse_body	107904825	107906694	1869	297	2	95	97
tlm_multiply_gcd_reverse_decode	107906694	107906700	6	0	0	0	3
tlm_multiply_gcd_reverse_apply	107906700	107906701	1	0	0	0	0
tlm_apply_forward_mod_add_register	107906701	107911988	5287	769	18	342	344
tlm_apply_forward_mod_add_fold	107911988	107912861	873	85	6	85	85
tlm_apply_forward_mod_add_clean	107912861	107913140	279	19	0	20	22
tlm_apply_forward_swap	107913140	107913908	768	256	0	0	0
tlm_apply_forward_fold	107913908	107916258	2350	349	0	95	129
tlm_multiply_gcd_reverse_body	107916258	107918161	1903	302	2	97	99
tlm_multiply_gcd_reverse_decode	107918161	107918325	164	19	0	3	8
tlm_multiply_gcd_reverse_apply	107918325	107918326	1	0	0	0	0
tlm_apply_forward_mod_add_register	107918326	107923249	4923	769	17	306	308
tlm_apply_forward_mod_add_fold	107923249	107924148	899	87	7	87	87
tlm_apply_forward_mod_add_clean	107924148	107924421	273	20	0	19	21
tlm_apply_forward_swap	107924421	107925189	768	256	0	0	0
tlm_apply_forward_fold	107925189	107927539	2350	349	0	95	129
tlm_multiply_gcd_reverse_body	107927539	107929492	1953	311	2	99	101
tlm_multiply_gcd_reverse_decode	107929492	107929498	6	0	0	0	3
tlm_multiply_gcd_reverse_apply	107929498	107929499	1	0	0	0	0
tlm_apply_forward_mod_add_register	107929499	107934786	5287	769	18	342	344
tlm_apply_forward_mod_add_fold	107934786	107935659	873	85	6	85	85
tlm_apply_forward_mod_add_clean	107935659	107935938	279	19	0	20	22
tlm_apply_forward_swap	107935938	107936706	768	256	0	0	0
tlm_apply_forward_fold	107936706	107939056	2350	349	0	95	129
tlm_multiply_gcd_reverse_body	107939056	107941043	1987	316	2	101	103
tlm_multiply_gcd_reverse_decode	107941043	107941049	6	0	0	0	3
tlm_multiply_gcd_reverse_apply	107941049	107941050	1	0	0	0	0
tlm_apply_forward_mod_add_register	107941050	107946721	5671	769	19	380	382
tlm_apply_forward_mod_add_fold	107946721	107947594	873	85	6	85	85
tlm_apply_forward_mod_add_clean	107947594	107947873	279	19	0	20	22
tlm_apply_forward_swap	107947873	107948641	768	256	0	0	0
tlm_apply_forward_fold	107948641	107950991	2350	349	0	95	129
tlm_multiply_gcd_reverse_body	107950991	107953012	2021	321	2	103	105
tlm_multiply_gcd_reverse_decode	107953012	107953176	164	19	0	3	8
tlm_multiply_gcd_reverse_apply	107953176	107953177	1	0	0	0	0
tlm_apply_forward_mod_add_register	107953177	107958464	5287	769	18	342	344
tlm_apply_forward_mod_add_fold	107958464	107959337	873	85	6	85	85
tlm_apply_forward_mod_add_clean	107959337	107959616	279	19	0	20	22
tlm_apply_forward_swap	107959616	107960384	768	256	0	0	0
tlm_apply_forward_fold	107960384	107962734	2350	349	0	95	129
tlm_multiply_gcd_reverse_body	107962734	107964805	2071	330	2	105	107
tlm_multiply_gcd_reverse_decode	107964805	107964811	6	0	0	0	3
tlm_multiply_gcd_reverse_apply	107964811	107964812	1	0	0	0	0
tlm_apply_forward_mod_add_register	107964812	107970483	5671	769	19	380	382
tlm_apply_forward_mod_add_fold	107970483	107971356	873	85	6	85	85
tlm_apply_forward_mod_add_clean	107971356	107971635	279	19	0	20	22
tlm_apply_forward_swap	107971635	107972403	768	256	0	0	0
tlm_apply_forward_fold	107972403	107974753	2350	349	0	95	129
tlm_multiply_gcd_reverse_body	107974753	107976850	2097	333	2	107	109
tlm_multiply_gcd_reverse_decode	107976850	107976856	6	0	0	0	3
tlm_multiply_gcd_reverse_apply	107976856	107976857	1	0	0	0	0
tlm_apply_forward_mod_add_register	107976857	107982932	6075	769	20	420	422
tlm_apply_forward_mod_add_fold	107982932	107983805	873	85	6	85	85
tlm_apply_forward_mod_add_clean	107983805	107984084	279	19	0	20	22
tlm_apply_forward_swap	107984084	107984852	768	256	0	0	0
tlm_apply_forward_fold	107984852	107987202	2350	349	0	95	129
tlm_multiply_gcd_reverse_body	107987202	107989325	2123	336	2	109	111
tlm_multiply_gcd_reverse_decode	107989325	107989489	164	19	0	3	8
tlm_multiply_gcd_reverse_apply	107989489	107989490	1	0	0	0	0
tlm_apply_forward_mod_add_register	107989490	107995161	5671	769	19	380	382
tlm_apply_forward_mod_add_fold	107995161	107996034	873	85	6	85	85
tlm_apply_forward_mod_add_clean	107996034	107996313	279	19	0	20	22
tlm_apply_forward_swap	107996313	107997081	768	256	0	0	0
tlm_apply_forward_fold	107997081	107999431	2350	349	0	95	129
tlm_multiply_gcd_reverse_body	107999431	108001596	2165	343	2	111	113
tlm_multiply_gcd_reverse_decode	108001596	108001602	6	0	0	0	3
tlm_multiply_gcd_reverse_apply	108001602	108001603	1	0	0	0	0
tlm_apply_forward_mod_add_register	108001603	108007678	6075	769	20	420	422
tlm_apply_forward_mod_add_fold	108007678	108008551	873	85	6	85	85
tlm_apply_forward_mod_add_clean	108008551	108008830	279	19	0	20	22
tlm_apply_forward_swap	108008830	108009598	768	256	0	0	0
tlm_apply_forward_fold	108009598	108011948	2350	349	0	95	129
tlm_multiply_gcd_reverse_body	108011948	108014139	2191	346	2	113	115
tlm_multiply_gcd_reverse_decode	108014139	108014145	6	0	0	0	3
tlm_multiply_gcd_reverse_apply	108014145	108014146	1	0	0	0	0
tlm_apply_forward_mod_add_register	108014146	108020645	6499	769	21	462	464
tlm_apply_forward_mod_add_fold	108020645	108021482	837	82	5	82	82
tlm_apply_forward_mod_add_clean	108021482	108021761	279	19	0	20	22
tlm_apply_forward_swap	108021761	108022529	768	256	0	0	0
tlm_apply_forward_fold	108022529	108024879	2350	349	0	95	129
tlm_multiply_gcd_reverse_body	108024879	108027096	2217	349	2	115	117
tlm_multiply_gcd_reverse_decode	108027096	108027260	164	19	0	3	8
tlm_multiply_gcd_reverse_apply	108027260	108027261	1	0	0	0	0
tlm_apply_forward_mod_add_register	108027261	108033336	6075	769	20	420	422
tlm_apply_forward_mod_add_fold	108033336	108034209	873	85	6	85	85
tlm_apply_forward_mod_add_clean	108034209	108034488	279	19	0	20	22
tlm_apply_forward_swap	108034488	108035256	768	256	0	0	0
tlm_apply_forward_fold	108035256	108037606	2350	349	0	95	129
tlm_multiply_gcd_reverse_body	108037606	108039857	2251	354	2	117	119
tlm_multiply_gcd_reverse_decode	108039857	108039863	6	0	0	0	3
tlm_multiply_gcd_reverse_apply	108039863	108039864	1	0	0	0	0
tlm_apply_forward_mod_add_register	108039864	108046363	6499	769	21	462	464
tlm_apply_forward_mod_add_fold	108046363	108047200	837	82	5	82	82
tlm_apply_forward_mod_add_clean	108047200	108047479	279	19	0	20	22
tlm_apply_forward_swap	108047479	108048247	768	256	0	0	0
tlm_apply_forward_fold	108048247	108050597	2350	349	0	95	129
tlm_multiply_gcd_reverse_body	108050597	108052882	2285	359	2	119	121
tlm_multiply_gcd_reverse_decode	108052882	108052888	6	0	0	0	3
tlm_multiply_gcd_reverse_apply	108052888	108052889	1	0	0	0	0
tlm_apply_forward_mod_add_register	108052889	108059832	6943	769	22	506	508
tlm_apply_forward_mod_add_fold	108059832	108060669	837	82	5	82	82
tlm_apply_forward_mod_add_clean	108060669	108060948	279	19	0	20	22
tlm_apply_forward_swap	108060948	108061716	768	256	0	0	0
tlm_apply_forward_fold	108061716	108064066	2350	349	0	95	129
tlm_multiply_gcd_reverse_body	108064066	108066361	2295	358	2	121	123
tlm_multiply_gcd_reverse_decode	108066361	108066525	164	19	0	3	8
tlm_multiply_gcd_reverse_apply	108066525	108066526	1	0	0	0	0
tlm_apply_forward_mod_add_register	108066526	108073025	6499	769	21	462	464
tlm_apply_forward_mod_add_fold	108073025	108073862	837	82	5	82	82
tlm_apply_forward_mod_add_clean	108073862	108074141	279	19	0	20	22
tlm_apply_forward_swap	108074141	108074909	768	256	0	0	0
tlm_apply_forward_fold	108074909	108077259	2350	349	0	95	129
tlm_multiply_gcd_reverse_body	108077259	108079604	2345	367	2	123	125
tlm_multiply_gcd_reverse_decode	108079604	108079610	6	0	0	0	3
tlm_multiply_gcd_reverse_apply	108079610	108079611	1	0	0	0	0
tlm_apply_forward_mod_add_register	108079611	108086554	6943	769	22	506	508
tlm_apply_forward_mod_add_fold	108086554	108087391	837	82	5	82	82
tlm_apply_forward_mod_add_clean	108087391	108087670	279	19	0	20	22
tlm_apply_forward_swap	108087670	108088438	768	256	0	0	0
tlm_apply_forward_fold	108088438	108090788	2350	349	0	95	129
tlm_multiply_gcd_reverse_body	108090788	108093159	2371	370	2	125	127
tlm_multiply_gcd_reverse_decode	108093159	108093165	6	0	0	0	3
tlm_multiply_gcd_reverse_apply	108093165	108093166	1	0	0	0	0
tlm_apply_forward_mod_add_register	108093166	108100139	6973	767	18	511	513
tlm_apply_forward_mod_add_fold	108100139	108100974	835	82	5	82	82
tlm_apply_forward_mod_add_clean	108100974	108101253	279	19	0	20	22
tlm_apply_forward_swap	108101253	108102021	768	256	0	0	0
tlm_apply_forward_fold	108102021	108104371	2350	349	0	95	129
tlm_multiply_gcd_reverse_body	108104371	108106752	2381	369	2	127	129
tlm_multiply_gcd_reverse_decode	108106752	108106916	164	19	0	3	8
tlm_multiply_gcd_reverse_apply	108106916	108106917	1	0	0	0	0
tlm_apply_forward_mod_add_register	108106917	108113860	6943	769	22	506	508
tlm_apply_forward_mod_add_fold	108113860	108114697	837	82	5	82	82
tlm_apply_forward_mod_add_clean	108114697	108114976	279	19	0	20	22
tlm_apply_forward_swap	108114976	108115744	768	256	0	0	0
tlm_apply_forward_fold	108115744	108118094	2350	349	0	95	129
tlm_multiply_gcd_reverse_body	108118094	108120525	2431	378	2	129	131
tlm_multiply_gcd_reverse_decode	108120525	108120531	6	0	0	0	3
tlm_multiply_gcd_reverse_apply	108120531	108120532	1	0	0	0	0
tlm_apply_forward_mod_add_register	108120532	108127505	6973	767	18	511	513
tlm_apply_forward_mod_add_fold	108127505	108128340	835	82	5	82	82
tlm_apply_forward_mod_add_clean	108128340	108128619	279	19	0	20	22
tlm_apply_forward_swap	108128619	108129387	768	256	0	0	0
tlm_apply_forward_fold	108129387	108131737	2350	349	0	95	129
tlm_multiply_gcd_reverse_body	108131737	108134178	2441	377	2	131	133
tlm_multiply_gcd_reverse_decode	108134178	108134184	6	0	0	0	3
tlm_multiply_gcd_reverse_apply	108134184	108134185	1	0	0	0	0
tlm_apply_forward_mod_add_register	108134185	108141123	6938	765	16	509	512
tlm_apply_forward_mod_add_fold	108141123	108141952	829	80	7	80	80
tlm_apply_forward_mod_add_clean	108141952	108142231	279	19	0	20	22
tlm_apply_forward_swap	108142231	108142999	768	256	0	0	0
tlm_apply_forward_fold	108142999	108145052	2053	379	0	65	99
tlm_multiply_gcd_reverse_body	108145052	108147519	2467	380	2	133	135
tlm_multiply_gcd_reverse_decode	108147519	108147683	164	19	0	3	8
tlm_multiply_gcd_reverse_apply	108147683	108147684	1	0	0	0	0
tlm_apply_forward_mod_add_register	108147684	108154657	6973	767	18	511	513
tlm_apply_forward_mod_add_fold	108154657	108155492	835	82	5	82	82
tlm_apply_forward_mod_add_clean	108155492	108155771	279	19	0	20	22
tlm_apply_forward_swap	108155771	108156539	768	256	0	0	0
tlm_apply_forward_fold	108156539	108158889	2350	349	0	95	129
tlm_multiply_gcd_reverse_body	108158889	108161398	2509	387	2	135	137
tlm_multiply_gcd_reverse_decode	108161398	108161404	6	0	0	0	3
tlm_multiply_gcd_reverse_apply	108161404	108161405	1	0	0	0	0
tlm_apply_forward_mod_add_register	108161405	108168343	6938	765	16	509	512
tlm_apply_forward_mod_add_fold	108168343	108169172	829	80	7	80	80
tlm_apply_forward_mod_add_clean	108169172	108169451	279	19	0	20	22
tlm_apply_forward_swap	108169451	108170219	768	256	0	0	0
tlm_apply_forward_fold	108170219	108172272	2053	379	0	65	99
tlm_multiply_gcd_reverse_body	108172272	108174815	2543	392	2	137	139
tlm_multiply_gcd_reverse_decode	108174815	108174821	6	0	0	0	3
tlm_multiply_gcd_reverse_apply	108174821	108174822	1	0	0	0	0
tlm_apply_forward_mod_add_register	108174822	108181711	6889	762	14	506	510
tlm_apply_forward_mod_add_fold	108181711	108182522	811	79	6	79	79
tlm_apply_forward_mod_add_clean	108182522	108182801	279	19	0	20	22
tlm_apply_forward_swap	108182801	108183569	768	256	0	0	0
tlm_apply_forward_fold	108183569	108185612	2043	377	0	65	98
tlm_multiply_gcd_reverse_body	108185612	108188173	2561	393	2	139	141
tlm_multiply_gcd_reverse_decode	108188173	108188337	164	19	0	3	8
tlm_multiply_gcd_reverse_apply	108188337	108188338	1	0	0	0	0
tlm_apply_forward_mod_add_register	108188338	108195276	6938	765	16	509	512
tlm_apply_forward_mod_add_fold	108195276	108196105	829	80	7	80	80
tlm_apply_forward_mod_add_clean	108196105	108196384	279	19	0	20	22
tlm_apply_forward_swap	108196384	108197152	768	256	0	0	0
tlm_apply_forward_fold	108197152	108199205	2053	379	0	65	99
tlm_multiply_gcd_reverse_body	108199205	108201781	2576	398	2	139	142
tlm_multiply_gcd_reverse_decode	108201781	108201787	6	0	0	0	3
tlm_multiply_gcd_reverse_apply	108201787	108201788	1	0	0	0	0
tlm_apply_forward_mod_add_register	108201788	108208677	6889	762	14	506	510
tlm_apply_forward_mod_add_fold	108208677	108209488	811	79	6	79	79
tlm_apply_forward_mod_add_clean	108209488	108209767	279	19	0	20	22
tlm_apply_forward_swap	108209767	108210535	768	256	0	0	0
tlm_apply_forward_fold	108210535	108212578	2043	377	0	65	98
tlm_multiply_gcd_reverse_body	108212578	108215180	2602	401	2	141	144
tlm_multiply_gcd_reverse_decode	108215180	108215186	6	0	0	0	3
tlm_multiply_gcd_reverse_apply	108215186	108215187	1	0	0	0	0
tlm_apply_forward_mod_add_register	108215187	108222017	6830	758	13	502	507
tlm_apply_forward_mod_add_fold	108222017	108222830	813	79	6	79	79
tlm_apply_forward_mod_add_clean	108222830	108223109	279	19	0	20	22
tlm_apply_forward_swap	108223109	108223877	768	256	0	0	0
tlm_apply_forward_fold	108223877	108225910	2033	375	0	65	97
tlm_multiply_gcd_reverse_body	108225910	108228788	2878	422	4	161	164
tlm_multiply_gcd_reverse_decode	108228788	108228952	164	19	0	3	8
tlm_multiply_gcd_reverse_apply	108228952	108228953	1	0	0	0	0
tlm_apply_forward_mod_add_register	108228953	108235842	6889	762	14	506	510
tlm_apply_forward_mod_add_fold	108235842	108236653	811	79	6	79	79
tlm_apply_forward_mod_add_clean	108236653	108236932	279	19	0	20	22
tlm_apply_forward_swap	108236932	108237700	768	256	0	0	0
tlm_apply_forward_fold	108237700	108239743	2043	377	0	65	98
tlm_multiply_gcd_reverse_body	108239743	108242385	2642	409	2	143	146
tlm_multiply_gcd_reverse_decode	108242385	108242391	6	0	0	0	3
tlm_multiply_gcd_reverse_apply	108242391	108242392	1	0	0	0	0
tlm_apply_forward_mod_add_register	108242392	108249222	6830	758	13	502	507
tlm_apply_forward_mod_add_fold	108249222	108250035	813	79	6	79	79
tlm_apply_forward_mod_add_clean	108250035	108250314	279	19	0	20	22
tlm_apply_forward_swap	108250314	108251082	768	256	0	0	0
tlm_apply_forward_fold	108251082	108253115	2033	375	0	65	97
tlm_multiply_gcd_reverse_body	108253115	108256061	2946	432	4	165	168
tlm_multiply_gcd_reverse_decode	108256061	108256067	6	0	0	0	3
tlm_multiply_gcd_reverse_apply	108256067	108256068	1	0	0	0	0
tlm_apply_forward_mod_add_register	108256068	108262825	6757	753	12	497	503
tlm_apply_forward_mod_add_fold	108262825	108263612	787	77	5	77	77
tlm_apply_forward_mod_add_clean	108263612	108263891	279	19	0	20	22
tlm_apply_forward_swap	108263891	108264659	768	256	0	0	0
tlm_apply_forward_fold	108264659	108266682	2023	373	0	65	96
tlm_multiply_gcd_reverse_body	108266682	108269634	2952	435	4	165	168
tlm_multiply_gcd_reverse_decode	108269634	108269798	164	19	0	3	8
tlm_multiply_gcd_reverse_apply	108269798	108269799	1	0	0	0	0
tlm_apply_forward_mod_add_register	108269799	108276629	6830	758	13	502	507
tlm_apply_forward_mod_add_fold	108276629	108277442	813	79	6	79	79
tlm_apply_forward_mod_add_clean	108277442	108277721	279	19	0	20	22
tlm_apply_forward_swap	108277721	108278489	768	256	0	0	0
tlm_apply_forward_fold	108278489	108280522	2033	375	0	65	97
tlm_multiply_gcd_reverse_body	108280522	108283536	3014	442	4	169	172
tlm_multiply_gcd_reverse_decode	108283536	108283542	6	0	0	0	3
tlm_multiply_gcd_reverse_apply	108283542	108283543	1	0	0	0	0
tlm_apply_forward_mod_add_register	108283543	108290300	6757	753	12	497	503
tlm_apply_forward_mod_add_fold	108290300	108291087	787	77	5	77	77
tlm_apply_forward_mod_add_clean	108291087	108291366	279	19	0	20	22
tlm_apply_forward_swap	108291366	108292134	768	256	0	0	0
tlm_apply_forward_fold	108292134	108294157	2023	373	0	65	96
tlm_multiply_gcd_reverse_body	108294157	108297161	3004	441	4	169	172
tlm_multiply_gcd_reverse_decode	108297161	108297167	6	0	0	0	3
tlm_multiply_gcd_reverse_apply	108297167	108297168	1	0	0	0	0
tlm_apply_forward_mod_add_register	108297168	108303842	6674	747	12	491	498
tlm_apply_forward_mod_add_fold	108303842	108304629	787	77	5	77	77
tlm_apply_forward_mod_add_clean	108304629	108304908	279	19	0	20	22
tlm_apply_forward_swap	108304908	108305676	768	256	0	0	0
tlm_apply_forward_fold	108305676	108307689	2013	371	0	65	95
tlm_multiply_gcd_reverse_body	108307689	108310691	3002	442	4	169	172
tlm_multiply_gcd_reverse_decode	108310691	108310855	164	19	0	3	8
tlm_multiply_gcd_reverse_apply	108310855	108310856	1	0	0	0	0
tlm_apply_forward_mod_add_register	108310856	108317613	6757	753	12	497	503
tlm_apply_forward_mod_add_fold	108317613	108318400	787	77	5	77	77
tlm_apply_forward_mod_add_clean	108318400	108318679	279	19	0	20	22
tlm_apply_forward_swap	108318679	108319447	768	256	0	0	0
tlm_apply_forward_fold	108319447	108321470	2023	373	0	65	96
tlm_multiply_gcd_reverse_body	108321470	108324542	3072	451	4	173	176
tlm_multiply_gcd_reverse_decode	108324542	108324548	6	0	0	0	3
tlm_multiply_gcd_reverse_apply	108324548	108324549	1	0	0	0	0
tlm_apply_forward_mod_add_register	108324549	108331223	6674	747	12	491	498
tlm_apply_forward_mod_add_fold	108331223	108332010	787	77	5	77	77
tlm_apply_forward_mod_add_clean	108332010	108332289	279	19	0	20	22
tlm_apply_forward_swap	108332289	108333057	768	256	0	0	0
tlm_apply_forward_fold	108333057	108335070	2013	371	0	65	95
tlm_multiply_gcd_reverse_body	108335070	108338140	3070	452	4	173	176
tlm_multiply_gcd_reverse_decode	108338140	108338146	6	0	0	0	3
tlm_multiply_gcd_reverse_apply	108338146	108338147	1	0	0	0	0
tlm_apply_forward_mod_add_register	108338147	108344891	6744	753	15	496	497
tlm_apply_forward_mod_add_fold	108344891	108345678	787	77	5	77	77
tlm_apply_forward_mod_add_clean	108345678	108345957	279	19	0	20	22
tlm_apply_forward_swap	108345957	108346725	768	256	0	0	0
tlm_apply_forward_fold	108346725	108348728	2003	369	0	65	94
tlm_multiply_gcd_reverse_body	108348728	108351796	3068	453	4	173	176
tlm_multiply_gcd_reverse_decode	108351796	108351960	164	19	0	3	8
tlm_multiply_gcd_reverse_apply	108351960	108351961	1	0	0	0	0
tlm_apply_forward_mod_add_register	108351961	108358635	6674	747	12	491	498
tlm_apply_forward_mod_add_fold	108358635	108359422	787	77	5	77	77
tlm_apply_forward_mod_add_clean	108359422	108359701	279	19	0	20	22
tlm_apply_forward_swap	108359701	108360469	768	256	0	0	0
tlm_apply_forward_fold	108360469	108362482	2013	371	0	65	95
tlm_multiply_gcd_reverse_body	108362482	108365620	3138	462	4	177	180
tlm_multiply_gcd_reverse_decode	108365620	108365626	6	0	0	0	3
tlm_multiply_gcd_reverse_apply	108365626	108365627	1	0	0	0	0
tlm_apply_forward_mod_add_register	108365627	108372371	6744	753	15	496	497
tlm_apply_forward_mod_add_fold	108372371	108373158	787	77	5	77	77
tlm_apply_forward_mod_add_clean	108373158	108373437	279	19	0	20	22
tlm_apply_forward_swap	108373437	108374205	768	256	0	0	0
tlm_apply_forward_fold	108374205	108376208	2003	369	0	65	94
tlm_multiply_gcd_reverse_body	108376208	108379344	3136	463	4	177	180
tlm_multiply_gcd_reverse_decode	108379344	108379350	6	0	0	0	3
tlm_multiply_gcd_reverse_apply	108379350	108379351	1	0	0	0	0
tlm_apply_forward_mod_add_register	108379351	108386027	6676	749	12	492	493
tlm_apply_forward_mod_add_fold	108386027	108386778	751	74	4	74	74
tlm_apply_forward_mod_add_clean	108386778	108387057	279	19	0	20	22
tlm_apply_forward_swap	108387057	108387825	768	256	0	0	0
tlm_apply_forward_fold	108387825	108389828	2003	369	0	65	94
tlm_multiply_gcd_reverse_body	108389828	108392954	3126	462	4	177	180
tlm_multiply_gcd_reverse_decode	108392954	108393118	164	19	0	3	8
tlm_multiply_gcd_reverse_apply	108393118	108393119	1	0	0	0	0
tlm_apply_forward_mod_add_register	108393119	108399863	6744	753	15	496	497
tlm_apply_forward_mod_add_fold	108399863	108400650	787	77	5	77	77
tlm_apply_forward_mod_add_clean	108400650	108400929	279	19	0	20	22
tlm_apply_forward_swap	108400929	108401697	768	256	0	0	0
tlm_apply_forward_fold	108401697	108403700	2003	369	0	65	94
tlm_multiply_gcd_reverse_body	108403700	108406896	3196	471	4	181	184
tlm_multiply_gcd_reverse_decode	108406896	108406902	6	0	0	0	3
tlm_multiply_gcd_reverse_apply	108406902	108406903	1	0	0	0	0
tlm_apply_forward_mod_add_register	108406903	108413579	6676	749	12	492	493
tlm_apply_forward_mod_add_fold	108413579	108414330	751	74	4	74	74
tlm_apply_forward_mod_add_clean	108414330	108414609	279	19	0	20	22
tlm_apply_forward_swap	108414609	108415377	768	256	0	0	0
tlm_apply_forward_fold	108415377	108417380	2003	369	0	65	94
tlm_multiply_gcd_reverse_body	108417380	108420582	3202	474	4	181	184
tlm_multiply_gcd_reverse_decode	108420582	108420588	6	0	0	0	3
tlm_multiply_gcd_reverse_apply	108420588	108420589	1	0	0	0	0
tlm_apply_forward_mod_add_register	108420589	108427233	6644	747	11	490	491
tlm_apply_forward_mod_add_fold	108427233	108427984	751	74	4	74	74
tlm_apply_forward_mod_add_clean	108427984	108428263	279	19	0	20	22
tlm_apply_forward_swap	108428263	108429031	768	256	0	0	0
tlm_apply_forward_fold	108429031	108431024	1993	367	0	65	93
tlm_multiply_gcd_reverse_body	108431024	108434216	3192	473	4	181	184
tlm_multiply_gcd_reverse_decode	108434216	108434380	164	19	0	3	8
tlm_multiply_gcd_reverse_apply	108434380	108434381	1	0	0	0	0
tlm_apply_forward_mod_add_register	108434381	108441057	6676	749	12	492	493
tlm_apply_forward_mod_add_fold	108441057	108441808	751	74	4	74	74
tlm_apply_forward_mod_add_clean	108441808	108442087	279	19	0	20	22
tlm_apply_forward_swap	108442087	108442855	768	256	0	0	0
tlm_apply_forward_fold	108442855	108444858	2003	369	0	65	94
tlm_multiply_gcd_reverse_body	108444858	108448120	3262	482	4	185	188
tlm_multiply_gcd_reverse_decode	108448120	108448126	6	0	0	0	3
tlm_multiply_gcd_reverse_apply	108448126	108448127	1	0	0	0	0
tlm_apply_forward_mod_add_register	108448127	108454771	6644	747	11	490	491
tlm_apply_forward_mod_add_fold	108454771	108455522	751	74	4	74	74
tlm_apply_forward_mod_add_clean	108455522	108455801	279	19	0	20	22
tlm_apply_forward_swap	108455801	108456569	768	256	0	0	0
tlm_apply_forward_fold	108456569	108458562	1993	367	0	65	93
tlm_multiply_gcd_reverse_body	108458562	108461830	3268	485	4	185	188
tlm_multiply_gcd_reverse_decode	108461830	108461836	6	0	0	0	3
tlm_multiply_gcd_reverse_apply	108461836	108461837	1	0	0	0	0
tlm_apply_forward_mod_add_register	108461837	108468205	6368	727	10	470	479
tlm_apply_forward_mod_add_fold	108468205	108468958	753	73	6	73	73
tlm_apply_forward_mod_add_clean	108468958	108469237	279	19	0	20	22
tlm_apply_forward_swap	108469237	108470005	768	256	0	0	0
tlm_apply_forward_fold	108470005	108471988	1983	365	0	65	92
tlm_multiply_gcd_reverse_body	108471988	108475246	3258	484	4	185	188
tlm_multiply_gcd_reverse_decode	108475246	108475410	164	19	0	3	8
tlm_multiply_gcd_reverse_apply	108475410	108475411	1	0	0	0	0
tlm_apply_forward_mod_add_register	108475411	108482055	6644	747	11	490	491
tlm_apply_forward_mod_add_fold	108482055	108482806	751	74	4	74	74
tlm_apply_forward_mod_add_clean	108482806	108483085	279	19	0	20	22
tlm_apply_forward_swap	108483085	108483853	768	256	0	0	0
tlm_apply_forward_fold	108483853	108485846	1993	367	0	65	93
tlm_multiply_gcd_reverse_body	108485846	108489174	3328	493	4	189	192
tlm_multiply_gcd_reverse_decode	108489174	108489180	6	0	0	0	3
tlm_multiply_gcd_reverse_apply	108489180	108489181	1	0	0	0	0
tlm_apply_forward_mod_add_register	108489181	108495549	6368	727	10	470	479
tlm_apply_forward_mod_add_fold	108495549	108496302	753	73	6	73	73
tlm_apply_forward_mod_add_clean	108496302	108496581	279	19	0	20	22
tlm_apply_forward_swap	108496581	108497349	768	256	0	0	0
tlm_apply_forward_fold	108497349	108499332	1983	365	0	65	92
tlm_multiply_gcd_reverse_body	108499332	108502658	3326	494	4	189	192
tlm_multiply_gcd_reverse_decode	108502658	108502664	6	0	0	0	3
tlm_multiply_gcd_reverse_apply	108502664	108502665	1	0	0	0	0
tlm_apply_forward_mod_add_register	108502665	108508804	6139	711	9	454	462
tlm_apply_forward_mod_add_fold	108508804	108509539	735	72	5	72	72
tlm_apply_forward_mod_add_clean	108509539	108509818	279	19	0	20	22
tlm_apply_forward_swap	108509818	108510586	768	256	0	0	0
tlm_apply_forward_fold	108510586	108512559	1973	363	0	65	91
tlm_multiply_gcd_reverse_body	108512559	108515875	3316	493	4	189	192
tlm_multiply_gcd_reverse_decode	108515875	108516039	164	19	0	3	8
tlm_multiply_gcd_reverse_apply	108516039	108516040	1	0	0	0	0
tlm_apply_forward_mod_add_register	108516040	108522408	6368	727	10	470	479
tlm_apply_forward_mod_add_fold	108522408	108523161	753	73	6	73	73
tlm_apply_forward_mod_add_clean	108523161	108523440	279	19	0	20	22
tlm_apply_forward_swap	108523440	108524208	768	256	0	0	0
tlm_apply_forward_fold	108524208	108526191	1983	365	0	65	92
tlm_multiply_gcd_reverse_body	108526191	108529577	3386	502	4	193	196
tlm_multiply_gcd_reverse_decode	108529577	108529583	6	0	0	0	3
tlm_multiply_gcd_reverse_apply	108529583	108529584	1	0	0	0	0
tlm_apply_forward_mod_add_register	108529584	108535723	6139	711	9	454	462
tlm_apply_forward_mod_add_fold	108535723	108536458	735	72	5	72	72
tlm_apply_forward_mod_add_clean	108536458	108536737	279	19	0	20	22
tlm_apply_forward_swap	108536737	108537505	768	256	0	0	0
tlm_apply_forward_fold	108537505	108539478	1973	363	0	65	91
tlm_multiply_gcd_reverse_body	108539478	108542870	3392	505	4	193	196
tlm_multiply_gcd_reverse_decode	108542870	108542876	6	0	0	0	3
tlm_multiply_gcd_reverse_apply	108542876	108542877	1	0	0	0	0
tlm_apply_forward_mod_add_register	108542877	108549002	6125	710	9	453	461
tlm_apply_forward_mod_add_fold	108549002	108549739	737	72	5	72	72
tlm_apply_forward_mod_add_clean	108549739	108550018	279	19	0	20	22
tlm_apply_forward_swap	108550018	108550786	768	256	0	0	0
tlm_apply_forward_fold	108550786	108552749	1963	361	0	65	90
tlm_multiply_gcd_reverse_body	108552749	108556131	3382	504	4	193	196
tlm_multiply_gcd_reverse_decode	108556131	108556295	164	19	0	3	8
tlm_multiply_gcd_reverse_apply	108556295	108556296	1	0	0	0	0
tlm_apply_forward_mod_add_register	108556296	108562435	6139	711	9	454	462
tlm_apply_forward_mod_add_fold	108562435	108563170	735	72	5	72	72
tlm_apply_forward_mod_add_clean	108563170	108563449	279	19	0	20	22
tlm_apply_forward_swap	108563449	108564217	768	256	0	0	0
tlm_apply_forward_fold	108564217	108566190	1973	363	0	65	91
tlm_multiply_gcd_reverse_body	108566190	108569642	3452	513	4	197	200
tlm_multiply_gcd_reverse_decode	108569642	108569648	6	0	0	0	3
tlm_multiply_gcd_reverse_apply	108569648	108569649	1	0	0	0	0
tlm_apply_forward_mod_add_register	108569649	108575774	6125	710	9	453	461
tlm_apply_forward_mod_add_fold	108575774	108576511	737	72	5	72	72
tlm_apply_forward_mod_add_clean	108576511	108576790	279	19	0	20	22
tlm_apply_forward_swap	108576790	108577558	768	256	0	0	0
tlm_apply_forward_fold	108577558	108579521	1963	361	0	65	90
tlm_multiply_gcd_reverse_body	108579521	108582971	3450	514	4	197	200
tlm_multiply_gcd_reverse_decode	108582971	108582977	6	0	0	0	3
tlm_multiply_gcd_reverse_apply	108582977	108582978	1	0	0	0	0
tlm_apply_forward_mod_add_register	108582978	108588805	5827	689	8	432	440
tlm_apply_forward_mod_add_fold	108588805	108589516	711	70	4	70	70
tlm_apply_forward_mod_add_clean	108589516	108589795	279	19	0	20	22
tlm_apply_forward_swap	108589795	108590563	768	256	0	0	0
tlm_apply_forward_fold	108590563	108592514	1951	359	0	65	89
tlm_multiply_gcd_reverse_body	108592514	108595962	3448	515	4	197	200
tlm_multiply_gcd_reverse_decode	108595962	108596126	164	19	0	3	8
tlm_multiply_gcd_reverse_apply	108596126	108596127	1	0	0	0	0
tlm_apply_forward_mod_add_register	108596127	108602252	6125	710	9	453	461
tlm_apply_forward_mod_add_fold	108602252	108602989	737	72	5	72	72
tlm_apply_forward_mod_add_clean	108602989	108603268	279	19	0	20	22
tlm_apply_forward_swap	108603268	108604036	768	256	0	0	0
tlm_apply_forward_fold	108604036	108605999	1963	361	0	65	90
tlm_multiply_gcd_reverse_body	108605999	108609517	3518	524	4	201	204
tlm_multiply_gcd_reverse_decode	108609517	108609523	6	0	0	0	3
tlm_multiply_gcd_reverse_apply	108609523	108609524	1	0	0	0	0
tlm_apply_forward_mod_add_register	108609524	108615351	5827	689	8	432	440
tlm_apply_forward_mod_add_fold	108615351	108616062	711	70	4	70	70
tlm_apply_forward_mod_add_clean	108616062	108616341	279	19	0	20	22
tlm_apply_forward_swap	108616341	108617109	768	256	0	0	0
tlm_apply_forward_fold	108617109	108619060	1951	359	0	65	89
tlm_multiply_gcd_reverse_body	108619060	108622584	3524	527	4	201	204
tlm_multiply_gcd_reverse_decode	108622584	108622590	6	0	0	0	3
tlm_multiply_gcd_reverse_apply	108622590	108622591	1	0	0	0	0
tlm_apply_forward_mod_add_register	108622591	108628418	5827	689	8	432	440
tlm_apply_forward_mod_add_fold	108628418	108629129	711	70	4	70	70
tlm_apply_forward_mod_add_clean	108629129	108629408	279	19	0	20	22
tlm_apply_forward_swap	108629408	108630176	768	256	0	0	0
tlm_apply_forward_fold	108630176	108632114	1938	357	0	65	88
tlm_multiply_gcd_reverse_body	108632114	108635620	3506	524	4	201	204
tlm_multiply_gcd_reverse_decode	108635620	108635784	164	19	0	3	8
tlm_multiply_gcd_reverse_apply	108635784	108635785	1	0	0	0	0
tlm_apply_forward_mod_add_register	108635785	108641612	5827	689	8	432	440
tlm_apply_forward_mod_add_fold	108641612	108642323	711	70	4	70	70
tlm_apply_forward_mod_add_clean	108642323	108642602	279	19	0	20	22
tlm_apply_forward_swap	108642602	108643370	768	256	0	0	0
tlm_apply_forward_fold	108643370	108645321	1951	359	0	65	89
tlm_multiply_gcd_reverse_body	108645321	108648905	3584	535	4	205	208
tlm_multiply_gcd_reverse_decode	108648905	108648911	6	0	0	0	3
tlm_multiply_gcd_reverse_apply	108648911	108648912	1	0	0	0	0
tlm_apply_forward_mod_add_register	108648912	108654739	5827	689	8	432	440
tlm_apply_forward_mod_add_fold	108654739	108655450	711	70	4	70	70
tlm_apply_forward_mod_add_clean	108655450	108655729	279	19	0	20	22
tlm_apply_forward_swap	108655729	108656497	768	256	0	0	0
tlm_apply_forward_fold	108656497	108658435	1938	357	0	65	88
tlm_multiply_gcd_reverse_body	108658435	108662017	3582	536	4	205	208
tlm_multiply_gcd_reverse_decode	108662017	108662023	6	0	0	0	3
tlm_multiply_gcd_reverse_apply	108662023	108662024	1	0	0	0	0
tlm_apply_forward_mod_add_register	108662024	108667538	5514	667	7	410	417
tlm_apply_forward_mod_add_fold	108667538	108668249	711	70	4	70	70
tlm_apply_forward_mod_add_clean	108668249	108668528	279	19	0	20	22
tlm_apply_forward_swap	108668528	108669296	768	256	0	0	0
tlm_apply_forward_fold	108669296	108670847	1551	341	0	40	47
tlm_multiply_gcd_reverse_body	108670847	108674419	3572	535	4	205	208
tlm_multiply_gcd_reverse_decode	108674419	108674583	164	19	0	3	8
tlm_multiply_gcd_reverse_apply	108674583	108674584	1	0	0	0	0
tlm_apply_forward_mod_add_register	108674584	108680411	5827	689	8	432	440
tlm_apply_forward_mod_add_fold	108680411	108681122	711	70	4	70	70
tlm_apply_forward_mod_add_clean	108681122	108681401	279	19	0	20	22
tlm_apply_forward_swap	108681401	108682169	768	256	0	0	0
tlm_apply_forward_fold	108682169	108684107	1938	357	0	65	88
tlm_multiply_gcd_reverse_body	108684107	108687749	3642	544	4	209	212
tlm_multiply_gcd_reverse_decode	108687749	108687755	6	0	0	0	3
tlm_multiply_gcd_reverse_apply	108687755	108687756	1	0	0	0	0
tlm_apply_forward_mod_add_register	108687756	108693270	5514	667	7	410	417
tlm_apply_forward_mod_add_fold	108693270	108693981	711	70	4	70	70
tlm_apply_forward_mod_add_clean	108693981	108694260	279	19	0	20	22
tlm_apply_forward_swap	108694260	108695028	768	256	0	0	0
tlm_apply_forward_fold	108695028	108696579	1551	341	0	40	47
tlm_multiply_gcd_reverse_body	108696579	108700219	3640	545	4	209	212
tlm_multiply_gcd_reverse_decode	108700219	108700225	6	0	0	0	3
tlm_multiply_gcd_reverse_apply	108700225	108700226	1	0	0	0	0
tlm_apply_forward_mod_add_register	108700226	108705740	5514	667	7	410	417
tlm_apply_forward_mod_add_fold	108705740	108706415	675	67	3	67	67
tlm_apply_forward_mod_add_clean	108706415	108706694	279	19	0	20	22
tlm_apply_forward_swap	108706694	108707462	768	256	0	0	0
tlm_apply_forward_fold	108707462	108709017	1555	339	0	41	48
tlm_multiply_gcd_reverse_body	108709017	108712655	3638	546	4	209	212
tlm_multiply_gcd_reverse_decode	108712655	108712819	164	19	0	3	8
tlm_multiply_gcd_reverse_apply	108712819	108712820	1	0	0	0	0
tlm_apply_forward_mod_add_register	108712820	108718334	5514	667	7	410	417
tlm_apply_forward_mod_add_fold	108718334	108719045	711	70	4	70	70
tlm_apply_forward_mod_add_clean	108719045	108719324	279	19	0	20	22
tlm_apply_forward_swap	108719324	108720092	768	256	0	0	0
tlm_apply_forward_fold	108720092	108721643	1551	341	0	40	47
tlm_multiply_gcd_reverse_body	108721643	108725351	3708	555	4	213	216
tlm_multiply_gcd_reverse_decode	108725351	108725357	6	0	0	0	3
tlm_multiply_gcd_reverse_apply	108725357	108725358	1	0	0	0	0
tlm_apply_forward_mod_add_register	108725358	108730872	5514	667	7	410	417
tlm_apply_forward_mod_add_fold	108730872	108731547	675	67	3	67	67
tlm_apply_forward_mod_add_clean	108731547	108731826	279	19	0	20	22
tlm_apply_forward_swap	108731826	108732594	768	256	0	0	0
tlm_apply_forward_fold	108732594	108734149	1555	339	0	41	48
tlm_multiply_gcd_reverse_body	108734149	108737847	3698	554	4	213	216
tlm_multiply_gcd_reverse_decode	108737847	108737853	6	0	0	0	3
tlm_multiply_gcd_reverse_apply	108737853	108737854	1	0	0	0	0
tlm_apply_forward_mod_add_register	108737854	108743368	5514	667	7	410	417
tlm_apply_forward_mod_add_fold	108743368	108744055	687	67	5	67	67
tlm_apply_forward_mod_add_clean	108744055	108744334	279	19	0	20	22
tlm_apply_forward_swap	108744334	108745102	768	256	0	0	0
tlm_apply_forward_fold	108745102	108746661	1559	337	0	42	49
tlm_multiply_gcd_reverse_body	108746661	108750365	3704	557	4	213	216
tlm_multiply_gcd_reverse_decode	108750365	108750529	164	19	0	3	8
tlm_multiply_gcd_reverse_apply	108750529	108750530	1	0	0	0	0
tlm_apply_forward_mod_add_register	108750530	108756044	5514	667	7	410	417
tlm_apply_forward_mod_add_fold	108756044	108756719	675	67	3	67	67
tlm_apply_forward_mod_add_clean	108756719	108756998	279	19	0	20	22
tlm_apply_forward_swap	108756998	108757766	768	256	0	0	0
tlm_apply_forward_fold	108757766	108759321	1555	339	0	41	48
tlm_multiply_gcd_reverse_body	108759321	108763095	3774	566	4	217	220
tlm_multiply_gcd_reverse_decode	108763095	108763101	6	0	0	0	3
tlm_multiply_gcd_reverse_apply	108763101	108763102	1	0	0	0	0
tlm_apply_forward_mod_add_register	108763102	108768616	5514	667	7	410	417
tlm_apply_forward_mod_add_fold	108768616	108769303	687	67	5	67	67
tlm_apply_forward_mod_add_clean	108769303	108769582	279	19	0	20	22
tlm_apply_forward_swap	108769582	108770350	768	256	0	0	0
tlm_apply_forward_fold	108770350	108771909	1559	337	0	42	49
tlm_multiply_gcd_reverse_body	108771909	108775673	3764	565	4	217	220
tlm_multiply_gcd_reverse_decode	108775673	108775679	6	0	0	0	3
tlm_multiply_gcd_reverse_apply	108775679	108775680	1	0	0	0	0
tlm_apply_forward_mod_add_register	108775680	108781194	5514	667	7	410	417
tlm_apply_forward_mod_add_fold	108781194	108781869	675	66	4	66	66
tlm_apply_forward_mod_add_clean	108781869	108782148	279	19	0	20	22
tlm_apply_forward_swap	108782148	108782916	768	256	0	0	0
tlm_apply_forward_fold	108782916	108784479	1563	335	0	43	50
tlm_multiply_gcd_reverse_body	108784479	108788249	3770	568	4	217	220
tlm_multiply_gcd_reverse_decode	108788249	108788413	164	19	0	3	8
tlm_multiply_gcd_reverse_apply	108788413	108788414	1	0	0	0	0
tlm_apply_forward_mod_add_register	108788414	108793928	5514	667	7	410	417
tlm_apply_forward_mod_add_fold	108793928	108794615	687	67	5	67	67
tlm_apply_forward_mod_add_clean	108794615	108794894	279	19	0	20	22
tlm_apply_forward_swap	108794894	108795662	768	256	0	0	0
tlm_apply_forward_fold	108795662	108797221	1559	337	0	42	49
tlm_multiply_gcd_reverse_body	108797221	108801053	3832	575	4	221	224
tlm_multiply_gcd_reverse_decode	108801053	108801059	6	0	0	0	3
tlm_multiply_gcd_reverse_apply	108801059	108801060	1	0	0	0	0
tlm_apply_forward_mod_add_register	108801060	108806574	5514	667	7	410	417
tlm_apply_forward_mod_add_fold	108806574	108807249	675	66	4	66	66
tlm_apply_forward_mod_add_clean	108807249	108807528	279	19	0	20	22
tlm_apply_forward_swap	108807528	108808296	768	256	0	0	0
tlm_apply_forward_fold	108808296	108809859	1563	335	0	43	50
tlm_multiply_gcd_reverse_body	108809859	108813689	3830	576	4	221	224
tlm_multiply_gcd_reverse_decode	108813689	108813695	6	0	0	0	3
tlm_multiply_gcd_reverse_apply	108813695	108813696	1	0	0	0	0
tlm_apply_forward_mod_add_register	108813696	108819210	5514	667	7	410	417
tlm_apply_forward_mod_add_fold	108819210	108819897	687	67	5	67	67
tlm_apply_forward_mod_add_clean	108819897	108820176	279	19	0	20	22
tlm_apply_forward_swap	108820176	108820944	768	256	0	0	0
tlm_apply_forward_fold	108820944	108822503	1559	337	0	42	49
tlm_multiply_gcd_reverse_body	108822503	108826445	3942	592	4	227	230
tlm_multiply_gcd_reverse_decode	108826445	108826609	164	19	0	3	8
tlm_multiply_gcd_reverse_apply	108826609	108826610	1	0	0	0	0
tlm_apply_forward_mod_add_register	108826610	108832124	5514	667	7	410	417
tlm_apply_forward_mod_add_fold	108832124	108832799	675	66	4	66	66
tlm_apply_forward_mod_add_clean	108832799	108833078	279	19	0	20	22
tlm_apply_forward_swap	108833078	108833846	768	256	0	0	0
tlm_apply_forward_fold	108833846	108835409	1563	335	0	43	50
tlm_multiply_gcd_reverse_body	108835409	108839307	3898	586	4	225	228
tlm_multiply_gcd_reverse_decode	108839307	108839313	6	0	0	0	3
tlm_multiply_gcd_reverse_apply	108839313	108839314	1	0	0	0	0
tlm_apply_forward_mod_add_register	108839314	108844828	5514	667	7	410	417
tlm_apply_forward_mod_add_fold	108844828	108845515	687	67	5	67	67
tlm_apply_forward_mod_add_clean	108845515	108845794	279	19	0	20	22
tlm_apply_forward_swap	108845794	108846562	768	256	0	0	0
tlm_apply_forward_fold	108846562	108848121	1559	337	0	42	49
tlm_multiply_gcd_reverse_body	108848121	108852131	4010	602	4	231	234
tlm_multiply_gcd_reverse_decode	108852131	108852137	6	0	0	0	3
tlm_multiply_gcd_reverse_apply	108852137	108852138	1	0	0	0	0
tlm_apply_forward_mod_add_register	108852138	108857652	5514	667	7	410	417
tlm_apply_forward_mod_add_fold	108857652	108858327	675	66	4	66	66
tlm_apply_forward_mod_add_clean	108858327	108858606	279	19	0	20	22
tlm_apply_forward_swap	108858606	108859374	768	256	0	0	0
tlm_apply_forward_fold	108859374	108860937	1563	335	0	43	50
tlm_multiply_gcd_reverse_body	108860937	108864937	4000	601	4	231	234
tlm_multiply_gcd_reverse_decode	108864937	108865101	164	19	0	3	8
tlm_multiply_gcd_reverse_apply	108865101	108865102	1	0	0	0	0
tlm_apply_forward_mod_add_register	108865102	108870616	5514	667	7	410	417
tlm_apply_forward_mod_add_fold	108870616	108871303	687	67	5	67	67
tlm_apply_forward_mod_add_clean	108871303	108871582	279	19	0	20	22
tlm_apply_forward_swap	108871582	108872350	768	256	0	0	0
tlm_apply_forward_fold	108872350	108873909	1559	337	0	42	49
tlm_multiply_gcd_reverse_body	108873909	108877987	4078	612	4	235	238
tlm_multiply_gcd_reverse_decode	108877987	108877993	6	0	0	0	3
tlm_multiply_gcd_reverse_apply	108877993	108877994	1	0	0	0	0
tlm_apply_forward_mod_add_register	108877994	108883195	5201	645	6	388	394
tlm_apply_forward_mod_add_fold	108883195	108883844	649	64	3	64	64
tlm_apply_forward_mod_add_clean	108883844	108884123	279	19	0	20	22
tlm_apply_forward_swap	108884123	108884891	768	256	0	0	0
tlm_apply_forward_fold	108884891	108886462	1571	331	0	45	52
tlm_multiply_gcd_reverse_body	108886462	108890416	3954	596	4	229	232
tlm_multiply_gcd_reverse_decode	108890416	108890422	6	0	0	0	3
tlm_multiply_gcd_reverse_apply	108890422	108890423	1	0	0	0	0
tlm_apply_forward_mod_add_register	108890423	108895624	5201	645	6	388	394
tlm_apply_forward_mod_add_fold	108895624	108896273	649	64	3	64	64
tlm_apply_forward_mod_add_clean	108896273	108896552	279	19	0	20	22
tlm_apply_forward_swap	108896552	108897320	768	256	0	0	0
tlm_apply_forward_fold	108897320	108898895	1575	329	0	46	53
tlm_multiply_gcd_reverse_body	108898895	108902855	3960	599	4	229	232
tlm_multiply_gcd_reverse_decode	108902855	108903019	164	19	0	3	8
tlm_multiply_gcd_reverse_apply	108903019	108903020	1	0	0	0	0
tlm_apply_forward_mod_add_register	108903020	108908221	5201	645	6	388	394
tlm_apply_forward_mod_add_fold	108908221	108908870	649	64	3	64	64
tlm_apply_forward_mod_add_clean	108908870	108909149	279	19	0	20	22
tlm_apply_forward_swap	108909149	108909917	768	256	0	0	0
tlm_apply_forward_fold	108909917	108911488	1571	331	0	45	52
tlm_multiply_gcd_reverse_body	108911488	108915510	4022	606	4	233	236
tlm_multiply_gcd_reverse_decode	108915510	108915516	6	0	0	0	3
tlm_multiply_gcd_reverse_apply	108915516	108915517	1	0	0	0	0
tlm_apply_forward_mod_add_register	108915517	108920718	5201	645	6	388	394
tlm_apply_forward_mod_add_fold	108920718	108921367	649	64	3	64	64
tlm_apply_forward_mod_add_clean	108921367	108921646	279	19	0	20	22
tlm_apply_forward_swap	108921646	108922414	768	256	0	0	0
tlm_apply_forward_fold	108922414	108923989	1575	329	0	46	53
tlm_multiply_gcd_reverse_body	108923989	108928003	4014	608	4	232	235
tlm_multiply_gcd_reverse_decode	108928003	108928009	6	0	0	0	3
tlm_multiply_gcd_reverse_apply	108928009	108928010	1	0	0	0	0
tlm_apply_forward_mod_add_register	108928010	108933211	5201	645	6	388	394
tlm_apply_forward_mod_add_fold	108933211	108933860	649	64	3	64	64
tlm_apply_forward_mod_add_clean	108933860	108934139	279	19	0	20	22
tlm_apply_forward_swap	108934139	108934907	768	256	0	0	0
tlm_apply_forward_fold	108934907	108936486	1579	327	0	47	54
tlm_multiply_gcd_reverse_body	108936486	108940506	4020	611	4	232	235
tlm_multiply_gcd_reverse_decode	108940506	108940670	164	19	0	3	8
tlm_multiply_gcd_reverse_apply	108940670	108940671	1	0	0	0	0
tlm_apply_forward_mod_add_register	108940671	108945872	5201	645	6	388	394
tlm_apply_forward_mod_add_fold	108945872	108946521	649	64	3	64	64
tlm_apply_forward_mod_add_clean	108946521	108946800	279	19	0	20	22
tlm_apply_forward_swap	108946800	108947568	768	256	0	0	0
tlm_apply_forward_fold	108947568	108949143	1575	329	0	46	53
tlm_multiply_gcd_reverse_body	108949143	108953239	4096	619	4	237	240
tlm_multiply_gcd_reverse_decode	108953239	108953245	6	0	0	0	3
tlm_multiply_gcd_reverse_apply	108953245	108953246	1	0	0	0	0
tlm_apply_forward_mod_add_register	108953246	108958447	5201	645	6	388	394
tlm_apply_forward_mod_add_fold	108958447	108959096	649	64	3	64	64
tlm_apply_forward_mod_add_clean	108959096	108959375	279	19	0	20	22
tlm_apply_forward_swap	108959375	108960143	768	256	0	0	0
tlm_apply_forward_fold	108960143	108961714	1571	331	0	45	52
tlm_multiply_gcd_reverse_body	108961714	108965906	4192	631	4	243	246
tlm_multiply_gcd_reverse_decode	108965906	108965912	6	0	0	0	3
tlm_multiply_gcd_reverse_apply	108965912	108965913	1	0	0	0	0
tlm_apply_forward_mod_add_register	108965913	108971114	5201	645	6	388	394
tlm_apply_forward_mod_add_fold	108971114	108971763	649	64	3	64	64
tlm_apply_forward_mod_add_clean	108971763	108972042	279	19	0	20	22
tlm_apply_forward_swap	108972042	108972810	768	256	0	0	0
tlm_apply_forward_fold	108972810	108974385	1575	329	0	46	53
tlm_multiply_gcd_reverse_body	108974385	108978583	4198	634	4	243	246
tlm_multiply_gcd_reverse_decode	108978583	108978747	164	19	0	3	8
tlm_multiply_gcd_reverse_apply	108978747	108978748	1	0	0	0	0
tlm_apply_forward_mod_add_register	108978748	108983949	5201	645	6	388	394
tlm_apply_forward_mod_add_fold	108983949	108984598	649	64	3	64	64
tlm_apply_forward_mod_add_clean	108984598	108984877	279	19	0	20	22
tlm_apply_forward_swap	108984877	108985645	768	256	0	0	0
tlm_apply_forward_fold	108985645	108987216	1571	331	0	45	52
tlm_multiply_gcd_reverse_body	108987216	108991484	4268	643	4	247	250
tlm_multiply_gcd_reverse_decode	108991484	108991490	6	0	0	0	3
tlm_multiply_gcd_reverse_apply	108991490	108991491	1	0	0	0	0
tlm_apply_forward_mod_add_register	108991491	108996692	5201	645	6	388	394
tlm_apply_forward_mod_add_fold	108996692	108997341	649	64	3	64	64
tlm_apply_forward_mod_add_clean	108997341	108997620	279	19	0	20	22
tlm_apply_forward_swap	108997620	108998388	768	256	0	0	0
tlm_apply_forward_fold	108998388	108999963	1575	329	0	46	53
tlm_multiply_gcd_reverse_body	108999963	109004229	4266	644	4	247	250
tlm_multiply_gcd_reverse_decode	109004229	109004235	6	0	0	0	3
tlm_multiply_gcd_reverse_apply	109004235	109004236	1	0	0	0	0
tlm_apply_forward_mod_add_register	109004236	109009437	5201	645	6	388	394
tlm_apply_forward_mod_add_fold	109009437	109010086	649	64	3	64	64
tlm_apply_forward_mod_add_clean	109010086	109010365	279	19	0	20	22
tlm_apply_forward_swap	109010365	109011133	768	256	0	0	0
tlm_apply_forward_fold	109011133	109012712	1579	327	0	47	54
tlm_multiply_gcd_reverse_body	109012712	109016970	4258	646	4	246	249
tlm_multiply_gcd_reverse_decode	109016970	109017134	164	19	0	3	8
tlm_multiply_gcd_reverse_apply	109017134	109017135	1	0	0	0	0
tlm_apply_forward_mod_add_register	109017135	109022336	5201	645	6	388	394
tlm_apply_forward_mod_add_fold	109022336	109022985	649	64	3	64	64
tlm_apply_forward_mod_add_clean	109022985	109023264	279	19	0	20	22
tlm_apply_forward_swap	109023264	109024032	768	256	0	0	0
tlm_apply_forward_fold	109024032	109025607	1575	329	0	46	53
tlm_multiply_gcd_reverse_body	109025607	109029927	4320	653	4	250	253
tlm_multiply_gcd_reverse_decode	109029927	109029933	6	0	0	0	3
tlm_multiply_gcd_reverse_apply	109029933	109029934	1	0	0	0	0
tlm_apply_forward_mod_add_register	109029934	109035135	5201	645	6	388	394
tlm_apply_forward_mod_add_fold	109035135	109035784	649	64	3	64	64
tlm_apply_forward_mod_add_clean	109035784	109036063	279	19	0	20	22
tlm_apply_forward_swap	109036063	109036831	768	256	0	0	0
tlm_apply_forward_fold	109036831	109038410	1579	327	0	47	54
tlm_multiply_gcd_reverse_body	109038410	109042722	4312	655	4	249	252
tlm_multiply_gcd_reverse_decode	109042722	109042728	6	0	0	0	3
tlm_multiply_gcd_reverse_apply	109042728	109042729	1	0	0	0	0
tlm_apply_forward_mod_add_register	109042729	109047930	5201	645	6	388	394
tlm_apply_forward_mod_add_fold	109047930	109048565	635	62	4	62	62
tlm_apply_forward_mod_add_clean	109048565	109048844	279	19	0	20	22
tlm_apply_forward_swap	109048844	109049612	768	256	0	0	0
tlm_apply_forward_fold	109049612	109051195	1583	325	0	48	55
tlm_multiply_gcd_reverse_body	109051195	109055499	4304	657	4	248	251
tlm_multiply_gcd_reverse_decode	109055499	109055663	164	19	0	3	8
tlm_multiply_gcd_reverse_apply	109055663	109055664	1	0	0	0	0
tlm_apply_forward_mod_add_register	109055664	109060865	5201	645	6	388	394
tlm_apply_forward_mod_add_fold	109060865	109061514	649	64	3	64	64
tlm_apply_forward_mod_add_clean	109061514	109061793	279	19	0	20	22
tlm_apply_forward_swap	109061793	109062561	768	256	0	0	0
tlm_apply_forward_fold	109062561	109064140	1579	327	0	47	54
tlm_multiply_gcd_reverse_body	109064140	109068520	4380	665	4	253	256
tlm_multiply_gcd_reverse_decode	109068520	109068526	6	0	0	0	3
tlm_multiply_gcd_reverse_apply	109068526	109068527	1	0	0	0	0
tlm_apply_forward_mod_add_register	109068527	109073415	4888	623	5	366	371
tlm_apply_forward_mod_add_fold	109073415	109074034	619	61	3	61	61
tlm_apply_forward_mod_add_clean	109074034	109074313	279	19	0	20	22
tlm_apply_forward_swap	109074313	109075081	768	256	0	0	0
tlm_apply_forward_fold	109075081	109076669	1588	320	0	49	57
tlm_multiply_gcd_reverse_body	109076669	109080923	4254	656	4	244	247
tlm_multiply_gcd_reverse_decode	109080923	109080929	6	0	0	0	3
tlm_multiply_gcd_reverse_apply	109080929	109080930	1	0	0	0	0
tlm_apply_forward_mod_add_register	109080930	109085818	4888	623	5	366	371
tlm_apply_forward_mod_add_fold	109085818	109086437	619	61	3	61	61
tlm_apply_forward_mod_add_clean	109086437	109086716	279	19	0	20	22
tlm_apply_forward_swap	109086716	109087484	768	256	0	0	0
tlm_apply_forward_fold	109087484	109089068	1584	322	0	48	56
tlm_multiply_gcd_reverse_body	109089068	109093432	4364	669	4	251	254
tlm_multiply_gcd_reverse_decode	109093432	109093596	164	19	0	3	8
tlm_multiply_gcd_reverse_apply	109093596	109093597	1	0	0	0	0
tlm_apply_forward_mod_add_register	109093597	109098798	5201	645	6	388	394
tlm_apply_forward_mod_add_fold	109098798	109099433	635	62	4	62	62
tlm_apply_forward_mod_add_clean	109099433	109099712	279	19	0	20	22
tlm_apply_forward_swap	109099712	109100480	768	256	0	0	0
tlm_apply_forward_fold	109100480	109102063	1583	325	0	48	55
tlm_multiply_gcd_reverse_body	109102063	109106503	4440	677	4	256	259
tlm_multiply_gcd_reverse_decode	109106503	109106509	6	0	0	0	3
tlm_multiply_gcd_reverse_apply	109106509	109106510	1	0	0	0	0
tlm_apply_forward_mod_add_register	109106510	109111398	4888	623	5	366	371
tlm_apply_forward_mod_add_fold	109111398	109112017	619	61	3	61	61
tlm_apply_forward_mod_add_clean	109112017	109112296	279	19	0	20	22
tlm_apply_forward_swap	109112296	109113064	768	256	0	0	0
tlm_apply_forward_fold	109113064	109114648	1584	322	0	48	56
tlm_multiply_gcd_reverse_body	109114648	109119094	4446	680	4	256	259
tlm_multiply_gcd_reverse_decode	109119094	109119100	6	0	0	0	3
tlm_multiply_gcd_reverse_apply	109119100	109119101	1	0	0	0	0
tlm_apply_forward_mod_add_register	109119101	109123989	4888	623	5	366	371
tlm_apply_forward_mod_add_fold	109123989	109124582	593	59	2	59	59
tlm_apply_forward_mod_add_clean	109124582	109124861	279	19	0	20	22
tlm_apply_forward_swap	109124861	109125629	768	256	0	0	0
tlm_apply_forward_fold	109125629	109127225	1596	316	0	51	59
tlm_multiply_gcd_reverse_body	109127225	109131531	4306	670	4	246	249
tlm_multiply_gcd_reverse_decode	109131531	109131695	164	19	0	3	8
tlm_multiply_gcd_reverse_apply	109131695	109131696	1	0	0	0	0
tlm_apply_forward_mod_add_register	109131696	109136584	4888	623	5	366	371
tlm_apply_forward_mod_add_fold	109136584	109137177	593	59	2	59	59
tlm_apply_forward_mod_add_clean	109137177	109137456	279	19	0	20	22
tlm_apply_forward_swap	109137456	109138224	768	256	0	0	0
tlm_apply_forward_fold	109138224	109139816	1592	318	0	50	58
tlm_multiply_gcd_reverse_body	109139816	109144184	4368	677	4	250	253
tlm_multiply_gcd_reverse_decode	109144184	109144190	6	0	0	0	3
tlm_multiply_gcd_reverse_apply	109144190	109144191	1	0	0	0	0
tlm_apply_forward_mod_add_register	109144191	109149079	4888	623	5	366	371
tlm_apply_forward_mod_add_fold	109149079	109149672	593	59	2	59	59
tlm_apply_forward_mod_add_clean	109149672	109149951	279	19	0	20	22
tlm_apply_forward_swap	109149951	109150719	768	256	0	0	0
tlm_apply_forward_fold	109150719	109152315	1596	316	0	51	59
tlm_multiply_gcd_reverse_body	109152315	109156689	4374	680	4	250	253
tlm_multiply_gcd_reverse_decode	109156689	109156695	6	0	0	0	3
tlm_multiply_gcd_reverse_apply	109156695	109156696	1	0	0	0	0
tlm_apply_forward_mod_add_register	109156696	109161584	4888	623	5	366	371
tlm_apply_forward_mod_add_fold	109161584	109162173	589	58	3	58	58
tlm_apply_forward_mod_add_clean	109162173	109162452	279	19	0	20	22
tlm_apply_forward_swap	109162452	109163220	768	256	0	0	0
tlm_apply_forward_fold	109163220	109164820	1600	314	0	52	60
tlm_multiply_gcd_reverse_body	109164820	109169172	4352	681	4	248	251
tlm_multiply_gcd_reverse_decode	109169172	109169336	164	19	0	3	8
tlm_multiply_gcd_reverse_apply	109169336	109169337	1	0	0	0	0
tlm_apply_forward_mod_add_register	109169337	109174225	4888	623	5	366	371
tlm_apply_forward_mod_add_fold	109174225	109174818	593	59	2	59	59
tlm_apply_forward_mod_add_clean	109174818	109175097	279	19	0	20	22
tlm_apply_forward_swap	109175097	109175865	768	256	0	0	0
tlm_apply_forward_fold	109175865	109177461	1596	316	0	51	59
tlm_multiply_gcd_reverse_body	109177461	109181889	4428	689	4	253	256
tlm_multiply_gcd_reverse_decode	109181889	109181895	6	0	0	0	3
tlm_multiply_gcd_reverse_apply	109181895	109181896	1	0	0	0	0
tlm_apply_forward_mod_add_register	109181896	109186784	4888	623	5	366	371
tlm_apply_forward_mod_add_fold	109186784	109187377	593	59	2	59	59
tlm_apply_forward_mod_add_clean	109187377	109187656	279	19	0	20	22
tlm_apply_forward_swap	109187656	109188424	768	256	0	0	0
tlm_apply_forward_fold	109188424	109190016	1592	318	0	50	58
tlm_multiply_gcd_reverse_body	109190016	109194568	4552	703	4	261	264
tlm_multiply_gcd_reverse_decode	109194568	109194574	6	0	0	0	3
tlm_multiply_gcd_reverse_apply	109194574	109194575	1	0	0	0	0
tlm_apply_forward_mod_add_register	109194575	109199463	4888	623	5	366	371
tlm_apply_forward_mod_add_fold	109199463	109200056	593	59	2	59	59
tlm_apply_forward_mod_add_clean	109200056	109200335	279	19	0	20	22
tlm_apply_forward_swap	109200335	109201103	768	256	0	0	0
tlm_apply_forward_fold	109201103	109202699	1596	316	0	51	59
tlm_multiply_gcd_reverse_body	109202699	109207243	4544	705	4	260	263
tlm_multiply_gcd_reverse_decode	109207243	109207407	164	19	0	3	8
tlm_multiply_gcd_reverse_apply	109207407	109207408	1	0	0	0	0
tlm_apply_forward_mod_add_register	109207408	109212296	4888	623	5	366	371
tlm_apply_forward_mod_add_fold	109212296	109212889	593	59	2	59	59
tlm_apply_forward_mod_add_clean	109212889	109213168	279	19	0	20	22
tlm_apply_forward_swap	109213168	109213936	768	256	0	0	0
tlm_apply_forward_fold	109213936	109215528	1592	318	0	50	58
tlm_multiply_gcd_reverse_body	109215528	109220148	4620	713	4	265	268
tlm_multiply_gcd_reverse_decode	109220148	109220154	6	0	0	0	3
tlm_multiply_gcd_reverse_apply	109220154	109220155	1	0	0	0	0
tlm_apply_forward_mod_add_register	109220155	109225043	4888	623	5	366	371
tlm_apply_forward_mod_add_fold	109225043	109225636	593	59	2	59	59
tlm_apply_forward_mod_add_clean	109225636	109225915	279	19	0	20	22
tlm_apply_forward_swap	109225915	109226683	768	256	0	0	0
tlm_apply_forward_fold	109226683	109228279	1596	316	0	51	59
tlm_multiply_gcd_reverse_body	109228279	109232891	4612	715	4	264	267
tlm_multiply_gcd_reverse_decode	109232891	109232897	6	0	0	0	3
tlm_multiply_gcd_reverse_apply	109232897	109232898	1	0	0	0	0
tlm_apply_forward_mod_add_register	109232898	109237786	4888	623	5	366	371
tlm_apply_forward_mod_add_fold	109237786	109238375	589	58	3	58	58
tlm_apply_forward_mod_add_clean	109238375	109238654	279	19	0	20	22
tlm_apply_forward_swap	109238654	109239422	768	256	0	0	0
tlm_apply_forward_fold	109239422	109241022	1600	314	0	52	60
tlm_multiply_gcd_reverse_body	109241022	109245626	4604	717	4	263	266
tlm_multiply_gcd_reverse_decode	109245626	109245790	164	19	0	3	8
tlm_multiply_gcd_reverse_apply	109245790	109245791	1	0	0	0	0
tlm_apply_forward_mod_add_register	109245791	109250679	4888	623	5	366	371
tlm_apply_forward_mod_add_fold	109250679	109251272	593	59	2	59	59
tlm_apply_forward_mod_add_clean	109251272	109251551	279	19	0	20	22
tlm_apply_forward_swap	109251551	109252319	768	256	0	0	0
tlm_apply_forward_fold	109252319	109253915	1596	316	0	51	59
tlm_multiply_gcd_reverse_body	109253915	109258581	4666	724	4	267	270
tlm_multiply_gcd_reverse_decode	109258581	109258587	6	0	0	0	3
tlm_multiply_gcd_reverse_apply	109258587	109258588	1	0	0	0	0
tlm_apply_forward_mod_add_register	109258588	109263476	4888	623	5	366	371
tlm_apply_forward_mod_add_fold	109263476	109264065	589	58	3	58	58
tlm_apply_forward_mod_add_clean	109264065	109264344	279	19	0	20	22
tlm_apply_forward_swap	109264344	109265112	768	256	0	0	0
tlm_apply_forward_fold	109265112	109266712	1600	314	0	52	60
tlm_multiply_gcd_reverse_body	109266712	109271384	4672	727	4	267	270
tlm_multiply_gcd_reverse_decode	109271384	109271390	6	0	0	0	3
tlm_multiply_gcd_reverse_apply	109271390	109271391	1	0	0	0	0
tlm_apply_forward_mod_add_register	109271391	109276279	4888	623	5	366	371
tlm_apply_forward_mod_add_fold	109276279	109276826	547	55	1	55	55
tlm_apply_forward_mod_add_clean	109276826	109277105	279	19	0	20	22
tlm_apply_forward_swap	109277105	109277873	768	256	0	0	0
tlm_apply_forward_fold	109277873	109279482	1609	309	0	54	61
tlm_multiply_gcd_reverse_body	109279482	109284000	4518	716	4	256	259
tlm_multiply_gcd_reverse_decode	109284000	109284164	164	19	0	3	8
tlm_multiply_gcd_reverse_apply	109284164	109284165	1	0	0	0	0
tlm_apply_forward_mod_add_register	109284165	109289053	4888	623	5	366	371
tlm_apply_forward_mod_add_fold	109289053	109289626	573	57	2	57	57
tlm_apply_forward_mod_add_clean	109289626	109289905	279	19	0	20	22
tlm_apply_forward_swap	109289905	109290673	768	256	0	0	0
tlm_apply_forward_fold	109290673	109292273	1600	314	0	52	60
tlm_multiply_gcd_reverse_body	109292273	109296999	4726	736	4	270	273
tlm_multiply_gcd_reverse_decode	109296999	109297005	6	0	0	0	3
tlm_multiply_gcd_reverse_apply	109297005	109297006	1	0	0	0	0
tlm_apply_forward_mod_add_register	109297006	109301894	4888	623	5	366	371
tlm_apply_forward_mod_add_fold	109301894	109302467	573	57	2	57	57
tlm_apply_forward_mod_add_clean	109302467	109302746	279	19	0	20	22
tlm_apply_forward_swap	109302746	109303514	768	256	0	0	0
tlm_apply_forward_fold	109303514	109305115	1601	313	0	52	59
tlm_multiply_gcd_reverse_body	109305115	109309833	4718	738	4	269	272
tlm_multiply_gcd_reverse_decode	109309833	109309839	6	0	0	0	3
tlm_multiply_gcd_reverse_apply	109309839	109309840	1	0	0	0	0
tlm_apply_forward_mod_add_register	109309840	109314415	4575	601	4	344	348
tlm_apply_forward_mod_add_fold	109314415	109314968	553	55	2	55	55
tlm_apply_forward_mod_add_clean	109314968	109315247	279	19	0	20	22
tlm_apply_forward_swap	109315247	109316015	768	256	0	0	0
tlm_apply_forward_fold	109316015	109317632	1617	309	0	55	62
tlm_multiply_gcd_reverse_body	109317632	109322210	4578	728	4	259	262
tlm_multiply_gcd_reverse_decode	109322210	109322374	164	19	0	3	8
tlm_multiply_gcd_reverse_apply	109322374	109322375	1	0	0	0	0
tlm_apply_forward_mod_add_register	109322375	109327263	4888	623	5	366	371
tlm_apply_forward_mod_add_fold	109327263	109327836	573	57	2	57	57
tlm_apply_forward_mod_add_clean	109327836	109328115	279	19	0	20	22
tlm_apply_forward_swap	109328115	109328883	768	256	0	0	0
tlm_apply_forward_fold	109328883	109330484	1601	313	0	52	59
tlm_multiply_gcd_reverse_body	109330484	109335270	4786	748	4	273	276
tlm_multiply_gcd_reverse_decode	109335270	109335276	6	0	0	0	3
tlm_multiply_gcd_reverse_apply	109335276	109335277	1	0	0	0	0
tlm_apply_forward_mod_add_register	109335277	109340165	4888	623	5	366	371
tlm_apply_forward_mod_add_fold	109340165	109340712	547	55	1	55	55
tlm_apply_forward_mod_add_clean	109340712	109340991	279	19	0	20	22
tlm_apply_forward_swap	109340991	109341759	768	256	0	0	0
tlm_apply_forward_fold	109341759	109343364	1605	311	0	53	60
tlm_multiply_gcd_reverse_body	109343364	109348128	4764	749	4	271	274
tlm_multiply_gcd_reverse_decode	109348128	109348134	6	0	0	0	3
tlm_multiply_gcd_reverse_apply	109348134	109348135	1	0	0	0	0
tlm_apply_forward_mod_add_register	109348135	109353023	4888	623	5	366	371
tlm_apply_forward_mod_add_fold	109353023	109353576	553	55	2	55	55
tlm_apply_forward_mod_add_clean	109353576	109353855	279	19	0	20	22
tlm_apply_forward_swap	109353855	109354623	768	256	0	0	0
tlm_apply_forward_fold	109354623	109356232	1609	309	0	54	61
tlm_multiply_gcd_reverse_body	109356232	109361002	4770	752	4	271	274
tlm_multiply_gcd_reverse_decode	109361002	109361166	164	19	0	3	8
tlm_multiply_gcd_reverse_apply	109361166	109361167	1	0	0	0	0
tlm_apply_forward_mod_add_register	109361167	109365742	4575	601	4	344	348
tlm_apply_forward_mod_add_fold	109365742	109366295	553	55	2	55	55
tlm_apply_forward_mod_add_clean	109366295	109366574	279	19	0	20	22
tlm_apply_forward_swap	109366574	109367342	768	256	0	0	0
tlm_apply_forward_fold	109367342	109368959	1617	309	0	55	62
tlm_multiply_gcd_reverse_body	109368959	109373673	4714	748	4	267	270
tlm_multiply_gcd_reverse_decode	109373673	109373679	6	0	0	0	3
tlm_multiply_gcd_reverse_apply	109373679	109373680	1	0	0	0	0
tlm_apply_forward_mod_add_register	109373680	109378568	4888	623	5	366	371
tlm_apply_forward_mod_add_fold	109378568	109379121	553	55	2	55	55
tlm_apply_forward_mod_add_clean	109379121	109379400	279	19	0	20	22
tlm_apply_forward_swap	109379400	109380168	768	256	0	0	0
tlm_apply_forward_fold	109380168	109381777	1609	309	0	54	61
tlm_multiply_gcd_reverse_body	109381777	109386601	4824	761	4	274	277
tlm_multiply_gcd_reverse_decode	109386601	109386607	6	0	0	0	3
tlm_multiply_gcd_reverse_apply	109386607	109386608	1	0	0	0	0
tlm_apply_forward_mod_add_register	109386608	109391496	4888	623	5	366	371
tlm_apply_forward_mod_add_fold	109391496	109392049	553	55	2	55	55
tlm_apply_forward_mod_add_clean	109392049	109392328	279	19	0	20	22
tlm_apply_forward_swap	109392328	109393096	768	256	0	0	0
tlm_apply_forward_fold	109393096	109394701	1605	311	0	53	60
tlm_multiply_gcd_reverse_body	109394701	109399649	4948	775	4	282	285
tlm_multiply_gcd_reverse_decode	109399649	109399813	164	19	0	3	8
tlm_multiply_gcd_reverse_apply	109399813	109399814	1	0	0	0	0
tlm_apply_forward_mod_add_register	109399814	109404702	4888	623	5	366	371
tlm_apply_forward_mod_add_fold	109404702	109405249	547	55	1	55	55
tlm_apply_forward_mod_add_clean	109405249	109405528	279	19	0	20	22
tlm_apply_forward_swap	109405528	109406296	768	256	0	0	0
tlm_apply_forward_fold	109406296	109407897	1601	313	0	52	59
tlm_multiply_gcd_reverse_body	109407897	109412921	5024	783	4	287	290
tlm_multiply_gcd_reverse_decode	109412921	109412927	6	0	0	0	3
tlm_multiply_gcd_reverse_apply	109412927	109412928	1	0	0	0	0
tlm_apply_forward_mod_add_register	109412928	109417816	4888	623	5	366	371
tlm_apply_forward_mod_add_fold	109417816	109418369	553	55	2	55	55
tlm_apply_forward_mod_add_clean	109418369	109418648	279	19	0	20	22
tlm_apply_forward_swap	109418648	109419416	768	256	0	0	0
tlm_apply_forward_fold	109419416	109421021	1605	311	0	53	60
tlm_multiply_gcd_reverse_body	109421021	109426051	5030	786	4	287	290
tlm_multiply_gcd_reverse_decode	109426051	109426057	6	0	0	0	3
tlm_multiply_gcd_reverse_apply	109426057	109426058	1	0	0	0	0
tlm_apply_forward_mod_add_register	109426058	109430946	4888	623	5	366	371
tlm_apply_forward_mod_add_fold	109430946	109431499	553	55	2	55	55
tlm_apply_forward_mod_add_clean	109431499	109431778	279	19	0	20	22
tlm_apply_forward_swap	109431778	109432546	768	256	0	0	0
tlm_apply_forward_fold	109432546	109434155	1609	309	0	54	61
tlm_multiply_gcd_reverse_body	109434155	109439149	4994	786	4	284	287
tlm_multiply_gcd_reverse_decode	109439149	109439313	164	19	0	3	8
tlm_multiply_gcd_reverse_apply	109439313	109439314	1	0	0	0	0
tlm_apply_forward_mod_add_register	109439314	109444202	4888	623	5	366	371
tlm_apply_forward_mod_add_fold	109444202	109444755	553	55	2	55	55
tlm_apply_forward_mod_add_clean	109444755	109445034	279	19	0	20	22
tlm_apply_forward_swap	109445034	109445802	768	256	0	0	0
tlm_apply_forward_fold	109445802	109447407	1605	311	0	53	60
tlm_multiply_gcd_reverse_body	109447407	109452477	5070	794	4	289	292
tlm_multiply_gcd_reverse_decode	109452477	109452483	6	0	0	0	3
tlm_multiply_gcd_reverse_apply	109452483	109452484	1	0	0	0	0
tlm_apply_forward_mod_add_register	109452484	109457372	4888	623	5	366	371
tlm_apply_forward_mod_add_fold	109457372	109457919	547	55	1	55	55
tlm_apply_forward_mod_add_clean	109457919	109458198	279	19	0	20	22
tlm_apply_forward_swap	109458198	109458966	768	256	0	0	0
tlm_apply_forward_fold	109458966	109460567	1601	313	0	52	59
tlm_multiply_gcd_reverse_body	109460567	109465706	5139	804	4	293	297
tlm_multiply_gcd_reverse_decode	109465706	109465712	6	0	0	0	3
tlm_multiply_gcd_reverse_apply	109465712	109465713	1	0	0	0	0
tlm_apply_forward_mod_add_register	109465713	109470601	4888	623	5	366	371
tlm_apply_forward_mod_add_fold	109470601	109471154	553	55	2	55	55
tlm_apply_forward_mod_add_clean	109471154	109471433	279	19	0	20	22
tlm_apply_forward_swap	109471433	109472201	768	256	0	0	0
tlm_apply_forward_fold	109472201	109473806	1605	311	0	53	60
tlm_multiply_gcd_reverse_body	109473806	109478979	5173	809	4	295	299
tlm_multiply_gcd_reverse_decode	109478979	109479143	164	19	0	3	8
tlm_multiply_gcd_reverse_apply	109479143	109479144	1	0	0	0	0
tlm_apply_forward_mod_add_register	109479144	109484032	4888	623	5	366	371
tlm_apply_forward_mod_add_fold	109484032	109484585	553	55	2	55	55
tlm_apply_forward_mod_add_clean	109484585	109484864	279	19	0	20	22
tlm_apply_forward_swap	109484864	109485632	768	256	0	0	0
tlm_apply_forward_fold	109485632	109487241	1609	309	0	54	61
tlm_multiply_gcd_reverse_body	109487241	109492371	5130	806	4	292	295
tlm_multiply_gcd_reverse_decode	109492371	109492377	6	0	0	0	3
tlm_multiply_gcd_reverse_apply	109492377	109492378	1	0	0	0	0
tlm_apply_forward_mod_add_register	109492378	109496953	4575	601	4	344	348
tlm_apply_forward_mod_add_fold	109496953	109497506	553	55	2	55	55
tlm_apply_forward_mod_add_clean	109497506	109497785	279	19	0	20	22
tlm_apply_forward_swap	109497785	109498553	768	256	0	0	0
tlm_apply_forward_fold	109498553	109500170	1617	309	0	55	62
tlm_multiply_gcd_reverse_body	109500170	109505306	5136	809	4	292	295
tlm_multiply_gcd_reverse_decode	109505306	109505312	6	0	0	0	3
tlm_multiply_gcd_reverse_apply	109505312	109505313	1	0	0	0	0
tlm_apply_forward_mod_add_register	109505313	109509888	4575	601	4	344	348
tlm_apply_forward_mod_add_fold	109509888	109510441	553	55	2	55	55
tlm_apply_forward_mod_add_clean	109510441	109510720	279	19	0	20	22
tlm_apply_forward_swap	109510720	109511488	768	256	0	0	0
tlm_apply_forward_fold	109511488	109513105	1617	309	0	55	62
tlm_multiply_gcd_reverse_body	109513105	109518219	5114	810	4	290	293
tlm_multiply_gcd_reverse_decode	109518219	109518383	164	19	0	3	8
tlm_multiply_gcd_reverse_apply	109518383	109518384	1	0	0	0	0
tlm_apply_forward_mod_add_register	109518384	109522959	4575	601	4	344	348
tlm_apply_forward_mod_add_fold	109522959	109523512	553	55	2	55	55
tlm_apply_forward_mod_add_clean	109523512	109523791	279	19	0	20	22
tlm_apply_forward_swap	109523791	109524559	768	256	0	0	0
tlm_apply_forward_fold	109524559	109526176	1617	309	0	55	62
tlm_multiply_gcd_reverse_body	109526176	109531366	5190	818	4	295	298
tlm_multiply_gcd_reverse_decode	109531366	109531372	6	0	0	0	3
tlm_multiply_gcd_reverse_apply	109531372	109531373	1	0	0	0	0
tlm_apply_forward_mod_add_register	109531373	109535948	4575	601	4	344	348
tlm_apply_forward_mod_add_fold	109535948	109536501	553	55	2	55	55
tlm_apply_forward_mod_add_clean	109536501	109536780	279	19	0	20	22
tlm_apply_forward_swap	109536780	109537548	768	256	0	0	0
tlm_apply_forward_fold	109537548	109539165	1617	309	0	55	62
tlm_multiply_gcd_reverse_body	109539165	109544347	5182	820	4	294	297
tlm_multiply_gcd_reverse_decode	109544347	109544353	6	0	0	0	3
tlm_multiply_gcd_reverse_apply	109544353	109544354	1	0	0	0	0
tlm_apply_forward_mod_add_register	109544354	109548929	4575	601	4	344	348
tlm_apply_forward_mod_add_fold	109548929	109549482	553	55	2	55	55
tlm_apply_forward_mod_add_clean	109549482	109549761	279	19	0	20	22
tlm_apply_forward_swap	109549761	109550529	768	256	0	0	0
tlm_apply_forward_fold	109550529	109552146	1617	309	0	55	62
tlm_multiply_gcd_reverse_body	109552146	109557320	5174	822	4	293	296
tlm_multiply_gcd_reverse_decode	109557320	109557484	164	19	0	3	8
tlm_multiply_gcd_reverse_apply	109557484	109557485	1	0	0	0	0
tlm_apply_forward_mod_add_register	109557485	109562060	4575	601	4	344	348
tlm_apply_forward_mod_add_fold	109562060	109562613	553	55	2	55	55
tlm_apply_forward_mod_add_clean	109562613	109562892	279	19	0	20	22
tlm_apply_forward_swap	109562892	109563660	768	256	0	0	0
tlm_apply_forward_fold	109563660	109565277	1617	309	0	55	62
tlm_multiply_gcd_reverse_body	109565277	109570527	5250	830	4	298	301
tlm_multiply_gcd_reverse_decode	109570527	109570533	6	0	0	0	3
tlm_multiply_gcd_reverse_apply	109570533	109570534	1	0	0	0	0
tlm_apply_forward_mod_add_register	109570534	109575109	4575	601	4	344	348
tlm_apply_forward_mod_add_fold	109575109	109575662	553	55	2	55	55
tlm_apply_forward_mod_add_clean	109575662	109575941	279	19	0	20	22
tlm_apply_forward_swap	109575941	109576709	768	256	0	0	0
tlm_apply_forward_fold	109576709	109578326	1617	309	0	55	62
tlm_multiply_gcd_reverse_body	109578326	109583568	5242	832	4	297	300
tlm_multiply_gcd_reverse_decode	109583568	109583574	6	0	0	0	3
tlm_multiply_gcd_reverse_apply	109583574	109583575	1	0	0	0	0
tlm_apply_forward_mod_add_register	109583575	109588150	4575	601	4	344	348
tlm_apply_forward_mod_add_fold	109588150	109588703	553	55	2	55	55
tlm_apply_forward_mod_add_clean	109588703	109588982	279	19	0	20	22
tlm_apply_forward_swap	109588982	109589750	768	256	0	0	0
tlm_apply_forward_fold	109589750	109591367	1617	309	0	55	62
tlm_multiply_gcd_reverse_body	109591367	109596587	5220	833	4	295	298
tlm_multiply_gcd_reverse_decode	109596587	109596751	164	19	0	3	8
tlm_multiply_gcd_reverse_apply	109596751	109596752	1	0	0	0	0
tlm_apply_forward_mod_add_register	109596752	109601327	4575	601	4	344	348
tlm_apply_forward_mod_add_fold	109601327	109601880	553	55	2	55	55
tlm_apply_forward_mod_add_clean	109601880	109602159	279	19	0	20	22
tlm_apply_forward_swap	109602159	109602927	768	256	0	0	0
tlm_apply_forward_fold	109602927	109604544	1617	309	0	55	62
tlm_multiply_gcd_reverse_body	109604544	109609840	5296	841	4	300	303
tlm_multiply_gcd_reverse_decode	109609840	109609846	6	0	0	0	3
tlm_multiply_gcd_reverse_apply	109609846	109609847	1	0	0	0	0
tlm_apply_forward_mod_add_register	109609847	109614422	4575	601	4	344	348
tlm_apply_forward_mod_add_fold	109614422	109614975	553	55	2	55	55
tlm_apply_forward_mod_add_clean	109614975	109615254	279	19	0	20	22
tlm_apply_forward_swap	109615254	109616022	768	256	0	0	0
tlm_apply_forward_fold	109616022	109617639	1617	309	0	55	62
tlm_multiply_gcd_reverse_body	109617639	109622955	5316	845	4	301	304
tlm_multiply_gcd_reverse_decode	109622955	109622961	6	0	0	0	3
tlm_multiply_gcd_reverse_apply	109622961	109622962	1	0	0	0	0
tlm_apply_forward_mod_add_register	109622962	109627537	4575	601	4	344	348
tlm_apply_forward_mod_add_fold	109627537	109628090	553	55	2	55	55
tlm_apply_forward_mod_add_clean	109628090	109628369	279	19	0	20	22
tlm_apply_forward_swap	109628369	109629137	768	256	0	0	0
tlm_apply_forward_fold	109629137	109630754	1617	309	0	55	62
tlm_multiply_gcd_reverse_body	109630754	109636048	5294	846	4	299	302
tlm_multiply_gcd_reverse_decode	109636048	109636212	164	19	0	3	8
tlm_multiply_gcd_reverse_apply	109636212	109636213	1	0	0	0	0
tlm_apply_forward_mod_add_register	109636213	109640788	4575	601	4	344	348
tlm_apply_forward_mod_add_fold	109640788	109641341	553	55	2	55	55
tlm_apply_forward_mod_add_clean	109641341	109641620	279	19	0	20	22
tlm_apply_forward_swap	109641620	109642388	768	256	0	0	0
tlm_apply_forward_fold	109642388	109644005	1617	309	0	55	62
tlm_multiply_gcd_reverse_body	109644005	109649375	5370	854	4	304	307
tlm_multiply_gcd_reverse_decode	109649375	109649381	6	0	0	0	3
tlm_multiply_gcd_reverse_apply	109649381	109649382	1	0	0	0	0
tlm_apply_forward_mod_add_register	109649382	109653957	4575	601	4	344	348
tlm_apply_forward_mod_add_fold	109653957	109654510	553	55	2	55	55
tlm_apply_forward_mod_add_clean	109654510	109654789	279	19	0	20	22
tlm_apply_forward_swap	109654789	109655557	768	256	0	0	0
tlm_apply_forward_fold	109655557	109657174	1617	309	0	55	62
tlm_multiply_gcd_reverse_body	109657174	109662522	5348	855	4	302	305
tlm_multiply_gcd_reverse_decode	109662522	109662528	6	0	0	0	3
tlm_multiply_gcd_reverse_apply	109662528	109662529	1	0	0	0	0
tlm_apply_forward_mod_add_register	109662529	109667104	4575	601	4	344	348
tlm_apply_forward_mod_add_fold	109667104	109667657	553	55	2	55	55
tlm_apply_forward_mod_add_clean	109667657	109667936	279	19	0	20	22
tlm_apply_forward_swap	109667936	109668704	768	256	0	0	0
tlm_apply_forward_fold	109668704	109670321	1617	309	0	55	62
tlm_multiply_gcd_reverse_body	109670321	109675661	5340	857	4	301	304
tlm_multiply_gcd_reverse_decode	109675661	109675825	164	19	0	3	8
tlm_multiply_gcd_reverse_apply	109675825	109675826	1	0	0	0	0
tlm_apply_forward_mod_add_register	109675826	109680401	4575	601	4	344	348
tlm_apply_forward_mod_add_fold	109680401	109680954	553	55	2	55	55
tlm_apply_forward_mod_add_clean	109680954	109681233	279	19	0	20	22
tlm_apply_forward_swap	109681233	109682001	768	256	0	0	0
tlm_apply_forward_fold	109682001	109683618	1617	309	0	55	62
tlm_multiply_gcd_reverse_body	109683618	109689020	5402	864	4	305	308
tlm_multiply_gcd_reverse_decode	109689020	109689026	6	0	0	0	3
tlm_multiply_gcd_reverse_apply	109689026	109689027	1	0	0	0	0
tlm_apply_forward_mod_add_register	109689027	109693602	4575	601	4	344	348
tlm_apply_forward_mod_add_fold	109693602	109694155	553	55	2	55	55
tlm_apply_forward_mod_add_clean	109694155	109694434	279	19	0	20	22
tlm_apply_forward_swap	109694434	109695202	768	256	0	0	0
tlm_apply_forward_fold	109695202	109696819	1617	309	0	55	62
tlm_multiply_gcd_reverse_body	109696819	109702227	5408	867	4	305	308
tlm_multiply_gcd_reverse_decode	109702227	109702233	6	0	0	0	3
tlm_multiply_gcd_reverse_apply	109702233	109702234	1	0	0	0	0
tlm_apply_forward_mod_add_register	109702234	109706809	4575	601	4	344	348
tlm_apply_forward_mod_add_fold	109706809	109707362	553	55	2	55	55
tlm_apply_forward_mod_add_clean	109707362	109707641	279	19	0	20	22
tlm_apply_forward_swap	109707641	109708409	768	256	0	0	0
tlm_apply_forward_fold	109708409	109710026	1617	309	0	55	62
tlm_multiply_gcd_reverse_body	109710026	109715440	5414	870	4	305	308
tlm_multiply_gcd_reverse_decode	109715440	109715604	164	19	0	3	8
tlm_multiply_gcd_reverse_apply	109715604	109715605	1	0	0	0	0
tlm_apply_forward_mod_add_register	109715605	109720180	4575	601	4	344	348
tlm_apply_forward_mod_add_fold	109720180	109720733	553	55	2	55	55
tlm_apply_forward_mod_add_clean	109720733	109721012	279	19	0	20	22
tlm_apply_forward_swap	109721012	109721780	768	256	0	0	0
tlm_apply_forward_fold	109721780	109723397	1617	309	0	55	62
tlm_multiply_gcd_reverse_body	109723397	109728873	5476	877	4	309	312
tlm_multiply_gcd_reverse_decode	109728873	109728879	6	0	0	0	3
tlm_multiply_gcd_reverse_apply	109728879	109728880	1	0	0	0	0
tlm_apply_forward_mod_add_register	109728880	109733455	4575	601	4	344	348
tlm_apply_forward_mod_add_fold	109733455	109734008	553	55	2	55	55
tlm_apply_forward_mod_add_clean	109734008	109734287	279	19	0	20	22
tlm_apply_forward_swap	109734287	109735055	768	256	0	0	0
tlm_apply_forward_fold	109735055	109736672	1617	309	0	55	62
tlm_multiply_gcd_reverse_body	109736672	109742140	5468	879	4	308	311
tlm_multiply_gcd_reverse_decode	109742140	109742146	6	0	0	0	3
tlm_multiply_gcd_reverse_apply	109742146	109742147	1	0	0	0	0
tlm_apply_forward_mod_add_register	109742147	109746722	4575	601	4	344	348
tlm_apply_forward_mod_add_fold	109746722	109747275	553	55	2	55	55
tlm_apply_forward_mod_add_clean	109747275	109747554	279	19	0	20	22
tlm_apply_forward_swap	109747554	109748322	768	256	0	0	0
tlm_apply_forward_fold	109748322	109749939	1617	309	0	55	62
tlm_multiply_gcd_reverse_body	109749939	109755385	5446	880	4	306	309
tlm_multiply_gcd_reverse_decode	109755385	109755549	164	19	0	3	8
tlm_multiply_gcd_reverse_apply	109755549	109755550	1	0	0	0	0
tlm_apply_forward_mod_add_register	109755550	109760125	4575	601	4	344	348
tlm_apply_forward_mod_add_fold	109760125	109760678	553	55	2	55	55
tlm_apply_forward_mod_add_clean	109760678	109760957	279	19	0	20	22
tlm_apply_forward_swap	109760957	109761725	768	256	0	0	0
tlm_apply_forward_fold	109761725	109763342	1617	309	0	55	62
tlm_multiply_gcd_reverse_body	109763342	109768864	5522	888	4	311	314
tlm_multiply_gcd_reverse_decode	109768864	109768870	6	0	0	0	3
tlm_multiply_gcd_reverse_apply	109768870	109768871	1	0	0	0	0
tlm_apply_forward_mod_add_register	109768871	109773446	4575	601	4	344	348
tlm_apply_forward_mod_add_fold	109773446	109773999	553	55	2	55	55
tlm_apply_forward_mod_add_clean	109773999	109774278	279	19	0	20	22
tlm_apply_forward_swap	109774278	109775046	768	256	0	0	0
tlm_apply_forward_fold	109775046	109776663	1617	309	0	55	62
tlm_multiply_gcd_reverse_body	109776663	109782177	5514	890	4	310	313
tlm_multiply_gcd_reverse_decode	109782177	109782183	6	0	0	0	3
tlm_multiply_gcd_reverse_apply	109782183	109782184	1	0	0	0	0
tlm_apply_forward_mod_add_register	109782184	109786759	4575	601	4	344	348
tlm_apply_forward_mod_add_fold	109786759	109787312	553	55	2	55	55
tlm_apply_forward_mod_add_clean	109787312	109787591	279	19	0	20	22
tlm_apply_forward_swap	109787591	109788359	768	256	0	0	0
tlm_apply_forward_fold	109788359	109789976	1617	309	0	55	62
tlm_multiply_gcd_reverse_body	109789976	109795482	5506	892	4	309	312
tlm_multiply_gcd_reverse_decode	109795482	109795646	164	19	0	3	8
tlm_multiply_gcd_reverse_apply	109795646	109795647	1	0	0	0	0
tlm_apply_forward_mod_add_register	109795647	109800222	4575	601	4	344	348
tlm_apply_forward_mod_add_fold	109800222	109800775	553	55	2	55	55
tlm_apply_forward_mod_add_clean	109800775	109801054	279	19	0	20	22
tlm_apply_forward_swap	109801054	109801822	768	256	0	0	0
tlm_apply_forward_fold	109801822	109803439	1617	309	0	55	62
tlm_multiply_gcd_reverse_body	109803439	109809021	5582	900	4	314	317
tlm_multiply_gcd_reverse_decode	109809021	109809027	6	0	0	0	3
tlm_multiply_gcd_reverse_apply	109809027	109809028	1	0	0	0	0
tlm_apply_forward_mod_add_register	109809028	109813603	4575	601	4	344	348
tlm_apply_forward_mod_add_fold	109813603	109814156	553	55	2	55	55
tlm_apply_forward_mod_add_clean	109814156	109814435	279	19	0	20	22
tlm_apply_forward_swap	109814435	109815203	768	256	0	0	0
tlm_apply_forward_fold	109815203	109816820	1617	309	0	55	62
tlm_multiply_gcd_reverse_body	109816820	109822394	5574	902	4	313	316
tlm_multiply_gcd_reverse_decode	109822394	109822400	6	0	0	0	3
tlm_multiply_gcd_reverse_apply	109822400	109822401	1	0	0	0	0
tlm_apply_forward_mod_add_register	109822401	109826976	4575	601	4	344	348
tlm_apply_forward_mod_add_fold	109826976	109827529	553	55	2	55	55
tlm_apply_forward_mod_add_clean	109827529	109827808	279	19	0	20	22
tlm_apply_forward_swap	109827808	109828576	768	256	0	0	0
tlm_apply_forward_fold	109828576	109830193	1617	309	0	55	62
tlm_multiply_gcd_reverse_body	109830193	109835745	5552	903	4	311	314
tlm_multiply_gcd_reverse_decode	109835745	109835909	164	19	0	3	8
tlm_multiply_gcd_reverse_apply	109835909	109835910	1	0	0	0	0
tlm_apply_forward_mod_add_register	109835910	109840485	4575	601	4	344	348
tlm_apply_forward_mod_add_fold	109840485	109841038	553	55	2	55	55
tlm_apply_forward_mod_add_clean	109841038	109841317	279	19	0	20	22
tlm_apply_forward_swap	109841317	109842085	768	256	0	0	0
tlm_apply_forward_fold	109842085	109843702	1617	309	0	55	62
tlm_multiply_gcd_reverse_body	109843702	109849330	5628	911	4	316	319
tlm_multiply_gcd_reverse_decode	109849330	109849336	6	0	0	0	3
tlm_multiply_gcd_reverse_apply	109849336	109849337	1	0	0	0	0
tlm_apply_forward_mod_add_register	109849337	109853912	4575	601	4	344	348
tlm_apply_forward_mod_add_fold	109853912	109854465	553	55	2	55	55
tlm_apply_forward_mod_add_clean	109854465	109854744	279	19	0	20	22
tlm_apply_forward_swap	109854744	109855512	768	256	0	0	0
tlm_apply_forward_fold	109855512	109857129	1617	309	0	55	62
tlm_multiply_gcd_reverse_body	109857129	109862749	5620	913	4	315	318
tlm_multiply_gcd_reverse_decode	109862749	109862755	6	0	0	0	3
tlm_multiply_gcd_reverse_apply	109862755	109862756	1	0	0	0	0
tlm_apply_forward_mod_add_register	109862756	109867331	4575	601	4	344	348
tlm_apply_forward_mod_add_fold	109867331	109867884	553	55	2	55	55
tlm_apply_forward_mod_add_clean	109867884	109868163	279	19	0	20	22
tlm_apply_forward_swap	109868163	109868931	768	256	0	0	0
tlm_apply_forward_fold	109868931	109870548	1617	309	0	55	62
tlm_multiply_gcd_reverse_body	109870548	109876160	5612	915	4	314	317
tlm_multiply_gcd_reverse_decode	109876160	109876324	164	19	0	3	8
tlm_multiply_gcd_reverse_apply	109876324	109876325	1	0	0	0	0
tlm_apply_forward_mod_add_register	109876325	109880900	4575	601	4	344	348
tlm_apply_forward_mod_add_fold	109880900	109881453	553	55	2	55	55
tlm_apply_forward_mod_add_clean	109881453	109881732	279	19	0	20	22
tlm_apply_forward_swap	109881732	109882500	768	256	0	0	0
tlm_apply_forward_fold	109882500	109884117	1617	309	0	55	62
tlm_multiply_gcd_reverse_body	109884117	109889805	5688	923	4	319	322
tlm_multiply_gcd_reverse_decode	109889805	109889811	6	0	0	0	3
tlm_multiply_gcd_reverse_apply	109889811	109889812	1	0	0	0	0
tlm_apply_forward_mod_add_register	109889812	109894387	4575	601	4	344	348
tlm_apply_forward_mod_add_fold	109894387	109894940	553	55	2	55	55
tlm_apply_forward_mod_add_clean	109894940	109895219	279	19	0	20	22
tlm_apply_forward_swap	109895219	109895987	768	256	0	0	0
tlm_apply_forward_fold	109895987	109897604	1617	309	0	55	62
tlm_multiply_gcd_reverse_body	109897604	109903284	5680	925	4	318	321
tlm_multiply_gcd_reverse_decode	109903284	109903290	6	0	0	0	3
tlm_multiply_gcd_reverse_apply	109903290	109903291	1	0	0	0	0
tlm_apply_forward_mod_add_register	109903291	109907553	4262	579	3	322	325
tlm_apply_forward_mod_add_fold	109907553	109908106	553	55	2	55	55
tlm_apply_forward_mod_add_clean	109908106	109908385	279	19	0	20	22
tlm_apply_forward_swap	109908385	109909153	768	256	0	0	0
tlm_apply_forward_fold	109909153	109910770	1617	309	0	55	62
tlm_multiply_gcd_reverse_body	109910770	109916442	5672	927	4	317	320
tlm_multiply_gcd_reverse_decode	109916442	109916606	164	19	0	3	8
tlm_multiply_gcd_reverse_apply	109916606	109916607	1	0	0	0	0
tlm_apply_forward_mod_add_register	109916607	109921182	4575	601	4	344	348
tlm_apply_forward_mod_add_fold	109921182	109921735	553	55	2	55	55
tlm_apply_forward_mod_add_clean	109921735	109922014	279	19	0	20	22
tlm_apply_forward_swap	109922014	109922782	768	256	0	0	0
tlm_apply_forward_fold	109922782	109924399	1617	309	0	55	62
tlm_multiply_gcd_reverse_body	109924399	109930147	5748	935	4	322	325
tlm_multiply_gcd_reverse_decode	109930147	109930153	6	0	0	0	3
tlm_multiply_gcd_reverse_apply	109930153	109930154	1	0	0	0	0
tlm_apply_forward_mod_add_register	109930154	109934416	4262	579	3	322	325
tlm_apply_forward_mod_add_fold	109934416	109934969	553	55	2	55	55
tlm_apply_forward_mod_add_clean	109934969	109935248	279	19	0	20	22
tlm_apply_forward_swap	109935248	109936016	768	256	0	0	0
tlm_apply_forward_fold	109936016	109937633	1617	309	0	55	62
tlm_multiply_gcd_reverse_body	109937633	109943373	5740	937	4	321	324
tlm_multiply_gcd_reverse_decode	109943373	109943379	6	0	0	0	3
tlm_multiply_gcd_reverse_apply	109943379	109943380	1	0	0	0	0
tlm_apply_forward_mod_add_register	109943380	109947642	4262	579	3	322	325
tlm_apply_forward_mod_add_fold	109947642	109948195	553	55	2	55	55
tlm_apply_forward_mod_add_clean	109948195	109948474	279	19	0	20	22
tlm_apply_forward_swap	109948474	109949242	768	256	0	0	0
tlm_apply_forward_fold	109949242	109950859	1617	309	0	55	62
tlm_multiply_gcd_reverse_body	109950859	109956591	5732	939	4	320	323
tlm_multiply_gcd_reverse_decode	109956591	109956755	164	19	0	3	8
tlm_multiply_gcd_reverse_apply	109956755	109956756	1	0	0	0	0
tlm_apply_forward_mod_add_register	109956756	109961018	4262	579	3	322	325
tlm_apply_forward_mod_add_fold	109961018	109961571	553	55	2	55	55
tlm_apply_forward_mod_add_clean	109961571	109961850	279	19	0	20	22
tlm_apply_forward_swap	109961850	109962618	768	256	0	0	0
tlm_apply_forward_fold	109962618	109964235	1617	309	0	55	62
tlm_multiply_gcd_reverse_body	109964235	109970043	5808	947	4	325	328
tlm_multiply_gcd_reverse_decode	109970043	109970049	6	0	0	0	3
tlm_multiply_gcd_reverse_apply	109970049	109970050	1	0	0	0	0
tlm_apply_forward_mod_add_register	109970050	109974312	4262	579	3	322	325
tlm_apply_forward_mod_add_fold	109974312	109974865	553	55	2	55	55
tlm_apply_forward_mod_add_clean	109974865	109975144	279	19	0	20	22
tlm_apply_forward_swap	109975144	109975912	768	256	0	0	0
tlm_apply_forward_fold	109975912	109977529	1617	309	0	55	62
tlm_multiply_gcd_reverse_body	109977529	109983329	5800	949	4	324	327
tlm_multiply_gcd_reverse_decode	109983329	109983335	6	0	0	0	3
tlm_multiply_gcd_reverse_apply	109983335	109983336	1	0	0	0	0
tlm_apply_forward_mod_add_register	109983336	109987598	4262	579	3	322	325
tlm_apply_forward_mod_add_fold	109987598	109988151	553	55	2	55	55
tlm_apply_forward_mod_add_clean	109988151	109988430	279	19	0	20	22
tlm_apply_forward_swap	109988430	109989198	768	256	0	0	0
tlm_apply_forward_fold	109989198	109990815	1617	309	0	55	62
tlm_multiply_gcd_reverse_body	109990815	109996593	5778	950	4	322	325
tlm_multiply_gcd_reverse_decode	109996593	109996757	164	19	0	3	8
tlm_multiply_gcd_reverse_apply	109996757	109996758	1	0	0	0	0
tlm_apply_forward_mod_add_register	109996758	110001020	4262	579	3	322	325
tlm_apply_forward_mod_add_fold	110001020	110001573	553	55	2	55	55
tlm_apply_forward_mod_add_clean	110001573	110001852	279	19	0	20	22
tlm_apply_forward_swap	110001852	110002620	768	256	0	0	0
tlm_apply_forward_fold	110002620	110004237	1617	309	0	55	62
tlm_multiply_gcd_reverse_body	110004237	110010091	5854	958	4	327	330
tlm_multiply_gcd_reverse_decode	110010091	110010097	6	0	0	0	3
tlm_multiply_gcd_reverse_apply	110010097	110010098	1	0	0	0	0
tlm_apply_forward_mod_add_register	110010098	110014360	4262	579	3	322	325
tlm_apply_forward_mod_add_fold	110014360	110014913	553	55	2	55	55
tlm_apply_forward_mod_add_clean	110014913	110015192	279	19	0	20	22
tlm_apply_forward_swap	110015192	110015960	768	256	0	0	0
tlm_apply_forward_fold	110015960	110017577	1617	309	0	55	62
tlm_multiply_gcd_reverse_body	110017577	110023423	5846	960	4	326	329
tlm_multiply_gcd_reverse_decode	110023423	110023429	6	0	0	0	3
tlm_multiply_gcd_reverse_apply	110023429	110023430	1	0	0	0	0
tlm_apply_forward_mod_add_register	110023430	110027692	4262	579	3	322	325
tlm_apply_forward_mod_add_fold	110027692	110028245	553	55	2	55	55
tlm_apply_forward_mod_add_clean	110028245	110028524	279	19	0	20	22
tlm_apply_forward_swap	110028524	110029292	768	256	0	0	0
tlm_apply_forward_fold	110029292	110030909	1617	309	0	55	62
tlm_multiply_gcd_reverse_body	110030909	110036747	5838	962	4	325	328
tlm_multiply_gcd_reverse_decode	110036747	110036911	164	19	0	3	8
tlm_multiply_gcd_reverse_apply	110036911	110036912	1	0	0	0	0
tlm_apply_forward_mod_add_register	110036912	110041174	4262	579	3	322	325
tlm_apply_forward_mod_add_fold	110041174	110041727	553	55	2	55	55
tlm_apply_forward_mod_add_clean	110041727	110042006	279	19	0	20	22
tlm_apply_forward_swap	110042006	110042774	768	256	0	0	0
tlm_apply_forward_fold	110042774	110044391	1617	309	0	55	62
tlm_multiply_gcd_reverse_body	110044391	110050305	5914	970	4	330	333
tlm_multiply_gcd_reverse_decode	110050305	110050311	6	0	0	0	3
tlm_multiply_gcd_reverse_apply	110050311	110050312	1	0	0	0	0
tlm_apply_forward_mod_add_register	110050312	110054574	4262	579	3	322	325
tlm_apply_forward_mod_add_fold	110054574	110055127	553	55	2	55	55
tlm_apply_forward_mod_add_clean	110055127	110055406	279	19	0	20	22
tlm_apply_forward_swap	110055406	110056174	768	256	0	0	0
tlm_apply_forward_fold	110056174	110057791	1617	309	0	55	62
tlm_multiply_gcd_reverse_body	110057791	110063697	5906	972	4	329	332
tlm_multiply_gcd_reverse_decode	110063697	110063703	6	0	0	0	3
tlm_multiply_gcd_reverse_apply	110063703	110063704	1	0	0	0	0
tlm_apply_forward_mod_add_register	110063704	110067966	4262	579	3	322	325
tlm_apply_forward_mod_add_fold	110067966	110068519	553	55	2	55	55
tlm_apply_forward_mod_add_clean	110068519	110068798	279	19	0	20	22
tlm_apply_forward_swap	110068798	110069566	768	256	0	0	0
tlm_apply_forward_fold	110069566	110071183	1617	309	0	55	62
tlm_multiply_gcd_reverse_body	110071183	110077067	5884	973	4	327	330
tlm_multiply_gcd_reverse_decode	110077067	110077231	164	19	0	3	8
tlm_multiply_gcd_reverse_apply	110077231	110077232	1	0	0	0	0
tlm_apply_forward_mod_add_register	110077232	110081494	4262	579	3	322	325
tlm_apply_forward_mod_add_fold	110081494	110082047	553	55	2	55	55
tlm_apply_forward_mod_add_clean	110082047	110082326	279	19	0	20	22
tlm_apply_forward_swap	110082326	110083094	768	256	0	0	0
tlm_apply_forward_fold	110083094	110084711	1617	309	0	55	62
tlm_multiply_gcd_reverse_body	110084711	110090685	5974	982	4	333	336
tlm_multiply_gcd_reverse_decode	110090685	110090691	6	0	0	0	3
tlm_multiply_gcd_reverse_apply	110090691	110090692	1	0	0	0	0
tlm_apply_forward_mod_add_register	110090692	110094954	4262	579	3	322	325
tlm_apply_forward_mod_add_fold	110094954	110095507	553	55	2	55	55
tlm_apply_forward_mod_add_clean	110095507	110095786	279	19	0	20	22
tlm_apply_forward_swap	110095786	110096554	768	256	0	0	0
tlm_apply_forward_fold	110096554	110098171	1617	309	0	55	62
tlm_multiply_gcd_reverse_body	110098171	110104123	5952	983	4	331	334
tlm_multiply_gcd_reverse_decode	110104123	110104129	6	0	0	0	3
tlm_multiply_gcd_reverse_apply	110104129	110104130	1	0	0	0	0
tlm_apply_forward_mod_add_register	110104130	110108392	4262	579	3	322	325
tlm_apply_forward_mod_add_fold	110108392	110108945	553	55	2	55	55
tlm_apply_forward_mod_add_clean	110108945	110109224	279	19	0	20	22
tlm_apply_forward_swap	110109224	110109992	768	256	0	0	0
tlm_apply_forward_fold	110109992	110111609	1617	309	0	55	62
tlm_multiply_gcd_reverse_body	110111609	110117567	5958	986	4	331	334
tlm_multiply_gcd_reverse_decode	110117567	110117731	164	19	0	3	8
tlm_multiply_gcd_reverse_apply	110117731	110117732	1	0	0	0	0
tlm_apply_forward_mod_add_register	110117732	110121994	4262	579	3	322	325
tlm_apply_forward_mod_add_fold	110121994	110122547	553	55	2	55	55
tlm_apply_forward_mod_add_clean	110122547	110122826	279	19	0	20	22
tlm_apply_forward_swap	110122826	110123594	768	256	0	0	0
tlm_apply_forward_fold	110123594	110125211	1617	309	0	55	62
tlm_multiply_gcd_reverse_body	110125211	110131231	6020	993	4	335	338
tlm_multiply_gcd_reverse_decode	110131231	110131237	6	0	0	0	3
tlm_multiply_gcd_reverse_apply	110131237	110131238	1	0	0	0	0
tlm_apply_forward_mod_add_register	110131238	110135500	4262	579	3	322	325
tlm_apply_forward_mod_add_fold	110135500	110136053	553	55	2	55	55
tlm_apply_forward_mod_add_clean	110136053	110136332	279	19	0	20	22
tlm_apply_forward_swap	110136332	110137100	768	256	0	0	0
tlm_apply_forward_fold	110137100	110138717	1617	309	0	55	62
tlm_multiply_gcd_reverse_body	110138717	110144729	6012	995	4	334	337
tlm_multiply_gcd_reverse_decode	110144729	110144735	6	0	0	0	3
tlm_multiply_gcd_reverse_apply	110144735	110144736	1	0	0	0	0
tlm_apply_forward_mod_add_register	110144736	110148998	4262	579	3	322	325
tlm_apply_forward_mod_add_fold	110148998	110149551	553	55	2	55	55
tlm_apply_forward_mod_add_clean	110149551	110149830	279	19	0	20	22
tlm_apply_forward_swap	110149830	110150598	768	256	0	0	0
tlm_apply_forward_fold	110150598	110152215	1617	309	0	55	62
tlm_multiply_gcd_reverse_body	110152215	110158219	6004	997	4	333	336
tlm_multiply_gcd_reverse_decode	110158219	110158383	164	19	0	3	8
tlm_multiply_gcd_reverse_apply	110158383	110158384	1	0	0	0	0
tlm_apply_forward_mod_add_register	110158384	110162646	4262	579	3	322	325
tlm_apply_forward_mod_add_fold	110162646	110163199	553	55	2	55	55
tlm_apply_forward_mod_add_clean	110163199	110163478	279	19	0	20	22
tlm_apply_forward_swap	110163478	110164246	768	256	0	0	0
tlm_apply_forward_fold	110164246	110165863	1617	309	0	55	62
tlm_multiply_gcd_reverse_body	110165863	110171943	6080	1005	4	338	341
tlm_multiply_gcd_reverse_decode	110171943	110171949	6	0	0	0	3
tlm_multiply_gcd_reverse_apply	110171949	110171950	1	0	0	0	0
tlm_apply_forward_mod_add_register	110171950	110176212	4262	579	3	322	325
tlm_apply_forward_mod_add_fold	110176212	110176765	553	55	2	55	55
tlm_apply_forward_mod_add_clean	110176765	110177044	279	19	0	20	22
tlm_apply_forward_swap	110177044	110177812	768	256	0	0	0
tlm_apply_forward_fold	110177812	110179429	1617	309	0	55	62
tlm_multiply_gcd_reverse_body	110179429	110185487	6058	1006	4	336	339
tlm_multiply_gcd_reverse_decode	110185487	110185493	6	0	0	0	3
tlm_multiply_gcd_reverse_apply	110185493	110185494	1	0	0	0	0
tlm_apply_forward_mod_add_register	110185494	110189756	4262	579	3	322	325
tlm_apply_forward_mod_add_fold	110189756	110190309	553	55	2	55	55
tlm_apply_forward_mod_add_clean	110190309	110190588	279	19	0	20	22
tlm_apply_forward_swap	110190588	110191356	768	256	0	0	0
tlm_apply_forward_fold	110191356	110192973	1617	309	0	55	62
tlm_multiply_gcd_reverse_body	110192973	110199037	6064	1009	4	336	339
tlm_multiply_gcd_reverse_decode	110199037	110199201	164	19	0	3	8
tlm_multiply_gcd_reverse_apply	110199201	110199202	1	0	0	0	0
tlm_apply_forward_mod_add_register	110199202	110203464	4262	579	3	322	325
tlm_apply_forward_mod_add_fold	110203464	110204017	553	55	2	55	55
tlm_apply_forward_mod_add_clean	110204017	110204296	279	19	0	20	22
tlm_apply_forward_swap	110204296	110205064	768	256	0	0	0
tlm_apply_forward_fold	110205064	110206681	1617	309	0	55	62
tlm_multiply_gcd_reverse_body	110206681	110212821	6140	1017	4	341	344
tlm_multiply_gcd_reverse_decode	110212821	110212827	6	0	0	0	3
tlm_multiply_gcd_reverse_apply	110212827	110212828	1	0	0	0	0
tlm_apply_forward_mod_add_register	110212828	110217090	4262	579	3	322	325
tlm_apply_forward_mod_add_fold	110217090	110217643	553	55	2	55	55
tlm_apply_forward_mod_add_clean	110217643	110217922	279	19	0	20	22
tlm_apply_forward_swap	110217922	110218690	768	256	0	0	0
tlm_apply_forward_fold	110218690	110220307	1617	309	0	55	62
tlm_multiply_gcd_reverse_body	110220307	110226439	6132	1019	4	340	343
tlm_multiply_gcd_reverse_decode	110226439	110226445	6	0	0	0	3
tlm_multiply_gcd_reverse_apply	110226445	110226446	1	0	0	0	0
tlm_apply_forward_mod_add_register	110226446	110230708	4262	579	3	322	325
tlm_apply_forward_mod_add_fold	110230708	110231261	553	55	2	55	55
tlm_apply_forward_mod_add_clean	110231261	110231540	279	19	0	20	22
tlm_apply_forward_swap	110231540	110232308	768	256	0	0	0
tlm_apply_forward_fold	110232308	110233925	1617	309	0	55	62
tlm_multiply_gcd_reverse_body	110233925	110240035	6110	1020	4	338	341
tlm_multiply_gcd_reverse_decode	110240035	110240199	164	19	0	3	8
tlm_multiply_gcd_reverse_apply	110240199	110240200	1	0	0	0	0
tlm_apply_forward_mod_add_register	110240200	110244462	4262	579	3	322	325
tlm_apply_forward_mod_add_fold	110244462	110245015	553	55	2	55	55
tlm_apply_forward_mod_add_clean	110245015	110245294	279	19	0	20	22
tlm_apply_forward_swap	110245294	110246062	768	256	0	0	0
tlm_apply_forward_fold	110246062	110247679	1617	309	0	55	62
tlm_multiply_gcd_reverse_body	110247679	110253879	6200	1029	4	344	347
tlm_multiply_gcd_reverse_decode	110253879	110253885	6	0	0	0	3
tlm_multiply_gcd_reverse_apply	110253885	110253886	1	0	0	0	0
tlm_apply_forward_mod_add_register	110253886	110258148	4262	579	3	322	325
tlm_apply_forward_mod_add_fold	110258148	110258701	553	55	2	55	55
tlm_apply_forward_mod_add_clean	110258701	110258980	279	19	0	20	22
tlm_apply_forward_swap	110258980	110259748	768	256	0	0	0
tlm_apply_forward_fold	110259748	110261365	1617	309	0	55	62
tlm_multiply_gcd_reverse_body	110261365	110267543	6178	1030	4	342	345
tlm_multiply_gcd_reverse_decode	110267543	110267549	6	0	0	0	3
tlm_multiply_gcd_reverse_apply	110267549	110267550	1	0	0	0	0
tlm_apply_forward_mod_add_register	110267550	110271812	4262	579	3	322	325
tlm_apply_forward_mod_add_fold	110271812	110272365	553	55	2	55	55
tlm_apply_forward_mod_add_clean	110272365	110272644	279	19	0	20	22
tlm_apply_forward_swap	110272644	110273412	768	256	0	0	0
tlm_apply_forward_fold	110273412	110275029	1617	309	0	55	62
tlm_multiply_gcd_reverse_body	110275029	110281199	6170	1032	4	341	344
tlm_multiply_gcd_reverse_decode	110281199	110281363	164	19	0	3	8
tlm_multiply_gcd_reverse_apply	110281363	110281364	1	0	0	0	0
tlm_apply_forward_mod_add_register	110281364	110285626	4262	579	3	322	325
tlm_apply_forward_mod_add_fold	110285626	110286179	553	55	2	55	55
tlm_apply_forward_mod_add_clean	110286179	110286458	279	19	0	20	22
tlm_apply_forward_swap	110286458	110287226	768	256	0	0	0
tlm_apply_forward_fold	110287226	110288843	1617	309	0	55	62
tlm_multiply_gcd_reverse_body	110288843	110295089	6246	1040	4	346	349
tlm_multiply_gcd_reverse_decode	110295089	110295095	6	0	0	0	3
tlm_multiply_gcd_reverse_apply	110295095	110295096	1	0	0	0	0
tlm_apply_forward_mod_add_register	110295096	110299358	4262	579	3	322	325
tlm_apply_forward_mod_add_fold	110299358	110299911	553	55	2	55	55
tlm_apply_forward_mod_add_clean	110299911	110300190	279	19	0	20	22
tlm_apply_forward_swap	110300190	110300958	768	256	0	0	0
tlm_apply_forward_fold	110300958	110302575	1617	309	0	55	62
tlm_multiply_gcd_reverse_body	110302575	110308813	6238	1042	4	345	348
tlm_multiply_gcd_reverse_decode	110308813	110308819	6	0	0	0	3
tlm_multiply_gcd_reverse_apply	110308819	110308820	1	0	0	0	0
tlm_apply_forward_mod_add_register	110308820	110313082	4262	579	3	322	325
tlm_apply_forward_mod_add_fold	110313082	110313635	553	55	2	55	55
tlm_apply_forward_mod_add_clean	110313635	110313914	279	19	0	20	22
tlm_apply_forward_swap	110313914	110314682	768	256	0	0	0
tlm_apply_forward_fold	110314682	110316299	1617	309	0	55	62
tlm_multiply_gcd_reverse_body	110316299	110322515	6216	1043	4	343	346
tlm_multiply_gcd_reverse_decode	110322515	110322679	164	19	0	3	8
tlm_multiply_gcd_reverse_apply	110322679	110322680	1	0	0	0	0
tlm_apply_forward_mod_add_register	110322680	110326942	4262	579	3	322	325
tlm_apply_forward_mod_add_fold	110326942	110327495	553	55	2	55	55
tlm_apply_forward_mod_add_clean	110327495	110327774	279	19	0	20	22
tlm_apply_forward_swap	110327774	110328542	768	256	0	0	0
tlm_apply_forward_fold	110328542	110330159	1617	309	0	55	62
tlm_multiply_gcd_reverse_body	110330159	110336479	6320	1053	4	350	353
tlm_multiply_gcd_reverse_decode	110336479	110336485	6	0	0	0	3
tlm_multiply_gcd_reverse_apply	110336485	110336486	1	0	0	0	0
tlm_apply_forward_mod_add_register	110336486	110340748	4262	579	3	322	325
tlm_apply_forward_mod_add_fold	110340748	110341301	553	55	2	55	55
tlm_apply_forward_mod_add_clean	110341301	110341580	279	19	0	20	22
tlm_apply_forward_swap	110341580	110342348	768	256	0	0	0
tlm_apply_forward_fold	110342348	110343965	1617	309	0	55	62
tlm_multiply_gcd_reverse_body	110343965	110350249	6284	1053	4	347	350
tlm_multiply_gcd_reverse_decode	110350249	110350255	6	0	0	0	3
tlm_multiply_gcd_reverse_apply	110350255	110350256	1	0	0	0	0
tlm_apply_forward_mod_add_register	110350256	110354518	4262	579	3	322	325
tlm_apply_forward_mod_add_fold	110354518	110355071	553	55	2	55	55
tlm_apply_forward_mod_add_clean	110355071	110355350	279	19	0	20	22
tlm_apply_forward_swap	110355350	110356118	768	256	0	0	0
tlm_apply_forward_fold	110356118	110357735	1617	309	0	55	62
tlm_multiply_gcd_reverse_body	110357735	110364011	6276	1055	4	346	349
tlm_multiply_gcd_reverse_decode	110364011	110364175	164	19	0	3	8
tlm_multiply_gcd_reverse_apply	110364175	110364176	1	0	0	0	0
tlm_apply_forward_mod_add_register	110364176	110368438	4262	579	3	322	325
tlm_apply_forward_mod_add_fold	110368438	110368991	553	55	2	55	55
tlm_apply_forward_mod_add_clean	110368991	110369270	279	19	0	20	22
tlm_apply_forward_swap	110369270	110370038	768	256	0	0	0
tlm_apply_forward_fold	110370038	110371655	1617	309	0	55	62
tlm_multiply_gcd_reverse_body	110371655	110378021	6366	1064	4	352	355
tlm_multiply_gcd_reverse_decode	110378021	110378027	6	0	0	0	3
tlm_multiply_gcd_reverse_apply	110378027	110378028	1	0	0	0	0
tlm_apply_forward_mod_add_register	110378028	110382290	4262	579	3	322	325
tlm_apply_forward_mod_add_fold	110382290	110382843	553	55	2	55	55
tlm_apply_forward_mod_add_clean	110382843	110383122	279	19	0	20	22
tlm_apply_forward_swap	110383122	110383890	768	256	0	0	0
tlm_apply_forward_fold	110383890	110385507	1617	309	0	55	62
tlm_multiply_gcd_reverse_body	110385507	110391851	6344	1065	4	350	353
tlm_multiply_gcd_reverse_decode	110391851	110391857	6	0	0	0	3
tlm_multiply_gcd_reverse_apply	110391857	110391858	1	0	0	0	0
tlm_apply_forward_mod_add_register	110391858	110396120	4262	579	3	322	325
tlm_apply_forward_mod_add_fold	110396120	110396673	553	55	2	55	55
tlm_apply_forward_mod_add_clean	110396673	110396952	279	19	0	20	22
tlm_apply_forward_swap	110396952	110397720	768	256	0	0	0
tlm_apply_forward_fold	110397720	110399337	1617	309	0	55	62
tlm_multiply_gcd_reverse_body	110399337	110405673	6336	1067	4	349	352
tlm_multiply_gcd_reverse_decode	110405673	110405837	164	19	0	3	8
tlm_multiply_gcd_reverse_apply	110405837	110405838	1	0	0	0	0
tlm_apply_forward_mod_add_register	110405838	110410100	4262	579	3	322	325
tlm_apply_forward_mod_add_fold	110410100	110410653	553	55	2	55	55
tlm_apply_forward_mod_add_clean	110410653	110410932	279	19	0	20	22
tlm_apply_forward_swap	110410932	110411700	768	256	0	0	0
tlm_apply_forward_fold	110411700	110413317	1617	309	0	55	62
tlm_multiply_gcd_reverse_body	110413317	110419743	6426	1076	4	355	358
tlm_multiply_gcd_reverse_decode	110419743	110419749	6	0	0	0	3
tlm_multiply_gcd_reverse_apply	110419749	110419750	1	0	0	0	0
tlm_apply_forward_mod_add_register	110419750	110424012	4262	579	3	322	325
tlm_apply_forward_mod_add_fold	110424012	110424565	553	55	2	55	55
tlm_apply_forward_mod_add_clean	110424565	110424844	279	19	0	20	22
tlm_apply_forward_swap	110424844	110425612	768	256	0	0	0
tlm_apply_forward_fold	110425612	110427229	1617	309	0	55	62
tlm_multiply_gcd_reverse_body	110427229	110433647	6418	1078	4	354	357
tlm_multiply_gcd_reverse_decode	110433647	110433653	6	0	0	0	3
tlm_multiply_gcd_reverse_apply	110433653	110433654	1	0	0	0	0
tlm_apply_forward_mod_add_register	110433654	110437916	4262	579	3	322	325
tlm_apply_forward_mod_add_fold	110437916	110438469	553	55	2	55	55
tlm_apply_forward_mod_add_clean	110438469	110438748	279	19	0	20	22
tlm_apply_forward_swap	110438748	110439516	768	256	0	0	0
tlm_apply_forward_fold	110439516	110441133	1617	309	0	55	62
tlm_multiply_gcd_reverse_body	110441133	110447515	6382	1078	4	351	354
tlm_multiply_gcd_reverse_decode	110447515	110447679	164	19	0	3	8
tlm_multiply_gcd_reverse_apply	110447679	110447680	1	0	0	0	0
tlm_apply_forward_mod_add_register	110447680	110451942	4262	579	3	322	325
tlm_apply_forward_mod_add_fold	110451942	110452495	553	55	2	55	55
tlm_apply_forward_mod_add_clean	110452495	110452774	279	19	0	20	22
tlm_apply_forward_swap	110452774	110453542	768	256	0	0	0
tlm_apply_forward_fold	110453542	110455159	1617	309	0	55	62
tlm_multiply_gcd_reverse_body	110455159	110461631	6472	1087	4	357	360
tlm_multiply_gcd_reverse_decode	110461631	110461637	6	0	0	0	3
tlm_multiply_gcd_reverse_apply	110461637	110461638	1	0	0	0	0
tlm_apply_forward_mod_add_register	110461638	110465900	4262	579	3	322	325
tlm_apply_forward_mod_add_fold	110465900	110466453	553	55	2	55	55
tlm_apply_forward_mod_add_clean	110466453	110466732	279	19	0	20	22
tlm_apply_forward_swap	110466732	110467500	768	256	0	0	0
tlm_apply_forward_fold	110467500	110469117	1617	309	0	55	62
tlm_multiply_gcd_reverse_body	110469117	110475581	6464	1089	4	356	359
tlm_multiply_gcd_reverse_decode	110475581	110475587	6	0	0	0	3
tlm_multiply_gcd_reverse_apply	110475587	110475588	1	0	0	0	0
tlm_apply_forward_mod_add_register	110475588	110479850	4262	579	3	322	325
tlm_apply_forward_mod_add_fold	110479850	110480403	553	55	2	55	55
tlm_apply_forward_mod_add_clean	110480403	110480682	279	19	0	20	22
tlm_apply_forward_swap	110480682	110481450	768	256	0	0	0
tlm_apply_forward_fold	110481450	110483067	1617	309	0	55	62
tlm_multiply_gcd_reverse_body	110483067	110489523	6456	1091	4	355	358
tlm_multiply_gcd_reverse_decode	110489523	110489687	164	19	0	3	8
tlm_multiply_gcd_reverse_apply	110489687	110489688	1	0	0	0	0
tlm_apply_forward_mod_add_register	110489688	110493950	4262	579	3	322	325
tlm_apply_forward_mod_add_fold	110493950	110494503	553	55	2	55	55
tlm_apply_forward_mod_add_clean	110494503	110494782	279	19	0	20	22
tlm_apply_forward_swap	110494782	110495550	768	256	0	0	0
tlm_apply_forward_fold	110495550	110497167	1617	309	0	55	62
tlm_multiply_gcd_reverse_body	110497167	110503685	6518	1098	4	359	362
tlm_multiply_gcd_reverse_decode	110503685	110503691	6	0	0	0	3
tlm_multiply_gcd_reverse_apply	110503691	110503692	1	0	0	0	0
tlm_apply_forward_mod_add_register	110503692	110507954	4262	579	3	322	325
tlm_apply_forward_mod_add_fold	110507954	110508507	553	55	2	55	55
tlm_apply_forward_mod_add_clean	110508507	110508786	279	19	0	20	22
tlm_apply_forward_swap	110508786	110509554	768	256	0	0	0
tlm_apply_forward_fold	110509554	110511171	1617	309	0	55	62
tlm_multiply_gcd_reverse_body	110511171	110517695	6524	1101	4	359	362
tlm_multiply_gcd_reverse_decode	110517695	110517701	6	0	0	0	3
tlm_multiply_gcd_reverse_apply	110517701	110517702	1	0	0	0	0
tlm_apply_forward_mod_add_register	110517702	110521964	4262	579	3	322	325
tlm_apply_forward_mod_add_fold	110521964	110522517	553	55	2	55	55
tlm_apply_forward_mod_add_clean	110522517	110522796	279	19	0	20	22
tlm_apply_forward_swap	110522796	110523564	768	256	0	0	0
tlm_apply_forward_fold	110523564	110525181	1617	309	0	55	62
tlm_multiply_gcd_reverse_body	110525181	110531697	6516	1103	4	358	361
tlm_multiply_gcd_reverse_decode	110531697	110531861	164	19	0	3	8
tlm_multiply_gcd_reverse_apply	110531861	110531862	1	0	0	0	0
tlm_apply_forward_mod_add_register	110531862	110536124	4262	579	3	322	325
tlm_apply_forward_mod_add_fold	110536124	110536677	553	55	2	55	55
tlm_apply_forward_mod_add_clean	110536677	110536956	279	19	0	20	22
tlm_apply_forward_swap	110536956	110537724	768	256	0	0	0
tlm_apply_forward_fold	110537724	110539341	1617	309	0	55	62
tlm_multiply_gcd_reverse_body	110539341	110545919	6578	1110	4	362	365
tlm_multiply_gcd_reverse_decode	110545919	110545925	6	0	0	0	3
tlm_multiply_gcd_reverse_apply	110545925	110545926	1	0	0	0	0
tlm_apply_forward_mod_add_register	110545926	110550188	4262	579	3	322	325
tlm_apply_forward_mod_add_fold	110550188	110550741	553	55	2	55	55
tlm_apply_forward_mod_add_clean	110550741	110551020	279	19	0	20	22
tlm_apply_forward_swap	110551020	110551788	768	256	0	0	0
tlm_apply_forward_fold	110551788	110553405	1617	309	0	55	62
tlm_multiply_gcd_reverse_body	110553405	110559975	6570	1112	4	361	364
tlm_multiply_gcd_reverse_decode	110559975	110559981	6	0	0	0	3
tlm_multiply_gcd_reverse_apply	110559981	110559982	1	0	0	0	0
tlm_apply_forward_mod_add_register	110559982	110564244	4262	579	3	322	325
tlm_apply_forward_mod_add_fold	110564244	110564797	553	55	2	55	55
tlm_apply_forward_mod_add_clean	110564797	110565076	279	19	0	20	22
tlm_apply_forward_swap	110565076	110565844	768	256	0	0	0
tlm_apply_forward_fold	110565844	110567461	1617	309	0	55	62
tlm_multiply_gcd_reverse_body	110567461	110574023	6562	1114	4	360	363
tlm_multiply_gcd_reverse_decode	110574023	110574187	164	19	0	3	8
tlm_multiply_gcd_reverse_apply	110574187	110574188	1	0	0	0	0
tlm_apply_forward_mod_add_register	110574188	110578450	4262	579	3	322	325
tlm_apply_forward_mod_add_fold	110578450	110579003	553	55	2	55	55
tlm_apply_forward_mod_add_clean	110579003	110579282	279	19	0	20	22
tlm_apply_forward_swap	110579282	110580050	768	256	0	0	0
tlm_apply_forward_fold	110580050	110581667	1617	309	0	55	62
tlm_multiply_gcd_reverse_body	110581667	110588305	6638	1122	4	365	368
tlm_multiply_gcd_reverse_decode	110588305	110588311	6	0	0	0	3
tlm_multiply_gcd_reverse_apply	110588311	110588312	1	0	0	0	0
tlm_apply_forward_mod_add_register	110588312	110592574	4262	579	3	322	325
tlm_apply_forward_mod_add_fold	110592574	110593127	553	55	2	55	55
tlm_apply_forward_mod_add_clean	110593127	110593406	279	19	0	20	22
tlm_apply_forward_swap	110593406	110594174	768	256	0	0	0
tlm_apply_forward_fold	110594174	110595791	1617	309	0	55	62
tlm_multiply_gcd_reverse_body	110595791	110602421	6630	1124	4	364	367
tlm_multiply_gcd_reverse_decode	110602421	110602427	6	0	0	0	3
tlm_multiply_gcd_reverse_apply	110602427	110602428	1	0	0	0	0
tlm_apply_forward_mod_add_register	110602428	110606690	4262	579	3	322	325
tlm_apply_forward_mod_add_fold	110606690	110607243	553	55	2	55	55
tlm_apply_forward_mod_add_clean	110607243	110607522	279	19	0	20	22
tlm_apply_forward_swap	110607522	110608290	768	256	0	0	0
tlm_apply_forward_fold	110608290	110609907	1617	309	0	55	62
tlm_multiply_gcd_reverse_body	110609907	110616529	6622	1126	4	363	366
tlm_multiply_gcd_reverse_decode	110616529	110616693	164	19	0	3	8
tlm_multiply_gcd_reverse_apply	110616693	110616694	1	0	0	0	0
tlm_apply_forward_mod_add_register	110616694	110620956	4262	579	3	322	325
tlm_apply_forward_mod_add_fold	110620956	110621509	553	55	2	55	55
tlm_apply_forward_mod_add_clean	110621509	110621788	279	19	0	20	22
tlm_apply_forward_swap	110621788	110622556	768	256	0	0	0
tlm_apply_forward_fold	110622556	110624173	1617	309	0	55	62
tlm_multiply_gcd_reverse_body	110624173	110630725	6552	1121	4	358	361
tlm_multiply_gcd_reverse_decode	110630725	110630731	6	0	0	0	3
tlm_multiply_gcd_reverse_apply	110630731	110630732	1	0	0	0	0
tlm_apply_forward_mod_add_register	110630732	110634681	3949	557	2	300	302
tlm_apply_forward_mod_add_fold	110634681	110635234	553	55	2	55	55
tlm_apply_forward_mod_add_clean	110635234	110635513	279	19	0	20	22
tlm_apply_forward_swap	110635513	110636281	768	256	0	0	0
tlm_apply_forward_fold	110636281	110637898	1617	309	0	55	62
tlm_multiply_gcd_reverse_body	110637898	110644324	6426	1112	4	349	352
tlm_multiply_gcd_reverse_decode	110644324	110644330	6	0	0	0	3
tlm_multiply_gcd_reverse_apply	110644330	110644331	1	0	0	0	0
tlm_apply_forward_mod_add_register	110644331	110648280	3949	557	2	300	302
tlm_apply_forward_mod_add_fold	110648280	110648833	553	55	2	55	55
tlm_apply_forward_mod_add_clean	110648833	110649112	279	19	0	20	22
tlm_apply_forward_swap	110649112	110649880	768	256	0	0	0
tlm_apply_forward_fold	110649880	110651497	1617	309	0	55	62
tlm_multiply_gcd_reverse_body	110651497	110657849	6352	1107	3	344	347
tlm_multiply_gcd_reverse_decode	110657849	110658013	164	19	0	3	8
tlm_multiply_gcd_reverse_apply	110658013	110658014	1	0	0	0	0
tlm_apply_forward_mod_add_register	110658014	110661963	3949	557	2	300	302
tlm_apply_forward_mod_add_fold	110661963	110662516	553	55	2	55	55
tlm_apply_forward_mod_add_clean	110662516	110662795	279	19	0	20	22
tlm_apply_forward_swap	110662795	110663563	768	256	0	0	0
tlm_apply_forward_fold	110663563	110665180	1617	309	0	55	62
tlm_multiply_gcd_reverse_body	110665180	110671518	6338	1106	3	343	346
tlm_multiply_gcd_reverse_decode	110671518	110671524	6	0	0	0	3
tlm_multiply_gcd_reverse_apply	110671524	110671525	1	0	0	0	0
tlm_apply_forward_mod_add_register	110671525	110675474	3949	557	2	300	302
tlm_apply_forward_mod_add_fold	110675474	110676027	553	55	2	55	55
tlm_apply_forward_mod_add_clean	110676027	110676306	279	19	0	20	22
tlm_apply_forward_swap	110676306	110677074	768	256	0	0	0
tlm_apply_forward_fold	110677074	110678691	1617	309	0	55	62
tlm_multiply_gcd_reverse_body	110678691	110685029	6338	1106	3	343	346
tlm_multiply_gcd_reverse_decode	110685029	110685035	6	0	0	0	3
tlm_multiply_gcd_reverse_apply	110685035	110685036	1	0	0	0	0
tlm_apply_forward_mod_add_register	110685036	110688985	3949	557	2	300	302
tlm_apply_forward_mod_add_fold	110688985	110689538	553	55	2	55	55
tlm_apply_forward_mod_add_clean	110689538	110689817	279	19	0	20	22
tlm_apply_forward_swap	110689817	110690585	768	256	0	0	0
tlm_apply_forward_fold	110690585	110692202	1617	309	0	55	62
tlm_multiply_gcd_reverse_body	110692202	110698512	6310	1104	3	341	344
tlm_multiply_gcd_reverse_decode	110698512	110698676	164	19	0	3	8
tlm_multiply_gcd_reverse_apply	110698676	110698677	1	0	0	0	0
tlm_apply_forward_mod_add_register	110698677	110702626	3949	557	2	300	302
tlm_apply_forward_mod_add_fold	110702626	110703179	553	55	2	55	55
tlm_apply_forward_mod_add_clean	110703179	110703458	279	19	0	20	22
tlm_apply_forward_swap	110703458	110704226	768	256	0	0	0
tlm_apply_forward_fold	110704226	110705843	1617	309	0	55	62
tlm_multiply_gcd_reverse_body	110705843	110712139	6296	1103	3	340	343
tlm_multiply_gcd_reverse_decode	110712139	110712145	6	0	0	0	3
tlm_multiply_gcd_reverse_apply	110712145	110712146	1	0	0	0	0
tlm_apply_forward_mod_add_register	110712146	110716095	3949	557	2	300	302
tlm_apply_forward_mod_add_fold	110716095	110716648	553	55	2	55	55
tlm_apply_forward_mod_add_clean	110716648	110716927	279	19	0	20	22
tlm_apply_forward_swap	110716927	110717695	768	256	0	0	0
tlm_apply_forward_fold	110717695	110719312	1617	309	0	55	62
tlm_multiply_gcd_reverse_body	110719312	110725594	6282	1102	3	339	342
tlm_multiply_gcd_reverse_decode	110725594	110725600	6	0	0	0	3
tlm_multiply_gcd_reverse_apply	110725600	110725601	1	0	0	0	0
tlm_apply_forward_mod_add_register	110725601	110729550	3949	557	2	300	302
tlm_apply_forward_mod_add_fold	110729550	110730103	553	55	2	55	55
tlm_apply_forward_mod_add_clean	110730103	110730382	279	19	0	20	22
tlm_apply_forward_swap	110730382	110731150	768	256	0	0	0
tlm_apply_forward_fold	110731150	110732767	1617	309	0	55	62
tlm_multiply_gcd_reverse_body	110732767	110739050	6283	1102	3	339	343
tlm_multiply_gcd_reverse_decode_initial	110739050	110739060	10	1	0	0	3
tlm_multiply_gcd_reverse_apply_initial	110739060	110739061	1	0	0	0	0
tlm_apply_forward_mod_add_register_initial	110739061	110743010	3949	557	2	300	302
tlm_apply_forward_mod_add_fold_initial	110743010	110743563	553	55	2	55	55
tlm_apply_forward_mod_add_clean_initial	110743563	110743842	279	19	0	20	22
tlm_apply_forward_swap_initial	110743842	110744610	768	256	0	0	0
tlm_apply_forward_fold_initial	110744610	110747262	2652	622	4	112	112
tlm_multiply_gcd_reverse_body_initial	110747262	110753726	6464	1334	3	315	319
tlm_gcd_step_end_initial	110753726	110754740	1014	0	0	0	514
window_qrom_recover_load_walk	110754740	144833446	34078706	65534	0	65534	65534
tlm_coord_y_sub_final	144833446	144836726	3280	586	2	75	78
window_recover_controlled_neg	144836726	144841779	5053	493	17	493	494
window_recover_x_add	144841779	144845033	3254	631	2	120	123
window_qrom_recover_unload_measure	144845033	144846057	1024	0	0	512	512
window_qrom_recover_unload_clear	144846057	212091047	67244990	1049	0	0	516
