phase	start	end	ops	ccx	ccz	hmr	reset
tlm_coord_x_sub	0	6608	6608	330	2	331	590
tlm_coord_y_sub	6608	13216	6608	330	2	331	590
tlm_inverse	13216	13722	506	0	0	0	0
tlm_inverse_gcd_forward_shift_initial	13722	15254	1532	509	0	0	0
tlm_inverse_gcd_forward_compare_initial	15254	16020	766	255	0	0	0
tlm_inverse_gcd_forward_body_initial	16020	20404	4384	549	2	294	296
tlm_apply_inverse_fold_initial	20404	23262	2858	624	4	110	112
tlm_apply_inverse_swap_initial	23262	24030	768	256	0	0	0
tlm_apply_inverse_mod_sub_register_initial	24030	29764	5734	648	2	391	392
tlm_apply_inverse_mod_sub_fold_initial	29764	30423	659	55	2	55	55
tlm_apply_inverse_mod_sub_clean_initial	30423	30739	316	19	0	20	22
tlm_inverse_gcd_forward_codec_initial	30739	30748	9	1	0	0	2
tlm_inverse_gcd_forward_shift	30748	31768	1020	254	0	0	0
tlm_inverse_gcd_forward_compare	31768	32862	1094	279	0	23	24
tlm_inverse_gcd_forward_body	32862	37246	4384	549	2	294	296
tlm_apply_inverse_fold	37246	38966	1720	310	0	54	62
tlm_apply_inverse_swap	38966	39734	768	256	0	0	0
tlm_apply_inverse_mod_sub_register	39734	45496	5762	650	2	393	394
tlm_apply_inverse_mod_sub_fold	45496	46155	659	55	2	55	55
tlm_apply_inverse_mod_sub_clean	46155	46471	316	19	0	20	22
tlm_inverse_gcd_forward_codec	46471	46474	3	0	0	0	0
tlm_inverse_gcd_forward_shift	46474	47494	1020	254	0	0	0
tlm_inverse_gcd_forward_compare	47494	48588	1094	279	0	23	24
tlm_inverse_gcd_forward_body	48588	52972	4384	549	2	294	296
tlm_apply_inverse_fold	52972	54692	1720	310	0	54	62
tlm_apply_inverse_swap	54692	55460	768	256	0	0	0
tlm_apply_inverse_mod_sub_register	55460	61264	5804	653	2	396	397
tlm_apply_inverse_mod_sub_fold	61264	61923	659	55	2	55	55
tlm_apply_inverse_mod_sub_clean	61923	62239	316	19	0	20	22
tlm_inverse_gcd_forward_codec	62239	62242	3	0	0	0	0
tlm_inverse_gcd_forward_shift	62242	63262	1020	254	0	0	0
tlm_inverse_gcd_forward_compare	63262	64370	1108	280	0	24	25
tlm_inverse_gcd_forward_body	64370	68754	4384	549	2	294	296
tlm_apply_inverse_fold	68754	70474	1720	310	0	54	62
tlm_apply_inverse_swap	70474	71242	768	256	0	0	0
tlm_apply_inverse_mod_sub_register	71242	77088	5846	656	2	399	400
tlm_apply_inverse_mod_sub_fold	77088	77747	659	55	2	55	55
tlm_apply_inverse_mod_sub_clean	77747	78063	316	19	0	20	22
tlm_inverse_gcd_forward_codec	78063	78230	167	16	0	4	7
tlm_inverse_gcd_forward_shift	78230	79250	1020	254	0	0	0
tlm_inverse_gcd_forward_compare	79250	80372	1122	281	0	25	26
tlm_inverse_gcd_forward_body	80372	84756	4384	549	2	294	296
tlm_apply_inverse_fold	84756	86476	1720	310	0	54	62
tlm_apply_inverse_swap	86476	87244	768	256	0	0	0
tlm_apply_inverse_mod_sub_register	87244	93104	5860	657	2	400	401
tlm_apply_inverse_mod_sub_fold	93104	93763	659	55	2	55	55
tlm_apply_inverse_mod_sub_clean	93763	94079	316	19	0	20	22
tlm_inverse_gcd_forward_codec	94079	94082	3	0	0	0	0
tlm_inverse_gcd_forward_shift	94082	95102	1020	254	0	0	0
tlm_inverse_gcd_forward_compare	95102	96252	1150	283	0	27	28
tlm_inverse_gcd_forward_body	96252	100636	4384	549	2	294	296
tlm_apply_inverse_fold	100636	102356	1720	310	0	54	62
tlm_apply_inverse_swap	102356	103124	768	256	0	0	0
tlm_apply_inverse_mod_sub_register	103124	109026	5902	660	2	403	404
tlm_apply_inverse_mod_sub_fold	109026	109685	659	55	2	55	55
tlm_apply_inverse_mod_sub_clean	109685	110001	316	19	0	20	22
tlm_inverse_gcd_forward_codec	110001	110004	3	0	0	0	0
tlm_inverse_gcd_forward_shift	110004	111024	1020	254	0	0	0
tlm_inverse_gcd_forward_compare	111024	112174	1150	283	0	27	28
tlm_inverse_gcd_forward_body	112174	116558	4384	549	2	294	296
tlm_apply_inverse_fold	116558	118278	1720	310	0	54	62
tlm_apply_inverse_swap	118278	119046	768	256	0	0	0
tlm_apply_inverse_mod_sub_register	119046	124990	5944	663	2	406	407
tlm_apply_inverse_mod_sub_fold	124990	125649	659	55	2	55	55
tlm_apply_inverse_mod_sub_clean	125649	125965	316	19	0	20	22
tlm_inverse_gcd_forward_codec	125965	126132	167	16	0	4	7
tlm_inverse_gcd_forward_shift	126132	127152	1020	254	0	0	0
tlm_inverse_gcd_forward_compare	127152	128316	1164	284	0	28	29
tlm_inverse_gcd_forward_body	128316	132700	4384	549	2	294	296
tlm_apply_inverse_fold	132700	134420	1720	310	0	54	62
tlm_apply_inverse_swap	134420	135188	768	256	0	0	0
tlm_apply_inverse_mod_sub_register	135188	141146	5958	664	2	407	408
tlm_apply_inverse_mod_sub_fold	141146	141805	659	55	2	55	55
tlm_apply_inverse_mod_sub_clean	141805	142121	316	19	0	20	22
tlm_inverse_gcd_forward_codec	142121	142124	3	0	0	0	0
tlm_inverse_gcd_forward_shift	142124	143144	1020	254	0	0	0
tlm_inverse_gcd_forward_compare	143144	144336	1192	286	0	30	31
tlm_inverse_gcd_forward_body	144336	148720	4384	549	2	294	296
tlm_apply_inverse_fold	148720	150440	1720	310	0	54	62
tlm_apply_inverse_swap	150440	151208	768	256	0	0	0
tlm_apply_inverse_mod_sub_register	151208	157208	6000	667	2	410	411
tlm_apply_inverse_mod_sub_fold	157208	157867	659	55	2	55	55
tlm_apply_inverse_mod_sub_clean	157867	158183	316	19	0	20	22
tlm_inverse_gcd_forward_codec	158183	158186	3	0	0	0	0
tlm_inverse_gcd_forward_shift	158186	159206	1020	254	0	0	0
tlm_inverse_gcd_forward_compare	159206	160398	1192	286	0	30	31
tlm_inverse_gcd_forward_body	160398	164782	4384	549	2	294	296
tlm_apply_inverse_fold	164782	166502	1720	310	0	54	62
tlm_apply_inverse_swap	166502	167270	768	256	0	0	0
tlm_apply_inverse_mod_sub_register	167270	173312	6042	670	2	413	414
tlm_apply_inverse_mod_sub_fold	173312	173971	659	55	2	55	55
tlm_apply_inverse_mod_sub_clean	173971	174287	316	19	0	20	22
tlm_inverse_gcd_forward_codec	174287	174454	167	16	0	4	7
tlm_inverse_gcd_forward_shift	174454	175474	1020	254	0	0	0
tlm_inverse_gcd_forward_compare	175474	176694	1220	288	0	32	33
tlm_inverse_gcd_forward_body	176694	181078	4384	549	2	294	296
tlm_apply_inverse_fold	181078	182798	1720	310	0	54	62
tlm_apply_inverse_swap	182798	183566	768	256	0	0	0
tlm_apply_inverse_mod_sub_register	183566	189622	6056	671	2	414	415
tlm_apply_inverse_mod_sub_fold	189622	190281	659	55	2	55	55
tlm_apply_inverse_mod_sub_clean	190281	190597	316	19	0	20	22
tlm_inverse_gcd_forward_codec	190597	190600	3	0	0	0	0
tlm_inverse_gcd_forward_shift	190600	191618	1018	253	0	0	2
tlm_inverse_gcd_forward_compare	191618	192835	1217	287	0	32	33
tlm_inverse_gcd_forward_body	192835	197204	4369	547	2	293	295
tlm_apply_inverse_fold	197204	198924	1720	310	0	54	62
tlm_apply_inverse_swap	198924	199692	768	256	0	0	0
tlm_apply_inverse_mod_sub_register	199692	205762	6070	672	2	415	416
tlm_apply_inverse_mod_sub_fold	205762	206421	659	55	2	55	55
tlm_apply_inverse_mod_sub_clean	206421	206737	316	19	0	20	22
tlm_inverse_gcd_forward_codec	206737	206740	3	0	0	0	0
tlm_inverse_gcd_forward_shift	206740	207754	1014	252	0	0	2
tlm_inverse_gcd_forward_compare	207754	208968	1214	286	0	32	33
tlm_inverse_gcd_forward_body	208968	213322	4354	545	2	292	294
tlm_apply_inverse_fold	213322	215042	1720	310	0	54	62
tlm_apply_inverse_swap	215042	215810	768	256	0	0	0
tlm_apply_inverse_mod_sub_register	215810	220271	4461	557	2	300	302
tlm_apply_inverse_mod_sub_fold	220271	220930	659	55	2	55	55
tlm_apply_inverse_mod_sub_clean	220930	221246	316	19	0	20	22
tlm_inverse_gcd_forward_codec	221246	221413	167	16	0	4	7
tlm_inverse_gcd_forward_shift	221413	222423	1010	251	0	0	2
tlm_inverse_gcd_forward_compare	222423	223634	1211	285	0	32	33
tlm_inverse_gcd_forward_body	223634	227973	4339	543	2	291	293
tlm_apply_inverse_fold	227973	229693	1720	310	0	54	62
tlm_apply_inverse_swap	229693	230461	768	256	0	0	0
tlm_apply_inverse_mod_sub_register	230461	234922	4461	557	2	300	302
tlm_apply_inverse_mod_sub_fold	234922	235581	659	55	2	55	55
tlm_apply_inverse_mod_sub_clean	235581	235897	316	19	0	20	22
tlm_inverse_gcd_forward_codec	235897	235900	3	0	0	0	0
tlm_inverse_gcd_forward_shift	235900	236906	1006	250	0	0	2
tlm_inverse_gcd_forward_compare	236906	238114	1208	284	0	32	33
tlm_inverse_gcd_forward_body	238114	242438	4324	541	2	290	292
tlm_apply_inverse_fold	242438	244158	1720	310	0	54	62
tlm_apply_inverse_swap	244158	244926	768	256	0	0	0
tlm_apply_inverse_mod_sub_register	244926	249387	4461	557	2	300	302
tlm_apply_inverse_mod_sub_fold	249387	250046	659	55	2	55	55
tlm_apply_inverse_mod_sub_clean	250046	250362	316	19	0	20	22
tlm_inverse_gcd_forward_codec	250362	250365	3	0	0	0	0
tlm_inverse_gcd_forward_shift	250365	251367	1002	249	0	0	2
tlm_inverse_gcd_forward_compare	251367	252572	1205	283	0	32	33
tlm_inverse_gcd_forward_body	252572	256881	4309	539	2	289	291
tlm_apply_inverse_fold	256881	258601	1720	310	0	54	62
tlm_apply_inverse_swap	258601	259369	768	256	0	0	0
tlm_apply_inverse_mod_sub_register	259369	263830	4461	557	2	300	302
tlm_apply_inverse_mod_sub_fold	263830	264489	659	55	2	55	55
tlm_apply_inverse_mod_sub_clean	264489	264805	316	19	0	20	22
tlm_inverse_gcd_forward_codec	264805	264972	167	16	0	4	7
tlm_inverse_gcd_forward_shift	264972	265970	998	248	0	0	2
tlm_inverse_gcd_forward_compare	265970	267186	1216	283	0	33	34
tlm_inverse_gcd_forward_body	267186	271480	4294	537	2	288	290
tlm_apply_inverse_fold	271480	273200	1720	310	0	54	62
tlm_apply_inverse_swap	273200	273968	768	256	0	0	0
tlm_apply_inverse_mod_sub_register	273968	278429	4461	557	2	300	302
tlm_apply_inverse_mod_sub_fold	278429	279088	659	55	2	55	55
tlm_apply_inverse_mod_sub_clean	279088	279404	316	19	0	20	22
tlm_inverse_gcd_forward_codec	279404	279407	3	0	0	0	0
tlm_inverse_gcd_forward_shift	279407	280401	994	247	0	0	2
tlm_inverse_gcd_forward_compare	280401	281614	1213	282	0	33	34
tlm_inverse_gcd_forward_body	281614	285893	4279	535	2	287	289
tlm_apply_inverse_fold	285893	287613	1720	310	0	54	62
tlm_apply_inverse_swap	287613	288381	768	256	0	0	0
tlm_apply_inverse_mod_sub_register	288381	292842	4461	557	2	300	302
tlm_apply_inverse_mod_sub_fold	292842	293501	659	55	2	55	55
tlm_apply_inverse_mod_sub_clean	293501	293817	316	19	0	20	22
tlm_inverse_gcd_forward_codec	293817	293820	3	0	0	0	0
tlm_inverse_gcd_forward_shift	293820	294810	990	246	0	0	2
tlm_inverse_gcd_forward_compare	294810	296006	1196	280	0	32	33
tlm_inverse_gcd_forward_body	296006	300270	4264	533	2	286	288
tlm_apply_inverse_fold	300270	301990	1720	310	0	54	62
tlm_apply_inverse_swap	301990	302758	768	256	0	0	0
tlm_apply_inverse_mod_sub_register	302758	307219	4461	557	2	300	302
tlm_apply_inverse_mod_sub_fold	307219	307878	659	55	2	55	55
tlm_apply_inverse_mod_sub_clean	307878	308194	316	19	0	20	22
tlm_inverse_gcd_forward_codec	308194	308361	167	16	0	4	7
tlm_inverse_gcd_forward_shift	308361	309347	986	245	0	0	2
tlm_inverse_gcd_forward_compare	309347	310554	1207	280	0	33	34
tlm_inverse_gcd_forward_body	310554	314803	4249	531	2	285	287
tlm_apply_inverse_fold	314803	316523	1720	310	0	54	62
tlm_apply_inverse_swap	316523	317291	768	256	0	0	0
tlm_apply_inverse_mod_sub_register	317291	321752	4461	557	2	300	302
tlm_apply_inverse_mod_sub_fold	321752	322411	659	55	2	55	55
tlm_apply_inverse_mod_sub_clean	322411	322727	316	19	0	20	22
tlm_inverse_gcd_forward_codec	322727	322730	3	0	0	0	0
tlm_inverse_gcd_forward_shift	322730	323712	982	244	0	0	2
tlm_inverse_gcd_forward_compare	323712	324916	1204	279	0	33	34
tlm_inverse_gcd_forward_body	324916	329150	4234	529	2	284	286
tlm_apply_inverse_fold	329150	330870	1720	310	0	54	62
tlm_apply_inverse_swap	330870	331638	768	256	0	0	0
tlm_apply_inverse_mod_sub_register	331638	336099	4461	557	2	300	302
tlm_apply_inverse_mod_sub_fold	336099	336758	659	55	2	55	55
tlm_apply_inverse_mod_sub_clean	336758	337074	316	19	0	20	22
tlm_inverse_gcd_forward_codec	337074	337077	3	0	0	0	0
tlm_inverse_gcd_forward_shift	337077	338055	978	243	0	0	2
tlm_inverse_gcd_forward_compare	338055	339256	1201	278	0	33	34
tlm_inverse_gcd_forward_body	339256	343475	4219	527	2	283	285
tlm_apply_inverse_fold	343475	345195	1720	310	0	54	62
tlm_apply_inverse_swap	345195	345963	768	256	0	0	0
tlm_apply_inverse_mod_sub_register	345963	350424	4461	557	2	300	302
tlm_apply_inverse_mod_sub_fold	350424	351083	659	55	2	55	55
tlm_apply_inverse_mod_sub_clean	351083	351399	316	19	0	20	22
tlm_inverse_gcd_forward_codec	351399	351566	167	16	0	4	7
tlm_inverse_gcd_forward_shift	351566	352540	974	242	0	0	2
tlm_inverse_gcd_forward_compare	352540	353724	1184	276	0	32	33
tlm_inverse_gcd_forward_body	353724	357928	4204	525	2	282	284
tlm_apply_inverse_fold	357928	359648	1720	310	0	54	62
tlm_apply_inverse_swap	359648	360416	768	256	0	0	0
tlm_apply_inverse_mod_sub_register	360416	364877	4461	557	2	300	302
tlm_apply_inverse_mod_sub_fold	364877	365536	659	55	2	55	55
tlm_apply_inverse_mod_sub_clean	365536	365852	316	19	0	20	22
tlm_inverse_gcd_forward_codec	365852	365855	3	0	0	0	0
tlm_inverse_gcd_forward_shift	365855	366825	970	241	0	0	2
tlm_inverse_gcd_forward_compare	366825	368034	1209	277	0	34	35
tlm_inverse_gcd_forward_body	368034	372223	4189	523	2	281	283
tlm_apply_inverse_fold	372223	373943	1720	310	0	54	62
tlm_apply_inverse_swap	373943	374711	768	256	0	0	0
tlm_apply_inverse_mod_sub_register	374711	379172	4461	557	2	300	302
tlm_apply_inverse_mod_sub_fold	379172	379831	659	55	2	55	55
tlm_apply_inverse_mod_sub_clean	379831	380147	316	19	0	20	22
tlm_inverse_gcd_forward_codec	380147	380150	3	0	0	0	0
tlm_inverse_gcd_forward_shift	380150	381116	966	240	0	0	2
tlm_inverse_gcd_forward_compare	381116	382322	1206	276	0	34	35
tlm_inverse_gcd_forward_body	382322	386496	4174	521	2	280	282
tlm_apply_inverse_fold	386496	388216	1720	310	0	54	62
tlm_apply_inverse_swap	388216	388984	768	256	0	0	0
tlm_apply_inverse_mod_sub_register	388984	393445	4461	557	2	300	302
tlm_apply_inverse_mod_sub_fold	393445	394104	659	55	2	55	55
tlm_apply_inverse_mod_sub_clean	394104	394420	316	19	0	20	22
tlm_inverse_gcd_forward_codec	394420	394587	167	16	0	4	7
tlm_inverse_gcd_forward_shift	394587	395549	962	239	0	0	2
tlm_inverse_gcd_forward_compare	395549	396738	1189	274	0	33	34
tlm_inverse_gcd_forward_body	396738	400897	4159	519	2	279	281
tlm_apply_inverse_fold	400897	402617	1720	310	0	54	62
tlm_apply_inverse_swap	402617	403385	768	256	0	0	0
tlm_apply_inverse_mod_sub_register	403385	407846	4461	557	2	300	302
tlm_apply_inverse_mod_sub_fold	407846	408505	659	55	2	55	55
tlm_apply_inverse_mod_sub_clean	408505	408821	316	19	0	20	22
tlm_inverse_gcd_forward_codec	408821	408824	3	0	0	0	0
tlm_inverse_gcd_forward_shift	408824	409782	958	238	0	0	2
tlm_inverse_gcd_forward_compare	409782	410968	1186	273	0	33	34
tlm_inverse_gcd_forward_body	410968	415112	4144	517	2	278	280
tlm_apply_inverse_fold	415112	416832	1720	310	0	54	62
tlm_apply_inverse_swap	416832	417600	768	256	0	0	0
tlm_apply_inverse_mod_sub_register	417600	422061	4461	557	2	300	302
tlm_apply_inverse_mod_sub_fold	422061	422720	659	55	2	55	55
tlm_apply_inverse_mod_sub_clean	422720	423036	316	19	0	20	22
tlm_inverse_gcd_forward_codec	423036	423039	3	0	0	0	0
tlm_inverse_gcd_forward_shift	423039	423993	954	237	0	0	2
tlm_inverse_gcd_forward_compare	423993	425190	1197	273	0	34	35
tlm_inverse_gcd_forward_body	425190	429319	4129	515	2	277	279
tlm_apply_inverse_fold	429319	431039	1720	310	0	54	62
tlm_apply_inverse_swap	431039	431807	768	256	0	0	0
tlm_apply_inverse_mod_sub_register	431807	436268	4461	557	2	300	302
tlm_apply_inverse_mod_sub_fold	436268	436927	659	55	2	55	55
tlm_apply_inverse_mod_sub_clean	436927	437243	316	19	0	20	22
tlm_inverse_gcd_forward_codec	437243	437410	167	16	0	4	7
tlm_inverse_gcd_forward_shift	437410	438360	950	236	0	0	2
tlm_inverse_gcd_forward_compare	438360	439540	1180	271	0	33	34
tlm_inverse_gcd_forward_body	439540	443654	4114	513	2	276	278
tlm_apply_inverse_fold	443654	445374	1720	310	0	54	62
tlm_apply_inverse_swap	445374	446142	768	256	0	0	0
tlm_apply_inverse_mod_sub_register	446142	450603	4461	557	2	300	302
tlm_apply_inverse_mod_sub_fold	450603	451262	659	55	2	55	55
tlm_apply_inverse_mod_sub_clean	451262	451578	316	19	0	20	22
tlm_inverse_gcd_forward_codec	451578	451581	3	0	0	0	0
tlm_inverse_gcd_forward_shift	451581	452527	946	235	0	0	2
tlm_inverse_gcd_forward_compare	452527	453704	1177	270	0	33	34
tlm_inverse_gcd_forward_body	453704	457803	4099	511	2	275	277
tlm_apply_inverse_fold	457803	459523	1720	310	0	54	62
tlm_apply_inverse_swap	459523	460291	768	256	0	0	0
tlm_apply_inverse_mod_sub_register	460291	464752	4461	557	2	300	302
tlm_apply_inverse_mod_sub_fold	464752	465411	659	55	2	55	55
tlm_apply_inverse_mod_sub_clean	465411	465727	316	19	0	20	22
tlm_inverse_gcd_forward_codec	465727	465730	3	0	0	0	0
tlm_inverse_gcd_forward_shift	465730	466672	942	234	0	0	2
tlm_inverse_gcd_forward_compare	466672	467874	1202	271	0	35	36
tlm_inverse_gcd_forward_body	467874	471958	4084	509	2	274	276
tlm_apply_inverse_fold	471958	473678	1720	310	0	54	62
tlm_apply_inverse_swap	473678	474446	768	256	0	0	0
tlm_apply_inverse_mod_sub_register	474446	478907	4461	557	2	300	302
tlm_apply_inverse_mod_sub_fold	478907	479566	659	55	2	55	55
tlm_apply_inverse_mod_sub_clean	479566	479882	316	19	0	20	22
tlm_inverse_gcd_forward_codec	479882	480049	167	16	0	4	7
tlm_inverse_gcd_forward_shift	480049	480987	938	233	0	0	2
tlm_inverse_gcd_forward_compare	480987	482158	1171	268	0	33	34
tlm_inverse_gcd_forward_body	482158	486227	4069	507	2	273	275
tlm_apply_inverse_fold	486227	487947	1720	310	0	54	62
tlm_apply_inverse_swap	487947	488715	768	256	0	0	0
tlm_apply_inverse_mod_sub_register	488715	493176	4461	557	2	300	302
tlm_apply_inverse_mod_sub_fold	493176	493835	659	55	2	55	55
tlm_apply_inverse_mod_sub_clean	493835	494151	316	19	0	20	22
tlm_inverse_gcd_forward_codec	494151	494154	3	0	0	0	0
tlm_inverse_gcd_forward_shift	494154	495088	934	232	0	0	2
tlm_inverse_gcd_forward_compare	495088	496270	1182	268	0	34	35
tlm_inverse_gcd_forward_body	496270	500324	4054	505	2	272	274
tlm_apply_inverse_fold	500324	502044	1720	310	0	54	62
tlm_apply_inverse_swap	502044	502812	768	256	0	0	0
tlm_apply_inverse_mod_sub_register	502812	507273	4461	557	2	300	302
tlm_apply_inverse_mod_sub_fold	507273	507932	659	55	2	55	55
tlm_apply_inverse_mod_sub_clean	507932	508248	316	19	0	20	22
tlm_inverse_gcd_forward_codec	508248	508251	3	0	0	0	0
tlm_inverse_gcd_forward_shift	508251	509181	930	231	0	0	2
tlm_inverse_gcd_forward_compare	509181	510360	1179	267	0	34	35
tlm_inverse_gcd_forward_body	510360	514399	4039	503	2	271	273
tlm_apply_inverse_fold	514399	516119	1720	310	0	54	62
tlm_apply_inverse_swap	516119	516887	768	256	0	0	0
tlm_apply_inverse_mod_sub_register	516887	521348	4461	557	2	300	302
tlm_apply_inverse_mod_sub_fold	521348	522007	659	55	2	55	55
tlm_apply_inverse_mod_sub_clean	522007	522323	316	19	0	20	22
tlm_inverse_gcd_forward_codec	522323	522490	167	16	0	4	7
tlm_inverse_gcd_forward_shift	522490	523416	926	230	0	0	2
tlm_inverse_gcd_forward_compare	523416	524592	1176	266	0	34	35
tlm_inverse_gcd_forward_body	524592	528616	4024	501	2	270	272
tlm_apply_inverse_fold	528616	530336	1720	310	0	54	62
tlm_apply_inverse_swap	530336	531104	768	256	0	0	0
tlm_apply_inverse_mod_sub_register	531104	535565	4461	557	2	300	302
tlm_apply_inverse_mod_sub_fold	535565	536224	659	55	2	55	55
tlm_apply_inverse_mod_sub_clean	536224	536540	316	19	0	20	22
tlm_inverse_gcd_forward_codec	536540	536543	3	0	0	0	0
tlm_inverse_gcd_forward_shift	536543	537465	922	229	0	0	2
tlm_inverse_gcd_forward_compare	537465	538638	1173	265	0	34	35
tlm_inverse_gcd_forward_body	538638	542647	4009	499	2	269	271
tlm_apply_inverse_fold	542647	544367	1720	310	0	54	62
tlm_apply_inverse_swap	544367	545135	768	256	0	0	0
tlm_apply_inverse_mod_sub_register	545135	549596	4461	557	2	300	302
tlm_apply_inverse_mod_sub_fold	549596	550255	659	55	2	55	55
tlm_apply_inverse_mod_sub_clean	550255	550571	316	19	0	20	22
tlm_inverse_gcd_forward_codec	550571	550574	3	0	0	0	0
tlm_inverse_gcd_forward_shift	550574	551492	918	228	0	0	2
tlm_inverse_gcd_forward_compare	551492	552676	1184	265	0	35	36
tlm_inverse_gcd_forward_body	552676	556670	3994	497	2	268	270
tlm_apply_inverse_fold	556670	558390	1720	310	0	54	62
tlm_apply_inverse_swap	558390	559158	768	256	0	0	0
tlm_apply_inverse_mod_sub_register	559158	563619	4461	557	2	300	302
tlm_apply_inverse_mod_sub_fold	563619	564278	659	55	2	55	55
tlm_apply_inverse_mod_sub_clean	564278	564594	316	19	0	20	22
tlm_inverse_gcd_forward_codec	564594	564761	167	16	0	4	7
tlm_inverse_gcd_forward_shift	564761	565675	914	227	0	0	2
tlm_inverse_gcd_forward_compare	565675	566842	1167	263	0	34	35
tlm_inverse_gcd_forward_body	566842	570821	3979	495	2	267	269
tlm_apply_inverse_fold	570821	572541	1720	310	0	54	62
tlm_apply_inverse_swap	572541	573309	768	256	0	0	0
tlm_apply_inverse_mod_sub_register	573309	577770	4461	557	2	300	302
tlm_apply_inverse_mod_sub_fold	577770	578429	659	55	2	55	55
tlm_apply_inverse_mod_sub_clean	578429	578745	316	19	0	20	22
tlm_inverse_gcd_forward_codec	578745	578748	3	0	0	0	0
tlm_inverse_gcd_forward_shift	578748	579658	910	226	0	0	2
tlm_inverse_gcd_forward_compare	579658	580836	1178	263	0	35	36
tlm_inverse_gcd_forward_body	580836	584800	3964	493	2	266	268
tlm_apply_inverse_fold	584800	586520	1720	310	0	54	62
tlm_apply_inverse_swap	586520	587288	768	256	0	0	0
tlm_apply_inverse_mod_sub_register	587288	591749	4461	557	2	300	302
tlm_apply_inverse_mod_sub_fold	591749	592408	659	55	2	55	55
tlm_apply_inverse_mod_sub_clean	592408	592724	316	19	0	20	22
tlm_inverse_gcd_forward_codec	592724	592727	3	0	0	0	0
tlm_inverse_gcd_forward_shift	592727	593633	906	225	0	0	2
tlm_inverse_gcd_forward_compare	593633	594808	1175	262	0	35	36
tlm_inverse_gcd_forward_body	594808	598757	3949	491	2	265	267
tlm_apply_inverse_fold	598757	600477	1720	310	0	54	62
tlm_apply_inverse_swap	600477	601245	768	256	0	0	0
tlm_apply_inverse_mod_sub_register	601245	605706	4461	557	2	300	302
tlm_apply_inverse_mod_sub_fold	605706	606365	659	55	2	55	55
tlm_apply_inverse_mod_sub_clean	606365	606681	316	19	0	20	22
tlm_inverse_gcd_forward_codec	606681	606848	167	16	0	4	7
tlm_inverse_gcd_forward_shift	606848	607750	902	224	0	0	2
tlm_inverse_gcd_forward_compare	607750	608922	1172	261	0	35	36
tlm_inverse_gcd_forward_body	608922	612856	3934	489	2	264	266
tlm_apply_inverse_fold	612856	614576	1720	310	0	54	62
tlm_apply_inverse_swap	614576	615344	768	256	0	0	0
tlm_apply_inverse_mod_sub_register	615344	619805	4461	557	2	300	302
tlm_apply_inverse_mod_sub_fold	619805	620464	659	55	2	55	55
tlm_apply_inverse_mod_sub_clean	620464	620780	316	19	0	20	22
tlm_inverse_gcd_forward_codec	620780	620783	3	0	0	0	0
tlm_inverse_gcd_forward_shift	620783	621681	898	223	0	0	2
tlm_inverse_gcd_forward_compare	621681	622836	1155	259	0	34	35
tlm_inverse_gcd_forward_body	622836	626755	3919	487	2	263	265
tlm_apply_inverse_fold	626755	628475	1720	310	0	54	62
tlm_apply_inverse_swap	628475	629243	768	256	0	0	0
tlm_apply_inverse_mod_sub_register	629243	633704	4461	557	2	300	302
tlm_apply_inverse_mod_sub_fold	633704	634363	659	55	2	55	55
tlm_apply_inverse_mod_sub_clean	634363	634679	316	19	0	20	22
tlm_inverse_gcd_forward_codec	634679	634682	3	0	0	0	0
tlm_inverse_gcd_forward_shift	634682	635576	894	222	0	0	2
tlm_inverse_gcd_forward_compare	635576	636742	1166	259	0	35	36
tlm_inverse_gcd_forward_body	636742	640646	3904	485	2	262	264
tlm_apply_inverse_fold	640646	642366	1720	310	0	54	62
tlm_apply_inverse_swap	642366	643134	768	256	0	0	0
tlm_apply_inverse_mod_sub_register	643134	647595	4461	557	2	300	302
tlm_apply_inverse_mod_sub_fold	647595	648254	659	55	2	55	55
tlm_apply_inverse_mod_sub_clean	648254	648570	316	19	0	20	22
tlm_inverse_gcd_forward_codec	648570	648737	167	16	0	4	7
tlm_inverse_gcd_forward_shift	648737	649627	890	221	0	0	2
tlm_inverse_gcd_forward_compare	649627	650790	1163	258	0	35	36
tlm_inverse_gcd_forward_body	650790	654679	3889	483	2	261	263
tlm_apply_inverse_fold	654679	656399	1720	310	0	54	62
tlm_apply_inverse_swap	656399	657167	768	256	0	0	0
tlm_apply_inverse_mod_sub_register	657167	661628	4461	557	2	300	302
tlm_apply_inverse_mod_sub_fold	661628	662287	659	55	2	55	55
tlm_apply_inverse_mod_sub_clean	662287	662603	316	19	0	20	22
tlm_inverse_gcd_forward_codec	662603	662606	3	0	0	0	0
tlm_inverse_gcd_forward_shift	662606	663492	886	220	0	0	2
tlm_inverse_gcd_forward_compare	663492	664652	1160	257	0	35	36
tlm_inverse_gcd_forward_body	664652	668526	3874	481	2	260	262
tlm_apply_inverse_fold	668526	670246	1720	310	0	54	62
tlm_apply_inverse_swap	670246	671014	768	256	0	0	0
tlm_apply_inverse_mod_sub_register	671014	675475	4461	557	2	300	302
tlm_apply_inverse_mod_sub_fold	675475	676134	659	55	2	55	55
tlm_apply_inverse_mod_sub_clean	676134	676450	316	19	0	20	22
tlm_inverse_gcd_forward_codec	676450	676453	3	0	0	0	0
tlm_inverse_gcd_forward_shift	676453	677335	882	219	0	0	2
tlm_inverse_gcd_forward_compare	677335	678492	1157	256	0	35	36
tlm_inverse_gcd_forward_body	678492	682351	3859	479	2	259	261
tlm_apply_inverse_fold	682351	684071	1720	310	0	54	62
tlm_apply_inverse_swap	684071	684839	768	256	0	0	0
tlm_apply_inverse_mod_sub_register	684839	689613	4774	579	3	322	325
tlm_apply_inverse_mod_sub_fold	689613	690272	659	55	2	55	55
tlm_apply_inverse_mod_sub_clean	690272	690588	316	19	0	20	22
tlm_inverse_gcd_forward_codec	690588	690755	167	16	0	4	7
tlm_inverse_gcd_forward_shift	690755	691633	878	218	0	0	2
tlm_inverse_gcd_forward_compare	691633	692801	1168	256	0	36	37
tlm_inverse_gcd_forward_body	692801	696645	3844	477	2	258	260
tlm_apply_inverse_fold	696645	698365	1720	310	0	54	62
tlm_apply_inverse_swap	698365	699133	768	256	0	0	0
tlm_apply_inverse_mod_sub_register	699133	703594	4461	557	2	300	302
tlm_apply_inverse_mod_sub_fold	703594	704253	659	55	2	55	55
tlm_apply_inverse_mod_sub_clean	704253	704569	316	19	0	20	22
tlm_inverse_gcd_forward_codec	704569	704572	3	0	0	0	0
tlm_inverse_gcd_forward_shift	704572	705446	874	217	0	0	2
tlm_inverse_gcd_forward_compare	705446	706597	1151	254	0	35	36
tlm_inverse_gcd_forward_body	706597	710426	3829	475	2	257	259
tlm_apply_inverse_fold	710426	712146	1720	310	0	54	62
tlm_apply_inverse_swap	712146	712914	768	256	0	0	0
tlm_apply_inverse_mod_sub_register	712914	717688	4774	579	3	322	325
tlm_apply_inverse_mod_sub_fold	717688	718347	659	55	2	55	55
tlm_apply_inverse_mod_sub_clean	718347	718663	316	19	0	20	22
tlm_inverse_gcd_forward_codec	718663	718666	3	0	0	0	0
tlm_inverse_gcd_forward_shift	718666	719536	870	216	0	0	2
tlm_inverse_gcd_forward_compare	719536	720698	1162	254	0	36	37
tlm_inverse_gcd_forward_body	720698	724512	3814	473	2	256	258
tlm_apply_inverse_fold	724512	726232	1720	310	0	54	62
tlm_apply_inverse_swap	726232	727000	768	256	0	0	0
tlm_apply_inverse_mod_sub_register	727000	731774	4774	579	3	322	325
tlm_apply_inverse_mod_sub_fold	731774	732433	659	55	2	55	55
tlm_apply_inverse_mod_sub_clean	732433	732749	316	19	0	20	22
tlm_inverse_gcd_forward_codec	732749	732916	167	16	0	4	7
tlm_inverse_gcd_forward_shift	732916	733782	866	215	0	0	2
tlm_inverse_gcd_forward_compare	733782	734927	1145	252	0	35	36
tlm_inverse_gcd_forward_body	734927	738726	3799	471	2	255	257
tlm_apply_inverse_fold	738726	740446	1720	310	0	54	62
tlm_apply_inverse_swap	740446	741214	768	256	0	0	0
tlm_apply_inverse_mod_sub_register	741214	745988	4774	579	3	322	325
tlm_apply_inverse_mod_sub_fold	745988	746647	659	55	2	55	55
tlm_apply_inverse_mod_sub_clean	746647	746963	316	19	0	20	22
tlm_inverse_gcd_forward_codec	746963	746966	3	0	0	0	0
tlm_inverse_gcd_forward_shift	746966	747828	862	214	0	0	2
tlm_inverse_gcd_forward_compare	747828	748984	1156	252	0	36	37
tlm_inverse_gcd_forward_body	748984	752768	3784	469	2	254	256
tlm_apply_inverse_fold	752768	754488	1720	310	0	54	62
tlm_apply_inverse_swap	754488	755256	768	256	0	0	0
tlm_apply_inverse_mod_sub_register	755256	760030	4774	579	3	322	325
tlm_apply_inverse_mod_sub_fold	760030	760689	659	55	2	55	55
tlm_apply_inverse_mod_sub_clean	760689	761005	316	19	0	20	22
tlm_inverse_gcd_forward_codec	761005	761008	3	0	0	0	0
tlm_inverse_gcd_forward_shift	761008	761866	858	213	0	0	2
tlm_inverse_gcd_forward_compare	761866	763019	1153	251	0	36	37
tlm_inverse_gcd_forward_body	763019	766788	3769	467	2	253	255
tlm_apply_inverse_fold	766788	768508	1720	310	0	54	62
tlm_apply_inverse_swap	768508	769276	768	256	0	0	0
tlm_apply_inverse_mod_sub_register	769276	774050	4774	579	3	322	325
tlm_apply_inverse_mod_sub_fold	774050	774709	659	55	2	55	55
tlm_apply_inverse_mod_sub_clean	774709	775025	316	19	0	20	22
tlm_inverse_gcd_forward_codec	775025	775192	167	16	0	4	7
tlm_inverse_gcd_forward_shift	775192	776046	854	212	0	0	2
tlm_inverse_gcd_forward_compare	776046	777196	1150	250	0	36	37
tlm_inverse_gcd_forward_body	777196	780950	3754	465	2	252	254
tlm_apply_inverse_fold	780950	782670	1720	310	0	54	62
tlm_apply_inverse_swap	782670	783438	768	256	0	0	0
tlm_apply_inverse_mod_sub_register	783438	788212	4774	579	3	322	325
tlm_apply_inverse_mod_sub_fold	788212	788871	659	55	2	55	55
tlm_apply_inverse_mod_sub_clean	788871	789187	316	19	0	20	22
tlm_inverse_gcd_forward_codec	789187	789190	3	0	0	0	0
tlm_inverse_gcd_forward_shift	789190	790040	850	211	0	0	2
tlm_inverse_gcd_forward_compare	790040	791187	1147	249	0	36	37
tlm_inverse_gcd_forward_body	791187	794926	3739	463	2	251	253
tlm_apply_inverse_fold	794926	796646	1720	310	0	54	62
tlm_apply_inverse_swap	796646	797414	768	256	0	0	0
tlm_apply_inverse_mod_sub_register	797414	802188	4774	579	3	322	325
tlm_apply_inverse_mod_sub_fold	802188	802847	659	55	2	55	55
tlm_apply_inverse_mod_sub_clean	802847	803163	316	19	0	20	22
tlm_inverse_gcd_forward_codec	803163	803166	3	0	0	0	0
tlm_inverse_gcd_forward_shift	803166	804012	846	210	0	0	2
tlm_inverse_gcd_forward_compare	804012	805156	1144	248	0	36	37
tlm_inverse_gcd_forward_body	805156	808880	3724	461	2	250	252
tlm_apply_inverse_fold	808880	810600	1720	310	0	54	62
tlm_apply_inverse_swap	810600	811368	768	256	0	0	0
tlm_apply_inverse_mod_sub_register	811368	816142	4774	579	3	322	325
tlm_apply_inverse_mod_sub_fold	816142	816801	659	55	2	55	55
tlm_apply_inverse_mod_sub_clean	816801	817117	316	19	0	20	22
tlm_inverse_gcd_forward_codec	817117	817284	167	16	0	4	7
tlm_inverse_gcd_forward_shift	817284	818126	842	209	0	0	2
tlm_inverse_gcd_forward_compare	818126	819267	1141	247	0	36	37
tlm_inverse_gcd_forward_body	819267	822976	3709	459	2	249	251
tlm_apply_inverse_fold	822976	824696	1720	310	0	54	62
tlm_apply_inverse_swap	824696	825464	768	256	0	0	0
tlm_apply_inverse_mod_sub_register	825464	830238	4774	579	3	322	325
tlm_apply_inverse_mod_sub_fold	830238	830897	659	55	2	55	55
tlm_apply_inverse_mod_sub_clean	830897	831213	316	19	0	20	22
tlm_inverse_gcd_forward_codec	831213	831216	3	0	0	0	0
tlm_inverse_gcd_forward_shift	831216	832054	838	208	0	0	2
tlm_inverse_gcd_forward_compare	832054	833206	1152	247	0	37	38
tlm_inverse_gcd_forward_body	833206	836900	3694	457	2	248	250
tlm_apply_inverse_fold	836900	838620	1720	310	0	54	62
tlm_apply_inverse_swap	838620	839388	768	256	0	0	0
tlm_apply_inverse_mod_sub_register	839388	844162	4774	579	3	322	325
tlm_apply_inverse_mod_sub_fold	844162	844821	659	55	2	55	55
tlm_apply_inverse_mod_sub_clean	844821	845137	316	19	0	20	22
tlm_inverse_gcd_forward_codec	845137	845140	3	0	0	0	0
tlm_inverse_gcd_forward_shift	845140	845974	834	207	0	0	2
tlm_inverse_gcd_forward_compare	845974	847123	1149	246	0	37	38
tlm_inverse_gcd_forward_body	847123	850802	3679	455	2	247	249
tlm_apply_inverse_fold	850802	852522	1720	310	0	54	62
tlm_apply_inverse_swap	852522	853290	768	256	0	0	0
tlm_apply_inverse_mod_sub_register	853290	858064	4774	579	3	322	325
tlm_apply_inverse_mod_sub_fold	858064	858723	659	55	2	55	55
tlm_apply_inverse_mod_sub_clean	858723	859039	316	19	0	20	22
tlm_inverse_gcd_forward_codec	859039	859206	167	16	0	4	7
tlm_inverse_gcd_forward_shift	859206	860036	830	206	0	0	2
tlm_inverse_gcd_forward_compare	860036	861182	1146	245	0	37	38
tlm_inverse_gcd_forward_body	861182	864846	3664	453	2	246	248
tlm_apply_inverse_fold	864846	866566	1720	310	0	54	62
tlm_apply_inverse_swap	866566	867334	768	256	0	0	0
tlm_apply_inverse_mod_sub_register	867334	872108	4774	579	3	322	325
tlm_apply_inverse_mod_sub_fold	872108	872767	659	55	2	55	55
tlm_apply_inverse_mod_sub_clean	872767	873083	316	19	0	20	22
tlm_inverse_gcd_forward_codec	873083	873086	3	0	0	0	0
tlm_inverse_gcd_forward_shift	873086	873912	826	205	0	0	2
tlm_inverse_gcd_forward_compare	873912	875055	1143	244	0	37	38
tlm_inverse_gcd_forward_body	875055	878704	3649	451	2	245	247
tlm_apply_inverse_fold	878704	880424	1720	310	0	54	62
tlm_apply_inverse_swap	880424	881192	768	256	0	0	0
tlm_apply_inverse_mod_sub_register	881192	885966	4774	579	3	322	325
tlm_apply_inverse_mod_sub_fold	885966	886625	659	55	2	55	55
tlm_apply_inverse_mod_sub_clean	886625	886941	316	19	0	20	22
tlm_inverse_gcd_forward_codec	886941	886944	3	0	0	0	0
tlm_inverse_gcd_forward_shift	886944	887766	822	204	0	0	2
tlm_inverse_gcd_forward_compare	887766	888906	1140	243	0	37	38
tlm_inverse_gcd_forward_body	888906	892540	3634	449	2	244	246
tlm_apply_inverse_fold	892540	894260	1720	310	0	54	62
tlm_apply_inverse_swap	894260	895028	768	256	0	0	0
tlm_apply_inverse_mod_sub_register	895028	899802	4774	579	3	322	325
tlm_apply_inverse_mod_sub_fold	899802	900461	659	55	2	55	55
tlm_apply_inverse_mod_sub_clean	900461	900777	316	19	0	20	22
tlm_inverse_gcd_forward_codec	900777	900944	167	16	0	4	7
tlm_inverse_gcd_forward_shift	900944	901762	818	203	0	0	2
tlm_inverse_gcd_forward_compare	901762	902899	1137	242	0	37	38
tlm_inverse_gcd_forward_body	902899	906518	3619	447	2	243	245
tlm_apply_inverse_fold	906518	908238	1720	310	0	54	62
tlm_apply_inverse_swap	908238	909006	768	256	0	0	0
tlm_apply_inverse_mod_sub_register	909006	913780	4774	579	3	322	325
tlm_apply_inverse_mod_sub_fold	913780	914439	659	55	2	55	55
tlm_apply_inverse_mod_sub_clean	914439	914755	316	19	0	20	22
tlm_inverse_gcd_forward_codec	914755	914758	3	0	0	0	0
tlm_inverse_gcd_forward_shift	914758	915572	814	202	0	0	2
tlm_inverse_gcd_forward_compare	915572	916706	1134	241	0	37	38
tlm_inverse_gcd_forward_body	916706	920310	3604	445	2	242	244
tlm_apply_inverse_fold	920310	922030	1720	310	0	54	62
tlm_apply_inverse_swap	922030	922798	768	256	0	0	0
tlm_apply_inverse_mod_sub_register	922798	927572	4774	579	3	322	325
tlm_apply_inverse_mod_sub_fold	927572	928231	659	55	2	55	55
tlm_apply_inverse_mod_sub_clean	928231	928547	316	19	0	20	22
tlm_inverse_gcd_forward_codec	928547	928550	3	0	0	0	0
tlm_inverse_gcd_forward_shift	928550	929360	810	201	0	0	2
tlm_inverse_gcd_forward_compare	929360	930491	1131	240	0	37	38
tlm_inverse_gcd_forward_body	930491	934080	3589	443	2	241	243
tlm_apply_inverse_fold	934080	935800	1720	310	0	54	62
tlm_apply_inverse_swap	935800	936568	768	256	0	0	0
tlm_apply_inverse_mod_sub_register	936568	941342	4774	579	3	322	325
tlm_apply_inverse_mod_sub_fold	941342	942001	659	55	2	55	55
tlm_apply_inverse_mod_sub_clean	942001	942317	316	19	0	20	22
tlm_inverse_gcd_forward_codec	942317	942484	167	16	0	4	7
tlm_inverse_gcd_forward_shift	942484	943290	806	200	0	0	2
tlm_inverse_gcd_forward_compare	943290	944418	1128	239	0	37	38
tlm_inverse_gcd_forward_body	944418	947992	3574	441	2	240	242
tlm_apply_inverse_fold	947992	949712	1720	310	0	54	62
tlm_apply_inverse_swap	949712	950480	768	256	0	0	0
tlm_apply_inverse_mod_sub_register	950480	955254	4774	579	3	322	325
tlm_apply_inverse_mod_sub_fold	955254	955913	659	55	2	55	55
tlm_apply_inverse_mod_sub_clean	955913	956229	316	19	0	20	22
tlm_inverse_gcd_forward_codec	956229	956232	3	0	0	0	0
tlm_inverse_gcd_forward_shift	956232	957034	802	199	0	0	2
tlm_inverse_gcd_forward_compare	957034	958159	1125	238	0	37	38
tlm_inverse_gcd_forward_body	958159	961718	3559	439	2	239	241
tlm_apply_inverse_fold	961718	963438	1720	310	0	54	62
tlm_apply_inverse_swap	963438	964206	768	256	0	0	0
tlm_apply_inverse_mod_sub_register	964206	968980	4774	579	3	322	325
tlm_apply_inverse_mod_sub_fold	968980	969639	659	55	2	55	55
tlm_apply_inverse_mod_sub_clean	969639	969955	316	19	0	20	22
tlm_inverse_gcd_forward_codec	969955	969958	3	0	0	0	0
tlm_inverse_gcd_forward_shift	969958	970756	798	198	0	0	2
tlm_inverse_gcd_forward_compare	970756	971878	1122	237	0	37	38
tlm_inverse_gcd_forward_body	971878	975422	3544	437	2	238	240
tlm_apply_inverse_fold	975422	977142	1720	310	0	54	62
tlm_apply_inverse_swap	977142	977910	768	256	0	0	0
tlm_apply_inverse_mod_sub_register	977910	982684	4774	579	3	322	325
tlm_apply_inverse_mod_sub_fold	982684	983343	659	55	2	55	55
tlm_apply_inverse_mod_sub_clean	983343	983659	316	19	0	20	22
tlm_inverse_gcd_forward_codec	983659	983826	167	16	0	4	7
tlm_inverse_gcd_forward_shift	983826	984620	794	197	0	0	2
tlm_inverse_gcd_forward_compare	984620	985739	1119	236	0	37	38
tlm_inverse_gcd_forward_body	985739	989268	3529	435	2	237	239
tlm_apply_inverse_fold	989268	990988	1720	310	0	54	62
tlm_apply_inverse_swap	990988	991756	768	256	0	0	0
tlm_apply_inverse_mod_sub_register	991756	996530	4774	579	3	322	325
tlm_apply_inverse_mod_sub_fold	996530	997189	659	55	2	55	55
tlm_apply_inverse_mod_sub_clean	997189	997505	316	19	0	20	22
tlm_inverse_gcd_forward_codec	997505	997508	3	0	0	0	0
tlm_inverse_gcd_forward_shift	997508	998298	790	196	0	0	2
tlm_inverse_gcd_forward_compare	998298	999428	1130	236	0	38	39
tlm_inverse_gcd_forward_body	999428	1002942	3514	433	2	236	238
tlm_apply_inverse_fold	1002942	1004662	1720	310	0	54	62
tlm_apply_inverse_swap	1004662	1005430	768	256	0	0	0
tlm_apply_inverse_mod_sub_register	1005430	1010204	4774	579	3	322	325
tlm_apply_inverse_mod_sub_fold	1010204	1010863	659	55	2	55	55
tlm_apply_inverse_mod_sub_clean	1010863	1011179	316	19	0	20	22
tlm_inverse_gcd_forward_codec	1011179	1011182	3	0	0	0	0
tlm_inverse_gcd_forward_shift	1011182	1011968	786	195	0	0	2
tlm_inverse_gcd_forward_compare	1011968	1013095	1127	235	0	38	39
tlm_inverse_gcd_forward_body	1013095	1016594	3499	431	2	235	237
tlm_apply_inverse_fold	1016594	1018314	1720	310	0	54	62
tlm_apply_inverse_swap	1018314	1019082	768	256	0	0	0
tlm_apply_inverse_mod_sub_register	1019082	1023856	4774	579	3	322	325
tlm_apply_inverse_mod_sub_fold	1023856	1024515	659	55	2	55	55
tlm_apply_inverse_mod_sub_clean	1024515	1024831	316	19	0	20	22
tlm_inverse_gcd_forward_codec	1024831	1024998	167	16	0	4	7
tlm_inverse_gcd_forward_shift	1024998	1025780	782	194	0	0	2
tlm_inverse_gcd_forward_compare	1025780	1026904	1124	234	0	38	39
tlm_inverse_gcd_forward_body	1026904	1030388	3484	429	2	234	236
tlm_apply_inverse_fold	1030388	1032108	1720	310	0	54	62
tlm_apply_inverse_swap	1032108	1032876	768	256	0	0	0
tlm_apply_inverse_mod_sub_register	1032876	1037650	4774	579	3	322	325
tlm_apply_inverse_mod_sub_fold	1037650	1038309	659	55	2	55	55
tlm_apply_inverse_mod_sub_clean	1038309	1038625	316	19	0	20	22
tlm_inverse_gcd_forward_codec	1038625	1038628	3	0	0	0	0
tlm_inverse_gcd_forward_shift	1038628	1039406	778	193	0	0	2
tlm_inverse_gcd_forward_compare	1039406	1040527	1121	233	0	38	39
tlm_inverse_gcd_forward_body	1040527	1043996	3469	427	2	233	235
tlm_apply_inverse_fold	1043996	1045716	1720	310	0	54	62
tlm_apply_inverse_swap	1045716	1046484	768	256	0	0	0
tlm_apply_inverse_mod_sub_register	1046484	1051258	4774	579	3	322	325
tlm_apply_inverse_mod_sub_fold	1051258	1051917	659	55	2	55	55
tlm_apply_inverse_mod_sub_clean	1051917	1052233	316	19	0	20	22
tlm_inverse_gcd_forward_codec	1052233	1052236	3	0	0	0	0
tlm_inverse_gcd_forward_shift	1052236	1053010	774	192	0	0	2
tlm_inverse_gcd_forward_compare	1053010	1054128	1118	232	0	38	39
tlm_inverse_gcd_forward_body	1054128	1057582	3454	425	2	232	234
tlm_apply_inverse_fold	1057582	1059302	1720	310	0	54	62
tlm_apply_inverse_swap	1059302	1060070	768	256	0	0	0
tlm_apply_inverse_mod_sub_register	1060070	1064844	4774	579	3	322	325
tlm_apply_inverse_mod_sub_fold	1064844	1065503	659	55	2	55	55
tlm_apply_inverse_mod_sub_clean	1065503	1065819	316	19	0	20	22
tlm_inverse_gcd_forward_codec	1065819	1065986	167	16	0	4	7
tlm_inverse_gcd_forward_shift	1065986	1066756	770	191	0	0	2
tlm_inverse_gcd_forward_compare	1066756	1067871	1115	231	0	38	39
tlm_inverse_gcd_forward_body	1067871	1071310	3439	423	2	231	233
tlm_apply_inverse_fold	1071310	1073030	1720	310	0	54	62
tlm_apply_inverse_swap	1073030	1073798	768	256	0	0	0
tlm_apply_inverse_mod_sub_register	1073798	1078572	4774	579	3	322	325
tlm_apply_inverse_mod_sub_fold	1078572	1079231	659	55	2	55	55
tlm_apply_inverse_mod_sub_clean	1079231	1079547	316	19	0	20	22
tlm_inverse_gcd_forward_codec	1079547	1079550	3	0	0	0	0
tlm_inverse_gcd_forward_shift	1079550	1080316	766	190	0	0	2
tlm_inverse_gcd_forward_compare	1080316	1081442	1126	231	0	39	40
tlm_inverse_gcd_forward_body	1081442	1084866	3424	421	2	230	232
tlm_apply_inverse_fold	1084866	1086586	1720	310	0	54	62
tlm_apply_inverse_swap	1086586	1087354	768	256	0	0	0
tlm_apply_inverse_mod_sub_register	1087354	1092128	4774	579	3	322	325
tlm_apply_inverse_mod_sub_fold	1092128	1092787	659	55	2	55	55
tlm_apply_inverse_mod_sub_clean	1092787	1093103	316	19	0	20	22
tlm_inverse_gcd_forward_codec	1093103	1093106	3	0	0	0	0
tlm_inverse_gcd_forward_shift	1093106	1093868	762	189	0	0	2
tlm_inverse_gcd_forward_compare	1093868	1094991	1123	230	0	39	40
tlm_inverse_gcd_forward_body	1094991	1098400	3409	419	2	229	231
tlm_apply_inverse_fold	1098400	1100120	1720	310	0	54	62
tlm_apply_inverse_swap	1100120	1100888	768	256	0	0	0
tlm_apply_inverse_mod_sub_register	1100888	1105662	4774	579	3	322	325
tlm_apply_inverse_mod_sub_fold	1105662	1106321	659	55	2	55	55
tlm_apply_inverse_mod_sub_clean	1106321	1106637	316	19	0	20	22
tlm_inverse_gcd_forward_codec	1106637	1106804	167	16	0	4	7
tlm_inverse_gcd_forward_shift	1106804	1107562	758	188	0	0	2
tlm_inverse_gcd_forward_compare	1107562	1108696	1134	230	0	40	41
tlm_inverse_gcd_forward_body	1108696	1112090	3394	417	2	228	230
tlm_apply_inverse_fold	1112090	1113810	1720	310	0	54	62
tlm_apply_inverse_swap	1113810	1114578	768	256	0	0	0
tlm_apply_inverse_mod_sub_register	1114578	1119352	4774	579	3	322	325
tlm_apply_inverse_mod_sub_fold	1119352	1120011	659	55	2	55	55
tlm_apply_inverse_mod_sub_clean	1120011	1120327	316	19	0	20	22
tlm_inverse_gcd_forward_codec	1120327	1120330	3	0	0	0	0
tlm_inverse_gcd_forward_shift	1120330	1121084	754	187	0	0	2
tlm_inverse_gcd_forward_compare	1121084	1122201	1117	228	0	39	40
tlm_inverse_gcd_forward_body	1122201	1125580	3379	415	2	227	229
tlm_apply_inverse_fold	1125580	1127300	1720	310	0	54	62
tlm_apply_inverse_swap	1127300	1128068	768	256	0	0	0
tlm_apply_inverse_mod_sub_register	1128068	1132842	4774	579	3	322	325
tlm_apply_inverse_mod_sub_fold	1132842	1133501	659	55	2	55	55
tlm_apply_inverse_mod_sub_clean	1133501	1133817	316	19	0	20	22
tlm_inverse_gcd_forward_codec	1133817	1133820	3	0	0	0	0
tlm_inverse_gcd_forward_shift	1133820	1134570	750	186	0	0	2
tlm_inverse_gcd_forward_compare	1134570	1135670	1100	226	0	38	39
tlm_inverse_gcd_forward_body	1135670	1139034	3364	413	2	226	228
tlm_apply_inverse_fold	1139034	1140754	1720	310	0	54	62
tlm_apply_inverse_swap	1140754	1141522	768	256	0	0	0
tlm_apply_inverse_mod_sub_register	1141522	1146296	4774	579	3	322	325
tlm_apply_inverse_mod_sub_fold	1146296	1146955	659	55	2	55	55
tlm_apply_inverse_mod_sub_clean	1146955	1147271	316	19	0	20	22
tlm_inverse_gcd_forward_codec	1147271	1147438	167	16	0	4	7
tlm_inverse_gcd_forward_shift	1147438	1148184	746	185	0	0	2
tlm_inverse_gcd_forward_compare	1148184	1149295	1111	226	0	39	40
tlm_inverse_gcd_forward_body	1149295	1152644	3349	411	2	225	227
tlm_apply_inverse_fold	1152644	1154364	1720	310	0	54	62
tlm_apply_inverse_swap	1154364	1155132	768	256	0	0	0
tlm_apply_inverse_mod_sub_register	1155132	1159906	4774	579	3	322	325
tlm_apply_inverse_mod_sub_fold	1159906	1160565	659	55	2	55	55
tlm_apply_inverse_mod_sub_clean	1160565	1160881	316	19	0	20	22
tlm_inverse_gcd_forward_codec	1160881	1160884	3	0	0	0	0
tlm_inverse_gcd_forward_shift	1160884	1161626	742	184	0	0	2
tlm_inverse_gcd_forward_compare	1161626	1162734	1108	225	0	39	40
tlm_inverse_gcd_forward_body	1162734	1166068	3334	409	2	224	226
tlm_apply_inverse_fold	1166068	1167788	1720	310	0	54	62
tlm_apply_inverse_swap	1167788	1168556	768	256	0	0	0
tlm_apply_inverse_mod_sub_register	1168556	1173330	4774	579	3	322	325
tlm_apply_inverse_mod_sub_fold	1173330	1173989	659	55	2	55	55
tlm_apply_inverse_mod_sub_clean	1173989	1174305	316	19	0	20	22
tlm_inverse_gcd_forward_codec	1174305	1174308	3	0	0	0	0
tlm_inverse_gcd_forward_shift	1174308	1175046	738	183	0	0	2
tlm_inverse_gcd_forward_compare	1175046	1176165	1119	225	0	40	41
tlm_inverse_gcd_forward_body	1176165	1179484	3319	407	2	223	225
tlm_apply_inverse_fold	1179484	1181204	1720	310	0	54	62
tlm_apply_inverse_swap	1181204	1181972	768	256	0	0	0
tlm_apply_inverse_mod_sub_register	1181972	1186746	4774	579	3	322	325
tlm_apply_inverse_mod_sub_fold	1186746	1187405	659	55	2	55	55
tlm_apply_inverse_mod_sub_clean	1187405	1187721	316	19	0	20	22
tlm_inverse_gcd_forward_codec	1187721	1187888	167	16	0	4	7
tlm_inverse_gcd_forward_shift	1187888	1188622	734	182	0	0	2
tlm_inverse_gcd_forward_compare	1188622	1189738	1116	224	0	40	41
tlm_inverse_gcd_forward_body	1189738	1193042	3304	405	2	222	224
tlm_apply_inverse_fold	1193042	1194762	1720	310	0	54	62
tlm_apply_inverse_swap	1194762	1195530	768	256	0	0	0
tlm_apply_inverse_mod_sub_register	1195530	1200304	4774	579	3	322	325
tlm_apply_inverse_mod_sub_fold	1200304	1200963	659	55	2	55	55
tlm_apply_inverse_mod_sub_clean	1200963	1201279	316	19	0	20	22
tlm_inverse_gcd_forward_codec	1201279	1201282	3	0	0	0	0
tlm_inverse_gcd_forward_shift	1201282	1202012	730	181	0	0	2
tlm_inverse_gcd_forward_compare	1202012	1203139	1127	224	0	41	42
tlm_inverse_gcd_forward_body	1203139	1206428	3289	403	2	221	223
tlm_apply_inverse_fold	1206428	1208148	1720	310	0	54	62
tlm_apply_inverse_swap	1208148	1208916	768	256	0	0	0
tlm_apply_inverse_mod_sub_register	1208916	1213690	4774	579	3	322	325
tlm_apply_inverse_mod_sub_fold	1213690	1214349	659	55	2	55	55
tlm_apply_inverse_mod_sub_clean	1214349	1214665	316	19	0	20	22
tlm_inverse_gcd_forward_codec	1214665	1214668	3	0	0	0	0
tlm_inverse_gcd_forward_shift	1214668	1215394	726	180	0	0	2
tlm_inverse_gcd_forward_compare	1215394	1216490	1096	221	0	39	40
tlm_inverse_gcd_forward_body	1216490	1219764	3274	401	2	220	222
tlm_apply_inverse_fold	1219764	1221484	1720	310	0	54	62
tlm_apply_inverse_swap	1221484	1222252	768	256	0	0	0
tlm_apply_inverse_mod_sub_register	1222252	1227026	4774	579	3	322	325
tlm_apply_inverse_mod_sub_fold	1227026	1227685	659	55	2	55	55
tlm_apply_inverse_mod_sub_clean	1227685	1228001	316	19	0	20	22
tlm_inverse_gcd_forward_codec	1228001	1228168	167	16	0	4	7
tlm_inverse_gcd_forward_shift	1228168	1228890	722	179	0	0	2
tlm_inverse_gcd_forward_compare	1228890	1229983	1093	220	0	39	40
tlm_inverse_gcd_forward_body	1229983	1233242	3259	399	2	219	221
tlm_apply_inverse_fold	1233242	1234962	1720	310	0	54	62
tlm_apply_inverse_swap	1234962	1235730	768	256	0	0	0
tlm_apply_inverse_mod_sub_register	1235730	1240504	4774	579	3	322	325
tlm_apply_inverse_mod_sub_fold	1240504	1241163	659	55	2	55	55
tlm_apply_inverse_mod_sub_clean	1241163	1241479	316	19	0	20	22
tlm_inverse_gcd_forward_codec	1241479	1241482	3	0	0	0	0
tlm_inverse_gcd_forward_shift	1241482	1242200	718	178	0	0	2
tlm_inverse_gcd_forward_compare	1242200	1243304	1104	220	0	40	41
tlm_inverse_gcd_forward_body	1243304	1246548	3244	397	2	218	220
tlm_apply_inverse_fold	1246548	1248268	1720	310	0	54	62
tlm_apply_inverse_swap	1248268	1249036	768	256	0	0	0
tlm_apply_inverse_mod_sub_register	1249036	1253810	4774	579	3	322	325
tlm_apply_inverse_mod_sub_fold	1253810	1254469	659	55	2	55	55
tlm_apply_inverse_mod_sub_clean	1254469	1254785	316	19	0	20	22
tlm_inverse_gcd_forward_codec	1254785	1254788	3	0	0	0	0
tlm_inverse_gcd_forward_shift	1254788	1255502	714	177	0	0	2
tlm_inverse_gcd_forward_compare	1255502	1256603	1101	219	0	40	41
tlm_inverse_gcd_forward_body	1256603	1259832	3229	395	2	217	219
tlm_apply_inverse_fold	1259832	1261552	1720	310	0	54	62
tlm_apply_inverse_swap	1261552	1262320	768	256	0	0	0
tlm_apply_inverse_mod_sub_register	1262320	1267094	4774	579	3	322	325
tlm_apply_inverse_mod_sub_fold	1267094	1267753	659	55	2	55	55
tlm_apply_inverse_mod_sub_clean	1267753	1268069	316	19	0	20	22
tlm_inverse_gcd_forward_codec	1268069	1268236	167	16	0	4	7
tlm_inverse_gcd_forward_shift	1268236	1268946	710	176	0	0	2
tlm_inverse_gcd_forward_compare	1268946	1270044	1098	218	0	40	41
tlm_inverse_gcd_forward_body	1270044	1273258	3214	393	2	216	218
tlm_apply_inverse_fold	1273258	1274978	1720	310	0	54	62
tlm_apply_inverse_swap	1274978	1275746	768	256	0	0	0
tlm_apply_inverse_mod_sub_register	1275746	1280520	4774	579	3	322	325
tlm_apply_inverse_mod_sub_fold	1280520	1281179	659	55	2	55	55
tlm_apply_inverse_mod_sub_clean	1281179	1281495	316	19	0	20	22
tlm_inverse_gcd_forward_codec	1281495	1281498	3	0	0	0	0
tlm_inverse_gcd_forward_shift	1281498	1282204	706	175	0	0	2
tlm_inverse_gcd_forward_compare	1282204	1283299	1095	217	0	40	41
tlm_inverse_gcd_forward_body	1283299	1286498	3199	391	2	215	217
tlm_apply_inverse_fold	1286498	1288218	1720	310	0	54	62
tlm_apply_inverse_swap	1288218	1288986	768	256	0	0	0
tlm_apply_inverse_mod_sub_register	1288986	1293760	4774	579	3	322	325
tlm_apply_inverse_mod_sub_fold	1293760	1294419	659	55	2	55	55
tlm_apply_inverse_mod_sub_clean	1294419	1294735	316	19	0	20	22
tlm_inverse_gcd_forward_codec	1294735	1294738	3	0	0	0	0
tlm_inverse_gcd_forward_shift	1294738	1295440	702	174	0	0	2
tlm_inverse_gcd_forward_compare	1295440	1296532	1092	216	0	40	41
tlm_inverse_gcd_forward_body	1296532	1299716	3184	389	2	214	216
tlm_apply_inverse_fold	1299716	1301436	1720	310	0	54	62
tlm_apply_inverse_swap	1301436	1302204	768	256	0	0	0
tlm_apply_inverse_mod_sub_register	1302204	1306978	4774	579	3	322	325
tlm_apply_inverse_mod_sub_fold	1306978	1307637	659	55	2	55	55
tlm_apply_inverse_mod_sub_clean	1307637	1307953	316	19	0	20	22
tlm_inverse_gcd_forward_codec	1307953	1308120	167	16	0	4	7
tlm_inverse_gcd_forward_shift	1308120	1308818	698	173	0	0	2
tlm_inverse_gcd_forward_compare	1308818	1309907	1089	215	0	40	41
tlm_inverse_gcd_forward_body	1309907	1313076	3169	387	2	213	215
tlm_apply_inverse_fold	1313076	1314796	1720	310	0	54	62
tlm_apply_inverse_swap	1314796	1315564	768	256	0	0	0
tlm_apply_inverse_mod_sub_register	1315564	1320338	4774	579	3	322	325
tlm_apply_inverse_mod_sub_fold	1320338	1320997	659	55	2	55	55
tlm_apply_inverse_mod_sub_clean	1320997	1321313	316	19	0	20	22
tlm_inverse_gcd_forward_codec	1321313	1321316	3	0	0	0	0
tlm_inverse_gcd_forward_shift	1321316	1322010	694	172	0	0	2
tlm_inverse_gcd_forward_compare	1322010	1323110	1100	215	0	41	42
tlm_inverse_gcd_forward_body	1323110	1326264	3154	385	2	212	214
tlm_apply_inverse_fold	1326264	1327984	1720	310	0	54	62
tlm_apply_inverse_swap	1327984	1328752	768	256	0	0	0
tlm_apply_inverse_mod_sub_register	1328752	1333526	4774	579	3	322	325
tlm_apply_inverse_mod_sub_fold	1333526	1334185	659	55	2	55	55
tlm_apply_inverse_mod_sub_clean	1334185	1334501	316	19	0	20	22
tlm_inverse_gcd_forward_codec	1334501	1334504	3	0	0	0	0
tlm_inverse_gcd_forward_shift	1334504	1335194	690	171	0	0	2
tlm_inverse_gcd_forward_compare	1335194	1336277	1083	213	0	40	41
tlm_inverse_gcd_forward_body	1336277	1339416	3139	383	2	211	213
tlm_apply_inverse_fold	1339416	1341136	1720	310	0	54	62
tlm_apply_inverse_swap	1341136	1341904	768	256	0	0	0
tlm_apply_inverse_mod_sub_register	1341904	1346678	4774	579	3	322	325
tlm_apply_inverse_mod_sub_fold	1346678	1347337	659	55	2	55	55
tlm_apply_inverse_mod_sub_clean	1347337	1347653	316	19	0	20	22
tlm_inverse_gcd_forward_codec	1347653	1347820	167	16	0	4	7
tlm_inverse_gcd_forward_shift	1347820	1348508	688	171	0	0	0
tlm_inverse_gcd_forward_compare	1348508	1349619	1111	215	0	42	43
tlm_inverse_gcd_forward_body	1349619	1352758	3139	383	2	211	213
tlm_apply_inverse_fold	1352758	1354478	1720	310	0	54	62
tlm_apply_inverse_swap	1354478	1355246	768	256	0	0	0
tlm_apply_inverse_mod_sub_register	1355246	1360020	4774	579	3	322	325
tlm_apply_inverse_mod_sub_fold	1360020	1360679	659	55	2	55	55
tlm_apply_inverse_mod_sub_clean	1360679	1360995	316	19	0	20	22
tlm_inverse_gcd_forward_codec	1360995	1360998	3	0	0	0	0
tlm_inverse_gcd_forward_shift	1360998	1361684	686	170	0	0	2
tlm_inverse_gcd_forward_compare	1361684	1362778	1094	213	0	41	42
tlm_inverse_gcd_forward_body	1362778	1365902	3124	381	2	210	212
tlm_apply_inverse_fold	1365902	1367622	1720	310	0	54	62
tlm_apply_inverse_swap	1367622	1368390	768	256	0	0	0
tlm_apply_inverse_mod_sub_register	1368390	1373164	4774	579	3	322	325
tlm_apply_inverse_mod_sub_fold	1373164	1373823	659	55	2	55	55
tlm_apply_inverse_mod_sub_clean	1373823	1374139	316	19	0	20	22
tlm_inverse_gcd_forward_codec	1374139	1374142	3	0	0	0	0
tlm_inverse_gcd_forward_shift	1374142	1374822	680	168	0	0	4
tlm_inverse_gcd_forward_compare	1374822	1375896	1074	210	0	40	41
tlm_inverse_gcd_forward_body	1375896	1378990	3094	377	2	208	210
tlm_apply_inverse_fold	1378990	1380710	1720	310	0	54	62
tlm_apply_inverse_swap	1380710	1381478	768	256	0	0	0
tlm_apply_inverse_mod_sub_register	1381478	1386252	4774	579	3	322	325
tlm_apply_inverse_mod_sub_fold	1386252	1386911	659	55	2	55	55
tlm_apply_inverse_mod_sub_clean	1386911	1387227	316	19	0	20	22
tlm_inverse_gcd_forward_codec	1387227	1387394	167	16	0	4	7
tlm_inverse_gcd_forward_shift	1387394	1388068	674	167	0	0	2
tlm_inverse_gcd_forward_compare	1388068	1389139	1071	209	0	40	41
tlm_inverse_gcd_forward_body	1389139	1392218	3079	375	2	207	209
tlm_apply_inverse_fold	1392218	1393938	1720	310	0	54	62
tlm_apply_inverse_swap	1393938	1394706	768	256	0	0	0
tlm_apply_inverse_mod_sub_register	1394706	1399480	4774	579	3	322	325
tlm_apply_inverse_mod_sub_fold	1399480	1400139	659	55	2	55	55
tlm_apply_inverse_mod_sub_clean	1400139	1400455	316	19	0	20	22
tlm_inverse_gcd_forward_codec	1400455	1400458	3	0	0	0	0
tlm_inverse_gcd_forward_shift	1400458	1401128	670	166	0	0	2
tlm_inverse_gcd_forward_compare	1401128	1402224	1096	210	0	42	43
tlm_inverse_gcd_forward_body	1402224	1405288	3064	373	2	206	208
tlm_apply_inverse_fold	1405288	1407008	1720	310	0	54	62
tlm_apply_inverse_swap	1407008	1407776	768	256	0	0	0
tlm_apply_inverse_mod_sub_register	1407776	1412550	4774	579	3	322	325
tlm_apply_inverse_mod_sub_fold	1412550	1413209	659	55	2	55	55
tlm_apply_inverse_mod_sub_clean	1413209	1413525	316	19	0	20	22
tlm_inverse_gcd_forward_codec	1413525	1413528	3	0	0	0	0
tlm_inverse_gcd_forward_shift	1413528	1414194	666	165	0	0	2
tlm_inverse_gcd_forward_compare	1414194	1415273	1079	208	0	41	42
tlm_inverse_gcd_forward_body	1415273	1418322	3049	371	2	205	207
tlm_apply_inverse_fold	1418322	1420042	1720	310	0	54	62
tlm_apply_inverse_swap	1420042	1420810	768	256	0	0	0
tlm_apply_inverse_mod_sub_register	1420810	1425584	4774	579	3	322	325
tlm_apply_inverse_mod_sub_fold	1425584	1426243	659	55	2	55	55
tlm_apply_inverse_mod_sub_clean	1426243	1426559	316	19	0	20	22
tlm_inverse_gcd_forward_codec	1426559	1426726	167	16	0	4	7
tlm_inverse_gcd_forward_shift	1426726	1427388	662	164	0	0	2
tlm_inverse_gcd_forward_compare	1427388	1428464	1076	207	0	41	42
tlm_inverse_gcd_forward_body	1428464	1431498	3034	369	2	204	206
tlm_apply_inverse_fold	1431498	1433218	1720	310	0	54	62
tlm_apply_inverse_swap	1433218	1433986	768	256	0	0	0
tlm_apply_inverse_mod_sub_register	1433986	1438760	4774	579	3	322	325
tlm_apply_inverse_mod_sub_fold	1438760	1439419	659	55	2	55	55
tlm_apply_inverse_mod_sub_clean	1439419	1439735	316	19	0	20	22
tlm_inverse_gcd_forward_codec	1439735	1439738	3	0	0	0	0
tlm_inverse_gcd_forward_shift	1439738	1440394	656	162	0	0	4
tlm_inverse_gcd_forward_compare	1440394	1441450	1056	204	0	40	41
tlm_inverse_gcd_forward_body	1441450	1444454	3004	365	2	202	204
tlm_apply_inverse_fold	1444454	1446174	1720	310	0	54	62
tlm_apply_inverse_swap	1446174	1446942	768	256	0	0	0
tlm_apply_inverse_mod_sub_register	1446942	1451716	4774	579	3	322	325
tlm_apply_inverse_mod_sub_fold	1451716	1452375	659	55	2	55	55
tlm_apply_inverse_mod_sub_clean	1452375	1452691	316	19	0	20	22
tlm_inverse_gcd_forward_codec	1452691	1452694	3	0	0	0	0
tlm_inverse_gcd_forward_shift	1452694	1453344	650	161	0	0	2
tlm_inverse_gcd_forward_compare	1453344	1454411	1067	204	0	41	42
tlm_inverse_gcd_forward_body	1454411	1457400	2989	363	2	201	203
tlm_apply_inverse_fold	1457400	1459120	1720	310	0	54	62
tlm_apply_inverse_swap	1459120	1459888	768	256	0	0	0
tlm_apply_inverse_mod_sub_register	1459888	1464662	4774	579	3	322	325
tlm_apply_inverse_mod_sub_fold	1464662	1465321	659	55	2	55	55
tlm_apply_inverse_mod_sub_clean	1465321	1465637	316	19	0	20	22
tlm_inverse_gcd_forward_codec	1465637	1465804	167	16	0	4	7
tlm_inverse_gcd_forward_shift	1465804	1466450	646	160	0	0	2
tlm_inverse_gcd_forward_compare	1466450	1467514	1064	203	0	41	42
tlm_inverse_gcd_forward_body	1467514	1470488	2974	361	2	200	202
tlm_apply_inverse_fold	1470488	1472208	1720	310	0	54	62
tlm_apply_inverse_swap	1472208	1472976	768	256	0	0	0
tlm_apply_inverse_mod_sub_register	1472976	1477750	4774	579	3	322	325
tlm_apply_inverse_mod_sub_fold	1477750	1478409	659	55	2	55	55
tlm_apply_inverse_mod_sub_clean	1478409	1478725	316	19	0	20	22
tlm_inverse_gcd_forward_codec	1478725	1478728	3	0	0	0	0
tlm_inverse_gcd_forward_shift	1478728	1479370	642	159	0	0	2
tlm_inverse_gcd_forward_compare	1479370	1480417	1047	201	0	40	41
tlm_inverse_gcd_forward_body	1480417	1483376	2959	359	2	199	201
tlm_apply_inverse_fold	1483376	1485096	1720	310	0	54	62
tlm_apply_inverse_swap	1485096	1485864	768	256	0	0	0
tlm_apply_inverse_mod_sub_register	1485864	1490638	4774	579	3	322	325
tlm_apply_inverse_mod_sub_fold	1490638	1491297	659	55	2	55	55
tlm_apply_inverse_mod_sub_clean	1491297	1491613	316	19	0	20	22
tlm_inverse_gcd_forward_codec	1491613	1491616	3	0	0	0	0
tlm_inverse_gcd_forward_shift	1491616	1492254	638	158	0	0	2
tlm_inverse_gcd_forward_compare	1492254	1493312	1058	201	0	41	42
tlm_inverse_gcd_forward_body	1493312	1496256	2944	357	2	198	200
tlm_apply_inverse_fold	1496256	1497976	1720	310	0	54	62
tlm_apply_inverse_swap	1497976	1498744	768	256	0	0	0
tlm_apply_inverse_mod_sub_register	1498744	1503518	4774	579	3	322	325
tlm_apply_inverse_mod_sub_fold	1503518	1504177	659	55	2	55	55
tlm_apply_inverse_mod_sub_clean	1504177	1504493	316	19	0	20	22
tlm_inverse_gcd_forward_codec	1504493	1504660	167	16	0	4	7
tlm_inverse_gcd_forward_shift	1504660	1505294	634	157	0	0	2
tlm_inverse_gcd_forward_compare	1505294	1506349	1055	200	0	41	42
tlm_inverse_gcd_forward_body	1506349	1509278	2929	355	2	197	199
tlm_apply_inverse_fold	1509278	1510998	1720	310	0	54	62
tlm_apply_inverse_swap	1510998	1511766	768	256	0	0	0
tlm_apply_inverse_mod_sub_register	1511766	1516540	4774	579	3	322	325
tlm_apply_inverse_mod_sub_fold	1516540	1517199	659	55	2	55	55
tlm_apply_inverse_mod_sub_clean	1517199	1517515	316	19	0	20	22
tlm_inverse_gcd_forward_codec	1517515	1517518	3	0	0	0	0
tlm_inverse_gcd_forward_shift	1517518	1518148	630	156	0	0	2
tlm_inverse_gcd_forward_compare	1518148	1519200	1052	199	0	41	42
tlm_inverse_gcd_forward_body	1519200	1522114	2914	353	2	196	198
tlm_apply_inverse_fold	1522114	1523834	1720	310	0	54	62
tlm_apply_inverse_swap	1523834	1524602	768	256	0	0	0
tlm_apply_inverse_mod_sub_register	1524602	1529376	4774	579	3	322	325
tlm_apply_inverse_mod_sub_fold	1529376	1530035	659	55	2	55	55
tlm_apply_inverse_mod_sub_clean	1530035	1530351	316	19	0	20	22
tlm_inverse_gcd_forward_codec	1530351	1530354	3	0	0	0	0
tlm_inverse_gcd_forward_shift	1530354	1530980	626	155	0	0	2
tlm_inverse_gcd_forward_compare	1530980	1532029	1049	198	0	41	42
tlm_inverse_gcd_forward_body	1532029	1534928	2899	351	2	195	197
tlm_apply_inverse_fold	1534928	1536648	1720	310	0	54	62
tlm_apply_inverse_swap	1536648	1537416	768	256	0	0	0
tlm_apply_inverse_mod_sub_register	1537416	1542190	4774	579	3	322	325
tlm_apply_inverse_mod_sub_fold	1542190	1542849	659	55	2	55	55
tlm_apply_inverse_mod_sub_clean	1542849	1543165	316	19	0	20	22
tlm_inverse_gcd_forward_codec	1543165	1543332	167	16	0	4	7
tlm_inverse_gcd_forward_shift	1543332	1543954	622	154	0	0	2
tlm_inverse_gcd_forward_compare	1543954	1545000	1046	197	0	41	42
tlm_inverse_gcd_forward_body	1545000	1547884	2884	349	2	194	196
tlm_apply_inverse_fold	1547884	1549604	1720	310	0	54	62
tlm_apply_inverse_swap	1549604	1550372	768	256	0	0	0
tlm_apply_inverse_mod_sub_register	1550372	1555146	4774	579	3	322	325
tlm_apply_inverse_mod_sub_fold	1555146	1555805	659	55	2	55	55
tlm_apply_inverse_mod_sub_clean	1555805	1556121	316	19	0	20	22
tlm_inverse_gcd_forward_codec	1556121	1556124	3	0	0	0	0
tlm_inverse_gcd_forward_shift	1556124	1556742	618	153	0	0	2
tlm_inverse_gcd_forward_compare	1556742	1557799	1057	197	0	42	43
tlm_inverse_gcd_forward_body	1557799	1560668	2869	347	2	193	195
tlm_apply_inverse_fold	1560668	1562388	1720	310	0	54	62
tlm_apply_inverse_swap	1562388	1563156	768	256	0	0	0
tlm_apply_inverse_mod_sub_register	1563156	1567930	4774	579	3	322	325
tlm_apply_inverse_mod_sub_fold	1567930	1568589	659	55	2	55	55
tlm_apply_inverse_mod_sub_clean	1568589	1568905	316	19	0	20	22
tlm_inverse_gcd_forward_codec	1568905	1568908	3	0	0	0	0
tlm_inverse_gcd_forward_shift	1568908	1569522	614	152	0	0	2
tlm_inverse_gcd_forward_compare	1569522	1570562	1040	195	0	41	42
tlm_inverse_gcd_forward_body	1570562	1573416	2854	345	2	192	194
tlm_apply_inverse_fold	1573416	1575136	1720	310	0	54	62
tlm_apply_inverse_swap	1575136	1575904	768	256	0	0	0
tlm_apply_inverse_mod_sub_register	1575904	1580678	4774	579	3	322	325
tlm_apply_inverse_mod_sub_fold	1580678	1581337	659	55	2	55	55
tlm_apply_inverse_mod_sub_clean	1581337	1581653	316	19	0	20	22
tlm_inverse_gcd_forward_codec	1581653	1581820	167	16	0	4	7
tlm_inverse_gcd_forward_shift	1581820	1582430	610	151	0	0	2
tlm_inverse_gcd_forward_compare	1582430	1583481	1051	195	0	42	43
tlm_inverse_gcd_forward_body	1583481	1586320	2839	343	2	191	193
tlm_apply_inverse_fold	1586320	1588040	1720	310	0	54	62
tlm_apply_inverse_swap	1588040	1588808	768	256	0	0	0
tlm_apply_inverse_mod_sub_register	1588808	1593582	4774	579	3	322	325
tlm_apply_inverse_mod_sub_fold	1593582	1594241	659	55	2	55	55
tlm_apply_inverse_mod_sub_clean	1594241	1594557	316	19	0	20	22
tlm_inverse_gcd_forward_codec	1594557	1594560	3	0	0	0	0
tlm_inverse_gcd_forward_shift	1594560	1595166	606	150	0	0	2
tlm_inverse_gcd_forward_compare	1595166	1596214	1048	194	0	42	43
tlm_inverse_gcd_forward_body	1596214	1599038	2824	341	2	190	192
tlm_apply_inverse_fold	1599038	1600758	1720	310	0	54	62
tlm_apply_inverse_swap	1600758	1601526	768	256	0	0	0
tlm_apply_inverse_mod_sub_register	1601526	1606300	4774	579	3	322	325
tlm_apply_inverse_mod_sub_fold	1606300	1606959	659	55	2	55	55
tlm_apply_inverse_mod_sub_clean	1606959	1607275	316	19	0	20	22
tlm_inverse_gcd_forward_codec	1607275	1607278	3	0	0	0	0
tlm_inverse_gcd_forward_shift	1607278	1607880	602	149	0	0	2
tlm_inverse_gcd_forward_compare	1607880	1608925	1045	193	0	42	43
tlm_inverse_gcd_forward_body	1608925	1611734	2809	339	2	189	191
tlm_apply_inverse_fold	1611734	1613454	1720	310	0	54	62
tlm_apply_inverse_swap	1613454	1614222	768	256	0	0	0
tlm_apply_inverse_mod_sub_register	1614222	1619309	5087	601	4	344	348
tlm_apply_inverse_mod_sub_fold	1619309	1619968	659	55	2	55	55
tlm_apply_inverse_mod_sub_clean	1619968	1620284	316	19	0	20	22
tlm_inverse_gcd_forward_codec	1620284	1620451	167	16	0	4	7
tlm_inverse_gcd_forward_shift	1620451	1621049	598	148	0	0	2
tlm_inverse_gcd_forward_compare	1621049	1622091	1042	192	0	42	43
tlm_inverse_gcd_forward_body	1622091	1624885	2794	337	2	188	190
tlm_apply_inverse_fold	1624885	1626605	1720	310	0	54	62
tlm_apply_inverse_swap	1626605	1627373	768	256	0	0	0
tlm_apply_inverse_mod_sub_register	1627373	1632147	4774	579	3	322	325
tlm_apply_inverse_mod_sub_fold	1632147	1632806	659	55	2	55	55
tlm_apply_inverse_mod_sub_clean	1632806	1633122	316	19	0	20	22
tlm_inverse_gcd_forward_codec	1633122	1633125	3	0	0	0	0
tlm_inverse_gcd_forward_shift	1633125	1633719	594	147	0	0	2
tlm_inverse_gcd_forward_compare	1633719	1634758	1039	191	0	42	43
tlm_inverse_gcd_forward_body	1634758	1637537	2779	335	2	187	189
tlm_apply_inverse_fold	1637537	1639257	1720	310	0	54	62
tlm_apply_inverse_swap	1639257	1640025	768	256	0	0	0
tlm_apply_inverse_mod_sub_register	1640025	1645112	5087	601	4	344	348
tlm_apply_inverse_mod_sub_fold	1645112	1645771	659	55	2	55	55
tlm_apply_inverse_mod_sub_clean	1645771	1646087	316	19	0	20	22
tlm_inverse_gcd_forward_codec	1646087	1646090	3	0	0	0	0
tlm_inverse_gcd_forward_shift	1646090	1646680	590	146	0	0	2
tlm_inverse_gcd_forward_compare	1646680	1647716	1036	190	0	42	43
tlm_inverse_gcd_forward_body	1647716	1650480	2764	333	2	186	188
tlm_apply_inverse_fold	1650480	1652200	1720	310	0	54	62
tlm_apply_inverse_swap	1652200	1652968	768	256	0	0	0
tlm_apply_inverse_mod_sub_register	1652968	1658055	5087	601	4	344	348
tlm_apply_inverse_mod_sub_fold	1658055	1658714	659	55	2	55	55
tlm_apply_inverse_mod_sub_clean	1658714	1659030	316	19	0	20	22
tlm_inverse_gcd_forward_codec	1659030	1659197	167	16	0	4	7
tlm_inverse_gcd_forward_shift	1659197	1659783	586	145	0	0	2
tlm_inverse_gcd_forward_compare	1659783	1660816	1033	189	0	42	43
tlm_inverse_gcd_forward_body	1660816	1663565	2749	331	2	185	187
tlm_apply_inverse_fold	1663565	1665285	1720	310	0	54	62
tlm_apply_inverse_swap	1665285	1666053	768	256	0	0	0
tlm_apply_inverse_mod_sub_register	1666053	1671140	5087	601	4	344	348
tlm_apply_inverse_mod_sub_fold	1671140	1671799	659	55	2	55	55
tlm_apply_inverse_mod_sub_clean	1671799	1672115	316	19	0	20	22
tlm_inverse_gcd_forward_codec	1672115	1672118	3	0	0	0	0
tlm_inverse_gcd_forward_shift	1672118	1672700	582	144	0	0	2
tlm_inverse_gcd_forward_compare	1672700	1673744	1044	189	0	43	44
tlm_inverse_gcd_forward_body	1673744	1676478	2734	329	2	184	186
tlm_apply_inverse_fold	1676478	1678198	1720	310	0	54	62
tlm_apply_inverse_swap	1678198	1678966	768	256	0	0	0
tlm_apply_inverse_mod_sub_register	1678966	1684053	5087	601	4	344	348
tlm_apply_inverse_mod_sub_fold	1684053	1684712	659	55	2	55	55
tlm_apply_inverse_mod_sub_clean	1684712	1685028	316	19	0	20	22
tlm_inverse_gcd_forward_codec	1685028	1685031	3	0	0	0	0
tlm_inverse_gcd_forward_shift	1685031	1685609	578	143	0	0	2
tlm_inverse_gcd_forward_compare	1685609	1686636	1027	187	0	42	43
tlm_inverse_gcd_forward_body	1686636	1689355	2719	327	2	183	185
tlm_apply_inverse_fold	1689355	1691075	1720	310	0	54	62
tlm_apply_inverse_swap	1691075	1691843	768	256	0	0	0
tlm_apply_inverse_mod_sub_register	1691843	1696930	5087	601	4	344	348
tlm_apply_inverse_mod_sub_fold	1696930	1697589	659	55	2	55	55
tlm_apply_inverse_mod_sub_clean	1697589	1697905	316	19	0	20	22
tlm_inverse_gcd_forward_codec	1697905	1698072	167	16	0	4	7
tlm_inverse_gcd_forward_shift	1698072	1698646	574	142	0	0	2
tlm_inverse_gcd_forward_compare	1698646	1699684	1038	187	0	43	44
tlm_inverse_gcd_forward_body	1699684	1702388	2704	325	2	182	184
tlm_apply_inverse_fold	1702388	1704108	1720	310	0	54	62
tlm_apply_inverse_swap	1704108	1704876	768	256	0	0	0
tlm_apply_inverse_mod_sub_register	1704876	1709963	5087	601	4	344	348
tlm_apply_inverse_mod_sub_fold	1709963	1710622	659	55	2	55	55
tlm_apply_inverse_mod_sub_clean	1710622	1710938	316	19	0	20	22
tlm_inverse_gcd_forward_codec	1710938	1710941	3	0	0	0	0
tlm_inverse_gcd_forward_shift	1710941	1711511	570	141	0	0	2
tlm_inverse_gcd_forward_compare	1711511	1712546	1035	186	0	43	44
tlm_inverse_gcd_forward_body	1712546	1715235	2689	323	2	181	183
tlm_apply_inverse_fold	1715235	1716955	1720	310	0	54	62
tlm_apply_inverse_swap	1716955	1717723	768	256	0	0	0
tlm_apply_inverse_mod_sub_register	1717723	1722810	5087	601	4	344	348
tlm_apply_inverse_mod_sub_fold	1722810	1723469	659	55	2	55	55
tlm_apply_inverse_mod_sub_clean	1723469	1723785	316	19	0	20	22
tlm_inverse_gcd_forward_codec	1723785	1723788	3	0	0	0	0
tlm_inverse_gcd_forward_shift	1723788	1724354	566	140	0	0	2
tlm_inverse_gcd_forward_compare	1724354	1725372	1018	184	0	42	43
tlm_inverse_gcd_forward_body	1725372	1728046	2674	321	2	180	182
tlm_apply_inverse_fold	1728046	1729766	1720	310	0	54	62
tlm_apply_inverse_swap	1729766	1730534	768	256	0	0	0
tlm_apply_inverse_mod_sub_register	1730534	1735621	5087	601	4	344	348
tlm_apply_inverse_mod_sub_fold	1735621	1736280	659	55	2	55	55
tlm_apply_inverse_mod_sub_clean	1736280	1736596	316	19	0	20	22
tlm_inverse_gcd_forward_codec	1736596	1736763	167	16	0	4	7
tlm_inverse_gcd_forward_shift	1736763	1737325	562	139	0	0	2
tlm_inverse_gcd_forward_compare	1737325	1738340	1015	183	0	42	43
tlm_inverse_gcd_forward_body	1738340	1740999	2659	319	2	179	181
tlm_apply_inverse_fold	1740999	1742719	1720	310	0	54	62
tlm_apply_inverse_swap	1742719	1743487	768	256	0	0	0
tlm_apply_inverse_mod_sub_register	1743487	1748574	5087	601	4	344	348
tlm_apply_inverse_mod_sub_fold	1748574	1749233	659	55	2	55	55
tlm_apply_inverse_mod_sub_clean	1749233	1749549	316	19	0	20	22
tlm_inverse_gcd_forward_codec	1749549	1749552	3	0	0	0	0
tlm_inverse_gcd_forward_shift	1749552	1750110	558	138	0	0	2
tlm_inverse_gcd_forward_compare	1750110	1751136	1026	183	0	43	44
tlm_inverse_gcd_forward_body	1751136	1753780	2644	317	2	178	180
tlm_apply_inverse_fold	1753780	1755500	1720	310	0	54	62
tlm_apply_inverse_swap	1755500	1756268	768	256	0	0	0
tlm_apply_inverse_mod_sub_register	1756268	1761355	5087	601	4	344	348
tlm_apply_inverse_mod_sub_fold	1761355	1762014	659	55	2	55	55
tlm_apply_inverse_mod_sub_clean	1762014	1762330	316	19	0	20	22
tlm_inverse_gcd_forward_codec	1762330	1762333	3	0	0	0	0
tlm_inverse_gcd_forward_shift	1762333	1762887	554	137	0	0	2
tlm_inverse_gcd_forward_compare	1762887	1763896	1009	181	0	42	43
tlm_inverse_gcd_forward_body	1763896	1766525	2629	315	2	177	179
tlm_apply_inverse_fold	1766525	1768245	1720	310	0	54	62
tlm_apply_inverse_swap	1768245	1769013	768	256	0	0	0
tlm_apply_inverse_mod_sub_register	1769013	1774100	5087	601	4	344	348
tlm_apply_inverse_mod_sub_fold	1774100	1774759	659	55	2	55	55
tlm_apply_inverse_mod_sub_clean	1774759	1775075	316	19	0	20	22
tlm_inverse_gcd_forward_codec	1775075	1775242	167	16	0	4	7
tlm_inverse_gcd_forward_shift	1775242	1775792	550	136	0	0	2
tlm_inverse_gcd_forward_compare	1775792	1776798	1006	180	0	42	43
tlm_inverse_gcd_forward_body	1776798	1779412	2614	313	2	176	178
tlm_apply_inverse_fold	1779412	1781132	1720	310	0	54	62
tlm_apply_inverse_swap	1781132	1781900	768	256	0	0	0
tlm_apply_inverse_mod_sub_register	1781900	1786987	5087	601	4	344	348
tlm_apply_inverse_mod_sub_fold	1786987	1787646	659	55	2	55	55
tlm_apply_inverse_mod_sub_clean	1787646	1787962	316	19	0	20	22
tlm_inverse_gcd_forward_codec	1787962	1787965	3	0	0	0	0
tlm_inverse_gcd_forward_shift	1787965	1788511	546	135	0	0	2
tlm_inverse_gcd_forward_compare	1788511	1789514	1003	179	0	42	43
tlm_inverse_gcd_forward_body	1789514	1792113	2599	311	2	175	177
tlm_apply_inverse_fold	1792113	1793833	1720	310	0	54	62
tlm_apply_inverse_swap	1793833	1794601	768	256	0	0	0
tlm_apply_inverse_mod_sub_register	1794601	1799688	5087	601	4	344	348
tlm_apply_inverse_mod_sub_fold	1799688	1800347	659	55	2	55	55
tlm_apply_inverse_mod_sub_clean	1800347	1800663	316	19	0	20	22
tlm_inverse_gcd_forward_codec	1800663	1800666	3	0	0	0	0
tlm_inverse_gcd_forward_shift	1800666	1801208	542	134	0	0	2
tlm_inverse_gcd_forward_compare	1801208	1802208	1000	178	0	42	43
tlm_inverse_gcd_forward_body	1802208	1804792	2584	309	2	174	176
tlm_apply_inverse_fold	1804792	1806512	1720	310	0	54	62
tlm_apply_inverse_swap	1806512	1807280	768	256	0	0	0
tlm_apply_inverse_mod_sub_register	1807280	1812367	5087	601	4	344	348
tlm_apply_inverse_mod_sub_fold	1812367	1813026	659	55	2	55	55
tlm_apply_inverse_mod_sub_clean	1813026	1813342	316	19	0	20	22
tlm_inverse_gcd_forward_codec	1813342	1813509	167	16	0	4	7
tlm_inverse_gcd_forward_shift	1813509	1814047	538	133	0	0	2
tlm_inverse_gcd_forward_compare	1814047	1815058	1011	178	0	43	44
tlm_inverse_gcd_forward_body	1815058	1817627	2569	307	2	173	175
tlm_apply_inverse_fold	1817627	1819347	1720	310	0	54	62
tlm_apply_inverse_swap	1819347	1820115	768	256	0	0	0
tlm_apply_inverse_mod_sub_register	1820115	1825202	5087	601	4	344	348
tlm_apply_inverse_mod_sub_fold	1825202	1825861	659	55	2	55	55
tlm_apply_inverse_mod_sub_clean	1825861	1826177	316	19	0	20	22
tlm_inverse_gcd_forward_codec	1826177	1826180	3	0	0	0	0
tlm_inverse_gcd_forward_shift	1826180	1826714	534	132	0	0	2
tlm_inverse_gcd_forward_compare	1826714	1827722	1008	177	0	43	44
tlm_inverse_gcd_forward_body	1827722	1830276	2554	305	2	172	174
tlm_apply_inverse_fold	1830276	1831996	1720	310	0	54	62
tlm_apply_inverse_swap	1831996	1832764	768	256	0	0	0
tlm_apply_inverse_mod_sub_register	1832764	1837851	5087	601	4	344	348
tlm_apply_inverse_mod_sub_fold	1837851	1838510	659	55	2	55	55
tlm_apply_inverse_mod_sub_clean	1838510	1838826	316	19	0	20	22
tlm_inverse_gcd_forward_codec	1838826	1838829	3	0	0	0	0
tlm_inverse_gcd_forward_shift	1838829	1839359	530	131	0	0	2
tlm_inverse_gcd_forward_compare	1839359	1840364	1005	176	0	43	44
tlm_inverse_gcd_forward_body	1840364	1842903	2539	303	2	171	173
tlm_apply_inverse_fold	1842903	1844623	1720	310	0	54	62
tlm_apply_inverse_swap	1844623	1845391	768	256	0	0	0
tlm_apply_inverse_mod_sub_register	1845391	1850478	5087	601	4	344	348
tlm_apply_inverse_mod_sub_fold	1850478	1851137	659	55	2	55	55
tlm_apply_inverse_mod_sub_clean	1851137	1851453	316	19	0	20	22
tlm_inverse_gcd_forward_codec	1851453	1851620	167	16	0	4	7
tlm_inverse_gcd_forward_shift	1851620	1852146	526	130	0	0	2
tlm_inverse_gcd_forward_compare	1852146	1853148	1002	175	0	43	44
tlm_inverse_gcd_forward_body	1853148	1855672	2524	301	2	170	172
tlm_apply_inverse_fold	1855672	1857392	1720	310	0	54	62
tlm_apply_inverse_swap	1857392	1858160	768	256	0	0	0
tlm_apply_inverse_mod_sub_register	1858160	1863247	5087	601	4	344	348
tlm_apply_inverse_mod_sub_fold	1863247	1863906	659	55	2	55	55
tlm_apply_inverse_mod_sub_clean	1863906	1864222	316	19	0	20	22
tlm_inverse_gcd_forward_codec	1864222	1864225	3	0	0	0	0
tlm_inverse_gcd_forward_shift	1864225	1864747	522	129	0	0	2
tlm_inverse_gcd_forward_compare	1864747	1865732	985	173	0	42	43
tlm_inverse_gcd_forward_body	1865732	1868241	2509	299	2	169	171
tlm_apply_inverse_fold	1868241	1869961	1720	310	0	54	62
tlm_apply_inverse_swap	1869961	1870729	768	256	0	0	0
tlm_apply_inverse_mod_sub_register	1870729	1875816	5087	601	4	344	348
tlm_apply_inverse_mod_sub_fold	1875816	1876475	659	55	2	55	55
tlm_apply_inverse_mod_sub_clean	1876475	1876791	316	19	0	20	22
tlm_inverse_gcd_forward_codec	1876791	1876794	3	0	0	0	0
tlm_inverse_gcd_forward_shift	1876794	1877312	518	128	0	0	2
tlm_inverse_gcd_forward_compare	1877312	1878322	1010	174	0	44	45
tlm_inverse_gcd_forward_body	1878322	1880816	2494	297	2	168	170
tlm_apply_inverse_fold	1880816	1882536	1720	310	0	54	62
tlm_apply_inverse_swap	1882536	1883304	768	256	0	0	0
tlm_apply_inverse_mod_sub_register	1883304	1888391	5087	601	4	344	348
tlm_apply_inverse_mod_sub_fold	1888391	1889050	659	55	2	55	55
tlm_apply_inverse_mod_sub_clean	1889050	1889366	316	19	0	20	22
tlm_inverse_gcd_forward_codec	1889366	1889533	167	16	0	4	7
tlm_inverse_gcd_forward_shift	1889533	1890047	514	127	0	0	2
tlm_inverse_gcd_forward_compare	1890047	1891054	1007	173	0	44	45
tlm_inverse_gcd_forward_body	1891054	1893533	2479	295	2	167	169
tlm_apply_inverse_fold	1893533	1895253	1720	310	0	54	62
tlm_apply_inverse_swap	1895253	1896021	768	256	0	0	0
tlm_apply_inverse_mod_sub_register	1896021	1901108	5087	601	4	344	348
tlm_apply_inverse_mod_sub_fold	1901108	1901767	659	55	2	55	55
tlm_apply_inverse_mod_sub_clean	1901767	1902083	316	19	0	20	22
tlm_inverse_gcd_forward_codec	1902083	1902086	3	0	0	0	0
tlm_inverse_gcd_forward_shift	1902086	1902596	510	126	0	0	2
tlm_inverse_gcd_forward_compare	1902596	1903586	990	171	0	43	44
tlm_inverse_gcd_forward_body	1903586	1906050	2464	293	2	166	168
tlm_apply_inverse_fold	1906050	1907770	1720	310	0	54	62
tlm_apply_inverse_swap	1907770	1908538	768	256	0	0	0
tlm_apply_inverse_mod_sub_register	1908538	1913625	5087	601	4	344	348
tlm_apply_inverse_mod_sub_fold	1913625	1914284	659	55	2	55	55
tlm_apply_inverse_mod_sub_clean	1914284	1914600	316	19	0	20	22
tlm_inverse_gcd_forward_codec	1914600	1914603	3	0	0	0	0
tlm_inverse_gcd_forward_shift	1914603	1915109	506	125	0	0	2
tlm_inverse_gcd_forward_compare	1915109	1916096	987	170	0	43	44
tlm_inverse_gcd_forward_body	1916096	1918545	2449	291	2	165	167
tlm_apply_inverse_fold	1918545	1920265	1720	310	0	54	62
tlm_apply_inverse_swap	1920265	1921033	768	256	0	0	0
tlm_apply_inverse_mod_sub_register	1921033	1926120	5087	601	4	344	348
tlm_apply_inverse_mod_sub_fold	1926120	1926779	659	55	2	55	55
tlm_apply_inverse_mod_sub_clean	1926779	1927095	316	19	0	20	22
tlm_inverse_gcd_forward_codec	1927095	1927262	167	16	0	4	7
tlm_inverse_gcd_forward_shift	1927262	1927762	500	123	0	0	4
tlm_inverse_gcd_forward_compare	1927762	1928743	981	168	0	43	44
tlm_inverse_gcd_forward_body	1928743	1931162	2419	287	2	163	165
tlm_apply_inverse_fold	1931162	1932882	1720	310	0	54	62
tlm_apply_inverse_swap	1932882	1933650	768	256	0	0	0
tlm_apply_inverse_mod_sub_register	1933650	1938737	5087	601	4	344	348
tlm_apply_inverse_mod_sub_fold	1938737	1939396	659	55	2	55	55
tlm_apply_inverse_mod_sub_clean	1939396	1939712	316	19	0	20	22
tlm_inverse_gcd_forward_codec	1939712	1939715	3	0	0	0	0
tlm_inverse_gcd_forward_shift	1939715	1940211	496	123	0	0	0
tlm_inverse_gcd_forward_compare	1940211	1941192	981	168	0	43	44
tlm_inverse_gcd_forward_body	1941192	1943611	2419	287	2	163	165
tlm_apply_inverse_fold	1943611	1945331	1720	310	0	54	62
tlm_apply_inverse_swap	1945331	1946099	768	256	0	0	0
tlm_apply_inverse_mod_sub_register	1946099	1951186	5087	601	4	344	348
tlm_apply_inverse_mod_sub_fold	1951186	1951845	659	55	2	55	55
tlm_apply_inverse_mod_sub_clean	1951845	1952161	316	19	0	20	22
tlm_inverse_gcd_forward_codec	1952161	1952164	3	0	0	0	0
tlm_inverse_gcd_forward_shift	1952164	1952658	494	122	0	0	2
tlm_inverse_gcd_forward_compare	1952658	1953650	992	168	0	44	45
tlm_inverse_gcd_forward_body	1953650	1956054	2404	285	2	162	164
tlm_apply_inverse_fold	1956054	1957774	1720	310	0	54	62
tlm_apply_inverse_swap	1957774	1958542	768	256	0	0	0
tlm_apply_inverse_mod_sub_register	1958542	1963629	5087	601	4	344	348
tlm_apply_inverse_mod_sub_fold	1963629	1964288	659	55	2	55	55
tlm_apply_inverse_mod_sub_clean	1964288	1964604	316	19	0	20	22
tlm_inverse_gcd_forward_codec	1964604	1964771	167	16	0	4	7
tlm_inverse_gcd_forward_shift	1964771	1965261	490	121	0	0	2
tlm_inverse_gcd_forward_compare	1965261	1966236	975	166	0	43	44
tlm_inverse_gcd_forward_body	1966236	1968625	2389	283	2	161	163
tlm_apply_inverse_fold	1968625	1970345	1720	310	0	54	62
tlm_apply_inverse_swap	1970345	1971113	768	256	0	0	0
tlm_apply_inverse_mod_sub_register	1971113	1976200	5087	601	4	344	348
tlm_apply_inverse_mod_sub_fold	1976200	1976859	659	55	2	55	55
tlm_apply_inverse_mod_sub_clean	1976859	1977175	316	19	0	20	22
tlm_inverse_gcd_forward_codec	1977175	1977178	3	0	0	0	0
tlm_inverse_gcd_forward_shift	1977178	1977664	486	120	0	0	2
tlm_inverse_gcd_forward_compare	1977664	1978650	986	166	0	44	45
tlm_inverse_gcd_forward_body	1978650	1981024	2374	281	2	160	162
tlm_apply_inverse_fold	1981024	1982744	1720	310	0	54	62
tlm_apply_inverse_swap	1982744	1983512	768	256	0	0	0
tlm_apply_inverse_mod_sub_register	1983512	1988599	5087	601	4	344	348
tlm_apply_inverse_mod_sub_fold	1988599	1989258	659	55	2	55	55
tlm_apply_inverse_mod_sub_clean	1989258	1989574	316	19	0	20	22
tlm_inverse_gcd_forward_codec	1989574	1989577	3	0	0	0	0
tlm_inverse_gcd_forward_shift	1989577	1990059	482	119	0	0	2
tlm_inverse_gcd_forward_compare	1990059	1991042	983	165	0	44	45
tlm_inverse_gcd_forward_body	1991042	1993401	2359	279	2	159	161
tlm_apply_inverse_fold	1993401	1995121	1720	310	0	54	62
tlm_apply_inverse_swap	1995121	1995889	768	256	0	0	0
tlm_apply_inverse_mod_sub_register	1995889	2000976	5087	601	4	344	348
tlm_apply_inverse_mod_sub_fold	2000976	2001635	659	55	2	55	55
tlm_apply_inverse_mod_sub_clean	2001635	2001951	316	19	0	20	22
tlm_inverse_gcd_forward_codec	2001951	2002118	167	16	0	4	7
tlm_inverse_gcd_forward_shift	2002118	2002596	478	118	0	0	2
tlm_inverse_gcd_forward_compare	2002596	2003576	980	164	0	44	45
tlm_inverse_gcd_forward_body	2003576	2005920	2344	277	2	158	160
tlm_apply_inverse_fold	2005920	2007640	1720	310	0	54	62
tlm_apply_inverse_swap	2007640	2008408	768	256	0	0	0
tlm_apply_inverse_mod_sub_register	2008408	2013495	5087	601	4	344	348
tlm_apply_inverse_mod_sub_fold	2013495	2014154	659	55	2	55	55
tlm_apply_inverse_mod_sub_clean	2014154	2014470	316	19	0	20	22
tlm_inverse_gcd_forward_codec	2014470	2014473	3	0	0	0	0
tlm_inverse_gcd_forward_shift	2014473	2014947	474	117	0	0	2
tlm_inverse_gcd_forward_compare	2014947	2015924	977	163	0	44	45
tlm_inverse_gcd_forward_body	2015924	2018253	2329	275	2	157	159
tlm_apply_inverse_fold	2018253	2019973	1720	310	0	54	62
tlm_apply_inverse_swap	2019973	2020741	768	256	0	0	0
tlm_apply_inverse_mod_sub_register	2020741	2025828	5087	601	4	344	348
tlm_apply_inverse_mod_sub_fold	2025828	2026487	659	55	2	55	55
tlm_apply_inverse_mod_sub_clean	2026487	2026803	316	19	0	20	22
tlm_inverse_gcd_forward_codec	2026803	2026806	3	0	0	0	0
tlm_inverse_gcd_forward_shift	2026806	2027276	470	116	0	0	2
tlm_inverse_gcd_forward_compare	2027276	2028250	974	162	0	44	45
tlm_inverse_gcd_forward_body	2028250	2030564	2314	273	2	156	158
tlm_apply_inverse_fold	2030564	2032276	1712	310	0	53	61
tlm_apply_inverse_swap	2032276	2033044	768	256	0	0	0
tlm_apply_inverse_mod_sub_register	2033044	2038444	5400	623	5	366	371
tlm_apply_inverse_mod_sub_fold	2038444	2039097	653	55	1	55	55
tlm_apply_inverse_mod_sub_clean	2039097	2039413	316	19	0	20	22
tlm_inverse_gcd_forward_codec	2039413	2039580	167	16	0	4	7
tlm_inverse_gcd_forward_shift	2039580	2040046	466	115	0	0	2
tlm_inverse_gcd_forward_compare	2040046	2041031	985	162	0	45	46
tlm_inverse_gcd_forward_body	2041031	2043330	2299	271	2	155	157
tlm_apply_inverse_fold	2043330	2045050	1720	310	0	54	62
tlm_apply_inverse_swap	2045050	2045818	768	256	0	0	0
tlm_apply_inverse_mod_sub_register	2045818	2050905	5087	601	4	344	348
tlm_apply_inverse_mod_sub_fold	2050905	2051564	659	55	2	55	55
tlm_apply_inverse_mod_sub_clean	2051564	2051880	316	19	0	20	22
tlm_inverse_gcd_forward_codec	2051880	2051883	3	0	0	0	0
tlm_inverse_gcd_forward_shift	2051883	2052345	462	114	0	0	2
tlm_inverse_gcd_forward_compare	2052345	2053313	968	160	0	44	45
tlm_inverse_gcd_forward_body	2053313	2055597	2284	269	2	154	156
tlm_apply_inverse_fold	2055597	2057309	1712	310	0	53	61
tlm_apply_inverse_swap	2057309	2058077	768	256	0	0	0
tlm_apply_inverse_mod_sub_register	2058077	2063477	5400	623	5	366	371
tlm_apply_inverse_mod_sub_fold	2063477	2064130	653	55	1	55	55
tlm_apply_inverse_mod_sub_clean	2064130	2064446	316	19	0	20	22
tlm_inverse_gcd_forward_codec	2064446	2064449	3	0	0	0	0
tlm_inverse_gcd_forward_shift	2064449	2064905	456	112	0	0	4
tlm_inverse_gcd_forward_compare	2064905	2065867	962	158	0	44	45
tlm_inverse_gcd_forward_body	2065867	2068121	2254	265	2	152	154
tlm_apply_inverse_fold	2068121	2069841	1720	310	0	54	62
tlm_apply_inverse_swap	2069841	2070609	768	256	0	0	0
tlm_apply_inverse_mod_sub_register	2070609	2075696	5087	601	4	344	348
tlm_apply_inverse_mod_sub_fold	2075696	2076355	659	55	2	55	55
tlm_apply_inverse_mod_sub_clean	2076355	2076671	316	19	0	20	22
tlm_inverse_gcd_forward_codec	2076671	2076838	167	16	0	4	7
tlm_inverse_gcd_forward_shift	2076838	2077288	450	111	0	0	2
tlm_inverse_gcd_forward_compare	2077288	2078247	959	157	0	44	45
tlm_inverse_gcd_forward_body	2078247	2080486	2239	263	2	151	153
tlm_apply_inverse_fold	2080486	2082206	1720	310	0	54	62
tlm_apply_inverse_swap	2082206	2082974	768	256	0	0	0
tlm_apply_inverse_mod_sub_register	2082974	2088061	5087	601	4	344	348
tlm_apply_inverse_mod_sub_fold	2088061	2088720	659	55	2	55	55
tlm_apply_inverse_mod_sub_clean	2088720	2089036	316	19	0	20	22
tlm_inverse_gcd_forward_codec	2089036	2089039	3	0	0	0	0
tlm_inverse_gcd_forward_shift	2089039	2089485	446	110	0	0	2
tlm_inverse_gcd_forward_compare	2089485	2090427	942	155	0	43	44
tlm_inverse_gcd_forward_body	2090427	2092651	2224	261	2	150	152
tlm_apply_inverse_fold	2092651	2094371	1720	310	0	54	62
tlm_apply_inverse_swap	2094371	2095139	768	256	0	0	0
tlm_apply_inverse_mod_sub_register	2095139	2100226	5087	601	4	344	348
tlm_apply_inverse_mod_sub_fold	2100226	2100885	659	55	2	55	55
tlm_apply_inverse_mod_sub_clean	2100885	2101201	316	19	0	20	22
tlm_inverse_gcd_forward_codec	2101201	2101204	3	0	0	0	0
tlm_inverse_gcd_forward_shift	2101204	2101646	442	109	0	0	2
tlm_inverse_gcd_forward_compare	2101646	2102599	953	155	0	44	45
tlm_inverse_gcd_forward_body	2102599	2104808	2209	259	2	149	151
tlm_apply_inverse_fold	2104808	2106520	1712	310	0	53	61
tlm_apply_inverse_swap	2106520	2107288	768	256	0	0	0
tlm_apply_inverse_mod_sub_register	2107288	2112688	5400	623	5	366	371
tlm_apply_inverse_mod_sub_fold	2112688	2113341	653	55	1	55	55
tlm_apply_inverse_mod_sub_clean	2113341	2113657	316	19	0	20	22
tlm_inverse_gcd_forward_codec	2113657	2113824	167	16	0	4	7
tlm_inverse_gcd_forward_shift	2113824	2114262	438	108	0	0	2
tlm_inverse_gcd_forward_compare	2114262	2115212	950	154	0	44	45
tlm_inverse_gcd_forward_body	2115212	2117406	2194	257	2	148	150
tlm_apply_inverse_fold	2117406	2119126	1720	310	0	54	62
tlm_apply_inverse_swap	2119126	2119894	768	256	0	0	0
tlm_apply_inverse_mod_sub_register	2119894	2124981	5087	601	4	344	348
tlm_apply_inverse_mod_sub_fold	2124981	2125640	659	55	2	55	55
tlm_apply_inverse_mod_sub_clean	2125640	2125956	316	19	0	20	22
tlm_inverse_gcd_forward_codec	2125956	2125959	3	0	0	0	0
tlm_inverse_gcd_forward_shift	2125959	2126393	434	107	0	0	2
tlm_inverse_gcd_forward_compare	2126393	2127340	947	153	0	44	45
tlm_inverse_gcd_forward_body	2127340	2129519	2179	255	2	147	149
tlm_apply_inverse_fold	2129519	2131231	1712	310	0	53	61
tlm_apply_inverse_swap	2131231	2131999	768	256	0	0	0
tlm_apply_inverse_mod_sub_register	2131999	2137399	5400	623	5	366	371
tlm_apply_inverse_mod_sub_fold	2137399	2138052	653	55	1	55	55
tlm_apply_inverse_mod_sub_clean	2138052	2138368	316	19	0	20	22
tlm_inverse_gcd_forward_codec	2138368	2138371	3	0	0	0	0
tlm_inverse_gcd_forward_shift	2138371	2138803	432	107	0	0	0
tlm_inverse_gcd_forward_compare	2138803	2139764	961	154	0	45	46
tlm_inverse_gcd_forward_body	2139764	2141943	2179	255	2	147	149
tlm_apply_inverse_fold	2141943	2143646	1703	315	0	51	60
tlm_apply_inverse_swap	2143646	2144414	768	256	0	0	0
tlm_apply_inverse_mod_sub_register	2144414	2149814	5400	623	5	366	371
tlm_apply_inverse_mod_sub_fold	2149814	2150509	695	58	3	58	58
tlm_apply_inverse_mod_sub_clean	2150509	2150825	316	19	0	20	22
tlm_inverse_gcd_forward_codec	2150825	2150992	167	16	0	4	7
tlm_inverse_gcd_forward_shift	2150992	2151420	428	105	0	0	4
tlm_inverse_gcd_forward_compare	2151420	2152361	941	151	0	44	45
tlm_inverse_gcd_forward_body	2152361	2154510	2149	251	2	145	147
tlm_apply_inverse_fold	2154510	2156222	1712	310	0	53	61
tlm_apply_inverse_swap	2156222	2156990	768	256	0	0	0
tlm_apply_inverse_mod_sub_register	2156990	2162390	5400	623	5	366	371
tlm_apply_inverse_mod_sub_fold	2162390	2163043	653	55	1	55	55
tlm_apply_inverse_mod_sub_clean	2163043	2163359	316	19	0	20	22
tlm_inverse_gcd_forward_codec	2163359	2163362	3	0	0	0	0
tlm_inverse_gcd_forward_shift	2163362	2163786	424	105	0	0	0
tlm_inverse_gcd_forward_compare	2163786	2164755	969	153	0	46	47
tlm_inverse_gcd_forward_body	2164755	2166904	2149	251	2	145	147
tlm_apply_inverse_fold	2166904	2168607	1703	315	0	51	60
tlm_apply_inverse_swap	2168607	2169375	768	256	0	0	0
tlm_apply_inverse_mod_sub_register	2169375	2174775	5400	623	5	366	371
tlm_apply_inverse_mod_sub_fold	2174775	2175470	695	58	3	58	58
tlm_apply_inverse_mod_sub_clean	2175470	2175786	316	19	0	20	22
tlm_inverse_gcd_forward_codec	2175786	2175789	3	0	0	0	0
tlm_inverse_gcd_forward_shift	2175789	2176209	420	103	0	0	4
tlm_inverse_gcd_forward_compare	2176209	2177158	949	150	0	45	46
tlm_inverse_gcd_forward_body	2177158	2179277	2119	247	2	143	145
tlm_apply_inverse_fold	2179277	2180981	1704	314	0	51	59
tlm_apply_inverse_swap	2180981	2181749	768	256	0	0	0
tlm_apply_inverse_mod_sub_register	2181749	2187149	5400	623	5	366	371
tlm_apply_inverse_mod_sub_fold	2187149	2187828	679	57	2	57	57
tlm_apply_inverse_mod_sub_clean	2187828	2188144	316	19	0	20	22
tlm_inverse_gcd_forward_codec	2188144	2188311	167	16	0	4	7
tlm_inverse_gcd_forward_shift	2188311	2188725	414	102	0	0	2
tlm_inverse_gcd_forward_compare	2188725	2189657	932	148	0	44	45
tlm_inverse_gcd_forward_body	2189657	2191761	2104	245	2	142	144
tlm_apply_inverse_fold	2191761	2193469	1708	312	0	52	60
tlm_apply_inverse_swap	2193469	2194237	768	256	0	0	0
tlm_apply_inverse_mod_sub_register	2194237	2199637	5400	623	5	366	371
tlm_apply_inverse_mod_sub_fold	2199637	2200316	679	57	2	57	57
tlm_apply_inverse_mod_sub_clean	2200316	2200632	316	19	0	20	22
tlm_inverse_gcd_forward_codec	2200632	2200635	3	0	0	0	0
tlm_inverse_gcd_forward_shift	2200635	2201045	410	101	0	0	2
tlm_inverse_gcd_forward_compare	2201045	2202002	957	149	0	46	47
tlm_inverse_gcd_forward_body	2202002	2204091	2089	243	2	141	143
tlm_apply_inverse_fold	2204091	2205795	1704	314	0	51	59
tlm_apply_inverse_swap	2205795	2206563	768	256	0	0	0
tlm_apply_inverse_mod_sub_register	2206563	2211963	5400	623	5	366	371
tlm_apply_inverse_mod_sub_fold	2211963	2212642	679	57	2	57	57
tlm_apply_inverse_mod_sub_clean	2212642	2212958	316	19	0	20	22
tlm_inverse_gcd_forward_codec	2212958	2212961	3	0	0	0	0
tlm_inverse_gcd_forward_shift	2212961	2213367	406	100	0	0	2
tlm_inverse_gcd_forward_compare	2213367	2214307	940	147	0	45	46
tlm_inverse_gcd_forward_body	2214307	2216381	2074	241	2	140	142
tlm_apply_inverse_fold	2216381	2218084	1703	315	0	51	60
tlm_apply_inverse_swap	2218084	2218852	768	256	0	0	0
tlm_apply_inverse_mod_sub_register	2218852	2224252	5400	623	5	366	371
tlm_apply_inverse_mod_sub_fold	2224252	2224931	679	57	2	57	57
tlm_apply_inverse_mod_sub_clean	2224931	2225247	316	19	0	20	22
tlm_inverse_gcd_forward_codec	2225247	2225414	167	16	0	4	7
tlm_inverse_gcd_forward_shift	2225414	2225816	402	99	0	0	2
tlm_inverse_gcd_forward_compare	2225816	2226753	937	146	0	45	46
tlm_inverse_gcd_forward_body	2226753	2228812	2059	239	2	139	141
tlm_apply_inverse_fold	2228812	2230516	1704	314	0	51	59
tlm_apply_inverse_swap	2230516	2231284	768	256	0	0	0
tlm_apply_inverse_mod_sub_register	2231284	2236684	5400	623	5	366	371
tlm_apply_inverse_mod_sub_fold	2236684	2237363	679	57	2	57	57
tlm_apply_inverse_mod_sub_clean	2237363	2237679	316	19	0	20	22
tlm_inverse_gcd_forward_codec	2237679	2237682	3	0	0	0	0
tlm_inverse_gcd_forward_shift	2237682	2238080	398	98	0	0	2
tlm_inverse_gcd_forward_compare	2238080	2239014	934	145	0	45	46
tlm_inverse_gcd_forward_body	2239014	2241058	2044	237	2	138	140
tlm_apply_inverse_fold	2241058	2242761	1703	315	0	51	60
tlm_apply_inverse_swap	2242761	2243529	768	256	0	0	0
tlm_apply_inverse_mod_sub_register	2243529	2248929	5400	623	5	366	371
tlm_apply_inverse_mod_sub_fold	2248929	2249608	679	57	2	57	57
tlm_apply_inverse_mod_sub_clean	2249608	2249924	316	19	0	20	22
tlm_inverse_gcd_forward_codec	2249924	2249927	3	0	0	0	0
tlm_inverse_gcd_forward_shift	2249927	2250321	394	97	0	0	2
tlm_inverse_gcd_forward_compare	2250321	2251252	931	144	0	45	46
tlm_inverse_gcd_forward_body	2251252	2253281	2029	235	2	137	139
tlm_apply_inverse_fold	2253281	2254980	1699	317	0	50	59
tlm_apply_inverse_swap	2254980	2255748	768	256	0	0	0
tlm_apply_inverse_mod_sub_register	2255748	2261148	5400	623	5	366	371
tlm_apply_inverse_mod_sub_fold	2261148	2261827	679	57	2	57	57
tlm_apply_inverse_mod_sub_clean	2261827	2262143	316	19	0	20	22
tlm_inverse_gcd_forward_codec	2262143	2262310	167	16	0	4	7
tlm_inverse_gcd_forward_shift	2262310	2262700	390	96	0	0	2
tlm_inverse_gcd_forward_compare	2262700	2263628	928	143	0	45	46
tlm_inverse_gcd_forward_body	2263628	2265357	1729	213	1	116	117
tlm_apply_inverse_fold	2265357	2267060	1703	315	0	51	60
tlm_apply_inverse_swap	2267060	2267828	768	256	0	0	0
tlm_apply_inverse_mod_sub_register	2267828	2273228	5400	623	5	366	371
tlm_apply_inverse_mod_sub_fold	2273228	2273907	679	57	2	57	57
tlm_apply_inverse_mod_sub_clean	2273907	2274223	316	19	0	20	22
tlm_inverse_gcd_forward_codec	2274223	2274226	3	0	0	0	0
tlm_inverse_gcd_forward_shift	2274226	2274612	386	95	0	0	2
tlm_inverse_gcd_forward_compare	2274612	2275551	939	143	0	46	47
tlm_inverse_gcd_forward_body	2275551	2277550	1999	231	2	135	137
tlm_apply_inverse_fold	2277550	2279249	1699	317	0	50	59
tlm_apply_inverse_swap	2279249	2280017	768	256	0	0	0
tlm_apply_inverse_mod_sub_register	2280017	2285417	5400	623	5	366	371
tlm_apply_inverse_mod_sub_fold	2285417	2286096	679	57	2	57	57
tlm_apply_inverse_mod_sub_clean	2286096	2286412	316	19	0	20	22
tlm_inverse_gcd_forward_codec	2286412	2286415	3	0	0	0	0
tlm_inverse_gcd_forward_shift	2286415	2286797	382	94	0	0	2
tlm_inverse_gcd_forward_compare	2286797	2287719	922	141	0	45	46
tlm_inverse_gcd_forward_body	2287719	2289703	1984	229	2	134	136
tlm_apply_inverse_fold	2289703	2291398	1695	319	0	49	58
tlm_apply_inverse_swap	2291398	2292166	768	256	0	0	0
tlm_apply_inverse_mod_sub_register	2292166	2297566	5400	623	5	366	371
tlm_apply_inverse_mod_sub_fold	2297566	2298245	679	57	2	57	57
tlm_apply_inverse_mod_sub_clean	2298245	2298561	316	19	0	20	22
tlm_inverse_gcd_forward_codec	2298561	2298728	167	16	0	4	7
tlm_inverse_gcd_forward_shift	2298728	2299106	378	93	0	0	2
tlm_inverse_gcd_forward_compare	2299106	2300025	919	140	0	45	46
tlm_inverse_gcd_forward_body	2300025	2301709	1684	207	1	113	114
tlm_apply_inverse_fold	2301709	2303408	1699	317	0	50	59
tlm_apply_inverse_swap	2303408	2304176	768	256	0	0	0
tlm_apply_inverse_mod_sub_register	2304176	2309576	5400	623	5	366	371
tlm_apply_inverse_mod_sub_fold	2309576	2310255	679	57	2	57	57
tlm_apply_inverse_mod_sub_clean	2310255	2310571	316	19	0	20	22
tlm_inverse_gcd_forward_codec	2310571	2310574	3	0	0	0	0
tlm_inverse_gcd_forward_shift	2310574	2310948	374	92	0	0	2
tlm_inverse_gcd_forward_compare	2310948	2311878	930	140	0	46	47
tlm_inverse_gcd_forward_body	2311878	2313547	1669	205	1	112	113
tlm_apply_inverse_fold	2313547	2315242	1695	319	0	49	58
tlm_apply_inverse_swap	2315242	2316010	768	256	0	0	0
tlm_apply_inverse_mod_sub_register	2316010	2321410	5400	623	5	366	371
tlm_apply_inverse_mod_sub_fold	2321410	2322089	679	57	2	57	57
tlm_apply_inverse_mod_sub_clean	2322089	2322405	316	19	0	20	22
tlm_inverse_gcd_forward_codec	2322405	2322408	3	0	0	0	0
tlm_inverse_gcd_forward_shift	2322408	2322778	370	91	0	0	2
tlm_inverse_gcd_forward_compare	2322778	2323705	927	139	0	46	47
tlm_inverse_gcd_forward_body	2323705	2325644	1939	223	2	131	133
tlm_apply_inverse_fold	2325644	2327339	1695	319	0	49	58
tlm_apply_inverse_swap	2327339	2328107	768	256	0	0	0
tlm_apply_inverse_mod_sub_register	2328107	2333507	5400	623	5	366	371
tlm_apply_inverse_mod_sub_fold	2333507	2334186	679	57	2	57	57
tlm_apply_inverse_mod_sub_clean	2334186	2334502	316	19	0	20	22
tlm_inverse_gcd_forward_codec	2334502	2334669	167	16	0	4	7
tlm_inverse_gcd_forward_shift	2334669	2335035	366	90	0	0	2
tlm_inverse_gcd_forward_compare	2335035	2335959	924	138	0	46	47
tlm_inverse_gcd_forward_body	2335959	2337598	1639	201	1	110	111
tlm_apply_inverse_fold	2337598	2339293	1695	319	0	49	58
tlm_apply_inverse_swap	2339293	2340061	768	256	0	0	0
tlm_apply_inverse_mod_sub_register	2340061	2345461	5400	623	5	366	371
tlm_apply_inverse_mod_sub_fold	2345461	2346140	679	57	2	57	57
tlm_apply_inverse_mod_sub_clean	2346140	2346456	316	19	0	20	22
tlm_inverse_gcd_forward_codec	2346456	2346459	3	0	0	0	0
tlm_inverse_gcd_forward_shift	2346459	2346821	362	89	0	0	2
tlm_inverse_gcd_forward_compare	2346821	2347756	935	138	0	47	48
tlm_inverse_gcd_forward_body	2347756	2349380	1624	199	1	109	110
tlm_apply_inverse_fold	2349380	2351075	1695	319	0	49	58
tlm_apply_inverse_swap	2351075	2351843	768	256	0	0	0
tlm_apply_inverse_mod_sub_register	2351843	2357243	5400	623	5	366	371
tlm_apply_inverse_mod_sub_fold	2357243	2357922	679	57	2	57	57
tlm_apply_inverse_mod_sub_clean	2357922	2358238	316	19	0	20	22
tlm_inverse_gcd_forward_codec	2358238	2358241	3	0	0	0	0
tlm_inverse_gcd_forward_shift	2358241	2358599	358	88	0	0	2
tlm_inverse_gcd_forward_compare	2358599	2359517	918	136	0	46	47
tlm_inverse_gcd_forward_body	2359517	2361126	1609	197	1	108	109
tlm_apply_inverse_fold	2361126	2362817	1691	321	0	48	57
tlm_apply_inverse_swap	2362817	2363585	768	256	0	0	0
tlm_apply_inverse_mod_sub_register	2363585	2368985	5400	623	5	366	371
tlm_apply_inverse_mod_sub_fold	2368985	2369670	685	59	2	57	57
tlm_apply_inverse_mod_sub_clean	2369670	2369986	316	19	0	20	22
tlm_inverse_gcd_forward_codec	2369986	2370153	167	16	0	4	7
tlm_inverse_gcd_forward_shift	2370153	2370507	354	87	0	0	2
tlm_inverse_gcd_forward_compare	2370507	2371422	915	135	0	46	47
tlm_inverse_gcd_forward_body	2371422	2373016	1594	195	1	107	108
tlm_apply_inverse_fold	2373016	2374711	1695	319	0	49	58
tlm_apply_inverse_swap	2374711	2375479	768	256	0	0	0
tlm_apply_inverse_mod_sub_register	2375479	2380879	5400	623	5	366	371
tlm_apply_inverse_mod_sub_fold	2380879	2381558	679	57	2	57	57
tlm_apply_inverse_mod_sub_clean	2381558	2381874	316	19	0	20	22
tlm_inverse_gcd_forward_codec	2381874	2381877	3	0	0	0	0
tlm_inverse_gcd_forward_shift	2381877	2382227	350	86	0	0	2
tlm_inverse_gcd_forward_compare	2382227	2383147	920	136	0	46	47
tlm_inverse_gcd_forward_body	2383147	2384726	1579	193	1	106	107
tlm_apply_inverse_fold	2384726	2386417	1691	321	0	48	57
tlm_apply_inverse_swap	2386417	2387185	768	256	0	0	0
tlm_apply_inverse_mod_sub_register	2387185	2392585	5400	623	5	366	371
tlm_apply_inverse_mod_sub_fold	2392585	2393270	685	59	2	57	57
tlm_apply_inverse_mod_sub_clean	2393270	2393586	316	19	0	20	22
tlm_inverse_gcd_forward_codec	2393586	2393589	3	0	0	0	0
tlm_inverse_gcd_forward_shift	2393589	2393935	346	85	0	0	2
tlm_inverse_gcd_forward_compare	2393935	2394838	903	134	0	45	46
tlm_inverse_gcd_forward_body	2394838	2396402	1564	191	1	105	106
tlm_apply_inverse_fold	2396402	2398089	1687	323	0	47	56
tlm_apply_inverse_swap	2398089	2398857	768	256	0	0	0
tlm_apply_inverse_mod_sub_register	2398857	2404570	5713	645	6	388	394
tlm_apply_inverse_mod_sub_fold	2404570	2405255	685	59	2	57	57
tlm_apply_inverse_mod_sub_clean	2405255	2405571	316	19	0	20	22
tlm_inverse_gcd_forward_codec	2405571	2405738	167	16	0	4	7
tlm_inverse_gcd_forward_shift	2405738	2406080	342	84	0	0	2
tlm_inverse_gcd_forward_compare	2406080	2406986	906	132	0	46	47
tlm_inverse_gcd_forward_body	2406986	2408535	1549	189	1	104	105
tlm_apply_inverse_fold	2408535	2410226	1691	321	0	48	57
tlm_apply_inverse_swap	2410226	2410994	768	256	0	0	0
tlm_apply_inverse_mod_sub_register	2410994	2416394	5400	623	5	366	371
tlm_apply_inverse_mod_sub_fold	2416394	2417079	685	59	2	57	57
tlm_apply_inverse_mod_sub_clean	2417079	2417395	316	19	0	20	22
tlm_inverse_gcd_forward_codec	2417395	2417398	3	0	0	0	0
tlm_inverse_gcd_forward_shift	2417398	2417736	338	83	0	0	2
tlm_inverse_gcd_forward_compare	2417736	2418641	905	134	0	45	46
tlm_inverse_gcd_forward_body	2418641	2420175	1534	187	1	103	104
tlm_apply_inverse_fold	2420175	2421862	1687	323	0	47	56
tlm_apply_inverse_swap	2421862	2422630	768	256	0	0	0
tlm_apply_inverse_mod_sub_register	2422630	2428343	5713	645	6	388	394
tlm_apply_inverse_mod_sub_fold	2428343	2429028	685	59	2	57	57
tlm_apply_inverse_mod_sub_clean	2429028	2429344	316	19	0	20	22
tlm_inverse_gcd_forward_codec	2429344	2429347	3	0	0	0	0
tlm_inverse_gcd_forward_shift	2429347	2429681	334	82	0	0	2
tlm_inverse_gcd_forward_compare	2429681	2430577	896	134	0	44	45
tlm_inverse_gcd_forward_body	2430577	2432096	1519	185	1	102	103
tlm_apply_inverse_fold	2432096	2433782	1686	326	0	47	55
tlm_apply_inverse_swap	2433782	2434550	768	256	0	0	0
tlm_apply_inverse_mod_sub_register	2434550	2440263	5713	645	6	388	394
tlm_apply_inverse_mod_sub_fold	2440263	2440968	705	61	2	59	59
tlm_apply_inverse_mod_sub_clean	2440968	2441284	316	19	0	20	22
tlm_inverse_gcd_forward_codec	2441284	2441451	167	16	0	4	7
tlm_inverse_gcd_forward_shift	2441451	2441781	330	81	0	0	2
tlm_inverse_gcd_forward_compare	2441781	2442680	899	132	0	45	46
tlm_inverse_gcd_forward_body	2442680	2444184	1504	183	1	101	102
tlm_apply_inverse_fold	2444184	2445871	1687	323	0	47	56
tlm_apply_inverse_swap	2445871	2446639	768	256	0	0	0
tlm_apply_inverse_mod_sub_register	2446639	2452352	5713	645	6	388	394
tlm_apply_inverse_mod_sub_fold	2452352	2453037	685	59	2	57	57
tlm_apply_inverse_mod_sub_clean	2453037	2453353	316	19	0	20	22
tlm_inverse_gcd_forward_codec	2453353	2453356	3	0	0	0	0
tlm_inverse_gcd_forward_shift	2453356	2453682	326	80	0	0	2
tlm_inverse_gcd_forward_compare	2453682	2454572	890	132	0	44	45
tlm_inverse_gcd_forward_body	2454572	2456061	1489	181	1	100	101
tlm_apply_inverse_fold	2456061	2457747	1686	326	0	47	55
tlm_apply_inverse_swap	2457747	2458515	768	256	0	0	0
tlm_apply_inverse_mod_sub_register	2458515	2464228	5713	645	6	388	394
tlm_apply_inverse_mod_sub_fold	2464228	2464933	705	61	2	59	59
tlm_apply_inverse_mod_sub_clean	2464933	2465249	316	19	0	20	22
tlm_inverse_gcd_forward_codec	2465249	2465252	3	0	0	0	0
tlm_inverse_gcd_forward_shift	2465252	2465574	322	79	0	0	2
tlm_inverse_gcd_forward_compare	2465574	2466455	881	132	0	43	44
tlm_inverse_gcd_forward_body	2466455	2467929	1474	179	1	99	100
tlm_apply_inverse_fold	2467929	2469611	1682	328	0	46	54
tlm_apply_inverse_swap	2469611	2470379	768	256	0	0	0
tlm_apply_inverse_mod_sub_register	2470379	2476092	5713	645	6	388	394
tlm_apply_inverse_mod_sub_fold	2476092	2476797	705	61	2	59	59
tlm_apply_inverse_mod_sub_clean	2476797	2477113	316	19	0	20	22
tlm_inverse_gcd_forward_codec	2477113	2477280	167	16	0	4	7
tlm_inverse_gcd_forward_shift	2477280	2477598	318	78	0	0	2
tlm_inverse_gcd_forward_compare	2477598	2478482	884	130	0	44	45
tlm_inverse_gcd_forward_body	2478482	2479941	1459	177	1	98	99
tlm_apply_inverse_fold	2479941	2481627	1686	326	0	47	55
tlm_apply_inverse_swap	2481627	2482395	768	256	0	0	0
tlm_apply_inverse_mod_sub_register	2482395	2488108	5713	645	6	388	394
tlm_apply_inverse_mod_sub_fold	2488108	2488813	705	61	2	59	59
tlm_apply_inverse_mod_sub_clean	2488813	2489129	316	19	0	20	22
tlm_inverse_gcd_forward_codec	2489129	2489132	3	0	0	0	0
tlm_inverse_gcd_forward_shift	2489132	2489446	314	77	0	0	2
tlm_inverse_gcd_forward_compare	2489446	2490321	875	130	0	43	44
tlm_inverse_gcd_forward_body	2490321	2491765	1444	175	1	97	98
tlm_apply_inverse_fold	2491765	2493447	1682	328	0	46	54
tlm_apply_inverse_swap	2493447	2494215	768	256	0	0	0
tlm_apply_inverse_mod_sub_register	2494215	2499928	5713	645	6	388	394
tlm_apply_inverse_mod_sub_fold	2499928	2500633	705	61	2	59	59
tlm_apply_inverse_mod_sub_clean	2500633	2500949	316	19	0	20	22
tlm_inverse_gcd_forward_codec	2500949	2500952	3	0	0	0	0
tlm_inverse_gcd_forward_shift	2500952	2501262	310	76	0	0	2
tlm_inverse_gcd_forward_compare	2501262	2502136	874	132	0	42	43
tlm_inverse_gcd_forward_body	2502136	2503565	1429	173	1	96	97
tlm_apply_inverse_fold	2503565	2505243	1678	330	0	45	53
tlm_apply_inverse_swap	2505243	2506011	768	256	0	0	0
tlm_apply_inverse_mod_sub_register	2506011	2511724	5713	645	6	388	394
tlm_apply_inverse_mod_sub_fold	2511724	2512455	731	63	3	61	61
tlm_apply_inverse_mod_sub_clean	2512455	2512771	316	19	0	20	22
tlm_inverse_gcd_forward_codec	2512771	2512938	167	16	0	4	7
tlm_inverse_gcd_forward_shift	2512938	2513244	306	75	0	0	2
tlm_inverse_gcd_forward_compare	2513244	2514129	885	132	0	43	44
tlm_inverse_gcd_forward_body	2514129	2515543	1414	171	1	95	96
tlm_apply_inverse_fold	2515543	2517225	1682	328	0	46	54
tlm_apply_inverse_swap	2517225	2517993	768	256	0	0	0
tlm_apply_inverse_mod_sub_register	2517993	2523706	5713	645	6	388	394
tlm_apply_inverse_mod_sub_fold	2523706	2524411	705	61	2	59	59
tlm_apply_inverse_mod_sub_clean	2524411	2524727	316	19	0	20	22
tlm_inverse_gcd_forward_codec	2524727	2524730	3	0	0	0	0
tlm_inverse_gcd_forward_shift	2524730	2525032	302	74	0	0	2
tlm_inverse_gcd_forward_compare	2525032	2525900	868	130	0	42	43
tlm_inverse_gcd_forward_body	2525900	2527299	1399	169	1	94	95
tlm_apply_inverse_fold	2527299	2528977	1678	330	0	45	53
tlm_apply_inverse_swap	2528977	2529745	768	256	0	0	0
tlm_apply_inverse_mod_sub_register	2529745	2535458	5713	645	6	388	394
tlm_apply_inverse_mod_sub_fold	2535458	2536189	731	63	3	61	61
tlm_apply_inverse_mod_sub_clean	2536189	2536505	316	19	0	20	22
tlm_inverse_gcd_forward_codec	2536505	2536508	3	0	0	0	0
tlm_inverse_gcd_forward_shift	2536508	2536806	298	73	0	0	2
tlm_inverse_gcd_forward_compare	2536806	2537665	859	130	0	41	42
tlm_inverse_gcd_forward_body	2537665	2539049	1384	167	1	93	94
tlm_apply_inverse_fold	2539049	2540723	1674	332	0	44	52
tlm_apply_inverse_swap	2540723	2541491	768	256	0	0	0
tlm_apply_inverse_mod_sub_register	2541491	2547204	5713	645	6	388	394
tlm_apply_inverse_mod_sub_fold	2547204	2547951	747	64	4	62	62
tlm_apply_inverse_mod_sub_clean	2547951	2548267	316	19	0	20	22
tlm_inverse_gcd_forward_codec	2548267	2548434	167	16	0	4	7
tlm_inverse_gcd_forward_shift	2548434	2548728	294	72	0	0	2
tlm_inverse_gcd_forward_compare	2548728	2549590	862	128	0	42	43
tlm_inverse_gcd_forward_body	2549590	2550959	1369	165	1	92	93
tlm_apply_inverse_fold	2550959	2552637	1678	330	0	45	53
tlm_apply_inverse_swap	2552637	2553405	768	256	0	0	0
tlm_apply_inverse_mod_sub_register	2553405	2559118	5713	645	6	388	394
tlm_apply_inverse_mod_sub_fold	2559118	2559849	731	63	3	61	61
tlm_apply_inverse_mod_sub_clean	2559849	2560165	316	19	0	20	22
tlm_inverse_gcd_forward_codec	2560165	2560168	3	0	0	0	0
tlm_inverse_gcd_forward_shift	2560168	2560458	290	71	0	0	2
tlm_inverse_gcd_forward_compare	2560458	2561311	853	128	0	41	42
tlm_inverse_gcd_forward_body	2561311	2562665	1354	163	1	91	92
tlm_apply_inverse_fold	2562665	2564339	1674	332	0	44	52
tlm_apply_inverse_swap	2564339	2565107	768	256	0	0	0
tlm_apply_inverse_mod_sub_register	2565107	2570820	5713	645	6	388	394
tlm_apply_inverse_mod_sub_fold	2570820	2571567	747	64	4	62	62
tlm_apply_inverse_mod_sub_clean	2571567	2571883	316	19	0	20	22
tlm_inverse_gcd_forward_codec	2571883	2571886	3	0	0	0	0
tlm_inverse_gcd_forward_shift	2571886	2572172	286	70	0	0	2
tlm_inverse_gcd_forward_compare	2572172	2573016	844	128	0	40	41
tlm_inverse_gcd_forward_body	2573016	2574355	1339	161	1	90	91
tlm_apply_inverse_fold	2574355	2576025	1670	334	0	43	51
tlm_apply_inverse_swap	2576025	2576793	768	256	0	0	0
tlm_apply_inverse_mod_sub_register	2576793	2582819	6026	667	7	410	417
tlm_apply_inverse_mod_sub_fold	2582819	2583580	761	66	3	64	64
tlm_apply_inverse_mod_sub_clean	2583580	2583896	316	19	0	20	22
tlm_inverse_gcd_forward_codec	2583896	2584063	167	16	0	4	7
tlm_inverse_gcd_forward_shift	2584063	2584345	282	69	0	0	2
tlm_inverse_gcd_forward_compare	2584345	2585192	847	126	0	41	42
tlm_inverse_gcd_forward_body	2585192	2586516	1324	159	1	89	90
tlm_apply_inverse_fold	2586516	2588190	1674	332	0	44	52
tlm_apply_inverse_swap	2588190	2588958	768	256	0	0	0
tlm_apply_inverse_mod_sub_register	2588958	2594671	5713	645	6	388	394
tlm_apply_inverse_mod_sub_fold	2594671	2595418	747	64	4	62	62
tlm_apply_inverse_mod_sub_clean	2595418	2595734	316	19	0	20	22
tlm_inverse_gcd_forward_codec	2595734	2595737	3	0	0	0	0
tlm_inverse_gcd_forward_shift	2595737	2596015	278	68	0	0	2
tlm_inverse_gcd_forward_compare	2596015	2596861	846	128	0	40	41
tlm_inverse_gcd_forward_body	2596861	2598170	1309	157	1	88	89
tlm_apply_inverse_fold	2598170	2599840	1670	334	0	43	51
tlm_apply_inverse_swap	2599840	2600608	768	256	0	0	0
tlm_apply_inverse_mod_sub_register	2600608	2606634	6026	667	7	410	417
tlm_apply_inverse_mod_sub_fold	2606634	2607395	761	66	3	64	64
tlm_apply_inverse_mod_sub_clean	2607395	2607711	316	19	0	20	22
tlm_inverse_gcd_forward_codec	2607711	2607714	3	0	0	0	0
tlm_inverse_gcd_forward_shift	2607714	2607988	274	67	0	0	2
tlm_inverse_gcd_forward_compare	2607988	2608817	829	126	0	39	40
tlm_inverse_gcd_forward_body	2608817	2610111	1294	155	1	87	88
tlm_apply_inverse_fold	2610111	2612564	2453	350	0	94	129
tlm_apply_inverse_swap	2612564	2613332	768	256	0	0	0
tlm_apply_inverse_mod_sub_register	2613332	2619358	6026	667	7	410	417
tlm_apply_inverse_mod_sub_fold	2619358	2620119	761	66	3	64	64
tlm_apply_inverse_mod_sub_clean	2620119	2620435	316	19	0	20	22
tlm_inverse_gcd_forward_codec	2620435	2620602	167	16	0	4	7
tlm_inverse_gcd_forward_shift	2620602	2620872	270	66	0	0	2
tlm_inverse_gcd_forward_compare	2620872	2621704	832	124	0	40	41
tlm_inverse_gcd_forward_body	2621704	2622983	1279	153	1	86	87
tlm_apply_inverse_fold	2622983	2624653	1670	334	0	43	51
tlm_apply_inverse_swap	2624653	2625421	768	256	0	0	0
tlm_apply_inverse_mod_sub_register	2625421	2631447	6026	667	7	410	417
tlm_apply_inverse_mod_sub_fold	2631447	2632208	761	66	3	64	64
tlm_apply_inverse_mod_sub_clean	2632208	2632524	316	19	0	20	22
tlm_inverse_gcd_forward_codec	2632524	2632527	3	0	0	0	0
tlm_inverse_gcd_forward_shift	2632527	2632793	266	65	0	0	2
tlm_inverse_gcd_forward_compare	2632793	2633616	823	124	0	39	40
tlm_inverse_gcd_forward_body	2633616	2634915	1299	153	1	87	89
tlm_apply_inverse_fold	2634915	2637368	2453	350	0	94	129
tlm_apply_inverse_swap	2637368	2638136	768	256	0	0	0
tlm_apply_inverse_mod_sub_register	2638136	2644162	6026	667	7	410	417
tlm_apply_inverse_mod_sub_fold	2644162	2644923	761	66	3	64	64
tlm_apply_inverse_mod_sub_clean	2644923	2645239	316	19	0	20	22
tlm_inverse_gcd_forward_codec	2645239	2645242	3	0	0	0	0
tlm_inverse_gcd_forward_shift	2645242	2645504	262	64	0	0	2
tlm_inverse_gcd_forward_compare	2645504	2646334	830	128	0	38	39
tlm_inverse_gcd_forward_body	2646334	2647583	1249	149	1	84	85
tlm_apply_inverse_fold	2647583	2650036	2453	350	0	94	129
tlm_apply_inverse_swap	2650036	2650804	768	256	0	0	0
tlm_apply_inverse_mod_sub_register	2650804	2656830	6026	667	7	410	417
tlm_apply_inverse_mod_sub_fold	2656830	2657611	781	66	4	66	66
tlm_apply_inverse_mod_sub_clean	2657611	2657927	316	19	0	20	22
tlm_inverse_gcd_forward_codec	2657927	2658094	167	16	0	4	7
tlm_inverse_gcd_forward_shift	2658094	2658352	258	63	0	0	2
tlm_inverse_gcd_forward_compare	2658352	2659177	825	124	0	39	40
tlm_inverse_gcd_forward_body	2659177	2660446	1269	149	1	85	87
tlm_apply_inverse_fold	2660446	2662899	2453	350	0	94	129
tlm_apply_inverse_swap	2662899	2663667	768	256	0	0	0
tlm_apply_inverse_mod_sub_register	2663667	2669693	6026	667	7	410	417
tlm_apply_inverse_mod_sub_fold	2669693	2670454	761	66	3	64	64
tlm_apply_inverse_mod_sub_clean	2670454	2670770	316	19	0	20	22
tlm_inverse_gcd_forward_codec	2670770	2670773	3	0	0	0	0
tlm_inverse_gcd_forward_shift	2670773	2671027	254	62	0	0	2
tlm_inverse_gcd_forward_compare	2671027	2671859	832	128	0	38	39
tlm_inverse_gcd_forward_body	2671859	2673113	1254	147	1	84	86
tlm_apply_inverse_fold	2673113	2675566	2453	350	0	94	129
tlm_apply_inverse_swap	2675566	2676334	768	256	0	0	0
tlm_apply_inverse_mod_sub_register	2676334	2682360	6026	667	7	410	417
tlm_apply_inverse_mod_sub_fold	2682360	2683141	781	66	4	66	66
tlm_apply_inverse_mod_sub_clean	2683141	2683457	316	19	0	20	22
tlm_inverse_gcd_forward_codec	2683457	2683460	3	0	0	0	0
tlm_inverse_gcd_forward_shift	2683460	2683712	252	62	0	0	0
tlm_inverse_gcd_forward_compare	2683712	2684534	822	133	0	35	36
tlm_inverse_gcd_forward_body	2684534	2685788	1254	147	1	84	86
tlm_apply_inverse_fold	2685788	2688241	2453	350	0	94	129
tlm_apply_inverse_swap	2688241	2689009	768	256	0	0	0
tlm_apply_inverse_mod_sub_register	2689009	2695348	6339	689	8	432	440
tlm_apply_inverse_mod_sub_fold	2695348	2696129	781	67	3	67	67
tlm_apply_inverse_mod_sub_clean	2696129	2696445	316	19	0	20	22
tlm_inverse_gcd_forward_codec	2696445	2696612	167	16	0	4	7
tlm_inverse_gcd_forward_shift	2696612	2696862	250	61	0	0	2
tlm_inverse_gcd_forward_compare	2696862	2697679	817	129	0	36	37
tlm_inverse_gcd_forward_body	2697679	2698918	1239	145	1	83	85
tlm_apply_inverse_fold	2698918	2701371	2453	350	0	94	129
tlm_apply_inverse_swap	2701371	2702139	768	256	0	0	0
tlm_apply_inverse_mod_sub_register	2702139	2708478	6339	689	8	432	440
tlm_apply_inverse_mod_sub_fold	2708478	2709271	793	67	5	67	67
tlm_apply_inverse_mod_sub_clean	2709271	2709587	316	19	0	20	22
tlm_inverse_gcd_forward_codec	2709587	2709590	3	0	0	0	0
tlm_inverse_gcd_forward_shift	2709590	2709834	244	59	0	0	4
tlm_inverse_gcd_forward_compare	2709834	2710659	825	128	0	37	38
tlm_inverse_gcd_forward_body	2710659	2711854	1195	140	1	80	82
tlm_apply_inverse_fold	2711854	2714307	2453	350	0	94	129
tlm_apply_inverse_swap	2714307	2715075	768	256	0	0	0
tlm_apply_inverse_mod_sub_register	2715075	2721101	6026	667	7	410	417
tlm_apply_inverse_mod_sub_fold	2721101	2721882	781	66	4	66	66
tlm_apply_inverse_mod_sub_clean	2721882	2722198	316	19	0	20	22
tlm_inverse_gcd_forward_codec	2722198	2722201	3	0	0	0	0
tlm_inverse_gcd_forward_shift	2722201	2722439	238	58	0	0	2
tlm_inverse_gcd_forward_compare	2722439	2723247	808	126	0	36	37
tlm_inverse_gcd_forward_body	2723247	2724427	1180	138	1	79	81
tlm_apply_inverse_fold	2724427	2726880	2453	350	0	94	129
tlm_apply_inverse_swap	2726880	2727648	768	256	0	0	0
tlm_apply_inverse_mod_sub_register	2727648	2733987	6339	689	8	432	440
tlm_apply_inverse_mod_sub_fold	2733987	2734786	799	69	5	67	67
tlm_apply_inverse_mod_sub_clean	2734786	2735102	316	19	0	20	22
tlm_inverse_gcd_forward_codec	2735102	2735269	167	16	0	4	7
tlm_inverse_gcd_forward_shift	2735269	2735503	234	57	0	0	2
tlm_inverse_gcd_forward_compare	2735503	2736322	819	126	0	37	38
tlm_inverse_gcd_forward_body	2736322	2737459	1137	134	1	76	78
tlm_apply_inverse_fold	2737459	2739912	2453	350	0	94	129
tlm_apply_inverse_swap	2739912	2740680	768	256	0	0	0
tlm_apply_inverse_mod_sub_register	2740680	2746706	6026	667	7	410	417
tlm_apply_inverse_mod_sub_fold	2746706	2747487	781	66	4	66	66
tlm_apply_inverse_mod_sub_clean	2747487	2747803	316	19	0	20	22
tlm_inverse_gcd_forward_codec	2747803	2747806	3	0	0	0	0
tlm_inverse_gcd_forward_shift	2747806	2748036	230	56	0	0	2
tlm_inverse_gcd_forward_compare	2748036	2748846	810	126	0	36	37
tlm_inverse_gcd_forward_body	2748846	2749968	1122	132	1	75	77
tlm_apply_inverse_fold	2749968	2752421	2453	350	0	94	129
tlm_apply_inverse_swap	2752421	2753189	768	256	0	0	0
tlm_apply_inverse_mod_sub_register	2753189	2759528	6339	689	8	432	440
tlm_apply_inverse_mod_sub_fold	2759528	2760327	799	69	5	67	67
tlm_apply_inverse_mod_sub_clean	2760327	2760643	316	19	0	20	22
tlm_inverse_gcd_forward_codec	2760643	2760646	3	0	0	0	0
tlm_inverse_gcd_forward_shift	2760646	2760872	226	55	0	0	2
tlm_inverse_gcd_forward_compare	2760872	2761673	801	126	0	35	36
tlm_inverse_gcd_forward_body	2761673	2762780	1107	130	1	74	76
tlm_apply_inverse_fold	2762780	2765233	2453	350	0	94	129
tlm_apply_inverse_swap	2765233	2766001	768	256	0	0	0
tlm_apply_inverse_mod_sub_register	2766001	2772340	6339	689	8	432	440
tlm_apply_inverse_mod_sub_fold	2772340	2773127	787	69	3	67	67
tlm_apply_inverse_mod_sub_clean	2773127	2773443	316	19	0	20	22
tlm_inverse_gcd_forward_codec	2773443	2773610	167	16	0	4	7
tlm_inverse_gcd_forward_shift	2773610	2773834	224	55	0	0	0
tlm_inverse_gcd_forward_compare	2773834	2774637	803	129	0	34	35
tlm_inverse_gcd_forward_body	2774637	2775758	1121	131	1	75	77
tlm_apply_inverse_fold	2775758	2778211	2453	350	0	94	129
tlm_apply_inverse_swap	2778211	2778979	768	256	0	0	0
tlm_apply_inverse_mod_sub_register	2778979	2785616	6637	710	9	453	461
tlm_apply_inverse_mod_sub_fold	2785616	2786439	823	72	4	70	70
tlm_apply_inverse_mod_sub_clean	2786439	2786755	316	19	0	20	22
tlm_inverse_gcd_forward_codec	2786755	2786758	3	0	0	0	0
tlm_inverse_gcd_forward_shift	2786758	2786978	220	53	0	0	4
tlm_inverse_gcd_forward_compare	2786978	2787773	795	124	0	35	36
tlm_inverse_gcd_forward_body	2787773	2788822	1049	124	1	70	72
tlm_apply_inverse_fold	2788822	2791275	2453	350	0	94	129
tlm_apply_inverse_swap	2791275	2792043	768	256	0	0	0
tlm_apply_inverse_mod_sub_register	2792043	2798382	6339	689	8	432	440
tlm_apply_inverse_mod_sub_fold	2798382	2799169	787	69	3	67	67
tlm_apply_inverse_mod_sub_clean	2799169	2799485	316	19	0	20	22
tlm_inverse_gcd_forward_codec	2799485	2799488	3	0	0	0	0
tlm_inverse_gcd_forward_shift	2799488	2799702	214	52	0	0	2
tlm_inverse_gcd_forward_compare	2799702	2800488	786	124	0	34	35
tlm_inverse_gcd_forward_body	2800488	2801522	1034	122	1	69	71
tlm_apply_inverse_fold	2801522	2803975	2453	350	0	94	129
tlm_apply_inverse_swap	2803975	2804743	768	256	0	0	0
tlm_apply_inverse_mod_sub_register	2804743	2811380	6637	710	9	453	461
tlm_apply_inverse_mod_sub_fold	2811380	2812197	817	70	4	70	70
tlm_apply_inverse_mod_sub_clean	2812197	2812513	316	19	0	20	22
tlm_inverse_gcd_forward_codec	2812513	2812680	167	16	0	4	7
tlm_inverse_gcd_forward_shift	2812680	2812890	210	51	0	0	2
tlm_inverse_gcd_forward_compare	2812890	2813671	781	120	0	35	36
tlm_inverse_gcd_forward_body	2813671	2814662	991	118	1	66	68
tlm_apply_inverse_fold	2814662	2817115	2453	350	0	94	129
tlm_apply_inverse_swap	2817115	2817883	768	256	0	0	0
tlm_apply_inverse_mod_sub_register	2817883	2824222	6339	689	8	432	440
tlm_apply_inverse_mod_sub_fold	2824222	2825009	787	69	3	67	67
tlm_apply_inverse_mod_sub_clean	2825009	2825325	316	19	0	20	22
tlm_inverse_gcd_forward_codec	2825325	2825328	3	0	0	0	0
tlm_inverse_gcd_forward_shift	2825328	2825534	206	50	0	0	2
tlm_inverse_gcd_forward_compare	2825534	2826298	764	118	0	34	35
tlm_inverse_gcd_forward_body	2826298	2827274	976	116	1	65	67
tlm_apply_inverse_fold	2827274	2829727	2453	350	0	94	129
tlm_apply_inverse_swap	2829727	2830495	768	256	0	0	0
tlm_apply_inverse_mod_sub_register	2830495	2837132	6637	710	9	453	461
tlm_apply_inverse_mod_sub_fold	2837132	2837949	817	70	4	70	70
tlm_apply_inverse_mod_sub_clean	2837949	2838265	316	19	0	20	22
tlm_inverse_gcd_forward_codec	2838265	2838268	3	0	0	0	0
tlm_inverse_gcd_forward_shift	2838268	2838470	202	49	0	0	2
tlm_inverse_gcd_forward_compare	2838470	2839217	747	116	0	33	34
tlm_inverse_gcd_forward_body	2839217	2840178	961	114	1	64	66
tlm_apply_inverse_fold	2840178	2842631	2453	350	0	94	129
tlm_apply_inverse_swap	2842631	2843399	768	256	0	0	0
tlm_apply_inverse_mod_sub_register	2843399	2850050	6651	711	9	454	462
tlm_apply_inverse_mod_sub_fold	2850050	2850873	823	72	4	70	70
tlm_apply_inverse_mod_sub_clean	2850873	2851189	316	19	0	20	22
tlm_inverse_gcd_forward_codec	2851189	2851356	167	16	0	4	7
tlm_inverse_gcd_forward_shift	2851356	2851554	198	48	0	0	2
tlm_inverse_gcd_forward_compare	2851554	2852296	742	112	0	34	35
tlm_inverse_gcd_forward_body	2852296	2853214	918	110	1	61	63
tlm_apply_inverse_fold	2853214	2855667	2453	350	0	94	129
tlm_apply_inverse_swap	2855667	2856435	768	256	0	0	0
tlm_apply_inverse_mod_sub_register	2856435	2863072	6637	710	9	453	461
tlm_apply_inverse_mod_sub_fold	2863072	2863889	817	70	4	70	70
tlm_apply_inverse_mod_sub_clean	2863889	2864205	316	19	0	20	22
tlm_inverse_gcd_forward_codec	2864205	2864208	3	0	0	0	0
tlm_inverse_gcd_forward_shift	2864208	2864402	194	47	0	0	2
tlm_inverse_gcd_forward_compare	2864402	2865127	725	110	0	33	34
tlm_inverse_gcd_forward_body	2865127	2866030	903	108	1	60	62
tlm_apply_inverse_fold	2866030	2868483	2453	350	0	94	129
tlm_apply_inverse_swap	2868483	2869251	768	256	0	0	0
tlm_apply_inverse_mod_sub_register	2869251	2875902	6651	711	9	454	462
tlm_apply_inverse_mod_sub_fold	2875902	2876725	823	72	4	70	70
tlm_apply_inverse_mod_sub_clean	2876725	2877041	316	19	0	20	22
tlm_inverse_gcd_forward_codec	2877041	2877044	3	0	0	0	0
tlm_inverse_gcd_forward_shift	2877044	2877234	190	46	0	0	2
tlm_inverse_gcd_forward_compare	2877234	2877942	708	108	0	32	33
tlm_inverse_gcd_forward_body	2877942	2878830	888	106	1	59	61
tlm_apply_inverse_fold	2878830	2881283	2453	350	0	94	129
tlm_apply_inverse_swap	2881283	2882051	768	256	0	0	0
tlm_apply_inverse_mod_sub_register	2882051	2888931	6880	727	10	470	479
tlm_apply_inverse_mod_sub_fold	2888931	2889774	843	72	5	72	72
tlm_apply_inverse_mod_sub_clean	2889774	2890090	316	19	0	20	22
tlm_inverse_gcd_forward_codec	2890090	2890257	167	16	0	4	7
tlm_inverse_gcd_forward_shift	2890257	2890443	186	45	0	0	2
tlm_inverse_gcd_forward_compare	2890443	2891146	703	104	0	33	34
tlm_inverse_gcd_forward_body	2891146	2891991	845	102	1	56	58
tlm_apply_inverse_fold	2891991	2894444	2453	350	0	94	129
tlm_apply_inverse_swap	2894444	2895212	768	256	0	0	0
tlm_apply_inverse_mod_sub_register	2895212	2901863	6651	711	9	454	462
tlm_apply_inverse_mod_sub_fold	2901863	2902686	823	72	4	70	70
tlm_apply_inverse_mod_sub_clean	2902686	2903002	316	19	0	20	22
tlm_inverse_gcd_forward_codec	2903002	2903005	3	0	0	0	0
tlm_inverse_gcd_forward_shift	2903005	2903187	182	44	0	0	2
tlm_inverse_gcd_forward_compare	2903187	2903873	686	102	0	32	33
tlm_inverse_gcd_forward_body	2903873	2904703	830	100	1	55	57
tlm_apply_inverse_fold	2904703	2907156	2453	350	0	94	129
tlm_apply_inverse_swap	2907156	2907924	768	256	0	0	0
tlm_apply_inverse_mod_sub_register	2907924	2914804	6880	727	10	470	479
tlm_apply_inverse_mod_sub_fold	2914804	2915647	843	72	5	72	72
tlm_apply_inverse_mod_sub_clean	2915647	2915963	316	19	0	20	22
tlm_inverse_gcd_forward_codec	2915963	2915966	3	0	0	0	0
tlm_inverse_gcd_forward_shift	2915966	2916144	178	43	0	0	2
tlm_inverse_gcd_forward_compare	2916144	2916821	677	102	0	31	32
tlm_inverse_gcd_forward_body	2916821	2917636	815	98	1	54	56
tlm_apply_inverse_fold	2917636	2920089	2453	350	0	94	129
tlm_apply_inverse_swap	2920089	2920857	768	256	0	0	0
tlm_apply_inverse_mod_sub_register	2920857	2928013	7156	747	11	490	491
tlm_apply_inverse_mod_sub_fold	2928013	2928854	841	72	5	72	72
tlm_apply_inverse_mod_sub_clean	2928854	2929170	316	19	0	20	22
tlm_inverse_gcd_forward_codec	2929170	2929337	167	16	0	4	7
tlm_inverse_gcd_forward_shift	2929337	2929511	174	42	0	0	2
tlm_inverse_gcd_forward_compare	2929511	2930183	672	98	0	32	33
tlm_inverse_gcd_forward_body	2930183	2930955	772	94	1	51	53
tlm_apply_inverse_fold	2930955	2933408	2453	350	0	94	129
tlm_apply_inverse_swap	2933408	2934176	768	256	0	0	0
tlm_apply_inverse_mod_sub_register	2934176	2941056	6880	727	10	470	479
tlm_apply_inverse_mod_sub_fold	2941056	2941899	843	72	5	72	72
tlm_apply_inverse_mod_sub_clean	2941899	2942215	316	19	0	20	22
tlm_inverse_gcd_forward_codec	2942215	2942218	3	0	0	0	0
tlm_inverse_gcd_forward_shift	2942218	2942388	170	41	0	0	2
tlm_inverse_gcd_forward_compare	2942388	2943043	655	96	0	31	32
tlm_inverse_gcd_forward_body	2943043	2943800	757	92	1	50	52
tlm_apply_inverse_fold	2943800	2946253	2453	350	0	94	129
tlm_apply_inverse_swap	2946253	2947021	768	256	0	0	0
tlm_apply_inverse_mod_sub_register	2947021	2954177	7156	747	11	490	491
tlm_apply_inverse_mod_sub_fold	2954177	2955018	841	72	5	72	72
tlm_apply_inverse_mod_sub_clean	2955018	2955334	316	19	0	20	22
tlm_inverse_gcd_forward_codec	2955334	2955337	3	0	0	0	0
tlm_inverse_gcd_forward_shift	2955337	2955503	166	40	0	0	2
tlm_inverse_gcd_forward_compare	2955503	2956141	638	94	0	30	31
tlm_inverse_gcd_forward_body	2956141	2956883	742	90	1	49	51
tlm_apply_inverse_fold	2956883	2959336	2453	350	0	94	129
tlm_apply_inverse_swap	2959336	2960104	768	256	0	0	0
tlm_apply_inverse_mod_sub_register	2960104	2967292	7188	749	12	492	493
tlm_apply_inverse_mod_sub_fold	2967292	2968157	865	75	6	73	73
tlm_apply_inverse_mod_sub_clean	2968157	2968473	316	19	0	20	22
tlm_inverse_gcd_forward_codec	2968473	2968640	167	16	0	4	7
tlm_inverse_gcd_forward_shift	2968640	2968802	162	39	0	0	2
tlm_inverse_gcd_forward_compare	2968802	2969435	633	90	0	31	32
tlm_inverse_gcd_forward_body	2969435	2970134	699	86	1	46	48
tlm_apply_inverse_fold	2970134	2972587	2453	350	0	94	129
tlm_apply_inverse_swap	2972587	2973355	768	256	0	0	0
tlm_apply_inverse_mod_sub_register	2973355	2980511	7156	747	11	490	491
tlm_apply_inverse_mod_sub_fold	2980511	2981352	841	72	5	72	72
tlm_apply_inverse_mod_sub_clean	2981352	2981668	316	19	0	20	22
tlm_inverse_gcd_forward_codec	2981668	2981671	3	0	0	0	0
tlm_inverse_gcd_forward_shift	2981671	2981829	158	38	0	0	2
tlm_inverse_gcd_forward_compare	2981829	2982445	616	88	0	30	31
tlm_inverse_gcd_forward_body	2982445	2983129	684	84	1	45	47
tlm_apply_inverse_fold	2983129	2985582	2453	350	0	94	129
tlm_apply_inverse_swap	2985582	2986350	768	256	0	0	0
tlm_apply_inverse_mod_sub_register	2986350	2993538	7188	749	12	492	493
tlm_apply_inverse_mod_sub_fold	2993538	2994395	857	74	4	74	74
tlm_apply_inverse_mod_sub_clean	2994395	2994711	316	19	0	20	22
tlm_inverse_gcd_forward_codec	2994711	2994714	3	0	0	0	0
tlm_inverse_gcd_forward_shift	2994714	2994868	154	37	0	0	2
tlm_inverse_gcd_forward_compare	2994868	2995467	599	86	0	29	30
tlm_inverse_gcd_forward_body	2995467	2996136	669	82	1	44	46
tlm_apply_inverse_fold	2996136	2998589	2453	350	0	94	129
tlm_apply_inverse_swap	2998589	2999357	768	256	0	0	0
tlm_apply_inverse_mod_sub_register	2999357	3006613	7256	753	15	496	497
tlm_apply_inverse_mod_sub_fold	3006613	3007470	857	74	4	74	74
tlm_apply_inverse_mod_sub_clean	3007470	3007786	316	19	0	20	22
tlm_inverse_gcd_forward_codec	3007786	3007953	167	16	0	4	7
tlm_inverse_gcd_forward_shift	3007953	3008103	150	36	0	0	2
tlm_inverse_gcd_forward_compare	3008103	3008697	594	82	0	30	31
tlm_inverse_gcd_forward_body	3008697	3009323	626	78	1	41	43
tlm_apply_inverse_fold	3009323	3011776	2453	350	0	94	129
tlm_apply_inverse_swap	3011776	3012544	768	256	0	0	0
tlm_apply_inverse_mod_sub_register	3012544	3019732	7188	749	12	492	493
tlm_apply_inverse_mod_sub_fold	3019732	3020589	857	74	4	74	74
tlm_apply_inverse_mod_sub_clean	3020589	3020905	316	19	0	20	22
tlm_inverse_gcd_forward_codec	3020905	3020908	3	0	0	0	0
tlm_inverse_gcd_forward_shift	3020908	3021054	146	35	0	0	2
tlm_inverse_gcd_forward_compare	3021054	3021631	577	80	0	29	30
tlm_inverse_gcd_forward_body	3021631	3022242	611	76	1	40	42
tlm_apply_inverse_fold	3022242	3024695	2453	350	0	94	129
tlm_apply_inverse_swap	3024695	3025463	768	256	0	0	0
tlm_apply_inverse_mod_sub_register	3025463	3032719	7256	753	15	496	497
tlm_apply_inverse_mod_sub_fold	3032719	3033576	857	74	4	74	74
tlm_apply_inverse_mod_sub_clean	3033576	3033892	316	19	0	20	22
tlm_inverse_gcd_forward_codec	3033892	3033895	3	0	0	0	0
tlm_inverse_gcd_forward_shift	3033895	3034037	142	34	0	0	2
tlm_inverse_gcd_forward_compare	3034037	3034597	560	78	0	28	29
tlm_inverse_gcd_forward_body	3034597	3035193	596	74	1	39	41
tlm_apply_inverse_fold	3035193	3037646	2453	350	0	94	129
tlm_apply_inverse_swap	3037646	3038414	768	256	0	0	0
tlm_apply_inverse_mod_sub_register	3038414	3045600	7186	747	12	491	498
tlm_apply_inverse_mod_sub_fold	3045600	3046463	863	76	4	74	74
tlm_apply_inverse_mod_sub_clean	3046463	3046779	316	19	0	20	22
tlm_inverse_gcd_forward_codec	3046779	3046946	167	16	0	4	7
tlm_inverse_gcd_forward_shift	3046946	3047084	138	33	0	0	2
tlm_inverse_gcd_forward_compare	3047084	3047639	555	74	0	29	30
tlm_inverse_gcd_forward_body	3047639	3048192	553	70	1	36	38
tlm_apply_inverse_fold	3048192	3050645	2453	350	0	94	129
tlm_apply_inverse_swap	3050645	3051413	768	256	0	0	0
tlm_apply_inverse_mod_sub_register	3051413	3058669	7256	753	15	496	497
tlm_apply_inverse_mod_sub_fold	3058669	3059526	857	74	4	74	74
tlm_apply_inverse_mod_sub_clean	3059526	3059842	316	19	0	20	22
tlm_inverse_gcd_forward_codec	3059842	3059845	3	0	0	0	0
tlm_inverse_gcd_forward_shift	3059845	3059979	134	32	0	0	2
tlm_inverse_gcd_forward_compare	3059979	3060517	538	72	0	28	29
tlm_inverse_gcd_forward_body	3060517	3061055	538	68	1	35	37
tlm_apply_inverse_fold	3061055	3063508	2453	350	0	94	129
tlm_apply_inverse_swap	3063508	3064276	768	256	0	0	0
tlm_apply_inverse_mod_sub_register	3064276	3071462	7186	747	12	491	498
tlm_apply_inverse_mod_sub_fold	3071462	3072325	863	76	4	74	74
tlm_apply_inverse_mod_sub_clean	3072325	3072641	316	19	0	20	22
tlm_inverse_gcd_forward_codec	3072641	3072644	3	0	0	0	0
tlm_inverse_gcd_forward_shift	3072644	3072774	130	31	0	0	2
tlm_inverse_gcd_forward_compare	3072774	3073295	521	70	0	27	28
tlm_inverse_gcd_forward_body	3073295	3073818	523	66	1	34	36
tlm_apply_inverse_fold	3073818	3076271	2453	350	0	94	129
tlm_apply_inverse_swap	3076271	3077039	768	256	0	0	0
tlm_apply_inverse_mod_sub_register	3077039	3084308	7269	753	12	497	503
tlm_apply_inverse_mod_sub_fold	3084308	3085207	899	79	5	77	77
tlm_apply_inverse_mod_sub_clean	3085207	3085523	316	19	0	20	22
tlm_inverse_gcd_forward_codec	3085523	3085690	167	16	0	4	7
tlm_inverse_gcd_forward_shift	3085690	3085816	126	30	0	0	2
tlm_inverse_gcd_forward_compare	3085816	3086332	516	66	0	28	29
tlm_inverse_gcd_forward_body	3086332	3086793	461	61	0	30	31
tlm_apply_inverse_fold	3086793	3089246	2453	350	0	94	129
tlm_apply_inverse_swap	3089246	3090014	768	256	0	0	0
tlm_apply_inverse_mod_sub_register	3090014	3097200	7186	747	12	491	498
tlm_apply_inverse_mod_sub_fold	3097200	3098063	863	76	4	74	74
tlm_apply_inverse_mod_sub_clean	3098063	3098379	316	19	0	20	22
tlm_inverse_gcd_forward_codec	3098379	3098382	3	0	0	0	0
tlm_inverse_gcd_forward_shift	3098382	3098504	122	29	0	0	2
tlm_inverse_gcd_forward_compare	3098504	3099003	499	64	0	27	28
tlm_inverse_gcd_forward_body	3099003	3099449	446	59	0	29	30
tlm_apply_inverse_fold	3099449	3101902	2453	350	0	94	129
tlm_apply_inverse_swap	3101902	3102670	768	256	0	0	0
tlm_apply_inverse_mod_sub_register	3102670	3109939	7269	753	12	497	503
tlm_apply_inverse_mod_sub_fold	3109939	3110838	899	79	5	77	77
tlm_apply_inverse_mod_sub_clean	3110838	3111154	316	19	0	20	22
tlm_inverse_gcd_forward_codec	3111154	3111157	3	0	0	0	0
tlm_inverse_gcd_forward_shift	3111157	3111275	118	28	0	0	2
tlm_inverse_gcd_forward_compare	3111275	3111757	482	62	0	26	27
tlm_inverse_gcd_forward_body	3111757	3112188	431	57	0	28	29
tlm_apply_inverse_fold	3112188	3114641	2453	350	0	94	129
tlm_apply_inverse_swap	3114641	3115409	768	256	0	0	0
tlm_apply_inverse_mod_sub_register	3115409	3122751	7342	758	13	502	507
tlm_apply_inverse_mod_sub_fold	3122751	3123644	893	77	5	77	77
tlm_apply_inverse_mod_sub_clean	3123644	3123960	316	19	0	20	22
tlm_inverse_gcd_forward_codec	3123960	3124127	167	16	0	4	7
tlm_inverse_gcd_forward_shift	3124127	3124241	114	27	0	0	2
tlm_inverse_gcd_forward_compare	3124241	3124718	477	58	0	27	28
tlm_inverse_gcd_forward_body	3124718	3125134	416	55	0	27	28
tlm_apply_inverse_fold	3125134	3127587	2453	350	0	94	129
tlm_apply_inverse_swap	3127587	3128355	768	256	0	0	0
tlm_apply_inverse_mod_sub_register	3128355	3135624	7269	753	12	497	503
tlm_apply_inverse_mod_sub_fold	3135624	3136523	899	79	5	77	77
tlm_apply_inverse_mod_sub_clean	3136523	3136839	316	19	0	20	22
tlm_inverse_gcd_forward_codec	3136839	3136842	3	0	0	0	0
tlm_inverse_gcd_forward_shift	3136842	3136952	110	26	0	0	2
tlm_inverse_gcd_forward_compare	3136952	3137412	460	56	0	26	27
tlm_inverse_gcd_forward_body	3137412	3137813	401	53	0	26	27
tlm_apply_inverse_fold	3137813	3140266	2453	350	0	94	129
tlm_apply_inverse_swap	3140266	3141034	768	256	0	0	0
tlm_apply_inverse_mod_sub_register	3141034	3148376	7342	758	13	502	507
tlm_apply_inverse_mod_sub_fold	3148376	3149269	893	77	5	77	77
tlm_apply_inverse_mod_sub_clean	3149269	3149585	316	19	0	20	22
tlm_inverse_gcd_forward_codec	3149585	3149588	3	0	0	0	0
tlm_inverse_gcd_forward_shift	3149588	3149694	106	25	0	0	2
tlm_inverse_gcd_forward_compare	3149694	3150137	443	54	0	25	26
tlm_inverse_gcd_forward_body	3150137	3150523	386	51	0	25	26
tlm_apply_inverse_fold	3150523	3152976	2453	350	0	94	129
tlm_apply_inverse_swap	3152976	3153744	768	256	0	0	0
tlm_apply_inverse_mod_sub_register	3153744	3161145	7401	762	14	506	510
tlm_apply_inverse_mod_sub_fold	3161145	3162064	919	79	6	79	79
tlm_apply_inverse_mod_sub_clean	3162064	3162380	316	19	0	20	22
tlm_inverse_gcd_forward_codec	3162380	3162547	167	16	0	4	7
tlm_inverse_gcd_forward_shift	3162547	3162647	100	23	0	0	4
tlm_inverse_gcd_forward_compare	3162647	3163076	429	50	0	25	26
tlm_inverse_gcd_forward_body	3163076	3163432	356	47	0	23	24
tlm_apply_inverse_fold	3163432	3165885	2453	350	0	94	129
tlm_apply_inverse_swap	3165885	3166653	768	256	0	0	0
tlm_apply_inverse_mod_sub_register	3166653	3173839	7186	747	12	491	498
tlm_apply_inverse_mod_sub_fold	3173839	3174732	893	77	5	77	77
tlm_apply_inverse_mod_sub_clean	3174732	3175048	316	19	0	20	22
tlm_inverse_gcd_forward_codec	3175048	3175051	3	0	0	0	0
tlm_inverse_gcd_forward_shift	3175051	3175145	94	22	0	0	2
tlm_inverse_gcd_forward_compare	3175145	3175557	412	48	0	24	25
tlm_inverse_gcd_forward_body	3175557	3175898	341	45	0	22	23
tlm_apply_inverse_fold	3175898	3178351	2453	350	0	94	129
tlm_apply_inverse_swap	3178351	3179119	768	256	0	0	0
tlm_apply_inverse_mod_sub_register	3179119	3186388	7269	753	12	497	503
tlm_apply_inverse_mod_sub_fold	3186388	3187281	893	77	5	77	77
tlm_apply_inverse_mod_sub_clean	3187281	3187597	316	19	0	20	22
tlm_inverse_gcd_forward_codec	3187597	3187600	3	0	0	0	0
tlm_inverse_gcd_forward_shift	3187600	3187690	90	21	0	0	2
tlm_inverse_gcd_forward_compare	3187690	3188085	395	46	0	23	24
tlm_inverse_gcd_forward_body	3188085	3188411	326	43	0	21	22
tlm_apply_inverse_fold	3188411	3190864	2453	350	0	94	129
tlm_apply_inverse_swap	3190864	3191632	768	256	0	0	0
tlm_apply_inverse_mod_sub_register	3191632	3198974	7342	758	13	502	507
tlm_apply_inverse_mod_sub_fold	3198974	3199867	893	77	5	77	77
tlm_apply_inverse_mod_sub_clean	3199867	3200183	316	19	0	20	22
tlm_inverse_gcd_forward_codec	3200183	3200350	167	16	0	4	7
tlm_inverse_gcd_forward_shift	3200350	3200436	86	20	0	0	2
tlm_inverse_gcd_forward_compare	3200436	3200814	378	44	0	22	23
tlm_inverse_gcd_forward_body	3200814	3201125	311	41	0	20	21
tlm_apply_inverse_fold	3201125	3203578	2453	350	0	94	129
tlm_apply_inverse_swap	3203578	3204346	768	256	0	0	0
tlm_apply_inverse_mod_sub_register	3204346	3211615	7269	753	12	497	503
tlm_apply_inverse_mod_sub_fold	3211615	3212508	893	77	5	77	77
tlm_apply_inverse_mod_sub_clean	3212508	3212824	316	19	0	20	22
tlm_inverse_gcd_forward_codec	3212824	3212827	3	0	0	0	0
tlm_inverse_gcd_forward_shift	3212827	3212909	82	19	0	0	2
tlm_inverse_gcd_forward_compare	3212909	3213270	361	42	0	21	22
tlm_inverse_gcd_forward_body	3213270	3213566	296	39	0	19	20
tlm_apply_inverse_fold	3213566	3216019	2453	350	0	94	129
tlm_apply_inverse_swap	3216019	3216787	768	256	0	0	0
tlm_apply_inverse_mod_sub_register	3216787	3224129	7342	758	13	502	507
tlm_apply_inverse_mod_sub_fold	3224129	3225022	893	77	5	77	77
tlm_apply_inverse_mod_sub_clean	3225022	3225338	316	19	0	20	22
tlm_inverse_gcd_forward_codec	3225338	3225341	3	0	0	0	0
tlm_inverse_gcd_forward_shift	3225341	3225417	76	17	0	0	4
tlm_inverse_gcd_forward_compare	3225417	3225744	327	38	0	19	20
tlm_inverse_gcd_forward_body	3225744	3226010	266	35	0	17	18
tlm_apply_inverse_fold	3226010	3228463	2453	350	0	94	129
tlm_apply_inverse_swap	3228463	3229231	768	256	0	0	0
tlm_apply_inverse_mod_sub_register	3229231	3236500	7269	753	12	497	503
tlm_apply_inverse_mod_sub_fold	3236500	3237393	893	77	5	77	77
tlm_apply_inverse_mod_sub_clean	3237393	3237709	316	19	0	20	22
tlm_inverse_gcd_forward_codec	3237709	3237876	167	16	0	4	7
tlm_inverse_gcd_forward_shift	3237876	3237948	72	17	0	0	0
tlm_inverse_gcd_forward_compare	3237948	3238275	327	38	0	19	20
tlm_inverse_gcd_forward_body	3238275	3238541	266	35	0	17	18
tlm_apply_inverse_fold	3238541	3240994	2453	350	0	94	129
tlm_apply_inverse_swap	3240994	3241762	768	256	0	0	0
tlm_apply_inverse_mod_sub_register	3241762	3249104	7342	758	13	502	507
tlm_apply_inverse_mod_sub_fold	3249104	3249997	893	77	5	77	77
tlm_apply_inverse_mod_sub_clean	3249997	3250313	316	19	0	20	22
tlm_inverse_gcd_forward_codec	3250313	3250316	3	0	0	0	0
tlm_inverse_gcd_forward_shift	3250316	3250388	72	17	0	0	0
tlm_inverse_gcd_forward_compare	3250388	3250715	327	38	0	19	20
tlm_inverse_gcd_forward_body	3250715	3250981	266	35	0	17	18
tlm_apply_inverse_fold	3250981	3253434	2453	350	0	94	129
tlm_apply_inverse_swap	3253434	3254202	768	256	0	0	0
tlm_apply_inverse_mod_sub_register	3254202	3261687	7485	767	18	511	513
tlm_apply_inverse_mod_sub_fold	3261687	3262622	935	80	7	80	80
tlm_apply_inverse_mod_sub_clean	3262622	3262938	316	19	0	20	22
tlm_inverse_gcd_forward_codec	3262938	3262941	3	0	0	0	0
tlm_inverse_gcd_forward_shift	3262941	3263011	70	16	0	0	2
tlm_inverse_gcd_forward_compare	3263011	3263321	310	36	0	18	19
tlm_inverse_gcd_forward_body	3263321	3263572	251	33	0	16	17
tlm_apply_inverse_fold	3263572	3266025	2453	350	0	94	129
tlm_apply_inverse_swap	3266025	3266793	768	256	0	0	0
tlm_apply_inverse_mod_sub_register	3266793	3274248	7455	769	22	506	508
tlm_apply_inverse_mod_sub_fold	3274248	3275191	943	82	5	82	82
tlm_apply_inverse_mod_sub_clean	3275191	3275507	316	19	0	20	22
tlm_inverse_gcd_forward_codec	3275507	3275674	167	16	0	4	7
tlm_inverse_gcd_forward_shift	3275674	3275740	66	15	0	0	2
tlm_inverse_gcd_forward_compare	3275740	3276033	293	34	0	17	18
tlm_inverse_gcd_forward_body	3276033	3276269	236	31	0	15	16
tlm_apply_inverse_fold	3276269	3278722	2453	350	0	94	129
tlm_apply_inverse_swap	3278722	3279490	768	256	0	0	0
tlm_apply_inverse_mod_sub_register	3279490	3286975	7485	767	18	511	513
tlm_apply_inverse_mod_sub_fold	3286975	3287916	941	82	5	82	82
tlm_apply_inverse_mod_sub_clean	3287916	3288232	316	19	0	20	22
tlm_inverse_gcd_forward_codec	3288232	3288235	3	0	0	0	0
tlm_inverse_gcd_forward_shift	3288235	3288297	62	14	0	0	2
tlm_inverse_gcd_forward_compare	3288297	3288573	276	32	0	16	17
tlm_inverse_gcd_forward_body	3288573	3288794	221	29	0	14	15
tlm_apply_inverse_fold	3288794	3291247	2453	350	0	94	129
tlm_apply_inverse_swap	3291247	3292015	768	256	0	0	0
tlm_apply_inverse_mod_sub_register	3292015	3299470	7455	769	22	506	508
tlm_apply_inverse_mod_sub_fold	3299470	3300413	943	82	5	82	82
tlm_apply_inverse_mod_sub_clean	3300413	3300729	316	19	0	20	22
tlm_inverse_gcd_forward_codec	3300729	3300732	3	0	0	0	0
tlm_inverse_gcd_forward_shift	3300732	3300790	58	13	0	0	2
tlm_inverse_gcd_forward_compare	3300790	3301049	259	30	0	15	16
tlm_inverse_gcd_forward_body	3301049	3301255	206	27	0	13	14
tlm_apply_inverse_fold	3301255	3303708	2453	350	0	94	129
tlm_apply_inverse_swap	3303708	3304476	768	256	0	0	0
tlm_apply_inverse_mod_sub_register	3304476	3311487	7011	769	21	462	464
tlm_apply_inverse_mod_sub_fold	3311487	3312430	943	82	5	82	82
tlm_apply_inverse_mod_sub_clean	3312430	3312746	316	19	0	20	22
tlm_inverse_gcd_forward_codec	3312746	3312913	167	16	0	4	7
tlm_inverse_gcd_forward_shift	3312913	3312969	56	13	0	0	0
tlm_inverse_gcd_forward_compare	3312969	3313228	259	30	0	15	16
tlm_inverse_gcd_forward_body	3313228	3313434	206	27	0	13	14
tlm_apply_inverse_fold	3313434	3315887	2453	350	0	94	129
tlm_apply_inverse_swap	3315887	3316655	768	256	0	0	0
tlm_apply_inverse_mod_sub_register	3316655	3323242	6587	769	20	420	422
tlm_apply_inverse_mod_sub_fold	3323242	3324221	979	85	6	85	85
tlm_apply_inverse_mod_sub_clean	3324221	3324537	316	19	0	20	22
tlm_inverse_gcd_forward_codec	3324537	3324540	3	0	0	0	0
tlm_inverse_gcd_forward_shift	3324540	3324594	54	12	0	0	2
tlm_inverse_gcd_forward_compare	3324594	3324836	242	28	0	14	15
tlm_inverse_gcd_forward_body	3324836	3325027	191	25	0	12	13
tlm_apply_inverse_fold	3325027	3327480	2453	350	0	94	129
tlm_apply_inverse_swap	3327480	3328248	768	256	0	0	0
tlm_apply_inverse_mod_sub_register	3328248	3334431	6183	769	19	380	382
tlm_apply_inverse_mod_sub_fold	3334431	3335410	979	85	6	85	85
tlm_apply_inverse_mod_sub_clean	3335410	3335726	316	19	0	20	22
tlm_inverse_gcd_forward_codec	3335726	3335729	3	0	0	0	0
tlm_inverse_gcd_forward_shift	3335729	3335781	52	12	0	0	0
tlm_inverse_gcd_forward_compare	3335781	3336023	242	28	0	14	15
tlm_inverse_gcd_forward_body	3336023	3336214	191	25	0	12	13
tlm_apply_inverse_fold	3336214	3338450	2236	396	0	64	107
tlm_apply_inverse_swap	3338450	3339218	768	256	0	0	0
tlm_apply_inverse_mod_sub_register	3339218	3344309	5091	769	16	272	274
tlm_apply_inverse_mod_sub_fold	3344309	3345308	999	87	7	87	87
tlm_apply_inverse_mod_sub_clean	3345308	3345612	304	21	0	18	20
tlm_inverse_gcd_forward_codec	3345612	3345779	167	16	0	4	7
tlm_inverse_gcd_forward_shift	3345779	3345831	52	12	0	0	0
tlm_inverse_gcd_forward_compare	3345831	3346073	242	28	0	14	15
tlm_inverse_gcd_forward_body	3346073	3346264	191	25	0	12	13
tlm_apply_inverse_fold	3346264	3348510	2246	398	0	64	108
tlm_apply_inverse_swap	3348510	3349278	768	256	0	0	0
tlm_apply_inverse_mod_sub_register	3349278	3354045	4767	769	15	240	242
tlm_apply_inverse_mod_sub_fold	3354045	3355072	1027	91	6	91	91
tlm_apply_inverse_mod_sub_clean	3355072	3355370	298	22	0	17	19
tlm_inverse_gcd_forward_codec	3355370	3355373	3	0	0	0	0
tlm_inverse_gcd_forward_shift	3355373	3355421	48	10	0	0	4
tlm_inverse_gcd_forward_compare	3355421	3355629	208	24	0	12	13
tlm_inverse_gcd_forward_body	3355629	3355790	161	21	0	10	11
tlm_apply_inverse_fold	3355790	3358026	2236	396	0	64	107
tlm_apply_inverse_swap	3358026	3358794	768	256	0	0	0
tlm_apply_inverse_mod_sub_register	3358794	3363885	5091	769	16	272	274
tlm_apply_inverse_mod_sub_fold	3363885	3364884	999	87	7	87	87
tlm_apply_inverse_mod_sub_clean	3364884	3365188	304	21	0	18	20
tlm_inverse_gcd_forward_codec	3365188	3365191	3	0	0	0	0
tlm_inverse_gcd_forward_shift	3365191	3365235	44	10	0	0	0
tlm_inverse_gcd_forward_compare	3365235	3365443	208	24	0	12	13
tlm_inverse_gcd_forward_body	3365443	3365604	161	21	0	10	11
tlm_apply_inverse_fold	3365604	3367914	2310	408	0	66	114
tlm_apply_inverse_swap	3367914	3368682	768	256	0	0	0
tlm_apply_inverse_mod_sub_register	3368682	3372861	4179	769	13	182	184
tlm_apply_inverse_mod_sub_fold	3372861	3373880	1019	91	6	91	91
tlm_apply_inverse_mod_sub_clean	3373880	3374166	286	24	0	15	17
tlm_inverse_gcd_forward_codec	3374166	3374333	167	16	0	4	7
tlm_inverse_gcd_forward_shift	3374333	3374373	40	8	0	0	4
tlm_inverse_gcd_forward_compare	3374373	3374547	174	20	0	10	11
tlm_inverse_gcd_forward_body	3374547	3374678	131	17	0	8	9
tlm_apply_inverse_fold	3374678	3376914	2236	396	0	64	107
tlm_apply_inverse_swap	3376914	3377682	768	256	0	0	0
tlm_apply_inverse_mod_sub_register	3377682	3382773	5091	769	16	272	274
tlm_apply_inverse_mod_sub_fold	3382773	3383772	999	87	7	87	87
tlm_apply_inverse_mod_sub_clean	3383772	3384076	304	21	0	18	20
tlm_inverse_gcd_forward_codec	3384076	3384079	3	0	0	0	0
tlm_inverse_gcd_forward_shift	3384079	3384113	34	7	0	0	2
tlm_inverse_gcd_forward_compare	3384113	3384270	157	18	0	9	10
tlm_inverse_gcd_forward_body	3384270	3384386	116	15	0	7	8
tlm_apply_inverse_fold	3384386	3386787	2401	418	0	68	121
tlm_apply_inverse_mod_sub_register	3386787	3391554	4767	769	15	240	242
tlm_apply_inverse_mod_sub_fold	3391554	3392567	1013	88	8	88	88
tlm_apply_inverse_mod_sub_clean	3392567	3392865	298	22	0	17	19
tlm_inverse_gcd_forward_codec	3392865	3392868	3	0	0	0	0
tlm_inverse_gcd_forward_shift	3392868	3392900	32	7	0	0	0
tlm_inverse_gcd_forward_compare	3392900	3393057	157	18	0	9	10
tlm_inverse_gcd_forward_body	3393057	3393173	116	15	0	7	8
tlm_apply_inverse_fold	3393173	3394486	1313	94	7	94	95
tlm_apply_inverse_mod_sub	3394486	3394487	1	0	0	0	0
tlm_inverse_gcd_forward_codec	3394487	3394654	167	16	0	4	7
tlm_gcd_step_end	3394654	3394933	279	0	0	0	277
tlm_inverse_gcd_reverse_decode	3394933	3395098	165	17	0	3	8
tlm_inverse_gcd_reverse_apply	3395098	3395099	1	0	0	0	0
tlm_inverse_gcd_reverse_body	3395099	3395387	288	39	0	17	18
tlm_inverse_gcd_reverse_decode	3395387	3395393	6	0	0	0	3
tlm_inverse_gcd_reverse_apply	3395393	3395394	1	0	0	0	0
tlm_inverse_gcd_reverse_body	3395394	3395682	288	39	0	17	18
tlm_inverse_gcd_reverse_decode	3395682	3395688	6	0	0	0	3
tlm_inverse_gcd_reverse_apply	3395688	3395689	1	0	0	0	0
tlm_inverse_gcd_reverse_body	3395689	3396011	322	44	0	19	20
tlm_inverse_gcd_reverse_decode	3396011	3396176	165	17	0	3	8
tlm_inverse_gcd_reverse_apply	3396176	3396177	1	0	0	0	0
tlm_inverse_gcd_reverse_body	3396177	3396567	390	54	0	23	24
tlm_inverse_gcd_reverse_decode	3396567	3396573	6	0	0	0	3
tlm_inverse_gcd_reverse_apply	3396573	3396574	1	0	0	0	0
tlm_inverse_gcd_reverse_body	3396574	3396964	390	54	0	23	24
tlm_inverse_gcd_reverse_decode	3396964	3396970	6	0	0	0	3
tlm_inverse_gcd_reverse_apply	3396970	3396971	1	0	0	0	0
tlm_inverse_gcd_reverse_body	3396971	3397429	458	64	0	27	28
tlm_inverse_gcd_reverse_decode	3397429	3397594	165	17	0	3	8
tlm_inverse_gcd_reverse_apply	3397594	3397595	1	0	0	0	0
tlm_inverse_gcd_reverse_body	3397595	3398053	458	64	0	27	28
tlm_inverse_gcd_reverse_decode	3398053	3398059	6	0	0	0	3
tlm_inverse_gcd_reverse_apply	3398059	3398060	1	0	0	0	0
tlm_inverse_gcd_reverse_body	3398060	3398518	458	64	0	27	28
tlm_inverse_gcd_reverse_decode	3398518	3398524	6	0	0	0	3
tlm_inverse_gcd_reverse_apply	3398524	3398525	1	0	0	0	0
tlm_inverse_gcd_reverse_body	3398525	3399017	492	69	0	29	30
tlm_inverse_gcd_reverse_decode	3399017	3399182	165	17	0	3	8
tlm_inverse_gcd_reverse_apply	3399182	3399183	1	0	0	0	0
tlm_inverse_gcd_reverse_body	3399183	3399675	492	69	0	29	30
tlm_inverse_gcd_reverse_decode	3399675	3399681	6	0	0	0	3
tlm_inverse_gcd_reverse_apply	3399681	3399682	1	0	0	0	0
tlm_inverse_gcd_reverse_body	3399682	3400208	526	74	0	31	32
tlm_inverse_gcd_reverse_decode	3400208	3400214	6	0	0	0	3
tlm_inverse_gcd_reverse_apply	3400214	3400215	1	0	0	0	0
tlm_inverse_gcd_reverse_body	3400215	3400775	560	79	0	33	34
tlm_inverse_gcd_reverse_decode	3400775	3400940	165	17	0	3	8
tlm_inverse_gcd_reverse_apply	3400940	3400941	1	0	0	0	0
tlm_inverse_gcd_reverse_body	3400941	3401535	594	84	0	35	36
tlm_inverse_gcd_reverse_decode	3401535	3401541	6	0	0	0	3
tlm_inverse_gcd_reverse_apply	3401541	3401542	1	0	0	0	0
tlm_inverse_gcd_reverse_body	3401542	3402170	628	89	0	37	38
tlm_inverse_gcd_reverse_decode	3402170	3402176	6	0	0	0	3
tlm_inverse_gcd_reverse_apply	3402176	3402177	1	0	0	0	0
tlm_inverse_gcd_reverse_body	3402177	3402805	628	89	0	37	38
tlm_inverse_gcd_reverse_decode	3402805	3402970	165	17	0	3	8
tlm_inverse_gcd_reverse_apply	3402970	3402971	1	0	0	0	0
tlm_inverse_gcd_reverse_body	3402971	3403599	628	89	0	37	38
tlm_inverse_gcd_reverse_decode	3403599	3403605	6	0	0	0	3
tlm_inverse_gcd_reverse_apply	3403605	3403606	1	0	0	0	0
tlm_inverse_gcd_reverse_body	3403606	3404302	696	99	0	41	42
tlm_inverse_gcd_reverse_decode	3404302	3404308	6	0	0	0	3
tlm_inverse_gcd_reverse_apply	3404308	3404309	1	0	0	0	0
tlm_inverse_gcd_reverse_body	3404309	3405039	730	104	0	43	44
tlm_inverse_gcd_reverse_decode	3405039	3405204	165	17	0	3	8
tlm_inverse_gcd_reverse_apply	3405204	3405205	1	0	0	0	0
tlm_inverse_gcd_reverse_body	3405205	3405969	764	109	0	45	46
tlm_inverse_gcd_reverse_decode	3405969	3405975	6	0	0	0	3
tlm_inverse_gcd_reverse_apply	3405975	3405976	1	0	0	0	0
tlm_inverse_gcd_reverse_body	3405976	3406774	798	114	0	47	48
tlm_inverse_gcd_reverse_decode	3406774	3406780	6	0	0	0	3
tlm_inverse_gcd_reverse_apply	3406780	3406781	1	0	0	0	0
tlm_inverse_gcd_reverse_body	3406781	3407613	832	119	0	49	50
tlm_inverse_gcd_reverse_decode	3407613	3407778	165	17	0	3	8
tlm_inverse_gcd_reverse_apply	3407778	3407779	1	0	0	0	0
tlm_inverse_gcd_reverse_body	3407779	3408665	886	128	0	52	53
tlm_inverse_gcd_reverse_decode	3408665	3408671	6	0	0	0	3
tlm_inverse_gcd_reverse_apply	3408671	3408672	1	0	0	0	0
tlm_inverse_gcd_reverse_body	3408672	3409592	920	133	0	54	55
tlm_inverse_gcd_reverse_decode	3409592	3409598	6	0	0	0	3
tlm_inverse_gcd_reverse_apply	3409598	3409599	1	0	0	0	0
tlm_inverse_gcd_reverse_body	3409599	3410553	954	138	0	56	57
tlm_inverse_gcd_reverse_decode	3410553	3410718	165	17	0	3	8
tlm_inverse_gcd_reverse_apply	3410718	3410719	1	0	0	0	0
tlm_inverse_gcd_reverse_body	3410719	3411707	988	143	0	58	59
tlm_inverse_gcd_reverse_decode	3411707	3411713	6	0	0	0	3
tlm_inverse_gcd_reverse_apply	3411713	3411714	1	0	0	0	0
tlm_inverse_gcd_reverse_body	3411714	3412736	1022	148	0	60	61
tlm_inverse_gcd_reverse_decode	3412736	3412742	6	0	0	0	3
tlm_inverse_gcd_reverse_apply	3412742	3412743	1	0	0	0	0
tlm_inverse_gcd_reverse_body	3412743	3413799	1056	153	0	62	63
tlm_inverse_gcd_reverse_decode	3413799	3413964	165	17	0	3	8
tlm_inverse_gcd_reverse_apply	3413964	3413965	1	0	0	0	0
tlm_inverse_gcd_reverse_body	3413965	3415055	1090	158	0	64	65
tlm_inverse_gcd_reverse_decode	3415055	3415061	6	0	0	0	3
tlm_inverse_gcd_reverse_apply	3415061	3415062	1	0	0	0	0
tlm_inverse_gcd_reverse_body	3415062	3416186	1124	163	0	66	67
tlm_inverse_gcd_reverse_decode	3416186	3416192	6	0	0	0	3
tlm_inverse_gcd_reverse_apply	3416192	3416193	1	0	0	0	0
tlm_inverse_gcd_reverse_body	3416193	3417351	1158	168	0	68	69
tlm_inverse_gcd_reverse_decode	3417351	3417516	165	17	0	3	8
tlm_inverse_gcd_reverse_apply	3417516	3417517	1	0	0	0	0
tlm_inverse_gcd_reverse_body	3417517	3418709	1192	173	0	70	71
tlm_inverse_gcd_reverse_decode	3418709	3418715	6	0	0	0	3
tlm_inverse_gcd_reverse_apply	3418715	3418716	1	0	0	0	0
tlm_inverse_gcd_reverse_body	3418716	3419942	1226	178	0	72	73
tlm_inverse_gcd_reverse_decode	3419942	3419948	6	0	0	0	3
tlm_inverse_gcd_reverse_apply	3419948	3419949	1	0	0	0	0
tlm_inverse_gcd_reverse_body	3419949	3421209	1260	183	0	74	75
tlm_inverse_gcd_reverse_decode	3421209	3421374	165	17	0	3	8
tlm_inverse_gcd_reverse_apply	3421374	3421375	1	0	0	0	0
tlm_inverse_gcd_reverse_body	3421375	3422669	1294	188	0	76	77
tlm_inverse_gcd_reverse_decode	3422669	3422675	6	0	0	0	3
tlm_inverse_gcd_reverse_apply	3422675	3422676	1	0	0	0	0
tlm_inverse_gcd_reverse_body	3422676	3424004	1328	193	0	78	79
tlm_inverse_gcd_reverse_decode	3424004	3424010	6	0	0	0	3
tlm_inverse_gcd_reverse_apply	3424010	3424011	1	0	0	0	0
tlm_inverse_gcd_reverse_body	3424011	3425373	1362	198	0	80	81
tlm_inverse_gcd_reverse_decode	3425373	3425538	165	17	0	3	8
tlm_inverse_gcd_reverse_apply	3425538	3425539	1	0	0	0	0
tlm_inverse_gcd_reverse_body	3425539	3426935	1396	203	0	82	83
tlm_inverse_gcd_reverse_decode	3426935	3426941	6	0	0	0	3
tlm_inverse_gcd_reverse_apply	3426941	3426942	1	0	0	0	0
tlm_inverse_gcd_reverse_body	3426942	3428372	1430	208	0	84	85
tlm_inverse_gcd_reverse_decode	3428372	3428378	6	0	0	0	3
tlm_inverse_gcd_reverse_apply	3428378	3428379	1	0	0	0	0
tlm_inverse_gcd_reverse_body	3428379	3429843	1464	213	0	86	87
tlm_inverse_gcd_reverse_decode	3429843	3430008	165	17	0	3	8
tlm_inverse_gcd_reverse_apply	3430008	3430009	1	0	0	0	0
tlm_inverse_gcd_reverse_body	3430009	3431507	1498	218	0	88	89
tlm_inverse_gcd_reverse_decode	3431507	3431513	6	0	0	0	3
tlm_inverse_gcd_reverse_apply	3431513	3431514	1	0	0	0	0
tlm_inverse_gcd_reverse_body	3431514	3433032	1518	222	0	89	90
tlm_inverse_gcd_reverse_decode	3433032	3433038	6	0	0	0	3
tlm_inverse_gcd_reverse_apply	3433038	3433039	1	0	0	0	0
tlm_inverse_gcd_reverse_body	3433039	3434591	1552	227	0	91	92
tlm_inverse_gcd_reverse_decode	3434591	3434756	165	17	0	3	8
tlm_inverse_gcd_reverse_apply	3434756	3434757	1	0	0	0	0
tlm_inverse_gcd_reverse_body	3434757	3436343	1586	232	0	93	94
tlm_inverse_gcd_reverse_decode	3436343	3436349	6	0	0	0	3
tlm_inverse_gcd_reverse_apply	3436349	3436350	1	0	0	0	0
tlm_inverse_gcd_reverse_body	3436350	3437970	1620	237	0	95	96
tlm_inverse_gcd_reverse_decode	3437970	3437976	6	0	0	0	3
tlm_inverse_gcd_reverse_apply	3437976	3437977	1	0	0	0	0
tlm_inverse_gcd_reverse_body	3437977	3439631	1654	242	0	97	98
tlm_inverse_gcd_reverse_decode	3439631	3439796	165	17	0	3	8
tlm_inverse_gcd_reverse_apply	3439796	3439797	1	0	0	0	0
tlm_inverse_gcd_reverse_body	3439797	3441485	1688	247	0	99	100
tlm_inverse_gcd_reverse_decode	3441485	3441491	6	0	0	0	3
tlm_inverse_gcd_reverse_apply	3441491	3441492	1	0	0	0	0
tlm_inverse_gcd_reverse_body	3441492	3443214	1722	252	0	101	102
tlm_inverse_gcd_reverse_decode	3443214	3443220	6	0	0	0	3
tlm_inverse_gcd_reverse_apply	3443220	3443221	1	0	0	0	0
tlm_inverse_gcd_reverse_body	3443221	3444977	1756	257	0	103	104
tlm_inverse_gcd_reverse_decode	3444977	3445142	165	17	0	3	8
tlm_inverse_gcd_reverse_apply	3445142	3445143	1	0	0	0	0
tlm_inverse_gcd_reverse_body	3445143	3446933	1790	262	0	105	106
tlm_inverse_gcd_reverse_decode	3446933	3446939	6	0	0	0	3
tlm_inverse_gcd_reverse_apply	3446939	3446940	1	0	0	0	0
tlm_inverse_gcd_reverse_body	3446940	3448750	1810	266	0	106	107
tlm_inverse_gcd_reverse_decode	3448750	3448756	6	0	0	0	3
tlm_inverse_gcd_reverse_apply	3448756	3448757	1	0	0	0	0
tlm_inverse_gcd_reverse_body	3448757	3450621	1864	275	0	109	110
tlm_inverse_gcd_reverse_decode	3450621	3450786	165	17	0	3	8
tlm_inverse_gcd_reverse_apply	3450786	3450787	1	0	0	0	0
tlm_inverse_gcd_reverse_body	3450787	3452637	1850	274	0	108	109
tlm_inverse_gcd_reverse_decode	3452637	3452643	6	0	0	0	3
tlm_inverse_gcd_reverse_apply	3452643	3452644	1	0	0	0	0
tlm_inverse_gcd_reverse_body	3452644	3454514	1870	278	0	109	110
tlm_inverse_gcd_reverse_decode	3454514	3454520	6	0	0	0	3
tlm_inverse_gcd_reverse_apply	3454520	3454521	1	0	0	0	0
tlm_inverse_gcd_reverse_body	3454521	3456411	1890	282	0	110	111
tlm_inverse_gcd_reverse_decode	3456411	3456576	165	17	0	3	8
tlm_inverse_gcd_reverse_apply	3456576	3456577	1	0	0	0	0
tlm_inverse_gcd_reverse_body	3456577	3458473	1896	285	0	110	111
tlm_inverse_gcd_reverse_decode	3458473	3458479	6	0	0	0	3
tlm_inverse_gcd_reverse_apply	3458479	3458480	1	0	0	0	0
tlm_inverse_gcd_reverse_body	3458480	3460410	1930	290	0	112	113
tlm_inverse_gcd_reverse_decode	3460410	3460416	6	0	0	0	3
tlm_inverse_gcd_reverse_apply	3460416	3460417	1	0	0	0	0
tlm_inverse_gcd_reverse_body	3460417	3462373	1956	297	0	113	114
tlm_inverse_gcd_reverse_decode	3462373	3462538	165	17	0	3	8
tlm_inverse_gcd_reverse_apply	3462538	3462539	1	0	0	0	0
tlm_inverse_gcd_reverse_body	3462539	3464529	1990	302	0	115	116
tlm_inverse_gcd_reverse_decode	3464529	3464535	6	0	0	0	3
tlm_inverse_gcd_reverse_apply	3464535	3464536	1	0	0	0	0
tlm_inverse_gcd_reverse_body	3464536	3466512	1976	301	0	114	115
tlm_inverse_gcd_reverse_decode	3466512	3466518	6	0	0	0	3
tlm_inverse_gcd_reverse_apply	3466518	3466519	1	0	0	0	0
tlm_inverse_gcd_reverse_body	3466519	3468487	1968	303	0	113	114
tlm_inverse_gcd_reverse_decode	3468487	3468652	165	17	0	3	8
tlm_inverse_gcd_reverse_apply	3468652	3468653	1	0	0	0	0
tlm_inverse_gcd_reverse_body	3468653	3470655	2002	308	0	115	116
tlm_inverse_gcd_reverse_decode	3470655	3470661	6	0	0	0	3
tlm_inverse_gcd_reverse_apply	3470661	3470662	1	0	0	0	0
tlm_inverse_gcd_reverse_body	3470662	3472656	1994	310	0	114	115
tlm_inverse_gcd_reverse_decode	3472656	3472662	6	0	0	0	3
tlm_inverse_gcd_reverse_apply	3472662	3472663	1	0	0	0	0
tlm_inverse_gcd_reverse_body	3472663	3474677	2014	314	0	115	116
tlm_inverse_gcd_reverse_decode	3474677	3474842	165	17	0	3	8
tlm_inverse_gcd_reverse_apply	3474842	3474843	1	0	0	0	0
tlm_inverse_gcd_reverse_body	3474843	3476877	2034	318	0	116	117
tlm_inverse_gcd_reverse_decode	3476877	3476883	6	0	0	0	3
tlm_inverse_gcd_reverse_apply	3476883	3476884	1	0	0	0	0
tlm_inverse_gcd_reverse_body	3476884	3478952	2068	323	0	118	119
tlm_inverse_gcd_reverse_decode	3478952	3478958	6	0	0	0	3
tlm_inverse_gcd_reverse_apply	3478958	3478959	1	0	0	0	0
tlm_inverse_gcd_reverse_body	3478959	3481033	2074	326	0	118	119
tlm_inverse_gcd_reverse_decode	3481033	3481198	165	17	0	3	8
tlm_inverse_gcd_reverse_apply	3481198	3481199	1	0	0	0	0
tlm_inverse_gcd_reverse_body	3481199	3483293	2094	330	0	119	120
tlm_inverse_gcd_reverse_decode	3483293	3483299	6	0	0	0	3
tlm_inverse_gcd_reverse_apply	3483299	3483300	1	0	0	0	0
tlm_inverse_gcd_reverse_body	3483300	3485414	2114	334	0	120	121
tlm_inverse_gcd_reverse_decode	3485414	3485420	6	0	0	0	3
tlm_inverse_gcd_reverse_apply	3485420	3485421	1	0	0	0	0
tlm_inverse_gcd_reverse_body	3485421	3487555	2134	338	0	121	122
tlm_inverse_gcd_reverse_decode	3487555	3487720	165	17	0	3	8
tlm_inverse_gcd_reverse_apply	3487720	3487721	1	0	0	0	0
tlm_inverse_gcd_reverse_body	3487721	3489875	2154	342	0	122	123
tlm_inverse_gcd_reverse_decode	3489875	3489881	6	0	0	0	3
tlm_inverse_gcd_reverse_apply	3489881	3489882	1	0	0	0	0
tlm_inverse_gcd_reverse_body	3489882	3492056	2174	346	0	123	124
tlm_inverse_gcd_reverse_decode	3492056	3492062	6	0	0	0	3
tlm_inverse_gcd_reverse_apply	3492062	3492063	1	0	0	0	0
tlm_inverse_gcd_reverse_body	3492063	3494271	2208	351	0	125	126
tlm_inverse_gcd_reverse_decode	3494271	3494436	165	17	0	3	8
tlm_inverse_gcd_reverse_apply	3494436	3494437	1	0	0	0	0
tlm_inverse_gcd_reverse_body	3494437	3496651	2214	354	0	125	126
tlm_inverse_gcd_reverse_decode	3496651	3496657	6	0	0	0	3
tlm_inverse_gcd_reverse_apply	3496657	3496658	1	0	0	0	0
tlm_inverse_gcd_reverse_body	3496658	3498878	2220	357	0	125	126
tlm_inverse_gcd_reverse_decode	3498878	3498884	6	0	0	0	3
tlm_inverse_gcd_reverse_apply	3498884	3498885	1	0	0	0	0
tlm_inverse_gcd_reverse_body	3498885	3501125	2240	361	0	126	127
tlm_inverse_gcd_reverse_decode	3501125	3501290	165	17	0	3	8
tlm_inverse_gcd_reverse_apply	3501290	3501291	1	0	0	0	0
tlm_inverse_gcd_reverse_body	3501291	3503551	2260	365	0	127	128
tlm_inverse_gcd_reverse_decode	3503551	3503557	6	0	0	0	3
tlm_inverse_gcd_reverse_apply	3503557	3503558	1	0	0	0	0
tlm_inverse_gcd_reverse_body	3503558	3505838	2280	369	0	128	129
tlm_inverse_gcd_reverse_decode	3505838	3505844	6	0	0	0	3
tlm_inverse_gcd_reverse_apply	3505844	3505845	1	0	0	0	0
tlm_inverse_gcd_reverse_body	3505845	3508145	2300	373	0	129	130
tlm_inverse_gcd_reverse_decode	3508145	3508310	165	17	0	3	8
tlm_inverse_gcd_reverse_apply	3508310	3508311	1	0	0	0	0
tlm_inverse_gcd_reverse_body	3508311	3510631	2320	377	0	130	131
tlm_inverse_gcd_reverse_decode	3510631	3510637	6	0	0	0	3
tlm_inverse_gcd_reverse_apply	3510637	3510638	1	0	0	0	0
tlm_inverse_gcd_reverse_body	3510638	3512978	2340	381	0	131	132
tlm_inverse_gcd_reverse_decode	3512978	3512984	6	0	0	0	3
tlm_inverse_gcd_reverse_apply	3512984	3512985	1	0	0	0	0
tlm_inverse_gcd_reverse_body	3512985	3515331	2346	384	0	131	132
tlm_inverse_gcd_reverse_decode	3515331	3515496	165	17	0	3	8
tlm_inverse_gcd_reverse_apply	3515496	3515497	1	0	0	0	0
tlm_inverse_gcd_reverse_body	3515497	3517863	2366	388	0	132	133
tlm_inverse_gcd_reverse_decode	3517863	3517869	6	0	0	0	3
tlm_inverse_gcd_reverse_apply	3517869	3517870	1	0	0	0	0
tlm_inverse_gcd_reverse_body	3517870	3520270	2400	393	0	134	135
tlm_inverse_gcd_reverse_decode	3520270	3520276	6	0	0	0	3
tlm_inverse_gcd_reverse_apply	3520276	3520277	1	0	0	0	0
tlm_inverse_gcd_reverse_body	3520277	3522683	2406	396	0	134	135
tlm_inverse_gcd_reverse_decode	3522683	3522848	165	17	0	3	8
tlm_inverse_gcd_reverse_apply	3522848	3522849	1	0	0	0	0
tlm_inverse_gcd_reverse_body	3522849	3525275	2426	400	0	135	136
tlm_inverse_gcd_reverse_decode	3525275	3525281	6	0	0	0	3
tlm_inverse_gcd_reverse_apply	3525281	3525282	1	0	0	0	0
tlm_inverse_gcd_reverse_body	3525282	3527742	2460	405	0	137	138
tlm_inverse_gcd_reverse_decode	3527742	3527748	6	0	0	0	3
tlm_inverse_gcd_reverse_apply	3527748	3527749	1	0	0	0	0
tlm_inverse_gcd_reverse_body	3527749	3530215	2466	408	0	137	138
tlm_inverse_gcd_reverse_decode	3530215	3530380	165	17	0	3	8
tlm_inverse_gcd_reverse_apply	3530380	3530381	1	0	0	0	0
tlm_inverse_gcd_reverse_body	3530381	3532867	2486	412	0	138	139
tlm_inverse_gcd_reverse_decode	3532867	3532873	6	0	0	0	3
tlm_inverse_gcd_reverse_apply	3532873	3532874	1	0	0	0	0
tlm_inverse_gcd_reverse_body	3532874	3535380	2506	416	0	139	140
tlm_inverse_gcd_reverse_decode	3535380	3535386	6	0	0	0	3
tlm_inverse_gcd_reverse_apply	3535386	3535387	1	0	0	0	0
tlm_inverse_gcd_reverse_body	3535387	3537899	2512	419	0	139	140
tlm_inverse_gcd_reverse_decode	3537899	3538064	165	17	0	3	8
tlm_inverse_gcd_reverse_apply	3538064	3538065	1	0	0	0	0
tlm_inverse_gcd_reverse_body	3538065	3540597	2532	423	0	140	141
tlm_inverse_gcd_reverse_decode	3540597	3540603	6	0	0	0	3
tlm_inverse_gcd_reverse_apply	3540603	3540604	1	0	0	0	0
tlm_inverse_gcd_reverse_body	3540604	3543170	2566	428	0	142	143
tlm_inverse_gcd_reverse_decode	3543170	3543176	6	0	0	0	3
tlm_inverse_gcd_reverse_apply	3543176	3543177	1	0	0	0	0
tlm_inverse_gcd_reverse_body	3543177	3545749	2572	431	0	142	143
tlm_inverse_gcd_reverse_decode	3545749	3545914	165	17	0	3	8
tlm_inverse_gcd_reverse_apply	3545914	3545915	1	0	0	0	0
tlm_inverse_gcd_reverse_body	3545915	3548507	2592	435	0	143	144
tlm_inverse_gcd_reverse_decode	3548507	3548513	6	0	0	0	3
tlm_inverse_gcd_reverse_apply	3548513	3548514	1	0	0	0	0
tlm_inverse_gcd_reverse_body	3548514	3551126	2612	439	0	144	145
tlm_inverse_gcd_reverse_decode	3551126	3551132	6	0	0	0	3
tlm_inverse_gcd_reverse_apply	3551132	3551133	1	0	0	0	0
tlm_inverse_gcd_reverse_body	3551133	3553765	2632	443	0	145	146
tlm_inverse_gcd_reverse_decode	3553765	3553930	165	17	0	3	8
tlm_inverse_gcd_reverse_apply	3553930	3553931	1	0	0	0	0
tlm_inverse_gcd_reverse_body	3553931	3556583	2652	447	0	146	147
tlm_inverse_gcd_reverse_decode	3556583	3556589	6	0	0	0	3
tlm_inverse_gcd_reverse_apply	3556589	3556590	1	0	0	0	0
tlm_inverse_gcd_reverse_body	3556590	3559276	2686	452	0	148	149
tlm_inverse_gcd_reverse_decode	3559276	3559282	6	0	0	0	3
tlm_inverse_gcd_reverse_apply	3559282	3559283	1	0	0	0	0
tlm_inverse_gcd_reverse_body	3559283	3561961	2678	454	0	147	148
tlm_inverse_gcd_reverse_decode	3561961	3562126	165	17	0	3	8
tlm_inverse_gcd_reverse_apply	3562126	3562127	1	0	0	0	0
tlm_inverse_gcd_reverse_body	3562127	3564839	2712	459	0	149	150
tlm_inverse_gcd_reverse_decode	3564839	3564845	6	0	0	0	3
tlm_inverse_gcd_reverse_apply	3564845	3564846	1	0	0	0	0
tlm_inverse_gcd_reverse_body	3564846	3567612	2766	468	0	152	153
tlm_inverse_gcd_reverse_decode	3567612	3567618	6	0	0	0	3
tlm_inverse_gcd_reverse_apply	3567618	3567619	1	0	0	0	0
tlm_inverse_gcd_reverse_body	3567619	3570357	2738	466	0	150	151
tlm_inverse_gcd_reverse_decode	3570357	3570522	165	17	0	3	8
tlm_inverse_gcd_reverse_apply	3570522	3570523	1	0	0	0	0
tlm_inverse_gcd_reverse_body	3570523	3573315	2792	475	0	153	154
tlm_inverse_gcd_reverse_decode	3573315	3573321	6	0	0	0	3
tlm_inverse_gcd_reverse_apply	3573321	3573322	1	0	0	0	0
tlm_inverse_gcd_reverse_body	3573322	3576100	2778	474	0	152	153
tlm_inverse_gcd_reverse_decode	3576100	3576106	6	0	0	0	3
tlm_inverse_gcd_reverse_apply	3576106	3576107	1	0	0	0	0
tlm_inverse_gcd_reverse_body	3576107	3578905	2798	478	0	153	154
tlm_inverse_gcd_reverse_decode	3578905	3579070	165	17	0	3	8
tlm_inverse_gcd_reverse_apply	3579070	3579071	1	0	0	0	0
tlm_inverse_gcd_reverse_body	3579071	3581889	2818	482	0	154	155
tlm_inverse_gcd_reverse_decode	3581889	3581895	6	0	0	0	3
tlm_inverse_gcd_reverse_apply	3581895	3581896	1	0	0	0	0
tlm_inverse_gcd_reverse_body	3581896	3584720	2824	485	0	154	155
tlm_inverse_gcd_reverse_decode	3584720	3584726	6	0	0	0	3
tlm_inverse_gcd_reverse_apply	3584726	3584727	1	0	0	0	0
tlm_inverse_gcd_reverse_body	3584727	3587585	2858	490	0	156	157
tlm_inverse_gcd_reverse_decode	3587585	3587750	165	17	0	3	8
tlm_inverse_gcd_reverse_apply	3587750	3587751	1	0	0	0	0
tlm_inverse_gcd_reverse_body	3587751	3590629	2878	494	0	157	158
tlm_inverse_gcd_reverse_decode	3590629	3590635	6	0	0	0	3
tlm_inverse_gcd_reverse_apply	3590635	3590636	1	0	0	0	0
tlm_inverse_gcd_reverse_body	3590636	3593554	2918	502	0	159	160
tlm_inverse_gcd_reverse_decode	3593554	3593560	6	0	0	0	3
tlm_inverse_gcd_reverse_apply	3593560	3593561	1	0	0	0	0
tlm_inverse_gcd_reverse_body	3593561	3596513	2952	507	0	161	162
tlm_inverse_gcd_reverse_decode	3596513	3596678	165	17	0	3	8
tlm_inverse_gcd_reverse_apply	3596678	3596679	1	0	0	0	0
tlm_inverse_gcd_reverse_body	3596679	3599637	2958	510	0	161	162
tlm_inverse_gcd_reverse_decode	3599637	3599643	6	0	0	0	3
tlm_inverse_gcd_reverse_apply	3599643	3599644	1	0	0	0	0
tlm_inverse_gcd_reverse_body	3599644	3602622	2978	514	0	162	163
tlm_inverse_gcd_reverse_decode	3602622	3602628	6	0	0	0	3
tlm_inverse_gcd_reverse_apply	3602628	3602629	1	0	0	0	0
tlm_inverse_gcd_reverse_body	3602629	3605627	2998	518	0	163	164
tlm_inverse_gcd_reverse_decode	3605627	3605792	165	17	0	3	8
tlm_inverse_gcd_reverse_apply	3605792	3605793	1	0	0	0	0
tlm_inverse_gcd_reverse_body	3605793	3608811	3018	522	0	164	165
tlm_inverse_gcd_reverse_decode	3608811	3608817	6	0	0	0	3
tlm_inverse_gcd_reverse_apply	3608817	3608818	1	0	0	0	0
tlm_inverse_gcd_reverse_body	3608818	3611856	3038	526	0	165	166
tlm_inverse_gcd_reverse_decode	3611856	3611862	6	0	0	0	3
tlm_inverse_gcd_reverse_apply	3611862	3611863	1	0	0	0	0
tlm_inverse_gcd_reverse_body	3611863	3614907	3044	529	0	165	166
tlm_inverse_gcd_reverse_decode	3614907	3615072	165	17	0	3	8
tlm_inverse_gcd_reverse_apply	3615072	3615073	1	0	0	0	0
tlm_inverse_gcd_reverse_body	3615073	3618151	3078	534	0	167	168
tlm_inverse_gcd_reverse_decode	3618151	3618157	6	0	0	0	3
tlm_inverse_gcd_reverse_apply	3618157	3618158	1	0	0	0	0
tlm_inverse_gcd_reverse_body	3618158	3621242	3084	537	0	167	168
tlm_inverse_gcd_reverse_decode	3621242	3621248	6	0	0	0	3
tlm_inverse_gcd_reverse_apply	3621248	3621249	1	0	0	0	0
tlm_inverse_gcd_reverse_body	3621249	3624333	3084	537	0	167	168
tlm_inverse_gcd_reverse_decode	3624333	3624498	165	17	0	3	8
tlm_inverse_gcd_reverse_apply	3624498	3624499	1	0	0	0	0
tlm_inverse_gcd_reverse_body	3624499	3627623	3124	545	0	169	170
tlm_inverse_gcd_reverse_decode	3627623	3627629	6	0	0	0	3
tlm_inverse_gcd_reverse_apply	3627629	3627630	1	0	0	0	0
tlm_inverse_gcd_reverse_body	3627630	3630774	3144	549	0	170	171
tlm_inverse_gcd_reverse_decode	3630774	3630780	6	0	0	0	3
tlm_inverse_gcd_reverse_apply	3630780	3630781	1	0	0	0	0
tlm_inverse_gcd_reverse_body	3630781	3633959	3178	554	0	172	173
tlm_inverse_gcd_reverse_decode	3633959	3634124	165	17	0	3	8
tlm_inverse_gcd_reverse_apply	3634124	3634125	1	0	0	0	0
tlm_inverse_gcd_reverse_body	3634125	3637323	3198	558	0	173	174
tlm_inverse_gcd_reverse_decode	3637323	3637329	6	0	0	0	3
tlm_inverse_gcd_reverse_apply	3637329	3637330	1	0	0	0	0
tlm_inverse_gcd_reverse_body	3637330	3640520	3190	560	0	172	173
tlm_inverse_gcd_reverse_decode	3640520	3640526	6	0	0	0	3
tlm_inverse_gcd_reverse_apply	3640526	3640527	1	0	0	0	0
tlm_inverse_gcd_reverse_body	3640527	3643751	3224	565	0	174	175
tlm_inverse_gcd_reverse_decode	3643751	3643916	165	17	0	3	8
tlm_inverse_gcd_reverse_apply	3643916	3643917	1	0	0	0	0
tlm_inverse_gcd_reverse_body	3643917	3647161	3244	569	0	175	176
tlm_inverse_gcd_reverse_decode	3647161	3647167	6	0	0	0	3
tlm_inverse_gcd_reverse_apply	3647167	3647168	1	0	0	0	0
tlm_inverse_gcd_reverse_body	3647168	3650432	3264	573	0	176	177
tlm_inverse_gcd_reverse_decode	3650432	3650438	6	0	0	0	3
tlm_inverse_gcd_reverse_apply	3650438	3650439	1	0	0	0	0
tlm_inverse_gcd_reverse_body	3650439	3653723	3284	577	0	177	178
tlm_inverse_gcd_reverse_decode	3653723	3653888	165	17	0	3	8
tlm_inverse_gcd_reverse_apply	3653888	3653889	1	0	0	0	0
tlm_inverse_gcd_reverse_body	3653889	3657179	3290	580	0	177	178
tlm_inverse_gcd_reverse_decode	3657179	3657185	6	0	0	0	3
tlm_inverse_gcd_reverse_apply	3657185	3657186	1	0	0	0	0
tlm_inverse_gcd_reverse_body	3657186	3660496	3310	584	0	178	179
tlm_inverse_gcd_reverse_decode	3660496	3660502	6	0	0	0	3
tlm_inverse_gcd_reverse_apply	3660502	3660503	1	0	0	0	0
tlm_inverse_gcd_reverse_body	3660503	3663833	3330	588	0	179	180
tlm_inverse_gcd_reverse_decode	3663833	3663998	165	17	0	3	8
tlm_inverse_gcd_reverse_apply	3663998	3663999	1	0	0	0	0
tlm_inverse_gcd_reverse_body	3663999	3667349	3350	592	0	180	181
tlm_inverse_gcd_reverse_decode	3667349	3667355	6	0	0	0	3
tlm_inverse_gcd_reverse_apply	3667355	3667356	1	0	0	0	0
tlm_inverse_gcd_reverse_body	3667356	3670740	3384	597	0	182	183
tlm_inverse_gcd_reverse_decode	3670740	3670746	6	0	0	0	3
tlm_inverse_gcd_reverse_apply	3670746	3670747	1	0	0	0	0
tlm_inverse_gcd_reverse_body	3670747	3674137	3390	600	0	182	183
tlm_inverse_gcd_reverse_decode	3674137	3674302	165	17	0	3	8
tlm_inverse_gcd_reverse_apply	3674302	3674303	1	0	0	0	0
tlm_inverse_gcd_reverse_body	3674303	3677713	3410	604	0	183	184
tlm_inverse_gcd_reverse_decode	3677713	3677719	6	0	0	0	3
tlm_inverse_gcd_reverse_apply	3677719	3677720	1	0	0	0	0
tlm_inverse_gcd_reverse_body	3677720	3681164	3444	609	0	185	186
tlm_inverse_gcd_reverse_decode	3681164	3681170	6	0	0	0	3
tlm_inverse_gcd_reverse_apply	3681170	3681171	1	0	0	0	0
tlm_inverse_gcd_reverse_body	3681171	3684635	3464	613	0	186	187
tlm_inverse_gcd_reverse_decode	3684635	3684800	165	17	0	3	8
tlm_inverse_gcd_reverse_apply	3684800	3684801	1	0	0	0	0
tlm_inverse_gcd_reverse_body	3684801	3688271	3470	616	0	186	187
tlm_inverse_gcd_reverse_decode	3688271	3688277	6	0	0	0	3
tlm_inverse_gcd_reverse_apply	3688277	3688278	1	0	0	0	0
tlm_inverse_gcd_reverse_body	3688278	3691782	3504	621	0	188	189
tlm_inverse_gcd_reverse_decode	3691782	3691788	6	0	0	0	3
tlm_inverse_gcd_reverse_apply	3691788	3691789	1	0	0	0	0
tlm_inverse_gcd_reverse_body	3691789	3695299	3510	624	0	188	189
tlm_inverse_gcd_reverse_decode	3695299	3695464	165	17	0	3	8
tlm_inverse_gcd_reverse_apply	3695464	3695465	1	0	0	0	0
tlm_inverse_gcd_reverse_body	3695465	3698995	3530	628	0	189	190
tlm_inverse_gcd_reverse_decode	3698995	3699001	6	0	0	0	3
tlm_inverse_gcd_reverse_apply	3699001	3699002	1	0	0	0	0
tlm_inverse_gcd_reverse_body	3699002	3702552	3550	632	0	190	191
tlm_inverse_gcd_reverse_decode	3702552	3702558	6	0	0	0	3
tlm_inverse_gcd_reverse_apply	3702558	3702559	1	0	0	0	0
tlm_inverse_gcd_reverse_body	3702559	3706129	3570	636	0	191	192
tlm_inverse_gcd_reverse_decode	3706129	3706294	165	17	0	3	8
tlm_inverse_gcd_reverse_apply	3706294	3706295	1	0	0	0	0
tlm_inverse_gcd_reverse_body	3706295	3709885	3590	640	0	192	193
tlm_inverse_gcd_reverse_decode	3709885	3709891	6	0	0	0	3
tlm_inverse_gcd_reverse_apply	3709891	3709892	1	0	0	0	0
tlm_inverse_gcd_reverse_body	3709892	3713502	3610	644	0	193	194
tlm_inverse_gcd_reverse_decode	3713502	3713508	6	0	0	0	3
tlm_inverse_gcd_reverse_apply	3713508	3713509	1	0	0	0	0
tlm_inverse_gcd_reverse_body	3713509	3717139	3630	648	0	194	195
tlm_inverse_gcd_reverse_decode	3717139	3717304	165	17	0	3	8
tlm_inverse_gcd_reverse_apply	3717304	3717305	1	0	0	0	0
tlm_inverse_gcd_reverse_body	3717305	3720941	3636	651	0	194	195
tlm_inverse_gcd_reverse_decode	3720941	3720947	6	0	0	0	3
tlm_inverse_gcd_reverse_apply	3720947	3720948	1	0	0	0	0
tlm_inverse_gcd_reverse_body	3720948	3724618	3670	656	0	196	197
tlm_inverse_gcd_reverse_decode	3724618	3724624	6	0	0	0	3
tlm_inverse_gcd_reverse_apply	3724624	3724625	1	0	0	0	0
tlm_inverse_gcd_reverse_body	3724625	3728301	3676	659	0	196	197
tlm_inverse_gcd_reverse_decode	3728301	3728466	165	17	0	3	8
tlm_inverse_gcd_reverse_apply	3728466	3728467	1	0	0	0	0
tlm_inverse_gcd_reverse_body	3728467	3732163	3696	663	0	197	198
tlm_inverse_gcd_reverse_decode	3732163	3732169	6	0	0	0	3
tlm_inverse_gcd_reverse_apply	3732169	3732170	1	0	0	0	0
tlm_inverse_gcd_reverse_body	3732170	3735886	3716	667	0	198	199
tlm_inverse_gcd_reverse_decode	3735886	3735892	6	0	0	0	3
tlm_inverse_gcd_reverse_apply	3735892	3735893	1	0	0	0	0
tlm_inverse_gcd_reverse_body	3735893	3739629	3736	671	0	199	200
tlm_inverse_gcd_reverse_decode	3739629	3739794	165	17	0	3	8
tlm_inverse_gcd_reverse_apply	3739794	3739795	1	0	0	0	0
tlm_inverse_gcd_reverse_body	3739795	3743551	3756	675	0	200	201
tlm_inverse_gcd_reverse_decode	3743551	3743557	6	0	0	0	3
tlm_inverse_gcd_reverse_apply	3743557	3743558	1	0	0	0	0
tlm_inverse_gcd_reverse_body	3743558	3747320	3762	678	0	200	201
tlm_inverse_gcd_reverse_decode	3747320	3747326	6	0	0	0	3
tlm_inverse_gcd_reverse_apply	3747326	3747327	1	0	0	0	0
tlm_inverse_gcd_reverse_body	3747327	3751123	3796	683	0	202	203
tlm_inverse_gcd_reverse_decode	3751123	3751288	165	17	0	3	8
tlm_inverse_gcd_reverse_apply	3751288	3751289	1	0	0	0	0
tlm_inverse_gcd_reverse_body	3751289	3755105	3816	687	0	203	204
tlm_inverse_gcd_reverse_decode	3755105	3755111	6	0	0	0	3
tlm_inverse_gcd_reverse_apply	3755111	3755112	1	0	0	0	0
tlm_inverse_gcd_reverse_body	3755112	3758934	3822	690	0	203	204
tlm_inverse_gcd_reverse_decode	3758934	3758940	6	0	0	0	3
tlm_inverse_gcd_reverse_apply	3758940	3758941	1	0	0	0	0
tlm_inverse_gcd_reverse_body	3758941	3762817	3876	699	0	206	207
tlm_inverse_gcd_reverse_decode	3762817	3762982	165	17	0	3	8
tlm_inverse_gcd_reverse_apply	3762982	3762983	1	0	0	0	0
tlm_inverse_gcd_reverse_body	3762983	3766879	3896	703	0	207	208
tlm_inverse_gcd_reverse_decode	3766879	3766885	6	0	0	0	3
tlm_inverse_gcd_reverse_apply	3766885	3766886	1	0	0	0	0
tlm_inverse_gcd_reverse_body	3766886	3770816	3930	708	0	209	210
tlm_inverse_gcd_reverse_decode	3770816	3770822	6	0	0	0	3
tlm_inverse_gcd_reverse_apply	3770822	3770823	1	0	0	0	0
tlm_inverse_gcd_reverse_body	3770823	3774745	3922	710	0	208	209
tlm_inverse_gcd_reverse_decode	3774745	3774910	165	17	0	3	8
tlm_inverse_gcd_reverse_apply	3774910	3774911	1	0	0	0	0
tlm_inverse_gcd_reverse_body	3774911	3778853	3942	714	0	209	210
tlm_inverse_gcd_reverse_decode	3778853	3778859	6	0	0	0	3
tlm_inverse_gcd_reverse_apply	3778859	3778860	1	0	0	0	0
tlm_inverse_gcd_reverse_body	3778860	3782856	3996	723	0	212	213
tlm_inverse_gcd_reverse_decode	3782856	3782862	6	0	0	0	3
tlm_inverse_gcd_reverse_apply	3782862	3782863	1	0	0	0	0
tlm_inverse_gcd_reverse_body	3782863	3786893	4030	728	0	214	215
tlm_inverse_gcd_reverse_decode	3786893	3787058	165	17	0	3	8
tlm_inverse_gcd_reverse_apply	3787058	3787059	1	0	0	0	0
tlm_inverse_gcd_reverse_body	3787059	3791061	4002	726	0	212	213
tlm_inverse_gcd_reverse_decode	3791061	3791067	6	0	0	0	3
tlm_inverse_gcd_reverse_apply	3791067	3791068	1	0	0	0	0
tlm_inverse_gcd_reverse_body	3791068	3795104	4036	731	0	214	215
tlm_inverse_gcd_reverse_decode	3795104	3795110	6	0	0	0	3
tlm_inverse_gcd_reverse_apply	3795110	3795111	1	0	0	0	0
tlm_inverse_gcd_reverse_body	3795111	3799153	4042	734	0	214	215
tlm_inverse_gcd_reverse_decode	3799153	3799318	165	17	0	3	8
tlm_inverse_gcd_reverse_apply	3799318	3799319	1	0	0	0	0
tlm_inverse_gcd_reverse_body	3799319	3803381	4062	738	0	215	216
tlm_inverse_gcd_reverse_decode	3803381	3803387	6	0	0	0	3
tlm_inverse_gcd_reverse_apply	3803387	3803388	1	0	0	0	0
tlm_inverse_gcd_reverse_body	3803388	3807470	4082	742	0	216	217
tlm_inverse_gcd_reverse_decode	3807470	3807476	6	0	0	0	3
tlm_inverse_gcd_reverse_apply	3807476	3807477	1	0	0	0	0
tlm_inverse_gcd_reverse_body	3807477	3811579	4102	746	0	217	218
tlm_inverse_gcd_reverse_decode	3811579	3811744	165	17	0	3	8
tlm_inverse_gcd_reverse_apply	3811744	3811745	1	0	0	0	0
tlm_inverse_gcd_reverse_body	3811745	3815867	4122	750	0	218	219
tlm_inverse_gcd_reverse_decode	3815867	3815873	6	0	0	0	3
tlm_inverse_gcd_reverse_apply	3815873	3815874	1	0	0	0	0
tlm_inverse_gcd_reverse_body	3815874	3820016	4142	754	0	219	220
tlm_inverse_gcd_reverse_decode	3820016	3820022	6	0	0	0	3
tlm_inverse_gcd_reverse_apply	3820022	3820023	1	0	0	0	0
tlm_inverse_gcd_reverse_body	3820023	3824171	4148	757	0	219	220
tlm_inverse_gcd_reverse_decode	3824171	3824336	165	17	0	3	8
tlm_inverse_gcd_reverse_apply	3824336	3824337	1	0	0	0	0
tlm_inverse_gcd_reverse_body	3824337	3828505	4168	761	0	220	221
tlm_inverse_gcd_reverse_decode	3828505	3828511	6	0	0	0	3
tlm_inverse_gcd_reverse_apply	3828511	3828512	1	0	0	0	0
tlm_inverse_gcd_reverse_body	3828512	3832728	4216	767	0	223	224
tlm_inverse_gcd_reverse_decode	3832728	3832734	6	0	0	0	3
tlm_inverse_gcd_reverse_apply	3832734	3832735	1	0	0	0	0
tlm_inverse_gcd_reverse_body	3832735	3836957	4222	770	0	223	224
tlm_inverse_gcd_reverse_decode	3836957	3837122	165	17	0	3	8
tlm_inverse_gcd_reverse_apply	3837122	3837123	1	0	0	0	0
tlm_inverse_gcd_reverse_body	3837123	3841365	4242	774	0	224	225
tlm_inverse_gcd_reverse_decode	3841365	3841371	6	0	0	0	3
tlm_inverse_gcd_reverse_apply	3841371	3841372	1	0	0	0	0
tlm_inverse_gcd_reverse_body	3841372	3845620	4248	777	0	224	225
tlm_inverse_gcd_reverse_decode	3845620	3845626	6	0	0	0	3
tlm_inverse_gcd_reverse_apply	3845626	3845627	1	0	0	0	0
tlm_inverse_gcd_reverse_body	3845627	3849895	4268	781	0	225	226
tlm_inverse_gcd_reverse_decode	3849895	3850060	165	17	0	3	8
tlm_inverse_gcd_reverse_apply	3850060	3850061	1	0	0	0	0
tlm_inverse_gcd_reverse_body	3850061	3854335	4274	784	0	225	226
tlm_inverse_gcd_reverse_decode	3854335	3854341	6	0	0	0	3
tlm_inverse_gcd_reverse_apply	3854341	3854342	1	0	0	0	0
tlm_inverse_gcd_reverse_body	3854342	3858650	4308	789	0	227	228
tlm_inverse_gcd_reverse_decode	3858650	3858656	6	0	0	0	3
tlm_inverse_gcd_reverse_apply	3858656	3858657	1	0	0	0	0
tlm_inverse_gcd_reverse_body	3858657	3862999	4342	794	0	229	230
tlm_inverse_gcd_reverse_decode	3862999	3863164	165	17	0	3	8
tlm_inverse_gcd_reverse_apply	3863164	3863165	1	0	0	0	0
tlm_inverse_gcd_reverse_body	3863165	3867513	4348	797	0	229	230
tlm_inverse_gcd_reverse_decode	3867513	3867519	6	0	0	0	3
tlm_inverse_gcd_reverse_apply	3867519	3867520	1	0	0	0	0
tlm_inverse_gcd_reverse_body	3867520	3871888	4368	801	0	230	231
tlm_inverse_gcd_reverse_decode	3871888	3871894	6	0	0	0	3
tlm_inverse_gcd_reverse_apply	3871894	3871895	1	0	0	0	0
tlm_inverse_gcd_reverse_body	3871895	3876269	4374	804	0	230	231
tlm_inverse_gcd_reverse_decode	3876269	3876434	165	17	0	3	8
tlm_inverse_gcd_reverse_apply	3876434	3876435	1	0	0	0	0
tlm_inverse_gcd_reverse_body	3876435	3880829	4394	808	0	231	232
tlm_inverse_gcd_reverse_decode	3880829	3880835	6	0	0	0	3
tlm_inverse_gcd_reverse_apply	3880835	3880836	1	0	0	0	0
tlm_inverse_gcd_reverse_body	3880836	3885250	4414	812	0	232	233
tlm_inverse_gcd_reverse_decode	3885250	3885256	6	0	0	0	3
tlm_inverse_gcd_reverse_apply	3885256	3885257	1	0	0	0	0
tlm_inverse_gcd_reverse_body	3885257	3889691	4434	816	0	233	234
tlm_inverse_gcd_reverse_decode	3889691	3889856	165	17	0	3	8
tlm_inverse_gcd_reverse_apply	3889856	3889857	1	0	0	0	0
tlm_inverse_gcd_reverse_body	3889857	3894311	4454	820	0	234	235
tlm_inverse_gcd_reverse_decode	3894311	3894317	6	0	0	0	3
tlm_inverse_gcd_reverse_apply	3894317	3894318	1	0	0	0	0
tlm_inverse_gcd_reverse_body	3894318	3898792	4474	824	0	235	236
tlm_inverse_gcd_reverse_decode	3898792	3898798	6	0	0	0	3
tlm_inverse_gcd_reverse_apply	3898798	3898799	1	0	0	0	0
tlm_inverse_gcd_reverse_body	3898799	3903279	4480	827	0	235	236
tlm_inverse_gcd_reverse_decode	3903279	3903444	165	17	0	3	8
tlm_inverse_gcd_reverse_apply	3903444	3903445	1	0	0	0	0
tlm_inverse_gcd_reverse_body	3903445	3907945	4500	831	0	236	237
tlm_inverse_gcd_reverse_decode	3907945	3907951	6	0	0	0	3
tlm_inverse_gcd_reverse_apply	3907951	3907952	1	0	0	0	0
tlm_inverse_gcd_reverse_body	3907952	3912472	4520	835	0	237	238
tlm_inverse_gcd_reverse_decode	3912472	3912478	6	0	0	0	3
tlm_inverse_gcd_reverse_apply	3912478	3912479	1	0	0	0	0
tlm_inverse_gcd_reverse_body	3912479	3917019	4540	839	0	238	239
tlm_inverse_gcd_reverse_decode	3917019	3917184	165	17	0	3	8
tlm_inverse_gcd_reverse_apply	3917184	3917185	1	0	0	0	0
tlm_inverse_gcd_reverse_body	3917185	3921745	4560	843	0	239	240
tlm_inverse_gcd_reverse_decode	3921745	3921751	6	0	0	0	3
tlm_inverse_gcd_reverse_apply	3921751	3921752	1	0	0	0	0
tlm_inverse_gcd_reverse_body	3921752	3926332	4580	847	0	240	241
tlm_inverse_gcd_reverse_decode	3926332	3926338	6	0	0	0	3
tlm_inverse_gcd_reverse_apply	3926338	3926339	1	0	0	0	0
tlm_inverse_gcd_reverse_body	3926339	3930939	4600	851	0	241	242
tlm_inverse_gcd_reverse_decode	3930939	3931104	165	17	0	3	8
tlm_inverse_gcd_reverse_apply	3931104	3931105	1	0	0	0	0
tlm_inverse_gcd_reverse_body	3931105	3935725	4620	855	0	242	243
tlm_inverse_gcd_reverse_decode	3935725	3935731	6	0	0	0	3
tlm_inverse_gcd_reverse_apply	3935731	3935732	1	0	0	0	0
tlm_inverse_gcd_reverse_body	3935732	3940372	4640	859	0	243	244
tlm_inverse_gcd_reverse_decode	3940372	3940378	6	0	0	0	3
tlm_inverse_gcd_reverse_apply	3940378	3940379	1	0	0	0	0
tlm_inverse_gcd_reverse_body	3940379	3945039	4660	863	0	244	245
tlm_inverse_gcd_reverse_decode	3945039	3945204	165	17	0	3	8
tlm_inverse_gcd_reverse_apply	3945204	3945205	1	0	0	0	0
tlm_inverse_gcd_reverse_body	3945205	3949885	4680	867	0	245	246
tlm_inverse_gcd_reverse_decode	3949885	3949891	6	0	0	0	3
tlm_inverse_gcd_reverse_apply	3949891	3949892	1	0	0	0	0
tlm_inverse_gcd_reverse_body	3949892	3954592	4700	871	0	246	247
tlm_inverse_gcd_reverse_decode	3954592	3954598	6	0	0	0	3
tlm_inverse_gcd_reverse_apply	3954598	3954599	1	0	0	0	0
tlm_inverse_gcd_reverse_body	3954599	3959305	4706	874	0	246	247
tlm_inverse_gcd_reverse_decode	3959305	3959470	165	17	0	3	8
tlm_inverse_gcd_reverse_apply	3959470	3959471	1	0	0	0	0
tlm_inverse_gcd_reverse_body	3959471	3964197	4726	878	0	247	248
tlm_inverse_gcd_reverse_decode	3964197	3964203	6	0	0	0	3
tlm_inverse_gcd_reverse_apply	3964203	3964204	1	0	0	0	0
tlm_inverse_gcd_reverse_body	3964204	3968950	4746	882	0	248	249
tlm_inverse_gcd_reverse_decode	3968950	3968956	6	0	0	0	3
tlm_inverse_gcd_reverse_apply	3968956	3968957	1	0	0	0	0
tlm_inverse_gcd_reverse_body	3968957	3973723	4766	886	0	249	250
tlm_inverse_gcd_reverse_decode	3973723	3973888	165	17	0	3	8
tlm_inverse_gcd_reverse_apply	3973888	3973889	1	0	0	0	0
tlm_inverse_gcd_reverse_body	3973889	3978675	4786	890	0	250	251
tlm_inverse_gcd_reverse_decode	3978675	3978681	6	0	0	0	3
tlm_inverse_gcd_reverse_apply	3978681	3978682	1	0	0	0	0
tlm_inverse_gcd_reverse_body	3978682	3983488	4806	894	0	251	252
tlm_inverse_gcd_reverse_decode	3983488	3983494	6	0	0	0	3
tlm_inverse_gcd_reverse_apply	3983494	3983495	1	0	0	0	0
tlm_inverse_gcd_reverse_body	3983495	3988307	4812	897	0	251	252
tlm_inverse_gcd_reverse_decode	3988307	3988472	165	17	0	3	8
tlm_inverse_gcd_reverse_apply	3988472	3988473	1	0	0	0	0
tlm_inverse_gcd_reverse_body	3988473	3993319	4846	902	0	253	254
tlm_inverse_gcd_reverse_decode	3993319	3993325	6	0	0	0	3
tlm_inverse_gcd_reverse_apply	3993325	3993326	1	0	0	0	0
tlm_inverse_gcd_reverse_body	3993326	3998178	4852	905	0	253	254
tlm_inverse_gcd_reverse_decode	3998178	3998184	6	0	0	0	3
tlm_inverse_gcd_reverse_apply	3998184	3998185	1	0	0	0	0
tlm_inverse_gcd_reverse_body	3998185	4003071	4886	910	0	255	256
tlm_inverse_gcd_reverse_decode	4003071	4003236	165	17	0	3	8
tlm_inverse_gcd_reverse_apply	4003236	4003237	1	0	0	0	0
tlm_inverse_gcd_reverse_body	4003237	4008129	4892	913	0	255	256
tlm_inverse_gcd_reverse_decode	4008129	4008135	6	0	0	0	3
tlm_inverse_gcd_reverse_apply	4008135	4008136	1	0	0	0	0
tlm_inverse_gcd_reverse_body	4008136	4013048	4912	917	0	256	257
tlm_inverse_gcd_reverse_decode	4013048	4013054	6	0	0	0	3
tlm_inverse_gcd_reverse_apply	4013054	4013055	1	0	0	0	0
tlm_inverse_gcd_reverse_body	4013055	4017987	4932	921	0	257	258
tlm_inverse_gcd_reverse_decode	4017987	4018152	165	17	0	3	8
tlm_inverse_gcd_reverse_apply	4018152	4018153	1	0	0	0	0
tlm_inverse_gcd_reverse_body	4018153	4023105	4952	925	0	258	259
tlm_inverse_gcd_reverse_decode	4023105	4023111	6	0	0	0	3
tlm_inverse_gcd_reverse_apply	4023111	4023112	1	0	0	0	0
tlm_inverse_gcd_reverse_body	4023112	4028070	4958	928	0	258	259
tlm_inverse_gcd_reverse_decode	4028070	4028076	6	0	0	0	3
tlm_inverse_gcd_reverse_apply	4028076	4028077	1	0	0	0	0
tlm_inverse_gcd_reverse_body	4028077	4033069	4992	933	0	260	261
tlm_inverse_gcd_reverse_decode	4033069	4033234	165	17	0	3	8
tlm_inverse_gcd_reverse_apply	4033234	4033235	1	0	0	0	0
tlm_inverse_gcd_reverse_body	4033235	4038247	5012	937	0	261	262
tlm_inverse_gcd_reverse_decode	4038247	4038253	6	0	0	0	3
tlm_inverse_gcd_reverse_apply	4038253	4038254	1	0	0	0	0
tlm_inverse_gcd_reverse_body	4038254	4043286	5032	941	0	262	263
tlm_inverse_gcd_reverse_decode	4043286	4043292	6	0	0	0	3
tlm_inverse_gcd_reverse_apply	4043292	4043293	1	0	0	0	0
tlm_inverse_gcd_reverse_body	4043293	4048331	5038	944	0	262	263
tlm_inverse_gcd_reverse_decode	4048331	4048496	165	17	0	3	8
tlm_inverse_gcd_reverse_apply	4048496	4048497	1	0	0	0	0
tlm_inverse_gcd_reverse_body	4048497	4053569	5072	949	0	264	265
tlm_inverse_gcd_reverse_decode	4053569	4053575	6	0	0	0	3
tlm_inverse_gcd_reverse_apply	4053575	4053576	1	0	0	0	0
tlm_inverse_gcd_reverse_body	4053576	4058654	5078	952	0	264	265
tlm_inverse_gcd_reverse_decode	4058654	4058660	6	0	0	0	3
tlm_inverse_gcd_reverse_apply	4058660	4058661	1	0	0	0	0
tlm_inverse_gcd_reverse_body	4058661	4063759	5098	956	0	265	266
tlm_inverse_gcd_reverse_decode	4063759	4063924	165	17	0	3	8
tlm_inverse_gcd_reverse_apply	4063924	4063925	1	0	0	0	0
tlm_inverse_gcd_reverse_body	4063925	4069043	5118	960	0	266	267
tlm_inverse_gcd_reverse_decode	4069043	4069049	6	0	0	0	3
tlm_inverse_gcd_reverse_apply	4069049	4069050	1	0	0	0	0
tlm_inverse_gcd_reverse_body	4069050	4074188	5138	964	0	267	268
tlm_inverse_gcd_reverse_decode	4074188	4074194	6	0	0	0	3
tlm_inverse_gcd_reverse_apply	4074194	4074195	1	0	0	0	0
tlm_inverse_gcd_reverse_body	4074195	4079339	5144	967	0	267	268
tlm_inverse_gcd_reverse_decode	4079339	4079504	165	17	0	3	8
tlm_inverse_gcd_reverse_apply	4079504	4079505	1	0	0	0	0
tlm_inverse_gcd_reverse_body	4079505	4084697	5192	973	0	270	271
tlm_inverse_gcd_reverse_decode	4084697	4084703	6	0	0	0	3
tlm_inverse_gcd_reverse_apply	4084703	4084704	1	0	0	0	0
tlm_inverse_gcd_reverse_body	4084704	4089888	5184	975	0	269	270
tlm_inverse_gcd_reverse_decode	4089888	4089894	6	0	0	0	3
tlm_inverse_gcd_reverse_apply	4089894	4089895	1	0	0	0	0
tlm_inverse_gcd_reverse_body	4089895	4095099	5204	979	0	270	271
tlm_inverse_gcd_reverse_decode	4095099	4095264	165	17	0	3	8
tlm_inverse_gcd_reverse_apply	4095264	4095265	1	0	0	0	0
tlm_inverse_gcd_reverse_body	4095265	4100503	5238	984	0	272	273
tlm_inverse_gcd_reverse_decode	4100503	4100509	6	0	0	0	3
tlm_inverse_gcd_reverse_apply	4100509	4100510	1	0	0	0	0
tlm_inverse_gcd_reverse_body	4100510	4105754	5244	987	0	272	273
tlm_inverse_gcd_reverse_decode	4105754	4105760	6	0	0	0	3
tlm_inverse_gcd_reverse_apply	4105760	4105761	1	0	0	0	0
tlm_inverse_gcd_reverse_body	4105761	4111025	5264	991	0	273	274
tlm_inverse_gcd_reverse_decode	4111025	4111190	165	17	0	3	8
tlm_inverse_gcd_reverse_apply	4111190	4111191	1	0	0	0	0
tlm_inverse_gcd_reverse_body	4111191	4116489	5298	996	0	275	276
tlm_inverse_gcd_reverse_decode	4116489	4116495	6	0	0	0	3
tlm_inverse_gcd_reverse_apply	4116495	4116496	1	0	0	0	0
tlm_inverse_gcd_reverse_body	4116496	4121814	5318	1000	0	276	277
tlm_inverse_gcd_reverse_decode	4121814	4121820	6	0	0	0	3
tlm_inverse_gcd_reverse_apply	4121820	4121821	1	0	0	0	0
tlm_inverse_gcd_reverse_body	4121821	4127131	5310	1002	0	275	276
tlm_inverse_gcd_reverse_decode	4127131	4127296	165	17	0	3	8
tlm_inverse_gcd_reverse_apply	4127296	4127297	1	0	0	0	0
tlm_inverse_gcd_reverse_body	4127297	4132641	5344	1007	0	277	278
tlm_inverse_gcd_reverse_decode	4132641	4132647	6	0	0	0	3
tlm_inverse_gcd_reverse_apply	4132647	4132648	1	0	0	0	0
tlm_inverse_gcd_reverse_body	4132648	4138012	5364	1011	0	278	279
tlm_inverse_gcd_reverse_decode	4138012	4138018	6	0	0	0	3
tlm_inverse_gcd_reverse_apply	4138018	4138019	1	0	0	0	0
tlm_inverse_gcd_reverse_body	4138019	4143403	5384	1015	0	279	280
tlm_inverse_gcd_reverse_decode	4143403	4143568	165	17	0	3	8
tlm_inverse_gcd_reverse_apply	4143568	4143569	1	0	0	0	0
tlm_inverse_gcd_reverse_body	4143569	4148959	5390	1018	0	279	280
tlm_inverse_gcd_reverse_decode	4148959	4148965	6	0	0	0	3
tlm_inverse_gcd_reverse_apply	4148965	4148966	1	0	0	0	0
tlm_inverse_gcd_reverse_body	4148966	4154390	5424	1023	0	281	282
tlm_inverse_gcd_reverse_decode	4154390	4154396	6	0	0	0	3
tlm_inverse_gcd_reverse_apply	4154396	4154397	1	0	0	0	0
tlm_inverse_gcd_reverse_body	4154397	4159841	5444	1027	0	282	283
tlm_inverse_gcd_reverse_decode	4159841	4160006	165	17	0	3	8
tlm_inverse_gcd_reverse_apply	4160006	4160007	1	0	0	0	0
tlm_inverse_gcd_reverse_body	4160007	4165457	5450	1030	0	282	283
tlm_inverse_gcd_reverse_decode	4165457	4165463	6	0	0	0	3
tlm_inverse_gcd_reverse_apply	4165463	4165464	1	0	0	0	0
tlm_inverse_gcd_reverse_body	4165464	4170934	5470	1034	0	283	284
tlm_inverse_gcd_reverse_decode	4170934	4170940	6	0	0	0	3
tlm_inverse_gcd_reverse_apply	4170940	4170941	1	0	0	0	0
tlm_inverse_gcd_reverse_body	4170941	4176431	5490	1038	0	284	285
tlm_inverse_gcd_reverse_decode	4176431	4176596	165	17	0	3	8
tlm_inverse_gcd_reverse_apply	4176596	4176597	1	0	0	0	0
tlm_inverse_gcd_reverse_body	4176597	4182107	5510	1042	0	285	286
tlm_inverse_gcd_reverse_decode	4182107	4182113	6	0	0	0	3
tlm_inverse_gcd_reverse_apply	4182113	4182114	1	0	0	0	0
tlm_inverse_gcd_reverse_body	4182114	4187644	5530	1046	0	286	287
tlm_inverse_gcd_reverse_decode	4187644	4187650	6	0	0	0	3
tlm_inverse_gcd_reverse_apply	4187650	4187651	1	0	0	0	0
tlm_inverse_gcd_reverse_body	4187651	4193201	5550	1050	0	287	288
tlm_inverse_gcd_reverse_decode	4193201	4193366	165	17	0	3	8
tlm_inverse_gcd_reverse_apply	4193366	4193367	1	0	0	0	0
tlm_inverse_gcd_reverse_body	4193367	4198889	5522	1048	0	285	286
tlm_inverse_gcd_reverse_decode	4198889	4198895	6	0	0	0	3
tlm_inverse_gcd_reverse_apply	4198895	4198896	1	0	0	0	0
tlm_inverse_gcd_reverse_body	4198896	4204418	5522	1048	0	285	286
tlm_inverse_gcd_reverse_decode	4204418	4204424	6	0	0	0	3
tlm_inverse_gcd_reverse_apply	4204424	4204425	1	0	0	0	0
tlm_inverse_gcd_reverse_body	4204425	4209919	5494	1046	0	283	284
tlm_inverse_gcd_reverse_decode	4209919	4210084	165	17	0	3	8
tlm_inverse_gcd_reverse_apply	4210084	4210085	1	0	0	0	0
tlm_inverse_gcd_reverse_body	4210085	4215565	5480	1045	0	282	283
tlm_inverse_gcd_reverse_decode	4215565	4215571	6	0	0	0	3
tlm_inverse_gcd_reverse_apply	4215571	4215572	1	0	0	0	0
tlm_inverse_gcd_reverse_body	4215572	4221052	5480	1045	0	282	283
tlm_inverse_gcd_reverse_decode	4221052	4221058	6	0	0	0	3
tlm_inverse_gcd_reverse_apply	4221058	4221059	1	0	0	0	0
tlm_inverse_gcd_reverse_body	4221059	4226511	5452	1043	0	280	281
tlm_inverse_gcd_reverse_decode	4226511	4226676	165	17	0	3	8
tlm_inverse_gcd_reverse_apply	4226676	4226677	1	0	0	0	0
tlm_inverse_gcd_reverse_body	4226677	4232115	5438	1042	0	279	280
tlm_inverse_gcd_reverse_decode	4232115	4232121	6	0	0	0	3
tlm_inverse_gcd_reverse_apply	4232121	4232122	1	0	0	0	0
tlm_inverse_gcd_reverse_body	4232122	4237546	5424	1041	0	278	279
tlm_inverse_gcd_reverse_decode	4237546	4237552	6	0	0	0	3
tlm_inverse_gcd_reverse_apply	4237552	4237553	1	0	0	0	0
tlm_inverse_gcd_reverse_body	4237553	4242978	5425	1041	0	278	280
tlm_inverse_gcd_reverse_decode_initial	4242978	4242988	10	1	0	0	3
tlm_inverse_gcd_reverse_apply_initial	4242988	4242989	1	0	0	0	0
tlm_inverse_gcd_reverse_body_initial	4242989	4248595	5606	1273	0	254	256
tlm_gcd_step_end_initial	4248595	4249103	508	0	0	0	258
tlm_coord_add3x	4249103	4290570	41467	330	2	331	590
square_sum_hi_lo	4290570	4292357	1787	128	0	128	128
square_c_sum_build	4292357	4388192	95835	9283	0	8513	518
square_c_sum_apply_shifted_128_sub_initial	4388192	4411006	22814	2374	12	1232	1956
square_c_sum_unbuild	4411006	4507098	96092	9283	0	8513	776
square_a_lo_build	4507098	4601486	94388	9147	0	8383	514
square_a_lo_apply_unshifted_sub_initial	4601486	4606266	4780	336	2	325	328
square_a_lo_apply_shifted_128_add_initial	4606266	4626814	20548	2372	12	1234	1968
square_a_lo_unbuild	4626814	4721457	94643	9147	0	8383	770
square_b_hi_build	4721457	4815845	94388	9147	0	8383	514
square_b_hi_apply_shifted_128_add_initial	4815845	4836393	20548	2372	12	1234	1968
square_b_hi_apply_f_times_sub_initial	4836393	4892633	56240	4466	114	4455	4470
square_b_hi_unbuild	4892633	4987276	94643	9147	0	8383	770
square_sum_hi_lo_unbuild	4987276	4988696	1420	258	0	0	131
tlm_forward_multiply	4988696	4988946	250	0	0	0	0
tlm_multiply_gcd_forward_shift_initial	4988946	4990478	1532	509	0	0	0
tlm_multiply_gcd_forward_compare_initial	4990478	4991244	766	255	0	0	0
tlm_multiply_gcd_forward_body_initial	4991244	4995065	3821	509	0	254	255
tlm_multiply_gcd_forward_apply_initial	4995065	4995066	1	0	0	0	0
tlm_multiply_gcd_forward_codec_initial	4995066	4995075	9	1	0	0	2
tlm_multiply_gcd_forward_shift	4995075	4996095	1020	254	0	0	0
tlm_multiply_gcd_forward_compare	4996095	4997189	1094	279	0	23	24
tlm_multiply_gcd_forward_body	4997189	5001010	3821	509	0	254	255
tlm_multiply_gcd_forward_apply	5001010	5001011	1	0	0	0	0
tlm_multiply_gcd_forward_codec	5001011	5001014	3	0	0	0	0
tlm_multiply_gcd_forward_shift	5001014	5002034	1020	254	0	0	0
tlm_multiply_gcd_forward_compare	5002034	5003128	1094	279	0	23	24
tlm_multiply_gcd_forward_body	5003128	5006949	3821	509	0	254	255
tlm_multiply_gcd_forward_apply	5006949	5006950	1	0	0	0	0
tlm_multiply_gcd_forward_codec	5006950	5006953	3	0	0	0	0
tlm_multiply_gcd_forward_shift	5006953	5007973	1020	254	0	0	0
tlm_multiply_gcd_forward_compare	5007973	5009081	1108	280	0	24	25
tlm_multiply_gcd_forward_body	5009081	5012902	3821	509	0	254	255
tlm_multiply_gcd_forward_apply	5012902	5012903	1	0	0	0	0
tlm_multiply_gcd_forward_codec	5012903	5013070	167	16	0	4	7
tlm_multiply_gcd_forward_shift	5013070	5014090	1020	254	0	0	0
tlm_multiply_gcd_forward_compare	5014090	5015212	1122	281	0	25	26
tlm_multiply_gcd_forward_body	5015212	5019033	3821	509	0	254	255
tlm_multiply_gcd_forward_apply	5019033	5019034	1	0	0	0	0
tlm_multiply_gcd_forward_codec	5019034	5019037	3	0	0	0	0
tlm_multiply_gcd_forward_shift	5019037	5020057	1020	254	0	0	0
tlm_multiply_gcd_forward_compare	5020057	5021207	1150	283	0	27	28
tlm_multiply_gcd_forward_body	5021207	5025028	3821	509	0	254	255
tlm_multiply_gcd_forward_apply	5025028	5025029	1	0	0	0	0
tlm_multiply_gcd_forward_codec	5025029	5025032	3	0	0	0	0
tlm_multiply_gcd_forward_shift	5025032	5026052	1020	254	0	0	0
tlm_multiply_gcd_forward_compare	5026052	5027202	1150	283	0	27	28
tlm_multiply_gcd_forward_body	5027202	5031023	3821	509	0	254	255
tlm_multiply_gcd_forward_apply	5031023	5031024	1	0	0	0	0
tlm_multiply_gcd_forward_codec	5031024	5031191	167	16	0	4	7
tlm_multiply_gcd_forward_shift	5031191	5032211	1020	254	0	0	0
tlm_multiply_gcd_forward_compare	5032211	5033375	1164	284	0	28	29
tlm_multiply_gcd_forward_body	5033375	5037196	3821	509	0	254	255
tlm_multiply_gcd_forward_apply	5037196	5037197	1	0	0	0	0
tlm_multiply_gcd_forward_codec	5037197	5037200	3	0	0	0	0
tlm_multiply_gcd_forward_shift	5037200	5038220	1020	254	0	0	0
tlm_multiply_gcd_forward_compare	5038220	5039412	1192	286	0	30	31
tlm_multiply_gcd_forward_body	5039412	5043233	3821	509	0	254	255
tlm_multiply_gcd_forward_apply	5043233	5043234	1	0	0	0	0
tlm_multiply_gcd_forward_codec	5043234	5043237	3	0	0	0	0
tlm_multiply_gcd_forward_shift	5043237	5044257	1020	254	0	0	0
tlm_multiply_gcd_forward_compare	5044257	5045449	1192	286	0	30	31
tlm_multiply_gcd_forward_body	5045449	5049270	3821	509	0	254	255
tlm_multiply_gcd_forward_apply	5049270	5049271	1	0	0	0	0
tlm_multiply_gcd_forward_codec	5049271	5049438	167	16	0	4	7
tlm_multiply_gcd_forward_shift	5049438	5050458	1020	254	0	0	0
tlm_multiply_gcd_forward_compare	5050458	5051678	1220	288	0	32	33
tlm_multiply_gcd_forward_body	5051678	5055499	3821	509	0	254	255
tlm_multiply_gcd_forward_apply	5055499	5055500	1	0	0	0	0
tlm_multiply_gcd_forward_codec	5055500	5055503	3	0	0	0	0
tlm_multiply_gcd_forward_shift	5055503	5056521	1018	253	0	0	2
tlm_multiply_gcd_forward_compare	5056521	5057738	1217	287	0	32	33
tlm_multiply_gcd_forward_body	5057738	5061544	3806	507	0	253	254
tlm_multiply_gcd_forward_apply	5061544	5061545	1	0	0	0	0
tlm_multiply_gcd_forward_codec	5061545	5061548	3	0	0	0	0
tlm_multiply_gcd_forward_shift	5061548	5062562	1014	252	0	0	2
tlm_multiply_gcd_forward_compare	5062562	5063776	1214	286	0	32	33
tlm_multiply_gcd_forward_body	5063776	5067567	3791	505	0	252	253
tlm_multiply_gcd_forward_apply	5067567	5067568	1	0	0	0	0
tlm_multiply_gcd_forward_codec	5067568	5067735	167	16	0	4	7
tlm_multiply_gcd_forward_shift	5067735	5068745	1010	251	0	0	2
tlm_multiply_gcd_forward_compare	5068745	5069956	1211	285	0	32	33
tlm_multiply_gcd_forward_body	5069956	5073732	3776	503	0	251	252
tlm_multiply_gcd_forward_apply	5073732	5073733	1	0	0	0	0
tlm_multiply_gcd_forward_codec	5073733	5073736	3	0	0	0	0
tlm_multiply_gcd_forward_shift	5073736	5074742	1006	250	0	0	2
tlm_multiply_gcd_forward_compare	5074742	5075950	1208	284	0	32	33
tlm_multiply_gcd_forward_body	5075950	5079711	3761	501	0	250	251
tlm_multiply_gcd_forward_apply	5079711	5079712	1	0	0	0	0
tlm_multiply_gcd_forward_codec	5079712	5079715	3	0	0	0	0
tlm_multiply_gcd_forward_shift	5079715	5080717	1002	249	0	0	2
tlm_multiply_gcd_forward_compare	5080717	5081922	1205	283	0	32	33
tlm_multiply_gcd_forward_body	5081922	5085668	3746	499	0	249	250
tlm_multiply_gcd_forward_apply	5085668	5085669	1	0	0	0	0
tlm_multiply_gcd_forward_codec	5085669	5085836	167	16	0	4	7
tlm_multiply_gcd_forward_shift	5085836	5086834	998	248	0	0	2
tlm_multiply_gcd_forward_compare	5086834	5088050	1216	283	0	33	34
tlm_multiply_gcd_forward_body	5088050	5091781	3731	497	0	248	249
tlm_multiply_gcd_forward_apply	5091781	5091782	1	0	0	0	0
tlm_multiply_gcd_forward_codec	5091782	5091785	3	0	0	0	0
tlm_multiply_gcd_forward_shift	5091785	5092779	994	247	0	0	2
tlm_multiply_gcd_forward_compare	5092779	5093992	1213	282	0	33	34
tlm_multiply_gcd_forward_body	5093992	5097708	3716	495	0	247	248
tlm_multiply_gcd_forward_apply	5097708	5097709	1	0	0	0	0
tlm_multiply_gcd_forward_codec	5097709	5097712	3	0	0	0	0
tlm_multiply_gcd_forward_shift	5097712	5098702	990	246	0	0	2
tlm_multiply_gcd_forward_compare	5098702	5099898	1196	280	0	32	33
tlm_multiply_gcd_forward_body	5099898	5103599	3701	493	0	246	247
tlm_multiply_gcd_forward_apply	5103599	5103600	1	0	0	0	0
tlm_multiply_gcd_forward_codec	5103600	5103767	167	16	0	4	7
tlm_multiply_gcd_forward_shift	5103767	5104753	986	245	0	0	2
tlm_multiply_gcd_forward_compare	5104753	5105960	1207	280	0	33	34
tlm_multiply_gcd_forward_body	5105960	5109646	3686	491	0	245	246
tlm_multiply_gcd_forward_apply	5109646	5109647	1	0	0	0	0
tlm_multiply_gcd_forward_codec	5109647	5109650	3	0	0	0	0
tlm_multiply_gcd_forward_shift	5109650	5110632	982	244	0	0	2
tlm_multiply_gcd_forward_compare	5110632	5111836	1204	279	0	33	34
tlm_multiply_gcd_forward_body	5111836	5115507	3671	489	0	244	245
tlm_multiply_gcd_forward_apply	5115507	5115508	1	0	0	0	0
tlm_multiply_gcd_forward_codec	5115508	5115511	3	0	0	0	0
tlm_multiply_gcd_forward_shift	5115511	5116489	978	243	0	0	2
tlm_multiply_gcd_forward_compare	5116489	5117690	1201	278	0	33	34
tlm_multiply_gcd_forward_body	5117690	5121346	3656	487	0	243	244
tlm_multiply_gcd_forward_apply	5121346	5121347	1	0	0	0	0
tlm_multiply_gcd_forward_codec	5121347	5121514	167	16	0	4	7
tlm_multiply_gcd_forward_shift	5121514	5122488	974	242	0	0	2
tlm_multiply_gcd_forward_compare	5122488	5123672	1184	276	0	32	33
tlm_multiply_gcd_forward_body	5123672	5127313	3641	485	0	242	243
tlm_multiply_gcd_forward_apply	5127313	5127314	1	0	0	0	0
tlm_multiply_gcd_forward_codec	5127314	5127317	3	0	0	0	0
tlm_multiply_gcd_forward_shift	5127317	5128287	970	241	0	0	2
tlm_multiply_gcd_forward_compare	5128287	5129496	1209	277	0	34	35
tlm_multiply_gcd_forward_body	5129496	5133122	3626	483	0	241	242
tlm_multiply_gcd_forward_apply	5133122	5133123	1	0	0	0	0
tlm_multiply_gcd_forward_codec	5133123	5133126	3	0	0	0	0
tlm_multiply_gcd_forward_shift	5133126	5134092	966	240	0	0	2
tlm_multiply_gcd_forward_compare	5134092	5135298	1206	276	0	34	35
tlm_multiply_gcd_forward_body	5135298	5138909	3611	481	0	240	241
tlm_multiply_gcd_forward_apply	5138909	5138910	1	0	0	0	0
tlm_multiply_gcd_forward_codec	5138910	5139077	167	16	0	4	7
tlm_multiply_gcd_forward_shift	5139077	5140039	962	239	0	0	2
tlm_multiply_gcd_forward_compare	5140039	5141228	1189	274	0	33	34
tlm_multiply_gcd_forward_body	5141228	5144824	3596	479	0	239	240
tlm_multiply_gcd_forward_apply	5144824	5144825	1	0	0	0	0
tlm_multiply_gcd_forward_codec	5144825	5144828	3	0	0	0	0
tlm_multiply_gcd_forward_shift	5144828	5145786	958	238	0	0	2
tlm_multiply_gcd_forward_compare	5145786	5146972	1186	273	0	33	34
tlm_multiply_gcd_forward_body	5146972	5150553	3581	477	0	238	239
tlm_multiply_gcd_forward_apply	5150553	5150554	1	0	0	0	0
tlm_multiply_gcd_forward_codec	5150554	5150557	3	0	0	0	0
tlm_multiply_gcd_forward_shift	5150557	5151511	954	237	0	0	2
tlm_multiply_gcd_forward_compare	5151511	5152708	1197	273	0	34	35
tlm_multiply_gcd_forward_body	5152708	5156274	3566	475	0	237	238
tlm_multiply_gcd_forward_apply	5156274	5156275	1	0	0	0	0
tlm_multiply_gcd_forward_codec	5156275	5156442	167	16	0	4	7
tlm_multiply_gcd_forward_shift	5156442	5157392	950	236	0	0	2
tlm_multiply_gcd_forward_compare	5157392	5158572	1180	271	0	33	34
tlm_multiply_gcd_forward_body	5158572	5162123	3551	473	0	236	237
tlm_multiply_gcd_forward_apply	5162123	5162124	1	0	0	0	0
tlm_multiply_gcd_forward_codec	5162124	5162127	3	0	0	0	0
tlm_multiply_gcd_forward_shift	5162127	5163073	946	235	0	0	2
tlm_multiply_gcd_forward_compare	5163073	5164250	1177	270	0	33	34
tlm_multiply_gcd_forward_body	5164250	5167786	3536	471	0	235	236
tlm_multiply_gcd_forward_apply	5167786	5167787	1	0	0	0	0
tlm_multiply_gcd_forward_codec	5167787	5167790	3	0	0	0	0
tlm_multiply_gcd_forward_shift	5167790	5168732	942	234	0	0	2
tlm_multiply_gcd_forward_compare	5168732	5169934	1202	271	0	35	36
tlm_multiply_gcd_forward_body	5169934	5173455	3521	469	0	234	235
tlm_multiply_gcd_forward_apply	5173455	5173456	1	0	0	0	0
tlm_multiply_gcd_forward_codec	5173456	5173623	167	16	0	4	7
tlm_multiply_gcd_forward_shift	5173623	5174561	938	233	0	0	2
tlm_multiply_gcd_forward_compare	5174561	5175732	1171	268	0	33	34
tlm_multiply_gcd_forward_body	5175732	5179238	3506	467	0	233	234
tlm_multiply_gcd_forward_apply	5179238	5179239	1	0	0	0	0
tlm_multiply_gcd_forward_codec	5179239	5179242	3	0	0	0	0
tlm_multiply_gcd_forward_shift	5179242	5180176	934	232	0	0	2
tlm_multiply_gcd_forward_compare	5180176	5181358	1182	268	0	34	35
tlm_multiply_gcd_forward_body	5181358	5184849	3491	465	0	232	233
tlm_multiply_gcd_forward_apply	5184849	5184850	1	0	0	0	0
tlm_multiply_gcd_forward_codec	5184850	5184853	3	0	0	0	0
tlm_multiply_gcd_forward_shift	5184853	5185783	930	231	0	0	2
tlm_multiply_gcd_forward_compare	5185783	5186962	1179	267	0	34	35
tlm_multiply_gcd_forward_body	5186962	5190438	3476	463	0	231	232
tlm_multiply_gcd_forward_apply	5190438	5190439	1	0	0	0	0
tlm_multiply_gcd_forward_codec	5190439	5190606	167	16	0	4	7
tlm_multiply_gcd_forward_shift	5190606	5191532	926	230	0	0	2
tlm_multiply_gcd_forward_compare	5191532	5192708	1176	266	0	34	35
tlm_multiply_gcd_forward_body	5192708	5196169	3461	461	0	230	231
tlm_multiply_gcd_forward_apply	5196169	5196170	1	0	0	0	0
tlm_multiply_gcd_forward_codec	5196170	5196173	3	0	0	0	0
tlm_multiply_gcd_forward_shift	5196173	5197095	922	229	0	0	2
tlm_multiply_gcd_forward_compare	5197095	5198268	1173	265	0	34	35
tlm_multiply_gcd_forward_body	5198268	5201714	3446	459	0	229	230
tlm_multiply_gcd_forward_apply	5201714	5201715	1	0	0	0	0
tlm_multiply_gcd_forward_codec	5201715	5201718	3	0	0	0	0
tlm_multiply_gcd_forward_shift	5201718	5202636	918	228	0	0	2
tlm_multiply_gcd_forward_compare	5202636	5203820	1184	265	0	35	36
tlm_multiply_gcd_forward_body	5203820	5207251	3431	457	0	228	229
tlm_multiply_gcd_forward_apply	5207251	5207252	1	0	0	0	0
tlm_multiply_gcd_forward_codec	5207252	5207419	167	16	0	4	7
tlm_multiply_gcd_forward_shift	5207419	5208333	914	227	0	0	2
tlm_multiply_gcd_forward_compare	5208333	5209500	1167	263	0	34	35
tlm_multiply_gcd_forward_body	5209500	5212916	3416	455	0	227	228
tlm_multiply_gcd_forward_apply	5212916	5212917	1	0	0	0	0
tlm_multiply_gcd_forward_codec	5212917	5212920	3	0	0	0	0
tlm_multiply_gcd_forward_shift	5212920	5213830	910	226	0	0	2
tlm_multiply_gcd_forward_compare	5213830	5215008	1178	263	0	35	36
tlm_multiply_gcd_forward_body	5215008	5218409	3401	453	0	226	227
tlm_multiply_gcd_forward_apply	5218409	5218410	1	0	0	0	0
tlm_multiply_gcd_forward_codec	5218410	5218413	3	0	0	0	0
tlm_multiply_gcd_forward_shift	5218413	5219319	906	225	0	0	2
tlm_multiply_gcd_forward_compare	5219319	5220494	1175	262	0	35	36
tlm_multiply_gcd_forward_body	5220494	5223880	3386	451	0	225	226
tlm_multiply_gcd_forward_apply	5223880	5223881	1	0	0	0	0
tlm_multiply_gcd_forward_codec	5223881	5224048	167	16	0	4	7
tlm_multiply_gcd_forward_shift	5224048	5224950	902	224	0	0	2
tlm_multiply_gcd_forward_compare	5224950	5226122	1172	261	0	35	36
tlm_multiply_gcd_forward_body	5226122	5229493	3371	449	0	224	225
tlm_multiply_gcd_forward_apply	5229493	5229494	1	0	0	0	0
tlm_multiply_gcd_forward_codec	5229494	5229497	3	0	0	0	0
tlm_multiply_gcd_forward_shift	5229497	5230395	898	223	0	0	2
tlm_multiply_gcd_forward_compare	5230395	5231550	1155	259	0	34	35
tlm_multiply_gcd_forward_body	5231550	5234906	3356	447	0	223	224
tlm_multiply_gcd_forward_apply	5234906	5234907	1	0	0	0	0
tlm_multiply_gcd_forward_codec	5234907	5234910	3	0	0	0	0
tlm_multiply_gcd_forward_shift	5234910	5235804	894	222	0	0	2
tlm_multiply_gcd_forward_compare	5235804	5236970	1166	259	0	35	36
tlm_multiply_gcd_forward_body	5236970	5240311	3341	445	0	222	223
tlm_multiply_gcd_forward_apply	5240311	5240312	1	0	0	0	0
tlm_multiply_gcd_forward_codec	5240312	5240479	167	16	0	4	7
tlm_multiply_gcd_forward_shift	5240479	5241369	890	221	0	0	2
tlm_multiply_gcd_forward_compare	5241369	5242532	1163	258	0	35	36
tlm_multiply_gcd_forward_body	5242532	5245858	3326	443	0	221	222
tlm_multiply_gcd_forward_apply	5245858	5245859	1	0	0	0	0
tlm_multiply_gcd_forward_codec	5245859	5245862	3	0	0	0	0
tlm_multiply_gcd_forward_shift	5245862	5246748	886	220	0	0	2
tlm_multiply_gcd_forward_compare	5246748	5247908	1160	257	0	35	36
tlm_multiply_gcd_forward_body	5247908	5251219	3311	441	0	220	221
tlm_multiply_gcd_forward_apply	5251219	5251220	1	0	0	0	0
tlm_multiply_gcd_forward_codec	5251220	5251223	3	0	0	0	0
tlm_multiply_gcd_forward_shift	5251223	5252105	882	219	0	0	2
tlm_multiply_gcd_forward_compare	5252105	5253262	1157	256	0	35	36
tlm_multiply_gcd_forward_body	5253262	5256558	3296	439	0	219	220
tlm_multiply_gcd_forward_apply	5256558	5256559	1	0	0	0	0
tlm_multiply_gcd_forward_codec	5256559	5256726	167	16	0	4	7
tlm_multiply_gcd_forward_shift	5256726	5257604	878	218	0	0	2
tlm_multiply_gcd_forward_compare	5257604	5258772	1168	256	0	36	37
tlm_multiply_gcd_forward_body	5258772	5262053	3281	437	0	218	219
tlm_multiply_gcd_forward_apply	5262053	5262054	1	0	0	0	0
tlm_multiply_gcd_forward_codec	5262054	5262057	3	0	0	0	0
tlm_multiply_gcd_forward_shift	5262057	5262931	874	217	0	0	2
tlm_multiply_gcd_forward_compare	5262931	5264082	1151	254	0	35	36
tlm_multiply_gcd_forward_body	5264082	5267348	3266	435	0	217	218
tlm_multiply_gcd_forward_apply	5267348	5267349	1	0	0	0	0
tlm_multiply_gcd_forward_codec	5267349	5267352	3	0	0	0	0
tlm_multiply_gcd_forward_shift	5267352	5268222	870	216	0	0	2
tlm_multiply_gcd_forward_compare	5268222	5269384	1162	254	0	36	37
tlm_multiply_gcd_forward_body	5269384	5272635	3251	433	0	216	217
tlm_multiply_gcd_forward_apply	5272635	5272636	1	0	0	0	0
tlm_multiply_gcd_forward_codec	5272636	5272803	167	16	0	4	7
tlm_multiply_gcd_forward_shift	5272803	5273669	866	215	0	0	2
tlm_multiply_gcd_forward_compare	5273669	5274814	1145	252	0	35	36
tlm_multiply_gcd_forward_body	5274814	5278050	3236	431	0	215	216
tlm_multiply_gcd_forward_apply	5278050	5278051	1	0	0	0	0
tlm_multiply_gcd_forward_codec	5278051	5278054	3	0	0	0	0
tlm_multiply_gcd_forward_shift	5278054	5278916	862	214	0	0	2
tlm_multiply_gcd_forward_compare	5278916	5280072	1156	252	0	36	37
tlm_multiply_gcd_forward_body	5280072	5283293	3221	429	0	214	215
tlm_multiply_gcd_forward_apply	5283293	5283294	1	0	0	0	0
tlm_multiply_gcd_forward_codec	5283294	5283297	3	0	0	0	0
tlm_multiply_gcd_forward_shift	5283297	5284155	858	213	0	0	2
tlm_multiply_gcd_forward_compare	5284155	5285308	1153	251	0	36	37
tlm_multiply_gcd_forward_body	5285308	5288514	3206	427	0	213	214
tlm_multiply_gcd_forward_apply	5288514	5288515	1	0	0	0	0
tlm_multiply_gcd_forward_codec	5288515	5288682	167	16	0	4	7
tlm_multiply_gcd_forward_shift	5288682	5289536	854	212	0	0	2
tlm_multiply_gcd_forward_compare	5289536	5290686	1150	250	0	36	37
tlm_multiply_gcd_forward_body	5290686	5293877	3191	425	0	212	213
tlm_multiply_gcd_forward_apply	5293877	5293878	1	0	0	0	0
tlm_multiply_gcd_forward_codec	5293878	5293881	3	0	0	0	0
tlm_multiply_gcd_forward_shift	5293881	5294731	850	211	0	0	2
tlm_multiply_gcd_forward_compare	5294731	5295878	1147	249	0	36	37
tlm_multiply_gcd_forward_body	5295878	5299054	3176	423	0	211	212
tlm_multiply_gcd_forward_apply	5299054	5299055	1	0	0	0	0
tlm_multiply_gcd_forward_codec	5299055	5299058	3	0	0	0	0
tlm_multiply_gcd_forward_shift	5299058	5299904	846	210	0	0	2
tlm_multiply_gcd_forward_compare	5299904	5301048	1144	248	0	36	37
tlm_multiply_gcd_forward_body	5301048	5304209	3161	421	0	210	211
tlm_multiply_gcd_forward_apply	5304209	5304210	1	0	0	0	0
tlm_multiply_gcd_forward_codec	5304210	5304377	167	16	0	4	7
tlm_multiply_gcd_forward_shift	5304377	5305219	842	209	0	0	2
tlm_multiply_gcd_forward_compare	5305219	5306360	1141	247	0	36	37
tlm_multiply_gcd_forward_body	5306360	5309506	3146	419	0	209	210
tlm_multiply_gcd_forward_apply	5309506	5309507	1	0	0	0	0
tlm_multiply_gcd_forward_codec	5309507	5309510	3	0	0	0	0
tlm_multiply_gcd_forward_shift	5309510	5310348	838	208	0	0	2
tlm_multiply_gcd_forward_compare	5310348	5311500	1152	247	0	37	38
tlm_multiply_gcd_forward_body	5311500	5314631	3131	417	0	208	209
tlm_multiply_gcd_forward_apply	5314631	5314632	1	0	0	0	0
tlm_multiply_gcd_forward_codec	5314632	5314635	3	0	0	0	0
tlm_multiply_gcd_forward_shift	5314635	5315469	834	207	0	0	2
tlm_multiply_gcd_forward_compare	5315469	5316618	1149	246	0	37	38
tlm_multiply_gcd_forward_body	5316618	5319734	3116	415	0	207	208
tlm_multiply_gcd_forward_apply	5319734	5319735	1	0	0	0	0
tlm_multiply_gcd_forward_codec	5319735	5319902	167	16	0	4	7
tlm_multiply_gcd_forward_shift	5319902	5320732	830	206	0	0	2
tlm_multiply_gcd_forward_compare	5320732	5321878	1146	245	0	37	38
tlm_multiply_gcd_forward_body	5321878	5324979	3101	413	0	206	207
tlm_multiply_gcd_forward_apply	5324979	5324980	1	0	0	0	0
tlm_multiply_gcd_forward_codec	5324980	5324983	3	0	0	0	0
tlm_multiply_gcd_forward_shift	5324983	5325809	826	205	0	0	2
tlm_multiply_gcd_forward_compare	5325809	5326952	1143	244	0	37	38
tlm_multiply_gcd_forward_body	5326952	5330038	3086	411	0	205	206
tlm_multiply_gcd_forward_apply	5330038	5330039	1	0	0	0	0
tlm_multiply_gcd_forward_codec	5330039	5330042	3	0	0	0	0
tlm_multiply_gcd_forward_shift	5330042	5330864	822	204	0	0	2
tlm_multiply_gcd_forward_compare	5330864	5332004	1140	243	0	37	38
tlm_multiply_gcd_forward_body	5332004	5335075	3071	409	0	204	205
tlm_multiply_gcd_forward_apply	5335075	5335076	1	0	0	0	0
tlm_multiply_gcd_forward_codec	5335076	5335243	167	16	0	4	7
tlm_multiply_gcd_forward_shift	5335243	5336061	818	203	0	0	2
tlm_multiply_gcd_forward_compare	5336061	5337198	1137	242	0	37	38
tlm_multiply_gcd_forward_body	5337198	5340254	3056	407	0	203	204
tlm_multiply_gcd_forward_apply	5340254	5340255	1	0	0	0	0
tlm_multiply_gcd_forward_codec	5340255	5340258	3	0	0	0	0
tlm_multiply_gcd_forward_shift	5340258	5341072	814	202	0	0	2
tlm_multiply_gcd_forward_compare	5341072	5342206	1134	241	0	37	38
tlm_multiply_gcd_forward_body	5342206	5345247	3041	405	0	202	203
tlm_multiply_gcd_forward_apply	5345247	5345248	1	0	0	0	0
tlm_multiply_gcd_forward_codec	5345248	5345251	3	0	0	0	0
tlm_multiply_gcd_forward_shift	5345251	5346061	810	201	0	0	2
tlm_multiply_gcd_forward_compare	5346061	5347192	1131	240	0	37	38
tlm_multiply_gcd_forward_body	5347192	5350218	3026	403	0	201	202
tlm_multiply_gcd_forward_apply	5350218	5350219	1	0	0	0	0
tlm_multiply_gcd_forward_codec	5350219	5350386	167	16	0	4	7
tlm_multiply_gcd_forward_shift	5350386	5351192	806	200	0	0	2
tlm_multiply_gcd_forward_compare	5351192	5352320	1128	239	0	37	38
tlm_multiply_gcd_forward_body	5352320	5355331	3011	401	0	200	201
tlm_multiply_gcd_forward_apply	5355331	5355332	1	0	0	0	0
tlm_multiply_gcd_forward_codec	5355332	5355335	3	0	0	0	0
tlm_multiply_gcd_forward_shift	5355335	5356137	802	199	0	0	2
tlm_multiply_gcd_forward_compare	5356137	5357262	1125	238	0	37	38
tlm_multiply_gcd_forward_body	5357262	5360258	2996	399	0	199	200
tlm_multiply_gcd_forward_apply	5360258	5360259	1	0	0	0	0
tlm_multiply_gcd_forward_codec	5360259	5360262	3	0	0	0	0
tlm_multiply_gcd_forward_shift	5360262	5361060	798	198	0	0	2
tlm_multiply_gcd_forward_compare	5361060	5362182	1122	237	0	37	38
tlm_multiply_gcd_forward_body	5362182	5365163	2981	397	0	198	199
tlm_multiply_gcd_forward_apply	5365163	5365164	1	0	0	0	0
tlm_multiply_gcd_forward_codec	5365164	5365331	167	16	0	4	7
tlm_multiply_gcd_forward_shift	5365331	5366125	794	197	0	0	2
tlm_multiply_gcd_forward_compare	5366125	5367244	1119	236	0	37	38
tlm_multiply_gcd_forward_body	5367244	5370210	2966	395	0	197	198
tlm_multiply_gcd_forward_apply	5370210	5370211	1	0	0	0	0
tlm_multiply_gcd_forward_codec	5370211	5370214	3	0	0	0	0
tlm_multiply_gcd_forward_shift	5370214	5371004	790	196	0	0	2
tlm_multiply_gcd_forward_compare	5371004	5372134	1130	236	0	38	39
tlm_multiply_gcd_forward_body	5372134	5375085	2951	393	0	196	197
tlm_multiply_gcd_forward_apply	5375085	5375086	1	0	0	0	0
tlm_multiply_gcd_forward_codec	5375086	5375089	3	0	0	0	0
tlm_multiply_gcd_forward_shift	5375089	5375875	786	195	0	0	2
tlm_multiply_gcd_forward_compare	5375875	5377002	1127	235	0	38	39
tlm_multiply_gcd_forward_body	5377002	5379938	2936	391	0	195	196
tlm_multiply_gcd_forward_apply	5379938	5379939	1	0	0	0	0
tlm_multiply_gcd_forward_codec	5379939	5380106	167	16	0	4	7
tlm_multiply_gcd_forward_shift	5380106	5380888	782	194	0	0	2
tlm_multiply_gcd_forward_compare	5380888	5382012	1124	234	0	38	39
tlm_multiply_gcd_forward_body	5382012	5384933	2921	389	0	194	195
tlm_multiply_gcd_forward_apply	5384933	5384934	1	0	0	0	0
tlm_multiply_gcd_forward_codec	5384934	5384937	3	0	0	0	0
tlm_multiply_gcd_forward_shift	5384937	5385715	778	193	0	0	2
tlm_multiply_gcd_forward_compare	5385715	5386836	1121	233	0	38	39
tlm_multiply_gcd_forward_body	5386836	5389742	2906	387	0	193	194
tlm_multiply_gcd_forward_apply	5389742	5389743	1	0	0	0	0
tlm_multiply_gcd_forward_codec	5389743	5389746	3	0	0	0	0
tlm_multiply_gcd_forward_shift	5389746	5390520	774	192	0	0	2
tlm_multiply_gcd_forward_compare	5390520	5391638	1118	232	0	38	39
tlm_multiply_gcd_forward_body	5391638	5394529	2891	385	0	192	193
tlm_multiply_gcd_forward_apply	5394529	5394530	1	0	0	0	0
tlm_multiply_gcd_forward_codec	5394530	5394697	167	16	0	4	7
tlm_multiply_gcd_forward_shift	5394697	5395467	770	191	0	0	2
tlm_multiply_gcd_forward_compare	5395467	5396582	1115	231	0	38	39
tlm_multiply_gcd_forward_body	5396582	5399458	2876	383	0	191	192
tlm_multiply_gcd_forward_apply	5399458	5399459	1	0	0	0	0
tlm_multiply_gcd_forward_codec	5399459	5399462	3	0	0	0	0
tlm_multiply_gcd_forward_shift	5399462	5400228	766	190	0	0	2
tlm_multiply_gcd_forward_compare	5400228	5401354	1126	231	0	39	40
tlm_multiply_gcd_forward_body	5401354	5404215	2861	381	0	190	191
tlm_multiply_gcd_forward_apply	5404215	5404216	1	0	0	0	0
tlm_multiply_gcd_forward_codec	5404216	5404219	3	0	0	0	0
tlm_multiply_gcd_forward_shift	5404219	5404981	762	189	0	0	2
tlm_multiply_gcd_forward_compare	5404981	5406104	1123	230	0	39	40
tlm_multiply_gcd_forward_body	5406104	5408950	2846	379	0	189	190
tlm_multiply_gcd_forward_apply	5408950	5408951	1	0	0	0	0
tlm_multiply_gcd_forward_codec	5408951	5409118	167	16	0	4	7
tlm_multiply_gcd_forward_shift	5409118	5409876	758	188	0	0	2
tlm_multiply_gcd_forward_compare	5409876	5411010	1134	230	0	40	41
tlm_multiply_gcd_forward_body	5411010	5413841	2831	377	0	188	189
tlm_multiply_gcd_forward_apply	5413841	5413842	1	0	0	0	0
tlm_multiply_gcd_forward_codec	5413842	5413845	3	0	0	0	0
tlm_multiply_gcd_forward_shift	5413845	5414599	754	187	0	0	2
tlm_multiply_gcd_forward_compare	5414599	5415716	1117	228	0	39	40
tlm_multiply_gcd_forward_body	5415716	5418532	2816	375	0	187	188
tlm_multiply_gcd_forward_apply	5418532	5418533	1	0	0	0	0
tlm_multiply_gcd_forward_codec	5418533	5418536	3	0	0	0	0
tlm_multiply_gcd_forward_shift	5418536	5419286	750	186	0	0	2
tlm_multiply_gcd_forward_compare	5419286	5420386	1100	226	0	38	39
tlm_multiply_gcd_forward_body	5420386	5423187	2801	373	0	186	187
tlm_multiply_gcd_forward_apply	5423187	5423188	1	0	0	0	0
tlm_multiply_gcd_forward_codec	5423188	5423355	167	16	0	4	7
tlm_multiply_gcd_forward_shift	5423355	5424101	746	185	0	0	2
tlm_multiply_gcd_forward_compare	5424101	5425212	1111	226	0	39	40
tlm_multiply_gcd_forward_body	5425212	5427998	2786	371	0	185	186
tlm_multiply_gcd_forward_apply	5427998	5427999	1	0	0	0	0
tlm_multiply_gcd_forward_codec	5427999	5428002	3	0	0	0	0
tlm_multiply_gcd_forward_shift	5428002	5428744	742	184	0	0	2
tlm_multiply_gcd_forward_compare	5428744	5429852	1108	225	0	39	40
tlm_multiply_gcd_forward_body	5429852	5432623	2771	369	0	184	185
tlm_multiply_gcd_forward_apply	5432623	5432624	1	0	0	0	0
tlm_multiply_gcd_forward_codec	5432624	5432627	3	0	0	0	0
tlm_multiply_gcd_forward_shift	5432627	5433365	738	183	0	0	2
tlm_multiply_gcd_forward_compare	5433365	5434484	1119	225	0	40	41
tlm_multiply_gcd_forward_body	5434484	5437240	2756	367	0	183	184
tlm_multiply_gcd_forward_apply	5437240	5437241	1	0	0	0	0
tlm_multiply_gcd_forward_codec	5437241	5437408	167	16	0	4	7
tlm_multiply_gcd_forward_shift	5437408	5438142	734	182	0	0	2
tlm_multiply_gcd_forward_compare	5438142	5439258	1116	224	0	40	41
tlm_multiply_gcd_forward_body	5439258	5441999	2741	365	0	182	183
tlm_multiply_gcd_forward_apply	5441999	5442000	1	0	0	0	0
tlm_multiply_gcd_forward_codec	5442000	5442003	3	0	0	0	0
tlm_multiply_gcd_forward_shift	5442003	5442733	730	181	0	0	2
tlm_multiply_gcd_forward_compare	5442733	5443860	1127	224	0	41	42
tlm_multiply_gcd_forward_body	5443860	5446586	2726	363	0	181	182
tlm_multiply_gcd_forward_apply	5446586	5446587	1	0	0	0	0
tlm_multiply_gcd_forward_codec	5446587	5446590	3	0	0	0	0
tlm_multiply_gcd_forward_shift	5446590	5447316	726	180	0	0	2
tlm_multiply_gcd_forward_compare	5447316	5448412	1096	221	0	39	40
tlm_multiply_gcd_forward_body	5448412	5451123	2711	361	0	180	181
tlm_multiply_gcd_forward_apply	5451123	5451124	1	0	0	0	0
tlm_multiply_gcd_forward_codec	5451124	5451291	167	16	0	4	7
tlm_multiply_gcd_forward_shift	5451291	5452013	722	179	0	0	2
tlm_multiply_gcd_forward_compare	5452013	5453106	1093	220	0	39	40
tlm_multiply_gcd_forward_body	5453106	5455802	2696	359	0	179	180
tlm_multiply_gcd_forward_apply	5455802	5455803	1	0	0	0	0
tlm_multiply_gcd_forward_codec	5455803	5455806	3	0	0	0	0
tlm_multiply_gcd_forward_shift	5455806	5456524	718	178	0	0	2
tlm_multiply_gcd_forward_compare	5456524	5457628	1104	220	0	40	41
tlm_multiply_gcd_forward_body	5457628	5460309	2681	357	0	178	179
tlm_multiply_gcd_forward_apply	5460309	5460310	1	0	0	0	0
tlm_multiply_gcd_forward_codec	5460310	5460313	3	0	0	0	0
tlm_multiply_gcd_forward_shift	5460313	5461027	714	177	0	0	2
tlm_multiply_gcd_forward_compare	5461027	5462128	1101	219	0	40	41
tlm_multiply_gcd_forward_body	5462128	5464794	2666	355	0	177	178
tlm_multiply_gcd_forward_apply	5464794	5464795	1	0	0	0	0
tlm_multiply_gcd_forward_codec	5464795	5464962	167	16	0	4	7
tlm_multiply_gcd_forward_shift	5464962	5465672	710	176	0	0	2
tlm_multiply_gcd_forward_compare	5465672	5466770	1098	218	0	40	41
tlm_multiply_gcd_forward_body	5466770	5469421	2651	353	0	176	177
tlm_multiply_gcd_forward_apply	5469421	5469422	1	0	0	0	0
tlm_multiply_gcd_forward_codec	5469422	5469425	3	0	0	0	0
tlm_multiply_gcd_forward_shift	5469425	5470131	706	175	0	0	2
tlm_multiply_gcd_forward_compare	5470131	5471226	1095	217	0	40	41
tlm_multiply_gcd_forward_body	5471226	5473862	2636	351	0	175	176
tlm_multiply_gcd_forward_apply	5473862	5473863	1	0	0	0	0
tlm_multiply_gcd_forward_codec	5473863	5473866	3	0	0	0	0
tlm_multiply_gcd_forward_shift	5473866	5474568	702	174	0	0	2
tlm_multiply_gcd_forward_compare	5474568	5475660	1092	216	0	40	41
tlm_multiply_gcd_forward_body	5475660	5478281	2621	349	0	174	175
tlm_multiply_gcd_forward_apply	5478281	5478282	1	0	0	0	0
tlm_multiply_gcd_forward_codec	5478282	5478449	167	16	0	4	7
tlm_multiply_gcd_forward_shift	5478449	5479147	698	173	0	0	2
tlm_multiply_gcd_forward_compare	5479147	5480236	1089	215	0	40	41
tlm_multiply_gcd_forward_body	5480236	5482842	2606	347	0	173	174
tlm_multiply_gcd_forward_apply	5482842	5482843	1	0	0	0	0
tlm_multiply_gcd_forward_codec	5482843	5482846	3	0	0	0	0
tlm_multiply_gcd_forward_shift	5482846	5483540	694	172	0	0	2
tlm_multiply_gcd_forward_compare	5483540	5484640	1100	215	0	41	42
tlm_multiply_gcd_forward_body	5484640	5487231	2591	345	0	172	173
tlm_multiply_gcd_forward_apply	5487231	5487232	1	0	0	0	0
tlm_multiply_gcd_forward_codec	5487232	5487235	3	0	0	0	0
tlm_multiply_gcd_forward_shift	5487235	5487925	690	171	0	0	2
tlm_multiply_gcd_forward_compare	5487925	5489008	1083	213	0	40	41
tlm_multiply_gcd_forward_body	5489008	5491584	2576	343	0	171	172
tlm_multiply_gcd_forward_apply	5491584	5491585	1	0	0	0	0
tlm_multiply_gcd_forward_codec	5491585	5491752	167	16	0	4	7
tlm_multiply_gcd_forward_shift	5491752	5492440	688	171	0	0	0
tlm_multiply_gcd_forward_compare	5492440	5493551	1111	215	0	42	43
tlm_multiply_gcd_forward_body	5493551	5496127	2576	343	0	171	172
tlm_multiply_gcd_forward_apply	5496127	5496128	1	0	0	0	0
tlm_multiply_gcd_forward_codec	5496128	5496131	3	0	0	0	0
tlm_multiply_gcd_forward_shift	5496131	5496817	686	170	0	0	2
tlm_multiply_gcd_forward_compare	5496817	5497911	1094	213	0	41	42
tlm_multiply_gcd_forward_body	5497911	5500472	2561	341	0	170	171
tlm_multiply_gcd_forward_apply	5500472	5500473	1	0	0	0	0
tlm_multiply_gcd_forward_codec	5500473	5500476	3	0	0	0	0
tlm_multiply_gcd_forward_shift	5500476	5501156	680	168	0	0	4
tlm_multiply_gcd_forward_compare	5501156	5502230	1074	210	0	40	41
tlm_multiply_gcd_forward_body	5502230	5504761	2531	337	0	168	169
tlm_multiply_gcd_forward_apply	5504761	5504762	1	0	0	0	0
tlm_multiply_gcd_forward_codec	5504762	5504929	167	16	0	4	7
tlm_multiply_gcd_forward_shift	5504929	5505603	674	167	0	0	2
tlm_multiply_gcd_forward_compare	5505603	5506674	1071	209	0	40	41
tlm_multiply_gcd_forward_body	5506674	5509190	2516	335	0	167	168
tlm_multiply_gcd_forward_apply	5509190	5509191	1	0	0	0	0
tlm_multiply_gcd_forward_codec	5509191	5509194	3	0	0	0	0
tlm_multiply_gcd_forward_shift	5509194	5509864	670	166	0	0	2
tlm_multiply_gcd_forward_compare	5509864	5510960	1096	210	0	42	43
tlm_multiply_gcd_forward_body	5510960	5513461	2501	333	0	166	167
tlm_multiply_gcd_forward_apply	5513461	5513462	1	0	0	0	0
tlm_multiply_gcd_forward_codec	5513462	5513465	3	0	0	0	0
tlm_multiply_gcd_forward_shift	5513465	5514131	666	165	0	0	2
tlm_multiply_gcd_forward_compare	5514131	5515210	1079	208	0	41	42
tlm_multiply_gcd_forward_body	5515210	5517696	2486	331	0	165	166
tlm_multiply_gcd_forward_apply	5517696	5517697	1	0	0	0	0
tlm_multiply_gcd_forward_codec	5517697	5517864	167	16	0	4	7
tlm_multiply_gcd_forward_shift	5517864	5518526	662	164	0	0	2
tlm_multiply_gcd_forward_compare	5518526	5519602	1076	207	0	41	42
tlm_multiply_gcd_forward_body	5519602	5522073	2471	329	0	164	165
tlm_multiply_gcd_forward_apply	5522073	5522074	1	0	0	0	0
tlm_multiply_gcd_forward_codec	5522074	5522077	3	0	0	0	0
tlm_multiply_gcd_forward_shift	5522077	5522733	656	162	0	0	4
tlm_multiply_gcd_forward_compare	5522733	5523789	1056	204	0	40	41
tlm_multiply_gcd_forward_body	5523789	5526230	2441	325	0	162	163
tlm_multiply_gcd_forward_apply	5526230	5526231	1	0	0	0	0
tlm_multiply_gcd_forward_codec	5526231	5526234	3	0	0	0	0
tlm_multiply_gcd_forward_shift	5526234	5526884	650	161	0	0	2
tlm_multiply_gcd_forward_compare	5526884	5527951	1067	204	0	41	42
tlm_multiply_gcd_forward_body	5527951	5530377	2426	323	0	161	162
tlm_multiply_gcd_forward_apply	5530377	5530378	1	0	0	0	0
tlm_multiply_gcd_forward_codec	5530378	5530545	167	16	0	4	7
tlm_multiply_gcd_forward_shift	5530545	5531191	646	160	0	0	2
tlm_multiply_gcd_forward_compare	5531191	5532255	1064	203	0	41	42
tlm_multiply_gcd_forward_body	5532255	5534666	2411	321	0	160	161
tlm_multiply_gcd_forward_apply	5534666	5534667	1	0	0	0	0
tlm_multiply_gcd_forward_codec	5534667	5534670	3	0	0	0	0
tlm_multiply_gcd_forward_shift	5534670	5535312	642	159	0	0	2
tlm_multiply_gcd_forward_compare	5535312	5536359	1047	201	0	40	41
tlm_multiply_gcd_forward_body	5536359	5538755	2396	319	0	159	160
tlm_multiply_gcd_forward_apply	5538755	5538756	1	0	0	0	0
tlm_multiply_gcd_forward_codec	5538756	5538759	3	0	0	0	0
tlm_multiply_gcd_forward_shift	5538759	5539397	638	158	0	0	2
tlm_multiply_gcd_forward_compare	5539397	5540455	1058	201	0	41	42
tlm_multiply_gcd_forward_body	5540455	5542836	2381	317	0	158	159
tlm_multiply_gcd_forward_apply	5542836	5542837	1	0	0	0	0
tlm_multiply_gcd_forward_codec	5542837	5543004	167	16	0	4	7
tlm_multiply_gcd_forward_shift	5543004	5543638	634	157	0	0	2
tlm_multiply_gcd_forward_compare	5543638	5544693	1055	200	0	41	42
tlm_multiply_gcd_forward_body	5544693	5547059	2366	315	0	157	158
tlm_multiply_gcd_forward_apply	5547059	5547060	1	0	0	0	0
tlm_multiply_gcd_forward_codec	5547060	5547063	3	0	0	0	0
tlm_multiply_gcd_forward_shift	5547063	5547693	630	156	0	0	2
tlm_multiply_gcd_forward_compare	5547693	5548745	1052	199	0	41	42
tlm_multiply_gcd_forward_body	5548745	5551096	2351	313	0	156	157
tlm_multiply_gcd_forward_apply	5551096	5551097	1	0	0	0	0
tlm_multiply_gcd_forward_codec	5551097	5551100	3	0	0	0	0
tlm_multiply_gcd_forward_shift	5551100	5551726	626	155	0	0	2
tlm_multiply_gcd_forward_compare	5551726	5552775	1049	198	0	41	42
tlm_multiply_gcd_forward_body	5552775	5555111	2336	311	0	155	156
tlm_multiply_gcd_forward_apply	5555111	5555112	1	0	0	0	0
tlm_multiply_gcd_forward_codec	5555112	5555279	167	16	0	4	7
tlm_multiply_gcd_forward_shift	5555279	5555901	622	154	0	0	2
tlm_multiply_gcd_forward_compare	5555901	5556947	1046	197	0	41	42
tlm_multiply_gcd_forward_body	5556947	5559268	2321	309	0	154	155
tlm_multiply_gcd_forward_apply	5559268	5559269	1	0	0	0	0
tlm_multiply_gcd_forward_codec	5559269	5559272	3	0	0	0	0
tlm_multiply_gcd_forward_shift	5559272	5559890	618	153	0	0	2
tlm_multiply_gcd_forward_compare	5559890	5560947	1057	197	0	42	43
tlm_multiply_gcd_forward_body	5560947	5563253	2306	307	0	153	154
tlm_multiply_gcd_forward_apply	5563253	5563254	1	0	0	0	0
tlm_multiply_gcd_forward_codec	5563254	5563257	3	0	0	0	0
tlm_multiply_gcd_forward_shift	5563257	5563871	614	152	0	0	2
tlm_multiply_gcd_forward_compare	5563871	5564911	1040	195	0	41	42
tlm_multiply_gcd_forward_body	5564911	5567202	2291	305	0	152	153
tlm_multiply_gcd_forward_apply	5567202	5567203	1	0	0	0	0
tlm_multiply_gcd_forward_codec	5567203	5567370	167	16	0	4	7
tlm_multiply_gcd_forward_shift	5567370	5567980	610	151	0	0	2
tlm_multiply_gcd_forward_compare	5567980	5569031	1051	195	0	42	43
tlm_multiply_gcd_forward_body	5569031	5571307	2276	303	0	151	152
tlm_multiply_gcd_forward_apply	5571307	5571308	1	0	0	0	0
tlm_multiply_gcd_forward_codec	5571308	5571311	3	0	0	0	0
tlm_multiply_gcd_forward_shift	5571311	5571917	606	150	0	0	2
tlm_multiply_gcd_forward_compare	5571917	5572965	1048	194	0	42	43
tlm_multiply_gcd_forward_body	5572965	5575226	2261	301	0	150	151
tlm_multiply_gcd_forward_apply	5575226	5575227	1	0	0	0	0
tlm_multiply_gcd_forward_codec	5575227	5575230	3	0	0	0	0
tlm_multiply_gcd_forward_shift	5575230	5575832	602	149	0	0	2
tlm_multiply_gcd_forward_compare	5575832	5576877	1045	193	0	42	43
tlm_multiply_gcd_forward_body	5576877	5579123	2246	299	0	149	150
tlm_multiply_gcd_forward_apply	5579123	5579124	1	0	0	0	0
tlm_multiply_gcd_forward_codec	5579124	5579291	167	16	0	4	7
tlm_multiply_gcd_forward_shift	5579291	5579889	598	148	0	0	2
tlm_multiply_gcd_forward_compare	5579889	5580931	1042	192	0	42	43
tlm_multiply_gcd_forward_body	5580931	5583162	2231	297	0	148	149
tlm_multiply_gcd_forward_apply	5583162	5583163	1	0	0	0	0
tlm_multiply_gcd_forward_codec	5583163	5583166	3	0	0	0	0
tlm_multiply_gcd_forward_shift	5583166	5583760	594	147	0	0	2
tlm_multiply_gcd_forward_compare	5583760	5584799	1039	191	0	42	43
tlm_multiply_gcd_forward_body	5584799	5587015	2216	295	0	147	148
tlm_multiply_gcd_forward_apply	5587015	5587016	1	0	0	0	0
tlm_multiply_gcd_forward_codec	5587016	5587019	3	0	0	0	0
tlm_multiply_gcd_forward_shift	5587019	5587609	590	146	0	0	2
tlm_multiply_gcd_forward_compare	5587609	5588645	1036	190	0	42	43
tlm_multiply_gcd_forward_body	5588645	5590846	2201	293	0	146	147
tlm_multiply_gcd_forward_apply	5590846	5590847	1	0	0	0	0
tlm_multiply_gcd_forward_codec	5590847	5591014	167	16	0	4	7
tlm_multiply_gcd_forward_shift	5591014	5591600	586	145	0	0	2
tlm_multiply_gcd_forward_compare	5591600	5592633	1033	189	0	42	43
tlm_multiply_gcd_forward_body	5592633	5594819	2186	291	0	145	146
tlm_multiply_gcd_forward_apply	5594819	5594820	1	0	0	0	0
tlm_multiply_gcd_forward_codec	5594820	5594823	3	0	0	0	0
tlm_multiply_gcd_forward_shift	5594823	5595405	582	144	0	0	2
tlm_multiply_gcd_forward_compare	5595405	5596449	1044	189	0	43	44
tlm_multiply_gcd_forward_body	5596449	5598620	2171	289	0	144	145
tlm_multiply_gcd_forward_apply	5598620	5598621	1	0	0	0	0
tlm_multiply_gcd_forward_codec	5598621	5598624	3	0	0	0	0
tlm_multiply_gcd_forward_shift	5598624	5599202	578	143	0	0	2
tlm_multiply_gcd_forward_compare	5599202	5600229	1027	187	0	42	43
tlm_multiply_gcd_forward_body	5600229	5602385	2156	287	0	143	144
tlm_multiply_gcd_forward_apply	5602385	5602386	1	0	0	0	0
tlm_multiply_gcd_forward_codec	5602386	5602553	167	16	0	4	7
tlm_multiply_gcd_forward_shift	5602553	5603127	574	142	0	0	2
tlm_multiply_gcd_forward_compare	5603127	5604165	1038	187	0	43	44
tlm_multiply_gcd_forward_body	5604165	5606306	2141	285	0	142	143
tlm_multiply_gcd_forward_apply	5606306	5606307	1	0	0	0	0
tlm_multiply_gcd_forward_codec	5606307	5606310	3	0	0	0	0
tlm_multiply_gcd_forward_shift	5606310	5606880	570	141	0	0	2
tlm_multiply_gcd_forward_compare	5606880	5607915	1035	186	0	43	44
tlm_multiply_gcd_forward_body	5607915	5610041	2126	283	0	141	142
tlm_multiply_gcd_forward_apply	5610041	5610042	1	0	0	0	0
tlm_multiply_gcd_forward_codec	5610042	5610045	3	0	0	0	0
tlm_multiply_gcd_forward_shift	5610045	5610611	566	140	0	0	2
tlm_multiply_gcd_forward_compare	5610611	5611629	1018	184	0	42	43
tlm_multiply_gcd_forward_body	5611629	5613740	2111	281	0	140	141
tlm_multiply_gcd_forward_apply	5613740	5613741	1	0	0	0	0
tlm_multiply_gcd_forward_codec	5613741	5613908	167	16	0	4	7
tlm_multiply_gcd_forward_shift	5613908	5614470	562	139	0	0	2
tlm_multiply_gcd_forward_compare	5614470	5615485	1015	183	0	42	43
tlm_multiply_gcd_forward_body	5615485	5617581	2096	279	0	139	140
tlm_multiply_gcd_forward_apply	5617581	5617582	1	0	0	0	0
tlm_multiply_gcd_forward_codec	5617582	5617585	3	0	0	0	0
tlm_multiply_gcd_forward_shift	5617585	5618143	558	138	0	0	2
tlm_multiply_gcd_forward_compare	5618143	5619169	1026	183	0	43	44
tlm_multiply_gcd_forward_body	5619169	5621250	2081	277	0	138	139
tlm_multiply_gcd_forward_apply	5621250	5621251	1	0	0	0	0
tlm_multiply_gcd_forward_codec	5621251	5621254	3	0	0	0	0
tlm_multiply_gcd_forward_shift	5621254	5621808	554	137	0	0	2
tlm_multiply_gcd_forward_compare	5621808	5622817	1009	181	0	42	43
tlm_multiply_gcd_forward_body	5622817	5624883	2066	275	0	137	138
tlm_multiply_gcd_forward_apply	5624883	5624884	1	0	0	0	0
tlm_multiply_gcd_forward_codec	5624884	5625051	167	16	0	4	7
tlm_multiply_gcd_forward_shift	5625051	5625601	550	136	0	0	2
tlm_multiply_gcd_forward_compare	5625601	5626607	1006	180	0	42	43
tlm_multiply_gcd_forward_body	5626607	5628658	2051	273	0	136	137
tlm_multiply_gcd_forward_apply	5628658	5628659	1	0	0	0	0
tlm_multiply_gcd_forward_codec	5628659	5628662	3	0	0	0	0
tlm_multiply_gcd_forward_shift	5628662	5629208	546	135	0	0	2
tlm_multiply_gcd_forward_compare	5629208	5630211	1003	179	0	42	43
tlm_multiply_gcd_forward_body	5630211	5632247	2036	271	0	135	136
tlm_multiply_gcd_forward_apply	5632247	5632248	1	0	0	0	0
tlm_multiply_gcd_forward_codec	5632248	5632251	3	0	0	0	0
tlm_multiply_gcd_forward_shift	5632251	5632793	542	134	0	0	2
tlm_multiply_gcd_forward_compare	5632793	5633793	1000	178	0	42	43
tlm_multiply_gcd_forward_body	5633793	5635814	2021	269	0	134	135
tlm_multiply_gcd_forward_apply	5635814	5635815	1	0	0	0	0
tlm_multiply_gcd_forward_codec	5635815	5635982	167	16	0	4	7
tlm_multiply_gcd_forward_shift	5635982	5636520	538	133	0	0	2
tlm_multiply_gcd_forward_compare	5636520	5637531	1011	178	0	43	44
tlm_multiply_gcd_forward_body	5637531	5639537	2006	267	0	133	134
tlm_multiply_gcd_forward_apply	5639537	5639538	1	0	0	0	0
tlm_multiply_gcd_forward_codec	5639538	5639541	3	0	0	0	0
tlm_multiply_gcd_forward_shift	5639541	5640075	534	132	0	0	2
tlm_multiply_gcd_forward_compare	5640075	5641083	1008	177	0	43	44
tlm_multiply_gcd_forward_body	5641083	5643074	1991	265	0	132	133
tlm_multiply_gcd_forward_apply	5643074	5643075	1	0	0	0	0
tlm_multiply_gcd_forward_codec	5643075	5643078	3	0	0	0	0
tlm_multiply_gcd_forward_shift	5643078	5643608	530	131	0	0	2
tlm_multiply_gcd_forward_compare	5643608	5644613	1005	176	0	43	44
tlm_multiply_gcd_forward_body	5644613	5646589	1976	263	0	131	132
tlm_multiply_gcd_forward_apply	5646589	5646590	1	0	0	0	0
tlm_multiply_gcd_forward_codec	5646590	5646757	167	16	0	4	7
tlm_multiply_gcd_forward_shift	5646757	5647283	526	130	0	0	2
tlm_multiply_gcd_forward_compare	5647283	5648285	1002	175	0	43	44
tlm_multiply_gcd_forward_body	5648285	5650246	1961	261	0	130	131
tlm_multiply_gcd_forward_apply	5650246	5650247	1	0	0	0	0
tlm_multiply_gcd_forward_codec	5650247	5650250	3	0	0	0	0
tlm_multiply_gcd_forward_shift	5650250	5650772	522	129	0	0	2
tlm_multiply_gcd_forward_compare	5650772	5651757	985	173	0	42	43
tlm_multiply_gcd_forward_body	5651757	5653703	1946	259	0	129	130
tlm_multiply_gcd_forward_apply	5653703	5653704	1	0	0	0	0
tlm_multiply_gcd_forward_codec	5653704	5653707	3	0	0	0	0
tlm_multiply_gcd_forward_shift	5653707	5654225	518	128	0	0	2
tlm_multiply_gcd_forward_compare	5654225	5655235	1010	174	0	44	45
tlm_multiply_gcd_forward_body	5655235	5657166	1931	257	0	128	129
tlm_multiply_gcd_forward_apply	5657166	5657167	1	0	0	0	0
tlm_multiply_gcd_forward_codec	5657167	5657334	167	16	0	4	7
tlm_multiply_gcd_forward_shift	5657334	5657848	514	127	0	0	2
tlm_multiply_gcd_forward_compare	5657848	5658855	1007	173	0	44	45
tlm_multiply_gcd_forward_body	5658855	5660771	1916	255	0	127	128
tlm_multiply_gcd_forward_apply	5660771	5660772	1	0	0	0	0
tlm_multiply_gcd_forward_codec	5660772	5660775	3	0	0	0	0
tlm_multiply_gcd_forward_shift	5660775	5661285	510	126	0	0	2
tlm_multiply_gcd_forward_compare	5661285	5662275	990	171	0	43	44
tlm_multiply_gcd_forward_body	5662275	5664176	1901	253	0	126	127
tlm_multiply_gcd_forward_apply	5664176	5664177	1	0	0	0	0
tlm_multiply_gcd_forward_codec	5664177	5664180	3	0	0	0	0
tlm_multiply_gcd_forward_shift	5664180	5664686	506	125	0	0	2
tlm_multiply_gcd_forward_compare	5664686	5665673	987	170	0	43	44
tlm_multiply_gcd_forward_body	5665673	5667559	1886	251	0	125	126
tlm_multiply_gcd_forward_apply	5667559	5667560	1	0	0	0	0
tlm_multiply_gcd_forward_codec	5667560	5667727	167	16	0	4	7
tlm_multiply_gcd_forward_shift	5667727	5668227	500	123	0	0	4
tlm_multiply_gcd_forward_compare	5668227	5669208	981	168	0	43	44
tlm_multiply_gcd_forward_body	5669208	5671064	1856	247	0	123	124
tlm_multiply_gcd_forward_apply	5671064	5671065	1	0	0	0	0
tlm_multiply_gcd_forward_codec	5671065	5671068	3	0	0	0	0
tlm_multiply_gcd_forward_shift	5671068	5671564	496	123	0	0	0
tlm_multiply_gcd_forward_compare	5671564	5672545	981	168	0	43	44
tlm_multiply_gcd_forward_body	5672545	5674401	1856	247	0	123	124
tlm_multiply_gcd_forward_apply	5674401	5674402	1	0	0	0	0
tlm_multiply_gcd_forward_codec	5674402	5674405	3	0	0	0	0
tlm_multiply_gcd_forward_shift	5674405	5674899	494	122	0	0	2
tlm_multiply_gcd_forward_compare	5674899	5675891	992	168	0	44	45
tlm_multiply_gcd_forward_body	5675891	5677732	1841	245	0	122	123
tlm_multiply_gcd_forward_apply	5677732	5677733	1	0	0	0	0
tlm_multiply_gcd_forward_codec	5677733	5677900	167	16	0	4	7
tlm_multiply_gcd_forward_shift	5677900	5678390	490	121	0	0	2
tlm_multiply_gcd_forward_compare	5678390	5679365	975	166	0	43	44
tlm_multiply_gcd_forward_body	5679365	5681191	1826	243	0	121	122
tlm_multiply_gcd_forward_apply	5681191	5681192	1	0	0	0	0
tlm_multiply_gcd_forward_codec	5681192	5681195	3	0	0	0	0
tlm_multiply_gcd_forward_shift	5681195	5681681	486	120	0	0	2
tlm_multiply_gcd_forward_compare	5681681	5682667	986	166	0	44	45
tlm_multiply_gcd_forward_body	5682667	5684478	1811	241	0	120	121
tlm_multiply_gcd_forward_apply	5684478	5684479	1	0	0	0	0
tlm_multiply_gcd_forward_codec	5684479	5684482	3	0	0	0	0
tlm_multiply_gcd_forward_shift	5684482	5684964	482	119	0	0	2
tlm_multiply_gcd_forward_compare	5684964	5685947	983	165	0	44	45
tlm_multiply_gcd_forward_body	5685947	5687743	1796	239	0	119	120
tlm_multiply_gcd_forward_apply	5687743	5687744	1	0	0	0	0
tlm_multiply_gcd_forward_codec	5687744	5687911	167	16	0	4	7
tlm_multiply_gcd_forward_shift	5687911	5688389	478	118	0	0	2
tlm_multiply_gcd_forward_compare	5688389	5689369	980	164	0	44	45
tlm_multiply_gcd_forward_body	5689369	5691150	1781	237	0	118	119
tlm_multiply_gcd_forward_apply	5691150	5691151	1	0	0	0	0
tlm_multiply_gcd_forward_codec	5691151	5691154	3	0	0	0	0
tlm_multiply_gcd_forward_shift	5691154	5691628	474	117	0	0	2
tlm_multiply_gcd_forward_compare	5691628	5692605	977	163	0	44	45
tlm_multiply_gcd_forward_body	5692605	5694371	1766	235	0	117	118
tlm_multiply_gcd_forward_apply	5694371	5694372	1	0	0	0	0
tlm_multiply_gcd_forward_codec	5694372	5694375	3	0	0	0	0
tlm_multiply_gcd_forward_shift	5694375	5694845	470	116	0	0	2
tlm_multiply_gcd_forward_compare	5694845	5695819	974	162	0	44	45
tlm_multiply_gcd_forward_body	5695819	5697570	1751	233	0	116	117
tlm_multiply_gcd_forward_apply	5697570	5697571	1	0	0	0	0
tlm_multiply_gcd_forward_codec	5697571	5697738	167	16	0	4	7
tlm_multiply_gcd_forward_shift	5697738	5698204	466	115	0	0	2
tlm_multiply_gcd_forward_compare	5698204	5699189	985	162	0	45	46
tlm_multiply_gcd_forward_body	5699189	5700925	1736	231	0	115	116
tlm_multiply_gcd_forward_apply	5700925	5700926	1	0	0	0	0
tlm_multiply_gcd_forward_codec	5700926	5700929	3	0	0	0	0
tlm_multiply_gcd_forward_shift	5700929	5701391	462	114	0	0	2
tlm_multiply_gcd_forward_compare	5701391	5702359	968	160	0	44	45
tlm_multiply_gcd_forward_body	5702359	5704080	1721	229	0	114	115
tlm_multiply_gcd_forward_apply	5704080	5704081	1	0	0	0	0
tlm_multiply_gcd_forward_codec	5704081	5704084	3	0	0	0	0
tlm_multiply_gcd_forward_shift	5704084	5704540	456	112	0	0	4
tlm_multiply_gcd_forward_compare	5704540	5705502	962	158	0	44	45
tlm_multiply_gcd_forward_body	5705502	5707193	1691	225	0	112	113
tlm_multiply_gcd_forward_apply	5707193	5707194	1	0	0	0	0
tlm_multiply_gcd_forward_codec	5707194	5707361	167	16	0	4	7
tlm_multiply_gcd_forward_shift	5707361	5707811	450	111	0	0	2
tlm_multiply_gcd_forward_compare	5707811	5708770	959	157	0	44	45
tlm_multiply_gcd_forward_body	5708770	5710446	1676	223	0	111	112
tlm_multiply_gcd_forward_apply	5710446	5710447	1	0	0	0	0
tlm_multiply_gcd_forward_codec	5710447	5710450	3	0	0	0	0
tlm_multiply_gcd_forward_shift	5710450	5710896	446	110	0	0	2
tlm_multiply_gcd_forward_compare	5710896	5711838	942	155	0	43	44
tlm_multiply_gcd_forward_body	5711838	5713499	1661	221	0	110	111
tlm_multiply_gcd_forward_apply	5713499	5713500	1	0	0	0	0
tlm_multiply_gcd_forward_codec	5713500	5713503	3	0	0	0	0
tlm_multiply_gcd_forward_shift	5713503	5713945	442	109	0	0	2
tlm_multiply_gcd_forward_compare	5713945	5714898	953	155	0	44	45
tlm_multiply_gcd_forward_body	5714898	5716544	1646	219	0	109	110
tlm_multiply_gcd_forward_apply	5716544	5716545	1	0	0	0	0
tlm_multiply_gcd_forward_codec	5716545	5716712	167	16	0	4	7
tlm_multiply_gcd_forward_shift	5716712	5717150	438	108	0	0	2
tlm_multiply_gcd_forward_compare	5717150	5718100	950	154	0	44	45
tlm_multiply_gcd_forward_body	5718100	5719731	1631	217	0	108	109
tlm_multiply_gcd_forward_apply	5719731	5719732	1	0	0	0	0
tlm_multiply_gcd_forward_codec	5719732	5719735	3	0	0	0	0
tlm_multiply_gcd_forward_shift	5719735	5720169	434	107	0	0	2
tlm_multiply_gcd_forward_compare	5720169	5721116	947	153	0	44	45
tlm_multiply_gcd_forward_body	5721116	5722732	1616	215	0	107	108
tlm_multiply_gcd_forward_apply	5722732	5722733	1	0	0	0	0
tlm_multiply_gcd_forward_codec	5722733	5722736	3	0	0	0	0
tlm_multiply_gcd_forward_shift	5722736	5723168	432	107	0	0	0
tlm_multiply_gcd_forward_compare	5723168	5724129	961	154	0	45	46
tlm_multiply_gcd_forward_body	5724129	5725745	1616	215	0	107	108
tlm_multiply_gcd_forward_apply	5725745	5725746	1	0	0	0	0
tlm_multiply_gcd_forward_codec	5725746	5725913	167	16	0	4	7
tlm_multiply_gcd_forward_shift	5725913	5726341	428	105	0	0	4
tlm_multiply_gcd_forward_compare	5726341	5727282	941	151	0	44	45
tlm_multiply_gcd_forward_body	5727282	5728868	1586	211	0	105	106
tlm_multiply_gcd_forward_apply	5728868	5728869	1	0	0	0	0
tlm_multiply_gcd_forward_codec	5728869	5728872	3	0	0	0	0
tlm_multiply_gcd_forward_shift	5728872	5729296	424	105	0	0	0
tlm_multiply_gcd_forward_compare	5729296	5730265	969	153	0	46	47
tlm_multiply_gcd_forward_body	5730265	5731851	1586	211	0	105	106
tlm_multiply_gcd_forward_apply	5731851	5731852	1	0	0	0	0
tlm_multiply_gcd_forward_codec	5731852	5731855	3	0	0	0	0
tlm_multiply_gcd_forward_shift	5731855	5732275	420	103	0	0	4
tlm_multiply_gcd_forward_compare	5732275	5733224	949	150	0	45	46
tlm_multiply_gcd_forward_body	5733224	5734780	1556	207	0	103	104
tlm_multiply_gcd_forward_apply	5734780	5734781	1	0	0	0	0
tlm_multiply_gcd_forward_codec	5734781	5734948	167	16	0	4	7
tlm_multiply_gcd_forward_shift	5734948	5735362	414	102	0	0	2
tlm_multiply_gcd_forward_compare	5735362	5736294	932	148	0	44	45
tlm_multiply_gcd_forward_body	5736294	5737835	1541	205	0	102	103
tlm_multiply_gcd_forward_apply	5737835	5737836	1	0	0	0	0
tlm_multiply_gcd_forward_codec	5737836	5737839	3	0	0	0	0
tlm_multiply_gcd_forward_shift	5737839	5738249	410	101	0	0	2
tlm_multiply_gcd_forward_compare	5738249	5739206	957	149	0	46	47
tlm_multiply_gcd_forward_body	5739206	5740732	1526	203	0	101	102
tlm_multiply_gcd_forward_apply	5740732	5740733	1	0	0	0	0
tlm_multiply_gcd_forward_codec	5740733	5740736	3	0	0	0	0
tlm_multiply_gcd_forward_shift	5740736	5741142	406	100	0	0	2
tlm_multiply_gcd_forward_compare	5741142	5742082	940	147	0	45	46
tlm_multiply_gcd_forward_body	5742082	5743593	1511	201	0	100	101
tlm_multiply_gcd_forward_apply	5743593	5743594	1	0	0	0	0
tlm_multiply_gcd_forward_codec	5743594	5743761	167	16	0	4	7
tlm_multiply_gcd_forward_shift	5743761	5744163	402	99	0	0	2
tlm_multiply_gcd_forward_compare	5744163	5745100	937	146	0	45	46
tlm_multiply_gcd_forward_body	5745100	5746596	1496	199	0	99	100
tlm_multiply_gcd_forward_apply	5746596	5746597	1	0	0	0	0
tlm_multiply_gcd_forward_codec	5746597	5746600	3	0	0	0	0
tlm_multiply_gcd_forward_shift	5746600	5746998	398	98	0	0	2
tlm_multiply_gcd_forward_compare	5746998	5747932	934	145	0	45	46
tlm_multiply_gcd_forward_body	5747932	5749413	1481	197	0	98	99
tlm_multiply_gcd_forward_apply	5749413	5749414	1	0	0	0	0
tlm_multiply_gcd_forward_codec	5749414	5749417	3	0	0	0	0
tlm_multiply_gcd_forward_shift	5749417	5749811	394	97	0	0	2
tlm_multiply_gcd_forward_compare	5749811	5750742	931	144	0	45	46
tlm_multiply_gcd_forward_body	5750742	5752208	1466	195	0	97	98
tlm_multiply_gcd_forward_apply	5752208	5752209	1	0	0	0	0
tlm_multiply_gcd_forward_codec	5752209	5752376	167	16	0	4	7
tlm_multiply_gcd_forward_shift	5752376	5752766	390	96	0	0	2
tlm_multiply_gcd_forward_compare	5752766	5753694	928	143	0	45	46
tlm_multiply_gcd_forward_body	5753694	5755145	1451	193	0	96	97
tlm_multiply_gcd_forward_apply	5755145	5755146	1	0	0	0	0
tlm_multiply_gcd_forward_codec	5755146	5755149	3	0	0	0	0
tlm_multiply_gcd_forward_shift	5755149	5755535	386	95	0	0	2
tlm_multiply_gcd_forward_compare	5755535	5756474	939	143	0	46	47
tlm_multiply_gcd_forward_body	5756474	5757910	1436	191	0	95	96
tlm_multiply_gcd_forward_apply	5757910	5757911	1	0	0	0	0
tlm_multiply_gcd_forward_codec	5757911	5757914	3	0	0	0	0
tlm_multiply_gcd_forward_shift	5757914	5758296	382	94	0	0	2
tlm_multiply_gcd_forward_compare	5758296	5759218	922	141	0	45	46
tlm_multiply_gcd_forward_body	5759218	5760639	1421	189	0	94	95
tlm_multiply_gcd_forward_apply	5760639	5760640	1	0	0	0	0
tlm_multiply_gcd_forward_codec	5760640	5760807	167	16	0	4	7
tlm_multiply_gcd_forward_shift	5760807	5761185	378	93	0	0	2
tlm_multiply_gcd_forward_compare	5761185	5762104	919	140	0	45	46
tlm_multiply_gcd_forward_body	5762104	5763510	1406	187	0	93	94
tlm_multiply_gcd_forward_apply	5763510	5763511	1	0	0	0	0
tlm_multiply_gcd_forward_codec	5763511	5763514	3	0	0	0	0
tlm_multiply_gcd_forward_shift	5763514	5763888	374	92	0	0	2
tlm_multiply_gcd_forward_compare	5763888	5764818	930	140	0	46	47
tlm_multiply_gcd_forward_body	5764818	5766209	1391	185	0	92	93
tlm_multiply_gcd_forward_apply	5766209	5766210	1	0	0	0	0
tlm_multiply_gcd_forward_codec	5766210	5766213	3	0	0	0	0
tlm_multiply_gcd_forward_shift	5766213	5766583	370	91	0	0	2
tlm_multiply_gcd_forward_compare	5766583	5767510	927	139	0	46	47
tlm_multiply_gcd_forward_body	5767510	5768886	1376	183	0	91	92
tlm_multiply_gcd_forward_apply	5768886	5768887	1	0	0	0	0
tlm_multiply_gcd_forward_codec	5768887	5769054	167	16	0	4	7
tlm_multiply_gcd_forward_shift	5769054	5769420	366	90	0	0	2
tlm_multiply_gcd_forward_compare	5769420	5770344	924	138	0	46	47
tlm_multiply_gcd_forward_body	5770344	5771705	1361	181	0	90	91
tlm_multiply_gcd_forward_apply	5771705	5771706	1	0	0	0	0
tlm_multiply_gcd_forward_codec	5771706	5771709	3	0	0	0	0
tlm_multiply_gcd_forward_shift	5771709	5772071	362	89	0	0	2
tlm_multiply_gcd_forward_compare	5772071	5773006	935	138	0	47	48
tlm_multiply_gcd_forward_body	5773006	5774352	1346	179	0	89	90
tlm_multiply_gcd_forward_apply	5774352	5774353	1	0	0	0	0
tlm_multiply_gcd_forward_codec	5774353	5774356	3	0	0	0	0
tlm_multiply_gcd_forward_shift	5774356	5774714	358	88	0	0	2
tlm_multiply_gcd_forward_compare	5774714	5775632	918	136	0	46	47
tlm_multiply_gcd_forward_body	5775632	5776963	1331	177	0	88	89
tlm_multiply_gcd_forward_apply	5776963	5776964	1	0	0	0	0
tlm_multiply_gcd_forward_codec	5776964	5777131	167	16	0	4	7
tlm_multiply_gcd_forward_shift	5777131	5777485	354	87	0	0	2
tlm_multiply_gcd_forward_compare	5777485	5778400	915	135	0	46	47
tlm_multiply_gcd_forward_body	5778400	5779716	1316	175	0	87	88
tlm_multiply_gcd_forward_apply	5779716	5779717	1	0	0	0	0
tlm_multiply_gcd_forward_codec	5779717	5779720	3	0	0	0	0
tlm_multiply_gcd_forward_shift	5779720	5780070	350	86	0	0	2
tlm_multiply_gcd_forward_compare	5780070	5780996	926	135	0	47	48
tlm_multiply_gcd_forward_body	5780996	5782297	1301	173	0	86	87
tlm_multiply_gcd_forward_apply	5782297	5782298	1	0	0	0	0
tlm_multiply_gcd_forward_codec	5782298	5782301	3	0	0	0	0
tlm_multiply_gcd_forward_shift	5782301	5782647	346	85	0	0	2
tlm_multiply_gcd_forward_compare	5782647	5783556	909	133	0	46	47
tlm_multiply_gcd_forward_body	5783556	5784842	1286	171	0	85	86
tlm_multiply_gcd_forward_apply	5784842	5784843	1	0	0	0	0
tlm_multiply_gcd_forward_codec	5784843	5785010	167	16	0	4	7
tlm_multiply_gcd_forward_shift	5785010	5785352	342	84	0	0	2
tlm_multiply_gcd_forward_compare	5785352	5786258	906	132	0	46	47
tlm_multiply_gcd_forward_body	5786258	5787529	1271	169	0	84	85
tlm_multiply_gcd_forward_apply	5787529	5787530	1	0	0	0	0
tlm_multiply_gcd_forward_codec	5787530	5787533	3	0	0	0	0
tlm_multiply_gcd_forward_shift	5787533	5787871	338	83	0	0	2
tlm_multiply_gcd_forward_compare	5787871	5788788	917	132	0	47	48
tlm_multiply_gcd_forward_body	5788788	5790044	1256	167	0	83	84
tlm_multiply_gcd_forward_apply	5790044	5790045	1	0	0	0	0
tlm_multiply_gcd_forward_codec	5790045	5790048	3	0	0	0	0
tlm_multiply_gcd_forward_shift	5790048	5790382	334	82	0	0	2
tlm_multiply_gcd_forward_compare	5790382	5791296	914	131	0	47	48
tlm_multiply_gcd_forward_body	5791296	5792537	1241	165	0	82	83
tlm_multiply_gcd_forward_apply	5792537	5792538	1	0	0	0	0
tlm_multiply_gcd_forward_codec	5792538	5792705	167	16	0	4	7
tlm_multiply_gcd_forward_shift	5792705	5793035	330	81	0	0	2
tlm_multiply_gcd_forward_compare	5793035	5793946	911	130	0	47	48
tlm_multiply_gcd_forward_body	5793946	5795172	1226	163	0	81	82
tlm_multiply_gcd_forward_apply	5795172	5795173	1	0	0	0	0
tlm_multiply_gcd_forward_codec	5795173	5795176	3	0	0	0	0
tlm_multiply_gcd_forward_shift	5795176	5795502	326	80	0	0	2
tlm_multiply_gcd_forward_compare	5795502	5796410	908	129	0	47	48
tlm_multiply_gcd_forward_body	5796410	5797621	1211	161	0	80	81
tlm_multiply_gcd_forward_apply	5797621	5797622	1	0	0	0	0
tlm_multiply_gcd_forward_codec	5797622	5797625	3	0	0	0	0
tlm_multiply_gcd_forward_shift	5797625	5797947	322	79	0	0	2
tlm_multiply_gcd_forward_compare	5797947	5798852	905	128	0	47	48
tlm_multiply_gcd_forward_body	5798852	5800048	1196	159	0	79	80
tlm_multiply_gcd_forward_apply	5800048	5800049	1	0	0	0	0
tlm_multiply_gcd_forward_codec	5800049	5800216	167	16	0	4	7
tlm_multiply_gcd_forward_shift	5800216	5800534	318	78	0	0	2
tlm_multiply_gcd_forward_compare	5800534	5801436	902	127	0	47	48
tlm_multiply_gcd_forward_body	5801436	5802617	1181	157	0	78	79
tlm_multiply_gcd_forward_apply	5802617	5802618	1	0	0	0	0
tlm_multiply_gcd_forward_codec	5802618	5802621	3	0	0	0	0
tlm_multiply_gcd_forward_shift	5802621	5802935	314	77	0	0	2
tlm_multiply_gcd_forward_compare	5802935	5803834	899	126	0	47	48
tlm_multiply_gcd_forward_body	5803834	5805000	1166	155	0	77	78
tlm_multiply_gcd_forward_apply	5805000	5805001	1	0	0	0	0
tlm_multiply_gcd_forward_codec	5805001	5805004	3	0	0	0	0
tlm_multiply_gcd_forward_shift	5805004	5805314	310	76	0	0	2
tlm_multiply_gcd_forward_compare	5805314	5806224	910	126	0	48	49
tlm_multiply_gcd_forward_body	5806224	5807375	1151	153	0	76	77
tlm_multiply_gcd_forward_apply	5807375	5807376	1	0	0	0	0
tlm_multiply_gcd_forward_codec	5807376	5807543	167	16	0	4	7
tlm_multiply_gcd_forward_shift	5807543	5807849	306	75	0	0	2
tlm_multiply_gcd_forward_compare	5807849	5808770	921	126	0	49	50
tlm_multiply_gcd_forward_body	5808770	5809906	1136	151	0	75	76
tlm_multiply_gcd_forward_apply	5809906	5809907	1	0	0	0	0
tlm_multiply_gcd_forward_codec	5809907	5809910	3	0	0	0	0
tlm_multiply_gcd_forward_shift	5809910	5810212	302	74	0	0	2
tlm_multiply_gcd_forward_compare	5810212	5811116	904	124	0	48	49
tlm_multiply_gcd_forward_body	5811116	5812237	1121	149	0	74	75
tlm_multiply_gcd_forward_apply	5812237	5812238	1	0	0	0	0
tlm_multiply_gcd_forward_codec	5812238	5812241	3	0	0	0	0
tlm_multiply_gcd_forward_shift	5812241	5812539	298	73	0	0	2
tlm_multiply_gcd_forward_compare	5812539	5813440	901	123	0	48	49
tlm_multiply_gcd_forward_body	5813440	5814546	1106	147	0	73	74
tlm_multiply_gcd_forward_apply	5814546	5814547	1	0	0	0	0
tlm_multiply_gcd_forward_codec	5814547	5814714	167	16	0	4	7
tlm_multiply_gcd_forward_shift	5814714	5815008	294	72	0	0	2
tlm_multiply_gcd_forward_compare	5815008	5815906	898	122	0	48	49
tlm_multiply_gcd_forward_body	5815906	5816997	1091	145	0	72	73
tlm_multiply_gcd_forward_apply	5816997	5816998	1	0	0	0	0
tlm_multiply_gcd_forward_codec	5816998	5817001	3	0	0	0	0
tlm_multiply_gcd_forward_shift	5817001	5817291	290	71	0	0	2
tlm_multiply_gcd_forward_compare	5817291	5818186	895	121	0	48	49
tlm_multiply_gcd_forward_body	5818186	5819262	1076	143	0	71	72
tlm_multiply_gcd_forward_apply	5819262	5819263	1	0	0	0	0
tlm_multiply_gcd_forward_codec	5819263	5819266	3	0	0	0	0
tlm_multiply_gcd_forward_shift	5819266	5819552	286	70	0	0	2
tlm_multiply_gcd_forward_compare	5819552	5820444	892	120	0	48	49
tlm_multiply_gcd_forward_body	5820444	5821505	1061	141	0	70	71
tlm_multiply_gcd_forward_apply	5821505	5821506	1	0	0	0	0
tlm_multiply_gcd_forward_codec	5821506	5821673	167	16	0	4	7
tlm_multiply_gcd_forward_shift	5821673	5821955	282	69	0	0	2
tlm_multiply_gcd_forward_compare	5821955	5822844	889	119	0	48	49
tlm_multiply_gcd_forward_body	5822844	5823890	1046	139	0	69	70
tlm_multiply_gcd_forward_apply	5823890	5823891	1	0	0	0	0
tlm_multiply_gcd_forward_codec	5823891	5823894	3	0	0	0	0
tlm_multiply_gcd_forward_shift	5823894	5824172	278	68	0	0	2
tlm_multiply_gcd_forward_compare	5824172	5825072	900	119	0	49	50
tlm_multiply_gcd_forward_body	5825072	5826103	1031	137	0	68	69
tlm_multiply_gcd_forward_apply	5826103	5826104	1	0	0	0	0
tlm_multiply_gcd_forward_codec	5826104	5826107	3	0	0	0	0
tlm_multiply_gcd_forward_shift	5826107	5826381	274	67	0	0	2
tlm_multiply_gcd_forward_compare	5826381	5827264	883	117	0	48	49
tlm_multiply_gcd_forward_body	5827264	5828280	1016	135	0	67	68
tlm_multiply_gcd_forward_apply	5828280	5828281	1	0	0	0	0
tlm_multiply_gcd_forward_codec	5828281	5828448	167	16	0	4	7
tlm_multiply_gcd_forward_shift	5828448	5828718	270	66	0	0	2
tlm_multiply_gcd_forward_compare	5828718	5829598	880	116	0	48	49
tlm_multiply_gcd_forward_body	5829598	5830599	1001	133	0	66	67
tlm_multiply_gcd_forward_apply	5830599	5830600	1	0	0	0	0
tlm_multiply_gcd_forward_codec	5830600	5830603	3	0	0	0	0
tlm_multiply_gcd_forward_shift	5830603	5830869	266	65	0	0	2
tlm_multiply_gcd_forward_compare	5830869	5831746	877	115	0	48	49
tlm_multiply_gcd_forward_body	5831746	5832732	986	131	0	65	66
tlm_multiply_gcd_forward_apply	5832732	5832733	1	0	0	0	0
tlm_multiply_gcd_forward_codec	5832733	5832736	3	0	0	0	0
tlm_multiply_gcd_forward_shift	5832736	5832998	262	64	0	0	2
tlm_multiply_gcd_forward_compare	5832998	5833900	902	116	0	50	51
tlm_multiply_gcd_forward_body	5833900	5834871	971	129	0	64	65
tlm_multiply_gcd_forward_apply	5834871	5834872	1	0	0	0	0
tlm_multiply_gcd_forward_codec	5834872	5835039	167	16	0	4	7
tlm_multiply_gcd_forward_shift	5835039	5835297	258	63	0	0	2
tlm_multiply_gcd_forward_compare	5835297	5836182	885	114	0	49	50
tlm_multiply_gcd_forward_body	5836182	5837138	956	127	0	63	64
tlm_multiply_gcd_forward_apply	5837138	5837139	1	0	0	0	0
tlm_multiply_gcd_forward_codec	5837139	5837142	3	0	0	0	0
tlm_multiply_gcd_forward_shift	5837142	5837396	254	62	0	0	2
tlm_multiply_gcd_forward_compare	5837396	5838306	910	115	0	51	52
tlm_multiply_gcd_forward_body	5838306	5839247	941	125	0	62	63
tlm_multiply_gcd_forward_apply	5839247	5839248	1	0	0	0	0
tlm_multiply_gcd_forward_codec	5839248	5839251	3	0	0	0	0
tlm_multiply_gcd_forward_shift	5839251	5839503	252	62	0	0	0
tlm_multiply_gcd_forward_compare	5839503	5840427	924	116	0	52	53
tlm_multiply_gcd_forward_body	5840427	5841368	941	125	0	62	63
tlm_multiply_gcd_forward_apply	5841368	5841369	1	0	0	0	0
tlm_multiply_gcd_forward_codec	5841369	5841536	167	16	0	4	7
tlm_multiply_gcd_forward_shift	5841536	5841786	250	61	0	0	2
tlm_multiply_gcd_forward_compare	5841786	5842693	907	114	0	51	52
tlm_multiply_gcd_forward_body	5842693	5843619	926	123	0	61	62
tlm_multiply_gcd_forward_apply	5843619	5843620	1	0	0	0	0
tlm_multiply_gcd_forward_codec	5843620	5843623	3	0	0	0	0
tlm_multiply_gcd_forward_shift	5843623	5843867	244	59	0	0	4
tlm_multiply_gcd_forward_compare	5843867	5844782	915	113	0	52	53
tlm_multiply_gcd_forward_body	5844782	5845678	896	119	0	59	60
tlm_multiply_gcd_forward_apply	5845678	5845679	1	0	0	0	0
tlm_multiply_gcd_forward_codec	5845679	5845682	3	0	0	0	0
tlm_multiply_gcd_forward_shift	5845682	5845920	238	58	0	0	2
tlm_multiply_gcd_forward_compare	5845920	5846818	898	111	0	51	52
tlm_multiply_gcd_forward_body	5846818	5847699	881	117	0	58	59
tlm_multiply_gcd_forward_apply	5847699	5847700	1	0	0	0	0
tlm_multiply_gcd_forward_codec	5847700	5847867	167	16	0	4	7
tlm_multiply_gcd_forward_shift	5847867	5848101	234	57	0	0	2
tlm_multiply_gcd_forward_compare	5848101	5849010	909	111	0	52	53
tlm_multiply_gcd_forward_body	5849010	5849876	866	115	0	57	58
tlm_multiply_gcd_forward_apply	5849876	5849877	1	0	0	0	0
tlm_multiply_gcd_forward_codec	5849877	5849880	3	0	0	0	0
tlm_multiply_gcd_forward_shift	5849880	5850110	230	56	0	0	2
tlm_multiply_gcd_forward_compare	5850110	5851016	906	110	0	52	53
tlm_multiply_gcd_forward_body	5851016	5851867	851	113	0	56	57
tlm_multiply_gcd_forward_apply	5851867	5851868	1	0	0	0	0
tlm_multiply_gcd_forward_codec	5851868	5851871	3	0	0	0	0
tlm_multiply_gcd_forward_shift	5851871	5852097	226	55	0	0	2
tlm_multiply_gcd_forward_compare	5852097	5853000	903	109	0	52	53
tlm_multiply_gcd_forward_body	5853000	5853836	836	111	0	55	56
tlm_multiply_gcd_forward_apply	5853836	5853837	1	0	0	0	0
tlm_multiply_gcd_forward_codec	5853837	5854004	167	16	0	4	7
tlm_multiply_gcd_forward_shift	5854004	5854228	224	55	0	0	0
tlm_multiply_gcd_forward_compare	5854228	5855145	917	110	0	53	54
tlm_multiply_gcd_forward_body	5855145	5855981	836	111	0	55	56
tlm_multiply_gcd_forward_apply	5855981	5855982	1	0	0	0	0
tlm_multiply_gcd_forward_codec	5855982	5855985	3	0	0	0	0
tlm_multiply_gcd_forward_shift	5855985	5856205	220	53	0	0	4
tlm_multiply_gcd_forward_compare	5856205	5857102	897	107	0	52	53
tlm_multiply_gcd_forward_body	5857102	5857908	806	107	0	53	54
tlm_multiply_gcd_forward_apply	5857908	5857909	1	0	0	0	0
tlm_multiply_gcd_forward_codec	5857909	5857912	3	0	0	0	0
tlm_multiply_gcd_forward_shift	5857912	5858126	214	52	0	0	2
tlm_multiply_gcd_forward_compare	5858126	5859020	894	106	0	52	53
tlm_multiply_gcd_forward_body	5859020	5859811	791	105	0	52	53
tlm_multiply_gcd_forward_apply	5859811	5859812	1	0	0	0	0
tlm_multiply_gcd_forward_codec	5859812	5859979	167	16	0	4	7
tlm_multiply_gcd_forward_shift	5859979	5860189	210	51	0	0	2
tlm_multiply_gcd_forward_compare	5860189	5861066	877	104	0	51	52
tlm_multiply_gcd_forward_body	5861066	5861842	776	103	0	51	52
tlm_multiply_gcd_forward_apply	5861842	5861843	1	0	0	0	0
tlm_multiply_gcd_forward_codec	5861843	5861846	3	0	0	0	0
tlm_multiply_gcd_forward_shift	5861846	5862052	206	50	0	0	2
tlm_multiply_gcd_forward_compare	5862052	5862912	860	102	0	50	51
tlm_multiply_gcd_forward_body	5862912	5863673	761	101	0	50	51
tlm_multiply_gcd_forward_apply	5863673	5863674	1	0	0	0	0
tlm_multiply_gcd_forward_codec	5863674	5863677	3	0	0	0	0
tlm_multiply_gcd_forward_shift	5863677	5863879	202	49	0	0	2
tlm_multiply_gcd_forward_compare	5863879	5864722	843	100	0	49	50
tlm_multiply_gcd_forward_body	5864722	5865468	746	99	0	49	50
tlm_multiply_gcd_forward_apply	5865468	5865469	1	0	0	0	0
tlm_multiply_gcd_forward_codec	5865469	5865636	167	16	0	4	7
tlm_multiply_gcd_forward_shift	5865636	5865834	198	48	0	0	2
tlm_multiply_gcd_forward_compare	5865834	5866660	826	98	0	48	49
tlm_multiply_gcd_forward_body	5866660	5867391	731	97	0	48	49
tlm_multiply_gcd_forward_apply	5867391	5867392	1	0	0	0	0
tlm_multiply_gcd_forward_codec	5867392	5867395	3	0	0	0	0
tlm_multiply_gcd_forward_shift	5867395	5867589	194	47	0	0	2
tlm_multiply_gcd_forward_compare	5867589	5868398	809	96	0	47	48
tlm_multiply_gcd_forward_body	5868398	5869114	716	95	0	47	48
tlm_multiply_gcd_forward_apply	5869114	5869115	1	0	0	0	0
tlm_multiply_gcd_forward_codec	5869115	5869118	3	0	0	0	0
tlm_multiply_gcd_forward_shift	5869118	5869308	190	46	0	0	2
tlm_multiply_gcd_forward_compare	5869308	5870100	792	94	0	46	47
tlm_multiply_gcd_forward_body	5870100	5870801	701	93	0	46	47
tlm_multiply_gcd_forward_apply	5870801	5870802	1	0	0	0	0
tlm_multiply_gcd_forward_codec	5870802	5870969	167	16	0	4	7
tlm_multiply_gcd_forward_shift	5870969	5871155	186	45	0	0	2
tlm_multiply_gcd_forward_compare	5871155	5871930	775	92	0	45	46
tlm_multiply_gcd_forward_body	5871930	5872616	686	91	0	45	46
tlm_multiply_gcd_forward_apply	5872616	5872617	1	0	0	0	0
tlm_multiply_gcd_forward_codec	5872617	5872620	3	0	0	0	0
tlm_multiply_gcd_forward_shift	5872620	5872802	182	44	0	0	2
tlm_multiply_gcd_forward_compare	5872802	5873560	758	90	0	44	45
tlm_multiply_gcd_forward_body	5873560	5874231	671	89	0	44	45
tlm_multiply_gcd_forward_apply	5874231	5874232	1	0	0	0	0
tlm_multiply_gcd_forward_codec	5874232	5874235	3	0	0	0	0
tlm_multiply_gcd_forward_shift	5874235	5874413	178	43	0	0	2
tlm_multiply_gcd_forward_compare	5874413	5875168	755	89	0	44	45
tlm_multiply_gcd_forward_body	5875168	5875824	656	87	0	43	44
tlm_multiply_gcd_forward_apply	5875824	5875825	1	0	0	0	0
tlm_multiply_gcd_forward_codec	5875825	5875992	167	16	0	4	7
tlm_multiply_gcd_forward_shift	5875992	5876166	174	42	0	0	2
tlm_multiply_gcd_forward_compare	5876166	5876904	738	87	0	43	44
tlm_multiply_gcd_forward_body	5876904	5877545	641	85	0	42	43
tlm_multiply_gcd_forward_apply	5877545	5877546	1	0	0	0	0
tlm_multiply_gcd_forward_codec	5877546	5877549	3	0	0	0	0
tlm_multiply_gcd_forward_shift	5877549	5877719	170	41	0	0	2
tlm_multiply_gcd_forward_compare	5877719	5878440	721	85	0	42	43
tlm_multiply_gcd_forward_body	5878440	5879066	626	83	0	41	42
tlm_multiply_gcd_forward_apply	5879066	5879067	1	0	0	0	0
tlm_multiply_gcd_forward_codec	5879067	5879070	3	0	0	0	0
tlm_multiply_gcd_forward_shift	5879070	5879236	166	40	0	0	2
tlm_multiply_gcd_forward_compare	5879236	5879940	704	83	0	41	42
tlm_multiply_gcd_forward_body	5879940	5880551	611	81	0	40	41
tlm_multiply_gcd_forward_apply	5880551	5880552	1	0	0	0	0
tlm_multiply_gcd_forward_codec	5880552	5880719	167	16	0	4	7
tlm_multiply_gcd_forward_shift	5880719	5880881	162	39	0	0	2
tlm_multiply_gcd_forward_compare	5880881	5881568	687	81	0	40	41
tlm_multiply_gcd_forward_body	5881568	5882164	596	79	0	39	40
tlm_multiply_gcd_forward_apply	5882164	5882165	1	0	0	0	0
tlm_multiply_gcd_forward_codec	5882165	5882168	3	0	0	0	0
tlm_multiply_gcd_forward_shift	5882168	5882326	158	38	0	0	2
tlm_multiply_gcd_forward_compare	5882326	5882996	670	79	0	39	40
tlm_multiply_gcd_forward_body	5882996	5883577	581	77	0	38	39
tlm_multiply_gcd_forward_apply	5883577	5883578	1	0	0	0	0
tlm_multiply_gcd_forward_codec	5883578	5883581	3	0	0	0	0
tlm_multiply_gcd_forward_shift	5883581	5883735	154	37	0	0	2
tlm_multiply_gcd_forward_compare	5883735	5884388	653	77	0	38	39
tlm_multiply_gcd_forward_body	5884388	5884954	566	75	0	37	38
tlm_multiply_gcd_forward_apply	5884954	5884955	1	0	0	0	0
tlm_multiply_gcd_forward_codec	5884955	5885122	167	16	0	4	7
tlm_multiply_gcd_forward_shift	5885122	5885272	150	36	0	0	2
tlm_multiply_gcd_forward_compare	5885272	5885908	636	75	0	37	38
tlm_multiply_gcd_forward_body	5885908	5886459	551	73	0	36	37
tlm_multiply_gcd_forward_apply	5886459	5886460	1	0	0	0	0
tlm_multiply_gcd_forward_codec	5886460	5886463	3	0	0	0	0
tlm_multiply_gcd_forward_shift	5886463	5886609	146	35	0	0	2
tlm_multiply_gcd_forward_compare	5886609	5887228	619	73	0	36	37
tlm_multiply_gcd_forward_body	5887228	5887764	536	71	0	35	36
tlm_multiply_gcd_forward_apply	5887764	5887765	1	0	0	0	0
tlm_multiply_gcd_forward_codec	5887765	5887768	3	0	0	0	0
tlm_multiply_gcd_forward_shift	5887768	5887910	142	34	0	0	2
tlm_multiply_gcd_forward_compare	5887910	5888512	602	71	0	35	36
tlm_multiply_gcd_forward_body	5888512	5889033	521	69	0	34	35
tlm_multiply_gcd_forward_apply	5889033	5889034	1	0	0	0	0
tlm_multiply_gcd_forward_codec	5889034	5889201	167	16	0	4	7
tlm_multiply_gcd_forward_shift	5889201	5889339	138	33	0	0	2
tlm_multiply_gcd_forward_compare	5889339	5889924	585	69	0	34	35
tlm_multiply_gcd_forward_body	5889924	5890430	506	67	0	33	34
tlm_multiply_gcd_forward_apply	5890430	5890431	1	0	0	0	0
tlm_multiply_gcd_forward_codec	5890431	5890434	3	0	0	0	0
tlm_multiply_gcd_forward_shift	5890434	5890568	134	32	0	0	2
tlm_multiply_gcd_forward_compare	5890568	5891136	568	67	0	33	34
tlm_multiply_gcd_forward_body	5891136	5891627	491	65	0	32	33
tlm_multiply_gcd_forward_apply	5891627	5891628	1	0	0	0	0
tlm_multiply_gcd_forward_codec	5891628	5891631	3	0	0	0	0
tlm_multiply_gcd_forward_shift	5891631	5891761	130	31	0	0	2
tlm_multiply_gcd_forward_compare	5891761	5892312	551	65	0	32	33
tlm_multiply_gcd_forward_body	5892312	5892788	476	63	0	31	32
tlm_multiply_gcd_forward_apply	5892788	5892789	1	0	0	0	0
tlm_multiply_gcd_forward_codec	5892789	5892956	167	16	0	4	7
tlm_multiply_gcd_forward_shift	5892956	5893082	126	30	0	0	2
tlm_multiply_gcd_forward_compare	5893082	5893616	534	63	0	31	32
tlm_multiply_gcd_forward_body	5893616	5894077	461	61	0	30	31
tlm_multiply_gcd_forward_apply	5894077	5894078	1	0	0	0	0
tlm_multiply_gcd_forward_codec	5894078	5894081	3	0	0	0	0
tlm_multiply_gcd_forward_shift	5894081	5894203	122	29	0	0	2
tlm_multiply_gcd_forward_compare	5894203	5894720	517	61	0	30	31
tlm_multiply_gcd_forward_body	5894720	5895166	446	59	0	29	30
tlm_multiply_gcd_forward_apply	5895166	5895167	1	0	0	0	0
tlm_multiply_gcd_forward_codec	5895167	5895170	3	0	0	0	0
tlm_multiply_gcd_forward_shift	5895170	5895288	118	28	0	0	2
tlm_multiply_gcd_forward_compare	5895288	5895788	500	59	0	29	30
tlm_multiply_gcd_forward_body	5895788	5896219	431	57	0	28	29
tlm_multiply_gcd_forward_apply	5896219	5896220	1	0	0	0	0
tlm_multiply_gcd_forward_codec	5896220	5896387	167	16	0	4	7
tlm_multiply_gcd_forward_shift	5896387	5896501	114	27	0	0	2
tlm_multiply_gcd_forward_compare	5896501	5896984	483	57	0	28	29
tlm_multiply_gcd_forward_body	5896984	5897400	416	55	0	27	28
tlm_multiply_gcd_forward_apply	5897400	5897401	1	0	0	0	0
tlm_multiply_gcd_forward_codec	5897401	5897404	3	0	0	0	0
tlm_multiply_gcd_forward_shift	5897404	5897514	110	26	0	0	2
tlm_multiply_gcd_forward_compare	5897514	5897980	466	55	0	27	28
tlm_multiply_gcd_forward_body	5897980	5898381	401	53	0	26	27
tlm_multiply_gcd_forward_apply	5898381	5898382	1	0	0	0	0
tlm_multiply_gcd_forward_codec	5898382	5898385	3	0	0	0	0
tlm_multiply_gcd_forward_shift	5898385	5898491	106	25	0	0	2
tlm_multiply_gcd_forward_compare	5898491	5898940	449	53	0	26	27
tlm_multiply_gcd_forward_body	5898940	5899326	386	51	0	25	26
tlm_multiply_gcd_forward_apply	5899326	5899327	1	0	0	0	0
tlm_multiply_gcd_forward_codec	5899327	5899494	167	16	0	4	7
tlm_multiply_gcd_forward_shift	5899494	5899594	100	23	0	0	4
tlm_multiply_gcd_forward_compare	5899594	5900023	429	50	0	25	26
tlm_multiply_gcd_forward_body	5900023	5900379	356	47	0	23	24
tlm_multiply_gcd_forward_apply	5900379	5900380	1	0	0	0	0
tlm_multiply_gcd_forward_codec	5900380	5900383	3	0	0	0	0
tlm_multiply_gcd_forward_shift	5900383	5900477	94	22	0	0	2
tlm_multiply_gcd_forward_compare	5900477	5900889	412	48	0	24	25
tlm_multiply_gcd_forward_body	5900889	5901230	341	45	0	22	23
tlm_multiply_gcd_forward_apply	5901230	5901231	1	0	0	0	0
tlm_multiply_gcd_forward_codec	5901231	5901234	3	0	0	0	0
tlm_multiply_gcd_forward_shift	5901234	5901324	90	21	0	0	2
tlm_multiply_gcd_forward_compare	5901324	5901719	395	46	0	23	24
tlm_multiply_gcd_forward_body	5901719	5902045	326	43	0	21	22
tlm_multiply_gcd_forward_apply	5902045	5902046	1	0	0	0	0
tlm_multiply_gcd_forward_codec	5902046	5902213	167	16	0	4	7
tlm_multiply_gcd_forward_shift	5902213	5902299	86	20	0	0	2
tlm_multiply_gcd_forward_compare	5902299	5902677	378	44	0	22	23
tlm_multiply_gcd_forward_body	5902677	5902988	311	41	0	20	21
tlm_multiply_gcd_forward_apply	5902988	5902989	1	0	0	0	0
tlm_multiply_gcd_forward_codec	5902989	5902992	3	0	0	0	0
tlm_multiply_gcd_forward_shift	5902992	5903074	82	19	0	0	2
tlm_multiply_gcd_forward_compare	5903074	5903435	361	42	0	21	22
tlm_multiply_gcd_forward_body	5903435	5903731	296	39	0	19	20
tlm_multiply_gcd_forward_apply	5903731	5903732	1	0	0	0	0
tlm_multiply_gcd_forward_codec	5903732	5903735	3	0	0	0	0
tlm_multiply_gcd_forward_shift	5903735	5903811	76	17	0	0	4
tlm_multiply_gcd_forward_compare	5903811	5904138	327	38	0	19	20
tlm_multiply_gcd_forward_body	5904138	5904404	266	35	0	17	18
tlm_multiply_gcd_forward_apply	5904404	5904405	1	0	0	0	0
tlm_multiply_gcd_forward_codec	5904405	5904572	167	16	0	4	7
tlm_multiply_gcd_forward_shift	5904572	5904644	72	17	0	0	0
tlm_multiply_gcd_forward_compare	5904644	5904971	327	38	0	19	20
tlm_multiply_gcd_forward_body	5904971	5905237	266	35	0	17	18
tlm_multiply_gcd_forward_apply	5905237	5905238	1	0	0	0	0
tlm_multiply_gcd_forward_codec	5905238	5905241	3	0	0	0	0
tlm_multiply_gcd_forward_shift	5905241	5905313	72	17	0	0	0
tlm_multiply_gcd_forward_compare	5905313	5905640	327	38	0	19	20
tlm_multiply_gcd_forward_body	5905640	5905906	266	35	0	17	18
tlm_multiply_gcd_forward_apply	5905906	5905907	1	0	0	0	0
tlm_multiply_gcd_forward_codec	5905907	5905910	3	0	0	0	0
tlm_multiply_gcd_forward_shift	5905910	5905980	70	16	0	0	2
tlm_multiply_gcd_forward_compare	5905980	5906290	310	36	0	18	19
tlm_multiply_gcd_forward_body	5906290	5906541	251	33	0	16	17
tlm_multiply_gcd_forward_apply	5906541	5906542	1	0	0	0	0
tlm_multiply_gcd_forward_codec	5906542	5906709	167	16	0	4	7
tlm_multiply_gcd_forward_shift	5906709	5906775	66	15	0	0	2
tlm_multiply_gcd_forward_compare	5906775	5907068	293	34	0	17	18
tlm_multiply_gcd_forward_body	5907068	5907304	236	31	0	15	16
tlm_multiply_gcd_forward_apply	5907304	5907305	1	0	0	0	0
tlm_multiply_gcd_forward_codec	5907305	5907308	3	0	0	0	0
tlm_multiply_gcd_forward_shift	5907308	5907370	62	14	0	0	2
tlm_multiply_gcd_forward_compare	5907370	5907646	276	32	0	16	17
tlm_multiply_gcd_forward_body	5907646	5907867	221	29	0	14	15
tlm_multiply_gcd_forward_apply	5907867	5907868	1	0	0	0	0
tlm_multiply_gcd_forward_codec	5907868	5907871	3	0	0	0	0
tlm_multiply_gcd_forward_shift	5907871	5907929	58	13	0	0	2
tlm_multiply_gcd_forward_compare	5907929	5908188	259	30	0	15	16
tlm_multiply_gcd_forward_body	5908188	5908394	206	27	0	13	14
tlm_multiply_gcd_forward_apply	5908394	5908395	1	0	0	0	0
tlm_multiply_gcd_forward_codec	5908395	5908562	167	16	0	4	7
tlm_multiply_gcd_forward_shift	5908562	5908618	56	13	0	0	0
tlm_multiply_gcd_forward_compare	5908618	5908877	259	30	0	15	16
tlm_multiply_gcd_forward_body	5908877	5909083	206	27	0	13	14
tlm_multiply_gcd_forward_apply	5909083	5909084	1	0	0	0	0
tlm_multiply_gcd_forward_codec	5909084	5909087	3	0	0	0	0
tlm_multiply_gcd_forward_shift	5909087	5909141	54	12	0	0	2
tlm_multiply_gcd_forward_compare	5909141	5909383	242	28	0	14	15
tlm_multiply_gcd_forward_body	5909383	5909574	191	25	0	12	13
tlm_multiply_gcd_forward_apply	5909574	5909575	1	0	0	0	0
tlm_multiply_gcd_forward_codec	5909575	5909578	3	0	0	0	0
tlm_multiply_gcd_forward_shift	5909578	5909630	52	12	0	0	0
tlm_multiply_gcd_forward_compare	5909630	5909872	242	28	0	14	15
tlm_multiply_gcd_forward_body	5909872	5910063	191	25	0	12	13
tlm_multiply_gcd_forward_apply	5910063	5910064	1	0	0	0	0
tlm_multiply_gcd_forward_codec	5910064	5910231	167	16	0	4	7
tlm_multiply_gcd_forward_shift	5910231	5910283	52	12	0	0	0
tlm_multiply_gcd_forward_compare	5910283	5910525	242	28	0	14	15
tlm_multiply_gcd_forward_body	5910525	5910716	191	25	0	12	13
tlm_multiply_gcd_forward_apply	5910716	5910717	1	0	0	0	0
tlm_multiply_gcd_forward_codec	5910717	5910720	3	0	0	0	0
tlm_multiply_gcd_forward_shift	5910720	5910768	48	10	0	0	4
tlm_multiply_gcd_forward_compare	5910768	5910976	208	24	0	12	13
tlm_multiply_gcd_forward_body	5910976	5911137	161	21	0	10	11
tlm_multiply_gcd_forward_apply	5911137	5911138	1	0	0	0	0
tlm_multiply_gcd_forward_codec	5911138	5911141	3	0	0	0	0
tlm_multiply_gcd_forward_shift	5911141	5911185	44	10	0	0	0
tlm_multiply_gcd_forward_compare	5911185	5911393	208	24	0	12	13
tlm_multiply_gcd_forward_body	5911393	5911554	161	21	0	10	11
tlm_multiply_gcd_forward_apply	5911554	5911555	1	0	0	0	0
tlm_multiply_gcd_forward_codec	5911555	5911722	167	16	0	4	7
tlm_multiply_gcd_forward_shift	5911722	5911762	40	8	0	0	4
tlm_multiply_gcd_forward_compare	5911762	5911936	174	20	0	10	11
tlm_multiply_gcd_forward_body	5911936	5912067	131	17	0	8	9
tlm_multiply_gcd_forward_apply	5912067	5912068	1	0	0	0	0
tlm_multiply_gcd_forward_codec	5912068	5912071	3	0	0	0	0
tlm_multiply_gcd_forward_shift	5912071	5912105	34	7	0	0	2
tlm_multiply_gcd_forward_compare	5912105	5912262	157	18	0	9	10
tlm_multiply_gcd_forward_body	5912262	5912378	116	15	0	7	8
tlm_multiply_gcd_forward_apply	5912378	5912379	1	0	0	0	0
tlm_multiply_gcd_forward_codec	5912379	5912382	3	0	0	0	0
tlm_multiply_gcd_forward_shift	5912382	5912414	32	7	0	0	0
tlm_multiply_gcd_forward_compare	5912414	5912571	157	18	0	9	10
tlm_multiply_gcd_forward_body	5912571	5912687	116	15	0	7	8
tlm_multiply_gcd_forward_apply	5912687	5912688	1	0	0	0	0
tlm_multiply_gcd_forward_codec	5912688	5912855	167	16	0	4	7
tlm_gcd_step_end	5912855	5913134	279	0	0	0	21
tlm_multiply_gcd_reverse_decode	5913134	5913299	165	17	0	3	8
tlm_multiply_gcd_reverse_apply	5913299	5913300	1	0	0	0	0
tlm_apply_forward_fold	5913300	5914475	1175	91	6	91	92
tlm_multiply_gcd_reverse_body	5914475	5914763	288	39	0	17	18
tlm_multiply_gcd_reverse_decode	5914763	5914769	6	0	0	0	3
tlm_multiply_gcd_reverse_apply	5914769	5914770	1	0	0	0	0
tlm_apply_forward_mod_add_register	5914770	5919025	4255	769	15	240	242
tlm_apply_forward_mod_add_fold	5919025	5919940	915	91	6	91	91
tlm_apply_forward_mod_add_clean	5919940	5920201	261	22	0	17	19
tlm_apply_forward_fold	5920201	5922354	2153	399	0	65	109
tlm_multiply_gcd_reverse_body	5922354	5922642	288	39	0	17	18
tlm_multiply_gcd_reverse_decode	5922642	5922648	6	0	0	0	3
tlm_multiply_gcd_reverse_apply	5922648	5922649	1	0	0	0	0
tlm_apply_forward_mod_add_register	5922649	5927228	4579	769	16	272	274
tlm_apply_forward_mod_add_fold	5927228	5928149	921	91	6	91	91
tlm_apply_forward_mod_add_clean	5928149	5928416	267	21	0	18	20
tlm_apply_forward_fold	5928416	5930559	2143	397	0	65	108
tlm_multiply_gcd_reverse_body	5930559	5930881	322	44	0	19	20
tlm_multiply_gcd_reverse_decode	5930881	5931046	165	17	0	3	8
tlm_multiply_gcd_reverse_apply	5931046	5931047	1	0	0	0	0
tlm_apply_forward_mod_add_register	5931047	5934714	3667	769	13	182	184
tlm_apply_forward_mod_add_fold	5934714	5935627	913	91	6	91	91
tlm_apply_forward_mod_add_clean	5935627	5935876	249	24	0	15	17
tlm_apply_forward_swap	5935876	5936644	768	256	0	0	0
tlm_apply_forward_fold	5936644	5938827	2183	404	0	66	112
tlm_multiply_gcd_reverse_body	5938827	5939217	390	54	0	23	24
tlm_multiply_gcd_reverse_decode	5939217	5939223	6	0	0	0	3
tlm_multiply_gcd_reverse_apply	5939223	5939224	1	0	0	0	0
tlm_apply_forward_mod_add_register	5939224	5943803	4579	769	16	272	274
tlm_apply_forward_mod_add_fold	5943803	5944724	921	91	6	91	91
tlm_apply_forward_mod_add_clean	5944724	5944991	267	21	0	18	20
tlm_apply_forward_swap	5944991	5945759	768	256	0	0	0
tlm_apply_forward_fold	5945759	5947902	2143	397	0	65	108
tlm_multiply_gcd_reverse_body	5947902	5948292	390	54	0	23	24
tlm_multiply_gcd_reverse_decode	5948292	5948298	6	0	0	0	3
tlm_multiply_gcd_reverse_apply	5948298	5948299	1	0	0	0	0
tlm_apply_forward_mod_add_register	5948299	5952554	4255	769	15	240	242
tlm_apply_forward_mod_add_fold	5952554	5953469	915	91	6	91	91
tlm_apply_forward_mod_add_clean	5953469	5953730	261	22	0	17	19
tlm_apply_forward_swap	5953730	5954498	768	256	0	0	0
tlm_apply_forward_fold	5954498	5956651	2153	399	0	65	109
tlm_multiply_gcd_reverse_body	5956651	5957109	458	64	0	27	28
tlm_multiply_gcd_reverse_decode	5957109	5957274	165	17	0	3	8
tlm_multiply_gcd_reverse_apply	5957274	5957275	1	0	0	0	0
tlm_apply_forward_mod_add_register	5957275	5961854	4579	769	16	272	274
tlm_apply_forward_mod_add_fold	5961854	5962775	921	91	6	91	91
tlm_apply_forward_mod_add_clean	5962775	5963042	267	21	0	18	20
tlm_apply_forward_swap	5963042	5963810	768	256	0	0	0
tlm_apply_forward_fold	5963810	5965953	2143	397	0	65	108
tlm_multiply_gcd_reverse_body	5965953	5966411	458	64	0	27	28
tlm_multiply_gcd_reverse_decode	5966411	5966417	6	0	0	0	3
tlm_multiply_gcd_reverse_apply	5966417	5966418	1	0	0	0	0
tlm_apply_forward_mod_add_register	5966418	5972089	5671	769	19	380	382
tlm_apply_forward_mod_add_fold	5972089	5972962	873	85	6	85	85
tlm_apply_forward_mod_add_clean	5972962	5973241	279	19	0	20	22
tlm_apply_forward_swap	5973241	5974009	768	256	0	0	0
tlm_apply_forward_fold	5974009	5976359	2350	349	0	95	129
tlm_multiply_gcd_reverse_body	5976359	5976817	458	64	0	27	28
tlm_multiply_gcd_reverse_decode	5976817	5976823	6	0	0	0	3
tlm_multiply_gcd_reverse_apply	5976823	5976824	1	0	0	0	0
tlm_apply_forward_mod_add_register	5976824	5982899	6075	769	20	420	422
tlm_apply_forward_mod_add_fold	5982899	5983772	873	85	6	85	85
tlm_apply_forward_mod_add_clean	5983772	5984051	279	19	0	20	22
tlm_apply_forward_swap	5984051	5984819	768	256	0	0	0
tlm_apply_forward_fold	5984819	5987169	2350	349	0	95	129
tlm_multiply_gcd_reverse_body	5987169	5987661	492	69	0	29	30
tlm_multiply_gcd_reverse_decode	5987661	5987826	165	17	0	3	8
tlm_multiply_gcd_reverse_apply	5987826	5987827	1	0	0	0	0
tlm_apply_forward_mod_add_register	5987827	5994326	6499	769	21	462	464
tlm_apply_forward_mod_add_fold	5994326	5995163	837	82	5	82	82
tlm_apply_forward_mod_add_clean	5995163	5995442	279	19	0	20	22
tlm_apply_forward_swap	5995442	5996210	768	256	0	0	0
tlm_apply_forward_fold	5996210	5998560	2350	349	0	95	129
tlm_multiply_gcd_reverse_body	5998560	5999052	492	69	0	29	30
tlm_multiply_gcd_reverse_decode	5999052	5999058	6	0	0	0	3
tlm_multiply_gcd_reverse_apply	5999058	5999059	1	0	0	0	0
tlm_apply_forward_mod_add_register	5999059	6006002	6943	769	22	506	508
tlm_apply_forward_mod_add_fold	6006002	6006839	837	82	5	82	82
tlm_apply_forward_mod_add_clean	6006839	6007118	279	19	0	20	22
tlm_apply_forward_swap	6007118	6007886	768	256	0	0	0
tlm_apply_forward_fold	6007886	6010236	2350	349	0	95	129
tlm_multiply_gcd_reverse_body	6010236	6010762	526	74	0	31	32
tlm_multiply_gcd_reverse_decode	6010762	6010768	6	0	0	0	3
tlm_multiply_gcd_reverse_apply	6010768	6010769	1	0	0	0	0
tlm_apply_forward_mod_add_register	6010769	6017742	6973	767	18	511	513
tlm_apply_forward_mod_add_fold	6017742	6018579	837	82	5	82	82
tlm_apply_forward_mod_add_clean	6018579	6018858	279	19	0	20	22
tlm_apply_forward_swap	6018858	6019626	768	256	0	0	0
tlm_apply_forward_fold	6019626	6021976	2350	349	0	95	129
tlm_multiply_gcd_reverse_body	6021976	6022536	560	79	0	33	34
tlm_multiply_gcd_reverse_decode	6022536	6022701	165	17	0	3	8
tlm_multiply_gcd_reverse_apply	6022701	6022702	1	0	0	0	0
tlm_apply_forward_mod_add_register	6022702	6029645	6943	769	22	506	508
tlm_apply_forward_mod_add_fold	6029645	6030482	837	82	5	82	82
tlm_apply_forward_mod_add_clean	6030482	6030761	279	19	0	20	22
tlm_apply_forward_swap	6030761	6031529	768	256	0	0	0
tlm_apply_forward_fold	6031529	6033879	2350	349	0	95	129
tlm_multiply_gcd_reverse_body	6033879	6034473	594	84	0	35	36
tlm_multiply_gcd_reverse_decode	6034473	6034479	6	0	0	0	3
tlm_multiply_gcd_reverse_apply	6034479	6034480	1	0	0	0	0
tlm_apply_forward_mod_add_register	6034480	6041453	6973	767	18	511	513
tlm_apply_forward_mod_add_fold	6041453	6042288	835	82	5	82	82
tlm_apply_forward_mod_add_clean	6042288	6042567	279	19	0	20	22
tlm_apply_forward_swap	6042567	6043335	768	256	0	0	0
tlm_apply_forward_fold	6043335	6045685	2350	349	0	95	129
tlm_multiply_gcd_reverse_body	6045685	6046313	628	89	0	37	38
tlm_multiply_gcd_reverse_decode	6046313	6046319	6	0	0	0	3
tlm_multiply_gcd_reverse_apply	6046319	6046320	1	0	0	0	0
tlm_apply_forward_mod_add_register	6046320	6053150	6830	758	13	502	507
tlm_apply_forward_mod_add_fold	6053150	6053961	811	79	6	79	79
tlm_apply_forward_mod_add_clean	6053961	6054240	279	19	0	20	22
tlm_apply_forward_swap	6054240	6055008	768	256	0	0	0
tlm_apply_forward_fold	6055008	6057358	2350	349	0	95	129
tlm_multiply_gcd_reverse_body	6057358	6057986	628	89	0	37	38
tlm_multiply_gcd_reverse_decode	6057986	6058151	165	17	0	3	8
tlm_multiply_gcd_reverse_apply	6058151	6058152	1	0	0	0	0
tlm_apply_forward_mod_add_register	6058152	6064909	6757	753	12	497	503
tlm_apply_forward_mod_add_fold	6064909	6065722	813	79	6	79	79
tlm_apply_forward_mod_add_clean	6065722	6066001	279	19	0	20	22
tlm_apply_forward_swap	6066001	6066769	768	256	0	0	0
tlm_apply_forward_fold	6066769	6069119	2350	349	0	95	129
tlm_multiply_gcd_reverse_body	6069119	6069747	628	89	0	37	38
tlm_multiply_gcd_reverse_decode	6069747	6069753	6	0	0	0	3
tlm_multiply_gcd_reverse_apply	6069753	6069754	1	0	0	0	0
tlm_apply_forward_mod_add_register	6069754	6076584	6830	758	13	502	507
tlm_apply_forward_mod_add_fold	6076584	6077397	813	79	6	79	79
tlm_apply_forward_mod_add_clean	6077397	6077676	279	19	0	20	22
tlm_apply_forward_swap	6077676	6078444	768	256	0	0	0
tlm_apply_forward_fold	6078444	6080794	2350	349	0	95	129
tlm_multiply_gcd_reverse_body	6080794	6081490	696	99	0	41	42
tlm_multiply_gcd_reverse_decode	6081490	6081496	6	0	0	0	3
tlm_multiply_gcd_reverse_apply	6081496	6081497	1	0	0	0	0
tlm_apply_forward_mod_add_register	6081497	6088254	6757	753	12	497	503
tlm_apply_forward_mod_add_fold	6088254	6089041	787	77	5	77	77
tlm_apply_forward_mod_add_clean	6089041	6089320	279	19	0	20	22
tlm_apply_forward_swap	6089320	6090088	768	256	0	0	0
tlm_apply_forward_fold	6090088	6092438	2350	349	0	95	129
tlm_multiply_gcd_reverse_body	6092438	6093168	730	104	0	43	44
tlm_multiply_gcd_reverse_decode	6093168	6093333	165	17	0	3	8
tlm_multiply_gcd_reverse_apply	6093333	6093334	1	0	0	0	0
tlm_apply_forward_mod_add_register	6093334	6100164	6830	758	13	502	507
tlm_apply_forward_mod_add_fold	6100164	6100975	811	79	6	79	79
tlm_apply_forward_mod_add_clean	6100975	6101254	279	19	0	20	22
tlm_apply_forward_swap	6101254	6102022	768	256	0	0	0
tlm_apply_forward_fold	6102022	6104372	2350	349	0	95	129
tlm_multiply_gcd_reverse_body	6104372	6105136	764	109	0	45	46
tlm_multiply_gcd_reverse_decode	6105136	6105142	6	0	0	0	3
tlm_multiply_gcd_reverse_apply	6105142	6105143	1	0	0	0	0
tlm_apply_forward_mod_add_register	6105143	6111900	6757	753	12	497	503
tlm_apply_forward_mod_add_fold	6111900	6112687	787	77	5	77	77
tlm_apply_forward_mod_add_clean	6112687	6112966	279	19	0	20	22
tlm_apply_forward_swap	6112966	6113734	768	256	0	0	0
tlm_apply_forward_fold	6113734	6116084	2350	349	0	95	129
tlm_multiply_gcd_reverse_body	6116084	6116882	798	114	0	47	48
tlm_multiply_gcd_reverse_decode	6116882	6116888	6	0	0	0	3
tlm_multiply_gcd_reverse_apply	6116888	6116889	1	0	0	0	0
tlm_apply_forward_mod_add_register	6116889	6123563	6674	747	12	491	498
tlm_apply_forward_mod_add_fold	6123563	6124350	787	77	5	77	77
tlm_apply_forward_mod_add_clean	6124350	6124629	279	19	0	20	22
tlm_apply_forward_swap	6124629	6125397	768	256	0	0	0
tlm_apply_forward_fold	6125397	6127747	2350	349	0	95	129
tlm_multiply_gcd_reverse_body	6127747	6128579	832	119	0	49	50
tlm_multiply_gcd_reverse_decode	6128579	6128744	165	17	0	3	8
tlm_multiply_gcd_reverse_apply	6128744	6128745	1	0	0	0	0
tlm_apply_forward_mod_add_register	6128745	6135634	6889	762	14	506	510
tlm_apply_forward_mod_add_fold	6135634	6136445	811	79	6	79	79
tlm_apply_forward_mod_add_clean	6136445	6136724	279	19	0	20	22
tlm_apply_forward_swap	6136724	6137492	768	256	0	0	0
tlm_apply_forward_fold	6137492	6139842	2350	349	0	95	129
tlm_multiply_gcd_reverse_body	6139842	6140722	880	129	0	51	52
tlm_multiply_gcd_reverse_decode	6140722	6140728	6	0	0	0	3
tlm_multiply_gcd_reverse_apply	6140728	6140729	1	0	0	0	0
tlm_apply_forward_mod_add_register	6140729	6147559	6830	758	13	502	507
tlm_apply_forward_mod_add_fold	6147559	6148372	813	79	6	79	79
tlm_apply_forward_mod_add_clean	6148372	6148651	279	19	0	20	22
tlm_apply_forward_swap	6148651	6149419	768	256	0	0	0
tlm_apply_forward_fold	6149419	6151769	2350	349	0	95	129
tlm_multiply_gcd_reverse_body	6151769	6152683	914	134	0	53	54
tlm_multiply_gcd_reverse_decode	6152683	6152689	6	0	0	0	3
tlm_multiply_gcd_reverse_apply	6152689	6152690	1	0	0	0	0
tlm_apply_forward_mod_add_register	6152690	6159447	6757	753	12	497	503
tlm_apply_forward_mod_add_fold	6159447	6160234	787	77	5	77	77
tlm_apply_forward_mod_add_clean	6160234	6160513	279	19	0	20	22
tlm_apply_forward_swap	6160513	6161281	768	256	0	0	0
tlm_apply_forward_fold	6161281	6163631	2350	349	0	95	129
tlm_multiply_gcd_reverse_body	6163631	6164579	948	139	0	55	56
tlm_multiply_gcd_reverse_decode	6164579	6164744	165	17	0	3	8
tlm_multiply_gcd_reverse_apply	6164744	6164745	1	0	0	0	0
tlm_apply_forward_mod_add_register	6164745	6171575	6830	758	13	502	507
tlm_apply_forward_mod_add_fold	6171575	6172388	813	79	6	79	79
tlm_apply_forward_mod_add_clean	6172388	6172667	279	19	0	20	22
tlm_apply_forward_swap	6172667	6173435	768	256	0	0	0
tlm_apply_forward_fold	6173435	6175785	2350	349	0	95	129
tlm_multiply_gcd_reverse_body	6175785	6176755	970	146	0	55	56
tlm_multiply_gcd_reverse_decode	6176755	6176761	6	0	0	0	3
tlm_multiply_gcd_reverse_apply	6176761	6176762	1	0	0	0	0
tlm_apply_forward_mod_add_register	6176762	6183519	6757	753	12	497	503
tlm_apply_forward_mod_add_fold	6183519	6184306	787	77	5	77	77
tlm_apply_forward_mod_add_clean	6184306	6184585	279	19	0	20	22
tlm_apply_forward_swap	6184585	6185353	768	256	0	0	0
tlm_apply_forward_fold	6185353	6187703	2350	349	0	95	129
tlm_multiply_gcd_reverse_body	6187703	6188707	1004	151	0	57	58
tlm_multiply_gcd_reverse_decode	6188707	6188713	6	0	0	0	3
tlm_multiply_gcd_reverse_apply	6188713	6188714	1	0	0	0	0
tlm_apply_forward_mod_add_register	6188714	6195388	6674	747	12	491	498
tlm_apply_forward_mod_add_fold	6195388	6196175	787	77	5	77	77
tlm_apply_forward_mod_add_clean	6196175	6196454	279	19	0	20	22
tlm_apply_forward_swap	6196454	6197222	768	256	0	0	0
tlm_apply_forward_fold	6197222	6199572	2350	349	0	95	129
tlm_multiply_gcd_reverse_body	6199572	6200610	1038	156	0	59	60
tlm_multiply_gcd_reverse_decode	6200610	6200775	165	17	0	3	8
tlm_multiply_gcd_reverse_apply	6200775	6200776	1	0	0	0	0
tlm_apply_forward_mod_add_register	6200776	6207533	6757	753	12	497	503
tlm_apply_forward_mod_add_fold	6207533	6208320	787	77	5	77	77
tlm_apply_forward_mod_add_clean	6208320	6208599	279	19	0	20	22
tlm_apply_forward_swap	6208599	6209367	768	256	0	0	0
tlm_apply_forward_fold	6209367	6211717	2350	349	0	95	129
tlm_multiply_gcd_reverse_body	6211717	6212824	1107	166	1	62	64
tlm_multiply_gcd_reverse_decode	6212824	6212830	6	0	0	0	3
tlm_multiply_gcd_reverse_apply	6212830	6212831	1	0	0	0	0
tlm_apply_forward_mod_add_register	6212831	6219505	6674	747	12	491	498
tlm_apply_forward_mod_add_fold	6219505	6220292	787	77	5	77	77
tlm_apply_forward_mod_add_clean	6220292	6220571	279	19	0	20	22
tlm_apply_forward_swap	6220571	6221339	768	256	0	0	0
tlm_apply_forward_fold	6221339	6223689	2350	349	0	95	129
tlm_multiply_gcd_reverse_body	6223689	6224830	1141	171	1	64	66
tlm_multiply_gcd_reverse_decode	6224830	6224836	6	0	0	0	3
tlm_multiply_gcd_reverse_apply	6224836	6224837	1	0	0	0	0
tlm_apply_forward_mod_add_register	6224837	6231581	6744	753	15	496	497
tlm_apply_forward_mod_add_fold	6231581	6232368	787	77	5	77	77
tlm_apply_forward_mod_add_clean	6232368	6232647	279	19	0	20	22
tlm_apply_forward_swap	6232647	6233415	768	256	0	0	0
tlm_apply_forward_fold	6233415	6235765	2350	349	0	95	129
tlm_multiply_gcd_reverse_body	6235765	6236940	1175	176	1	66	68
tlm_multiply_gcd_reverse_decode	6236940	6237105	165	17	0	3	8
tlm_multiply_gcd_reverse_apply	6237105	6237106	1	0	0	0	0
tlm_apply_forward_mod_add_register	6237106	6243780	6674	747	12	491	498
tlm_apply_forward_mod_add_fold	6243780	6244567	787	77	5	77	77
tlm_apply_forward_mod_add_clean	6244567	6244846	279	19	0	20	22
tlm_apply_forward_swap	6244846	6245614	768	256	0	0	0
tlm_apply_forward_fold	6245614	6247964	2350	349	0	95	129
tlm_multiply_gcd_reverse_body	6247964	6249189	1225	185	1	68	70
tlm_multiply_gcd_reverse_decode	6249189	6249195	6	0	0	0	3
tlm_multiply_gcd_reverse_apply	6249195	6249196	1	0	0	0	0
tlm_apply_forward_mod_add_register	6249196	6255940	6744	753	15	496	497
tlm_apply_forward_mod_add_fold	6255940	6256727	787	77	5	77	77
tlm_apply_forward_mod_add_clean	6256727	6257006	279	19	0	20	22
tlm_apply_forward_swap	6257006	6257774	768	256	0	0	0
tlm_apply_forward_fold	6257774	6260124	2350	349	0	95	129
tlm_multiply_gcd_reverse_body	6260124	6261383	1259	190	1	70	72
tlm_multiply_gcd_reverse_decode	6261383	6261389	6	0	0	0	3
tlm_multiply_gcd_reverse_apply	6261389	6261390	1	0	0	0	0
tlm_apply_forward_mod_add_register	6261390	6268066	6676	749	12	492	493
tlm_apply_forward_mod_add_fold	6268066	6268817	751	74	4	74	74
tlm_apply_forward_mod_add_clean	6268817	6269096	279	19	0	20	22
tlm_apply_forward_swap	6269096	6269864	768	256	0	0	0
tlm_apply_forward_fold	6269864	6272214	2350	349	0	95	129
tlm_multiply_gcd_reverse_body	6272214	6273507	1293	195	1	72	74
tlm_multiply_gcd_reverse_decode	6273507	6273672	165	17	0	3	8
tlm_multiply_gcd_reverse_apply	6273672	6273673	1	0	0	0	0
tlm_apply_forward_mod_add_register	6273673	6280417	6744	753	15	496	497
tlm_apply_forward_mod_add_fold	6280417	6281204	787	77	5	77	77
tlm_apply_forward_mod_add_clean	6281204	6281483	279	19	0	20	22
tlm_apply_forward_swap	6281483	6282251	768	256	0	0	0
tlm_apply_forward_fold	6282251	6284601	2350	349	0	95	129
tlm_multiply_gcd_reverse_body	6284601	6285944	1343	204	1	74	76
tlm_multiply_gcd_reverse_decode	6285944	6285950	6	0	0	0	3
tlm_multiply_gcd_reverse_apply	6285950	6285951	1	0	0	0	0
tlm_apply_forward_mod_add_register	6285951	6292627	6676	749	12	492	493
tlm_apply_forward_mod_add_fold	6292627	6293378	751	74	4	74	74
tlm_apply_forward_mod_add_clean	6293378	6293657	279	19	0	20	22
tlm_apply_forward_swap	6293657	6294425	768	256	0	0	0
tlm_apply_forward_fold	6294425	6296775	2350	349	0	95	129
tlm_multiply_gcd_reverse_body	6296775	6298152	1377	209	1	76	78
tlm_multiply_gcd_reverse_decode	6298152	6298158	6	0	0	0	3
tlm_multiply_gcd_reverse_apply	6298158	6298159	1	0	0	0	0
tlm_apply_forward_mod_add_register	6298159	6304803	6644	747	11	490	491
tlm_apply_forward_mod_add_fold	6304803	6305554	751	74	4	74	74
tlm_apply_forward_mod_add_clean	6305554	6305833	279	19	0	20	22
tlm_apply_forward_swap	6305833	6306601	768	256	0	0	0
tlm_apply_forward_fold	6306601	6308951	2350	349	0	95	129
tlm_multiply_gcd_reverse_body	6308951	6310362	1411	214	1	78	80
tlm_multiply_gcd_reverse_decode	6310362	6310527	165	17	0	3	8
tlm_multiply_gcd_reverse_apply	6310527	6310528	1	0	0	0	0
tlm_apply_forward_mod_add_register	6310528	6317204	6676	749	12	492	493
tlm_apply_forward_mod_add_fold	6317204	6317955	751	74	4	74	74
tlm_apply_forward_mod_add_clean	6317955	6318234	279	19	0	20	22
tlm_apply_forward_swap	6318234	6319002	768	256	0	0	0
tlm_apply_forward_fold	6319002	6321352	2350	349	0	95	129
tlm_multiply_gcd_reverse_body	6321352	6322813	1461	223	1	80	82
tlm_multiply_gcd_reverse_decode	6322813	6322819	6	0	0	0	3
tlm_multiply_gcd_reverse_apply	6322819	6322820	1	0	0	0	0
tlm_apply_forward_mod_add_register	6322820	6329464	6644	747	11	490	491
tlm_apply_forward_mod_add_fold	6329464	6330215	751	74	4	74	74
tlm_apply_forward_mod_add_clean	6330215	6330494	279	19	0	20	22
tlm_apply_forward_swap	6330494	6331262	768	256	0	0	0
tlm_apply_forward_fold	6331262	6333612	2350	349	0	95	129
tlm_multiply_gcd_reverse_body	6333612	6335107	1495	228	1	82	84
tlm_multiply_gcd_reverse_decode	6335107	6335113	6	0	0	0	3
tlm_multiply_gcd_reverse_apply	6335113	6335114	1	0	0	0	0
tlm_apply_forward_mod_add_register	6335114	6341482	6368	727	10	470	479
tlm_apply_forward_mod_add_fold	6341482	6342235	753	73	6	73	73
tlm_apply_forward_mod_add_clean	6342235	6342514	279	19	0	20	22
tlm_apply_forward_swap	6342514	6343282	768	256	0	0	0
tlm_apply_forward_fold	6343282	6345632	2350	349	0	95	129
tlm_multiply_gcd_reverse_body	6345632	6347161	1529	233	1	84	86
tlm_multiply_gcd_reverse_decode	6347161	6347326	165	17	0	3	8
tlm_multiply_gcd_reverse_apply	6347326	6347327	1	0	0	0	0
tlm_apply_forward_mod_add_register	6347327	6353971	6644	747	11	490	491
tlm_apply_forward_mod_add_fold	6353971	6354722	751	74	4	74	74
tlm_apply_forward_mod_add_clean	6354722	6355001	279	19	0	20	22
tlm_apply_forward_swap	6355001	6355769	768	256	0	0	0
tlm_apply_forward_fold	6355769	6358119	2350	349	0	95	129
tlm_multiply_gcd_reverse_body	6358119	6359698	1579	242	1	86	88
tlm_multiply_gcd_reverse_decode	6359698	6359704	6	0	0	0	3
tlm_multiply_gcd_reverse_apply	6359704	6359705	1	0	0	0	0
tlm_apply_forward_mod_add_register	6359705	6366073	6368	727	10	470	479
tlm_apply_forward_mod_add_fold	6366073	6366826	753	73	6	73	73
tlm_apply_forward_mod_add_clean	6366826	6367105	279	19	0	20	22
tlm_apply_forward_swap	6367105	6367873	768	256	0	0	0
tlm_apply_forward_fold	6367873	6370223	2350	349	0	95	129
tlm_multiply_gcd_reverse_body	6370223	6371828	1605	245	1	88	90
tlm_multiply_gcd_reverse_decode	6371828	6371834	6	0	0	0	3
tlm_multiply_gcd_reverse_apply	6371834	6371835	1	0	0	0	0
tlm_apply_forward_mod_add_register	6371835	6377974	6139	711	9	454	462
tlm_apply_forward_mod_add_fold	6377974	6378709	735	72	5	72	72
tlm_apply_forward_mod_add_clean	6378709	6378988	279	19	0	20	22
tlm_apply_forward_swap	6378988	6379756	768	256	0	0	0
tlm_apply_forward_fold	6379756	6382106	2350	349	0	95	129
tlm_multiply_gcd_reverse_body	6382106	6383745	1639	250	1	90	92
tlm_multiply_gcd_reverse_decode	6383745	6383910	165	17	0	3	8
tlm_multiply_gcd_reverse_apply	6383910	6383911	1	0	0	0	0
tlm_apply_forward_mod_add_register	6383911	6390279	6368	727	10	470	479
tlm_apply_forward_mod_add_fold	6390279	6391032	753	73	6	73	73
tlm_apply_forward_mod_add_clean	6391032	6391311	279	19	0	20	22
tlm_apply_forward_swap	6391311	6392079	768	256	0	0	0
tlm_apply_forward_fold	6392079	6394429	2350	349	0	95	129
tlm_multiply_gcd_reverse_body	6394429	6396118	1689	259	1	92	94
tlm_multiply_gcd_reverse_decode	6396118	6396124	6	0	0	0	3
tlm_multiply_gcd_reverse_apply	6396124	6396125	1	0	0	0	0
tlm_apply_forward_mod_add_register	6396125	6402264	6139	711	9	454	462
tlm_apply_forward_mod_add_fold	6402264	6402999	735	72	5	72	72
tlm_apply_forward_mod_add_clean	6402999	6403278	279	19	0	20	22
tlm_apply_forward_swap	6403278	6404046	768	256	0	0	0
tlm_apply_forward_fold	6404046	6406396	2350	349	0	95	129
tlm_multiply_gcd_reverse_body	6406396	6408119	1723	264	1	94	96
tlm_multiply_gcd_reverse_decode	6408119	6408125	6	0	0	0	3
tlm_multiply_gcd_reverse_apply	6408125	6408126	1	0	0	0	0
tlm_apply_forward_mod_add_register	6408126	6414251	6125	710	9	453	461
tlm_apply_forward_mod_add_fold	6414251	6414988	737	72	5	72	72
tlm_apply_forward_mod_add_clean	6414988	6415267	279	19	0	20	22
tlm_apply_forward_swap	6415267	6416035	768	256	0	0	0
tlm_apply_forward_fold	6416035	6418385	2350	349	0	95	129
tlm_multiply_gcd_reverse_body	6418385	6420142	1757	269	1	96	98
tlm_multiply_gcd_reverse_decode	6420142	6420307	165	17	0	3	8
tlm_multiply_gcd_reverse_apply	6420307	6420308	1	0	0	0	0
tlm_apply_forward_mod_add_register	6420308	6426447	6139	711	9	454	462
tlm_apply_forward_mod_add_fold	6426447	6427182	735	72	5	72	72
tlm_apply_forward_mod_add_clean	6427182	6427461	279	19	0	20	22
tlm_apply_forward_swap	6427461	6428229	768	256	0	0	0
tlm_apply_forward_fold	6428229	6430579	2350	349	0	95	129
tlm_multiply_gcd_reverse_body	6430579	6432386	1807	278	1	98	100
tlm_multiply_gcd_reverse_decode	6432386	6432392	6	0	0	0	3
tlm_multiply_gcd_reverse_apply	6432392	6432393	1	0	0	0	0
tlm_apply_forward_mod_add_register	6432393	6438518	6125	710	9	453	461
tlm_apply_forward_mod_add_fold	6438518	6439255	737	72	5	72	72
tlm_apply_forward_mod_add_clean	6439255	6439534	279	19	0	20	22
tlm_apply_forward_swap	6439534	6440302	768	256	0	0	0
tlm_apply_forward_fold	6440302	6442652	2350	349	0	95	129
tlm_multiply_gcd_reverse_body	6442652	6444493	1841	283	1	100	102
tlm_multiply_gcd_reverse_decode	6444493	6444499	6	0	0	0	3
tlm_multiply_gcd_reverse_apply	6444499	6444500	1	0	0	0	0
tlm_apply_forward_mod_add_register	6444500	6450327	5827	689	8	432	440
tlm_apply_forward_mod_add_fold	6450327	6451038	711	70	4	70	70
tlm_apply_forward_mod_add_clean	6451038	6451317	279	19	0	20	22
tlm_apply_forward_swap	6451317	6452085	768	256	0	0	0
tlm_apply_forward_fold	6452085	6454435	2350	349	0	95	129
tlm_multiply_gcd_reverse_body	6454435	6456310	1875	288	1	102	104
tlm_multiply_gcd_reverse_decode	6456310	6456475	165	17	0	3	8
tlm_multiply_gcd_reverse_apply	6456475	6456476	1	0	0	0	0
tlm_apply_forward_mod_add_register	6456476	6462601	6125	710	9	453	461
tlm_apply_forward_mod_add_fold	6462601	6463338	737	72	5	72	72
tlm_apply_forward_mod_add_clean	6463338	6463617	279	19	0	20	22
tlm_apply_forward_swap	6463617	6464385	768	256	0	0	0
tlm_apply_forward_fold	6464385	6466735	2350	349	0	95	129
tlm_multiply_gcd_reverse_body	6466735	6468660	1925	297	1	104	106
tlm_multiply_gcd_reverse_decode	6468660	6468666	6	0	0	0	3
tlm_multiply_gcd_reverse_apply	6468666	6468667	1	0	0	0	0
tlm_apply_forward_mod_add_register	6468667	6474494	5827	689	8	432	440
tlm_apply_forward_mod_add_fold	6474494	6475205	711	70	4	70	70
tlm_apply_forward_mod_add_clean	6475205	6475484	279	19	0	20	22
tlm_apply_forward_swap	6475484	6476252	768	256	0	0	0
tlm_apply_forward_fold	6476252	6478602	2350	349	0	95	129
tlm_multiply_gcd_reverse_body	6478602	6480553	1951	300	1	106	108
tlm_multiply_gcd_reverse_decode	6480553	6480559	6	0	0	0	3
tlm_multiply_gcd_reverse_apply	6480559	6480560	1	0	0	0	0
tlm_apply_forward_mod_add_register	6480560	6486685	6125	710	9	453	461
tlm_apply_forward_mod_add_fold	6486685	6487422	737	72	5	72	72
tlm_apply_forward_mod_add_clean	6487422	6487701	279	19	0	20	22
tlm_apply_forward_swap	6487701	6488469	768	256	0	0	0
tlm_apply_forward_fold	6488469	6490819	2350	349	0	95	129
tlm_multiply_gcd_reverse_body	6490819	6492854	2035	314	1	110	112
tlm_multiply_gcd_reverse_decode	6492854	6493019	165	17	0	3	8
tlm_multiply_gcd_reverse_apply	6493019	6493020	1	0	0	0	0
tlm_apply_forward_mod_add_register	6493020	6498847	5827	689	8	432	440
tlm_apply_forward_mod_add_fold	6498847	6499558	711	70	4	70	70
tlm_apply_forward_mod_add_clean	6499558	6499837	279	19	0	20	22
tlm_apply_forward_swap	6499837	6500605	768	256	0	0	0
tlm_apply_forward_fold	6500605	6502955	2350	349	0	95	129
tlm_multiply_gcd_reverse_body	6502955	6504974	2019	310	1	110	112
tlm_multiply_gcd_reverse_decode	6504974	6504980	6	0	0	0	3
tlm_multiply_gcd_reverse_apply	6504980	6504981	1	0	0	0	0
tlm_apply_forward_mod_add_register	6504981	6510808	5827	689	8	432	440
tlm_apply_forward_mod_add_fold	6510808	6511519	711	70	4	70	70
tlm_apply_forward_mod_add_clean	6511519	6511798	279	19	0	20	22
tlm_apply_forward_swap	6511798	6512566	768	256	0	0	0
tlm_apply_forward_fold	6512566	6514916	2350	349	0	95	129
tlm_multiply_gcd_reverse_body	6514916	6516961	2045	313	1	112	114
tlm_multiply_gcd_reverse_decode	6516961	6516967	6	0	0	0	3
tlm_multiply_gcd_reverse_apply	6516967	6516968	1	0	0	0	0
tlm_apply_forward_mod_add_register	6516968	6522482	5514	667	7	410	417
tlm_apply_forward_mod_add_fold	6522482	6523193	711	70	4	70	70
tlm_apply_forward_mod_add_clean	6523193	6523472	279	19	0	20	22
tlm_apply_forward_swap	6523472	6524240	768	256	0	0	0
tlm_apply_forward_fold	6524240	6526590	2350	349	0	95	129
tlm_multiply_gcd_reverse_body	6526590	6528661	2071	316	1	114	116
tlm_multiply_gcd_reverse_decode	6528661	6528826	165	17	0	3	8
tlm_multiply_gcd_reverse_apply	6528826	6528827	1	0	0	0	0
tlm_apply_forward_mod_add_register	6528827	6534654	5827	689	8	432	440
tlm_apply_forward_mod_add_fold	6534654	6535365	711	70	4	70	70
tlm_apply_forward_mod_add_clean	6535365	6535644	279	19	0	20	22
tlm_apply_forward_swap	6535644	6536412	768	256	0	0	0
tlm_apply_forward_fold	6536412	6538762	2350	349	0	95	129
tlm_multiply_gcd_reverse_body	6538762	6540867	2105	321	1	116	118
tlm_multiply_gcd_reverse_decode	6540867	6540873	6	0	0	0	3
tlm_multiply_gcd_reverse_apply	6540873	6540874	1	0	0	0	0
tlm_apply_forward_mod_add_register	6540874	6546388	5514	667	7	410	417
tlm_apply_forward_mod_add_fold	6546388	6547099	711	70	4	70	70
tlm_apply_forward_mod_add_clean	6547099	6547378	279	19	0	20	22
tlm_apply_forward_swap	6547378	6548146	768	256	0	0	0
tlm_apply_forward_fold	6548146	6550496	2350	349	0	95	129
tlm_multiply_gcd_reverse_body	6550496	6552635	2139	326	1	118	120
tlm_multiply_gcd_reverse_decode	6552635	6552641	6	0	0	0	3
tlm_multiply_gcd_reverse_apply	6552641	6552642	1	0	0	0	0
tlm_apply_forward_mod_add_register	6552642	6558469	5827	689	8	432	440
tlm_apply_forward_mod_add_fold	6558469	6559180	711	70	4	70	70
tlm_apply_forward_mod_add_clean	6559180	6559459	279	19	0	20	22
tlm_apply_forward_swap	6559459	6560227	768	256	0	0	0
tlm_apply_forward_fold	6560227	6562577	2350	349	0	95	129
tlm_multiply_gcd_reverse_body	6562577	6564756	2179	334	1	120	122
tlm_multiply_gcd_reverse_decode	6564756	6564921	165	17	0	3	8
tlm_multiply_gcd_reverse_apply	6564921	6564922	1	0	0	0	0
tlm_apply_forward_mod_add_register	6564922	6570749	5827	689	8	432	440
tlm_apply_forward_mod_add_fold	6570749	6571460	711	70	4	70	70
tlm_apply_forward_mod_add_clean	6571460	6571739	279	19	0	20	22
tlm_apply_forward_swap	6571739	6572507	768	256	0	0	0
tlm_apply_forward_fold	6572507	6574857	2350	349	0	95	129
tlm_multiply_gcd_reverse_body	6574857	6577058	2201	341	1	120	122
tlm_multiply_gcd_reverse_decode	6577058	6577064	6	0	0	0	3
tlm_multiply_gcd_reverse_apply	6577064	6577065	1	0	0	0	0
tlm_apply_forward_mod_add_register	6577065	6582579	5514	667	7	410	417
tlm_apply_forward_mod_add_fold	6582579	6583254	675	67	3	67	67
tlm_apply_forward_mod_add_clean	6583254	6583533	279	19	0	20	22
tlm_apply_forward_swap	6583533	6584301	768	256	0	0	0
tlm_apply_forward_fold	6584301	6586651	2350	349	0	95	129
tlm_multiply_gcd_reverse_body	6586651	6588862	2211	336	1	123	125
tlm_multiply_gcd_reverse_decode	6588862	6588868	6	0	0	0	3
tlm_multiply_gcd_reverse_apply	6588868	6588869	1	0	0	0	0
tlm_apply_forward_mod_add_register	6588869	6594383	5514	667	7	410	417
tlm_apply_forward_mod_add_fold	6594383	6595070	687	67	5	67	67
tlm_apply_forward_mod_add_clean	6595070	6595349	279	19	0	20	22
tlm_apply_forward_swap	6595349	6596117	768	256	0	0	0
tlm_apply_forward_fold	6596117	6598467	2350	349	0	95	129
tlm_multiply_gcd_reverse_body	6598467	6600688	2221	335	1	125	127
tlm_multiply_gcd_reverse_decode	6600688	6600853	165	17	0	3	8
tlm_multiply_gcd_reverse_apply	6600853	6600854	1	0	0	0	0
tlm_apply_forward_mod_add_register	6600854	6606368	5514	667	7	410	417
tlm_apply_forward_mod_add_fold	6606368	6607043	675	67	3	67	67
tlm_apply_forward_mod_add_clean	6607043	6607322	279	19	0	20	22
tlm_apply_forward_swap	6607322	6608090	768	256	0	0	0
tlm_apply_forward_fold	6608090	6610440	2350	349	0	95	129
tlm_multiply_gcd_reverse_body	6610440	6612648	2208	340	1	123	124
tlm_multiply_gcd_reverse_decode	6612648	6612654	6	0	0	0	3
tlm_multiply_gcd_reverse_apply	6612654	6612655	1	0	0	0	0
tlm_apply_forward_mod_add_register	6612655	6618169	5514	667	7	410	417
tlm_apply_forward_mod_add_fold	6618169	6618856	687	67	5	67	67
tlm_apply_forward_mod_add_clean	6618856	6619135	279	19	0	20	22
tlm_apply_forward_swap	6619135	6619903	768	256	0	0	0
tlm_apply_forward_fold	6619903	6622253	2350	349	0	95	129
tlm_multiply_gcd_reverse_body	6622253	6624506	2253	341	1	127	129
tlm_multiply_gcd_reverse_decode	6624506	6624512	6	0	0	0	3
tlm_multiply_gcd_reverse_apply	6624512	6624513	1	0	0	0	0
tlm_apply_forward_mod_add_register	6624513	6630027	5514	667	7	410	417
tlm_apply_forward_mod_add_fold	6630027	6630702	675	66	4	66	66
tlm_apply_forward_mod_add_clean	6630702	6630981	279	19	0	20	22
tlm_apply_forward_swap	6630981	6631749	768	256	0	0	0
tlm_apply_forward_fold	6631749	6633316	1567	333	0	44	51
tlm_multiply_gcd_reverse_body	6633316	6635560	2244	342	1	127	128
tlm_multiply_gcd_reverse_decode	6635560	6635725	165	17	0	3	8
tlm_multiply_gcd_reverse_apply	6635725	6635726	1	0	0	0	0
tlm_apply_forward_mod_add_register	6635726	6641240	5514	667	7	410	417
tlm_apply_forward_mod_add_fold	6641240	6641927	687	67	5	67	67
tlm_apply_forward_mod_add_clean	6641927	6642206	279	19	0	20	22
tlm_apply_forward_swap	6642206	6642974	768	256	0	0	0
tlm_apply_forward_fold	6642974	6645324	2350	349	0	95	129
tlm_multiply_gcd_reverse_body	6645324	6647582	2258	347	1	127	128
tlm_multiply_gcd_reverse_decode	6647582	6647588	6	0	0	0	3
tlm_multiply_gcd_reverse_apply	6647588	6647589	1	0	0	0	0
tlm_apply_forward_mod_add_register	6647589	6653103	5514	667	7	410	417
tlm_apply_forward_mod_add_fold	6653103	6653778	675	66	4	66	66
tlm_apply_forward_mod_add_clean	6653778	6654057	279	19	0	20	22
tlm_apply_forward_swap	6654057	6654825	768	256	0	0	0
tlm_apply_forward_fold	6654825	6656392	1567	333	0	44	51
tlm_multiply_gcd_reverse_body	6656392	6658684	2292	352	1	129	130
tlm_multiply_gcd_reverse_decode	6658684	6658690	6	0	0	0	3
tlm_multiply_gcd_reverse_apply	6658690	6658691	1	0	0	0	0
tlm_apply_forward_mod_add_register	6658691	6663892	5201	645	6	388	394
tlm_apply_forward_mod_add_fold	6663892	6664567	675	66	4	66	66
tlm_apply_forward_mod_add_clean	6664567	6664846	279	19	0	20	22
tlm_apply_forward_swap	6664846	6665614	768	256	0	0	0
tlm_apply_forward_fold	6665614	6667185	1571	331	0	45	52
tlm_multiply_gcd_reverse_body	6667185	6669495	2310	353	1	131	132
tlm_multiply_gcd_reverse_decode	6669495	6669660	165	17	0	3	8
tlm_multiply_gcd_reverse_apply	6669660	6669661	1	0	0	0	0
tlm_apply_forward_mod_add_register	6669661	6675175	5514	667	7	410	417
tlm_apply_forward_mod_add_fold	6675175	6675850	675	66	4	66	66
tlm_apply_forward_mod_add_clean	6675850	6676129	279	19	0	20	22
tlm_apply_forward_swap	6676129	6676897	768	256	0	0	0
tlm_apply_forward_fold	6676897	6678464	1567	333	0	44	51
tlm_multiply_gcd_reverse_body	6678464	6680788	2324	358	1	131	132
tlm_multiply_gcd_reverse_decode	6680788	6680794	6	0	0	0	3
tlm_multiply_gcd_reverse_apply	6680794	6680795	1	0	0	0	0
tlm_apply_forward_mod_add_register	6680795	6685996	5201	645	6	388	394
tlm_apply_forward_mod_add_fold	6685996	6686671	675	66	4	66	66
tlm_apply_forward_mod_add_clean	6686671	6686950	279	19	0	20	22
tlm_apply_forward_swap	6686950	6687718	768	256	0	0	0
tlm_apply_forward_fold	6687718	6689289	1571	331	0	45	52
tlm_multiply_gcd_reverse_body	6689289	6691639	2350	361	1	133	134
tlm_multiply_gcd_reverse_decode	6691639	6691645	6	0	0	0	3
tlm_multiply_gcd_reverse_apply	6691645	6691646	1	0	0	0	0
tlm_apply_forward_mod_add_register	6691646	6696847	5201	645	6	388	394
tlm_apply_forward_mod_add_fold	6696847	6697496	649	64	3	64	64
tlm_apply_forward_mod_add_clean	6697496	6697775	279	19	0	20	22
tlm_apply_forward_swap	6697775	6698543	768	256	0	0	0
tlm_apply_forward_fold	6698543	6700118	1575	329	0	46	53
tlm_multiply_gcd_reverse_body	6700118	6702494	2376	364	1	135	136
tlm_multiply_gcd_reverse_decode	6702494	6702659	165	17	0	3	8
tlm_multiply_gcd_reverse_apply	6702659	6702660	1	0	0	0	0
tlm_apply_forward_mod_add_register	6702660	6707861	5201	645	6	388	394
tlm_apply_forward_mod_add_fold	6707861	6708536	675	66	4	66	66
tlm_apply_forward_mod_add_clean	6708536	6708815	279	19	0	20	22
tlm_apply_forward_swap	6708815	6709583	768	256	0	0	0
tlm_apply_forward_fold	6709583	6711154	1571	331	0	45	52
tlm_multiply_gcd_reverse_body	6711154	6713544	2390	369	1	135	136
tlm_multiply_gcd_reverse_decode	6713544	6713550	6	0	0	0	3
tlm_multiply_gcd_reverse_apply	6713550	6713551	1	0	0	0	0
tlm_apply_forward_mod_add_register	6713551	6718752	5201	645	6	388	394
tlm_apply_forward_mod_add_fold	6718752	6719401	649	64	3	64	64
tlm_apply_forward_mod_add_clean	6719401	6719680	279	19	0	20	22
tlm_apply_forward_swap	6719680	6720448	768	256	0	0	0
tlm_apply_forward_fold	6720448	6722023	1575	329	0	46	53
tlm_multiply_gcd_reverse_body	6722023	6724439	2416	372	1	137	138
tlm_multiply_gcd_reverse_decode	6724439	6724445	6	0	0	0	3
tlm_multiply_gcd_reverse_apply	6724445	6724446	1	0	0	0	0
tlm_apply_forward_mod_add_register	6724446	6729647	5201	645	6	388	394
tlm_apply_forward_mod_add_fold	6729647	6730296	649	64	3	64	64
tlm_apply_forward_mod_add_clean	6730296	6730575	279	19	0	20	22
tlm_apply_forward_swap	6730575	6731343	768	256	0	0	0
tlm_apply_forward_fold	6731343	6732922	1579	327	0	47	54
tlm_multiply_gcd_reverse_body	6732922	6735372	2450	377	1	139	140
tlm_multiply_gcd_reverse_decode	6735372	6735537	165	17	0	3	8
tlm_multiply_gcd_reverse_apply	6735537	6735538	1	0	0	0	0
tlm_apply_forward_mod_add_register	6735538	6740739	5201	645	6	388	394
tlm_apply_forward_mod_add_fold	6740739	6741388	649	64	3	64	64
tlm_apply_forward_mod_add_clean	6741388	6741667	279	19	0	20	22
tlm_apply_forward_swap	6741667	6742435	768	256	0	0	0
tlm_apply_forward_fold	6742435	6744010	1575	329	0	46	53
tlm_multiply_gcd_reverse_body	6744010	6746466	2456	380	1	139	140
tlm_multiply_gcd_reverse_decode	6746466	6746472	6	0	0	0	3
tlm_multiply_gcd_reverse_apply	6746472	6746473	1	0	0	0	0
tlm_apply_forward_mod_add_register	6746473	6751674	5201	645	6	388	394
tlm_apply_forward_mod_add_fold	6751674	6752323	649	64	3	64	64
tlm_apply_forward_mod_add_clean	6752323	6752602	279	19	0	20	22
tlm_apply_forward_swap	6752602	6753370	768	256	0	0	0
tlm_apply_forward_fold	6753370	6754949	1579	327	0	47	54
tlm_multiply_gcd_reverse_body	6754949	6757423	2474	381	1	141	142
tlm_multiply_gcd_reverse_decode	6757423	6757429	6	0	0	0	3
tlm_multiply_gcd_reverse_apply	6757429	6757430	1	0	0	0	0
tlm_apply_forward_mod_add_register	6757430	6762631	5201	645	6	388	394
tlm_apply_forward_mod_add_fold	6762631	6763280	649	64	3	64	64
tlm_apply_forward_mod_add_clean	6763280	6763559	279	19	0	20	22
tlm_apply_forward_swap	6763559	6764327	768	256	0	0	0
tlm_apply_forward_fold	6764327	6765910	1583	325	0	48	55
tlm_multiply_gcd_reverse_body	6765910	6768410	2500	384	1	143	144
tlm_multiply_gcd_reverse_decode	6768410	6768575	165	17	0	3	8
tlm_multiply_gcd_reverse_apply	6768575	6768576	1	0	0	0	0
tlm_apply_forward_mod_add_register	6768576	6773777	5201	645	6	388	394
tlm_apply_forward_mod_add_fold	6773777	6774426	649	64	3	64	64
tlm_apply_forward_mod_add_clean	6774426	6774705	279	19	0	20	22
tlm_apply_forward_swap	6774705	6775473	768	256	0	0	0
tlm_apply_forward_fold	6775473	6777052	1579	327	0	47	54
tlm_multiply_gcd_reverse_body	6777052	6779566	2514	389	1	143	144
tlm_multiply_gcd_reverse_decode	6779566	6779572	6	0	0	0	3
tlm_multiply_gcd_reverse_apply	6779572	6779573	1	0	0	0	0
tlm_apply_forward_mod_add_register	6779573	6784774	5201	645	6	388	394
tlm_apply_forward_mod_add_fold	6784774	6785423	649	64	3	64	64
tlm_apply_forward_mod_add_clean	6785423	6785702	279	19	0	20	22
tlm_apply_forward_swap	6785702	6786470	768	256	0	0	0
tlm_apply_forward_fold	6786470	6788053	1583	325	0	48	55
tlm_multiply_gcd_reverse_body	6788053	6790593	2540	392	1	145	146
tlm_multiply_gcd_reverse_decode	6790593	6790599	6	0	0	0	3
tlm_multiply_gcd_reverse_apply	6790599	6790600	1	0	0	0	0
tlm_apply_forward_mod_add_register	6790600	6795801	5201	645	6	388	394
tlm_apply_forward_mod_add_fold	6795801	6796436	635	62	4	62	62
tlm_apply_forward_mod_add_clean	6796436	6796715	279	19	0	20	22
tlm_apply_forward_swap	6796715	6797483	768	256	0	0	0
tlm_apply_forward_fold	6797483	6799067	1584	322	0	48	56
tlm_multiply_gcd_reverse_body	6799067	6801633	2566	395	1	147	148
tlm_multiply_gcd_reverse_decode	6801633	6801798	165	17	0	3	8
tlm_multiply_gcd_reverse_apply	6801798	6801799	1	0	0	0	0
tlm_apply_forward_mod_add_register	6801799	6807000	5201	645	6	388	394
tlm_apply_forward_mod_add_fold	6807000	6807649	649	64	3	64	64
tlm_apply_forward_mod_add_clean	6807649	6807928	279	19	0	20	22
tlm_apply_forward_swap	6807928	6808696	768	256	0	0	0
tlm_apply_forward_fold	6808696	6810279	1583	325	0	48	55
tlm_multiply_gcd_reverse_body	6810279	6812859	2580	400	1	147	148
tlm_multiply_gcd_reverse_decode	6812859	6812865	6	0	0	0	3
tlm_multiply_gcd_reverse_apply	6812865	6812866	1	0	0	0	0
tlm_apply_forward_mod_add_register	6812866	6818067	5201	645	6	388	394
tlm_apply_forward_mod_add_fold	6818067	6818702	635	62	4	62	62
tlm_apply_forward_mod_add_clean	6818702	6818981	279	19	0	20	22
tlm_apply_forward_swap	6818981	6819749	768	256	0	0	0
tlm_apply_forward_fold	6819749	6821333	1584	322	0	48	56
tlm_multiply_gcd_reverse_body	6821333	6823939	2606	403	1	149	150
tlm_multiply_gcd_reverse_decode	6823939	6823945	6	0	0	0	3
tlm_multiply_gcd_reverse_apply	6823945	6823946	1	0	0	0	0
tlm_apply_forward_mod_add_register	6823946	6828834	4888	623	5	366	371
tlm_apply_forward_mod_add_fold	6828834	6829453	619	61	3	61	61
tlm_apply_forward_mod_add_clean	6829453	6829732	279	19	0	20	22
tlm_apply_forward_swap	6829732	6830500	768	256	0	0	0
tlm_apply_forward_fold	6830500	6832084	1584	322	0	48	56
tlm_multiply_gcd_reverse_body	6832084	6834708	2624	404	1	151	152
tlm_multiply_gcd_reverse_decode	6834708	6834873	165	17	0	3	8
tlm_multiply_gcd_reverse_apply	6834873	6834874	1	0	0	0	0
tlm_apply_forward_mod_add_register	6834874	6840075	5201	645	6	388	394
tlm_apply_forward_mod_add_fold	6840075	6840710	635	62	4	62	62
tlm_apply_forward_mod_add_clean	6840710	6840989	279	19	0	20	22
tlm_apply_forward_swap	6840989	6841757	768	256	0	0	0
tlm_apply_forward_fold	6841757	6843341	1584	322	0	48	56
tlm_multiply_gcd_reverse_body	6843341	6845979	2638	409	1	151	152
tlm_multiply_gcd_reverse_decode	6845979	6845985	6	0	0	0	3
tlm_multiply_gcd_reverse_apply	6845985	6845986	1	0	0	0	0
tlm_apply_forward_mod_add_register	6845986	6850874	4888	623	5	366	371
tlm_apply_forward_mod_add_fold	6850874	6851493	619	61	3	61	61
tlm_apply_forward_mod_add_clean	6851493	6851772	279	19	0	20	22
tlm_apply_forward_swap	6851772	6852540	768	256	0	0	0
tlm_apply_forward_fold	6852540	6854124	1584	322	0	48	56
tlm_multiply_gcd_reverse_body	6854124	6856796	2672	414	1	153	154
tlm_multiply_gcd_reverse_decode	6856796	6856802	6	0	0	0	3
tlm_multiply_gcd_reverse_apply	6856802	6856803	1	0	0	0	0
tlm_apply_forward_mod_add_register	6856803	6861691	4888	623	5	366	371
tlm_apply_forward_mod_add_fold	6861691	6862310	619	61	3	61	61
tlm_apply_forward_mod_add_clean	6862310	6862589	279	19	0	20	22
tlm_apply_forward_swap	6862589	6863357	768	256	0	0	0
tlm_apply_forward_fold	6863357	6864945	1588	320	0	49	57
tlm_multiply_gcd_reverse_body	6864945	6867629	2684	416	1	154	155
tlm_multiply_gcd_reverse_decode	6867629	6867794	165	17	0	3	8
tlm_multiply_gcd_reverse_apply	6867794	6867795	1	0	0	0	0
tlm_apply_forward_mod_add_register	6867795	6872683	4888	623	5	366	371
tlm_apply_forward_mod_add_fold	6872683	6873302	619	61	3	61	61
tlm_apply_forward_mod_add_clean	6873302	6873581	279	19	0	20	22
tlm_apply_forward_swap	6873581	6874349	768	256	0	0	0
tlm_apply_forward_fold	6874349	6875933	1584	322	0	48	56
tlm_multiply_gcd_reverse_body	6875933	6878637	2704	420	1	155	156
tlm_multiply_gcd_reverse_decode	6878637	6878643	6	0	0	0	3
tlm_multiply_gcd_reverse_apply	6878643	6878644	1	0	0	0	0
tlm_apply_forward_mod_add_register	6878644	6883532	4888	623	5	366	371
tlm_apply_forward_mod_add_fold	6883532	6884151	619	61	3	61	61
tlm_apply_forward_mod_add_clean	6884151	6884430	279	19	0	20	22
tlm_apply_forward_swap	6884430	6885198	768	256	0	0	0
tlm_apply_forward_fold	6885198	6886786	1588	320	0	49	57
tlm_multiply_gcd_reverse_body	6886786	6889524	2738	425	1	157	158
tlm_multiply_gcd_reverse_decode	6889524	6889530	6	0	0	0	3
tlm_multiply_gcd_reverse_apply	6889530	6889531	1	0	0	0	0
tlm_apply_forward_mod_add_register	6889531	6894419	4888	623	5	366	371
tlm_apply_forward_mod_add_fold	6894419	6895012	593	59	2	59	59
tlm_apply_forward_mod_add_clean	6895012	6895291	279	19	0	20	22
tlm_apply_forward_swap	6895291	6896059	768	256	0	0	0
tlm_apply_forward_fold	6896059	6897651	1592	318	0	50	58
tlm_multiply_gcd_reverse_body	6897651	6900395	2744	428	1	157	158
tlm_multiply_gcd_reverse_decode	6900395	6900560	165	17	0	3	8
tlm_multiply_gcd_reverse_apply	6900560	6900561	1	0	0	0	0
tlm_apply_forward_mod_add_register	6900561	6905449	4888	623	5	366	371
tlm_apply_forward_mod_add_fold	6905449	6906068	619	61	3	61	61
tlm_apply_forward_mod_add_clean	6906068	6906347	279	19	0	20	22
tlm_apply_forward_swap	6906347	6907115	768	256	0	0	0
tlm_apply_forward_fold	6907115	6908703	1588	320	0	49	57
tlm_multiply_gcd_reverse_body	6908703	6911752	3049	452	2	178	180
tlm_multiply_gcd_reverse_decode	6911752	6911758	6	0	0	0	3
tlm_multiply_gcd_reverse_apply	6911758	6911759	1	0	0	0	0
tlm_apply_forward_mod_add_register	6911759	6916647	4888	623	5	366	371
tlm_apply_forward_mod_add_fold	6916647	6917240	593	59	2	59	59
tlm_apply_forward_mod_add_clean	6917240	6917519	279	19	0	20	22
tlm_apply_forward_swap	6917519	6918287	768	256	0	0	0
tlm_apply_forward_fold	6918287	6919879	1592	318	0	50	58
tlm_multiply_gcd_reverse_body	6919879	6922663	2784	436	1	159	160
tlm_multiply_gcd_reverse_decode	6922663	6922669	6	0	0	0	3
tlm_multiply_gcd_reverse_apply	6922669	6922670	1	0	0	0	0
tlm_apply_forward_mod_add_register	6922670	6927558	4888	623	5	366	371
tlm_apply_forward_mod_add_fold	6927558	6928151	593	59	2	59	59
tlm_apply_forward_mod_add_clean	6928151	6928430	279	19	0	20	22
tlm_apply_forward_swap	6928430	6929198	768	256	0	0	0
tlm_apply_forward_fold	6929198	6930794	1596	316	0	51	59
tlm_multiply_gcd_reverse_body	6930794	6933584	2790	439	1	159	160
tlm_multiply_gcd_reverse_decode	6933584	6933749	165	17	0	3	8
tlm_multiply_gcd_reverse_apply	6933749	6933750	1	0	0	0	0
tlm_apply_forward_mod_add_register	6933750	6938638	4888	623	5	366	371
tlm_apply_forward_mod_add_fold	6938638	6939231	593	59	2	59	59
tlm_apply_forward_mod_add_clean	6939231	6939510	279	19	0	20	22
tlm_apply_forward_swap	6939510	6940278	768	256	0	0	0
tlm_apply_forward_fold	6940278	6941870	1592	318	0	50	58
tlm_multiply_gcd_reverse_body	6941870	6944965	3095	463	2	180	182
tlm_multiply_gcd_reverse_decode	6944965	6944971	6	0	0	0	3
tlm_multiply_gcd_reverse_apply	6944971	6944972	1	0	0	0	0
tlm_apply_forward_mod_add_register	6944972	6949860	4888	623	5	366	371
tlm_apply_forward_mod_add_fold	6949860	6950453	593	59	2	59	59
tlm_apply_forward_mod_add_clean	6950453	6950732	279	19	0	20	22
tlm_apply_forward_swap	6950732	6951500	768	256	0	0	0
tlm_apply_forward_fold	6951500	6953096	1596	316	0	51	59
tlm_multiply_gcd_reverse_body	6953096	6956225	3129	468	2	182	184
tlm_multiply_gcd_reverse_decode	6956225	6956231	6	0	0	0	3
tlm_multiply_gcd_reverse_apply	6956231	6956232	1	0	0	0	0
tlm_apply_forward_mod_add_register	6956232	6961120	4888	623	5	366	371
tlm_apply_forward_mod_add_fold	6961120	6961709	589	58	3	58	58
tlm_apply_forward_mod_add_clean	6961709	6961988	279	19	0	20	22
tlm_apply_forward_swap	6961988	6962756	768	256	0	0	0
tlm_apply_forward_fold	6962756	6964356	1600	314	0	52	60
tlm_multiply_gcd_reverse_body	6964356	6967206	2850	451	1	162	163
tlm_multiply_gcd_reverse_decode	6967206	6967371	165	17	0	3	8
tlm_multiply_gcd_reverse_apply	6967371	6967372	1	0	0	0	0
tlm_apply_forward_mod_add_register	6967372	6972260	4888	623	5	366	371
tlm_apply_forward_mod_add_fold	6972260	6972853	593	59	2	59	59
tlm_apply_forward_mod_add_clean	6972853	6973132	279	19	0	20	22
tlm_apply_forward_swap	6973132	6973900	768	256	0	0	0
tlm_apply_forward_fold	6973900	6975496	1596	316	0	51	59
tlm_multiply_gcd_reverse_body	6975496	6978651	3155	475	2	183	185
tlm_multiply_gcd_reverse_decode	6978651	6978657	6	0	0	0	3
tlm_multiply_gcd_reverse_apply	6978657	6978658	1	0	0	0	0
tlm_apply_forward_mod_add_register	6978658	6983546	4888	623	5	366	371
tlm_apply_forward_mod_add_fold	6983546	6984135	589	58	3	58	58
tlm_apply_forward_mod_add_clean	6984135	6984414	279	19	0	20	22
tlm_apply_forward_swap	6984414	6985182	768	256	0	0	0
tlm_apply_forward_fold	6985182	6986782	1600	314	0	52	60
tlm_multiply_gcd_reverse_body	6986782	6989957	3175	479	2	184	186
tlm_multiply_gcd_reverse_decode	6989957	6989963	6	0	0	0	3
tlm_multiply_gcd_reverse_apply	6989963	6989964	1	0	0	0	0
tlm_apply_forward_mod_add_register	6989964	6994852	4888	623	5	366	371
tlm_apply_forward_mod_add_fold	6994852	6995425	573	57	2	57	57
tlm_apply_forward_mod_add_clean	6995425	6995704	279	19	0	20	22
tlm_apply_forward_swap	6995704	6996472	768	256	0	0	0
tlm_apply_forward_fold	6996472	6998073	1601	313	0	52	59
tlm_multiply_gcd_reverse_body	6998073	7001268	3195	483	2	185	187
tlm_multiply_gcd_reverse_decode	7001268	7001433	165	17	0	3	8
tlm_multiply_gcd_reverse_apply	7001433	7001434	1	0	0	0	0
tlm_apply_forward_mod_add_register	7001434	7006322	4888	623	5	366	371
tlm_apply_forward_mod_add_fold	7006322	7006911	589	58	3	58	58
tlm_apply_forward_mod_add_clean	7006911	7007190	279	19	0	20	22
tlm_apply_forward_swap	7007190	7007958	768	256	0	0	0
tlm_apply_forward_fold	7007958	7009558	1600	314	0	52	60
tlm_multiply_gcd_reverse_body	7009558	7012773	3215	487	2	186	188
tlm_multiply_gcd_reverse_decode	7012773	7012779	6	0	0	0	3
tlm_multiply_gcd_reverse_apply	7012779	7012780	1	0	0	0	0
tlm_apply_forward_mod_add_register	7012780	7017668	4888	623	5	366	371
tlm_apply_forward_mod_add_fold	7017668	7018241	573	57	2	57	57
tlm_apply_forward_mod_add_clean	7018241	7018520	279	19	0	20	22
tlm_apply_forward_swap	7018520	7019288	768	256	0	0	0
tlm_apply_forward_fold	7019288	7020889	1601	313	0	52	59
tlm_multiply_gcd_reverse_body	7020889	7024138	3249	492	2	188	190
tlm_multiply_gcd_reverse_decode	7024138	7024144	6	0	0	0	3
tlm_multiply_gcd_reverse_apply	7024144	7024145	1	0	0	0	0
tlm_apply_forward_mod_add_register	7024145	7029033	4888	623	5	366	371
tlm_apply_forward_mod_add_fold	7029033	7029606	573	57	2	57	57
tlm_apply_forward_mod_add_clean	7029606	7029885	279	19	0	20	22
tlm_apply_forward_swap	7029885	7030653	768	256	0	0	0
tlm_apply_forward_fold	7030653	7032258	1605	311	0	53	60
tlm_multiply_gcd_reverse_body	7032258	7035499	3241	494	2	187	189
tlm_multiply_gcd_reverse_decode	7035499	7035664	165	17	0	3	8
tlm_multiply_gcd_reverse_apply	7035664	7035665	1	0	0	0	0
tlm_apply_forward_mod_add_register	7035665	7040553	4888	623	5	366	371
tlm_apply_forward_mod_add_fold	7040553	7041126	573	57	2	57	57
tlm_apply_forward_mod_add_clean	7041126	7041405	279	19	0	20	22
tlm_apply_forward_swap	7041405	7042173	768	256	0	0	0
tlm_apply_forward_fold	7042173	7043774	1601	313	0	52	59
tlm_multiply_gcd_reverse_body	7043774	7047049	3275	499	2	189	191
tlm_multiply_gcd_reverse_decode	7047049	7047055	6	0	0	0	3
tlm_multiply_gcd_reverse_apply	7047055	7047056	1	0	0	0	0
tlm_apply_forward_mod_add_register	7047056	7051944	4888	623	5	366	371
tlm_apply_forward_mod_add_fold	7051944	7052533	589	58	3	58	58
tlm_apply_forward_mod_add_clean	7052533	7052812	279	19	0	20	22
tlm_apply_forward_swap	7052812	7053580	768	256	0	0	0
tlm_apply_forward_fold	7053580	7055180	1600	314	0	52	60
tlm_multiply_gcd_reverse_body	7055180	7058509	3329	508	2	192	194
tlm_multiply_gcd_reverse_decode	7058509	7058515	6	0	0	0	3
tlm_multiply_gcd_reverse_apply	7058515	7058516	1	0	0	0	0
tlm_apply_forward_mod_add_register	7058516	7063404	4888	623	5	366	371
tlm_apply_forward_mod_add_fold	7063404	7063951	547	55	1	55	55
tlm_apply_forward_mod_add_clean	7063951	7064230	279	19	0	20	22
tlm_apply_forward_swap	7064230	7064998	768	256	0	0	0
tlm_apply_forward_fold	7064998	7066607	1609	309	0	54	61
tlm_multiply_gcd_reverse_body	7066607	7069908	3301	506	2	190	192
tlm_multiply_gcd_reverse_decode	7069908	7070073	165	17	0	3	8
tlm_multiply_gcd_reverse_apply	7070073	7070074	1	0	0	0	0
tlm_apply_forward_mod_add_register	7070074	7074962	4888	623	5	366	371
tlm_apply_forward_mod_add_fold	7074962	7075551	589	58	3	58	58
tlm_apply_forward_mod_add_clean	7075551	7075830	279	19	0	20	22
tlm_apply_forward_swap	7075830	7076598	768	256	0	0	0
tlm_apply_forward_fold	7076598	7078198	1600	314	0	52	60
tlm_multiply_gcd_reverse_body	7078198	7081553	3355	515	2	193	195
tlm_multiply_gcd_reverse_decode	7081553	7081559	6	0	0	0	3
tlm_multiply_gcd_reverse_apply	7081559	7081560	1	0	0	0	0
tlm_apply_forward_mod_add_register	7081560	7086448	4888	623	5	366	371
tlm_apply_forward_mod_add_fold	7086448	7086995	547	55	1	55	55
tlm_apply_forward_mod_add_clean	7086995	7087274	279	19	0	20	22
tlm_apply_forward_swap	7087274	7088042	768	256	0	0	0
tlm_apply_forward_fold	7088042	7089651	1609	309	0	54	61
tlm_multiply_gcd_reverse_body	7089651	7092992	3341	514	2	192	194
tlm_multiply_gcd_reverse_decode	7092992	7092998	6	0	0	0	3
tlm_multiply_gcd_reverse_apply	7092998	7092999	1	0	0	0	0
tlm_apply_forward_mod_add_register	7092999	7097574	4575	601	4	344	348
tlm_apply_forward_mod_add_fold	7097574	7098127	553	55	2	55	55
tlm_apply_forward_mod_add_clean	7098127	7098406	279	19	0	20	22
tlm_apply_forward_swap	7098406	7099174	768	256	0	0	0
tlm_apply_forward_fold	7099174	7100791	1617	309	0	55	62
tlm_multiply_gcd_reverse_body	7100791	7104152	3361	518	2	193	195
tlm_multiply_gcd_reverse_decode	7104152	7104317	165	17	0	3	8
tlm_multiply_gcd_reverse_apply	7104317	7104318	1	0	0	0	0
tlm_apply_forward_mod_add_register	7104318	7109206	4888	623	5	366	371
tlm_apply_forward_mod_add_fold	7109206	7109753	547	55	1	55	55
tlm_apply_forward_mod_add_clean	7109753	7110032	279	19	0	20	22
tlm_apply_forward_swap	7110032	7110800	768	256	0	0	0
tlm_apply_forward_fold	7110800	7112409	1609	309	0	54	61
tlm_multiply_gcd_reverse_body	7112409	7115790	3381	522	2	194	196
tlm_multiply_gcd_reverse_decode	7115790	7115796	6	0	0	0	3
tlm_multiply_gcd_reverse_apply	7115796	7115797	1	0	0	0	0
tlm_apply_forward_mod_add_register	7115797	7120372	4575	601	4	344	348
tlm_apply_forward_mod_add_fold	7120372	7120925	553	55	2	55	55
tlm_apply_forward_mod_add_clean	7120925	7121204	279	19	0	20	22
tlm_apply_forward_swap	7121204	7121972	768	256	0	0	0
tlm_apply_forward_fold	7121972	7123589	1617	309	0	55	62
tlm_multiply_gcd_reverse_body	7123589	7126976	3387	525	2	194	196
tlm_multiply_gcd_reverse_decode	7126976	7126982	6	0	0	0	3
tlm_multiply_gcd_reverse_apply	7126982	7126983	1	0	0	0	0
tlm_apply_forward_mod_add_register	7126983	7131558	4575	601	4	344	348
tlm_apply_forward_mod_add_fold	7131558	7132111	553	55	2	55	55
tlm_apply_forward_mod_add_clean	7132111	7132390	279	19	0	20	22
tlm_apply_forward_swap	7132390	7133158	768	256	0	0	0
tlm_apply_forward_fold	7133158	7134775	1617	309	0	55	62
tlm_multiply_gcd_reverse_body	7134775	7138196	3421	530	2	196	198
tlm_multiply_gcd_reverse_decode	7138196	7138361	165	17	0	3	8
tlm_multiply_gcd_reverse_apply	7138361	7138362	1	0	0	0	0
tlm_apply_forward_mod_add_register	7138362	7142937	4575	601	4	344	348
tlm_apply_forward_mod_add_fold	7142937	7143490	553	55	2	55	55
tlm_apply_forward_mod_add_clean	7143490	7143769	279	19	0	20	22
tlm_apply_forward_swap	7143769	7144537	768	256	0	0	0
tlm_apply_forward_fold	7144537	7146154	1617	309	0	55	62
tlm_multiply_gcd_reverse_body	7146154	7149595	3441	534	2	197	199
tlm_multiply_gcd_reverse_decode	7149595	7149601	6	0	0	0	3
tlm_multiply_gcd_reverse_apply	7149601	7149602	1	0	0	0	0
tlm_apply_forward_mod_add_register	7149602	7154490	4888	623	5	366	371
tlm_apply_forward_mod_add_fold	7154490	7155037	547	55	1	55	55
tlm_apply_forward_mod_add_clean	7155037	7155316	279	19	0	20	22
tlm_apply_forward_swap	7155316	7156084	768	256	0	0	0
tlm_apply_forward_fold	7156084	7157693	1609	309	0	54	61
tlm_multiply_gcd_reverse_body	7157693	7161174	3481	542	2	199	201
tlm_multiply_gcd_reverse_decode	7161174	7161180	6	0	0	0	3
tlm_multiply_gcd_reverse_apply	7161180	7161181	1	0	0	0	0
tlm_apply_forward_mod_add_register	7161181	7165756	4575	601	4	344	348
tlm_apply_forward_mod_add_fold	7165756	7166309	553	55	2	55	55
tlm_apply_forward_mod_add_clean	7166309	7166588	279	19	0	20	22
tlm_apply_forward_swap	7166588	7167356	768	256	0	0	0
tlm_apply_forward_fold	7167356	7168973	1617	309	0	55	62
tlm_multiply_gcd_reverse_body	7168973	7172488	3515	547	2	201	203
tlm_multiply_gcd_reverse_decode	7172488	7172653	165	17	0	3	8
tlm_multiply_gcd_reverse_apply	7172653	7172654	1	0	0	0	0
tlm_apply_forward_mod_add_register	7172654	7177542	4888	623	5	366	371
tlm_apply_forward_mod_add_fold	7177542	7178089	547	55	1	55	55
tlm_apply_forward_mod_add_clean	7178089	7178368	279	19	0	20	22
tlm_apply_forward_swap	7178368	7179136	768	256	0	0	0
tlm_apply_forward_fold	7179136	7180745	1609	309	0	54	61
tlm_multiply_gcd_reverse_body	7180745	7184266	3521	550	2	201	203
tlm_multiply_gcd_reverse_decode	7184266	7184272	6	0	0	0	3
tlm_multiply_gcd_reverse_apply	7184272	7184273	1	0	0	0	0
tlm_apply_forward_mod_add_register	7184273	7188848	4575	601	4	344	348
tlm_apply_forward_mod_add_fold	7188848	7189401	553	55	2	55	55
tlm_apply_forward_mod_add_clean	7189401	7189680	279	19	0	20	22
tlm_apply_forward_swap	7189680	7190448	768	256	0	0	0
tlm_apply_forward_fold	7190448	7192065	1617	309	0	55	62
tlm_multiply_gcd_reverse_body	7192065	7195606	3541	554	2	202	204
tlm_multiply_gcd_reverse_decode	7195606	7195612	6	0	0	0	3
tlm_multiply_gcd_reverse_apply	7195612	7195613	1	0	0	0	0
tlm_apply_forward_mod_add_register	7195613	7200188	4575	601	4	344	348
tlm_apply_forward_mod_add_fold	7200188	7200741	553	55	2	55	55
tlm_apply_forward_mod_add_clean	7200741	7201020	279	19	0	20	22
tlm_apply_forward_swap	7201020	7201788	768	256	0	0	0
tlm_apply_forward_fold	7201788	7203405	1617	309	0	55	62
tlm_multiply_gcd_reverse_body	7203405	7206966	3561	558	2	203	205
tlm_multiply_gcd_reverse_decode	7206966	7207131	165	17	0	3	8
tlm_multiply_gcd_reverse_apply	7207131	7207132	1	0	0	0	0
tlm_apply_forward_mod_add_register	7207132	7211707	4575	601	4	344	348
tlm_apply_forward_mod_add_fold	7211707	7212260	553	55	2	55	55
tlm_apply_forward_mod_add_clean	7212260	7212539	279	19	0	20	22
tlm_apply_forward_swap	7212539	7213307	768	256	0	0	0
tlm_apply_forward_fold	7213307	7214924	1617	309	0	55	62
tlm_multiply_gcd_reverse_body	7214924	7218505	3581	562	2	204	206
tlm_multiply_gcd_reverse_decode	7218505	7218511	6	0	0	0	3
tlm_multiply_gcd_reverse_apply	7218511	7218512	1	0	0	0	0
tlm_apply_forward_mod_add_register	7218512	7223087	4575	601	4	344	348
tlm_apply_forward_mod_add_fold	7223087	7223640	553	55	2	55	55
tlm_apply_forward_mod_add_clean	7223640	7223919	279	19	0	20	22
tlm_apply_forward_swap	7223919	7224687	768	256	0	0	0
tlm_apply_forward_fold	7224687	7226304	1617	309	0	55	62
tlm_multiply_gcd_reverse_body	7226304	7229905	3601	566	2	205	207
tlm_multiply_gcd_reverse_decode	7229905	7229911	6	0	0	0	3
tlm_multiply_gcd_reverse_apply	7229911	7229912	1	0	0	0	0
tlm_apply_forward_mod_add_register	7229912	7234487	4575	601	4	344	348
tlm_apply_forward_mod_add_fold	7234487	7235040	553	55	2	55	55
tlm_apply_forward_mod_add_clean	7235040	7235319	279	19	0	20	22
tlm_apply_forward_swap	7235319	7236087	768	256	0	0	0
tlm_apply_forward_fold	7236087	7237704	1617	309	0	55	62
tlm_multiply_gcd_reverse_body	7237704	7241311	3607	569	2	205	207
tlm_multiply_gcd_reverse_decode	7241311	7241476	165	17	0	3	8
tlm_multiply_gcd_reverse_apply	7241476	7241477	1	0	0	0	0
tlm_apply_forward_mod_add_register	7241477	7246052	4575	601	4	344	348
tlm_apply_forward_mod_add_fold	7246052	7246605	553	55	2	55	55
tlm_apply_forward_mod_add_clean	7246605	7246884	279	19	0	20	22
tlm_apply_forward_swap	7246884	7247652	768	256	0	0	0
tlm_apply_forward_fold	7247652	7249269	1617	309	0	55	62
tlm_multiply_gcd_reverse_body	7249269	7252910	3641	574	2	207	209
tlm_multiply_gcd_reverse_decode	7252910	7252916	6	0	0	0	3
tlm_multiply_gcd_reverse_apply	7252916	7252917	1	0	0	0	0
tlm_apply_forward_mod_add_register	7252917	7257492	4575	601	4	344	348
tlm_apply_forward_mod_add_fold	7257492	7258045	553	55	2	55	55
tlm_apply_forward_mod_add_clean	7258045	7258324	279	19	0	20	22
tlm_apply_forward_swap	7258324	7259092	768	256	0	0	0
tlm_apply_forward_fold	7259092	7260709	1617	309	0	55	62
tlm_multiply_gcd_reverse_body	7260709	7264356	3647	577	2	207	209
tlm_multiply_gcd_reverse_decode	7264356	7264362	6	0	0	0	3
tlm_multiply_gcd_reverse_apply	7264362	7264363	1	0	0	0	0
tlm_apply_forward_mod_add_register	7264363	7268938	4575	601	4	344	348
tlm_apply_forward_mod_add_fold	7268938	7269491	553	55	2	55	55
tlm_apply_forward_mod_add_clean	7269491	7269770	279	19	0	20	22
tlm_apply_forward_swap	7269770	7270538	768	256	0	0	0
tlm_apply_forward_fold	7270538	7272155	1617	309	0	55	62
tlm_multiply_gcd_reverse_body	7272155	7275802	3647	577	2	207	209
tlm_multiply_gcd_reverse_decode	7275802	7275967	165	17	0	3	8
tlm_multiply_gcd_reverse_apply	7275967	7275968	1	0	0	0	0
tlm_apply_forward_mod_add_register	7275968	7280543	4575	601	4	344	348
tlm_apply_forward_mod_add_fold	7280543	7281096	553	55	2	55	55
tlm_apply_forward_mod_add_clean	7281096	7281375	279	19	0	20	22
tlm_apply_forward_swap	7281375	7282143	768	256	0	0	0
tlm_apply_forward_fold	7282143	7283760	1617	309	0	55	62
tlm_multiply_gcd_reverse_body	7283760	7287447	3687	585	2	209	211
tlm_multiply_gcd_reverse_decode	7287447	7287453	6	0	0	0	3
tlm_multiply_gcd_reverse_apply	7287453	7287454	1	0	0	0	0
tlm_apply_forward_mod_add_register	7287454	7292029	4575	601	4	344	348
tlm_apply_forward_mod_add_fold	7292029	7292582	553	55	2	55	55
tlm_apply_forward_mod_add_clean	7292582	7292861	279	19	0	20	22
tlm_apply_forward_swap	7292861	7293629	768	256	0	0	0
tlm_apply_forward_fold	7293629	7295246	1617	309	0	55	62
tlm_multiply_gcd_reverse_body	7295246	7298953	3707	589	2	210	212
tlm_multiply_gcd_reverse_decode	7298953	7298959	6	0	0	0	3
tlm_multiply_gcd_reverse_apply	7298959	7298960	1	0	0	0	0
tlm_apply_forward_mod_add_register	7298960	7303535	4575	601	4	344	348
tlm_apply_forward_mod_add_fold	7303535	7304088	553	55	2	55	55
tlm_apply_forward_mod_add_clean	7304088	7304367	279	19	0	20	22
tlm_apply_forward_swap	7304367	7305135	768	256	0	0	0
tlm_apply_forward_fold	7305135	7306752	1617	309	0	55	62
tlm_multiply_gcd_reverse_body	7306752	7310493	3741	594	2	212	214
tlm_multiply_gcd_reverse_decode	7310493	7310658	165	17	0	3	8
tlm_multiply_gcd_reverse_apply	7310658	7310659	1	0	0	0	0
tlm_apply_forward_mod_add_register	7310659	7315234	4575	601	4	344	348
tlm_apply_forward_mod_add_fold	7315234	7315787	553	55	2	55	55
tlm_apply_forward_mod_add_clean	7315787	7316066	279	19	0	20	22
tlm_apply_forward_swap	7316066	7316834	768	256	0	0	0
tlm_apply_forward_fold	7316834	7318451	1617	309	0	55	62
tlm_multiply_gcd_reverse_body	7318451	7322212	3761	598	2	213	215
tlm_multiply_gcd_reverse_decode	7322212	7322218	6	0	0	0	3
tlm_multiply_gcd_reverse_apply	7322218	7322219	1	0	0	0	0
tlm_apply_forward_mod_add_register	7322219	7326794	4575	601	4	344	348
tlm_apply_forward_mod_add_fold	7326794	7327347	553	55	2	55	55
tlm_apply_forward_mod_add_clean	7327347	7327626	279	19	0	20	22
tlm_apply_forward_swap	7327626	7328394	768	256	0	0	0
tlm_apply_forward_fold	7328394	7330011	1617	309	0	55	62
tlm_multiply_gcd_reverse_body	7330011	7333764	3753	600	2	212	214
tlm_multiply_gcd_reverse_decode	7333764	7333770	6	0	0	0	3
tlm_multiply_gcd_reverse_apply	7333770	7333771	1	0	0	0	0
tlm_apply_forward_mod_add_register	7333771	7338346	4575	601	4	344	348
tlm_apply_forward_mod_add_fold	7338346	7338899	553	55	2	55	55
tlm_apply_forward_mod_add_clean	7338899	7339178	279	19	0	20	22
tlm_apply_forward_swap	7339178	7339946	768	256	0	0	0
tlm_apply_forward_fold	7339946	7341563	1617	309	0	55	62
tlm_multiply_gcd_reverse_body	7341563	7345350	3787	605	2	214	216
tlm_multiply_gcd_reverse_decode	7345350	7345515	165	17	0	3	8
tlm_multiply_gcd_reverse_apply	7345515	7345516	1	0	0	0	0
tlm_apply_forward_mod_add_register	7345516	7350091	4575	601	4	344	348
tlm_apply_forward_mod_add_fold	7350091	7350644	553	55	2	55	55
tlm_apply_forward_mod_add_clean	7350644	7350923	279	19	0	20	22
tlm_apply_forward_swap	7350923	7351691	768	256	0	0	0
tlm_apply_forward_fold	7351691	7353308	1617	309	0	55	62
tlm_multiply_gcd_reverse_body	7353308	7357115	3807	609	2	215	217
tlm_multiply_gcd_reverse_decode	7357115	7357121	6	0	0	0	3
tlm_multiply_gcd_reverse_apply	7357121	7357122	1	0	0	0	0
tlm_apply_forward_mod_add_register	7357122	7361697	4575	601	4	344	348
tlm_apply_forward_mod_add_fold	7361697	7362250	553	55	2	55	55
tlm_apply_forward_mod_add_clean	7362250	7362529	279	19	0	20	22
tlm_apply_forward_swap	7362529	7363297	768	256	0	0	0
tlm_apply_forward_fold	7363297	7364914	1617	309	0	55	62
tlm_multiply_gcd_reverse_body	7364914	7368741	3827	613	2	216	218
tlm_multiply_gcd_reverse_decode	7368741	7368747	6	0	0	0	3
tlm_multiply_gcd_reverse_apply	7368747	7368748	1	0	0	0	0
tlm_apply_forward_mod_add_register	7368748	7373323	4575	601	4	344	348
tlm_apply_forward_mod_add_fold	7373323	7373876	553	55	2	55	55
tlm_apply_forward_mod_add_clean	7373876	7374155	279	19	0	20	22
tlm_apply_forward_swap	7374155	7374923	768	256	0	0	0
tlm_apply_forward_fold	7374923	7376540	1617	309	0	55	62
tlm_multiply_gcd_reverse_body	7376540	7380387	3847	617	2	217	219
tlm_multiply_gcd_reverse_decode	7380387	7380552	165	17	0	3	8
tlm_multiply_gcd_reverse_apply	7380552	7380553	1	0	0	0	0
tlm_apply_forward_mod_add_register	7380553	7385128	4575	601	4	344	348
tlm_apply_forward_mod_add_fold	7385128	7385681	553	55	2	55	55
tlm_apply_forward_mod_add_clean	7385681	7385960	279	19	0	20	22
tlm_apply_forward_swap	7385960	7386728	768	256	0	0	0
tlm_apply_forward_fold	7386728	7388345	1617	309	0	55	62
tlm_multiply_gcd_reverse_body	7388345	7392198	3853	620	2	217	219
tlm_multiply_gcd_reverse_decode	7392198	7392204	6	0	0	0	3
tlm_multiply_gcd_reverse_apply	7392204	7392205	1	0	0	0	0
tlm_apply_forward_mod_add_register	7392205	7396780	4575	601	4	344	348
tlm_apply_forward_mod_add_fold	7396780	7397333	553	55	2	55	55
tlm_apply_forward_mod_add_clean	7397333	7397612	279	19	0	20	22
tlm_apply_forward_swap	7397612	7398380	768	256	0	0	0
tlm_apply_forward_fold	7398380	7399997	1617	309	0	55	62
tlm_multiply_gcd_reverse_body	7399997	7403870	3873	624	2	218	220
tlm_multiply_gcd_reverse_decode	7403870	7403876	6	0	0	0	3
tlm_multiply_gcd_reverse_apply	7403876	7403877	1	0	0	0	0
tlm_apply_forward_mod_add_register	7403877	7408452	4575	601	4	344	348
tlm_apply_forward_mod_add_fold	7408452	7409005	553	55	2	55	55
tlm_apply_forward_mod_add_clean	7409005	7409284	279	19	0	20	22
tlm_apply_forward_swap	7409284	7410052	768	256	0	0	0
tlm_apply_forward_fold	7410052	7411669	1617	309	0	55	62
tlm_multiply_gcd_reverse_body	7411669	7415562	3893	628	2	219	221
tlm_multiply_gcd_reverse_decode	7415562	7415727	165	17	0	3	8
tlm_multiply_gcd_reverse_apply	7415727	7415728	1	0	0	0	0
tlm_apply_forward_mod_add_register	7415728	7420303	4575	601	4	344	348
tlm_apply_forward_mod_add_fold	7420303	7420856	553	55	2	55	55
tlm_apply_forward_mod_add_clean	7420856	7421135	279	19	0	20	22
tlm_apply_forward_swap	7421135	7421903	768	256	0	0	0
tlm_apply_forward_fold	7421903	7423520	1617	309	0	55	62
tlm_multiply_gcd_reverse_body	7423520	7427433	3913	632	2	220	222
tlm_multiply_gcd_reverse_decode	7427433	7427439	6	0	0	0	3
tlm_multiply_gcd_reverse_apply	7427439	7427440	1	0	0	0	0
tlm_apply_forward_mod_add_register	7427440	7432015	4575	601	4	344	348
tlm_apply_forward_mod_add_fold	7432015	7432568	553	55	2	55	55
tlm_apply_forward_mod_add_clean	7432568	7432847	279	19	0	20	22
tlm_apply_forward_swap	7432847	7433615	768	256	0	0	0
tlm_apply_forward_fold	7433615	7435232	1617	309	0	55	62
tlm_multiply_gcd_reverse_body	7435232	7439179	3947	637	2	222	224
tlm_multiply_gcd_reverse_decode	7439179	7439185	6	0	0	0	3
tlm_multiply_gcd_reverse_apply	7439185	7439186	1	0	0	0	0
tlm_apply_forward_mod_add_register	7439186	7443761	4575	601	4	344	348
tlm_apply_forward_mod_add_fold	7443761	7444314	553	55	2	55	55
tlm_apply_forward_mod_add_clean	7444314	7444593	279	19	0	20	22
tlm_apply_forward_swap	7444593	7445361	768	256	0	0	0
tlm_apply_forward_fold	7445361	7446978	1617	309	0	55	62
tlm_multiply_gcd_reverse_body	7446978	7450931	3953	640	2	222	224
tlm_multiply_gcd_reverse_decode	7450931	7451096	165	17	0	3	8
tlm_multiply_gcd_reverse_apply	7451096	7451097	1	0	0	0	0
tlm_apply_forward_mod_add_register	7451097	7455672	4575	601	4	344	348
tlm_apply_forward_mod_add_fold	7455672	7456225	553	55	2	55	55
tlm_apply_forward_mod_add_clean	7456225	7456504	279	19	0	20	22
tlm_apply_forward_swap	7456504	7457272	768	256	0	0	0
tlm_apply_forward_fold	7457272	7458889	1617	309	0	55	62
tlm_multiply_gcd_reverse_body	7458889	7462862	3973	644	2	223	225
tlm_multiply_gcd_reverse_decode	7462862	7462868	6	0	0	0	3
tlm_multiply_gcd_reverse_apply	7462868	7462869	1	0	0	0	0
tlm_apply_forward_mod_add_register	7462869	7467444	4575	601	4	344	348
tlm_apply_forward_mod_add_fold	7467444	7467997	553	55	2	55	55
tlm_apply_forward_mod_add_clean	7467997	7468276	279	19	0	20	22
tlm_apply_forward_swap	7468276	7469044	768	256	0	0	0
tlm_apply_forward_fold	7469044	7470661	1617	309	0	55	62
tlm_multiply_gcd_reverse_body	7470661	7474668	4007	649	2	225	227
tlm_multiply_gcd_reverse_decode	7474668	7474674	6	0	0	0	3
tlm_multiply_gcd_reverse_apply	7474674	7474675	1	0	0	0	0
tlm_apply_forward_mod_add_register	7474675	7479250	4575	601	4	344	348
tlm_apply_forward_mod_add_fold	7479250	7479803	553	55	2	55	55
tlm_apply_forward_mod_add_clean	7479803	7480082	279	19	0	20	22
tlm_apply_forward_swap	7480082	7480850	768	256	0	0	0
tlm_apply_forward_fold	7480850	7482467	1617	309	0	55	62
tlm_multiply_gcd_reverse_body	7482467	7486494	4027	653	2	226	228
tlm_multiply_gcd_reverse_decode	7486494	7486659	165	17	0	3	8
tlm_multiply_gcd_reverse_apply	7486659	7486660	1	0	0	0	0
tlm_apply_forward_mod_add_register	7486660	7491235	4575	601	4	344	348
tlm_apply_forward_mod_add_fold	7491235	7491788	553	55	2	55	55
tlm_apply_forward_mod_add_clean	7491788	7492067	279	19	0	20	22
tlm_apply_forward_swap	7492067	7492835	768	256	0	0	0
tlm_apply_forward_fold	7492835	7494452	1617	309	0	55	62
tlm_multiply_gcd_reverse_body	7494452	7498485	4033	656	2	226	228
tlm_multiply_gcd_reverse_decode	7498485	7498491	6	0	0	0	3
tlm_multiply_gcd_reverse_apply	7498491	7498492	1	0	0	0	0
tlm_apply_forward_mod_add_register	7498492	7503067	4575	601	4	344	348
tlm_apply_forward_mod_add_fold	7503067	7503620	553	55	2	55	55
tlm_apply_forward_mod_add_clean	7503620	7503899	279	19	0	20	22
tlm_apply_forward_swap	7503899	7504667	768	256	0	0	0
tlm_apply_forward_fold	7504667	7506284	1617	309	0	55	62
tlm_multiply_gcd_reverse_body	7506284	7510351	4067	661	2	228	230
tlm_multiply_gcd_reverse_decode	7510351	7510357	6	0	0	0	3
tlm_multiply_gcd_reverse_apply	7510357	7510358	1	0	0	0	0
tlm_apply_forward_mod_add_register	7510358	7514933	4575	601	4	344	348
tlm_apply_forward_mod_add_fold	7514933	7515486	553	55	2	55	55
tlm_apply_forward_mod_add_clean	7515486	7515765	279	19	0	20	22
tlm_apply_forward_swap	7515765	7516533	768	256	0	0	0
tlm_apply_forward_fold	7516533	7518150	1617	309	0	55	62
tlm_multiply_gcd_reverse_body	7518150	7522223	4073	664	2	228	230
tlm_multiply_gcd_reverse_decode	7522223	7522388	165	17	0	3	8
tlm_multiply_gcd_reverse_apply	7522388	7522389	1	0	0	0	0
tlm_apply_forward_mod_add_register	7522389	7526964	4575	601	4	344	348
tlm_apply_forward_mod_add_fold	7526964	7527517	553	55	2	55	55
tlm_apply_forward_mod_add_clean	7527517	7527796	279	19	0	20	22
tlm_apply_forward_swap	7527796	7528564	768	256	0	0	0
tlm_apply_forward_fold	7528564	7530181	1617	309	0	55	62
tlm_multiply_gcd_reverse_body	7530181	7534274	4093	668	2	229	231
tlm_multiply_gcd_reverse_decode	7534274	7534280	6	0	0	0	3
tlm_multiply_gcd_reverse_apply	7534280	7534281	1	0	0	0	0
tlm_apply_forward_mod_add_register	7534281	7538856	4575	601	4	344	348
tlm_apply_forward_mod_add_fold	7538856	7539409	553	55	2	55	55
tlm_apply_forward_mod_add_clean	7539409	7539688	279	19	0	20	22
tlm_apply_forward_swap	7539688	7540456	768	256	0	0	0
tlm_apply_forward_fold	7540456	7542073	1617	309	0	55	62
tlm_multiply_gcd_reverse_body	7542073	7546186	4113	672	2	230	232
tlm_multiply_gcd_reverse_decode	7546186	7546192	6	0	0	0	3
tlm_multiply_gcd_reverse_apply	7546192	7546193	1	0	0	0	0
tlm_apply_forward_mod_add_register	7546193	7550455	4262	579	3	322	325
tlm_apply_forward_mod_add_fold	7550455	7551008	553	55	2	55	55
tlm_apply_forward_mod_add_clean	7551008	7551287	279	19	0	20	22
tlm_apply_forward_swap	7551287	7552055	768	256	0	0	0
tlm_apply_forward_fold	7552055	7553672	1617	309	0	55	62
tlm_multiply_gcd_reverse_body	7553672	7557805	4133	676	2	231	233
tlm_multiply_gcd_reverse_decode	7557805	7557970	165	17	0	3	8
tlm_multiply_gcd_reverse_apply	7557970	7557971	1	0	0	0	0
tlm_apply_forward_mod_add_register	7557971	7562546	4575	601	4	344	348
tlm_apply_forward_mod_add_fold	7562546	7563099	553	55	2	55	55
tlm_apply_forward_mod_add_clean	7563099	7563378	279	19	0	20	22
tlm_apply_forward_swap	7563378	7564146	768	256	0	0	0
tlm_apply_forward_fold	7564146	7565763	1617	309	0	55	62
tlm_multiply_gcd_reverse_body	7565763	7569916	4153	680	2	232	234
tlm_multiply_gcd_reverse_decode	7569916	7569922	6	0	0	0	3
tlm_multiply_gcd_reverse_apply	7569922	7569923	1	0	0	0	0
tlm_apply_forward_mod_add_register	7569923	7574185	4262	579	3	322	325
tlm_apply_forward_mod_add_fold	7574185	7574738	553	55	2	55	55
tlm_apply_forward_mod_add_clean	7574738	7575017	279	19	0	20	22
tlm_apply_forward_swap	7575017	7575785	768	256	0	0	0
tlm_apply_forward_fold	7575785	7577402	1617	309	0	55	62
tlm_multiply_gcd_reverse_body	7577402	7581575	4173	684	2	233	235
tlm_multiply_gcd_reverse_decode	7581575	7581581	6	0	0	0	3
tlm_multiply_gcd_reverse_apply	7581581	7581582	1	0	0	0	0
tlm_apply_forward_mod_add_register	7581582	7585844	4262	579	3	322	325
tlm_apply_forward_mod_add_fold	7585844	7586397	553	55	2	55	55
tlm_apply_forward_mod_add_clean	7586397	7586676	279	19	0	20	22
tlm_apply_forward_swap	7586676	7587444	768	256	0	0	0
tlm_apply_forward_fold	7587444	7589061	1617	309	0	55	62
tlm_multiply_gcd_reverse_body	7589061	7593254	4193	688	2	234	236
tlm_multiply_gcd_reverse_decode	7593254	7593419	165	17	0	3	8
tlm_multiply_gcd_reverse_apply	7593419	7593420	1	0	0	0	0
tlm_apply_forward_mod_add_register	7593420	7597682	4262	579	3	322	325
tlm_apply_forward_mod_add_fold	7597682	7598235	553	55	2	55	55
tlm_apply_forward_mod_add_clean	7598235	7598514	279	19	0	20	22
tlm_apply_forward_swap	7598514	7599282	768	256	0	0	0
tlm_apply_forward_fold	7599282	7600899	1617	309	0	55	62
tlm_multiply_gcd_reverse_body	7600899	7605098	4199	691	2	234	236
tlm_multiply_gcd_reverse_decode	7605098	7605104	6	0	0	0	3
tlm_multiply_gcd_reverse_apply	7605104	7605105	1	0	0	0	0
tlm_apply_forward_mod_add_register	7605105	7609367	4262	579	3	322	325
tlm_apply_forward_mod_add_fold	7609367	7609920	553	55	2	55	55
tlm_apply_forward_mod_add_clean	7609920	7610199	279	19	0	20	22
tlm_apply_forward_swap	7610199	7610967	768	256	0	0	0
tlm_apply_forward_fold	7610967	7612584	1617	309	0	55	62
tlm_multiply_gcd_reverse_body	7612584	7616817	4233	696	2	236	238
tlm_multiply_gcd_reverse_decode	7616817	7616823	6	0	0	0	3
tlm_multiply_gcd_reverse_apply	7616823	7616824	1	0	0	0	0
tlm_apply_forward_mod_add_register	7616824	7621086	4262	579	3	322	325
tlm_apply_forward_mod_add_fold	7621086	7621639	553	55	2	55	55
tlm_apply_forward_mod_add_clean	7621639	7621918	279	19	0	20	22
tlm_apply_forward_swap	7621918	7622686	768	256	0	0	0
tlm_apply_forward_fold	7622686	7624303	1617	309	0	55	62
tlm_multiply_gcd_reverse_body	7624303	7628542	4239	699	2	236	238
tlm_multiply_gcd_reverse_decode	7628542	7628707	165	17	0	3	8
tlm_multiply_gcd_reverse_apply	7628707	7628708	1	0	0	0	0
tlm_apply_forward_mod_add_register	7628708	7632970	4262	579	3	322	325
tlm_apply_forward_mod_add_fold	7632970	7633523	553	55	2	55	55
tlm_apply_forward_mod_add_clean	7633523	7633802	279	19	0	20	22
tlm_apply_forward_swap	7633802	7634570	768	256	0	0	0
tlm_apply_forward_fold	7634570	7636187	1617	309	0	55	62
tlm_multiply_gcd_reverse_body	7636187	7640446	4259	703	2	237	239
tlm_multiply_gcd_reverse_decode	7640446	7640452	6	0	0	0	3
tlm_multiply_gcd_reverse_apply	7640452	7640453	1	0	0	0	0
tlm_apply_forward_mod_add_register	7640453	7644715	4262	579	3	322	325
tlm_apply_forward_mod_add_fold	7644715	7645268	553	55	2	55	55
tlm_apply_forward_mod_add_clean	7645268	7645547	279	19	0	20	22
tlm_apply_forward_swap	7645547	7646315	768	256	0	0	0
tlm_apply_forward_fold	7646315	7647932	1617	309	0	55	62
tlm_multiply_gcd_reverse_body	7647932	7652211	4279	707	2	238	240
tlm_multiply_gcd_reverse_decode	7652211	7652217	6	0	0	0	3
tlm_multiply_gcd_reverse_apply	7652217	7652218	1	0	0	0	0
tlm_apply_forward_mod_add_register	7652218	7656480	4262	579	3	322	325
tlm_apply_forward_mod_add_fold	7656480	7657033	553	55	2	55	55
tlm_apply_forward_mod_add_clean	7657033	7657312	279	19	0	20	22
tlm_apply_forward_swap	7657312	7658080	768	256	0	0	0
tlm_apply_forward_fold	7658080	7659697	1617	309	0	55	62
tlm_multiply_gcd_reverse_body	7659697	7663996	4299	711	2	239	241
tlm_multiply_gcd_reverse_decode	7663996	7664161	165	17	0	3	8
tlm_multiply_gcd_reverse_apply	7664161	7664162	1	0	0	0	0
tlm_apply_forward_mod_add_register	7664162	7668424	4262	579	3	322	325
tlm_apply_forward_mod_add_fold	7668424	7668977	553	55	2	55	55
tlm_apply_forward_mod_add_clean	7668977	7669256	279	19	0	20	22
tlm_apply_forward_swap	7669256	7670024	768	256	0	0	0
tlm_apply_forward_fold	7670024	7671641	1617	309	0	55	62
tlm_multiply_gcd_reverse_body	7671641	7675960	4319	715	2	240	242
tlm_multiply_gcd_reverse_decode	7675960	7675966	6	0	0	0	3
tlm_multiply_gcd_reverse_apply	7675966	7675967	1	0	0	0	0
tlm_apply_forward_mod_add_register	7675967	7680229	4262	579	3	322	325
tlm_apply_forward_mod_add_fold	7680229	7680782	553	55	2	55	55
tlm_apply_forward_mod_add_clean	7680782	7681061	279	19	0	20	22
tlm_apply_forward_swap	7681061	7681829	768	256	0	0	0
tlm_apply_forward_fold	7681829	7683446	1617	309	0	55	62
tlm_multiply_gcd_reverse_body	7683446	7687771	4325	718	2	240	242
tlm_multiply_gcd_reverse_decode	7687771	7687777	6	0	0	0	3
tlm_multiply_gcd_reverse_apply	7687777	7687778	1	0	0	0	0
tlm_apply_forward_mod_add_register	7687778	7692040	4262	579	3	322	325
tlm_apply_forward_mod_add_fold	7692040	7692593	553	55	2	55	55
tlm_apply_forward_mod_add_clean	7692593	7692872	279	19	0	20	22
tlm_apply_forward_swap	7692872	7693640	768	256	0	0	0
tlm_apply_forward_fold	7693640	7695257	1617	309	0	55	62
tlm_multiply_gcd_reverse_body	7695257	7699616	4359	723	2	242	244
tlm_multiply_gcd_reverse_decode	7699616	7699781	165	17	0	3	8
tlm_multiply_gcd_reverse_apply	7699781	7699782	1	0	0	0	0
tlm_apply_forward_mod_add_register	7699782	7704044	4262	579	3	322	325
tlm_apply_forward_mod_add_fold	7704044	7704597	553	55	2	55	55
tlm_apply_forward_mod_add_clean	7704597	7704876	279	19	0	20	22
tlm_apply_forward_swap	7704876	7705644	768	256	0	0	0
tlm_apply_forward_fold	7705644	7707261	1617	309	0	55	62
tlm_multiply_gcd_reverse_body	7707261	7711640	4379	727	2	243	245
tlm_multiply_gcd_reverse_decode	7711640	7711646	6	0	0	0	3
tlm_multiply_gcd_reverse_apply	7711646	7711647	1	0	0	0	0
tlm_apply_forward_mod_add_register	7711647	7715909	4262	579	3	322	325
tlm_apply_forward_mod_add_fold	7715909	7716462	553	55	2	55	55
tlm_apply_forward_mod_add_clean	7716462	7716741	279	19	0	20	22
tlm_apply_forward_swap	7716741	7717509	768	256	0	0	0
tlm_apply_forward_fold	7717509	7719126	1617	309	0	55	62
tlm_multiply_gcd_reverse_body	7719126	7723511	4385	730	2	243	245
tlm_multiply_gcd_reverse_decode	7723511	7723517	6	0	0	0	3
tlm_multiply_gcd_reverse_apply	7723517	7723518	1	0	0	0	0
tlm_apply_forward_mod_add_register	7723518	7727780	4262	579	3	322	325
tlm_apply_forward_mod_add_fold	7727780	7728333	553	55	2	55	55
tlm_apply_forward_mod_add_clean	7728333	7728612	279	19	0	20	22
tlm_apply_forward_swap	7728612	7729380	768	256	0	0	0
tlm_apply_forward_fold	7729380	7730997	1617	309	0	55	62
tlm_multiply_gcd_reverse_body	7730997	7735436	4439	739	2	246	248
tlm_multiply_gcd_reverse_decode	7735436	7735601	165	17	0	3	8
tlm_multiply_gcd_reverse_apply	7735601	7735602	1	0	0	0	0
tlm_apply_forward_mod_add_register	7735602	7739864	4262	579	3	322	325
tlm_apply_forward_mod_add_fold	7739864	7740417	553	55	2	55	55
tlm_apply_forward_mod_add_clean	7740417	7740696	279	19	0	20	22
tlm_apply_forward_swap	7740696	7741464	768	256	0	0	0
tlm_apply_forward_fold	7741464	7743081	1617	309	0	55	62
tlm_multiply_gcd_reverse_body	7743081	7747540	4459	743	2	247	249
tlm_multiply_gcd_reverse_decode	7747540	7747546	6	0	0	0	3
tlm_multiply_gcd_reverse_apply	7747546	7747547	1	0	0	0	0
tlm_apply_forward_mod_add_register	7747547	7751809	4262	579	3	322	325
tlm_apply_forward_mod_add_fold	7751809	7752362	553	55	2	55	55
tlm_apply_forward_mod_add_clean	7752362	7752641	279	19	0	20	22
tlm_apply_forward_swap	7752641	7753409	768	256	0	0	0
tlm_apply_forward_fold	7753409	7755026	1617	309	0	55	62
tlm_multiply_gcd_reverse_body	7755026	7759519	4493	748	2	249	251
tlm_multiply_gcd_reverse_decode	7759519	7759525	6	0	0	0	3
tlm_multiply_gcd_reverse_apply	7759525	7759526	1	0	0	0	0
tlm_apply_forward_mod_add_register	7759526	7763788	4262	579	3	322	325
tlm_apply_forward_mod_add_fold	7763788	7764341	553	55	2	55	55
tlm_apply_forward_mod_add_clean	7764341	7764620	279	19	0	20	22
tlm_apply_forward_swap	7764620	7765388	768	256	0	0	0
tlm_apply_forward_fold	7765388	7767005	1617	309	0	55	62
tlm_multiply_gcd_reverse_body	7767005	7771490	4485	750	2	248	250
tlm_multiply_gcd_reverse_decode	7771490	7771655	165	17	0	3	8
tlm_multiply_gcd_reverse_apply	7771655	7771656	1	0	0	0	0
tlm_apply_forward_mod_add_register	7771656	7775918	4262	579	3	322	325
tlm_apply_forward_mod_add_fold	7775918	7776471	553	55	2	55	55
tlm_apply_forward_mod_add_clean	7776471	7776750	279	19	0	20	22
tlm_apply_forward_swap	7776750	7777518	768	256	0	0	0
tlm_apply_forward_fold	7777518	7779135	1617	309	0	55	62
tlm_multiply_gcd_reverse_body	7779135	7783640	4505	754	2	249	251
tlm_multiply_gcd_reverse_decode	7783640	7783646	6	0	0	0	3
tlm_multiply_gcd_reverse_apply	7783646	7783647	1	0	0	0	0
tlm_apply_forward_mod_add_register	7783647	7787909	4262	579	3	322	325
tlm_apply_forward_mod_add_fold	7787909	7788462	553	55	2	55	55
tlm_apply_forward_mod_add_clean	7788462	7788741	279	19	0	20	22
tlm_apply_forward_swap	7788741	7789509	768	256	0	0	0
tlm_apply_forward_fold	7789509	7791126	1617	309	0	55	62
tlm_multiply_gcd_reverse_body	7791126	7795685	4559	763	2	252	254
tlm_multiply_gcd_reverse_decode	7795685	7795691	6	0	0	0	3
tlm_multiply_gcd_reverse_apply	7795691	7795692	1	0	0	0	0
tlm_apply_forward_mod_add_register	7795692	7799954	4262	579	3	322	325
tlm_apply_forward_mod_add_fold	7799954	7800507	553	55	2	55	55
tlm_apply_forward_mod_add_clean	7800507	7800786	279	19	0	20	22
tlm_apply_forward_swap	7800786	7801554	768	256	0	0	0
tlm_apply_forward_fold	7801554	7803171	1617	309	0	55	62
tlm_multiply_gcd_reverse_body	7803171	7807764	4593	768	2	254	256
tlm_multiply_gcd_reverse_decode	7807764	7807929	165	17	0	3	8
tlm_multiply_gcd_reverse_apply	7807929	7807930	1	0	0	0	0
tlm_apply_forward_mod_add_register	7807930	7812192	4262	579	3	322	325
tlm_apply_forward_mod_add_fold	7812192	7812745	553	55	2	55	55
tlm_apply_forward_mod_add_clean	7812745	7813024	279	19	0	20	22
tlm_apply_forward_swap	7813024	7813792	768	256	0	0	0
tlm_apply_forward_fold	7813792	7815409	1617	309	0	55	62
tlm_multiply_gcd_reverse_body	7815409	7819974	4565	766	2	252	254
tlm_multiply_gcd_reverse_decode	7819974	7819980	6	0	0	0	3
tlm_multiply_gcd_reverse_apply	7819980	7819981	1	0	0	0	0
tlm_apply_forward_mod_add_register	7819981	7824243	4262	579	3	322	325
tlm_apply_forward_mod_add_fold	7824243	7824796	553	55	2	55	55
tlm_apply_forward_mod_add_clean	7824796	7825075	279	19	0	20	22
tlm_apply_forward_swap	7825075	7825843	768	256	0	0	0
tlm_apply_forward_fold	7825843	7827460	1617	309	0	55	62
tlm_multiply_gcd_reverse_body	7827460	7832059	4599	771	2	254	256
tlm_multiply_gcd_reverse_decode	7832059	7832065	6	0	0	0	3
tlm_multiply_gcd_reverse_apply	7832065	7832066	1	0	0	0	0
tlm_apply_forward_mod_add_register	7832066	7836328	4262	579	3	322	325
tlm_apply_forward_mod_add_fold	7836328	7836881	553	55	2	55	55
tlm_apply_forward_mod_add_clean	7836881	7837160	279	19	0	20	22
tlm_apply_forward_swap	7837160	7837928	768	256	0	0	0
tlm_apply_forward_fold	7837928	7839545	1617	309	0	55	62
tlm_multiply_gcd_reverse_body	7839545	7844150	4605	774	2	254	256
tlm_multiply_gcd_reverse_decode	7844150	7844315	165	17	0	3	8
tlm_multiply_gcd_reverse_apply	7844315	7844316	1	0	0	0	0
tlm_apply_forward_mod_add_register	7844316	7848578	4262	579	3	322	325
tlm_apply_forward_mod_add_fold	7848578	7849131	553	55	2	55	55
tlm_apply_forward_mod_add_clean	7849131	7849410	279	19	0	20	22
tlm_apply_forward_swap	7849410	7850178	768	256	0	0	0
tlm_apply_forward_fold	7850178	7851795	1617	309	0	55	62
tlm_multiply_gcd_reverse_body	7851795	7856420	4625	778	2	255	257
tlm_multiply_gcd_reverse_decode	7856420	7856426	6	0	0	0	3
tlm_multiply_gcd_reverse_apply	7856426	7856427	1	0	0	0	0
tlm_apply_forward_mod_add_register	7856427	7860689	4262	579	3	322	325
tlm_apply_forward_mod_add_fold	7860689	7861242	553	55	2	55	55
tlm_apply_forward_mod_add_clean	7861242	7861521	279	19	0	20	22
tlm_apply_forward_swap	7861521	7862289	768	256	0	0	0
tlm_apply_forward_fold	7862289	7863906	1617	309	0	55	62
tlm_multiply_gcd_reverse_body	7863906	7868551	4645	782	2	256	258
tlm_multiply_gcd_reverse_decode	7868551	7868557	6	0	0	0	3
tlm_multiply_gcd_reverse_apply	7868557	7868558	1	0	0	0	0
tlm_apply_forward_mod_add_register	7868558	7872820	4262	579	3	322	325
tlm_apply_forward_mod_add_fold	7872820	7873373	553	55	2	55	55
tlm_apply_forward_mod_add_clean	7873373	7873652	279	19	0	20	22
tlm_apply_forward_swap	7873652	7874420	768	256	0	0	0
tlm_apply_forward_fold	7874420	7876037	1617	309	0	55	62
tlm_multiply_gcd_reverse_body	7876037	7880702	4665	786	2	257	259
tlm_multiply_gcd_reverse_decode	7880702	7880867	165	17	0	3	8
tlm_multiply_gcd_reverse_apply	7880867	7880868	1	0	0	0	0
tlm_apply_forward_mod_add_register	7880868	7885130	4262	579	3	322	325
tlm_apply_forward_mod_add_fold	7885130	7885683	553	55	2	55	55
tlm_apply_forward_mod_add_clean	7885683	7885962	279	19	0	20	22
tlm_apply_forward_swap	7885962	7886730	768	256	0	0	0
tlm_apply_forward_fold	7886730	7888347	1617	309	0	55	62
tlm_multiply_gcd_reverse_body	7888347	7893032	4685	790	2	258	260
tlm_multiply_gcd_reverse_decode	7893032	7893038	6	0	0	0	3
tlm_multiply_gcd_reverse_apply	7893038	7893039	1	0	0	0	0
tlm_apply_forward_mod_add_register	7893039	7897301	4262	579	3	322	325
tlm_apply_forward_mod_add_fold	7897301	7897854	553	55	2	55	55
tlm_apply_forward_mod_add_clean	7897854	7898133	279	19	0	20	22
tlm_apply_forward_swap	7898133	7898901	768	256	0	0	0
tlm_apply_forward_fold	7898901	7900518	1617	309	0	55	62
tlm_multiply_gcd_reverse_body	7900518	7905223	4705	794	2	259	261
tlm_multiply_gcd_reverse_decode	7905223	7905229	6	0	0	0	3
tlm_multiply_gcd_reverse_apply	7905229	7905230	1	0	0	0	0
tlm_apply_forward_mod_add_register	7905230	7909492	4262	579	3	322	325
tlm_apply_forward_mod_add_fold	7909492	7910045	553	55	2	55	55
tlm_apply_forward_mod_add_clean	7910045	7910324	279	19	0	20	22
tlm_apply_forward_swap	7910324	7911092	768	256	0	0	0
tlm_apply_forward_fold	7911092	7912709	1617	309	0	55	62
tlm_multiply_gcd_reverse_body	7912709	7917420	4711	797	2	259	261
tlm_multiply_gcd_reverse_decode	7917420	7917585	165	17	0	3	8
tlm_multiply_gcd_reverse_apply	7917585	7917586	1	0	0	0	0
tlm_apply_forward_mod_add_register	7917586	7921848	4262	579	3	322	325
tlm_apply_forward_mod_add_fold	7921848	7922401	553	55	2	55	55
tlm_apply_forward_mod_add_clean	7922401	7922680	279	19	0	20	22
tlm_apply_forward_swap	7922680	7923448	768	256	0	0	0
tlm_apply_forward_fold	7923448	7925065	1617	309	0	55	62
tlm_multiply_gcd_reverse_body	7925065	7929796	4731	801	2	260	262
tlm_multiply_gcd_reverse_decode	7929796	7929802	6	0	0	0	3
tlm_multiply_gcd_reverse_apply	7929802	7929803	1	0	0	0	0
tlm_apply_forward_mod_add_register	7929803	7934065	4262	579	3	322	325
tlm_apply_forward_mod_add_fold	7934065	7934618	553	55	2	55	55
tlm_apply_forward_mod_add_clean	7934618	7934897	279	19	0	20	22
tlm_apply_forward_swap	7934897	7935665	768	256	0	0	0
tlm_apply_forward_fold	7935665	7937282	1617	309	0	55	62
tlm_multiply_gcd_reverse_body	7937282	7942061	4779	807	2	263	265
tlm_multiply_gcd_reverse_decode	7942061	7942067	6	0	0	0	3
tlm_multiply_gcd_reverse_apply	7942067	7942068	1	0	0	0	0
tlm_apply_forward_mod_add_register	7942068	7946330	4262	579	3	322	325
tlm_apply_forward_mod_add_fold	7946330	7946883	553	55	2	55	55
tlm_apply_forward_mod_add_clean	7946883	7947162	279	19	0	20	22
tlm_apply_forward_swap	7947162	7947930	768	256	0	0	0
tlm_apply_forward_fold	7947930	7949547	1617	309	0	55	62
tlm_multiply_gcd_reverse_body	7949547	7954332	4785	810	2	263	265
tlm_multiply_gcd_reverse_decode	7954332	7954497	165	17	0	3	8
tlm_multiply_gcd_reverse_apply	7954497	7954498	1	0	0	0	0
tlm_apply_forward_mod_add_register	7954498	7958760	4262	579	3	322	325
tlm_apply_forward_mod_add_fold	7958760	7959313	553	55	2	55	55
tlm_apply_forward_mod_add_clean	7959313	7959592	279	19	0	20	22
tlm_apply_forward_swap	7959592	7960360	768	256	0	0	0
tlm_apply_forward_fold	7960360	7961977	1617	309	0	55	62
tlm_multiply_gcd_reverse_body	7961977	7966782	4805	814	2	264	266
tlm_multiply_gcd_reverse_decode	7966782	7966788	6	0	0	0	3
tlm_multiply_gcd_reverse_apply	7966788	7966789	1	0	0	0	0
tlm_apply_forward_mod_add_register	7966789	7971051	4262	579	3	322	325
tlm_apply_forward_mod_add_fold	7971051	7971604	553	55	2	55	55
tlm_apply_forward_mod_add_clean	7971604	7971883	279	19	0	20	22
tlm_apply_forward_swap	7971883	7972651	768	256	0	0	0
tlm_apply_forward_fold	7972651	7974268	1617	309	0	55	62
tlm_multiply_gcd_reverse_body	7974268	7979079	4811	817	2	264	266
tlm_multiply_gcd_reverse_decode	7979079	7979085	6	0	0	0	3
tlm_multiply_gcd_reverse_apply	7979085	7979086	1	0	0	0	0
tlm_apply_forward_mod_add_register	7979086	7983348	4262	579	3	322	325
tlm_apply_forward_mod_add_fold	7983348	7983901	553	55	2	55	55
tlm_apply_forward_mod_add_clean	7983901	7984180	279	19	0	20	22
tlm_apply_forward_swap	7984180	7984948	768	256	0	0	0
tlm_apply_forward_fold	7984948	7986565	1617	309	0	55	62
tlm_multiply_gcd_reverse_body	7986565	7991396	4831	821	2	265	267
tlm_multiply_gcd_reverse_decode	7991396	7991561	165	17	0	3	8
tlm_multiply_gcd_reverse_apply	7991561	7991562	1	0	0	0	0
tlm_apply_forward_mod_add_register	7991562	7995824	4262	579	3	322	325
tlm_apply_forward_mod_add_fold	7995824	7996377	553	55	2	55	55
tlm_apply_forward_mod_add_clean	7996377	7996656	279	19	0	20	22
tlm_apply_forward_swap	7996656	7997424	768	256	0	0	0
tlm_apply_forward_fold	7997424	7999041	1617	309	0	55	62
tlm_multiply_gcd_reverse_body	7999041	8003878	4837	824	2	265	267
tlm_multiply_gcd_reverse_decode	8003878	8003884	6	0	0	0	3
tlm_multiply_gcd_reverse_apply	8003884	8003885	1	0	0	0	0
tlm_apply_forward_mod_add_register	8003885	8008147	4262	579	3	322	325
tlm_apply_forward_mod_add_fold	8008147	8008700	553	55	2	55	55
tlm_apply_forward_mod_add_clean	8008700	8008979	279	19	0	20	22
tlm_apply_forward_swap	8008979	8009747	768	256	0	0	0
tlm_apply_forward_fold	8009747	8011364	1617	309	0	55	62
tlm_multiply_gcd_reverse_body	8011364	8016235	4871	829	2	267	269
tlm_multiply_gcd_reverse_decode	8016235	8016241	6	0	0	0	3
tlm_multiply_gcd_reverse_apply	8016241	8016242	1	0	0	0	0
tlm_apply_forward_mod_add_register	8016242	8020504	4262	579	3	322	325
tlm_apply_forward_mod_add_fold	8020504	8021057	553	55	2	55	55
tlm_apply_forward_mod_add_clean	8021057	8021336	279	19	0	20	22
tlm_apply_forward_swap	8021336	8022104	768	256	0	0	0
tlm_apply_forward_fold	8022104	8023721	1617	309	0	55	62
tlm_multiply_gcd_reverse_body	8023721	8028626	4905	834	2	269	271
tlm_multiply_gcd_reverse_decode	8028626	8028791	165	17	0	3	8
tlm_multiply_gcd_reverse_apply	8028791	8028792	1	0	0	0	0
tlm_apply_forward_mod_add_register	8028792	8033054	4262	579	3	322	325
tlm_apply_forward_mod_add_fold	8033054	8033607	553	55	2	55	55
tlm_apply_forward_mod_add_clean	8033607	8033886	279	19	0	20	22
tlm_apply_forward_swap	8033886	8034654	768	256	0	0	0
tlm_apply_forward_fold	8034654	8036271	1617	309	0	55	62
tlm_multiply_gcd_reverse_body	8036271	8041182	4911	837	2	269	271
tlm_multiply_gcd_reverse_decode	8041182	8041188	6	0	0	0	3
tlm_multiply_gcd_reverse_apply	8041188	8041189	1	0	0	0	0
tlm_apply_forward_mod_add_register	8041189	8045451	4262	579	3	322	325
tlm_apply_forward_mod_add_fold	8045451	8046004	553	55	2	55	55
tlm_apply_forward_mod_add_clean	8046004	8046283	279	19	0	20	22
tlm_apply_forward_swap	8046283	8047051	768	256	0	0	0
tlm_apply_forward_fold	8047051	8048668	1617	309	0	55	62
tlm_multiply_gcd_reverse_body	8048668	8053599	4931	841	2	270	272
tlm_multiply_gcd_reverse_decode	8053599	8053605	6	0	0	0	3
tlm_multiply_gcd_reverse_apply	8053605	8053606	1	0	0	0	0
tlm_apply_forward_mod_add_register	8053606	8057868	4262	579	3	322	325
tlm_apply_forward_mod_add_fold	8057868	8058421	553	55	2	55	55
tlm_apply_forward_mod_add_clean	8058421	8058700	279	19	0	20	22
tlm_apply_forward_swap	8058700	8059468	768	256	0	0	0
tlm_apply_forward_fold	8059468	8061085	1617	309	0	55	62
tlm_multiply_gcd_reverse_body	8061085	8066022	4937	844	2	270	272
tlm_multiply_gcd_reverse_decode	8066022	8066187	165	17	0	3	8
tlm_multiply_gcd_reverse_apply	8066187	8066188	1	0	0	0	0
tlm_apply_forward_mod_add_register	8066188	8070450	4262	579	3	322	325
tlm_apply_forward_mod_add_fold	8070450	8071003	553	55	2	55	55
tlm_apply_forward_mod_add_clean	8071003	8071282	279	19	0	20	22
tlm_apply_forward_swap	8071282	8072050	768	256	0	0	0
tlm_apply_forward_fold	8072050	8073667	1617	309	0	55	62
tlm_multiply_gcd_reverse_body	8073667	8078624	4957	848	2	271	273
tlm_multiply_gcd_reverse_decode	8078624	8078630	6	0	0	0	3
tlm_multiply_gcd_reverse_apply	8078630	8078631	1	0	0	0	0
tlm_apply_forward_mod_add_register	8078631	8082893	4262	579	3	322	325
tlm_apply_forward_mod_add_fold	8082893	8083446	553	55	2	55	55
tlm_apply_forward_mod_add_clean	8083446	8083725	279	19	0	20	22
tlm_apply_forward_swap	8083725	8084493	768	256	0	0	0
tlm_apply_forward_fold	8084493	8086110	1617	309	0	55	62
tlm_multiply_gcd_reverse_body	8086110	8091087	4977	852	2	272	274
tlm_multiply_gcd_reverse_decode	8091087	8091093	6	0	0	0	3
tlm_multiply_gcd_reverse_apply	8091093	8091094	1	0	0	0	0
tlm_apply_forward_mod_add_register	8091094	8095356	4262	579	3	322	325
tlm_apply_forward_mod_add_fold	8095356	8095909	553	55	2	55	55
tlm_apply_forward_mod_add_clean	8095909	8096188	279	19	0	20	22
tlm_apply_forward_swap	8096188	8096956	768	256	0	0	0
tlm_apply_forward_fold	8096956	8098573	1617	309	0	55	62
tlm_multiply_gcd_reverse_body	8098573	8103570	4997	856	2	273	275
tlm_multiply_gcd_reverse_decode	8103570	8103735	165	17	0	3	8
tlm_multiply_gcd_reverse_apply	8103735	8103736	1	0	0	0	0
tlm_apply_forward_mod_add_register	8103736	8107998	4262	579	3	322	325
tlm_apply_forward_mod_add_fold	8107998	8108551	553	55	2	55	55
tlm_apply_forward_mod_add_clean	8108551	8108830	279	19	0	20	22
tlm_apply_forward_swap	8108830	8109598	768	256	0	0	0
tlm_apply_forward_fold	8109598	8111215	1617	309	0	55	62
tlm_multiply_gcd_reverse_body	8111215	8116232	5017	860	2	274	276
tlm_multiply_gcd_reverse_decode	8116232	8116238	6	0	0	0	3
tlm_multiply_gcd_reverse_apply	8116238	8116239	1	0	0	0	0
tlm_apply_forward_mod_add_register	8116239	8120501	4262	579	3	322	325
tlm_apply_forward_mod_add_fold	8120501	8121054	553	55	2	55	55
tlm_apply_forward_mod_add_clean	8121054	8121333	279	19	0	20	22
tlm_apply_forward_swap	8121333	8122101	768	256	0	0	0
tlm_apply_forward_fold	8122101	8123718	1617	309	0	55	62
tlm_multiply_gcd_reverse_body	8123718	8128755	5037	864	2	275	277
tlm_multiply_gcd_reverse_decode	8128755	8128761	6	0	0	0	3
tlm_multiply_gcd_reverse_apply	8128761	8128762	1	0	0	0	0
tlm_apply_forward_mod_add_register	8128762	8133024	4262	579	3	322	325
tlm_apply_forward_mod_add_fold	8133024	8133577	553	55	2	55	55
tlm_apply_forward_mod_add_clean	8133577	8133856	279	19	0	20	22
tlm_apply_forward_swap	8133856	8134624	768	256	0	0	0
tlm_apply_forward_fold	8134624	8136241	1617	309	0	55	62
tlm_multiply_gcd_reverse_body	8136241	8141284	5043	867	2	275	277
tlm_multiply_gcd_reverse_decode	8141284	8141449	165	17	0	3	8
tlm_multiply_gcd_reverse_apply	8141449	8141450	1	0	0	0	0
tlm_apply_forward_mod_add_register	8141450	8145712	4262	579	3	322	325
tlm_apply_forward_mod_add_fold	8145712	8146265	553	55	2	55	55
tlm_apply_forward_mod_add_clean	8146265	8146544	279	19	0	20	22
tlm_apply_forward_swap	8146544	8147312	768	256	0	0	0
tlm_apply_forward_fold	8147312	8148929	1617	309	0	55	62
tlm_multiply_gcd_reverse_body	8148929	8153992	5063	871	2	276	278
tlm_multiply_gcd_reverse_decode	8153992	8153998	6	0	0	0	3
tlm_multiply_gcd_reverse_apply	8153998	8153999	1	0	0	0	0
tlm_apply_forward_mod_add_register	8153999	8158261	4262	579	3	322	325
tlm_apply_forward_mod_add_fold	8158261	8158814	553	55	2	55	55
tlm_apply_forward_mod_add_clean	8158814	8159093	279	19	0	20	22
tlm_apply_forward_swap	8159093	8159861	768	256	0	0	0
tlm_apply_forward_fold	8159861	8161478	1617	309	0	55	62
tlm_multiply_gcd_reverse_body	8161478	8166561	5083	875	2	277	279
tlm_multiply_gcd_reverse_decode	8166561	8166567	6	0	0	0	3
tlm_multiply_gcd_reverse_apply	8166567	8166568	1	0	0	0	0
tlm_apply_forward_mod_add_register	8166568	8170830	4262	579	3	322	325
tlm_apply_forward_mod_add_fold	8170830	8171383	553	55	2	55	55
tlm_apply_forward_mod_add_clean	8171383	8171662	279	19	0	20	22
tlm_apply_forward_swap	8171662	8172430	768	256	0	0	0
tlm_apply_forward_fold	8172430	8174047	1617	309	0	55	62
tlm_multiply_gcd_reverse_body	8174047	8179150	5103	879	2	278	280
tlm_multiply_gcd_reverse_decode	8179150	8179315	165	17	0	3	8
tlm_multiply_gcd_reverse_apply	8179315	8179316	1	0	0	0	0
tlm_apply_forward_mod_add_register	8179316	8183578	4262	579	3	322	325
tlm_apply_forward_mod_add_fold	8183578	8184131	553	55	2	55	55
tlm_apply_forward_mod_add_clean	8184131	8184410	279	19	0	20	22
tlm_apply_forward_swap	8184410	8185178	768	256	0	0	0
tlm_apply_forward_fold	8185178	8186795	1617	309	0	55	62
tlm_multiply_gcd_reverse_body	8186795	8191918	5123	883	2	279	281
tlm_multiply_gcd_reverse_decode	8191918	8191924	6	0	0	0	3
tlm_multiply_gcd_reverse_apply	8191924	8191925	1	0	0	0	0
tlm_apply_forward_mod_add_register	8191925	8196187	4262	579	3	322	325
tlm_apply_forward_mod_add_fold	8196187	8196740	553	55	2	55	55
tlm_apply_forward_mod_add_clean	8196740	8197019	279	19	0	20	22
tlm_apply_forward_swap	8197019	8197787	768	256	0	0	0
tlm_apply_forward_fold	8197787	8199404	1617	309	0	55	62
tlm_multiply_gcd_reverse_body	8199404	8204547	5143	887	2	280	282
tlm_multiply_gcd_reverse_decode	8204547	8204553	6	0	0	0	3
tlm_multiply_gcd_reverse_apply	8204553	8204554	1	0	0	0	0
tlm_apply_forward_mod_add_register	8204554	8208816	4262	579	3	322	325
tlm_apply_forward_mod_add_fold	8208816	8209369	553	55	2	55	55
tlm_apply_forward_mod_add_clean	8209369	8209648	279	19	0	20	22
tlm_apply_forward_swap	8209648	8210416	768	256	0	0	0
tlm_apply_forward_fold	8210416	8212033	1617	309	0	55	62
tlm_multiply_gcd_reverse_body	8212033	8217196	5163	891	2	281	283
tlm_multiply_gcd_reverse_decode	8217196	8217361	165	17	0	3	8
tlm_multiply_gcd_reverse_apply	8217361	8217362	1	0	0	0	0
tlm_apply_forward_mod_add_register	8217362	8221624	4262	579	3	322	325
tlm_apply_forward_mod_add_fold	8221624	8222177	553	55	2	55	55
tlm_apply_forward_mod_add_clean	8222177	8222456	279	19	0	20	22
tlm_apply_forward_swap	8222456	8223224	768	256	0	0	0
tlm_apply_forward_fold	8223224	8224841	1617	309	0	55	62
tlm_multiply_gcd_reverse_body	8224841	8230024	5183	895	2	282	284
tlm_multiply_gcd_reverse_decode	8230024	8230030	6	0	0	0	3
tlm_multiply_gcd_reverse_apply	8230030	8230031	1	0	0	0	0
tlm_apply_forward_mod_add_register	8230031	8234293	4262	579	3	322	325
tlm_apply_forward_mod_add_fold	8234293	8234846	553	55	2	55	55
tlm_apply_forward_mod_add_clean	8234846	8235125	279	19	0	20	22
tlm_apply_forward_swap	8235125	8235893	768	256	0	0	0
tlm_apply_forward_fold	8235893	8237510	1617	309	0	55	62
tlm_multiply_gcd_reverse_body	8237510	8242713	5203	899	2	283	285
tlm_multiply_gcd_reverse_decode	8242713	8242719	6	0	0	0	3
tlm_multiply_gcd_reverse_apply	8242719	8242720	1	0	0	0	0
tlm_apply_forward_mod_add_register	8242720	8246982	4262	579	3	322	325
tlm_apply_forward_mod_add_fold	8246982	8247535	553	55	2	55	55
tlm_apply_forward_mod_add_clean	8247535	8247814	279	19	0	20	22
tlm_apply_forward_swap	8247814	8248582	768	256	0	0	0
tlm_apply_forward_fold	8248582	8250199	1617	309	0	55	62
tlm_multiply_gcd_reverse_body	8250199	8255422	5223	903	2	284	286
tlm_multiply_gcd_reverse_decode	8255422	8255587	165	17	0	3	8
tlm_multiply_gcd_reverse_apply	8255587	8255588	1	0	0	0	0
tlm_apply_forward_mod_add_register	8255588	8259850	4262	579	3	322	325
tlm_apply_forward_mod_add_fold	8259850	8260403	553	55	2	55	55
tlm_apply_forward_mod_add_clean	8260403	8260682	279	19	0	20	22
tlm_apply_forward_swap	8260682	8261450	768	256	0	0	0
tlm_apply_forward_fold	8261450	8263067	1617	309	0	55	62
tlm_multiply_gcd_reverse_body	8263067	8268310	5243	907	2	285	287
tlm_multiply_gcd_reverse_decode	8268310	8268316	6	0	0	0	3
tlm_multiply_gcd_reverse_apply	8268316	8268317	1	0	0	0	0
tlm_apply_forward_mod_add_register	8268317	8272579	4262	579	3	322	325
tlm_apply_forward_mod_add_fold	8272579	8273132	553	55	2	55	55
tlm_apply_forward_mod_add_clean	8273132	8273411	279	19	0	20	22
tlm_apply_forward_swap	8273411	8274179	768	256	0	0	0
tlm_apply_forward_fold	8274179	8275796	1617	309	0	55	62
tlm_multiply_gcd_reverse_body	8275796	8281059	5263	911	2	286	288
tlm_multiply_gcd_reverse_decode	8281059	8281065	6	0	0	0	3
tlm_multiply_gcd_reverse_apply	8281065	8281066	1	0	0	0	0
tlm_apply_forward_mod_add_register	8281066	8285328	4262	579	3	322	325
tlm_apply_forward_mod_add_fold	8285328	8285881	553	55	2	55	55
tlm_apply_forward_mod_add_clean	8285881	8286160	279	19	0	20	22
tlm_apply_forward_swap	8286160	8286928	768	256	0	0	0
tlm_apply_forward_fold	8286928	8288545	1617	309	0	55	62
tlm_multiply_gcd_reverse_body	8288545	8293814	5269	914	2	286	288
tlm_multiply_gcd_reverse_decode	8293814	8293979	165	17	0	3	8
tlm_multiply_gcd_reverse_apply	8293979	8293980	1	0	0	0	0
tlm_apply_forward_mod_add_register	8293980	8298242	4262	579	3	322	325
tlm_apply_forward_mod_add_fold	8298242	8298795	553	55	2	55	55
tlm_apply_forward_mod_add_clean	8298795	8299074	279	19	0	20	22
tlm_apply_forward_swap	8299074	8299842	768	256	0	0	0
tlm_apply_forward_fold	8299842	8301459	1617	309	0	55	62
tlm_multiply_gcd_reverse_body	8301459	8306748	5289	918	2	287	289
tlm_multiply_gcd_reverse_decode	8306748	8306754	6	0	0	0	3
tlm_multiply_gcd_reverse_apply	8306754	8306755	1	0	0	0	0
tlm_apply_forward_mod_add_register	8306755	8311017	4262	579	3	322	325
tlm_apply_forward_mod_add_fold	8311017	8311570	553	55	2	55	55
tlm_apply_forward_mod_add_clean	8311570	8311849	279	19	0	20	22
tlm_apply_forward_swap	8311849	8312617	768	256	0	0	0
tlm_apply_forward_fold	8312617	8314234	1617	309	0	55	62
tlm_multiply_gcd_reverse_body	8314234	8319543	5309	922	2	288	290
tlm_multiply_gcd_reverse_decode	8319543	8319549	6	0	0	0	3
tlm_multiply_gcd_reverse_apply	8319549	8319550	1	0	0	0	0
tlm_apply_forward_mod_add_register	8319550	8323812	4262	579	3	322	325
tlm_apply_forward_mod_add_fold	8323812	8324365	553	55	2	55	55
tlm_apply_forward_mod_add_clean	8324365	8324644	279	19	0	20	22
tlm_apply_forward_swap	8324644	8325412	768	256	0	0	0
tlm_apply_forward_fold	8325412	8327029	1617	309	0	55	62
tlm_multiply_gcd_reverse_body	8327029	8332358	5329	926	2	289	291
tlm_multiply_gcd_reverse_decode	8332358	8332523	165	17	0	3	8
tlm_multiply_gcd_reverse_apply	8332523	8332524	1	0	0	0	0
tlm_apply_forward_mod_add_register	8332524	8336786	4262	579	3	322	325
tlm_apply_forward_mod_add_fold	8336786	8337339	553	55	2	55	55
tlm_apply_forward_mod_add_clean	8337339	8337618	279	19	0	20	22
tlm_apply_forward_swap	8337618	8338386	768	256	0	0	0
tlm_apply_forward_fold	8338386	8340003	1617	309	0	55	62
tlm_multiply_gcd_reverse_body	8340003	8345352	5349	930	2	290	292
tlm_multiply_gcd_reverse_decode	8345352	8345358	6	0	0	0	3
tlm_multiply_gcd_reverse_apply	8345358	8345359	1	0	0	0	0
tlm_apply_forward_mod_add_register	8345359	8349621	4262	579	3	322	325
tlm_apply_forward_mod_add_fold	8349621	8350174	553	55	2	55	55
tlm_apply_forward_mod_add_clean	8350174	8350453	279	19	0	20	22
tlm_apply_forward_swap	8350453	8351221	768	256	0	0	0
tlm_apply_forward_fold	8351221	8352838	1617	309	0	55	62
tlm_multiply_gcd_reverse_body	8352838	8358207	5369	934	2	291	293
tlm_multiply_gcd_reverse_decode	8358207	8358213	6	0	0	0	3
tlm_multiply_gcd_reverse_apply	8358213	8358214	1	0	0	0	0
tlm_apply_forward_mod_add_register	8358214	8362476	4262	579	3	322	325
tlm_apply_forward_mod_add_fold	8362476	8363029	553	55	2	55	55
tlm_apply_forward_mod_add_clean	8363029	8363308	279	19	0	20	22
tlm_apply_forward_swap	8363308	8364076	768	256	0	0	0
tlm_apply_forward_fold	8364076	8365693	1617	309	0	55	62
tlm_multiply_gcd_reverse_body	8365693	8371068	5375	937	2	291	293
tlm_multiply_gcd_reverse_decode	8371068	8371233	165	17	0	3	8
tlm_multiply_gcd_reverse_apply	8371233	8371234	1	0	0	0	0
tlm_apply_forward_mod_add_register	8371234	8375496	4262	579	3	322	325
tlm_apply_forward_mod_add_fold	8375496	8376049	553	55	2	55	55
tlm_apply_forward_mod_add_clean	8376049	8376328	279	19	0	20	22
tlm_apply_forward_swap	8376328	8377096	768	256	0	0	0
tlm_apply_forward_fold	8377096	8378713	1617	309	0	55	62
tlm_multiply_gcd_reverse_body	8378713	8384122	5409	942	2	293	295
tlm_multiply_gcd_reverse_decode	8384122	8384128	6	0	0	0	3
tlm_multiply_gcd_reverse_apply	8384128	8384129	1	0	0	0	0
tlm_apply_forward_mod_add_register	8384129	8388391	4262	579	3	322	325
tlm_apply_forward_mod_add_fold	8388391	8388944	553	55	2	55	55
tlm_apply_forward_mod_add_clean	8388944	8389223	279	19	0	20	22
tlm_apply_forward_swap	8389223	8389991	768	256	0	0	0
tlm_apply_forward_fold	8389991	8391608	1617	309	0	55	62
tlm_multiply_gcd_reverse_body	8391608	8397023	5415	945	2	293	295
tlm_multiply_gcd_reverse_decode	8397023	8397029	6	0	0	0	3
tlm_multiply_gcd_reverse_apply	8397029	8397030	1	0	0	0	0
tlm_apply_forward_mod_add_register	8397030	8400979	3949	557	2	300	302
tlm_apply_forward_mod_add_fold	8400979	8401532	553	55	2	55	55
tlm_apply_forward_mod_add_clean	8401532	8401811	279	19	0	20	22
tlm_apply_forward_swap	8401811	8402579	768	256	0	0	0
tlm_apply_forward_fold	8402579	8404196	1617	309	0	55	62
tlm_multiply_gcd_reverse_body	8404196	8409645	5449	950	2	295	297
tlm_multiply_gcd_reverse_decode	8409645	8409810	165	17	0	3	8
tlm_multiply_gcd_reverse_apply	8409810	8409811	1	0	0	0	0
tlm_apply_forward_mod_add_register	8409811	8414073	4262	579	3	322	325
tlm_apply_forward_mod_add_fold	8414073	8414626	553	55	2	55	55
tlm_apply_forward_mod_add_clean	8414626	8414905	279	19	0	20	22
tlm_apply_forward_swap	8414905	8415673	768	256	0	0	0
tlm_apply_forward_fold	8415673	8417290	1617	309	0	55	62
tlm_multiply_gcd_reverse_body	8417290	8422745	5455	953	2	295	297
tlm_multiply_gcd_reverse_decode	8422745	8422751	6	0	0	0	3
tlm_multiply_gcd_reverse_apply	8422751	8422752	1	0	0	0	0
tlm_apply_forward_mod_add_register	8422752	8426701	3949	557	2	300	302
tlm_apply_forward_mod_add_fold	8426701	8427254	553	55	2	55	55
tlm_apply_forward_mod_add_clean	8427254	8427533	279	19	0	20	22
tlm_apply_forward_swap	8427533	8428301	768	256	0	0	0
tlm_apply_forward_fold	8428301	8429918	1617	309	0	55	62
tlm_multiply_gcd_reverse_body	8429918	8435393	5475	957	2	296	298
tlm_multiply_gcd_reverse_decode	8435393	8435399	6	0	0	0	3
tlm_multiply_gcd_reverse_apply	8435399	8435400	1	0	0	0	0
tlm_apply_forward_mod_add_register	8435400	8439349	3949	557	2	300	302
tlm_apply_forward_mod_add_fold	8439349	8439902	553	55	2	55	55
tlm_apply_forward_mod_add_clean	8439902	8440181	279	19	0	20	22
tlm_apply_forward_swap	8440181	8440949	768	256	0	0	0
tlm_apply_forward_fold	8440949	8442566	1617	309	0	55	62
tlm_multiply_gcd_reverse_body	8442566	8448061	5495	961	2	297	299
tlm_multiply_gcd_reverse_decode	8448061	8448226	165	17	0	3	8
tlm_multiply_gcd_reverse_apply	8448226	8448227	1	0	0	0	0
tlm_apply_forward_mod_add_register	8448227	8452176	3949	557	2	300	302
tlm_apply_forward_mod_add_fold	8452176	8452729	553	55	2	55	55
tlm_apply_forward_mod_add_clean	8452729	8453008	279	19	0	20	22
tlm_apply_forward_swap	8453008	8453776	768	256	0	0	0
tlm_apply_forward_fold	8453776	8455393	1617	309	0	55	62
tlm_multiply_gcd_reverse_body	8455393	8460908	5515	965	2	298	300
tlm_multiply_gcd_reverse_decode	8460908	8460914	6	0	0	0	3
tlm_multiply_gcd_reverse_apply	8460914	8460915	1	0	0	0	0
tlm_apply_forward_mod_add_register	8460915	8464864	3949	557	2	300	302
tlm_apply_forward_mod_add_fold	8464864	8465417	553	55	2	55	55
tlm_apply_forward_mod_add_clean	8465417	8465696	279	19	0	20	22
tlm_apply_forward_swap	8465696	8466464	768	256	0	0	0
tlm_apply_forward_fold	8466464	8468081	1617	309	0	55	62
tlm_multiply_gcd_reverse_body	8468081	8473602	5521	968	2	298	300
tlm_multiply_gcd_reverse_decode	8473602	8473608	6	0	0	0	3
tlm_multiply_gcd_reverse_apply	8473608	8473609	1	0	0	0	0
tlm_apply_forward_mod_add_register	8473609	8477558	3949	557	2	300	302
tlm_apply_forward_mod_add_fold	8477558	8478111	553	55	2	55	55
tlm_apply_forward_mod_add_clean	8478111	8478390	279	19	0	20	22
tlm_apply_forward_swap	8478390	8479158	768	256	0	0	0
tlm_apply_forward_fold	8479158	8480775	1617	309	0	55	62
tlm_multiply_gcd_reverse_body	8480775	8486330	5555	973	2	300	302
tlm_multiply_gcd_reverse_decode	8486330	8486495	165	17	0	3	8
tlm_multiply_gcd_reverse_apply	8486495	8486496	1	0	0	0	0
tlm_apply_forward_mod_add_register	8486496	8490445	3949	557	2	300	302
tlm_apply_forward_mod_add_fold	8490445	8490998	553	55	2	55	55
tlm_apply_forward_mod_add_clean	8490998	8491277	279	19	0	20	22
tlm_apply_forward_swap	8491277	8492045	768	256	0	0	0
tlm_apply_forward_fold	8492045	8493662	1617	309	0	55	62
tlm_multiply_gcd_reverse_body	8493662	8499237	5575	977	2	301	303
tlm_multiply_gcd_reverse_decode	8499237	8499243	6	0	0	0	3
tlm_multiply_gcd_reverse_apply	8499243	8499244	1	0	0	0	0
tlm_apply_forward_mod_add_register	8499244	8503193	3949	557	2	300	302
tlm_apply_forward_mod_add_fold	8503193	8503746	553	55	2	55	55
tlm_apply_forward_mod_add_clean	8503746	8504025	279	19	0	20	22
tlm_apply_forward_swap	8504025	8504793	768	256	0	0	0
tlm_apply_forward_fold	8504793	8506410	1617	309	0	55	62
tlm_multiply_gcd_reverse_body	8506410	8512005	5595	981	2	302	304
tlm_multiply_gcd_reverse_decode	8512005	8512011	6	0	0	0	3
tlm_multiply_gcd_reverse_apply	8512011	8512012	1	0	0	0	0
tlm_apply_forward_mod_add_register	8512012	8515961	3949	557	2	300	302
tlm_apply_forward_mod_add_fold	8515961	8516514	553	55	2	55	55
tlm_apply_forward_mod_add_clean	8516514	8516793	279	19	0	20	22
tlm_apply_forward_swap	8516793	8517561	768	256	0	0	0
tlm_apply_forward_fold	8517561	8519178	1617	309	0	55	62
tlm_multiply_gcd_reverse_body	8519178	8524779	5601	984	2	302	304
tlm_multiply_gcd_reverse_decode	8524779	8524944	165	17	0	3	8
tlm_multiply_gcd_reverse_apply	8524944	8524945	1	0	0	0	0
tlm_apply_forward_mod_add_register	8524945	8528894	3949	557	2	300	302
tlm_apply_forward_mod_add_fold	8528894	8529447	553	55	2	55	55
tlm_apply_forward_mod_add_clean	8529447	8529726	279	19	0	20	22
tlm_apply_forward_swap	8529726	8530494	768	256	0	0	0
tlm_apply_forward_fold	8530494	8532111	1617	309	0	55	62
tlm_multiply_gcd_reverse_body	8532111	8537746	5635	989	2	304	306
tlm_multiply_gcd_reverse_decode	8537746	8537752	6	0	0	0	3
tlm_multiply_gcd_reverse_apply	8537752	8537753	1	0	0	0	0
tlm_apply_forward_mod_add_register	8537753	8541702	3949	557	2	300	302
tlm_apply_forward_mod_add_fold	8541702	8542255	553	55	2	55	55
tlm_apply_forward_mod_add_clean	8542255	8542534	279	19	0	20	22
tlm_apply_forward_swap	8542534	8543302	768	256	0	0	0
tlm_apply_forward_fold	8543302	8544919	1617	309	0	55	62
tlm_multiply_gcd_reverse_body	8544919	8550560	5641	992	2	304	306
tlm_multiply_gcd_reverse_decode	8550560	8550566	6	0	0	0	3
tlm_multiply_gcd_reverse_apply	8550566	8550567	1	0	0	0	0
tlm_apply_forward_mod_add_register	8550567	8554516	3949	557	2	300	302
tlm_apply_forward_mod_add_fold	8554516	8555069	553	55	2	55	55
tlm_apply_forward_mod_add_clean	8555069	8555348	279	19	0	20	22
tlm_apply_forward_swap	8555348	8556116	768	256	0	0	0
tlm_apply_forward_fold	8556116	8557733	1617	309	0	55	62
tlm_multiply_gcd_reverse_body	8557733	8563394	5661	996	2	305	307
tlm_multiply_gcd_reverse_decode	8563394	8563559	165	17	0	3	8
tlm_multiply_gcd_reverse_apply	8563559	8563560	1	0	0	0	0
tlm_apply_forward_mod_add_register	8563560	8567509	3949	557	2	300	302
tlm_apply_forward_mod_add_fold	8567509	8568062	553	55	2	55	55
tlm_apply_forward_mod_add_clean	8568062	8568341	279	19	0	20	22
tlm_apply_forward_swap	8568341	8569109	768	256	0	0	0
tlm_apply_forward_fold	8569109	8570726	1617	309	0	55	62
tlm_multiply_gcd_reverse_body	8570726	8576407	5681	1000	2	306	308
tlm_multiply_gcd_reverse_decode	8576407	8576413	6	0	0	0	3
tlm_multiply_gcd_reverse_apply	8576413	8576414	1	0	0	0	0
tlm_apply_forward_mod_add_register	8576414	8580363	3949	557	2	300	302
tlm_apply_forward_mod_add_fold	8580363	8580916	553	55	2	55	55
tlm_apply_forward_mod_add_clean	8580916	8581195	279	19	0	20	22
tlm_apply_forward_swap	8581195	8581963	768	256	0	0	0
tlm_apply_forward_fold	8581963	8583580	1617	309	0	55	62
tlm_multiply_gcd_reverse_body	8583580	8589281	5701	1004	2	307	309
tlm_multiply_gcd_reverse_decode	8589281	8589287	6	0	0	0	3
tlm_multiply_gcd_reverse_apply	8589287	8589288	1	0	0	0	0
tlm_apply_forward_mod_add_register	8589288	8593237	3949	557	2	300	302
tlm_apply_forward_mod_add_fold	8593237	8593790	553	55	2	55	55
tlm_apply_forward_mod_add_clean	8593790	8594069	279	19	0	20	22
tlm_apply_forward_swap	8594069	8594837	768	256	0	0	0
tlm_apply_forward_fold	8594837	8596454	1617	309	0	55	62
tlm_multiply_gcd_reverse_body	8596454	8602161	5707	1007	2	307	309
tlm_multiply_gcd_reverse_decode	8602161	8602326	165	17	0	3	8
tlm_multiply_gcd_reverse_apply	8602326	8602327	1	0	0	0	0
tlm_apply_forward_mod_add_register	8602327	8606276	3949	557	2	300	302
tlm_apply_forward_mod_add_fold	8606276	8606829	553	55	2	55	55
tlm_apply_forward_mod_add_clean	8606829	8607108	279	19	0	20	22
tlm_apply_forward_swap	8607108	8607876	768	256	0	0	0
tlm_apply_forward_fold	8607876	8609493	1617	309	0	55	62
tlm_multiply_gcd_reverse_body	8609493	8615248	5755	1013	2	310	312
tlm_multiply_gcd_reverse_decode	8615248	8615254	6	0	0	0	3
tlm_multiply_gcd_reverse_apply	8615254	8615255	1	0	0	0	0
tlm_apply_forward_mod_add_register	8615255	8619204	3949	557	2	300	302
tlm_apply_forward_mod_add_fold	8619204	8619757	553	55	2	55	55
tlm_apply_forward_mod_add_clean	8619757	8620036	279	19	0	20	22
tlm_apply_forward_swap	8620036	8620804	768	256	0	0	0
tlm_apply_forward_fold	8620804	8622421	1617	309	0	55	62
tlm_multiply_gcd_reverse_body	8622421	8628168	5747	1015	2	309	311
tlm_multiply_gcd_reverse_decode	8628168	8628174	6	0	0	0	3
tlm_multiply_gcd_reverse_apply	8628174	8628175	1	0	0	0	0
tlm_apply_forward_mod_add_register	8628175	8632124	3949	557	2	300	302
tlm_apply_forward_mod_add_fold	8632124	8632677	553	55	2	55	55
tlm_apply_forward_mod_add_clean	8632677	8632956	279	19	0	20	22
tlm_apply_forward_swap	8632956	8633724	768	256	0	0	0
tlm_apply_forward_fold	8633724	8635341	1617	309	0	55	62
tlm_multiply_gcd_reverse_body	8635341	8641108	5767	1019	2	310	312
tlm_multiply_gcd_reverse_decode	8641108	8641273	165	17	0	3	8
tlm_multiply_gcd_reverse_apply	8641273	8641274	1	0	0	0	0
tlm_apply_forward_mod_add_register	8641274	8645223	3949	557	2	300	302
tlm_apply_forward_mod_add_fold	8645223	8645776	553	55	2	55	55
tlm_apply_forward_mod_add_clean	8645776	8646055	279	19	0	20	22
tlm_apply_forward_swap	8646055	8646823	768	256	0	0	0
tlm_apply_forward_fold	8646823	8648440	1617	309	0	55	62
tlm_multiply_gcd_reverse_body	8648440	8654241	5801	1024	2	312	314
tlm_multiply_gcd_reverse_decode	8654241	8654247	6	0	0	0	3
tlm_multiply_gcd_reverse_apply	8654247	8654248	1	0	0	0	0
tlm_apply_forward_mod_add_register	8654248	8658197	3949	557	2	300	302
tlm_apply_forward_mod_add_fold	8658197	8658750	553	55	2	55	55
tlm_apply_forward_mod_add_clean	8658750	8659029	279	19	0	20	22
tlm_apply_forward_swap	8659029	8659797	768	256	0	0	0
tlm_apply_forward_fold	8659797	8661414	1617	309	0	55	62
tlm_multiply_gcd_reverse_body	8661414	8667221	5807	1027	2	312	314
tlm_multiply_gcd_reverse_decode	8667221	8667227	6	0	0	0	3
tlm_multiply_gcd_reverse_apply	8667227	8667228	1	0	0	0	0
tlm_apply_forward_mod_add_register	8667228	8671177	3949	557	2	300	302
tlm_apply_forward_mod_add_fold	8671177	8671730	553	55	2	55	55
tlm_apply_forward_mod_add_clean	8671730	8672009	279	19	0	20	22
tlm_apply_forward_swap	8672009	8672777	768	256	0	0	0
tlm_apply_forward_fold	8672777	8674394	1617	309	0	55	62
tlm_multiply_gcd_reverse_body	8674394	8680221	5827	1031	2	313	315
tlm_multiply_gcd_reverse_decode	8680221	8680386	165	17	0	3	8
tlm_multiply_gcd_reverse_apply	8680386	8680387	1	0	0	0	0
tlm_apply_forward_mod_add_register	8680387	8684336	3949	557	2	300	302
tlm_apply_forward_mod_add_fold	8684336	8684889	553	55	2	55	55
tlm_apply_forward_mod_add_clean	8684889	8685168	279	19	0	20	22
tlm_apply_forward_swap	8685168	8685936	768	256	0	0	0
tlm_apply_forward_fold	8685936	8687553	1617	309	0	55	62
tlm_multiply_gcd_reverse_body	8687553	8693414	5861	1036	2	315	317
tlm_multiply_gcd_reverse_decode	8693414	8693420	6	0	0	0	3
tlm_multiply_gcd_reverse_apply	8693420	8693421	1	0	0	0	0
tlm_apply_forward_mod_add_register	8693421	8697370	3949	557	2	300	302
tlm_apply_forward_mod_add_fold	8697370	8697923	553	55	2	55	55
tlm_apply_forward_mod_add_clean	8697923	8698202	279	19	0	20	22
tlm_apply_forward_swap	8698202	8698970	768	256	0	0	0
tlm_apply_forward_fold	8698970	8700587	1617	309	0	55	62
tlm_multiply_gcd_reverse_body	8700587	8706468	5881	1040	2	316	318
tlm_multiply_gcd_reverse_decode	8706468	8706474	6	0	0	0	3
tlm_multiply_gcd_reverse_apply	8706474	8706475	1	0	0	0	0
tlm_apply_forward_mod_add_register	8706475	8710424	3949	557	2	300	302
tlm_apply_forward_mod_add_fold	8710424	8710977	553	55	2	55	55
tlm_apply_forward_mod_add_clean	8710977	8711256	279	19	0	20	22
tlm_apply_forward_swap	8711256	8712024	768	256	0	0	0
tlm_apply_forward_fold	8712024	8713641	1617	309	0	55	62
tlm_multiply_gcd_reverse_body	8713641	8719514	5873	1042	2	315	317
tlm_multiply_gcd_reverse_decode	8719514	8719679	165	17	0	3	8
tlm_multiply_gcd_reverse_apply	8719679	8719680	1	0	0	0	0
tlm_apply_forward_mod_add_register	8719680	8723629	3949	557	2	300	302
tlm_apply_forward_mod_add_fold	8723629	8724182	553	55	2	55	55
tlm_apply_forward_mod_add_clean	8724182	8724461	279	19	0	20	22
tlm_apply_forward_swap	8724461	8725229	768	256	0	0	0
tlm_apply_forward_fold	8725229	8726846	1617	309	0	55	62
tlm_multiply_gcd_reverse_body	8726846	8732753	5907	1047	2	317	319
tlm_multiply_gcd_reverse_decode	8732753	8732759	6	0	0	0	3
tlm_multiply_gcd_reverse_apply	8732759	8732760	1	0	0	0	0
tlm_apply_forward_mod_add_register	8732760	8736709	3949	557	2	300	302
tlm_apply_forward_mod_add_fold	8736709	8737262	553	55	2	55	55
tlm_apply_forward_mod_add_clean	8737262	8737541	279	19	0	20	22
tlm_apply_forward_swap	8737541	8738309	768	256	0	0	0
tlm_apply_forward_fold	8738309	8739926	1617	309	0	55	62
tlm_multiply_gcd_reverse_body	8739926	8745853	5927	1051	2	318	320
tlm_multiply_gcd_reverse_decode	8745853	8745859	6	0	0	0	3
tlm_multiply_gcd_reverse_apply	8745859	8745860	1	0	0	0	0
tlm_apply_forward_mod_add_register	8745860	8749809	3949	557	2	300	302
tlm_apply_forward_mod_add_fold	8749809	8750362	553	55	2	55	55
tlm_apply_forward_mod_add_clean	8750362	8750641	279	19	0	20	22
tlm_apply_forward_swap	8750641	8751409	768	256	0	0	0
tlm_apply_forward_fold	8751409	8753026	1617	309	0	55	62
tlm_multiply_gcd_reverse_body	8753026	8758973	5947	1055	2	319	321
tlm_multiply_gcd_reverse_decode	8758973	8759138	165	17	0	3	8
tlm_multiply_gcd_reverse_apply	8759138	8759139	1	0	0	0	0
tlm_apply_forward_mod_add_register	8759139	8763088	3949	557	2	300	302
tlm_apply_forward_mod_add_fold	8763088	8763641	553	55	2	55	55
tlm_apply_forward_mod_add_clean	8763641	8763920	279	19	0	20	22
tlm_apply_forward_swap	8763920	8764688	768	256	0	0	0
tlm_apply_forward_fold	8764688	8766305	1617	309	0	55	62
tlm_multiply_gcd_reverse_body	8766305	8772258	5953	1058	2	319	321
tlm_multiply_gcd_reverse_decode	8772258	8772264	6	0	0	0	3
tlm_multiply_gcd_reverse_apply	8772264	8772265	1	0	0	0	0
tlm_apply_forward_mod_add_register	8772265	8776214	3949	557	2	300	302
tlm_apply_forward_mod_add_fold	8776214	8776767	553	55	2	55	55
tlm_apply_forward_mod_add_clean	8776767	8777046	279	19	0	20	22
tlm_apply_forward_swap	8777046	8777814	768	256	0	0	0
tlm_apply_forward_fold	8777814	8779431	1617	309	0	55	62
tlm_multiply_gcd_reverse_body	8779431	8785418	5987	1063	2	321	323
tlm_multiply_gcd_reverse_decode	8785418	8785424	6	0	0	0	3
tlm_multiply_gcd_reverse_apply	8785424	8785425	1	0	0	0	0
tlm_apply_forward_mod_add_register	8785425	8789374	3949	557	2	300	302
tlm_apply_forward_mod_add_fold	8789374	8789927	553	55	2	55	55
tlm_apply_forward_mod_add_clean	8789927	8790206	279	19	0	20	22
tlm_apply_forward_swap	8790206	8790974	768	256	0	0	0
tlm_apply_forward_fold	8790974	8792591	1617	309	0	55	62
tlm_multiply_gcd_reverse_body	8792591	8798598	6007	1067	2	322	324
tlm_multiply_gcd_reverse_decode	8798598	8798763	165	17	0	3	8
tlm_multiply_gcd_reverse_apply	8798763	8798764	1	0	0	0	0
tlm_apply_forward_mod_add_register	8798764	8802713	3949	557	2	300	302
tlm_apply_forward_mod_add_fold	8802713	8803266	553	55	2	55	55
tlm_apply_forward_mod_add_clean	8803266	8803545	279	19	0	20	22
tlm_apply_forward_swap	8803545	8804313	768	256	0	0	0
tlm_apply_forward_fold	8804313	8805930	1617	309	0	55	62
tlm_multiply_gcd_reverse_body	8805930	8811943	6013	1070	2	322	324
tlm_multiply_gcd_reverse_decode	8811943	8811949	6	0	0	0	3
tlm_multiply_gcd_reverse_apply	8811949	8811950	1	0	0	0	0
tlm_apply_forward_mod_add_register	8811950	8815899	3949	557	2	300	302
tlm_apply_forward_mod_add_fold	8815899	8816452	553	55	2	55	55
tlm_apply_forward_mod_add_clean	8816452	8816731	279	19	0	20	22
tlm_apply_forward_swap	8816731	8817499	768	256	0	0	0
tlm_apply_forward_fold	8817499	8819116	1617	309	0	55	62
tlm_multiply_gcd_reverse_body	8819116	8825149	6033	1074	2	323	325
tlm_multiply_gcd_reverse_decode	8825149	8825155	6	0	0	0	3
tlm_multiply_gcd_reverse_apply	8825155	8825156	1	0	0	0	0
tlm_apply_forward_mod_add_register	8825156	8829105	3949	557	2	300	302
tlm_apply_forward_mod_add_fold	8829105	8829658	553	55	2	55	55
tlm_apply_forward_mod_add_clean	8829658	8829937	279	19	0	20	22
tlm_apply_forward_swap	8829937	8830705	768	256	0	0	0
tlm_apply_forward_fold	8830705	8832322	1617	309	0	55	62
tlm_multiply_gcd_reverse_body	8832322	8838375	6053	1078	2	324	326
tlm_multiply_gcd_reverse_decode	8838375	8838540	165	17	0	3	8
tlm_multiply_gcd_reverse_apply	8838540	8838541	1	0	0	0	0
tlm_apply_forward_mod_add_register	8838541	8842490	3949	557	2	300	302
tlm_apply_forward_mod_add_fold	8842490	8843043	553	55	2	55	55
tlm_apply_forward_mod_add_clean	8843043	8843322	279	19	0	20	22
tlm_apply_forward_swap	8843322	8844090	768	256	0	0	0
tlm_apply_forward_fold	8844090	8845707	1617	309	0	55	62
tlm_multiply_gcd_reverse_body	8845707	8851780	6073	1082	2	325	327
tlm_multiply_gcd_reverse_decode	8851780	8851786	6	0	0	0	3
tlm_multiply_gcd_reverse_apply	8851786	8851787	1	0	0	0	0
tlm_apply_forward_mod_add_register	8851787	8855736	3949	557	2	300	302
tlm_apply_forward_mod_add_fold	8855736	8856289	553	55	2	55	55
tlm_apply_forward_mod_add_clean	8856289	8856568	279	19	0	20	22
tlm_apply_forward_swap	8856568	8857336	768	256	0	0	0
tlm_apply_forward_fold	8857336	8858953	1617	309	0	55	62
tlm_multiply_gcd_reverse_body	8858953	8865046	6093	1086	2	326	328
tlm_multiply_gcd_reverse_decode	8865046	8865052	6	0	0	0	3
tlm_multiply_gcd_reverse_apply	8865052	8865053	1	0	0	0	0
tlm_apply_forward_mod_add_register	8865053	8869002	3949	557	2	300	302
tlm_apply_forward_mod_add_fold	8869002	8869555	553	55	2	55	55
tlm_apply_forward_mod_add_clean	8869555	8869834	279	19	0	20	22
tlm_apply_forward_swap	8869834	8870602	768	256	0	0	0
tlm_apply_forward_fold	8870602	8872219	1617	309	0	55	62
tlm_multiply_gcd_reverse_body	8872219	8878332	6113	1090	2	327	329
tlm_multiply_gcd_reverse_decode	8878332	8878497	165	17	0	3	8
tlm_multiply_gcd_reverse_apply	8878497	8878498	1	0	0	0	0
tlm_apply_forward_mod_add_register	8878498	8882447	3949	557	2	300	302
tlm_apply_forward_mod_add_fold	8882447	8883000	553	55	2	55	55
tlm_apply_forward_mod_add_clean	8883000	8883279	279	19	0	20	22
tlm_apply_forward_swap	8883279	8884047	768	256	0	0	0
tlm_apply_forward_fold	8884047	8885664	1617	309	0	55	62
tlm_multiply_gcd_reverse_body	8885664	8891749	6085	1088	2	325	327
tlm_multiply_gcd_reverse_decode	8891749	8891755	6	0	0	0	3
tlm_multiply_gcd_reverse_apply	8891755	8891756	1	0	0	0	0
tlm_apply_forward_mod_add_register	8891756	8895705	3949	557	2	300	302
tlm_apply_forward_mod_add_fold	8895705	8896258	553	55	2	55	55
tlm_apply_forward_mod_add_clean	8896258	8896537	279	19	0	20	22
tlm_apply_forward_swap	8896537	8897305	768	256	0	0	0
tlm_apply_forward_fold	8897305	8898922	1617	309	0	55	62
tlm_multiply_gcd_reverse_body	8898922	8905007	6085	1088	2	325	327
tlm_multiply_gcd_reverse_decode	8905007	8905013	6	0	0	0	3
tlm_multiply_gcd_reverse_apply	8905013	8905014	1	0	0	0	0
tlm_apply_forward_mod_add_register	8905014	8908963	3949	557	2	300	302
tlm_apply_forward_mod_add_fold	8908963	8909516	553	55	2	55	55
tlm_apply_forward_mod_add_clean	8909516	8909795	279	19	0	20	22
tlm_apply_forward_swap	8909795	8910563	768	256	0	0	0
tlm_apply_forward_fold	8910563	8912180	1617	309	0	55	62
tlm_multiply_gcd_reverse_body	8912180	8918237	6057	1086	2	323	325
tlm_multiply_gcd_reverse_decode	8918237	8918402	165	17	0	3	8
tlm_multiply_gcd_reverse_apply	8918402	8918403	1	0	0	0	0
tlm_apply_forward_mod_add_register	8918403	8922352	3949	557	2	300	302
tlm_apply_forward_mod_add_fold	8922352	8922905	553	55	2	55	55
tlm_apply_forward_mod_add_clean	8922905	8923184	279	19	0	20	22
tlm_apply_forward_swap	8923184	8923952	768	256	0	0	0
tlm_apply_forward_fold	8923952	8925569	1617	309	0	55	62
tlm_multiply_gcd_reverse_body	8925569	8931612	6043	1085	2	322	324
tlm_multiply_gcd_reverse_decode	8931612	8931618	6	0	0	0	3
tlm_multiply_gcd_reverse_apply	8931618	8931619	1	0	0	0	0
tlm_apply_forward_mod_add_register	8931619	8935568	3949	557	2	300	302
tlm_apply_forward_mod_add_fold	8935568	8936121	553	55	2	55	55
tlm_apply_forward_mod_add_clean	8936121	8936400	279	19	0	20	22
tlm_apply_forward_swap	8936400	8937168	768	256	0	0	0
tlm_apply_forward_fold	8937168	8938785	1617	309	0	55	62
tlm_multiply_gcd_reverse_body	8938785	8944828	6043	1085	2	322	324
tlm_multiply_gcd_reverse_decode	8944828	8944834	6	0	0	0	3
tlm_multiply_gcd_reverse_apply	8944834	8944835	1	0	0	0	0
tlm_apply_forward_mod_add_register	8944835	8948784	3949	557	2	300	302
tlm_apply_forward_mod_add_fold	8948784	8949337	553	55	2	55	55
tlm_apply_forward_mod_add_clean	8949337	8949616	279	19	0	20	22
tlm_apply_forward_swap	8949616	8950384	768	256	0	0	0
tlm_apply_forward_fold	8950384	8952001	1617	309	0	55	62
tlm_multiply_gcd_reverse_body	8952001	8958016	6015	1083	2	320	322
tlm_multiply_gcd_reverse_decode	8958016	8958181	165	17	0	3	8
tlm_multiply_gcd_reverse_apply	8958181	8958182	1	0	0	0	0
tlm_apply_forward_mod_add_register	8958182	8962131	3949	557	2	300	302
tlm_apply_forward_mod_add_fold	8962131	8962684	553	55	2	55	55
tlm_apply_forward_mod_add_clean	8962684	8962963	279	19	0	20	22
tlm_apply_forward_swap	8962963	8963731	768	256	0	0	0
tlm_apply_forward_fold	8963731	8965348	1617	309	0	55	62
tlm_multiply_gcd_reverse_body	8965348	8971349	6001	1082	2	319	321
tlm_multiply_gcd_reverse_decode	8971349	8971355	6	0	0	0	3
tlm_multiply_gcd_reverse_apply	8971355	8971356	1	0	0	0	0
tlm_apply_forward_mod_add_register	8971356	8975305	3949	557	2	300	302
tlm_apply_forward_mod_add_fold	8975305	8975858	553	55	2	55	55
tlm_apply_forward_mod_add_clean	8975858	8976137	279	19	0	20	22
tlm_apply_forward_swap	8976137	8976905	768	256	0	0	0
tlm_apply_forward_fold	8976905	8978522	1617	309	0	55	62
tlm_multiply_gcd_reverse_body	8978522	8984509	5987	1081	2	318	320
tlm_multiply_gcd_reverse_decode	8984509	8984515	6	0	0	0	3
tlm_multiply_gcd_reverse_apply	8984515	8984516	1	0	0	0	0
tlm_apply_forward_mod_add_register	8984516	8988465	3949	557	2	300	302
tlm_apply_forward_mod_add_fold	8988465	8989018	553	55	2	55	55
tlm_apply_forward_mod_add_clean	8989018	8989297	279	19	0	20	22
tlm_apply_forward_swap	8989297	8990065	768	256	0	0	0
tlm_apply_forward_fold	8990065	8991682	1617	309	0	55	62
tlm_multiply_gcd_reverse_body	8991682	8997670	5988	1081	2	318	321
tlm_multiply_gcd_reverse_decode_initial	8997670	8997680	10	1	0	0	3
tlm_multiply_gcd_reverse_apply_initial	8997680	8997681	1	0	0	0	0
tlm_apply_forward_mod_add_register_initial	8997681	9001630	3949	557	2	300	302
tlm_apply_forward_mod_add_fold_initial	9001630	9002183	553	55	2	55	55
tlm_apply_forward_mod_add_clean_initial	9002183	9002462	279	19	0	20	22
tlm_apply_forward_swap_initial	9002462	9003230	768	256	0	0	0
tlm_apply_forward_fold_initial	9003230	9005882	2652	622	4	112	112
tlm_multiply_gcd_reverse_body_initial	9005882	9012051	6169	1313	2	294	297
tlm_gcd_step_end_initial	9012051	9013065	1014	0	0	0	514
tlm_coord_y_sub_final	9013065	9019673	6608	330	2	331	590
tlm_coord_rsub_final	9019673	9031983	12310	330	2	331	590
