phase	start	end	ops	ccx	ccz	hmr	reset
tlm_coord_x_sub	0	6608	6608	330	2	331	590
tlm_coord_y_sub	6608	13216	6608	330	2	331	590
tlm_inverse	13216	13722	506	0	0	0	0
tlm_inverse_gcd_forward_shift_initial	13722	15254	1532	509	0	0	0
tlm_inverse_gcd_forward_compare_initial	15254	16020	766	255	0	0	0
tlm_inverse_gcd_forward_body_initial	16020	20614	4594	564	3	309	311
tlm_apply_inverse_fold_initial	20614	23472	2858	624	4	110	112
tlm_apply_inverse_swap_initial	23472	24240	768	256	0	0	0
tlm_apply_inverse_mod_sub_register_initial	24240	29960	5720	647	2	390	391
tlm_apply_inverse_mod_sub_fold_initial	29960	30619	659	55	2	55	55
tlm_apply_inverse_mod_sub_clean_initial	30619	30935	316	19	0	20	22
tlm_inverse_gcd_forward_codec_initial	30935	30944	9	1	0	0	2
tlm_inverse_gcd_forward_shift	30944	31964	1020	254	0	0	0
tlm_inverse_gcd_forward_compare	31964	33058	1094	279	0	23	24
tlm_inverse_gcd_forward_body	33058	37708	4650	568	3	313	315
tlm_apply_inverse_fold	37708	39428	1720	310	0	54	62
tlm_apply_inverse_swap	39428	40196	768	256	0	0	0
tlm_apply_inverse_mod_sub_register	40196	45944	5748	649	2	392	393
tlm_apply_inverse_mod_sub_fold	45944	46603	659	55	2	55	55
tlm_apply_inverse_mod_sub_clean	46603	46919	316	19	0	20	22
tlm_inverse_gcd_forward_codec	46919	46922	3	0	0	0	0
tlm_inverse_gcd_forward_shift	46922	47942	1020	254	0	0	0
tlm_inverse_gcd_forward_compare	47942	49036	1094	279	0	23	24
tlm_inverse_gcd_forward_body	49036	53715	4679	570	3	315	318
tlm_apply_inverse_fold	53715	55435	1720	310	0	54	62
tlm_apply_inverse_swap	55435	56203	768	256	0	0	0
tlm_apply_inverse_mod_sub_register	56203	61993	5790	652	2	395	396
tlm_apply_inverse_mod_sub_fold	61993	62652	659	55	2	55	55
tlm_apply_inverse_mod_sub_clean	62652	62968	316	19	0	20	22
tlm_inverse_gcd_forward_codec	62968	62971	3	0	0	0	0
tlm_inverse_gcd_forward_shift	62971	63991	1020	254	0	0	0
tlm_inverse_gcd_forward_compare	63991	65099	1108	280	0	24	25
tlm_inverse_gcd_forward_body	65099	69778	4679	570	3	315	318
tlm_apply_inverse_fold	69778	71498	1720	310	0	54	62
tlm_apply_inverse_swap	71498	72266	768	256	0	0	0
tlm_apply_inverse_mod_sub_register	72266	78098	5832	655	2	398	399
tlm_apply_inverse_mod_sub_fold	78098	78757	659	55	2	55	55
tlm_apply_inverse_mod_sub_clean	78757	79073	316	19	0	20	22
tlm_inverse_gcd_forward_codec	79073	79239	166	18	0	4	7
tlm_inverse_gcd_forward_shift	79239	80259	1020	254	0	0	0
tlm_inverse_gcd_forward_compare	80259	81381	1122	281	0	25	26
tlm_inverse_gcd_forward_body	81381	86060	4679	570	3	315	318
tlm_apply_inverse_fold	86060	87780	1720	310	0	54	62
tlm_apply_inverse_swap	87780	88548	768	256	0	0	0
tlm_apply_inverse_mod_sub_register	88548	94394	5846	656	2	399	400
tlm_apply_inverse_mod_sub_fold	94394	95053	659	55	2	55	55
tlm_apply_inverse_mod_sub_clean	95053	95369	316	19	0	20	22
tlm_inverse_gcd_forward_codec	95369	95372	3	0	0	0	0
tlm_inverse_gcd_forward_shift	95372	96392	1020	254	0	0	0
tlm_inverse_gcd_forward_compare	96392	97542	1150	283	0	27	28
tlm_inverse_gcd_forward_body	97542	102221	4679	570	3	315	318
tlm_apply_inverse_fold	102221	103941	1720	310	0	54	62
tlm_apply_inverse_swap	103941	104709	768	256	0	0	0
tlm_apply_inverse_mod_sub_register	104709	110597	5888	659	2	402	403
tlm_apply_inverse_mod_sub_fold	110597	111256	659	55	2	55	55
tlm_apply_inverse_mod_sub_clean	111256	111572	316	19	0	20	22
tlm_inverse_gcd_forward_codec	111572	111575	3	0	0	0	0
tlm_inverse_gcd_forward_shift	111575	112595	1020	254	0	0	0
tlm_inverse_gcd_forward_compare	112595	113745	1150	283	0	27	28
tlm_inverse_gcd_forward_body	113745	118424	4679	570	3	315	318
tlm_apply_inverse_fold	118424	120144	1720	310	0	54	62
tlm_apply_inverse_swap	120144	120912	768	256	0	0	0
tlm_apply_inverse_mod_sub_register	120912	126842	5930	662	2	405	406
tlm_apply_inverse_mod_sub_fold	126842	127501	659	55	2	55	55
tlm_apply_inverse_mod_sub_clean	127501	127817	316	19	0	20	22
tlm_inverse_gcd_forward_codec	127817	127983	166	18	0	4	7
tlm_inverse_gcd_forward_shift	127983	129003	1020	254	0	0	0
tlm_inverse_gcd_forward_compare	129003	130167	1164	284	0	28	29
tlm_inverse_gcd_forward_body	130167	134846	4679	570	3	315	318
tlm_apply_inverse_fold	134846	136566	1720	310	0	54	62
tlm_apply_inverse_swap	136566	137334	768	256	0	0	0
tlm_apply_inverse_mod_sub_register	137334	143278	5944	663	2	406	407
tlm_apply_inverse_mod_sub_fold	143278	143937	659	55	2	55	55
tlm_apply_inverse_mod_sub_clean	143937	144253	316	19	0	20	22
tlm_inverse_gcd_forward_codec	144253	144256	3	0	0	0	0
tlm_inverse_gcd_forward_shift	144256	145276	1020	254	0	0	0
tlm_inverse_gcd_forward_compare	145276	146468	1192	286	0	30	31
tlm_inverse_gcd_forward_body	146468	151147	4679	570	3	315	318
tlm_apply_inverse_fold	151147	152867	1720	310	0	54	62
tlm_apply_inverse_swap	152867	153635	768	256	0	0	0
tlm_apply_inverse_mod_sub_register	153635	159621	5986	666	2	409	410
tlm_apply_inverse_mod_sub_fold	159621	160280	659	55	2	55	55
tlm_apply_inverse_mod_sub_clean	160280	160596	316	19	0	20	22
tlm_inverse_gcd_forward_codec	160596	160599	3	0	0	0	0
tlm_inverse_gcd_forward_shift	160599	161619	1020	254	0	0	0
tlm_inverse_gcd_forward_compare	161619	162811	1192	286	0	30	31
tlm_inverse_gcd_forward_body	162811	167490	4679	570	3	315	318
tlm_apply_inverse_fold	167490	169210	1720	310	0	54	62
tlm_apply_inverse_swap	169210	169978	768	256	0	0	0
tlm_apply_inverse_mod_sub_register	169978	176006	6028	669	2	412	413
tlm_apply_inverse_mod_sub_fold	176006	176665	659	55	2	55	55
tlm_apply_inverse_mod_sub_clean	176665	176981	316	19	0	20	22
tlm_inverse_gcd_forward_codec	176981	177147	166	18	0	4	7
tlm_inverse_gcd_forward_shift	177147	178167	1020	254	0	0	0
tlm_inverse_gcd_forward_compare	178167	179387	1220	288	0	32	33
tlm_inverse_gcd_forward_body	179387	184066	4679	570	3	315	318
tlm_apply_inverse_fold	184066	185786	1720	310	0	54	62
tlm_apply_inverse_swap	185786	186554	768	256	0	0	0
tlm_apply_inverse_mod_sub_register	186554	192596	6042	670	2	413	414
tlm_apply_inverse_mod_sub_fold	192596	193255	659	55	2	55	55
tlm_apply_inverse_mod_sub_clean	193255	193571	316	19	0	20	22
tlm_inverse_gcd_forward_codec	193571	193574	3	0	0	0	0
tlm_inverse_gcd_forward_shift	193574	194592	1018	253	0	0	2
tlm_inverse_gcd_forward_compare	194592	195809	1217	287	0	32	33
tlm_inverse_gcd_forward_body	195809	200473	4664	568	3	314	317
tlm_apply_inverse_fold	200473	202193	1720	310	0	54	62
tlm_apply_inverse_swap	202193	202961	768	256	0	0	0
tlm_apply_inverse_mod_sub_register	202961	207422	4461	557	2	300	302
tlm_apply_inverse_mod_sub_fold	207422	208081	659	55	2	55	55
tlm_apply_inverse_mod_sub_clean	208081	208397	316	19	0	20	22
tlm_inverse_gcd_forward_codec	208397	208400	3	0	0	0	0
tlm_inverse_gcd_forward_shift	208400	209414	1014	252	0	0	2
tlm_inverse_gcd_forward_compare	209414	210628	1214	286	0	32	33
tlm_inverse_gcd_forward_body	210628	215277	4649	566	3	313	316
tlm_apply_inverse_fold	215277	216997	1720	310	0	54	62
tlm_apply_inverse_swap	216997	217765	768	256	0	0	0
tlm_apply_inverse_mod_sub_register	217765	222226	4461	557	2	300	302
tlm_apply_inverse_mod_sub_fold	222226	222885	659	55	2	55	55
tlm_apply_inverse_mod_sub_clean	222885	223201	316	19	0	20	22
tlm_inverse_gcd_forward_codec	223201	223367	166	18	0	4	7
tlm_inverse_gcd_forward_shift	223367	224377	1010	251	0	0	2
tlm_inverse_gcd_forward_compare	224377	225588	1211	285	0	32	33
tlm_inverse_gcd_forward_body	225588	230222	4634	564	3	312	315
tlm_apply_inverse_fold	230222	231942	1720	310	0	54	62
tlm_apply_inverse_swap	231942	232710	768	256	0	0	0
tlm_apply_inverse_mod_sub_register	232710	237171	4461	557	2	300	302
tlm_apply_inverse_mod_sub_fold	237171	237830	659	55	2	55	55
tlm_apply_inverse_mod_sub_clean	237830	238146	316	19	0	20	22
tlm_inverse_gcd_forward_codec	238146	238149	3	0	0	0	0
tlm_inverse_gcd_forward_shift	238149	239155	1006	250	0	0	2
tlm_inverse_gcd_forward_compare	239155	240363	1208	284	0	32	33
tlm_inverse_gcd_forward_body	240363	244982	4619	562	3	311	314
tlm_apply_inverse_fold	244982	246702	1720	310	0	54	62
tlm_apply_inverse_swap	246702	247470	768	256	0	0	0
tlm_apply_inverse_mod_sub_register	247470	251931	4461	557	2	300	302
tlm_apply_inverse_mod_sub_fold	251931	252590	659	55	2	55	55
tlm_apply_inverse_mod_sub_clean	252590	252906	316	19	0	20	22
tlm_inverse_gcd_forward_codec	252906	252909	3	0	0	0	0
tlm_inverse_gcd_forward_shift	252909	253911	1002	249	0	0	2
tlm_inverse_gcd_forward_compare	253911	255116	1205	283	0	32	33
tlm_inverse_gcd_forward_body	255116	259720	4604	560	3	310	313
tlm_apply_inverse_fold	259720	261440	1720	310	0	54	62
tlm_apply_inverse_swap	261440	262208	768	256	0	0	0
tlm_apply_inverse_mod_sub_register	262208	266669	4461	557	2	300	302
tlm_apply_inverse_mod_sub_fold	266669	267328	659	55	2	55	55
tlm_apply_inverse_mod_sub_clean	267328	267644	316	19	0	20	22
tlm_inverse_gcd_forward_codec	267644	267810	166	18	0	4	7
tlm_inverse_gcd_forward_shift	267810	268808	998	248	0	0	2
tlm_inverse_gcd_forward_compare	268808	270024	1216	283	0	33	34
tlm_inverse_gcd_forward_body	270024	274613	4589	558	3	309	312
tlm_apply_inverse_fold	274613	276333	1720	310	0	54	62
tlm_apply_inverse_swap	276333	277101	768	256	0	0	0
tlm_apply_inverse_mod_sub_register	277101	281562	4461	557	2	300	302
tlm_apply_inverse_mod_sub_fold	281562	282221	659	55	2	55	55
tlm_apply_inverse_mod_sub_clean	282221	282537	316	19	0	20	22
tlm_inverse_gcd_forward_codec	282537	282540	3	0	0	0	0
tlm_inverse_gcd_forward_shift	282540	283534	994	247	0	0	2
tlm_inverse_gcd_forward_compare	283534	284747	1213	282	0	33	34
tlm_inverse_gcd_forward_body	284747	289321	4574	556	3	308	311
tlm_apply_inverse_fold	289321	291041	1720	310	0	54	62
tlm_apply_inverse_swap	291041	291809	768	256	0	0	0
tlm_apply_inverse_mod_sub_register	291809	296270	4461	557	2	300	302
tlm_apply_inverse_mod_sub_fold	296270	296929	659	55	2	55	55
tlm_apply_inverse_mod_sub_clean	296929	297245	316	19	0	20	22
tlm_inverse_gcd_forward_codec	297245	297248	3	0	0	0	0
tlm_inverse_gcd_forward_shift	297248	298238	990	246	0	0	2
tlm_inverse_gcd_forward_compare	298238	299434	1196	280	0	32	33
tlm_inverse_gcd_forward_body	299434	303993	4559	554	3	307	310
tlm_apply_inverse_fold	303993	305713	1720	310	0	54	62
tlm_apply_inverse_swap	305713	306481	768	256	0	0	0
tlm_apply_inverse_mod_sub_register	306481	310942	4461	557	2	300	302
tlm_apply_inverse_mod_sub_fold	310942	311601	659	55	2	55	55
tlm_apply_inverse_mod_sub_clean	311601	311917	316	19	0	20	22
tlm_inverse_gcd_forward_codec	311917	312083	166	18	0	4	7
tlm_inverse_gcd_forward_shift	312083	313069	986	245	0	0	2
tlm_inverse_gcd_forward_compare	313069	314276	1207	280	0	33	34
tlm_inverse_gcd_forward_body	314276	318820	4544	552	3	306	309
tlm_apply_inverse_fold	318820	320540	1720	310	0	54	62
tlm_apply_inverse_swap	320540	321308	768	256	0	0	0
tlm_apply_inverse_mod_sub_register	321308	325769	4461	557	2	300	302
tlm_apply_inverse_mod_sub_fold	325769	326428	659	55	2	55	55
tlm_apply_inverse_mod_sub_clean	326428	326744	316	19	0	20	22
tlm_inverse_gcd_forward_codec	326744	326747	3	0	0	0	0
tlm_inverse_gcd_forward_shift	326747	327729	982	244	0	0	2
tlm_inverse_gcd_forward_compare	327729	328933	1204	279	0	33	34
tlm_inverse_gcd_forward_body	328933	333462	4529	550	3	305	308
tlm_apply_inverse_fold	333462	335182	1720	310	0	54	62
tlm_apply_inverse_swap	335182	335950	768	256	0	0	0
tlm_apply_inverse_mod_sub_register	335950	340411	4461	557	2	300	302
tlm_apply_inverse_mod_sub_fold	340411	341070	659	55	2	55	55
tlm_apply_inverse_mod_sub_clean	341070	341386	316	19	0	20	22
tlm_inverse_gcd_forward_codec	341386	341389	3	0	0	0	0
tlm_inverse_gcd_forward_shift	341389	342367	978	243	0	0	2
tlm_inverse_gcd_forward_compare	342367	343568	1201	278	0	33	34
tlm_inverse_gcd_forward_body	343568	348082	4514	548	3	304	307
tlm_apply_inverse_fold	348082	349802	1720	310	0	54	62
tlm_apply_inverse_swap	349802	350570	768	256	0	0	0
tlm_apply_inverse_mod_sub_register	350570	355031	4461	557	2	300	302
tlm_apply_inverse_mod_sub_fold	355031	355690	659	55	2	55	55
tlm_apply_inverse_mod_sub_clean	355690	356006	316	19	0	20	22
tlm_inverse_gcd_forward_codec	356006	356172	166	18	0	4	7
tlm_inverse_gcd_forward_shift	356172	357146	974	242	0	0	2
tlm_inverse_gcd_forward_compare	357146	358330	1184	276	0	32	33
tlm_inverse_gcd_forward_body	358330	362829	4499	546	3	303	306
tlm_apply_inverse_fold	362829	364549	1720	310	0	54	62
tlm_apply_inverse_swap	364549	365317	768	256	0	0	0
tlm_apply_inverse_mod_sub_register	365317	369778	4461	557	2	300	302
tlm_apply_inverse_mod_sub_fold	369778	370437	659	55	2	55	55
tlm_apply_inverse_mod_sub_clean	370437	370753	316	19	0	20	22
tlm_inverse_gcd_forward_codec	370753	370756	3	0	0	0	0
tlm_inverse_gcd_forward_shift	370756	371726	970	241	0	0	2
tlm_inverse_gcd_forward_compare	371726	372935	1209	277	0	34	35
tlm_inverse_gcd_forward_body	372935	377419	4484	544	3	302	305
tlm_apply_inverse_fold	377419	379139	1720	310	0	54	62
tlm_apply_inverse_swap	379139	379907	768	256	0	0	0
tlm_apply_inverse_mod_sub_register	379907	384368	4461	557	2	300	302
tlm_apply_inverse_mod_sub_fold	384368	385027	659	55	2	55	55
tlm_apply_inverse_mod_sub_clean	385027	385343	316	19	0	20	22
tlm_inverse_gcd_forward_codec	385343	385346	3	0	0	0	0
tlm_inverse_gcd_forward_shift	385346	386312	966	240	0	0	2
tlm_inverse_gcd_forward_compare	386312	387518	1206	276	0	34	35
tlm_inverse_gcd_forward_body	387518	391987	4469	542	3	301	304
tlm_apply_inverse_fold	391987	393707	1720	310	0	54	62
tlm_apply_inverse_swap	393707	394475	768	256	0	0	0
tlm_apply_inverse_mod_sub_register	394475	398936	4461	557	2	300	302
tlm_apply_inverse_mod_sub_fold	398936	399595	659	55	2	55	55
tlm_apply_inverse_mod_sub_clean	399595	399911	316	19	0	20	22
tlm_inverse_gcd_forward_codec	399911	400077	166	18	0	4	7
tlm_inverse_gcd_forward_shift	400077	401039	962	239	0	0	2
tlm_inverse_gcd_forward_compare	401039	402228	1189	274	0	33	34
tlm_inverse_gcd_forward_body	402228	406682	4454	540	3	300	303
tlm_apply_inverse_fold	406682	408402	1720	310	0	54	62
tlm_apply_inverse_swap	408402	409170	768	256	0	0	0
tlm_apply_inverse_mod_sub_register	409170	413631	4461	557	2	300	302
tlm_apply_inverse_mod_sub_fold	413631	414290	659	55	2	55	55
tlm_apply_inverse_mod_sub_clean	414290	414606	316	19	0	20	22
tlm_inverse_gcd_forward_codec	414606	414609	3	0	0	0	0
tlm_inverse_gcd_forward_shift	414609	415567	958	238	0	0	2
tlm_inverse_gcd_forward_compare	415567	416753	1186	273	0	33	34
tlm_inverse_gcd_forward_body	416753	421192	4439	538	3	299	302
tlm_apply_inverse_fold	421192	422912	1720	310	0	54	62
tlm_apply_inverse_swap	422912	423680	768	256	0	0	0
tlm_apply_inverse_mod_sub_register	423680	428141	4461	557	2	300	302
tlm_apply_inverse_mod_sub_fold	428141	428800	659	55	2	55	55
tlm_apply_inverse_mod_sub_clean	428800	429116	316	19	0	20	22
tlm_inverse_gcd_forward_codec	429116	429119	3	0	0	0	0
tlm_inverse_gcd_forward_shift	429119	430073	954	237	0	0	2
tlm_inverse_gcd_forward_compare	430073	431270	1197	273	0	34	35
tlm_inverse_gcd_forward_body	431270	435694	4424	536	3	298	301
tlm_apply_inverse_fold	435694	437414	1720	310	0	54	62
tlm_apply_inverse_swap	437414	438182	768	256	0	0	0
tlm_apply_inverse_mod_sub_register	438182	442643	4461	557	2	300	302
tlm_apply_inverse_mod_sub_fold	442643	443302	659	55	2	55	55
tlm_apply_inverse_mod_sub_clean	443302	443618	316	19	0	20	22
tlm_inverse_gcd_forward_codec	443618	443784	166	18	0	4	7
tlm_inverse_gcd_forward_shift	443784	444734	950	236	0	0	2
tlm_inverse_gcd_forward_compare	444734	445914	1180	271	0	33	34
tlm_inverse_gcd_forward_body	445914	450323	4409	534	3	297	300
tlm_apply_inverse_fold	450323	452043	1720	310	0	54	62
tlm_apply_inverse_swap	452043	452811	768	256	0	0	0
tlm_apply_inverse_mod_sub_register	452811	457272	4461	557	2	300	302
tlm_apply_inverse_mod_sub_fold	457272	457931	659	55	2	55	55
tlm_apply_inverse_mod_sub_clean	457931	458247	316	19	0	20	22
tlm_inverse_gcd_forward_codec	458247	458250	3	0	0	0	0
tlm_inverse_gcd_forward_shift	458250	459196	946	235	0	0	2
tlm_inverse_gcd_forward_compare	459196	460373	1177	270	0	33	34
tlm_inverse_gcd_forward_body	460373	464767	4394	532	3	296	299
tlm_apply_inverse_fold	464767	466487	1720	310	0	54	62
tlm_apply_inverse_swap	466487	467255	768	256	0	0	0
tlm_apply_inverse_mod_sub_register	467255	471716	4461	557	2	300	302
tlm_apply_inverse_mod_sub_fold	471716	472375	659	55	2	55	55
tlm_apply_inverse_mod_sub_clean	472375	472691	316	19	0	20	22
tlm_inverse_gcd_forward_codec	472691	472694	3	0	0	0	0
tlm_inverse_gcd_forward_shift	472694	473636	942	234	0	0	2
tlm_inverse_gcd_forward_compare	473636	474838	1202	271	0	35	36
tlm_inverse_gcd_forward_body	474838	479217	4379	530	3	295	298
tlm_apply_inverse_fold	479217	480937	1720	310	0	54	62
tlm_apply_inverse_swap	480937	481705	768	256	0	0	0
tlm_apply_inverse_mod_sub_register	481705	486166	4461	557	2	300	302
tlm_apply_inverse_mod_sub_fold	486166	486825	659	55	2	55	55
tlm_apply_inverse_mod_sub_clean	486825	487141	316	19	0	20	22
tlm_inverse_gcd_forward_codec	487141	487307	166	18	0	4	7
tlm_inverse_gcd_forward_shift	487307	488245	938	233	0	0	2
tlm_inverse_gcd_forward_compare	488245	489416	1171	268	0	33	34
tlm_inverse_gcd_forward_body	489416	493780	4364	528	3	294	297
tlm_apply_inverse_fold	493780	495500	1720	310	0	54	62
tlm_apply_inverse_swap	495500	496268	768	256	0	0	0
tlm_apply_inverse_mod_sub_register	496268	500729	4461	557	2	300	302
tlm_apply_inverse_mod_sub_fold	500729	501388	659	55	2	55	55
tlm_apply_inverse_mod_sub_clean	501388	501704	316	19	0	20	22
tlm_inverse_gcd_forward_codec	501704	501707	3	0	0	0	0
tlm_inverse_gcd_forward_shift	501707	502641	934	232	0	0	2
tlm_inverse_gcd_forward_compare	502641	503823	1182	268	0	34	35
tlm_inverse_gcd_forward_body	503823	508172	4349	526	3	293	296
tlm_apply_inverse_fold	508172	509892	1720	310	0	54	62
tlm_apply_inverse_swap	509892	510660	768	256	0	0	0
tlm_apply_inverse_mod_sub_register	510660	515121	4461	557	2	300	302
tlm_apply_inverse_mod_sub_fold	515121	515780	659	55	2	55	55
tlm_apply_inverse_mod_sub_clean	515780	516096	316	19	0	20	22
tlm_inverse_gcd_forward_codec	516096	516099	3	0	0	0	0
tlm_inverse_gcd_forward_shift	516099	517029	930	231	0	0	2
tlm_inverse_gcd_forward_compare	517029	518208	1179	267	0	34	35
tlm_inverse_gcd_forward_body	518208	522542	4334	524	3	292	295
tlm_apply_inverse_fold	522542	524262	1720	310	0	54	62
tlm_apply_inverse_swap	524262	525030	768	256	0	0	0
tlm_apply_inverse_mod_sub_register	525030	529491	4461	557	2	300	302
tlm_apply_inverse_mod_sub_fold	529491	530150	659	55	2	55	55
tlm_apply_inverse_mod_sub_clean	530150	530466	316	19	0	20	22
tlm_inverse_gcd_forward_codec	530466	530632	166	18	0	4	7
tlm_inverse_gcd_forward_shift	530632	531558	926	230	0	0	2
tlm_inverse_gcd_forward_compare	531558	532734	1176	266	0	34	35
tlm_inverse_gcd_forward_body	532734	537053	4319	522	3	291	294
tlm_apply_inverse_fold	537053	538773	1720	310	0	54	62
tlm_apply_inverse_swap	538773	539541	768	256	0	0	0
tlm_apply_inverse_mod_sub_register	539541	544002	4461	557	2	300	302
tlm_apply_inverse_mod_sub_fold	544002	544661	659	55	2	55	55
tlm_apply_inverse_mod_sub_clean	544661	544977	316	19	0	20	22
tlm_inverse_gcd_forward_codec	544977	544980	3	0	0	0	0
tlm_inverse_gcd_forward_shift	544980	545902	922	229	0	0	2
tlm_inverse_gcd_forward_compare	545902	547075	1173	265	0	34	35
tlm_inverse_gcd_forward_body	547075	551379	4304	520	3	290	293
tlm_apply_inverse_fold	551379	553099	1720	310	0	54	62
tlm_apply_inverse_swap	553099	553867	768	256	0	0	0
tlm_apply_inverse_mod_sub_register	553867	558328	4461	557	2	300	302
tlm_apply_inverse_mod_sub_fold	558328	558987	659	55	2	55	55
tlm_apply_inverse_mod_sub_clean	558987	559303	316	19	0	20	22
tlm_inverse_gcd_forward_codec	559303	559306	3	0	0	0	0
tlm_inverse_gcd_forward_shift	559306	560224	918	228	0	0	2
tlm_inverse_gcd_forward_compare	560224	561408	1184	265	0	35	36
tlm_inverse_gcd_forward_body	561408	565697	4289	518	3	289	292
tlm_apply_inverse_fold	565697	567417	1720	310	0	54	62
tlm_apply_inverse_swap	567417	568185	768	256	0	0	0
tlm_apply_inverse_mod_sub_register	568185	572646	4461	557	2	300	302
tlm_apply_inverse_mod_sub_fold	572646	573305	659	55	2	55	55
tlm_apply_inverse_mod_sub_clean	573305	573621	316	19	0	20	22
tlm_inverse_gcd_forward_codec	573621	573787	166	18	0	4	7
tlm_inverse_gcd_forward_shift	573787	574701	914	227	0	0	2
tlm_inverse_gcd_forward_compare	574701	575868	1167	263	0	34	35
tlm_inverse_gcd_forward_body	575868	580142	4274	516	3	288	291
tlm_apply_inverse_fold	580142	581862	1720	310	0	54	62
tlm_apply_inverse_swap	581862	582630	768	256	0	0	0
tlm_apply_inverse_mod_sub_register	582630	587091	4461	557	2	300	302
tlm_apply_inverse_mod_sub_fold	587091	587750	659	55	2	55	55
tlm_apply_inverse_mod_sub_clean	587750	588066	316	19	0	20	22
tlm_inverse_gcd_forward_codec	588066	588069	3	0	0	0	0
tlm_inverse_gcd_forward_shift	588069	588979	910	226	0	0	2
tlm_inverse_gcd_forward_compare	588979	590157	1178	263	0	35	36
tlm_inverse_gcd_forward_body	590157	594416	4259	514	3	287	290
tlm_apply_inverse_fold	594416	596136	1720	310	0	54	62
tlm_apply_inverse_swap	596136	596904	768	256	0	0	0
tlm_apply_inverse_mod_sub_register	596904	601365	4461	557	2	300	302
tlm_apply_inverse_mod_sub_fold	601365	602024	659	55	2	55	55
tlm_apply_inverse_mod_sub_clean	602024	602340	316	19	0	20	22
tlm_inverse_gcd_forward_codec	602340	602343	3	0	0	0	0
tlm_inverse_gcd_forward_shift	602343	603249	906	225	0	0	2
tlm_inverse_gcd_forward_compare	603249	604424	1175	262	0	35	36
tlm_inverse_gcd_forward_body	604424	608668	4244	512	3	286	289
tlm_apply_inverse_fold	608668	610388	1720	310	0	54	62
tlm_apply_inverse_swap	610388	611156	768	256	0	0	0
tlm_apply_inverse_mod_sub_register	611156	615617	4461	557	2	300	302
tlm_apply_inverse_mod_sub_fold	615617	616276	659	55	2	55	55
tlm_apply_inverse_mod_sub_clean	616276	616592	316	19	0	20	22
tlm_inverse_gcd_forward_codec	616592	616758	166	18	0	4	7
tlm_inverse_gcd_forward_shift	616758	617660	902	224	0	0	2
tlm_inverse_gcd_forward_compare	617660	618832	1172	261	0	35	36
tlm_inverse_gcd_forward_body	618832	623061	4229	510	3	285	288
tlm_apply_inverse_fold	623061	624781	1720	310	0	54	62
tlm_apply_inverse_swap	624781	625549	768	256	0	0	0
tlm_apply_inverse_mod_sub_register	625549	630010	4461	557	2	300	302
tlm_apply_inverse_mod_sub_fold	630010	630669	659	55	2	55	55
tlm_apply_inverse_mod_sub_clean	630669	630985	316	19	0	20	22
tlm_inverse_gcd_forward_codec	630985	630988	3	0	0	0	0
tlm_inverse_gcd_forward_shift	630988	631886	898	223	0	0	2
tlm_inverse_gcd_forward_compare	631886	633041	1155	259	0	34	35
tlm_inverse_gcd_forward_body	633041	637255	4214	508	3	284	287
tlm_apply_inverse_fold	637255	638975	1720	310	0	54	62
tlm_apply_inverse_swap	638975	639743	768	256	0	0	0
tlm_apply_inverse_mod_sub_register	639743	644204	4461	557	2	300	302
tlm_apply_inverse_mod_sub_fold	644204	644863	659	55	2	55	55
tlm_apply_inverse_mod_sub_clean	644863	645179	316	19	0	20	22
tlm_inverse_gcd_forward_codec	645179	645182	3	0	0	0	0
tlm_inverse_gcd_forward_shift	645182	646076	894	222	0	0	2
tlm_inverse_gcd_forward_compare	646076	647242	1166	259	0	35	36
tlm_inverse_gcd_forward_body	647242	651441	4199	506	3	283	286
tlm_apply_inverse_fold	651441	653161	1720	310	0	54	62
tlm_apply_inverse_swap	653161	653929	768	256	0	0	0
tlm_apply_inverse_mod_sub_register	653929	658390	4461	557	2	300	302
tlm_apply_inverse_mod_sub_fold	658390	659049	659	55	2	55	55
tlm_apply_inverse_mod_sub_clean	659049	659365	316	19	0	20	22
tlm_inverse_gcd_forward_codec	659365	659531	166	18	0	4	7
tlm_inverse_gcd_forward_shift	659531	660421	890	221	0	0	2
tlm_inverse_gcd_forward_compare	660421	661584	1163	258	0	35	36
tlm_inverse_gcd_forward_body	661584	665768	4184	504	3	282	285
tlm_apply_inverse_fold	665768	667488	1720	310	0	54	62
tlm_apply_inverse_swap	667488	668256	768	256	0	0	0
tlm_apply_inverse_mod_sub_register	668256	672717	4461	557	2	300	302
tlm_apply_inverse_mod_sub_fold	672717	673376	659	55	2	55	55
tlm_apply_inverse_mod_sub_clean	673376	673692	316	19	0	20	22
tlm_inverse_gcd_forward_codec	673692	673695	3	0	0	0	0
tlm_inverse_gcd_forward_shift	673695	674581	886	220	0	0	2
tlm_inverse_gcd_forward_compare	674581	675741	1160	257	0	35	36
tlm_inverse_gcd_forward_body	675741	679910	4169	502	3	281	284
tlm_apply_inverse_fold	679910	681630	1720	310	0	54	62
tlm_apply_inverse_swap	681630	682398	768	256	0	0	0
tlm_apply_inverse_mod_sub_register	682398	686859	4461	557	2	300	302
tlm_apply_inverse_mod_sub_fold	686859	687518	659	55	2	55	55
tlm_apply_inverse_mod_sub_clean	687518	687834	316	19	0	20	22
tlm_inverse_gcd_forward_codec	687834	687837	3	0	0	0	0
tlm_inverse_gcd_forward_shift	687837	688719	882	219	0	0	2
tlm_inverse_gcd_forward_compare	688719	689876	1157	256	0	35	36
tlm_inverse_gcd_forward_body	689876	694030	4154	500	3	280	283
tlm_apply_inverse_fold	694030	695750	1720	310	0	54	62
tlm_apply_inverse_swap	695750	696518	768	256	0	0	0
tlm_apply_inverse_mod_sub_register	696518	700979	4461	557	2	300	302
tlm_apply_inverse_mod_sub_fold	700979	701638	659	55	2	55	55
tlm_apply_inverse_mod_sub_clean	701638	701954	316	19	0	20	22
tlm_inverse_gcd_forward_codec	701954	702120	166	18	0	4	7
tlm_inverse_gcd_forward_shift	702120	702998	878	218	0	0	2
tlm_inverse_gcd_forward_compare	702998	704166	1168	256	0	36	37
tlm_inverse_gcd_forward_body	704166	708305	4139	498	3	279	282
tlm_apply_inverse_fold	708305	710025	1720	310	0	54	62
tlm_apply_inverse_swap	710025	710793	768	256	0	0	0
tlm_apply_inverse_mod_sub_register	710793	715254	4461	557	2	300	302
tlm_apply_inverse_mod_sub_fold	715254	715913	659	55	2	55	55
tlm_apply_inverse_mod_sub_clean	715913	716229	316	19	0	20	22
tlm_inverse_gcd_forward_codec	716229	716232	3	0	0	0	0
tlm_inverse_gcd_forward_shift	716232	717106	874	217	0	0	2
tlm_inverse_gcd_forward_compare	717106	718257	1151	254	0	35	36
tlm_inverse_gcd_forward_body	718257	722381	4124	496	3	278	281
tlm_apply_inverse_fold	722381	724101	1720	310	0	54	62
tlm_apply_inverse_swap	724101	724869	768	256	0	0	0
tlm_apply_inverse_mod_sub_register	724869	729330	4461	557	2	300	302
tlm_apply_inverse_mod_sub_fold	729330	729989	659	55	2	55	55
tlm_apply_inverse_mod_sub_clean	729989	730305	316	19	0	20	22
tlm_inverse_gcd_forward_codec	730305	730308	3	0	0	0	0
tlm_inverse_gcd_forward_shift	730308	731178	870	216	0	0	2
tlm_inverse_gcd_forward_compare	731178	732340	1162	254	0	36	37
tlm_inverse_gcd_forward_body	732340	736449	4109	494	3	277	280
tlm_apply_inverse_fold	736449	738169	1720	310	0	54	62
tlm_apply_inverse_swap	738169	738937	768	256	0	0	0
tlm_apply_inverse_mod_sub_register	738937	743711	4774	579	3	322	325
tlm_apply_inverse_mod_sub_fold	743711	744370	659	55	2	55	55
tlm_apply_inverse_mod_sub_clean	744370	744686	316	19	0	20	22
tlm_inverse_gcd_forward_codec	744686	744852	166	18	0	4	7
tlm_inverse_gcd_forward_shift	744852	745718	866	215	0	0	2
tlm_inverse_gcd_forward_compare	745718	746863	1145	252	0	35	36
tlm_inverse_gcd_forward_body	746863	750957	4094	492	3	276	279
tlm_apply_inverse_fold	750957	752677	1720	310	0	54	62
tlm_apply_inverse_swap	752677	753445	768	256	0	0	0
tlm_apply_inverse_mod_sub_register	753445	757906	4461	557	2	300	302
tlm_apply_inverse_mod_sub_fold	757906	758565	659	55	2	55	55
tlm_apply_inverse_mod_sub_clean	758565	758881	316	19	0	20	22
tlm_inverse_gcd_forward_codec	758881	758884	3	0	0	0	0
tlm_inverse_gcd_forward_shift	758884	759746	862	214	0	0	2
tlm_inverse_gcd_forward_compare	759746	760902	1156	252	0	36	37
tlm_inverse_gcd_forward_body	760902	764981	4079	490	3	275	278
tlm_apply_inverse_fold	764981	766701	1720	310	0	54	62
tlm_apply_inverse_swap	766701	767469	768	256	0	0	0
tlm_apply_inverse_mod_sub_register	767469	772243	4774	579	3	322	325
tlm_apply_inverse_mod_sub_fold	772243	772902	659	55	2	55	55
tlm_apply_inverse_mod_sub_clean	772902	773218	316	19	0	20	22
tlm_inverse_gcd_forward_codec	773218	773221	3	0	0	0	0
tlm_inverse_gcd_forward_shift	773221	774079	858	213	0	0	2
tlm_inverse_gcd_forward_compare	774079	775232	1153	251	0	36	37
tlm_inverse_gcd_forward_body	775232	779296	4064	488	3	274	277
tlm_apply_inverse_fold	779296	781016	1720	310	0	54	62
tlm_apply_inverse_swap	781016	781784	768	256	0	0	0
tlm_apply_inverse_mod_sub_register	781784	786558	4774	579	3	322	325
tlm_apply_inverse_mod_sub_fold	786558	787217	659	55	2	55	55
tlm_apply_inverse_mod_sub_clean	787217	787533	316	19	0	20	22
tlm_inverse_gcd_forward_codec	787533	787699	166	18	0	4	7
tlm_inverse_gcd_forward_shift	787699	788553	854	212	0	0	2
tlm_inverse_gcd_forward_compare	788553	789703	1150	250	0	36	37
tlm_inverse_gcd_forward_body	789703	793752	4049	486	3	273	276
tlm_apply_inverse_fold	793752	795472	1720	310	0	54	62
tlm_apply_inverse_swap	795472	796240	768	256	0	0	0
tlm_apply_inverse_mod_sub_register	796240	801014	4774	579	3	322	325
tlm_apply_inverse_mod_sub_fold	801014	801673	659	55	2	55	55
tlm_apply_inverse_mod_sub_clean	801673	801989	316	19	0	20	22
tlm_inverse_gcd_forward_codec	801989	801992	3	0	0	0	0
tlm_inverse_gcd_forward_shift	801992	802842	850	211	0	0	2
tlm_inverse_gcd_forward_compare	802842	803989	1147	249	0	36	37
tlm_inverse_gcd_forward_body	803989	808023	4034	484	3	272	275
tlm_apply_inverse_fold	808023	809743	1720	310	0	54	62
tlm_apply_inverse_swap	809743	810511	768	256	0	0	0
tlm_apply_inverse_mod_sub_register	810511	815285	4774	579	3	322	325
tlm_apply_inverse_mod_sub_fold	815285	815944	659	55	2	55	55
tlm_apply_inverse_mod_sub_clean	815944	816260	316	19	0	20	22
tlm_inverse_gcd_forward_codec	816260	816263	3	0	0	0	0
tlm_inverse_gcd_forward_shift	816263	817109	846	210	0	0	2
tlm_inverse_gcd_forward_compare	817109	818253	1144	248	0	36	37
tlm_inverse_gcd_forward_body	818253	822272	4019	482	3	271	274
tlm_apply_inverse_fold	822272	823992	1720	310	0	54	62
tlm_apply_inverse_swap	823992	824760	768	256	0	0	0
tlm_apply_inverse_mod_sub_register	824760	829534	4774	579	3	322	325
tlm_apply_inverse_mod_sub_fold	829534	830193	659	55	2	55	55
tlm_apply_inverse_mod_sub_clean	830193	830509	316	19	0	20	22
tlm_inverse_gcd_forward_codec	830509	830675	166	18	0	4	7
tlm_inverse_gcd_forward_shift	830675	831517	842	209	0	0	2
tlm_inverse_gcd_forward_compare	831517	832658	1141	247	0	36	37
tlm_inverse_gcd_forward_body	832658	836662	4004	480	3	270	273
tlm_apply_inverse_fold	836662	838382	1720	310	0	54	62
tlm_apply_inverse_swap	838382	839150	768	256	0	0	0
tlm_apply_inverse_mod_sub_register	839150	843924	4774	579	3	322	325
tlm_apply_inverse_mod_sub_fold	843924	844583	659	55	2	55	55
tlm_apply_inverse_mod_sub_clean	844583	844899	316	19	0	20	22
tlm_inverse_gcd_forward_codec	844899	844902	3	0	0	0	0
tlm_inverse_gcd_forward_shift	844902	845740	838	208	0	0	2
tlm_inverse_gcd_forward_compare	845740	846892	1152	247	0	37	38
tlm_inverse_gcd_forward_body	846892	850881	3989	478	3	269	272
tlm_apply_inverse_fold	850881	852601	1720	310	0	54	62
tlm_apply_inverse_swap	852601	853369	768	256	0	0	0
tlm_apply_inverse_mod_sub_register	853369	858143	4774	579	3	322	325
tlm_apply_inverse_mod_sub_fold	858143	858802	659	55	2	55	55
tlm_apply_inverse_mod_sub_clean	858802	859118	316	19	0	20	22
tlm_inverse_gcd_forward_codec	859118	859121	3	0	0	0	0
tlm_inverse_gcd_forward_shift	859121	859955	834	207	0	0	2
tlm_inverse_gcd_forward_compare	859955	861104	1149	246	0	37	38
tlm_inverse_gcd_forward_body	861104	865078	3974	476	3	268	271
tlm_apply_inverse_fold	865078	866798	1720	310	0	54	62
tlm_apply_inverse_swap	866798	867566	768	256	0	0	0
tlm_apply_inverse_mod_sub_register	867566	872340	4774	579	3	322	325
tlm_apply_inverse_mod_sub_fold	872340	872999	659	55	2	55	55
tlm_apply_inverse_mod_sub_clean	872999	873315	316	19	0	20	22
tlm_inverse_gcd_forward_codec	873315	873481	166	18	0	4	7
tlm_inverse_gcd_forward_shift	873481	874311	830	206	0	0	2
tlm_inverse_gcd_forward_compare	874311	875457	1146	245	0	37	38
tlm_inverse_gcd_forward_body	875457	879416	3959	474	3	267	270
tlm_apply_inverse_fold	879416	881136	1720	310	0	54	62
tlm_apply_inverse_swap	881136	881904	768	256	0	0	0
tlm_apply_inverse_mod_sub_register	881904	886678	4774	579	3	322	325
tlm_apply_inverse_mod_sub_fold	886678	887337	659	55	2	55	55
tlm_apply_inverse_mod_sub_clean	887337	887653	316	19	0	20	22
tlm_inverse_gcd_forward_codec	887653	887656	3	0	0	0	0
tlm_inverse_gcd_forward_shift	887656	888482	826	205	0	0	2
tlm_inverse_gcd_forward_compare	888482	889625	1143	244	0	37	38
tlm_inverse_gcd_forward_body	889625	893569	3944	472	3	266	269
tlm_apply_inverse_fold	893569	895289	1720	310	0	54	62
tlm_apply_inverse_swap	895289	896057	768	256	0	0	0
tlm_apply_inverse_mod_sub_register	896057	900831	4774	579	3	322	325
tlm_apply_inverse_mod_sub_fold	900831	901490	659	55	2	55	55
tlm_apply_inverse_mod_sub_clean	901490	901806	316	19	0	20	22
tlm_inverse_gcd_forward_codec	901806	901809	3	0	0	0	0
tlm_inverse_gcd_forward_shift	901809	902631	822	204	0	0	2
tlm_inverse_gcd_forward_compare	902631	903771	1140	243	0	37	38
tlm_inverse_gcd_forward_body	903771	907700	3929	470	3	265	268
tlm_apply_inverse_fold	907700	909420	1720	310	0	54	62
tlm_apply_inverse_swap	909420	910188	768	256	0	0	0
tlm_apply_inverse_mod_sub_register	910188	914962	4774	579	3	322	325
tlm_apply_inverse_mod_sub_fold	914962	915621	659	55	2	55	55
tlm_apply_inverse_mod_sub_clean	915621	915937	316	19	0	20	22
tlm_inverse_gcd_forward_codec	915937	916103	166	18	0	4	7
tlm_inverse_gcd_forward_shift	916103	916921	818	203	0	0	2
tlm_inverse_gcd_forward_compare	916921	918058	1137	242	0	37	38
tlm_inverse_gcd_forward_body	918058	921972	3914	468	3	264	267
tlm_apply_inverse_fold	921972	923692	1720	310	0	54	62
tlm_apply_inverse_swap	923692	924460	768	256	0	0	0
tlm_apply_inverse_mod_sub_register	924460	929234	4774	579	3	322	325
tlm_apply_inverse_mod_sub_fold	929234	929893	659	55	2	55	55
tlm_apply_inverse_mod_sub_clean	929893	930209	316	19	0	20	22
tlm_inverse_gcd_forward_codec	930209	930212	3	0	0	0	0
tlm_inverse_gcd_forward_shift	930212	931026	814	202	0	0	2
tlm_inverse_gcd_forward_compare	931026	932160	1134	241	0	37	38
tlm_inverse_gcd_forward_body	932160	936059	3899	466	3	263	266
tlm_apply_inverse_fold	936059	937779	1720	310	0	54	62
tlm_apply_inverse_swap	937779	938547	768	256	0	0	0
tlm_apply_inverse_mod_sub_register	938547	943321	4774	579	3	322	325
tlm_apply_inverse_mod_sub_fold	943321	943980	659	55	2	55	55
tlm_apply_inverse_mod_sub_clean	943980	944296	316	19	0	20	22
tlm_inverse_gcd_forward_codec	944296	944299	3	0	0	0	0
tlm_inverse_gcd_forward_shift	944299	945109	810	201	0	0	2
tlm_inverse_gcd_forward_compare	945109	946240	1131	240	0	37	38
tlm_inverse_gcd_forward_body	946240	950124	3884	464	3	262	265
tlm_apply_inverse_fold	950124	951844	1720	310	0	54	62
tlm_apply_inverse_swap	951844	952612	768	256	0	0	0
tlm_apply_inverse_mod_sub_register	952612	957386	4774	579	3	322	325
tlm_apply_inverse_mod_sub_fold	957386	958045	659	55	2	55	55
tlm_apply_inverse_mod_sub_clean	958045	958361	316	19	0	20	22
tlm_inverse_gcd_forward_codec	958361	958527	166	18	0	4	7
tlm_inverse_gcd_forward_shift	958527	959333	806	200	0	0	2
tlm_inverse_gcd_forward_compare	959333	960461	1128	239	0	37	38
tlm_inverse_gcd_forward_body	960461	964330	3869	462	3	261	264
tlm_apply_inverse_fold	964330	966050	1720	310	0	54	62
tlm_apply_inverse_swap	966050	966818	768	256	0	0	0
tlm_apply_inverse_mod_sub_register	966818	971592	4774	579	3	322	325
tlm_apply_inverse_mod_sub_fold	971592	972251	659	55	2	55	55
tlm_apply_inverse_mod_sub_clean	972251	972567	316	19	0	20	22
tlm_inverse_gcd_forward_codec	972567	972570	3	0	0	0	0
tlm_inverse_gcd_forward_shift	972570	973372	802	199	0	0	2
tlm_inverse_gcd_forward_compare	973372	974497	1125	238	0	37	38
tlm_inverse_gcd_forward_body	974497	978351	3854	460	3	260	263
tlm_apply_inverse_fold	978351	980071	1720	310	0	54	62
tlm_apply_inverse_swap	980071	980839	768	256	0	0	0
tlm_apply_inverse_mod_sub_register	980839	985613	4774	579	3	322	325
tlm_apply_inverse_mod_sub_fold	985613	986272	659	55	2	55	55
tlm_apply_inverse_mod_sub_clean	986272	986588	316	19	0	20	22
tlm_inverse_gcd_forward_codec	986588	986591	3	0	0	0	0
tlm_inverse_gcd_forward_shift	986591	987389	798	198	0	0	2
tlm_inverse_gcd_forward_compare	987389	988511	1122	237	0	37	38
tlm_inverse_gcd_forward_body	988511	992350	3839	458	3	259	262
tlm_apply_inverse_fold	992350	994070	1720	310	0	54	62
tlm_apply_inverse_swap	994070	994838	768	256	0	0	0
tlm_apply_inverse_mod_sub_register	994838	999612	4774	579	3	322	325
tlm_apply_inverse_mod_sub_fold	999612	1000271	659	55	2	55	55
tlm_apply_inverse_mod_sub_clean	1000271	1000587	316	19	0	20	22
tlm_inverse_gcd_forward_codec	1000587	1000753	166	18	0	4	7
tlm_inverse_gcd_forward_shift	1000753	1001547	794	197	0	0	2
tlm_inverse_gcd_forward_compare	1001547	1002666	1119	236	0	37	38
tlm_inverse_gcd_forward_body	1002666	1006490	3824	456	3	258	261
tlm_apply_inverse_fold	1006490	1008210	1720	310	0	54	62
tlm_apply_inverse_swap	1008210	1008978	768	256	0	0	0
tlm_apply_inverse_mod_sub_register	1008978	1013752	4774	579	3	322	325
tlm_apply_inverse_mod_sub_fold	1013752	1014411	659	55	2	55	55
tlm_apply_inverse_mod_sub_clean	1014411	1014727	316	19	0	20	22
tlm_inverse_gcd_forward_codec	1014727	1014730	3	0	0	0	0
tlm_inverse_gcd_forward_shift	1014730	1015520	790	196	0	0	2
tlm_inverse_gcd_forward_compare	1015520	1016650	1130	236	0	38	39
tlm_inverse_gcd_forward_body	1016650	1020459	3809	454	3	257	260
tlm_apply_inverse_fold	1020459	1022179	1720	310	0	54	62
tlm_apply_inverse_swap	1022179	1022947	768	256	0	0	0
tlm_apply_inverse_mod_sub_register	1022947	1027721	4774	579	3	322	325
tlm_apply_inverse_mod_sub_fold	1027721	1028380	659	55	2	55	55
tlm_apply_inverse_mod_sub_clean	1028380	1028696	316	19	0	20	22
tlm_inverse_gcd_forward_codec	1028696	1028699	3	0	0	0	0
tlm_inverse_gcd_forward_shift	1028699	1029485	786	195	0	0	2
tlm_inverse_gcd_forward_compare	1029485	1030612	1127	235	0	38	39
tlm_inverse_gcd_forward_body	1030612	1034406	3794	452	3	256	259
tlm_apply_inverse_fold	1034406	1036126	1720	310	0	54	62
tlm_apply_inverse_swap	1036126	1036894	768	256	0	0	0
tlm_apply_inverse_mod_sub_register	1036894	1041668	4774	579	3	322	325
tlm_apply_inverse_mod_sub_fold	1041668	1042327	659	55	2	55	55
tlm_apply_inverse_mod_sub_clean	1042327	1042643	316	19	0	20	22
tlm_inverse_gcd_forward_codec	1042643	1042809	166	18	0	4	7
tlm_inverse_gcd_forward_shift	1042809	1043591	782	194	0	0	2
tlm_inverse_gcd_forward_compare	1043591	1044715	1124	234	0	38	39
tlm_inverse_gcd_forward_body	1044715	1048494	3779	450	3	255	258
tlm_apply_inverse_fold	1048494	1050214	1720	310	0	54	62
tlm_apply_inverse_swap	1050214	1050982	768	256	0	0	0
tlm_apply_inverse_mod_sub_register	1050982	1055756	4774	579	3	322	325
tlm_apply_inverse_mod_sub_fold	1055756	1056415	659	55	2	55	55
tlm_apply_inverse_mod_sub_clean	1056415	1056731	316	19	0	20	22
tlm_inverse_gcd_forward_codec	1056731	1056734	3	0	0	0	0
tlm_inverse_gcd_forward_shift	1056734	1057512	778	193	0	0	2
tlm_inverse_gcd_forward_compare	1057512	1058633	1121	233	0	38	39
tlm_inverse_gcd_forward_body	1058633	1062397	3764	448	3	254	257
tlm_apply_inverse_fold	1062397	1064117	1720	310	0	54	62
tlm_apply_inverse_swap	1064117	1064885	768	256	0	0	0
tlm_apply_inverse_mod_sub_register	1064885	1069659	4774	579	3	322	325
tlm_apply_inverse_mod_sub_fold	1069659	1070318	659	55	2	55	55
tlm_apply_inverse_mod_sub_clean	1070318	1070634	316	19	0	20	22
tlm_inverse_gcd_forward_codec	1070634	1070637	3	0	0	0	0
tlm_inverse_gcd_forward_shift	1070637	1071411	774	192	0	0	2
tlm_inverse_gcd_forward_compare	1071411	1072529	1118	232	0	38	39
tlm_inverse_gcd_forward_body	1072529	1076278	3749	446	3	253	256
tlm_apply_inverse_fold	1076278	1077998	1720	310	0	54	62
tlm_apply_inverse_swap	1077998	1078766	768	256	0	0	0
tlm_apply_inverse_mod_sub_register	1078766	1083540	4774	579	3	322	325
tlm_apply_inverse_mod_sub_fold	1083540	1084199	659	55	2	55	55
tlm_apply_inverse_mod_sub_clean	1084199	1084515	316	19	0	20	22
tlm_inverse_gcd_forward_codec	1084515	1084681	166	18	0	4	7
tlm_inverse_gcd_forward_shift	1084681	1085451	770	191	0	0	2
tlm_inverse_gcd_forward_compare	1085451	1086566	1115	231	0	38	39
tlm_inverse_gcd_forward_body	1086566	1090300	3734	444	3	252	255
tlm_apply_inverse_fold	1090300	1092020	1720	310	0	54	62
tlm_apply_inverse_swap	1092020	1092788	768	256	0	0	0
tlm_apply_inverse_mod_sub_register	1092788	1097562	4774	579	3	322	325
tlm_apply_inverse_mod_sub_fold	1097562	1098221	659	55	2	55	55
tlm_apply_inverse_mod_sub_clean	1098221	1098537	316	19	0	20	22
tlm_inverse_gcd_forward_codec	1098537	1098540	3	0	0	0	0
tlm_inverse_gcd_forward_shift	1098540	1099306	766	190	0	0	2
tlm_inverse_gcd_forward_compare	1099306	1100432	1126	231	0	39	40
tlm_inverse_gcd_forward_body	1100432	1104151	3719	442	3	251	254
tlm_apply_inverse_fold	1104151	1105871	1720	310	0	54	62
tlm_apply_inverse_swap	1105871	1106639	768	256	0	0	0
tlm_apply_inverse_mod_sub_register	1106639	1111413	4774	579	3	322	325
tlm_apply_inverse_mod_sub_fold	1111413	1112072	659	55	2	55	55
tlm_apply_inverse_mod_sub_clean	1112072	1112388	316	19	0	20	22
tlm_inverse_gcd_forward_codec	1112388	1112391	3	0	0	0	0
tlm_inverse_gcd_forward_shift	1112391	1113153	762	189	0	0	2
tlm_inverse_gcd_forward_compare	1113153	1114276	1123	230	0	39	40
tlm_inverse_gcd_forward_body	1114276	1117980	3704	440	3	250	253
tlm_apply_inverse_fold	1117980	1119700	1720	310	0	54	62
tlm_apply_inverse_swap	1119700	1120468	768	256	0	0	0
tlm_apply_inverse_mod_sub_register	1120468	1125242	4774	579	3	322	325
tlm_apply_inverse_mod_sub_fold	1125242	1125901	659	55	2	55	55
tlm_apply_inverse_mod_sub_clean	1125901	1126217	316	19	0	20	22
tlm_inverse_gcd_forward_codec	1126217	1126383	166	18	0	4	7
tlm_inverse_gcd_forward_shift	1126383	1127141	758	188	0	0	2
tlm_inverse_gcd_forward_compare	1127141	1128275	1134	230	0	40	41
tlm_inverse_gcd_forward_body	1128275	1131964	3689	438	3	249	252
tlm_apply_inverse_fold	1131964	1133684	1720	310	0	54	62
tlm_apply_inverse_swap	1133684	1134452	768	256	0	0	0
tlm_apply_inverse_mod_sub_register	1134452	1139226	4774	579	3	322	325
tlm_apply_inverse_mod_sub_fold	1139226	1139885	659	55	2	55	55
tlm_apply_inverse_mod_sub_clean	1139885	1140201	316	19	0	20	22
tlm_inverse_gcd_forward_codec	1140201	1140204	3	0	0	0	0
tlm_inverse_gcd_forward_shift	1140204	1140958	754	187	0	0	2
tlm_inverse_gcd_forward_compare	1140958	1142075	1117	228	0	39	40
tlm_inverse_gcd_forward_body	1142075	1145749	3674	436	3	248	251
tlm_apply_inverse_fold	1145749	1147469	1720	310	0	54	62
tlm_apply_inverse_swap	1147469	1148237	768	256	0	0	0
tlm_apply_inverse_mod_sub_register	1148237	1153011	4774	579	3	322	325
tlm_apply_inverse_mod_sub_fold	1153011	1153670	659	55	2	55	55
tlm_apply_inverse_mod_sub_clean	1153670	1153986	316	19	0	20	22
tlm_inverse_gcd_forward_codec	1153986	1153989	3	0	0	0	0
tlm_inverse_gcd_forward_shift	1153989	1154739	750	186	0	0	2
tlm_inverse_gcd_forward_compare	1154739	1155839	1100	226	0	38	39
tlm_inverse_gcd_forward_body	1155839	1159498	3659	434	3	247	250
tlm_apply_inverse_fold	1159498	1161218	1720	310	0	54	62
tlm_apply_inverse_swap	1161218	1161986	768	256	0	0	0
tlm_apply_inverse_mod_sub_register	1161986	1166760	4774	579	3	322	325
tlm_apply_inverse_mod_sub_fold	1166760	1167419	659	55	2	55	55
tlm_apply_inverse_mod_sub_clean	1167419	1167735	316	19	0	20	22
tlm_inverse_gcd_forward_codec	1167735	1167901	166	18	0	4	7
tlm_inverse_gcd_forward_shift	1167901	1168647	746	185	0	0	2
tlm_inverse_gcd_forward_compare	1168647	1169758	1111	226	0	39	40
tlm_inverse_gcd_forward_body	1169758	1173402	3644	432	3	246	249
tlm_apply_inverse_fold	1173402	1175122	1720	310	0	54	62
tlm_apply_inverse_swap	1175122	1175890	768	256	0	0	0
tlm_apply_inverse_mod_sub_register	1175890	1180664	4774	579	3	322	325
tlm_apply_inverse_mod_sub_fold	1180664	1181323	659	55	2	55	55
tlm_apply_inverse_mod_sub_clean	1181323	1181639	316	19	0	20	22
tlm_inverse_gcd_forward_codec	1181639	1181642	3	0	0	0	0
tlm_inverse_gcd_forward_shift	1181642	1182384	742	184	0	0	2
tlm_inverse_gcd_forward_compare	1182384	1183492	1108	225	0	39	40
tlm_inverse_gcd_forward_body	1183492	1187121	3629	430	3	245	248
tlm_apply_inverse_fold	1187121	1188841	1720	310	0	54	62
tlm_apply_inverse_swap	1188841	1189609	768	256	0	0	0
tlm_apply_inverse_mod_sub_register	1189609	1194383	4774	579	3	322	325
tlm_apply_inverse_mod_sub_fold	1194383	1195042	659	55	2	55	55
tlm_apply_inverse_mod_sub_clean	1195042	1195358	316	19	0	20	22
tlm_inverse_gcd_forward_codec	1195358	1195361	3	0	0	0	0
tlm_inverse_gcd_forward_shift	1195361	1196099	738	183	0	0	2
tlm_inverse_gcd_forward_compare	1196099	1197218	1119	225	0	40	41
tlm_inverse_gcd_forward_body	1197218	1200832	3614	428	3	244	247
tlm_apply_inverse_fold	1200832	1202552	1720	310	0	54	62
tlm_apply_inverse_swap	1202552	1203320	768	256	0	0	0
tlm_apply_inverse_mod_sub_register	1203320	1208094	4774	579	3	322	325
tlm_apply_inverse_mod_sub_fold	1208094	1208753	659	55	2	55	55
tlm_apply_inverse_mod_sub_clean	1208753	1209069	316	19	0	20	22
tlm_inverse_gcd_forward_codec	1209069	1209235	166	18	0	4	7
tlm_inverse_gcd_forward_shift	1209235	1209969	734	182	0	0	2
tlm_inverse_gcd_forward_compare	1209969	1211085	1116	224	0	40	41
tlm_inverse_gcd_forward_body	1211085	1214684	3599	426	3	243	246
tlm_apply_inverse_fold	1214684	1216404	1720	310	0	54	62
tlm_apply_inverse_swap	1216404	1217172	768	256	0	0	0
tlm_apply_inverse_mod_sub_register	1217172	1221946	4774	579	3	322	325
tlm_apply_inverse_mod_sub_fold	1221946	1222605	659	55	2	55	55
tlm_apply_inverse_mod_sub_clean	1222605	1222921	316	19	0	20	22
tlm_inverse_gcd_forward_codec	1222921	1222924	3	0	0	0	0
tlm_inverse_gcd_forward_shift	1222924	1223654	730	181	0	0	2
tlm_inverse_gcd_forward_compare	1223654	1224781	1127	224	0	41	42
tlm_inverse_gcd_forward_body	1224781	1228365	3584	424	3	242	245
tlm_apply_inverse_fold	1228365	1230085	1720	310	0	54	62
tlm_apply_inverse_swap	1230085	1230853	768	256	0	0	0
tlm_apply_inverse_mod_sub_register	1230853	1235627	4774	579	3	322	325
tlm_apply_inverse_mod_sub_fold	1235627	1236286	659	55	2	55	55
tlm_apply_inverse_mod_sub_clean	1236286	1236602	316	19	0	20	22
tlm_inverse_gcd_forward_codec	1236602	1236605	3	0	0	0	0
tlm_inverse_gcd_forward_shift	1236605	1237331	726	180	0	0	2
tlm_inverse_gcd_forward_compare	1237331	1238427	1096	221	0	39	40
tlm_inverse_gcd_forward_body	1238427	1241996	3569	422	3	241	244
tlm_apply_inverse_fold	1241996	1243716	1720	310	0	54	62
tlm_apply_inverse_swap	1243716	1244484	768	256	0	0	0
tlm_apply_inverse_mod_sub_register	1244484	1249258	4774	579	3	322	325
tlm_apply_inverse_mod_sub_fold	1249258	1249917	659	55	2	55	55
tlm_apply_inverse_mod_sub_clean	1249917	1250233	316	19	0	20	22
tlm_inverse_gcd_forward_codec	1250233	1250399	166	18	0	4	7
tlm_inverse_gcd_forward_shift	1250399	1251121	722	179	0	0	2
tlm_inverse_gcd_forward_compare	1251121	1252214	1093	220	0	39	40
tlm_inverse_gcd_forward_body	1252214	1255768	3554	420	3	240	243
tlm_apply_inverse_fold	1255768	1257488	1720	310	0	54	62
tlm_apply_inverse_swap	1257488	1258256	768	256	0	0	0
tlm_apply_inverse_mod_sub_register	1258256	1263030	4774	579	3	322	325
tlm_apply_inverse_mod_sub_fold	1263030	1263689	659	55	2	55	55
tlm_apply_inverse_mod_sub_clean	1263689	1264005	316	19	0	20	22
tlm_inverse_gcd_forward_codec	1264005	1264008	3	0	0	0	0
tlm_inverse_gcd_forward_shift	1264008	1264726	718	178	0	0	2
tlm_inverse_gcd_forward_compare	1264726	1265830	1104	220	0	40	41
tlm_inverse_gcd_forward_body	1265830	1269369	3539	418	3	239	242
tlm_apply_inverse_fold	1269369	1271089	1720	310	0	54	62
tlm_apply_inverse_swap	1271089	1271857	768	256	0	0	0
tlm_apply_inverse_mod_sub_register	1271857	1276631	4774	579	3	322	325
tlm_apply_inverse_mod_sub_fold	1276631	1277290	659	55	2	55	55
tlm_apply_inverse_mod_sub_clean	1277290	1277606	316	19	0	20	22
tlm_inverse_gcd_forward_codec	1277606	1277609	3	0	0	0	0
tlm_inverse_gcd_forward_shift	1277609	1278323	714	177	0	0	2
tlm_inverse_gcd_forward_compare	1278323	1279424	1101	219	0	40	41
tlm_inverse_gcd_forward_body	1279424	1282948	3524	416	3	238	241
tlm_apply_inverse_fold	1282948	1284668	1720	310	0	54	62
tlm_apply_inverse_swap	1284668	1285436	768	256	0	0	0
tlm_apply_inverse_mod_sub_register	1285436	1290210	4774	579	3	322	325
tlm_apply_inverse_mod_sub_fold	1290210	1290869	659	55	2	55	55
tlm_apply_inverse_mod_sub_clean	1290869	1291185	316	19	0	20	22
tlm_inverse_gcd_forward_codec	1291185	1291351	166	18	0	4	7
tlm_inverse_gcd_forward_shift	1291351	1292061	710	176	0	0	2
tlm_inverse_gcd_forward_compare	1292061	1293159	1098	218	0	40	41
tlm_inverse_gcd_forward_body	1293159	1296668	3509	414	3	237	240
tlm_apply_inverse_fold	1296668	1298388	1720	310	0	54	62
tlm_apply_inverse_swap	1298388	1299156	768	256	0	0	0
tlm_apply_inverse_mod_sub_register	1299156	1303930	4774	579	3	322	325
tlm_apply_inverse_mod_sub_fold	1303930	1304589	659	55	2	55	55
tlm_apply_inverse_mod_sub_clean	1304589	1304905	316	19	0	20	22
tlm_inverse_gcd_forward_codec	1304905	1304908	3	0	0	0	0
tlm_inverse_gcd_forward_shift	1304908	1305614	706	175	0	0	2
tlm_inverse_gcd_forward_compare	1305614	1306709	1095	217	0	40	41
tlm_inverse_gcd_forward_body	1306709	1310203	3494	412	3	236	239
tlm_apply_inverse_fold	1310203	1311923	1720	310	0	54	62
tlm_apply_inverse_swap	1311923	1312691	768	256	0	0	0
tlm_apply_inverse_mod_sub_register	1312691	1317465	4774	579	3	322	325
tlm_apply_inverse_mod_sub_fold	1317465	1318124	659	55	2	55	55
tlm_apply_inverse_mod_sub_clean	1318124	1318440	316	19	0	20	22
tlm_inverse_gcd_forward_codec	1318440	1318443	3	0	0	0	0
tlm_inverse_gcd_forward_shift	1318443	1319145	702	174	0	0	2
tlm_inverse_gcd_forward_compare	1319145	1320237	1092	216	0	40	41
tlm_inverse_gcd_forward_body	1320237	1323716	3479	410	3	235	238
tlm_apply_inverse_fold	1323716	1325436	1720	310	0	54	62
tlm_apply_inverse_swap	1325436	1326204	768	256	0	0	0
tlm_apply_inverse_mod_sub_register	1326204	1330978	4774	579	3	322	325
tlm_apply_inverse_mod_sub_fold	1330978	1331637	659	55	2	55	55
tlm_apply_inverse_mod_sub_clean	1331637	1331953	316	19	0	20	22
tlm_inverse_gcd_forward_codec	1331953	1332119	166	18	0	4	7
tlm_inverse_gcd_forward_shift	1332119	1332817	698	173	0	0	2
tlm_inverse_gcd_forward_compare	1332817	1333906	1089	215	0	40	41
tlm_inverse_gcd_forward_body	1333906	1337370	3464	408	3	234	237
tlm_apply_inverse_fold	1337370	1339090	1720	310	0	54	62
tlm_apply_inverse_swap	1339090	1339858	768	256	0	0	0
tlm_apply_inverse_mod_sub_register	1339858	1344632	4774	579	3	322	325
tlm_apply_inverse_mod_sub_fold	1344632	1345291	659	55	2	55	55
tlm_apply_inverse_mod_sub_clean	1345291	1345607	316	19	0	20	22
tlm_inverse_gcd_forward_codec	1345607	1345610	3	0	0	0	0
tlm_inverse_gcd_forward_shift	1345610	1346304	694	172	0	0	2
tlm_inverse_gcd_forward_compare	1346304	1347404	1100	215	0	41	42
tlm_inverse_gcd_forward_body	1347404	1350853	3449	406	3	233	236
tlm_apply_inverse_fold	1350853	1352573	1720	310	0	54	62
tlm_apply_inverse_swap	1352573	1353341	768	256	0	0	0
tlm_apply_inverse_mod_sub_register	1353341	1358115	4774	579	3	322	325
tlm_apply_inverse_mod_sub_fold	1358115	1358774	659	55	2	55	55
tlm_apply_inverse_mod_sub_clean	1358774	1359090	316	19	0	20	22
tlm_inverse_gcd_forward_codec	1359090	1359093	3	0	0	0	0
tlm_inverse_gcd_forward_shift	1359093	1359783	690	171	0	0	2
tlm_inverse_gcd_forward_compare	1359783	1360866	1083	213	0	40	41
tlm_inverse_gcd_forward_body	1360866	1364300	3434	404	3	232	235
tlm_apply_inverse_fold	1364300	1366020	1720	310	0	54	62
tlm_apply_inverse_swap	1366020	1366788	768	256	0	0	0
tlm_apply_inverse_mod_sub_register	1366788	1371562	4774	579	3	322	325
tlm_apply_inverse_mod_sub_fold	1371562	1372221	659	55	2	55	55
tlm_apply_inverse_mod_sub_clean	1372221	1372537	316	19	0	20	22
tlm_inverse_gcd_forward_codec	1372537	1372703	166	18	0	4	7
tlm_inverse_gcd_forward_shift	1372703	1373391	688	171	0	0	0
tlm_inverse_gcd_forward_compare	1373391	1374502	1111	215	0	42	43
tlm_inverse_gcd_forward_body	1374502	1377936	3434	404	3	232	235
tlm_apply_inverse_fold	1377936	1379656	1720	310	0	54	62
tlm_apply_inverse_swap	1379656	1380424	768	256	0	0	0
tlm_apply_inverse_mod_sub_register	1380424	1385198	4774	579	3	322	325
tlm_apply_inverse_mod_sub_fold	1385198	1385857	659	55	2	55	55
tlm_apply_inverse_mod_sub_clean	1385857	1386173	316	19	0	20	22
tlm_inverse_gcd_forward_codec	1386173	1386176	3	0	0	0	0
tlm_inverse_gcd_forward_shift	1386176	1386862	686	170	0	0	2
tlm_inverse_gcd_forward_compare	1386862	1387956	1094	213	0	41	42
tlm_inverse_gcd_forward_body	1387956	1391375	3419	402	3	231	234
tlm_apply_inverse_fold	1391375	1393095	1720	310	0	54	62
tlm_apply_inverse_swap	1393095	1393863	768	256	0	0	0
tlm_apply_inverse_mod_sub_register	1393863	1398637	4774	579	3	322	325
tlm_apply_inverse_mod_sub_fold	1398637	1399296	659	55	2	55	55
tlm_apply_inverse_mod_sub_clean	1399296	1399612	316	19	0	20	22
tlm_inverse_gcd_forward_codec	1399612	1399615	3	0	0	0	0
tlm_inverse_gcd_forward_shift	1399615	1400295	680	168	0	0	4
tlm_inverse_gcd_forward_compare	1400295	1401369	1074	210	0	40	41
tlm_inverse_gcd_forward_body	1401369	1404758	3389	398	3	229	232
tlm_apply_inverse_fold	1404758	1406478	1720	310	0	54	62
tlm_apply_inverse_swap	1406478	1407246	768	256	0	0	0
tlm_apply_inverse_mod_sub_register	1407246	1412020	4774	579	3	322	325
tlm_apply_inverse_mod_sub_fold	1412020	1412679	659	55	2	55	55
tlm_apply_inverse_mod_sub_clean	1412679	1412995	316	19	0	20	22
tlm_inverse_gcd_forward_codec	1412995	1413161	166	18	0	4	7
tlm_inverse_gcd_forward_shift	1413161	1413835	674	167	0	0	2
tlm_inverse_gcd_forward_compare	1413835	1414906	1071	209	0	40	41
tlm_inverse_gcd_forward_body	1414906	1418280	3374	396	3	228	231
tlm_apply_inverse_fold	1418280	1420000	1720	310	0	54	62
tlm_apply_inverse_swap	1420000	1420768	768	256	0	0	0
tlm_apply_inverse_mod_sub_register	1420768	1425542	4774	579	3	322	325
tlm_apply_inverse_mod_sub_fold	1425542	1426201	659	55	2	55	55
tlm_apply_inverse_mod_sub_clean	1426201	1426517	316	19	0	20	22
tlm_inverse_gcd_forward_codec	1426517	1426520	3	0	0	0	0
tlm_inverse_gcd_forward_shift	1426520	1427190	670	166	0	0	2
tlm_inverse_gcd_forward_compare	1427190	1428286	1096	210	0	42	43
tlm_inverse_gcd_forward_body	1428286	1431645	3359	394	3	227	230
tlm_apply_inverse_fold	1431645	1433365	1720	310	0	54	62
tlm_apply_inverse_swap	1433365	1434133	768	256	0	0	0
tlm_apply_inverse_mod_sub_register	1434133	1438907	4774	579	3	322	325
tlm_apply_inverse_mod_sub_fold	1438907	1439566	659	55	2	55	55
tlm_apply_inverse_mod_sub_clean	1439566	1439882	316	19	0	20	22
tlm_inverse_gcd_forward_codec	1439882	1439885	3	0	0	0	0
tlm_inverse_gcd_forward_shift	1439885	1440551	666	165	0	0	2
tlm_inverse_gcd_forward_compare	1440551	1441630	1079	208	0	41	42
tlm_inverse_gcd_forward_body	1441630	1444974	3344	392	3	226	229
tlm_apply_inverse_fold	1444974	1446694	1720	310	0	54	62
tlm_apply_inverse_swap	1446694	1447462	768	256	0	0	0
tlm_apply_inverse_mod_sub_register	1447462	1452236	4774	579	3	322	325
tlm_apply_inverse_mod_sub_fold	1452236	1452895	659	55	2	55	55
tlm_apply_inverse_mod_sub_clean	1452895	1453211	316	19	0	20	22
tlm_inverse_gcd_forward_codec	1453211	1453377	166	18	0	4	7
tlm_inverse_gcd_forward_shift	1453377	1454039	662	164	0	0	2
tlm_inverse_gcd_forward_compare	1454039	1455115	1076	207	0	41	42
tlm_inverse_gcd_forward_body	1455115	1458444	3329	390	3	225	228
tlm_apply_inverse_fold	1458444	1460164	1720	310	0	54	62
tlm_apply_inverse_swap	1460164	1460932	768	256	0	0	0
tlm_apply_inverse_mod_sub_register	1460932	1465706	4774	579	3	322	325
tlm_apply_inverse_mod_sub_fold	1465706	1466365	659	55	2	55	55
tlm_apply_inverse_mod_sub_clean	1466365	1466681	316	19	0	20	22
tlm_inverse_gcd_forward_codec	1466681	1466684	3	0	0	0	0
tlm_inverse_gcd_forward_shift	1466684	1467340	656	162	0	0	4
tlm_inverse_gcd_forward_compare	1467340	1468396	1056	204	0	40	41
tlm_inverse_gcd_forward_body	1468396	1471695	3299	386	3	223	226
tlm_apply_inverse_fold	1471695	1473415	1720	310	0	54	62
tlm_apply_inverse_swap	1473415	1474183	768	256	0	0	0
tlm_apply_inverse_mod_sub_register	1474183	1478957	4774	579	3	322	325
tlm_apply_inverse_mod_sub_fold	1478957	1479616	659	55	2	55	55
tlm_apply_inverse_mod_sub_clean	1479616	1479932	316	19	0	20	22
tlm_inverse_gcd_forward_codec	1479932	1479935	3	0	0	0	0
tlm_inverse_gcd_forward_shift	1479935	1480583	648	160	0	0	4
tlm_inverse_gcd_forward_compare	1480583	1481633	1050	202	0	40	41
tlm_inverse_gcd_forward_body	1481633	1484902	3269	382	3	221	224
tlm_apply_inverse_fold	1484902	1486622	1720	310	0	54	62
tlm_apply_inverse_swap	1486622	1487390	768	256	0	0	0
tlm_apply_inverse_mod_sub_register	1487390	1492164	4774	579	3	322	325
tlm_apply_inverse_mod_sub_fold	1492164	1492823	659	55	2	55	55
tlm_apply_inverse_mod_sub_clean	1492823	1493139	316	19	0	20	22
tlm_inverse_gcd_forward_codec	1493139	1493305	166	18	0	4	7
tlm_inverse_gcd_forward_shift	1493305	1493949	644	160	0	0	0
tlm_inverse_gcd_forward_compare	1493949	1495013	1064	203	0	41	42
tlm_inverse_gcd_forward_body	1495013	1498282	3269	382	3	221	224
tlm_apply_inverse_fold	1498282	1500002	1720	310	0	54	62
tlm_apply_inverse_swap	1500002	1500770	768	256	0	0	0
tlm_apply_inverse_mod_sub_register	1500770	1505544	4774	579	3	322	325
tlm_apply_inverse_mod_sub_fold	1505544	1506203	659	55	2	55	55
tlm_apply_inverse_mod_sub_clean	1506203	1506519	316	19	0	20	22
tlm_inverse_gcd_forward_codec	1506519	1506522	3	0	0	0	0
tlm_inverse_gcd_forward_shift	1506522	1507164	642	159	0	0	2
tlm_inverse_gcd_forward_compare	1507164	1508211	1047	201	0	40	41
tlm_inverse_gcd_forward_body	1508211	1511465	3254	380	3	220	223
tlm_apply_inverse_fold	1511465	1513185	1720	310	0	54	62
tlm_apply_inverse_swap	1513185	1513953	768	256	0	0	0
tlm_apply_inverse_mod_sub_register	1513953	1518727	4774	579	3	322	325
tlm_apply_inverse_mod_sub_fold	1518727	1519386	659	55	2	55	55
tlm_apply_inverse_mod_sub_clean	1519386	1519702	316	19	0	20	22
tlm_inverse_gcd_forward_codec	1519702	1519705	3	0	0	0	0
tlm_inverse_gcd_forward_shift	1519705	1520343	638	158	0	0	2
tlm_inverse_gcd_forward_compare	1520343	1521401	1058	201	0	41	42
tlm_inverse_gcd_forward_body	1521401	1524640	3239	378	3	219	222
tlm_apply_inverse_fold	1524640	1526360	1720	310	0	54	62
tlm_apply_inverse_swap	1526360	1527128	768	256	0	0	0
tlm_apply_inverse_mod_sub_register	1527128	1531902	4774	579	3	322	325
tlm_apply_inverse_mod_sub_fold	1531902	1532561	659	55	2	55	55
tlm_apply_inverse_mod_sub_clean	1532561	1532877	316	19	0	20	22
tlm_inverse_gcd_forward_codec	1532877	1533043	166	18	0	4	7
tlm_inverse_gcd_forward_shift	1533043	1533675	632	156	0	0	4
tlm_inverse_gcd_forward_compare	1533675	1534713	1038	198	0	40	41
tlm_inverse_gcd_forward_body	1534713	1537893	3180	372	3	215	217
tlm_apply_inverse_fold	1537893	1539613	1720	310	0	54	62
tlm_apply_inverse_swap	1539613	1540381	768	256	0	0	0
tlm_apply_inverse_mod_sub_register	1540381	1545155	4774	579	3	322	325
tlm_apply_inverse_mod_sub_fold	1545155	1545814	659	55	2	55	55
tlm_apply_inverse_mod_sub_clean	1545814	1546130	316	19	0	20	22
tlm_inverse_gcd_forward_codec	1546130	1546133	3	0	0	0	0
tlm_inverse_gcd_forward_shift	1546133	1546761	628	156	0	0	0
tlm_inverse_gcd_forward_compare	1546761	1547813	1052	199	0	41	42
tlm_inverse_gcd_forward_body	1547813	1551022	3209	374	3	217	220
tlm_apply_inverse_fold	1551022	1552742	1720	310	0	54	62
tlm_apply_inverse_swap	1552742	1553510	768	256	0	0	0
tlm_apply_inverse_mod_sub_register	1553510	1558284	4774	579	3	322	325
tlm_apply_inverse_mod_sub_fold	1558284	1558943	659	55	2	55	55
tlm_apply_inverse_mod_sub_clean	1558943	1559259	316	19	0	20	22
tlm_inverse_gcd_forward_codec	1559259	1559262	3	0	0	0	0
tlm_inverse_gcd_forward_shift	1559262	1559888	626	155	0	0	2
tlm_inverse_gcd_forward_compare	1559888	1560937	1049	198	0	41	42
tlm_inverse_gcd_forward_body	1560937	1564131	3194	372	3	216	219
tlm_apply_inverse_fold	1564131	1565851	1720	310	0	54	62
tlm_apply_inverse_swap	1565851	1566619	768	256	0	0	0
tlm_apply_inverse_mod_sub_register	1566619	1571393	4774	579	3	322	325
tlm_apply_inverse_mod_sub_fold	1571393	1572052	659	55	2	55	55
tlm_apply_inverse_mod_sub_clean	1572052	1572368	316	19	0	20	22
tlm_inverse_gcd_forward_codec	1572368	1572534	166	18	0	4	7
tlm_inverse_gcd_forward_shift	1572534	1573154	620	153	0	0	4
tlm_inverse_gcd_forward_compare	1573154	1574183	1029	195	0	40	41
tlm_inverse_gcd_forward_body	1574183	1577304	3121	365	3	211	213
tlm_apply_inverse_fold	1577304	1579024	1720	310	0	54	62
tlm_apply_inverse_swap	1579024	1579792	768	256	0	0	0
tlm_apply_inverse_mod_sub_register	1579792	1584566	4774	579	3	322	325
tlm_apply_inverse_mod_sub_fold	1584566	1585225	659	55	2	55	55
tlm_apply_inverse_mod_sub_clean	1585225	1585541	316	19	0	20	22
tlm_inverse_gcd_forward_codec	1585541	1585544	3	0	0	0	0
tlm_inverse_gcd_forward_shift	1585544	1586160	616	153	0	0	0
tlm_inverse_gcd_forward_compare	1586160	1587217	1057	197	0	42	43
tlm_inverse_gcd_forward_body	1587217	1590381	3164	368	3	214	217
tlm_apply_inverse_fold	1590381	1592101	1720	310	0	54	62
tlm_apply_inverse_swap	1592101	1592869	768	256	0	0	0
tlm_apply_inverse_mod_sub_register	1592869	1597643	4774	579	3	322	325
tlm_apply_inverse_mod_sub_fold	1597643	1598302	659	55	2	55	55
tlm_apply_inverse_mod_sub_clean	1598302	1598618	316	19	0	20	22
tlm_inverse_gcd_forward_codec	1598618	1598621	3	0	0	0	0
tlm_inverse_gcd_forward_shift	1598621	1599235	614	152	0	0	2
tlm_inverse_gcd_forward_compare	1599235	1600275	1040	195	0	41	42
tlm_inverse_gcd_forward_body	1600275	1603424	3149	366	3	213	216
tlm_apply_inverse_fold	1603424	1605144	1720	310	0	54	62
tlm_apply_inverse_swap	1605144	1605912	768	256	0	0	0
tlm_apply_inverse_mod_sub_register	1605912	1610686	4774	579	3	322	325
tlm_apply_inverse_mod_sub_fold	1610686	1611345	659	55	2	55	55
tlm_apply_inverse_mod_sub_clean	1611345	1611661	316	19	0	20	22
tlm_inverse_gcd_forward_codec	1611661	1611827	166	18	0	4	7
tlm_inverse_gcd_forward_shift	1611827	1612437	610	151	0	0	2
tlm_inverse_gcd_forward_compare	1612437	1613488	1051	195	0	42	43
tlm_inverse_gcd_forward_body	1613488	1616622	3134	364	3	212	215
tlm_apply_inverse_fold	1616622	1618342	1720	310	0	54	62
tlm_apply_inverse_swap	1618342	1619110	768	256	0	0	0
tlm_apply_inverse_mod_sub_register	1619110	1623884	4774	579	3	322	325
tlm_apply_inverse_mod_sub_fold	1623884	1624543	659	55	2	55	55
tlm_apply_inverse_mod_sub_clean	1624543	1624859	316	19	0	20	22
tlm_inverse_gcd_forward_codec	1624859	1624862	3	0	0	0	0
tlm_inverse_gcd_forward_shift	1624862	1625468	606	150	0	0	2
tlm_inverse_gcd_forward_compare	1625468	1626516	1048	194	0	42	43
tlm_inverse_gcd_forward_body	1626516	1629635	3119	362	3	211	214
tlm_apply_inverse_fold	1629635	1631355	1720	310	0	54	62
tlm_apply_inverse_swap	1631355	1632123	768	256	0	0	0
tlm_apply_inverse_mod_sub_register	1632123	1636897	4774	579	3	322	325
tlm_apply_inverse_mod_sub_fold	1636897	1637556	659	55	2	55	55
tlm_apply_inverse_mod_sub_clean	1637556	1637872	316	19	0	20	22
tlm_inverse_gcd_forward_codec	1637872	1637875	3	0	0	0	0
tlm_inverse_gcd_forward_shift	1637875	1638477	602	149	0	0	2
tlm_inverse_gcd_forward_compare	1638477	1639522	1045	193	0	42	43
tlm_inverse_gcd_forward_body	1639522	1642626	3104	360	3	210	213
tlm_apply_inverse_fold	1642626	1644346	1720	310	0	54	62
tlm_apply_inverse_swap	1644346	1645114	768	256	0	0	0
tlm_apply_inverse_mod_sub_register	1645114	1649888	4774	579	3	322	325
tlm_apply_inverse_mod_sub_fold	1649888	1650547	659	55	2	55	55
tlm_apply_inverse_mod_sub_clean	1650547	1650863	316	19	0	20	22
tlm_inverse_gcd_forward_codec	1650863	1651029	166	18	0	4	7
tlm_inverse_gcd_forward_shift	1651029	1651627	598	148	0	0	2
tlm_inverse_gcd_forward_compare	1651627	1652669	1042	192	0	42	43
tlm_inverse_gcd_forward_body	1652669	1655757	3088	358	3	209	211
tlm_apply_inverse_fold	1655757	1657477	1720	310	0	54	62
tlm_apply_inverse_swap	1657477	1658245	768	256	0	0	0
tlm_apply_inverse_mod_sub_register	1658245	1663019	4774	579	3	322	325
tlm_apply_inverse_mod_sub_fold	1663019	1663678	659	55	2	55	55
tlm_apply_inverse_mod_sub_clean	1663678	1663994	316	19	0	20	22
tlm_inverse_gcd_forward_codec	1663994	1663997	3	0	0	0	0
tlm_inverse_gcd_forward_shift	1663997	1664591	594	147	0	0	2
tlm_inverse_gcd_forward_compare	1664591	1665630	1039	191	0	42	43
tlm_inverse_gcd_forward_body	1665630	1668704	3074	356	3	208	211
tlm_apply_inverse_fold	1668704	1670424	1720	310	0	54	62
tlm_apply_inverse_swap	1670424	1671192	768	256	0	0	0
tlm_apply_inverse_mod_sub_register	1671192	1675966	4774	579	3	322	325
tlm_apply_inverse_mod_sub_fold	1675966	1676625	659	55	2	55	55
tlm_apply_inverse_mod_sub_clean	1676625	1676941	316	19	0	20	22
tlm_inverse_gcd_forward_codec	1676941	1676944	3	0	0	0	0
tlm_inverse_gcd_forward_shift	1676944	1677532	588	145	0	0	4
tlm_inverse_gcd_forward_compare	1677532	1678551	1019	188	0	41	42
tlm_inverse_gcd_forward_body	1678551	1681552	3001	349	3	203	205
tlm_apply_inverse_fold	1681552	1683272	1720	310	0	54	62
tlm_apply_inverse_swap	1683272	1684040	768	256	0	0	0
tlm_apply_inverse_mod_sub_register	1684040	1688814	4774	579	3	322	325
tlm_apply_inverse_mod_sub_fold	1688814	1689473	659	55	2	55	55
tlm_apply_inverse_mod_sub_clean	1689473	1689789	316	19	0	20	22
tlm_inverse_gcd_forward_codec	1689789	1689955	166	18	0	4	7
tlm_inverse_gcd_forward_shift	1689955	1690537	582	144	0	0	2
tlm_inverse_gcd_forward_compare	1690537	1691553	1016	187	0	41	42
tlm_inverse_gcd_forward_body	1691553	1694497	2944	344	3	199	201
tlm_apply_inverse_fold	1694497	1696217	1720	310	0	54	62
tlm_apply_inverse_swap	1696217	1696985	768	256	0	0	0
tlm_apply_inverse_mod_sub_register	1696985	1701759	4774	579	3	322	325
tlm_apply_inverse_mod_sub_fold	1701759	1702418	659	55	2	55	55
tlm_apply_inverse_mod_sub_clean	1702418	1702734	316	19	0	20	22
tlm_inverse_gcd_forward_codec	1702734	1702737	3	0	0	0	0
tlm_inverse_gcd_forward_shift	1702737	1703315	578	143	0	0	2
tlm_inverse_gcd_forward_compare	1703315	1704342	1027	187	0	42	43
tlm_inverse_gcd_forward_body	1704342	1707285	2943	343	3	199	201
tlm_apply_inverse_fold	1707285	1709005	1720	310	0	54	62
tlm_apply_inverse_swap	1709005	1709773	768	256	0	0	0
tlm_apply_inverse_mod_sub_register	1709773	1714547	4774	579	3	322	325
tlm_apply_inverse_mod_sub_fold	1714547	1715206	659	55	2	55	55
tlm_apply_inverse_mod_sub_clean	1715206	1715522	316	19	0	20	22
tlm_inverse_gcd_forward_codec	1715522	1715525	3	0	0	0	0
tlm_inverse_gcd_forward_shift	1715525	1716099	574	142	0	0	2
tlm_inverse_gcd_forward_compare	1716099	1717109	1010	185	0	41	42
tlm_inverse_gcd_forward_body	1717109	1720051	2942	342	3	199	201
tlm_apply_inverse_fold	1720051	1721771	1720	310	0	54	62
tlm_apply_inverse_swap	1721771	1722539	768	256	0	0	0
tlm_apply_inverse_mod_sub_register	1722539	1727313	4774	579	3	322	325
tlm_apply_inverse_mod_sub_fold	1727313	1727972	659	55	2	55	55
tlm_apply_inverse_mod_sub_clean	1727972	1728288	316	19	0	20	22
tlm_inverse_gcd_forward_codec	1728288	1728454	166	18	0	4	7
tlm_inverse_gcd_forward_shift	1728454	1729024	570	141	0	0	2
tlm_inverse_gcd_forward_compare	1729024	1730045	1021	185	0	42	43
tlm_inverse_gcd_forward_body	1730045	1732930	2885	337	3	195	197
tlm_apply_inverse_fold	1732930	1734650	1720	310	0	54	62
tlm_apply_inverse_swap	1734650	1735418	768	256	0	0	0
tlm_apply_inverse_mod_sub_register	1735418	1740192	4774	579	3	322	325
tlm_apply_inverse_mod_sub_fold	1740192	1740851	659	55	2	55	55
tlm_apply_inverse_mod_sub_clean	1740851	1741167	316	19	0	20	22
tlm_inverse_gcd_forward_codec	1741167	1741170	3	0	0	0	0
tlm_inverse_gcd_forward_shift	1741170	1741738	568	141	0	0	0
tlm_inverse_gcd_forward_compare	1741738	1742773	1035	186	0	43	44
tlm_inverse_gcd_forward_body	1742773	1745742	2969	343	3	201	203
tlm_apply_inverse_fold	1745742	1747462	1720	310	0	54	62
tlm_apply_inverse_swap	1747462	1748230	768	256	0	0	0
tlm_apply_inverse_mod_sub_register	1748230	1753317	5087	601	4	344	348
tlm_apply_inverse_mod_sub_fold	1753317	1753976	659	55	2	55	55
tlm_apply_inverse_mod_sub_clean	1753976	1754292	316	19	0	20	22
tlm_inverse_gcd_forward_codec	1754292	1754295	3	0	0	0	0
tlm_inverse_gcd_forward_shift	1754295	1754861	566	140	0	0	2
tlm_inverse_gcd_forward_compare	1754861	1755879	1018	184	0	42	43
tlm_inverse_gcd_forward_body	1755879	1758847	2968	342	3	201	203
tlm_apply_inverse_fold	1758847	1760567	1720	310	0	54	62
tlm_apply_inverse_swap	1760567	1761335	768	256	0	0	0
tlm_apply_inverse_mod_sub_register	1761335	1766422	5087	601	4	344	348
tlm_apply_inverse_mod_sub_fold	1766422	1767081	659	55	2	55	55
tlm_apply_inverse_mod_sub_clean	1767081	1767397	316	19	0	20	22
tlm_inverse_gcd_forward_codec	1767397	1767563	166	18	0	4	7
tlm_inverse_gcd_forward_shift	1767563	1768125	562	139	0	0	2
tlm_inverse_gcd_forward_compare	1768125	1769140	1015	183	0	42	43
tlm_inverse_gcd_forward_body	1769140	1772051	2911	337	3	197	199
tlm_apply_inverse_fold	1772051	1773771	1720	310	0	54	62
tlm_apply_inverse_swap	1773771	1774539	768	256	0	0	0
tlm_apply_inverse_mod_sub_register	1774539	1779626	5087	601	4	344	348
tlm_apply_inverse_mod_sub_fold	1779626	1780285	659	55	2	55	55
tlm_apply_inverse_mod_sub_clean	1780285	1780601	316	19	0	20	22
tlm_inverse_gcd_forward_codec	1780601	1780604	3	0	0	0	0
tlm_inverse_gcd_forward_shift	1780604	1781160	556	137	0	0	4
tlm_inverse_gcd_forward_compare	1781160	1782169	1009	181	0	42	43
tlm_inverse_gcd_forward_body	1782169	1784994	2825	329	3	191	193
tlm_apply_inverse_fold	1784994	1786714	1720	310	0	54	62
tlm_apply_inverse_swap	1786714	1787482	768	256	0	0	0
tlm_apply_inverse_mod_sub_register	1787482	1792569	5087	601	4	344	348
tlm_apply_inverse_mod_sub_fold	1792569	1793228	659	55	2	55	55
tlm_apply_inverse_mod_sub_clean	1793228	1793544	316	19	0	20	22
tlm_inverse_gcd_forward_codec	1793544	1793547	3	0	0	0	0
tlm_inverse_gcd_forward_shift	1793547	1794099	552	137	0	0	0
tlm_inverse_gcd_forward_compare	1794099	1795108	1009	181	0	42	43
tlm_inverse_gcd_forward_body	1795108	1798017	2909	335	3	197	199
tlm_apply_inverse_fold	1798017	1799737	1720	310	0	54	62
tlm_apply_inverse_swap	1799737	1800505	768	256	0	0	0
tlm_apply_inverse_mod_sub_register	1800505	1805592	5087	601	4	344	348
tlm_apply_inverse_mod_sub_fold	1805592	1806251	659	55	2	55	55
tlm_apply_inverse_mod_sub_clean	1806251	1806567	316	19	0	20	22
tlm_inverse_gcd_forward_codec	1806567	1806733	166	18	0	4	7
tlm_inverse_gcd_forward_shift	1806733	1807283	550	136	0	0	2
tlm_inverse_gcd_forward_compare	1807283	1808289	1006	180	0	42	43
tlm_inverse_gcd_forward_body	1808289	1811141	2852	330	3	193	195
tlm_apply_inverse_fold	1811141	1812861	1720	310	0	54	62
tlm_apply_inverse_swap	1812861	1813629	768	256	0	0	0
tlm_apply_inverse_mod_sub_register	1813629	1818716	5087	601	4	344	348
tlm_apply_inverse_mod_sub_fold	1818716	1819375	659	55	2	55	55
tlm_apply_inverse_mod_sub_clean	1819375	1819691	316	19	0	20	22
tlm_inverse_gcd_forward_codec	1819691	1819694	3	0	0	0	0
tlm_inverse_gcd_forward_shift	1819694	1820240	546	135	0	0	2
tlm_inverse_gcd_forward_compare	1820240	1821243	1003	179	0	42	43
tlm_inverse_gcd_forward_body	1821243	1824094	2851	329	3	193	195
tlm_apply_inverse_fold	1824094	1825814	1720	310	0	54	62
tlm_apply_inverse_swap	1825814	1826582	768	256	0	0	0
tlm_apply_inverse_mod_sub_register	1826582	1831669	5087	601	4	344	348
tlm_apply_inverse_mod_sub_fold	1831669	1832328	659	55	2	55	55
tlm_apply_inverse_mod_sub_clean	1832328	1832644	316	19	0	20	22
tlm_inverse_gcd_forward_codec	1832644	1832647	3	0	0	0	0
tlm_inverse_gcd_forward_shift	1832647	1833189	542	134	0	0	2
tlm_inverse_gcd_forward_compare	1833189	1834189	1000	178	0	42	43
tlm_inverse_gcd_forward_body	1834189	1837039	2850	328	3	193	195
tlm_apply_inverse_fold	1837039	1838759	1720	310	0	54	62
tlm_apply_inverse_swap	1838759	1839527	768	256	0	0	0
tlm_apply_inverse_mod_sub_register	1839527	1844614	5087	601	4	344	348
tlm_apply_inverse_mod_sub_fold	1844614	1845273	659	55	2	55	55
tlm_apply_inverse_mod_sub_clean	1845273	1845589	316	19	0	20	22
tlm_inverse_gcd_forward_codec	1845589	1845755	166	18	0	4	7
tlm_inverse_gcd_forward_shift	1845755	1846293	538	133	0	0	2
tlm_inverse_gcd_forward_compare	1846293	1847304	1011	178	0	43	44
tlm_inverse_gcd_forward_body	1847304	1850097	2793	323	3	189	191
tlm_apply_inverse_fold	1850097	1851817	1720	310	0	54	62
tlm_apply_inverse_swap	1851817	1852585	768	256	0	0	0
tlm_apply_inverse_mod_sub_register	1852585	1857672	5087	601	4	344	348
tlm_apply_inverse_mod_sub_fold	1857672	1858331	659	55	2	55	55
tlm_apply_inverse_mod_sub_clean	1858331	1858647	316	19	0	20	22
tlm_inverse_gcd_forward_codec	1858647	1858650	3	0	0	0	0
tlm_inverse_gcd_forward_shift	1858650	1859184	534	132	0	0	2
tlm_inverse_gcd_forward_compare	1859184	1860192	1008	177	0	43	44
tlm_inverse_gcd_forward_body	1860192	1862984	2792	322	3	189	191
tlm_apply_inverse_fold	1862984	1864704	1720	310	0	54	62
tlm_apply_inverse_swap	1864704	1865472	768	256	0	0	0
tlm_apply_inverse_mod_sub_register	1865472	1870559	5087	601	4	344	348
tlm_apply_inverse_mod_sub_fold	1870559	1871218	659	55	2	55	55
tlm_apply_inverse_mod_sub_clean	1871218	1871534	316	19	0	20	22
tlm_inverse_gcd_forward_codec	1871534	1871537	3	0	0	0	0
tlm_inverse_gcd_forward_shift	1871537	1872067	530	131	0	0	2
tlm_inverse_gcd_forward_compare	1872067	1873072	1005	176	0	43	44
tlm_inverse_gcd_forward_body	1873072	1875863	2791	321	3	189	191
tlm_apply_inverse_fold	1875863	1877583	1720	310	0	54	62
tlm_apply_inverse_swap	1877583	1878351	768	256	0	0	0
tlm_apply_inverse_mod_sub_register	1878351	1883438	5087	601	4	344	348
tlm_apply_inverse_mod_sub_fold	1883438	1884097	659	55	2	55	55
tlm_apply_inverse_mod_sub_clean	1884097	1884413	316	19	0	20	22
tlm_inverse_gcd_forward_codec	1884413	1884579	166	18	0	4	7
tlm_inverse_gcd_forward_shift	1884579	1885105	526	130	0	0	2
tlm_inverse_gcd_forward_compare	1885105	1886107	1002	175	0	43	44
tlm_inverse_gcd_forward_body	1886107	1888841	2734	316	3	185	187
tlm_apply_inverse_fold	1888841	1890561	1720	310	0	54	62
tlm_apply_inverse_swap	1890561	1891329	768	256	0	0	0
tlm_apply_inverse_mod_sub_register	1891329	1896416	5087	601	4	344	348
tlm_apply_inverse_mod_sub_fold	1896416	1897075	659	55	2	55	55
tlm_apply_inverse_mod_sub_clean	1897075	1897391	316	19	0	20	22
tlm_inverse_gcd_forward_codec	1897391	1897394	3	0	0	0	0
tlm_inverse_gcd_forward_shift	1897394	1897916	522	129	0	0	2
tlm_inverse_gcd_forward_compare	1897916	1898901	985	173	0	42	43
tlm_inverse_gcd_forward_body	1898901	1901634	2733	315	3	185	187
tlm_apply_inverse_fold	1901634	1903354	1720	310	0	54	62
tlm_apply_inverse_swap	1903354	1904122	768	256	0	0	0
tlm_apply_inverse_mod_sub_register	1904122	1909209	5087	601	4	344	348
tlm_apply_inverse_mod_sub_fold	1909209	1909868	659	55	2	55	55
tlm_apply_inverse_mod_sub_clean	1909868	1910184	316	19	0	20	22
tlm_inverse_gcd_forward_codec	1910184	1910187	3	0	0	0	0
tlm_inverse_gcd_forward_shift	1910187	1910703	516	127	0	0	4
tlm_inverse_gcd_forward_compare	1910703	1911696	993	172	0	43	44
tlm_inverse_gcd_forward_body	1911696	1914343	2647	307	3	179	181
tlm_apply_inverse_fold	1914343	1916063	1720	310	0	54	62
tlm_apply_inverse_swap	1916063	1916831	768	256	0	0	0
tlm_apply_inverse_mod_sub_register	1916831	1921918	5087	601	4	344	348
tlm_apply_inverse_mod_sub_fold	1921918	1922577	659	55	2	55	55
tlm_apply_inverse_mod_sub_clean	1922577	1922893	316	19	0	20	22
tlm_inverse_gcd_forward_codec	1922893	1923059	166	18	0	4	7
tlm_inverse_gcd_forward_shift	1923059	1923569	510	126	0	0	2
tlm_inverse_gcd_forward_compare	1923569	1924559	990	171	0	43	44
tlm_inverse_gcd_forward_body	1924559	1927149	2590	302	3	175	177
tlm_apply_inverse_fold	1927149	1928869	1720	310	0	54	62
tlm_apply_inverse_swap	1928869	1929637	768	256	0	0	0
tlm_apply_inverse_mod_sub_register	1929637	1934724	5087	601	4	344	348
tlm_apply_inverse_mod_sub_fold	1934724	1935383	659	55	2	55	55
tlm_apply_inverse_mod_sub_clean	1935383	1935699	316	19	0	20	22
tlm_inverse_gcd_forward_codec	1935699	1935702	3	0	0	0	0
tlm_inverse_gcd_forward_shift	1935702	1936208	506	125	0	0	2
tlm_inverse_gcd_forward_compare	1936208	1937181	973	169	0	42	43
tlm_inverse_gcd_forward_body	1937181	1939770	2589	301	3	175	177
tlm_apply_inverse_fold	1939770	1941490	1720	310	0	54	62
tlm_apply_inverse_swap	1941490	1942258	768	256	0	0	0
tlm_apply_inverse_mod_sub_register	1942258	1947345	5087	601	4	344	348
tlm_apply_inverse_mod_sub_fold	1947345	1948004	659	55	2	55	55
tlm_apply_inverse_mod_sub_clean	1948004	1948320	316	19	0	20	22
tlm_inverse_gcd_forward_codec	1948320	1948323	3	0	0	0	0
tlm_inverse_gcd_forward_shift	1948323	1948825	502	124	0	0	2
tlm_inverse_gcd_forward_compare	1948825	1949795	970	168	0	42	43
tlm_inverse_gcd_forward_body	1949795	1952383	2588	300	3	175	177
tlm_apply_inverse_fold	1952383	1954103	1720	310	0	54	62
tlm_apply_inverse_swap	1954103	1954871	768	256	0	0	0
tlm_apply_inverse_mod_sub_register	1954871	1959958	5087	601	4	344	348
tlm_apply_inverse_mod_sub_fold	1959958	1960617	659	55	2	55	55
tlm_apply_inverse_mod_sub_clean	1960617	1960933	316	19	0	20	22
tlm_inverse_gcd_forward_codec	1960933	1961099	166	18	0	4	7
tlm_inverse_gcd_forward_shift	1961099	1961597	498	123	0	0	2
tlm_inverse_gcd_forward_compare	1961597	1962578	981	168	0	43	44
tlm_inverse_gcd_forward_body	1962578	1965109	2531	295	3	171	173
tlm_apply_inverse_fold	1965109	1966829	1720	310	0	54	62
tlm_apply_inverse_swap	1966829	1967597	768	256	0	0	0
tlm_apply_inverse_mod_sub_register	1967597	1972684	5087	601	4	344	348
tlm_apply_inverse_mod_sub_fold	1972684	1973343	659	55	2	55	55
tlm_apply_inverse_mod_sub_clean	1973343	1973659	316	19	0	20	22
tlm_inverse_gcd_forward_codec	1973659	1973662	3	0	0	0	0
tlm_inverse_gcd_forward_shift	1973662	1974156	494	122	0	0	2
tlm_inverse_gcd_forward_compare	1974156	1975120	964	166	0	42	43
tlm_inverse_gcd_forward_body	1975120	1977650	2530	294	3	171	173
tlm_apply_inverse_fold	1977650	1979370	1720	310	0	54	62
tlm_apply_inverse_swap	1979370	1980138	768	256	0	0	0
tlm_apply_inverse_mod_sub_register	1980138	1985225	5087	601	4	344	348
tlm_apply_inverse_mod_sub_fold	1985225	1985884	659	55	2	55	55
tlm_apply_inverse_mod_sub_clean	1985884	1986200	316	19	0	20	22
tlm_inverse_gcd_forward_codec	1986200	1986203	3	0	0	0	0
tlm_inverse_gcd_forward_shift	1986203	1986695	492	122	0	0	0
tlm_inverse_gcd_forward_compare	1986695	1987687	992	168	0	44	45
tlm_inverse_gcd_forward_body	1987687	1990301	2614	300	3	177	179
tlm_apply_inverse_fold	1990301	1992021	1720	310	0	54	62
tlm_apply_inverse_swap	1992021	1992789	768	256	0	0	0
tlm_apply_inverse_mod_sub_register	1992789	1997876	5087	601	4	344	348
tlm_apply_inverse_mod_sub_fold	1997876	1998535	659	55	2	55	55
tlm_apply_inverse_mod_sub_clean	1998535	1998851	316	19	0	20	22
tlm_inverse_gcd_forward_codec	1998851	1999017	166	18	0	4	7
tlm_inverse_gcd_forward_shift	1999017	1999507	490	121	0	0	2
tlm_inverse_gcd_forward_compare	1999507	2000482	975	166	0	43	44
tlm_inverse_gcd_forward_body	2000482	2003039	2557	295	3	173	175
tlm_apply_inverse_fold	2003039	2004759	1720	310	0	54	62
tlm_apply_inverse_swap	2004759	2005527	768	256	0	0	0
tlm_apply_inverse_mod_sub_register	2005527	2010614	5087	601	4	344	348
tlm_apply_inverse_mod_sub_fold	2010614	2011273	659	55	2	55	55
tlm_apply_inverse_mod_sub_clean	2011273	2011589	316	19	0	20	22
tlm_inverse_gcd_forward_codec	2011589	2011592	3	0	0	0	0
tlm_inverse_gcd_forward_shift	2011592	2012078	486	120	0	0	2
tlm_inverse_gcd_forward_compare	2012078	2013064	986	166	0	44	45
tlm_inverse_gcd_forward_body	2013064	2015620	2556	294	3	173	175
tlm_apply_inverse_fold	2015620	2017340	1720	310	0	54	62
tlm_apply_inverse_swap	2017340	2018108	768	256	0	0	0
tlm_apply_inverse_mod_sub_register	2018108	2023195	5087	601	4	344	348
tlm_apply_inverse_mod_sub_fold	2023195	2023854	659	55	2	55	55
tlm_apply_inverse_mod_sub_clean	2023854	2024170	316	19	0	20	22
tlm_inverse_gcd_forward_codec	2024170	2024173	3	0	0	0	0
tlm_inverse_gcd_forward_shift	2024173	2024653	480	118	0	0	4
tlm_inverse_gcd_forward_compare	2024653	2025619	966	163	0	43	44
tlm_inverse_gcd_forward_body	2025619	2028089	2470	286	3	167	169
tlm_apply_inverse_fold	2028089	2029809	1720	310	0	54	62
tlm_apply_inverse_swap	2029809	2030577	768	256	0	0	0
tlm_apply_inverse_mod_sub_register	2030577	2035664	5087	601	4	344	348
tlm_apply_inverse_mod_sub_fold	2035664	2036323	659	55	2	55	55
tlm_apply_inverse_mod_sub_clean	2036323	2036639	316	19	0	20	22
tlm_inverse_gcd_forward_codec	2036639	2036805	166	18	0	4	7
tlm_inverse_gcd_forward_shift	2036805	2037281	476	118	0	0	0
tlm_inverse_gcd_forward_compare	2037281	2038261	980	164	0	44	45
tlm_inverse_gcd_forward_body	2038261	2040759	2498	288	3	169	171
tlm_apply_inverse_fold	2040759	2042479	1720	310	0	54	62
tlm_apply_inverse_swap	2042479	2043247	768	256	0	0	0
tlm_apply_inverse_mod_sub_register	2043247	2048334	5087	601	4	344	348
tlm_apply_inverse_mod_sub_fold	2048334	2048993	659	55	2	55	55
tlm_apply_inverse_mod_sub_clean	2048993	2049309	316	19	0	20	22
tlm_inverse_gcd_forward_codec	2049309	2049312	3	0	0	0	0
tlm_inverse_gcd_forward_shift	2049312	2049784	472	116	0	0	4
tlm_inverse_gcd_forward_compare	2049784	2050744	960	161	0	43	44
tlm_inverse_gcd_forward_body	2050744	2053156	2412	280	3	163	165
tlm_apply_inverse_fold	2053156	2054876	1720	310	0	54	62
tlm_apply_inverse_swap	2054876	2055644	768	256	0	0	0
tlm_apply_inverse_mod_sub_register	2055644	2060731	5087	601	4	344	348
tlm_apply_inverse_mod_sub_fold	2060731	2061390	659	55	2	55	55
tlm_apply_inverse_mod_sub_clean	2061390	2061706	316	19	0	20	22
tlm_inverse_gcd_forward_codec	2061706	2061709	3	0	0	0	0
tlm_inverse_gcd_forward_shift	2061709	2062175	466	115	0	0	2
tlm_inverse_gcd_forward_compare	2062175	2063132	957	160	0	43	44
tlm_inverse_gcd_forward_body	2063132	2065543	2411	279	3	163	165
tlm_apply_inverse_fold	2065543	2067263	1720	310	0	54	62
tlm_apply_inverse_swap	2067263	2068031	768	256	0	0	0
tlm_apply_inverse_mod_sub_register	2068031	2073118	5087	601	4	344	348
tlm_apply_inverse_mod_sub_fold	2073118	2073777	659	55	2	55	55
tlm_apply_inverse_mod_sub_clean	2073777	2074093	316	19	0	20	22
tlm_inverse_gcd_forward_codec	2074093	2074259	166	18	0	4	7
tlm_inverse_gcd_forward_shift	2074259	2074721	462	114	0	0	2
tlm_inverse_gcd_forward_compare	2074721	2075689	968	160	0	44	45
tlm_inverse_gcd_forward_body	2075689	2078043	2354	274	3	159	161
tlm_apply_inverse_fold	2078043	2079763	1720	310	0	54	62
tlm_apply_inverse_swap	2079763	2080531	768	256	0	0	0
tlm_apply_inverse_mod_sub_register	2080531	2085618	5087	601	4	344	348
tlm_apply_inverse_mod_sub_fold	2085618	2086277	659	55	2	55	55
tlm_apply_inverse_mod_sub_clean	2086277	2086593	316	19	0	20	22
tlm_inverse_gcd_forward_codec	2086593	2086596	3	0	0	0	0
tlm_inverse_gcd_forward_shift	2086596	2087054	458	113	0	0	2
tlm_inverse_gcd_forward_compare	2087054	2088005	951	158	0	43	44
tlm_inverse_gcd_forward_body	2088005	2090358	2353	273	3	159	161
tlm_apply_inverse_fold	2090358	2092078	1720	310	0	54	62
tlm_apply_inverse_swap	2092078	2092846	768	256	0	0	0
tlm_apply_inverse_mod_sub_register	2092846	2097933	5087	601	4	344	348
tlm_apply_inverse_mod_sub_fold	2097933	2098592	659	55	2	55	55
tlm_apply_inverse_mod_sub_clean	2098592	2098908	316	19	0	20	22
tlm_inverse_gcd_forward_codec	2098908	2098911	3	0	0	0	0
tlm_inverse_gcd_forward_shift	2098911	2099365	454	112	0	0	2
tlm_inverse_gcd_forward_compare	2099365	2100327	962	158	0	44	45
tlm_inverse_gcd_forward_body	2100327	2102679	2352	272	3	159	161
tlm_apply_inverse_fold	2102679	2104399	1720	310	0	54	62
tlm_apply_inverse_swap	2104399	2105167	768	256	0	0	0
tlm_apply_inverse_mod_sub_register	2105167	2110254	5087	601	4	344	348
tlm_apply_inverse_mod_sub_fold	2110254	2110913	659	55	2	55	55
tlm_apply_inverse_mod_sub_clean	2110913	2111229	316	19	0	20	22
tlm_inverse_gcd_forward_codec	2111229	2111395	166	18	0	4	7
tlm_inverse_gcd_forward_shift	2111395	2111845	450	111	0	0	2
tlm_inverse_gcd_forward_compare	2111845	2112804	959	157	0	44	45
tlm_inverse_gcd_forward_body	2112804	2115099	2295	267	3	155	157
tlm_apply_inverse_fold	2115099	2116819	1720	310	0	54	62
tlm_apply_inverse_swap	2116819	2117587	768	256	0	0	0
tlm_apply_inverse_mod_sub_register	2117587	2122674	5087	601	4	344	348
tlm_apply_inverse_mod_sub_fold	2122674	2123333	659	55	2	55	55
tlm_apply_inverse_mod_sub_clean	2123333	2123649	316	19	0	20	22
tlm_inverse_gcd_forward_codec	2123649	2123652	3	0	0	0	0
tlm_inverse_gcd_forward_shift	2123652	2124098	446	110	0	0	2
tlm_inverse_gcd_forward_compare	2124098	2125040	942	155	0	43	44
tlm_inverse_gcd_forward_body	2125040	2127334	2294	266	3	155	157
tlm_apply_inverse_fold	2127334	2129054	1720	310	0	54	62
tlm_apply_inverse_swap	2129054	2129822	768	256	0	0	0
tlm_apply_inverse_mod_sub_register	2129822	2134909	5087	601	4	344	348
tlm_apply_inverse_mod_sub_fold	2134909	2135568	659	55	2	55	55
tlm_apply_inverse_mod_sub_clean	2135568	2135884	316	19	0	20	22
tlm_inverse_gcd_forward_codec	2135884	2135887	3	0	0	0	0
tlm_inverse_gcd_forward_shift	2135887	2136329	442	109	0	0	2
tlm_inverse_gcd_forward_compare	2136329	2137282	953	155	0	44	45
tlm_inverse_gcd_forward_body	2137282	2139575	2293	265	3	155	157
tlm_apply_inverse_fold	2139575	2141295	1720	310	0	54	62
tlm_apply_inverse_swap	2141295	2142063	768	256	0	0	0
tlm_apply_inverse_mod_sub_register	2142063	2147150	5087	601	4	344	348
tlm_apply_inverse_mod_sub_fold	2147150	2147809	659	55	2	55	55
tlm_apply_inverse_mod_sub_clean	2147809	2148125	316	19	0	20	22
tlm_inverse_gcd_forward_codec	2148125	2148291	166	18	0	4	7
tlm_inverse_gcd_forward_shift	2148291	2148729	438	108	0	0	2
tlm_inverse_gcd_forward_compare	2148729	2149679	950	154	0	44	45
tlm_inverse_gcd_forward_body	2149679	2151915	2236	260	3	151	153
tlm_apply_inverse_fold	2151915	2153635	1720	310	0	54	62
tlm_apply_inverse_swap	2153635	2154403	768	256	0	0	0
tlm_apply_inverse_mod_sub_register	2154403	2159490	5087	601	4	344	348
tlm_apply_inverse_mod_sub_fold	2159490	2160149	659	55	2	55	55
tlm_apply_inverse_mod_sub_clean	2160149	2160465	316	19	0	20	22
tlm_inverse_gcd_forward_codec	2160465	2160468	3	0	0	0	0
tlm_inverse_gcd_forward_shift	2160468	2160902	434	107	0	0	2
tlm_inverse_gcd_forward_compare	2160902	2161849	947	153	0	44	45
tlm_inverse_gcd_forward_body	2161849	2164084	2235	259	3	151	153
tlm_apply_inverse_fold	2164084	2165804	1720	310	0	54	62
tlm_apply_inverse_swap	2165804	2166572	768	256	0	0	0
tlm_apply_inverse_mod_sub_register	2166572	2171659	5087	601	4	344	348
tlm_apply_inverse_mod_sub_fold	2171659	2172318	659	55	2	55	55
tlm_apply_inverse_mod_sub_clean	2172318	2172634	316	19	0	20	22
tlm_inverse_gcd_forward_codec	2172634	2172637	3	0	0	0	0
tlm_inverse_gcd_forward_shift	2172637	2173067	430	106	0	0	2
tlm_inverse_gcd_forward_compare	2173067	2174011	944	152	0	44	45
tlm_inverse_gcd_forward_body	2174011	2176245	2234	258	3	151	153
tlm_apply_inverse_fold	2176245	2177957	1712	310	0	53	61
tlm_apply_inverse_swap	2177957	2178725	768	256	0	0	0
tlm_apply_inverse_mod_sub_register	2178725	2184125	5400	623	5	366	371
tlm_apply_inverse_mod_sub_fold	2184125	2184778	653	55	1	55	55
tlm_apply_inverse_mod_sub_clean	2184778	2185094	316	19	0	20	22
tlm_inverse_gcd_forward_codec	2185094	2185260	166	18	0	4	7
tlm_inverse_gcd_forward_shift	2185260	2185686	426	105	0	0	2
tlm_inverse_gcd_forward_compare	2185686	2186627	941	151	0	44	45
tlm_inverse_gcd_forward_body	2186627	2188804	2177	253	3	147	149
tlm_apply_inverse_fold	2188804	2190524	1720	310	0	54	62
tlm_apply_inverse_swap	2190524	2191292	768	256	0	0	0
tlm_apply_inverse_mod_sub_register	2191292	2196379	5087	601	4	344	348
tlm_apply_inverse_mod_sub_fold	2196379	2197038	659	55	2	55	55
tlm_apply_inverse_mod_sub_clean	2197038	2197354	316	19	0	20	22
tlm_inverse_gcd_forward_codec	2197354	2197357	3	0	0	0	0
tlm_inverse_gcd_forward_shift	2197357	2197779	422	104	0	0	2
tlm_inverse_gcd_forward_compare	2197779	2198731	952	151	0	45	46
tlm_inverse_gcd_forward_body	2198731	2200907	2176	252	3	147	149
tlm_apply_inverse_fold	2200907	2202619	1712	310	0	53	61
tlm_apply_inverse_swap	2202619	2203387	768	256	0	0	0
tlm_apply_inverse_mod_sub_register	2203387	2208787	5400	623	5	366	371
tlm_apply_inverse_mod_sub_fold	2208787	2209440	653	55	1	55	55
tlm_apply_inverse_mod_sub_clean	2209440	2209756	316	19	0	20	22
tlm_inverse_gcd_forward_codec	2209756	2209759	3	0	0	0	0
tlm_inverse_gcd_forward_shift	2209759	2210177	418	103	0	0	2
tlm_inverse_gcd_forward_compare	2210177	2211126	949	150	0	45	46
tlm_inverse_gcd_forward_body	2211126	2213301	2175	251	3	147	149
tlm_apply_inverse_fold	2213301	2215009	1708	312	0	52	60
tlm_apply_inverse_swap	2215009	2215777	768	256	0	0	0
tlm_apply_inverse_mod_sub_register	2215777	2221177	5400	623	5	366	371
tlm_apply_inverse_mod_sub_fold	2221177	2221830	653	55	1	55	55
tlm_apply_inverse_mod_sub_clean	2221830	2222146	316	19	0	20	22
tlm_inverse_gcd_forward_codec	2222146	2222312	166	18	0	4	7
tlm_inverse_gcd_forward_shift	2222312	2222726	414	102	0	0	2
tlm_inverse_gcd_forward_compare	2222726	2223658	932	148	0	44	45
tlm_inverse_gcd_forward_body	2223658	2225772	2114	246	2	143	145
tlm_apply_inverse_fold	2225772	2227484	1712	310	0	53	61
tlm_apply_inverse_swap	2227484	2228252	768	256	0	0	0
tlm_apply_inverse_mod_sub_register	2228252	2233652	5400	623	5	366	371
tlm_apply_inverse_mod_sub_fold	2233652	2234305	653	55	1	55	55
tlm_apply_inverse_mod_sub_clean	2234305	2234621	316	19	0	20	22
tlm_inverse_gcd_forward_codec	2234621	2234624	3	0	0	0	0
tlm_inverse_gcd_forward_shift	2234624	2235034	410	101	0	0	2
tlm_inverse_gcd_forward_compare	2235034	2235991	957	149	0	46	47
tlm_inverse_gcd_forward_body	2235991	2238108	2117	245	3	143	145
tlm_apply_inverse_fold	2238108	2239816	1708	312	0	52	60
tlm_apply_inverse_swap	2239816	2240584	768	256	0	0	0
tlm_apply_inverse_mod_sub_register	2240584	2245984	5400	623	5	366	371
tlm_apply_inverse_mod_sub_fold	2245984	2246637	653	55	1	55	55
tlm_apply_inverse_mod_sub_clean	2246637	2246953	316	19	0	20	22
tlm_inverse_gcd_forward_codec	2246953	2246956	3	0	0	0	0
tlm_inverse_gcd_forward_shift	2246956	2247362	406	100	0	0	2
tlm_inverse_gcd_forward_compare	2247362	2248302	940	147	0	45	46
tlm_inverse_gcd_forward_body	2248302	2250418	2116	244	3	143	145
tlm_apply_inverse_fold	2250418	2252122	1704	314	0	51	59
tlm_apply_inverse_swap	2252122	2252890	768	256	0	0	0
tlm_apply_inverse_mod_sub_register	2252890	2258290	5400	623	5	366	371
tlm_apply_inverse_mod_sub_fold	2258290	2258943	653	55	1	55	55
tlm_apply_inverse_mod_sub_clean	2258943	2259259	316	19	0	20	22
tlm_inverse_gcd_forward_codec	2259259	2259425	166	18	0	4	7
tlm_inverse_gcd_forward_shift	2259425	2259827	402	99	0	0	2
tlm_inverse_gcd_forward_compare	2259827	2260764	937	146	0	45	46
tlm_inverse_gcd_forward_body	2260764	2262833	2069	240	2	140	142
tlm_apply_inverse_fold	2262833	2264541	1708	312	0	52	60
tlm_apply_inverse_swap	2264541	2265309	768	256	0	0	0
tlm_apply_inverse_mod_sub_register	2265309	2270709	5400	623	5	366	371
tlm_apply_inverse_mod_sub_fold	2270709	2271362	653	55	1	55	55
tlm_apply_inverse_mod_sub_clean	2271362	2271678	316	19	0	20	22
tlm_inverse_gcd_forward_codec	2271678	2271681	3	0	0	0	0
tlm_inverse_gcd_forward_shift	2271681	2272079	398	98	0	0	2
tlm_inverse_gcd_forward_compare	2272079	2273013	934	145	0	45	46
tlm_inverse_gcd_forward_body	2273013	2275067	2054	238	2	139	141
tlm_apply_inverse_fold	2275067	2276771	1704	314	0	51	59
tlm_apply_inverse_swap	2276771	2277539	768	256	0	0	0
tlm_apply_inverse_mod_sub_register	2277539	2282939	5400	623	5	366	371
tlm_apply_inverse_mod_sub_fold	2282939	2283592	653	55	1	55	55
tlm_apply_inverse_mod_sub_clean	2283592	2283908	316	19	0	20	22
tlm_inverse_gcd_forward_codec	2283908	2283911	3	0	0	0	0
tlm_inverse_gcd_forward_shift	2283911	2284305	394	97	0	0	2
tlm_inverse_gcd_forward_compare	2284305	2285236	931	144	0	45	46
tlm_inverse_gcd_forward_body	2285236	2287293	2057	237	3	139	141
tlm_apply_inverse_fold	2287293	2288996	1703	315	0	51	60
tlm_apply_inverse_swap	2288996	2289764	768	256	0	0	0
tlm_apply_inverse_mod_sub_register	2289764	2295164	5400	623	5	366	371
tlm_apply_inverse_mod_sub_fold	2295164	2295817	653	55	1	55	55
tlm_apply_inverse_mod_sub_clean	2295817	2296133	316	19	0	20	22
tlm_inverse_gcd_forward_codec	2296133	2296299	166	18	0	4	7
tlm_inverse_gcd_forward_shift	2296299	2296689	390	96	0	0	2
tlm_inverse_gcd_forward_compare	2296689	2297617	928	143	0	45	46
tlm_inverse_gcd_forward_body	2297617	2299641	2024	234	2	137	139
tlm_apply_inverse_fold	2299641	2301345	1704	314	0	51	59
tlm_apply_inverse_swap	2301345	2302113	768	256	0	0	0
tlm_apply_inverse_mod_sub_register	2302113	2307513	5400	623	5	366	371
tlm_apply_inverse_mod_sub_fold	2307513	2308166	653	55	1	55	55
tlm_apply_inverse_mod_sub_clean	2308166	2308482	316	19	0	20	22
tlm_inverse_gcd_forward_codec	2308482	2308485	3	0	0	0	0
tlm_inverse_gcd_forward_shift	2308485	2308871	386	95	0	0	2
tlm_inverse_gcd_forward_compare	2308871	2309810	939	143	0	46	47
tlm_inverse_gcd_forward_body	2309810	2311819	2009	232	2	136	138
tlm_apply_inverse_fold	2311819	2313522	1703	315	0	51	60
tlm_apply_inverse_swap	2313522	2314290	768	256	0	0	0
tlm_apply_inverse_mod_sub_register	2314290	2319690	5400	623	5	366	371
tlm_apply_inverse_mod_sub_fold	2319690	2320343	653	55	1	55	55
tlm_apply_inverse_mod_sub_clean	2320343	2320659	316	19	0	20	22
tlm_inverse_gcd_forward_codec	2320659	2320662	3	0	0	0	0
tlm_inverse_gcd_forward_shift	2320662	2321044	382	94	0	0	2
tlm_inverse_gcd_forward_compare	2321044	2321966	922	141	0	45	46
tlm_inverse_gcd_forward_body	2321966	2323960	1994	230	2	135	137
tlm_apply_inverse_fold	2323960	2325659	1699	317	0	50	59
tlm_apply_inverse_swap	2325659	2326427	768	256	0	0	0
tlm_apply_inverse_mod_sub_register	2326427	2331827	5400	623	5	366	371
tlm_apply_inverse_mod_sub_fold	2331827	2332480	653	55	1	55	55
tlm_apply_inverse_mod_sub_clean	2332480	2332796	316	19	0	20	22
tlm_inverse_gcd_forward_codec	2332796	2332962	166	18	0	4	7
tlm_inverse_gcd_forward_shift	2332962	2333340	378	93	0	0	2
tlm_inverse_gcd_forward_compare	2333340	2334259	919	140	0	45	46
tlm_inverse_gcd_forward_body	2334259	2336238	1979	228	2	134	136
tlm_apply_inverse_fold	2336238	2337941	1703	315	0	51	60
tlm_apply_inverse_swap	2337941	2338709	768	256	0	0	0
tlm_apply_inverse_mod_sub_register	2338709	2344109	5400	623	5	366	371
tlm_apply_inverse_mod_sub_fold	2344109	2344762	653	55	1	55	55
tlm_apply_inverse_mod_sub_clean	2344762	2345078	316	19	0	20	22
tlm_inverse_gcd_forward_codec	2345078	2345081	3	0	0	0	0
tlm_inverse_gcd_forward_shift	2345081	2345455	374	92	0	0	2
tlm_inverse_gcd_forward_compare	2345455	2346385	930	140	0	46	47
tlm_inverse_gcd_forward_body	2346385	2348349	1964	226	2	133	135
tlm_apply_inverse_fold	2348349	2350048	1699	317	0	50	59
tlm_apply_inverse_swap	2350048	2350816	768	256	0	0	0
tlm_apply_inverse_mod_sub_register	2350816	2356216	5400	623	5	366	371
tlm_apply_inverse_mod_sub_fold	2356216	2356869	653	55	1	55	55
tlm_apply_inverse_mod_sub_clean	2356869	2357185	316	19	0	20	22
tlm_inverse_gcd_forward_codec	2357185	2357188	3	0	0	0	0
tlm_inverse_gcd_forward_shift	2357188	2357558	370	91	0	0	2
tlm_inverse_gcd_forward_compare	2357558	2358485	927	139	0	46	47
tlm_inverse_gcd_forward_body	2358485	2360434	1949	224	2	132	134
tlm_apply_inverse_fold	2360434	2362133	1699	317	0	50	59
tlm_apply_inverse_swap	2362133	2362901	768	256	0	0	0
tlm_apply_inverse_mod_sub_register	2362901	2368301	5400	623	5	366	371
tlm_apply_inverse_mod_sub_fold	2368301	2368954	653	55	1	55	55
tlm_apply_inverse_mod_sub_clean	2368954	2369270	316	19	0	20	22
tlm_inverse_gcd_forward_codec	2369270	2369436	166	18	0	4	7
tlm_inverse_gcd_forward_shift	2369436	2369802	366	90	0	0	2
tlm_inverse_gcd_forward_compare	2369802	2370726	924	138	0	46	47
tlm_inverse_gcd_forward_body	2370726	2372660	1934	222	2	131	133
tlm_apply_inverse_fold	2372660	2374359	1699	317	0	50	59
tlm_apply_inverse_swap	2374359	2375127	768	256	0	0	0
tlm_apply_inverse_mod_sub_register	2375127	2380527	5400	623	5	366	371
tlm_apply_inverse_mod_sub_fold	2380527	2381180	653	55	1	55	55
tlm_apply_inverse_mod_sub_clean	2381180	2381496	316	19	0	20	22
tlm_inverse_gcd_forward_codec	2381496	2381499	3	0	0	0	0
tlm_inverse_gcd_forward_shift	2381499	2381861	362	89	0	0	2
tlm_inverse_gcd_forward_compare	2381861	2382796	935	138	0	47	48
tlm_inverse_gcd_forward_body	2382796	2384715	1919	220	2	130	132
tlm_apply_inverse_fold	2384715	2386414	1699	317	0	50	59
tlm_apply_inverse_swap	2386414	2387182	768	256	0	0	0
tlm_apply_inverse_mod_sub_register	2387182	2392582	5400	623	5	366	371
tlm_apply_inverse_mod_sub_fold	2392582	2393235	653	55	1	55	55
tlm_apply_inverse_mod_sub_clean	2393235	2393551	316	19	0	20	22
tlm_inverse_gcd_forward_codec	2393551	2393554	3	0	0	0	0
tlm_inverse_gcd_forward_shift	2393554	2393912	358	88	0	0	2
tlm_inverse_gcd_forward_compare	2393912	2394830	918	136	0	46	47
tlm_inverse_gcd_forward_body	2394830	2396734	1904	218	2	129	131
tlm_apply_inverse_fold	2396734	2398429	1695	319	0	49	58
tlm_apply_inverse_swap	2398429	2399197	768	256	0	0	0
tlm_apply_inverse_mod_sub_register	2399197	2404597	5400	623	5	366	371
tlm_apply_inverse_mod_sub_fold	2404597	2405256	659	57	1	55	55
tlm_apply_inverse_mod_sub_clean	2405256	2405572	316	19	0	20	22
tlm_inverse_gcd_forward_codec	2405572	2405738	166	18	0	4	7
tlm_inverse_gcd_forward_shift	2405738	2406092	354	87	0	0	2
tlm_inverse_gcd_forward_compare	2406092	2407007	915	135	0	46	47
tlm_inverse_gcd_forward_body	2407007	2408896	1889	216	2	128	130
tlm_apply_inverse_fold	2408896	2410595	1699	317	0	50	59
tlm_apply_inverse_swap	2410595	2411363	768	256	0	0	0
tlm_apply_inverse_mod_sub_register	2411363	2416763	5400	623	5	366	371
tlm_apply_inverse_mod_sub_fold	2416763	2417416	653	55	1	55	55
tlm_apply_inverse_mod_sub_clean	2417416	2417732	316	19	0	20	22
tlm_inverse_gcd_forward_codec	2417732	2417735	3	0	0	0	0
tlm_inverse_gcd_forward_shift	2417735	2418085	350	86	0	0	2
tlm_inverse_gcd_forward_compare	2418085	2419011	926	135	0	47	48
tlm_inverse_gcd_forward_body	2419011	2420885	1874	214	2	127	129
tlm_apply_inverse_fold	2420885	2422580	1695	319	0	49	58
tlm_apply_inverse_swap	2422580	2423348	768	256	0	0	0
tlm_apply_inverse_mod_sub_register	2423348	2428748	5400	623	5	366	371
tlm_apply_inverse_mod_sub_fold	2428748	2429407	659	57	1	55	55
tlm_apply_inverse_mod_sub_clean	2429407	2429723	316	19	0	20	22
tlm_inverse_gcd_forward_codec	2429723	2429726	3	0	0	0	0
tlm_inverse_gcd_forward_shift	2429726	2430072	346	85	0	0	2
tlm_inverse_gcd_forward_compare	2430072	2430981	909	133	0	46	47
tlm_inverse_gcd_forward_body	2430981	2432840	1859	212	2	126	128
tlm_apply_inverse_fold	2432840	2434531	1691	321	0	48	57
tlm_apply_inverse_swap	2434531	2435299	768	256	0	0	0
tlm_apply_inverse_mod_sub_register	2435299	2440699	5400	623	5	366	371
tlm_apply_inverse_mod_sub_fold	2440699	2441384	685	59	2	57	57
tlm_apply_inverse_mod_sub_clean	2441384	2441700	316	19	0	20	22
tlm_inverse_gcd_forward_codec	2441700	2441866	166	18	0	4	7
tlm_inverse_gcd_forward_shift	2441866	2442208	342	84	0	0	2
tlm_inverse_gcd_forward_compare	2442208	2443114	906	132	0	46	47
tlm_inverse_gcd_forward_body	2443114	2444958	1844	210	2	125	127
tlm_apply_inverse_fold	2444958	2446653	1695	319	0	49	58
tlm_apply_inverse_swap	2446653	2447421	768	256	0	0	0
tlm_apply_inverse_mod_sub_register	2447421	2452821	5400	623	5	366	371
tlm_apply_inverse_mod_sub_fold	2452821	2453480	659	57	1	55	55
tlm_apply_inverse_mod_sub_clean	2453480	2453796	316	19	0	20	22
tlm_inverse_gcd_forward_codec	2453796	2453799	3	0	0	0	0
tlm_inverse_gcd_forward_shift	2453799	2454137	338	83	0	0	2
tlm_inverse_gcd_forward_compare	2454137	2455048	911	133	0	46	47
tlm_inverse_gcd_forward_body	2455048	2456877	1829	208	2	124	126
tlm_apply_inverse_fold	2456877	2458568	1691	321	0	48	57
tlm_apply_inverse_swap	2458568	2459336	768	256	0	0	0
tlm_apply_inverse_mod_sub_register	2459336	2464736	5400	623	5	366	371
tlm_apply_inverse_mod_sub_fold	2464736	2465421	685	59	2	57	57
tlm_apply_inverse_mod_sub_clean	2465421	2465737	316	19	0	20	22
tlm_inverse_gcd_forward_codec	2465737	2465740	3	0	0	0	0
tlm_inverse_gcd_forward_shift	2465740	2466074	334	82	0	0	2
tlm_inverse_gcd_forward_compare	2466074	2466976	902	133	0	45	46
tlm_inverse_gcd_forward_body	2466976	2468790	1814	206	2	123	125
tlm_apply_inverse_fold	2468790	2470477	1687	323	0	47	56
tlm_apply_inverse_swap	2470477	2471245	768	256	0	0	0
tlm_apply_inverse_mod_sub_register	2471245	2476958	5713	645	6	388	394
tlm_apply_inverse_mod_sub_fold	2476958	2477659	701	60	3	58	58
tlm_apply_inverse_mod_sub_clean	2477659	2477975	316	19	0	20	22
tlm_inverse_gcd_forward_codec	2477975	2478141	166	18	0	4	7
tlm_inverse_gcd_forward_shift	2478141	2478471	330	81	0	0	2
tlm_inverse_gcd_forward_compare	2478471	2479376	905	131	0	46	47
tlm_inverse_gcd_forward_body	2479376	2481175	1799	204	2	122	124
tlm_apply_inverse_fold	2481175	2482866	1691	321	0	48	57
tlm_apply_inverse_swap	2482866	2483634	768	256	0	0	0
tlm_apply_inverse_mod_sub_register	2483634	2489034	5400	623	5	366	371
tlm_apply_inverse_mod_sub_fold	2489034	2489719	685	59	2	57	57
tlm_apply_inverse_mod_sub_clean	2489719	2490035	316	19	0	20	22
tlm_inverse_gcd_forward_codec	2490035	2490038	3	0	0	0	0
tlm_inverse_gcd_forward_shift	2490038	2490364	326	80	0	0	2
tlm_inverse_gcd_forward_compare	2490364	2491260	896	131	0	45	46
tlm_inverse_gcd_forward_body	2491260	2493044	1784	202	2	121	123
tlm_apply_inverse_fold	2493044	2494731	1687	323	0	47	56
tlm_apply_inverse_swap	2494731	2495499	768	256	0	0	0
tlm_apply_inverse_mod_sub_register	2495499	2501212	5713	645	6	388	394
tlm_apply_inverse_mod_sub_fold	2501212	2501913	701	60	3	58	58
tlm_apply_inverse_mod_sub_clean	2501913	2502229	316	19	0	20	22
tlm_inverse_gcd_forward_codec	2502229	2502232	3	0	0	0	0
tlm_inverse_gcd_forward_shift	2502232	2502554	322	79	0	0	2
tlm_inverse_gcd_forward_compare	2502554	2503441	887	131	0	44	45
tlm_inverse_gcd_forward_body	2503441	2505210	1769	200	2	120	122
tlm_apply_inverse_fold	2505210	2506896	1686	326	0	47	55
tlm_apply_inverse_swap	2506896	2507664	768	256	0	0	0
tlm_apply_inverse_mod_sub_register	2507664	2513377	5713	645	6	388	394
tlm_apply_inverse_mod_sub_fold	2513377	2514082	705	61	2	59	59
tlm_apply_inverse_mod_sub_clean	2514082	2514398	316	19	0	20	22
tlm_inverse_gcd_forward_codec	2514398	2514564	166	18	0	4	7
tlm_inverse_gcd_forward_shift	2514564	2514882	318	78	0	0	2
tlm_inverse_gcd_forward_compare	2514882	2515772	890	129	0	45	46
tlm_inverse_gcd_forward_body	2515772	2517526	1754	198	2	119	121
tlm_apply_inverse_fold	2517526	2519213	1687	323	0	47	56
tlm_apply_inverse_swap	2519213	2519981	768	256	0	0	0
tlm_apply_inverse_mod_sub_register	2519981	2525694	5713	645	6	388	394
tlm_apply_inverse_mod_sub_fold	2525694	2526395	701	60	3	58	58
tlm_apply_inverse_mod_sub_clean	2526395	2526711	316	19	0	20	22
tlm_inverse_gcd_forward_codec	2526711	2526714	3	0	0	0	0
tlm_inverse_gcd_forward_shift	2526714	2527028	314	77	0	0	2
tlm_inverse_gcd_forward_compare	2527028	2527909	881	129	0	44	45
tlm_inverse_gcd_forward_body	2527909	2529648	1739	196	2	118	120
tlm_apply_inverse_fold	2529648	2531334	1686	326	0	47	55
tlm_apply_inverse_swap	2531334	2532102	768	256	0	0	0
tlm_apply_inverse_mod_sub_register	2532102	2537815	5713	645	6	388	394
tlm_apply_inverse_mod_sub_fold	2537815	2538520	705	61	2	59	59
tlm_apply_inverse_mod_sub_clean	2538520	2538836	316	19	0	20	22
tlm_inverse_gcd_forward_codec	2538836	2538839	3	0	0	0	0
tlm_inverse_gcd_forward_shift	2538839	2539149	310	76	0	0	2
tlm_inverse_gcd_forward_compare	2539149	2540029	880	131	0	43	44
tlm_inverse_gcd_forward_body	2540029	2541753	1724	194	2	117	119
tlm_apply_inverse_fold	2541753	2543435	1682	328	0	46	54
tlm_apply_inverse_swap	2543435	2544203	768	256	0	0	0
tlm_apply_inverse_mod_sub_register	2544203	2549916	5713	645	6	388	394
tlm_apply_inverse_mod_sub_fold	2549916	2550621	705	61	2	59	59
tlm_apply_inverse_mod_sub_clean	2550621	2550937	316	19	0	20	22
tlm_inverse_gcd_forward_codec	2550937	2551103	166	18	0	4	7
tlm_inverse_gcd_forward_shift	2551103	2551409	306	75	0	0	2
tlm_inverse_gcd_forward_compare	2551409	2552300	891	131	0	44	45
tlm_inverse_gcd_forward_body	2552300	2554009	1709	192	2	116	118
tlm_apply_inverse_fold	2554009	2555695	1686	326	0	47	55
tlm_apply_inverse_swap	2555695	2556463	768	256	0	0	0
tlm_apply_inverse_mod_sub_register	2556463	2562176	5713	645	6	388	394
tlm_apply_inverse_mod_sub_fold	2562176	2562881	705	61	2	59	59
tlm_apply_inverse_mod_sub_clean	2562881	2563197	316	19	0	20	22
tlm_inverse_gcd_forward_codec	2563197	2563200	3	0	0	0	0
tlm_inverse_gcd_forward_shift	2563200	2563502	302	74	0	0	2
tlm_inverse_gcd_forward_compare	2563502	2564376	874	129	0	43	44
tlm_inverse_gcd_forward_body	2564376	2566070	1694	190	2	115	117
tlm_apply_inverse_fold	2566070	2567752	1682	328	0	46	54
tlm_apply_inverse_swap	2567752	2568520	768	256	0	0	0
tlm_apply_inverse_mod_sub_register	2568520	2574233	5713	645	6	388	394
tlm_apply_inverse_mod_sub_fold	2574233	2574938	705	61	2	59	59
tlm_apply_inverse_mod_sub_clean	2574938	2575254	316	19	0	20	22
tlm_inverse_gcd_forward_codec	2575254	2575257	3	0	0	0	0
tlm_inverse_gcd_forward_shift	2575257	2575555	298	73	0	0	2
tlm_inverse_gcd_forward_compare	2575555	2576420	865	129	0	42	43
tlm_inverse_gcd_forward_body	2576420	2578099	1679	188	2	114	116
tlm_apply_inverse_fold	2578099	2579777	1678	330	0	45	53
tlm_apply_inverse_swap	2579777	2580545	768	256	0	0	0
tlm_apply_inverse_mod_sub_register	2580545	2586258	5713	645	6	388	394
tlm_apply_inverse_mod_sub_fold	2586258	2586989	731	63	3	61	61
tlm_apply_inverse_mod_sub_clean	2586989	2587305	316	19	0	20	22
tlm_inverse_gcd_forward_codec	2587305	2587471	166	18	0	4	7
tlm_inverse_gcd_forward_shift	2587471	2587765	294	72	0	0	2
tlm_inverse_gcd_forward_compare	2587765	2588633	868	127	0	43	44
tlm_inverse_gcd_forward_body	2588633	2590297	1664	186	2	113	115
tlm_apply_inverse_fold	2590297	2591979	1682	328	0	46	54
tlm_apply_inverse_swap	2591979	2592747	768	256	0	0	0
tlm_apply_inverse_mod_sub_register	2592747	2598460	5713	645	6	388	394
tlm_apply_inverse_mod_sub_fold	2598460	2599165	705	61	2	59	59
tlm_apply_inverse_mod_sub_clean	2599165	2599481	316	19	0	20	22
tlm_inverse_gcd_forward_codec	2599481	2599484	3	0	0	0	0
tlm_inverse_gcd_forward_shift	2599484	2599774	290	71	0	0	2
tlm_inverse_gcd_forward_compare	2599774	2600633	859	127	0	42	43
tlm_inverse_gcd_forward_body	2600633	2602282	1649	184	2	112	114
tlm_apply_inverse_fold	2602282	2603960	1678	330	0	45	53
tlm_apply_inverse_swap	2603960	2604728	768	256	0	0	0
tlm_apply_inverse_mod_sub_register	2604728	2610441	5713	645	6	388	394
tlm_apply_inverse_mod_sub_fold	2610441	2611172	731	63	3	61	61
tlm_apply_inverse_mod_sub_clean	2611172	2611488	316	19	0	20	22
tlm_inverse_gcd_forward_codec	2611488	2611491	3	0	0	0	0
tlm_inverse_gcd_forward_shift	2611491	2611777	286	70	0	0	2
tlm_inverse_gcd_forward_compare	2611777	2612627	850	127	0	41	42
tlm_inverse_gcd_forward_body	2612627	2614261	1634	182	2	111	113
tlm_apply_inverse_fold	2614261	2615935	1674	332	0	44	52
tlm_apply_inverse_swap	2615935	2616703	768	256	0	0	0
tlm_apply_inverse_mod_sub_register	2616703	2622416	5713	645	6	388	394
tlm_apply_inverse_mod_sub_fold	2622416	2623163	747	64	4	62	62
tlm_apply_inverse_mod_sub_clean	2623163	2623479	316	19	0	20	22
tlm_inverse_gcd_forward_codec	2623479	2623645	166	18	0	4	7
tlm_inverse_gcd_forward_shift	2623645	2623927	282	69	0	0	2
tlm_inverse_gcd_forward_compare	2623927	2624780	853	125	0	42	43
tlm_inverse_gcd_forward_body	2624780	2626399	1619	180	2	110	112
tlm_apply_inverse_fold	2626399	2628077	1678	330	0	45	53
tlm_apply_inverse_swap	2628077	2628845	768	256	0	0	0
tlm_apply_inverse_mod_sub_register	2628845	2634558	5713	645	6	388	394
tlm_apply_inverse_mod_sub_fold	2634558	2635289	731	63	3	61	61
tlm_apply_inverse_mod_sub_clean	2635289	2635605	316	19	0	20	22
tlm_inverse_gcd_forward_codec	2635605	2635608	3	0	0	0	0
tlm_inverse_gcd_forward_shift	2635608	2635886	278	68	0	0	2
tlm_inverse_gcd_forward_compare	2635886	2636738	852	127	0	41	42
tlm_inverse_gcd_forward_body	2636738	2638342	1604	178	2	109	111
tlm_apply_inverse_fold	2638342	2640016	1674	332	0	44	52
tlm_apply_inverse_swap	2640016	2640784	768	256	0	0	0
tlm_apply_inverse_mod_sub_register	2640784	2646497	5713	645	6	388	394
tlm_apply_inverse_mod_sub_fold	2646497	2647244	747	64	4	62	62
tlm_apply_inverse_mod_sub_clean	2647244	2647560	316	19	0	20	22
tlm_inverse_gcd_forward_codec	2647560	2647563	3	0	0	0	0
tlm_inverse_gcd_forward_shift	2647563	2647837	274	67	0	0	2
tlm_inverse_gcd_forward_compare	2647837	2648672	835	125	0	40	41
tlm_inverse_gcd_forward_body	2648672	2650261	1589	176	2	108	110
tlm_apply_inverse_fold	2650261	2652714	2453	350	0	94	129
tlm_apply_inverse_swap	2652714	2653482	768	256	0	0	0
tlm_apply_inverse_mod_sub_register	2653482	2659508	6026	667	7	410	417
tlm_apply_inverse_mod_sub_fold	2659508	2660269	761	66	3	64	64
tlm_apply_inverse_mod_sub_clean	2660269	2660585	316	19	0	20	22
tlm_inverse_gcd_forward_codec	2660585	2660751	166	18	0	4	7
tlm_inverse_gcd_forward_shift	2660751	2661021	270	66	0	0	2
tlm_inverse_gcd_forward_compare	2661021	2661859	838	123	0	41	42
tlm_inverse_gcd_forward_body	2661859	2663173	1314	155	1	88	90
tlm_apply_inverse_fold	2663173	2664847	1674	332	0	44	52
tlm_apply_inverse_swap	2664847	2665615	768	256	0	0	0
tlm_apply_inverse_mod_sub_register	2665615	2671328	5713	645	6	388	394
tlm_apply_inverse_mod_sub_fold	2671328	2672075	747	64	4	62	62
tlm_apply_inverse_mod_sub_clean	2672075	2672391	316	19	0	20	22
tlm_inverse_gcd_forward_codec	2672391	2672394	3	0	0	0	0
tlm_inverse_gcd_forward_shift	2672394	2672660	266	65	0	0	2
tlm_inverse_gcd_forward_compare	2672660	2673489	829	123	0	40	41
tlm_inverse_gcd_forward_body	2673489	2674788	1299	153	1	87	89
tlm_apply_inverse_fold	2674788	2677241	2453	350	0	94	129
tlm_apply_inverse_swap	2677241	2678009	768	256	0	0	0
tlm_apply_inverse_mod_sub_register	2678009	2684035	6026	667	7	410	417
tlm_apply_inverse_mod_sub_fold	2684035	2684796	761	66	3	64	64
tlm_apply_inverse_mod_sub_clean	2684796	2685112	316	19	0	20	22
tlm_inverse_gcd_forward_codec	2685112	2685115	3	0	0	0	0
tlm_inverse_gcd_forward_shift	2685115	2685377	262	64	0	0	2
tlm_inverse_gcd_forward_compare	2685377	2686213	836	127	0	39	40
tlm_inverse_gcd_forward_body	2686213	2687497	1284	151	1	86	88
tlm_apply_inverse_fold	2687497	2689950	2453	350	0	94	129
tlm_apply_inverse_swap	2689950	2690718	768	256	0	0	0
tlm_apply_inverse_mod_sub_register	2690718	2696744	6026	667	7	410	417
tlm_apply_inverse_mod_sub_fold	2696744	2697499	755	64	3	64	64
tlm_apply_inverse_mod_sub_clean	2697499	2697815	316	19	0	20	22
tlm_inverse_gcd_forward_codec	2697815	2697981	166	18	0	4	7
tlm_inverse_gcd_forward_shift	2697981	2698239	258	63	0	0	2
tlm_inverse_gcd_forward_compare	2698239	2699070	831	123	0	40	41
tlm_inverse_gcd_forward_body	2699070	2700339	1269	149	1	85	87
tlm_apply_inverse_fold	2700339	2702792	2453	350	0	94	129
tlm_apply_inverse_swap	2702792	2703560	768	256	0	0	0
tlm_apply_inverse_mod_sub_register	2703560	2709586	6026	667	7	410	417
tlm_apply_inverse_mod_sub_fold	2709586	2710347	761	66	3	64	64
tlm_apply_inverse_mod_sub_clean	2710347	2710663	316	19	0	20	22
tlm_inverse_gcd_forward_codec	2710663	2710666	3	0	0	0	0
tlm_inverse_gcd_forward_shift	2710666	2710920	254	62	0	0	2
tlm_inverse_gcd_forward_compare	2710920	2711758	838	127	0	39	40
tlm_inverse_gcd_forward_body	2711758	2713012	1254	147	1	84	86
tlm_apply_inverse_fold	2713012	2715465	2453	350	0	94	129
tlm_apply_inverse_swap	2715465	2716233	768	256	0	0	0
tlm_apply_inverse_mod_sub_register	2716233	2722259	6026	667	7	410	417
tlm_apply_inverse_mod_sub_fold	2722259	2723014	755	64	3	64	64
tlm_apply_inverse_mod_sub_clean	2723014	2723330	316	19	0	20	22
tlm_inverse_gcd_forward_codec	2723330	2723333	3	0	0	0	0
tlm_inverse_gcd_forward_shift	2723333	2723583	250	61	0	0	2
tlm_inverse_gcd_forward_compare	2723583	2724412	829	127	0	38	39
tlm_inverse_gcd_forward_body	2724412	2725651	1239	145	1	83	85
tlm_apply_inverse_fold	2725651	2728104	2453	350	0	94	129
tlm_apply_inverse_swap	2728104	2728872	768	256	0	0	0
tlm_apply_inverse_mod_sub_register	2728872	2734898	6026	667	7	410	417
tlm_apply_inverse_mod_sub_fold	2734898	2735679	781	66	4	66	66
tlm_apply_inverse_mod_sub_clean	2735679	2735995	316	19	0	20	22
tlm_inverse_gcd_forward_codec	2735995	2736161	166	18	0	4	7
tlm_inverse_gcd_forward_shift	2736161	2736407	246	60	0	0	2
tlm_inverse_gcd_forward_compare	2736407	2737231	824	123	0	39	40
tlm_inverse_gcd_forward_body	2737231	2738427	1196	141	1	80	82
tlm_apply_inverse_fold	2738427	2740880	2453	350	0	94	129
tlm_apply_inverse_swap	2740880	2741648	768	256	0	0	0
tlm_apply_inverse_mod_sub_register	2741648	2747674	6026	667	7	410	417
tlm_apply_inverse_mod_sub_fold	2747674	2748429	755	64	3	64	64
tlm_apply_inverse_mod_sub_clean	2748429	2748745	316	19	0	20	22
tlm_inverse_gcd_forward_codec	2748745	2748748	3	0	0	0	0
tlm_inverse_gcd_forward_shift	2748748	2748990	242	59	0	0	2
tlm_inverse_gcd_forward_compare	2748990	2749821	831	127	0	38	39
tlm_inverse_gcd_forward_body	2749821	2751002	1181	139	1	79	81
tlm_apply_inverse_fold	2751002	2753455	2453	350	0	94	129
tlm_apply_inverse_swap	2753455	2754223	768	256	0	0	0
tlm_apply_inverse_mod_sub_register	2754223	2760249	6026	667	7	410	417
tlm_apply_inverse_mod_sub_fold	2760249	2761030	781	66	4	66	66
tlm_apply_inverse_mod_sub_clean	2761030	2761346	316	19	0	20	22
tlm_inverse_gcd_forward_codec	2761346	2761349	3	0	0	0	0
tlm_inverse_gcd_forward_shift	2761349	2761587	238	58	0	0	2
tlm_inverse_gcd_forward_compare	2761587	2762401	814	125	0	37	38
tlm_inverse_gcd_forward_body	2762401	2763567	1166	137	1	78	80
tlm_apply_inverse_fold	2763567	2766020	2453	350	0	94	129
tlm_apply_inverse_swap	2766020	2766788	768	256	0	0	0
tlm_apply_inverse_mod_sub_register	2766788	2772814	6026	667	7	410	417
tlm_apply_inverse_mod_sub_fold	2772814	2773601	787	68	4	66	66
tlm_apply_inverse_mod_sub_clean	2773601	2773917	316	19	0	20	22
tlm_inverse_gcd_forward_codec	2773917	2774083	166	18	0	4	7
tlm_inverse_gcd_forward_shift	2774083	2774317	234	57	0	0	2
tlm_inverse_gcd_forward_compare	2774317	2775142	825	125	0	38	39
tlm_inverse_gcd_forward_body	2775142	2776265	1123	133	1	75	77
tlm_apply_inverse_fold	2776265	2778718	2453	350	0	94	129
tlm_apply_inverse_swap	2778718	2779486	768	256	0	0	0
tlm_apply_inverse_mod_sub_register	2779486	2785512	6026	667	7	410	417
tlm_apply_inverse_mod_sub_fold	2785512	2786293	781	66	4	66	66
tlm_apply_inverse_mod_sub_clean	2786293	2786609	316	19	0	20	22
tlm_inverse_gcd_forward_codec	2786609	2786612	3	0	0	0	0
tlm_inverse_gcd_forward_shift	2786612	2786842	230	56	0	0	2
tlm_inverse_gcd_forward_compare	2786842	2787658	816	125	0	37	38
tlm_inverse_gcd_forward_body	2787658	2788766	1108	131	1	74	76
tlm_apply_inverse_fold	2788766	2791219	2453	350	0	94	129
tlm_apply_inverse_swap	2791219	2791987	768	256	0	0	0
tlm_apply_inverse_mod_sub_register	2791987	2798013	6026	667	7	410	417
tlm_apply_inverse_mod_sub_fold	2798013	2798800	787	68	4	66	66
tlm_apply_inverse_mod_sub_clean	2798800	2799116	316	19	0	20	22
tlm_inverse_gcd_forward_codec	2799116	2799119	3	0	0	0	0
tlm_inverse_gcd_forward_shift	2799119	2799345	226	55	0	0	2
tlm_inverse_gcd_forward_compare	2799345	2800152	807	125	0	36	37
tlm_inverse_gcd_forward_body	2800152	2801245	1093	129	1	73	75
tlm_apply_inverse_fold	2801245	2803698	2453	350	0	94	129
tlm_apply_inverse_swap	2803698	2804466	768	256	0	0	0
tlm_apply_inverse_mod_sub_register	2804466	2810805	6339	689	8	432	440
tlm_apply_inverse_mod_sub_fold	2810805	2811604	799	69	5	67	67
tlm_apply_inverse_mod_sub_clean	2811604	2811920	316	19	0	20	22
tlm_inverse_gcd_forward_codec	2811920	2812086	166	18	0	4	7
tlm_inverse_gcd_forward_shift	2812086	2812308	222	54	0	0	2
tlm_inverse_gcd_forward_compare	2812308	2813118	810	123	0	37	38
tlm_inverse_gcd_forward_body	2813118	2814168	1050	125	1	70	72
tlm_apply_inverse_fold	2814168	2816621	2453	350	0	94	129
tlm_apply_inverse_swap	2816621	2817389	768	256	0	0	0
tlm_apply_inverse_mod_sub_register	2817389	2823415	6026	667	7	410	417
tlm_apply_inverse_mod_sub_fold	2823415	2824202	787	68	4	66	66
tlm_apply_inverse_mod_sub_clean	2824202	2824518	316	19	0	20	22
tlm_inverse_gcd_forward_codec	2824518	2824521	3	0	0	0	0
tlm_inverse_gcd_forward_shift	2824521	2824739	218	53	0	0	2
tlm_inverse_gcd_forward_compare	2824739	2825540	801	123	0	36	37
tlm_inverse_gcd_forward_body	2825540	2826575	1035	123	1	69	71
tlm_apply_inverse_fold	2826575	2829028	2453	350	0	94	129
tlm_apply_inverse_swap	2829028	2829796	768	256	0	0	0
tlm_apply_inverse_mod_sub_register	2829796	2836135	6339	689	8	432	440
tlm_apply_inverse_mod_sub_fold	2836135	2836934	799	69	5	67	67
tlm_apply_inverse_mod_sub_clean	2836934	2837250	316	19	0	20	22
tlm_inverse_gcd_forward_codec	2837250	2837253	3	0	0	0	0
tlm_inverse_gcd_forward_shift	2837253	2837467	214	52	0	0	2
tlm_inverse_gcd_forward_compare	2837467	2838259	792	123	0	35	36
tlm_inverse_gcd_forward_body	2838259	2839279	1020	121	1	68	70
tlm_apply_inverse_fold	2839279	2841732	2453	350	0	94	129
tlm_apply_inverse_swap	2841732	2842500	768	256	0	0	0
tlm_apply_inverse_mod_sub_register	2842500	2848839	6339	689	8	432	440
tlm_apply_inverse_mod_sub_fold	2848839	2849656	817	70	4	70	70
tlm_apply_inverse_mod_sub_clean	2849656	2849972	316	19	0	20	22
tlm_inverse_gcd_forward_codec	2849972	2850138	166	18	0	4	7
tlm_inverse_gcd_forward_shift	2850138	2850348	210	51	0	0	2
tlm_inverse_gcd_forward_compare	2850348	2851135	787	119	0	36	37
tlm_inverse_gcd_forward_body	2851135	2852112	977	117	1	65	67
tlm_apply_inverse_fold	2852112	2854565	2453	350	0	94	129
tlm_apply_inverse_swap	2854565	2855333	768	256	0	0	0
tlm_apply_inverse_mod_sub_register	2855333	2861672	6339	689	8	432	440
tlm_apply_inverse_mod_sub_fold	2861672	2862471	799	69	5	67	67
tlm_apply_inverse_mod_sub_clean	2862471	2862787	316	19	0	20	22
tlm_inverse_gcd_forward_codec	2862787	2862790	3	0	0	0	0
tlm_inverse_gcd_forward_shift	2862790	2862996	206	50	0	0	2
tlm_inverse_gcd_forward_compare	2862996	2863766	770	117	0	35	36
tlm_inverse_gcd_forward_body	2863766	2864728	962	115	1	64	66
tlm_apply_inverse_fold	2864728	2867181	2453	350	0	94	129
tlm_apply_inverse_swap	2867181	2867949	768	256	0	0	0
tlm_apply_inverse_mod_sub_register	2867949	2874288	6339	689	8	432	440
tlm_apply_inverse_mod_sub_fold	2874288	2875105	817	70	4	70	70
tlm_apply_inverse_mod_sub_clean	2875105	2875421	316	19	0	20	22
tlm_inverse_gcd_forward_codec	2875421	2875424	3	0	0	0	0
tlm_inverse_gcd_forward_shift	2875424	2875626	202	49	0	0	2
tlm_inverse_gcd_forward_compare	2875626	2876379	753	115	0	34	35
tlm_inverse_gcd_forward_body	2876379	2877326	947	113	1	63	65
tlm_apply_inverse_fold	2877326	2879779	2453	350	0	94	129
tlm_apply_inverse_swap	2879779	2880547	768	256	0	0	0
tlm_apply_inverse_mod_sub_register	2880547	2887184	6637	710	9	453	461
tlm_apply_inverse_mod_sub_fold	2887184	2888007	823	72	4	70	70
tlm_apply_inverse_mod_sub_clean	2888007	2888323	316	19	0	20	22
tlm_inverse_gcd_forward_codec	2888323	2888489	166	18	0	4	7
tlm_inverse_gcd_forward_shift	2888489	2888687	198	48	0	0	2
tlm_inverse_gcd_forward_compare	2888687	2889435	748	111	0	35	36
tlm_inverse_gcd_forward_body	2889435	2890339	904	109	1	60	62
tlm_apply_inverse_fold	2890339	2892792	2453	350	0	94	129
tlm_apply_inverse_swap	2892792	2893560	768	256	0	0	0
tlm_apply_inverse_mod_sub_register	2893560	2899899	6339	689	8	432	440
tlm_apply_inverse_mod_sub_fold	2899899	2900716	817	70	4	70	70
tlm_apply_inverse_mod_sub_clean	2900716	2901032	316	19	0	20	22
tlm_inverse_gcd_forward_codec	2901032	2901035	3	0	0	0	0
tlm_inverse_gcd_forward_shift	2901035	2901229	194	47	0	0	2
tlm_inverse_gcd_forward_compare	2901229	2901960	731	109	0	34	35
tlm_inverse_gcd_forward_body	2901960	2902849	889	107	1	59	61
tlm_apply_inverse_fold	2902849	2905302	2453	350	0	94	129
tlm_apply_inverse_swap	2905302	2906070	768	256	0	0	0
tlm_apply_inverse_mod_sub_register	2906070	2912707	6637	710	9	453	461
tlm_apply_inverse_mod_sub_fold	2912707	2913530	823	72	4	70	70
tlm_apply_inverse_mod_sub_clean	2913530	2913846	316	19	0	20	22
tlm_inverse_gcd_forward_codec	2913846	2913849	3	0	0	0	0
tlm_inverse_gcd_forward_shift	2913849	2914039	190	46	0	0	2
tlm_inverse_gcd_forward_compare	2914039	2914753	714	107	0	33	34
tlm_inverse_gcd_forward_body	2914753	2915627	874	105	1	58	60
tlm_apply_inverse_fold	2915627	2918080	2453	350	0	94	129
tlm_apply_inverse_swap	2918080	2918848	768	256	0	0	0
tlm_apply_inverse_mod_sub_register	2918848	2925499	6651	711	9	454	462
tlm_apply_inverse_mod_sub_fold	2925499	2926316	817	70	4	70	70
tlm_apply_inverse_mod_sub_clean	2926316	2926632	316	19	0	20	22
tlm_inverse_gcd_forward_codec	2926632	2926798	166	18	0	4	7
tlm_inverse_gcd_forward_shift	2926798	2926984	186	45	0	0	2
tlm_inverse_gcd_forward_compare	2926984	2927693	709	103	0	34	35
tlm_inverse_gcd_forward_body	2927693	2928524	831	101	1	55	57
tlm_apply_inverse_fold	2928524	2930977	2453	350	0	94	129
tlm_apply_inverse_swap	2930977	2931745	768	256	0	0	0
tlm_apply_inverse_mod_sub_register	2931745	2938382	6637	710	9	453	461
tlm_apply_inverse_mod_sub_fold	2938382	2939205	823	72	4	70	70
tlm_apply_inverse_mod_sub_clean	2939205	2939521	316	19	0	20	22
tlm_inverse_gcd_forward_codec	2939521	2939524	3	0	0	0	0
tlm_inverse_gcd_forward_shift	2939524	2939706	182	44	0	0	2
tlm_inverse_gcd_forward_compare	2939706	2940398	692	101	0	33	34
tlm_inverse_gcd_forward_body	2940398	2941214	816	99	1	54	56
tlm_apply_inverse_fold	2941214	2943667	2453	350	0	94	129
tlm_apply_inverse_swap	2943667	2944435	768	256	0	0	0
tlm_apply_inverse_mod_sub_register	2944435	2951086	6651	711	9	454	462
tlm_apply_inverse_mod_sub_fold	2951086	2951903	817	70	4	70	70
tlm_apply_inverse_mod_sub_clean	2951903	2952219	316	19	0	20	22
tlm_inverse_gcd_forward_codec	2952219	2952222	3	0	0	0	0
tlm_inverse_gcd_forward_shift	2952222	2952400	178	43	0	0	2
tlm_inverse_gcd_forward_compare	2952400	2953083	683	101	0	32	33
tlm_inverse_gcd_forward_body	2953083	2953884	801	97	1	53	55
tlm_apply_inverse_fold	2953884	2956337	2453	350	0	94	129
tlm_apply_inverse_swap	2956337	2957105	768	256	0	0	0
tlm_apply_inverse_mod_sub_register	2957105	2963985	6880	727	10	470	479
tlm_apply_inverse_mod_sub_fold	2963985	2964828	843	72	5	72	72
tlm_apply_inverse_mod_sub_clean	2964828	2965144	316	19	0	20	22
tlm_inverse_gcd_forward_codec	2965144	2965310	166	18	0	4	7
tlm_inverse_gcd_forward_shift	2965310	2965484	174	42	0	0	2
tlm_inverse_gcd_forward_compare	2965484	2966162	678	97	0	33	34
tlm_inverse_gcd_forward_body	2966162	2966920	758	93	1	50	52
tlm_apply_inverse_fold	2966920	2969373	2453	350	0	94	129
tlm_apply_inverse_swap	2969373	2970141	768	256	0	0	0
tlm_apply_inverse_mod_sub_register	2970141	2976792	6651	711	9	454	462
tlm_apply_inverse_mod_sub_fold	2976792	2977609	817	70	4	70	70
tlm_apply_inverse_mod_sub_clean	2977609	2977925	316	19	0	20	22
tlm_inverse_gcd_forward_codec	2977925	2977928	3	0	0	0	0
tlm_inverse_gcd_forward_shift	2977928	2978098	170	41	0	0	2
tlm_inverse_gcd_forward_compare	2978098	2978759	661	95	0	32	33
tlm_inverse_gcd_forward_body	2978759	2979502	743	91	1	49	51
tlm_apply_inverse_fold	2979502	2981955	2453	350	0	94	129
tlm_apply_inverse_swap	2981955	2982723	768	256	0	0	0
tlm_apply_inverse_mod_sub_register	2982723	2989603	6880	727	10	470	479
tlm_apply_inverse_mod_sub_fold	2989603	2990446	843	72	5	72	72
tlm_apply_inverse_mod_sub_clean	2990446	2990762	316	19	0	20	22
tlm_inverse_gcd_forward_codec	2990762	2990765	3	0	0	0	0
tlm_inverse_gcd_forward_shift	2990765	2990931	166	40	0	0	2
tlm_inverse_gcd_forward_compare	2990931	2991575	644	93	0	31	32
tlm_inverse_gcd_forward_body	2991575	2992303	728	89	1	48	50
tlm_apply_inverse_fold	2992303	2994756	2453	350	0	94	129
tlm_apply_inverse_swap	2994756	2995524	768	256	0	0	0
tlm_apply_inverse_mod_sub_register	2995524	3002680	7156	747	11	490	491
tlm_apply_inverse_mod_sub_fold	3002680	3003527	847	74	5	72	72
tlm_apply_inverse_mod_sub_clean	3003527	3003843	316	19	0	20	22
tlm_inverse_gcd_forward_codec	3003843	3004009	166	18	0	4	7
tlm_inverse_gcd_forward_shift	3004009	3004171	162	39	0	0	2
tlm_inverse_gcd_forward_compare	3004171	3004810	639	89	0	32	33
tlm_inverse_gcd_forward_body	3004810	3005495	685	85	1	45	47
tlm_apply_inverse_fold	3005495	3007948	2453	350	0	94	129
tlm_apply_inverse_swap	3007948	3008716	768	256	0	0	0
tlm_apply_inverse_mod_sub_register	3008716	3015596	6880	727	10	470	479
tlm_apply_inverse_mod_sub_fold	3015596	3016439	843	72	5	72	72
tlm_apply_inverse_mod_sub_clean	3016439	3016755	316	19	0	20	22
tlm_inverse_gcd_forward_codec	3016755	3016758	3	0	0	0	0
tlm_inverse_gcd_forward_shift	3016758	3016916	158	38	0	0	2
tlm_inverse_gcd_forward_compare	3016916	3017538	622	87	0	31	32
tlm_inverse_gcd_forward_body	3017538	3018208	670	83	1	44	46
tlm_apply_inverse_fold	3018208	3020661	2453	350	0	94	129
tlm_apply_inverse_swap	3020661	3021429	768	256	0	0	0
tlm_apply_inverse_mod_sub_register	3021429	3028585	7156	747	11	490	491
tlm_apply_inverse_mod_sub_fold	3028585	3029444	859	73	6	73	73
tlm_apply_inverse_mod_sub_clean	3029444	3029760	316	19	0	20	22
tlm_inverse_gcd_forward_codec	3029760	3029763	3	0	0	0	0
tlm_inverse_gcd_forward_shift	3029763	3029917	154	37	0	0	2
tlm_inverse_gcd_forward_compare	3029917	3030522	605	85	0	30	31
tlm_inverse_gcd_forward_body	3030522	3031177	655	81	1	43	45
tlm_apply_inverse_fold	3031177	3033630	2453	350	0	94	129
tlm_apply_inverse_swap	3033630	3034398	768	256	0	0	0
tlm_apply_inverse_mod_sub_register	3034398	3041586	7188	749	12	492	493
tlm_apply_inverse_mod_sub_fold	3041586	3042443	857	74	4	74	74
tlm_apply_inverse_mod_sub_clean	3042443	3042759	316	19	0	20	22
tlm_inverse_gcd_forward_codec	3042759	3042925	166	18	0	4	7
tlm_inverse_gcd_forward_shift	3042925	3043075	150	36	0	0	2
tlm_inverse_gcd_forward_compare	3043075	3043675	600	81	0	31	32
tlm_inverse_gcd_forward_body	3043675	3044287	612	77	1	40	42
tlm_apply_inverse_fold	3044287	3046740	2453	350	0	94	129
tlm_apply_inverse_swap	3046740	3047508	768	256	0	0	0
tlm_apply_inverse_mod_sub_register	3047508	3054664	7156	747	11	490	491
tlm_apply_inverse_mod_sub_fold	3054664	3055523	859	73	6	73	73
tlm_apply_inverse_mod_sub_clean	3055523	3055839	316	19	0	20	22
tlm_inverse_gcd_forward_codec	3055839	3055842	3	0	0	0	0
tlm_inverse_gcd_forward_shift	3055842	3055988	146	35	0	0	2
tlm_inverse_gcd_forward_compare	3055988	3056571	583	79	0	30	31
tlm_inverse_gcd_forward_body	3056571	3057168	597	75	1	39	41
tlm_apply_inverse_fold	3057168	3059621	2453	350	0	94	129
tlm_apply_inverse_swap	3059621	3060389	768	256	0	0	0
tlm_apply_inverse_mod_sub_register	3060389	3067577	7188	749	12	492	493
tlm_apply_inverse_mod_sub_fold	3067577	3068434	857	74	4	74	74
tlm_apply_inverse_mod_sub_clean	3068434	3068750	316	19	0	20	22
tlm_inverse_gcd_forward_codec	3068750	3068753	3	0	0	0	0
tlm_inverse_gcd_forward_shift	3068753	3068895	142	34	0	0	2
tlm_inverse_gcd_forward_compare	3068895	3069461	566	77	0	29	30
tlm_inverse_gcd_forward_body	3069461	3070043	582	73	1	38	40
tlm_apply_inverse_fold	3070043	3072496	2453	350	0	94	129
tlm_apply_inverse_swap	3072496	3073264	768	256	0	0	0
tlm_apply_inverse_mod_sub_register	3073264	3080520	7256	753	15	496	497
tlm_apply_inverse_mod_sub_fold	3080520	3081383	863	76	4	74	74
tlm_apply_inverse_mod_sub_clean	3081383	3081699	316	19	0	20	22
tlm_inverse_gcd_forward_codec	3081699	3081865	166	18	0	4	7
tlm_inverse_gcd_forward_shift	3081865	3082003	138	33	0	0	2
tlm_inverse_gcd_forward_compare	3082003	3082564	561	73	0	30	31
tlm_inverse_gcd_forward_body	3082564	3083103	539	69	1	35	37
tlm_apply_inverse_fold	3083103	3085556	2453	350	0	94	129
tlm_apply_inverse_swap	3085556	3086324	768	256	0	0	0
tlm_apply_inverse_mod_sub_register	3086324	3093512	7188	749	12	492	493
tlm_apply_inverse_mod_sub_fold	3093512	3094369	857	74	4	74	74
tlm_apply_inverse_mod_sub_clean	3094369	3094685	316	19	0	20	22
tlm_inverse_gcd_forward_codec	3094685	3094688	3	0	0	0	0
tlm_inverse_gcd_forward_shift	3094688	3094822	134	32	0	0	2
tlm_inverse_gcd_forward_compare	3094822	3095366	544	71	0	29	30
tlm_inverse_gcd_forward_body	3095366	3095890	524	67	1	34	36
tlm_apply_inverse_fold	3095890	3098343	2453	350	0	94	129
tlm_apply_inverse_swap	3098343	3099111	768	256	0	0	0
tlm_apply_inverse_mod_sub_register	3099111	3106367	7256	753	15	496	497
tlm_apply_inverse_mod_sub_fold	3106367	3107230	863	76	4	74	74
tlm_apply_inverse_mod_sub_clean	3107230	3107546	316	19	0	20	22
tlm_inverse_gcd_forward_codec	3107546	3107549	3	0	0	0	0
tlm_inverse_gcd_forward_shift	3107549	3107679	130	31	0	0	2
tlm_inverse_gcd_forward_compare	3107679	3108206	527	69	0	28	29
tlm_inverse_gcd_forward_body	3108206	3108715	509	65	1	33	35
tlm_apply_inverse_fold	3108715	3111168	2453	350	0	94	129
tlm_apply_inverse_swap	3111168	3111936	768	256	0	0	0
tlm_apply_inverse_mod_sub_register	3111936	3119122	7186	747	12	491	498
tlm_apply_inverse_mod_sub_fold	3119122	3119985	863	76	4	74	74
tlm_apply_inverse_mod_sub_clean	3119985	3120301	316	19	0	20	22
tlm_inverse_gcd_forward_codec	3120301	3120467	166	18	0	4	7
tlm_inverse_gcd_forward_shift	3120467	3120593	126	30	0	0	2
tlm_inverse_gcd_forward_compare	3120593	3121115	522	65	0	29	30
tlm_inverse_gcd_forward_body	3121115	3121576	461	61	0	30	31
tlm_apply_inverse_fold	3121576	3124029	2453	350	0	94	129
tlm_apply_inverse_swap	3124029	3124797	768	256	0	0	0
tlm_apply_inverse_mod_sub_register	3124797	3132053	7256	753	15	496	497
tlm_apply_inverse_mod_sub_fold	3132053	3132916	863	76	4	74	74
tlm_apply_inverse_mod_sub_clean	3132916	3133232	316	19	0	20	22
tlm_inverse_gcd_forward_codec	3133232	3133235	3	0	0	0	0
tlm_inverse_gcd_forward_shift	3133235	3133357	122	29	0	0	2
tlm_inverse_gcd_forward_compare	3133357	3133862	505	63	0	28	29
tlm_inverse_gcd_forward_body	3133862	3134308	446	59	0	29	30
tlm_apply_inverse_fold	3134308	3136761	2453	350	0	94	129
tlm_apply_inverse_swap	3136761	3137529	768	256	0	0	0
tlm_apply_inverse_mod_sub_register	3137529	3144715	7186	747	12	491	498
tlm_apply_inverse_mod_sub_fold	3144715	3145578	863	76	4	74	74
tlm_apply_inverse_mod_sub_clean	3145578	3145894	316	19	0	20	22
tlm_inverse_gcd_forward_codec	3145894	3145897	3	0	0	0	0
tlm_inverse_gcd_forward_shift	3145897	3146015	118	28	0	0	2
tlm_inverse_gcd_forward_compare	3146015	3146503	488	61	0	27	28
tlm_inverse_gcd_forward_body	3146503	3146934	431	57	0	28	29
tlm_apply_inverse_fold	3146934	3149387	2453	350	0	94	129
tlm_apply_inverse_swap	3149387	3150155	768	256	0	0	0
tlm_apply_inverse_mod_sub_register	3150155	3157424	7269	753	12	497	503
tlm_apply_inverse_mod_sub_fold	3157424	3158317	893	77	5	77	77
tlm_apply_inverse_mod_sub_clean	3158317	3158633	316	19	0	20	22
tlm_inverse_gcd_forward_codec	3158633	3158799	166	18	0	4	7
tlm_inverse_gcd_forward_shift	3158799	3158913	114	27	0	0	2
tlm_inverse_gcd_forward_compare	3158913	3159396	483	57	0	28	29
tlm_inverse_gcd_forward_body	3159396	3159812	416	55	0	27	28
tlm_apply_inverse_fold	3159812	3162265	2453	350	0	94	129
tlm_apply_inverse_swap	3162265	3163033	768	256	0	0	0
tlm_apply_inverse_mod_sub_register	3163033	3170219	7186	747	12	491	498
tlm_apply_inverse_mod_sub_fold	3170219	3171082	863	76	4	74	74
tlm_apply_inverse_mod_sub_clean	3171082	3171398	316	19	0	20	22
tlm_inverse_gcd_forward_codec	3171398	3171401	3	0	0	0	0
tlm_inverse_gcd_forward_shift	3171401	3171511	110	26	0	0	2
tlm_inverse_gcd_forward_compare	3171511	3171977	466	55	0	27	28
tlm_inverse_gcd_forward_body	3171977	3172378	401	53	0	26	27
tlm_apply_inverse_fold	3172378	3174831	2453	350	0	94	129
tlm_apply_inverse_swap	3174831	3175599	768	256	0	0	0
tlm_apply_inverse_mod_sub_register	3175599	3182868	7269	753	12	497	503
tlm_apply_inverse_mod_sub_fold	3182868	3183761	893	77	5	77	77
tlm_apply_inverse_mod_sub_clean	3183761	3184077	316	19	0	20	22
tlm_inverse_gcd_forward_codec	3184077	3184080	3	0	0	0	0
tlm_inverse_gcd_forward_shift	3184080	3184186	106	25	0	0	2
tlm_inverse_gcd_forward_compare	3184186	3184635	449	53	0	26	27
tlm_inverse_gcd_forward_body	3184635	3185021	386	51	0	25	26
tlm_apply_inverse_fold	3185021	3187474	2453	350	0	94	129
tlm_apply_inverse_swap	3187474	3188242	768	256	0	0	0
tlm_apply_inverse_mod_sub_register	3188242	3195584	7342	758	13	502	507
tlm_apply_inverse_mod_sub_fold	3195584	3196477	893	77	5	77	77
tlm_apply_inverse_mod_sub_clean	3196477	3196793	316	19	0	20	22
tlm_inverse_gcd_forward_codec	3196793	3196959	166	18	0	4	7
tlm_inverse_gcd_forward_shift	3196959	3197057	98	22	0	0	6
tlm_inverse_gcd_forward_compare	3197057	3197469	412	48	0	24	25
tlm_inverse_gcd_forward_body	3197469	3197810	341	45	0	22	23
tlm_apply_inverse_fold	3197810	3200263	2453	350	0	94	129
tlm_apply_inverse_swap	3200263	3201031	768	256	0	0	0
tlm_apply_inverse_mod_sub_register	3201031	3208187	7156	747	11	490	491
tlm_apply_inverse_mod_sub_fold	3208187	3209046	859	73	6	73	73
tlm_apply_inverse_mod_sub_clean	3209046	3209362	316	19	0	20	22
tlm_inverse_gcd_forward_codec	3209362	3209365	3	0	0	0	0
tlm_inverse_gcd_forward_shift	3209365	3209455	90	21	0	0	2
tlm_inverse_gcd_forward_compare	3209455	3209850	395	46	0	23	24
tlm_inverse_gcd_forward_body	3209850	3210176	326	43	0	21	22
tlm_apply_inverse_fold	3210176	3212629	2453	350	0	94	129
tlm_apply_inverse_swap	3212629	3213397	768	256	0	0	0
tlm_apply_inverse_mod_sub_register	3213397	3220585	7188	749	12	492	493
tlm_apply_inverse_mod_sub_fold	3220585	3221442	857	74	4	74	74
tlm_apply_inverse_mod_sub_clean	3221442	3221758	316	19	0	20	22
tlm_inverse_gcd_forward_codec	3221758	3221761	3	0	0	0	0
tlm_inverse_gcd_forward_shift	3221761	3221847	86	20	0	0	2
tlm_inverse_gcd_forward_compare	3221847	3222225	378	44	0	22	23
tlm_inverse_gcd_forward_body	3222225	3222536	311	41	0	20	21
tlm_apply_inverse_fold	3222536	3224989	2453	350	0	94	129
tlm_apply_inverse_swap	3224989	3225757	768	256	0	0	0
tlm_apply_inverse_mod_sub_register	3225757	3233013	7256	753	15	496	497
tlm_apply_inverse_mod_sub_fold	3233013	3233870	857	74	4	74	74
tlm_apply_inverse_mod_sub_clean	3233870	3234186	316	19	0	20	22
tlm_inverse_gcd_forward_codec	3234186	3234352	166	18	0	4	7
tlm_inverse_gcd_forward_shift	3234352	3234434	82	19	0	0	2
tlm_inverse_gcd_forward_compare	3234434	3234795	361	42	0	21	22
tlm_inverse_gcd_forward_body	3234795	3235091	296	39	0	19	20
tlm_apply_inverse_fold	3235091	3237544	2453	350	0	94	129
tlm_apply_inverse_swap	3237544	3238312	768	256	0	0	0
tlm_apply_inverse_mod_sub_register	3238312	3245500	7188	749	12	492	493
tlm_apply_inverse_mod_sub_fold	3245500	3246357	857	74	4	74	74
tlm_apply_inverse_mod_sub_clean	3246357	3246673	316	19	0	20	22
tlm_inverse_gcd_forward_codec	3246673	3246676	3	0	0	0	0
tlm_inverse_gcd_forward_shift	3246676	3246754	78	18	0	0	2
tlm_inverse_gcd_forward_compare	3246754	3247098	344	40	0	20	21
tlm_inverse_gcd_forward_body	3247098	3247379	281	37	0	18	19
tlm_apply_inverse_fold	3247379	3249832	2453	350	0	94	129
tlm_apply_inverse_swap	3249832	3250600	768	256	0	0	0
tlm_apply_inverse_mod_sub_register	3250600	3257856	7256	753	15	496	497
tlm_apply_inverse_mod_sub_fold	3257856	3258713	857	74	4	74	74
tlm_apply_inverse_mod_sub_clean	3258713	3259029	316	19	0	20	22
tlm_inverse_gcd_forward_codec	3259029	3259032	3	0	0	0	0
tlm_inverse_gcd_forward_shift	3259032	3259106	74	17	0	0	2
tlm_inverse_gcd_forward_compare	3259106	3259433	327	38	0	19	20
tlm_inverse_gcd_forward_body	3259433	3259699	266	35	0	17	18
tlm_apply_inverse_fold	3259699	3262152	2453	350	0	94	129
tlm_apply_inverse_swap	3262152	3262920	768	256	0	0	0
tlm_apply_inverse_mod_sub_register	3262920	3270106	7186	747	12	491	498
tlm_apply_inverse_mod_sub_fold	3270106	3270999	893	77	5	77	77
tlm_apply_inverse_mod_sub_clean	3270999	3271315	316	19	0	20	22
tlm_inverse_gcd_forward_codec	3271315	3271481	166	18	0	4	7
tlm_inverse_gcd_forward_shift	3271481	3271553	72	17	0	0	0
tlm_inverse_gcd_forward_compare	3271553	3271880	327	38	0	19	20
tlm_inverse_gcd_forward_body	3271880	3272146	266	35	0	17	18
tlm_apply_inverse_fold	3272146	3274599	2453	350	0	94	129
tlm_apply_inverse_swap	3274599	3275367	768	256	0	0	0
tlm_apply_inverse_mod_sub_register	3275367	3282636	7269	753	12	497	503
tlm_apply_inverse_mod_sub_fold	3282636	3283529	893	77	5	77	77
tlm_apply_inverse_mod_sub_clean	3283529	3283845	316	19	0	20	22
tlm_inverse_gcd_forward_codec	3283845	3283848	3	0	0	0	0
tlm_inverse_gcd_forward_shift	3283848	3283918	70	16	0	0	2
tlm_inverse_gcd_forward_compare	3283918	3284228	310	36	0	18	19
tlm_inverse_gcd_forward_body	3284228	3284479	251	33	0	16	17
tlm_apply_inverse_fold	3284479	3286932	2453	350	0	94	129
tlm_apply_inverse_swap	3286932	3287700	768	256	0	0	0
tlm_apply_inverse_mod_sub_register	3287700	3295042	7342	758	13	502	507
tlm_apply_inverse_mod_sub_fold	3295042	3295935	893	77	5	77	77
tlm_apply_inverse_mod_sub_clean	3295935	3296251	316	19	0	20	22
tlm_inverse_gcd_forward_codec	3296251	3296254	3	0	0	0	0
tlm_inverse_gcd_forward_shift	3296254	3296322	68	16	0	0	0
tlm_inverse_gcd_forward_compare	3296322	3296632	310	36	0	18	19
tlm_inverse_gcd_forward_body	3296632	3296883	251	33	0	16	17
tlm_apply_inverse_fold	3296883	3299336	2453	350	0	94	129
tlm_apply_inverse_swap	3299336	3300104	768	256	0	0	0
tlm_apply_inverse_mod_sub_register	3300104	3307589	7485	767	18	511	513
tlm_apply_inverse_mod_sub_fold	3307589	3308530	941	82	5	82	82
tlm_apply_inverse_mod_sub_clean	3308530	3308846	316	19	0	20	22
tlm_inverse_gcd_forward_codec	3308846	3309012	166	18	0	4	7
tlm_inverse_gcd_forward_shift	3309012	3309078	66	15	0	0	2
tlm_inverse_gcd_forward_compare	3309078	3309371	293	34	0	17	18
tlm_inverse_gcd_forward_body	3309371	3309607	236	31	0	15	16
tlm_apply_inverse_fold	3309607	3312060	2453	350	0	94	129
tlm_apply_inverse_swap	3312060	3312828	768	256	0	0	0
tlm_apply_inverse_mod_sub_register	3312828	3320278	7450	765	16	509	512
tlm_apply_inverse_mod_sub_fold	3320278	3321213	935	80	7	80	80
tlm_apply_inverse_mod_sub_clean	3321213	3321529	316	19	0	20	22
tlm_inverse_gcd_forward_codec	3321529	3321532	3	0	0	0	0
tlm_inverse_gcd_forward_shift	3321532	3321594	62	14	0	0	2
tlm_inverse_gcd_forward_compare	3321594	3321870	276	32	0	16	17
tlm_inverse_gcd_forward_body	3321870	3322091	221	29	0	14	15
tlm_apply_inverse_fold	3322091	3324544	2453	350	0	94	129
tlm_apply_inverse_swap	3324544	3325312	768	256	0	0	0
tlm_apply_inverse_mod_sub_register	3325312	3332797	7485	767	18	511	513
tlm_apply_inverse_mod_sub_fold	3332797	3333738	941	82	5	82	82
tlm_apply_inverse_mod_sub_clean	3333738	3334054	316	19	0	20	22
tlm_inverse_gcd_forward_codec	3334054	3334057	3	0	0	0	0
tlm_inverse_gcd_forward_shift	3334057	3334115	58	13	0	0	2
tlm_inverse_gcd_forward_compare	3334115	3334374	259	30	0	15	16
tlm_inverse_gcd_forward_body	3334374	3334580	206	27	0	13	14
tlm_apply_inverse_fold	3334580	3337033	2453	350	0	94	129
tlm_apply_inverse_swap	3337033	3337801	768	256	0	0	0
tlm_apply_inverse_mod_sub_register	3337801	3345256	7455	769	22	506	508
tlm_apply_inverse_mod_sub_fold	3345256	3346199	943	82	5	82	82
tlm_apply_inverse_mod_sub_clean	3346199	3346515	316	19	0	20	22
tlm_inverse_gcd_forward_codec	3346515	3346681	166	18	0	4	7
tlm_inverse_gcd_forward_shift	3346681	3346737	56	13	0	0	0
tlm_inverse_gcd_forward_compare	3346737	3346996	259	30	0	15	16
tlm_inverse_gcd_forward_body	3346996	3347202	206	27	0	13	14
tlm_apply_inverse_fold	3347202	3349655	2453	350	0	94	129
tlm_apply_inverse_swap	3349655	3350423	768	256	0	0	0
tlm_apply_inverse_mod_sub_register	3350423	3357434	7011	769	21	462	464
tlm_apply_inverse_mod_sub_fold	3357434	3358413	979	85	6	85	85
tlm_apply_inverse_mod_sub_clean	3358413	3358729	316	19	0	20	22
tlm_inverse_gcd_forward_codec	3358729	3358732	3	0	0	0	0
tlm_inverse_gcd_forward_shift	3358732	3358786	54	12	0	0	2
tlm_inverse_gcd_forward_compare	3358786	3359028	242	28	0	14	15
tlm_inverse_gcd_forward_body	3359028	3359219	191	25	0	12	13
tlm_apply_inverse_fold	3359219	3361672	2453	350	0	94	129
tlm_apply_inverse_swap	3361672	3362440	768	256	0	0	0
tlm_apply_inverse_mod_sub_register	3362440	3369027	6587	769	20	420	422
tlm_apply_inverse_mod_sub_fold	3369027	3370006	979	85	6	85	85
tlm_apply_inverse_mod_sub_clean	3370006	3370322	316	19	0	20	22
tlm_inverse_gcd_forward_codec	3370322	3370325	3	0	0	0	0
tlm_inverse_gcd_forward_shift	3370325	3370377	52	12	0	0	0
tlm_inverse_gcd_forward_compare	3370377	3370619	242	28	0	14	15
tlm_inverse_gcd_forward_body	3370619	3370810	191	25	0	12	13
tlm_apply_inverse_fold	3370810	3373036	2226	394	0	64	106
tlm_apply_inverse_swap	3373036	3373804	768	256	0	0	0
tlm_apply_inverse_mod_sub_register	3373804	3379239	5435	769	17	306	308
tlm_apply_inverse_mod_sub_fold	3379239	3380244	1005	87	7	87	87
tlm_apply_inverse_mod_sub_clean	3380244	3380554	310	20	0	19	21
tlm_inverse_gcd_forward_codec	3380554	3380720	166	18	0	4	7
tlm_inverse_gcd_forward_shift	3380720	3380772	52	12	0	0	0
tlm_inverse_gcd_forward_compare	3380772	3381014	242	28	0	14	15
tlm_inverse_gcd_forward_body	3381014	3381205	191	25	0	12	13
tlm_apply_inverse_fold	3381205	3383441	2236	396	0	64	107
tlm_apply_inverse_swap	3383441	3384209	768	256	0	0	0
tlm_apply_inverse_mod_sub_register	3384209	3389300	5091	769	16	272	274
tlm_apply_inverse_mod_sub_fold	3389300	3390313	1013	88	8	88	88
tlm_apply_inverse_mod_sub_clean	3390313	3390617	304	21	0	18	20
tlm_inverse_gcd_forward_codec	3390617	3390620	3	0	0	0	0
tlm_inverse_gcd_forward_shift	3390620	3390668	48	10	0	0	4
tlm_inverse_gcd_forward_compare	3390668	3390876	208	24	0	12	13
tlm_inverse_gcd_forward_body	3390876	3391037	161	21	0	10	11
tlm_apply_inverse_fold	3391037	3393263	2226	394	0	64	106
tlm_apply_inverse_swap	3393263	3394031	768	256	0	0	0
tlm_apply_inverse_mod_sub_register	3394031	3399466	5435	769	17	306	308
tlm_apply_inverse_mod_sub_fold	3399466	3400471	1005	87	7	87	87
tlm_apply_inverse_mod_sub_clean	3400471	3400781	310	20	0	19	21
tlm_inverse_gcd_forward_codec	3400781	3400784	3	0	0	0	0
tlm_inverse_gcd_forward_shift	3400784	3400828	44	10	0	0	0
tlm_inverse_gcd_forward_compare	3400828	3401036	208	24	0	12	13
tlm_inverse_gcd_forward_body	3401036	3401197	161	21	0	10	11
tlm_apply_inverse_fold	3401197	3403483	2286	405	0	65	112
tlm_apply_inverse_swap	3403483	3404251	768	256	0	0	0
tlm_apply_inverse_mod_sub_register	3404251	3408714	4463	769	14	210	212
tlm_apply_inverse_mod_sub_fold	3408714	3409737	1023	91	6	91	91
tlm_apply_inverse_mod_sub_clean	3409737	3410029	292	23	0	16	18
tlm_inverse_gcd_forward_codec	3410029	3410195	166	18	0	4	7
tlm_inverse_gcd_forward_shift	3410195	3410235	40	8	0	0	4
tlm_inverse_gcd_forward_compare	3410235	3410409	174	20	0	10	11
tlm_inverse_gcd_forward_body	3410409	3410540	131	17	0	8	9
tlm_apply_inverse_fold	3410540	3412766	2226	394	0	64	106
tlm_apply_inverse_swap	3412766	3413534	768	256	0	0	0
tlm_apply_inverse_mod_sub_register	3413534	3418969	5435	769	17	306	308
tlm_apply_inverse_mod_sub_fold	3418969	3419974	1005	87	7	87	87
tlm_apply_inverse_mod_sub_clean	3419974	3420284	310	20	0	19	21
tlm_inverse_gcd_forward_codec	3420284	3420287	3	0	0	0	0
tlm_inverse_gcd_forward_shift	3420287	3420321	34	7	0	0	2
tlm_inverse_gcd_forward_compare	3420321	3420478	157	18	0	9	10
tlm_inverse_gcd_forward_body	3420478	3420594	116	15	0	7	8
tlm_apply_inverse_fold	3420594	3422982	2388	416	0	68	120
tlm_apply_inverse_swap	3422982	3423750	768	256	0	0	0
tlm_apply_inverse_mod_sub_register	3423750	3428841	5091	769	16	272	274
tlm_apply_inverse_mod_sub_fold	3428841	3429840	999	87	7	87	87
tlm_apply_inverse_mod_sub_clean	3429840	3430144	304	21	0	18	20
tlm_inverse_gcd_forward_codec	3430144	3430147	3	0	0	0	0
tlm_inverse_gcd_forward_shift	3430147	3430179	32	7	0	0	0
tlm_inverse_gcd_forward_compare	3430179	3430336	157	18	0	9	10
tlm_inverse_gcd_forward_body	3430336	3430452	116	15	0	7	8
tlm_apply_inverse_fold	3430452	3432878	2426	422	0	68	123
tlm_apply_inverse_swap	3432878	3433646	768	256	0	0	0
tlm_apply_inverse_mod_sub_register	3433646	3437825	4179	769	13	182	184
tlm_apply_inverse_mod_sub_fold	3437825	3438848	1023	91	6	91	91
tlm_apply_inverse_mod_sub_clean	3438848	3439134	286	24	0	15	17
tlm_inverse_gcd_forward_codec	3439134	3439300	166	18	0	4	7
tlm_inverse_gcd_forward_shift	3439300	3439332	32	7	0	0	0
tlm_inverse_gcd_forward_compare	3439332	3439489	157	18	0	9	10
tlm_inverse_gcd_forward_body	3439489	3439605	116	15	0	7	8
tlm_apply_inverse_fold	3439605	3441891	2286	405	0	65	112
tlm_apply_inverse_swap	3441891	3442659	768	256	0	0	0
tlm_apply_inverse_mod_sub_register	3442659	3446574	3915	769	12	156	158
tlm_apply_inverse_mod_sub_fold	3446574	3447597	1023	91	6	91	91
tlm_apply_inverse_mod_sub_clean	3447597	3447877	280	25	0	14	16
tlm_inverse_gcd_forward_codec	3447877	3447880	3	0	0	0	0
tlm_inverse_gcd_forward_shift	3447880	3447912	32	7	0	0	0
tlm_inverse_gcd_forward_compare	3447912	3448069	157	18	0	9	10
tlm_inverse_gcd_forward_body	3448069	3448185	116	15	0	7	8
tlm_apply_inverse_fold	3448185	3449608	1423	155	0	52	106
tlm_apply_inverse_mod_sub	3449608	3449609	1	0	0	0	0
tlm_inverse_gcd_forward_codec	3449609	3449627	18	2	0	1	1
tlm_gcd_step_end	3449627	3449906	279	0	0	0	277
tlm_inverse_gcd_reverse_decode	3449906	3449923	17	3	0	0	3
tlm_inverse_gcd_reverse_apply	3449923	3449924	1	0	0	0	0
tlm_inverse_gcd_reverse_body	3449924	3450212	288	39	0	17	18
tlm_inverse_gcd_reverse_decode	3450212	3450218	6	0	0	0	3
tlm_inverse_gcd_reverse_apply	3450218	3450219	1	0	0	0	0
tlm_inverse_gcd_reverse_body	3450219	3450507	288	39	0	17	18
tlm_inverse_gcd_reverse_decode	3450507	3450671	164	19	0	3	8
tlm_inverse_gcd_reverse_apply	3450671	3450672	1	0	0	0	0
tlm_inverse_gcd_reverse_body	3450672	3450960	288	39	0	17	18
tlm_inverse_gcd_reverse_decode	3450960	3450966	6	0	0	0	3
tlm_inverse_gcd_reverse_apply	3450966	3450967	1	0	0	0	0
tlm_inverse_gcd_reverse_body	3450967	3451255	288	39	0	17	18
tlm_inverse_gcd_reverse_decode	3451255	3451261	6	0	0	0	3
tlm_inverse_gcd_reverse_apply	3451261	3451262	1	0	0	0	0
tlm_inverse_gcd_reverse_body	3451262	3451584	322	44	0	19	20
tlm_inverse_gcd_reverse_decode	3451584	3451748	164	19	0	3	8
tlm_inverse_gcd_reverse_apply	3451748	3451749	1	0	0	0	0
tlm_inverse_gcd_reverse_body	3451749	3452139	390	54	0	23	24
tlm_inverse_gcd_reverse_decode	3452139	3452145	6	0	0	0	3
tlm_inverse_gcd_reverse_apply	3452145	3452146	1	0	0	0	0
tlm_inverse_gcd_reverse_body	3452146	3452536	390	54	0	23	24
tlm_inverse_gcd_reverse_decode	3452536	3452542	6	0	0	0	3
tlm_inverse_gcd_reverse_apply	3452542	3452543	1	0	0	0	0
tlm_inverse_gcd_reverse_body	3452543	3453001	458	64	0	27	28
tlm_inverse_gcd_reverse_decode	3453001	3453165	164	19	0	3	8
tlm_inverse_gcd_reverse_apply	3453165	3453166	1	0	0	0	0
tlm_inverse_gcd_reverse_body	3453166	3453624	458	64	0	27	28
tlm_inverse_gcd_reverse_decode	3453624	3453630	6	0	0	0	3
tlm_inverse_gcd_reverse_apply	3453630	3453631	1	0	0	0	0
tlm_inverse_gcd_reverse_body	3453631	3454089	458	64	0	27	28
tlm_inverse_gcd_reverse_decode	3454089	3454095	6	0	0	0	3
tlm_inverse_gcd_reverse_apply	3454095	3454096	1	0	0	0	0
tlm_inverse_gcd_reverse_body	3454096	3454588	492	69	0	29	30
tlm_inverse_gcd_reverse_decode	3454588	3454752	164	19	0	3	8
tlm_inverse_gcd_reverse_apply	3454752	3454753	1	0	0	0	0
tlm_inverse_gcd_reverse_body	3454753	3455245	492	69	0	29	30
tlm_inverse_gcd_reverse_decode	3455245	3455251	6	0	0	0	3
tlm_inverse_gcd_reverse_apply	3455251	3455252	1	0	0	0	0
tlm_inverse_gcd_reverse_body	3455252	3455778	526	74	0	31	32
tlm_inverse_gcd_reverse_decode	3455778	3455784	6	0	0	0	3
tlm_inverse_gcd_reverse_apply	3455784	3455785	1	0	0	0	0
tlm_inverse_gcd_reverse_body	3455785	3456345	560	79	0	33	34
tlm_inverse_gcd_reverse_decode	3456345	3456509	164	19	0	3	8
tlm_inverse_gcd_reverse_apply	3456509	3456510	1	0	0	0	0
tlm_inverse_gcd_reverse_body	3456510	3457104	594	84	0	35	36
tlm_inverse_gcd_reverse_decode	3457104	3457110	6	0	0	0	3
tlm_inverse_gcd_reverse_apply	3457110	3457111	1	0	0	0	0
tlm_inverse_gcd_reverse_body	3457111	3457705	594	84	0	35	36
tlm_inverse_gcd_reverse_decode	3457705	3457711	6	0	0	0	3
tlm_inverse_gcd_reverse_apply	3457711	3457712	1	0	0	0	0
tlm_inverse_gcd_reverse_body	3457712	3458340	628	89	0	37	38
tlm_inverse_gcd_reverse_decode	3458340	3458504	164	19	0	3	8
tlm_inverse_gcd_reverse_apply	3458504	3458505	1	0	0	0	0
tlm_inverse_gcd_reverse_body	3458505	3459133	628	89	0	37	38
tlm_inverse_gcd_reverse_decode	3459133	3459139	6	0	0	0	3
tlm_inverse_gcd_reverse_apply	3459139	3459140	1	0	0	0	0
tlm_inverse_gcd_reverse_body	3459140	3459802	662	94	0	39	40
tlm_inverse_gcd_reverse_decode	3459802	3459808	6	0	0	0	3
tlm_inverse_gcd_reverse_apply	3459808	3459809	1	0	0	0	0
tlm_inverse_gcd_reverse_body	3459809	3460505	696	99	0	41	42
tlm_inverse_gcd_reverse_decode	3460505	3460669	164	19	0	3	8
tlm_inverse_gcd_reverse_apply	3460669	3460670	1	0	0	0	0
tlm_inverse_gcd_reverse_body	3460670	3461400	730	104	0	43	44
tlm_inverse_gcd_reverse_decode	3461400	3461406	6	0	0	0	3
tlm_inverse_gcd_reverse_apply	3461406	3461407	1	0	0	0	0
tlm_inverse_gcd_reverse_body	3461407	3462171	764	109	0	45	46
tlm_inverse_gcd_reverse_decode	3462171	3462177	6	0	0	0	3
tlm_inverse_gcd_reverse_apply	3462177	3462178	1	0	0	0	0
tlm_inverse_gcd_reverse_body	3462178	3462976	798	114	0	47	48
tlm_inverse_gcd_reverse_decode	3462976	3463140	164	19	0	3	8
tlm_inverse_gcd_reverse_apply	3463140	3463141	1	0	0	0	0
tlm_inverse_gcd_reverse_body	3463141	3464027	886	128	0	52	53
tlm_inverse_gcd_reverse_decode	3464027	3464033	6	0	0	0	3
tlm_inverse_gcd_reverse_apply	3464033	3464034	1	0	0	0	0
tlm_inverse_gcd_reverse_body	3464034	3464954	920	133	0	54	55
tlm_inverse_gcd_reverse_decode	3464954	3464960	6	0	0	0	3
tlm_inverse_gcd_reverse_apply	3464960	3464961	1	0	0	0	0
tlm_inverse_gcd_reverse_body	3464961	3465915	954	138	0	56	57
tlm_inverse_gcd_reverse_decode	3465915	3466079	164	19	0	3	8
tlm_inverse_gcd_reverse_apply	3466079	3466080	1	0	0	0	0
tlm_inverse_gcd_reverse_body	3466080	3467068	988	143	0	58	59
tlm_inverse_gcd_reverse_decode	3467068	3467074	6	0	0	0	3
tlm_inverse_gcd_reverse_apply	3467074	3467075	1	0	0	0	0
tlm_inverse_gcd_reverse_body	3467075	3468097	1022	148	0	60	61
tlm_inverse_gcd_reverse_decode	3468097	3468103	6	0	0	0	3
tlm_inverse_gcd_reverse_apply	3468103	3468104	1	0	0	0	0
tlm_inverse_gcd_reverse_body	3468104	3469160	1056	153	0	62	63
tlm_inverse_gcd_reverse_decode	3469160	3469324	164	19	0	3	8
tlm_inverse_gcd_reverse_apply	3469324	3469325	1	0	0	0	0
tlm_inverse_gcd_reverse_body	3469325	3470415	1090	158	0	64	65
tlm_inverse_gcd_reverse_decode	3470415	3470421	6	0	0	0	3
tlm_inverse_gcd_reverse_apply	3470421	3470422	1	0	0	0	0
tlm_inverse_gcd_reverse_body	3470422	3471546	1124	163	0	66	67
tlm_inverse_gcd_reverse_decode	3471546	3471552	6	0	0	0	3
tlm_inverse_gcd_reverse_apply	3471552	3471553	1	0	0	0	0
tlm_inverse_gcd_reverse_body	3471553	3472711	1158	168	0	68	69
tlm_inverse_gcd_reverse_decode	3472711	3472875	164	19	0	3	8
tlm_inverse_gcd_reverse_apply	3472875	3472876	1	0	0	0	0
tlm_inverse_gcd_reverse_body	3472876	3474068	1192	173	0	70	71
tlm_inverse_gcd_reverse_decode	3474068	3474074	6	0	0	0	3
tlm_inverse_gcd_reverse_apply	3474074	3474075	1	0	0	0	0
tlm_inverse_gcd_reverse_body	3474075	3475301	1226	178	0	72	73
tlm_inverse_gcd_reverse_decode	3475301	3475307	6	0	0	0	3
tlm_inverse_gcd_reverse_apply	3475307	3475308	1	0	0	0	0
tlm_inverse_gcd_reverse_body	3475308	3476568	1260	183	0	74	75
tlm_inverse_gcd_reverse_decode	3476568	3476732	164	19	0	3	8
tlm_inverse_gcd_reverse_apply	3476732	3476733	1	0	0	0	0
tlm_inverse_gcd_reverse_body	3476733	3478027	1294	188	0	76	77
tlm_inverse_gcd_reverse_decode	3478027	3478033	6	0	0	0	3
tlm_inverse_gcd_reverse_apply	3478033	3478034	1	0	0	0	0
tlm_inverse_gcd_reverse_body	3478034	3479362	1328	193	0	78	79
tlm_inverse_gcd_reverse_decode	3479362	3479368	6	0	0	0	3
tlm_inverse_gcd_reverse_apply	3479368	3479369	1	0	0	0	0
tlm_inverse_gcd_reverse_body	3479369	3480731	1362	198	0	80	81
tlm_inverse_gcd_reverse_decode	3480731	3480895	164	19	0	3	8
tlm_inverse_gcd_reverse_apply	3480895	3480896	1	0	0	0	0
tlm_inverse_gcd_reverse_body	3480896	3482292	1396	203	0	82	83
tlm_inverse_gcd_reverse_decode	3482292	3482298	6	0	0	0	3
tlm_inverse_gcd_reverse_apply	3482298	3482299	1	0	0	0	0
tlm_inverse_gcd_reverse_body	3482299	3483729	1430	208	0	84	85
tlm_inverse_gcd_reverse_decode	3483729	3483735	6	0	0	0	3
tlm_inverse_gcd_reverse_apply	3483735	3483736	1	0	0	0	0
tlm_inverse_gcd_reverse_body	3483736	3485200	1464	213	0	86	87
tlm_inverse_gcd_reverse_decode	3485200	3485364	164	19	0	3	8
tlm_inverse_gcd_reverse_apply	3485364	3485365	1	0	0	0	0
tlm_inverse_gcd_reverse_body	3485365	3486863	1498	218	0	88	89
tlm_inverse_gcd_reverse_decode	3486863	3486869	6	0	0	0	3
tlm_inverse_gcd_reverse_apply	3486869	3486870	1	0	0	0	0
tlm_inverse_gcd_reverse_body	3486870	3488388	1518	222	0	89	90
tlm_inverse_gcd_reverse_decode	3488388	3488394	6	0	0	0	3
tlm_inverse_gcd_reverse_apply	3488394	3488395	1	0	0	0	0
tlm_inverse_gcd_reverse_body	3488395	3489947	1552	227	0	91	92
tlm_inverse_gcd_reverse_decode	3489947	3490111	164	19	0	3	8
tlm_inverse_gcd_reverse_apply	3490111	3490112	1	0	0	0	0
tlm_inverse_gcd_reverse_body	3490112	3491698	1586	232	0	93	94
tlm_inverse_gcd_reverse_decode	3491698	3491704	6	0	0	0	3
tlm_inverse_gcd_reverse_apply	3491704	3491705	1	0	0	0	0
tlm_inverse_gcd_reverse_body	3491705	3493325	1620	237	0	95	96
tlm_inverse_gcd_reverse_decode	3493325	3493331	6	0	0	0	3
tlm_inverse_gcd_reverse_apply	3493331	3493332	1	0	0	0	0
tlm_inverse_gcd_reverse_body	3493332	3494986	1654	242	0	97	98
tlm_inverse_gcd_reverse_decode	3494986	3495150	164	19	0	3	8
tlm_inverse_gcd_reverse_apply	3495150	3495151	1	0	0	0	0
tlm_inverse_gcd_reverse_body	3495151	3496839	1688	247	0	99	100
tlm_inverse_gcd_reverse_decode	3496839	3496845	6	0	0	0	3
tlm_inverse_gcd_reverse_apply	3496845	3496846	1	0	0	0	0
tlm_inverse_gcd_reverse_body	3496846	3498568	1722	252	0	101	102
tlm_inverse_gcd_reverse_decode	3498568	3498574	6	0	0	0	3
tlm_inverse_gcd_reverse_apply	3498574	3498575	1	0	0	0	0
tlm_inverse_gcd_reverse_body	3498575	3500331	1756	257	0	103	104
tlm_inverse_gcd_reverse_decode	3500331	3500495	164	19	0	3	8
tlm_inverse_gcd_reverse_apply	3500495	3500496	1	0	0	0	0
tlm_inverse_gcd_reverse_body	3500496	3502286	1790	262	0	105	106
tlm_inverse_gcd_reverse_decode	3502286	3502292	6	0	0	0	3
tlm_inverse_gcd_reverse_apply	3502292	3502293	1	0	0	0	0
tlm_inverse_gcd_reverse_body	3502293	3504103	1810	266	0	106	107
tlm_inverse_gcd_reverse_decode	3504103	3504109	6	0	0	0	3
tlm_inverse_gcd_reverse_apply	3504109	3504110	1	0	0	0	0
tlm_inverse_gcd_reverse_body	3504110	3505940	1830	270	0	107	108
tlm_inverse_gcd_reverse_decode	3505940	3506104	164	19	0	3	8
tlm_inverse_gcd_reverse_apply	3506104	3506105	1	0	0	0	0
tlm_inverse_gcd_reverse_body	3506105	3507955	1850	274	0	108	109
tlm_inverse_gcd_reverse_decode	3507955	3507961	6	0	0	0	3
tlm_inverse_gcd_reverse_apply	3507961	3507962	1	0	0	0	0
tlm_inverse_gcd_reverse_body	3507962	3509832	1870	278	0	109	110
tlm_inverse_gcd_reverse_decode	3509832	3509838	6	0	0	0	3
tlm_inverse_gcd_reverse_apply	3509838	3509839	1	0	0	0	0
tlm_inverse_gcd_reverse_body	3509839	3511729	1890	282	0	110	111
tlm_inverse_gcd_reverse_decode	3511729	3511893	164	19	0	3	8
tlm_inverse_gcd_reverse_apply	3511893	3511894	1	0	0	0	0
tlm_inverse_gcd_reverse_body	3511894	3513790	1896	285	0	110	111
tlm_inverse_gcd_reverse_decode	3513790	3513796	6	0	0	0	3
tlm_inverse_gcd_reverse_apply	3513796	3513797	1	0	0	0	0
tlm_inverse_gcd_reverse_body	3513797	3515727	1930	290	0	112	113
tlm_inverse_gcd_reverse_decode	3515727	3515733	6	0	0	0	3
tlm_inverse_gcd_reverse_apply	3515733	3515734	1	0	0	0	0
tlm_inverse_gcd_reverse_body	3515734	3517656	1922	292	0	111	112
tlm_inverse_gcd_reverse_decode	3517656	3517820	164	19	0	3	8
tlm_inverse_gcd_reverse_apply	3517820	3517821	1	0	0	0	0
tlm_inverse_gcd_reverse_body	3517821	3519777	1956	297	0	113	114
tlm_inverse_gcd_reverse_decode	3519777	3519783	6	0	0	0	3
tlm_inverse_gcd_reverse_apply	3519783	3519784	1	0	0	0	0
tlm_inverse_gcd_reverse_body	3519784	3521760	1976	301	0	114	115
tlm_inverse_gcd_reverse_decode	3521760	3521766	6	0	0	0	3
tlm_inverse_gcd_reverse_apply	3521766	3521767	1	0	0	0	0
tlm_inverse_gcd_reverse_body	3521767	3523735	1968	303	0	113	114
tlm_inverse_gcd_reverse_decode	3523735	3523899	164	19	0	3	8
tlm_inverse_gcd_reverse_apply	3523899	3523900	1	0	0	0	0
tlm_inverse_gcd_reverse_body	3523900	3525902	2002	308	0	115	116
tlm_inverse_gcd_reverse_decode	3525902	3525908	6	0	0	0	3
tlm_inverse_gcd_reverse_apply	3525908	3525909	1	0	0	0	0
tlm_inverse_gcd_reverse_body	3525909	3527903	1994	310	0	114	115
tlm_inverse_gcd_reverse_decode	3527903	3527909	6	0	0	0	3
tlm_inverse_gcd_reverse_apply	3527909	3527910	1	0	0	0	0
tlm_inverse_gcd_reverse_body	3527910	3529924	2014	314	0	115	116
tlm_inverse_gcd_reverse_decode	3529924	3530088	164	19	0	3	8
tlm_inverse_gcd_reverse_apply	3530088	3530089	1	0	0	0	0
tlm_inverse_gcd_reverse_body	3530089	3532123	2034	318	0	116	117
tlm_inverse_gcd_reverse_decode	3532123	3532129	6	0	0	0	3
tlm_inverse_gcd_reverse_apply	3532129	3532130	1	0	0	0	0
tlm_inverse_gcd_reverse_body	3532130	3534198	2068	323	0	118	119
tlm_inverse_gcd_reverse_decode	3534198	3534204	6	0	0	0	3
tlm_inverse_gcd_reverse_apply	3534204	3534205	1	0	0	0	0
tlm_inverse_gcd_reverse_body	3534205	3536279	2074	326	0	118	119
tlm_inverse_gcd_reverse_decode	3536279	3536443	164	19	0	3	8
tlm_inverse_gcd_reverse_apply	3536443	3536444	1	0	0	0	0
tlm_inverse_gcd_reverse_body	3536444	3538538	2094	330	0	119	120
tlm_inverse_gcd_reverse_decode	3538538	3538544	6	0	0	0	3
tlm_inverse_gcd_reverse_apply	3538544	3538545	1	0	0	0	0
tlm_inverse_gcd_reverse_body	3538545	3540659	2114	334	0	120	121
tlm_inverse_gcd_reverse_decode	3540659	3540665	6	0	0	0	3
tlm_inverse_gcd_reverse_apply	3540665	3540666	1	0	0	0	0
tlm_inverse_gcd_reverse_body	3540666	3542800	2134	338	0	121	122
tlm_inverse_gcd_reverse_decode	3542800	3542964	164	19	0	3	8
tlm_inverse_gcd_reverse_apply	3542964	3542965	1	0	0	0	0
tlm_inverse_gcd_reverse_body	3542965	3545119	2154	342	0	122	123
tlm_inverse_gcd_reverse_decode	3545119	3545125	6	0	0	0	3
tlm_inverse_gcd_reverse_apply	3545125	3545126	1	0	0	0	0
tlm_inverse_gcd_reverse_body	3545126	3547300	2174	346	0	123	124
tlm_inverse_gcd_reverse_decode	3547300	3547306	6	0	0	0	3
tlm_inverse_gcd_reverse_apply	3547306	3547307	1	0	0	0	0
tlm_inverse_gcd_reverse_body	3547307	3549515	2208	351	0	125	126
tlm_inverse_gcd_reverse_decode	3549515	3549679	164	19	0	3	8
tlm_inverse_gcd_reverse_apply	3549679	3549680	1	0	0	0	0
tlm_inverse_gcd_reverse_body	3549680	3551894	2214	354	0	125	126
tlm_inverse_gcd_reverse_decode	3551894	3551900	6	0	0	0	3
tlm_inverse_gcd_reverse_apply	3551900	3551901	1	0	0	0	0
tlm_inverse_gcd_reverse_body	3551901	3554121	2220	357	0	125	126
tlm_inverse_gcd_reverse_decode	3554121	3554127	6	0	0	0	3
tlm_inverse_gcd_reverse_apply	3554127	3554128	1	0	0	0	0
tlm_inverse_gcd_reverse_body	3554128	3556368	2240	361	0	126	127
tlm_inverse_gcd_reverse_decode	3556368	3556532	164	19	0	3	8
tlm_inverse_gcd_reverse_apply	3556532	3556533	1	0	0	0	0
tlm_inverse_gcd_reverse_body	3556533	3558793	2260	365	0	127	128
tlm_inverse_gcd_reverse_decode	3558793	3558799	6	0	0	0	3
tlm_inverse_gcd_reverse_apply	3558799	3558800	1	0	0	0	0
tlm_inverse_gcd_reverse_body	3558800	3561080	2280	369	0	128	129
tlm_inverse_gcd_reverse_decode	3561080	3561086	6	0	0	0	3
tlm_inverse_gcd_reverse_apply	3561086	3561087	1	0	0	0	0
tlm_inverse_gcd_reverse_body	3561087	3563387	2300	373	0	129	130
tlm_inverse_gcd_reverse_decode	3563387	3563551	164	19	0	3	8
tlm_inverse_gcd_reverse_apply	3563551	3563552	1	0	0	0	0
tlm_inverse_gcd_reverse_body	3563552	3565872	2320	377	0	130	131
tlm_inverse_gcd_reverse_decode	3565872	3565878	6	0	0	0	3
tlm_inverse_gcd_reverse_apply	3565878	3565879	1	0	0	0	0
tlm_inverse_gcd_reverse_body	3565879	3568219	2340	381	0	131	132
tlm_inverse_gcd_reverse_decode	3568219	3568225	6	0	0	0	3
tlm_inverse_gcd_reverse_apply	3568225	3568226	1	0	0	0	0
tlm_inverse_gcd_reverse_body	3568226	3570572	2346	384	0	131	132
tlm_inverse_gcd_reverse_decode	3570572	3570736	164	19	0	3	8
tlm_inverse_gcd_reverse_apply	3570736	3570737	1	0	0	0	0
tlm_inverse_gcd_reverse_body	3570737	3573103	2366	388	0	132	133
tlm_inverse_gcd_reverse_decode	3573103	3573109	6	0	0	0	3
tlm_inverse_gcd_reverse_apply	3573109	3573110	1	0	0	0	0
tlm_inverse_gcd_reverse_body	3573110	3575510	2400	393	0	134	135
tlm_inverse_gcd_reverse_decode	3575510	3575516	6	0	0	0	3
tlm_inverse_gcd_reverse_apply	3575516	3575517	1	0	0	0	0
tlm_inverse_gcd_reverse_body	3575517	3577923	2406	396	0	134	135
tlm_inverse_gcd_reverse_decode	3577923	3578087	164	19	0	3	8
tlm_inverse_gcd_reverse_apply	3578087	3578088	1	0	0	0	0
tlm_inverse_gcd_reverse_body	3578088	3580514	2426	400	0	135	136
tlm_inverse_gcd_reverse_decode	3580514	3580520	6	0	0	0	3
tlm_inverse_gcd_reverse_apply	3580520	3580521	1	0	0	0	0
tlm_inverse_gcd_reverse_body	3580521	3582981	2460	405	0	137	138
tlm_inverse_gcd_reverse_decode	3582981	3582987	6	0	0	0	3
tlm_inverse_gcd_reverse_apply	3582987	3582988	1	0	0	0	0
tlm_inverse_gcd_reverse_body	3582988	3585454	2466	408	0	137	138
tlm_inverse_gcd_reverse_decode	3585454	3585618	164	19	0	3	8
tlm_inverse_gcd_reverse_apply	3585618	3585619	1	0	0	0	0
tlm_inverse_gcd_reverse_body	3585619	3588105	2486	412	0	138	139
tlm_inverse_gcd_reverse_decode	3588105	3588111	6	0	0	0	3
tlm_inverse_gcd_reverse_apply	3588111	3588112	1	0	0	0	0
tlm_inverse_gcd_reverse_body	3588112	3590618	2506	416	0	139	140
tlm_inverse_gcd_reverse_decode	3590618	3590624	6	0	0	0	3
tlm_inverse_gcd_reverse_apply	3590624	3590625	1	0	0	0	0
tlm_inverse_gcd_reverse_body	3590625	3593137	2512	419	0	139	140
tlm_inverse_gcd_reverse_decode	3593137	3593301	164	19	0	3	8
tlm_inverse_gcd_reverse_apply	3593301	3593302	1	0	0	0	0
tlm_inverse_gcd_reverse_body	3593302	3595834	2532	423	0	140	141
tlm_inverse_gcd_reverse_decode	3595834	3595840	6	0	0	0	3
tlm_inverse_gcd_reverse_apply	3595840	3595841	1	0	0	0	0
tlm_inverse_gcd_reverse_body	3595841	3598407	2566	428	0	142	143
tlm_inverse_gcd_reverse_decode	3598407	3598413	6	0	0	0	3
tlm_inverse_gcd_reverse_apply	3598413	3598414	1	0	0	0	0
tlm_inverse_gcd_reverse_body	3598414	3600986	2572	431	0	142	143
tlm_inverse_gcd_reverse_decode	3600986	3601150	164	19	0	3	8
tlm_inverse_gcd_reverse_apply	3601150	3601151	1	0	0	0	0
tlm_inverse_gcd_reverse_body	3601151	3603743	2592	435	0	143	144
tlm_inverse_gcd_reverse_decode	3603743	3603749	6	0	0	0	3
tlm_inverse_gcd_reverse_apply	3603749	3603750	1	0	0	0	0
tlm_inverse_gcd_reverse_body	3603750	3606362	2612	439	0	144	145
tlm_inverse_gcd_reverse_decode	3606362	3606368	6	0	0	0	3
tlm_inverse_gcd_reverse_apply	3606368	3606369	1	0	0	0	0
tlm_inverse_gcd_reverse_body	3606369	3609001	2632	443	0	145	146
tlm_inverse_gcd_reverse_decode	3609001	3609165	164	19	0	3	8
tlm_inverse_gcd_reverse_apply	3609165	3609166	1	0	0	0	0
tlm_inverse_gcd_reverse_body	3609166	3611818	2652	447	0	146	147
tlm_inverse_gcd_reverse_decode	3611818	3611824	6	0	0	0	3
tlm_inverse_gcd_reverse_apply	3611824	3611825	1	0	0	0	0
tlm_inverse_gcd_reverse_body	3611825	3614511	2686	452	0	148	149
tlm_inverse_gcd_reverse_decode	3614511	3614517	6	0	0	0	3
tlm_inverse_gcd_reverse_apply	3614517	3614518	1	0	0	0	0
tlm_inverse_gcd_reverse_body	3614518	3617196	2678	454	0	147	148
tlm_inverse_gcd_reverse_decode	3617196	3617360	164	19	0	3	8
tlm_inverse_gcd_reverse_apply	3617360	3617361	1	0	0	0	0
tlm_inverse_gcd_reverse_body	3617361	3620073	2712	459	0	149	150
tlm_inverse_gcd_reverse_decode	3620073	3620079	6	0	0	0	3
tlm_inverse_gcd_reverse_apply	3620079	3620080	1	0	0	0	0
tlm_inverse_gcd_reverse_body	3620080	3622812	2732	463	0	150	151
tlm_inverse_gcd_reverse_decode	3622812	3622818	6	0	0	0	3
tlm_inverse_gcd_reverse_apply	3622818	3622819	1	0	0	0	0
tlm_inverse_gcd_reverse_body	3622819	3625557	2738	466	0	150	151
tlm_inverse_gcd_reverse_decode	3625557	3625721	164	19	0	3	8
tlm_inverse_gcd_reverse_apply	3625721	3625722	1	0	0	0	0
tlm_inverse_gcd_reverse_body	3625722	3628480	2758	470	0	151	152
tlm_inverse_gcd_reverse_decode	3628480	3628486	6	0	0	0	3
tlm_inverse_gcd_reverse_apply	3628486	3628487	1	0	0	0	0
tlm_inverse_gcd_reverse_body	3628487	3631265	2778	474	0	152	153
tlm_inverse_gcd_reverse_decode	3631265	3631271	6	0	0	0	3
tlm_inverse_gcd_reverse_apply	3631271	3631272	1	0	0	0	0
tlm_inverse_gcd_reverse_body	3631272	3634070	2798	478	0	153	154
tlm_inverse_gcd_reverse_decode	3634070	3634234	164	19	0	3	8
tlm_inverse_gcd_reverse_apply	3634234	3634235	1	0	0	0	0
tlm_inverse_gcd_reverse_body	3634235	3637053	2818	482	0	154	155
tlm_inverse_gcd_reverse_decode	3637053	3637059	6	0	0	0	3
tlm_inverse_gcd_reverse_apply	3637059	3637060	1	0	0	0	0
tlm_inverse_gcd_reverse_body	3637060	3639884	2824	485	0	154	155
tlm_inverse_gcd_reverse_decode	3639884	3639890	6	0	0	0	3
tlm_inverse_gcd_reverse_apply	3639890	3639891	1	0	0	0	0
tlm_inverse_gcd_reverse_body	3639891	3642749	2858	490	0	156	157
tlm_inverse_gcd_reverse_decode	3642749	3642913	164	19	0	3	8
tlm_inverse_gcd_reverse_apply	3642913	3642914	1	0	0	0	0
tlm_inverse_gcd_reverse_body	3642914	3645792	2878	494	0	157	158
tlm_inverse_gcd_reverse_decode	3645792	3645798	6	0	0	0	3
tlm_inverse_gcd_reverse_apply	3645798	3645799	1	0	0	0	0
tlm_inverse_gcd_reverse_body	3645799	3648683	2884	497	0	157	158
tlm_inverse_gcd_reverse_decode	3648683	3648689	6	0	0	0	3
tlm_inverse_gcd_reverse_apply	3648689	3648690	1	0	0	0	0
tlm_inverse_gcd_reverse_body	3648690	3651608	2918	502	0	159	160
tlm_inverse_gcd_reverse_decode	3651608	3651772	164	19	0	3	8
tlm_inverse_gcd_reverse_apply	3651772	3651773	1	0	0	0	0
tlm_inverse_gcd_reverse_body	3651773	3654697	2924	505	0	159	160
tlm_inverse_gcd_reverse_decode	3654697	3654703	6	0	0	0	3
tlm_inverse_gcd_reverse_apply	3654703	3654704	1	0	0	0	0
tlm_inverse_gcd_reverse_body	3654704	3657648	2944	509	0	160	161
tlm_inverse_gcd_reverse_decode	3657648	3657654	6	0	0	0	3
tlm_inverse_gcd_reverse_apply	3657654	3657655	1	0	0	0	0
tlm_inverse_gcd_reverse_body	3657655	3660653	2998	518	0	163	164
tlm_inverse_gcd_reverse_decode	3660653	3660817	164	19	0	3	8
tlm_inverse_gcd_reverse_apply	3660817	3660818	1	0	0	0	0
tlm_inverse_gcd_reverse_body	3660818	3663802	2984	517	0	162	163
tlm_inverse_gcd_reverse_decode	3663802	3663808	6	0	0	0	3
tlm_inverse_gcd_reverse_apply	3663808	3663809	1	0	0	0	0
tlm_inverse_gcd_reverse_body	3663809	3666847	3038	526	0	165	166
tlm_inverse_gcd_reverse_decode	3666847	3666853	6	0	0	0	3
tlm_inverse_gcd_reverse_apply	3666853	3666854	1	0	0	0	0
tlm_inverse_gcd_reverse_body	3666854	3669898	3044	529	0	165	166
tlm_inverse_gcd_reverse_decode	3669898	3670062	164	19	0	3	8
tlm_inverse_gcd_reverse_apply	3670062	3670063	1	0	0	0	0
tlm_inverse_gcd_reverse_body	3670063	3673141	3078	534	0	167	168
tlm_inverse_gcd_reverse_decode	3673141	3673147	6	0	0	0	3
tlm_inverse_gcd_reverse_apply	3673147	3673148	1	0	0	0	0
tlm_inverse_gcd_reverse_body	3673148	3676198	3050	532	0	165	166
tlm_inverse_gcd_reverse_decode	3676198	3676204	6	0	0	0	3
tlm_inverse_gcd_reverse_apply	3676204	3676205	1	0	0	0	0
tlm_inverse_gcd_reverse_body	3676205	3679289	3084	537	0	167	168
tlm_inverse_gcd_reverse_decode	3679289	3679453	164	19	0	3	8
tlm_inverse_gcd_reverse_apply	3679453	3679454	1	0	0	0	0
tlm_inverse_gcd_reverse_body	3679454	3682544	3090	540	0	167	168
tlm_inverse_gcd_reverse_decode	3682544	3682550	6	0	0	0	3
tlm_inverse_gcd_reverse_apply	3682550	3682551	1	0	0	0	0
tlm_inverse_gcd_reverse_body	3682551	3685661	3110	544	0	168	169
tlm_inverse_gcd_reverse_decode	3685661	3685667	6	0	0	0	3
tlm_inverse_gcd_reverse_apply	3685667	3685668	1	0	0	0	0
tlm_inverse_gcd_reverse_body	3685668	3688812	3144	549	0	170	171
tlm_inverse_gcd_reverse_decode	3688812	3688976	164	19	0	3	8
tlm_inverse_gcd_reverse_apply	3688976	3688977	1	0	0	0	0
tlm_inverse_gcd_reverse_body	3688977	3692141	3164	553	0	171	172
tlm_inverse_gcd_reverse_decode	3692141	3692147	6	0	0	0	3
tlm_inverse_gcd_reverse_apply	3692147	3692148	1	0	0	0	0
tlm_inverse_gcd_reverse_body	3692148	3695338	3190	560	0	172	173
tlm_inverse_gcd_reverse_decode	3695338	3695344	6	0	0	0	3
tlm_inverse_gcd_reverse_apply	3695344	3695345	1	0	0	0	0
tlm_inverse_gcd_reverse_body	3695345	3698569	3224	565	0	174	175
tlm_inverse_gcd_reverse_decode	3698569	3698733	164	19	0	3	8
tlm_inverse_gcd_reverse_apply	3698733	3698734	1	0	0	0	0
tlm_inverse_gcd_reverse_body	3698734	3701978	3244	569	0	175	176
tlm_inverse_gcd_reverse_decode	3701978	3701984	6	0	0	0	3
tlm_inverse_gcd_reverse_apply	3701984	3701985	1	0	0	0	0
tlm_inverse_gcd_reverse_body	3701985	3705249	3264	573	0	176	177
tlm_inverse_gcd_reverse_decode	3705249	3705255	6	0	0	0	3
tlm_inverse_gcd_reverse_apply	3705255	3705256	1	0	0	0	0
tlm_inverse_gcd_reverse_body	3705256	3708540	3284	577	0	177	178
tlm_inverse_gcd_reverse_decode	3708540	3708704	164	19	0	3	8
tlm_inverse_gcd_reverse_apply	3708704	3708705	1	0	0	0	0
tlm_inverse_gcd_reverse_body	3708705	3711995	3290	580	0	177	178
tlm_inverse_gcd_reverse_decode	3711995	3712001	6	0	0	0	3
tlm_inverse_gcd_reverse_apply	3712001	3712002	1	0	0	0	0
tlm_inverse_gcd_reverse_body	3712002	3715312	3310	584	0	178	179
tlm_inverse_gcd_reverse_decode	3715312	3715318	6	0	0	0	3
tlm_inverse_gcd_reverse_apply	3715318	3715319	1	0	0	0	0
tlm_inverse_gcd_reverse_body	3715319	3718649	3330	588	0	179	180
tlm_inverse_gcd_reverse_decode	3718649	3718813	164	19	0	3	8
tlm_inverse_gcd_reverse_apply	3718813	3718814	1	0	0	0	0
tlm_inverse_gcd_reverse_body	3718814	3722164	3350	592	0	180	181
tlm_inverse_gcd_reverse_decode	3722164	3722170	6	0	0	0	3
tlm_inverse_gcd_reverse_apply	3722170	3722171	1	0	0	0	0
tlm_inverse_gcd_reverse_body	3722171	3725521	3350	592	0	180	181
tlm_inverse_gcd_reverse_decode	3725521	3725527	6	0	0	0	3
tlm_inverse_gcd_reverse_apply	3725527	3725528	1	0	0	0	0
tlm_inverse_gcd_reverse_body	3725528	3728918	3390	600	0	182	183
tlm_inverse_gcd_reverse_decode	3728918	3729082	164	19	0	3	8
tlm_inverse_gcd_reverse_apply	3729082	3729083	1	0	0	0	0
tlm_inverse_gcd_reverse_body	3729083	3732493	3410	604	0	183	184
tlm_inverse_gcd_reverse_decode	3732493	3732499	6	0	0	0	3
tlm_inverse_gcd_reverse_apply	3732499	3732500	1	0	0	0	0
tlm_inverse_gcd_reverse_body	3732500	3735944	3444	609	0	185	186
tlm_inverse_gcd_reverse_decode	3735944	3735950	6	0	0	0	3
tlm_inverse_gcd_reverse_apply	3735950	3735951	1	0	0	0	0
tlm_inverse_gcd_reverse_body	3735951	3739381	3430	608	0	184	185
tlm_inverse_gcd_reverse_decode	3739381	3739545	164	19	0	3	8
tlm_inverse_gcd_reverse_apply	3739545	3739546	1	0	0	0	0
tlm_inverse_gcd_reverse_body	3739546	3742982	3436	611	0	184	185
tlm_inverse_gcd_reverse_decode	3742982	3742988	6	0	0	0	3
tlm_inverse_gcd_reverse_apply	3742988	3742989	1	0	0	0	0
tlm_inverse_gcd_reverse_body	3742989	3746459	3470	616	0	186	187
tlm_inverse_gcd_reverse_decode	3746459	3746465	6	0	0	0	3
tlm_inverse_gcd_reverse_apply	3746465	3746466	1	0	0	0	0
tlm_inverse_gcd_reverse_body	3746466	3749942	3476	619	0	186	187
tlm_inverse_gcd_reverse_decode	3749942	3750106	164	19	0	3	8
tlm_inverse_gcd_reverse_apply	3750106	3750107	1	0	0	0	0
tlm_inverse_gcd_reverse_body	3750107	3753603	3496	623	0	187	188
tlm_inverse_gcd_reverse_decode	3753603	3753609	6	0	0	0	3
tlm_inverse_gcd_reverse_apply	3753609	3753610	1	0	0	0	0
tlm_inverse_gcd_reverse_body	3753610	3757160	3550	632	0	190	191
tlm_inverse_gcd_reverse_decode	3757160	3757166	6	0	0	0	3
tlm_inverse_gcd_reverse_apply	3757166	3757167	1	0	0	0	0
tlm_inverse_gcd_reverse_body	3757167	3760737	3570	636	0	191	192
tlm_inverse_gcd_reverse_decode	3760737	3760901	164	19	0	3	8
tlm_inverse_gcd_reverse_apply	3760901	3760902	1	0	0	0	0
tlm_inverse_gcd_reverse_body	3760902	3764492	3590	640	0	192	193
tlm_inverse_gcd_reverse_decode	3764492	3764498	6	0	0	0	3
tlm_inverse_gcd_reverse_apply	3764498	3764499	1	0	0	0	0
tlm_inverse_gcd_reverse_body	3764499	3768109	3610	644	0	193	194
tlm_inverse_gcd_reverse_decode	3768109	3768115	6	0	0	0	3
tlm_inverse_gcd_reverse_apply	3768115	3768116	1	0	0	0	0
tlm_inverse_gcd_reverse_body	3768116	3771746	3630	648	0	194	195
tlm_inverse_gcd_reverse_decode	3771746	3771910	164	19	0	3	8
tlm_inverse_gcd_reverse_apply	3771910	3771911	1	0	0	0	0
tlm_inverse_gcd_reverse_body	3771911	3775547	3636	651	0	194	195
tlm_inverse_gcd_reverse_decode	3775547	3775553	6	0	0	0	3
tlm_inverse_gcd_reverse_apply	3775553	3775554	1	0	0	0	0
tlm_inverse_gcd_reverse_body	3775554	3779224	3670	656	0	196	197
tlm_inverse_gcd_reverse_decode	3779224	3779230	6	0	0	0	3
tlm_inverse_gcd_reverse_apply	3779230	3779231	1	0	0	0	0
tlm_inverse_gcd_reverse_body	3779231	3782873	3642	654	0	194	195
tlm_inverse_gcd_reverse_decode	3782873	3783037	164	19	0	3	8
tlm_inverse_gcd_reverse_apply	3783037	3783038	1	0	0	0	0
tlm_inverse_gcd_reverse_body	3783038	3786734	3696	663	0	197	198
tlm_inverse_gcd_reverse_decode	3786734	3786740	6	0	0	0	3
tlm_inverse_gcd_reverse_apply	3786740	3786741	1	0	0	0	0
tlm_inverse_gcd_reverse_body	3786741	3790457	3716	667	0	198	199
tlm_inverse_gcd_reverse_decode	3790457	3790463	6	0	0	0	3
tlm_inverse_gcd_reverse_apply	3790463	3790464	1	0	0	0	0
tlm_inverse_gcd_reverse_body	3790464	3794166	3702	666	0	197	198
tlm_inverse_gcd_reverse_decode	3794166	3794330	164	19	0	3	8
tlm_inverse_gcd_reverse_apply	3794330	3794331	1	0	0	0	0
tlm_inverse_gcd_reverse_body	3794331	3798087	3756	675	0	200	201
tlm_inverse_gcd_reverse_decode	3798087	3798093	6	0	0	0	3
tlm_inverse_gcd_reverse_apply	3798093	3798094	1	0	0	0	0
tlm_inverse_gcd_reverse_body	3798094	3801856	3762	678	0	200	201
tlm_inverse_gcd_reverse_decode	3801856	3801862	6	0	0	0	3
tlm_inverse_gcd_reverse_apply	3801862	3801863	1	0	0	0	0
tlm_inverse_gcd_reverse_body	3801863	3805659	3796	683	0	202	203
tlm_inverse_gcd_reverse_decode	3805659	3805823	164	19	0	3	8
tlm_inverse_gcd_reverse_apply	3805823	3805824	1	0	0	0	0
tlm_inverse_gcd_reverse_body	3805824	3809606	3782	682	0	201	202
tlm_inverse_gcd_reverse_decode	3809606	3809612	6	0	0	0	3
tlm_inverse_gcd_reverse_apply	3809612	3809613	1	0	0	0	0
tlm_inverse_gcd_reverse_body	3809613	3813435	3822	690	0	203	204
tlm_inverse_gcd_reverse_decode	3813435	3813441	6	0	0	0	3
tlm_inverse_gcd_reverse_apply	3813441	3813442	1	0	0	0	0
tlm_inverse_gcd_reverse_body	3813442	3817318	3876	699	0	206	207
tlm_inverse_gcd_reverse_decode	3817318	3817482	164	19	0	3	8
tlm_inverse_gcd_reverse_apply	3817482	3817483	1	0	0	0	0
tlm_inverse_gcd_reverse_body	3817483	3821379	3896	703	0	207	208
tlm_inverse_gcd_reverse_decode	3821379	3821385	6	0	0	0	3
tlm_inverse_gcd_reverse_apply	3821385	3821386	1	0	0	0	0
tlm_inverse_gcd_reverse_body	3821386	3825316	3930	708	0	209	210
tlm_inverse_gcd_reverse_decode	3825316	3825322	6	0	0	0	3
tlm_inverse_gcd_reverse_apply	3825322	3825323	1	0	0	0	0
tlm_inverse_gcd_reverse_body	3825323	3829245	3922	710	0	208	209
tlm_inverse_gcd_reverse_decode	3829245	3829409	164	19	0	3	8
tlm_inverse_gcd_reverse_apply	3829409	3829410	1	0	0	0	0
tlm_inverse_gcd_reverse_body	3829410	3833352	3942	714	0	209	210
tlm_inverse_gcd_reverse_decode	3833352	3833358	6	0	0	0	3
tlm_inverse_gcd_reverse_apply	3833358	3833359	1	0	0	0	0
tlm_inverse_gcd_reverse_body	3833359	3837355	3996	723	0	212	213
tlm_inverse_gcd_reverse_decode	3837355	3837361	6	0	0	0	3
tlm_inverse_gcd_reverse_apply	3837361	3837362	1	0	0	0	0
tlm_inverse_gcd_reverse_body	3837362	3841392	4030	728	0	214	215
tlm_inverse_gcd_reverse_decode	3841392	3841556	164	19	0	3	8
tlm_inverse_gcd_reverse_apply	3841556	3841557	1	0	0	0	0
tlm_inverse_gcd_reverse_body	3841557	3845559	4002	726	0	212	213
tlm_inverse_gcd_reverse_decode	3845559	3845565	6	0	0	0	3
tlm_inverse_gcd_reverse_apply	3845565	3845566	1	0	0	0	0
tlm_inverse_gcd_reverse_body	3845566	3849602	4036	731	0	214	215
tlm_inverse_gcd_reverse_decode	3849602	3849608	6	0	0	0	3
tlm_inverse_gcd_reverse_apply	3849608	3849609	1	0	0	0	0
tlm_inverse_gcd_reverse_body	3849609	3853651	4042	734	0	214	215
tlm_inverse_gcd_reverse_decode	3853651	3853815	164	19	0	3	8
tlm_inverse_gcd_reverse_apply	3853815	3853816	1	0	0	0	0
tlm_inverse_gcd_reverse_body	3853816	3857878	4062	738	0	215	216
tlm_inverse_gcd_reverse_decode	3857878	3857884	6	0	0	0	3
tlm_inverse_gcd_reverse_apply	3857884	3857885	1	0	0	0	0
tlm_inverse_gcd_reverse_body	3857885	3861967	4082	742	0	216	217
tlm_inverse_gcd_reverse_decode	3861967	3861973	6	0	0	0	3
tlm_inverse_gcd_reverse_apply	3861973	3861974	1	0	0	0	0
tlm_inverse_gcd_reverse_body	3861974	3866076	4102	746	0	217	218
tlm_inverse_gcd_reverse_decode	3866076	3866240	164	19	0	3	8
tlm_inverse_gcd_reverse_apply	3866240	3866241	1	0	0	0	0
tlm_inverse_gcd_reverse_body	3866241	3870363	4122	750	0	218	219
tlm_inverse_gcd_reverse_decode	3870363	3870369	6	0	0	0	3
tlm_inverse_gcd_reverse_apply	3870369	3870370	1	0	0	0	0
tlm_inverse_gcd_reverse_body	3870370	3874512	4142	754	0	219	220
tlm_inverse_gcd_reverse_decode	3874512	3874518	6	0	0	0	3
tlm_inverse_gcd_reverse_apply	3874518	3874519	1	0	0	0	0
tlm_inverse_gcd_reverse_body	3874519	3878667	4148	757	0	219	220
tlm_inverse_gcd_reverse_decode	3878667	3878831	164	19	0	3	8
tlm_inverse_gcd_reverse_apply	3878831	3878832	1	0	0	0	0
tlm_inverse_gcd_reverse_body	3878832	3883000	4168	761	0	220	221
tlm_inverse_gcd_reverse_decode	3883000	3883006	6	0	0	0	3
tlm_inverse_gcd_reverse_apply	3883006	3883007	1	0	0	0	0
tlm_inverse_gcd_reverse_body	3883007	3887223	4216	767	0	223	224
tlm_inverse_gcd_reverse_decode	3887223	3887229	6	0	0	0	3
tlm_inverse_gcd_reverse_apply	3887229	3887230	1	0	0	0	0
tlm_inverse_gcd_reverse_body	3887230	3891452	4222	770	0	223	224
tlm_inverse_gcd_reverse_decode	3891452	3891616	164	19	0	3	8
tlm_inverse_gcd_reverse_apply	3891616	3891617	1	0	0	0	0
tlm_inverse_gcd_reverse_body	3891617	3895859	4242	774	0	224	225
tlm_inverse_gcd_reverse_decode	3895859	3895865	6	0	0	0	3
tlm_inverse_gcd_reverse_apply	3895865	3895866	1	0	0	0	0
tlm_inverse_gcd_reverse_body	3895866	3900114	4248	777	0	224	225
tlm_inverse_gcd_reverse_decode	3900114	3900120	6	0	0	0	3
tlm_inverse_gcd_reverse_apply	3900120	3900121	1	0	0	0	0
tlm_inverse_gcd_reverse_body	3900121	3904389	4268	781	0	225	226
tlm_inverse_gcd_reverse_decode	3904389	3904553	164	19	0	3	8
tlm_inverse_gcd_reverse_apply	3904553	3904554	1	0	0	0	0
tlm_inverse_gcd_reverse_body	3904554	3908828	4274	784	0	225	226
tlm_inverse_gcd_reverse_decode	3908828	3908834	6	0	0	0	3
tlm_inverse_gcd_reverse_apply	3908834	3908835	1	0	0	0	0
tlm_inverse_gcd_reverse_body	3908835	3913143	4308	789	0	227	228
tlm_inverse_gcd_reverse_decode	3913143	3913149	6	0	0	0	3
tlm_inverse_gcd_reverse_apply	3913149	3913150	1	0	0	0	0
tlm_inverse_gcd_reverse_body	3913150	3917492	4342	794	0	229	230
tlm_inverse_gcd_reverse_decode	3917492	3917656	164	19	0	3	8
tlm_inverse_gcd_reverse_apply	3917656	3917657	1	0	0	0	0
tlm_inverse_gcd_reverse_body	3917657	3922005	4348	797	0	229	230
tlm_inverse_gcd_reverse_decode	3922005	3922011	6	0	0	0	3
tlm_inverse_gcd_reverse_apply	3922011	3922012	1	0	0	0	0
tlm_inverse_gcd_reverse_body	3922012	3926380	4368	801	0	230	231
tlm_inverse_gcd_reverse_decode	3926380	3926386	6	0	0	0	3
tlm_inverse_gcd_reverse_apply	3926386	3926387	1	0	0	0	0
tlm_inverse_gcd_reverse_body	3926387	3930761	4374	804	0	230	231
tlm_inverse_gcd_reverse_decode	3930761	3930925	164	19	0	3	8
tlm_inverse_gcd_reverse_apply	3930925	3930926	1	0	0	0	0
tlm_inverse_gcd_reverse_body	3930926	3935320	4394	808	0	231	232
tlm_inverse_gcd_reverse_decode	3935320	3935326	6	0	0	0	3
tlm_inverse_gcd_reverse_apply	3935326	3935327	1	0	0	0	0
tlm_inverse_gcd_reverse_body	3935327	3939741	4414	812	0	232	233
tlm_inverse_gcd_reverse_decode	3939741	3939747	6	0	0	0	3
tlm_inverse_gcd_reverse_apply	3939747	3939748	1	0	0	0	0
tlm_inverse_gcd_reverse_body	3939748	3944182	4434	816	0	233	234
tlm_inverse_gcd_reverse_decode	3944182	3944346	164	19	0	3	8
tlm_inverse_gcd_reverse_apply	3944346	3944347	1	0	0	0	0
tlm_inverse_gcd_reverse_body	3944347	3948801	4454	820	0	234	235
tlm_inverse_gcd_reverse_decode	3948801	3948807	6	0	0	0	3
tlm_inverse_gcd_reverse_apply	3948807	3948808	1	0	0	0	0
tlm_inverse_gcd_reverse_body	3948808	3953282	4474	824	0	235	236
tlm_inverse_gcd_reverse_decode	3953282	3953288	6	0	0	0	3
tlm_inverse_gcd_reverse_apply	3953288	3953289	1	0	0	0	0
tlm_inverse_gcd_reverse_body	3953289	3957769	4480	827	0	235	236
tlm_inverse_gcd_reverse_decode	3957769	3957933	164	19	0	3	8
tlm_inverse_gcd_reverse_apply	3957933	3957934	1	0	0	0	0
tlm_inverse_gcd_reverse_body	3957934	3962434	4500	831	0	236	237
tlm_inverse_gcd_reverse_decode	3962434	3962440	6	0	0	0	3
tlm_inverse_gcd_reverse_apply	3962440	3962441	1	0	0	0	0
tlm_inverse_gcd_reverse_body	3962441	3966961	4520	835	0	237	238
tlm_inverse_gcd_reverse_decode	3966961	3966967	6	0	0	0	3
tlm_inverse_gcd_reverse_apply	3966967	3966968	1	0	0	0	0
tlm_inverse_gcd_reverse_body	3966968	3971508	4540	839	0	238	239
tlm_inverse_gcd_reverse_decode	3971508	3971672	164	19	0	3	8
tlm_inverse_gcd_reverse_apply	3971672	3971673	1	0	0	0	0
tlm_inverse_gcd_reverse_body	3971673	3976233	4560	843	0	239	240
tlm_inverse_gcd_reverse_decode	3976233	3976239	6	0	0	0	3
tlm_inverse_gcd_reverse_apply	3976239	3976240	1	0	0	0	0
tlm_inverse_gcd_reverse_body	3976240	3980820	4580	847	0	240	241
tlm_inverse_gcd_reverse_decode	3980820	3980826	6	0	0	0	3
tlm_inverse_gcd_reverse_apply	3980826	3980827	1	0	0	0	0
tlm_inverse_gcd_reverse_body	3980827	3985427	4600	851	0	241	242
tlm_inverse_gcd_reverse_decode	3985427	3985591	164	19	0	3	8
tlm_inverse_gcd_reverse_apply	3985591	3985592	1	0	0	0	0
tlm_inverse_gcd_reverse_body	3985592	3990212	4620	855	0	242	243
tlm_inverse_gcd_reverse_decode	3990212	3990218	6	0	0	0	3
tlm_inverse_gcd_reverse_apply	3990218	3990219	1	0	0	0	0
tlm_inverse_gcd_reverse_body	3990219	3994859	4640	859	0	243	244
tlm_inverse_gcd_reverse_decode	3994859	3994865	6	0	0	0	3
tlm_inverse_gcd_reverse_apply	3994865	3994866	1	0	0	0	0
tlm_inverse_gcd_reverse_body	3994866	3999526	4660	863	0	244	245
tlm_inverse_gcd_reverse_decode	3999526	3999690	164	19	0	3	8
tlm_inverse_gcd_reverse_apply	3999690	3999691	1	0	0	0	0
tlm_inverse_gcd_reverse_body	3999691	4004371	4680	867	0	245	246
tlm_inverse_gcd_reverse_decode	4004371	4004377	6	0	0	0	3
tlm_inverse_gcd_reverse_apply	4004377	4004378	1	0	0	0	0
tlm_inverse_gcd_reverse_body	4004378	4009078	4700	871	0	246	247
tlm_inverse_gcd_reverse_decode	4009078	4009084	6	0	0	0	3
tlm_inverse_gcd_reverse_apply	4009084	4009085	1	0	0	0	0
tlm_inverse_gcd_reverse_body	4009085	4013791	4706	874	0	246	247
tlm_inverse_gcd_reverse_decode	4013791	4013955	164	19	0	3	8
tlm_inverse_gcd_reverse_apply	4013955	4013956	1	0	0	0	0
tlm_inverse_gcd_reverse_body	4013956	4018682	4726	878	0	247	248
tlm_inverse_gcd_reverse_decode	4018682	4018688	6	0	0	0	3
tlm_inverse_gcd_reverse_apply	4018688	4018689	1	0	0	0	0
tlm_inverse_gcd_reverse_body	4018689	4023435	4746	882	0	248	249
tlm_inverse_gcd_reverse_decode	4023435	4023441	6	0	0	0	3
tlm_inverse_gcd_reverse_apply	4023441	4023442	1	0	0	0	0
tlm_inverse_gcd_reverse_body	4023442	4028208	4766	886	0	249	250
tlm_inverse_gcd_reverse_decode	4028208	4028372	164	19	0	3	8
tlm_inverse_gcd_reverse_apply	4028372	4028373	1	0	0	0	0
tlm_inverse_gcd_reverse_body	4028373	4033159	4786	890	0	250	251
tlm_inverse_gcd_reverse_decode	4033159	4033165	6	0	0	0	3
tlm_inverse_gcd_reverse_apply	4033165	4033166	1	0	0	0	0
tlm_inverse_gcd_reverse_body	4033166	4037972	4806	894	0	251	252
tlm_inverse_gcd_reverse_decode	4037972	4037978	6	0	0	0	3
tlm_inverse_gcd_reverse_apply	4037978	4037979	1	0	0	0	0
tlm_inverse_gcd_reverse_body	4037979	4042791	4812	897	0	251	252
tlm_inverse_gcd_reverse_decode	4042791	4042955	164	19	0	3	8
tlm_inverse_gcd_reverse_apply	4042955	4042956	1	0	0	0	0
tlm_inverse_gcd_reverse_body	4042956	4047802	4846	902	0	253	254
tlm_inverse_gcd_reverse_decode	4047802	4047808	6	0	0	0	3
tlm_inverse_gcd_reverse_apply	4047808	4047809	1	0	0	0	0
tlm_inverse_gcd_reverse_body	4047809	4052661	4852	905	0	253	254
tlm_inverse_gcd_reverse_decode	4052661	4052667	6	0	0	0	3
tlm_inverse_gcd_reverse_apply	4052667	4052668	1	0	0	0	0
tlm_inverse_gcd_reverse_body	4052668	4057554	4886	910	0	255	256
tlm_inverse_gcd_reverse_decode	4057554	4057718	164	19	0	3	8
tlm_inverse_gcd_reverse_apply	4057718	4057719	1	0	0	0	0
tlm_inverse_gcd_reverse_body	4057719	4062611	4892	913	0	255	256
tlm_inverse_gcd_reverse_decode	4062611	4062617	6	0	0	0	3
tlm_inverse_gcd_reverse_apply	4062617	4062618	1	0	0	0	0
tlm_inverse_gcd_reverse_body	4062618	4067530	4912	917	0	256	257
tlm_inverse_gcd_reverse_decode	4067530	4067536	6	0	0	0	3
tlm_inverse_gcd_reverse_apply	4067536	4067537	1	0	0	0	0
tlm_inverse_gcd_reverse_body	4067537	4072469	4932	921	0	257	258
tlm_inverse_gcd_reverse_decode	4072469	4072633	164	19	0	3	8
tlm_inverse_gcd_reverse_apply	4072633	4072634	1	0	0	0	0
tlm_inverse_gcd_reverse_body	4072634	4077586	4952	925	0	258	259
tlm_inverse_gcd_reverse_decode	4077586	4077592	6	0	0	0	3
tlm_inverse_gcd_reverse_apply	4077592	4077593	1	0	0	0	0
tlm_inverse_gcd_reverse_body	4077593	4082551	4958	928	0	258	259
tlm_inverse_gcd_reverse_decode	4082551	4082557	6	0	0	0	3
tlm_inverse_gcd_reverse_apply	4082557	4082558	1	0	0	0	0
tlm_inverse_gcd_reverse_body	4082558	4087550	4992	933	0	260	261
tlm_inverse_gcd_reverse_decode	4087550	4087714	164	19	0	3	8
tlm_inverse_gcd_reverse_apply	4087714	4087715	1	0	0	0	0
tlm_inverse_gcd_reverse_body	4087715	4092727	5012	937	0	261	262
tlm_inverse_gcd_reverse_decode	4092727	4092733	6	0	0	0	3
tlm_inverse_gcd_reverse_apply	4092733	4092734	1	0	0	0	0
tlm_inverse_gcd_reverse_body	4092734	4097766	5032	941	0	262	263
tlm_inverse_gcd_reverse_decode	4097766	4097772	6	0	0	0	3
tlm_inverse_gcd_reverse_apply	4097772	4097773	1	0	0	0	0
tlm_inverse_gcd_reverse_body	4097773	4102811	5038	944	0	262	263
tlm_inverse_gcd_reverse_decode	4102811	4102975	164	19	0	3	8
tlm_inverse_gcd_reverse_apply	4102975	4102976	1	0	0	0	0
tlm_inverse_gcd_reverse_body	4102976	4108048	5072	949	0	264	265
tlm_inverse_gcd_reverse_decode	4108048	4108054	6	0	0	0	3
tlm_inverse_gcd_reverse_apply	4108054	4108055	1	0	0	0	0
tlm_inverse_gcd_reverse_body	4108055	4113133	5078	952	0	264	265
tlm_inverse_gcd_reverse_decode	4113133	4113139	6	0	0	0	3
tlm_inverse_gcd_reverse_apply	4113139	4113140	1	0	0	0	0
tlm_inverse_gcd_reverse_body	4113140	4118238	5098	956	0	265	266
tlm_inverse_gcd_reverse_decode	4118238	4118402	164	19	0	3	8
tlm_inverse_gcd_reverse_apply	4118402	4118403	1	0	0	0	0
tlm_inverse_gcd_reverse_body	4118403	4123521	5118	960	0	266	267
tlm_inverse_gcd_reverse_decode	4123521	4123527	6	0	0	0	3
tlm_inverse_gcd_reverse_apply	4123527	4123528	1	0	0	0	0
tlm_inverse_gcd_reverse_body	4123528	4128666	5138	964	0	267	268
tlm_inverse_gcd_reverse_decode	4128666	4128672	6	0	0	0	3
tlm_inverse_gcd_reverse_apply	4128672	4128673	1	0	0	0	0
tlm_inverse_gcd_reverse_body	4128673	4133817	5144	967	0	267	268
tlm_inverse_gcd_reverse_decode	4133817	4133981	164	19	0	3	8
tlm_inverse_gcd_reverse_apply	4133981	4133982	1	0	0	0	0
tlm_inverse_gcd_reverse_body	4133982	4139174	5192	973	0	270	271
tlm_inverse_gcd_reverse_decode	4139174	4139180	6	0	0	0	3
tlm_inverse_gcd_reverse_apply	4139180	4139181	1	0	0	0	0
tlm_inverse_gcd_reverse_body	4139181	4144365	5184	975	0	269	270
tlm_inverse_gcd_reverse_decode	4144365	4144371	6	0	0	0	3
tlm_inverse_gcd_reverse_apply	4144371	4144372	1	0	0	0	0
tlm_inverse_gcd_reverse_body	4144372	4149576	5204	979	0	270	271
tlm_inverse_gcd_reverse_decode	4149576	4149740	164	19	0	3	8
tlm_inverse_gcd_reverse_apply	4149740	4149741	1	0	0	0	0
tlm_inverse_gcd_reverse_body	4149741	4154979	5238	984	0	272	273
tlm_inverse_gcd_reverse_decode	4154979	4154985	6	0	0	0	3
tlm_inverse_gcd_reverse_apply	4154985	4154986	1	0	0	0	0
tlm_inverse_gcd_reverse_body	4154986	4160230	5244	987	0	272	273
tlm_inverse_gcd_reverse_decode	4160230	4160236	6	0	0	0	3
tlm_inverse_gcd_reverse_apply	4160236	4160237	1	0	0	0	0
tlm_inverse_gcd_reverse_body	4160237	4165501	5264	991	0	273	274
tlm_inverse_gcd_reverse_decode	4165501	4165665	164	19	0	3	8
tlm_inverse_gcd_reverse_apply	4165665	4165666	1	0	0	0	0
tlm_inverse_gcd_reverse_body	4165666	4170964	5298	996	0	275	276
tlm_inverse_gcd_reverse_decode	4170964	4170970	6	0	0	0	3
tlm_inverse_gcd_reverse_apply	4170970	4170971	1	0	0	0	0
tlm_inverse_gcd_reverse_body	4170971	4176289	5318	1000	0	276	277
tlm_inverse_gcd_reverse_decode	4176289	4176295	6	0	0	0	3
tlm_inverse_gcd_reverse_apply	4176295	4176296	1	0	0	0	0
tlm_inverse_gcd_reverse_body	4176296	4181606	5310	1002	0	275	276
tlm_inverse_gcd_reverse_decode	4181606	4181770	164	19	0	3	8
tlm_inverse_gcd_reverse_apply	4181770	4181771	1	0	0	0	0
tlm_inverse_gcd_reverse_body	4181771	4187115	5344	1007	0	277	278
tlm_inverse_gcd_reverse_decode	4187115	4187121	6	0	0	0	3
tlm_inverse_gcd_reverse_apply	4187121	4187122	1	0	0	0	0
tlm_inverse_gcd_reverse_body	4187122	4192486	5364	1011	0	278	279
tlm_inverse_gcd_reverse_decode	4192486	4192492	6	0	0	0	3
tlm_inverse_gcd_reverse_apply	4192492	4192493	1	0	0	0	0
tlm_inverse_gcd_reverse_body	4192493	4197877	5384	1015	0	279	280
tlm_inverse_gcd_reverse_decode	4197877	4198041	164	19	0	3	8
tlm_inverse_gcd_reverse_apply	4198041	4198042	1	0	0	0	0
tlm_inverse_gcd_reverse_body	4198042	4203432	5390	1018	0	279	280
tlm_inverse_gcd_reverse_decode	4203432	4203438	6	0	0	0	3
tlm_inverse_gcd_reverse_apply	4203438	4203439	1	0	0	0	0
tlm_inverse_gcd_reverse_body	4203439	4208863	5424	1023	0	281	282
tlm_inverse_gcd_reverse_decode	4208863	4208869	6	0	0	0	3
tlm_inverse_gcd_reverse_apply	4208869	4208870	1	0	0	0	0
tlm_inverse_gcd_reverse_body	4208870	4214314	5444	1027	0	282	283
tlm_inverse_gcd_reverse_decode	4214314	4214478	164	19	0	3	8
tlm_inverse_gcd_reverse_apply	4214478	4214479	1	0	0	0	0
tlm_inverse_gcd_reverse_body	4214479	4219929	5450	1030	0	282	283
tlm_inverse_gcd_reverse_decode	4219929	4219935	6	0	0	0	3
tlm_inverse_gcd_reverse_apply	4219935	4219936	1	0	0	0	0
tlm_inverse_gcd_reverse_body	4219936	4225406	5470	1034	0	283	284
tlm_inverse_gcd_reverse_decode	4225406	4225412	6	0	0	0	3
tlm_inverse_gcd_reverse_apply	4225412	4225413	1	0	0	0	0
tlm_inverse_gcd_reverse_body	4225413	4230903	5490	1038	0	284	285
tlm_inverse_gcd_reverse_decode	4230903	4231067	164	19	0	3	8
tlm_inverse_gcd_reverse_apply	4231067	4231068	1	0	0	0	0
tlm_inverse_gcd_reverse_body	4231068	4236578	5510	1042	0	285	286
tlm_inverse_gcd_reverse_decode	4236578	4236584	6	0	0	0	3
tlm_inverse_gcd_reverse_apply	4236584	4236585	1	0	0	0	0
tlm_inverse_gcd_reverse_body	4236585	4242115	5530	1046	0	286	287
tlm_inverse_gcd_reverse_decode	4242115	4242121	6	0	0	0	3
tlm_inverse_gcd_reverse_apply	4242121	4242122	1	0	0	0	0
tlm_inverse_gcd_reverse_body	4242122	4247672	5550	1050	0	287	288
tlm_inverse_gcd_reverse_decode	4247672	4247836	164	19	0	3	8
tlm_inverse_gcd_reverse_apply	4247836	4247837	1	0	0	0	0
tlm_inverse_gcd_reverse_body	4247837	4253359	5522	1048	0	285	286
tlm_inverse_gcd_reverse_decode	4253359	4253365	6	0	0	0	3
tlm_inverse_gcd_reverse_apply	4253365	4253366	1	0	0	0	0
tlm_inverse_gcd_reverse_body	4253366	4258888	5522	1048	0	285	286
tlm_inverse_gcd_reverse_decode	4258888	4258894	6	0	0	0	3
tlm_inverse_gcd_reverse_apply	4258894	4258895	1	0	0	0	0
tlm_inverse_gcd_reverse_body	4258895	4264389	5494	1046	0	283	284
tlm_inverse_gcd_reverse_decode	4264389	4264553	164	19	0	3	8
tlm_inverse_gcd_reverse_apply	4264553	4264554	1	0	0	0	0
tlm_inverse_gcd_reverse_body	4264554	4270034	5480	1045	0	282	283
tlm_inverse_gcd_reverse_decode	4270034	4270040	6	0	0	0	3
tlm_inverse_gcd_reverse_apply	4270040	4270041	1	0	0	0	0
tlm_inverse_gcd_reverse_body	4270041	4275521	5480	1045	0	282	283
tlm_inverse_gcd_reverse_decode	4275521	4275527	6	0	0	0	3
tlm_inverse_gcd_reverse_apply	4275527	4275528	1	0	0	0	0
tlm_inverse_gcd_reverse_body	4275528	4280980	5452	1043	0	280	281
tlm_inverse_gcd_reverse_decode	4280980	4281144	164	19	0	3	8
tlm_inverse_gcd_reverse_apply	4281144	4281145	1	0	0	0	0
tlm_inverse_gcd_reverse_body	4281145	4286583	5438	1042	0	279	280
tlm_inverse_gcd_reverse_decode	4286583	4286589	6	0	0	0	3
tlm_inverse_gcd_reverse_apply	4286589	4286590	1	0	0	0	0
tlm_inverse_gcd_reverse_body	4286590	4292014	5424	1041	0	278	279
tlm_inverse_gcd_reverse_decode	4292014	4292020	6	0	0	0	3
tlm_inverse_gcd_reverse_apply	4292020	4292021	1	0	0	0	0
tlm_inverse_gcd_reverse_body	4292021	4297446	5425	1041	0	278	280
tlm_inverse_gcd_reverse_decode_initial	4297446	4297456	10	1	0	0	3
tlm_inverse_gcd_reverse_apply_initial	4297456	4297457	1	0	0	0	0
tlm_inverse_gcd_reverse_body_initial	4297457	4303063	5606	1273	0	254	256
tlm_gcd_step_end_initial	4303063	4303571	508	0	0	0	258
tlm_coord_add3x	4303571	4345038	41467	330	2	331	590
square_sum_hi_lo	4345038	4346064	1026	256	0	0	1
square_c_sum_build	4346064	4441899	95835	9283	0	8513	518
square_c_sum_apply_shifted_128_sub_initial	4441899	4465901	24002	2624	12	1238	1962
square_c_sum_unbuild	4465901	4561993	96092	9283	0	8513	776
square_a_lo_build	4561993	4656381	94388	9147	0	8383	514
square_a_lo_apply_unshifted_sub_initial	4656381	4661167	4786	335	2	326	329
square_a_lo_apply_shifted_128_add_initial	4661167	4682647	21480	2622	12	1240	1974
square_a_lo_unbuild	4682647	4777290	94643	9147	0	8383	770
square_b_hi_build	4777290	4871678	94388	9147	0	8383	514
square_b_hi_apply_shifted_128_add_initial	4871678	4893158	21480	2622	12	1240	1974
square_b_hi_apply_f_times_sub_initial	4893158	4949410	56252	4464	114	4457	4472
square_b_hi_unbuild	4949410	5044053	94643	9147	0	8383	770
square_sum_hi_lo_unbuild	5044053	5045473	1420	258	0	0	131
tlm_forward_multiply	5045473	5045723	250	0	0	0	0
tlm_multiply_gcd_forward_shift_initial	5045723	5047255	1532	509	0	0	0
tlm_multiply_gcd_forward_compare_initial	5047255	5048021	766	255	0	0	0
tlm_multiply_gcd_forward_body_initial	5048021	5051842	3821	509	0	254	255
tlm_multiply_gcd_forward_apply_initial	5051842	5051843	1	0	0	0	0
tlm_multiply_gcd_forward_codec_initial	5051843	5051852	9	1	0	0	2
tlm_multiply_gcd_forward_shift	5051852	5052872	1020	254	0	0	0
tlm_multiply_gcd_forward_compare	5052872	5053966	1094	279	0	23	24
tlm_multiply_gcd_forward_body	5053966	5057787	3821	509	0	254	255
tlm_multiply_gcd_forward_apply	5057787	5057788	1	0	0	0	0
tlm_multiply_gcd_forward_codec	5057788	5057791	3	0	0	0	0
tlm_multiply_gcd_forward_shift	5057791	5058811	1020	254	0	0	0
tlm_multiply_gcd_forward_compare	5058811	5059905	1094	279	0	23	24
tlm_multiply_gcd_forward_body	5059905	5063726	3821	509	0	254	255
tlm_multiply_gcd_forward_apply	5063726	5063727	1	0	0	0	0
tlm_multiply_gcd_forward_codec	5063727	5063730	3	0	0	0	0
tlm_multiply_gcd_forward_shift	5063730	5064750	1020	254	0	0	0
tlm_multiply_gcd_forward_compare	5064750	5065858	1108	280	0	24	25
tlm_multiply_gcd_forward_body	5065858	5069679	3821	509	0	254	255
tlm_multiply_gcd_forward_apply	5069679	5069680	1	0	0	0	0
tlm_multiply_gcd_forward_codec	5069680	5069846	166	18	0	4	7
tlm_multiply_gcd_forward_shift	5069846	5070866	1020	254	0	0	0
tlm_multiply_gcd_forward_compare	5070866	5071988	1122	281	0	25	26
tlm_multiply_gcd_forward_body	5071988	5075809	3821	509	0	254	255
tlm_multiply_gcd_forward_apply	5075809	5075810	1	0	0	0	0
tlm_multiply_gcd_forward_codec	5075810	5075813	3	0	0	0	0
tlm_multiply_gcd_forward_shift	5075813	5076833	1020	254	0	0	0
tlm_multiply_gcd_forward_compare	5076833	5077983	1150	283	0	27	28
tlm_multiply_gcd_forward_body	5077983	5081804	3821	509	0	254	255
tlm_multiply_gcd_forward_apply	5081804	5081805	1	0	0	0	0
tlm_multiply_gcd_forward_codec	5081805	5081808	3	0	0	0	0
tlm_multiply_gcd_forward_shift	5081808	5082828	1020	254	0	0	0
tlm_multiply_gcd_forward_compare	5082828	5083978	1150	283	0	27	28
tlm_multiply_gcd_forward_body	5083978	5087799	3821	509	0	254	255
tlm_multiply_gcd_forward_apply	5087799	5087800	1	0	0	0	0
tlm_multiply_gcd_forward_codec	5087800	5087966	166	18	0	4	7
tlm_multiply_gcd_forward_shift	5087966	5088986	1020	254	0	0	0
tlm_multiply_gcd_forward_compare	5088986	5090150	1164	284	0	28	29
tlm_multiply_gcd_forward_body	5090150	5093971	3821	509	0	254	255
tlm_multiply_gcd_forward_apply	5093971	5093972	1	0	0	0	0
tlm_multiply_gcd_forward_codec	5093972	5093975	3	0	0	0	0
tlm_multiply_gcd_forward_shift	5093975	5094995	1020	254	0	0	0
tlm_multiply_gcd_forward_compare	5094995	5096187	1192	286	0	30	31
tlm_multiply_gcd_forward_body	5096187	5100008	3821	509	0	254	255
tlm_multiply_gcd_forward_apply	5100008	5100009	1	0	0	0	0
tlm_multiply_gcd_forward_codec	5100009	5100012	3	0	0	0	0
tlm_multiply_gcd_forward_shift	5100012	5101032	1020	254	0	0	0
tlm_multiply_gcd_forward_compare	5101032	5102224	1192	286	0	30	31
tlm_multiply_gcd_forward_body	5102224	5106045	3821	509	0	254	255
tlm_multiply_gcd_forward_apply	5106045	5106046	1	0	0	0	0
tlm_multiply_gcd_forward_codec	5106046	5106212	166	18	0	4	7
tlm_multiply_gcd_forward_shift	5106212	5107232	1020	254	0	0	0
tlm_multiply_gcd_forward_compare	5107232	5108452	1220	288	0	32	33
tlm_multiply_gcd_forward_body	5108452	5112273	3821	509	0	254	255
tlm_multiply_gcd_forward_apply	5112273	5112274	1	0	0	0	0
tlm_multiply_gcd_forward_codec	5112274	5112277	3	0	0	0	0
tlm_multiply_gcd_forward_shift	5112277	5113295	1018	253	0	0	2
tlm_multiply_gcd_forward_compare	5113295	5114512	1217	287	0	32	33
tlm_multiply_gcd_forward_body	5114512	5118318	3806	507	0	253	254
tlm_multiply_gcd_forward_apply	5118318	5118319	1	0	0	0	0
tlm_multiply_gcd_forward_codec	5118319	5118322	3	0	0	0	0
tlm_multiply_gcd_forward_shift	5118322	5119336	1014	252	0	0	2
tlm_multiply_gcd_forward_compare	5119336	5120550	1214	286	0	32	33
tlm_multiply_gcd_forward_body	5120550	5124341	3791	505	0	252	253
tlm_multiply_gcd_forward_apply	5124341	5124342	1	0	0	0	0
tlm_multiply_gcd_forward_codec	5124342	5124508	166	18	0	4	7
tlm_multiply_gcd_forward_shift	5124508	5125518	1010	251	0	0	2
tlm_multiply_gcd_forward_compare	5125518	5126729	1211	285	0	32	33
tlm_multiply_gcd_forward_body	5126729	5130505	3776	503	0	251	252
tlm_multiply_gcd_forward_apply	5130505	5130506	1	0	0	0	0
tlm_multiply_gcd_forward_codec	5130506	5130509	3	0	0	0	0
tlm_multiply_gcd_forward_shift	5130509	5131515	1006	250	0	0	2
tlm_multiply_gcd_forward_compare	5131515	5132723	1208	284	0	32	33
tlm_multiply_gcd_forward_body	5132723	5136484	3761	501	0	250	251
tlm_multiply_gcd_forward_apply	5136484	5136485	1	0	0	0	0
tlm_multiply_gcd_forward_codec	5136485	5136488	3	0	0	0	0
tlm_multiply_gcd_forward_shift	5136488	5137490	1002	249	0	0	2
tlm_multiply_gcd_forward_compare	5137490	5138695	1205	283	0	32	33
tlm_multiply_gcd_forward_body	5138695	5142441	3746	499	0	249	250
tlm_multiply_gcd_forward_apply	5142441	5142442	1	0	0	0	0
tlm_multiply_gcd_forward_codec	5142442	5142608	166	18	0	4	7
tlm_multiply_gcd_forward_shift	5142608	5143606	998	248	0	0	2
tlm_multiply_gcd_forward_compare	5143606	5144822	1216	283	0	33	34
tlm_multiply_gcd_forward_body	5144822	5148553	3731	497	0	248	249
tlm_multiply_gcd_forward_apply	5148553	5148554	1	0	0	0	0
tlm_multiply_gcd_forward_codec	5148554	5148557	3	0	0	0	0
tlm_multiply_gcd_forward_shift	5148557	5149551	994	247	0	0	2
tlm_multiply_gcd_forward_compare	5149551	5150764	1213	282	0	33	34
tlm_multiply_gcd_forward_body	5150764	5154480	3716	495	0	247	248
tlm_multiply_gcd_forward_apply	5154480	5154481	1	0	0	0	0
tlm_multiply_gcd_forward_codec	5154481	5154484	3	0	0	0	0
tlm_multiply_gcd_forward_shift	5154484	5155474	990	246	0	0	2
tlm_multiply_gcd_forward_compare	5155474	5156670	1196	280	0	32	33
tlm_multiply_gcd_forward_body	5156670	5160371	3701	493	0	246	247
tlm_multiply_gcd_forward_apply	5160371	5160372	1	0	0	0	0
tlm_multiply_gcd_forward_codec	5160372	5160538	166	18	0	4	7
tlm_multiply_gcd_forward_shift	5160538	5161524	986	245	0	0	2
tlm_multiply_gcd_forward_compare	5161524	5162731	1207	280	0	33	34
tlm_multiply_gcd_forward_body	5162731	5166417	3686	491	0	245	246
tlm_multiply_gcd_forward_apply	5166417	5166418	1	0	0	0	0
tlm_multiply_gcd_forward_codec	5166418	5166421	3	0	0	0	0
tlm_multiply_gcd_forward_shift	5166421	5167403	982	244	0	0	2
tlm_multiply_gcd_forward_compare	5167403	5168607	1204	279	0	33	34
tlm_multiply_gcd_forward_body	5168607	5172278	3671	489	0	244	245
tlm_multiply_gcd_forward_apply	5172278	5172279	1	0	0	0	0
tlm_multiply_gcd_forward_codec	5172279	5172282	3	0	0	0	0
tlm_multiply_gcd_forward_shift	5172282	5173260	978	243	0	0	2
tlm_multiply_gcd_forward_compare	5173260	5174461	1201	278	0	33	34
tlm_multiply_gcd_forward_body	5174461	5178117	3656	487	0	243	244
tlm_multiply_gcd_forward_apply	5178117	5178118	1	0	0	0	0
tlm_multiply_gcd_forward_codec	5178118	5178284	166	18	0	4	7
tlm_multiply_gcd_forward_shift	5178284	5179258	974	242	0	0	2
tlm_multiply_gcd_forward_compare	5179258	5180442	1184	276	0	32	33
tlm_multiply_gcd_forward_body	5180442	5184083	3641	485	0	242	243
tlm_multiply_gcd_forward_apply	5184083	5184084	1	0	0	0	0
tlm_multiply_gcd_forward_codec	5184084	5184087	3	0	0	0	0
tlm_multiply_gcd_forward_shift	5184087	5185057	970	241	0	0	2
tlm_multiply_gcd_forward_compare	5185057	5186266	1209	277	0	34	35
tlm_multiply_gcd_forward_body	5186266	5189892	3626	483	0	241	242
tlm_multiply_gcd_forward_apply	5189892	5189893	1	0	0	0	0
tlm_multiply_gcd_forward_codec	5189893	5189896	3	0	0	0	0
tlm_multiply_gcd_forward_shift	5189896	5190862	966	240	0	0	2
tlm_multiply_gcd_forward_compare	5190862	5192068	1206	276	0	34	35
tlm_multiply_gcd_forward_body	5192068	5195679	3611	481	0	240	241
tlm_multiply_gcd_forward_apply	5195679	5195680	1	0	0	0	0
tlm_multiply_gcd_forward_codec	5195680	5195846	166	18	0	4	7
tlm_multiply_gcd_forward_shift	5195846	5196808	962	239	0	0	2
tlm_multiply_gcd_forward_compare	5196808	5197997	1189	274	0	33	34
tlm_multiply_gcd_forward_body	5197997	5201593	3596	479	0	239	240
tlm_multiply_gcd_forward_apply	5201593	5201594	1	0	0	0	0
tlm_multiply_gcd_forward_codec	5201594	5201597	3	0	0	0	0
tlm_multiply_gcd_forward_shift	5201597	5202555	958	238	0	0	2
tlm_multiply_gcd_forward_compare	5202555	5203741	1186	273	0	33	34
tlm_multiply_gcd_forward_body	5203741	5207322	3581	477	0	238	239
tlm_multiply_gcd_forward_apply	5207322	5207323	1	0	0	0	0
tlm_multiply_gcd_forward_codec	5207323	5207326	3	0	0	0	0
tlm_multiply_gcd_forward_shift	5207326	5208280	954	237	0	0	2
tlm_multiply_gcd_forward_compare	5208280	5209477	1197	273	0	34	35
tlm_multiply_gcd_forward_body	5209477	5213043	3566	475	0	237	238
tlm_multiply_gcd_forward_apply	5213043	5213044	1	0	0	0	0
tlm_multiply_gcd_forward_codec	5213044	5213210	166	18	0	4	7
tlm_multiply_gcd_forward_shift	5213210	5214160	950	236	0	0	2
tlm_multiply_gcd_forward_compare	5214160	5215340	1180	271	0	33	34
tlm_multiply_gcd_forward_body	5215340	5218891	3551	473	0	236	237
tlm_multiply_gcd_forward_apply	5218891	5218892	1	0	0	0	0
tlm_multiply_gcd_forward_codec	5218892	5218895	3	0	0	0	0
tlm_multiply_gcd_forward_shift	5218895	5219841	946	235	0	0	2
tlm_multiply_gcd_forward_compare	5219841	5221018	1177	270	0	33	34
tlm_multiply_gcd_forward_body	5221018	5224554	3536	471	0	235	236
tlm_multiply_gcd_forward_apply	5224554	5224555	1	0	0	0	0
tlm_multiply_gcd_forward_codec	5224555	5224558	3	0	0	0	0
tlm_multiply_gcd_forward_shift	5224558	5225500	942	234	0	0	2
tlm_multiply_gcd_forward_compare	5225500	5226702	1202	271	0	35	36
tlm_multiply_gcd_forward_body	5226702	5230223	3521	469	0	234	235
tlm_multiply_gcd_forward_apply	5230223	5230224	1	0	0	0	0
tlm_multiply_gcd_forward_codec	5230224	5230390	166	18	0	4	7
tlm_multiply_gcd_forward_shift	5230390	5231328	938	233	0	0	2
tlm_multiply_gcd_forward_compare	5231328	5232499	1171	268	0	33	34
tlm_multiply_gcd_forward_body	5232499	5236005	3506	467	0	233	234
tlm_multiply_gcd_forward_apply	5236005	5236006	1	0	0	0	0
tlm_multiply_gcd_forward_codec	5236006	5236009	3	0	0	0	0
tlm_multiply_gcd_forward_shift	5236009	5236943	934	232	0	0	2
tlm_multiply_gcd_forward_compare	5236943	5238125	1182	268	0	34	35
tlm_multiply_gcd_forward_body	5238125	5241616	3491	465	0	232	233
tlm_multiply_gcd_forward_apply	5241616	5241617	1	0	0	0	0
tlm_multiply_gcd_forward_codec	5241617	5241620	3	0	0	0	0
tlm_multiply_gcd_forward_shift	5241620	5242550	930	231	0	0	2
tlm_multiply_gcd_forward_compare	5242550	5243729	1179	267	0	34	35
tlm_multiply_gcd_forward_body	5243729	5247205	3476	463	0	231	232
tlm_multiply_gcd_forward_apply	5247205	5247206	1	0	0	0	0
tlm_multiply_gcd_forward_codec	5247206	5247372	166	18	0	4	7
tlm_multiply_gcd_forward_shift	5247372	5248298	926	230	0	0	2
tlm_multiply_gcd_forward_compare	5248298	5249474	1176	266	0	34	35
tlm_multiply_gcd_forward_body	5249474	5252935	3461	461	0	230	231
tlm_multiply_gcd_forward_apply	5252935	5252936	1	0	0	0	0
tlm_multiply_gcd_forward_codec	5252936	5252939	3	0	0	0	0
tlm_multiply_gcd_forward_shift	5252939	5253861	922	229	0	0	2
tlm_multiply_gcd_forward_compare	5253861	5255034	1173	265	0	34	35
tlm_multiply_gcd_forward_body	5255034	5258480	3446	459	0	229	230
tlm_multiply_gcd_forward_apply	5258480	5258481	1	0	0	0	0
tlm_multiply_gcd_forward_codec	5258481	5258484	3	0	0	0	0
tlm_multiply_gcd_forward_shift	5258484	5259402	918	228	0	0	2
tlm_multiply_gcd_forward_compare	5259402	5260586	1184	265	0	35	36
tlm_multiply_gcd_forward_body	5260586	5264017	3431	457	0	228	229
tlm_multiply_gcd_forward_apply	5264017	5264018	1	0	0	0	0
tlm_multiply_gcd_forward_codec	5264018	5264184	166	18	0	4	7
tlm_multiply_gcd_forward_shift	5264184	5265098	914	227	0	0	2
tlm_multiply_gcd_forward_compare	5265098	5266265	1167	263	0	34	35
tlm_multiply_gcd_forward_body	5266265	5269681	3416	455	0	227	228
tlm_multiply_gcd_forward_apply	5269681	5269682	1	0	0	0	0
tlm_multiply_gcd_forward_codec	5269682	5269685	3	0	0	0	0
tlm_multiply_gcd_forward_shift	5269685	5270595	910	226	0	0	2
tlm_multiply_gcd_forward_compare	5270595	5271773	1178	263	0	35	36
tlm_multiply_gcd_forward_body	5271773	5275174	3401	453	0	226	227
tlm_multiply_gcd_forward_apply	5275174	5275175	1	0	0	0	0
tlm_multiply_gcd_forward_codec	5275175	5275178	3	0	0	0	0
tlm_multiply_gcd_forward_shift	5275178	5276084	906	225	0	0	2
tlm_multiply_gcd_forward_compare	5276084	5277259	1175	262	0	35	36
tlm_multiply_gcd_forward_body	5277259	5280645	3386	451	0	225	226
tlm_multiply_gcd_forward_apply	5280645	5280646	1	0	0	0	0
tlm_multiply_gcd_forward_codec	5280646	5280812	166	18	0	4	7
tlm_multiply_gcd_forward_shift	5280812	5281714	902	224	0	0	2
tlm_multiply_gcd_forward_compare	5281714	5282886	1172	261	0	35	36
tlm_multiply_gcd_forward_body	5282886	5286257	3371	449	0	224	225
tlm_multiply_gcd_forward_apply	5286257	5286258	1	0	0	0	0
tlm_multiply_gcd_forward_codec	5286258	5286261	3	0	0	0	0
tlm_multiply_gcd_forward_shift	5286261	5287159	898	223	0	0	2
tlm_multiply_gcd_forward_compare	5287159	5288314	1155	259	0	34	35
tlm_multiply_gcd_forward_body	5288314	5291670	3356	447	0	223	224
tlm_multiply_gcd_forward_apply	5291670	5291671	1	0	0	0	0
tlm_multiply_gcd_forward_codec	5291671	5291674	3	0	0	0	0
tlm_multiply_gcd_forward_shift	5291674	5292568	894	222	0	0	2
tlm_multiply_gcd_forward_compare	5292568	5293734	1166	259	0	35	36
tlm_multiply_gcd_forward_body	5293734	5297075	3341	445	0	222	223
tlm_multiply_gcd_forward_apply	5297075	5297076	1	0	0	0	0
tlm_multiply_gcd_forward_codec	5297076	5297242	166	18	0	4	7
tlm_multiply_gcd_forward_shift	5297242	5298132	890	221	0	0	2
tlm_multiply_gcd_forward_compare	5298132	5299295	1163	258	0	35	36
tlm_multiply_gcd_forward_body	5299295	5302621	3326	443	0	221	222
tlm_multiply_gcd_forward_apply	5302621	5302622	1	0	0	0	0
tlm_multiply_gcd_forward_codec	5302622	5302625	3	0	0	0	0
tlm_multiply_gcd_forward_shift	5302625	5303511	886	220	0	0	2
tlm_multiply_gcd_forward_compare	5303511	5304671	1160	257	0	35	36
tlm_multiply_gcd_forward_body	5304671	5307982	3311	441	0	220	221
tlm_multiply_gcd_forward_apply	5307982	5307983	1	0	0	0	0
tlm_multiply_gcd_forward_codec	5307983	5307986	3	0	0	0	0
tlm_multiply_gcd_forward_shift	5307986	5308868	882	219	0	0	2
tlm_multiply_gcd_forward_compare	5308868	5310025	1157	256	0	35	36
tlm_multiply_gcd_forward_body	5310025	5313321	3296	439	0	219	220
tlm_multiply_gcd_forward_apply	5313321	5313322	1	0	0	0	0
tlm_multiply_gcd_forward_codec	5313322	5313488	166	18	0	4	7
tlm_multiply_gcd_forward_shift	5313488	5314366	878	218	0	0	2
tlm_multiply_gcd_forward_compare	5314366	5315534	1168	256	0	36	37
tlm_multiply_gcd_forward_body	5315534	5318815	3281	437	0	218	219
tlm_multiply_gcd_forward_apply	5318815	5318816	1	0	0	0	0
tlm_multiply_gcd_forward_codec	5318816	5318819	3	0	0	0	0
tlm_multiply_gcd_forward_shift	5318819	5319693	874	217	0	0	2
tlm_multiply_gcd_forward_compare	5319693	5320844	1151	254	0	35	36
tlm_multiply_gcd_forward_body	5320844	5324110	3266	435	0	217	218
tlm_multiply_gcd_forward_apply	5324110	5324111	1	0	0	0	0
tlm_multiply_gcd_forward_codec	5324111	5324114	3	0	0	0	0
tlm_multiply_gcd_forward_shift	5324114	5324984	870	216	0	0	2
tlm_multiply_gcd_forward_compare	5324984	5326146	1162	254	0	36	37
tlm_multiply_gcd_forward_body	5326146	5329397	3251	433	0	216	217
tlm_multiply_gcd_forward_apply	5329397	5329398	1	0	0	0	0
tlm_multiply_gcd_forward_codec	5329398	5329564	166	18	0	4	7
tlm_multiply_gcd_forward_shift	5329564	5330430	866	215	0	0	2
tlm_multiply_gcd_forward_compare	5330430	5331575	1145	252	0	35	36
tlm_multiply_gcd_forward_body	5331575	5334811	3236	431	0	215	216
tlm_multiply_gcd_forward_apply	5334811	5334812	1	0	0	0	0
tlm_multiply_gcd_forward_codec	5334812	5334815	3	0	0	0	0
tlm_multiply_gcd_forward_shift	5334815	5335677	862	214	0	0	2
tlm_multiply_gcd_forward_compare	5335677	5336833	1156	252	0	36	37
tlm_multiply_gcd_forward_body	5336833	5340054	3221	429	0	214	215
tlm_multiply_gcd_forward_apply	5340054	5340055	1	0	0	0	0
tlm_multiply_gcd_forward_codec	5340055	5340058	3	0	0	0	0
tlm_multiply_gcd_forward_shift	5340058	5340916	858	213	0	0	2
tlm_multiply_gcd_forward_compare	5340916	5342069	1153	251	0	36	37
tlm_multiply_gcd_forward_body	5342069	5345275	3206	427	0	213	214
tlm_multiply_gcd_forward_apply	5345275	5345276	1	0	0	0	0
tlm_multiply_gcd_forward_codec	5345276	5345442	166	18	0	4	7
tlm_multiply_gcd_forward_shift	5345442	5346296	854	212	0	0	2
tlm_multiply_gcd_forward_compare	5346296	5347446	1150	250	0	36	37
tlm_multiply_gcd_forward_body	5347446	5350637	3191	425	0	212	213
tlm_multiply_gcd_forward_apply	5350637	5350638	1	0	0	0	0
tlm_multiply_gcd_forward_codec	5350638	5350641	3	0	0	0	0
tlm_multiply_gcd_forward_shift	5350641	5351491	850	211	0	0	2
tlm_multiply_gcd_forward_compare	5351491	5352638	1147	249	0	36	37
tlm_multiply_gcd_forward_body	5352638	5355814	3176	423	0	211	212
tlm_multiply_gcd_forward_apply	5355814	5355815	1	0	0	0	0
tlm_multiply_gcd_forward_codec	5355815	5355818	3	0	0	0	0
tlm_multiply_gcd_forward_shift	5355818	5356664	846	210	0	0	2
tlm_multiply_gcd_forward_compare	5356664	5357808	1144	248	0	36	37
tlm_multiply_gcd_forward_body	5357808	5360969	3161	421	0	210	211
tlm_multiply_gcd_forward_apply	5360969	5360970	1	0	0	0	0
tlm_multiply_gcd_forward_codec	5360970	5361136	166	18	0	4	7
tlm_multiply_gcd_forward_shift	5361136	5361978	842	209	0	0	2
tlm_multiply_gcd_forward_compare	5361978	5363119	1141	247	0	36	37
tlm_multiply_gcd_forward_body	5363119	5366265	3146	419	0	209	210
tlm_multiply_gcd_forward_apply	5366265	5366266	1	0	0	0	0
tlm_multiply_gcd_forward_codec	5366266	5366269	3	0	0	0	0
tlm_multiply_gcd_forward_shift	5366269	5367107	838	208	0	0	2
tlm_multiply_gcd_forward_compare	5367107	5368259	1152	247	0	37	38
tlm_multiply_gcd_forward_body	5368259	5371390	3131	417	0	208	209
tlm_multiply_gcd_forward_apply	5371390	5371391	1	0	0	0	0
tlm_multiply_gcd_forward_codec	5371391	5371394	3	0	0	0	0
tlm_multiply_gcd_forward_shift	5371394	5372228	834	207	0	0	2
tlm_multiply_gcd_forward_compare	5372228	5373377	1149	246	0	37	38
tlm_multiply_gcd_forward_body	5373377	5376493	3116	415	0	207	208
tlm_multiply_gcd_forward_apply	5376493	5376494	1	0	0	0	0
tlm_multiply_gcd_forward_codec	5376494	5376660	166	18	0	4	7
tlm_multiply_gcd_forward_shift	5376660	5377490	830	206	0	0	2
tlm_multiply_gcd_forward_compare	5377490	5378636	1146	245	0	37	38
tlm_multiply_gcd_forward_body	5378636	5381737	3101	413	0	206	207
tlm_multiply_gcd_forward_apply	5381737	5381738	1	0	0	0	0
tlm_multiply_gcd_forward_codec	5381738	5381741	3	0	0	0	0
tlm_multiply_gcd_forward_shift	5381741	5382567	826	205	0	0	2
tlm_multiply_gcd_forward_compare	5382567	5383710	1143	244	0	37	38
tlm_multiply_gcd_forward_body	5383710	5386796	3086	411	0	205	206
tlm_multiply_gcd_forward_apply	5386796	5386797	1	0	0	0	0
tlm_multiply_gcd_forward_codec	5386797	5386800	3	0	0	0	0
tlm_multiply_gcd_forward_shift	5386800	5387622	822	204	0	0	2
tlm_multiply_gcd_forward_compare	5387622	5388762	1140	243	0	37	38
tlm_multiply_gcd_forward_body	5388762	5391833	3071	409	0	204	205
tlm_multiply_gcd_forward_apply	5391833	5391834	1	0	0	0	0
tlm_multiply_gcd_forward_codec	5391834	5392000	166	18	0	4	7
tlm_multiply_gcd_forward_shift	5392000	5392818	818	203	0	0	2
tlm_multiply_gcd_forward_compare	5392818	5393955	1137	242	0	37	38
tlm_multiply_gcd_forward_body	5393955	5397011	3056	407	0	203	204
tlm_multiply_gcd_forward_apply	5397011	5397012	1	0	0	0	0
tlm_multiply_gcd_forward_codec	5397012	5397015	3	0	0	0	0
tlm_multiply_gcd_forward_shift	5397015	5397829	814	202	0	0	2
tlm_multiply_gcd_forward_compare	5397829	5398963	1134	241	0	37	38
tlm_multiply_gcd_forward_body	5398963	5402004	3041	405	0	202	203
tlm_multiply_gcd_forward_apply	5402004	5402005	1	0	0	0	0
tlm_multiply_gcd_forward_codec	5402005	5402008	3	0	0	0	0
tlm_multiply_gcd_forward_shift	5402008	5402818	810	201	0	0	2
tlm_multiply_gcd_forward_compare	5402818	5403949	1131	240	0	37	38
tlm_multiply_gcd_forward_body	5403949	5406975	3026	403	0	201	202
tlm_multiply_gcd_forward_apply	5406975	5406976	1	0	0	0	0
tlm_multiply_gcd_forward_codec	5406976	5407142	166	18	0	4	7
tlm_multiply_gcd_forward_shift	5407142	5407948	806	200	0	0	2
tlm_multiply_gcd_forward_compare	5407948	5409076	1128	239	0	37	38
tlm_multiply_gcd_forward_body	5409076	5412087	3011	401	0	200	201
tlm_multiply_gcd_forward_apply	5412087	5412088	1	0	0	0	0
tlm_multiply_gcd_forward_codec	5412088	5412091	3	0	0	0	0
tlm_multiply_gcd_forward_shift	5412091	5412893	802	199	0	0	2
tlm_multiply_gcd_forward_compare	5412893	5414018	1125	238	0	37	38
tlm_multiply_gcd_forward_body	5414018	5417014	2996	399	0	199	200
tlm_multiply_gcd_forward_apply	5417014	5417015	1	0	0	0	0
tlm_multiply_gcd_forward_codec	5417015	5417018	3	0	0	0	0
tlm_multiply_gcd_forward_shift	5417018	5417816	798	198	0	0	2
tlm_multiply_gcd_forward_compare	5417816	5418938	1122	237	0	37	38
tlm_multiply_gcd_forward_body	5418938	5421919	2981	397	0	198	199
tlm_multiply_gcd_forward_apply	5421919	5421920	1	0	0	0	0
tlm_multiply_gcd_forward_codec	5421920	5422086	166	18	0	4	7
tlm_multiply_gcd_forward_shift	5422086	5422880	794	197	0	0	2
tlm_multiply_gcd_forward_compare	5422880	5423999	1119	236	0	37	38
tlm_multiply_gcd_forward_body	5423999	5426965	2966	395	0	197	198
tlm_multiply_gcd_forward_apply	5426965	5426966	1	0	0	0	0
tlm_multiply_gcd_forward_codec	5426966	5426969	3	0	0	0	0
tlm_multiply_gcd_forward_shift	5426969	5427759	790	196	0	0	2
tlm_multiply_gcd_forward_compare	5427759	5428889	1130	236	0	38	39
tlm_multiply_gcd_forward_body	5428889	5431840	2951	393	0	196	197
tlm_multiply_gcd_forward_apply	5431840	5431841	1	0	0	0	0
tlm_multiply_gcd_forward_codec	5431841	5431844	3	0	0	0	0
tlm_multiply_gcd_forward_shift	5431844	5432630	786	195	0	0	2
tlm_multiply_gcd_forward_compare	5432630	5433757	1127	235	0	38	39
tlm_multiply_gcd_forward_body	5433757	5436693	2936	391	0	195	196
tlm_multiply_gcd_forward_apply	5436693	5436694	1	0	0	0	0
tlm_multiply_gcd_forward_codec	5436694	5436860	166	18	0	4	7
tlm_multiply_gcd_forward_shift	5436860	5437642	782	194	0	0	2
tlm_multiply_gcd_forward_compare	5437642	5438766	1124	234	0	38	39
tlm_multiply_gcd_forward_body	5438766	5441687	2921	389	0	194	195
tlm_multiply_gcd_forward_apply	5441687	5441688	1	0	0	0	0
tlm_multiply_gcd_forward_codec	5441688	5441691	3	0	0	0	0
tlm_multiply_gcd_forward_shift	5441691	5442469	778	193	0	0	2
tlm_multiply_gcd_forward_compare	5442469	5443590	1121	233	0	38	39
tlm_multiply_gcd_forward_body	5443590	5446496	2906	387	0	193	194
tlm_multiply_gcd_forward_apply	5446496	5446497	1	0	0	0	0
tlm_multiply_gcd_forward_codec	5446497	5446500	3	0	0	0	0
tlm_multiply_gcd_forward_shift	5446500	5447274	774	192	0	0	2
tlm_multiply_gcd_forward_compare	5447274	5448392	1118	232	0	38	39
tlm_multiply_gcd_forward_body	5448392	5451283	2891	385	0	192	193
tlm_multiply_gcd_forward_apply	5451283	5451284	1	0	0	0	0
tlm_multiply_gcd_forward_codec	5451284	5451450	166	18	0	4	7
tlm_multiply_gcd_forward_shift	5451450	5452220	770	191	0	0	2
tlm_multiply_gcd_forward_compare	5452220	5453335	1115	231	0	38	39
tlm_multiply_gcd_forward_body	5453335	5456211	2876	383	0	191	192
tlm_multiply_gcd_forward_apply	5456211	5456212	1	0	0	0	0
tlm_multiply_gcd_forward_codec	5456212	5456215	3	0	0	0	0
tlm_multiply_gcd_forward_shift	5456215	5456981	766	190	0	0	2
tlm_multiply_gcd_forward_compare	5456981	5458107	1126	231	0	39	40
tlm_multiply_gcd_forward_body	5458107	5460968	2861	381	0	190	191
tlm_multiply_gcd_forward_apply	5460968	5460969	1	0	0	0	0
tlm_multiply_gcd_forward_codec	5460969	5460972	3	0	0	0	0
tlm_multiply_gcd_forward_shift	5460972	5461734	762	189	0	0	2
tlm_multiply_gcd_forward_compare	5461734	5462857	1123	230	0	39	40
tlm_multiply_gcd_forward_body	5462857	5465703	2846	379	0	189	190
tlm_multiply_gcd_forward_apply	5465703	5465704	1	0	0	0	0
tlm_multiply_gcd_forward_codec	5465704	5465870	166	18	0	4	7
tlm_multiply_gcd_forward_shift	5465870	5466628	758	188	0	0	2
tlm_multiply_gcd_forward_compare	5466628	5467762	1134	230	0	40	41
tlm_multiply_gcd_forward_body	5467762	5470593	2831	377	0	188	189
tlm_multiply_gcd_forward_apply	5470593	5470594	1	0	0	0	0
tlm_multiply_gcd_forward_codec	5470594	5470597	3	0	0	0	0
tlm_multiply_gcd_forward_shift	5470597	5471351	754	187	0	0	2
tlm_multiply_gcd_forward_compare	5471351	5472468	1117	228	0	39	40
tlm_multiply_gcd_forward_body	5472468	5475284	2816	375	0	187	188
tlm_multiply_gcd_forward_apply	5475284	5475285	1	0	0	0	0
tlm_multiply_gcd_forward_codec	5475285	5475288	3	0	0	0	0
tlm_multiply_gcd_forward_shift	5475288	5476038	750	186	0	0	2
tlm_multiply_gcd_forward_compare	5476038	5477138	1100	226	0	38	39
tlm_multiply_gcd_forward_body	5477138	5479939	2801	373	0	186	187
tlm_multiply_gcd_forward_apply	5479939	5479940	1	0	0	0	0
tlm_multiply_gcd_forward_codec	5479940	5480106	166	18	0	4	7
tlm_multiply_gcd_forward_shift	5480106	5480852	746	185	0	0	2
tlm_multiply_gcd_forward_compare	5480852	5481963	1111	226	0	39	40
tlm_multiply_gcd_forward_body	5481963	5484749	2786	371	0	185	186
tlm_multiply_gcd_forward_apply	5484749	5484750	1	0	0	0	0
tlm_multiply_gcd_forward_codec	5484750	5484753	3	0	0	0	0
tlm_multiply_gcd_forward_shift	5484753	5485495	742	184	0	0	2
tlm_multiply_gcd_forward_compare	5485495	5486603	1108	225	0	39	40
tlm_multiply_gcd_forward_body	5486603	5489374	2771	369	0	184	185
tlm_multiply_gcd_forward_apply	5489374	5489375	1	0	0	0	0
tlm_multiply_gcd_forward_codec	5489375	5489378	3	0	0	0	0
tlm_multiply_gcd_forward_shift	5489378	5490116	738	183	0	0	2
tlm_multiply_gcd_forward_compare	5490116	5491235	1119	225	0	40	41
tlm_multiply_gcd_forward_body	5491235	5493991	2756	367	0	183	184
tlm_multiply_gcd_forward_apply	5493991	5493992	1	0	0	0	0
tlm_multiply_gcd_forward_codec	5493992	5494158	166	18	0	4	7
tlm_multiply_gcd_forward_shift	5494158	5494892	734	182	0	0	2
tlm_multiply_gcd_forward_compare	5494892	5496008	1116	224	0	40	41
tlm_multiply_gcd_forward_body	5496008	5498749	2741	365	0	182	183
tlm_multiply_gcd_forward_apply	5498749	5498750	1	0	0	0	0
tlm_multiply_gcd_forward_codec	5498750	5498753	3	0	0	0	0
tlm_multiply_gcd_forward_shift	5498753	5499483	730	181	0	0	2
tlm_multiply_gcd_forward_compare	5499483	5500610	1127	224	0	41	42
tlm_multiply_gcd_forward_body	5500610	5503336	2726	363	0	181	182
tlm_multiply_gcd_forward_apply	5503336	5503337	1	0	0	0	0
tlm_multiply_gcd_forward_codec	5503337	5503340	3	0	0	0	0
tlm_multiply_gcd_forward_shift	5503340	5504066	726	180	0	0	2
tlm_multiply_gcd_forward_compare	5504066	5505162	1096	221	0	39	40
tlm_multiply_gcd_forward_body	5505162	5507873	2711	361	0	180	181
tlm_multiply_gcd_forward_apply	5507873	5507874	1	0	0	0	0
tlm_multiply_gcd_forward_codec	5507874	5508040	166	18	0	4	7
tlm_multiply_gcd_forward_shift	5508040	5508762	722	179	0	0	2
tlm_multiply_gcd_forward_compare	5508762	5509855	1093	220	0	39	40
tlm_multiply_gcd_forward_body	5509855	5512551	2696	359	0	179	180
tlm_multiply_gcd_forward_apply	5512551	5512552	1	0	0	0	0
tlm_multiply_gcd_forward_codec	5512552	5512555	3	0	0	0	0
tlm_multiply_gcd_forward_shift	5512555	5513273	718	178	0	0	2
tlm_multiply_gcd_forward_compare	5513273	5514377	1104	220	0	40	41
tlm_multiply_gcd_forward_body	5514377	5517058	2681	357	0	178	179
tlm_multiply_gcd_forward_apply	5517058	5517059	1	0	0	0	0
tlm_multiply_gcd_forward_codec	5517059	5517062	3	0	0	0	0
tlm_multiply_gcd_forward_shift	5517062	5517776	714	177	0	0	2
tlm_multiply_gcd_forward_compare	5517776	5518877	1101	219	0	40	41
tlm_multiply_gcd_forward_body	5518877	5521543	2666	355	0	177	178
tlm_multiply_gcd_forward_apply	5521543	5521544	1	0	0	0	0
tlm_multiply_gcd_forward_codec	5521544	5521710	166	18	0	4	7
tlm_multiply_gcd_forward_shift	5521710	5522420	710	176	0	0	2
tlm_multiply_gcd_forward_compare	5522420	5523518	1098	218	0	40	41
tlm_multiply_gcd_forward_body	5523518	5526169	2651	353	0	176	177
tlm_multiply_gcd_forward_apply	5526169	5526170	1	0	0	0	0
tlm_multiply_gcd_forward_codec	5526170	5526173	3	0	0	0	0
tlm_multiply_gcd_forward_shift	5526173	5526879	706	175	0	0	2
tlm_multiply_gcd_forward_compare	5526879	5527974	1095	217	0	40	41
tlm_multiply_gcd_forward_body	5527974	5530610	2636	351	0	175	176
tlm_multiply_gcd_forward_apply	5530610	5530611	1	0	0	0	0
tlm_multiply_gcd_forward_codec	5530611	5530614	3	0	0	0	0
tlm_multiply_gcd_forward_shift	5530614	5531316	702	174	0	0	2
tlm_multiply_gcd_forward_compare	5531316	5532408	1092	216	0	40	41
tlm_multiply_gcd_forward_body	5532408	5535029	2621	349	0	174	175
tlm_multiply_gcd_forward_apply	5535029	5535030	1	0	0	0	0
tlm_multiply_gcd_forward_codec	5535030	5535196	166	18	0	4	7
tlm_multiply_gcd_forward_shift	5535196	5535894	698	173	0	0	2
tlm_multiply_gcd_forward_compare	5535894	5536983	1089	215	0	40	41
tlm_multiply_gcd_forward_body	5536983	5539589	2606	347	0	173	174
tlm_multiply_gcd_forward_apply	5539589	5539590	1	0	0	0	0
tlm_multiply_gcd_forward_codec	5539590	5539593	3	0	0	0	0
tlm_multiply_gcd_forward_shift	5539593	5540287	694	172	0	0	2
tlm_multiply_gcd_forward_compare	5540287	5541387	1100	215	0	41	42
tlm_multiply_gcd_forward_body	5541387	5543978	2591	345	0	172	173
tlm_multiply_gcd_forward_apply	5543978	5543979	1	0	0	0	0
tlm_multiply_gcd_forward_codec	5543979	5543982	3	0	0	0	0
tlm_multiply_gcd_forward_shift	5543982	5544672	690	171	0	0	2
tlm_multiply_gcd_forward_compare	5544672	5545755	1083	213	0	40	41
tlm_multiply_gcd_forward_body	5545755	5548331	2576	343	0	171	172
tlm_multiply_gcd_forward_apply	5548331	5548332	1	0	0	0	0
tlm_multiply_gcd_forward_codec	5548332	5548498	166	18	0	4	7
tlm_multiply_gcd_forward_shift	5548498	5549186	688	171	0	0	0
tlm_multiply_gcd_forward_compare	5549186	5550297	1111	215	0	42	43
tlm_multiply_gcd_forward_body	5550297	5552873	2576	343	0	171	172
tlm_multiply_gcd_forward_apply	5552873	5552874	1	0	0	0	0
tlm_multiply_gcd_forward_codec	5552874	5552877	3	0	0	0	0
tlm_multiply_gcd_forward_shift	5552877	5553563	686	170	0	0	2
tlm_multiply_gcd_forward_compare	5553563	5554657	1094	213	0	41	42
tlm_multiply_gcd_forward_body	5554657	5557218	2561	341	0	170	171
tlm_multiply_gcd_forward_apply	5557218	5557219	1	0	0	0	0
tlm_multiply_gcd_forward_codec	5557219	5557222	3	0	0	0	0
tlm_multiply_gcd_forward_shift	5557222	5557902	680	168	0	0	4
tlm_multiply_gcd_forward_compare	5557902	5558976	1074	210	0	40	41
tlm_multiply_gcd_forward_body	5558976	5561507	2531	337	0	168	169
tlm_multiply_gcd_forward_apply	5561507	5561508	1	0	0	0	0
tlm_multiply_gcd_forward_codec	5561508	5561674	166	18	0	4	7
tlm_multiply_gcd_forward_shift	5561674	5562348	674	167	0	0	2
tlm_multiply_gcd_forward_compare	5562348	5563419	1071	209	0	40	41
tlm_multiply_gcd_forward_body	5563419	5565935	2516	335	0	167	168
tlm_multiply_gcd_forward_apply	5565935	5565936	1	0	0	0	0
tlm_multiply_gcd_forward_codec	5565936	5565939	3	0	0	0	0
tlm_multiply_gcd_forward_shift	5565939	5566609	670	166	0	0	2
tlm_multiply_gcd_forward_compare	5566609	5567705	1096	210	0	42	43
tlm_multiply_gcd_forward_body	5567705	5570206	2501	333	0	166	167
tlm_multiply_gcd_forward_apply	5570206	5570207	1	0	0	0	0
tlm_multiply_gcd_forward_codec	5570207	5570210	3	0	0	0	0
tlm_multiply_gcd_forward_shift	5570210	5570876	666	165	0	0	2
tlm_multiply_gcd_forward_compare	5570876	5571955	1079	208	0	41	42
tlm_multiply_gcd_forward_body	5571955	5574441	2486	331	0	165	166
tlm_multiply_gcd_forward_apply	5574441	5574442	1	0	0	0	0
tlm_multiply_gcd_forward_codec	5574442	5574608	166	18	0	4	7
tlm_multiply_gcd_forward_shift	5574608	5575270	662	164	0	0	2
tlm_multiply_gcd_forward_compare	5575270	5576346	1076	207	0	41	42
tlm_multiply_gcd_forward_body	5576346	5578817	2471	329	0	164	165
tlm_multiply_gcd_forward_apply	5578817	5578818	1	0	0	0	0
tlm_multiply_gcd_forward_codec	5578818	5578821	3	0	0	0	0
tlm_multiply_gcd_forward_shift	5578821	5579477	656	162	0	0	4
tlm_multiply_gcd_forward_compare	5579477	5580533	1056	204	0	40	41
tlm_multiply_gcd_forward_body	5580533	5582974	2441	325	0	162	163
tlm_multiply_gcd_forward_apply	5582974	5582975	1	0	0	0	0
tlm_multiply_gcd_forward_codec	5582975	5582978	3	0	0	0	0
tlm_multiply_gcd_forward_shift	5582978	5583626	648	160	0	0	4
tlm_multiply_gcd_forward_compare	5583626	5584676	1050	202	0	40	41
tlm_multiply_gcd_forward_body	5584676	5587087	2411	321	0	160	161
tlm_multiply_gcd_forward_apply	5587087	5587088	1	0	0	0	0
tlm_multiply_gcd_forward_codec	5587088	5587254	166	18	0	4	7
tlm_multiply_gcd_forward_shift	5587254	5587898	644	160	0	0	0
tlm_multiply_gcd_forward_compare	5587898	5588962	1064	203	0	41	42
tlm_multiply_gcd_forward_body	5588962	5591373	2411	321	0	160	161
tlm_multiply_gcd_forward_apply	5591373	5591374	1	0	0	0	0
tlm_multiply_gcd_forward_codec	5591374	5591377	3	0	0	0	0
tlm_multiply_gcd_forward_shift	5591377	5592019	642	159	0	0	2
tlm_multiply_gcd_forward_compare	5592019	5593066	1047	201	0	40	41
tlm_multiply_gcd_forward_body	5593066	5595462	2396	319	0	159	160
tlm_multiply_gcd_forward_apply	5595462	5595463	1	0	0	0	0
tlm_multiply_gcd_forward_codec	5595463	5595466	3	0	0	0	0
tlm_multiply_gcd_forward_shift	5595466	5596104	638	158	0	0	2
tlm_multiply_gcd_forward_compare	5596104	5597162	1058	201	0	41	42
tlm_multiply_gcd_forward_body	5597162	5599543	2381	317	0	158	159
tlm_multiply_gcd_forward_apply	5599543	5599544	1	0	0	0	0
tlm_multiply_gcd_forward_codec	5599544	5599710	166	18	0	4	7
tlm_multiply_gcd_forward_shift	5599710	5600342	632	156	0	0	4
tlm_multiply_gcd_forward_compare	5600342	5601380	1038	198	0	40	41
tlm_multiply_gcd_forward_body	5601380	5603731	2351	313	0	156	157
tlm_multiply_gcd_forward_apply	5603731	5603732	1	0	0	0	0
tlm_multiply_gcd_forward_codec	5603732	5603735	3	0	0	0	0
tlm_multiply_gcd_forward_shift	5603735	5604363	628	156	0	0	0
tlm_multiply_gcd_forward_compare	5604363	5605415	1052	199	0	41	42
tlm_multiply_gcd_forward_body	5605415	5607766	2351	313	0	156	157
tlm_multiply_gcd_forward_apply	5607766	5607767	1	0	0	0	0
tlm_multiply_gcd_forward_codec	5607767	5607770	3	0	0	0	0
tlm_multiply_gcd_forward_shift	5607770	5608396	626	155	0	0	2
tlm_multiply_gcd_forward_compare	5608396	5609445	1049	198	0	41	42
tlm_multiply_gcd_forward_body	5609445	5611781	2336	311	0	155	156
tlm_multiply_gcd_forward_apply	5611781	5611782	1	0	0	0	0
tlm_multiply_gcd_forward_codec	5611782	5611948	166	18	0	4	7
tlm_multiply_gcd_forward_shift	5611948	5612568	620	153	0	0	4
tlm_multiply_gcd_forward_compare	5612568	5613597	1029	195	0	40	41
tlm_multiply_gcd_forward_body	5613597	5615903	2306	307	0	153	154
tlm_multiply_gcd_forward_apply	5615903	5615904	1	0	0	0	0
tlm_multiply_gcd_forward_codec	5615904	5615907	3	0	0	0	0
tlm_multiply_gcd_forward_shift	5615907	5616523	616	153	0	0	0
tlm_multiply_gcd_forward_compare	5616523	5617580	1057	197	0	42	43
tlm_multiply_gcd_forward_body	5617580	5619886	2306	307	0	153	154
tlm_multiply_gcd_forward_apply	5619886	5619887	1	0	0	0	0
tlm_multiply_gcd_forward_codec	5619887	5619890	3	0	0	0	0
tlm_multiply_gcd_forward_shift	5619890	5620504	614	152	0	0	2
tlm_multiply_gcd_forward_compare	5620504	5621544	1040	195	0	41	42
tlm_multiply_gcd_forward_body	5621544	5623835	2291	305	0	152	153
tlm_multiply_gcd_forward_apply	5623835	5623836	1	0	0	0	0
tlm_multiply_gcd_forward_codec	5623836	5624002	166	18	0	4	7
tlm_multiply_gcd_forward_shift	5624002	5624612	610	151	0	0	2
tlm_multiply_gcd_forward_compare	5624612	5625663	1051	195	0	42	43
tlm_multiply_gcd_forward_body	5625663	5627939	2276	303	0	151	152
tlm_multiply_gcd_forward_apply	5627939	5627940	1	0	0	0	0
tlm_multiply_gcd_forward_codec	5627940	5627943	3	0	0	0	0
tlm_multiply_gcd_forward_shift	5627943	5628549	606	150	0	0	2
tlm_multiply_gcd_forward_compare	5628549	5629597	1048	194	0	42	43
tlm_multiply_gcd_forward_body	5629597	5631858	2261	301	0	150	151
tlm_multiply_gcd_forward_apply	5631858	5631859	1	0	0	0	0
tlm_multiply_gcd_forward_codec	5631859	5631862	3	0	0	0	0
tlm_multiply_gcd_forward_shift	5631862	5632464	602	149	0	0	2
tlm_multiply_gcd_forward_compare	5632464	5633509	1045	193	0	42	43
tlm_multiply_gcd_forward_body	5633509	5635755	2246	299	0	149	150
tlm_multiply_gcd_forward_apply	5635755	5635756	1	0	0	0	0
tlm_multiply_gcd_forward_codec	5635756	5635922	166	18	0	4	7
tlm_multiply_gcd_forward_shift	5635922	5636520	598	148	0	0	2
tlm_multiply_gcd_forward_compare	5636520	5637562	1042	192	0	42	43
tlm_multiply_gcd_forward_body	5637562	5639793	2231	297	0	148	149
tlm_multiply_gcd_forward_apply	5639793	5639794	1	0	0	0	0
tlm_multiply_gcd_forward_codec	5639794	5639797	3	0	0	0	0
tlm_multiply_gcd_forward_shift	5639797	5640391	594	147	0	0	2
tlm_multiply_gcd_forward_compare	5640391	5641430	1039	191	0	42	43
tlm_multiply_gcd_forward_body	5641430	5643646	2216	295	0	147	148
tlm_multiply_gcd_forward_apply	5643646	5643647	1	0	0	0	0
tlm_multiply_gcd_forward_codec	5643647	5643650	3	0	0	0	0
tlm_multiply_gcd_forward_shift	5643650	5644238	588	145	0	0	4
tlm_multiply_gcd_forward_compare	5644238	5645257	1019	188	0	41	42
tlm_multiply_gcd_forward_body	5645257	5647443	2186	291	0	145	146
tlm_multiply_gcd_forward_apply	5647443	5647444	1	0	0	0	0
tlm_multiply_gcd_forward_codec	5647444	5647610	166	18	0	4	7
tlm_multiply_gcd_forward_shift	5647610	5648192	582	144	0	0	2
tlm_multiply_gcd_forward_compare	5648192	5649208	1016	187	0	41	42
tlm_multiply_gcd_forward_body	5649208	5651379	2171	289	0	144	145
tlm_multiply_gcd_forward_apply	5651379	5651380	1	0	0	0	0
tlm_multiply_gcd_forward_codec	5651380	5651383	3	0	0	0	0
tlm_multiply_gcd_forward_shift	5651383	5651961	578	143	0	0	2
tlm_multiply_gcd_forward_compare	5651961	5652988	1027	187	0	42	43
tlm_multiply_gcd_forward_body	5652988	5655144	2156	287	0	143	144
tlm_multiply_gcd_forward_apply	5655144	5655145	1	0	0	0	0
tlm_multiply_gcd_forward_codec	5655145	5655148	3	0	0	0	0
tlm_multiply_gcd_forward_shift	5655148	5655722	574	142	0	0	2
tlm_multiply_gcd_forward_compare	5655722	5656732	1010	185	0	41	42
tlm_multiply_gcd_forward_body	5656732	5658873	2141	285	0	142	143
tlm_multiply_gcd_forward_apply	5658873	5658874	1	0	0	0	0
tlm_multiply_gcd_forward_codec	5658874	5659040	166	18	0	4	7
tlm_multiply_gcd_forward_shift	5659040	5659610	570	141	0	0	2
tlm_multiply_gcd_forward_compare	5659610	5660631	1021	185	0	42	43
tlm_multiply_gcd_forward_body	5660631	5662757	2126	283	0	141	142
tlm_multiply_gcd_forward_apply	5662757	5662758	1	0	0	0	0
tlm_multiply_gcd_forward_codec	5662758	5662761	3	0	0	0	0
tlm_multiply_gcd_forward_shift	5662761	5663329	568	141	0	0	0
tlm_multiply_gcd_forward_compare	5663329	5664364	1035	186	0	43	44
tlm_multiply_gcd_forward_body	5664364	5666490	2126	283	0	141	142
tlm_multiply_gcd_forward_apply	5666490	5666491	1	0	0	0	0
tlm_multiply_gcd_forward_codec	5666491	5666494	3	0	0	0	0
tlm_multiply_gcd_forward_shift	5666494	5667060	566	140	0	0	2
tlm_multiply_gcd_forward_compare	5667060	5668078	1018	184	0	42	43
tlm_multiply_gcd_forward_body	5668078	5670189	2111	281	0	140	141
tlm_multiply_gcd_forward_apply	5670189	5670190	1	0	0	0	0
tlm_multiply_gcd_forward_codec	5670190	5670356	166	18	0	4	7
tlm_multiply_gcd_forward_shift	5670356	5670918	562	139	0	0	2
tlm_multiply_gcd_forward_compare	5670918	5671933	1015	183	0	42	43
tlm_multiply_gcd_forward_body	5671933	5674029	2096	279	0	139	140
tlm_multiply_gcd_forward_apply	5674029	5674030	1	0	0	0	0
tlm_multiply_gcd_forward_codec	5674030	5674033	3	0	0	0	0
tlm_multiply_gcd_forward_shift	5674033	5674589	556	137	0	0	4
tlm_multiply_gcd_forward_compare	5674589	5675598	1009	181	0	42	43
tlm_multiply_gcd_forward_body	5675598	5677664	2066	275	0	137	138
tlm_multiply_gcd_forward_apply	5677664	5677665	1	0	0	0	0
tlm_multiply_gcd_forward_codec	5677665	5677668	3	0	0	0	0
tlm_multiply_gcd_forward_shift	5677668	5678220	552	137	0	0	0
tlm_multiply_gcd_forward_compare	5678220	5679229	1009	181	0	42	43
tlm_multiply_gcd_forward_body	5679229	5681295	2066	275	0	137	138
tlm_multiply_gcd_forward_apply	5681295	5681296	1	0	0	0	0
tlm_multiply_gcd_forward_codec	5681296	5681462	166	18	0	4	7
tlm_multiply_gcd_forward_shift	5681462	5682012	550	136	0	0	2
tlm_multiply_gcd_forward_compare	5682012	5683018	1006	180	0	42	43
tlm_multiply_gcd_forward_body	5683018	5685069	2051	273	0	136	137
tlm_multiply_gcd_forward_apply	5685069	5685070	1	0	0	0	0
tlm_multiply_gcd_forward_codec	5685070	5685073	3	0	0	0	0
tlm_multiply_gcd_forward_shift	5685073	5685619	546	135	0	0	2
tlm_multiply_gcd_forward_compare	5685619	5686622	1003	179	0	42	43
tlm_multiply_gcd_forward_body	5686622	5688658	2036	271	0	135	136
tlm_multiply_gcd_forward_apply	5688658	5688659	1	0	0	0	0
tlm_multiply_gcd_forward_codec	5688659	5688662	3	0	0	0	0
tlm_multiply_gcd_forward_shift	5688662	5689204	542	134	0	0	2
tlm_multiply_gcd_forward_compare	5689204	5690204	1000	178	0	42	43
tlm_multiply_gcd_forward_body	5690204	5692225	2021	269	0	134	135
tlm_multiply_gcd_forward_apply	5692225	5692226	1	0	0	0	0
tlm_multiply_gcd_forward_codec	5692226	5692392	166	18	0	4	7
tlm_multiply_gcd_forward_shift	5692392	5692930	538	133	0	0	2
tlm_multiply_gcd_forward_compare	5692930	5693941	1011	178	0	43	44
tlm_multiply_gcd_forward_body	5693941	5695947	2006	267	0	133	134
tlm_multiply_gcd_forward_apply	5695947	5695948	1	0	0	0	0
tlm_multiply_gcd_forward_codec	5695948	5695951	3	0	0	0	0
tlm_multiply_gcd_forward_shift	5695951	5696485	534	132	0	0	2
tlm_multiply_gcd_forward_compare	5696485	5697493	1008	177	0	43	44
tlm_multiply_gcd_forward_body	5697493	5699484	1991	265	0	132	133
tlm_multiply_gcd_forward_apply	5699484	5699485	1	0	0	0	0
tlm_multiply_gcd_forward_codec	5699485	5699488	3	0	0	0	0
tlm_multiply_gcd_forward_shift	5699488	5700018	530	131	0	0	2
tlm_multiply_gcd_forward_compare	5700018	5701023	1005	176	0	43	44
tlm_multiply_gcd_forward_body	5701023	5702999	1976	263	0	131	132
tlm_multiply_gcd_forward_apply	5702999	5703000	1	0	0	0	0
tlm_multiply_gcd_forward_codec	5703000	5703166	166	18	0	4	7
tlm_multiply_gcd_forward_shift	5703166	5703692	526	130	0	0	2
tlm_multiply_gcd_forward_compare	5703692	5704694	1002	175	0	43	44
tlm_multiply_gcd_forward_body	5704694	5706655	1961	261	0	130	131
tlm_multiply_gcd_forward_apply	5706655	5706656	1	0	0	0	0
tlm_multiply_gcd_forward_codec	5706656	5706659	3	0	0	0	0
tlm_multiply_gcd_forward_shift	5706659	5707181	522	129	0	0	2
tlm_multiply_gcd_forward_compare	5707181	5708166	985	173	0	42	43
tlm_multiply_gcd_forward_body	5708166	5710112	1946	259	0	129	130
tlm_multiply_gcd_forward_apply	5710112	5710113	1	0	0	0	0
tlm_multiply_gcd_forward_codec	5710113	5710116	3	0	0	0	0
tlm_multiply_gcd_forward_shift	5710116	5710632	516	127	0	0	4
tlm_multiply_gcd_forward_compare	5710632	5711625	993	172	0	43	44
tlm_multiply_gcd_forward_body	5711625	5713541	1916	255	0	127	128
tlm_multiply_gcd_forward_apply	5713541	5713542	1	0	0	0	0
tlm_multiply_gcd_forward_codec	5713542	5713708	166	18	0	4	7
tlm_multiply_gcd_forward_shift	5713708	5714218	510	126	0	0	2
tlm_multiply_gcd_forward_compare	5714218	5715208	990	171	0	43	44
tlm_multiply_gcd_forward_body	5715208	5717109	1901	253	0	126	127
tlm_multiply_gcd_forward_apply	5717109	5717110	1	0	0	0	0
tlm_multiply_gcd_forward_codec	5717110	5717113	3	0	0	0	0
tlm_multiply_gcd_forward_shift	5717113	5717619	506	125	0	0	2
tlm_multiply_gcd_forward_compare	5717619	5718592	973	169	0	42	43
tlm_multiply_gcd_forward_body	5718592	5720478	1886	251	0	125	126
tlm_multiply_gcd_forward_apply	5720478	5720479	1	0	0	0	0
tlm_multiply_gcd_forward_codec	5720479	5720482	3	0	0	0	0
tlm_multiply_gcd_forward_shift	5720482	5720984	502	124	0	0	2
tlm_multiply_gcd_forward_compare	5720984	5721954	970	168	0	42	43
tlm_multiply_gcd_forward_body	5721954	5723825	1871	249	0	124	125
tlm_multiply_gcd_forward_apply	5723825	5723826	1	0	0	0	0
tlm_multiply_gcd_forward_codec	5723826	5723992	166	18	0	4	7
tlm_multiply_gcd_forward_shift	5723992	5724490	498	123	0	0	2
tlm_multiply_gcd_forward_compare	5724490	5725471	981	168	0	43	44
tlm_multiply_gcd_forward_body	5725471	5727327	1856	247	0	123	124
tlm_multiply_gcd_forward_apply	5727327	5727328	1	0	0	0	0
tlm_multiply_gcd_forward_codec	5727328	5727331	3	0	0	0	0
tlm_multiply_gcd_forward_shift	5727331	5727825	494	122	0	0	2
tlm_multiply_gcd_forward_compare	5727825	5728789	964	166	0	42	43
tlm_multiply_gcd_forward_body	5728789	5730630	1841	245	0	122	123
tlm_multiply_gcd_forward_apply	5730630	5730631	1	0	0	0	0
tlm_multiply_gcd_forward_codec	5730631	5730634	3	0	0	0	0
tlm_multiply_gcd_forward_shift	5730634	5731126	492	122	0	0	0
tlm_multiply_gcd_forward_compare	5731126	5732118	992	168	0	44	45
tlm_multiply_gcd_forward_body	5732118	5733959	1841	245	0	122	123
tlm_multiply_gcd_forward_apply	5733959	5733960	1	0	0	0	0
tlm_multiply_gcd_forward_codec	5733960	5734126	166	18	0	4	7
tlm_multiply_gcd_forward_shift	5734126	5734616	490	121	0	0	2
tlm_multiply_gcd_forward_compare	5734616	5735591	975	166	0	43	44
tlm_multiply_gcd_forward_body	5735591	5737417	1826	243	0	121	122
tlm_multiply_gcd_forward_apply	5737417	5737418	1	0	0	0	0
tlm_multiply_gcd_forward_codec	5737418	5737421	3	0	0	0	0
tlm_multiply_gcd_forward_shift	5737421	5737907	486	120	0	0	2
tlm_multiply_gcd_forward_compare	5737907	5738893	986	166	0	44	45
tlm_multiply_gcd_forward_body	5738893	5740704	1811	241	0	120	121
tlm_multiply_gcd_forward_apply	5740704	5740705	1	0	0	0	0
tlm_multiply_gcd_forward_codec	5740705	5740708	3	0	0	0	0
tlm_multiply_gcd_forward_shift	5740708	5741188	480	118	0	0	4
tlm_multiply_gcd_forward_compare	5741188	5742154	966	163	0	43	44
tlm_multiply_gcd_forward_body	5742154	5743935	1781	237	0	118	119
tlm_multiply_gcd_forward_apply	5743935	5743936	1	0	0	0	0
tlm_multiply_gcd_forward_codec	5743936	5744102	166	18	0	4	7
tlm_multiply_gcd_forward_shift	5744102	5744578	476	118	0	0	0
tlm_multiply_gcd_forward_compare	5744578	5745558	980	164	0	44	45
tlm_multiply_gcd_forward_body	5745558	5747339	1781	237	0	118	119
tlm_multiply_gcd_forward_apply	5747339	5747340	1	0	0	0	0
tlm_multiply_gcd_forward_codec	5747340	5747343	3	0	0	0	0
tlm_multiply_gcd_forward_shift	5747343	5747815	472	116	0	0	4
tlm_multiply_gcd_forward_compare	5747815	5748775	960	161	0	43	44
tlm_multiply_gcd_forward_body	5748775	5750526	1751	233	0	116	117
tlm_multiply_gcd_forward_apply	5750526	5750527	1	0	0	0	0
tlm_multiply_gcd_forward_codec	5750527	5750530	3	0	0	0	0
tlm_multiply_gcd_forward_shift	5750530	5750996	466	115	0	0	2
tlm_multiply_gcd_forward_compare	5750996	5751953	957	160	0	43	44
tlm_multiply_gcd_forward_body	5751953	5753689	1736	231	0	115	116
tlm_multiply_gcd_forward_apply	5753689	5753690	1	0	0	0	0
tlm_multiply_gcd_forward_codec	5753690	5753856	166	18	0	4	7
tlm_multiply_gcd_forward_shift	5753856	5754318	462	114	0	0	2
tlm_multiply_gcd_forward_compare	5754318	5755286	968	160	0	44	45
tlm_multiply_gcd_forward_body	5755286	5757007	1721	229	0	114	115
tlm_multiply_gcd_forward_apply	5757007	5757008	1	0	0	0	0
tlm_multiply_gcd_forward_codec	5757008	5757011	3	0	0	0	0
tlm_multiply_gcd_forward_shift	5757011	5757469	458	113	0	0	2
tlm_multiply_gcd_forward_compare	5757469	5758420	951	158	0	43	44
tlm_multiply_gcd_forward_body	5758420	5760126	1706	227	0	113	114
tlm_multiply_gcd_forward_apply	5760126	5760127	1	0	0	0	0
tlm_multiply_gcd_forward_codec	5760127	5760130	3	0	0	0	0
tlm_multiply_gcd_forward_shift	5760130	5760584	454	112	0	0	2
tlm_multiply_gcd_forward_compare	5760584	5761546	962	158	0	44	45
tlm_multiply_gcd_forward_body	5761546	5763237	1691	225	0	112	113
tlm_multiply_gcd_forward_apply	5763237	5763238	1	0	0	0	0
tlm_multiply_gcd_forward_codec	5763238	5763404	166	18	0	4	7
tlm_multiply_gcd_forward_shift	5763404	5763854	450	111	0	0	2
tlm_multiply_gcd_forward_compare	5763854	5764813	959	157	0	44	45
tlm_multiply_gcd_forward_body	5764813	5766489	1676	223	0	111	112
tlm_multiply_gcd_forward_apply	5766489	5766490	1	0	0	0	0
tlm_multiply_gcd_forward_codec	5766490	5766493	3	0	0	0	0
tlm_multiply_gcd_forward_shift	5766493	5766939	446	110	0	0	2
tlm_multiply_gcd_forward_compare	5766939	5767881	942	155	0	43	44
tlm_multiply_gcd_forward_body	5767881	5769542	1661	221	0	110	111
tlm_multiply_gcd_forward_apply	5769542	5769543	1	0	0	0	0
tlm_multiply_gcd_forward_codec	5769543	5769546	3	0	0	0	0
tlm_multiply_gcd_forward_shift	5769546	5769988	442	109	0	0	2
tlm_multiply_gcd_forward_compare	5769988	5770941	953	155	0	44	45
tlm_multiply_gcd_forward_body	5770941	5772587	1646	219	0	109	110
tlm_multiply_gcd_forward_apply	5772587	5772588	1	0	0	0	0
tlm_multiply_gcd_forward_codec	5772588	5772754	166	18	0	4	7
tlm_multiply_gcd_forward_shift	5772754	5773192	438	108	0	0	2
tlm_multiply_gcd_forward_compare	5773192	5774142	950	154	0	44	45
tlm_multiply_gcd_forward_body	5774142	5775773	1631	217	0	108	109
tlm_multiply_gcd_forward_apply	5775773	5775774	1	0	0	0	0
tlm_multiply_gcd_forward_codec	5775774	5775777	3	0	0	0	0
tlm_multiply_gcd_forward_shift	5775777	5776211	434	107	0	0	2
tlm_multiply_gcd_forward_compare	5776211	5777158	947	153	0	44	45
tlm_multiply_gcd_forward_body	5777158	5778774	1616	215	0	107	108
tlm_multiply_gcd_forward_apply	5778774	5778775	1	0	0	0	0
tlm_multiply_gcd_forward_codec	5778775	5778778	3	0	0	0	0
tlm_multiply_gcd_forward_shift	5778778	5779208	430	106	0	0	2
tlm_multiply_gcd_forward_compare	5779208	5780152	944	152	0	44	45
tlm_multiply_gcd_forward_body	5780152	5781753	1601	213	0	106	107
tlm_multiply_gcd_forward_apply	5781753	5781754	1	0	0	0	0
tlm_multiply_gcd_forward_codec	5781754	5781920	166	18	0	4	7
tlm_multiply_gcd_forward_shift	5781920	5782346	426	105	0	0	2
tlm_multiply_gcd_forward_compare	5782346	5783287	941	151	0	44	45
tlm_multiply_gcd_forward_body	5783287	5784873	1586	211	0	105	106
tlm_multiply_gcd_forward_apply	5784873	5784874	1	0	0	0	0
tlm_multiply_gcd_forward_codec	5784874	5784877	3	0	0	0	0
tlm_multiply_gcd_forward_shift	5784877	5785299	422	104	0	0	2
tlm_multiply_gcd_forward_compare	5785299	5786251	952	151	0	45	46
tlm_multiply_gcd_forward_body	5786251	5787822	1571	209	0	104	105
tlm_multiply_gcd_forward_apply	5787822	5787823	1	0	0	0	0
tlm_multiply_gcd_forward_codec	5787823	5787826	3	0	0	0	0
tlm_multiply_gcd_forward_shift	5787826	5788244	418	103	0	0	2
tlm_multiply_gcd_forward_compare	5788244	5789193	949	150	0	45	46
tlm_multiply_gcd_forward_body	5789193	5790749	1556	207	0	103	104
tlm_multiply_gcd_forward_apply	5790749	5790750	1	0	0	0	0
tlm_multiply_gcd_forward_codec	5790750	5790916	166	18	0	4	7
tlm_multiply_gcd_forward_shift	5790916	5791330	414	102	0	0	2
tlm_multiply_gcd_forward_compare	5791330	5792262	932	148	0	44	45
tlm_multiply_gcd_forward_body	5792262	5793803	1541	205	0	102	103
tlm_multiply_gcd_forward_apply	5793803	5793804	1	0	0	0	0
tlm_multiply_gcd_forward_codec	5793804	5793807	3	0	0	0	0
tlm_multiply_gcd_forward_shift	5793807	5794217	410	101	0	0	2
tlm_multiply_gcd_forward_compare	5794217	5795174	957	149	0	46	47
tlm_multiply_gcd_forward_body	5795174	5796700	1526	203	0	101	102
tlm_multiply_gcd_forward_apply	5796700	5796701	1	0	0	0	0
tlm_multiply_gcd_forward_codec	5796701	5796704	3	0	0	0	0
tlm_multiply_gcd_forward_shift	5796704	5797110	406	100	0	0	2
tlm_multiply_gcd_forward_compare	5797110	5798050	940	147	0	45	46
tlm_multiply_gcd_forward_body	5798050	5799561	1511	201	0	100	101
tlm_multiply_gcd_forward_apply	5799561	5799562	1	0	0	0	0
tlm_multiply_gcd_forward_codec	5799562	5799728	166	18	0	4	7
tlm_multiply_gcd_forward_shift	5799728	5800130	402	99	0	0	2
tlm_multiply_gcd_forward_compare	5800130	5801067	937	146	0	45	46
tlm_multiply_gcd_forward_body	5801067	5802563	1496	199	0	99	100
tlm_multiply_gcd_forward_apply	5802563	5802564	1	0	0	0	0
tlm_multiply_gcd_forward_codec	5802564	5802567	3	0	0	0	0
tlm_multiply_gcd_forward_shift	5802567	5802965	398	98	0	0	2
tlm_multiply_gcd_forward_compare	5802965	5803899	934	145	0	45	46
tlm_multiply_gcd_forward_body	5803899	5805380	1481	197	0	98	99
tlm_multiply_gcd_forward_apply	5805380	5805381	1	0	0	0	0
tlm_multiply_gcd_forward_codec	5805381	5805384	3	0	0	0	0
tlm_multiply_gcd_forward_shift	5805384	5805778	394	97	0	0	2
tlm_multiply_gcd_forward_compare	5805778	5806709	931	144	0	45	46
tlm_multiply_gcd_forward_body	5806709	5808175	1466	195	0	97	98
tlm_multiply_gcd_forward_apply	5808175	5808176	1	0	0	0	0
tlm_multiply_gcd_forward_codec	5808176	5808342	166	18	0	4	7
tlm_multiply_gcd_forward_shift	5808342	5808732	390	96	0	0	2
tlm_multiply_gcd_forward_compare	5808732	5809660	928	143	0	45	46
tlm_multiply_gcd_forward_body	5809660	5811111	1451	193	0	96	97
tlm_multiply_gcd_forward_apply	5811111	5811112	1	0	0	0	0
tlm_multiply_gcd_forward_codec	5811112	5811115	3	0	0	0	0
tlm_multiply_gcd_forward_shift	5811115	5811501	386	95	0	0	2
tlm_multiply_gcd_forward_compare	5811501	5812440	939	143	0	46	47
tlm_multiply_gcd_forward_body	5812440	5813876	1436	191	0	95	96
tlm_multiply_gcd_forward_apply	5813876	5813877	1	0	0	0	0
tlm_multiply_gcd_forward_codec	5813877	5813880	3	0	0	0	0
tlm_multiply_gcd_forward_shift	5813880	5814262	382	94	0	0	2
tlm_multiply_gcd_forward_compare	5814262	5815184	922	141	0	45	46
tlm_multiply_gcd_forward_body	5815184	5816605	1421	189	0	94	95
tlm_multiply_gcd_forward_apply	5816605	5816606	1	0	0	0	0
tlm_multiply_gcd_forward_codec	5816606	5816772	166	18	0	4	7
tlm_multiply_gcd_forward_shift	5816772	5817150	378	93	0	0	2
tlm_multiply_gcd_forward_compare	5817150	5818069	919	140	0	45	46
tlm_multiply_gcd_forward_body	5818069	5819475	1406	187	0	93	94
tlm_multiply_gcd_forward_apply	5819475	5819476	1	0	0	0	0
tlm_multiply_gcd_forward_codec	5819476	5819479	3	0	0	0	0
tlm_multiply_gcd_forward_shift	5819479	5819853	374	92	0	0	2
tlm_multiply_gcd_forward_compare	5819853	5820783	930	140	0	46	47
tlm_multiply_gcd_forward_body	5820783	5822174	1391	185	0	92	93
tlm_multiply_gcd_forward_apply	5822174	5822175	1	0	0	0	0
tlm_multiply_gcd_forward_codec	5822175	5822178	3	0	0	0	0
tlm_multiply_gcd_forward_shift	5822178	5822548	370	91	0	0	2
tlm_multiply_gcd_forward_compare	5822548	5823475	927	139	0	46	47
tlm_multiply_gcd_forward_body	5823475	5824851	1376	183	0	91	92
tlm_multiply_gcd_forward_apply	5824851	5824852	1	0	0	0	0
tlm_multiply_gcd_forward_codec	5824852	5825018	166	18	0	4	7
tlm_multiply_gcd_forward_shift	5825018	5825384	366	90	0	0	2
tlm_multiply_gcd_forward_compare	5825384	5826308	924	138	0	46	47
tlm_multiply_gcd_forward_body	5826308	5827669	1361	181	0	90	91
tlm_multiply_gcd_forward_apply	5827669	5827670	1	0	0	0	0
tlm_multiply_gcd_forward_codec	5827670	5827673	3	0	0	0	0
tlm_multiply_gcd_forward_shift	5827673	5828035	362	89	0	0	2
tlm_multiply_gcd_forward_compare	5828035	5828970	935	138	0	47	48
tlm_multiply_gcd_forward_body	5828970	5830316	1346	179	0	89	90
tlm_multiply_gcd_forward_apply	5830316	5830317	1	0	0	0	0
tlm_multiply_gcd_forward_codec	5830317	5830320	3	0	0	0	0
tlm_multiply_gcd_forward_shift	5830320	5830678	358	88	0	0	2
tlm_multiply_gcd_forward_compare	5830678	5831596	918	136	0	46	47
tlm_multiply_gcd_forward_body	5831596	5832927	1331	177	0	88	89
tlm_multiply_gcd_forward_apply	5832927	5832928	1	0	0	0	0
tlm_multiply_gcd_forward_codec	5832928	5833094	166	18	0	4	7
tlm_multiply_gcd_forward_shift	5833094	5833448	354	87	0	0	2
tlm_multiply_gcd_forward_compare	5833448	5834363	915	135	0	46	47
tlm_multiply_gcd_forward_body	5834363	5835679	1316	175	0	87	88
tlm_multiply_gcd_forward_apply	5835679	5835680	1	0	0	0	0
tlm_multiply_gcd_forward_codec	5835680	5835683	3	0	0	0	0
tlm_multiply_gcd_forward_shift	5835683	5836033	350	86	0	0	2
tlm_multiply_gcd_forward_compare	5836033	5836959	926	135	0	47	48
tlm_multiply_gcd_forward_body	5836959	5838260	1301	173	0	86	87
tlm_multiply_gcd_forward_apply	5838260	5838261	1	0	0	0	0
tlm_multiply_gcd_forward_codec	5838261	5838264	3	0	0	0	0
tlm_multiply_gcd_forward_shift	5838264	5838610	346	85	0	0	2
tlm_multiply_gcd_forward_compare	5838610	5839519	909	133	0	46	47
tlm_multiply_gcd_forward_body	5839519	5840805	1286	171	0	85	86
tlm_multiply_gcd_forward_apply	5840805	5840806	1	0	0	0	0
tlm_multiply_gcd_forward_codec	5840806	5840972	166	18	0	4	7
tlm_multiply_gcd_forward_shift	5840972	5841314	342	84	0	0	2
tlm_multiply_gcd_forward_compare	5841314	5842220	906	132	0	46	47
tlm_multiply_gcd_forward_body	5842220	5843491	1271	169	0	84	85
tlm_multiply_gcd_forward_apply	5843491	5843492	1	0	0	0	0
tlm_multiply_gcd_forward_codec	5843492	5843495	3	0	0	0	0
tlm_multiply_gcd_forward_shift	5843495	5843833	338	83	0	0	2
tlm_multiply_gcd_forward_compare	5843833	5844750	917	132	0	47	48
tlm_multiply_gcd_forward_body	5844750	5846006	1256	167	0	83	84
tlm_multiply_gcd_forward_apply	5846006	5846007	1	0	0	0	0
tlm_multiply_gcd_forward_codec	5846007	5846010	3	0	0	0	0
tlm_multiply_gcd_forward_shift	5846010	5846344	334	82	0	0	2
tlm_multiply_gcd_forward_compare	5846344	5847258	914	131	0	47	48
tlm_multiply_gcd_forward_body	5847258	5848499	1241	165	0	82	83
tlm_multiply_gcd_forward_apply	5848499	5848500	1	0	0	0	0
tlm_multiply_gcd_forward_codec	5848500	5848666	166	18	0	4	7
tlm_multiply_gcd_forward_shift	5848666	5848996	330	81	0	0	2
tlm_multiply_gcd_forward_compare	5848996	5849907	911	130	0	47	48
tlm_multiply_gcd_forward_body	5849907	5851133	1226	163	0	81	82
tlm_multiply_gcd_forward_apply	5851133	5851134	1	0	0	0	0
tlm_multiply_gcd_forward_codec	5851134	5851137	3	0	0	0	0
tlm_multiply_gcd_forward_shift	5851137	5851463	326	80	0	0	2
tlm_multiply_gcd_forward_compare	5851463	5852371	908	129	0	47	48
tlm_multiply_gcd_forward_body	5852371	5853582	1211	161	0	80	81
tlm_multiply_gcd_forward_apply	5853582	5853583	1	0	0	0	0
tlm_multiply_gcd_forward_codec	5853583	5853586	3	0	0	0	0
tlm_multiply_gcd_forward_shift	5853586	5853908	322	79	0	0	2
tlm_multiply_gcd_forward_compare	5853908	5854813	905	128	0	47	48
tlm_multiply_gcd_forward_body	5854813	5856009	1196	159	0	79	80
tlm_multiply_gcd_forward_apply	5856009	5856010	1	0	0	0	0
tlm_multiply_gcd_forward_codec	5856010	5856176	166	18	0	4	7
tlm_multiply_gcd_forward_shift	5856176	5856494	318	78	0	0	2
tlm_multiply_gcd_forward_compare	5856494	5857396	902	127	0	47	48
tlm_multiply_gcd_forward_body	5857396	5858577	1181	157	0	78	79
tlm_multiply_gcd_forward_apply	5858577	5858578	1	0	0	0	0
tlm_multiply_gcd_forward_codec	5858578	5858581	3	0	0	0	0
tlm_multiply_gcd_forward_shift	5858581	5858895	314	77	0	0	2
tlm_multiply_gcd_forward_compare	5858895	5859794	899	126	0	47	48
tlm_multiply_gcd_forward_body	5859794	5860960	1166	155	0	77	78
tlm_multiply_gcd_forward_apply	5860960	5860961	1	0	0	0	0
tlm_multiply_gcd_forward_codec	5860961	5860964	3	0	0	0	0
tlm_multiply_gcd_forward_shift	5860964	5861274	310	76	0	0	2
tlm_multiply_gcd_forward_compare	5861274	5862184	910	126	0	48	49
tlm_multiply_gcd_forward_body	5862184	5863335	1151	153	0	76	77
tlm_multiply_gcd_forward_apply	5863335	5863336	1	0	0	0	0
tlm_multiply_gcd_forward_codec	5863336	5863502	166	18	0	4	7
tlm_multiply_gcd_forward_shift	5863502	5863808	306	75	0	0	2
tlm_multiply_gcd_forward_compare	5863808	5864729	921	126	0	49	50
tlm_multiply_gcd_forward_body	5864729	5865865	1136	151	0	75	76
tlm_multiply_gcd_forward_apply	5865865	5865866	1	0	0	0	0
tlm_multiply_gcd_forward_codec	5865866	5865869	3	0	0	0	0
tlm_multiply_gcd_forward_shift	5865869	5866171	302	74	0	0	2
tlm_multiply_gcd_forward_compare	5866171	5867075	904	124	0	48	49
tlm_multiply_gcd_forward_body	5867075	5868196	1121	149	0	74	75
tlm_multiply_gcd_forward_apply	5868196	5868197	1	0	0	0	0
tlm_multiply_gcd_forward_codec	5868197	5868200	3	0	0	0	0
tlm_multiply_gcd_forward_shift	5868200	5868498	298	73	0	0	2
tlm_multiply_gcd_forward_compare	5868498	5869399	901	123	0	48	49
tlm_multiply_gcd_forward_body	5869399	5870505	1106	147	0	73	74
tlm_multiply_gcd_forward_apply	5870505	5870506	1	0	0	0	0
tlm_multiply_gcd_forward_codec	5870506	5870672	166	18	0	4	7
tlm_multiply_gcd_forward_shift	5870672	5870966	294	72	0	0	2
tlm_multiply_gcd_forward_compare	5870966	5871864	898	122	0	48	49
tlm_multiply_gcd_forward_body	5871864	5872955	1091	145	0	72	73
tlm_multiply_gcd_forward_apply	5872955	5872956	1	0	0	0	0
tlm_multiply_gcd_forward_codec	5872956	5872959	3	0	0	0	0
tlm_multiply_gcd_forward_shift	5872959	5873249	290	71	0	0	2
tlm_multiply_gcd_forward_compare	5873249	5874144	895	121	0	48	49
tlm_multiply_gcd_forward_body	5874144	5875220	1076	143	0	71	72
tlm_multiply_gcd_forward_apply	5875220	5875221	1	0	0	0	0
tlm_multiply_gcd_forward_codec	5875221	5875224	3	0	0	0	0
tlm_multiply_gcd_forward_shift	5875224	5875510	286	70	0	0	2
tlm_multiply_gcd_forward_compare	5875510	5876402	892	120	0	48	49
tlm_multiply_gcd_forward_body	5876402	5877463	1061	141	0	70	71
tlm_multiply_gcd_forward_apply	5877463	5877464	1	0	0	0	0
tlm_multiply_gcd_forward_codec	5877464	5877630	166	18	0	4	7
tlm_multiply_gcd_forward_shift	5877630	5877912	282	69	0	0	2
tlm_multiply_gcd_forward_compare	5877912	5878801	889	119	0	48	49
tlm_multiply_gcd_forward_body	5878801	5879847	1046	139	0	69	70
tlm_multiply_gcd_forward_apply	5879847	5879848	1	0	0	0	0
tlm_multiply_gcd_forward_codec	5879848	5879851	3	0	0	0	0
tlm_multiply_gcd_forward_shift	5879851	5880129	278	68	0	0	2
tlm_multiply_gcd_forward_compare	5880129	5881029	900	119	0	49	50
tlm_multiply_gcd_forward_body	5881029	5882060	1031	137	0	68	69
tlm_multiply_gcd_forward_apply	5882060	5882061	1	0	0	0	0
tlm_multiply_gcd_forward_codec	5882061	5882064	3	0	0	0	0
tlm_multiply_gcd_forward_shift	5882064	5882338	274	67	0	0	2
tlm_multiply_gcd_forward_compare	5882338	5883221	883	117	0	48	49
tlm_multiply_gcd_forward_body	5883221	5884237	1016	135	0	67	68
tlm_multiply_gcd_forward_apply	5884237	5884238	1	0	0	0	0
tlm_multiply_gcd_forward_codec	5884238	5884404	166	18	0	4	7
tlm_multiply_gcd_forward_shift	5884404	5884674	270	66	0	0	2
tlm_multiply_gcd_forward_compare	5884674	5885554	880	116	0	48	49
tlm_multiply_gcd_forward_body	5885554	5886555	1001	133	0	66	67
tlm_multiply_gcd_forward_apply	5886555	5886556	1	0	0	0	0
tlm_multiply_gcd_forward_codec	5886556	5886559	3	0	0	0	0
tlm_multiply_gcd_forward_shift	5886559	5886825	266	65	0	0	2
tlm_multiply_gcd_forward_compare	5886825	5887702	877	115	0	48	49
tlm_multiply_gcd_forward_body	5887702	5888688	986	131	0	65	66
tlm_multiply_gcd_forward_apply	5888688	5888689	1	0	0	0	0
tlm_multiply_gcd_forward_codec	5888689	5888692	3	0	0	0	0
tlm_multiply_gcd_forward_shift	5888692	5888954	262	64	0	0	2
tlm_multiply_gcd_forward_compare	5888954	5889856	902	116	0	50	51
tlm_multiply_gcd_forward_body	5889856	5890827	971	129	0	64	65
tlm_multiply_gcd_forward_apply	5890827	5890828	1	0	0	0	0
tlm_multiply_gcd_forward_codec	5890828	5890994	166	18	0	4	7
tlm_multiply_gcd_forward_shift	5890994	5891252	258	63	0	0	2
tlm_multiply_gcd_forward_compare	5891252	5892137	885	114	0	49	50
tlm_multiply_gcd_forward_body	5892137	5893093	956	127	0	63	64
tlm_multiply_gcd_forward_apply	5893093	5893094	1	0	0	0	0
tlm_multiply_gcd_forward_codec	5893094	5893097	3	0	0	0	0
tlm_multiply_gcd_forward_shift	5893097	5893351	254	62	0	0	2
tlm_multiply_gcd_forward_compare	5893351	5894261	910	115	0	51	52
tlm_multiply_gcd_forward_body	5894261	5895202	941	125	0	62	63
tlm_multiply_gcd_forward_apply	5895202	5895203	1	0	0	0	0
tlm_multiply_gcd_forward_codec	5895203	5895206	3	0	0	0	0
tlm_multiply_gcd_forward_shift	5895206	5895456	250	61	0	0	2
tlm_multiply_gcd_forward_compare	5895456	5896363	907	114	0	51	52
tlm_multiply_gcd_forward_body	5896363	5897289	926	123	0	61	62
tlm_multiply_gcd_forward_apply	5897289	5897290	1	0	0	0	0
tlm_multiply_gcd_forward_codec	5897290	5897456	166	18	0	4	7
tlm_multiply_gcd_forward_shift	5897456	5897702	246	60	0	0	2
tlm_multiply_gcd_forward_compare	5897702	5898592	890	112	0	50	51
tlm_multiply_gcd_forward_body	5898592	5899503	911	121	0	60	61
tlm_multiply_gcd_forward_apply	5899503	5899504	1	0	0	0	0
tlm_multiply_gcd_forward_codec	5899504	5899507	3	0	0	0	0
tlm_multiply_gcd_forward_shift	5899507	5899749	242	59	0	0	2
tlm_multiply_gcd_forward_compare	5899749	5900664	915	113	0	52	53
tlm_multiply_gcd_forward_body	5900664	5901560	896	119	0	59	60
tlm_multiply_gcd_forward_apply	5901560	5901561	1	0	0	0	0
tlm_multiply_gcd_forward_codec	5901561	5901564	3	0	0	0	0
tlm_multiply_gcd_forward_shift	5901564	5901802	238	58	0	0	2
tlm_multiply_gcd_forward_compare	5901802	5902700	898	111	0	51	52
tlm_multiply_gcd_forward_body	5902700	5903581	881	117	0	58	59
tlm_multiply_gcd_forward_apply	5903581	5903582	1	0	0	0	0
tlm_multiply_gcd_forward_codec	5903582	5903748	166	18	0	4	7
tlm_multiply_gcd_forward_shift	5903748	5903982	234	57	0	0	2
tlm_multiply_gcd_forward_compare	5903982	5904891	909	111	0	52	53
tlm_multiply_gcd_forward_body	5904891	5905757	866	115	0	57	58
tlm_multiply_gcd_forward_apply	5905757	5905758	1	0	0	0	0
tlm_multiply_gcd_forward_codec	5905758	5905761	3	0	0	0	0
tlm_multiply_gcd_forward_shift	5905761	5905991	230	56	0	0	2
tlm_multiply_gcd_forward_compare	5905991	5906897	906	110	0	52	53
tlm_multiply_gcd_forward_body	5906897	5907748	851	113	0	56	57
tlm_multiply_gcd_forward_apply	5907748	5907749	1	0	0	0	0
tlm_multiply_gcd_forward_codec	5907749	5907752	3	0	0	0	0
tlm_multiply_gcd_forward_shift	5907752	5907978	226	55	0	0	2
tlm_multiply_gcd_forward_compare	5907978	5908881	903	109	0	52	53
tlm_multiply_gcd_forward_body	5908881	5909717	836	111	0	55	56
tlm_multiply_gcd_forward_apply	5909717	5909718	1	0	0	0	0
tlm_multiply_gcd_forward_codec	5909718	5909884	166	18	0	4	7
tlm_multiply_gcd_forward_shift	5909884	5910106	222	54	0	0	2
tlm_multiply_gcd_forward_compare	5910106	5911006	900	108	0	52	53
tlm_multiply_gcd_forward_body	5911006	5911827	821	109	0	54	55
tlm_multiply_gcd_forward_apply	5911827	5911828	1	0	0	0	0
tlm_multiply_gcd_forward_codec	5911828	5911831	3	0	0	0	0
tlm_multiply_gcd_forward_shift	5911831	5912049	218	53	0	0	2
tlm_multiply_gcd_forward_compare	5912049	5912946	897	107	0	52	53
tlm_multiply_gcd_forward_body	5912946	5913752	806	107	0	53	54
tlm_multiply_gcd_forward_apply	5913752	5913753	1	0	0	0	0
tlm_multiply_gcd_forward_codec	5913753	5913756	3	0	0	0	0
tlm_multiply_gcd_forward_shift	5913756	5913970	214	52	0	0	2
tlm_multiply_gcd_forward_compare	5913970	5914864	894	106	0	52	53
tlm_multiply_gcd_forward_body	5914864	5915655	791	105	0	52	53
tlm_multiply_gcd_forward_apply	5915655	5915656	1	0	0	0	0
tlm_multiply_gcd_forward_codec	5915656	5915822	166	18	0	4	7
tlm_multiply_gcd_forward_shift	5915822	5916032	210	51	0	0	2
tlm_multiply_gcd_forward_compare	5916032	5916909	877	104	0	51	52
tlm_multiply_gcd_forward_body	5916909	5917685	776	103	0	51	52
tlm_multiply_gcd_forward_apply	5917685	5917686	1	0	0	0	0
tlm_multiply_gcd_forward_codec	5917686	5917689	3	0	0	0	0
tlm_multiply_gcd_forward_shift	5917689	5917895	206	50	0	0	2
tlm_multiply_gcd_forward_compare	5917895	5918755	860	102	0	50	51
tlm_multiply_gcd_forward_body	5918755	5919516	761	101	0	50	51
tlm_multiply_gcd_forward_apply	5919516	5919517	1	0	0	0	0
tlm_multiply_gcd_forward_codec	5919517	5919520	3	0	0	0	0
tlm_multiply_gcd_forward_shift	5919520	5919722	202	49	0	0	2
tlm_multiply_gcd_forward_compare	5919722	5920565	843	100	0	49	50
tlm_multiply_gcd_forward_body	5920565	5921311	746	99	0	49	50
tlm_multiply_gcd_forward_apply	5921311	5921312	1	0	0	0	0
tlm_multiply_gcd_forward_codec	5921312	5921478	166	18	0	4	7
tlm_multiply_gcd_forward_shift	5921478	5921676	198	48	0	0	2
tlm_multiply_gcd_forward_compare	5921676	5922502	826	98	0	48	49
tlm_multiply_gcd_forward_body	5922502	5923233	731	97	0	48	49
tlm_multiply_gcd_forward_apply	5923233	5923234	1	0	0	0	0
tlm_multiply_gcd_forward_codec	5923234	5923237	3	0	0	0	0
tlm_multiply_gcd_forward_shift	5923237	5923431	194	47	0	0	2
tlm_multiply_gcd_forward_compare	5923431	5924240	809	96	0	47	48
tlm_multiply_gcd_forward_body	5924240	5924956	716	95	0	47	48
tlm_multiply_gcd_forward_apply	5924956	5924957	1	0	0	0	0
tlm_multiply_gcd_forward_codec	5924957	5924960	3	0	0	0	0
tlm_multiply_gcd_forward_shift	5924960	5925150	190	46	0	0	2
tlm_multiply_gcd_forward_compare	5925150	5925942	792	94	0	46	47
tlm_multiply_gcd_forward_body	5925942	5926643	701	93	0	46	47
tlm_multiply_gcd_forward_apply	5926643	5926644	1	0	0	0	0
tlm_multiply_gcd_forward_codec	5926644	5926810	166	18	0	4	7
tlm_multiply_gcd_forward_shift	5926810	5926996	186	45	0	0	2
tlm_multiply_gcd_forward_compare	5926996	5927771	775	92	0	45	46
tlm_multiply_gcd_forward_body	5927771	5928457	686	91	0	45	46
tlm_multiply_gcd_forward_apply	5928457	5928458	1	0	0	0	0
tlm_multiply_gcd_forward_codec	5928458	5928461	3	0	0	0	0
tlm_multiply_gcd_forward_shift	5928461	5928643	182	44	0	0	2
tlm_multiply_gcd_forward_compare	5928643	5929401	758	90	0	44	45
tlm_multiply_gcd_forward_body	5929401	5930072	671	89	0	44	45
tlm_multiply_gcd_forward_apply	5930072	5930073	1	0	0	0	0
tlm_multiply_gcd_forward_codec	5930073	5930076	3	0	0	0	0
tlm_multiply_gcd_forward_shift	5930076	5930254	178	43	0	0	2
tlm_multiply_gcd_forward_compare	5930254	5931009	755	89	0	44	45
tlm_multiply_gcd_forward_body	5931009	5931665	656	87	0	43	44
tlm_multiply_gcd_forward_apply	5931665	5931666	1	0	0	0	0
tlm_multiply_gcd_forward_codec	5931666	5931832	166	18	0	4	7
tlm_multiply_gcd_forward_shift	5931832	5932006	174	42	0	0	2
tlm_multiply_gcd_forward_compare	5932006	5932744	738	87	0	43	44
tlm_multiply_gcd_forward_body	5932744	5933385	641	85	0	42	43
tlm_multiply_gcd_forward_apply	5933385	5933386	1	0	0	0	0
tlm_multiply_gcd_forward_codec	5933386	5933389	3	0	0	0	0
tlm_multiply_gcd_forward_shift	5933389	5933559	170	41	0	0	2
tlm_multiply_gcd_forward_compare	5933559	5934280	721	85	0	42	43
tlm_multiply_gcd_forward_body	5934280	5934906	626	83	0	41	42
tlm_multiply_gcd_forward_apply	5934906	5934907	1	0	0	0	0
tlm_multiply_gcd_forward_codec	5934907	5934910	3	0	0	0	0
tlm_multiply_gcd_forward_shift	5934910	5935076	166	40	0	0	2
tlm_multiply_gcd_forward_compare	5935076	5935780	704	83	0	41	42
tlm_multiply_gcd_forward_body	5935780	5936391	611	81	0	40	41
tlm_multiply_gcd_forward_apply	5936391	5936392	1	0	0	0	0
tlm_multiply_gcd_forward_codec	5936392	5936558	166	18	0	4	7
tlm_multiply_gcd_forward_shift	5936558	5936720	162	39	0	0	2
tlm_multiply_gcd_forward_compare	5936720	5937407	687	81	0	40	41
tlm_multiply_gcd_forward_body	5937407	5938003	596	79	0	39	40
tlm_multiply_gcd_forward_apply	5938003	5938004	1	0	0	0	0
tlm_multiply_gcd_forward_codec	5938004	5938007	3	0	0	0	0
tlm_multiply_gcd_forward_shift	5938007	5938165	158	38	0	0	2
tlm_multiply_gcd_forward_compare	5938165	5938835	670	79	0	39	40
tlm_multiply_gcd_forward_body	5938835	5939416	581	77	0	38	39
tlm_multiply_gcd_forward_apply	5939416	5939417	1	0	0	0	0
tlm_multiply_gcd_forward_codec	5939417	5939420	3	0	0	0	0
tlm_multiply_gcd_forward_shift	5939420	5939574	154	37	0	0	2
tlm_multiply_gcd_forward_compare	5939574	5940227	653	77	0	38	39
tlm_multiply_gcd_forward_body	5940227	5940793	566	75	0	37	38
tlm_multiply_gcd_forward_apply	5940793	5940794	1	0	0	0	0
tlm_multiply_gcd_forward_codec	5940794	5940960	166	18	0	4	7
tlm_multiply_gcd_forward_shift	5940960	5941110	150	36	0	0	2
tlm_multiply_gcd_forward_compare	5941110	5941746	636	75	0	37	38
tlm_multiply_gcd_forward_body	5941746	5942297	551	73	0	36	37
tlm_multiply_gcd_forward_apply	5942297	5942298	1	0	0	0	0
tlm_multiply_gcd_forward_codec	5942298	5942301	3	0	0	0	0
tlm_multiply_gcd_forward_shift	5942301	5942447	146	35	0	0	2
tlm_multiply_gcd_forward_compare	5942447	5943066	619	73	0	36	37
tlm_multiply_gcd_forward_body	5943066	5943602	536	71	0	35	36
tlm_multiply_gcd_forward_apply	5943602	5943603	1	0	0	0	0
tlm_multiply_gcd_forward_codec	5943603	5943606	3	0	0	0	0
tlm_multiply_gcd_forward_shift	5943606	5943748	142	34	0	0	2
tlm_multiply_gcd_forward_compare	5943748	5944350	602	71	0	35	36
tlm_multiply_gcd_forward_body	5944350	5944871	521	69	0	34	35
tlm_multiply_gcd_forward_apply	5944871	5944872	1	0	0	0	0
tlm_multiply_gcd_forward_codec	5944872	5945038	166	18	0	4	7
tlm_multiply_gcd_forward_shift	5945038	5945176	138	33	0	0	2
tlm_multiply_gcd_forward_compare	5945176	5945761	585	69	0	34	35
tlm_multiply_gcd_forward_body	5945761	5946267	506	67	0	33	34
tlm_multiply_gcd_forward_apply	5946267	5946268	1	0	0	0	0
tlm_multiply_gcd_forward_codec	5946268	5946271	3	0	0	0	0
tlm_multiply_gcd_forward_shift	5946271	5946405	134	32	0	0	2
tlm_multiply_gcd_forward_compare	5946405	5946973	568	67	0	33	34
tlm_multiply_gcd_forward_body	5946973	5947464	491	65	0	32	33
tlm_multiply_gcd_forward_apply	5947464	5947465	1	0	0	0	0
tlm_multiply_gcd_forward_codec	5947465	5947468	3	0	0	0	0
tlm_multiply_gcd_forward_shift	5947468	5947598	130	31	0	0	2
tlm_multiply_gcd_forward_compare	5947598	5948149	551	65	0	32	33
tlm_multiply_gcd_forward_body	5948149	5948625	476	63	0	31	32
tlm_multiply_gcd_forward_apply	5948625	5948626	1	0	0	0	0
tlm_multiply_gcd_forward_codec	5948626	5948792	166	18	0	4	7
tlm_multiply_gcd_forward_shift	5948792	5948918	126	30	0	0	2
tlm_multiply_gcd_forward_compare	5948918	5949452	534	63	0	31	32
tlm_multiply_gcd_forward_body	5949452	5949913	461	61	0	30	31
tlm_multiply_gcd_forward_apply	5949913	5949914	1	0	0	0	0
tlm_multiply_gcd_forward_codec	5949914	5949917	3	0	0	0	0
tlm_multiply_gcd_forward_shift	5949917	5950039	122	29	0	0	2
tlm_multiply_gcd_forward_compare	5950039	5950556	517	61	0	30	31
tlm_multiply_gcd_forward_body	5950556	5951002	446	59	0	29	30
tlm_multiply_gcd_forward_apply	5951002	5951003	1	0	0	0	0
tlm_multiply_gcd_forward_codec	5951003	5951006	3	0	0	0	0
tlm_multiply_gcd_forward_shift	5951006	5951124	118	28	0	0	2
tlm_multiply_gcd_forward_compare	5951124	5951624	500	59	0	29	30
tlm_multiply_gcd_forward_body	5951624	5952055	431	57	0	28	29
tlm_multiply_gcd_forward_apply	5952055	5952056	1	0	0	0	0
tlm_multiply_gcd_forward_codec	5952056	5952222	166	18	0	4	7
tlm_multiply_gcd_forward_shift	5952222	5952336	114	27	0	0	2
tlm_multiply_gcd_forward_compare	5952336	5952819	483	57	0	28	29
tlm_multiply_gcd_forward_body	5952819	5953235	416	55	0	27	28
tlm_multiply_gcd_forward_apply	5953235	5953236	1	0	0	0	0
tlm_multiply_gcd_forward_codec	5953236	5953239	3	0	0	0	0
tlm_multiply_gcd_forward_shift	5953239	5953349	110	26	0	0	2
tlm_multiply_gcd_forward_compare	5953349	5953815	466	55	0	27	28
tlm_multiply_gcd_forward_body	5953815	5954216	401	53	0	26	27
tlm_multiply_gcd_forward_apply	5954216	5954217	1	0	0	0	0
tlm_multiply_gcd_forward_codec	5954217	5954220	3	0	0	0	0
tlm_multiply_gcd_forward_shift	5954220	5954326	106	25	0	0	2
tlm_multiply_gcd_forward_compare	5954326	5954775	449	53	0	26	27
tlm_multiply_gcd_forward_body	5954775	5955161	386	51	0	25	26
tlm_multiply_gcd_forward_apply	5955161	5955162	1	0	0	0	0
tlm_multiply_gcd_forward_codec	5955162	5955328	166	18	0	4	7
tlm_multiply_gcd_forward_shift	5955328	5955426	98	22	0	0	6
tlm_multiply_gcd_forward_compare	5955426	5955838	412	48	0	24	25
tlm_multiply_gcd_forward_body	5955838	5956179	341	45	0	22	23
tlm_multiply_gcd_forward_apply	5956179	5956180	1	0	0	0	0
tlm_multiply_gcd_forward_codec	5956180	5956183	3	0	0	0	0
tlm_multiply_gcd_forward_shift	5956183	5956273	90	21	0	0	2
tlm_multiply_gcd_forward_compare	5956273	5956668	395	46	0	23	24
tlm_multiply_gcd_forward_body	5956668	5956994	326	43	0	21	22
tlm_multiply_gcd_forward_apply	5956994	5956995	1	0	0	0	0
tlm_multiply_gcd_forward_codec	5956995	5956998	3	0	0	0	0
tlm_multiply_gcd_forward_shift	5956998	5957084	86	20	0	0	2
tlm_multiply_gcd_forward_compare	5957084	5957462	378	44	0	22	23
tlm_multiply_gcd_forward_body	5957462	5957773	311	41	0	20	21
tlm_multiply_gcd_forward_apply	5957773	5957774	1	0	0	0	0
tlm_multiply_gcd_forward_codec	5957774	5957940	166	18	0	4	7
tlm_multiply_gcd_forward_shift	5957940	5958022	82	19	0	0	2
tlm_multiply_gcd_forward_compare	5958022	5958383	361	42	0	21	22
tlm_multiply_gcd_forward_body	5958383	5958679	296	39	0	19	20
tlm_multiply_gcd_forward_apply	5958679	5958680	1	0	0	0	0
tlm_multiply_gcd_forward_codec	5958680	5958683	3	0	0	0	0
tlm_multiply_gcd_forward_shift	5958683	5958761	78	18	0	0	2
tlm_multiply_gcd_forward_compare	5958761	5959105	344	40	0	20	21
tlm_multiply_gcd_forward_body	5959105	5959386	281	37	0	18	19
tlm_multiply_gcd_forward_apply	5959386	5959387	1	0	0	0	0
tlm_multiply_gcd_forward_codec	5959387	5959390	3	0	0	0	0
tlm_multiply_gcd_forward_shift	5959390	5959464	74	17	0	0	2
tlm_multiply_gcd_forward_compare	5959464	5959791	327	38	0	19	20
tlm_multiply_gcd_forward_body	5959791	5960057	266	35	0	17	18
tlm_multiply_gcd_forward_apply	5960057	5960058	1	0	0	0	0
tlm_multiply_gcd_forward_codec	5960058	5960224	166	18	0	4	7
tlm_multiply_gcd_forward_shift	5960224	5960296	72	17	0	0	0
tlm_multiply_gcd_forward_compare	5960296	5960623	327	38	0	19	20
tlm_multiply_gcd_forward_body	5960623	5960889	266	35	0	17	18
tlm_multiply_gcd_forward_apply	5960889	5960890	1	0	0	0	0
tlm_multiply_gcd_forward_codec	5960890	5960893	3	0	0	0	0
tlm_multiply_gcd_forward_shift	5960893	5960963	70	16	0	0	2
tlm_multiply_gcd_forward_compare	5960963	5961273	310	36	0	18	19
tlm_multiply_gcd_forward_body	5961273	5961524	251	33	0	16	17
tlm_multiply_gcd_forward_apply	5961524	5961525	1	0	0	0	0
tlm_multiply_gcd_forward_codec	5961525	5961528	3	0	0	0	0
tlm_multiply_gcd_forward_shift	5961528	5961596	68	16	0	0	0
tlm_multiply_gcd_forward_compare	5961596	5961906	310	36	0	18	19
tlm_multiply_gcd_forward_body	5961906	5962157	251	33	0	16	17
tlm_multiply_gcd_forward_apply	5962157	5962158	1	0	0	0	0
tlm_multiply_gcd_forward_codec	5962158	5962324	166	18	0	4	7
tlm_multiply_gcd_forward_shift	5962324	5962390	66	15	0	0	2
tlm_multiply_gcd_forward_compare	5962390	5962683	293	34	0	17	18
tlm_multiply_gcd_forward_body	5962683	5962919	236	31	0	15	16
tlm_multiply_gcd_forward_apply	5962919	5962920	1	0	0	0	0
tlm_multiply_gcd_forward_codec	5962920	5962923	3	0	0	0	0
tlm_multiply_gcd_forward_shift	5962923	5962985	62	14	0	0	2
tlm_multiply_gcd_forward_compare	5962985	5963261	276	32	0	16	17
tlm_multiply_gcd_forward_body	5963261	5963482	221	29	0	14	15
tlm_multiply_gcd_forward_apply	5963482	5963483	1	0	0	0	0
tlm_multiply_gcd_forward_codec	5963483	5963486	3	0	0	0	0
tlm_multiply_gcd_forward_shift	5963486	5963544	58	13	0	0	2
tlm_multiply_gcd_forward_compare	5963544	5963803	259	30	0	15	16
tlm_multiply_gcd_forward_body	5963803	5964009	206	27	0	13	14
tlm_multiply_gcd_forward_apply	5964009	5964010	1	0	0	0	0
tlm_multiply_gcd_forward_codec	5964010	5964176	166	18	0	4	7
tlm_multiply_gcd_forward_shift	5964176	5964232	56	13	0	0	0
tlm_multiply_gcd_forward_compare	5964232	5964491	259	30	0	15	16
tlm_multiply_gcd_forward_body	5964491	5964697	206	27	0	13	14
tlm_multiply_gcd_forward_apply	5964697	5964698	1	0	0	0	0
tlm_multiply_gcd_forward_codec	5964698	5964701	3	0	0	0	0
tlm_multiply_gcd_forward_shift	5964701	5964755	54	12	0	0	2
tlm_multiply_gcd_forward_compare	5964755	5964997	242	28	0	14	15
tlm_multiply_gcd_forward_body	5964997	5965188	191	25	0	12	13
tlm_multiply_gcd_forward_apply	5965188	5965189	1	0	0	0	0
tlm_multiply_gcd_forward_codec	5965189	5965192	3	0	0	0	0
tlm_multiply_gcd_forward_shift	5965192	5965244	52	12	0	0	0
tlm_multiply_gcd_forward_compare	5965244	5965486	242	28	0	14	15
tlm_multiply_gcd_forward_body	5965486	5965677	191	25	0	12	13
tlm_multiply_gcd_forward_apply	5965677	5965678	1	0	0	0	0
tlm_multiply_gcd_forward_codec	5965678	5965844	166	18	0	4	7
tlm_multiply_gcd_forward_shift	5965844	5965896	52	12	0	0	0
tlm_multiply_gcd_forward_compare	5965896	5966138	242	28	0	14	15
tlm_multiply_gcd_forward_body	5966138	5966329	191	25	0	12	13
tlm_multiply_gcd_forward_apply	5966329	5966330	1	0	0	0	0
tlm_multiply_gcd_forward_codec	5966330	5966333	3	0	0	0	0
tlm_multiply_gcd_forward_shift	5966333	5966381	48	10	0	0	4
tlm_multiply_gcd_forward_compare	5966381	5966589	208	24	0	12	13
tlm_multiply_gcd_forward_body	5966589	5966750	161	21	0	10	11
tlm_multiply_gcd_forward_apply	5966750	5966751	1	0	0	0	0
tlm_multiply_gcd_forward_codec	5966751	5966754	3	0	0	0	0
tlm_multiply_gcd_forward_shift	5966754	5966798	44	10	0	0	0
tlm_multiply_gcd_forward_compare	5966798	5967006	208	24	0	12	13
tlm_multiply_gcd_forward_body	5967006	5967167	161	21	0	10	11
tlm_multiply_gcd_forward_apply	5967167	5967168	1	0	0	0	0
tlm_multiply_gcd_forward_codec	5967168	5967334	166	18	0	4	7
tlm_multiply_gcd_forward_shift	5967334	5967374	40	8	0	0	4
tlm_multiply_gcd_forward_compare	5967374	5967548	174	20	0	10	11
tlm_multiply_gcd_forward_body	5967548	5967679	131	17	0	8	9
tlm_multiply_gcd_forward_apply	5967679	5967680	1	0	0	0	0
tlm_multiply_gcd_forward_codec	5967680	5967683	3	0	0	0	0
tlm_multiply_gcd_forward_shift	5967683	5967717	34	7	0	0	2
tlm_multiply_gcd_forward_compare	5967717	5967874	157	18	0	9	10
tlm_multiply_gcd_forward_body	5967874	5967990	116	15	0	7	8
tlm_multiply_gcd_forward_apply	5967990	5967991	1	0	0	0	0
tlm_multiply_gcd_forward_codec	5967991	5967994	3	0	0	0	0
tlm_multiply_gcd_forward_shift	5967994	5968026	32	7	0	0	0
tlm_multiply_gcd_forward_compare	5968026	5968183	157	18	0	9	10
tlm_multiply_gcd_forward_body	5968183	5968299	116	15	0	7	8
tlm_multiply_gcd_forward_apply	5968299	5968300	1	0	0	0	0
tlm_multiply_gcd_forward_codec	5968300	5968466	166	18	0	4	7
tlm_multiply_gcd_forward_shift	5968466	5968498	32	7	0	0	0
tlm_multiply_gcd_forward_compare	5968498	5968655	157	18	0	9	10
tlm_multiply_gcd_forward_body	5968655	5968771	116	15	0	7	8
tlm_multiply_gcd_forward_apply	5968771	5968772	1	0	0	0	0
tlm_multiply_gcd_forward_codec	5968772	5968775	3	0	0	0	0
tlm_multiply_gcd_forward_shift	5968775	5968807	32	7	0	0	0
tlm_multiply_gcd_forward_compare	5968807	5968964	157	18	0	9	10
tlm_multiply_gcd_forward_body	5968964	5969080	116	15	0	7	8
tlm_multiply_gcd_forward_apply	5969080	5969081	1	0	0	0	0
tlm_multiply_gcd_forward_codec	5969081	5969099	18	2	0	1	1
tlm_gcd_step_end	5969099	5969378	279	0	0	0	21
tlm_multiply_gcd_reverse_decode	5969378	5969395	17	3	0	0	3
tlm_multiply_gcd_reverse_apply	5969395	5969396	1	0	0	0	0
tlm_apply_forward_fold	5969396	5970713	1317	155	0	52	106
tlm_multiply_gcd_reverse_body	5970713	5971001	288	39	0	17	18
tlm_multiply_gcd_reverse_decode	5971001	5971007	6	0	0	0	3
tlm_multiply_gcd_reverse_apply	5971007	5971008	1	0	0	0	0
tlm_apply_forward_mod_add_register	5971008	5974411	3403	769	12	156	158
tlm_apply_forward_mod_add_fold	5974411	5975360	949	94	7	94	94
tlm_apply_forward_mod_add_clean	5975360	5975603	243	25	0	14	16
tlm_apply_forward_fold	5975603	5977786	2183	404	0	66	112
tlm_multiply_gcd_reverse_body	5977786	5978074	288	39	0	17	18
tlm_multiply_gcd_reverse_decode	5978074	5978238	164	19	0	3	8
tlm_multiply_gcd_reverse_apply	5978238	5978239	1	0	0	0	0
tlm_apply_forward_mod_add_register	5978239	5981906	3667	769	13	182	184
tlm_apply_forward_mod_add_fold	5981906	5982819	913	91	6	91	91
tlm_apply_forward_mod_add_clean	5982819	5983068	249	24	0	15	17
tlm_apply_forward_swap	5983068	5983836	768	256	0	0	0
tlm_apply_forward_fold	5983836	5986000	2164	401	0	65	110
tlm_multiply_gcd_reverse_body	5986000	5986288	288	39	0	17	18
tlm_multiply_gcd_reverse_decode	5986288	5986294	6	0	0	0	3
tlm_multiply_gcd_reverse_apply	5986294	5986295	1	0	0	0	0
tlm_apply_forward_mod_add_register	5986295	5990874	4579	769	16	272	274
tlm_apply_forward_mod_add_fold	5990874	5991795	921	91	6	91	91
tlm_apply_forward_mod_add_clean	5991795	5992062	267	21	0	18	20
tlm_apply_forward_swap	5992062	5992830	768	256	0	0	0
tlm_apply_forward_fold	5992830	5994973	2143	397	0	65	108
tlm_multiply_gcd_reverse_body	5994973	5995261	288	39	0	17	18
tlm_multiply_gcd_reverse_decode	5995261	5995267	6	0	0	0	3
tlm_multiply_gcd_reverse_apply	5995267	5995268	1	0	0	0	0
tlm_apply_forward_mod_add_register	5995268	6000191	4923	769	17	306	308
tlm_apply_forward_mod_add_fold	6000191	6001098	907	88	8	88	88
tlm_apply_forward_mod_add_clean	6001098	6001371	273	20	0	19	21
tlm_apply_forward_swap	6001371	6002139	768	256	0	0	0
tlm_apply_forward_fold	6002139	6004272	2133	395	0	65	107
tlm_multiply_gcd_reverse_body	6004272	6004594	322	44	0	19	20
tlm_multiply_gcd_reverse_decode	6004594	6004758	164	19	0	3	8
tlm_multiply_gcd_reverse_apply	6004758	6004759	1	0	0	0	0
tlm_apply_forward_mod_add_register	6004759	6008710	3951	769	14	210	212
tlm_apply_forward_mod_add_fold	6008710	6009627	917	91	6	91	91
tlm_apply_forward_mod_add_clean	6009627	6009882	255	23	0	16	18
tlm_apply_forward_swap	6009882	6010650	768	256	0	0	0
tlm_apply_forward_fold	6010650	6012814	2164	401	0	65	110
tlm_multiply_gcd_reverse_body	6012814	6013204	390	54	0	23	24
tlm_multiply_gcd_reverse_decode	6013204	6013210	6	0	0	0	3
tlm_multiply_gcd_reverse_apply	6013210	6013211	1	0	0	0	0
tlm_apply_forward_mod_add_register	6013211	6018134	4923	769	17	306	308
tlm_apply_forward_mod_add_fold	6018134	6019041	907	88	8	88	88
tlm_apply_forward_mod_add_clean	6019041	6019314	273	20	0	19	21
tlm_apply_forward_swap	6019314	6020082	768	256	0	0	0
tlm_apply_forward_fold	6020082	6022215	2133	395	0	65	107
tlm_multiply_gcd_reverse_body	6022215	6022605	390	54	0	23	24
tlm_multiply_gcd_reverse_decode	6022605	6022611	6	0	0	0	3
tlm_multiply_gcd_reverse_apply	6022611	6022612	1	0	0	0	0
tlm_apply_forward_mod_add_register	6022612	6027191	4579	769	16	272	274
tlm_apply_forward_mod_add_fold	6027191	6028112	921	91	6	91	91
tlm_apply_forward_mod_add_clean	6028112	6028379	267	21	0	18	20
tlm_apply_forward_swap	6028379	6029147	768	256	0	0	0
tlm_apply_forward_fold	6029147	6031290	2143	397	0	65	108
tlm_multiply_gcd_reverse_body	6031290	6031748	458	64	0	27	28
tlm_multiply_gcd_reverse_decode	6031748	6031912	164	19	0	3	8
tlm_multiply_gcd_reverse_apply	6031912	6031913	1	0	0	0	0
tlm_apply_forward_mod_add_register	6031913	6036836	4923	769	17	306	308
tlm_apply_forward_mod_add_fold	6036836	6037743	907	88	8	88	88
tlm_apply_forward_mod_add_clean	6037743	6038016	273	20	0	19	21
tlm_apply_forward_swap	6038016	6038784	768	256	0	0	0
tlm_apply_forward_fold	6038784	6040917	2133	395	0	65	107
tlm_multiply_gcd_reverse_body	6040917	6041375	458	64	0	27	28
tlm_multiply_gcd_reverse_decode	6041375	6041381	6	0	0	0	3
tlm_multiply_gcd_reverse_apply	6041381	6041382	1	0	0	0	0
tlm_apply_forward_mod_add_register	6041382	6047457	6075	769	20	420	422
tlm_apply_forward_mod_add_fold	6047457	6048330	873	85	6	85	85
tlm_apply_forward_mod_add_clean	6048330	6048609	279	19	0	20	22
tlm_apply_forward_swap	6048609	6049377	768	256	0	0	0
tlm_apply_forward_fold	6049377	6051727	2350	349	0	95	129
tlm_multiply_gcd_reverse_body	6051727	6052185	458	64	0	27	28
tlm_multiply_gcd_reverse_decode	6052185	6052191	6	0	0	0	3
tlm_multiply_gcd_reverse_apply	6052191	6052192	1	0	0	0	0
tlm_apply_forward_mod_add_register	6052192	6058691	6499	769	21	462	464
tlm_apply_forward_mod_add_fold	6058691	6059528	837	82	5	82	82
tlm_apply_forward_mod_add_clean	6059528	6059807	279	19	0	20	22
tlm_apply_forward_swap	6059807	6060575	768	256	0	0	0
tlm_apply_forward_fold	6060575	6062925	2350	349	0	95	129
tlm_multiply_gcd_reverse_body	6062925	6063417	492	69	0	29	30
tlm_multiply_gcd_reverse_decode	6063417	6063581	164	19	0	3	8
tlm_multiply_gcd_reverse_apply	6063581	6063582	1	0	0	0	0
tlm_apply_forward_mod_add_register	6063582	6070525	6943	769	22	506	508
tlm_apply_forward_mod_add_fold	6070525	6071362	837	82	5	82	82
tlm_apply_forward_mod_add_clean	6071362	6071641	279	19	0	20	22
tlm_apply_forward_swap	6071641	6072409	768	256	0	0	0
tlm_apply_forward_fold	6072409	6074759	2350	349	0	95	129
tlm_multiply_gcd_reverse_body	6074759	6075251	492	69	0	29	30
tlm_multiply_gcd_reverse_decode	6075251	6075257	6	0	0	0	3
tlm_multiply_gcd_reverse_apply	6075257	6075258	1	0	0	0	0
tlm_apply_forward_mod_add_register	6075258	6082231	6973	767	18	511	513
tlm_apply_forward_mod_add_fold	6082231	6083066	835	82	5	82	82
tlm_apply_forward_mod_add_clean	6083066	6083345	279	19	0	20	22
tlm_apply_forward_swap	6083345	6084113	768	256	0	0	0
tlm_apply_forward_fold	6084113	6086463	2350	349	0	95	129
tlm_multiply_gcd_reverse_body	6086463	6086989	526	74	0	31	32
tlm_multiply_gcd_reverse_decode	6086989	6086995	6	0	0	0	3
tlm_multiply_gcd_reverse_apply	6086995	6086996	1	0	0	0	0
tlm_apply_forward_mod_add_register	6086996	6093934	6938	765	16	509	512
tlm_apply_forward_mod_add_fold	6093934	6094769	835	82	5	82	82
tlm_apply_forward_mod_add_clean	6094769	6095048	279	19	0	20	22
tlm_apply_forward_swap	6095048	6095816	768	256	0	0	0
tlm_apply_forward_fold	6095816	6098166	2350	349	0	95	129
tlm_multiply_gcd_reverse_body	6098166	6098726	560	79	0	33	34
tlm_multiply_gcd_reverse_decode	6098726	6098890	164	19	0	3	8
tlm_multiply_gcd_reverse_apply	6098890	6098891	1	0	0	0	0
tlm_apply_forward_mod_add_register	6098891	6105864	6973	767	18	511	513
tlm_apply_forward_mod_add_fold	6105864	6106699	835	82	5	82	82
tlm_apply_forward_mod_add_clean	6106699	6106978	279	19	0	20	22
tlm_apply_forward_swap	6106978	6107746	768	256	0	0	0
tlm_apply_forward_fold	6107746	6110096	2350	349	0	95	129
tlm_multiply_gcd_reverse_body	6110096	6110690	594	84	0	35	36
tlm_multiply_gcd_reverse_decode	6110690	6110696	6	0	0	0	3
tlm_multiply_gcd_reverse_apply	6110696	6110697	1	0	0	0	0
tlm_apply_forward_mod_add_register	6110697	6117527	6830	758	13	502	507
tlm_apply_forward_mod_add_fold	6117527	6118340	813	79	6	79	79
tlm_apply_forward_mod_add_clean	6118340	6118619	279	19	0	20	22
tlm_apply_forward_swap	6118619	6119387	768	256	0	0	0
tlm_apply_forward_fold	6119387	6121737	2350	349	0	95	129
tlm_multiply_gcd_reverse_body	6121737	6122331	594	84	0	35	36
tlm_multiply_gcd_reverse_decode	6122331	6122337	6	0	0	0	3
tlm_multiply_gcd_reverse_apply	6122337	6122338	1	0	0	0	0
tlm_apply_forward_mod_add_register	6122338	6129095	6757	753	12	497	503
tlm_apply_forward_mod_add_fold	6129095	6129908	813	79	6	79	79
tlm_apply_forward_mod_add_clean	6129908	6130187	279	19	0	20	22
tlm_apply_forward_swap	6130187	6130955	768	256	0	0	0
tlm_apply_forward_fold	6130955	6133305	2350	349	0	95	129
tlm_multiply_gcd_reverse_body	6133305	6133933	628	89	0	37	38
tlm_multiply_gcd_reverse_decode	6133933	6134097	164	19	0	3	8
tlm_multiply_gcd_reverse_apply	6134097	6134098	1	0	0	0	0
tlm_apply_forward_mod_add_register	6134098	6140772	6674	747	12	491	498
tlm_apply_forward_mod_add_fold	6140772	6141559	787	77	5	77	77
tlm_apply_forward_mod_add_clean	6141559	6141838	279	19	0	20	22
tlm_apply_forward_swap	6141838	6142606	768	256	0	0	0
tlm_apply_forward_fold	6142606	6144956	2350	349	0	95	129
tlm_multiply_gcd_reverse_body	6144956	6145584	628	89	0	37	38
tlm_multiply_gcd_reverse_decode	6145584	6145590	6	0	0	0	3
tlm_multiply_gcd_reverse_apply	6145590	6145591	1	0	0	0	0
tlm_apply_forward_mod_add_register	6145591	6152335	6744	753	15	496	497
tlm_apply_forward_mod_add_fold	6152335	6153122	787	77	5	77	77
tlm_apply_forward_mod_add_clean	6153122	6153401	279	19	0	20	22
tlm_apply_forward_swap	6153401	6154169	768	256	0	0	0
tlm_apply_forward_fold	6154169	6156519	2350	349	0	95	129
tlm_multiply_gcd_reverse_body	6156519	6157181	662	94	0	39	40
tlm_multiply_gcd_reverse_decode	6157181	6157187	6	0	0	0	3
tlm_multiply_gcd_reverse_apply	6157187	6157188	1	0	0	0	0
tlm_apply_forward_mod_add_register	6157188	6163864	6676	749	12	492	493
tlm_apply_forward_mod_add_fold	6163864	6164615	751	74	4	74	74
tlm_apply_forward_mod_add_clean	6164615	6164894	279	19	0	20	22
tlm_apply_forward_swap	6164894	6165662	768	256	0	0	0
tlm_apply_forward_fold	6165662	6168012	2350	349	0	95	129
tlm_multiply_gcd_reverse_body	6168012	6168708	696	99	0	41	42
tlm_multiply_gcd_reverse_decode	6168708	6168872	164	19	0	3	8
tlm_multiply_gcd_reverse_apply	6168872	6168873	1	0	0	0	0
tlm_apply_forward_mod_add_register	6168873	6175617	6744	753	15	496	497
tlm_apply_forward_mod_add_fold	6175617	6176404	787	77	5	77	77
tlm_apply_forward_mod_add_clean	6176404	6176683	279	19	0	20	22
tlm_apply_forward_swap	6176683	6177451	768	256	0	0	0
tlm_apply_forward_fold	6177451	6179801	2350	349	0	95	129
tlm_multiply_gcd_reverse_body	6179801	6180531	730	104	0	43	44
tlm_multiply_gcd_reverse_decode	6180531	6180537	6	0	0	0	3
tlm_multiply_gcd_reverse_apply	6180537	6180538	1	0	0	0	0
tlm_apply_forward_mod_add_register	6180538	6187214	6676	749	12	492	493
tlm_apply_forward_mod_add_fold	6187214	6187965	751	74	4	74	74
tlm_apply_forward_mod_add_clean	6187965	6188244	279	19	0	20	22
tlm_apply_forward_swap	6188244	6189012	768	256	0	0	0
tlm_apply_forward_fold	6189012	6191362	2350	349	0	95	129
tlm_multiply_gcd_reverse_body	6191362	6192126	764	109	0	45	46
tlm_multiply_gcd_reverse_decode	6192126	6192132	6	0	0	0	3
tlm_multiply_gcd_reverse_apply	6192132	6192133	1	0	0	0	0
tlm_apply_forward_mod_add_register	6192133	6198777	6644	747	11	490	491
tlm_apply_forward_mod_add_fold	6198777	6199528	751	74	4	74	74
tlm_apply_forward_mod_add_clean	6199528	6199807	279	19	0	20	22
tlm_apply_forward_swap	6199807	6200575	768	256	0	0	0
tlm_apply_forward_fold	6200575	6202925	2350	349	0	95	129
tlm_multiply_gcd_reverse_body	6202925	6203723	798	114	0	47	48
tlm_multiply_gcd_reverse_decode	6203723	6203887	164	19	0	3	8
tlm_multiply_gcd_reverse_apply	6203887	6203888	1	0	0	0	0
tlm_apply_forward_mod_add_register	6203888	6210718	6830	758	13	502	507
tlm_apply_forward_mod_add_fold	6210718	6211531	813	79	6	79	79
tlm_apply_forward_mod_add_clean	6211531	6211810	279	19	0	20	22
tlm_apply_forward_swap	6211810	6212578	768	256	0	0	0
tlm_apply_forward_fold	6212578	6214928	2350	349	0	95	129
tlm_multiply_gcd_reverse_body	6214928	6215814	886	128	0	52	53
tlm_multiply_gcd_reverse_decode	6215814	6215820	6	0	0	0	3
tlm_multiply_gcd_reverse_apply	6215820	6215821	1	0	0	0	0
tlm_apply_forward_mod_add_register	6215821	6222578	6757	753	12	497	503
tlm_apply_forward_mod_add_fold	6222578	6223365	787	77	5	77	77
tlm_apply_forward_mod_add_clean	6223365	6223644	279	19	0	20	22
tlm_apply_forward_swap	6223644	6224412	768	256	0	0	0
tlm_apply_forward_fold	6224412	6226762	2350	349	0	95	129
tlm_multiply_gcd_reverse_body	6226762	6227682	920	133	0	54	55
tlm_multiply_gcd_reverse_decode	6227682	6227688	6	0	0	0	3
tlm_multiply_gcd_reverse_apply	6227688	6227689	1	0	0	0	0
tlm_apply_forward_mod_add_register	6227689	6234363	6674	747	12	491	498
tlm_apply_forward_mod_add_fold	6234363	6235150	787	77	5	77	77
tlm_apply_forward_mod_add_clean	6235150	6235429	279	19	0	20	22
tlm_apply_forward_swap	6235429	6236197	768	256	0	0	0
tlm_apply_forward_fold	6236197	6238547	2350	349	0	95	129
tlm_multiply_gcd_reverse_body	6238547	6239501	954	138	0	56	57
tlm_multiply_gcd_reverse_decode	6239501	6239665	164	19	0	3	8
tlm_multiply_gcd_reverse_apply	6239665	6239666	1	0	0	0	0
tlm_apply_forward_mod_add_register	6239666	6246423	6757	753	12	497	503
tlm_apply_forward_mod_add_fold	6246423	6247210	787	77	5	77	77
tlm_apply_forward_mod_add_clean	6247210	6247489	279	19	0	20	22
tlm_apply_forward_swap	6247489	6248257	768	256	0	0	0
tlm_apply_forward_fold	6248257	6250607	2350	349	0	95	129
tlm_multiply_gcd_reverse_body	6250607	6251583	976	145	0	56	57
tlm_multiply_gcd_reverse_decode	6251583	6251589	6	0	0	0	3
tlm_multiply_gcd_reverse_apply	6251589	6251590	1	0	0	0	0
tlm_apply_forward_mod_add_register	6251590	6258264	6674	747	12	491	498
tlm_apply_forward_mod_add_fold	6258264	6259051	787	77	5	77	77
tlm_apply_forward_mod_add_clean	6259051	6259330	279	19	0	20	22
tlm_apply_forward_swap	6259330	6260098	768	256	0	0	0
tlm_apply_forward_fold	6260098	6262448	2350	349	0	95	129
tlm_multiply_gcd_reverse_body	6262448	6263458	1010	150	0	58	59
tlm_multiply_gcd_reverse_decode	6263458	6263464	6	0	0	0	3
tlm_multiply_gcd_reverse_apply	6263464	6263465	1	0	0	0	0
tlm_apply_forward_mod_add_register	6263465	6270209	6744	753	15	496	497
tlm_apply_forward_mod_add_fold	6270209	6270996	787	77	5	77	77
tlm_apply_forward_mod_add_clean	6270996	6271275	279	19	0	20	22
tlm_apply_forward_swap	6271275	6272043	768	256	0	0	0
tlm_apply_forward_fold	6272043	6274393	2350	349	0	95	129
tlm_multiply_gcd_reverse_body	6274393	6275437	1044	155	0	60	61
tlm_multiply_gcd_reverse_decode	6275437	6275601	164	19	0	3	8
tlm_multiply_gcd_reverse_apply	6275601	6275602	1	0	0	0	0
tlm_apply_forward_mod_add_register	6275602	6282276	6674	747	12	491	498
tlm_apply_forward_mod_add_fold	6282276	6283063	787	77	5	77	77
tlm_apply_forward_mod_add_clean	6283063	6283342	279	19	0	20	22
tlm_apply_forward_swap	6283342	6284110	768	256	0	0	0
tlm_apply_forward_fold	6284110	6286460	2350	349	0	95	129
tlm_multiply_gcd_reverse_body	6286460	6287559	1099	164	1	62	64
tlm_multiply_gcd_reverse_decode	6287559	6287565	6	0	0	0	3
tlm_multiply_gcd_reverse_apply	6287565	6287566	1	0	0	0	0
tlm_apply_forward_mod_add_register	6287566	6294310	6744	753	15	496	497
tlm_apply_forward_mod_add_fold	6294310	6295097	787	77	5	77	77
tlm_apply_forward_mod_add_clean	6295097	6295376	279	19	0	20	22
tlm_apply_forward_swap	6295376	6296144	768	256	0	0	0
tlm_apply_forward_fold	6296144	6298494	2350	349	0	95	129
tlm_multiply_gcd_reverse_body	6298494	6299627	1133	169	1	64	66
tlm_multiply_gcd_reverse_decode	6299627	6299633	6	0	0	0	3
tlm_multiply_gcd_reverse_apply	6299633	6299634	1	0	0	0	0
tlm_apply_forward_mod_add_register	6299634	6306310	6676	749	12	492	493
tlm_apply_forward_mod_add_fold	6306310	6307061	751	74	4	74	74
tlm_apply_forward_mod_add_clean	6307061	6307340	279	19	0	20	22
tlm_apply_forward_swap	6307340	6308108	768	256	0	0	0
tlm_apply_forward_fold	6308108	6310458	2350	349	0	95	129
tlm_multiply_gcd_reverse_body	6310458	6311625	1167	174	1	66	68
tlm_multiply_gcd_reverse_decode	6311625	6311789	164	19	0	3	8
tlm_multiply_gcd_reverse_apply	6311789	6311790	1	0	0	0	0
tlm_apply_forward_mod_add_register	6311790	6318534	6744	753	15	496	497
tlm_apply_forward_mod_add_fold	6318534	6319321	787	77	5	77	77
tlm_apply_forward_mod_add_clean	6319321	6319600	279	19	0	20	22
tlm_apply_forward_swap	6319600	6320368	768	256	0	0	0
tlm_apply_forward_fold	6320368	6322718	2350	349	0	95	129
tlm_multiply_gcd_reverse_body	6322718	6323935	1217	183	1	68	70
tlm_multiply_gcd_reverse_decode	6323935	6323941	6	0	0	0	3
tlm_multiply_gcd_reverse_apply	6323941	6323942	1	0	0	0	0
tlm_apply_forward_mod_add_register	6323942	6330618	6676	749	12	492	493
tlm_apply_forward_mod_add_fold	6330618	6331369	751	74	4	74	74
tlm_apply_forward_mod_add_clean	6331369	6331648	279	19	0	20	22
tlm_apply_forward_swap	6331648	6332416	768	256	0	0	0
tlm_apply_forward_fold	6332416	6334766	2350	349	0	95	129
tlm_multiply_gcd_reverse_body	6334766	6336017	1251	188	1	70	72
tlm_multiply_gcd_reverse_decode	6336017	6336023	6	0	0	0	3
tlm_multiply_gcd_reverse_apply	6336023	6336024	1	0	0	0	0
tlm_apply_forward_mod_add_register	6336024	6342668	6644	747	11	490	491
tlm_apply_forward_mod_add_fold	6342668	6343419	751	74	4	74	74
tlm_apply_forward_mod_add_clean	6343419	6343698	279	19	0	20	22
tlm_apply_forward_swap	6343698	6344466	768	256	0	0	0
tlm_apply_forward_fold	6344466	6346816	2350	349	0	95	129
tlm_multiply_gcd_reverse_body	6346816	6348101	1285	193	1	72	74
tlm_multiply_gcd_reverse_decode	6348101	6348265	164	19	0	3	8
tlm_multiply_gcd_reverse_apply	6348265	6348266	1	0	0	0	0
tlm_apply_forward_mod_add_register	6348266	6354942	6676	749	12	492	493
tlm_apply_forward_mod_add_fold	6354942	6355693	751	74	4	74	74
tlm_apply_forward_mod_add_clean	6355693	6355972	279	19	0	20	22
tlm_apply_forward_swap	6355972	6356740	768	256	0	0	0
tlm_apply_forward_fold	6356740	6359090	2350	349	0	95	129
tlm_multiply_gcd_reverse_body	6359090	6360425	1335	202	1	74	76
tlm_multiply_gcd_reverse_decode	6360425	6360431	6	0	0	0	3
tlm_multiply_gcd_reverse_apply	6360431	6360432	1	0	0	0	0
tlm_apply_forward_mod_add_register	6360432	6367076	6644	747	11	490	491
tlm_apply_forward_mod_add_fold	6367076	6367827	751	74	4	74	74
tlm_apply_forward_mod_add_clean	6367827	6368106	279	19	0	20	22
tlm_apply_forward_swap	6368106	6368874	768	256	0	0	0
tlm_apply_forward_fold	6368874	6371224	2350	349	0	95	129
tlm_multiply_gcd_reverse_body	6371224	6372593	1369	207	1	76	78
tlm_multiply_gcd_reverse_decode	6372593	6372599	6	0	0	0	3
tlm_multiply_gcd_reverse_apply	6372599	6372600	1	0	0	0	0
tlm_apply_forward_mod_add_register	6372600	6378968	6368	727	10	470	479
tlm_apply_forward_mod_add_fold	6378968	6379721	753	73	6	73	73
tlm_apply_forward_mod_add_clean	6379721	6380000	279	19	0	20	22
tlm_apply_forward_swap	6380000	6380768	768	256	0	0	0
tlm_apply_forward_fold	6380768	6383118	2350	349	0	95	129
tlm_multiply_gcd_reverse_body	6383118	6384521	1403	212	1	78	80
tlm_multiply_gcd_reverse_decode	6384521	6384685	164	19	0	3	8
tlm_multiply_gcd_reverse_apply	6384685	6384686	1	0	0	0	0
tlm_apply_forward_mod_add_register	6384686	6391330	6644	747	11	490	491
tlm_apply_forward_mod_add_fold	6391330	6392081	751	74	4	74	74
tlm_apply_forward_mod_add_clean	6392081	6392360	279	19	0	20	22
tlm_apply_forward_swap	6392360	6393128	768	256	0	0	0
tlm_apply_forward_fold	6393128	6395478	2350	349	0	95	129
tlm_multiply_gcd_reverse_body	6395478	6396931	1453	221	1	80	82
tlm_multiply_gcd_reverse_decode	6396931	6396937	6	0	0	0	3
tlm_multiply_gcd_reverse_apply	6396937	6396938	1	0	0	0	0
tlm_apply_forward_mod_add_register	6396938	6403306	6368	727	10	470	479
tlm_apply_forward_mod_add_fold	6403306	6404059	753	73	6	73	73
tlm_apply_forward_mod_add_clean	6404059	6404338	279	19	0	20	22
tlm_apply_forward_swap	6404338	6405106	768	256	0	0	0
tlm_apply_forward_fold	6405106	6407456	2350	349	0	95	129
tlm_multiply_gcd_reverse_body	6407456	6408943	1487	226	1	82	84
tlm_multiply_gcd_reverse_decode	6408943	6408949	6	0	0	0	3
tlm_multiply_gcd_reverse_apply	6408949	6408950	1	0	0	0	0
tlm_apply_forward_mod_add_register	6408950	6415089	6139	711	9	454	462
tlm_apply_forward_mod_add_fold	6415089	6415824	735	72	5	72	72
tlm_apply_forward_mod_add_clean	6415824	6416103	279	19	0	20	22
tlm_apply_forward_swap	6416103	6416871	768	256	0	0	0
tlm_apply_forward_fold	6416871	6419221	2350	349	0	95	129
tlm_multiply_gcd_reverse_body	6419221	6420742	1521	231	1	84	86
tlm_multiply_gcd_reverse_decode	6420742	6420906	164	19	0	3	8
tlm_multiply_gcd_reverse_apply	6420906	6420907	1	0	0	0	0
tlm_apply_forward_mod_add_register	6420907	6427275	6368	727	10	470	479
tlm_apply_forward_mod_add_fold	6427275	6428028	753	73	6	73	73
tlm_apply_forward_mod_add_clean	6428028	6428307	279	19	0	20	22
tlm_apply_forward_swap	6428307	6429075	768	256	0	0	0
tlm_apply_forward_fold	6429075	6431425	2350	349	0	95	129
tlm_multiply_gcd_reverse_body	6431425	6432996	1571	240	1	86	88
tlm_multiply_gcd_reverse_decode	6432996	6433002	6	0	0	0	3
tlm_multiply_gcd_reverse_apply	6433002	6433003	1	0	0	0	0
tlm_apply_forward_mod_add_register	6433003	6439142	6139	711	9	454	462
tlm_apply_forward_mod_add_fold	6439142	6439877	735	72	5	72	72
tlm_apply_forward_mod_add_clean	6439877	6440156	279	19	0	20	22
tlm_apply_forward_swap	6440156	6440924	768	256	0	0	0
tlm_apply_forward_fold	6440924	6443274	2350	349	0	95	129
tlm_multiply_gcd_reverse_body	6443274	6444871	1597	243	1	88	90
tlm_multiply_gcd_reverse_decode	6444871	6444877	6	0	0	0	3
tlm_multiply_gcd_reverse_apply	6444877	6444878	1	0	0	0	0
tlm_apply_forward_mod_add_register	6444878	6451003	6125	710	9	453	461
tlm_apply_forward_mod_add_fold	6451003	6451740	737	72	5	72	72
tlm_apply_forward_mod_add_clean	6451740	6452019	279	19	0	20	22
tlm_apply_forward_swap	6452019	6452787	768	256	0	0	0
tlm_apply_forward_fold	6452787	6455137	2350	349	0	95	129
tlm_multiply_gcd_reverse_body	6455137	6456768	1631	248	1	90	92
tlm_multiply_gcd_reverse_decode	6456768	6456932	164	19	0	3	8
tlm_multiply_gcd_reverse_apply	6456932	6456933	1	0	0	0	0
tlm_apply_forward_mod_add_register	6456933	6463072	6139	711	9	454	462
tlm_apply_forward_mod_add_fold	6463072	6463807	735	72	5	72	72
tlm_apply_forward_mod_add_clean	6463807	6464086	279	19	0	20	22
tlm_apply_forward_swap	6464086	6464854	768	256	0	0	0
tlm_apply_forward_fold	6464854	6467204	2350	349	0	95	129
tlm_multiply_gcd_reverse_body	6467204	6468885	1681	257	1	92	94
tlm_multiply_gcd_reverse_decode	6468885	6468891	6	0	0	0	3
tlm_multiply_gcd_reverse_apply	6468891	6468892	1	0	0	0	0
tlm_apply_forward_mod_add_register	6468892	6475017	6125	710	9	453	461
tlm_apply_forward_mod_add_fold	6475017	6475754	737	72	5	72	72
tlm_apply_forward_mod_add_clean	6475754	6476033	279	19	0	20	22
tlm_apply_forward_swap	6476033	6476801	768	256	0	0	0
tlm_apply_forward_fold	6476801	6479151	2350	349	0	95	129
tlm_multiply_gcd_reverse_body	6479151	6480866	1715	262	1	94	96
tlm_multiply_gcd_reverse_decode	6480866	6480872	6	0	0	0	3
tlm_multiply_gcd_reverse_apply	6480872	6480873	1	0	0	0	0
tlm_apply_forward_mod_add_register	6480873	6486700	5827	689	8	432	440
tlm_apply_forward_mod_add_fold	6486700	6487411	711	70	4	70	70
tlm_apply_forward_mod_add_clean	6487411	6487690	279	19	0	20	22
tlm_apply_forward_swap	6487690	6488458	768	256	0	0	0
tlm_apply_forward_fold	6488458	6490808	2350	349	0	95	129
tlm_multiply_gcd_reverse_body	6490808	6492557	1749	267	1	96	98
tlm_multiply_gcd_reverse_decode	6492557	6492721	164	19	0	3	8
tlm_multiply_gcd_reverse_apply	6492721	6492722	1	0	0	0	0
tlm_apply_forward_mod_add_register	6492722	6498847	6125	710	9	453	461
tlm_apply_forward_mod_add_fold	6498847	6499584	737	72	5	72	72
tlm_apply_forward_mod_add_clean	6499584	6499863	279	19	0	20	22
tlm_apply_forward_swap	6499863	6500631	768	256	0	0	0
tlm_apply_forward_fold	6500631	6502981	2350	349	0	95	129
tlm_multiply_gcd_reverse_body	6502981	6504780	1799	276	1	98	100
tlm_multiply_gcd_reverse_decode	6504780	6504786	6	0	0	0	3
tlm_multiply_gcd_reverse_apply	6504786	6504787	1	0	0	0	0
tlm_apply_forward_mod_add_register	6504787	6510614	5827	689	8	432	440
tlm_apply_forward_mod_add_fold	6510614	6511325	711	70	4	70	70
tlm_apply_forward_mod_add_clean	6511325	6511604	279	19	0	20	22
tlm_apply_forward_swap	6511604	6512372	768	256	0	0	0
tlm_apply_forward_fold	6512372	6514722	2350	349	0	95	129
tlm_multiply_gcd_reverse_body	6514722	6516555	1833	281	1	100	102
tlm_multiply_gcd_reverse_decode	6516555	6516561	6	0	0	0	3
tlm_multiply_gcd_reverse_apply	6516561	6516562	1	0	0	0	0
tlm_apply_forward_mod_add_register	6516562	6522389	5827	689	8	432	440
tlm_apply_forward_mod_add_fold	6522389	6523100	711	70	4	70	70
tlm_apply_forward_mod_add_clean	6523100	6523379	279	19	0	20	22
tlm_apply_forward_swap	6523379	6524147	768	256	0	0	0
tlm_apply_forward_fold	6524147	6526497	2350	349	0	95	129
tlm_multiply_gcd_reverse_body	6526497	6528364	1867	286	1	102	104
tlm_multiply_gcd_reverse_decode	6528364	6528528	164	19	0	3	8
tlm_multiply_gcd_reverse_apply	6528528	6528529	1	0	0	0	0
tlm_apply_forward_mod_add_register	6528529	6534356	5827	689	8	432	440
tlm_apply_forward_mod_add_fold	6534356	6535067	711	70	4	70	70
tlm_apply_forward_mod_add_clean	6535067	6535346	279	19	0	20	22
tlm_apply_forward_swap	6535346	6536114	768	256	0	0	0
tlm_apply_forward_fold	6536114	6538464	2350	349	0	95	129
tlm_multiply_gcd_reverse_body	6538464	6540381	1917	295	1	104	106
tlm_multiply_gcd_reverse_decode	6540381	6540387	6	0	0	0	3
tlm_multiply_gcd_reverse_apply	6540387	6540388	1	0	0	0	0
tlm_apply_forward_mod_add_register	6540388	6546215	5827	689	8	432	440
tlm_apply_forward_mod_add_fold	6546215	6546926	711	70	4	70	70
tlm_apply_forward_mod_add_clean	6546926	6547205	279	19	0	20	22
tlm_apply_forward_swap	6547205	6547973	768	256	0	0	0
tlm_apply_forward_fold	6547973	6550323	2350	349	0	95	129
tlm_multiply_gcd_reverse_body	6550323	6552266	1943	298	1	106	108
tlm_multiply_gcd_reverse_decode	6552266	6552272	6	0	0	0	3
tlm_multiply_gcd_reverse_apply	6552272	6552273	1	0	0	0	0
tlm_apply_forward_mod_add_register	6552273	6557787	5514	667	7	410	417
tlm_apply_forward_mod_add_fold	6557787	6558498	711	70	4	70	70
tlm_apply_forward_mod_add_clean	6558498	6558777	279	19	0	20	22
tlm_apply_forward_swap	6558777	6559545	768	256	0	0	0
tlm_apply_forward_fold	6559545	6561895	2350	349	0	95	129
tlm_multiply_gcd_reverse_body	6561895	6563864	1969	301	1	108	110
tlm_multiply_gcd_reverse_decode	6563864	6564028	164	19	0	3	8
tlm_multiply_gcd_reverse_apply	6564028	6564029	1	0	0	0	0
tlm_apply_forward_mod_add_register	6564029	6569856	5827	689	8	432	440
tlm_apply_forward_mod_add_fold	6569856	6570567	711	70	4	70	70
tlm_apply_forward_mod_add_clean	6570567	6570846	279	19	0	20	22
tlm_apply_forward_swap	6570846	6571614	768	256	0	0	0
tlm_apply_forward_fold	6571614	6573964	2350	349	0	95	129
tlm_multiply_gcd_reverse_body	6573964	6575975	2011	308	1	110	112
tlm_multiply_gcd_reverse_decode	6575975	6575981	6	0	0	0	3
tlm_multiply_gcd_reverse_apply	6575981	6575982	1	0	0	0	0
tlm_apply_forward_mod_add_register	6575982	6581496	5514	667	7	410	417
tlm_apply_forward_mod_add_fold	6581496	6582207	711	70	4	70	70
tlm_apply_forward_mod_add_clean	6582207	6582486	279	19	0	20	22
tlm_apply_forward_swap	6582486	6583254	768	256	0	0	0
tlm_apply_forward_fold	6583254	6585604	2350	349	0	95	129
tlm_multiply_gcd_reverse_body	6585604	6587641	2037	311	1	112	114
tlm_multiply_gcd_reverse_decode	6587641	6587647	6	0	0	0	3
tlm_multiply_gcd_reverse_apply	6587647	6587648	1	0	0	0	0
tlm_apply_forward_mod_add_register	6587648	6593162	5514	667	7	410	417
tlm_apply_forward_mod_add_fold	6593162	6593837	675	67	3	67	67
tlm_apply_forward_mod_add_clean	6593837	6594116	279	19	0	20	22
tlm_apply_forward_swap	6594116	6594884	768	256	0	0	0
tlm_apply_forward_fold	6594884	6597234	2350	349	0	95	129
tlm_multiply_gcd_reverse_body	6597234	6599297	2063	314	1	114	116
tlm_multiply_gcd_reverse_decode	6599297	6599461	164	19	0	3	8
tlm_multiply_gcd_reverse_apply	6599461	6599462	1	0	0	0	0
tlm_apply_forward_mod_add_register	6599462	6604976	5514	667	7	410	417
tlm_apply_forward_mod_add_fold	6604976	6605687	711	70	4	70	70
tlm_apply_forward_mod_add_clean	6605687	6605966	279	19	0	20	22
tlm_apply_forward_swap	6605966	6606734	768	256	0	0	0
tlm_apply_forward_fold	6606734	6609084	2350	349	0	95	129
tlm_multiply_gcd_reverse_body	6609084	6611181	2097	319	1	116	118
tlm_multiply_gcd_reverse_decode	6611181	6611187	6	0	0	0	3
tlm_multiply_gcd_reverse_apply	6611187	6611188	1	0	0	0	0
tlm_apply_forward_mod_add_register	6611188	6616702	5514	667	7	410	417
tlm_apply_forward_mod_add_fold	6616702	6617377	675	67	3	67	67
tlm_apply_forward_mod_add_clean	6617377	6617656	279	19	0	20	22
tlm_apply_forward_swap	6617656	6618424	768	256	0	0	0
tlm_apply_forward_fold	6618424	6620774	2350	349	0	95	129
tlm_multiply_gcd_reverse_body	6620774	6622905	2131	324	1	118	120
tlm_multiply_gcd_reverse_decode	6622905	6622911	6	0	0	0	3
tlm_multiply_gcd_reverse_apply	6622911	6622912	1	0	0	0	0
tlm_apply_forward_mod_add_register	6622912	6628426	5514	667	7	410	417
tlm_apply_forward_mod_add_fold	6628426	6629113	687	67	5	67	67
tlm_apply_forward_mod_add_clean	6629113	6629392	279	19	0	20	22
tlm_apply_forward_swap	6629392	6630160	768	256	0	0	0
tlm_apply_forward_fold	6630160	6632510	2350	349	0	95	129
tlm_multiply_gcd_reverse_body	6632510	6634651	2141	323	1	120	122
tlm_multiply_gcd_reverse_decode	6634651	6634815	164	19	0	3	8
tlm_multiply_gcd_reverse_apply	6634815	6634816	1	0	0	0	0
tlm_apply_forward_mod_add_register	6634816	6640330	5514	667	7	410	417
tlm_apply_forward_mod_add_fold	6640330	6641005	675	67	3	67	67
tlm_apply_forward_mod_add_clean	6641005	6641284	279	19	0	20	22
tlm_apply_forward_swap	6641284	6642052	768	256	0	0	0
tlm_apply_forward_fold	6642052	6644402	2350	349	0	95	129
tlm_multiply_gcd_reverse_body	6644402	6646593	2191	332	1	122	124
tlm_multiply_gcd_reverse_decode	6646593	6646599	6	0	0	0	3
tlm_multiply_gcd_reverse_apply	6646599	6646600	1	0	0	0	0
tlm_apply_forward_mod_add_register	6646600	6652114	5514	667	7	410	417
tlm_apply_forward_mod_add_fold	6652114	6652801	687	67	5	67	67
tlm_apply_forward_mod_add_clean	6652801	6653080	279	19	0	20	22
tlm_apply_forward_swap	6653080	6653848	768	256	0	0	0
tlm_apply_forward_fold	6653848	6656198	2350	349	0	95	129
tlm_multiply_gcd_reverse_body	6656198	6658415	2217	335	1	124	126
tlm_multiply_gcd_reverse_decode	6658415	6658421	6	0	0	0	3
tlm_multiply_gcd_reverse_apply	6658421	6658422	1	0	0	0	0
tlm_apply_forward_mod_add_register	6658422	6663936	5514	667	7	410	417
tlm_apply_forward_mod_add_fold	6663936	6664611	675	66	4	66	66
tlm_apply_forward_mod_add_clean	6664611	6664890	279	19	0	20	22
tlm_apply_forward_swap	6664890	6665658	768	256	0	0	0
tlm_apply_forward_fold	6665658	6668008	2350	349	0	95	129
tlm_multiply_gcd_reverse_body	6668008	6670235	2227	334	1	126	128
tlm_multiply_gcd_reverse_decode	6670235	6670399	164	19	0	3	8
tlm_multiply_gcd_reverse_apply	6670399	6670400	1	0	0	0	0
tlm_apply_forward_mod_add_register	6670400	6675914	5514	667	7	410	417
tlm_apply_forward_mod_add_fold	6675914	6676601	687	67	5	67	67
tlm_apply_forward_mod_add_clean	6676601	6676880	279	19	0	20	22
tlm_apply_forward_swap	6676880	6677648	768	256	0	0	0
tlm_apply_forward_fold	6677648	6679998	2350	349	0	95	129
tlm_multiply_gcd_reverse_body	6679998	6682247	2249	341	1	126	128
tlm_multiply_gcd_reverse_decode	6682247	6682253	6	0	0	0	3
tlm_multiply_gcd_reverse_apply	6682253	6682254	1	0	0	0	0
tlm_apply_forward_mod_add_register	6682254	6687768	5514	667	7	410	417
tlm_apply_forward_mod_add_fold	6687768	6688443	675	66	4	66	66
tlm_apply_forward_mod_add_clean	6688443	6688722	279	19	0	20	22
tlm_apply_forward_swap	6688722	6689490	768	256	0	0	0
tlm_apply_forward_fold	6689490	6691840	2350	349	0	95	129
tlm_multiply_gcd_reverse_body	6691840	6694099	2259	340	1	128	130
tlm_multiply_gcd_reverse_decode	6694099	6694105	6	0	0	0	3
tlm_multiply_gcd_reverse_apply	6694105	6694106	1	0	0	0	0
tlm_apply_forward_mod_add_register	6694106	6699307	5201	645	6	388	394
tlm_apply_forward_mod_add_fold	6699307	6699982	675	66	4	66	66
tlm_apply_forward_mod_add_clean	6699982	6700261	279	19	0	20	22
tlm_apply_forward_swap	6700261	6701029	768	256	0	0	0
tlm_apply_forward_fold	6701029	6702600	1571	331	0	45	52
tlm_multiply_gcd_reverse_body	6702600	6704885	2285	343	1	130	132
tlm_multiply_gcd_reverse_decode	6704885	6705049	164	19	0	3	8
tlm_multiply_gcd_reverse_apply	6705049	6705050	1	0	0	0	0
tlm_apply_forward_mod_add_register	6705050	6710564	5514	667	7	410	417
tlm_apply_forward_mod_add_fold	6710564	6711239	675	66	4	66	66
tlm_apply_forward_mod_add_clean	6711239	6711518	279	19	0	20	22
tlm_apply_forward_swap	6711518	6712286	768	256	0	0	0
tlm_apply_forward_fold	6712286	6714636	2350	349	0	95	129
tlm_multiply_gcd_reverse_body	6714636	6717195	2559	367	2	149	151
tlm_multiply_gcd_reverse_decode	6717195	6717201	6	0	0	0	3
tlm_multiply_gcd_reverse_apply	6717201	6717202	1	0	0	0	0
tlm_apply_forward_mod_add_register	6717202	6722403	5201	645	6	388	394
tlm_apply_forward_mod_add_fold	6722403	6723078	675	66	4	66	66
tlm_apply_forward_mod_add_clean	6723078	6723357	279	19	0	20	22
tlm_apply_forward_swap	6723357	6724125	768	256	0	0	0
tlm_apply_forward_fold	6724125	6725696	1571	331	0	45	52
tlm_multiply_gcd_reverse_body	6725696	6728289	2593	372	2	151	153
tlm_multiply_gcd_reverse_decode	6728289	6728295	6	0	0	0	3
tlm_multiply_gcd_reverse_apply	6728295	6728296	1	0	0	0	0
tlm_apply_forward_mod_add_register	6728296	6733497	5201	645	6	388	394
tlm_apply_forward_mod_add_fold	6733497	6734146	649	64	3	64	64
tlm_apply_forward_mod_add_clean	6734146	6734425	279	19	0	20	22
tlm_apply_forward_swap	6734425	6735193	768	256	0	0	0
tlm_apply_forward_fold	6735193	6736768	1575	329	0	46	53
tlm_multiply_gcd_reverse_body	6736768	6739379	2611	373	2	153	155
tlm_multiply_gcd_reverse_decode	6739379	6739543	164	19	0	3	8
tlm_multiply_gcd_reverse_apply	6739543	6739544	1	0	0	0	0
tlm_apply_forward_mod_add_register	6739544	6744745	5201	645	6	388	394
tlm_apply_forward_mod_add_fold	6744745	6745420	675	66	4	66	66
tlm_apply_forward_mod_add_clean	6745420	6745699	279	19	0	20	22
tlm_apply_forward_swap	6745699	6746467	768	256	0	0	0
tlm_apply_forward_fold	6746467	6748038	1571	331	0	45	52
tlm_multiply_gcd_reverse_body	6748038	6750663	2625	378	2	153	155
tlm_multiply_gcd_reverse_decode	6750663	6750669	6	0	0	0	3
tlm_multiply_gcd_reverse_apply	6750669	6750670	1	0	0	0	0
tlm_apply_forward_mod_add_register	6750670	6755871	5201	645	6	388	394
tlm_apply_forward_mod_add_fold	6755871	6756520	649	64	3	64	64
tlm_apply_forward_mod_add_clean	6756520	6756799	279	19	0	20	22
tlm_apply_forward_swap	6756799	6757567	768	256	0	0	0
tlm_apply_forward_fold	6757567	6759142	1575	329	0	46	53
tlm_multiply_gcd_reverse_body	6759142	6761793	2651	381	2	155	157
tlm_multiply_gcd_reverse_decode	6761793	6761799	6	0	0	0	3
tlm_multiply_gcd_reverse_apply	6761799	6761800	1	0	0	0	0
tlm_apply_forward_mod_add_register	6761800	6767001	5201	645	6	388	394
tlm_apply_forward_mod_add_fold	6767001	6767650	649	64	3	64	64
tlm_apply_forward_mod_add_clean	6767650	6767929	279	19	0	20	22
tlm_apply_forward_swap	6767929	6768697	768	256	0	0	0
tlm_apply_forward_fold	6768697	6770276	1579	327	0	47	54
tlm_multiply_gcd_reverse_body	6770276	6772953	2677	384	2	157	159
tlm_multiply_gcd_reverse_decode	6772953	6773117	164	19	0	3	8
tlm_multiply_gcd_reverse_apply	6773117	6773118	1	0	0	0	0
tlm_apply_forward_mod_add_register	6773118	6778319	5201	645	6	388	394
tlm_apply_forward_mod_add_fold	6778319	6778968	649	64	3	64	64
tlm_apply_forward_mod_add_clean	6778968	6779247	279	19	0	20	22
tlm_apply_forward_swap	6779247	6780015	768	256	0	0	0
tlm_apply_forward_fold	6780015	6781590	1575	329	0	46	53
tlm_multiply_gcd_reverse_body	6781590	6784281	2691	389	2	157	159
tlm_multiply_gcd_reverse_decode	6784281	6784287	6	0	0	0	3
tlm_multiply_gcd_reverse_apply	6784287	6784288	1	0	0	0	0
tlm_apply_forward_mod_add_register	6784288	6789489	5201	645	6	388	394
tlm_apply_forward_mod_add_fold	6789489	6790138	649	64	3	64	64
tlm_apply_forward_mod_add_clean	6790138	6790417	279	19	0	20	22
tlm_apply_forward_swap	6790417	6791185	768	256	0	0	0
tlm_apply_forward_fold	6791185	6792764	1579	327	0	47	54
tlm_multiply_gcd_reverse_body	6792764	6795481	2717	392	2	159	161
tlm_multiply_gcd_reverse_decode	6795481	6795487	6	0	0	0	3
tlm_multiply_gcd_reverse_apply	6795487	6795488	1	0	0	0	0
tlm_apply_forward_mod_add_register	6795488	6800689	5201	645	6	388	394
tlm_apply_forward_mod_add_fold	6800689	6801338	649	64	3	64	64
tlm_apply_forward_mod_add_clean	6801338	6801617	279	19	0	20	22
tlm_apply_forward_swap	6801617	6802385	768	256	0	0	0
tlm_apply_forward_fold	6802385	6803968	1583	325	0	48	55
tlm_multiply_gcd_reverse_body	6803968	6806719	2751	397	2	161	163
tlm_multiply_gcd_reverse_decode	6806719	6806883	164	19	0	3	8
tlm_multiply_gcd_reverse_apply	6806883	6806884	1	0	0	0	0
tlm_apply_forward_mod_add_register	6806884	6812085	5201	645	6	388	394
tlm_apply_forward_mod_add_fold	6812085	6812734	649	64	3	64	64
tlm_apply_forward_mod_add_clean	6812734	6813013	279	19	0	20	22
tlm_apply_forward_swap	6813013	6813781	768	256	0	0	0
tlm_apply_forward_fold	6813781	6815360	1579	327	0	47	54
tlm_multiply_gcd_reverse_body	6815360	6818117	2757	400	2	161	163
tlm_multiply_gcd_reverse_decode	6818117	6818123	6	0	0	0	3
tlm_multiply_gcd_reverse_apply	6818123	6818124	1	0	0	0	0
tlm_apply_forward_mod_add_register	6818124	6823325	5201	645	6	388	394
tlm_apply_forward_mod_add_fold	6823325	6823974	649	64	3	64	64
tlm_apply_forward_mod_add_clean	6823974	6824253	279	19	0	20	22
tlm_apply_forward_swap	6824253	6825021	768	256	0	0	0
tlm_apply_forward_fold	6825021	6826604	1583	325	0	48	55
tlm_multiply_gcd_reverse_body	6826604	6829379	2775	401	2	163	165
tlm_multiply_gcd_reverse_decode	6829379	6829385	6	0	0	0	3
tlm_multiply_gcd_reverse_apply	6829385	6829386	1	0	0	0	0
tlm_apply_forward_mod_add_register	6829386	6834587	5201	645	6	388	394
tlm_apply_forward_mod_add_fold	6834587	6835222	635	62	4	62	62
tlm_apply_forward_mod_add_clean	6835222	6835501	279	19	0	20	22
tlm_apply_forward_swap	6835501	6836269	768	256	0	0	0
tlm_apply_forward_fold	6836269	6837853	1584	322	0	48	56
tlm_multiply_gcd_reverse_body	6837853	6840654	2801	404	2	165	167
tlm_multiply_gcd_reverse_decode	6840654	6840818	164	19	0	3	8
tlm_multiply_gcd_reverse_apply	6840818	6840819	1	0	0	0	0
tlm_apply_forward_mod_add_register	6840819	6846020	5201	645	6	388	394
tlm_apply_forward_mod_add_fold	6846020	6846669	649	64	3	64	64
tlm_apply_forward_mod_add_clean	6846669	6846948	279	19	0	20	22
tlm_apply_forward_swap	6846948	6847716	768	256	0	0	0
tlm_apply_forward_fold	6847716	6849299	1583	325	0	48	55
tlm_multiply_gcd_reverse_body	6849299	6852114	2815	409	2	165	167
tlm_multiply_gcd_reverse_decode	6852114	6852120	6	0	0	0	3
tlm_multiply_gcd_reverse_apply	6852120	6852121	1	0	0	0	0
tlm_apply_forward_mod_add_register	6852121	6857322	5201	645	6	388	394
tlm_apply_forward_mod_add_fold	6857322	6857957	635	62	4	62	62
tlm_apply_forward_mod_add_clean	6857957	6858236	279	19	0	20	22
tlm_apply_forward_swap	6858236	6859004	768	256	0	0	0
tlm_apply_forward_fold	6859004	6860588	1584	322	0	48	56
tlm_multiply_gcd_reverse_body	6860588	6863429	2841	412	2	167	169
tlm_multiply_gcd_reverse_decode	6863429	6863435	6	0	0	0	3
tlm_multiply_gcd_reverse_apply	6863435	6863436	1	0	0	0	0
tlm_apply_forward_mod_add_register	6863436	6868324	4888	623	5	366	371
tlm_apply_forward_mod_add_fold	6868324	6868943	619	61	3	61	61
tlm_apply_forward_mod_add_clean	6868943	6869222	279	19	0	20	22
tlm_apply_forward_swap	6869222	6869990	768	256	0	0	0
tlm_apply_forward_fold	6869990	6871578	1588	320	0	49	57
tlm_multiply_gcd_reverse_body	6871578	6874445	2867	415	2	169	171
tlm_multiply_gcd_reverse_decode	6874445	6874609	164	19	0	3	8
tlm_multiply_gcd_reverse_apply	6874609	6874610	1	0	0	0	0
tlm_apply_forward_mod_add_register	6874610	6879811	5201	645	6	388	394
tlm_apply_forward_mod_add_fold	6879811	6880446	635	62	4	62	62
tlm_apply_forward_mod_add_clean	6880446	6880725	279	19	0	20	22
tlm_apply_forward_swap	6880725	6881493	768	256	0	0	0
tlm_apply_forward_fold	6881493	6883077	1584	322	0	48	56
tlm_multiply_gcd_reverse_body	6883077	6885958	2881	420	2	169	171
tlm_multiply_gcd_reverse_decode	6885958	6885964	6	0	0	0	3
tlm_multiply_gcd_reverse_apply	6885964	6885965	1	0	0	0	0
tlm_apply_forward_mod_add_register	6885965	6890853	4888	623	5	366	371
tlm_apply_forward_mod_add_fold	6890853	6891472	619	61	3	61	61
tlm_apply_forward_mod_add_clean	6891472	6891751	279	19	0	20	22
tlm_apply_forward_swap	6891751	6892519	768	256	0	0	0
tlm_apply_forward_fold	6892519	6894107	1588	320	0	49	57
tlm_multiply_gcd_reverse_body	6894107	6897014	2907	423	2	171	173
tlm_multiply_gcd_reverse_decode	6897014	6897020	6	0	0	0	3
tlm_multiply_gcd_reverse_apply	6897020	6897021	1	0	0	0	0
tlm_apply_forward_mod_add_register	6897021	6901909	4888	623	5	366	371
tlm_apply_forward_mod_add_fold	6901909	6902528	619	61	3	61	61
tlm_apply_forward_mod_add_clean	6902528	6902807	279	19	0	20	22
tlm_apply_forward_swap	6902807	6903575	768	256	0	0	0
tlm_apply_forward_fold	6903575	6905163	1588	320	0	49	57
tlm_multiply_gcd_reverse_body	6905163	6908082	2919	425	2	172	174
tlm_multiply_gcd_reverse_decode	6908082	6908246	164	19	0	3	8
tlm_multiply_gcd_reverse_apply	6908246	6908247	1	0	0	0	0
tlm_apply_forward_mod_add_register	6908247	6913135	4888	623	5	366	371
tlm_apply_forward_mod_add_fold	6913135	6913754	619	61	3	61	61
tlm_apply_forward_mod_add_clean	6913754	6914033	279	19	0	20	22
tlm_apply_forward_swap	6914033	6914801	768	256	0	0	0
tlm_apply_forward_fold	6914801	6916389	1588	320	0	49	57
tlm_multiply_gcd_reverse_body	6916389	6919328	2939	429	2	173	175
tlm_multiply_gcd_reverse_decode	6919328	6919334	6	0	0	0	3
tlm_multiply_gcd_reverse_apply	6919334	6919335	1	0	0	0	0
tlm_apply_forward_mod_add_register	6919335	6924223	4888	623	5	366	371
tlm_apply_forward_mod_add_fold	6924223	6924842	619	61	3	61	61
tlm_apply_forward_mod_add_clean	6924842	6925121	279	19	0	20	22
tlm_apply_forward_swap	6925121	6925889	768	256	0	0	0
tlm_apply_forward_fold	6925889	6927477	1588	320	0	49	57
tlm_multiply_gcd_reverse_body	6927477	6930450	2973	434	2	175	177
tlm_multiply_gcd_reverse_decode	6930450	6930456	6	0	0	0	3
tlm_multiply_gcd_reverse_apply	6930456	6930457	1	0	0	0	0
tlm_apply_forward_mod_add_register	6930457	6935345	4888	623	5	366	371
tlm_apply_forward_mod_add_fold	6935345	6935938	593	59	2	59	59
tlm_apply_forward_mod_add_clean	6935938	6936217	279	19	0	20	22
tlm_apply_forward_swap	6936217	6936985	768	256	0	0	0
tlm_apply_forward_fold	6936985	6938577	1592	318	0	50	58
tlm_multiply_gcd_reverse_body	6938577	6941556	2979	437	2	175	177
tlm_multiply_gcd_reverse_decode	6941556	6941720	164	19	0	3	8
tlm_multiply_gcd_reverse_apply	6941720	6941721	1	0	0	0	0
tlm_apply_forward_mod_add_register	6941721	6946609	4888	623	5	366	371
tlm_apply_forward_mod_add_fold	6946609	6947228	619	61	3	61	61
tlm_apply_forward_mod_add_clean	6947228	6947507	279	19	0	20	22
tlm_apply_forward_swap	6947507	6948275	768	256	0	0	0
tlm_apply_forward_fold	6948275	6949863	1588	320	0	49	57
tlm_multiply_gcd_reverse_body	6949863	6952862	2999	441	2	176	178
tlm_multiply_gcd_reverse_decode	6952862	6952868	6	0	0	0	3
tlm_multiply_gcd_reverse_apply	6952868	6952869	1	0	0	0	0
tlm_apply_forward_mod_add_register	6952869	6957757	4888	623	5	366	371
tlm_apply_forward_mod_add_fold	6957757	6958350	593	59	2	59	59
tlm_apply_forward_mod_add_clean	6958350	6958629	279	19	0	20	22
tlm_apply_forward_swap	6958629	6959397	768	256	0	0	0
tlm_apply_forward_fold	6959397	6960989	1592	318	0	50	58
tlm_multiply_gcd_reverse_body	6960989	6964022	3033	446	2	178	180
tlm_multiply_gcd_reverse_decode	6964022	6964028	6	0	0	0	3
tlm_multiply_gcd_reverse_apply	6964028	6964029	1	0	0	0	0
tlm_apply_forward_mod_add_register	6964029	6968917	4888	623	5	366	371
tlm_apply_forward_mod_add_fold	6968917	6969510	593	59	2	59	59
tlm_apply_forward_mod_add_clean	6969510	6969789	279	19	0	20	22
tlm_apply_forward_swap	6969789	6970557	768	256	0	0	0
tlm_apply_forward_fold	6970557	6972153	1596	316	0	51	59
tlm_multiply_gcd_reverse_body	6972153	6975192	3039	449	2	178	180
tlm_multiply_gcd_reverse_decode	6975192	6975356	164	19	0	3	8
tlm_multiply_gcd_reverse_apply	6975356	6975357	1	0	0	0	0
tlm_apply_forward_mod_add_register	6975357	6980245	4888	623	5	366	371
tlm_apply_forward_mod_add_fold	6980245	6980838	593	59	2	59	59
tlm_apply_forward_mod_add_clean	6980838	6981117	279	19	0	20	22
tlm_apply_forward_swap	6981117	6981885	768	256	0	0	0
tlm_apply_forward_fold	6981885	6983477	1592	318	0	50	58
tlm_multiply_gcd_reverse_body	6983477	6986536	3059	453	2	179	181
tlm_multiply_gcd_reverse_decode	6986536	6986542	6	0	0	0	3
tlm_multiply_gcd_reverse_apply	6986542	6986543	1	0	0	0	0
tlm_apply_forward_mod_add_register	6986543	6991431	4888	623	5	366	371
tlm_apply_forward_mod_add_fold	6991431	6992024	593	59	2	59	59
tlm_apply_forward_mod_add_clean	6992024	6992303	279	19	0	20	22
tlm_apply_forward_swap	6992303	6993071	768	256	0	0	0
tlm_apply_forward_fold	6993071	6994667	1596	316	0	51	59
tlm_multiply_gcd_reverse_body	6994667	6997746	3079	457	2	180	182
tlm_multiply_gcd_reverse_decode	6997746	6997752	6	0	0	0	3
tlm_multiply_gcd_reverse_apply	6997752	6997753	1	0	0	0	0
tlm_apply_forward_mod_add_register	6997753	7002641	4888	623	5	366	371
tlm_apply_forward_mod_add_fold	7002641	7003230	589	58	3	58	58
tlm_apply_forward_mod_add_clean	7003230	7003509	279	19	0	20	22
tlm_apply_forward_swap	7003509	7004277	768	256	0	0	0
tlm_apply_forward_fold	7004277	7005877	1600	314	0	52	60
tlm_multiply_gcd_reverse_body	7005877	7008962	3085	460	2	180	182
tlm_multiply_gcd_reverse_decode	7008962	7009126	164	19	0	3	8
tlm_multiply_gcd_reverse_apply	7009126	7009127	1	0	0	0	0
tlm_apply_forward_mod_add_register	7009127	7014015	4888	623	5	366	371
tlm_apply_forward_mod_add_fold	7014015	7014608	593	59	2	59	59
tlm_apply_forward_mod_add_clean	7014608	7014887	279	19	0	20	22
tlm_apply_forward_swap	7014887	7015655	768	256	0	0	0
tlm_apply_forward_fold	7015655	7017251	1596	316	0	51	59
tlm_multiply_gcd_reverse_body	7017251	7020356	3105	464	2	181	183
tlm_multiply_gcd_reverse_decode	7020356	7020362	6	0	0	0	3
tlm_multiply_gcd_reverse_apply	7020362	7020363	1	0	0	0	0
tlm_apply_forward_mod_add_register	7020363	7025251	4888	623	5	366	371
tlm_apply_forward_mod_add_fold	7025251	7025840	589	58	3	58	58
tlm_apply_forward_mod_add_clean	7025840	7026119	279	19	0	20	22
tlm_apply_forward_swap	7026119	7026887	768	256	0	0	0
tlm_apply_forward_fold	7026887	7028487	1600	314	0	52	60
tlm_multiply_gcd_reverse_body	7028487	7031626	3139	469	2	183	185
tlm_multiply_gcd_reverse_decode	7031626	7031632	6	0	0	0	3
tlm_multiply_gcd_reverse_apply	7031632	7031633	1	0	0	0	0
tlm_apply_forward_mod_add_register	7031633	7036521	4888	623	5	366	371
tlm_apply_forward_mod_add_fold	7036521	7037094	573	57	2	57	57
tlm_apply_forward_mod_add_clean	7037094	7037373	279	19	0	20	22
tlm_apply_forward_swap	7037373	7038141	768	256	0	0	0
tlm_apply_forward_fold	7038141	7039742	1601	313	0	52	59
tlm_multiply_gcd_reverse_body	7039742	7042887	3145	472	2	183	185
tlm_multiply_gcd_reverse_decode	7042887	7043051	164	19	0	3	8
tlm_multiply_gcd_reverse_apply	7043051	7043052	1	0	0	0	0
tlm_apply_forward_mod_add_register	7043052	7047940	4888	623	5	366	371
tlm_apply_forward_mod_add_fold	7047940	7048529	589	58	3	58	58
tlm_apply_forward_mod_add_clean	7048529	7048808	279	19	0	20	22
tlm_apply_forward_swap	7048808	7049576	768	256	0	0	0
tlm_apply_forward_fold	7049576	7051176	1600	314	0	52	60
tlm_multiply_gcd_reverse_body	7051176	7054359	3183	477	3	185	187
tlm_multiply_gcd_reverse_decode	7054359	7054365	6	0	0	0	3
tlm_multiply_gcd_reverse_apply	7054365	7054366	1	0	0	0	0
tlm_apply_forward_mod_add_register	7054366	7059254	4888	623	5	366	371
tlm_apply_forward_mod_add_fold	7059254	7059827	573	57	2	57	57
tlm_apply_forward_mod_add_clean	7059827	7060106	279	19	0	20	22
tlm_apply_forward_swap	7060106	7060874	768	256	0	0	0
tlm_apply_forward_fold	7060874	7062475	1601	313	0	52	59
tlm_multiply_gcd_reverse_body	7062475	7065660	3185	480	2	185	187
tlm_multiply_gcd_reverse_decode	7065660	7065666	6	0	0	0	3
tlm_multiply_gcd_reverse_apply	7065666	7065667	1	0	0	0	0
tlm_apply_forward_mod_add_register	7065667	7070555	4888	623	5	366	371
tlm_apply_forward_mod_add_fold	7070555	7071128	573	57	2	57	57
tlm_apply_forward_mod_add_clean	7071128	7071407	279	19	0	20	22
tlm_apply_forward_swap	7071407	7072175	768	256	0	0	0
tlm_apply_forward_fold	7072175	7073780	1605	311	0	53	60
tlm_multiply_gcd_reverse_body	7073780	7076985	3205	484	2	186	188
tlm_multiply_gcd_reverse_decode	7076985	7077149	164	19	0	3	8
tlm_multiply_gcd_reverse_apply	7077149	7077150	1	0	0	0	0
tlm_apply_forward_mod_add_register	7077150	7082038	4888	623	5	366	371
tlm_apply_forward_mod_add_fold	7082038	7082611	573	57	2	57	57
tlm_apply_forward_mod_add_clean	7082611	7082890	279	19	0	20	22
tlm_apply_forward_swap	7082890	7083658	768	256	0	0	0
tlm_apply_forward_fold	7083658	7085259	1601	313	0	52	59
tlm_multiply_gcd_reverse_body	7085259	7088516	3257	490	3	189	191
tlm_multiply_gcd_reverse_decode	7088516	7088522	6	0	0	0	3
tlm_multiply_gcd_reverse_apply	7088522	7088523	1	0	0	0	0
tlm_apply_forward_mod_add_register	7088523	7093411	4888	623	5	366	371
tlm_apply_forward_mod_add_fold	7093411	7093984	573	57	2	57	57
tlm_apply_forward_mod_add_clean	7093984	7094263	279	19	0	20	22
tlm_apply_forward_swap	7094263	7095031	768	256	0	0	0
tlm_apply_forward_fold	7095031	7096636	1605	311	0	53	60
tlm_multiply_gcd_reverse_body	7096636	7099913	3277	494	3	190	192
tlm_multiply_gcd_reverse_decode	7099913	7099919	6	0	0	0	3
tlm_multiply_gcd_reverse_apply	7099919	7099920	1	0	0	0	0
tlm_apply_forward_mod_add_register	7099920	7104808	4888	623	5	366	371
tlm_apply_forward_mod_add_fold	7104808	7105355	547	55	1	55	55
tlm_apply_forward_mod_add_clean	7105355	7105634	279	19	0	20	22
tlm_apply_forward_swap	7105634	7106402	768	256	0	0	0
tlm_apply_forward_fold	7106402	7108011	1609	309	0	54	61
tlm_multiply_gcd_reverse_body	7108011	7111262	3251	495	2	188	190
tlm_multiply_gcd_reverse_decode	7111262	7111426	164	19	0	3	8
tlm_multiply_gcd_reverse_apply	7111426	7111427	1	0	0	0	0
tlm_apply_forward_mod_add_register	7111427	7116315	4888	623	5	366	371
tlm_apply_forward_mod_add_fold	7116315	7116888	573	57	2	57	57
tlm_apply_forward_mod_add_clean	7116888	7117167	279	19	0	20	22
tlm_apply_forward_swap	7117167	7117935	768	256	0	0	0
tlm_apply_forward_fold	7117935	7119540	1605	311	0	53	60
tlm_multiply_gcd_reverse_body	7119540	7122871	3331	503	3	193	195
tlm_multiply_gcd_reverse_decode	7122871	7122877	6	0	0	0	3
tlm_multiply_gcd_reverse_apply	7122877	7122878	1	0	0	0	0
tlm_apply_forward_mod_add_register	7122878	7127766	4888	623	5	366	371
tlm_apply_forward_mod_add_fold	7127766	7128313	547	55	1	55	55
tlm_apply_forward_mod_add_clean	7128313	7128592	279	19	0	20	22
tlm_apply_forward_swap	7128592	7129360	768	256	0	0	0
tlm_apply_forward_fold	7129360	7130969	1609	309	0	54	61
tlm_multiply_gcd_reverse_body	7130969	7134306	3337	506	3	193	195
tlm_multiply_gcd_reverse_decode	7134306	7134312	6	0	0	0	3
tlm_multiply_gcd_reverse_apply	7134312	7134313	1	0	0	0	0
tlm_apply_forward_mod_add_register	7134313	7138888	4575	601	4	344	348
tlm_apply_forward_mod_add_fold	7138888	7139441	553	55	2	55	55
tlm_apply_forward_mod_add_clean	7139441	7139720	279	19	0	20	22
tlm_apply_forward_swap	7139720	7140488	768	256	0	0	0
tlm_apply_forward_fold	7140488	7142105	1617	309	0	55	62
tlm_multiply_gcd_reverse_body	7142105	7145434	3329	508	3	192	194
tlm_multiply_gcd_reverse_decode	7145434	7145598	164	19	0	3	8
tlm_multiply_gcd_reverse_apply	7145598	7145599	1	0	0	0	0
tlm_apply_forward_mod_add_register	7145599	7150487	4888	623	5	366	371
tlm_apply_forward_mod_add_fold	7150487	7151034	547	55	1	55	55
tlm_apply_forward_mod_add_clean	7151034	7151313	279	19	0	20	22
tlm_apply_forward_swap	7151313	7152081	768	256	0	0	0
tlm_apply_forward_fold	7152081	7153690	1609	309	0	54	61
tlm_multiply_gcd_reverse_body	7153690	7157081	3391	515	3	196	198
tlm_multiply_gcd_reverse_decode	7157081	7157087	6	0	0	0	3
tlm_multiply_gcd_reverse_apply	7157087	7157088	1	0	0	0	0
tlm_apply_forward_mod_add_register	7157088	7161663	4575	601	4	344	348
tlm_apply_forward_mod_add_fold	7161663	7162216	553	55	2	55	55
tlm_apply_forward_mod_add_clean	7162216	7162495	279	19	0	20	22
tlm_apply_forward_swap	7162495	7163263	768	256	0	0	0
tlm_apply_forward_fold	7163263	7164880	1617	309	0	55	62
tlm_multiply_gcd_reverse_body	7164880	7168277	3397	518	3	196	198
tlm_multiply_gcd_reverse_decode	7168277	7168283	6	0	0	0	3
tlm_multiply_gcd_reverse_apply	7168283	7168284	1	0	0	0	0
tlm_apply_forward_mod_add_register	7168284	7172859	4575	601	4	344	348
tlm_apply_forward_mod_add_fold	7172859	7173412	553	55	2	55	55
tlm_apply_forward_mod_add_clean	7173412	7173691	279	19	0	20	22
tlm_apply_forward_swap	7173691	7174459	768	256	0	0	0
tlm_apply_forward_fold	7174459	7176076	1617	309	0	55	62
tlm_multiply_gcd_reverse_body	7176076	7179479	3403	521	3	196	198
tlm_multiply_gcd_reverse_decode	7179479	7179643	164	19	0	3	8
tlm_multiply_gcd_reverse_apply	7179643	7179644	1	0	0	0	0
tlm_apply_forward_mod_add_register	7179644	7184219	4575	601	4	344	348
tlm_apply_forward_mod_add_fold	7184219	7184772	553	55	2	55	55
tlm_apply_forward_mod_add_clean	7184772	7185051	279	19	0	20	22
tlm_apply_forward_swap	7185051	7185819	768	256	0	0	0
tlm_apply_forward_fold	7185819	7187436	1617	309	0	55	62
tlm_multiply_gcd_reverse_body	7187436	7190901	3465	528	3	200	202
tlm_multiply_gcd_reverse_decode	7190901	7190907	6	0	0	0	3
tlm_multiply_gcd_reverse_apply	7190907	7190908	1	0	0	0	0
tlm_apply_forward_mod_add_register	7190908	7195483	4575	601	4	344	348
tlm_apply_forward_mod_add_fold	7195483	7196036	553	55	2	55	55
tlm_apply_forward_mod_add_clean	7196036	7196315	279	19	0	20	22
tlm_apply_forward_swap	7196315	7197083	768	256	0	0	0
tlm_apply_forward_fold	7197083	7198700	1617	309	0	55	62
tlm_multiply_gcd_reverse_body	7198700	7202157	3457	530	3	199	201
tlm_multiply_gcd_reverse_decode	7202157	7202163	6	0	0	0	3
tlm_multiply_gcd_reverse_apply	7202163	7202164	1	0	0	0	0
tlm_apply_forward_mod_add_register	7202164	7206739	4575	601	4	344	348
tlm_apply_forward_mod_add_fold	7206739	7207292	553	55	2	55	55
tlm_apply_forward_mod_add_clean	7207292	7207571	279	19	0	20	22
tlm_apply_forward_swap	7207571	7208339	768	256	0	0	0
tlm_apply_forward_fold	7208339	7209956	1617	309	0	55	62
tlm_multiply_gcd_reverse_body	7209956	7213433	3477	534	3	200	202
tlm_multiply_gcd_reverse_decode	7213433	7213597	164	19	0	3	8
tlm_multiply_gcd_reverse_apply	7213597	7213598	1	0	0	0	0
tlm_apply_forward_mod_add_register	7213598	7218173	4575	601	4	344	348
tlm_apply_forward_mod_add_fold	7218173	7218726	553	55	2	55	55
tlm_apply_forward_mod_add_clean	7218726	7219005	279	19	0	20	22
tlm_apply_forward_swap	7219005	7219773	768	256	0	0	0
tlm_apply_forward_fold	7219773	7221390	1617	309	0	55	62
tlm_multiply_gcd_reverse_body	7221390	7224929	3539	541	3	204	206
tlm_multiply_gcd_reverse_decode	7224929	7224935	6	0	0	0	3
tlm_multiply_gcd_reverse_apply	7224935	7224936	1	0	0	0	0
tlm_apply_forward_mod_add_register	7224936	7229511	4575	601	4	344	348
tlm_apply_forward_mod_add_fold	7229511	7230064	553	55	2	55	55
tlm_apply_forward_mod_add_clean	7230064	7230343	279	19	0	20	22
tlm_apply_forward_swap	7230343	7231111	768	256	0	0	0
tlm_apply_forward_fold	7231111	7232728	1617	309	0	55	62
tlm_multiply_gcd_reverse_body	7232728	7236259	3531	543	3	203	205
tlm_multiply_gcd_reverse_decode	7236259	7236265	6	0	0	0	3
tlm_multiply_gcd_reverse_apply	7236265	7236266	1	0	0	0	0
tlm_apply_forward_mod_add_register	7236266	7240841	4575	601	4	344	348
tlm_apply_forward_mod_add_fold	7240841	7241394	553	55	2	55	55
tlm_apply_forward_mod_add_clean	7241394	7241673	279	19	0	20	22
tlm_apply_forward_swap	7241673	7242441	768	256	0	0	0
tlm_apply_forward_fold	7242441	7244058	1617	309	0	55	62
tlm_multiply_gcd_reverse_body	7244058	7247609	3551	547	3	204	206
tlm_multiply_gcd_reverse_decode	7247609	7247773	164	19	0	3	8
tlm_multiply_gcd_reverse_apply	7247773	7247774	1	0	0	0	0
tlm_apply_forward_mod_add_register	7247774	7252349	4575	601	4	344	348
tlm_apply_forward_mod_add_fold	7252349	7252902	553	55	2	55	55
tlm_apply_forward_mod_add_clean	7252902	7253181	279	19	0	20	22
tlm_apply_forward_swap	7253181	7253949	768	256	0	0	0
tlm_apply_forward_fold	7253949	7255566	1617	309	0	55	62
tlm_multiply_gcd_reverse_body	7255566	7259165	3599	553	3	207	209
tlm_multiply_gcd_reverse_decode	7259165	7259171	6	0	0	0	3
tlm_multiply_gcd_reverse_apply	7259171	7259172	1	0	0	0	0
tlm_apply_forward_mod_add_register	7259172	7263747	4575	601	4	344	348
tlm_apply_forward_mod_add_fold	7263747	7264300	553	55	2	55	55
tlm_apply_forward_mod_add_clean	7264300	7264579	279	19	0	20	22
tlm_apply_forward_swap	7264579	7265347	768	256	0	0	0
tlm_apply_forward_fold	7265347	7266964	1617	309	0	55	62
tlm_multiply_gcd_reverse_body	7266964	7270569	3605	556	3	207	209
tlm_multiply_gcd_reverse_decode	7270569	7270575	6	0	0	0	3
tlm_multiply_gcd_reverse_apply	7270575	7270576	1	0	0	0	0
tlm_apply_forward_mod_add_register	7270576	7275151	4575	601	4	344	348
tlm_apply_forward_mod_add_fold	7275151	7275704	553	55	2	55	55
tlm_apply_forward_mod_add_clean	7275704	7275983	279	19	0	20	22
tlm_apply_forward_swap	7275983	7276751	768	256	0	0	0
tlm_apply_forward_fold	7276751	7278368	1617	309	0	55	62
tlm_multiply_gcd_reverse_body	7278368	7282083	3715	569	3	214	216
tlm_multiply_gcd_reverse_decode	7282083	7282247	164	19	0	3	8
tlm_multiply_gcd_reverse_apply	7282247	7282248	1	0	0	0	0
tlm_apply_forward_mod_add_register	7282248	7286823	4575	601	4	344	348
tlm_apply_forward_mod_add_fold	7286823	7287376	553	55	2	55	55
tlm_apply_forward_mod_add_clean	7287376	7287655	279	19	0	20	22
tlm_apply_forward_swap	7287655	7288423	768	256	0	0	0
tlm_apply_forward_fold	7288423	7290040	1617	309	0	55	62
tlm_multiply_gcd_reverse_body	7290040	7293713	3673	566	3	211	213
tlm_multiply_gcd_reverse_decode	7293713	7293719	6	0	0	0	3
tlm_multiply_gcd_reverse_apply	7293719	7293720	1	0	0	0	0
tlm_apply_forward_mod_add_register	7293720	7298295	4575	601	4	344	348
tlm_apply_forward_mod_add_fold	7298295	7298848	553	55	2	55	55
tlm_apply_forward_mod_add_clean	7298848	7299127	279	19	0	20	22
tlm_apply_forward_swap	7299127	7299895	768	256	0	0	0
tlm_apply_forward_fold	7299895	7301512	1617	309	0	55	62
tlm_multiply_gcd_reverse_body	7301512	7305295	3783	579	3	218	220
tlm_multiply_gcd_reverse_decode	7305295	7305301	6	0	0	0	3
tlm_multiply_gcd_reverse_apply	7305301	7305302	1	0	0	0	0
tlm_apply_forward_mod_add_register	7305302	7309877	4575	601	4	344	348
tlm_apply_forward_mod_add_fold	7309877	7310430	553	55	2	55	55
tlm_apply_forward_mod_add_clean	7310430	7310709	279	19	0	20	22
tlm_apply_forward_swap	7310709	7311477	768	256	0	0	0
tlm_apply_forward_fold	7311477	7313094	1617	309	0	55	62
tlm_multiply_gcd_reverse_body	7313094	7316869	3775	581	3	217	219
tlm_multiply_gcd_reverse_decode	7316869	7317033	164	19	0	3	8
tlm_multiply_gcd_reverse_apply	7317033	7317034	1	0	0	0	0
tlm_apply_forward_mod_add_register	7317034	7321609	4575	601	4	344	348
tlm_apply_forward_mod_add_fold	7321609	7322162	553	55	2	55	55
tlm_apply_forward_mod_add_clean	7322162	7322441	279	19	0	20	22
tlm_apply_forward_swap	7322441	7323209	768	256	0	0	0
tlm_apply_forward_fold	7323209	7324826	1617	309	0	55	62
tlm_multiply_gcd_reverse_body	7324826	7328677	3851	589	3	222	224
tlm_multiply_gcd_reverse_decode	7328677	7328683	6	0	0	0	3
tlm_multiply_gcd_reverse_apply	7328683	7328684	1	0	0	0	0
tlm_apply_forward_mod_add_register	7328684	7333259	4575	601	4	344	348
tlm_apply_forward_mod_add_fold	7333259	7333812	553	55	2	55	55
tlm_apply_forward_mod_add_clean	7333812	7334091	279	19	0	20	22
tlm_apply_forward_swap	7334091	7334859	768	256	0	0	0
tlm_apply_forward_fold	7334859	7336476	1617	309	0	55	62
tlm_multiply_gcd_reverse_body	7336476	7340215	3739	581	3	214	216
tlm_multiply_gcd_reverse_decode	7340215	7340221	6	0	0	0	3
tlm_multiply_gcd_reverse_apply	7340221	7340222	1	0	0	0	0
tlm_apply_forward_mod_add_register	7340222	7344797	4575	601	4	344	348
tlm_apply_forward_mod_add_fold	7344797	7345350	553	55	2	55	55
tlm_apply_forward_mod_add_clean	7345350	7345629	279	19	0	20	22
tlm_apply_forward_swap	7345629	7346397	768	256	0	0	0
tlm_apply_forward_fold	7346397	7348014	1617	309	0	55	62
tlm_multiply_gcd_reverse_body	7348014	7351773	3759	585	3	215	217
tlm_multiply_gcd_reverse_decode	7351773	7351937	164	19	0	3	8
tlm_multiply_gcd_reverse_apply	7351937	7351938	1	0	0	0	0
tlm_apply_forward_mod_add_register	7351938	7356513	4575	601	4	344	348
tlm_apply_forward_mod_add_fold	7356513	7357066	553	55	2	55	55
tlm_apply_forward_mod_add_clean	7357066	7357345	279	19	0	20	22
tlm_apply_forward_swap	7357345	7358113	768	256	0	0	0
tlm_apply_forward_fold	7358113	7359730	1617	309	0	55	62
tlm_multiply_gcd_reverse_body	7359730	7363537	3807	591	3	218	220
tlm_multiply_gcd_reverse_decode	7363537	7363543	6	0	0	0	3
tlm_multiply_gcd_reverse_apply	7363543	7363544	1	0	0	0	0
tlm_apply_forward_mod_add_register	7363544	7368119	4575	601	4	344	348
tlm_apply_forward_mod_add_fold	7368119	7368672	553	55	2	55	55
tlm_apply_forward_mod_add_clean	7368672	7368951	279	19	0	20	22
tlm_apply_forward_swap	7368951	7369719	768	256	0	0	0
tlm_apply_forward_fold	7369719	7371336	1617	309	0	55	62
tlm_multiply_gcd_reverse_body	7371336	7375149	3813	594	3	218	220
tlm_multiply_gcd_reverse_decode	7375149	7375155	6	0	0	0	3
tlm_multiply_gcd_reverse_apply	7375155	7375156	1	0	0	0	0
tlm_apply_forward_mod_add_register	7375156	7379731	4575	601	4	344	348
tlm_apply_forward_mod_add_fold	7379731	7380284	553	55	2	55	55
tlm_apply_forward_mod_add_clean	7380284	7380563	279	19	0	20	22
tlm_apply_forward_swap	7380563	7381331	768	256	0	0	0
tlm_apply_forward_fold	7381331	7382948	1617	309	0	55	62
tlm_multiply_gcd_reverse_body	7382948	7386781	3833	598	3	219	221
tlm_multiply_gcd_reverse_decode	7386781	7386945	164	19	0	3	8
tlm_multiply_gcd_reverse_apply	7386945	7386946	1	0	0	0	0
tlm_apply_forward_mod_add_register	7386946	7391521	4575	601	4	344	348
tlm_apply_forward_mod_add_fold	7391521	7392074	553	55	2	55	55
tlm_apply_forward_mod_add_clean	7392074	7392353	279	19	0	20	22
tlm_apply_forward_swap	7392353	7393121	768	256	0	0	0
tlm_apply_forward_fold	7393121	7394738	1617	309	0	55	62
tlm_multiply_gcd_reverse_body	7394738	7398633	3895	605	3	223	225
tlm_multiply_gcd_reverse_decode	7398633	7398639	6	0	0	0	3
tlm_multiply_gcd_reverse_apply	7398639	7398640	1	0	0	0	0
tlm_apply_forward_mod_add_register	7398640	7403215	4575	601	4	344	348
tlm_apply_forward_mod_add_fold	7403215	7403768	553	55	2	55	55
tlm_apply_forward_mod_add_clean	7403768	7404047	279	19	0	20	22
tlm_apply_forward_swap	7404047	7404815	768	256	0	0	0
tlm_apply_forward_fold	7404815	7406432	1617	309	0	55	62
tlm_multiply_gcd_reverse_body	7406432	7410409	3977	616	3	228	230
tlm_multiply_gcd_reverse_decode	7410409	7410415	6	0	0	0	3
tlm_multiply_gcd_reverse_apply	7410415	7410416	1	0	0	0	0
tlm_apply_forward_mod_add_register	7410416	7414991	4575	601	4	344	348
tlm_apply_forward_mod_add_fold	7414991	7415544	553	55	2	55	55
tlm_apply_forward_mod_add_clean	7415544	7415823	279	19	0	20	22
tlm_apply_forward_swap	7415823	7416591	768	256	0	0	0
tlm_apply_forward_fold	7416591	7418208	1617	309	0	55	62
tlm_multiply_gcd_reverse_body	7418208	7422205	3997	620	3	229	231
tlm_multiply_gcd_reverse_decode	7422205	7422369	164	19	0	3	8
tlm_multiply_gcd_reverse_apply	7422369	7422370	1	0	0	0	0
tlm_apply_forward_mod_add_register	7422370	7426945	4575	601	4	344	348
tlm_apply_forward_mod_add_fold	7426945	7427498	553	55	2	55	55
tlm_apply_forward_mod_add_clean	7427498	7427777	279	19	0	20	22
tlm_apply_forward_swap	7427777	7428545	768	256	0	0	0
tlm_apply_forward_fold	7428545	7430162	1617	309	0	55	62
tlm_multiply_gcd_reverse_body	7430162	7434221	4059	627	3	233	235
tlm_multiply_gcd_reverse_decode	7434221	7434227	6	0	0	0	3
tlm_multiply_gcd_reverse_apply	7434227	7434228	1	0	0	0	0
tlm_apply_forward_mod_add_register	7434228	7438803	4575	601	4	344	348
tlm_apply_forward_mod_add_fold	7438803	7439356	553	55	2	55	55
tlm_apply_forward_mod_add_clean	7439356	7439635	279	19	0	20	22
tlm_apply_forward_swap	7439635	7440403	768	256	0	0	0
tlm_apply_forward_fold	7440403	7442020	1617	309	0	55	62
tlm_multiply_gcd_reverse_body	7442020	7446085	4065	630	3	233	235
tlm_multiply_gcd_reverse_decode	7446085	7446091	6	0	0	0	3
tlm_multiply_gcd_reverse_apply	7446091	7446092	1	0	0	0	0
tlm_apply_forward_mod_add_register	7446092	7450667	4575	601	4	344	348
tlm_apply_forward_mod_add_fold	7450667	7451220	553	55	2	55	55
tlm_apply_forward_mod_add_clean	7451220	7451499	279	19	0	20	22
tlm_apply_forward_swap	7451499	7452267	768	256	0	0	0
tlm_apply_forward_fold	7452267	7453884	1617	309	0	55	62
tlm_multiply_gcd_reverse_body	7453884	7457955	4071	633	3	233	235
tlm_multiply_gcd_reverse_decode	7457955	7458119	164	19	0	3	8
tlm_multiply_gcd_reverse_apply	7458119	7458120	1	0	0	0	0
tlm_apply_forward_mod_add_register	7458120	7462695	4575	601	4	344	348
tlm_apply_forward_mod_add_fold	7462695	7463248	553	55	2	55	55
tlm_apply_forward_mod_add_clean	7463248	7463527	279	19	0	20	22
tlm_apply_forward_swap	7463527	7464295	768	256	0	0	0
tlm_apply_forward_fold	7464295	7465912	1617	309	0	55	62
tlm_multiply_gcd_reverse_body	7465912	7470031	4119	639	3	236	238
tlm_multiply_gcd_reverse_decode	7470031	7470037	6	0	0	0	3
tlm_multiply_gcd_reverse_apply	7470037	7470038	1	0	0	0	0
tlm_apply_forward_mod_add_register	7470038	7474613	4575	601	4	344	348
tlm_apply_forward_mod_add_fold	7474613	7475166	553	55	2	55	55
tlm_apply_forward_mod_add_clean	7475166	7475445	279	19	0	20	22
tlm_apply_forward_swap	7475445	7476213	768	256	0	0	0
tlm_apply_forward_fold	7476213	7477830	1617	309	0	55	62
tlm_multiply_gcd_reverse_body	7477830	7481955	4125	642	3	236	238
tlm_multiply_gcd_reverse_decode	7481955	7481961	6	0	0	0	3
tlm_multiply_gcd_reverse_apply	7481961	7481962	1	0	0	0	0
tlm_apply_forward_mod_add_register	7481962	7486537	4575	601	4	344	348
tlm_apply_forward_mod_add_fold	7486537	7487090	553	55	2	55	55
tlm_apply_forward_mod_add_clean	7487090	7487369	279	19	0	20	22
tlm_apply_forward_swap	7487369	7488137	768	256	0	0	0
tlm_apply_forward_fold	7488137	7489754	1617	309	0	55	62
tlm_multiply_gcd_reverse_body	7489754	7493885	4131	645	3	236	238
tlm_multiply_gcd_reverse_decode	7493885	7494049	164	19	0	3	8
tlm_multiply_gcd_reverse_apply	7494049	7494050	1	0	0	0	0
tlm_apply_forward_mod_add_register	7494050	7498625	4575	601	4	344	348
tlm_apply_forward_mod_add_fold	7498625	7499178	553	55	2	55	55
tlm_apply_forward_mod_add_clean	7499178	7499457	279	19	0	20	22
tlm_apply_forward_swap	7499457	7500225	768	256	0	0	0
tlm_apply_forward_fold	7500225	7501842	1617	309	0	55	62
tlm_multiply_gcd_reverse_body	7501842	7506035	4193	652	3	240	242
tlm_multiply_gcd_reverse_decode	7506035	7506041	6	0	0	0	3
tlm_multiply_gcd_reverse_apply	7506041	7506042	1	0	0	0	0
tlm_apply_forward_mod_add_register	7506042	7510617	4575	601	4	344	348
tlm_apply_forward_mod_add_fold	7510617	7511170	553	55	2	55	55
tlm_apply_forward_mod_add_clean	7511170	7511449	279	19	0	20	22
tlm_apply_forward_swap	7511449	7512217	768	256	0	0	0
tlm_apply_forward_fold	7512217	7513834	1617	309	0	55	62
tlm_multiply_gcd_reverse_body	7513834	7517943	4109	646	3	234	236
tlm_multiply_gcd_reverse_decode	7517943	7517949	6	0	0	0	3
tlm_multiply_gcd_reverse_apply	7517949	7517950	1	0	0	0	0
tlm_apply_forward_mod_add_register	7517950	7522525	4575	601	4	344	348
tlm_apply_forward_mod_add_fold	7522525	7523078	553	55	2	55	55
tlm_apply_forward_mod_add_clean	7523078	7523357	279	19	0	20	22
tlm_apply_forward_swap	7523357	7524125	768	256	0	0	0
tlm_apply_forward_fold	7524125	7525742	1617	309	0	55	62
tlm_multiply_gcd_reverse_body	7525742	7529947	4205	658	3	240	242
tlm_multiply_gcd_reverse_decode	7529947	7530111	164	19	0	3	8
tlm_multiply_gcd_reverse_apply	7530111	7530112	1	0	0	0	0
tlm_apply_forward_mod_add_register	7530112	7534687	4575	601	4	344	348
tlm_apply_forward_mod_add_fold	7534687	7535240	553	55	2	55	55
tlm_apply_forward_mod_add_clean	7535240	7535519	279	19	0	20	22
tlm_apply_forward_swap	7535519	7536287	768	256	0	0	0
tlm_apply_forward_fold	7536287	7537904	1617	309	0	55	62
tlm_multiply_gcd_reverse_body	7537904	7542171	4267	665	3	244	246
tlm_multiply_gcd_reverse_decode	7542171	7542177	6	0	0	0	3
tlm_multiply_gcd_reverse_apply	7542177	7542178	1	0	0	0	0
tlm_apply_forward_mod_add_register	7542178	7546753	4575	601	4	344	348
tlm_apply_forward_mod_add_fold	7546753	7547306	553	55	2	55	55
tlm_apply_forward_mod_add_clean	7547306	7547585	279	19	0	20	22
tlm_apply_forward_swap	7547585	7548353	768	256	0	0	0
tlm_apply_forward_fold	7548353	7549970	1617	309	0	55	62
tlm_multiply_gcd_reverse_body	7549970	7554257	4287	669	3	245	247
tlm_multiply_gcd_reverse_decode	7554257	7554263	6	0	0	0	3
tlm_multiply_gcd_reverse_apply	7554263	7554264	1	0	0	0	0
tlm_apply_forward_mod_add_register	7554264	7558526	4262	579	3	322	325
tlm_apply_forward_mod_add_fold	7558526	7559079	553	55	2	55	55
tlm_apply_forward_mod_add_clean	7559079	7559358	279	19	0	20	22
tlm_apply_forward_swap	7559358	7560126	768	256	0	0	0
tlm_apply_forward_fold	7560126	7561743	1617	309	0	55	62
tlm_multiply_gcd_reverse_body	7561743	7565932	4189	662	3	238	240
tlm_multiply_gcd_reverse_decode	7565932	7566096	164	19	0	3	8
tlm_multiply_gcd_reverse_apply	7566096	7566097	1	0	0	0	0
tlm_apply_forward_mod_add_register	7566097	7570359	4262	579	3	322	325
tlm_apply_forward_mod_add_fold	7570359	7570912	553	55	2	55	55
tlm_apply_forward_mod_add_clean	7570912	7571191	279	19	0	20	22
tlm_apply_forward_swap	7571191	7571959	768	256	0	0	0
tlm_apply_forward_fold	7571959	7573576	1617	309	0	55	62
tlm_multiply_gcd_reverse_body	7573576	7577813	4237	668	3	241	243
tlm_multiply_gcd_reverse_decode	7577813	7577819	6	0	0	0	3
tlm_multiply_gcd_reverse_apply	7577819	7577820	1	0	0	0	0
tlm_apply_forward_mod_add_register	7577820	7582082	4262	579	3	322	325
tlm_apply_forward_mod_add_fold	7582082	7582635	553	55	2	55	55
tlm_apply_forward_mod_add_clean	7582635	7582914	279	19	0	20	22
tlm_apply_forward_swap	7582914	7583682	768	256	0	0	0
tlm_apply_forward_fold	7583682	7585299	1617	309	0	55	62
tlm_multiply_gcd_reverse_body	7585299	7589556	4257	672	3	242	244
tlm_multiply_gcd_reverse_decode	7589556	7589562	6	0	0	0	3
tlm_multiply_gcd_reverse_apply	7589562	7589563	1	0	0	0	0
tlm_apply_forward_mod_add_register	7589563	7593825	4262	579	3	322	325
tlm_apply_forward_mod_add_fold	7593825	7594378	553	55	2	55	55
tlm_apply_forward_mod_add_clean	7594378	7594657	279	19	0	20	22
tlm_apply_forward_swap	7594657	7595425	768	256	0	0	0
tlm_apply_forward_fold	7595425	7597042	1617	309	0	55	62
tlm_multiply_gcd_reverse_body	7597042	7601291	4249	674	3	241	243
tlm_multiply_gcd_reverse_decode	7601291	7601455	164	19	0	3	8
tlm_multiply_gcd_reverse_apply	7601455	7601456	1	0	0	0	0
tlm_apply_forward_mod_add_register	7601456	7605718	4262	579	3	322	325
tlm_apply_forward_mod_add_fold	7605718	7606271	553	55	2	55	55
tlm_apply_forward_mod_add_clean	7606271	7606550	279	19	0	20	22
tlm_apply_forward_swap	7606550	7607318	768	256	0	0	0
tlm_apply_forward_fold	7607318	7608935	1617	309	0	55	62
tlm_multiply_gcd_reverse_body	7608935	7613246	4311	681	3	245	247
tlm_multiply_gcd_reverse_decode	7613246	7613252	6	0	0	0	3
tlm_multiply_gcd_reverse_apply	7613252	7613253	1	0	0	0	0
tlm_apply_forward_mod_add_register	7613253	7617515	4262	579	3	322	325
tlm_apply_forward_mod_add_fold	7617515	7618068	553	55	2	55	55
tlm_apply_forward_mod_add_clean	7618068	7618347	279	19	0	20	22
tlm_apply_forward_swap	7618347	7619115	768	256	0	0	0
tlm_apply_forward_fold	7619115	7620732	1617	309	0	55	62
tlm_multiply_gcd_reverse_body	7620732	7625140	4408	693	3	251	254
tlm_multiply_gcd_reverse_decode	7625140	7625146	6	0	0	0	3
tlm_multiply_gcd_reverse_apply	7625146	7625147	1	0	0	0	0
tlm_apply_forward_mod_add_register	7625147	7629409	4262	579	3	322	325
tlm_apply_forward_mod_add_fold	7629409	7629962	553	55	2	55	55
tlm_apply_forward_mod_add_clean	7629962	7630241	279	19	0	20	22
tlm_apply_forward_swap	7630241	7631009	768	256	0	0	0
tlm_apply_forward_fold	7631009	7632626	1617	309	0	55	62
tlm_multiply_gcd_reverse_body	7632626	7637053	4427	697	3	252	254
tlm_multiply_gcd_reverse_decode	7637053	7637217	164	19	0	3	8
tlm_multiply_gcd_reverse_apply	7637217	7637218	1	0	0	0	0
tlm_apply_forward_mod_add_register	7637218	7641480	4262	579	3	322	325
tlm_apply_forward_mod_add_fold	7641480	7642033	553	55	2	55	55
tlm_apply_forward_mod_add_clean	7642033	7642312	279	19	0	20	22
tlm_apply_forward_swap	7642312	7643080	768	256	0	0	0
tlm_apply_forward_fold	7643080	7644697	1617	309	0	55	62
tlm_multiply_gcd_reverse_body	7644697	7649145	4448	701	3	253	256
tlm_multiply_gcd_reverse_decode	7649145	7649151	6	0	0	0	3
tlm_multiply_gcd_reverse_apply	7649151	7649152	1	0	0	0	0
tlm_apply_forward_mod_add_register	7649152	7653414	4262	579	3	322	325
tlm_apply_forward_mod_add_fold	7653414	7653967	553	55	2	55	55
tlm_apply_forward_mod_add_clean	7653967	7654246	279	19	0	20	22
tlm_apply_forward_swap	7654246	7655014	768	256	0	0	0
tlm_apply_forward_fold	7655014	7656631	1617	309	0	55	62
tlm_multiply_gcd_reverse_body	7656631	7661099	4468	705	3	254	257
tlm_multiply_gcd_reverse_decode	7661099	7661105	6	0	0	0	3
tlm_multiply_gcd_reverse_apply	7661105	7661106	1	0	0	0	0
tlm_apply_forward_mod_add_register	7661106	7665368	4262	579	3	322	325
tlm_apply_forward_mod_add_fold	7665368	7665921	553	55	2	55	55
tlm_apply_forward_mod_add_clean	7665921	7666200	279	19	0	20	22
tlm_apply_forward_swap	7666200	7666968	768	256	0	0	0
tlm_apply_forward_fold	7666968	7668585	1617	309	0	55	62
tlm_multiply_gcd_reverse_body	7668585	7673073	4488	709	3	255	258
tlm_multiply_gcd_reverse_decode	7673073	7673237	164	19	0	3	8
tlm_multiply_gcd_reverse_apply	7673237	7673238	1	0	0	0	0
tlm_apply_forward_mod_add_register	7673238	7677500	4262	579	3	322	325
tlm_apply_forward_mod_add_fold	7677500	7678053	553	55	2	55	55
tlm_apply_forward_mod_add_clean	7678053	7678332	279	19	0	20	22
tlm_apply_forward_swap	7678332	7679100	768	256	0	0	0
tlm_apply_forward_fold	7679100	7680717	1617	309	0	55	62
tlm_multiply_gcd_reverse_body	7680717	7685211	4494	712	3	255	258
tlm_multiply_gcd_reverse_decode	7685211	7685217	6	0	0	0	3
tlm_multiply_gcd_reverse_apply	7685217	7685218	1	0	0	0	0
tlm_apply_forward_mod_add_register	7685218	7689480	4262	579	3	322	325
tlm_apply_forward_mod_add_fold	7689480	7690033	553	55	2	55	55
tlm_apply_forward_mod_add_clean	7690033	7690312	279	19	0	20	22
tlm_apply_forward_swap	7690312	7691080	768	256	0	0	0
tlm_apply_forward_fold	7691080	7692697	1617	309	0	55	62
tlm_multiply_gcd_reverse_body	7692697	7697225	4528	717	3	257	260
tlm_multiply_gcd_reverse_decode	7697225	7697231	6	0	0	0	3
tlm_multiply_gcd_reverse_apply	7697231	7697232	1	0	0	0	0
tlm_apply_forward_mod_add_register	7697232	7701494	4262	579	3	322	325
tlm_apply_forward_mod_add_fold	7701494	7702047	553	55	2	55	55
tlm_apply_forward_mod_add_clean	7702047	7702326	279	19	0	20	22
tlm_apply_forward_swap	7702326	7703094	768	256	0	0	0
tlm_apply_forward_fold	7703094	7704711	1617	309	0	55	62
tlm_multiply_gcd_reverse_body	7704711	7709168	4457	712	3	252	254
tlm_multiply_gcd_reverse_decode	7709168	7709332	164	19	0	3	8
tlm_multiply_gcd_reverse_apply	7709332	7709333	1	0	0	0	0
tlm_apply_forward_mod_add_register	7709333	7713595	4262	579	3	322	325
tlm_apply_forward_mod_add_fold	7713595	7714148	553	55	2	55	55
tlm_apply_forward_mod_add_clean	7714148	7714427	279	19	0	20	22
tlm_apply_forward_swap	7714427	7715195	768	256	0	0	0
tlm_apply_forward_fold	7715195	7716812	1617	309	0	55	62
tlm_multiply_gcd_reverse_body	7716812	7721366	4554	724	3	258	261
tlm_multiply_gcd_reverse_decode	7721366	7721372	6	0	0	0	3
tlm_multiply_gcd_reverse_apply	7721372	7721373	1	0	0	0	0
tlm_apply_forward_mod_add_register	7721373	7725635	4262	579	3	322	325
tlm_apply_forward_mod_add_fold	7725635	7726188	553	55	2	55	55
tlm_apply_forward_mod_add_clean	7726188	7726467	279	19	0	20	22
tlm_apply_forward_swap	7726467	7727235	768	256	0	0	0
tlm_apply_forward_fold	7727235	7728852	1617	309	0	55	62
tlm_multiply_gcd_reverse_body	7728852	7733426	4574	728	3	259	262
tlm_multiply_gcd_reverse_decode	7733426	7733432	6	0	0	0	3
tlm_multiply_gcd_reverse_apply	7733432	7733433	1	0	0	0	0
tlm_apply_forward_mod_add_register	7733433	7737695	4262	579	3	322	325
tlm_apply_forward_mod_add_fold	7737695	7738248	553	55	2	55	55
tlm_apply_forward_mod_add_clean	7738248	7738527	279	19	0	20	22
tlm_apply_forward_swap	7738527	7739295	768	256	0	0	0
tlm_apply_forward_fold	7739295	7740912	1617	309	0	55	62
tlm_multiply_gcd_reverse_body	7740912	7745443	4531	725	3	256	258
tlm_multiply_gcd_reverse_decode	7745443	7745607	164	19	0	3	8
tlm_multiply_gcd_reverse_apply	7745607	7745608	1	0	0	0	0
tlm_apply_forward_mod_add_register	7745608	7749870	4262	579	3	322	325
tlm_apply_forward_mod_add_fold	7749870	7750423	553	55	2	55	55
tlm_apply_forward_mod_add_clean	7750423	7750702	279	19	0	20	22
tlm_apply_forward_swap	7750702	7751470	768	256	0	0	0
tlm_apply_forward_fold	7751470	7753087	1617	309	0	55	62
tlm_multiply_gcd_reverse_body	7753087	7757701	4614	736	3	261	264
tlm_multiply_gcd_reverse_decode	7757701	7757707	6	0	0	0	3
tlm_multiply_gcd_reverse_apply	7757707	7757708	1	0	0	0	0
tlm_apply_forward_mod_add_register	7757708	7761970	4262	579	3	322	325
tlm_apply_forward_mod_add_fold	7761970	7762523	553	55	2	55	55
tlm_apply_forward_mod_add_clean	7762523	7762802	279	19	0	20	22
tlm_apply_forward_swap	7762802	7763570	768	256	0	0	0
tlm_apply_forward_fold	7763570	7765187	1617	309	0	55	62
tlm_multiply_gcd_reverse_body	7765187	7769807	4620	739	3	261	264
tlm_multiply_gcd_reverse_decode	7769807	7769813	6	0	0	0	3
tlm_multiply_gcd_reverse_apply	7769813	7769814	1	0	0	0	0
tlm_apply_forward_mod_add_register	7769814	7774076	4262	579	3	322	325
tlm_apply_forward_mod_add_fold	7774076	7774629	553	55	2	55	55
tlm_apply_forward_mod_add_clean	7774629	7774908	279	19	0	20	22
tlm_apply_forward_swap	7774908	7775676	768	256	0	0	0
tlm_apply_forward_fold	7775676	7777293	1617	309	0	55	62
tlm_multiply_gcd_reverse_body	7777293	7781947	4654	744	3	263	266
tlm_multiply_gcd_reverse_decode	7781947	7782111	164	19	0	3	8
tlm_multiply_gcd_reverse_apply	7782111	7782112	1	0	0	0	0
tlm_apply_forward_mod_add_register	7782112	7786374	4262	579	3	322	325
tlm_apply_forward_mod_add_fold	7786374	7786927	553	55	2	55	55
tlm_apply_forward_mod_add_clean	7786927	7787206	279	19	0	20	22
tlm_apply_forward_swap	7787206	7787974	768	256	0	0	0
tlm_apply_forward_fold	7787974	7789591	1617	309	0	55	62
tlm_multiply_gcd_reverse_body	7789591	7794231	4640	743	3	262	265
tlm_multiply_gcd_reverse_decode	7794231	7794237	6	0	0	0	3
tlm_multiply_gcd_reverse_apply	7794237	7794238	1	0	0	0	0
tlm_apply_forward_mod_add_register	7794238	7798500	4262	579	3	322	325
tlm_apply_forward_mod_add_fold	7798500	7799053	553	55	2	55	55
tlm_apply_forward_mod_add_clean	7799053	7799332	279	19	0	20	22
tlm_apply_forward_swap	7799332	7800100	768	256	0	0	0
tlm_apply_forward_fold	7800100	7801717	1617	309	0	55	62
tlm_multiply_gcd_reverse_body	7801717	7806397	4680	751	3	264	267
tlm_multiply_gcd_reverse_decode	7806397	7806403	6	0	0	0	3
tlm_multiply_gcd_reverse_apply	7806403	7806404	1	0	0	0	0
tlm_apply_forward_mod_add_register	7806404	7810666	4262	579	3	322	325
tlm_apply_forward_mod_add_fold	7810666	7811219	553	55	2	55	55
tlm_apply_forward_mod_add_clean	7811219	7811498	279	19	0	20	22
tlm_apply_forward_swap	7811498	7812266	768	256	0	0	0
tlm_apply_forward_fold	7812266	7813883	1617	309	0	55	62
tlm_multiply_gcd_reverse_body	7813883	7818617	4734	760	3	267	270
tlm_multiply_gcd_reverse_decode	7818617	7818781	164	19	0	3	8
tlm_multiply_gcd_reverse_apply	7818781	7818782	1	0	0	0	0
tlm_apply_forward_mod_add_register	7818782	7823044	4262	579	3	322	325
tlm_apply_forward_mod_add_fold	7823044	7823597	553	55	2	55	55
tlm_apply_forward_mod_add_clean	7823597	7823876	279	19	0	20	22
tlm_apply_forward_swap	7823876	7824644	768	256	0	0	0
tlm_apply_forward_fold	7824644	7826261	1617	309	0	55	62
tlm_multiply_gcd_reverse_body	7826261	7831015	4754	764	3	268	271
tlm_multiply_gcd_reverse_decode	7831015	7831021	6	0	0	0	3
tlm_multiply_gcd_reverse_apply	7831021	7831022	1	0	0	0	0
tlm_apply_forward_mod_add_register	7831022	7835284	4262	579	3	322	325
tlm_apply_forward_mod_add_fold	7835284	7835837	553	55	2	55	55
tlm_apply_forward_mod_add_clean	7835837	7836116	279	19	0	20	22
tlm_apply_forward_swap	7836116	7836884	768	256	0	0	0
tlm_apply_forward_fold	7836884	7838501	1617	309	0	55	62
tlm_multiply_gcd_reverse_body	7838501	7843289	4788	769	3	270	273
tlm_multiply_gcd_reverse_decode	7843289	7843295	6	0	0	0	3
tlm_multiply_gcd_reverse_apply	7843295	7843296	1	0	0	0	0
tlm_apply_forward_mod_add_register	7843296	7847558	4262	579	3	322	325
tlm_apply_forward_mod_add_fold	7847558	7848111	553	55	2	55	55
tlm_apply_forward_mod_add_clean	7848111	7848390	279	19	0	20	22
tlm_apply_forward_swap	7848390	7849158	768	256	0	0	0
tlm_apply_forward_fold	7849158	7850775	1617	309	0	55	62
tlm_multiply_gcd_reverse_body	7850775	7855555	4780	771	3	269	272
tlm_multiply_gcd_reverse_decode	7855555	7855719	164	19	0	3	8
tlm_multiply_gcd_reverse_apply	7855719	7855720	1	0	0	0	0
tlm_apply_forward_mod_add_register	7855720	7859982	4262	579	3	322	325
tlm_apply_forward_mod_add_fold	7859982	7860535	553	55	2	55	55
tlm_apply_forward_mod_add_clean	7860535	7860814	279	19	0	20	22
tlm_apply_forward_swap	7860814	7861582	768	256	0	0	0
tlm_apply_forward_fold	7861582	7863199	1617	309	0	55	62
tlm_multiply_gcd_reverse_body	7863199	7867999	4800	775	3	270	273
tlm_multiply_gcd_reverse_decode	7867999	7868005	6	0	0	0	3
tlm_multiply_gcd_reverse_apply	7868005	7868006	1	0	0	0	0
tlm_apply_forward_mod_add_register	7868006	7872268	4262	579	3	322	325
tlm_apply_forward_mod_add_fold	7872268	7872821	553	55	2	55	55
tlm_apply_forward_mod_add_clean	7872821	7873100	279	19	0	20	22
tlm_apply_forward_swap	7873100	7873868	768	256	0	0	0
tlm_apply_forward_fold	7873868	7875485	1617	309	0	55	62
tlm_multiply_gcd_reverse_body	7875485	7880339	4854	784	3	273	276
tlm_multiply_gcd_reverse_decode	7880339	7880345	6	0	0	0	3
tlm_multiply_gcd_reverse_apply	7880345	7880346	1	0	0	0	0
tlm_apply_forward_mod_add_register	7880346	7884608	4262	579	3	322	325
tlm_apply_forward_mod_add_fold	7884608	7885161	553	55	2	55	55
tlm_apply_forward_mod_add_clean	7885161	7885440	279	19	0	20	22
tlm_apply_forward_swap	7885440	7886208	768	256	0	0	0
tlm_apply_forward_fold	7886208	7887825	1617	309	0	55	62
tlm_multiply_gcd_reverse_body	7887825	7892713	4888	789	3	275	278
tlm_multiply_gcd_reverse_decode	7892713	7892877	164	19	0	3	8
tlm_multiply_gcd_reverse_apply	7892877	7892878	1	0	0	0	0
tlm_apply_forward_mod_add_register	7892878	7897140	4262	579	3	322	325
tlm_apply_forward_mod_add_fold	7897140	7897693	553	55	2	55	55
tlm_apply_forward_mod_add_clean	7897693	7897972	279	19	0	20	22
tlm_apply_forward_swap	7897972	7898740	768	256	0	0	0
tlm_apply_forward_fold	7898740	7900357	1617	309	0	55	62
tlm_multiply_gcd_reverse_body	7900357	7905217	4860	787	3	273	276
tlm_multiply_gcd_reverse_decode	7905217	7905223	6	0	0	0	3
tlm_multiply_gcd_reverse_apply	7905223	7905224	1	0	0	0	0
tlm_apply_forward_mod_add_register	7905224	7909486	4262	579	3	322	325
tlm_apply_forward_mod_add_fold	7909486	7910039	553	55	2	55	55
tlm_apply_forward_mod_add_clean	7910039	7910318	279	19	0	20	22
tlm_apply_forward_swap	7910318	7911086	768	256	0	0	0
tlm_apply_forward_fold	7911086	7912703	1617	309	0	55	62
tlm_multiply_gcd_reverse_body	7912703	7917597	4894	792	3	275	278
tlm_multiply_gcd_reverse_decode	7917597	7917603	6	0	0	0	3
tlm_multiply_gcd_reverse_apply	7917603	7917604	1	0	0	0	0
tlm_apply_forward_mod_add_register	7917604	7921866	4262	579	3	322	325
tlm_apply_forward_mod_add_fold	7921866	7922419	553	55	2	55	55
tlm_apply_forward_mod_add_clean	7922419	7922698	279	19	0	20	22
tlm_apply_forward_swap	7922698	7923466	768	256	0	0	0
tlm_apply_forward_fold	7923466	7925083	1617	309	0	55	62
tlm_multiply_gcd_reverse_body	7925083	7929983	4900	795	3	275	278
tlm_multiply_gcd_reverse_decode	7929983	7930147	164	19	0	3	8
tlm_multiply_gcd_reverse_apply	7930147	7930148	1	0	0	0	0
tlm_apply_forward_mod_add_register	7930148	7934410	4262	579	3	322	325
tlm_apply_forward_mod_add_fold	7934410	7934963	553	55	2	55	55
tlm_apply_forward_mod_add_clean	7934963	7935242	279	19	0	20	22
tlm_apply_forward_swap	7935242	7936010	768	256	0	0	0
tlm_apply_forward_fold	7936010	7937627	1617	309	0	55	62
tlm_multiply_gcd_reverse_body	7937627	7942547	4920	799	3	276	279
tlm_multiply_gcd_reverse_decode	7942547	7942553	6	0	0	0	3
tlm_multiply_gcd_reverse_apply	7942553	7942554	1	0	0	0	0
tlm_apply_forward_mod_add_register	7942554	7946816	4262	579	3	322	325
tlm_apply_forward_mod_add_fold	7946816	7947369	553	55	2	55	55
tlm_apply_forward_mod_add_clean	7947369	7947648	279	19	0	20	22
tlm_apply_forward_swap	7947648	7948416	768	256	0	0	0
tlm_apply_forward_fold	7948416	7950033	1617	309	0	55	62
tlm_multiply_gcd_reverse_body	7950033	7954973	4940	803	3	277	280
tlm_multiply_gcd_reverse_decode	7954973	7954979	6	0	0	0	3
tlm_multiply_gcd_reverse_apply	7954979	7954980	1	0	0	0	0
tlm_apply_forward_mod_add_register	7954980	7959242	4262	579	3	322	325
tlm_apply_forward_mod_add_fold	7959242	7959795	553	55	2	55	55
tlm_apply_forward_mod_add_clean	7959795	7960074	279	19	0	20	22
tlm_apply_forward_swap	7960074	7960842	768	256	0	0	0
tlm_apply_forward_fold	7960842	7962459	1617	309	0	55	62
tlm_multiply_gcd_reverse_body	7962459	7967419	4960	807	3	278	281
tlm_multiply_gcd_reverse_decode	7967419	7967583	164	19	0	3	8
tlm_multiply_gcd_reverse_apply	7967583	7967584	1	0	0	0	0
tlm_apply_forward_mod_add_register	7967584	7971846	4262	579	3	322	325
tlm_apply_forward_mod_add_fold	7971846	7972399	553	55	2	55	55
tlm_apply_forward_mod_add_clean	7972399	7972678	279	19	0	20	22
tlm_apply_forward_swap	7972678	7973446	768	256	0	0	0
tlm_apply_forward_fold	7973446	7975063	1617	309	0	55	62
tlm_multiply_gcd_reverse_body	7975063	7980043	4980	811	3	279	282
tlm_multiply_gcd_reverse_decode	7980043	7980049	6	0	0	0	3
tlm_multiply_gcd_reverse_apply	7980049	7980050	1	0	0	0	0
tlm_apply_forward_mod_add_register	7980050	7984312	4262	579	3	322	325
tlm_apply_forward_mod_add_fold	7984312	7984865	553	55	2	55	55
tlm_apply_forward_mod_add_clean	7984865	7985144	279	19	0	20	22
tlm_apply_forward_swap	7985144	7985912	768	256	0	0	0
tlm_apply_forward_fold	7985912	7987529	1617	309	0	55	62
tlm_multiply_gcd_reverse_body	7987529	7992529	5000	815	3	280	283
tlm_multiply_gcd_reverse_decode	7992529	7992535	6	0	0	0	3
tlm_multiply_gcd_reverse_apply	7992535	7992536	1	0	0	0	0
tlm_apply_forward_mod_add_register	7992536	7996798	4262	579	3	322	325
tlm_apply_forward_mod_add_fold	7996798	7997351	553	55	2	55	55
tlm_apply_forward_mod_add_clean	7997351	7997630	279	19	0	20	22
tlm_apply_forward_swap	7997630	7998398	768	256	0	0	0
tlm_apply_forward_fold	7998398	8000015	1617	309	0	55	62
tlm_multiply_gcd_reverse_body	8000015	8005021	5006	818	3	280	283
tlm_multiply_gcd_reverse_decode	8005021	8005185	164	19	0	3	8
tlm_multiply_gcd_reverse_apply	8005185	8005186	1	0	0	0	0
tlm_apply_forward_mod_add_register	8005186	8009448	4262	579	3	322	325
tlm_apply_forward_mod_add_fold	8009448	8010001	553	55	2	55	55
tlm_apply_forward_mod_add_clean	8010001	8010280	279	19	0	20	22
tlm_apply_forward_swap	8010280	8011048	768	256	0	0	0
tlm_apply_forward_fold	8011048	8012665	1617	309	0	55	62
tlm_multiply_gcd_reverse_body	8012665	8017691	5026	822	3	281	284
tlm_multiply_gcd_reverse_decode	8017691	8017697	6	0	0	0	3
tlm_multiply_gcd_reverse_apply	8017697	8017698	1	0	0	0	0
tlm_apply_forward_mod_add_register	8017698	8021960	4262	579	3	322	325
tlm_apply_forward_mod_add_fold	8021960	8022513	553	55	2	55	55
tlm_apply_forward_mod_add_clean	8022513	8022792	279	19	0	20	22
tlm_apply_forward_swap	8022792	8023560	768	256	0	0	0
tlm_apply_forward_fold	8023560	8025177	1617	309	0	55	62
tlm_multiply_gcd_reverse_body	8025177	8030251	5074	828	3	284	287
tlm_multiply_gcd_reverse_decode	8030251	8030257	6	0	0	0	3
tlm_multiply_gcd_reverse_apply	8030257	8030258	1	0	0	0	0
tlm_apply_forward_mod_add_register	8030258	8034520	4262	579	3	322	325
tlm_apply_forward_mod_add_fold	8034520	8035073	553	55	2	55	55
tlm_apply_forward_mod_add_clean	8035073	8035352	279	19	0	20	22
tlm_apply_forward_swap	8035352	8036120	768	256	0	0	0
tlm_apply_forward_fold	8036120	8037737	1617	309	0	55	62
tlm_multiply_gcd_reverse_body	8037737	8042817	5080	831	3	284	287
tlm_multiply_gcd_reverse_decode	8042817	8042981	164	19	0	3	8
tlm_multiply_gcd_reverse_apply	8042981	8042982	1	0	0	0	0
tlm_apply_forward_mod_add_register	8042982	8047244	4262	579	3	322	325
tlm_apply_forward_mod_add_fold	8047244	8047797	553	55	2	55	55
tlm_apply_forward_mod_add_clean	8047797	8048076	279	19	0	20	22
tlm_apply_forward_swap	8048076	8048844	768	256	0	0	0
tlm_apply_forward_fold	8048844	8050461	1617	309	0	55	62
tlm_multiply_gcd_reverse_body	8050461	8055561	5100	835	3	285	288
tlm_multiply_gcd_reverse_decode	8055561	8055567	6	0	0	0	3
tlm_multiply_gcd_reverse_apply	8055567	8055568	1	0	0	0	0
tlm_apply_forward_mod_add_register	8055568	8059830	4262	579	3	322	325
tlm_apply_forward_mod_add_fold	8059830	8060383	553	55	2	55	55
tlm_apply_forward_mod_add_clean	8060383	8060662	279	19	0	20	22
tlm_apply_forward_swap	8060662	8061430	768	256	0	0	0
tlm_apply_forward_fold	8061430	8063047	1617	309	0	55	62
tlm_multiply_gcd_reverse_body	8063047	8068153	5106	838	3	285	288
tlm_multiply_gcd_reverse_decode	8068153	8068159	6	0	0	0	3
tlm_multiply_gcd_reverse_apply	8068159	8068160	1	0	0	0	0
tlm_apply_forward_mod_add_register	8068160	8072422	4262	579	3	322	325
tlm_apply_forward_mod_add_fold	8072422	8072975	553	55	2	55	55
tlm_apply_forward_mod_add_clean	8072975	8073254	279	19	0	20	22
tlm_apply_forward_swap	8073254	8074022	768	256	0	0	0
tlm_apply_forward_fold	8074022	8075639	1617	309	0	55	62
tlm_multiply_gcd_reverse_body	8075639	8080765	5126	842	3	286	289
tlm_multiply_gcd_reverse_decode	8080765	8080929	164	19	0	3	8
tlm_multiply_gcd_reverse_apply	8080929	8080930	1	0	0	0	0
tlm_apply_forward_mod_add_register	8080930	8085192	4262	579	3	322	325
tlm_apply_forward_mod_add_fold	8085192	8085745	553	55	2	55	55
tlm_apply_forward_mod_add_clean	8085745	8086024	279	19	0	20	22
tlm_apply_forward_swap	8086024	8086792	768	256	0	0	0
tlm_apply_forward_fold	8086792	8088409	1617	309	0	55	62
tlm_multiply_gcd_reverse_body	8088409	8093541	5132	845	3	286	289
tlm_multiply_gcd_reverse_decode	8093541	8093547	6	0	0	0	3
tlm_multiply_gcd_reverse_apply	8093547	8093548	1	0	0	0	0
tlm_apply_forward_mod_add_register	8093548	8097810	4262	579	3	322	325
tlm_apply_forward_mod_add_fold	8097810	8098363	553	55	2	55	55
tlm_apply_forward_mod_add_clean	8098363	8098642	279	19	0	20	22
tlm_apply_forward_swap	8098642	8099410	768	256	0	0	0
tlm_apply_forward_fold	8099410	8101027	1617	309	0	55	62
tlm_multiply_gcd_reverse_body	8101027	8106193	5166	850	3	288	291
tlm_multiply_gcd_reverse_decode	8106193	8106199	6	0	0	0	3
tlm_multiply_gcd_reverse_apply	8106199	8106200	1	0	0	0	0
tlm_apply_forward_mod_add_register	8106200	8110462	4262	579	3	322	325
tlm_apply_forward_mod_add_fold	8110462	8111015	553	55	2	55	55
tlm_apply_forward_mod_add_clean	8111015	8111294	279	19	0	20	22
tlm_apply_forward_swap	8111294	8112062	768	256	0	0	0
tlm_apply_forward_fold	8112062	8113679	1617	309	0	55	62
tlm_multiply_gcd_reverse_body	8113679	8118879	5200	855	3	290	293
tlm_multiply_gcd_reverse_decode	8118879	8119043	164	19	0	3	8
tlm_multiply_gcd_reverse_apply	8119043	8119044	1	0	0	0	0
tlm_apply_forward_mod_add_register	8119044	8123306	4262	579	3	322	325
tlm_apply_forward_mod_add_fold	8123306	8123859	553	55	2	55	55
tlm_apply_forward_mod_add_clean	8123859	8124138	279	19	0	20	22
tlm_apply_forward_swap	8124138	8124906	768	256	0	0	0
tlm_apply_forward_fold	8124906	8126523	1617	309	0	55	62
tlm_multiply_gcd_reverse_body	8126523	8131729	5206	858	3	290	293
tlm_multiply_gcd_reverse_decode	8131729	8131735	6	0	0	0	3
tlm_multiply_gcd_reverse_apply	8131735	8131736	1	0	0	0	0
tlm_apply_forward_mod_add_register	8131736	8135998	4262	579	3	322	325
tlm_apply_forward_mod_add_fold	8135998	8136551	553	55	2	55	55
tlm_apply_forward_mod_add_clean	8136551	8136830	279	19	0	20	22
tlm_apply_forward_swap	8136830	8137598	768	256	0	0	0
tlm_apply_forward_fold	8137598	8139215	1617	309	0	55	62
tlm_multiply_gcd_reverse_body	8139215	8144441	5226	862	3	291	294
tlm_multiply_gcd_reverse_decode	8144441	8144447	6	0	0	0	3
tlm_multiply_gcd_reverse_apply	8144447	8144448	1	0	0	0	0
tlm_apply_forward_mod_add_register	8144448	8148710	4262	579	3	322	325
tlm_apply_forward_mod_add_fold	8148710	8149263	553	55	2	55	55
tlm_apply_forward_mod_add_clean	8149263	8149542	279	19	0	20	22
tlm_apply_forward_swap	8149542	8150310	768	256	0	0	0
tlm_apply_forward_fold	8150310	8151927	1617	309	0	55	62
tlm_multiply_gcd_reverse_body	8151927	8157159	5232	865	3	291	294
tlm_multiply_gcd_reverse_decode	8157159	8157323	164	19	0	3	8
tlm_multiply_gcd_reverse_apply	8157323	8157324	1	0	0	0	0
tlm_apply_forward_mod_add_register	8157324	8161586	4262	579	3	322	325
tlm_apply_forward_mod_add_fold	8161586	8162139	553	55	2	55	55
tlm_apply_forward_mod_add_clean	8162139	8162418	279	19	0	20	22
tlm_apply_forward_swap	8162418	8163186	768	256	0	0	0
tlm_apply_forward_fold	8163186	8164803	1617	309	0	55	62
tlm_multiply_gcd_reverse_body	8164803	8170055	5252	869	3	292	295
tlm_multiply_gcd_reverse_decode	8170055	8170061	6	0	0	0	3
tlm_multiply_gcd_reverse_apply	8170061	8170062	1	0	0	0	0
tlm_apply_forward_mod_add_register	8170062	8174324	4262	579	3	322	325
tlm_apply_forward_mod_add_fold	8174324	8174877	553	55	2	55	55
tlm_apply_forward_mod_add_clean	8174877	8175156	279	19	0	20	22
tlm_apply_forward_swap	8175156	8175924	768	256	0	0	0
tlm_apply_forward_fold	8175924	8177541	1617	309	0	55	62
tlm_multiply_gcd_reverse_body	8177541	8182813	5272	873	3	293	296
tlm_multiply_gcd_reverse_decode	8182813	8182819	6	0	0	0	3
tlm_multiply_gcd_reverse_apply	8182819	8182820	1	0	0	0	0
tlm_apply_forward_mod_add_register	8182820	8187082	4262	579	3	322	325
tlm_apply_forward_mod_add_fold	8187082	8187635	553	55	2	55	55
tlm_apply_forward_mod_add_clean	8187635	8187914	279	19	0	20	22
tlm_apply_forward_swap	8187914	8188682	768	256	0	0	0
tlm_apply_forward_fold	8188682	8190299	1617	309	0	55	62
tlm_multiply_gcd_reverse_body	8190299	8195591	5292	877	3	294	297
tlm_multiply_gcd_reverse_decode	8195591	8195755	164	19	0	3	8
tlm_multiply_gcd_reverse_apply	8195755	8195756	1	0	0	0	0
tlm_apply_forward_mod_add_register	8195756	8200018	4262	579	3	322	325
tlm_apply_forward_mod_add_fold	8200018	8200571	553	55	2	55	55
tlm_apply_forward_mod_add_clean	8200571	8200850	279	19	0	20	22
tlm_apply_forward_swap	8200850	8201618	768	256	0	0	0
tlm_apply_forward_fold	8201618	8203235	1617	309	0	55	62
tlm_multiply_gcd_reverse_body	8203235	8208547	5312	881	3	295	298
tlm_multiply_gcd_reverse_decode	8208547	8208553	6	0	0	0	3
tlm_multiply_gcd_reverse_apply	8208553	8208554	1	0	0	0	0
tlm_apply_forward_mod_add_register	8208554	8212816	4262	579	3	322	325
tlm_apply_forward_mod_add_fold	8212816	8213369	553	55	2	55	55
tlm_apply_forward_mod_add_clean	8213369	8213648	279	19	0	20	22
tlm_apply_forward_swap	8213648	8214416	768	256	0	0	0
tlm_apply_forward_fold	8214416	8216033	1617	309	0	55	62
tlm_multiply_gcd_reverse_body	8216033	8221365	5332	885	3	296	299
tlm_multiply_gcd_reverse_decode	8221365	8221371	6	0	0	0	3
tlm_multiply_gcd_reverse_apply	8221371	8221372	1	0	0	0	0
tlm_apply_forward_mod_add_register	8221372	8225634	4262	579	3	322	325
tlm_apply_forward_mod_add_fold	8225634	8226187	553	55	2	55	55
tlm_apply_forward_mod_add_clean	8226187	8226466	279	19	0	20	22
tlm_apply_forward_swap	8226466	8227234	768	256	0	0	0
tlm_apply_forward_fold	8227234	8228851	1617	309	0	55	62
tlm_multiply_gcd_reverse_body	8228851	8234189	5338	888	3	296	299
tlm_multiply_gcd_reverse_decode	8234189	8234353	164	19	0	3	8
tlm_multiply_gcd_reverse_apply	8234353	8234354	1	0	0	0	0
tlm_apply_forward_mod_add_register	8234354	8238616	4262	579	3	322	325
tlm_apply_forward_mod_add_fold	8238616	8239169	553	55	2	55	55
tlm_apply_forward_mod_add_clean	8239169	8239448	279	19	0	20	22
tlm_apply_forward_swap	8239448	8240216	768	256	0	0	0
tlm_apply_forward_fold	8240216	8241833	1617	309	0	55	62
tlm_multiply_gcd_reverse_body	8241833	8247191	5358	892	3	297	300
tlm_multiply_gcd_reverse_decode	8247191	8247197	6	0	0	0	3
tlm_multiply_gcd_reverse_apply	8247197	8247198	1	0	0	0	0
tlm_apply_forward_mod_add_register	8247198	8251460	4262	579	3	322	325
tlm_apply_forward_mod_add_fold	8251460	8252013	553	55	2	55	55
tlm_apply_forward_mod_add_clean	8252013	8252292	279	19	0	20	22
tlm_apply_forward_swap	8252292	8253060	768	256	0	0	0
tlm_apply_forward_fold	8253060	8254677	1617	309	0	55	62
tlm_multiply_gcd_reverse_body	8254677	8260055	5378	896	3	298	301
tlm_multiply_gcd_reverse_decode	8260055	8260061	6	0	0	0	3
tlm_multiply_gcd_reverse_apply	8260061	8260062	1	0	0	0	0
tlm_apply_forward_mod_add_register	8260062	8264324	4262	579	3	322	325
tlm_apply_forward_mod_add_fold	8264324	8264877	553	55	2	55	55
tlm_apply_forward_mod_add_clean	8264877	8265156	279	19	0	20	22
tlm_apply_forward_swap	8265156	8265924	768	256	0	0	0
tlm_apply_forward_fold	8265924	8267541	1617	309	0	55	62
tlm_multiply_gcd_reverse_body	8267541	8272939	5398	900	3	299	302
tlm_multiply_gcd_reverse_decode	8272939	8273103	164	19	0	3	8
tlm_multiply_gcd_reverse_apply	8273103	8273104	1	0	0	0	0
tlm_apply_forward_mod_add_register	8273104	8277366	4262	579	3	322	325
tlm_apply_forward_mod_add_fold	8277366	8277919	553	55	2	55	55
tlm_apply_forward_mod_add_clean	8277919	8278198	279	19	0	20	22
tlm_apply_forward_swap	8278198	8278966	768	256	0	0	0
tlm_apply_forward_fold	8278966	8280583	1617	309	0	55	62
tlm_multiply_gcd_reverse_body	8280583	8286001	5418	904	3	300	303
tlm_multiply_gcd_reverse_decode	8286001	8286007	6	0	0	0	3
tlm_multiply_gcd_reverse_apply	8286007	8286008	1	0	0	0	0
tlm_apply_forward_mod_add_register	8286008	8290270	4262	579	3	322	325
tlm_apply_forward_mod_add_fold	8290270	8290823	553	55	2	55	55
tlm_apply_forward_mod_add_clean	8290823	8291102	279	19	0	20	22
tlm_apply_forward_swap	8291102	8291870	768	256	0	0	0
tlm_apply_forward_fold	8291870	8293487	1617	309	0	55	62
tlm_multiply_gcd_reverse_body	8293487	8298925	5438	908	3	301	304
tlm_multiply_gcd_reverse_decode	8298925	8298931	6	0	0	0	3
tlm_multiply_gcd_reverse_apply	8298931	8298932	1	0	0	0	0
tlm_apply_forward_mod_add_register	8298932	8303194	4262	579	3	322	325
tlm_apply_forward_mod_add_fold	8303194	8303747	553	55	2	55	55
tlm_apply_forward_mod_add_clean	8303747	8304026	279	19	0	20	22
tlm_apply_forward_swap	8304026	8304794	768	256	0	0	0
tlm_apply_forward_fold	8304794	8306411	1617	309	0	55	62
tlm_multiply_gcd_reverse_body	8306411	8311869	5458	912	3	302	305
tlm_multiply_gcd_reverse_decode	8311869	8312033	164	19	0	3	8
tlm_multiply_gcd_reverse_apply	8312033	8312034	1	0	0	0	0
tlm_apply_forward_mod_add_register	8312034	8316296	4262	579	3	322	325
tlm_apply_forward_mod_add_fold	8316296	8316849	553	55	2	55	55
tlm_apply_forward_mod_add_clean	8316849	8317128	279	19	0	20	22
tlm_apply_forward_swap	8317128	8317896	768	256	0	0	0
tlm_apply_forward_fold	8317896	8319513	1617	309	0	55	62
tlm_multiply_gcd_reverse_body	8319513	8324991	5478	916	3	303	306
tlm_multiply_gcd_reverse_decode	8324991	8324997	6	0	0	0	3
tlm_multiply_gcd_reverse_apply	8324997	8324998	1	0	0	0	0
tlm_apply_forward_mod_add_register	8324998	8329260	4262	579	3	322	325
tlm_apply_forward_mod_add_fold	8329260	8329813	553	55	2	55	55
tlm_apply_forward_mod_add_clean	8329813	8330092	279	19	0	20	22
tlm_apply_forward_swap	8330092	8330860	768	256	0	0	0
tlm_apply_forward_fold	8330860	8332477	1617	309	0	55	62
tlm_multiply_gcd_reverse_body	8332477	8337975	5498	920	3	304	307
tlm_multiply_gcd_reverse_decode	8337975	8337981	6	0	0	0	3
tlm_multiply_gcd_reverse_apply	8337981	8337982	1	0	0	0	0
tlm_apply_forward_mod_add_register	8337982	8342244	4262	579	3	322	325
tlm_apply_forward_mod_add_fold	8342244	8342797	553	55	2	55	55
tlm_apply_forward_mod_add_clean	8342797	8343076	279	19	0	20	22
tlm_apply_forward_swap	8343076	8343844	768	256	0	0	0
tlm_apply_forward_fold	8343844	8345461	1617	309	0	55	62
tlm_multiply_gcd_reverse_body	8345461	8350979	5518	924	3	305	308
tlm_multiply_gcd_reverse_decode	8350979	8351143	164	19	0	3	8
tlm_multiply_gcd_reverse_apply	8351143	8351144	1	0	0	0	0
tlm_apply_forward_mod_add_register	8351144	8355406	4262	579	3	322	325
tlm_apply_forward_mod_add_fold	8355406	8355959	553	55	2	55	55
tlm_apply_forward_mod_add_clean	8355959	8356238	279	19	0	20	22
tlm_apply_forward_swap	8356238	8357006	768	256	0	0	0
tlm_apply_forward_fold	8357006	8358623	1617	309	0	55	62
tlm_multiply_gcd_reverse_body	8358623	8364161	5538	928	3	306	309
tlm_multiply_gcd_reverse_decode	8364161	8364167	6	0	0	0	3
tlm_multiply_gcd_reverse_apply	8364167	8364168	1	0	0	0	0
tlm_apply_forward_mod_add_register	8364168	8368430	4262	579	3	322	325
tlm_apply_forward_mod_add_fold	8368430	8368983	553	55	2	55	55
tlm_apply_forward_mod_add_clean	8368983	8369262	279	19	0	20	22
tlm_apply_forward_swap	8369262	8370030	768	256	0	0	0
tlm_apply_forward_fold	8370030	8371647	1617	309	0	55	62
tlm_multiply_gcd_reverse_body	8371647	8377205	5558	932	3	307	310
tlm_multiply_gcd_reverse_decode	8377205	8377211	6	0	0	0	3
tlm_multiply_gcd_reverse_apply	8377211	8377212	1	0	0	0	0
tlm_apply_forward_mod_add_register	8377212	8381474	4262	579	3	322	325
tlm_apply_forward_mod_add_fold	8381474	8382027	553	55	2	55	55
tlm_apply_forward_mod_add_clean	8382027	8382306	279	19	0	20	22
tlm_apply_forward_swap	8382306	8383074	768	256	0	0	0
tlm_apply_forward_fold	8383074	8384691	1617	309	0	55	62
tlm_multiply_gcd_reverse_body	8384691	8390255	5564	935	3	307	310
tlm_multiply_gcd_reverse_decode	8390255	8390419	164	19	0	3	8
tlm_multiply_gcd_reverse_apply	8390419	8390420	1	0	0	0	0
tlm_apply_forward_mod_add_register	8390420	8394682	4262	579	3	322	325
tlm_apply_forward_mod_add_fold	8394682	8395235	553	55	2	55	55
tlm_apply_forward_mod_add_clean	8395235	8395514	279	19	0	20	22
tlm_apply_forward_swap	8395514	8396282	768	256	0	0	0
tlm_apply_forward_fold	8396282	8397899	1617	309	0	55	62
tlm_multiply_gcd_reverse_body	8397899	8403483	5584	939	3	308	311
tlm_multiply_gcd_reverse_decode	8403483	8403489	6	0	0	0	3
tlm_multiply_gcd_reverse_apply	8403489	8403490	1	0	0	0	0
tlm_apply_forward_mod_add_register	8403490	8407752	4262	579	3	322	325
tlm_apply_forward_mod_add_fold	8407752	8408305	553	55	2	55	55
tlm_apply_forward_mod_add_clean	8408305	8408584	279	19	0	20	22
tlm_apply_forward_swap	8408584	8409352	768	256	0	0	0
tlm_apply_forward_fold	8409352	8410969	1617	309	0	55	62
tlm_multiply_gcd_reverse_body	8410969	8416573	5604	943	3	309	312
tlm_multiply_gcd_reverse_decode	8416573	8416579	6	0	0	0	3
tlm_multiply_gcd_reverse_apply	8416579	8416580	1	0	0	0	0
tlm_apply_forward_mod_add_register	8416580	8420842	4262	579	3	322	325
tlm_apply_forward_mod_add_fold	8420842	8421395	553	55	2	55	55
tlm_apply_forward_mod_add_clean	8421395	8421674	279	19	0	20	22
tlm_apply_forward_swap	8421674	8422442	768	256	0	0	0
tlm_apply_forward_fold	8422442	8424059	1617	309	0	55	62
tlm_multiply_gcd_reverse_body	8424059	8429683	5624	947	3	310	313
tlm_multiply_gcd_reverse_decode	8429683	8429847	164	19	0	3	8
tlm_multiply_gcd_reverse_apply	8429847	8429848	1	0	0	0	0
tlm_apply_forward_mod_add_register	8429848	8434110	4262	579	3	322	325
tlm_apply_forward_mod_add_fold	8434110	8434663	553	55	2	55	55
tlm_apply_forward_mod_add_clean	8434663	8434942	279	19	0	20	22
tlm_apply_forward_swap	8434942	8435710	768	256	0	0	0
tlm_apply_forward_fold	8435710	8437327	1617	309	0	55	62
tlm_multiply_gcd_reverse_body	8437327	8442971	5644	951	3	311	314
tlm_multiply_gcd_reverse_decode	8442971	8442977	6	0	0	0	3
tlm_multiply_gcd_reverse_apply	8442977	8442978	1	0	0	0	0
tlm_apply_forward_mod_add_register	8442978	8447240	4262	579	3	322	325
tlm_apply_forward_mod_add_fold	8447240	8447793	553	55	2	55	55
tlm_apply_forward_mod_add_clean	8447793	8448072	279	19	0	20	22
tlm_apply_forward_swap	8448072	8448840	768	256	0	0	0
tlm_apply_forward_fold	8448840	8450457	1617	309	0	55	62
tlm_multiply_gcd_reverse_body	8450457	8456121	5664	955	3	312	315
tlm_multiply_gcd_reverse_decode	8456121	8456127	6	0	0	0	3
tlm_multiply_gcd_reverse_apply	8456127	8456128	1	0	0	0	0
tlm_apply_forward_mod_add_register	8456128	8460077	3949	557	2	300	302
tlm_apply_forward_mod_add_fold	8460077	8460630	553	55	2	55	55
tlm_apply_forward_mod_add_clean	8460630	8460909	279	19	0	20	22
tlm_apply_forward_swap	8460909	8461677	768	256	0	0	0
tlm_apply_forward_fold	8461677	8463294	1617	309	0	55	62
tlm_multiply_gcd_reverse_body	8463294	8468964	5670	958	3	312	315
tlm_multiply_gcd_reverse_decode	8468964	8469128	164	19	0	3	8
tlm_multiply_gcd_reverse_apply	8469128	8469129	1	0	0	0	0
tlm_apply_forward_mod_add_register	8469129	8473391	4262	579	3	322	325
tlm_apply_forward_mod_add_fold	8473391	8473944	553	55	2	55	55
tlm_apply_forward_mod_add_clean	8473944	8474223	279	19	0	20	22
tlm_apply_forward_swap	8474223	8474991	768	256	0	0	0
tlm_apply_forward_fold	8474991	8476608	1617	309	0	55	62
tlm_multiply_gcd_reverse_body	8476608	8482312	5704	963	3	314	317
tlm_multiply_gcd_reverse_decode	8482312	8482318	6	0	0	0	3
tlm_multiply_gcd_reverse_apply	8482318	8482319	1	0	0	0	0
tlm_apply_forward_mod_add_register	8482319	8486268	3949	557	2	300	302
tlm_apply_forward_mod_add_fold	8486268	8486821	553	55	2	55	55
tlm_apply_forward_mod_add_clean	8486821	8487100	279	19	0	20	22
tlm_apply_forward_swap	8487100	8487868	768	256	0	0	0
tlm_apply_forward_fold	8487868	8489485	1617	309	0	55	62
tlm_multiply_gcd_reverse_body	8489485	8495195	5710	966	3	314	317
tlm_multiply_gcd_reverse_decode	8495195	8495201	6	0	0	0	3
tlm_multiply_gcd_reverse_apply	8495201	8495202	1	0	0	0	0
tlm_apply_forward_mod_add_register	8495202	8499151	3949	557	2	300	302
tlm_apply_forward_mod_add_fold	8499151	8499704	553	55	2	55	55
tlm_apply_forward_mod_add_clean	8499704	8499983	279	19	0	20	22
tlm_apply_forward_swap	8499983	8500751	768	256	0	0	0
tlm_apply_forward_fold	8500751	8502368	1617	309	0	55	62
tlm_multiply_gcd_reverse_body	8502368	8508112	5744	971	3	316	319
tlm_multiply_gcd_reverse_decode	8508112	8508276	164	19	0	3	8
tlm_multiply_gcd_reverse_apply	8508276	8508277	1	0	0	0	0
tlm_apply_forward_mod_add_register	8508277	8512226	3949	557	2	300	302
tlm_apply_forward_mod_add_fold	8512226	8512779	553	55	2	55	55
tlm_apply_forward_mod_add_clean	8512779	8513058	279	19	0	20	22
tlm_apply_forward_swap	8513058	8513826	768	256	0	0	0
tlm_apply_forward_fold	8513826	8515443	1617	309	0	55	62
tlm_multiply_gcd_reverse_body	8515443	8521193	5750	974	3	316	319
tlm_multiply_gcd_reverse_decode	8521193	8521199	6	0	0	0	3
tlm_multiply_gcd_reverse_apply	8521199	8521200	1	0	0	0	0
tlm_apply_forward_mod_add_register	8521200	8525149	3949	557	2	300	302
tlm_apply_forward_mod_add_fold	8525149	8525702	553	55	2	55	55
tlm_apply_forward_mod_add_clean	8525702	8525981	279	19	0	20	22
tlm_apply_forward_swap	8525981	8526749	768	256	0	0	0
tlm_apply_forward_fold	8526749	8528366	1617	309	0	55	62
tlm_multiply_gcd_reverse_body	8528366	8534136	5770	978	3	317	320
tlm_multiply_gcd_reverse_decode	8534136	8534142	6	0	0	0	3
tlm_multiply_gcd_reverse_apply	8534142	8534143	1	0	0	0	0
tlm_apply_forward_mod_add_register	8534143	8538092	3949	557	2	300	302
tlm_apply_forward_mod_add_fold	8538092	8538645	553	55	2	55	55
tlm_apply_forward_mod_add_clean	8538645	8538924	279	19	0	20	22
tlm_apply_forward_swap	8538924	8539692	768	256	0	0	0
tlm_apply_forward_fold	8539692	8541309	1617	309	0	55	62
tlm_multiply_gcd_reverse_body	8541309	8547099	5790	982	3	318	321
tlm_multiply_gcd_reverse_decode	8547099	8547263	164	19	0	3	8
tlm_multiply_gcd_reverse_apply	8547263	8547264	1	0	0	0	0
tlm_apply_forward_mod_add_register	8547264	8551213	3949	557	2	300	302
tlm_apply_forward_mod_add_fold	8551213	8551766	553	55	2	55	55
tlm_apply_forward_mod_add_clean	8551766	8552045	279	19	0	20	22
tlm_apply_forward_swap	8552045	8552813	768	256	0	0	0
tlm_apply_forward_fold	8552813	8554430	1617	309	0	55	62
tlm_multiply_gcd_reverse_body	8554430	8560240	5810	986	3	319	322
tlm_multiply_gcd_reverse_decode	8560240	8560246	6	0	0	0	3
tlm_multiply_gcd_reverse_apply	8560246	8560247	1	0	0	0	0
tlm_apply_forward_mod_add_register	8560247	8564196	3949	557	2	300	302
tlm_apply_forward_mod_add_fold	8564196	8564749	553	55	2	55	55
tlm_apply_forward_mod_add_clean	8564749	8565028	279	19	0	20	22
tlm_apply_forward_swap	8565028	8565796	768	256	0	0	0
tlm_apply_forward_fold	8565796	8567413	1617	309	0	55	62
tlm_multiply_gcd_reverse_body	8567413	8573229	5816	989	3	319	322
tlm_multiply_gcd_reverse_decode	8573229	8573235	6	0	0	0	3
tlm_multiply_gcd_reverse_apply	8573235	8573236	1	0	0	0	0
tlm_apply_forward_mod_add_register	8573236	8577185	3949	557	2	300	302
tlm_apply_forward_mod_add_fold	8577185	8577738	553	55	2	55	55
tlm_apply_forward_mod_add_clean	8577738	8578017	279	19	0	20	22
tlm_apply_forward_swap	8578017	8578785	768	256	0	0	0
tlm_apply_forward_fold	8578785	8580402	1617	309	0	55	62
tlm_multiply_gcd_reverse_body	8580402	8586252	5850	994	3	321	324
tlm_multiply_gcd_reverse_decode	8586252	8586416	164	19	0	3	8
tlm_multiply_gcd_reverse_apply	8586416	8586417	1	0	0	0	0
tlm_apply_forward_mod_add_register	8586417	8590366	3949	557	2	300	302
tlm_apply_forward_mod_add_fold	8590366	8590919	553	55	2	55	55
tlm_apply_forward_mod_add_clean	8590919	8591198	279	19	0	20	22
tlm_apply_forward_swap	8591198	8591966	768	256	0	0	0
tlm_apply_forward_fold	8591966	8593583	1617	309	0	55	62
tlm_multiply_gcd_reverse_body	8593583	8599453	5870	998	3	322	325
tlm_multiply_gcd_reverse_decode	8599453	8599459	6	0	0	0	3
tlm_multiply_gcd_reverse_apply	8599459	8599460	1	0	0	0	0
tlm_apply_forward_mod_add_register	8599460	8603409	3949	557	2	300	302
tlm_apply_forward_mod_add_fold	8603409	8603962	553	55	2	55	55
tlm_apply_forward_mod_add_clean	8603962	8604241	279	19	0	20	22
tlm_apply_forward_swap	8604241	8605009	768	256	0	0	0
tlm_apply_forward_fold	8605009	8606626	1617	309	0	55	62
tlm_multiply_gcd_reverse_body	8606626	8612516	5890	1002	3	323	326
tlm_multiply_gcd_reverse_decode	8612516	8612522	6	0	0	0	3
tlm_multiply_gcd_reverse_apply	8612522	8612523	1	0	0	0	0
tlm_apply_forward_mod_add_register	8612523	8616472	3949	557	2	300	302
tlm_apply_forward_mod_add_fold	8616472	8617025	553	55	2	55	55
tlm_apply_forward_mod_add_clean	8617025	8617304	279	19	0	20	22
tlm_apply_forward_swap	8617304	8618072	768	256	0	0	0
tlm_apply_forward_fold	8618072	8619689	1617	309	0	55	62
tlm_multiply_gcd_reverse_body	8619689	8625585	5896	1005	3	323	326
tlm_multiply_gcd_reverse_decode	8625585	8625749	164	19	0	3	8
tlm_multiply_gcd_reverse_apply	8625749	8625750	1	0	0	0	0
tlm_apply_forward_mod_add_register	8625750	8629699	3949	557	2	300	302
tlm_apply_forward_mod_add_fold	8629699	8630252	553	55	2	55	55
tlm_apply_forward_mod_add_clean	8630252	8630531	279	19	0	20	22
tlm_apply_forward_swap	8630531	8631299	768	256	0	0	0
tlm_apply_forward_fold	8631299	8632916	1617	309	0	55	62
tlm_multiply_gcd_reverse_body	8632916	8638846	5930	1010	3	325	328
tlm_multiply_gcd_reverse_decode	8638846	8638852	6	0	0	0	3
tlm_multiply_gcd_reverse_apply	8638852	8638853	1	0	0	0	0
tlm_apply_forward_mod_add_register	8638853	8642802	3949	557	2	300	302
tlm_apply_forward_mod_add_fold	8642802	8643355	553	55	2	55	55
tlm_apply_forward_mod_add_clean	8643355	8643634	279	19	0	20	22
tlm_apply_forward_swap	8643634	8644402	768	256	0	0	0
tlm_apply_forward_fold	8644402	8646019	1617	309	0	55	62
tlm_multiply_gcd_reverse_body	8646019	8651955	5936	1013	3	325	328
tlm_multiply_gcd_reverse_decode	8651955	8651961	6	0	0	0	3
tlm_multiply_gcd_reverse_apply	8651961	8651962	1	0	0	0	0
tlm_apply_forward_mod_add_register	8651962	8655911	3949	557	2	300	302
tlm_apply_forward_mod_add_fold	8655911	8656464	553	55	2	55	55
tlm_apply_forward_mod_add_clean	8656464	8656743	279	19	0	20	22
tlm_apply_forward_swap	8656743	8657511	768	256	0	0	0
tlm_apply_forward_fold	8657511	8659128	1617	309	0	55	62
tlm_multiply_gcd_reverse_body	8659128	8665084	5956	1017	3	326	329
tlm_multiply_gcd_reverse_decode	8665084	8665248	164	19	0	3	8
tlm_multiply_gcd_reverse_apply	8665248	8665249	1	0	0	0	0
tlm_apply_forward_mod_add_register	8665249	8669198	3949	557	2	300	302
tlm_apply_forward_mod_add_fold	8669198	8669751	553	55	2	55	55
tlm_apply_forward_mod_add_clean	8669751	8670030	279	19	0	20	22
tlm_apply_forward_swap	8670030	8670798	768	256	0	0	0
tlm_apply_forward_fold	8670798	8672415	1617	309	0	55	62
tlm_multiply_gcd_reverse_body	8672415	8678391	5976	1021	3	327	330
tlm_multiply_gcd_reverse_decode	8678391	8678397	6	0	0	0	3
tlm_multiply_gcd_reverse_apply	8678397	8678398	1	0	0	0	0
tlm_apply_forward_mod_add_register	8678398	8682347	3949	557	2	300	302
tlm_apply_forward_mod_add_fold	8682347	8682900	553	55	2	55	55
tlm_apply_forward_mod_add_clean	8682900	8683179	279	19	0	20	22
tlm_apply_forward_swap	8683179	8683947	768	256	0	0	0
tlm_apply_forward_fold	8683947	8685564	1617	309	0	55	62
tlm_multiply_gcd_reverse_body	8685564	8691560	5996	1025	3	328	331
tlm_multiply_gcd_reverse_decode	8691560	8691566	6	0	0	0	3
tlm_multiply_gcd_reverse_apply	8691566	8691567	1	0	0	0	0
tlm_apply_forward_mod_add_register	8691567	8695516	3949	557	2	300	302
tlm_apply_forward_mod_add_fold	8695516	8696069	553	55	2	55	55
tlm_apply_forward_mod_add_clean	8696069	8696348	279	19	0	20	22
tlm_apply_forward_swap	8696348	8697116	768	256	0	0	0
tlm_apply_forward_fold	8697116	8698733	1617	309	0	55	62
tlm_multiply_gcd_reverse_body	8698733	8704735	6002	1028	3	328	331
tlm_multiply_gcd_reverse_decode	8704735	8704899	164	19	0	3	8
tlm_multiply_gcd_reverse_apply	8704899	8704900	1	0	0	0	0
tlm_apply_forward_mod_add_register	8704900	8708849	3949	557	2	300	302
tlm_apply_forward_mod_add_fold	8708849	8709402	553	55	2	55	55
tlm_apply_forward_mod_add_clean	8709402	8709681	279	19	0	20	22
tlm_apply_forward_swap	8709681	8710449	768	256	0	0	0
tlm_apply_forward_fold	8710449	8712066	1617	309	0	55	62
tlm_multiply_gcd_reverse_body	8712066	8718116	6050	1034	3	331	334
tlm_multiply_gcd_reverse_decode	8718116	8718122	6	0	0	0	3
tlm_multiply_gcd_reverse_apply	8718122	8718123	1	0	0	0	0
tlm_apply_forward_mod_add_register	8718123	8722072	3949	557	2	300	302
tlm_apply_forward_mod_add_fold	8722072	8722625	553	55	2	55	55
tlm_apply_forward_mod_add_clean	8722625	8722904	279	19	0	20	22
tlm_apply_forward_swap	8722904	8723672	768	256	0	0	0
tlm_apply_forward_fold	8723672	8725289	1617	309	0	55	62
tlm_multiply_gcd_reverse_body	8725289	8731331	6042	1036	3	330	333
tlm_multiply_gcd_reverse_decode	8731331	8731337	6	0	0	0	3
tlm_multiply_gcd_reverse_apply	8731337	8731338	1	0	0	0	0
tlm_apply_forward_mod_add_register	8731338	8735287	3949	557	2	300	302
tlm_apply_forward_mod_add_fold	8735287	8735840	553	55	2	55	55
tlm_apply_forward_mod_add_clean	8735840	8736119	279	19	0	20	22
tlm_apply_forward_swap	8736119	8736887	768	256	0	0	0
tlm_apply_forward_fold	8736887	8738504	1617	309	0	55	62
tlm_multiply_gcd_reverse_body	8738504	8744566	6062	1040	3	331	334
tlm_multiply_gcd_reverse_decode	8744566	8744730	164	19	0	3	8
tlm_multiply_gcd_reverse_apply	8744730	8744731	1	0	0	0	0
tlm_apply_forward_mod_add_register	8744731	8748680	3949	557	2	300	302
tlm_apply_forward_mod_add_fold	8748680	8749233	553	55	2	55	55
tlm_apply_forward_mod_add_clean	8749233	8749512	279	19	0	20	22
tlm_apply_forward_swap	8749512	8750280	768	256	0	0	0
tlm_apply_forward_fold	8750280	8751897	1617	309	0	55	62
tlm_multiply_gcd_reverse_body	8751897	8757993	6096	1045	3	333	336
tlm_multiply_gcd_reverse_decode	8757993	8757999	6	0	0	0	3
tlm_multiply_gcd_reverse_apply	8757999	8758000	1	0	0	0	0
tlm_apply_forward_mod_add_register	8758000	8761949	3949	557	2	300	302
tlm_apply_forward_mod_add_fold	8761949	8762502	553	55	2	55	55
tlm_apply_forward_mod_add_clean	8762502	8762781	279	19	0	20	22
tlm_apply_forward_swap	8762781	8763549	768	256	0	0	0
tlm_apply_forward_fold	8763549	8765166	1617	309	0	55	62
tlm_multiply_gcd_reverse_body	8765166	8771268	6102	1048	3	333	336
tlm_multiply_gcd_reverse_decode	8771268	8771274	6	0	0	0	3
tlm_multiply_gcd_reverse_apply	8771274	8771275	1	0	0	0	0
tlm_apply_forward_mod_add_register	8771275	8775224	3949	557	2	300	302
tlm_apply_forward_mod_add_fold	8775224	8775777	553	55	2	55	55
tlm_apply_forward_mod_add_clean	8775777	8776056	279	19	0	20	22
tlm_apply_forward_swap	8776056	8776824	768	256	0	0	0
tlm_apply_forward_fold	8776824	8778441	1617	309	0	55	62
tlm_multiply_gcd_reverse_body	8778441	8784563	6122	1052	3	334	337
tlm_multiply_gcd_reverse_decode	8784563	8784727	164	19	0	3	8
tlm_multiply_gcd_reverse_apply	8784727	8784728	1	0	0	0	0
tlm_apply_forward_mod_add_register	8784728	8788677	3949	557	2	300	302
tlm_apply_forward_mod_add_fold	8788677	8789230	553	55	2	55	55
tlm_apply_forward_mod_add_clean	8789230	8789509	279	19	0	20	22
tlm_apply_forward_swap	8789509	8790277	768	256	0	0	0
tlm_apply_forward_fold	8790277	8791894	1617	309	0	55	62
tlm_multiply_gcd_reverse_body	8791894	8798050	6156	1057	3	336	339
tlm_multiply_gcd_reverse_decode	8798050	8798056	6	0	0	0	3
tlm_multiply_gcd_reverse_apply	8798056	8798057	1	0	0	0	0
tlm_apply_forward_mod_add_register	8798057	8802006	3949	557	2	300	302
tlm_apply_forward_mod_add_fold	8802006	8802559	553	55	2	55	55
tlm_apply_forward_mod_add_clean	8802559	8802838	279	19	0	20	22
tlm_apply_forward_swap	8802838	8803606	768	256	0	0	0
tlm_apply_forward_fold	8803606	8805223	1617	309	0	55	62
tlm_multiply_gcd_reverse_body	8805223	8811399	6176	1061	3	337	340
tlm_multiply_gcd_reverse_decode	8811399	8811405	6	0	0	0	3
tlm_multiply_gcd_reverse_apply	8811405	8811406	1	0	0	0	0
tlm_apply_forward_mod_add_register	8811406	8815355	3949	557	2	300	302
tlm_apply_forward_mod_add_fold	8815355	8815908	553	55	2	55	55
tlm_apply_forward_mod_add_clean	8815908	8816187	279	19	0	20	22
tlm_apply_forward_swap	8816187	8816955	768	256	0	0	0
tlm_apply_forward_fold	8816955	8818572	1617	309	0	55	62
tlm_multiply_gcd_reverse_body	8818572	8824740	6168	1063	3	336	339
tlm_multiply_gcd_reverse_decode	8824740	8824904	164	19	0	3	8
tlm_multiply_gcd_reverse_apply	8824904	8824905	1	0	0	0	0
tlm_apply_forward_mod_add_register	8824905	8828854	3949	557	2	300	302
tlm_apply_forward_mod_add_fold	8828854	8829407	553	55	2	55	55
tlm_apply_forward_mod_add_clean	8829407	8829686	279	19	0	20	22
tlm_apply_forward_swap	8829686	8830454	768	256	0	0	0
tlm_apply_forward_fold	8830454	8832071	1617	309	0	55	62
tlm_multiply_gcd_reverse_body	8832071	8838273	6202	1068	3	338	341
tlm_multiply_gcd_reverse_decode	8838273	8838279	6	0	0	0	3
tlm_multiply_gcd_reverse_apply	8838279	8838280	1	0	0	0	0
tlm_apply_forward_mod_add_register	8838280	8842229	3949	557	2	300	302
tlm_apply_forward_mod_add_fold	8842229	8842782	553	55	2	55	55
tlm_apply_forward_mod_add_clean	8842782	8843061	279	19	0	20	22
tlm_apply_forward_swap	8843061	8843829	768	256	0	0	0
tlm_apply_forward_fold	8843829	8845446	1617	309	0	55	62
tlm_multiply_gcd_reverse_body	8845446	8851668	6222	1072	3	339	342
tlm_multiply_gcd_reverse_decode	8851668	8851674	6	0	0	0	3
tlm_multiply_gcd_reverse_apply	8851674	8851675	1	0	0	0	0
tlm_apply_forward_mod_add_register	8851675	8855624	3949	557	2	300	302
tlm_apply_forward_mod_add_fold	8855624	8856177	553	55	2	55	55
tlm_apply_forward_mod_add_clean	8856177	8856456	279	19	0	20	22
tlm_apply_forward_swap	8856456	8857224	768	256	0	0	0
tlm_apply_forward_fold	8857224	8858841	1617	309	0	55	62
tlm_multiply_gcd_reverse_body	8858841	8865083	6242	1076	3	340	343
tlm_multiply_gcd_reverse_decode	8865083	8865247	164	19	0	3	8
tlm_multiply_gcd_reverse_apply	8865247	8865248	1	0	0	0	0
tlm_apply_forward_mod_add_register	8865248	8869197	3949	557	2	300	302
tlm_apply_forward_mod_add_fold	8869197	8869750	553	55	2	55	55
tlm_apply_forward_mod_add_clean	8869750	8870029	279	19	0	20	22
tlm_apply_forward_swap	8870029	8870797	768	256	0	0	0
tlm_apply_forward_fold	8870797	8872414	1617	309	0	55	62
tlm_multiply_gcd_reverse_body	8872414	8878662	6248	1079	3	340	343
tlm_multiply_gcd_reverse_decode	8878662	8878668	6	0	0	0	3
tlm_multiply_gcd_reverse_apply	8878668	8878669	1	0	0	0	0
tlm_apply_forward_mod_add_register	8878669	8882618	3949	557	2	300	302
tlm_apply_forward_mod_add_fold	8882618	8883171	553	55	2	55	55
tlm_apply_forward_mod_add_clean	8883171	8883450	279	19	0	20	22
tlm_apply_forward_swap	8883450	8884218	768	256	0	0	0
tlm_apply_forward_fold	8884218	8885835	1617	309	0	55	62
tlm_multiply_gcd_reverse_body	8885835	8892117	6282	1084	3	342	345
tlm_multiply_gcd_reverse_decode	8892117	8892123	6	0	0	0	3
tlm_multiply_gcd_reverse_apply	8892123	8892124	1	0	0	0	0
tlm_apply_forward_mod_add_register	8892124	8896073	3949	557	2	300	302
tlm_apply_forward_mod_add_fold	8896073	8896626	553	55	2	55	55
tlm_apply_forward_mod_add_clean	8896626	8896905	279	19	0	20	22
tlm_apply_forward_swap	8896905	8897673	768	256	0	0	0
tlm_apply_forward_fold	8897673	8899290	1617	309	0	55	62
tlm_multiply_gcd_reverse_body	8899290	8905592	6302	1088	3	343	346
tlm_multiply_gcd_reverse_decode	8905592	8905756	164	19	0	3	8
tlm_multiply_gcd_reverse_apply	8905756	8905757	1	0	0	0	0
tlm_apply_forward_mod_add_register	8905757	8909706	3949	557	2	300	302
tlm_apply_forward_mod_add_fold	8909706	8910259	553	55	2	55	55
tlm_apply_forward_mod_add_clean	8910259	8910538	279	19	0	20	22
tlm_apply_forward_swap	8910538	8911306	768	256	0	0	0
tlm_apply_forward_fold	8911306	8912923	1617	309	0	55	62
tlm_multiply_gcd_reverse_body	8912923	8919231	6308	1091	3	343	346
tlm_multiply_gcd_reverse_decode	8919231	8919237	6	0	0	0	3
tlm_multiply_gcd_reverse_apply	8919237	8919238	1	0	0	0	0
tlm_apply_forward_mod_add_register	8919238	8923187	3949	557	2	300	302
tlm_apply_forward_mod_add_fold	8923187	8923740	553	55	2	55	55
tlm_apply_forward_mod_add_clean	8923740	8924019	279	19	0	20	22
tlm_apply_forward_swap	8924019	8924787	768	256	0	0	0
tlm_apply_forward_fold	8924787	8926404	1617	309	0	55	62
tlm_multiply_gcd_reverse_body	8926404	8932732	6328	1095	3	344	347
tlm_multiply_gcd_reverse_decode	8932732	8932738	6	0	0	0	3
tlm_multiply_gcd_reverse_apply	8932738	8932739	1	0	0	0	0
tlm_apply_forward_mod_add_register	8932739	8936688	3949	557	2	300	302
tlm_apply_forward_mod_add_fold	8936688	8937241	553	55	2	55	55
tlm_apply_forward_mod_add_clean	8937241	8937520	279	19	0	20	22
tlm_apply_forward_swap	8937520	8938288	768	256	0	0	0
tlm_apply_forward_fold	8938288	8939905	1617	309	0	55	62
tlm_multiply_gcd_reverse_body	8939905	8946253	6348	1099	3	345	348
tlm_multiply_gcd_reverse_decode	8946253	8946417	164	19	0	3	8
tlm_multiply_gcd_reverse_apply	8946417	8946418	1	0	0	0	0
tlm_apply_forward_mod_add_register	8946418	8950367	3949	557	2	300	302
tlm_apply_forward_mod_add_fold	8950367	8950920	553	55	2	55	55
tlm_apply_forward_mod_add_clean	8950920	8951199	279	19	0	20	22
tlm_apply_forward_swap	8951199	8951967	768	256	0	0	0
tlm_apply_forward_fold	8951967	8953584	1617	309	0	55	62
tlm_multiply_gcd_reverse_body	8953584	8959952	6368	1103	3	346	349
tlm_multiply_gcd_reverse_decode	8959952	8959958	6	0	0	0	3
tlm_multiply_gcd_reverse_apply	8959958	8959959	1	0	0	0	0
tlm_apply_forward_mod_add_register	8959959	8963908	3949	557	2	300	302
tlm_apply_forward_mod_add_fold	8963908	8964461	553	55	2	55	55
tlm_apply_forward_mod_add_clean	8964461	8964740	279	19	0	20	22
tlm_apply_forward_swap	8964740	8965508	768	256	0	0	0
tlm_apply_forward_fold	8965508	8967125	1617	309	0	55	62
tlm_multiply_gcd_reverse_body	8967125	8973513	6388	1107	3	347	350
tlm_multiply_gcd_reverse_decode	8973513	8973519	6	0	0	0	3
tlm_multiply_gcd_reverse_apply	8973519	8973520	1	0	0	0	0
tlm_apply_forward_mod_add_register	8973520	8977469	3949	557	2	300	302
tlm_apply_forward_mod_add_fold	8977469	8978022	553	55	2	55	55
tlm_apply_forward_mod_add_clean	8978022	8978301	279	19	0	20	22
tlm_apply_forward_swap	8978301	8979069	768	256	0	0	0
tlm_apply_forward_fold	8979069	8980686	1617	309	0	55	62
tlm_multiply_gcd_reverse_body	8980686	8987094	6408	1111	3	348	351
tlm_multiply_gcd_reverse_decode	8987094	8987258	164	19	0	3	8
tlm_multiply_gcd_reverse_apply	8987258	8987259	1	0	0	0	0
tlm_apply_forward_mod_add_register	8987259	8991208	3949	557	2	300	302
tlm_apply_forward_mod_add_fold	8991208	8991761	553	55	2	55	55
tlm_apply_forward_mod_add_clean	8991761	8992040	279	19	0	20	22
tlm_apply_forward_swap	8992040	8992808	768	256	0	0	0
tlm_apply_forward_fold	8992808	8994425	1617	309	0	55	62
tlm_multiply_gcd_reverse_body	8994425	9000805	6380	1109	3	346	349
tlm_multiply_gcd_reverse_decode	9000805	9000811	6	0	0	0	3
tlm_multiply_gcd_reverse_apply	9000811	9000812	1	0	0	0	0
tlm_apply_forward_mod_add_register	9000812	9004761	3949	557	2	300	302
tlm_apply_forward_mod_add_fold	9004761	9005314	553	55	2	55	55
tlm_apply_forward_mod_add_clean	9005314	9005593	279	19	0	20	22
tlm_apply_forward_swap	9005593	9006361	768	256	0	0	0
tlm_apply_forward_fold	9006361	9007978	1617	309	0	55	62
tlm_multiply_gcd_reverse_body	9007978	9014358	6380	1109	3	346	349
tlm_multiply_gcd_reverse_decode	9014358	9014364	6	0	0	0	3
tlm_multiply_gcd_reverse_apply	9014364	9014365	1	0	0	0	0
tlm_apply_forward_mod_add_register	9014365	9018314	3949	557	2	300	302
tlm_apply_forward_mod_add_fold	9018314	9018867	553	55	2	55	55
tlm_apply_forward_mod_add_clean	9018867	9019146	279	19	0	20	22
tlm_apply_forward_swap	9019146	9019914	768	256	0	0	0
tlm_apply_forward_fold	9019914	9021531	1617	309	0	55	62
tlm_multiply_gcd_reverse_body	9021531	9027883	6352	1107	3	344	347
tlm_multiply_gcd_reverse_decode	9027883	9028047	164	19	0	3	8
tlm_multiply_gcd_reverse_apply	9028047	9028048	1	0	0	0	0
tlm_apply_forward_mod_add_register	9028048	9031997	3949	557	2	300	302
tlm_apply_forward_mod_add_fold	9031997	9032550	553	55	2	55	55
tlm_apply_forward_mod_add_clean	9032550	9032829	279	19	0	20	22
tlm_apply_forward_swap	9032829	9033597	768	256	0	0	0
tlm_apply_forward_fold	9033597	9035214	1617	309	0	55	62
tlm_multiply_gcd_reverse_body	9035214	9041552	6338	1106	3	343	346
tlm_multiply_gcd_reverse_decode	9041552	9041558	6	0	0	0	3
tlm_multiply_gcd_reverse_apply	9041558	9041559	1	0	0	0	0
tlm_apply_forward_mod_add_register	9041559	9045508	3949	557	2	300	302
tlm_apply_forward_mod_add_fold	9045508	9046061	553	55	2	55	55
tlm_apply_forward_mod_add_clean	9046061	9046340	279	19	0	20	22
tlm_apply_forward_swap	9046340	9047108	768	256	0	0	0
tlm_apply_forward_fold	9047108	9048725	1617	309	0	55	62
tlm_multiply_gcd_reverse_body	9048725	9055063	6338	1106	3	343	346
tlm_multiply_gcd_reverse_decode	9055063	9055069	6	0	0	0	3
tlm_multiply_gcd_reverse_apply	9055069	9055070	1	0	0	0	0
tlm_apply_forward_mod_add_register	9055070	9059019	3949	557	2	300	302
tlm_apply_forward_mod_add_fold	9059019	9059572	553	55	2	55	55
tlm_apply_forward_mod_add_clean	9059572	9059851	279	19	0	20	22
tlm_apply_forward_swap	9059851	9060619	768	256	0	0	0
tlm_apply_forward_fold	9060619	9062236	1617	309	0	55	62
tlm_multiply_gcd_reverse_body	9062236	9068546	6310	1104	3	341	344
tlm_multiply_gcd_reverse_decode	9068546	9068710	164	19	0	3	8
tlm_multiply_gcd_reverse_apply	9068710	9068711	1	0	0	0	0
tlm_apply_forward_mod_add_register	9068711	9072660	3949	557	2	300	302
tlm_apply_forward_mod_add_fold	9072660	9073213	553	55	2	55	55
tlm_apply_forward_mod_add_clean	9073213	9073492	279	19	0	20	22
tlm_apply_forward_swap	9073492	9074260	768	256	0	0	0
tlm_apply_forward_fold	9074260	9075877	1617	309	0	55	62
tlm_multiply_gcd_reverse_body	9075877	9082173	6296	1103	3	340	343
tlm_multiply_gcd_reverse_decode	9082173	9082179	6	0	0	0	3
tlm_multiply_gcd_reverse_apply	9082179	9082180	1	0	0	0	0
tlm_apply_forward_mod_add_register	9082180	9086129	3949	557	2	300	302
tlm_apply_forward_mod_add_fold	9086129	9086682	553	55	2	55	55
tlm_apply_forward_mod_add_clean	9086682	9086961	279	19	0	20	22
tlm_apply_forward_swap	9086961	9087729	768	256	0	0	0
tlm_apply_forward_fold	9087729	9089346	1617	309	0	55	62
tlm_multiply_gcd_reverse_body	9089346	9095628	6282	1102	3	339	342
tlm_multiply_gcd_reverse_decode	9095628	9095634	6	0	0	0	3
tlm_multiply_gcd_reverse_apply	9095634	9095635	1	0	0	0	0
tlm_apply_forward_mod_add_register	9095635	9099584	3949	557	2	300	302
tlm_apply_forward_mod_add_fold	9099584	9100137	553	55	2	55	55
tlm_apply_forward_mod_add_clean	9100137	9100416	279	19	0	20	22
tlm_apply_forward_swap	9100416	9101184	768	256	0	0	0
tlm_apply_forward_fold	9101184	9102801	1617	309	0	55	62
tlm_multiply_gcd_reverse_body	9102801	9109055	6254	1100	3	337	340
tlm_multiply_gcd_reverse_decode_initial	9109055	9109065	10	1	0	0	3
tlm_multiply_gcd_reverse_apply_initial	9109065	9109066	1	0	0	0	0
tlm_apply_forward_mod_add_register_initial	9109066	9113015	3949	557	2	300	302
tlm_apply_forward_mod_add_fold_initial	9113015	9113568	553	55	2	55	55
tlm_apply_forward_mod_add_clean_initial	9113568	9113847	279	19	0	20	22
tlm_apply_forward_swap_initial	9113847	9114615	768	256	0	0	0
tlm_apply_forward_fold_initial	9114615	9117267	2652	622	4	112	112
tlm_multiply_gcd_reverse_body_initial	9117267	9123646	6379	1328	3	309	312
tlm_gcd_step_end_initial	9123646	9124660	1014	0	0	0	514
tlm_coord_y_sub_final	9124660	9131268	6608	330	2	331	590
tlm_coord_rsub_final	9131268	9143581	12313	330	2	331	590
