TRACE	init	22	0xbcace2e99da01887ab0102b696902325872844067f15e98da7bba04400b88fcb	0x483ada7726a3c4655da4fbfc0e1108a8fd17b448a68554199c47d08ffb10d4b8	0
TRACE	window_qrom_xy_load_walk	8328	0xbcace2e99da01887ab0102b696902325872844067f15e98da7bba04400b88fcb	0x483ada7726a3c4655da4fbfc0e1108a8fd17b448a68554199c47d08ffb10d4b8	0
TRACE	tlm_coord_x_sub	11944	0x42ee7c6aa3c35cdb5560a020c809181e848c472b5147c0b44dc91ee8e9c07833	0x483ada7726a3c4655da4fbfc0e1108a8fd17b448a68554199c47d08ffb10d4b8	0
TRACE	tlm_coord_y_sub	15560	0x42ee7c6aa3c35cdb5560a020c809181e848c472b5147c0b44dc91ee8e9c07833	0x0	0
TRACE	window_qrom_xy_unload_measure	16584	0x42ee7c6aa3c35cdb5560a020c809181e848c472b5147c0b44dc91ee8e9c07833	0x0	0
TRACE	window_qrom_xy_unload_clear	26348	0x42ee7c6aa3c35cdb5560a020c809181e848c472b5147c0b44dc91ee8e9c07833	0x0	0
TRACE	pp_setup	26598	0x42ee7c6aa3c35cdb5560a020c809181e848c472b5147c0b44dc91ee8e9c07833	0x0	0
TRACE	pp_value_forward	1476040	0x65c0744041bdecb0a4d488b46d08d3e6638f8451536af7485e21ffffffffffff	0x0	0
TRACE	pp_replay_halving_initial	1477076	0x65c0744041bdecb0a4d488b46d08d3e6638f8451536af7485e21ffffffffffff	0x0	0
TRACE	pp_replay_halving_seed	1479123	0x65c0744041bdecb0a4d488b46d08d3e6638f8451536af7485e21ffffffffffff	0x0	0
TRACE	pp_replay_halving_ordinary	1485178	0x65c0744041bdecb0a4d488b46d08d3e6638f8451536af7485e21ffffffffffff	0x0	0
TRACE	pp_replay_halving_ordinary	1491233	0x65c0744041bdecb0a4d488b46d08d3e6638f8451536af7485e21ffffffffffff	0x0	0
TRACE	pp_replay_halving_ordinary	1497288	0x65c0744041bdecb0a4d488b46d08d3e6638f8451536af7485e21ffffffffffff	0x0	0
TRACE	pp_replay_halving_ordinary	1503343	0x65c0744041bdecb0a4d488b46d08d3e6638f8451536af7485e21ffffffffffff	0x0	0
TRACE	pp_replay_halving_ordinary	1509398	0x65c0744041bdecb0a4d488b46d08d3e6638f8451536af7485e21ffffffffffff	0xfffffffffffffffffffffffffffffffffffffffffffffffffffffffefffffc2f	0
TRACE	pp_replay_halving_ordinary	1515453	0x65c0744041bdecb0a4d488b46d08d3e6638f8451536af7485e21ffffffffffff	0xfffffffffffffffffffffffffffffffffffffffffffffffffffffffefffffc2f	0
TRACE	pp_replay_halving_ordinary	1521508	0x65c0744041bdecb0a4d488b46d08d3e6638f8451536af7485e21ffffffffffff	0xfffffffffffffffffffffffffffffffffffffffffffffffffffffffefffffc2f	1
TRACE	pp_replay_halving_ordinary	1527563	0x65c0744041bdecb0a4d488b46d08d3e6638f8451536af7485e21ffffffffffff	0xfffffffffffffffffffffffffffffffffffffffffffffffffffffffefffffc2f	0
TRACE	pp_replay_halving_ordinary	1533618	0x65c0744041bdecb0a4d488b46d08d3e6638f8451536af7485e21ffffffffffff	0xfffffffffffffffffffffffffffffffffffffffffffffffffffffffefffffc2f	0
TRACE	pp_replay_halving_ordinary	1539673	0x65c0744041bdecb0a4d488b46d08d3e6638f8451536af7485e21ffffffffffff	0xfffffffffffffffffffffffffffffffffffffffffffffffffffffffefffffc2f	1
TRACE	pp_replay_halving_ordinary	1545728	0x65c0744041bdecb0a4d488b46d08d3e6638f8451536af7485e21ffffffffffff	0x0	1
TRACE	pp_replay_halving_ordinary	1551783	0x65c0744041bdecb0a4d488b46d08d3e6638f8451536af7485e21ffffffffffff	0x0	1
TRACE	pp_replay_halving_ordinary	1557838	0x65c0744041bdecb0a4d488b46d08d3e6638f8451536af7485e21ffffffffffff	0x0	0
TRACE	pp_replay_halving_ordinary	1563893	0x65c0744041bdecb0a4d488b46d08d3e6638f8451536af7485e21ffffffffffff	0x0	0
TRACE	pp_replay_halving_ordinary	1569948	0x65c0744041bdecb0a4d488b46d08d3e6638f8451536af7485e21ffffffffffff	0x0	1
TRACE	pp_replay_halving_ordinary	1576003	0x65c0744041bdecb0a4d488b46d08d3e6638f8451536af7485e21ffffffffffff	0x0	1
TRACE	pp_replay_halving_ordinary	1582058	0x65c0744041bdecb0a4d488b46d08d3e6638f8451536af7485e21ffffffffffff	0x0	0
TRACE	pp_replay_halving_ordinary	1588113	0x65c0744041bdecb0a4d488b46d08d3e6638f8451536af7485e21ffffffffffff	0x0	0
TRACE	pp_replay_halving_ordinary	1594168	0x65c0744041bdecb0a4d488b46d08d3e6638f8451536af7485e21ffffffffffff	0xfffffffffffffffffffffffffffffffffffffffffffffffffffffffefffffc2f	0
TRACE	pp_replay_halving_ordinary	1600223	0x65c0744041bdecb0a4d488b46d08d3e6638f8451536af7485e21ffffffffffff	0xfffffffffffffffffffffffffffffffffffffffffffffffffffffffefffffc2f	0
TRACE	pp_replay_halving_ordinary	1606278	0x65c0744041bdecb0a4d488b46d08d3e6638f8451536af7485e21ffffffffffff	0xfffffffffffffffffffffffffffffffffffffffffffffffffffffffefffffc2f	1
TRACE	pp_replay_halving_ordinary	1612333	0x65c0744041bdecb0a4d488b46d08d3e6638f8451536af7485e21ffffffffffff	0xfffffffffffffffffffffffffffffffffffffffffffffffffffffffefffffc2f	1
TRACE	pp_replay_halving_ordinary	1618388	0x65c0744041bdecb0a4d488b46d08d3e6638f8451536af7485e21ffffffffffff	0xfffffffffffffffffffffffffffffffffffffffffffffffffffffffefffffc2f	1
TRACE	pp_replay_halving_ordinary	1624443	0x65c0744041bdecb0a4d488b46d08d3e6638f8451536af7485e21ffffffffffff	0xfffffffffffffffffffffffffffffffffffffffffffffffffffffffefffffc2f	1
TRACE	pp_replay_halving_ordinary	1630498	0x65c0744041bdecb0a4d488b46d08d3e6638f8451536af7485e21ffffffffffff	0xfffffffffffffffffffffffffffffffffffffffffffffffffffffffefffffc2f	1
TRACE	pp_replay_halving_ordinary	1636553	0x65c0744041bdecb0a4d488b46d08d3e6638f8451536af7485e21ffffffffffff	0xfffffffffffffffffffffffffffffffffffffffffffffffffffffffefffffc2f	1
TRACE	pp_replay_halving_ordinary	1642608	0x65c0744041bdecb0a4d488b46d08d3e6638f8451536af7485e21ffffffffffff	0xfffffffffffffffffffffffffffffffffffffffffffffffffffffffefffffc2f	1
TRACE	pp_replay_halving_ordinary	1648663	0x65c0744041bdecb0a4d488b46d08d3e6638f8451536af7485e21ffffffffffff	0xfffffffffffffffffffffffffffffffffffffffffffffffffffffffefffffc2f	1
TRACE	pp_replay_halving_ordinary	1654718	0x65c0744041bdecb0a4d488b46d08d3e6638f8451536af7485e21ffffffffffff	0x0	1
TRACE	pp_replay_halving_ordinary	1660773	0x65c0744041bdecb0a4d488b46d08d3e6638f8451536af7485e21ffffffffffff	0x0	1
TRACE	pp_replay_halving_ordinary	1666828	0x65c0744041bdecb0a4d488b46d08d3e6638f8451536af7485e21ffffffffffff	0xfffffffffffffffffffffffffffffffffffffffffffffffffffffffefffffc2f	1
TRACE	pp_replay_halving_ordinary	1672883	0x65c0744041bdecb0a4d488b46d08d3e6638f8451536af7485e21ffffffffffff	0xfffffffffffffffffffffffffffffffffffffffffffffffffffffffefffffc2f	1
TRACE	pp_replay_halving_ordinary	1678938	0x65c0744041bdecb0a4d488b46d08d3e6638f8451536af7485e21ffffffffffff	0xfffffffffffffffffffffffffffffffffffffffffffffffffffffffefffffc2f	1
TRACE	pp_replay_halving_ordinary	1684993	0x65c0744041bdecb0a4d488b46d08d3e6638f8451536af7485e21ffffffffffff	0xfffffffffffffffffffffffffffffffffffffffffffffffffffffffefffffc2f	0
TRACE	pp_replay_halving_ordinary	1691048	0x65c0744041bdecb0a4d488b46d08d3e6638f8451536af7485e21ffffffffffff	0xfffffffffffffffffffffffffffffffffffffffffffffffffffffffefffffc2f	0
TRACE	pp_replay_halving_ordinary	1697103	0x65c0744041bdecb0a4d488b46d08d3e6638f8451536af7485e21ffffffffffff	0xfffffffffffffffffffffffffffffffffffffffffffffffffffffffefffffc2f	0
TRACE	pp_replay_halving_ordinary	1703158	0x65c0744041bdecb0a4d488b46d08d3e6638f8451536af7485e21ffffffffffff	0x0	0
TRACE	pp_replay_halving_ordinary	1709213	0x65c0744041bdecb0a4d488b46d08d3e6638f8451536af7485e21ffffffffffff	0x0	0
TRACE	pp_replay_halving_ordinary	1715268	0x65c0744041bdecb0a4d488b46d08d3e6638f8451536af7485e21ffffffffffff	0x0	0
TRACE	pp_replay_halving_ordinary	1721323	0x65c0744041bdecb0a4d488b46d08d3e6638f8451536af7485e21ffffffffffff	0x0	0
TRACE	pp_replay_halving_ordinary	1727378	0x65c0744041bdecb0a4d488b46d08d3e6638f8451536af7485e21ffffffffffff	0x0	0
TRACE	pp_replay_halving_ordinary	1733433	0x65c0744041bdecb0a4d488b46d08d3e6638f8451536af7485e21ffffffffffff	0x0	0
TRACE	pp_replay_halving_ordinary	1739488	0x65c0744041bdecb0a4d488b46d08d3e6638f8451536af7485e21ffffffffffff	0x0	1
TRACE	pp_replay_halving_ordinary	1745543	0x65c0744041bdecb0a4d488b46d08d3e6638f8451536af7485e21ffffffffffff	0x0	1
TRACE	pp_replay_halving_ordinary	1751598	0x65c0744041bdecb0a4d488b46d08d3e6638f8451536af7485e21ffffffffffff	0x0	1
TRACE	pp_replay_halving_ordinary	1757653	0x65c0744041bdecb0a4d488b46d08d3e6638f8451536af7485e21ffffffffffff	0x0	1
TRACE	pp_replay_halving_ordinary	1763708	0x65c0744041bdecb0a4d488b46d08d3e6638f8451536af7485e21ffffffffffff	0xfffffffffffffffffffffffffffffffffffffffffffffffffffffffefffffc2f	1
TRACE	pp_replay_halving_ordinary	1769763	0x65c0744041bdecb0a4d488b46d08d3e6638f8451536af7485e21ffffffffffff	0xfffffffffffffffffffffffffffffffffffffffffffffffffffffffefffffc2f	0
TRACE	pp_replay_halving_ordinary	1775818	0x65c0744041bdecb0a4d488b46d08d3e6638f8451536af7485e21ffffffffffff	0x0	0
TRACE	pp_replay_halving_ordinary	1781873	0x65c0744041bdecb0a4d488b46d08d3e6638f8451536af7485e21ffffffffffff	0x0	0
TRACE	pp_replay_halving_ordinary	1787928	0x65c0744041bdecb0a4d488b46d08d3e6638f8451536af7485e21ffffffffffff	0xfffffffffffffffffffffffffffffffffffffffffffffffffffffffefffffc2f	0
TRACE	pp_replay_halving_ordinary	1793983	0x65c0744041bdecb0a4d488b46d08d3e6638f8451536af7485e21ffffffffffff	0xfffffffffffffffffffffffffffffffffffffffffffffffffffffffefffffc2f	0
TRACE	pp_replay_halving_ordinary	1800038	0x65c0744041bdecb0a4d488b46d08d3e6638f8451536af7485e21ffffffffffff	0xfffffffffffffffffffffffffffffffffffffffffffffffffffffffefffffc2f	0
TRACE	pp_replay_halving_ordinary	1806093	0x65c0744041bdecb0a4d488b46d08d3e6638f8451536af7485e21ffffffffffff	0xfffffffffffffffffffffffffffffffffffffffffffffffffffffffefffffc2f	0
TRACE	pp_replay_halving_ordinary	1812148	0x65c0744041bdecb0a4d488b46d08d3e6638f8451536af7485e21ffffffffffff	0xfffffffffffffffffffffffffffffffffffffffffffffffffffffffefffffc2f	1
TRACE	pp_replay_halving_ordinary	1818203	0x65c0744041bdecb0a4d488b46d08d3e6638f8451536af7485e21ffffffffffff	0xfffffffffffffffffffffffffffffffffffffffffffffffffffffffefffffc2f	1
TRACE	pp_replay_halving_ordinary	1824258	0x65c0744041bdecb0a4d488b46d08d3e6638f8451536af7485e21ffffffffffff	0xfffffffffffffffffffffffffffffffffffffffffffffffffffffffefffffc2f	1
TRACE	pp_replay_halving_ordinary	1830313	0x65c0744041bdecb0a4d488b46d08d3e6638f8451536af7485e21ffffffffffff	0xfffffffffffffffffffffffffffffffffffffffffffffffffffffffefffffc2f	0
TRACE	pp_replay_halving_ordinary	1836368	0x65c0744041bdecb0a4d488b46d08d3e6638f8451536af7485e21ffffffffffff	0xfffffffffffffffffffffffffffffffffffffffffffffffffffffffefffffc2f	0
TRACE	pp_replay_halving_ordinary	1842423	0x65c0744041bdecb0a4d488b46d08d3e6638f8451536af7485e21ffffffffffff	0xfffffffffffffffffffffffffffffffffffffffffffffffffffffffefffffc2f	0
TRACE	pp_replay_halving_ordinary	1848478	0x65c0744041bdecb0a4d488b46d08d3e6638f8451536af7485e21ffffffffffff	0x0	0
TRACE	pp_replay_halving_ordinary	1854533	0x65c0744041bdecb0a4d488b46d08d3e6638f8451536af7485e21ffffffffffff	0x0	0
TRACE	pp_replay_halving_ordinary	1860588	0x65c0744041bdecb0a4d488b46d08d3e6638f8451536af7485e21ffffffffffff	0xfffffffffffffffffffffffffffffffffffffffffffffffffffffffefffffc2f	0
TRACE	pp_replay_halving_ordinary	1866643	0x65c0744041bdecb0a4d488b46d08d3e6638f8451536af7485e21ffffffffffff	0xfffffffffffffffffffffffffffffffffffffffffffffffffffffffefffffc2f	0
TRACE	pp_replay_halving_ordinary	1872698	0x65c0744041bdecb0a4d488b46d08d3e6638f8451536af7485e21ffffffffffff	0xfffffffffffffffffffffffffffffffffffffffffffffffffffffffefffffc2f	0
TRACE	pp_replay_halving_ordinary	1878753	0x65c0744041bdecb0a4d488b46d08d3e6638f8451536af7485e21ffffffffffff	0xfffffffffffffffffffffffffffffffffffffffffffffffffffffffefffffc2f	0
TRACE	pp_replay_halving_ordinary	1884808	0x65c0744041bdecb0a4d488b46d08d3e6638f8451536af7485e21ffffffffffff	0xfffffffffffffffffffffffffffffffffffffffffffffffffffffffefffffc2f	0
TRACE	pp_replay_halving_ordinary	1890863	0x65c0744041bdecb0a4d488b46d08d3e6638f8451536af7485e21ffffffffffff	0xfffffffffffffffffffffffffffffffffffffffffffffffffffffffefffffc2f	1
TRACE	pp_replay_halving_ordinary	1896918	0x65c0744041bdecb0a4d488b46d08d3e6638f8451536af7485e21ffffffffffff	0xfffffffffffffffffffffffffffffffffffffffffffffffffffffffefffffc2f	1
TRACE	pp_replay_halving_ordinary	1902973	0x65c0744041bdecb0a4d488b46d08d3e6638f8451536af7485e21ffffffffffff	0xfffffffffffffffffffffffffffffffffffffffffffffffffffffffefffffc2f	1
TRACE	pp_replay_halving_ordinary	1909028	0x65c0744041bdecb0a4d488b46d08d3e6638f8451536af7485e21ffffffffffff	0xfffffffffffffffffffffffffffffffffffffffffffffffffffffffefffffc2f	1
TRACE	pp_replay_halving_ordinary	1915083	0x65c0744041bdecb0a4d488b46d08d3e6638f8451536af7485e21ffffffffffff	0xfffffffffffffffffffffffffffffffffffffffffffffffffffffffefffffc2f	1
TRACE	pp_replay_halving_ordinary	1921138	0x65c0744041bdecb0a4d488b46d08d3e6638f8451536af7485e21ffffffffffff	0xfffffffffffffffffffffffffffffffffffffffffffffffffffffffefffffc2f	0
TRACE	pp_replay_halving_ordinary	1927193	0x65c0744041bdecb0a4d488b46d08d3e6638f8451536af7485e21ffffffffffff	0xfffffffffffffffffffffffffffffffffffffffffffffffffffffffefffffc2f	0
TRACE	pp_replay_halving_ordinary	1933248	0x65c0744041bdecb0a4d488b46d08d3e6638f8451536af7485e21ffffffffffff	0xfffffffffffffffffffffffffffffffffffffffffffffffffffffffefffffc2f	0
TRACE	pp_replay_halving_ordinary	1939303	0x65c0744041bdecb0a4d488b46d08d3e6638f8451536af7485e21ffffffffffff	0xfffffffffffffffffffffffffffffffffffffffffffffffffffffffefffffc2f	1
TRACE	pp_replay_halving_ordinary	1945358	0x65c0744041bdecb0a4d488b46d08d3e6638f8451536af7485e21ffffffffffff	0xfffffffffffffffffffffffffffffffffffffffffffffffffffffffefffffc2f	1
TRACE	pp_replay_halving_ordinary	1951413	0x65c0744041bdecb0a4d488b46d08d3e6638f8451536af7485e21ffffffffffff	0xfffffffffffffffffffffffffffffffffffffffffffffffffffffffefffffc2f	1
TRACE	pp_replay_halving_ordinary	1957468	0x65c0744041bdecb0a4d488b46d08d3e6638f8451536af7485e21ffffffffffff	0x0	1
TRACE	pp_replay_halving_ordinary	1963523	0x65c0744041bdecb0a4d488b46d08d3e6638f8451536af7485e21ffffffffffff	0x0	1
TRACE	pp_replay_halving_ordinary	1969578	0x65c0744041bdecb0a4d488b46d08d3e6638f8451536af7485e21ffffffffffff	0x0	0
TRACE	pp_replay_halving_ordinary	1975633	0x65c0744041bdecb0a4d488b46d08d3e6638f8451536af7485e21ffffffffffff	0x0	0
TRACE	pp_replay_halving_ordinary	1981688	0x65c0744041bdecb0a4d488b46d08d3e6638f8451536af7485e21ffffffffffff	0xfffffffffffffffffffffffffffffffffffffffffffffffffffffffefffffc2f	0
TRACE	pp_replay_halving_ordinary	1987743	0x65c0744041bdecb0a4d488b46d08d3e6638f8451536af7485e21ffffffffffff	0xfffffffffffffffffffffffffffffffffffffffffffffffffffffffefffffc2f	0
TRACE	pp_replay_halving_ordinary	1993798	0x65c0744041bdecb0a4d488b46d08d3e6638f8451536af7485e21ffffffffffff	0xfffffffffffffffffffffffffffffffffffffffffffffffffffffffefffffc2f	1
TRACE	pp_replay_halving_ordinary	1999853	0x65c0744041bdecb0a4d488b46d08d3e6638f8451536af7485e21ffffffffffff	0xfffffffffffffffffffffffffffffffffffffffffffffffffffffffefffffc2f	1
TRACE	pp_replay_halving_ordinary	2005908	0x65c0744041bdecb0a4d488b46d08d3e6638f8451536af7485e21ffffffffffff	0xfffffffffffffffffffffffffffffffffffffffffffffffffffffffefffffc2f	1
TRACE	pp_replay_halving_ordinary	2011963	0x65c0744041bdecb0a4d488b46d08d3e6638f8451536af7485e21ffffffffffff	0xfffffffffffffffffffffffffffffffffffffffffffffffffffffffefffffc2f	1
TRACE	pp_replay_halving_ordinary	2018018	0x65c0744041bdecb0a4d488b46d08d3e6638f8451536af7485e21ffffffffffff	0xfffffffffffffffffffffffffffffffffffffffffffffffffffffffefffffc2f	1
TRACE	pp_replay_halving_ordinary	2024073	0x65c0744041bdecb0a4d488b46d08d3e6638f8451536af7485e21ffffffffffff	0xfffffffffffffffffffffffffffffffffffffffffffffffffffffffefffffc2f	1
TRACE	pp_replay_halving_ordinary	2030128	0x65c0744041bdecb0a4d488b46d08d3e6638f8451536af7485e21ffffffffffff	0x0	1
TRACE	pp_replay_halving_ordinary	2036183	0x65c0744041bdecb0a4d488b46d08d3e6638f8451536af7485e21ffffffffffff	0x0	1
TRACE	pp_replay_halving_ordinary	2042238	0x65c0744041bdecb0a4d488b46d08d3e6638f8451536af7485e21ffffffffffff	0xfffffffffffffffffffffffffffffffffffffffffffffffffffffffefffffc2f	1
TRACE	pp_replay_halving_ordinary	2048293	0x65c0744041bdecb0a4d488b46d08d3e6638f8451536af7485e21ffffffffffff	0xfffffffffffffffffffffffffffffffffffffffffffffffffffffffefffffc2f	0
TRACE	pp_replay_halving_ordinary	2054348	0x65c0744041bdecb0a4d488b46d08d3e6638f8451536af7485e21ffffffffffff	0x0	0
TRACE	pp_replay_halving_ordinary	2060403	0x65c0744041bdecb0a4d488b46d08d3e6638f8451536af7485e21ffffffffffff	0x0	0
TRACE	pp_replay_halving_ordinary	2066458	0x65c0744041bdecb0a4d488b46d08d3e6638f8451536af7485e21ffffffffffff	0xfffffffffffffffffffffffffffffffffffffffffffffffffffffffefffffc2f	0
TRACE	pp_replay_halving_ordinary	2072513	0x65c0744041bdecb0a4d488b46d08d3e6638f8451536af7485e21ffffffffffff	0xfffffffffffffffffffffffffffffffffffffffffffffffffffffffefffffc2f	1
TRACE	pp_replay_halving_ordinary	2078568	0x65c0744041bdecb0a4d488b46d08d3e6638f8451536af7485e21ffffffffffff	0xfffffffffffffffffffffffffffffffffffffffffffffffffffffffefffffc2f	1
TRACE	pp_replay_halving_ordinary	2084623	0x65c0744041bdecb0a4d488b46d08d3e6638f8451536af7485e21ffffffffffff	0xfffffffffffffffffffffffffffffffffffffffffffffffffffffffefffffc2f	1
TRACE	pp_replay_halving_ordinary	2090678	0x65c0744041bdecb0a4d488b46d08d3e6638f8451536af7485e21ffffffffffff	0xfffffffffffffffffffffffffffffffffffffffffffffffffffffffefffffc2f	1
TRACE	pp_replay_halving_ordinary	2096733	0x65c0744041bdecb0a4d488b46d08d3e6638f8451536af7485e21ffffffffffff	0xfffffffffffffffffffffffffffffffffffffffffffffffffffffffefffffc2f	1
TRACE	pp_replay_halving_ordinary	2102788	0x65c0744041bdecb0a4d488b46d08d3e6638f8451536af7485e21ffffffffffff	0xfffffffffffffffffffffffffffffffffffffffffffffffffffffffefffffc2f	0
TRACE	pp_replay_halving_ordinary	2108843	0x65c0744041bdecb0a4d488b46d08d3e6638f8451536af7485e21ffffffffffff	0xfffffffffffffffffffffffffffffffffffffffffffffffffffffffefffffc2f	0
TRACE	pp_replay_halving_ordinary	2114898	0x65c0744041bdecb0a4d488b46d08d3e6638f8451536af7485e21ffffffffffff	0xfffffffffffffffffffffffffffffffffffffffffffffffffffffffefffffc2f	0
TRACE	pp_replay_halving_ordinary	2120953	0x65c0744041bdecb0a4d488b46d08d3e6638f8451536af7485e21ffffffffffff	0xfffffffffffffffffffffffffffffffffffffffffffffffffffffffefffffc2f	0
TRACE	pp_replay_halving_ordinary	2127008	0x65c0744041bdecb0a4d488b46d08d3e6638f8451536af7485e21ffffffffffff	0xfffffffffffffffffffffffffffffffffffffffffffffffffffffffefffffc2f	0
TRACE	pp_replay_halving_ordinary	2133063	0x65c0744041bdecb0a4d488b46d08d3e6638f8451536af7485e21ffffffffffff	0xfffffffffffffffffffffffffffffffffffffffffffffffffffffffefffffc2f	0
TRACE	pp_replay_halving_ordinary	2139118	0x65c0744041bdecb0a4d488b46d08d3e6638f8451536af7485e21ffffffffffff	0xfffffffffffffffffffffffffffffffffffffffffffffffffffffffefffffc2f	0
TRACE	pp_replay_halving_ordinary	2145173	0x65c0744041bdecb0a4d488b46d08d3e6638f8451536af7485e21ffffffffffff	0xfffffffffffffffffffffffffffffffffffffffffffffffffffffffefffffc2f	1
TRACE	pp_replay_halving_ordinary	2151228	0x65c0744041bdecb0a4d488b46d08d3e6638f8451536af7485e21ffffffffffff	0xfffffffffffffffffffffffffffffffffffffffffffffffffffffffefffffc2f	1
TRACE	pp_replay_halving_ordinary	2157283	0x65c0744041bdecb0a4d488b46d08d3e6638f8451536af7485e21ffffffffffff	0xfffffffffffffffffffffffffffffffffffffffffffffffffffffffefffffc2f	1
TRACE	pp_replay_halving_ordinary	2163338	0x65c0744041bdecb0a4d488b46d08d3e6638f8451536af7485e21ffffffffffff	0xfffffffffffffffffffffffffffffffffffffffffffffffffffffffefffffc2f	1
TRACE	pp_replay_halving_ordinary	2169393	0x65c0744041bdecb0a4d488b46d08d3e6638f8451536af7485e21ffffffffffff	0xfffffffffffffffffffffffffffffffffffffffffffffffffffffffefffffc2f	1
TRACE	pp_replay_halving_ordinary	2175448	0x65c0744041bdecb0a4d488b46d08d3e6638f8451536af7485e21ffffffffffff	0xfffffffffffffffffffffffffffffffffffffffffffffffffffffffefffffc2f	1
TRACE	pp_replay_halving_ordinary	2181503	0x65c0744041bdecb0a4d488b46d08d3e6638f8451536af7485e21ffffffffffff	0xfffffffffffffffffffffffffffffffffffffffffffffffffffffffefffffc2f	1
TRACE	pp_replay_halving_ordinary	2187558	0x65c0744041bdecb0a4d488b46d08d3e6638f8451536af7485e21ffffffffffff	0xfffffffffffffffffffffffffffffffffffffffffffffffffffffffefffffc2f	1
TRACE	pp_replay_halving_ordinary	2193613	0x65c0744041bdecb0a4d488b46d08d3e6638f8451536af7485e21ffffffffffff	0xfffffffffffffffffffffffffffffffffffffffffffffffffffffffefffffc2f	1
TRACE	pp_replay_halving_ordinary	2199668	0x65c0744041bdecb0a4d488b46d08d3e6638f8451536af7485e21ffffffffffff	0xfffffffffffffffffffffffffffffffffffffffffffffffffffffffefffffc2f	0
TRACE	pp_replay_halving_ordinary	2205723	0x65c0744041bdecb0a4d488b46d08d3e6638f8451536af7485e21ffffffffffff	0xfffffffffffffffffffffffffffffffffffffffffffffffffffffffefffffc2f	0
TRACE	pp_replay_halving_ordinary	2211778	0x65c0744041bdecb0a4d488b46d08d3e6638f8451536af7485e21ffffffffffff	0xfffffffffffffffffffffffffffffffffffffffffffffffffffffffefffffc2f	0
TRACE	pp_replay_halving_ordinary	2217833	0x65c0744041bdecb0a4d488b46d08d3e6638f8451536af7485e21ffffffffffff	0xfffffffffffffffffffffffffffffffffffffffffffffffffffffffefffffc2f	0
TRACE	pp_replay_halving_ordinary	2223888	0x65c0744041bdecb0a4d488b46d08d3e6638f8451536af7485e21ffffffffffff	0xfffffffffffffffffffffffffffffffffffffffffffffffffffffffefffffc2f	1
TRACE	pp_replay_halving_ordinary	2229943	0x65c0744041bdecb0a4d488b46d08d3e6638f8451536af7485e21ffffffffffff	0xfffffffffffffffffffffffffffffffffffffffffffffffffffffffefffffc2f	0
TRACE	pp_replay_halving_ordinary	2235998	0x65c0744041bdecb0a4d488b46d08d3e6638f8451536af7485e21ffffffffffff	0x0	0
TRACE	pp_replay_halving_ordinary	2242053	0x65c0744041bdecb0a4d488b46d08d3e6638f8451536af7485e21ffffffffffff	0x0	0
TRACE	pp_replay_halving_ordinary	2248108	0x65c0744041bdecb0a4d488b46d08d3e6638f8451536af7485e21ffffffffffff	0xfffffffffffffffffffffffffffffffffffffffffffffffffffffffefffffc2f	0
TRACE	pp_replay_halving_ordinary	2254163	0x65c0744041bdecb0a4d488b46d08d3e6638f8451536af7485e21ffffffffffff	0xfffffffffffffffffffffffffffffffffffffffffffffffffffffffefffffc2f	0
TRACE	pp_replay_halving_ordinary	2260218	0x65c0744041bdecb0a4d488b46d08d3e6638f8451536af7485e21ffffffffffff	0xfffffffffffffffffffffffffffffffffffffffffffffffffffffffefffffc2f	0
TRACE	pp_replay_halving_ordinary	2266273	0x65c0744041bdecb0a4d488b46d08d3e6638f8451536af7485e21ffffffffffff	0xfffffffffffffffffffffffffffffffffffffffffffffffffffffffefffffc2f	0
TRACE	pp_replay_halving_ordinary	2272328	0x65c0744041bdecb0a4d488b46d08d3e6638f8451536af7485e21ffffffffffff	0x0	0
TRACE	pp_replay_halving_ordinary	2278383	0x65c0744041bdecb0a4d488b46d08d3e6638f8451536af7485e21ffffffffffff	0x0	0
TRACE	pp_replay_halving_ordinary	2284438	0x65c0744041bdecb0a4d488b46d08d3e6638f8451536af7485e21ffffffffffff	0xfffffffffffffffffffffffffffffffffffffffffffffffffffffffefffffc2f	0
TRACE	pp_replay_halving_ordinary	2290493	0x65c0744041bdecb0a4d488b46d08d3e6638f8451536af7485e21ffffffffffff	0xfffffffffffffffffffffffffffffffffffffffffffffffffffffffefffffc2f	0
TRACE	pp_replay_halving_ordinary	2296548	0x65c0744041bdecb0a4d488b46d08d3e6638f8451536af7485e21ffffffffffff	0xfffffffffffffffffffffffffffffffffffffffffffffffffffffffefffffc2f	0
TRACE	pp_replay_halving_ordinary	2302603	0x65c0744041bdecb0a4d488b46d08d3e6638f8451536af7485e21ffffffffffff	0xfffffffffffffffffffffffffffffffffffffffffffffffffffffffefffffc2f	1
TRACE	pp_replay_halving_ordinary	2308658	0x65c0744041bdecb0a4d488b46d08d3e6638f8451536af7485e21ffffffffffff	0xfffffffffffffffffffffffffffffffffffffffffffffffffffffffefffffc2f	1
TRACE	pp_replay_halving_ordinary	2314713	0x65c0744041bdecb0a4d488b46d08d3e6638f8451536af7485e21ffffffffffff	0xfffffffffffffffffffffffffffffffffffffffffffffffffffffffefffffc2f	1
TRACE	pp_replay_halving_ordinary	2320768	0x65c0744041bdecb0a4d488b46d08d3e6638f8451536af7485e21ffffffffffff	0xfffffffffffffffffffffffffffffffffffffffffffffffffffffffefffffc2f	1
TRACE	pp_replay_halving_ordinary	2326823	0x65c0744041bdecb0a4d488b46d08d3e6638f8451536af7485e21ffffffffffff	0xfffffffffffffffffffffffffffffffffffffffffffffffffffffffefffffc2f	0
TRACE	pp_replay_halving_ordinary	2332878	0x65c0744041bdecb0a4d488b46d08d3e6638f8451536af7485e21ffffffffffff	0xfffffffffffffffffffffffffffffffffffffffffffffffffffffffefffffc2f	0
TRACE	pp_replay_halving_ordinary	2338933	0x65c0744041bdecb0a4d488b46d08d3e6638f8451536af7485e21ffffffffffff	0xfffffffffffffffffffffffffffffffffffffffffffffffffffffffefffffc2f	0
TRACE	pp_replay_halving_ordinary	2344988	0x65c0744041bdecb0a4d488b46d08d3e6638f8451536af7485e21ffffffffffff	0xfffffffffffffffffffffffffffffffffffffffffffffffffffffffefffffc2f	0
TRACE	pp_replay_halving_ordinary	2351043	0x65c0744041bdecb0a4d488b46d08d3e6638f8451536af7485e21ffffffffffff	0xfffffffffffffffffffffffffffffffffffffffffffffffffffffffefffffc2f	1
TRACE	pp_replay_halving_ordinary	2357098	0x65c0744041bdecb0a4d488b46d08d3e6638f8451536af7485e21ffffffffffff	0xfffffffffffffffffffffffffffffffffffffffffffffffffffffffefffffc2f	1
TRACE	pp_replay_halving_ordinary	2363153	0x65c0744041bdecb0a4d488b46d08d3e6638f8451536af7485e21ffffffffffff	0xfffffffffffffffffffffffffffffffffffffffffffffffffffffffefffffc2f	1
TRACE	pp_replay_halving_ordinary	2369208	0x65c0744041bdecb0a4d488b46d08d3e6638f8451536af7485e21ffffffffffff	0xfffffffffffffffffffffffffffffffffffffffffffffffffffffffefffffc2f	1
TRACE	pp_replay_halving_ordinary	2375263	0x65c0744041bdecb0a4d488b46d08d3e6638f8451536af7485e21ffffffffffff	0xfffffffffffffffffffffffffffffffffffffffffffffffffffffffefffffc2f	1
TRACE	pp_replay_halving_ordinary	2381318	0x65c0744041bdecb0a4d488b46d08d3e6638f8451536af7485e21ffffffffffff	0xfffffffffffffffffffffffffffffffffffffffffffffffffffffffefffffc2f	1
TRACE	pp_replay_halving_ordinary	2387373	0x65c0744041bdecb0a4d488b46d08d3e6638f8451536af7485e21ffffffffffff	0xfffffffffffffffffffffffffffffffffffffffffffffffffffffffefffffc2f	1
TRACE	pp_replay_halving_ordinary	2393428	0x65c0744041bdecb0a4d488b46d08d3e6638f8451536af7485e21ffffffffffff	0x0	1
TRACE	pp_replay_halving_ordinary	2399483	0x65c0744041bdecb0a4d488b46d08d3e6638f8451536af7485e21ffffffffffff	0x0	1
TRACE	pp_replay_halving_ordinary	2405538	0x65c0744041bdecb0a4d488b46d08d3e6638f8451536af7485e21ffffffffffff	0x0	0
TRACE	pp_replay_halving_ordinary	2411593	0x65c0744041bdecb0a4d488b46d08d3e6638f8451536af7485e21ffffffffffff	0x0	0
TRACE	pp_replay_halving_ordinary	2417648	0x65c0744041bdecb0a4d488b46d08d3e6638f8451536af7485e21ffffffffffff	0xfffffffffffffffffffffffffffffffffffffffffffffffffffffffefffffc2f	0
TRACE	pp_replay_halving_ordinary	2423703	0x65c0744041bdecb0a4d488b46d08d3e6638f8451536af7485e21ffffffffffff	0xfffffffffffffffffffffffffffffffffffffffffffffffffffffffefffffc2f	0
TRACE	pp_replay_halving_ordinary	2429758	0x65c0744041bdecb0a4d488b46d08d3e6638f8451536af7485e21ffffffffffff	0xfffffffffffffffffffffffffffffffffffffffffffffffffffffffefffffc2f	0
TRACE	pp_replay_halving_ordinary	2435813	0x65c0744041bdecb0a4d488b46d08d3e6638f8451536af7485e21ffffffffffff	0xfffffffffffffffffffffffffffffffffffffffffffffffffffffffefffffc2f	0
TRACE	pp_replay_halving_ordinary	2441868	0x65c0744041bdecb0a4d488b46d08d3e6638f8451536af7485e21ffffffffffff	0xfffffffffffffffffffffffffffffffffffffffffffffffffffffffefffffc2f	1
TRACE	pp_replay_halving_ordinary	2447923	0x65c0744041bdecb0a4d488b46d08d3e6638f8451536af7485e21ffffffffffff	0xfffffffffffffffffffffffffffffffffffffffffffffffffffffffefffffc2f	1
TRACE	pp_replay_halving_ordinary	2453978	0x65c0744041bdecb0a4d488b46d08d3e6638f8451536af7485e21ffffffffffff	0x0	1
TRACE	pp_replay_halving_ordinary	2460033	0x65c0744041bdecb0a4d488b46d08d3e6638f8451536af7485e21ffffffffffff	0x0	1
TRACE	pp_replay_halving_ordinary	2466088	0x65c0744041bdecb0a4d488b46d08d3e6638f8451536af7485e21ffffffffffff	0x0	1
TRACE	pp_replay_halving_ordinary	2472143	0x65c0744041bdecb0a4d488b46d08d3e6638f8451536af7485e21ffffffffffff	0x0	1
TRACE	pp_replay_halving_ordinary	2478198	0x65c0744041bdecb0a4d488b46d08d3e6638f8451536af7485e21ffffffffffff	0xfffffffffffffffffffffffffffffffffffffffffffffffffffffffefffffc2f	1
TRACE	pp_replay_halving_ordinary	2484253	0x65c0744041bdecb0a4d488b46d08d3e6638f8451536af7485e21ffffffffffff	0xfffffffffffffffffffffffffffffffffffffffffffffffffffffffefffffc2f	1
TRACE	pp_replay_halving_ordinary	2490308	0x65c0744041bdecb0a4d488b46d08d3e6638f8451536af7485e21ffffffffffff	0xfffffffffffffffffffffffffffffffffffffffffffffffffffffffefffffc2f	1
TRACE	pp_replay_halving_ordinary	2496363	0x65c0744041bdecb0a4d488b46d08d3e6638f8451536af7485e21ffffffffffff	0xfffffffffffffffffffffffffffffffffffffffffffffffffffffffefffffc2f	0
TRACE	pp_replay_halving_ordinary	2502418	0x65c0744041bdecb0a4d488b46d08d3e6638f8451536af7485e21ffffffffffff	0xfffffffffffffffffffffffffffffffffffffffffffffffffffffffefffffc2f	1
TRACE	pp_replay_halving_ordinary	2508473	0x65c0744041bdecb0a4d488b46d08d3e6638f8451536af7485e21ffffffffffff	0xfffffffffffffffffffffffffffffffffffffffffffffffffffffffefffffc2f	0
TRACE	pp_replay_halving_ordinary	2514528	0x65c0744041bdecb0a4d488b46d08d3e6638f8451536af7485e21ffffffffffff	0xfffffffffffffffffffffffffffffffffffffffffffffffffffffffefffffc2f	1
TRACE	pp_replay_halving_ordinary	2520583	0x65c0744041bdecb0a4d488b46d08d3e6638f8451536af7485e21ffffffffffff	0xfffffffffffffffffffffffffffffffffffffffffffffffffffffffefffffc2f	0
TRACE	pp_replay_halving_ordinary	2526638	0x65c0744041bdecb0a4d488b46d08d3e6638f8451536af7485e21ffffffffffff	0xfffffffffffffffffffffffffffffffffffffffffffffffffffffffefffffc2f	0
TRACE	pp_replay_halving_ordinary	2532693	0x65c0744041bdecb0a4d488b46d08d3e6638f8451536af7485e21ffffffffffff	0xfffffffffffffffffffffffffffffffffffffffffffffffffffffffefffffc2f	1
TRACE	pp_replay_halving_ordinary	2538748	0x65c0744041bdecb0a4d488b46d08d3e6638f8451536af7485e21ffffffffffff	0xfffffffffffffffffffffffffffffffffffffffffffffffffffffffefffffc2f	0
TRACE	pp_replay_halving_ordinary	2544803	0x65c0744041bdecb0a4d488b46d08d3e6638f8451536af7485e21ffffffffffff	0xfffffffffffffffffffffffffffffffffffffffffffffffffffffffefffffc2f	0
TRACE	pp_replay_halving_ordinary	2550858	0x65c0744041bdecb0a4d488b46d08d3e6638f8451536af7485e21ffffffffffff	0x0	0
TRACE	pp_replay_halving_ordinary	2556913	0x65c0744041bdecb0a4d488b46d08d3e6638f8451536af7485e21ffffffffffff	0x0	0
TRACE	pp_replay_halving_ordinary	2562968	0x65c0744041bdecb0a4d488b46d08d3e6638f8451536af7485e21ffffffffffff	0xfffffffffffffffffffffffffffffffffffffffffffffffffffffffefffffc2f	0
TRACE	pp_replay_halving_ordinary	2569023	0x65c0744041bdecb0a4d488b46d08d3e6638f8451536af7485e21ffffffffffff	0xfffffffffffffffffffffffffffffffffffffffffffffffffffffffefffffc2f	1
TRACE	pp_replay_halving_ordinary	2575078	0x65c0744041bdecb0a4d488b46d08d3e6638f8451536af7485e21ffffffffffff	0xfffffffffffffffffffffffffffffffffffffffffffffffffffffffefffffc2f	0
TRACE	pp_replay_halving_ordinary	2581133	0x65c0744041bdecb0a4d488b46d08d3e6638f8451536af7485e21ffffffffffff	0xfffffffffffffffffffffffffffffffffffffffffffffffffffffffefffffc2f	0
TRACE	pp_replay_halving_ordinary	2587188	0x65c0744041bdecb0a4d488b46d08d3e6638f8451536af7485e21ffffffffffff	0x0	0
TRACE	pp_replay_halving_ordinary	2593243	0x65c0744041bdecb0a4d488b46d08d3e6638f8451536af7485e21ffffffffffff	0x0	0
TRACE	pp_replay_halving_ordinary	2599298	0x65c0744041bdecb0a4d488b46d08d3e6638f8451536af7485e21ffffffffffff	0x0	0
TRACE	pp_replay_halving_ordinary	2605353	0x65c0744041bdecb0a4d488b46d08d3e6638f8451536af7485e21ffffffffffff	0x0	0
TRACE	pp_replay_halving_ordinary	2611408	0x65c0744041bdecb0a4d488b46d08d3e6638f8451536af7485e21ffffffffffff	0xfffffffffffffffffffffffffffffffffffffffffffffffffffffffefffffc2f	0
TRACE	pp_replay_halving_ordinary	2617463	0x65c0744041bdecb0a4d488b46d08d3e6638f8451536af7485e21ffffffffffff	0xfffffffffffffffffffffffffffffffffffffffffffffffffffffffefffffc2f	1
TRACE	pp_replay_halving_ordinary	2623518	0x65c0744041bdecb0a4d488b46d08d3e6638f8451536af7485e21ffffffffffff	0x0	1
TRACE	pp_replay_halving_ordinary	2629573	0x65c0744041bdecb0a4d488b46d08d3e6638f8451536af7485e21ffffffffffff	0x0	1
TRACE	pp_replay_halving_ordinary	2635628	0x65c0744041bdecb0a4d488b46d08d3e6638f8451536af7485e21ffffffffffff	0xfffffffffffffffffffffffffffffffffffffffffffffffffffffffefffffc2f	1
TRACE	pp_replay_halving_ordinary	2641683	0x65c0744041bdecb0a4d488b46d08d3e6638f8451536af7485e21ffffffffffff	0xfffffffffffffffffffffffffffffffffffffffffffffffffffffffefffffc2f	0
TRACE	pp_replay_halving_ordinary	2647738	0x65c0744041bdecb0a4d488b46d08d3e6638f8451536af7485e21ffffffffffff	0xfffffffffffffffffffffffffffffffffffffffffffffffffffffffefffffc2f	0
TRACE	pp_replay_halving_ordinary	2653793	0x65c0744041bdecb0a4d488b46d08d3e6638f8451536af7485e21ffffffffffff	0xfffffffffffffffffffffffffffffffffffffffffffffffffffffffefffffc2f	1
TRACE	pp_replay_halving_ordinary	2659848	0x65c0744041bdecb0a4d488b46d08d3e6638f8451536af7485e21ffffffffffff	0xfffffffffffffffffffffffffffffffffffffffffffffffffffffffefffffc2f	0
TRACE	pp_replay_halving_ordinary	2665903	0x65c0744041bdecb0a4d488b46d08d3e6638f8451536af7485e21ffffffffffff	0xfffffffffffffffffffffffffffffffffffffffffffffffffffffffefffffc2f	1
TRACE	pp_replay_halving_ordinary	2671958	0x65c0744041bdecb0a4d488b46d08d3e6638f8451536af7485e21ffffffffffff	0xfffffffffffffffffffffffffffffffffffffffffffffffffffffffefffffc2f	0
TRACE	pp_replay_halving_ordinary	2678013	0x65c0744041bdecb0a4d488b46d08d3e6638f8451536af7485e21ffffffffffff	0xfffffffffffffffffffffffffffffffffffffffffffffffffffffffefffffc2f	0
TRACE	pp_replay_halving_ordinary	2684068	0x65c0744041bdecb0a4d488b46d08d3e6638f8451536af7485e21ffffffffffff	0xfffffffffffffffffffffffffffffffffffffffffffffffffffffffefffffc2f	0
TRACE	pp_replay_halving_ordinary	2690123	0x65c0744041bdecb0a4d488b46d08d3e6638f8451536af7485e21ffffffffffff	0xfffffffffffffffffffffffffffffffffffffffffffffffffffffffefffffc2f	0
TRACE	pp_replay_halving_ordinary	2696178	0x65c0744041bdecb0a4d488b46d08d3e6638f8451536af7485e21ffffffffffff	0xfffffffffffffffffffffffffffffffffffffffffffffffffffffffefffffc2f	0
TRACE	pp_replay_halving_ordinary	2702233	0x65c0744041bdecb0a4d488b46d08d3e6638f8451536af7485e21ffffffffffff	0xfffffffffffffffffffffffffffffffffffffffffffffffffffffffefffffc2f	1
TRACE	pp_replay_halving_ordinary	2708288	0x65c0744041bdecb0a4d488b46d08d3e6638f8451536af7485e21ffffffffffff	0x0	1
TRACE	pp_replay_halving_ordinary	2714343	0x65c0744041bdecb0a4d488b46d08d3e6638f8451536af7485e21ffffffffffff	0x0	1
TRACE	pp_replay_halving_ordinary	2720398	0x65c0744041bdecb0a4d488b46d08d3e6638f8451536af7485e21ffffffffffff	0x0	0
TRACE	pp_replay_halving_ordinary	2726453	0x65c0744041bdecb0a4d488b46d08d3e6638f8451536af7485e21ffffffffffff	0x0	0
TRACE	pp_replay_halving_ordinary	2732508	0x65c0744041bdecb0a4d488b46d08d3e6638f8451536af7485e21ffffffffffff	0xfffffffffffffffffffffffffffffffffffffffffffffffffffffffefffffc2f	0
TRACE	pp_replay_halving_ordinary	2738563	0x65c0744041bdecb0a4d488b46d08d3e6638f8451536af7485e21ffffffffffff	0xfffffffffffffffffffffffffffffffffffffffffffffffffffffffefffffc2f	0
TRACE	pp_replay_halving_ordinary	2744618	0x65c0744041bdecb0a4d488b46d08d3e6638f8451536af7485e21ffffffffffff	0xfffffffffffffffffffffffffffffffffffffffffffffffffffffffefffffc2f	0
TRACE	pp_replay_halving_ordinary	2750673	0x65c0744041bdecb0a4d488b46d08d3e6638f8451536af7485e21ffffffffffff	0xfffffffffffffffffffffffffffffffffffffffffffffffffffffffefffffc2f	0
TRACE	pp_replay_halving_ordinary	2756728	0x65c0744041bdecb0a4d488b46d08d3e6638f8451536af7485e21ffffffffffff	0xfffffffffffffffffffffffffffffffffffffffffffffffffffffffefffffc2f	0
TRACE	pp_replay_halving_ordinary	2762783	0x65c0744041bdecb0a4d488b46d08d3e6638f8451536af7485e21ffffffffffff	0xfffffffffffffffffffffffffffffffffffffffffffffffffffffffefffffc2f	1
TRACE	pp_replay_halving_ordinary	2768838	0x65c0744041bdecb0a4d488b46d08d3e6638f8451536af7485e21ffffffffffff	0xfffffffffffffffffffffffffffffffffffffffffffffffffffffffefffffc2f	1
TRACE	pp_replay_halving_ordinary	2774893	0x65c0744041bdecb0a4d488b46d08d3e6638f8451536af7485e21ffffffffffff	0xfffffffffffffffffffffffffffffffffffffffffffffffffffffffefffffc2f	1
TRACE	pp_replay_halving_ordinary	2780948	0x65c0744041bdecb0a4d488b46d08d3e6638f8451536af7485e21ffffffffffff	0xfffffffffffffffffffffffffffffffffffffffffffffffffffffffefffffc2f	1
TRACE	pp_replay_halving_ordinary	2787003	0x65c0744041bdecb0a4d488b46d08d3e6638f8451536af7485e21ffffffffffff	0xfffffffffffffffffffffffffffffffffffffffffffffffffffffffefffffc2f	1
TRACE	pp_replay_halving_ordinary	2793058	0x65c0744041bdecb0a4d488b46d08d3e6638f8451536af7485e21ffffffffffff	0xfffffffffffffffffffffffffffffffffffffffffffffffffffffffefffffc2f	1
TRACE	pp_replay_halving_ordinary	2799113	0x65c0744041bdecb0a4d488b46d08d3e6638f8451536af7485e21ffffffffffff	0xfffffffffffffffffffffffffffffffffffffffffffffffffffffffefffffc2f	1
TRACE	pp_replay_halving_ordinary	2805168	0x65c0744041bdecb0a4d488b46d08d3e6638f8451536af7485e21ffffffffffff	0xfffffffffffffffffffffffffffffffffffffffffffffffffffffffefffffc2f	1
TRACE	pp_replay_halving_ordinary	2811223	0x65c0744041bdecb0a4d488b46d08d3e6638f8451536af7485e21ffffffffffff	0xfffffffffffffffffffffffffffffffffffffffffffffffffffffffefffffc2f	1
TRACE	pp_replay_halving_ordinary	2817278	0x65c0744041bdecb0a4d488b46d08d3e6638f8451536af7485e21ffffffffffff	0x0	1
TRACE	pp_replay_halving_ordinary	2823333	0x65c0744041bdecb0a4d488b46d08d3e6638f8451536af7485e21ffffffffffff	0x0	1
TRACE	pp_replay_halving_ordinary	2829388	0x65c0744041bdecb0a4d488b46d08d3e6638f8451536af7485e21ffffffffffff	0x0	1
TRACE	pp_replay_halving_ordinary	2835443	0x65c0744041bdecb0a4d488b46d08d3e6638f8451536af7485e21ffffffffffff	0x0	1
TRACE	pp_replay_halving_ordinary	2841498	0x65c0744041bdecb0a4d488b46d08d3e6638f8451536af7485e21ffffffffffff	0x0	1
TRACE	pp_replay_halving_ordinary	2847553	0x65c0744041bdecb0a4d488b46d08d3e6638f8451536af7485e21ffffffffffff	0x0	1
TRACE	pp_replay_halving_ordinary	2853608	0x65c0744041bdecb0a4d488b46d08d3e6638f8451536af7485e21ffffffffffff	0x0	1
TRACE	pp_replay_halving_ordinary	2859663	0x65c0744041bdecb0a4d488b46d08d3e6638f8451536af7485e21ffffffffffff	0x0	1
TRACE	pp_replay_halving_ordinary	2865718	0x65c0744041bdecb0a4d488b46d08d3e6638f8451536af7485e21ffffffffffff	0xfffffffffffffffffffffffffffffffffffffffffffffffffffffffefffffc2f	1
TRACE	pp_replay_halving_ordinary	2871773	0x65c0744041bdecb0a4d488b46d08d3e6638f8451536af7485e21ffffffffffff	0xfffffffffffffffffffffffffffffffffffffffffffffffffffffffefffffc2f	1
TRACE	pp_replay_halving_ordinary	2877828	0x65c0744041bdecb0a4d488b46d08d3e6638f8451536af7485e21ffffffffffff	0xfffffffffffffffffffffffffffffffffffffffffffffffffffffffefffffc2f	1
TRACE	pp_replay_halving_ordinary	2883883	0x65c0744041bdecb0a4d488b46d08d3e6638f8451536af7485e21ffffffffffff	0xfffffffffffffffffffffffffffffffffffffffffffffffffffffffefffffc2f	1
TRACE	pp_replay_halving_ordinary	2889938	0x65c0744041bdecb0a4d488b46d08d3e6638f8451536af7485e21ffffffffffff	0x0	1
TRACE	pp_replay_halving_ordinary	2895993	0x65c0744041bdecb0a4d488b46d08d3e6638f8451536af7485e21ffffffffffff	0x0	1
TRACE	pp_replay_halving_ordinary	2902048	0x65c0744041bdecb0a4d488b46d08d3e6638f8451536af7485e21ffffffffffff	0x0	1
TRACE	pp_replay_halving_ordinary	2908103	0x65c0744041bdecb0a4d488b46d08d3e6638f8451536af7485e21ffffffffffff	0x0	1
TRACE	pp_replay_halving_ordinary	2914158	0x65c0744041bdecb0a4d488b46d08d3e6638f8451536af7485e21ffffffffffff	0x0	1
TRACE	pp_replay_halving_ordinary	2920213	0x65c0744041bdecb0a4d488b46d08d3e6638f8451536af7485e21ffffffffffff	0x0	1
TRACE	pp_replay_halving_ordinary	2926268	0x65c0744041bdecb0a4d488b46d08d3e6638f8451536af7485e21ffffffffffff	0xfffffffffffffffffffffffffffffffffffffffffffffffffffffffefffffc2f	1
TRACE	pp_replay_halving_ordinary	2932323	0x65c0744041bdecb0a4d488b46d08d3e6638f8451536af7485e21ffffffffffff	0xfffffffffffffffffffffffffffffffffffffffffffffffffffffffefffffc2f	0
TRACE	pp_replay_halving_ordinary	2938378	0x65c0744041bdecb0a4d488b46d08d3e6638f8451536af7485e21ffffffffffff	0xfffffffffffffffffffffffffffffffffffffffffffffffffffffffefffffc2f	0
TRACE	pp_replay_halving_ordinary	2944433	0x65c0744041bdecb0a4d488b46d08d3e6638f8451536af7485e21ffffffffffff	0xfffffffffffffffffffffffffffffffffffffffffffffffffffffffefffffc2f	0
TRACE	pp_replay_halving_ordinary	2950488	0x65c0744041bdecb0a4d488b46d08d3e6638f8451536af7485e21ffffffffffff	0xfffffffffffffffffffffffffffffffffffffffffffffffffffffffefffffc2f	0
TRACE	pp_replay_halving_ordinary	2956543	0x65c0744041bdecb0a4d488b46d08d3e6638f8451536af7485e21ffffffffffff	0xfffffffffffffffffffffffffffffffffffffffffffffffffffffffefffffc2f	0
TRACE	pp_replay_halving_ordinary	2962598	0x65c0744041bdecb0a4d488b46d08d3e6638f8451536af7485e21ffffffffffff	0xfffffffffffffffffffffffffffffffffffffffffffffffffffffffefffffc2f	0
TRACE	pp_replay_halving_ordinary	2968653	0x65c0744041bdecb0a4d488b46d08d3e6638f8451536af7485e21ffffffffffff	0xfffffffffffffffffffffffffffffffffffffffffffffffffffffffefffffc2f	1
TRACE	pp_replay_halving_ordinary	2974708	0x65c0744041bdecb0a4d488b46d08d3e6638f8451536af7485e21ffffffffffff	0xfffffffffffffffffffffffffffffffffffffffffffffffffffffffefffffc2f	1
TRACE	pp_replay_halving_ordinary	2980763	0x65c0744041bdecb0a4d488b46d08d3e6638f8451536af7485e21ffffffffffff	0xfffffffffffffffffffffffffffffffffffffffffffffffffffffffefffffc2f	0
TRACE	pp_replay_halving_ordinary	2986818	0x65c0744041bdecb0a4d488b46d08d3e6638f8451536af7485e21ffffffffffff	0xfffffffffffffffffffffffffffffffffffffffffffffffffffffffefffffc2f	0
TRACE	pp_replay_halving_ordinary	2992873	0x65c0744041bdecb0a4d488b46d08d3e6638f8451536af7485e21ffffffffffff	0xfffffffffffffffffffffffffffffffffffffffffffffffffffffffefffffc2f	0
TRACE	pp_replay_halving_ordinary	2998928	0x65c0744041bdecb0a4d488b46d08d3e6638f8451536af7485e21ffffffffffff	0xfffffffffffffffffffffffffffffffffffffffffffffffffffffffefffffc2f	0
TRACE	pp_replay_halving_ordinary	3004983	0x65c0744041bdecb0a4d488b46d08d3e6638f8451536af7485e21ffffffffffff	0xfffffffffffffffffffffffffffffffffffffffffffffffffffffffefffffc2f	0
TRACE	pp_replay_halving_ordinary	3011038	0x65c0744041bdecb0a4d488b46d08d3e6638f8451536af7485e21ffffffffffff	0x0	0
TRACE	pp_replay_halving_ordinary	3017093	0x65c0744041bdecb0a4d488b46d08d3e6638f8451536af7485e21ffffffffffff	0x0	0
TRACE	pp_replay_halving_ordinary	3023148	0x65c0744041bdecb0a4d488b46d08d3e6638f8451536af7485e21ffffffffffff	0x0	1
TRACE	pp_replay_halving_ordinary	3029203	0x65c0744041bdecb0a4d488b46d08d3e6638f8451536af7485e21ffffffffffff	0x0	1
TRACE	pp_replay_halving_ordinary	3035258	0x65c0744041bdecb0a4d488b46d08d3e6638f8451536af7485e21ffffffffffff	0xfffffffffffffffffffffffffffffffffffffffffffffffffffffffefffffc2f	1
TRACE	pp_replay_halving_ordinary	3041313	0x65c0744041bdecb0a4d488b46d08d3e6638f8451536af7485e21ffffffffffff	0xfffffffffffffffffffffffffffffffffffffffffffffffffffffffefffffc2f	1
TRACE	pp_replay_halving_ordinary	3047368	0x65c0744041bdecb0a4d488b46d08d3e6638f8451536af7485e21ffffffffffff	0xfffffffffffffffffffffffffffffffffffffffffffffffffffffffefffffc2f	0
TRACE	pp_replay_halving_ordinary	3053423	0x65c0744041bdecb0a4d488b46d08d3e6638f8451536af7485e21ffffffffffff	0xfffffffffffffffffffffffffffffffffffffffffffffffffffffffefffffc2f	0
TRACE	pp_replay_halving_ordinary	3059478	0x65c0744041bdecb0a4d488b46d08d3e6638f8451536af7485e21ffffffffffff	0xfffffffffffffffffffffffffffffffffffffffffffffffffffffffefffffc2f	0
TRACE	pp_replay_halving_ordinary	3065533	0x65c0744041bdecb0a4d488b46d08d3e6638f8451536af7485e21ffffffffffff	0xfffffffffffffffffffffffffffffffffffffffffffffffffffffffefffffc2f	0
TRACE	pp_replay_halving_ordinary	3071588	0x65c0744041bdecb0a4d488b46d08d3e6638f8451536af7485e21ffffffffffff	0x0	0
TRACE	pp_replay_halving_ordinary	3077643	0x65c0744041bdecb0a4d488b46d08d3e6638f8451536af7485e21ffffffffffff	0x0	0
TRACE	pp_replay_halving_ordinary	3083698	0x65c0744041bdecb0a4d488b46d08d3e6638f8451536af7485e21ffffffffffff	0x0	1
TRACE	pp_replay_halving_ordinary	3089753	0x65c0744041bdecb0a4d488b46d08d3e6638f8451536af7485e21ffffffffffff	0x0	1
TRACE	pp_replay_halving_ordinary	3095808	0x65c0744041bdecb0a4d488b46d08d3e6638f8451536af7485e21ffffffffffff	0xfffffffffffffffffffffffffffffffffffffffffffffffffffffffefffffc2f	1
TRACE	pp_replay_halving_ordinary	3101863	0x65c0744041bdecb0a4d488b46d08d3e6638f8451536af7485e21ffffffffffff	0xfffffffffffffffffffffffffffffffffffffffffffffffffffffffefffffc2f	0
TRACE	pp_replay_halving_ordinary	3107918	0x65c0744041bdecb0a4d488b46d08d3e6638f8451536af7485e21ffffffffffff	0xfffffffffffffffffffffffffffffffffffffffffffffffffffffffefffffc2f	0
TRACE	pp_replay_halving_ordinary	3113973	0x65c0744041bdecb0a4d488b46d08d3e6638f8451536af7485e21ffffffffffff	0xfffffffffffffffffffffffffffffffffffffffffffffffffffffffefffffc2f	0
TRACE	pp_replay_halving_ordinary	3120028	0x65c0744041bdecb0a4d488b46d08d3e6638f8451536af7485e21ffffffffffff	0xfffffffffffffffffffffffffffffffffffffffffffffffffffffffefffffc2f	0
TRACE	pp_replay_halving_ordinary	3126083	0x65c0744041bdecb0a4d488b46d08d3e6638f8451536af7485e21ffffffffffff	0xfffffffffffffffffffffffffffffffffffffffffffffffffffffffefffffc2f	0
TRACE	pp_replay_halving_ordinary	3132138	0x65c0744041bdecb0a4d488b46d08d3e6638f8451536af7485e21ffffffffffff	0xfffffffffffffffffffffffffffffffffffffffffffffffffffffffefffffc2f	0
TRACE	pp_replay_halving_ordinary	3138193	0x65c0744041bdecb0a4d488b46d08d3e6638f8451536af7485e21ffffffffffff	0xfffffffffffffffffffffffffffffffffffffffffffffffffffffffefffffc2f	0
TRACE	pp_replay_halving_ordinary	3144248	0x65c0744041bdecb0a4d488b46d08d3e6638f8451536af7485e21ffffffffffff	0x0	0
TRACE	pp_replay_halving_ordinary	3150303	0x65c0744041bdecb0a4d488b46d08d3e6638f8451536af7485e21ffffffffffff	0x0	0
TRACE	pp_replay_halving_ordinary	3156358	0x65c0744041bdecb0a4d488b46d08d3e6638f8451536af7485e21ffffffffffff	0x0	1
TRACE	pp_replay_halving_ordinary	3162413	0x65c0744041bdecb0a4d488b46d08d3e6638f8451536af7485e21ffffffffffff	0x0	1
TRACE	pp_replay_halving_ordinary	3168468	0x65c0744041bdecb0a4d488b46d08d3e6638f8451536af7485e21ffffffffffff	0x0	0
TRACE	pp_replay_halving_ordinary	3174523	0x65c0744041bdecb0a4d488b46d08d3e6638f8451536af7485e21ffffffffffff	0x0	0
TRACE	pp_replay_halving_ordinary	3180578	0x65c0744041bdecb0a4d488b46d08d3e6638f8451536af7485e21ffffffffffff	0xfffffffffffffffffffffffffffffffffffffffffffffffffffffffefffffc2f	0
TRACE	pp_replay_halving_ordinary	3186633	0x65c0744041bdecb0a4d488b46d08d3e6638f8451536af7485e21ffffffffffff	0xfffffffffffffffffffffffffffffffffffffffffffffffffffffffefffffc2f	1
TRACE	pp_replay_halving_ordinary	3192688	0x65c0744041bdecb0a4d488b46d08d3e6638f8451536af7485e21ffffffffffff	0xfffffffffffffffffffffffffffffffffffffffffffffffffffffffefffffc2f	0
TRACE	pp_replay_halving_ordinary	3198743	0x65c0744041bdecb0a4d488b46d08d3e6638f8451536af7485e21ffffffffffff	0xfffffffffffffffffffffffffffffffffffffffffffffffffffffffefffffc2f	1
TRACE	pp_replay_halving_ordinary	3204798	0x65c0744041bdecb0a4d488b46d08d3e6638f8451536af7485e21ffffffffffff	0x0	1
TRACE	pp_replay_halving_ordinary	3210853	0x65c0744041bdecb0a4d488b46d08d3e6638f8451536af7485e21ffffffffffff	0x0	1
TRACE	pp_replay_halving_ordinary	3216908	0x65c0744041bdecb0a4d488b46d08d3e6638f8451536af7485e21ffffffffffff	0xfffffffffffffffffffffffffffffffffffffffffffffffffffffffefffffc2f	1
TRACE	pp_replay_halving_ordinary	3222963	0x65c0744041bdecb0a4d488b46d08d3e6638f8451536af7485e21ffffffffffff	0xfffffffffffffffffffffffffffffffffffffffffffffffffffffffefffffc2f	0
TRACE	pp_replay_halving_ordinary	3229018	0x65c0744041bdecb0a4d488b46d08d3e6638f8451536af7485e21ffffffffffff	0xfffffffffffffffffffffffffffffffffffffffffffffffffffffffefffffc2f	1
TRACE	pp_replay_halving_ordinary	3235073	0x65c0744041bdecb0a4d488b46d08d3e6638f8451536af7485e21ffffffffffff	0xfffffffffffffffffffffffffffffffffffffffffffffffffffffffefffffc2f	1
TRACE	pp_replay_halving_ordinary	3241128	0x65c0744041bdecb0a4d488b46d08d3e6638f8451536af7485e21ffffffffffff	0xfffffffffffffffffffffffffffffffffffffffffffffffffffffffefffffc2f	0
TRACE	pp_replay_halving_ordinary	3247183	0x65c0744041bdecb0a4d488b46d08d3e6638f8451536af7485e21ffffffffffff	0xfffffffffffffffffffffffffffffffffffffffffffffffffffffffefffffc2f	0
TRACE	pp_replay_halving_ordinary	3253238	0x65c0744041bdecb0a4d488b46d08d3e6638f8451536af7485e21ffffffffffff	0xfffffffffffffffffffffffffffffffffffffffffffffffffffffffefffffc2f	0
TRACE	pp_replay_halving_ordinary	3259293	0x65c0744041bdecb0a4d488b46d08d3e6638f8451536af7485e21ffffffffffff	0xfffffffffffffffffffffffffffffffffffffffffffffffffffffffefffffc2f	1
TRACE	pp_replay_halving_ordinary	3265348	0x65c0744041bdecb0a4d488b46d08d3e6638f8451536af7485e21ffffffffffff	0xfffffffffffffffffffffffffffffffffffffffffffffffffffffffefffffc2f	1
TRACE	pp_replay_halving_ordinary	3271403	0x65c0744041bdecb0a4d488b46d08d3e6638f8451536af7485e21ffffffffffff	0xfffffffffffffffffffffffffffffffffffffffffffffffffffffffefffffc2f	0
TRACE	pp_replay_halving_ordinary	3277458	0x65c0744041bdecb0a4d488b46d08d3e6638f8451536af7485e21ffffffffffff	0xfffffffffffffffffffffffffffffffffffffffffffffffffffffffefffffc2f	0
TRACE	pp_replay_halving_ordinary	3283513	0x65c0744041bdecb0a4d488b46d08d3e6638f8451536af7485e21ffffffffffff	0xfffffffffffffffffffffffffffffffffffffffffffffffffffffffefffffc2f	1
TRACE	pp_replay_halving_ordinary	3289568	0x65c0744041bdecb0a4d488b46d08d3e6638f8451536af7485e21ffffffffffff	0xfffffffffffffffffffffffffffffffffffffffffffffffffffffffefffffc2f	1
TRACE	pp_replay_halving_ordinary	3295623	0x65c0744041bdecb0a4d488b46d08d3e6638f8451536af7485e21ffffffffffff	0xfffffffffffffffffffffffffffffffffffffffffffffffffffffffefffffc2f	1
TRACE	pp_replay_halving_ordinary	3301678	0x65c0744041bdecb0a4d488b46d08d3e6638f8451536af7485e21ffffffffffff	0xfffffffffffffffffffffffffffffffffffffffffffffffffffffffefffffc2f	0
TRACE	pp_replay_halving_ordinary	3307733	0x65c0744041bdecb0a4d488b46d08d3e6638f8451536af7485e21ffffffffffff	0xfffffffffffffffffffffffffffffffffffffffffffffffffffffffefffffc2f	0
TRACE	pp_replay_halving_ordinary	3313788	0x65c0744041bdecb0a4d488b46d08d3e6638f8451536af7485e21ffffffffffff	0x0	0
TRACE	pp_replay_halving_ordinary	3319843	0x65c0744041bdecb0a4d488b46d08d3e6638f8451536af7485e21ffffffffffff	0x0	0
TRACE	pp_replay_halving_ordinary	3325898	0x65c0744041bdecb0a4d488b46d08d3e6638f8451536af7485e21ffffffffffff	0x0	1
TRACE	pp_replay_halving_ordinary	3331953	0x65c0744041bdecb0a4d488b46d08d3e6638f8451536af7485e21ffffffffffff	0x0	1
TRACE	pp_replay_halving_ordinary	3338008	0x65c0744041bdecb0a4d488b46d08d3e6638f8451536af7485e21ffffffffffff	0x0	1
TRACE	pp_replay_halving_ordinary	3344063	0x65c0744041bdecb0a4d488b46d08d3e6638f8451536af7485e21ffffffffffff	0x0	1
TRACE	pp_replay_halving_ordinary	3350118	0x65c0744041bdecb0a4d488b46d08d3e6638f8451536af7485e21ffffffffffff	0xfffffffffffffffffffffffffffffffffffffffffffffffffffffffefffffc2f	1
TRACE	pp_replay_halving_ordinary	3356173	0x65c0744041bdecb0a4d488b46d08d3e6638f8451536af7485e21ffffffffffff	0xfffffffffffffffffffffffffffffffffffffffffffffffffffffffefffffc2f	1
TRACE	pp_replay_halving_ordinary	3362228	0x65c0744041bdecb0a4d488b46d08d3e6638f8451536af7485e21ffffffffffff	0xfffffffffffffffffffffffffffffffffffffffffffffffffffffffefffffc2f	1
TRACE	pp_replay_halving_ordinary	3368283	0x65c0744041bdecb0a4d488b46d08d3e6638f8451536af7485e21ffffffffffff	0xfffffffffffffffffffffffffffffffffffffffffffffffffffffffefffffc2f	1
TRACE	pp_replay_halving_ordinary	3374338	0x65c0744041bdecb0a4d488b46d08d3e6638f8451536af7485e21ffffffffffff	0xfffffffffffffffffffffffffffffffffffffffffffffffffffffffefffffc2f	1
TRACE	pp_replay_halving_ordinary	3380393	0x65c0744041bdecb0a4d488b46d08d3e6638f8451536af7485e21ffffffffffff	0xfffffffffffffffffffffffffffffffffffffffffffffffffffffffefffffc2f	1
TRACE	pp_replay_halving_ordinary	3386448	0x65c0744041bdecb0a4d488b46d08d3e6638f8451536af7485e21ffffffffffff	0xfffffffffffffffffffffffffffffffffffffffffffffffffffffffefffffc2f	0
TRACE	pp_replay_halving_ordinary	3392503	0x65c0744041bdecb0a4d488b46d08d3e6638f8451536af7485e21ffffffffffff	0xfffffffffffffffffffffffffffffffffffffffffffffffffffffffefffffc2f	0
TRACE	pp_replay_halving_ordinary	3398558	0x65c0744041bdecb0a4d488b46d08d3e6638f8451536af7485e21ffffffffffff	0xfffffffffffffffffffffffffffffffffffffffffffffffffffffffefffffc2f	0
TRACE	pp_replay_halving_ordinary	3404613	0x65c0744041bdecb0a4d488b46d08d3e6638f8451536af7485e21ffffffffffff	0xfffffffffffffffffffffffffffffffffffffffffffffffffffffffefffffc2f	0
TRACE	pp_replay_halving_ordinary	3410668	0x65c0744041bdecb0a4d488b46d08d3e6638f8451536af7485e21ffffffffffff	0xfffffffffffffffffffffffffffffffffffffffffffffffffffffffefffffc2f	0
TRACE	pp_replay_halving_ordinary	3416723	0x65c0744041bdecb0a4d488b46d08d3e6638f8451536af7485e21ffffffffffff	0xfffffffffffffffffffffffffffffffffffffffffffffffffffffffefffffc2f	1
TRACE	pp_replay_halving_ordinary	3422778	0x65c0744041bdecb0a4d488b46d08d3e6638f8451536af7485e21ffffffffffff	0xfffffffffffffffffffffffffffffffffffffffffffffffffffffffefffffc2f	0
TRACE	pp_replay_halving_ordinary	3428833	0x65c0744041bdecb0a4d488b46d08d3e6638f8451536af7485e21ffffffffffff	0xfffffffffffffffffffffffffffffffffffffffffffffffffffffffefffffc2f	0
TRACE	pp_replay_halving_ordinary	3434888	0x65c0744041bdecb0a4d488b46d08d3e6638f8451536af7485e21ffffffffffff	0xfffffffffffffffffffffffffffffffffffffffffffffffffffffffefffffc2f	0
TRACE	pp_replay_halving_ordinary	3440943	0x65c0744041bdecb0a4d488b46d08d3e6638f8451536af7485e21ffffffffffff	0xfffffffffffffffffffffffffffffffffffffffffffffffffffffffefffffc2f	0
TRACE	pp_replay_halving_ordinary	3446998	0x65c0744041bdecb0a4d488b46d08d3e6638f8451536af7485e21ffffffffffff	0xfffffffffffffffffffffffffffffffffffffffffffffffffffffffefffffc2f	0
TRACE	pp_replay_halving_ordinary	3453053	0x65c0744041bdecb0a4d488b46d08d3e6638f8451536af7485e21ffffffffffff	0xfffffffffffffffffffffffffffffffffffffffffffffffffffffffefffffc2f	1
TRACE	pp_replay_halving_ordinary	3459108	0x65c0744041bdecb0a4d488b46d08d3e6638f8451536af7485e21ffffffffffff	0xfffffffffffffffffffffffffffffffffffffffffffffffffffffffefffffc2f	0
TRACE	pp_replay_halving_ordinary	3465163	0x65c0744041bdecb0a4d488b46d08d3e6638f8451536af7485e21ffffffffffff	0xfffffffffffffffffffffffffffffffffffffffffffffffffffffffefffffc2f	0
TRACE	pp_replay_halving_ordinary	3471218	0x65c0744041bdecb0a4d488b46d08d3e6638f8451536af7485e21ffffffffffff	0x0	0
TRACE	pp_replay_halving_ordinary	3477273	0x65c0744041bdecb0a4d488b46d08d3e6638f8451536af7485e21ffffffffffff	0x0	0
TRACE	pp_replay_halving_ordinary	3483328	0x65c0744041bdecb0a4d488b46d08d3e6638f8451536af7485e21ffffffffffff	0xfffffffffffffffffffffffffffffffffffffffffffffffffffffffefffffc2f	0
TRACE	pp_replay_halving_ordinary	3489383	0x65c0744041bdecb0a4d488b46d08d3e6638f8451536af7485e21ffffffffffff	0xfffffffffffffffffffffffffffffffffffffffffffffffffffffffefffffc2f	0
TRACE	pp_replay_halving_ordinary	3495438	0x65c0744041bdecb0a4d488b46d08d3e6638f8451536af7485e21ffffffffffff	0xfffffffffffffffffffffffffffffffffffffffffffffffffffffffefffffc2f	0
TRACE	pp_replay_halving_ordinary	3501493	0x65c0744041bdecb0a4d488b46d08d3e6638f8451536af7485e21ffffffffffff	0xfffffffffffffffffffffffffffffffffffffffffffffffffffffffefffffc2f	0
TRACE	pp_replay_halving_ordinary	3507548	0x65c0744041bdecb0a4d488b46d08d3e6638f8451536af7485e21ffffffffffff	0xfffffffffffffffffffffffffffffffffffffffffffffffffffffffefffffc2f	0
TRACE	pp_replay_halving_ordinary	3513603	0x65c0744041bdecb0a4d488b46d08d3e6638f8451536af7485e21ffffffffffff	0xfffffffffffffffffffffffffffffffffffffffffffffffffffffffefffffc2f	0
TRACE	pp_replay_halving_ordinary	3519658	0x65c0744041bdecb0a4d488b46d08d3e6638f8451536af7485e21ffffffffffff	0xfffffffffffffffffffffffffffffffffffffffffffffffffffffffefffffc2f	1
TRACE	pp_replay_halving_ordinary	3525713	0x65c0744041bdecb0a4d488b46d08d3e6638f8451536af7485e21ffffffffffff	0xfffffffffffffffffffffffffffffffffffffffffffffffffffffffefffffc2f	0
TRACE	pp_replay_halving_ordinary	3531768	0x65c0744041bdecb0a4d488b46d08d3e6638f8451536af7485e21ffffffffffff	0x0	0
TRACE	pp_replay_halving_ordinary	3537823	0x65c0744041bdecb0a4d488b46d08d3e6638f8451536af7485e21ffffffffffff	0x0	0
TRACE	pp_replay_halving_ordinary	3543878	0x65c0744041bdecb0a4d488b46d08d3e6638f8451536af7485e21ffffffffffff	0xfffffffffffffffffffffffffffffffffffffffffffffffffffffffefffffc2f	0
TRACE	pp_replay_halving_ordinary	3549933	0x65c0744041bdecb0a4d488b46d08d3e6638f8451536af7485e21ffffffffffff	0xfffffffffffffffffffffffffffffffffffffffffffffffffffffffefffffc2f	0
TRACE	pp_replay_halving_ordinary	3555988	0x65c0744041bdecb0a4d488b46d08d3e6638f8451536af7485e21ffffffffffff	0xfffffffffffffffffffffffffffffffffffffffffffffffffffffffefffffc2f	0
TRACE	pp_replay_halving_ordinary	3562043	0x65c0744041bdecb0a4d488b46d08d3e6638f8451536af7485e21ffffffffffff	0xfffffffffffffffffffffffffffffffffffffffffffffffffffffffefffffc2f	0
TRACE	pp_replay_halving_ordinary	3568098	0x65c0744041bdecb0a4d488b46d08d3e6638f8451536af7485e21ffffffffffff	0x0	0
TRACE	pp_replay_halving_ordinary	3574153	0x65c0744041bdecb0a4d488b46d08d3e6638f8451536af7485e21ffffffffffff	0x0	0
TRACE	pp_replay_halving_ordinary	3580208	0x65c0744041bdecb0a4d488b46d08d3e6638f8451536af7485e21ffffffffffff	0x0	1
TRACE	pp_replay_halving_ordinary	3586263	0x65c0744041bdecb0a4d488b46d08d3e6638f8451536af7485e21ffffffffffff	0x0	1
TRACE	pp_replay_halving_ordinary	3592318	0x65c0744041bdecb0a4d488b46d08d3e6638f8451536af7485e21ffffffffffff	0x0	1
TRACE	pp_replay_halving_ordinary	3598373	0x65c0744041bdecb0a4d488b46d08d3e6638f8451536af7485e21ffffffffffff	0x0	1
TRACE	pp_replay_halving_ordinary	3604428	0x65c0744041bdecb0a4d488b46d08d3e6638f8451536af7485e21ffffffffffff	0x0	1
TRACE	pp_replay_halving_ordinary	3610483	0x65c0744041bdecb0a4d488b46d08d3e6638f8451536af7485e21ffffffffffff	0x0	1
TRACE	pp_replay_halving_ordinary	3616538	0x65c0744041bdecb0a4d488b46d08d3e6638f8451536af7485e21ffffffffffff	0xfffffffffffffffffffffffffffffffffffffffffffffffffffffffefffffc2f	1
TRACE	pp_replay_halving_ordinary	3622593	0x65c0744041bdecb0a4d488b46d08d3e6638f8451536af7485e21ffffffffffff	0xfffffffffffffffffffffffffffffffffffffffffffffffffffffffefffffc2f	1
TRACE	pp_replay_halving_ordinary	3628648	0x65c0744041bdecb0a4d488b46d08d3e6638f8451536af7485e21ffffffffffff	0xfffffffffffffffffffffffffffffffffffffffffffffffffffffffefffffc2f	1
TRACE	pp_replay_halving_ordinary	3634703	0x65c0744041bdecb0a4d488b46d08d3e6638f8451536af7485e21ffffffffffff	0xfffffffffffffffffffffffffffffffffffffffffffffffffffffffefffffc2f	1
TRACE	pp_replay_halving_ordinary	3640758	0x65c0744041bdecb0a4d488b46d08d3e6638f8451536af7485e21ffffffffffff	0xfffffffffffffffffffffffffffffffffffffffffffffffffffffffefffffc2f	1
TRACE	pp_replay_halving_ordinary	3646813	0x65c0744041bdecb0a4d488b46d08d3e6638f8451536af7485e21ffffffffffff	0xfffffffffffffffffffffffffffffffffffffffffffffffffffffffefffffc2f	1
TRACE	pp_replay_halving_ordinary	3652868	0x65c0744041bdecb0a4d488b46d08d3e6638f8451536af7485e21ffffffffffff	0xfffffffffffffffffffffffffffffffffffffffffffffffffffffffefffffc2f	0
TRACE	pp_replay_halving_ordinary	3658923	0x65c0744041bdecb0a4d488b46d08d3e6638f8451536af7485e21ffffffffffff	0xfffffffffffffffffffffffffffffffffffffffffffffffffffffffefffffc2f	1
TRACE	pp_replay_halving_ordinary	3664978	0x65c0744041bdecb0a4d488b46d08d3e6638f8451536af7485e21ffffffffffff	0xfffffffffffffffffffffffffffffffffffffffffffffffffffffffefffffc2f	1
TRACE	pp_replay_halving_ordinary	3671033	0x65c0744041bdecb0a4d488b46d08d3e6638f8451536af7485e21ffffffffffff	0xfffffffffffffffffffffffffffffffffffffffffffffffffffffffefffffc2f	1
TRACE	pp_replay_halving_ordinary	3677088	0x65c0744041bdecb0a4d488b46d08d3e6638f8451536af7485e21ffffffffffff	0xfffffffffffffffffffffffffffffffffffffffffffffffffffffffefffffc2f	1
TRACE	pp_replay_halving_ordinary	3683143	0x65c0744041bdecb0a4d488b46d08d3e6638f8451536af7485e21ffffffffffff	0xfffffffffffffffffffffffffffffffffffffffffffffffffffffffefffffc2f	1
TRACE	pp_replay_halving_ordinary	3689198	0x65c0744041bdecb0a4d488b46d08d3e6638f8451536af7485e21ffffffffffff	0xfffffffffffffffffffffffffffffffffffffffffffffffffffffffefffffc2f	1
TRACE	pp_replay_halving_ordinary	3695253	0x65c0744041bdecb0a4d488b46d08d3e6638f8451536af7485e21ffffffffffff	0xfffffffffffffffffffffffffffffffffffffffffffffffffffffffefffffc2f	0
TRACE	pp_replay_halving_ordinary	3701308	0x65c0744041bdecb0a4d488b46d08d3e6638f8451536af7485e21ffffffffffff	0xfffffffffffffffffffffffffffffffffffffffffffffffffffffffefffffc2f	0
TRACE	pp_replay_halving_ordinary	3707363	0x65c0744041bdecb0a4d488b46d08d3e6638f8451536af7485e21ffffffffffff	0xfffffffffffffffffffffffffffffffffffffffffffffffffffffffefffffc2f	1
TRACE	pp_replay_halving_ordinary	3713418	0x65c0744041bdecb0a4d488b46d08d3e6638f8451536af7485e21ffffffffffff	0xfffffffffffffffffffffffffffffffffffffffffffffffffffffffefffffc2f	1
TRACE	pp_replay_halving_ordinary	3719473	0x65c0744041bdecb0a4d488b46d08d3e6638f8451536af7485e21ffffffffffff	0xfffffffffffffffffffffffffffffffffffffffffffffffffffffffefffffc2f	1
TRACE	pp_replay_halving_ordinary	3725528	0x65c0744041bdecb0a4d488b46d08d3e6638f8451536af7485e21ffffffffffff	0xfffffffffffffffffffffffffffffffffffffffffffffffffffffffefffffc2f	0
TRACE	pp_replay_halving_ordinary	3731583	0x65c0744041bdecb0a4d488b46d08d3e6638f8451536af7485e21ffffffffffff	0xfffffffffffffffffffffffffffffffffffffffffffffffffffffffefffffc2f	0
TRACE	pp_replay_halving_ordinary	3737638	0x65c0744041bdecb0a4d488b46d08d3e6638f8451536af7485e21ffffffffffff	0xfffffffffffffffffffffffffffffffffffffffffffffffffffffffefffffc2f	0
TRACE	pp_replay_halving_ordinary	3743693	0x65c0744041bdecb0a4d488b46d08d3e6638f8451536af7485e21ffffffffffff	0xfffffffffffffffffffffffffffffffffffffffffffffffffffffffefffffc2f	0
TRACE	pp_replay_halving_ordinary	3749748	0x65c0744041bdecb0a4d488b46d08d3e6638f8451536af7485e21ffffffffffff	0x0	0
TRACE	pp_replay_halving_ordinary	3755803	0x65c0744041bdecb0a4d488b46d08d3e6638f8451536af7485e21ffffffffffff	0x0	0
TRACE	pp_replay_halving_ordinary	3761858	0x65c0744041bdecb0a4d488b46d08d3e6638f8451536af7485e21ffffffffffff	0x0	1
TRACE	pp_replay_halving_ordinary	3767913	0x65c0744041bdecb0a4d488b46d08d3e6638f8451536af7485e21ffffffffffff	0x0	1
TRACE	pp_replay_halving_ordinary	3773968	0x65c0744041bdecb0a4d488b46d08d3e6638f8451536af7485e21ffffffffffff	0x0	1
TRACE	pp_replay_halving_ordinary	3780023	0x65c0744041bdecb0a4d488b46d08d3e6638f8451536af7485e21ffffffffffff	0x0	1
TRACE	pp_replay_halving_ordinary	3786078	0x65c0744041bdecb0a4d488b46d08d3e6638f8451536af7485e21ffffffffffff	0x0	0
TRACE	pp_replay_halving_ordinary	3792133	0x65c0744041bdecb0a4d488b46d08d3e6638f8451536af7485e21ffffffffffff	0x0	0
TRACE	pp_replay_halving_ordinary	3798188	0x65c0744041bdecb0a4d488b46d08d3e6638f8451536af7485e21ffffffffffff	0xfffffffffffffffffffffffffffffffffffffffffffffffffffffffefffffc2f	0
TRACE	pp_replay_halving_ordinary	3804243	0x65c0744041bdecb0a4d488b46d08d3e6638f8451536af7485e21ffffffffffff	0xfffffffffffffffffffffffffffffffffffffffffffffffffffffffefffffc2f	0
TRACE	pp_replay_halving_ordinary	3810298	0x65c0744041bdecb0a4d488b46d08d3e6638f8451536af7485e21ffffffffffff	0xfffffffffffffffffffffffffffffffffffffffffffffffffffffffefffffc2f	0
TRACE	pp_replay_halving_ordinary	3816353	0x65c0744041bdecb0a4d488b46d08d3e6638f8451536af7485e21ffffffffffff	0xfffffffffffffffffffffffffffffffffffffffffffffffffffffffefffffc2f	0
TRACE	pp_replay_halving_ordinary	3822408	0x65c0744041bdecb0a4d488b46d08d3e6638f8451536af7485e21ffffffffffff	0x0	0
TRACE	pp_replay_halving_ordinary	3828463	0x65c0744041bdecb0a4d488b46d08d3e6638f8451536af7485e21ffffffffffff	0x0	0
TRACE	pp_replay_halving_ordinary	3834518	0x65c0744041bdecb0a4d488b46d08d3e6638f8451536af7485e21ffffffffffff	0xfffffffffffffffffffffffffffffffffffffffffffffffffffffffefffffc2f	0
TRACE	pp_replay_halving_ordinary	3840573	0x65c0744041bdecb0a4d488b46d08d3e6638f8451536af7485e21ffffffffffff	0xfffffffffffffffffffffffffffffffffffffffffffffffffffffffefffffc2f	0
TRACE	pp_replay_halving_ordinary	3846628	0x65c0744041bdecb0a4d488b46d08d3e6638f8451536af7485e21ffffffffffff	0xfffffffffffffffffffffffffffffffffffffffffffffffffffffffefffffc2f	1
TRACE	pp_replay_halving_ordinary	3852683	0x65c0744041bdecb0a4d488b46d08d3e6638f8451536af7485e21ffffffffffff	0xfffffffffffffffffffffffffffffffffffffffffffffffffffffffefffffc2f	1
TRACE	pp_replay_halving_ordinary	3858738	0x65c0744041bdecb0a4d488b46d08d3e6638f8451536af7485e21ffffffffffff	0xfffffffffffffffffffffffffffffffffffffffffffffffffffffffefffffc2f	1
TRACE	pp_replay_halving_ordinary	3864793	0x65c0744041bdecb0a4d488b46d08d3e6638f8451536af7485e21ffffffffffff	0xfffffffffffffffffffffffffffffffffffffffffffffffffffffffefffffc2f	1
TRACE	pp_replay_halving_ordinary	3870848	0x65c0744041bdecb0a4d488b46d08d3e6638f8451536af7485e21ffffffffffff	0xfffffffffffffffffffffffffffffffffffffffffffffffffffffffefffffc2f	1
TRACE	pp_replay_halving_ordinary	3876903	0x65c0744041bdecb0a4d488b46d08d3e6638f8451536af7485e21ffffffffffff	0xfffffffffffffffffffffffffffffffffffffffffffffffffffffffefffffc2f	1
TRACE	pp_replay_halving_ordinary	3882958	0x65c0744041bdecb0a4d488b46d08d3e6638f8451536af7485e21ffffffffffff	0xfffffffffffffffffffffffffffffffffffffffffffffffffffffffefffffc2f	1
TRACE	pp_replay_halving_ordinary	3889013	0x65c0744041bdecb0a4d488b46d08d3e6638f8451536af7485e21ffffffffffff	0xfffffffffffffffffffffffffffffffffffffffffffffffffffffffefffffc2f	1
TRACE	pp_replay_halving_ordinary	3895068	0x65c0744041bdecb0a4d488b46d08d3e6638f8451536af7485e21ffffffffffff	0xfffffffffffffffffffffffffffffffffffffffffffffffffffffffefffffc2f	0
TRACE	pp_replay_halving_ordinary	3901123	0x65c0744041bdecb0a4d488b46d08d3e6638f8451536af7485e21ffffffffffff	0xfffffffffffffffffffffffffffffffffffffffffffffffffffffffefffffc2f	1
TRACE	pp_replay_halving_ordinary	3907178	0x65c0744041bdecb0a4d488b46d08d3e6638f8451536af7485e21ffffffffffff	0xfffffffffffffffffffffffffffffffffffffffffffffffffffffffefffffc2f	0
TRACE	pp_replay_halving_ordinary	3913233	0x65c0744041bdecb0a4d488b46d08d3e6638f8451536af7485e21ffffffffffff	0xfffffffffffffffffffffffffffffffffffffffffffffffffffffffefffffc2f	1
TRACE	pp_replay_halving_ordinary	3919288	0x65c0744041bdecb0a4d488b46d08d3e6638f8451536af7485e21ffffffffffff	0x0	1
TRACE	pp_replay_halving_ordinary	3925343	0x65c0744041bdecb0a4d488b46d08d3e6638f8451536af7485e21ffffffffffff	0x0	1
TRACE	pp_replay_halving_ordinary	3931398	0x65c0744041bdecb0a4d488b46d08d3e6638f8451536af7485e21ffffffffffff	0x0	1
TRACE	pp_replay_halving_ordinary	3937453	0x65c0744041bdecb0a4d488b46d08d3e6638f8451536af7485e21ffffffffffff	0x0	1
TRACE	pp_replay_halving_ordinary	3943508	0x65c0744041bdecb0a4d488b46d08d3e6638f8451536af7485e21ffffffffffff	0xfffffffffffffffffffffffffffffffffffffffffffffffffffffffefffffc2f	1
TRACE	pp_replay_halving_ordinary	3949563	0x65c0744041bdecb0a4d488b46d08d3e6638f8451536af7485e21ffffffffffff	0xfffffffffffffffffffffffffffffffffffffffffffffffffffffffefffffc2f	0
TRACE	pp_replay_halving_ordinary	3955618	0x65c0744041bdecb0a4d488b46d08d3e6638f8451536af7485e21ffffffffffff	0x0	0
TRACE	pp_replay_halving_ordinary	3961673	0x65c0744041bdecb0a4d488b46d08d3e6638f8451536af7485e21ffffffffffff	0x0	0
TRACE	pp_replay_halving_ordinary	3967728	0x65c0744041bdecb0a4d488b46d08d3e6638f8451536af7485e21ffffffffffff	0x0	1
TRACE	pp_replay_halving_ordinary	3973783	0x65c0744041bdecb0a4d488b46d08d3e6638f8451536af7485e21ffffffffffff	0x0	1
TRACE	pp_replay_halving_ordinary	3979838	0x65c0744041bdecb0a4d488b46d08d3e6638f8451536af7485e21ffffffffffff	0xfffffffffffffffffffffffffffffffffffffffffffffffffffffffefffffc2f	1
TRACE	pp_replay_halving_ordinary	3985893	0x65c0744041bdecb0a4d488b46d08d3e6638f8451536af7485e21ffffffffffff	0xfffffffffffffffffffffffffffffffffffffffffffffffffffffffefffffc2f	0
TRACE	pp_replay_halving_ordinary	3991948	0x65c0744041bdecb0a4d488b46d08d3e6638f8451536af7485e21ffffffffffff	0x0	0
TRACE	pp_replay_halving_ordinary	3998003	0x65c0744041bdecb0a4d488b46d08d3e6638f8451536af7485e21ffffffffffff	0x0	0
TRACE	pp_replay_halving_ordinary	4004058	0x65c0744041bdecb0a4d488b46d08d3e6638f8451536af7485e21ffffffffffff	0xfffffffffffffffffffffffffffffffffffffffffffffffffffffffefffffc2f	0
TRACE	pp_replay_halving_ordinary	4010113	0x65c0744041bdecb0a4d488b46d08d3e6638f8451536af7485e21ffffffffffff	0xfffffffffffffffffffffffffffffffffffffffffffffffffffffffefffffc2f	0
TRACE	pp_replay_halving_ordinary	4016168	0x65c0744041bdecb0a4d488b46d08d3e6638f8451536af7485e21ffffffffffff	0xfffffffffffffffffffffffffffffffffffffffffffffffffffffffefffffc2f	0
TRACE	pp_replay_halving_ordinary	4022223	0x65c0744041bdecb0a4d488b46d08d3e6638f8451536af7485e21ffffffffffff	0xfffffffffffffffffffffffffffffffffffffffffffffffffffffffefffffc2f	1
TRACE	pp_replay_halving_ordinary	4028278	0x65c0744041bdecb0a4d488b46d08d3e6638f8451536af7485e21ffffffffffff	0xfffffffffffffffffffffffffffffffffffffffffffffffffffffffefffffc2f	1
TRACE	pp_replay_halving_ordinary	4034333	0x65c0744041bdecb0a4d488b46d08d3e6638f8451536af7485e21ffffffffffff	0xfffffffffffffffffffffffffffffffffffffffffffffffffffffffefffffc2f	0
TRACE	pp_replay_halving_ordinary	4040388	0x65c0744041bdecb0a4d488b46d08d3e6638f8451536af7485e21ffffffffffff	0xfffffffffffffffffffffffffffffffffffffffffffffffffffffffefffffc2f	0
TRACE	pp_replay_halving_ordinary	4046443	0x65c0744041bdecb0a4d488b46d08d3e6638f8451536af7485e21ffffffffffff	0xfffffffffffffffffffffffffffffffffffffffffffffffffffffffefffffc2f	0
TRACE	pp_replay_halving_ordinary	4052498	0x65c0744041bdecb0a4d488b46d08d3e6638f8451536af7485e21ffffffffffff	0x0	0
TRACE	pp_replay_halving_ordinary	4058553	0x65c0744041bdecb0a4d488b46d08d3e6638f8451536af7485e21ffffffffffff	0x0	0
TRACE	pp_replay_halving_ordinary	4064608	0x65c0744041bdecb0a4d488b46d08d3e6638f8451536af7485e21ffffffffffff	0xfffffffffffffffffffffffffffffffffffffffffffffffffffffffefffffc2f	0
TRACE	pp_replay_halving_ordinary	4070663	0x65c0744041bdecb0a4d488b46d08d3e6638f8451536af7485e21ffffffffffff	0xfffffffffffffffffffffffffffffffffffffffffffffffffffffffefffffc2f	0
TRACE	pp_replay_halving_ordinary	4076718	0x65c0744041bdecb0a4d488b46d08d3e6638f8451536af7485e21ffffffffffff	0xfffffffffffffffffffffffffffffffffffffffffffffffffffffffefffffc2f	0
TRACE	pp_replay_halving_ordinary	4082773	0x65c0744041bdecb0a4d488b46d08d3e6638f8451536af7485e21ffffffffffff	0xfffffffffffffffffffffffffffffffffffffffffffffffffffffffefffffc2f	0
TRACE	pp_replay_halving_ordinary	4088828	0x65c0744041bdecb0a4d488b46d08d3e6638f8451536af7485e21ffffffffffff	0xfffffffffffffffffffffffffffffffffffffffffffffffffffffffefffffc2f	1
TRACE	pp_replay_halving_ordinary	4094883	0x65c0744041bdecb0a4d488b46d08d3e6638f8451536af7485e21ffffffffffff	0xfffffffffffffffffffffffffffffffffffffffffffffffffffffffefffffc2f	0
TRACE	pp_replay_halving_ordinary	4100938	0x65c0744041bdecb0a4d488b46d08d3e6638f8451536af7485e21ffffffffffff	0xfffffffffffffffffffffffffffffffffffffffffffffffffffffffefffffc2f	0
TRACE	pp_replay_halving_ordinary	4106993	0x65c0744041bdecb0a4d488b46d08d3e6638f8451536af7485e21ffffffffffff	0xfffffffffffffffffffffffffffffffffffffffffffffffffffffffefffffc2f	0
TRACE	pp_replay_halving_ordinary	4113048	0x65c0744041bdecb0a4d488b46d08d3e6638f8451536af7485e21ffffffffffff	0xfffffffffffffffffffffffffffffffffffffffffffffffffffffffefffffc2f	0
TRACE	pp_replay_halving_ordinary	4119103	0x65c0744041bdecb0a4d488b46d08d3e6638f8451536af7485e21ffffffffffff	0xfffffffffffffffffffffffffffffffffffffffffffffffffffffffefffffc2f	0
TRACE	pp_replay_halving_ordinary	4125158	0x65c0744041bdecb0a4d488b46d08d3e6638f8451536af7485e21ffffffffffff	0xfffffffffffffffffffffffffffffffffffffffffffffffffffffffefffffc2f	0
TRACE	pp_replay_halving_ordinary	4131213	0x65c0744041bdecb0a4d488b46d08d3e6638f8451536af7485e21ffffffffffff	0xfffffffffffffffffffffffffffffffffffffffffffffffffffffffefffffc2f	0
TRACE	pp_replay_halving_ordinary	4137268	0x65c0744041bdecb0a4d488b46d08d3e6638f8451536af7485e21ffffffffffff	0xfffffffffffffffffffffffffffffffffffffffffffffffffffffffefffffc2f	0
TRACE	pp_replay_halving_ordinary	4143323	0x65c0744041bdecb0a4d488b46d08d3e6638f8451536af7485e21ffffffffffff	0xfffffffffffffffffffffffffffffffffffffffffffffffffffffffefffffc2f	0
TRACE	pp_replay_halving_ordinary	4149378	0x65c0744041bdecb0a4d488b46d08d3e6638f8451536af7485e21ffffffffffff	0xfffffffffffffffffffffffffffffffffffffffffffffffffffffffefffffc2f	1
TRACE	pp_replay_halving_ordinary	4155433	0x65c0744041bdecb0a4d488b46d08d3e6638f8451536af7485e21ffffffffffff	0xfffffffffffffffffffffffffffffffffffffffffffffffffffffffefffffc2f	1
TRACE	pp_replay_halving_ordinary	4161488	0x65c0744041bdecb0a4d488b46d08d3e6638f8451536af7485e21ffffffffffff	0xfffffffffffffffffffffffffffffffffffffffffffffffffffffffefffffc2f	1
TRACE	pp_replay_halving_ordinary	4167543	0x65c0744041bdecb0a4d488b46d08d3e6638f8451536af7485e21ffffffffffff	0xfffffffffffffffffffffffffffffffffffffffffffffffffffffffefffffc2f	1
TRACE	pp_replay_halving_ordinary	4173598	0x65c0744041bdecb0a4d488b46d08d3e6638f8451536af7485e21ffffffffffff	0xfffffffffffffffffffffffffffffffffffffffffffffffffffffffefffffc2f	1
TRACE	pp_replay_halving_ordinary	4179653	0x65c0744041bdecb0a4d488b46d08d3e6638f8451536af7485e21ffffffffffff	0xfffffffffffffffffffffffffffffffffffffffffffffffffffffffefffffc2f	1
TRACE	pp_replay_halving_ordinary	4185708	0x65c0744041bdecb0a4d488b46d08d3e6638f8451536af7485e21ffffffffffff	0xfffffffffffffffffffffffffffffffffffffffffffffffffffffffefffffc2f	1
TRACE	pp_replay_halving_ordinary	4191763	0x65c0744041bdecb0a4d488b46d08d3e6638f8451536af7485e21ffffffffffff	0xfffffffffffffffffffffffffffffffffffffffffffffffffffffffefffffc2f	0
TRACE	pp_replay_halving_ordinary	4197818	0x65c0744041bdecb0a4d488b46d08d3e6638f8451536af7485e21ffffffffffff	0xfffffffffffffffffffffffffffffffffffffffffffffffffffffffefffffc2f	0
TRACE	pp_replay_halving_ordinary	4203873	0x65c0744041bdecb0a4d488b46d08d3e6638f8451536af7485e21ffffffffffff	0xfffffffffffffffffffffffffffffffffffffffffffffffffffffffefffffc2f	0
TRACE	pp_replay_halving_ordinary	4209928	0x65c0744041bdecb0a4d488b46d08d3e6638f8451536af7485e21ffffffffffff	0xfffffffffffffffffffffffffffffffffffffffffffffffffffffffefffffc2f	1
TRACE	pp_replay_halving_ordinary	4215983	0x65c0744041bdecb0a4d488b46d08d3e6638f8451536af7485e21ffffffffffff	0xfffffffffffffffffffffffffffffffffffffffffffffffffffffffefffffc2f	1
TRACE	pp_replay_halving_ordinary	4222038	0x65c0744041bdecb0a4d488b46d08d3e6638f8451536af7485e21ffffffffffff	0xfffffffffffffffffffffffffffffffffffffffffffffffffffffffefffffc2f	1
TRACE	pp_replay_halving_ordinary	4228093	0x65c0744041bdecb0a4d488b46d08d3e6638f8451536af7485e21ffffffffffff	0xfffffffffffffffffffffffffffffffffffffffffffffffffffffffefffffc2f	0
TRACE	pp_replay_halving_ordinary	4234148	0x65c0744041bdecb0a4d488b46d08d3e6638f8451536af7485e21ffffffffffff	0xfffffffffffffffffffffffffffffffffffffffffffffffffffffffefffffc2f	0
TRACE	pp_replay_halving_ordinary	4240203	0x65c0744041bdecb0a4d488b46d08d3e6638f8451536af7485e21ffffffffffff	0xfffffffffffffffffffffffffffffffffffffffffffffffffffffffefffffc2f	0
TRACE	pp_replay_halving_ordinary	4246258	0x65c0744041bdecb0a4d488b46d08d3e6638f8451536af7485e21ffffffffffff	0xfffffffffffffffffffffffffffffffffffffffffffffffffffffffefffffc2f	0
TRACE	pp_replay_halving_ordinary	4252313	0x65c0744041bdecb0a4d488b46d08d3e6638f8451536af7485e21ffffffffffff	0xfffffffffffffffffffffffffffffffffffffffffffffffffffffffefffffc2f	0
TRACE	pp_replay_halving_ordinary	4258368	0x65c0744041bdecb0a4d488b46d08d3e6638f8451536af7485e21ffffffffffff	0xfffffffffffffffffffffffffffffffffffffffffffffffffffffffefffffc2f	0
TRACE	pp_replay_halving_ordinary	4264423	0x65c0744041bdecb0a4d488b46d08d3e6638f8451536af7485e21ffffffffffff	0xfffffffffffffffffffffffffffffffffffffffffffffffffffffffefffffc2f	1
TRACE	pp_replay_halving_ordinary	4270478	0x65c0744041bdecb0a4d488b46d08d3e6638f8451536af7485e21ffffffffffff	0xfffffffffffffffffffffffffffffffffffffffffffffffffffffffefffffc2f	1
TRACE	pp_replay_halving_ordinary	4276533	0x65c0744041bdecb0a4d488b46d08d3e6638f8451536af7485e21ffffffffffff	0xfffffffffffffffffffffffffffffffffffffffffffffffffffffffefffffc2f	1
TRACE	pp_replay_halving_ordinary	4282588	0x65c0744041bdecb0a4d488b46d08d3e6638f8451536af7485e21ffffffffffff	0x0	1
TRACE	pp_replay_halving_ordinary	4288643	0x65c0744041bdecb0a4d488b46d08d3e6638f8451536af7485e21ffffffffffff	0x0	1
TRACE	pp_replay_halving_ordinary	4294698	0x65c0744041bdecb0a4d488b46d08d3e6638f8451536af7485e21ffffffffffff	0x0	1
TRACE	pp_replay_halving_ordinary	4300753	0x65c0744041bdecb0a4d488b46d08d3e6638f8451536af7485e21ffffffffffff	0x0	1
TRACE	pp_replay_halving_ordinary	4306808	0x65c0744041bdecb0a4d488b46d08d3e6638f8451536af7485e21ffffffffffff	0x0	1
TRACE	pp_replay_halving_ordinary	4312863	0x65c0744041bdecb0a4d488b46d08d3e6638f8451536af7485e21ffffffffffff	0x0	1
TRACE	pp_replay_halving_ordinary	4318918	0x65c0744041bdecb0a4d488b46d08d3e6638f8451536af7485e21ffffffffffff	0x0	0
TRACE	pp_replay_halving_ordinary	4324973	0x65c0744041bdecb0a4d488b46d08d3e6638f8451536af7485e21ffffffffffff	0x0	0
TRACE	pp_replay_halving_ordinary	4331028	0x65c0744041bdecb0a4d488b46d08d3e6638f8451536af7485e21ffffffffffff	0xfffffffffffffffffffffffffffffffffffffffffffffffffffffffefffffc2f	0
TRACE	pp_replay_halving_ordinary	4337083	0x65c0744041bdecb0a4d488b46d08d3e6638f8451536af7485e21ffffffffffff	0xfffffffffffffffffffffffffffffffffffffffffffffffffffffffefffffc2f	1
TRACE	pp_replay_halving_ordinary	4343138	0x65c0744041bdecb0a4d488b46d08d3e6638f8451536af7485e21ffffffffffff	0x0	1
TRACE	pp_replay_halving_ordinary	4349193	0x65c0744041bdecb0a4d488b46d08d3e6638f8451536af7485e21ffffffffffff	0x0	1
TRACE	pp_replay_halving_ordinary	4355248	0x65c0744041bdecb0a4d488b46d08d3e6638f8451536af7485e21ffffffffffff	0xfffffffffffffffffffffffffffffffffffffffffffffffffffffffefffffc2f	1
TRACE	pp_replay_halving_ordinary	4361303	0x65c0744041bdecb0a4d488b46d08d3e6638f8451536af7485e21ffffffffffff	0xfffffffffffffffffffffffffffffffffffffffffffffffffffffffefffffc2f	1
TRACE	pp_replay_halving_ordinary	4367358	0x65c0744041bdecb0a4d488b46d08d3e6638f8451536af7485e21ffffffffffff	0xfffffffffffffffffffffffffffffffffffffffffffffffffffffffefffffc2f	1
TRACE	pp_replay_halving_ordinary	4373413	0x65c0744041bdecb0a4d488b46d08d3e6638f8451536af7485e21ffffffffffff	0xfffffffffffffffffffffffffffffffffffffffffffffffffffffffefffffc2f	1
TRACE	pp_replay_halving_ordinary	4379468	0x65c0744041bdecb0a4d488b46d08d3e6638f8451536af7485e21ffffffffffff	0xfffffffffffffffffffffffffffffffffffffffffffffffffffffffefffffc2f	1
TRACE	pp_replay_halving_ordinary	4385523	0x65c0744041bdecb0a4d488b46d08d3e6638f8451536af7485e21ffffffffffff	0xfffffffffffffffffffffffffffffffffffffffffffffffffffffffefffffc2f	1
TRACE	pp_replay_halving_ordinary	4391578	0x65c0744041bdecb0a4d488b46d08d3e6638f8451536af7485e21ffffffffffff	0x0	1
TRACE	pp_replay_halving_ordinary	4397633	0x65c0744041bdecb0a4d488b46d08d3e6638f8451536af7485e21ffffffffffff	0x0	1
TRACE	pp_replay_halving_ordinary	4403688	0x65c0744041bdecb0a4d488b46d08d3e6638f8451536af7485e21ffffffffffff	0x0	0
TRACE	pp_replay_halving_ordinary	4409743	0x65c0744041bdecb0a4d488b46d08d3e6638f8451536af7485e21ffffffffffff	0x0	0
TRACE	pp_replay_halving_ordinary	4415798	0x65c0744041bdecb0a4d488b46d08d3e6638f8451536af7485e21ffffffffffff	0x0	1
TRACE	pp_replay_halving_ordinary	4421853	0x65c0744041bdecb0a4d488b46d08d3e6638f8451536af7485e21ffffffffffff	0x0	1
TRACE	pp_replay_halving_ordinary	4427908	0x65c0744041bdecb0a4d488b46d08d3e6638f8451536af7485e21ffffffffffff	0xfffffffffffffffffffffffffffffffffffffffffffffffffffffffefffffc2f	1
TRACE	pp_replay_halving_ordinary	4433963	0x65c0744041bdecb0a4d488b46d08d3e6638f8451536af7485e21ffffffffffff	0xfffffffffffffffffffffffffffffffffffffffffffffffffffffffefffffc2f	0
TRACE	pp_replay_halving_ordinary	4440018	0x65c0744041bdecb0a4d488b46d08d3e6638f8451536af7485e21ffffffffffff	0x0	0
TRACE	pp_replay_halving_ordinary	4446073	0x65c0744041bdecb0a4d488b46d08d3e6638f8451536af7485e21ffffffffffff	0x0	0
TRACE	pp_replay_halving_ordinary	4452128	0x65c0744041bdecb0a4d488b46d08d3e6638f8451536af7485e21ffffffffffff	0xfffffffffffffffffffffffffffffffffffffffffffffffffffffffefffffc2f	0
TRACE	pp_replay_halving_ordinary	4458183	0x65c0744041bdecb0a4d488b46d08d3e6638f8451536af7485e21ffffffffffff	0xfffffffffffffffffffffffffffffffffffffffffffffffffffffffefffffc2f	0
TRACE	pp_replay_halving_ordinary	4464238	0x65c0744041bdecb0a4d488b46d08d3e6638f8451536af7485e21ffffffffffff	0xfffffffffffffffffffffffffffffffffffffffffffffffffffffffefffffc2f	0
TRACE	pp_replay_halving_ordinary	4470293	0x65c0744041bdecb0a4d488b46d08d3e6638f8451536af7485e21ffffffffffff	0xfffffffffffffffffffffffffffffffffffffffffffffffffffffffefffffc2f	0
TRACE	pp_replay_halving_ordinary	4476348	0x65c0744041bdecb0a4d488b46d08d3e6638f8451536af7485e21ffffffffffff	0xfffffffffffffffffffffffffffffffffffffffffffffffffffffffefffffc2f	0
TRACE	pp_replay_halving_ordinary	4482403	0x65c0744041bdecb0a4d488b46d08d3e6638f8451536af7485e21ffffffffffff	0xfffffffffffffffffffffffffffffffffffffffffffffffffffffffefffffc2f	1
TRACE	pp_replay_halving_ordinary	4488458	0x65c0744041bdecb0a4d488b46d08d3e6638f8451536af7485e21ffffffffffff	0xfffffffffffffffffffffffffffffffffffffffffffffffffffffffefffffc2f	1
TRACE	pp_replay_halving_ordinary	4494513	0x65c0744041bdecb0a4d488b46d08d3e6638f8451536af7485e21ffffffffffff	0xfffffffffffffffffffffffffffffffffffffffffffffffffffffffefffffc2f	1
TRACE	pp_replay_halving_ordinary	4500568	0x65c0744041bdecb0a4d488b46d08d3e6638f8451536af7485e21ffffffffffff	0x0	1
TRACE	pp_replay_halving_ordinary	4506623	0x65c0744041bdecb0a4d488b46d08d3e6638f8451536af7485e21ffffffffffff	0x0	1
TRACE	pp_replay_halving_ordinary	4512678	0x65c0744041bdecb0a4d488b46d08d3e6638f8451536af7485e21ffffffffffff	0xfffffffffffffffffffffffffffffffffffffffffffffffffffffffefffffc2f	1
TRACE	pp_replay_halving_ordinary	4518733	0x65c0744041bdecb0a4d488b46d08d3e6638f8451536af7485e21ffffffffffff	0xfffffffffffffffffffffffffffffffffffffffffffffffffffffffefffffc2f	1
TRACE	pp_replay_halving_ordinary	4524788	0x65c0744041bdecb0a4d488b46d08d3e6638f8451536af7485e21ffffffffffff	0xfffffffffffffffffffffffffffffffffffffffffffffffffffffffefffffc2f	1
TRACE	pp_replay_halving_ordinary	4530843	0x65c0744041bdecb0a4d488b46d08d3e6638f8451536af7485e21ffffffffffff	0xfffffffffffffffffffffffffffffffffffffffffffffffffffffffefffffc2f	1
TRACE	pp_replay_halving_ordinary	4536898	0x65c0744041bdecb0a4d488b46d08d3e6638f8451536af7485e21ffffffffffff	0xfffffffffffffffffffffffffffffffffffffffffffffffffffffffefffffc2f	0
TRACE	pp_replay_halving_ordinary	4542953	0x65c0744041bdecb0a4d488b46d08d3e6638f8451536af7485e21ffffffffffff	0xfffffffffffffffffffffffffffffffffffffffffffffffffffffffefffffc2f	0
TRACE	pp_replay_halving_ordinary	4549008	0x65c0744041bdecb0a4d488b46d08d3e6638f8451536af7485e21ffffffffffff	0xfffffffffffffffffffffffffffffffffffffffffffffffffffffffefffffc2f	0
TRACE	pp_replay_halving_ordinary	4555063	0x65c0744041bdecb0a4d488b46d08d3e6638f8451536af7485e21ffffffffffff	0xfffffffffffffffffffffffffffffffffffffffffffffffffffffffefffffc2f	0
TRACE	pp_replay_halving_ordinary	4561118	0x65c0744041bdecb0a4d488b46d08d3e6638f8451536af7485e21ffffffffffff	0x0	0
TRACE	pp_replay_halving_ordinary	4567173	0x65c0744041bdecb0a4d488b46d08d3e6638f8451536af7485e21ffffffffffff	0x0	0
TRACE	pp_replay_halving_ordinary	4573228	0x65c0744041bdecb0a4d488b46d08d3e6638f8451536af7485e21ffffffffffff	0x0	0
TRACE	pp_replay_halving_ordinary	4579283	0x65c0744041bdecb0a4d488b46d08d3e6638f8451536af7485e21ffffffffffff	0x0	0
TRACE	pp_replay_halving_ordinary	4585338	0x65c0744041bdecb0a4d488b46d08d3e6638f8451536af7485e21ffffffffffff	0xfffffffffffffffffffffffffffffffffffffffffffffffffffffffefffffc2f	0
TRACE	pp_replay_halving_ordinary	4591393	0x65c0744041bdecb0a4d488b46d08d3e6638f8451536af7485e21ffffffffffff	0xfffffffffffffffffffffffffffffffffffffffffffffffffffffffefffffc2f	1
TRACE	pp_replay_halving_ordinary	4597448	0x65c0744041bdecb0a4d488b46d08d3e6638f8451536af7485e21ffffffffffff	0x0	1
TRACE	pp_replay_halving_ordinary	4603503	0x65c0744041bdecb0a4d488b46d08d3e6638f8451536af7485e21ffffffffffff	0x0	1
TRACE	pp_replay_halving_ordinary	4609558	0x65c0744041bdecb0a4d488b46d08d3e6638f8451536af7485e21ffffffffffff	0xfffffffffffffffffffffffffffffffffffffffffffffffffffffffefffffc2f	1
TRACE	pp_replay_halving_ordinary	4615613	0x65c0744041bdecb0a4d488b46d08d3e6638f8451536af7485e21ffffffffffff	0xfffffffffffffffffffffffffffffffffffffffffffffffffffffffefffffc2f	0
TRACE	pp_replay_halving_ordinary	4621668	0x65c0744041bdecb0a4d488b46d08d3e6638f8451536af7485e21ffffffffffff	0xfffffffffffffffffffffffffffffffffffffffffffffffffffffffefffffc2f	0
TRACE	pp_replay_halving_ordinary	4627723	0x65c0744041bdecb0a4d488b46d08d3e6638f8451536af7485e21ffffffffffff	0xfffffffffffffffffffffffffffffffffffffffffffffffffffffffefffffc2f	0
TRACE	pp_replay_halving_ordinary	4633778	0x65c0744041bdecb0a4d488b46d08d3e6638f8451536af7485e21ffffffffffff	0xfffffffffffffffffffffffffffffffffffffffffffffffffffffffefffffc2f	0
TRACE	pp_replay_halving_ordinary	4639833	0x65c0744041bdecb0a4d488b46d08d3e6638f8451536af7485e21ffffffffffff	0xfffffffffffffffffffffffffffffffffffffffffffffffffffffffefffffc2f	0
TRACE	pp_replay_halving_ordinary	4645888	0x65c0744041bdecb0a4d488b46d08d3e6638f8451536af7485e21ffffffffffff	0xfffffffffffffffffffffffffffffffffffffffffffffffffffffffefffffc2f	1
TRACE	pp_replay_halving_ordinary	4651943	0x65c0744041bdecb0a4d488b46d08d3e6638f8451536af7485e21ffffffffffff	0xfffffffffffffffffffffffffffffffffffffffffffffffffffffffefffffc2f	0
TRACE	pp_replay_halving_ordinary	4657998	0x65c0744041bdecb0a4d488b46d08d3e6638f8451536af7485e21ffffffffffff	0xfffffffffffffffffffffffffffffffffffffffffffffffffffffffefffffc2f	0
TRACE	pp_replay_halving_ordinary	4664053	0x65c0744041bdecb0a4d488b46d08d3e6638f8451536af7485e21ffffffffffff	0xfffffffffffffffffffffffffffffffffffffffffffffffffffffffefffffc2f	0
TRACE	pp_replay_halving_ordinary	4670108	0x65c0744041bdecb0a4d488b46d08d3e6638f8451536af7485e21ffffffffffff	0xfffffffffffffffffffffffffffffffffffffffffffffffffffffffefffffc2f	0
TRACE	pp_replay_halving_ordinary	4676163	0x65c0744041bdecb0a4d488b46d08d3e6638f8451536af7485e21ffffffffffff	0xfffffffffffffffffffffffffffffffffffffffffffffffffffffffefffffc2f	0
TRACE	pp_replay_halving_ordinary	4682218	0x65c0744041bdecb0a4d488b46d08d3e6638f8451536af7485e21ffffffffffff	0x0	0
TRACE	pp_replay_halving_ordinary	4688273	0x65c0744041bdecb0a4d488b46d08d3e6638f8451536af7485e21ffffffffffff	0x0	0
TRACE	pp_replay_halving_ordinary	4694328	0x65c0744041bdecb0a4d488b46d08d3e6638f8451536af7485e21ffffffffffff	0x0	0
TRACE	pp_replay_halving_ordinary	4700383	0x65c0744041bdecb0a4d488b46d08d3e6638f8451536af7485e21ffffffffffff	0x0	0
TRACE	pp_replay_halving_ordinary	4706438	0x65c0744041bdecb0a4d488b46d08d3e6638f8451536af7485e21ffffffffffff	0xfffffffffffffffffffffffffffffffffffffffffffffffffffffffefffffc2f	0
TRACE	pp_replay_halving_ordinary	4712493	0x65c0744041bdecb0a4d488b46d08d3e6638f8451536af7485e21ffffffffffff	0xfffffffffffffffffffffffffffffffffffffffffffffffffffffffefffffc2f	1
TRACE	pp_replay_halving_ordinary	4718548	0x65c0744041bdecb0a4d488b46d08d3e6638f8451536af7485e21ffffffffffff	0xfffffffffffffffffffffffffffffffffffffffffffffffffffffffefffffc2f	1
TRACE	pp_replay_halving_ordinary	4724603	0x65c0744041bdecb0a4d488b46d08d3e6638f8451536af7485e21ffffffffffff	0xfffffffffffffffffffffffffffffffffffffffffffffffffffffffefffffc2f	1
TRACE	pp_replay_halving_ordinary	4730658	0x65c0744041bdecb0a4d488b46d08d3e6638f8451536af7485e21ffffffffffff	0x0	1
TRACE	pp_replay_halving_ordinary	4736713	0x65c0744041bdecb0a4d488b46d08d3e6638f8451536af7485e21ffffffffffff	0x0	1
TRACE	pp_replay_halving_ordinary	4742768	0x65c0744041bdecb0a4d488b46d08d3e6638f8451536af7485e21ffffffffffff	0xfffffffffffffffffffffffffffffffffffffffffffffffffffffffefffffc2f	1
TRACE	pp_replay_halving_ordinary	4748823	0x65c0744041bdecb0a4d488b46d08d3e6638f8451536af7485e21ffffffffffff	0xfffffffffffffffffffffffffffffffffffffffffffffffffffffffefffffc2f	0
TRACE	pp_replay_halving_ordinary	4754878	0x65c0744041bdecb0a4d488b46d08d3e6638f8451536af7485e21ffffffffffff	0x0	0
TRACE	pp_replay_halving_ordinary	4760933	0x65c0744041bdecb0a4d488b46d08d3e6638f8451536af7485e21ffffffffffff	0x0	0
TRACE	pp_replay_halving_ordinary	4766988	0x65c0744041bdecb0a4d488b46d08d3e6638f8451536af7485e21ffffffffffff	0xfffffffffffffffffffffffffffffffffffffffffffffffffffffffefffffc2f	0
TRACE	pp_replay_halving_ordinary	4773043	0x65c0744041bdecb0a4d488b46d08d3e6638f8451536af7485e21ffffffffffff	0xfffffffffffffffffffffffffffffffffffffffffffffffffffffffefffffc2f	0
TRACE	pp_replay_halving_ordinary	4779098	0x65c0744041bdecb0a4d488b46d08d3e6638f8451536af7485e21ffffffffffff	0x0	0
TRACE	pp_replay_halving_ordinary	4785153	0x65c0744041bdecb0a4d488b46d08d3e6638f8451536af7485e21ffffffffffff	0x0	0
TRACE	pp_replay_halving_ordinary	4791208	0x65c0744041bdecb0a4d488b46d08d3e6638f8451536af7485e21ffffffffffff	0x0	1
TRACE	pp_replay_halving_ordinary	4797263	0x65c0744041bdecb0a4d488b46d08d3e6638f8451536af7485e21ffffffffffff	0x0	1
TRACE	pp_replay_halving_ordinary	4803318	0x65c0744041bdecb0a4d488b46d08d3e6638f8451536af7485e21ffffffffffff	0xfffffffffffffffffffffffffffffffffffffffffffffffffffffffefffffc2f	1
TRACE	pp_replay_halving_ordinary	4809373	0x65c0744041bdecb0a4d488b46d08d3e6638f8451536af7485e21ffffffffffff	0xfffffffffffffffffffffffffffffffffffffffffffffffffffffffefffffc2f	1
TRACE	pp_replay_halving_ordinary	4815428	0x65c0744041bdecb0a4d488b46d08d3e6638f8451536af7485e21ffffffffffff	0xfffffffffffffffffffffffffffffffffffffffffffffffffffffffefffffc2f	1
TRACE	pp_replay_halving_ordinary	4821483	0x65c0744041bdecb0a4d488b46d08d3e6638f8451536af7485e21ffffffffffff	0xfffffffffffffffffffffffffffffffffffffffffffffffffffffffefffffc2f	0
TRACE	pp_replay_halving_ordinary	4827538	0x65c0744041bdecb0a4d488b46d08d3e6638f8451536af7485e21ffffffffffff	0xfffffffffffffffffffffffffffffffffffffffffffffffffffffffefffffc2f	0
TRACE	pp_replay_halving_ordinary	4833593	0x65c0744041bdecb0a4d488b46d08d3e6638f8451536af7485e21ffffffffffff	0xfffffffffffffffffffffffffffffffffffffffffffffffffffffffefffffc2f	0
TRACE	pp_replay_halving_ordinary	4839648	0x65c0744041bdecb0a4d488b46d08d3e6638f8451536af7485e21ffffffffffff	0xfffffffffffffffffffffffffffffffffffffffffffffffffffffffefffffc2f	0
TRACE	pp_replay_halving_ordinary	4845703	0x65c0744041bdecb0a4d488b46d08d3e6638f8451536af7485e21ffffffffffff	0xfffffffffffffffffffffffffffffffffffffffffffffffffffffffefffffc2f	1
TRACE	pp_replay_halving_ordinary	4851758	0x65c0744041bdecb0a4d488b46d08d3e6638f8451536af7485e21ffffffffffff	0x0	1
TRACE	pp_replay_halving_ordinary	4857813	0x65c0744041bdecb0a4d488b46d08d3e6638f8451536af7485e21ffffffffffff	0x0	1
TRACE	pp_replay_halving_ordinary	4863868	0x65c0744041bdecb0a4d488b46d08d3e6638f8451536af7485e21ffffffffffff	0xfffffffffffffffffffffffffffffffffffffffffffffffffffffffefffffc2f	1
TRACE	pp_replay_halving_ordinary	4869923	0x65c0744041bdecb0a4d488b46d08d3e6638f8451536af7485e21ffffffffffff	0xfffffffffffffffffffffffffffffffffffffffffffffffffffffffefffffc2f	0
TRACE	pp_replay_halving_ordinary	4875978	0x65c0744041bdecb0a4d488b46d08d3e6638f8451536af7485e21ffffffffffff	0xfffffffffffffffffffffffffffffffffffffffffffffffffffffffefffffc2f	0
TRACE	pp_replay_halving_ordinary	4882033	0x65c0744041bdecb0a4d488b46d08d3e6638f8451536af7485e21ffffffffffff	0xfffffffffffffffffffffffffffffffffffffffffffffffffffffffefffffc2f	0
TRACE	pp_replay_halving_ordinary	4888088	0x65c0744041bdecb0a4d488b46d08d3e6638f8451536af7485e21ffffffffffff	0xfffffffffffffffffffffffffffffffffffffffffffffffffffffffefffffc2f	0
TRACE	pp_replay_halving_ordinary	4894143	0x65c0744041bdecb0a4d488b46d08d3e6638f8451536af7485e21ffffffffffff	0xfffffffffffffffffffffffffffffffffffffffffffffffffffffffefffffc2f	0
TRACE	pp_replay_halving_ordinary	4900198	0x65c0744041bdecb0a4d488b46d08d3e6638f8451536af7485e21ffffffffffff	0xfffffffffffffffffffffffffffffffffffffffffffffffffffffffefffffc2f	1
TRACE	pp_replay_halving_ordinary	4906253	0x65c0744041bdecb0a4d488b46d08d3e6638f8451536af7485e21ffffffffffff	0xfffffffffffffffffffffffffffffffffffffffffffffffffffffffefffffc2f	1
TRACE	pp_replay_halving_ordinary	4912308	0x65c0744041bdecb0a4d488b46d08d3e6638f8451536af7485e21ffffffffffff	0xfffffffffffffffffffffffffffffffffffffffffffffffffffffffefffffc2f	1
TRACE	pp_replay_halving_ordinary	4918363	0x65c0744041bdecb0a4d488b46d08d3e6638f8451536af7485e21ffffffffffff	0xfffffffffffffffffffffffffffffffffffffffffffffffffffffffefffffc2f	0
TRACE	pp_replay_halving_ordinary	4924418	0x65c0744041bdecb0a4d488b46d08d3e6638f8451536af7485e21ffffffffffff	0xfffffffffffffffffffffffffffffffffffffffffffffffffffffffefffffc2f	0
TRACE	pp_replay_halving_ordinary	4930473	0x65c0744041bdecb0a4d488b46d08d3e6638f8451536af7485e21ffffffffffff	0xfffffffffffffffffffffffffffffffffffffffffffffffffffffffefffffc2f	0
TRACE	pp_replay_halving_ordinary	4936528	0x65c0744041bdecb0a4d488b46d08d3e6638f8451536af7485e21ffffffffffff	0xfffffffffffffffffffffffffffffffffffffffffffffffffffffffefffffc2f	0
TRACE	pp_replay_halving_ordinary	4942583	0x65c0744041bdecb0a4d488b46d08d3e6638f8451536af7485e21ffffffffffff	0xfffffffffffffffffffffffffffffffffffffffffffffffffffffffefffffc2f	1
TRACE	pp_replay_halving_ordinary	4948638	0x65c0744041bdecb0a4d488b46d08d3e6638f8451536af7485e21ffffffffffff	0xfffffffffffffffffffffffffffffffffffffffffffffffffffffffefffffc2f	1
TRACE	pp_replay_halving_ordinary	4954693	0x65c0744041bdecb0a4d488b46d08d3e6638f8451536af7485e21ffffffffffff	0xfffffffffffffffffffffffffffffffffffffffffffffffffffffffefffffc2f	1
TRACE	pp_replay_halving_ordinary	4960748	0x65c0744041bdecb0a4d488b46d08d3e6638f8451536af7485e21ffffffffffff	0xfffffffffffffffffffffffffffffffffffffffffffffffffffffffefffffc2f	0
TRACE	pp_replay_halving_ordinary	4966803	0x65c0744041bdecb0a4d488b46d08d3e6638f8451536af7485e21ffffffffffff	0xfffffffffffffffffffffffffffffffffffffffffffffffffffffffefffffc2f	0
TRACE	pp_replay_halving_ordinary	4972858	0x65c0744041bdecb0a4d488b46d08d3e6638f8451536af7485e21ffffffffffff	0xfffffffffffffffffffffffffffffffffffffffffffffffffffffffefffffc2f	0
TRACE	pp_replay_halving_ordinary	4978913	0x65c0744041bdecb0a4d488b46d08d3e6638f8451536af7485e21ffffffffffff	0xfffffffffffffffffffffffffffffffffffffffffffffffffffffffefffffc2f	0
TRACE	pp_replay_halving_ordinary	4984968	0x65c0744041bdecb0a4d488b46d08d3e6638f8451536af7485e21ffffffffffff	0xfffffffffffffffffffffffffffffffffffffffffffffffffffffffefffffc2f	0
TRACE	pp_replay_halving_ordinary	4991023	0x65c0744041bdecb0a4d488b46d08d3e6638f8451536af7485e21ffffffffffff	0xfffffffffffffffffffffffffffffffffffffffffffffffffffffffefffffc2f	1
TRACE	pp_replay_halving_ordinary	4997078	0x65c0744041bdecb0a4d488b46d08d3e6638f8451536af7485e21ffffffffffff	0xfffffffffffffffffffffffffffffffffffffffffffffffffffffffefffffc2f	1
TRACE	pp_replay_halving_ordinary	5003133	0x65c0744041bdecb0a4d488b46d08d3e6638f8451536af7485e21ffffffffffff	0xfffffffffffffffffffffffffffffffffffffffffffffffffffffffefffffc2f	1
TRACE	pp_replay_halving_ordinary	5009188	0x65c0744041bdecb0a4d488b46d08d3e6638f8451536af7485e21ffffffffffff	0xfffffffffffffffffffffffffffffffffffffffffffffffffffffffefffffc2f	1
TRACE	pp_replay_halving_ordinary	5015243	0x65c0744041bdecb0a4d488b46d08d3e6638f8451536af7485e21ffffffffffff	0xfffffffffffffffffffffffffffffffffffffffffffffffffffffffefffffc2f	0
TRACE	pp_replay_halving_ordinary	5021298	0x65c0744041bdecb0a4d488b46d08d3e6638f8451536af7485e21ffffffffffff	0xfffffffffffffffffffffffffffffffffffffffffffffffffffffffefffffc2f	1
TRACE	pp_replay_halving_ordinary	5027353	0x65c0744041bdecb0a4d488b46d08d3e6638f8451536af7485e21ffffffffffff	0xfffffffffffffffffffffffffffffffffffffffffffffffffffffffefffffc2f	1
TRACE	pp_replay_halving_ordinary	5033408	0x65c0744041bdecb0a4d488b46d08d3e6638f8451536af7485e21ffffffffffff	0xfffffffffffffffffffffffffffffffffffffffffffffffffffffffefffffc2f	1
TRACE	pp_replay_halving_ordinary	5039463	0x65c0744041bdecb0a4d488b46d08d3e6638f8451536af7485e21ffffffffffff	0xfffffffffffffffffffffffffffffffffffffffffffffffffffffffefffffc2f	1
TRACE	pp_replay_halving_ordinary	5045518	0x65c0744041bdecb0a4d488b46d08d3e6638f8451536af7485e21ffffffffffff	0x0	1
TRACE	pp_replay_halving_ordinary	5051573	0x65c0744041bdecb0a4d488b46d08d3e6638f8451536af7485e21ffffffffffff	0x0	1
TRACE	pp_replay_halving_ordinary	5057628	0x65c0744041bdecb0a4d488b46d08d3e6638f8451536af7485e21ffffffffffff	0xfffffffffffffffffffffffffffffffffffffffffffffffffffffffefffffc2f	1
TRACE	pp_replay_halving_ordinary	5063683	0x65c0744041bdecb0a4d488b46d08d3e6638f8451536af7485e21ffffffffffff	0xfffffffffffffffffffffffffffffffffffffffffffffffffffffffefffffc2f	1
TRACE	pp_replay_halving_ordinary	5069738	0x65c0744041bdecb0a4d488b46d08d3e6638f8451536af7485e21ffffffffffff	0xfffffffffffffffffffffffffffffffffffffffffffffffffffffffefffffc2f	1
TRACE	pp_replay_halving_ordinary	5075793	0x65c0744041bdecb0a4d488b46d08d3e6638f8451536af7485e21ffffffffffff	0xfffffffffffffffffffffffffffffffffffffffffffffffffffffffefffffc2f	1
TRACE	pp_replay_halving_ordinary	5081848	0x65c0744041bdecb0a4d488b46d08d3e6638f8451536af7485e21ffffffffffff	0xfffffffffffffffffffffffffffffffffffffffffffffffffffffffefffffc2f	1
TRACE	pp_replay_halving_ordinary	5087903	0x65c0744041bdecb0a4d488b46d08d3e6638f8451536af7485e21ffffffffffff	0xfffffffffffffffffffffffffffffffffffffffffffffffffffffffefffffc2f	1
TRACE	pp_replay_halving_ordinary	5093958	0x65c0744041bdecb0a4d488b46d08d3e6638f8451536af7485e21ffffffffffff	0x0	1
TRACE	pp_replay_halving_ordinary	5100013	0x65c0744041bdecb0a4d488b46d08d3e6638f8451536af7485e21ffffffffffff	0x0	1
TRACE	pp_replay_halving_ordinary	5106068	0x65c0744041bdecb0a4d488b46d08d3e6638f8451536af7485e21ffffffffffff	0xfffffffffffffffffffffffffffffffffffffffffffffffffffffffefffffc2f	1
TRACE	pp_replay_halving_ordinary	5112123	0x65c0744041bdecb0a4d488b46d08d3e6638f8451536af7485e21ffffffffffff	0xfffffffffffffffffffffffffffffffffffffffffffffffffffffffefffffc2f	1
TRACE	pp_replay_halving_ordinary	5118178	0x65c0744041bdecb0a4d488b46d08d3e6638f8451536af7485e21ffffffffffff	0xfffffffffffffffffffffffffffffffffffffffffffffffffffffffefffffc2f	1
TRACE	pp_replay_halving_ordinary	5124233	0x65c0744041bdecb0a4d488b46d08d3e6638f8451536af7485e21ffffffffffff	0xfffffffffffffffffffffffffffffffffffffffffffffffffffffffefffffc2f	1
TRACE	pp_replay_halving_ordinary	5130288	0x65c0744041bdecb0a4d488b46d08d3e6638f8451536af7485e21ffffffffffff	0xfffffffffffffffffffffffffffffffffffffffffffffffffffffffefffffc2f	0
TRACE	pp_replay_halving_ordinary	5136343	0x65c0744041bdecb0a4d488b46d08d3e6638f8451536af7485e21ffffffffffff	0xfffffffffffffffffffffffffffffffffffffffffffffffffffffffefffffc2f	0
TRACE	pp_replay_halving_ordinary	5142398	0x65c0744041bdecb0a4d488b46d08d3e6638f8451536af7485e21ffffffffffff	0xfffffffffffffffffffffffffffffffffffffffffffffffffffffffefffffc2f	1
TRACE	pp_replay_halving_ordinary	5148453	0x65c0744041bdecb0a4d488b46d08d3e6638f8451536af7485e21ffffffffffff	0xfffffffffffffffffffffffffffffffffffffffffffffffffffffffefffffc2f	1
TRACE	pp_replay_halving_ordinary	5154508	0x65c0744041bdecb0a4d488b46d08d3e6638f8451536af7485e21ffffffffffff	0xfffffffffffffffffffffffffffffffffffffffffffffffffffffffefffffc2f	1
TRACE	pp_replay_halving_ordinary	5160563	0x65c0744041bdecb0a4d488b46d08d3e6638f8451536af7485e21ffffffffffff	0xfffffffffffffffffffffffffffffffffffffffffffffffffffffffefffffc2f	1
TRACE	pp_replay_halving_ordinary	5166618	0x65c0744041bdecb0a4d488b46d08d3e6638f8451536af7485e21ffffffffffff	0x0	1
TRACE	pp_replay_halving_ordinary	5172673	0x65c0744041bdecb0a4d488b46d08d3e6638f8451536af7485e21ffffffffffff	0x0	1
TRACE	pp_replay_halving_ordinary	5178728	0x65c0744041bdecb0a4d488b46d08d3e6638f8451536af7485e21ffffffffffff	0x0	1
TRACE	pp_replay_halving_ordinary	5184783	0x65c0744041bdecb0a4d488b46d08d3e6638f8451536af7485e21ffffffffffff	0x0	1
TRACE	pp_replay_halving_ordinary	5190838	0x65c0744041bdecb0a4d488b46d08d3e6638f8451536af7485e21ffffffffffff	0x0	0
TRACE	pp_replay_halving_ordinary	5196893	0x65c0744041bdecb0a4d488b46d08d3e6638f8451536af7485e21ffffffffffff	0x0	0
TRACE	pp_replay_halving_ordinary	5202948	0x65c0744041bdecb0a4d488b46d08d3e6638f8451536af7485e21ffffffffffff	0xfffffffffffffffffffffffffffffffffffffffffffffffffffffffefffffc2f	0
TRACE	pp_replay_halving_ordinary	5209003	0x65c0744041bdecb0a4d488b46d08d3e6638f8451536af7485e21ffffffffffff	0xfffffffffffffffffffffffffffffffffffffffffffffffffffffffefffffc2f	0
TRACE	pp_replay_halving_ordinary	5215058	0x65c0744041bdecb0a4d488b46d08d3e6638f8451536af7485e21ffffffffffff	0xfffffffffffffffffffffffffffffffffffffffffffffffffffffffefffffc2f	0
TRACE	pp_replay_halving_ordinary	5221113	0x65c0744041bdecb0a4d488b46d08d3e6638f8451536af7485e21ffffffffffff	0xfffffffffffffffffffffffffffffffffffffffffffffffffffffffefffffc2f	0
TRACE	pp_replay_halving_ordinary	5227168	0x65c0744041bdecb0a4d488b46d08d3e6638f8451536af7485e21ffffffffffff	0xfffffffffffffffffffffffffffffffffffffffffffffffffffffffefffffc2f	0
TRACE	pp_replay_halving_ordinary	5233223	0x65c0744041bdecb0a4d488b46d08d3e6638f8451536af7485e21ffffffffffff	0xfffffffffffffffffffffffffffffffffffffffffffffffffffffffefffffc2f	0
TRACE	pp_replay_halving_ordinary	5239278	0x65c0744041bdecb0a4d488b46d08d3e6638f8451536af7485e21ffffffffffff	0xfffffffffffffffffffffffffffffffffffffffffffffffffffffffefffffc2f	0
TRACE	pp_replay_halving_ordinary	5245333	0x65c0744041bdecb0a4d488b46d08d3e6638f8451536af7485e21ffffffffffff	0xfffffffffffffffffffffffffffffffffffffffffffffffffffffffefffffc2f	0
TRACE	pp_replay_halving_ordinary	5251388	0x65c0744041bdecb0a4d488b46d08d3e6638f8451536af7485e21ffffffffffff	0xfffffffffffffffffffffffffffffffffffffffffffffffffffffffefffffc2f	0
TRACE	pp_replay_halving_ordinary	5257443	0x65c0744041bdecb0a4d488b46d08d3e6638f8451536af7485e21ffffffffffff	0xfffffffffffffffffffffffffffffffffffffffffffffffffffffffefffffc2f	0
TRACE	pp_replay_halving_ordinary	5263498	0x65c0744041bdecb0a4d488b46d08d3e6638f8451536af7485e21ffffffffffff	0xfffffffffffffffffffffffffffffffffffffffffffffffffffffffefffffc2f	0
TRACE	pp_replay_halving_ordinary	5269553	0x65c0744041bdecb0a4d488b46d08d3e6638f8451536af7485e21ffffffffffff	0xfffffffffffffffffffffffffffffffffffffffffffffffffffffffefffffc2f	0
TRACE	pp_replay_halving_ordinary	5275608	0x65c0744041bdecb0a4d488b46d08d3e6638f8451536af7485e21ffffffffffff	0x0	0
TRACE	pp_replay_halving_ordinary	5281663	0x65c0744041bdecb0a4d488b46d08d3e6638f8451536af7485e21ffffffffffff	0x0	0
TRACE	pp_replay_halving_ordinary	5287718	0x65c0744041bdecb0a4d488b46d08d3e6638f8451536af7485e21ffffffffffff	0x0	0
TRACE	pp_replay_halving_ordinary	5293773	0x65c0744041bdecb0a4d488b46d08d3e6638f8451536af7485e21ffffffffffff	0x0	0
TRACE	pp_replay_halving_ordinary	5299828	0x65c0744041bdecb0a4d488b46d08d3e6638f8451536af7485e21ffffffffffff	0xfffffffffffffffffffffffffffffffffffffffffffffffffffffffefffffc2f	0
TRACE	pp_replay_halving_ordinary	5305883	0x65c0744041bdecb0a4d488b46d08d3e6638f8451536af7485e21ffffffffffff	0xfffffffffffffffffffffffffffffffffffffffffffffffffffffffefffffc2f	0
TRACE	pp_replay_halving_ordinary	5311938	0x65c0744041bdecb0a4d488b46d08d3e6638f8451536af7485e21ffffffffffff	0xfffffffffffffffffffffffffffffffffffffffffffffffffffffffefffffc2f	0
TRACE	pp_replay_halving_ordinary	5317993	0x65c0744041bdecb0a4d488b46d08d3e6638f8451536af7485e21ffffffffffff	0xfffffffffffffffffffffffffffffffffffffffffffffffffffffffefffffc2f	0
TRACE	pp_replay_halving_ordinary	5324048	0x65c0744041bdecb0a4d488b46d08d3e6638f8451536af7485e21ffffffffffff	0x0	0
TRACE	pp_replay_halving_ordinary	5330103	0x65c0744041bdecb0a4d488b46d08d3e6638f8451536af7485e21ffffffffffff	0x0	0
TRACE	pp_replay_halving_ordinary	5336158	0x65c0744041bdecb0a4d488b46d08d3e6638f8451536af7485e21ffffffffffff	0x0	1
TRACE	pp_replay_halving_ordinary	5342213	0x65c0744041bdecb0a4d488b46d08d3e6638f8451536af7485e21ffffffffffff	0x0	1
TRACE	pp_replay_halving_ordinary	5348268	0x65c0744041bdecb0a4d488b46d08d3e6638f8451536af7485e21ffffffffffff	0x0	1
TRACE	pp_replay_halving_ordinary	5354323	0x65c0744041bdecb0a4d488b46d08d3e6638f8451536af7485e21ffffffffffff	0x0	1
TRACE	pp_replay_halving_ordinary	5360378	0x65c0744041bdecb0a4d488b46d08d3e6638f8451536af7485e21ffffffffffff	0x0	0
TRACE	pp_replay_halving_ordinary	5366433	0x65c0744041bdecb0a4d488b46d08d3e6638f8451536af7485e21ffffffffffff	0x0	0
TRACE	pp_replay_halving_ordinary	5372488	0x65c0744041bdecb0a4d488b46d08d3e6638f8451536af7485e21ffffffffffff	0x0	0
TRACE	pp_replay_halving_ordinary	5378543	0x65c0744041bdecb0a4d488b46d08d3e6638f8451536af7485e21ffffffffffff	0x0	0
TRACE	pp_replay_halving_ordinary	5384598	0x65c0744041bdecb0a4d488b46d08d3e6638f8451536af7485e21ffffffffffff	0x0	0
TRACE	pp_replay_halving_ordinary	5390653	0x65c0744041bdecb0a4d488b46d08d3e6638f8451536af7485e21ffffffffffff	0x0	0
TRACE	pp_replay_halving_ordinary	5396708	0x65c0744041bdecb0a4d488b46d08d3e6638f8451536af7485e21ffffffffffff	0x0	1
TRACE	pp_replay_halving_ordinary	5402763	0x65c0744041bdecb0a4d488b46d08d3e6638f8451536af7485e21ffffffffffff	0x0	1
TRACE	pp_replay_halving_ordinary	5408818	0x65c0744041bdecb0a4d488b46d08d3e6638f8451536af7485e21ffffffffffff	0x0	1
TRACE	pp_replay_halving_ordinary	5414873	0x65c0744041bdecb0a4d488b46d08d3e6638f8451536af7485e21ffffffffffff	0x0	1
TRACE	pp_replay_halving_ordinary	5420928	0x65c0744041bdecb0a4d488b46d08d3e6638f8451536af7485e21ffffffffffff	0x0	1
TRACE	pp_replay_halving_ordinary	5426983	0x65c0744041bdecb0a4d488b46d08d3e6638f8451536af7485e21ffffffffffff	0x0	1
TRACE	pp_replay_halving_ordinary	5433038	0x65c0744041bdecb0a4d488b46d08d3e6638f8451536af7485e21ffffffffffff	0x0	1
TRACE	pp_replay_halving_ordinary	5439093	0x65c0744041bdecb0a4d488b46d08d3e6638f8451536af7485e21ffffffffffff	0x0	1
TRACE	pp_replay_halving_ordinary	5445148	0x65c0744041bdecb0a4d488b46d08d3e6638f8451536af7485e21ffffffffffff	0x0	1
TRACE	pp_replay_halving_ordinary	5451203	0x65c0744041bdecb0a4d488b46d08d3e6638f8451536af7485e21ffffffffffff	0x0	1
TRACE	pp_replay_halving_ordinary	5457258	0x65c0744041bdecb0a4d488b46d08d3e6638f8451536af7485e21ffffffffffff	0x0	1
TRACE	pp_replay_halving_ordinary	5463313	0x65c0744041bdecb0a4d488b46d08d3e6638f8451536af7485e21ffffffffffff	0x0	1
TRACE	pp_replay_halving_ordinary	5469368	0x65c0744041bdecb0a4d488b46d08d3e6638f8451536af7485e21ffffffffffff	0x0	0
TRACE	pp_replay_halving_ordinary	5475423	0x65c0744041bdecb0a4d488b46d08d3e6638f8451536af7485e21ffffffffffff	0x0	0
TRACE	pp_replay_halving_ordinary	5481478	0x65c0744041bdecb0a4d488b46d08d3e6638f8451536af7485e21ffffffffffff	0x0	0
TRACE	pp_replay_halving_ordinary	5487533	0x65c0744041bdecb0a4d488b46d08d3e6638f8451536af7485e21ffffffffffff	0x0	0
TRACE	pp_replay_halving_ordinary	5493588	0x65c0744041bdecb0a4d488b46d08d3e6638f8451536af7485e21ffffffffffff	0x0	1
TRACE	pp_replay_halving_ordinary	5499643	0x65c0744041bdecb0a4d488b46d08d3e6638f8451536af7485e21ffffffffffff	0x0	1
TRACE	pp_replay_halving_ordinary	5505698	0x65c0744041bdecb0a4d488b46d08d3e6638f8451536af7485e21ffffffffffff	0x0	1
TRACE	pp_replay_halving_ordinary	5511753	0x65c0744041bdecb0a4d488b46d08d3e6638f8451536af7485e21ffffffffffff	0x0	1
TRACE	pp_replay_halving_ordinary	5517808	0x65c0744041bdecb0a4d488b46d08d3e6638f8451536af7485e21ffffffffffff	0x0	0
TRACE	pp_replay_halving_ordinary	5523863	0x65c0744041bdecb0a4d488b46d08d3e6638f8451536af7485e21ffffffffffff	0x0	0
TRACE	pp_replay_halving_ordinary	5529918	0x65c0744041bdecb0a4d488b46d08d3e6638f8451536af7485e21ffffffffffff	0x0	0
TRACE	pp_replay_halving_ordinary	5535973	0x65c0744041bdecb0a4d488b46d08d3e6638f8451536af7485e21ffffffffffff	0x0	0
TRACE	pp_replay_halving_ordinary	5542028	0x65c0744041bdecb0a4d488b46d08d3e6638f8451536af7485e21ffffffffffff	0x0	0
TRACE	pp_replay_halving_ordinary	5548083	0x65c0744041bdecb0a4d488b46d08d3e6638f8451536af7485e21ffffffffffff	0x0	0
TRACE	pp_replay_halving_ordinary	5554138	0x65c0744041bdecb0a4d488b46d08d3e6638f8451536af7485e21ffffffffffff	0x0	1
TRACE	pp_replay_halving_ordinary	5560193	0x65c0744041bdecb0a4d488b46d08d3e6638f8451536af7485e21ffffffffffff	0x0	1
TRACE	pp_replay_halving_ordinary	5566248	0x65c0744041bdecb0a4d488b46d08d3e6638f8451536af7485e21ffffffffffff	0x0	1
TRACE	pp_replay_halving_ordinary	5572303	0x65c0744041bdecb0a4d488b46d08d3e6638f8451536af7485e21ffffffffffff	0x0	1
TRACE	pp_replay_halving_ordinary	5578358	0x65c0744041bdecb0a4d488b46d08d3e6638f8451536af7485e21ffffffffffff	0x0	0
TRACE	pp_replay_halving_ordinary	5584413	0x65c0744041bdecb0a4d488b46d08d3e6638f8451536af7485e21ffffffffffff	0x0	0
TRACE	pp_replay_halving_ordinary	5590468	0x65c0744041bdecb0a4d488b46d08d3e6638f8451536af7485e21ffffffffffff	0x0	0
TRACE	pp_replay_halving_ordinary	5596523	0x65c0744041bdecb0a4d488b46d08d3e6638f8451536af7485e21ffffffffffff	0x0	0
TRACE	pp_replay_halving_ordinary	5602578	0x65c0744041bdecb0a4d488b46d08d3e6638f8451536af7485e21ffffffffffff	0x0	1
TRACE	pp_replay_halving_ordinary	5608633	0x65c0744041bdecb0a4d488b46d08d3e6638f8451536af7485e21ffffffffffff	0x0	1
TRACE	pp_replay_halving_ordinary	5614688	0x65c0744041bdecb0a4d488b46d08d3e6638f8451536af7485e21ffffffffffff	0x0	0
TRACE	pp_replay_halving_ordinary	5620743	0x65c0744041bdecb0a4d488b46d08d3e6638f8451536af7485e21ffffffffffff	0x0	0
TRACE	pp_replay_halving_ordinary	5626798	0x65c0744041bdecb0a4d488b46d08d3e6638f8451536af7485e21ffffffffffff	0x0	1
TRACE	pp_replay_halving_ordinary	5632853	0x65c0744041bdecb0a4d488b46d08d3e6638f8451536af7485e21ffffffffffff	0x0	1
TRACE	pp_replay_halving_ordinary	5638908	0x65c0744041bdecb0a4d488b46d08d3e6638f8451536af7485e21ffffffffffff	0x0	0
TRACE	pp_replay_halving_ordinary	5644963	0x65c0744041bdecb0a4d488b46d08d3e6638f8451536af7485e21ffffffffffff	0x0	0
TRACE	pp_replay_halving_ordinary	5651018	0x65c0744041bdecb0a4d488b46d08d3e6638f8451536af7485e21ffffffffffff	0x0	0
TRACE	pp_replay_halving_ordinary	5657073	0x65c0744041bdecb0a4d488b46d08d3e6638f8451536af7485e21ffffffffffff	0x0	0
TRACE	pp_replay_halving_ordinary	5663128	0x65c0744041bdecb0a4d488b46d08d3e6638f8451536af7485e21ffffffffffff	0x0	1
TRACE	pp_replay_halving_ordinary	5669183	0x65c0744041bdecb0a4d488b46d08d3e6638f8451536af7485e21ffffffffffff	0x0	1
TRACE	pp_replay_halving_ordinary	5675238	0x65c0744041bdecb0a4d488b46d08d3e6638f8451536af7485e21ffffffffffff	0x0	1
TRACE	pp_replay_halving_ordinary	5681293	0x65c0744041bdecb0a4d488b46d08d3e6638f8451536af7485e21ffffffffffff	0x0	1
TRACE	pp_replay_halving_ordinary	5687348	0x65c0744041bdecb0a4d488b46d08d3e6638f8451536af7485e21ffffffffffff	0x0	1
TRACE	pp_replay_halving_ordinary	5693403	0x65c0744041bdecb0a4d488b46d08d3e6638f8451536af7485e21ffffffffffff	0x0	1
TRACE	pp_replay_halving_ordinary	5699458	0x65c0744041bdecb0a4d488b46d08d3e6638f8451536af7485e21ffffffffffff	0x0	0
TRACE	pp_replay_halving_ordinary	5705513	0x65c0744041bdecb0a4d488b46d08d3e6638f8451536af7485e21ffffffffffff	0x0	0
TRACE	pp_replay_halving_ordinary	5711568	0x65c0744041bdecb0a4d488b46d08d3e6638f8451536af7485e21ffffffffffff	0x0	1
TRACE	pp_replay_halving_ordinary	5717623	0x65c0744041bdecb0a4d488b46d08d3e6638f8451536af7485e21ffffffffffff	0x0	1
TRACE	pp_replay_halving_ordinary	5723678	0x65c0744041bdecb0a4d488b46d08d3e6638f8451536af7485e21ffffffffffff	0x0	0
TRACE	pp_replay_halving_ordinary	5729733	0x65c0744041bdecb0a4d488b46d08d3e6638f8451536af7485e21ffffffffffff	0x0	0
TRACE	pp_replay_halving_ordinary	5735788	0x65c0744041bdecb0a4d488b46d08d3e6638f8451536af7485e21ffffffffffff	0x0	1
TRACE	pp_replay_halving_ordinary	5741843	0x65c0744041bdecb0a4d488b46d08d3e6638f8451536af7485e21ffffffffffff	0x0	1
TRACE	pp_replay_halving_ordinary	5747898	0x65c0744041bdecb0a4d488b46d08d3e6638f8451536af7485e21ffffffffffff	0x0	1
TRACE	pp_replay_halving_ordinary	5753953	0x65c0744041bdecb0a4d488b46d08d3e6638f8451536af7485e21ffffffffffff	0x0	1
TRACE	pp_replay_halving_ordinary	5760008	0x65c0744041bdecb0a4d488b46d08d3e6638f8451536af7485e21ffffffffffff	0x0	1
TRACE	pp_replay_halving_ordinary	5766063	0x65c0744041bdecb0a4d488b46d08d3e6638f8451536af7485e21ffffffffffff	0x0	1
TRACE	pp_replay_halving_ordinary	5772118	0x65c0744041bdecb0a4d488b46d08d3e6638f8451536af7485e21ffffffffffff	0x0	0
TRACE	pp_replay_halving_ordinary	5778173	0x65c0744041bdecb0a4d488b46d08d3e6638f8451536af7485e21ffffffffffff	0x0	0
TRACE	pp_replay_halving_ordinary	5784228	0x65c0744041bdecb0a4d488b46d08d3e6638f8451536af7485e21ffffffffffff	0x0	1
TRACE	pp_replay_halving_ordinary	5790283	0x65c0744041bdecb0a4d488b46d08d3e6638f8451536af7485e21ffffffffffff	0x0	1
TRACE	pp_replay_halving_ordinary	5796338	0x65c0744041bdecb0a4d488b46d08d3e6638f8451536af7485e21ffffffffffff	0x0	0
TRACE	pp_replay_halving_ordinary	5802393	0x65c0744041bdecb0a4d488b46d08d3e6638f8451536af7485e21ffffffffffff	0x0	0
TRACE	pp_replay_halving_ordinary	5808448	0x65c0744041bdecb0a4d488b46d08d3e6638f8451536af7485e21ffffffffffff	0x0	0
TRACE	pp_replay_halving_ordinary	5814503	0x65c0744041bdecb0a4d488b46d08d3e6638f8451536af7485e21ffffffffffff	0x0	0
TRACE	pp_replay_halving_ordinary	5820558	0x65c0744041bdecb0a4d488b46d08d3e6638f8451536af7485e21ffffffffffff	0x0	0
TRACE	pp_replay_halving_ordinary	5826613	0x65c0744041bdecb0a4d488b46d08d3e6638f8451536af7485e21ffffffffffff	0x0	0
TRACE	pp_replay_halving_ordinary	5832668	0x65c0744041bdecb0a4d488b46d08d3e6638f8451536af7485e21ffffffffffff	0x0	1
TRACE	pp_replay_halving_ordinary	5838723	0x65c0744041bdecb0a4d488b46d08d3e6638f8451536af7485e21ffffffffffff	0x0	1
TRACE	pp_replay_halving_ordinary	5844778	0x65c0744041bdecb0a4d488b46d08d3e6638f8451536af7485e21ffffffffffff	0x0	0
TRACE	pp_replay_halving_ordinary	5850833	0x65c0744041bdecb0a4d488b46d08d3e6638f8451536af7485e21ffffffffffff	0x0	0
TRACE	pp_replay_halving_ordinary	5856888	0x65c0744041bdecb0a4d488b46d08d3e6638f8451536af7485e21ffffffffffff	0x0	1
TRACE	pp_replay_halving_ordinary	5862943	0x65c0744041bdecb0a4d488b46d08d3e6638f8451536af7485e21ffffffffffff	0x0	1
TRACE	pp_replay_halving_ordinary	5868998	0x65c0744041bdecb0a4d488b46d08d3e6638f8451536af7485e21ffffffffffff	0x0	0
TRACE	pp_replay_halving_ordinary	5875053	0x65c0744041bdecb0a4d488b46d08d3e6638f8451536af7485e21ffffffffffff	0x0	0
TRACE	pp_replay_halving_ordinary	5881108	0x65c0744041bdecb0a4d488b46d08d3e6638f8451536af7485e21ffffffffffff	0x0	0
TRACE	pp_replay_halving_ordinary	5887163	0x65c0744041bdecb0a4d488b46d08d3e6638f8451536af7485e21ffffffffffff	0x0	0
TRACE	pp_replay_halving_ordinary	5893218	0x65c0744041bdecb0a4d488b46d08d3e6638f8451536af7485e21ffffffffffff	0x0	0
TRACE	pp_replay_halving_ordinary	5899273	0x65c0744041bdecb0a4d488b46d08d3e6638f8451536af7485e21ffffffffffff	0x0	0
TRACE	pp_replay_halving_ordinary	5905328	0x65c0744041bdecb0a4d488b46d08d3e6638f8451536af7485e21ffffffffffff	0x0	0
TRACE	pp_replay_halving_ordinary	5911383	0x65c0744041bdecb0a4d488b46d08d3e6638f8451536af7485e21ffffffffffff	0x0	0
TRACE	pp_replay_halving_ordinary	5917438	0x65c0744041bdecb0a4d488b46d08d3e6638f8451536af7485e21ffffffffffff	0x0	1
TRACE	pp_replay_halving_ordinary	5923493	0x65c0744041bdecb0a4d488b46d08d3e6638f8451536af7485e21ffffffffffff	0x0	1
TRACE	pp_endpoint	5925805	0x65c0744041bdecb0a4d488b46d08d3e6638f8451536af7485e21ffffffffffff	0xfffffffffffffffffffffffffffffffffffffffffffffffffffffffefffffc2f	1
TRACE	pp_coefficient_clear	5926061	0x65c0744041bdecb0a4d488b46d08d3e6638f8451536af7485e21ffffffffffff	0xfffffffffffffffffffffffffffffffffffffffffffffffffffffffefffffc2f	1
TRACE	pp_value_reverse	7373029	0xfffffffffffffffffffffffffffffffffffffffffffffffffffffffefffff833	0xfffffffffffffffffffffffffffffffffffffffffffffffffffffffefffffc2f	1
TRACE	pp_restore_layout	7374059	0x42ee7c6aa3c35cdb5560a020c809181e848c472b5147c0b44dc91ee8e9c07833	0xfffffffffffffffffffffffffffffffffffffffffffffffffffffffefffffc2f	1
TRACE	window_qrom_3x_load_walk	7378269	0x42ee7c6aa3c35cdb5560a020c809181e848c472b5147c0b44dc91ee8e9c07833	0xfffffffffffffffffffffffffffffffffffffffffffffffffffffffefffffc2f	1
TRACE	tlm_coord_add3x	7388904	0xb029afe791598fe05641c7e2339e39338c603dbcdab23b405ba0a2fb2ea8c2cc	0xfffffffffffffffffffffffffffffffffffffffffffffffffffffffefffffc2f	1
TRACE	window_qrom_3x_unload_walk	7389416	0xb029afe791598fe05641c7e2339e39338c603dbcdab23b405ba0a2fb2ea8c2cc	0xfffffffffffffffffffffffffffffffffffffffffffffffffffffffefffffc2f	0
TRACE	window_qrom_3x_unload_clear	7394316	0xb029afe791598fe05641c7e2339e39338c603dbcdab23b405ba0a2fb2ea8c2cc	0xfffffffffffffffffffffffffffffffffffffffffffffffffffffffefffffc2f	1
TRACE	tlm_square	7394572	0xb029afe791598fe05641c7e2339e39338c603dbcdab23b405ba0a2fb2ea8c2cc	0xfffffffffffffffffffffffffffffffffffffffffffffffffffffffefffffc2f	1
TRACE	square_product_register	8318545	0xb029afe791598fe05641c7e2339e39338c603dbcdab23b405ba0a2fb2ea8c2cc	0xfffffffffffffffffffffffffffffffffffffffffffffffffffffffefffffc2f	1
TRACE	pp_setup	8318795	0xb029afe791598fe05641c7e2339e39338c603dbcdab23b405ba0a2fb2ea8c2cc	0xfffffffffffffffffffffffffffffffffffffffffffffffffffffffefffffc2f	1
TRACE	pp_value_forward	9768237	0x6573f28204a5498cf54a929088b66bbe7a7e3d21935e33fec1800000000007ff	0xfffffffffffffffffffffffffffffffffffffffffffffffffffffffefffffc2f	1
TRACE	pp_coefficient_allocate	9768493	0x6573f28204a5498cf54a929088b66bbe7a7e3d21935e33fec1800000000007ff	0xfffffffffffffffffffffffffffffffffffffffffffffffffffffffefffffc2f	1
COEFFICIENT	pp_coefficient_allocate	9768493	0xfffffffffffffffffffffffffffffffffffffffffffffffffffffffefffffc2f
TRACE	pp_endpoint	9770549	0x6573f28204a5498cf54a929088b66bbe7a7e3d21935e33fec1800000000007ff	0x0	1
COEFFICIENT	pp_endpoint	9770549	0x0
TRACE	pp_replay_inverse_ordinary	9776610	0x6573f28204a5498cf54a929088b66bbe7a7e3d21935e33fec1800000000007ff	0x0	1
COEFFICIENT	pp_replay_inverse_ordinary	9776610	0x0
TRACE	pp_replay_inverse_ordinary	9782671	0x6573f28204a5498cf54a929088b66bbe7a7e3d21935e33fec1800000000007ff	0x0	1
COEFFICIENT	pp_replay_inverse_ordinary	9782671	0x0
TRACE	pp_replay_inverse_ordinary	9788732	0x6573f28204a5498cf54a929088b66bbe7a7e3d21935e33fec1800000000007ff	0x0	1
COEFFICIENT	pp_replay_inverse_ordinary	9788732	0x0
TRACE	pp_replay_inverse_ordinary	9794793	0x6573f28204a5498cf54a929088b66bbe7a7e3d21935e33fec1800000000007ff	0x0	1
COEFFICIENT	pp_replay_inverse_ordinary	9794793	0x0
TRACE	pp_replay_inverse_ordinary	9800854	0x6573f28204a5498cf54a929088b66bbe7a7e3d21935e33fec1800000000007ff	0x0	1
COEFFICIENT	pp_replay_inverse_ordinary	9800854	0x0
TRACE	pp_replay_inverse_ordinary	9806915	0x6573f28204a5498cf54a929088b66bbe7a7e3d21935e33fec1800000000007ff	0x0	1
COEFFICIENT	pp_replay_inverse_ordinary	9806915	0x0
TRACE	pp_replay_inverse_ordinary	9812976	0x6573f28204a5498cf54a929088b66bbe7a7e3d21935e33fec1800000000007ff	0x0	1
COEFFICIENT	pp_replay_inverse_ordinary	9812976	0x0
TRACE	pp_replay_inverse_ordinary	9819037	0x6573f28204a5498cf54a929088b66bbe7a7e3d21935e33fec1800000000007ff	0x0	1
COEFFICIENT	pp_replay_inverse_ordinary	9819037	0x0
TRACE	pp_replay_inverse_ordinary	9825098	0x6573f28204a5498cf54a929088b66bbe7a7e3d21935e33fec1800000000007ff	0x0	1
COEFFICIENT	pp_replay_inverse_ordinary	9825098	0x0
TRACE	pp_replay_inverse_ordinary	9831159	0x6573f28204a5498cf54a929088b66bbe7a7e3d21935e33fec1800000000007ff	0x0	1
COEFFICIENT	pp_replay_inverse_ordinary	9831159	0x0
TRACE	pp_replay_inverse_ordinary	9837220	0x6573f28204a5498cf54a929088b66bbe7a7e3d21935e33fec1800000000007ff	0x0	1
COEFFICIENT	pp_replay_inverse_ordinary	9837220	0x0
TRACE	pp_replay_inverse_ordinary	9843281	0x6573f28204a5498cf54a929088b66bbe7a7e3d21935e33fec1800000000007ff	0x0	1
COEFFICIENT	pp_replay_inverse_ordinary	9843281	0x0
TRACE	pp_replay_inverse_ordinary	9849342	0x6573f28204a5498cf54a929088b66bbe7a7e3d21935e33fec1800000000007ff	0x0	1
COEFFICIENT	pp_replay_inverse_ordinary	9849342	0x0
TRACE	pp_replay_inverse_ordinary	9855403	0x6573f28204a5498cf54a929088b66bbe7a7e3d21935e33fec1800000000007ff	0x0	1
COEFFICIENT	pp_replay_inverse_ordinary	9855403	0x0
TRACE	pp_replay_inverse_ordinary	9861464	0x6573f28204a5498cf54a929088b66bbe7a7e3d21935e33fec1800000000007ff	0x0	1
COEFFICIENT	pp_replay_inverse_ordinary	9861464	0x0
TRACE	pp_replay_inverse_ordinary	9867525	0x6573f28204a5498cf54a929088b66bbe7a7e3d21935e33fec1800000000007ff	0x0	1
COEFFICIENT	pp_replay_inverse_ordinary	9867525	0x0
TRACE	pp_replay_inverse_ordinary	9873586	0x6573f28204a5498cf54a929088b66bbe7a7e3d21935e33fec1800000000007ff	0x0	1
COEFFICIENT	pp_replay_inverse_ordinary	9873586	0x0
TRACE	pp_replay_inverse_ordinary	9879647	0x6573f28204a5498cf54a929088b66bbe7a7e3d21935e33fec1800000000007ff	0x0	1
COEFFICIENT	pp_replay_inverse_ordinary	9879647	0x0
TRACE	pp_replay_inverse_ordinary	9885708	0x6573f28204a5498cf54a929088b66bbe7a7e3d21935e33fec1800000000007ff	0x0	1
COEFFICIENT	pp_replay_inverse_ordinary	9885708	0x0
TRACE	pp_replay_inverse_ordinary	9891769	0x6573f28204a5498cf54a929088b66bbe7a7e3d21935e33fec1800000000007ff	0x0	1
COEFFICIENT	pp_replay_inverse_ordinary	9891769	0x0
TRACE	pp_replay_inverse_ordinary	9897830	0x6573f28204a5498cf54a929088b66bbe7a7e3d21935e33fec1800000000007ff	0x0	1
COEFFICIENT	pp_replay_inverse_ordinary	9897830	0x0
TRACE	pp_replay_inverse_ordinary	9903891	0x6573f28204a5498cf54a929088b66bbe7a7e3d21935e33fec1800000000007ff	0x0	1
COEFFICIENT	pp_replay_inverse_ordinary	9903891	0x0
TRACE	pp_replay_inverse_ordinary	9909952	0x6573f28204a5498cf54a929088b66bbe7a7e3d21935e33fec1800000000007ff	0x0	1
COEFFICIENT	pp_replay_inverse_ordinary	9909952	0x0
TRACE	pp_replay_inverse_ordinary	9916013	0x6573f28204a5498cf54a929088b66bbe7a7e3d21935e33fec1800000000007ff	0x0	1
COEFFICIENT	pp_replay_inverse_ordinary	9916013	0x0
TRACE	pp_replay_inverse_ordinary	9922074	0x6573f28204a5498cf54a929088b66bbe7a7e3d21935e33fec1800000000007ff	0x0	1
COEFFICIENT	pp_replay_inverse_ordinary	9922074	0x0
TRACE	pp_replay_inverse_ordinary	9928135	0x6573f28204a5498cf54a929088b66bbe7a7e3d21935e33fec1800000000007ff	0x0	1
COEFFICIENT	pp_replay_inverse_ordinary	9928135	0x0
TRACE	pp_replay_inverse_ordinary	9934196	0x6573f28204a5498cf54a929088b66bbe7a7e3d21935e33fec1800000000007ff	0x0	1
COEFFICIENT	pp_replay_inverse_ordinary	9934196	0x0
TRACE	pp_replay_inverse_ordinary	9940257	0x6573f28204a5498cf54a929088b66bbe7a7e3d21935e33fec1800000000007ff	0x0	1
COEFFICIENT	pp_replay_inverse_ordinary	9940257	0x0
TRACE	pp_replay_inverse_ordinary	9946318	0x6573f28204a5498cf54a929088b66bbe7a7e3d21935e33fec1800000000007ff	0x0	1
COEFFICIENT	pp_replay_inverse_ordinary	9946318	0x0
TRACE	pp_replay_inverse_ordinary	9952379	0x6573f28204a5498cf54a929088b66bbe7a7e3d21935e33fec1800000000007ff	0x0	1
COEFFICIENT	pp_replay_inverse_ordinary	9952379	0x0
TRACE	pp_replay_inverse_ordinary	9958440	0x6573f28204a5498cf54a929088b66bbe7a7e3d21935e33fec1800000000007ff	0x0	1
COEFFICIENT	pp_replay_inverse_ordinary	9958440	0x0
TRACE	pp_replay_inverse_ordinary	9964501	0x6573f28204a5498cf54a929088b66bbe7a7e3d21935e33fec1800000000007ff	0x0	1
COEFFICIENT	pp_replay_inverse_ordinary	9964501	0x0
TRACE	pp_replay_inverse_ordinary	9970562	0x6573f28204a5498cf54a929088b66bbe7a7e3d21935e33fec1800000000007ff	0x0	1
COEFFICIENT	pp_replay_inverse_ordinary	9970562	0x0
TRACE	pp_replay_inverse_ordinary	9976623	0x6573f28204a5498cf54a929088b66bbe7a7e3d21935e33fec1800000000007ff	0x0	1
COEFFICIENT	pp_replay_inverse_ordinary	9976623	0x0
TRACE	pp_replay_inverse_ordinary	9982684	0x6573f28204a5498cf54a929088b66bbe7a7e3d21935e33fec1800000000007ff	0x0	1
COEFFICIENT	pp_replay_inverse_ordinary	9982684	0x0
TRACE	pp_replay_inverse_ordinary	9988745	0x6573f28204a5498cf54a929088b66bbe7a7e3d21935e33fec1800000000007ff	0x0	1
COEFFICIENT	pp_replay_inverse_ordinary	9988745	0x0
TRACE	pp_replay_inverse_ordinary	9994806	0x6573f28204a5498cf54a929088b66bbe7a7e3d21935e33fec1800000000007ff	0x0	1
COEFFICIENT	pp_replay_inverse_ordinary	9994806	0x0
TRACE	pp_replay_inverse_ordinary	10000867	0x6573f28204a5498cf54a929088b66bbe7a7e3d21935e33fec1800000000007ff	0x0	1
COEFFICIENT	pp_replay_inverse_ordinary	10000867	0x0
TRACE	pp_replay_inverse_ordinary	10006928	0x6573f28204a5498cf54a929088b66bbe7a7e3d21935e33fec1800000000007ff	0x0	1
COEFFICIENT	pp_replay_inverse_ordinary	10006928	0x0
TRACE	pp_replay_inverse_ordinary	10012989	0x6573f28204a5498cf54a929088b66bbe7a7e3d21935e33fec1800000000007ff	0x0	1
COEFFICIENT	pp_replay_inverse_ordinary	10012989	0x0
TRACE	pp_replay_inverse_ordinary	10019050	0x6573f28204a5498cf54a929088b66bbe7a7e3d21935e33fec1800000000007ff	0x0	1
COEFFICIENT	pp_replay_inverse_ordinary	10019050	0x0
TRACE	pp_replay_inverse_ordinary	10025111	0x6573f28204a5498cf54a929088b66bbe7a7e3d21935e33fec1800000000007ff	0x0	1
COEFFICIENT	pp_replay_inverse_ordinary	10025111	0x0
TRACE	pp_replay_inverse_ordinary	10031172	0x6573f28204a5498cf54a929088b66bbe7a7e3d21935e33fec1800000000007ff	0x0	1
COEFFICIENT	pp_replay_inverse_ordinary	10031172	0x0
TRACE	pp_replay_inverse_ordinary	10037233	0x6573f28204a5498cf54a929088b66bbe7a7e3d21935e33fec1800000000007ff	0x0	1
COEFFICIENT	pp_replay_inverse_ordinary	10037233	0x0
TRACE	pp_replay_inverse_ordinary	10043294	0x6573f28204a5498cf54a929088b66bbe7a7e3d21935e33fec1800000000007ff	0x0	1
COEFFICIENT	pp_replay_inverse_ordinary	10043294	0x0
TRACE	pp_replay_inverse_ordinary	10049355	0x6573f28204a5498cf54a929088b66bbe7a7e3d21935e33fec1800000000007ff	0x0	1
COEFFICIENT	pp_replay_inverse_ordinary	10049355	0x0
TRACE	pp_replay_inverse_ordinary	10055416	0x6573f28204a5498cf54a929088b66bbe7a7e3d21935e33fec1800000000007ff	0x0	1
COEFFICIENT	pp_replay_inverse_ordinary	10055416	0x0
TRACE	pp_replay_inverse_ordinary	10061477	0x6573f28204a5498cf54a929088b66bbe7a7e3d21935e33fec1800000000007ff	0x0	1
COEFFICIENT	pp_replay_inverse_ordinary	10061477	0x0
TRACE	pp_replay_inverse_ordinary	10067538	0x6573f28204a5498cf54a929088b66bbe7a7e3d21935e33fec1800000000007ff	0x0	1
COEFFICIENT	pp_replay_inverse_ordinary	10067538	0x0
TRACE	pp_replay_inverse_ordinary	10073599	0x6573f28204a5498cf54a929088b66bbe7a7e3d21935e33fec1800000000007ff	0x0	1
COEFFICIENT	pp_replay_inverse_ordinary	10073599	0x0
TRACE	pp_replay_inverse_ordinary	10079660	0x6573f28204a5498cf54a929088b66bbe7a7e3d21935e33fec1800000000007ff	0x0	1
COEFFICIENT	pp_replay_inverse_ordinary	10079660	0x0
TRACE	pp_replay_inverse_ordinary	10085721	0x6573f28204a5498cf54a929088b66bbe7a7e3d21935e33fec1800000000007ff	0x0	1
COEFFICIENT	pp_replay_inverse_ordinary	10085721	0x0
TRACE	pp_replay_inverse_ordinary	10091782	0x6573f28204a5498cf54a929088b66bbe7a7e3d21935e33fec1800000000007ff	0x0	1
COEFFICIENT	pp_replay_inverse_ordinary	10091782	0x0
TRACE	pp_replay_inverse_ordinary	10097843	0x6573f28204a5498cf54a929088b66bbe7a7e3d21935e33fec1800000000007ff	0x0	1
COEFFICIENT	pp_replay_inverse_ordinary	10097843	0x0
TRACE	pp_replay_inverse_ordinary	10103904	0x6573f28204a5498cf54a929088b66bbe7a7e3d21935e33fec1800000000007ff	0x0	1
COEFFICIENT	pp_replay_inverse_ordinary	10103904	0x0
TRACE	pp_replay_inverse_ordinary	10109965	0x6573f28204a5498cf54a929088b66bbe7a7e3d21935e33fec1800000000007ff	0x0	1
COEFFICIENT	pp_replay_inverse_ordinary	10109965	0x0
TRACE	pp_replay_inverse_ordinary	10116026	0x6573f28204a5498cf54a929088b66bbe7a7e3d21935e33fec1800000000007ff	0x0	1
COEFFICIENT	pp_replay_inverse_ordinary	10116026	0x0
TRACE	pp_replay_inverse_ordinary	10122087	0x6573f28204a5498cf54a929088b66bbe7a7e3d21935e33fec1800000000007ff	0x0	1
COEFFICIENT	pp_replay_inverse_ordinary	10122087	0x0
TRACE	pp_replay_inverse_ordinary	10128148	0x6573f28204a5498cf54a929088b66bbe7a7e3d21935e33fec1800000000007ff	0x0	1
COEFFICIENT	pp_replay_inverse_ordinary	10128148	0x0
TRACE	pp_replay_inverse_ordinary	10134209	0x6573f28204a5498cf54a929088b66bbe7a7e3d21935e33fec1800000000007ff	0x0	1
COEFFICIENT	pp_replay_inverse_ordinary	10134209	0x0
TRACE	pp_replay_inverse_ordinary	10140270	0x6573f28204a5498cf54a929088b66bbe7a7e3d21935e33fec1800000000007ff	0x0	1
COEFFICIENT	pp_replay_inverse_ordinary	10140270	0x0
TRACE	pp_replay_inverse_ordinary	10146331	0x6573f28204a5498cf54a929088b66bbe7a7e3d21935e33fec1800000000007ff	0x0	1
COEFFICIENT	pp_replay_inverse_ordinary	10146331	0x0
TRACE	pp_replay_inverse_ordinary	10152392	0x6573f28204a5498cf54a929088b66bbe7a7e3d21935e33fec1800000000007ff	0x0	1
COEFFICIENT	pp_replay_inverse_ordinary	10152392	0x0
TRACE	pp_replay_inverse_ordinary	10158453	0x6573f28204a5498cf54a929088b66bbe7a7e3d21935e33fec1800000000007ff	0x0	1
COEFFICIENT	pp_replay_inverse_ordinary	10158453	0x0
TRACE	pp_replay_inverse_ordinary	10164514	0x6573f28204a5498cf54a929088b66bbe7a7e3d21935e33fec1800000000007ff	0x0	1
COEFFICIENT	pp_replay_inverse_ordinary	10164514	0x0
TRACE	pp_replay_inverse_ordinary	10170575	0x6573f28204a5498cf54a929088b66bbe7a7e3d21935e33fec1800000000007ff	0x0	1
COEFFICIENT	pp_replay_inverse_ordinary	10170575	0x0
TRACE	pp_replay_inverse_ordinary	10176636	0x6573f28204a5498cf54a929088b66bbe7a7e3d21935e33fec1800000000007ff	0x0	1
COEFFICIENT	pp_replay_inverse_ordinary	10176636	0x0
TRACE	pp_replay_inverse_ordinary	10182697	0x6573f28204a5498cf54a929088b66bbe7a7e3d21935e33fec1800000000007ff	0x0	1
COEFFICIENT	pp_replay_inverse_ordinary	10182697	0x0
TRACE	pp_replay_inverse_ordinary	10188758	0x6573f28204a5498cf54a929088b66bbe7a7e3d21935e33fec1800000000007ff	0x0	1
COEFFICIENT	pp_replay_inverse_ordinary	10188758	0x0
TRACE	pp_replay_inverse_ordinary	10194819	0x6573f28204a5498cf54a929088b66bbe7a7e3d21935e33fec1800000000007ff	0x0	1
COEFFICIENT	pp_replay_inverse_ordinary	10194819	0x0
TRACE	pp_replay_inverse_ordinary	10200880	0x6573f28204a5498cf54a929088b66bbe7a7e3d21935e33fec1800000000007ff	0x0	1
COEFFICIENT	pp_replay_inverse_ordinary	10200880	0x0
TRACE	pp_replay_inverse_ordinary	10206941	0x6573f28204a5498cf54a929088b66bbe7a7e3d21935e33fec1800000000007ff	0x0	1
COEFFICIENT	pp_replay_inverse_ordinary	10206941	0x0
TRACE	pp_replay_inverse_ordinary	10213002	0x6573f28204a5498cf54a929088b66bbe7a7e3d21935e33fec1800000000007ff	0x0	1
COEFFICIENT	pp_replay_inverse_ordinary	10213002	0x0
TRACE	pp_replay_inverse_ordinary	10219063	0x6573f28204a5498cf54a929088b66bbe7a7e3d21935e33fec1800000000007ff	0x0	1
COEFFICIENT	pp_replay_inverse_ordinary	10219063	0x0
TRACE	pp_replay_inverse_ordinary	10225124	0x6573f28204a5498cf54a929088b66bbe7a7e3d21935e33fec1800000000007ff	0x0	1
COEFFICIENT	pp_replay_inverse_ordinary	10225124	0x0
TRACE	pp_replay_inverse_ordinary	10231185	0x6573f28204a5498cf54a929088b66bbe7a7e3d21935e33fec1800000000007ff	0x0	1
COEFFICIENT	pp_replay_inverse_ordinary	10231185	0x0
TRACE	pp_replay_inverse_ordinary	10237246	0x6573f28204a5498cf54a929088b66bbe7a7e3d21935e33fec1800000000007ff	0x0	1
COEFFICIENT	pp_replay_inverse_ordinary	10237246	0x0
TRACE	pp_replay_inverse_ordinary	10243307	0x6573f28204a5498cf54a929088b66bbe7a7e3d21935e33fec1800000000007ff	0x0	1
COEFFICIENT	pp_replay_inverse_ordinary	10243307	0x0
TRACE	pp_replay_inverse_ordinary	10249368	0x6573f28204a5498cf54a929088b66bbe7a7e3d21935e33fec1800000000007ff	0x0	1
COEFFICIENT	pp_replay_inverse_ordinary	10249368	0x0
TRACE	pp_replay_inverse_ordinary	10255429	0x6573f28204a5498cf54a929088b66bbe7a7e3d21935e33fec1800000000007ff	0x0	1
COEFFICIENT	pp_replay_inverse_ordinary	10255429	0x0
TRACE	pp_replay_inverse_ordinary	10261490	0x6573f28204a5498cf54a929088b66bbe7a7e3d21935e33fec1800000000007ff	0x0	1
COEFFICIENT	pp_replay_inverse_ordinary	10261490	0x0
TRACE	pp_replay_inverse_ordinary	10267551	0x6573f28204a5498cf54a929088b66bbe7a7e3d21935e33fec1800000000007ff	0x0	1
COEFFICIENT	pp_replay_inverse_ordinary	10267551	0x0
TRACE	pp_replay_inverse_ordinary	10273612	0x6573f28204a5498cf54a929088b66bbe7a7e3d21935e33fec1800000000007ff	0x0	1
COEFFICIENT	pp_replay_inverse_ordinary	10273612	0x0
TRACE	pp_replay_inverse_ordinary	10279673	0x6573f28204a5498cf54a929088b66bbe7a7e3d21935e33fec1800000000007ff	0x0	1
COEFFICIENT	pp_replay_inverse_ordinary	10279673	0x0
TRACE	pp_replay_inverse_ordinary	10285734	0x6573f28204a5498cf54a929088b66bbe7a7e3d21935e33fec1800000000007ff	0x0	1
COEFFICIENT	pp_replay_inverse_ordinary	10285734	0x0
TRACE	pp_replay_inverse_ordinary	10291795	0x6573f28204a5498cf54a929088b66bbe7a7e3d21935e33fec1800000000007ff	0x0	1
COEFFICIENT	pp_replay_inverse_ordinary	10291795	0x0
TRACE	pp_replay_inverse_ordinary	10297856	0x6573f28204a5498cf54a929088b66bbe7a7e3d21935e33fec1800000000007ff	0x0	1
COEFFICIENT	pp_replay_inverse_ordinary	10297856	0x0
TRACE	pp_replay_inverse_ordinary	10303917	0x6573f28204a5498cf54a929088b66bbe7a7e3d21935e33fec1800000000007ff	0x0	1
COEFFICIENT	pp_replay_inverse_ordinary	10303917	0x0
TRACE	pp_replay_inverse_ordinary	10309978	0x6573f28204a5498cf54a929088b66bbe7a7e3d21935e33fec1800000000007ff	0x0	1
COEFFICIENT	pp_replay_inverse_ordinary	10309978	0x0
TRACE	pp_replay_inverse_ordinary	10316039	0x6573f28204a5498cf54a929088b66bbe7a7e3d21935e33fec1800000000007ff	0x0	1
COEFFICIENT	pp_replay_inverse_ordinary	10316039	0x0
TRACE	pp_replay_inverse_ordinary	10322100	0x6573f28204a5498cf54a929088b66bbe7a7e3d21935e33fec1800000000007ff	0x0	1
COEFFICIENT	pp_replay_inverse_ordinary	10322100	0x0
TRACE	pp_replay_inverse_ordinary	10328161	0x6573f28204a5498cf54a929088b66bbe7a7e3d21935e33fec1800000000007ff	0x0	1
COEFFICIENT	pp_replay_inverse_ordinary	10328161	0x0
TRACE	pp_replay_inverse_ordinary	10334222	0x6573f28204a5498cf54a929088b66bbe7a7e3d21935e33fec1800000000007ff	0x0	1
COEFFICIENT	pp_replay_inverse_ordinary	10334222	0x0
TRACE	pp_replay_inverse_ordinary	10340283	0x6573f28204a5498cf54a929088b66bbe7a7e3d21935e33fec1800000000007ff	0x0	1
COEFFICIENT	pp_replay_inverse_ordinary	10340283	0x0
TRACE	pp_replay_inverse_ordinary	10346344	0x6573f28204a5498cf54a929088b66bbe7a7e3d21935e33fec1800000000007ff	0x0	1
COEFFICIENT	pp_replay_inverse_ordinary	10346344	0x0
TRACE	pp_replay_inverse_ordinary	10352405	0x6573f28204a5498cf54a929088b66bbe7a7e3d21935e33fec1800000000007ff	0x0	1
COEFFICIENT	pp_replay_inverse_ordinary	10352405	0x0
TRACE	pp_replay_inverse_ordinary	10358466	0x6573f28204a5498cf54a929088b66bbe7a7e3d21935e33fec1800000000007ff	0x0	1
COEFFICIENT	pp_replay_inverse_ordinary	10358466	0x0
TRACE	pp_replay_inverse_ordinary	10364527	0x6573f28204a5498cf54a929088b66bbe7a7e3d21935e33fec1800000000007ff	0x0	1
COEFFICIENT	pp_replay_inverse_ordinary	10364527	0x0
TRACE	pp_replay_inverse_ordinary	10370588	0x6573f28204a5498cf54a929088b66bbe7a7e3d21935e33fec1800000000007ff	0x0	1
COEFFICIENT	pp_replay_inverse_ordinary	10370588	0x0
TRACE	pp_replay_inverse_ordinary	10376649	0x6573f28204a5498cf54a929088b66bbe7a7e3d21935e33fec1800000000007ff	0x0	1
COEFFICIENT	pp_replay_inverse_ordinary	10376649	0x0
TRACE	pp_replay_inverse_ordinary	10382710	0x6573f28204a5498cf54a929088b66bbe7a7e3d21935e33fec1800000000007ff	0x0	1
COEFFICIENT	pp_replay_inverse_ordinary	10382710	0x0
TRACE	pp_replay_inverse_ordinary	10388771	0x6573f28204a5498cf54a929088b66bbe7a7e3d21935e33fec1800000000007ff	0x0	1
COEFFICIENT	pp_replay_inverse_ordinary	10388771	0x0
TRACE	pp_replay_inverse_ordinary	10394832	0x6573f28204a5498cf54a929088b66bbe7a7e3d21935e33fec1800000000007ff	0x0	1
COEFFICIENT	pp_replay_inverse_ordinary	10394832	0x0
TRACE	pp_replay_inverse_ordinary	10400893	0x6573f28204a5498cf54a929088b66bbe7a7e3d21935e33fec1800000000007ff	0x0	1
COEFFICIENT	pp_replay_inverse_ordinary	10400893	0x0
TRACE	pp_replay_inverse_ordinary	10406954	0x6573f28204a5498cf54a929088b66bbe7a7e3d21935e33fec1800000000007ff	0x0	1
COEFFICIENT	pp_replay_inverse_ordinary	10406954	0x0
TRACE	pp_replay_inverse_ordinary	10413015	0x6573f28204a5498cf54a929088b66bbe7a7e3d21935e33fec1800000000007ff	0x0	1
COEFFICIENT	pp_replay_inverse_ordinary	10413015	0x0
TRACE	pp_replay_inverse_ordinary	10419076	0x6573f28204a5498cf54a929088b66bbe7a7e3d21935e33fec1800000000007ff	0x0	1
COEFFICIENT	pp_replay_inverse_ordinary	10419076	0x0
TRACE	pp_replay_inverse_ordinary	10425137	0x6573f28204a5498cf54a929088b66bbe7a7e3d21935e33fec1800000000007ff	0x0	1
COEFFICIENT	pp_replay_inverse_ordinary	10425137	0x0
TRACE	pp_replay_inverse_ordinary	10431198	0x6573f28204a5498cf54a929088b66bbe7a7e3d21935e33fec1800000000007ff	0x0	1
COEFFICIENT	pp_replay_inverse_ordinary	10431198	0x0
TRACE	pp_replay_inverse_ordinary	10437259	0x6573f28204a5498cf54a929088b66bbe7a7e3d21935e33fec1800000000007ff	0x0	1
COEFFICIENT	pp_replay_inverse_ordinary	10437259	0x0
TRACE	pp_replay_inverse_ordinary	10443320	0x6573f28204a5498cf54a929088b66bbe7a7e3d21935e33fec1800000000007ff	0x0	1
COEFFICIENT	pp_replay_inverse_ordinary	10443320	0x0
TRACE	pp_replay_inverse_ordinary	10449381	0x6573f28204a5498cf54a929088b66bbe7a7e3d21935e33fec1800000000007ff	0x0	1
COEFFICIENT	pp_replay_inverse_ordinary	10449381	0x0
TRACE	pp_replay_inverse_ordinary	10455442	0x6573f28204a5498cf54a929088b66bbe7a7e3d21935e33fec1800000000007ff	0x0	1
COEFFICIENT	pp_replay_inverse_ordinary	10455442	0x0
TRACE	pp_replay_inverse_ordinary	10461503	0x6573f28204a5498cf54a929088b66bbe7a7e3d21935e33fec1800000000007ff	0x0	1
COEFFICIENT	pp_replay_inverse_ordinary	10461503	0x0
TRACE	pp_replay_inverse_ordinary	10467564	0x6573f28204a5498cf54a929088b66bbe7a7e3d21935e33fec1800000000007ff	0x0	1
COEFFICIENT	pp_replay_inverse_ordinary	10467564	0x0
TRACE	pp_replay_inverse_ordinary	10473625	0x6573f28204a5498cf54a929088b66bbe7a7e3d21935e33fec1800000000007ff	0x0	1
COEFFICIENT	pp_replay_inverse_ordinary	10473625	0x0
TRACE	pp_replay_inverse_ordinary	10479686	0x6573f28204a5498cf54a929088b66bbe7a7e3d21935e33fec1800000000007ff	0x0	1
COEFFICIENT	pp_replay_inverse_ordinary	10479686	0x0
TRACE	pp_replay_inverse_ordinary	10485747	0x6573f28204a5498cf54a929088b66bbe7a7e3d21935e33fec1800000000007ff	0x0	1
COEFFICIENT	pp_replay_inverse_ordinary	10485747	0x0
TRACE	pp_replay_inverse_ordinary	10491808	0x6573f28204a5498cf54a929088b66bbe7a7e3d21935e33fec1800000000007ff	0x0	1
COEFFICIENT	pp_replay_inverse_ordinary	10491808	0x0
TRACE	pp_replay_inverse_ordinary	10497869	0x6573f28204a5498cf54a929088b66bbe7a7e3d21935e33fec1800000000007ff	0x0	1
COEFFICIENT	pp_replay_inverse_ordinary	10497869	0x0
TRACE	pp_replay_inverse_ordinary	10503930	0x6573f28204a5498cf54a929088b66bbe7a7e3d21935e33fec1800000000007ff	0x0	1
COEFFICIENT	pp_replay_inverse_ordinary	10503930	0x0
TRACE	pp_replay_inverse_ordinary	10509991	0x6573f28204a5498cf54a929088b66bbe7a7e3d21935e33fec1800000000007ff	0x0	1
COEFFICIENT	pp_replay_inverse_ordinary	10509991	0x0
TRACE	pp_replay_inverse_ordinary	10516052	0x6573f28204a5498cf54a929088b66bbe7a7e3d21935e33fec1800000000007ff	0x0	1
COEFFICIENT	pp_replay_inverse_ordinary	10516052	0x0
TRACE	pp_replay_inverse_ordinary	10522113	0x6573f28204a5498cf54a929088b66bbe7a7e3d21935e33fec1800000000007ff	0x0	1
COEFFICIENT	pp_replay_inverse_ordinary	10522113	0x0
TRACE	pp_replay_inverse_ordinary	10528174	0x6573f28204a5498cf54a929088b66bbe7a7e3d21935e33fec1800000000007ff	0x0	1
COEFFICIENT	pp_replay_inverse_ordinary	10528174	0x0
TRACE	pp_replay_inverse_ordinary	10534235	0x6573f28204a5498cf54a929088b66bbe7a7e3d21935e33fec1800000000007ff	0x0	1
COEFFICIENT	pp_replay_inverse_ordinary	10534235	0x0
TRACE	pp_replay_inverse_ordinary	10540296	0x6573f28204a5498cf54a929088b66bbe7a7e3d21935e33fec1800000000007ff	0x0	1
COEFFICIENT	pp_replay_inverse_ordinary	10540296	0x0
TRACE	pp_replay_inverse_ordinary	10546357	0x6573f28204a5498cf54a929088b66bbe7a7e3d21935e33fec1800000000007ff	0x0	1
COEFFICIENT	pp_replay_inverse_ordinary	10546357	0x0
TRACE	pp_replay_inverse_ordinary	10552418	0x6573f28204a5498cf54a929088b66bbe7a7e3d21935e33fec1800000000007ff	0x0	1
COEFFICIENT	pp_replay_inverse_ordinary	10552418	0x0
TRACE	pp_replay_inverse_ordinary	10558479	0x6573f28204a5498cf54a929088b66bbe7a7e3d21935e33fec1800000000007ff	0x0	1
COEFFICIENT	pp_replay_inverse_ordinary	10558479	0x0
TRACE	pp_replay_inverse_ordinary	10564540	0x6573f28204a5498cf54a929088b66bbe7a7e3d21935e33fec1800000000007ff	0x0	1
COEFFICIENT	pp_replay_inverse_ordinary	10564540	0x0
TRACE	pp_replay_inverse_ordinary	10570601	0x6573f28204a5498cf54a929088b66bbe7a7e3d21935e33fec1800000000007ff	0x0	1
COEFFICIENT	pp_replay_inverse_ordinary	10570601	0x0
TRACE	pp_replay_inverse_ordinary	10576662	0x6573f28204a5498cf54a929088b66bbe7a7e3d21935e33fec1800000000007ff	0x0	1
COEFFICIENT	pp_replay_inverse_ordinary	10576662	0x0
TRACE	pp_replay_inverse_ordinary	10582723	0x6573f28204a5498cf54a929088b66bbe7a7e3d21935e33fec1800000000007ff	0x0	1
COEFFICIENT	pp_replay_inverse_ordinary	10582723	0x0
TRACE	pp_replay_inverse_ordinary	10588784	0x6573f28204a5498cf54a929088b66bbe7a7e3d21935e33fec1800000000007ff	0x0	1
COEFFICIENT	pp_replay_inverse_ordinary	10588784	0x0
TRACE	pp_replay_inverse_ordinary	10594845	0x6573f28204a5498cf54a929088b66bbe7a7e3d21935e33fec1800000000007ff	0x0	1
COEFFICIENT	pp_replay_inverse_ordinary	10594845	0x0
TRACE	pp_replay_inverse_ordinary	10600906	0x6573f28204a5498cf54a929088b66bbe7a7e3d21935e33fec1800000000007ff	0x0	1
COEFFICIENT	pp_replay_inverse_ordinary	10600906	0x0
TRACE	pp_replay_inverse_ordinary	10606967	0x6573f28204a5498cf54a929088b66bbe7a7e3d21935e33fec1800000000007ff	0x0	1
COEFFICIENT	pp_replay_inverse_ordinary	10606967	0x0
TRACE	pp_replay_inverse_ordinary	10613028	0x6573f28204a5498cf54a929088b66bbe7a7e3d21935e33fec1800000000007ff	0x0	1
COEFFICIENT	pp_replay_inverse_ordinary	10613028	0x0
TRACE	pp_replay_inverse_ordinary	10619089	0x6573f28204a5498cf54a929088b66bbe7a7e3d21935e33fec1800000000007ff	0x0	1
COEFFICIENT	pp_replay_inverse_ordinary	10619089	0x0
TRACE	pp_replay_inverse_ordinary	10625150	0x6573f28204a5498cf54a929088b66bbe7a7e3d21935e33fec1800000000007ff	0x0	1
COEFFICIENT	pp_replay_inverse_ordinary	10625150	0x0
TRACE	pp_replay_inverse_ordinary	10631211	0x6573f28204a5498cf54a929088b66bbe7a7e3d21935e33fec1800000000007ff	0x0	1
COEFFICIENT	pp_replay_inverse_ordinary	10631211	0x0
TRACE	pp_replay_inverse_ordinary	10637272	0x6573f28204a5498cf54a929088b66bbe7a7e3d21935e33fec1800000000007ff	0x0	1
COEFFICIENT	pp_replay_inverse_ordinary	10637272	0x0
TRACE	pp_replay_inverse_ordinary	10643333	0x6573f28204a5498cf54a929088b66bbe7a7e3d21935e33fec1800000000007ff	0x0	1
COEFFICIENT	pp_replay_inverse_ordinary	10643333	0x0
TRACE	pp_replay_inverse_ordinary	10649394	0x6573f28204a5498cf54a929088b66bbe7a7e3d21935e33fec1800000000007ff	0x0	1
COEFFICIENT	pp_replay_inverse_ordinary	10649394	0x0
TRACE	pp_replay_inverse_ordinary	10655455	0x6573f28204a5498cf54a929088b66bbe7a7e3d21935e33fec1800000000007ff	0x0	1
COEFFICIENT	pp_replay_inverse_ordinary	10655455	0x0
TRACE	pp_replay_inverse_ordinary	10661516	0x6573f28204a5498cf54a929088b66bbe7a7e3d21935e33fec1800000000007ff	0x0	1
COEFFICIENT	pp_replay_inverse_ordinary	10661516	0x0
TRACE	pp_replay_inverse_ordinary	10667577	0x6573f28204a5498cf54a929088b66bbe7a7e3d21935e33fec1800000000007ff	0x0	1
COEFFICIENT	pp_replay_inverse_ordinary	10667577	0x0
TRACE	pp_replay_inverse_ordinary	10673638	0x6573f28204a5498cf54a929088b66bbe7a7e3d21935e33fec1800000000007ff	0x0	1
COEFFICIENT	pp_replay_inverse_ordinary	10673638	0x0
TRACE	pp_replay_inverse_ordinary	10679699	0x6573f28204a5498cf54a929088b66bbe7a7e3d21935e33fec1800000000007ff	0x0	1
COEFFICIENT	pp_replay_inverse_ordinary	10679699	0x0
TRACE	pp_replay_inverse_ordinary	10685760	0x6573f28204a5498cf54a929088b66bbe7a7e3d21935e33fec1800000000007ff	0x0	1
COEFFICIENT	pp_replay_inverse_ordinary	10685760	0x0
TRACE	pp_replay_inverse_ordinary	10691821	0x6573f28204a5498cf54a929088b66bbe7a7e3d21935e33fec1800000000007ff	0x0	1
COEFFICIENT	pp_replay_inverse_ordinary	10691821	0x0
TRACE	pp_replay_inverse_ordinary	10697882	0x6573f28204a5498cf54a929088b66bbe7a7e3d21935e33fec1800000000007ff	0x0	1
COEFFICIENT	pp_replay_inverse_ordinary	10697882	0x0
TRACE	pp_replay_inverse_ordinary	10703943	0x6573f28204a5498cf54a929088b66bbe7a7e3d21935e33fec1800000000007ff	0x0	1
COEFFICIENT	pp_replay_inverse_ordinary	10703943	0x0
TRACE	pp_replay_inverse_ordinary	10710004	0x6573f28204a5498cf54a929088b66bbe7a7e3d21935e33fec1800000000007ff	0x0	1
COEFFICIENT	pp_replay_inverse_ordinary	10710004	0x0
TRACE	pp_replay_inverse_ordinary	10716065	0x6573f28204a5498cf54a929088b66bbe7a7e3d21935e33fec1800000000007ff	0x0	1
COEFFICIENT	pp_replay_inverse_ordinary	10716065	0x0
TRACE	pp_replay_inverse_ordinary	10722126	0x6573f28204a5498cf54a929088b66bbe7a7e3d21935e33fec1800000000007ff	0x0	1
COEFFICIENT	pp_replay_inverse_ordinary	10722126	0x0
TRACE	pp_replay_inverse_ordinary	10728187	0x6573f28204a5498cf54a929088b66bbe7a7e3d21935e33fec1800000000007ff	0x0	1
COEFFICIENT	pp_replay_inverse_ordinary	10728187	0x0
TRACE	pp_replay_inverse_ordinary	10734248	0x6573f28204a5498cf54a929088b66bbe7a7e3d21935e33fec1800000000007ff	0x0	1
COEFFICIENT	pp_replay_inverse_ordinary	10734248	0x0
TRACE	pp_replay_inverse_ordinary	10740309	0x6573f28204a5498cf54a929088b66bbe7a7e3d21935e33fec1800000000007ff	0x0	1
COEFFICIENT	pp_replay_inverse_ordinary	10740309	0x0
TRACE	pp_replay_inverse_ordinary	10746370	0x6573f28204a5498cf54a929088b66bbe7a7e3d21935e33fec1800000000007ff	0x0	1
COEFFICIENT	pp_replay_inverse_ordinary	10746370	0x0
TRACE	pp_replay_inverse_ordinary	10752431	0x6573f28204a5498cf54a929088b66bbe7a7e3d21935e33fec1800000000007ff	0x0	1
COEFFICIENT	pp_replay_inverse_ordinary	10752431	0x0
TRACE	pp_replay_inverse_ordinary	10758492	0x6573f28204a5498cf54a929088b66bbe7a7e3d21935e33fec1800000000007ff	0x0	1
COEFFICIENT	pp_replay_inverse_ordinary	10758492	0x0
TRACE	pp_replay_inverse_ordinary	10764553	0x6573f28204a5498cf54a929088b66bbe7a7e3d21935e33fec1800000000007ff	0x0	1
COEFFICIENT	pp_replay_inverse_ordinary	10764553	0x0
TRACE	pp_replay_inverse_ordinary	10770614	0x6573f28204a5498cf54a929088b66bbe7a7e3d21935e33fec1800000000007ff	0x0	1
COEFFICIENT	pp_replay_inverse_ordinary	10770614	0x0
TRACE	pp_replay_inverse_ordinary	10776675	0x6573f28204a5498cf54a929088b66bbe7a7e3d21935e33fec1800000000007ff	0x0	1
COEFFICIENT	pp_replay_inverse_ordinary	10776675	0x0
TRACE	pp_replay_inverse_ordinary	10782736	0x6573f28204a5498cf54a929088b66bbe7a7e3d21935e33fec1800000000007ff	0x0	1
COEFFICIENT	pp_replay_inverse_ordinary	10782736	0x0
TRACE	pp_replay_inverse_ordinary	10788797	0x6573f28204a5498cf54a929088b66bbe7a7e3d21935e33fec1800000000007ff	0x0	1
COEFFICIENT	pp_replay_inverse_ordinary	10788797	0x0
TRACE	pp_replay_inverse_ordinary	10794858	0x6573f28204a5498cf54a929088b66bbe7a7e3d21935e33fec1800000000007ff	0x0	1
COEFFICIENT	pp_replay_inverse_ordinary	10794858	0x0
TRACE	pp_replay_inverse_ordinary	10800919	0x6573f28204a5498cf54a929088b66bbe7a7e3d21935e33fec1800000000007ff	0x0	1
COEFFICIENT	pp_replay_inverse_ordinary	10800919	0x0
TRACE	pp_replay_inverse_ordinary	10806980	0x6573f28204a5498cf54a929088b66bbe7a7e3d21935e33fec1800000000007ff	0x0	1
COEFFICIENT	pp_replay_inverse_ordinary	10806980	0x0
TRACE	pp_replay_inverse_ordinary	10813041	0x6573f28204a5498cf54a929088b66bbe7a7e3d21935e33fec1800000000007ff	0x0	1
COEFFICIENT	pp_replay_inverse_ordinary	10813041	0x0
TRACE	pp_replay_inverse_ordinary	10819102	0x6573f28204a5498cf54a929088b66bbe7a7e3d21935e33fec1800000000007ff	0x0	1
COEFFICIENT	pp_replay_inverse_ordinary	10819102	0x0
TRACE	pp_replay_inverse_ordinary	10825163	0x6573f28204a5498cf54a929088b66bbe7a7e3d21935e33fec1800000000007ff	0x0	1
COEFFICIENT	pp_replay_inverse_ordinary	10825163	0x0
TRACE	pp_replay_inverse_ordinary	10831224	0x6573f28204a5498cf54a929088b66bbe7a7e3d21935e33fec1800000000007ff	0x0	1
COEFFICIENT	pp_replay_inverse_ordinary	10831224	0x0
TRACE	pp_replay_inverse_ordinary	10837285	0x6573f28204a5498cf54a929088b66bbe7a7e3d21935e33fec1800000000007ff	0x0	1
COEFFICIENT	pp_replay_inverse_ordinary	10837285	0x0
TRACE	pp_replay_inverse_ordinary	10843346	0x6573f28204a5498cf54a929088b66bbe7a7e3d21935e33fec1800000000007ff	0x0	1
COEFFICIENT	pp_replay_inverse_ordinary	10843346	0x0
TRACE	pp_replay_inverse_ordinary	10849407	0x6573f28204a5498cf54a929088b66bbe7a7e3d21935e33fec1800000000007ff	0x0	1
COEFFICIENT	pp_replay_inverse_ordinary	10849407	0x0
TRACE	pp_replay_inverse_ordinary	10855468	0x6573f28204a5498cf54a929088b66bbe7a7e3d21935e33fec1800000000007ff	0x0	1
COEFFICIENT	pp_replay_inverse_ordinary	10855468	0x0
TRACE	pp_replay_inverse_ordinary	10861529	0x6573f28204a5498cf54a929088b66bbe7a7e3d21935e33fec1800000000007ff	0x0	1
COEFFICIENT	pp_replay_inverse_ordinary	10861529	0x0
TRACE	pp_replay_inverse_ordinary	10867590	0x6573f28204a5498cf54a929088b66bbe7a7e3d21935e33fec1800000000007ff	0x0	1
COEFFICIENT	pp_replay_inverse_ordinary	10867590	0x0
TRACE	pp_replay_inverse_ordinary	10873651	0x6573f28204a5498cf54a929088b66bbe7a7e3d21935e33fec1800000000007ff	0x0	1
COEFFICIENT	pp_replay_inverse_ordinary	10873651	0x0
TRACE	pp_replay_inverse_ordinary	10879712	0x6573f28204a5498cf54a929088b66bbe7a7e3d21935e33fec1800000000007ff	0x0	1
COEFFICIENT	pp_replay_inverse_ordinary	10879712	0x0
TRACE	pp_replay_inverse_ordinary	10885773	0x6573f28204a5498cf54a929088b66bbe7a7e3d21935e33fec1800000000007ff	0x0	1
COEFFICIENT	pp_replay_inverse_ordinary	10885773	0x0
TRACE	pp_replay_inverse_ordinary	10891834	0x6573f28204a5498cf54a929088b66bbe7a7e3d21935e33fec1800000000007ff	0x0	1
COEFFICIENT	pp_replay_inverse_ordinary	10891834	0x0
TRACE	pp_replay_inverse_ordinary	10897895	0x6573f28204a5498cf54a929088b66bbe7a7e3d21935e33fec1800000000007ff	0x0	1
COEFFICIENT	pp_replay_inverse_ordinary	10897895	0x0
TRACE	pp_replay_inverse_ordinary	10903956	0x6573f28204a5498cf54a929088b66bbe7a7e3d21935e33fec1800000000007ff	0x0	1
COEFFICIENT	pp_replay_inverse_ordinary	10903956	0x0
TRACE	pp_replay_inverse_ordinary	10910017	0x6573f28204a5498cf54a929088b66bbe7a7e3d21935e33fec1800000000007ff	0x0	1
COEFFICIENT	pp_replay_inverse_ordinary	10910017	0x0
TRACE	pp_replay_inverse_ordinary	10916078	0x6573f28204a5498cf54a929088b66bbe7a7e3d21935e33fec1800000000007ff	0x0	1
COEFFICIENT	pp_replay_inverse_ordinary	10916078	0x0
TRACE	pp_replay_inverse_ordinary	10922139	0x6573f28204a5498cf54a929088b66bbe7a7e3d21935e33fec1800000000007ff	0x0	1
COEFFICIENT	pp_replay_inverse_ordinary	10922139	0x0
TRACE	pp_replay_inverse_ordinary	10928200	0x6573f28204a5498cf54a929088b66bbe7a7e3d21935e33fec1800000000007ff	0x0	1
COEFFICIENT	pp_replay_inverse_ordinary	10928200	0x0
TRACE	pp_replay_inverse_ordinary	10934261	0x6573f28204a5498cf54a929088b66bbe7a7e3d21935e33fec1800000000007ff	0x0	1
COEFFICIENT	pp_replay_inverse_ordinary	10934261	0x0
TRACE	pp_replay_inverse_ordinary	10940322	0x6573f28204a5498cf54a929088b66bbe7a7e3d21935e33fec1800000000007ff	0x0	1
COEFFICIENT	pp_replay_inverse_ordinary	10940322	0x0
TRACE	pp_replay_inverse_ordinary	10946383	0x6573f28204a5498cf54a929088b66bbe7a7e3d21935e33fec1800000000007ff	0x0	1
COEFFICIENT	pp_replay_inverse_ordinary	10946383	0x0
TRACE	pp_replay_inverse_ordinary	10952444	0x6573f28204a5498cf54a929088b66bbe7a7e3d21935e33fec1800000000007ff	0x0	1
COEFFICIENT	pp_replay_inverse_ordinary	10952444	0x0
TRACE	pp_replay_inverse_ordinary	10958505	0x6573f28204a5498cf54a929088b66bbe7a7e3d21935e33fec1800000000007ff	0x0	1
COEFFICIENT	pp_replay_inverse_ordinary	10958505	0x0
TRACE	pp_replay_inverse_ordinary	10964566	0x6573f28204a5498cf54a929088b66bbe7a7e3d21935e33fec1800000000007ff	0x0	1
COEFFICIENT	pp_replay_inverse_ordinary	10964566	0x0
TRACE	pp_replay_inverse_ordinary	10970627	0x6573f28204a5498cf54a929088b66bbe7a7e3d21935e33fec1800000000007ff	0x0	1
COEFFICIENT	pp_replay_inverse_ordinary	10970627	0x0
TRACE	pp_replay_inverse_ordinary	10976688	0x6573f28204a5498cf54a929088b66bbe7a7e3d21935e33fec1800000000007ff	0x0	1
COEFFICIENT	pp_replay_inverse_ordinary	10976688	0x0
TRACE	pp_replay_inverse_ordinary	10982749	0x6573f28204a5498cf54a929088b66bbe7a7e3d21935e33fec1800000000007ff	0x0	1
COEFFICIENT	pp_replay_inverse_ordinary	10982749	0x0
TRACE	pp_replay_inverse_ordinary	10988810	0x6573f28204a5498cf54a929088b66bbe7a7e3d21935e33fec1800000000007ff	0x0	1
COEFFICIENT	pp_replay_inverse_ordinary	10988810	0x0
TRACE	pp_replay_inverse_ordinary	10994871	0x6573f28204a5498cf54a929088b66bbe7a7e3d21935e33fec1800000000007ff	0x0	1
COEFFICIENT	pp_replay_inverse_ordinary	10994871	0x0
TRACE	pp_replay_inverse_ordinary	11000932	0x6573f28204a5498cf54a929088b66bbe7a7e3d21935e33fec1800000000007ff	0x0	1
COEFFICIENT	pp_replay_inverse_ordinary	11000932	0x0
TRACE	pp_replay_inverse_ordinary	11006993	0x6573f28204a5498cf54a929088b66bbe7a7e3d21935e33fec1800000000007ff	0x0	1
COEFFICIENT	pp_replay_inverse_ordinary	11006993	0x0
TRACE	pp_replay_inverse_ordinary	11013054	0x6573f28204a5498cf54a929088b66bbe7a7e3d21935e33fec1800000000007ff	0x0	1
COEFFICIENT	pp_replay_inverse_ordinary	11013054	0x0
TRACE	pp_replay_inverse_ordinary	11019115	0x6573f28204a5498cf54a929088b66bbe7a7e3d21935e33fec1800000000007ff	0x0	1
COEFFICIENT	pp_replay_inverse_ordinary	11019115	0x0
TRACE	pp_replay_inverse_ordinary	11025176	0x6573f28204a5498cf54a929088b66bbe7a7e3d21935e33fec1800000000007ff	0x0	1
COEFFICIENT	pp_replay_inverse_ordinary	11025176	0x0
TRACE	pp_replay_inverse_ordinary	11031237	0x6573f28204a5498cf54a929088b66bbe7a7e3d21935e33fec1800000000007ff	0x0	1
COEFFICIENT	pp_replay_inverse_ordinary	11031237	0x0
TRACE	pp_replay_inverse_ordinary	11037298	0x6573f28204a5498cf54a929088b66bbe7a7e3d21935e33fec1800000000007ff	0x0	1
COEFFICIENT	pp_replay_inverse_ordinary	11037298	0x0
TRACE	pp_replay_inverse_ordinary	11043359	0x6573f28204a5498cf54a929088b66bbe7a7e3d21935e33fec1800000000007ff	0x0	1
COEFFICIENT	pp_replay_inverse_ordinary	11043359	0x0
TRACE	pp_replay_inverse_ordinary	11049420	0x6573f28204a5498cf54a929088b66bbe7a7e3d21935e33fec1800000000007ff	0x0	1
COEFFICIENT	pp_replay_inverse_ordinary	11049420	0x0
TRACE	pp_replay_inverse_ordinary	11055481	0x6573f28204a5498cf54a929088b66bbe7a7e3d21935e33fec1800000000007ff	0x0	1
COEFFICIENT	pp_replay_inverse_ordinary	11055481	0x0
TRACE	pp_replay_inverse_ordinary	11061542	0x6573f28204a5498cf54a929088b66bbe7a7e3d21935e33fec1800000000007ff	0x0	1
COEFFICIENT	pp_replay_inverse_ordinary	11061542	0x0
TRACE	pp_replay_inverse_ordinary	11067603	0x6573f28204a5498cf54a929088b66bbe7a7e3d21935e33fec1800000000007ff	0x0	1
COEFFICIENT	pp_replay_inverse_ordinary	11067603	0x0
TRACE	pp_replay_inverse_ordinary	11073664	0x6573f28204a5498cf54a929088b66bbe7a7e3d21935e33fec1800000000007ff	0x0	1
COEFFICIENT	pp_replay_inverse_ordinary	11073664	0x0
TRACE	pp_replay_inverse_ordinary	11079725	0x6573f28204a5498cf54a929088b66bbe7a7e3d21935e33fec1800000000007ff	0x0	1
COEFFICIENT	pp_replay_inverse_ordinary	11079725	0x0
TRACE	pp_replay_inverse_ordinary	11085786	0x6573f28204a5498cf54a929088b66bbe7a7e3d21935e33fec1800000000007ff	0x0	1
COEFFICIENT	pp_replay_inverse_ordinary	11085786	0x0
TRACE	pp_replay_inverse_ordinary	11091847	0x6573f28204a5498cf54a929088b66bbe7a7e3d21935e33fec1800000000007ff	0x0	1
COEFFICIENT	pp_replay_inverse_ordinary	11091847	0x0
TRACE	pp_replay_inverse_ordinary	11097908	0x6573f28204a5498cf54a929088b66bbe7a7e3d21935e33fec1800000000007ff	0x0	1
COEFFICIENT	pp_replay_inverse_ordinary	11097908	0x0
TRACE	pp_replay_inverse_ordinary	11103969	0x6573f28204a5498cf54a929088b66bbe7a7e3d21935e33fec1800000000007ff	0x0	1
COEFFICIENT	pp_replay_inverse_ordinary	11103969	0x0
TRACE	pp_replay_inverse_ordinary	11110030	0x6573f28204a5498cf54a929088b66bbe7a7e3d21935e33fec1800000000007ff	0x0	1
COEFFICIENT	pp_replay_inverse_ordinary	11110030	0x0
TRACE	pp_replay_inverse_ordinary	11116091	0x6573f28204a5498cf54a929088b66bbe7a7e3d21935e33fec1800000000007ff	0x0	1
COEFFICIENT	pp_replay_inverse_ordinary	11116091	0x0
TRACE	pp_replay_inverse_ordinary	11122152	0x6573f28204a5498cf54a929088b66bbe7a7e3d21935e33fec1800000000007ff	0x0	1
COEFFICIENT	pp_replay_inverse_ordinary	11122152	0x0
TRACE	pp_replay_inverse_ordinary	11128213	0x6573f28204a5498cf54a929088b66bbe7a7e3d21935e33fec1800000000007ff	0x0	1
COEFFICIENT	pp_replay_inverse_ordinary	11128213	0x0
TRACE	pp_replay_inverse_ordinary	11134274	0x6573f28204a5498cf54a929088b66bbe7a7e3d21935e33fec1800000000007ff	0x0	1
COEFFICIENT	pp_replay_inverse_ordinary	11134274	0x0
TRACE	pp_replay_inverse_ordinary	11140335	0x6573f28204a5498cf54a929088b66bbe7a7e3d21935e33fec1800000000007ff	0x0	1
COEFFICIENT	pp_replay_inverse_ordinary	11140335	0x0
TRACE	pp_replay_inverse_ordinary	11146396	0x6573f28204a5498cf54a929088b66bbe7a7e3d21935e33fec1800000000007ff	0x0	1
COEFFICIENT	pp_replay_inverse_ordinary	11146396	0x0
TRACE	pp_replay_inverse_ordinary	11152457	0x6573f28204a5498cf54a929088b66bbe7a7e3d21935e33fec1800000000007ff	0x0	1
COEFFICIENT	pp_replay_inverse_ordinary	11152457	0x0
TRACE	pp_replay_inverse_ordinary	11158518	0x6573f28204a5498cf54a929088b66bbe7a7e3d21935e33fec1800000000007ff	0x0	1
COEFFICIENT	pp_replay_inverse_ordinary	11158518	0x0
TRACE	pp_replay_inverse_ordinary	11164579	0x6573f28204a5498cf54a929088b66bbe7a7e3d21935e33fec1800000000007ff	0x0	1
COEFFICIENT	pp_replay_inverse_ordinary	11164579	0x0
TRACE	pp_replay_inverse_ordinary	11170640	0x6573f28204a5498cf54a929088b66bbe7a7e3d21935e33fec1800000000007ff	0x0	1
COEFFICIENT	pp_replay_inverse_ordinary	11170640	0x0
TRACE	pp_replay_inverse_ordinary	11176701	0x6573f28204a5498cf54a929088b66bbe7a7e3d21935e33fec1800000000007ff	0x0	1
COEFFICIENT	pp_replay_inverse_ordinary	11176701	0x0
TRACE	pp_replay_inverse_ordinary	11182762	0x6573f28204a5498cf54a929088b66bbe7a7e3d21935e33fec1800000000007ff	0x0	1
COEFFICIENT	pp_replay_inverse_ordinary	11182762	0x0
TRACE	pp_replay_inverse_ordinary	11188823	0x6573f28204a5498cf54a929088b66bbe7a7e3d21935e33fec1800000000007ff	0x0	1
COEFFICIENT	pp_replay_inverse_ordinary	11188823	0x0
TRACE	pp_replay_inverse_ordinary	11194884	0x6573f28204a5498cf54a929088b66bbe7a7e3d21935e33fec1800000000007ff	0x0	1
COEFFICIENT	pp_replay_inverse_ordinary	11194884	0x0
TRACE	pp_replay_inverse_ordinary	11200945	0x6573f28204a5498cf54a929088b66bbe7a7e3d21935e33fec1800000000007ff	0x0	1
COEFFICIENT	pp_replay_inverse_ordinary	11200945	0x0
TRACE	pp_replay_inverse_ordinary	11207006	0x6573f28204a5498cf54a929088b66bbe7a7e3d21935e33fec1800000000007ff	0x0	1
COEFFICIENT	pp_replay_inverse_ordinary	11207006	0x0
TRACE	pp_replay_inverse_ordinary	11213067	0x6573f28204a5498cf54a929088b66bbe7a7e3d21935e33fec1800000000007ff	0x0	1
COEFFICIENT	pp_replay_inverse_ordinary	11213067	0x0
TRACE	pp_replay_inverse_ordinary	11219128	0x6573f28204a5498cf54a929088b66bbe7a7e3d21935e33fec1800000000007ff	0x0	1
COEFFICIENT	pp_replay_inverse_ordinary	11219128	0x0
TRACE	pp_replay_inverse_ordinary	11225189	0x6573f28204a5498cf54a929088b66bbe7a7e3d21935e33fec1800000000007ff	0x0	1
COEFFICIENT	pp_replay_inverse_ordinary	11225189	0x0
TRACE	pp_replay_inverse_ordinary	11231250	0x6573f28204a5498cf54a929088b66bbe7a7e3d21935e33fec1800000000007ff	0x0	1
COEFFICIENT	pp_replay_inverse_ordinary	11231250	0x0
TRACE	pp_replay_inverse_ordinary	11237311	0x6573f28204a5498cf54a929088b66bbe7a7e3d21935e33fec1800000000007ff	0x0	1
COEFFICIENT	pp_replay_inverse_ordinary	11237311	0x0
TRACE	pp_replay_inverse_ordinary	11243372	0x6573f28204a5498cf54a929088b66bbe7a7e3d21935e33fec1800000000007ff	0x0	1
COEFFICIENT	pp_replay_inverse_ordinary	11243372	0x0
TRACE	pp_replay_inverse_ordinary	11249433	0x6573f28204a5498cf54a929088b66bbe7a7e3d21935e33fec1800000000007ff	0x0	1
COEFFICIENT	pp_replay_inverse_ordinary	11249433	0x0
TRACE	pp_replay_inverse_ordinary	11255494	0x6573f28204a5498cf54a929088b66bbe7a7e3d21935e33fec1800000000007ff	0x0	1
COEFFICIENT	pp_replay_inverse_ordinary	11255494	0x0
TRACE	pp_replay_inverse_ordinary	11261555	0x6573f28204a5498cf54a929088b66bbe7a7e3d21935e33fec1800000000007ff	0x0	1
COEFFICIENT	pp_replay_inverse_ordinary	11261555	0x0
TRACE	pp_replay_inverse_ordinary	11267616	0x6573f28204a5498cf54a929088b66bbe7a7e3d21935e33fec1800000000007ff	0x0	1
COEFFICIENT	pp_replay_inverse_ordinary	11267616	0x0
TRACE	pp_replay_inverse_ordinary	11273677	0x6573f28204a5498cf54a929088b66bbe7a7e3d21935e33fec1800000000007ff	0x0	1
COEFFICIENT	pp_replay_inverse_ordinary	11273677	0x0
TRACE	pp_replay_inverse_ordinary	11279738	0x6573f28204a5498cf54a929088b66bbe7a7e3d21935e33fec1800000000007ff	0x0	1
COEFFICIENT	pp_replay_inverse_ordinary	11279738	0x0
TRACE	pp_replay_inverse_ordinary	11285799	0x6573f28204a5498cf54a929088b66bbe7a7e3d21935e33fec1800000000007ff	0x0	1
COEFFICIENT	pp_replay_inverse_ordinary	11285799	0x0
TRACE	pp_replay_inverse_ordinary	11291860	0x6573f28204a5498cf54a929088b66bbe7a7e3d21935e33fec1800000000007ff	0x0	1
COEFFICIENT	pp_replay_inverse_ordinary	11291860	0x0
TRACE	pp_replay_inverse_ordinary	11297921	0x6573f28204a5498cf54a929088b66bbe7a7e3d21935e33fec1800000000007ff	0x0	1
COEFFICIENT	pp_replay_inverse_ordinary	11297921	0x0
TRACE	pp_replay_inverse_ordinary	11303982	0x6573f28204a5498cf54a929088b66bbe7a7e3d21935e33fec1800000000007ff	0x0	1
COEFFICIENT	pp_replay_inverse_ordinary	11303982	0x0
TRACE	pp_replay_inverse_ordinary	11310043	0x6573f28204a5498cf54a929088b66bbe7a7e3d21935e33fec1800000000007ff	0x0	1
COEFFICIENT	pp_replay_inverse_ordinary	11310043	0x0
TRACE	pp_replay_inverse_ordinary	11316104	0x6573f28204a5498cf54a929088b66bbe7a7e3d21935e33fec1800000000007ff	0x0	1
COEFFICIENT	pp_replay_inverse_ordinary	11316104	0x0
TRACE	pp_replay_inverse_ordinary	11322165	0x6573f28204a5498cf54a929088b66bbe7a7e3d21935e33fec1800000000007ff	0x0	1
COEFFICIENT	pp_replay_inverse_ordinary	11322165	0x0
TRACE	pp_replay_inverse_ordinary	11328226	0x6573f28204a5498cf54a929088b66bbe7a7e3d21935e33fec1800000000007ff	0x0	1
COEFFICIENT	pp_replay_inverse_ordinary	11328226	0x0
TRACE	pp_replay_inverse_ordinary	11334287	0x6573f28204a5498cf54a929088b66bbe7a7e3d21935e33fec1800000000007ff	0x0	1
COEFFICIENT	pp_replay_inverse_ordinary	11334287	0x0
TRACE	pp_replay_inverse_ordinary	11340348	0x6573f28204a5498cf54a929088b66bbe7a7e3d21935e33fec1800000000007ff	0x0	1
COEFFICIENT	pp_replay_inverse_ordinary	11340348	0x0
TRACE	pp_replay_inverse_ordinary	11346409	0x6573f28204a5498cf54a929088b66bbe7a7e3d21935e33fec1800000000007ff	0x0	1
COEFFICIENT	pp_replay_inverse_ordinary	11346409	0x0
TRACE	pp_replay_inverse_ordinary	11352470	0x6573f28204a5498cf54a929088b66bbe7a7e3d21935e33fec1800000000007ff	0x0	1
COEFFICIENT	pp_replay_inverse_ordinary	11352470	0x0
TRACE	pp_replay_inverse_ordinary	11358531	0x6573f28204a5498cf54a929088b66bbe7a7e3d21935e33fec1800000000007ff	0x0	1
COEFFICIENT	pp_replay_inverse_ordinary	11358531	0x0
TRACE	pp_replay_inverse_ordinary	11364592	0x6573f28204a5498cf54a929088b66bbe7a7e3d21935e33fec1800000000007ff	0x0	1
COEFFICIENT	pp_replay_inverse_ordinary	11364592	0x0
TRACE	pp_replay_inverse_ordinary	11370653	0x6573f28204a5498cf54a929088b66bbe7a7e3d21935e33fec1800000000007ff	0x0	1
COEFFICIENT	pp_replay_inverse_ordinary	11370653	0x0
TRACE	pp_replay_inverse_ordinary	11376714	0x6573f28204a5498cf54a929088b66bbe7a7e3d21935e33fec1800000000007ff	0x0	1
COEFFICIENT	pp_replay_inverse_ordinary	11376714	0x0
TRACE	pp_replay_inverse_ordinary	11382775	0x6573f28204a5498cf54a929088b66bbe7a7e3d21935e33fec1800000000007ff	0x0	1
COEFFICIENT	pp_replay_inverse_ordinary	11382775	0x0
TRACE	pp_replay_inverse_ordinary	11388836	0x6573f28204a5498cf54a929088b66bbe7a7e3d21935e33fec1800000000007ff	0x0	1
COEFFICIENT	pp_replay_inverse_ordinary	11388836	0x0
TRACE	pp_replay_inverse_ordinary	11394897	0x6573f28204a5498cf54a929088b66bbe7a7e3d21935e33fec1800000000007ff	0x0	1
COEFFICIENT	pp_replay_inverse_ordinary	11394897	0x0
TRACE	pp_replay_inverse_ordinary	11400958	0x6573f28204a5498cf54a929088b66bbe7a7e3d21935e33fec1800000000007ff	0x0	1
COEFFICIENT	pp_replay_inverse_ordinary	11400958	0x0
TRACE	pp_replay_inverse_ordinary	11407019	0x6573f28204a5498cf54a929088b66bbe7a7e3d21935e33fec1800000000007ff	0x0	1
COEFFICIENT	pp_replay_inverse_ordinary	11407019	0x0
TRACE	pp_replay_inverse_ordinary	11413080	0x6573f28204a5498cf54a929088b66bbe7a7e3d21935e33fec1800000000007ff	0x0	1
COEFFICIENT	pp_replay_inverse_ordinary	11413080	0x0
TRACE	pp_replay_inverse_ordinary	11419141	0x6573f28204a5498cf54a929088b66bbe7a7e3d21935e33fec1800000000007ff	0x0	1
COEFFICIENT	pp_replay_inverse_ordinary	11419141	0x0
TRACE	pp_replay_inverse_ordinary	11425202	0x6573f28204a5498cf54a929088b66bbe7a7e3d21935e33fec1800000000007ff	0x0	1
COEFFICIENT	pp_replay_inverse_ordinary	11425202	0x0
TRACE	pp_replay_inverse_ordinary	11431263	0x6573f28204a5498cf54a929088b66bbe7a7e3d21935e33fec1800000000007ff	0x0	1
COEFFICIENT	pp_replay_inverse_ordinary	11431263	0x0
TRACE	pp_replay_inverse_ordinary	11437324	0x6573f28204a5498cf54a929088b66bbe7a7e3d21935e33fec1800000000007ff	0x0	1
COEFFICIENT	pp_replay_inverse_ordinary	11437324	0x0
TRACE	pp_replay_inverse_ordinary	11443385	0x6573f28204a5498cf54a929088b66bbe7a7e3d21935e33fec1800000000007ff	0x0	1
COEFFICIENT	pp_replay_inverse_ordinary	11443385	0x0
TRACE	pp_replay_inverse_ordinary	11449446	0x6573f28204a5498cf54a929088b66bbe7a7e3d21935e33fec1800000000007ff	0x0	1
COEFFICIENT	pp_replay_inverse_ordinary	11449446	0x0
TRACE	pp_replay_inverse_ordinary	11455507	0x6573f28204a5498cf54a929088b66bbe7a7e3d21935e33fec1800000000007ff	0x0	1
COEFFICIENT	pp_replay_inverse_ordinary	11455507	0x0
TRACE	pp_replay_inverse_ordinary	11461568	0x6573f28204a5498cf54a929088b66bbe7a7e3d21935e33fec1800000000007ff	0x0	1
COEFFICIENT	pp_replay_inverse_ordinary	11461568	0x0
TRACE	pp_replay_inverse_ordinary	11467629	0x6573f28204a5498cf54a929088b66bbe7a7e3d21935e33fec1800000000007ff	0x0	1
COEFFICIENT	pp_replay_inverse_ordinary	11467629	0x0
TRACE	pp_replay_inverse_ordinary	11473690	0x6573f28204a5498cf54a929088b66bbe7a7e3d21935e33fec1800000000007ff	0x0	1
COEFFICIENT	pp_replay_inverse_ordinary	11473690	0x0
TRACE	pp_replay_inverse_ordinary	11479751	0x6573f28204a5498cf54a929088b66bbe7a7e3d21935e33fec1800000000007ff	0x0	1
COEFFICIENT	pp_replay_inverse_ordinary	11479751	0x0
TRACE	pp_replay_inverse_ordinary	11485812	0x6573f28204a5498cf54a929088b66bbe7a7e3d21935e33fec1800000000007ff	0x0	1
COEFFICIENT	pp_replay_inverse_ordinary	11485812	0x0
TRACE	pp_replay_inverse_ordinary	11491873	0x6573f28204a5498cf54a929088b66bbe7a7e3d21935e33fec1800000000007ff	0x0	1
COEFFICIENT	pp_replay_inverse_ordinary	11491873	0x0
TRACE	pp_replay_inverse_ordinary	11497934	0x6573f28204a5498cf54a929088b66bbe7a7e3d21935e33fec1800000000007ff	0x0	1
COEFFICIENT	pp_replay_inverse_ordinary	11497934	0x0
TRACE	pp_replay_inverse_ordinary	11503995	0x6573f28204a5498cf54a929088b66bbe7a7e3d21935e33fec1800000000007ff	0x0	1
COEFFICIENT	pp_replay_inverse_ordinary	11503995	0x0
TRACE	pp_replay_inverse_ordinary	11510056	0x6573f28204a5498cf54a929088b66bbe7a7e3d21935e33fec1800000000007ff	0x0	1
COEFFICIENT	pp_replay_inverse_ordinary	11510056	0x0
TRACE	pp_replay_inverse_ordinary	11516117	0x6573f28204a5498cf54a929088b66bbe7a7e3d21935e33fec1800000000007ff	0x0	1
COEFFICIENT	pp_replay_inverse_ordinary	11516117	0x0
TRACE	pp_replay_inverse_ordinary	11522178	0x6573f28204a5498cf54a929088b66bbe7a7e3d21935e33fec1800000000007ff	0x0	1
COEFFICIENT	pp_replay_inverse_ordinary	11522178	0x0
TRACE	pp_replay_inverse_ordinary	11528239	0x6573f28204a5498cf54a929088b66bbe7a7e3d21935e33fec1800000000007ff	0x0	1
COEFFICIENT	pp_replay_inverse_ordinary	11528239	0x0
TRACE	pp_replay_inverse_ordinary	11534300	0x6573f28204a5498cf54a929088b66bbe7a7e3d21935e33fec1800000000007ff	0x0	1
COEFFICIENT	pp_replay_inverse_ordinary	11534300	0x0
TRACE	pp_replay_inverse_ordinary	11540361	0x6573f28204a5498cf54a929088b66bbe7a7e3d21935e33fec1800000000007ff	0x0	1
COEFFICIENT	pp_replay_inverse_ordinary	11540361	0x0
TRACE	pp_replay_inverse_ordinary	11546422	0x6573f28204a5498cf54a929088b66bbe7a7e3d21935e33fec1800000000007ff	0x0	1
COEFFICIENT	pp_replay_inverse_ordinary	11546422	0x0
TRACE	pp_replay_inverse_ordinary	11552483	0x6573f28204a5498cf54a929088b66bbe7a7e3d21935e33fec1800000000007ff	0x0	1
COEFFICIENT	pp_replay_inverse_ordinary	11552483	0x0
TRACE	pp_replay_inverse_ordinary	11558544	0x6573f28204a5498cf54a929088b66bbe7a7e3d21935e33fec1800000000007ff	0x0	1
COEFFICIENT	pp_replay_inverse_ordinary	11558544	0x0
TRACE	pp_replay_inverse_ordinary	11564605	0x6573f28204a5498cf54a929088b66bbe7a7e3d21935e33fec1800000000007ff	0x0	1
COEFFICIENT	pp_replay_inverse_ordinary	11564605	0x0
TRACE	pp_replay_inverse_ordinary	11570666	0x6573f28204a5498cf54a929088b66bbe7a7e3d21935e33fec1800000000007ff	0x0	1
COEFFICIENT	pp_replay_inverse_ordinary	11570666	0x0
TRACE	pp_replay_inverse_ordinary	11576727	0x6573f28204a5498cf54a929088b66bbe7a7e3d21935e33fec1800000000007ff	0x0	1
COEFFICIENT	pp_replay_inverse_ordinary	11576727	0x0
TRACE	pp_replay_inverse_ordinary	11582788	0x6573f28204a5498cf54a929088b66bbe7a7e3d21935e33fec1800000000007ff	0x0	1
COEFFICIENT	pp_replay_inverse_ordinary	11582788	0x0
TRACE	pp_replay_inverse_ordinary	11588849	0x6573f28204a5498cf54a929088b66bbe7a7e3d21935e33fec1800000000007ff	0x0	1
COEFFICIENT	pp_replay_inverse_ordinary	11588849	0x0
TRACE	pp_replay_inverse_ordinary	11594910	0x6573f28204a5498cf54a929088b66bbe7a7e3d21935e33fec1800000000007ff	0x0	1
COEFFICIENT	pp_replay_inverse_ordinary	11594910	0x0
TRACE	pp_replay_inverse_ordinary	11600971	0x6573f28204a5498cf54a929088b66bbe7a7e3d21935e33fec1800000000007ff	0x0	1
COEFFICIENT	pp_replay_inverse_ordinary	11600971	0x0
TRACE	pp_replay_inverse_ordinary	11607032	0x6573f28204a5498cf54a929088b66bbe7a7e3d21935e33fec1800000000007ff	0x0	1
COEFFICIENT	pp_replay_inverse_ordinary	11607032	0x0
TRACE	pp_replay_inverse_ordinary	11613093	0x6573f28204a5498cf54a929088b66bbe7a7e3d21935e33fec1800000000007ff	0x0	1
COEFFICIENT	pp_replay_inverse_ordinary	11613093	0x0
TRACE	pp_replay_inverse_ordinary	11619154	0x6573f28204a5498cf54a929088b66bbe7a7e3d21935e33fec1800000000007ff	0x0	1
COEFFICIENT	pp_replay_inverse_ordinary	11619154	0x0
TRACE	pp_replay_inverse_ordinary	11625215	0x6573f28204a5498cf54a929088b66bbe7a7e3d21935e33fec1800000000007ff	0x0	1
COEFFICIENT	pp_replay_inverse_ordinary	11625215	0x0
TRACE	pp_replay_inverse_ordinary	11631276	0x6573f28204a5498cf54a929088b66bbe7a7e3d21935e33fec1800000000007ff	0x0	1
COEFFICIENT	pp_replay_inverse_ordinary	11631276	0x0
TRACE	pp_replay_inverse_ordinary	11637337	0x6573f28204a5498cf54a929088b66bbe7a7e3d21935e33fec1800000000007ff	0x0	1
COEFFICIENT	pp_replay_inverse_ordinary	11637337	0x0
TRACE	pp_replay_inverse_ordinary	11643398	0x6573f28204a5498cf54a929088b66bbe7a7e3d21935e33fec1800000000007ff	0x0	1
COEFFICIENT	pp_replay_inverse_ordinary	11643398	0x0
TRACE	pp_replay_inverse_ordinary	11649459	0x6573f28204a5498cf54a929088b66bbe7a7e3d21935e33fec1800000000007ff	0x0	1
COEFFICIENT	pp_replay_inverse_ordinary	11649459	0x0
TRACE	pp_replay_inverse_ordinary	11655520	0x6573f28204a5498cf54a929088b66bbe7a7e3d21935e33fec1800000000007ff	0x0	1
COEFFICIENT	pp_replay_inverse_ordinary	11655520	0x0
TRACE	pp_replay_inverse_ordinary	11661581	0x6573f28204a5498cf54a929088b66bbe7a7e3d21935e33fec1800000000007ff	0x0	1
COEFFICIENT	pp_replay_inverse_ordinary	11661581	0x0
TRACE	pp_replay_inverse_ordinary	11667642	0x6573f28204a5498cf54a929088b66bbe7a7e3d21935e33fec1800000000007ff	0x0	1
COEFFICIENT	pp_replay_inverse_ordinary	11667642	0x0
TRACE	pp_replay_inverse_ordinary	11673703	0x6573f28204a5498cf54a929088b66bbe7a7e3d21935e33fec1800000000007ff	0x0	1
COEFFICIENT	pp_replay_inverse_ordinary	11673703	0x0
TRACE	pp_replay_inverse_ordinary	11679764	0x6573f28204a5498cf54a929088b66bbe7a7e3d21935e33fec1800000000007ff	0x0	1
COEFFICIENT	pp_replay_inverse_ordinary	11679764	0x0
TRACE	pp_replay_inverse_ordinary	11685825	0x6573f28204a5498cf54a929088b66bbe7a7e3d21935e33fec1800000000007ff	0x0	1
COEFFICIENT	pp_replay_inverse_ordinary	11685825	0x0
TRACE	pp_replay_inverse_ordinary	11691886	0x6573f28204a5498cf54a929088b66bbe7a7e3d21935e33fec1800000000007ff	0x0	1
COEFFICIENT	pp_replay_inverse_ordinary	11691886	0x0
TRACE	pp_replay_inverse_ordinary	11697947	0x6573f28204a5498cf54a929088b66bbe7a7e3d21935e33fec1800000000007ff	0x0	1
COEFFICIENT	pp_replay_inverse_ordinary	11697947	0x0
TRACE	pp_replay_inverse_ordinary	11704008	0x6573f28204a5498cf54a929088b66bbe7a7e3d21935e33fec1800000000007ff	0x0	1
COEFFICIENT	pp_replay_inverse_ordinary	11704008	0x0
TRACE	pp_replay_inverse_ordinary	11710069	0x6573f28204a5498cf54a929088b66bbe7a7e3d21935e33fec1800000000007ff	0x0	1
COEFFICIENT	pp_replay_inverse_ordinary	11710069	0x0
TRACE	pp_replay_inverse_ordinary	11716130	0x6573f28204a5498cf54a929088b66bbe7a7e3d21935e33fec1800000000007ff	0x0	1
COEFFICIENT	pp_replay_inverse_ordinary	11716130	0x0
TRACE	pp_replay_inverse_ordinary	11722191	0x6573f28204a5498cf54a929088b66bbe7a7e3d21935e33fec1800000000007ff	0x0	1
COEFFICIENT	pp_replay_inverse_ordinary	11722191	0x0
TRACE	pp_replay_inverse_ordinary	11728252	0x6573f28204a5498cf54a929088b66bbe7a7e3d21935e33fec1800000000007ff	0x0	1
COEFFICIENT	pp_replay_inverse_ordinary	11728252	0x0
TRACE	pp_replay_inverse_ordinary	11734313	0x6573f28204a5498cf54a929088b66bbe7a7e3d21935e33fec1800000000007ff	0x0	1
COEFFICIENT	pp_replay_inverse_ordinary	11734313	0x0
TRACE	pp_replay_inverse_ordinary	11740374	0x6573f28204a5498cf54a929088b66bbe7a7e3d21935e33fec1800000000007ff	0x0	1
COEFFICIENT	pp_replay_inverse_ordinary	11740374	0x0
TRACE	pp_replay_inverse_ordinary	11746435	0x6573f28204a5498cf54a929088b66bbe7a7e3d21935e33fec1800000000007ff	0x0	1
COEFFICIENT	pp_replay_inverse_ordinary	11746435	0x0
TRACE	pp_replay_inverse_ordinary	11752496	0x6573f28204a5498cf54a929088b66bbe7a7e3d21935e33fec1800000000007ff	0x0	1
COEFFICIENT	pp_replay_inverse_ordinary	11752496	0x0
TRACE	pp_replay_inverse_ordinary	11758557	0x6573f28204a5498cf54a929088b66bbe7a7e3d21935e33fec1800000000007ff	0x0	1
COEFFICIENT	pp_replay_inverse_ordinary	11758557	0x0
TRACE	pp_replay_inverse_ordinary	11764618	0x6573f28204a5498cf54a929088b66bbe7a7e3d21935e33fec1800000000007ff	0x0	1
COEFFICIENT	pp_replay_inverse_ordinary	11764618	0x0
TRACE	pp_replay_inverse_ordinary	11770679	0x6573f28204a5498cf54a929088b66bbe7a7e3d21935e33fec1800000000007ff	0x0	1
COEFFICIENT	pp_replay_inverse_ordinary	11770679	0x0
TRACE	pp_replay_inverse_ordinary	11776740	0x6573f28204a5498cf54a929088b66bbe7a7e3d21935e33fec1800000000007ff	0x0	1
COEFFICIENT	pp_replay_inverse_ordinary	11776740	0x0
TRACE	pp_replay_inverse_ordinary	11782801	0x6573f28204a5498cf54a929088b66bbe7a7e3d21935e33fec1800000000007ff	0x0	1
COEFFICIENT	pp_replay_inverse_ordinary	11782801	0x0
TRACE	pp_replay_inverse_ordinary	11788862	0x6573f28204a5498cf54a929088b66bbe7a7e3d21935e33fec1800000000007ff	0x0	1
COEFFICIENT	pp_replay_inverse_ordinary	11788862	0x0
TRACE	pp_replay_inverse_ordinary	11794923	0x6573f28204a5498cf54a929088b66bbe7a7e3d21935e33fec1800000000007ff	0x0	1
COEFFICIENT	pp_replay_inverse_ordinary	11794923	0x0
TRACE	pp_replay_inverse_ordinary	11800984	0x6573f28204a5498cf54a929088b66bbe7a7e3d21935e33fec1800000000007ff	0x0	1
COEFFICIENT	pp_replay_inverse_ordinary	11800984	0x0
TRACE	pp_replay_inverse_ordinary	11807045	0x6573f28204a5498cf54a929088b66bbe7a7e3d21935e33fec1800000000007ff	0x0	1
COEFFICIENT	pp_replay_inverse_ordinary	11807045	0x0
TRACE	pp_replay_inverse_ordinary	11813106	0x6573f28204a5498cf54a929088b66bbe7a7e3d21935e33fec1800000000007ff	0x0	1
COEFFICIENT	pp_replay_inverse_ordinary	11813106	0x0
TRACE	pp_replay_inverse_ordinary	11819167	0x6573f28204a5498cf54a929088b66bbe7a7e3d21935e33fec1800000000007ff	0x0	1
COEFFICIENT	pp_replay_inverse_ordinary	11819167	0x0
TRACE	pp_replay_inverse_ordinary	11825228	0x6573f28204a5498cf54a929088b66bbe7a7e3d21935e33fec1800000000007ff	0x0	1
COEFFICIENT	pp_replay_inverse_ordinary	11825228	0x0
TRACE	pp_replay_inverse_ordinary	11831289	0x6573f28204a5498cf54a929088b66bbe7a7e3d21935e33fec1800000000007ff	0x0	1
COEFFICIENT	pp_replay_inverse_ordinary	11831289	0x0
TRACE	pp_replay_inverse_ordinary	11837350	0x6573f28204a5498cf54a929088b66bbe7a7e3d21935e33fec1800000000007ff	0x0	1
COEFFICIENT	pp_replay_inverse_ordinary	11837350	0x0
TRACE	pp_replay_inverse_ordinary	11843411	0x6573f28204a5498cf54a929088b66bbe7a7e3d21935e33fec1800000000007ff	0x0	1
COEFFICIENT	pp_replay_inverse_ordinary	11843411	0x0
TRACE	pp_replay_inverse_ordinary	11849472	0x6573f28204a5498cf54a929088b66bbe7a7e3d21935e33fec1800000000007ff	0x0	1
COEFFICIENT	pp_replay_inverse_ordinary	11849472	0x0
TRACE	pp_replay_inverse_ordinary	11855533	0x6573f28204a5498cf54a929088b66bbe7a7e3d21935e33fec1800000000007ff	0x0	1
COEFFICIENT	pp_replay_inverse_ordinary	11855533	0x0
TRACE	pp_replay_inverse_ordinary	11861594	0x6573f28204a5498cf54a929088b66bbe7a7e3d21935e33fec1800000000007ff	0x0	1
COEFFICIENT	pp_replay_inverse_ordinary	11861594	0x0
TRACE	pp_replay_inverse_ordinary	11867655	0x6573f28204a5498cf54a929088b66bbe7a7e3d21935e33fec1800000000007ff	0x0	1
COEFFICIENT	pp_replay_inverse_ordinary	11867655	0x0
TRACE	pp_replay_inverse_ordinary	11873716	0x6573f28204a5498cf54a929088b66bbe7a7e3d21935e33fec1800000000007ff	0x0	1
COEFFICIENT	pp_replay_inverse_ordinary	11873716	0x0
TRACE	pp_replay_inverse_ordinary	11879777	0x6573f28204a5498cf54a929088b66bbe7a7e3d21935e33fec1800000000007ff	0x0	1
COEFFICIENT	pp_replay_inverse_ordinary	11879777	0x0
TRACE	pp_replay_inverse_ordinary	11885838	0x6573f28204a5498cf54a929088b66bbe7a7e3d21935e33fec1800000000007ff	0x0	1
COEFFICIENT	pp_replay_inverse_ordinary	11885838	0x0
TRACE	pp_replay_inverse_ordinary	11891899	0x6573f28204a5498cf54a929088b66bbe7a7e3d21935e33fec1800000000007ff	0x0	1
COEFFICIENT	pp_replay_inverse_ordinary	11891899	0x0
TRACE	pp_replay_inverse_ordinary	11897960	0x6573f28204a5498cf54a929088b66bbe7a7e3d21935e33fec1800000000007ff	0x0	1
COEFFICIENT	pp_replay_inverse_ordinary	11897960	0x0
TRACE	pp_replay_inverse_ordinary	11904021	0x6573f28204a5498cf54a929088b66bbe7a7e3d21935e33fec1800000000007ff	0x0	1
COEFFICIENT	pp_replay_inverse_ordinary	11904021	0x0
TRACE	pp_replay_inverse_ordinary	11910082	0x6573f28204a5498cf54a929088b66bbe7a7e3d21935e33fec1800000000007ff	0x0	1
COEFFICIENT	pp_replay_inverse_ordinary	11910082	0x0
TRACE	pp_replay_inverse_ordinary	11916143	0x6573f28204a5498cf54a929088b66bbe7a7e3d21935e33fec1800000000007ff	0x0	1
COEFFICIENT	pp_replay_inverse_ordinary	11916143	0x0
TRACE	pp_replay_inverse_ordinary	11922204	0x6573f28204a5498cf54a929088b66bbe7a7e3d21935e33fec1800000000007ff	0x0	1
COEFFICIENT	pp_replay_inverse_ordinary	11922204	0x0
TRACE	pp_replay_inverse_ordinary	11928265	0x6573f28204a5498cf54a929088b66bbe7a7e3d21935e33fec1800000000007ff	0x0	1
COEFFICIENT	pp_replay_inverse_ordinary	11928265	0x0
TRACE	pp_replay_inverse_ordinary	11934326	0x6573f28204a5498cf54a929088b66bbe7a7e3d21935e33fec1800000000007ff	0x0	1
COEFFICIENT	pp_replay_inverse_ordinary	11934326	0x0
TRACE	pp_replay_inverse_ordinary	11940387	0x6573f28204a5498cf54a929088b66bbe7a7e3d21935e33fec1800000000007ff	0x0	1
COEFFICIENT	pp_replay_inverse_ordinary	11940387	0x0
TRACE	pp_replay_inverse_ordinary	11946448	0x6573f28204a5498cf54a929088b66bbe7a7e3d21935e33fec1800000000007ff	0x0	1
COEFFICIENT	pp_replay_inverse_ordinary	11946448	0x0
TRACE	pp_replay_inverse_ordinary	11952509	0x6573f28204a5498cf54a929088b66bbe7a7e3d21935e33fec1800000000007ff	0x0	1
COEFFICIENT	pp_replay_inverse_ordinary	11952509	0x0
TRACE	pp_replay_inverse_ordinary	11958570	0x6573f28204a5498cf54a929088b66bbe7a7e3d21935e33fec1800000000007ff	0x0	1
COEFFICIENT	pp_replay_inverse_ordinary	11958570	0x0
TRACE	pp_replay_inverse_ordinary	11964631	0x6573f28204a5498cf54a929088b66bbe7a7e3d21935e33fec1800000000007ff	0x0	1
COEFFICIENT	pp_replay_inverse_ordinary	11964631	0x0
TRACE	pp_replay_inverse_ordinary	11970692	0x6573f28204a5498cf54a929088b66bbe7a7e3d21935e33fec1800000000007ff	0x0	1
COEFFICIENT	pp_replay_inverse_ordinary	11970692	0x0
TRACE	pp_replay_inverse_ordinary	11976753	0x6573f28204a5498cf54a929088b66bbe7a7e3d21935e33fec1800000000007ff	0x0	1
COEFFICIENT	pp_replay_inverse_ordinary	11976753	0x0
TRACE	pp_replay_inverse_ordinary	11982814	0x6573f28204a5498cf54a929088b66bbe7a7e3d21935e33fec1800000000007ff	0x0	1
COEFFICIENT	pp_replay_inverse_ordinary	11982814	0x0
TRACE	pp_replay_inverse_ordinary	11988875	0x6573f28204a5498cf54a929088b66bbe7a7e3d21935e33fec1800000000007ff	0x0	1
COEFFICIENT	pp_replay_inverse_ordinary	11988875	0x0
TRACE	pp_replay_inverse_ordinary	11994936	0x6573f28204a5498cf54a929088b66bbe7a7e3d21935e33fec1800000000007ff	0x0	1
COEFFICIENT	pp_replay_inverse_ordinary	11994936	0x0
TRACE	pp_replay_inverse_ordinary	12000997	0x6573f28204a5498cf54a929088b66bbe7a7e3d21935e33fec1800000000007ff	0x0	1
COEFFICIENT	pp_replay_inverse_ordinary	12000997	0x0
TRACE	pp_replay_inverse_ordinary	12007058	0x6573f28204a5498cf54a929088b66bbe7a7e3d21935e33fec1800000000007ff	0x0	1
COEFFICIENT	pp_replay_inverse_ordinary	12007058	0x0
TRACE	pp_replay_inverse_ordinary	12013119	0x6573f28204a5498cf54a929088b66bbe7a7e3d21935e33fec1800000000007ff	0x0	1
COEFFICIENT	pp_replay_inverse_ordinary	12013119	0x0
TRACE	pp_replay_inverse_ordinary	12019180	0x6573f28204a5498cf54a929088b66bbe7a7e3d21935e33fec1800000000007ff	0x0	1
COEFFICIENT	pp_replay_inverse_ordinary	12019180	0x0
TRACE	pp_replay_inverse_ordinary	12025241	0x6573f28204a5498cf54a929088b66bbe7a7e3d21935e33fec1800000000007ff	0x0	1
COEFFICIENT	pp_replay_inverse_ordinary	12025241	0x0
TRACE	pp_replay_inverse_ordinary	12031302	0x6573f28204a5498cf54a929088b66bbe7a7e3d21935e33fec1800000000007ff	0x0	1
COEFFICIENT	pp_replay_inverse_ordinary	12031302	0x0
TRACE	pp_replay_inverse_ordinary	12037363	0x6573f28204a5498cf54a929088b66bbe7a7e3d21935e33fec1800000000007ff	0x0	1
COEFFICIENT	pp_replay_inverse_ordinary	12037363	0x0
TRACE	pp_replay_inverse_ordinary	12043424	0x6573f28204a5498cf54a929088b66bbe7a7e3d21935e33fec1800000000007ff	0x0	1
COEFFICIENT	pp_replay_inverse_ordinary	12043424	0x0
TRACE	pp_replay_inverse_ordinary	12049485	0x6573f28204a5498cf54a929088b66bbe7a7e3d21935e33fec1800000000007ff	0x0	1
COEFFICIENT	pp_replay_inverse_ordinary	12049485	0x0
TRACE	pp_replay_inverse_ordinary	12055546	0x6573f28204a5498cf54a929088b66bbe7a7e3d21935e33fec1800000000007ff	0x0	1
COEFFICIENT	pp_replay_inverse_ordinary	12055546	0x0
TRACE	pp_replay_inverse_ordinary	12061607	0x6573f28204a5498cf54a929088b66bbe7a7e3d21935e33fec1800000000007ff	0x0	1
COEFFICIENT	pp_replay_inverse_ordinary	12061607	0x0
TRACE	pp_replay_inverse_ordinary	12067668	0x6573f28204a5498cf54a929088b66bbe7a7e3d21935e33fec1800000000007ff	0x0	1
COEFFICIENT	pp_replay_inverse_ordinary	12067668	0x0
TRACE	pp_replay_inverse_ordinary	12073729	0x6573f28204a5498cf54a929088b66bbe7a7e3d21935e33fec1800000000007ff	0x0	1
COEFFICIENT	pp_replay_inverse_ordinary	12073729	0x0
TRACE	pp_replay_inverse_ordinary	12079790	0x6573f28204a5498cf54a929088b66bbe7a7e3d21935e33fec1800000000007ff	0x0	1
COEFFICIENT	pp_replay_inverse_ordinary	12079790	0x0
TRACE	pp_replay_inverse_ordinary	12085851	0x6573f28204a5498cf54a929088b66bbe7a7e3d21935e33fec1800000000007ff	0x0	1
COEFFICIENT	pp_replay_inverse_ordinary	12085851	0x0
TRACE	pp_replay_inverse_ordinary	12091912	0x6573f28204a5498cf54a929088b66bbe7a7e3d21935e33fec1800000000007ff	0x0	1
COEFFICIENT	pp_replay_inverse_ordinary	12091912	0x0
TRACE	pp_replay_inverse_ordinary	12097973	0x6573f28204a5498cf54a929088b66bbe7a7e3d21935e33fec1800000000007ff	0x0	1
COEFFICIENT	pp_replay_inverse_ordinary	12097973	0x0
TRACE	pp_replay_inverse_ordinary	12104034	0x6573f28204a5498cf54a929088b66bbe7a7e3d21935e33fec1800000000007ff	0x0	1
COEFFICIENT	pp_replay_inverse_ordinary	12104034	0x0
TRACE	pp_replay_inverse_ordinary	12110095	0x6573f28204a5498cf54a929088b66bbe7a7e3d21935e33fec1800000000007ff	0x0	1
COEFFICIENT	pp_replay_inverse_ordinary	12110095	0x0
TRACE	pp_replay_inverse_ordinary	12116156	0x6573f28204a5498cf54a929088b66bbe7a7e3d21935e33fec1800000000007ff	0x0	1
COEFFICIENT	pp_replay_inverse_ordinary	12116156	0x0
TRACE	pp_replay_inverse_ordinary	12122217	0x6573f28204a5498cf54a929088b66bbe7a7e3d21935e33fec1800000000007ff	0x0	1
COEFFICIENT	pp_replay_inverse_ordinary	12122217	0x0
TRACE	pp_replay_inverse_ordinary	12128278	0x6573f28204a5498cf54a929088b66bbe7a7e3d21935e33fec1800000000007ff	0x0	1
COEFFICIENT	pp_replay_inverse_ordinary	12128278	0x0
TRACE	pp_replay_inverse_ordinary	12134339	0x6573f28204a5498cf54a929088b66bbe7a7e3d21935e33fec1800000000007ff	0x0	1
COEFFICIENT	pp_replay_inverse_ordinary	12134339	0x0
TRACE	pp_replay_inverse_ordinary	12140400	0x6573f28204a5498cf54a929088b66bbe7a7e3d21935e33fec1800000000007ff	0x0	1
COEFFICIENT	pp_replay_inverse_ordinary	12140400	0x0
TRACE	pp_replay_inverse_ordinary	12146461	0x6573f28204a5498cf54a929088b66bbe7a7e3d21935e33fec1800000000007ff	0x0	1
COEFFICIENT	pp_replay_inverse_ordinary	12146461	0x0
TRACE	pp_replay_inverse_ordinary	12152522	0x6573f28204a5498cf54a929088b66bbe7a7e3d21935e33fec1800000000007ff	0x0	1
COEFFICIENT	pp_replay_inverse_ordinary	12152522	0x0
TRACE	pp_replay_inverse_ordinary	12158583	0x6573f28204a5498cf54a929088b66bbe7a7e3d21935e33fec1800000000007ff	0x0	1
COEFFICIENT	pp_replay_inverse_ordinary	12158583	0x0
TRACE	pp_replay_inverse_ordinary	12164644	0x6573f28204a5498cf54a929088b66bbe7a7e3d21935e33fec1800000000007ff	0x0	1
COEFFICIENT	pp_replay_inverse_ordinary	12164644	0x0
TRACE	pp_replay_inverse_ordinary	12170705	0x6573f28204a5498cf54a929088b66bbe7a7e3d21935e33fec1800000000007ff	0x0	1
COEFFICIENT	pp_replay_inverse_ordinary	12170705	0x0
TRACE	pp_replay_inverse_ordinary	12176766	0x6573f28204a5498cf54a929088b66bbe7a7e3d21935e33fec1800000000007ff	0x0	1
COEFFICIENT	pp_replay_inverse_ordinary	12176766	0x0
TRACE	pp_replay_inverse_ordinary	12182827	0x6573f28204a5498cf54a929088b66bbe7a7e3d21935e33fec1800000000007ff	0x0	1
COEFFICIENT	pp_replay_inverse_ordinary	12182827	0x0
TRACE	pp_replay_inverse_ordinary	12188888	0x6573f28204a5498cf54a929088b66bbe7a7e3d21935e33fec1800000000007ff	0x0	1
COEFFICIENT	pp_replay_inverse_ordinary	12188888	0x0
TRACE	pp_replay_inverse_ordinary	12194949	0x6573f28204a5498cf54a929088b66bbe7a7e3d21935e33fec1800000000007ff	0x0	1
COEFFICIENT	pp_replay_inverse_ordinary	12194949	0x0
TRACE	pp_replay_inverse_ordinary	12201010	0x6573f28204a5498cf54a929088b66bbe7a7e3d21935e33fec1800000000007ff	0x0	1
COEFFICIENT	pp_replay_inverse_ordinary	12201010	0x0
TRACE	pp_replay_inverse_ordinary	12207071	0x6573f28204a5498cf54a929088b66bbe7a7e3d21935e33fec1800000000007ff	0x0	1
COEFFICIENT	pp_replay_inverse_ordinary	12207071	0x0
TRACE	pp_replay_inverse_ordinary	12213132	0x6573f28204a5498cf54a929088b66bbe7a7e3d21935e33fec1800000000007ff	0x0	1
COEFFICIENT	pp_replay_inverse_ordinary	12213132	0x0
TRACE	pp_replay_inverse_ordinary	12219193	0x6573f28204a5498cf54a929088b66bbe7a7e3d21935e33fec1800000000007ff	0x0	1
COEFFICIENT	pp_replay_inverse_ordinary	12219193	0x0
TRACE	pp_replay_inverse_ordinary	12225254	0x6573f28204a5498cf54a929088b66bbe7a7e3d21935e33fec1800000000007ff	0x0	1
COEFFICIENT	pp_replay_inverse_ordinary	12225254	0x0
TRACE	pp_replay_inverse_ordinary	12231315	0x6573f28204a5498cf54a929088b66bbe7a7e3d21935e33fec1800000000007ff	0x0	1
COEFFICIENT	pp_replay_inverse_ordinary	12231315	0x0
TRACE	pp_replay_inverse_ordinary	12237376	0x6573f28204a5498cf54a929088b66bbe7a7e3d21935e33fec1800000000007ff	0x0	1
COEFFICIENT	pp_replay_inverse_ordinary	12237376	0x0
TRACE	pp_replay_inverse_ordinary	12243437	0x6573f28204a5498cf54a929088b66bbe7a7e3d21935e33fec1800000000007ff	0x0	1
COEFFICIENT	pp_replay_inverse_ordinary	12243437	0x0
TRACE	pp_replay_inverse_ordinary	12249498	0x6573f28204a5498cf54a929088b66bbe7a7e3d21935e33fec1800000000007ff	0x0	1
COEFFICIENT	pp_replay_inverse_ordinary	12249498	0x0
TRACE	pp_replay_inverse_ordinary	12255559	0x6573f28204a5498cf54a929088b66bbe7a7e3d21935e33fec1800000000007ff	0x0	1
COEFFICIENT	pp_replay_inverse_ordinary	12255559	0x0
TRACE	pp_replay_inverse_ordinary	12261620	0x6573f28204a5498cf54a929088b66bbe7a7e3d21935e33fec1800000000007ff	0x0	1
COEFFICIENT	pp_replay_inverse_ordinary	12261620	0x0
TRACE	pp_replay_inverse_ordinary	12267681	0x6573f28204a5498cf54a929088b66bbe7a7e3d21935e33fec1800000000007ff	0x0	1
COEFFICIENT	pp_replay_inverse_ordinary	12267681	0x0
TRACE	pp_replay_inverse_ordinary	12273742	0x6573f28204a5498cf54a929088b66bbe7a7e3d21935e33fec1800000000007ff	0x0	1
COEFFICIENT	pp_replay_inverse_ordinary	12273742	0x0
TRACE	pp_replay_inverse_ordinary	12279803	0x6573f28204a5498cf54a929088b66bbe7a7e3d21935e33fec1800000000007ff	0x0	1
COEFFICIENT	pp_replay_inverse_ordinary	12279803	0x0
TRACE	pp_replay_inverse_ordinary	12285864	0x6573f28204a5498cf54a929088b66bbe7a7e3d21935e33fec1800000000007ff	0x0	1
COEFFICIENT	pp_replay_inverse_ordinary	12285864	0x0
TRACE	pp_replay_inverse_ordinary	12291925	0x6573f28204a5498cf54a929088b66bbe7a7e3d21935e33fec1800000000007ff	0x0	1
COEFFICIENT	pp_replay_inverse_ordinary	12291925	0x0
TRACE	pp_replay_inverse_ordinary	12297986	0x6573f28204a5498cf54a929088b66bbe7a7e3d21935e33fec1800000000007ff	0x0	1
COEFFICIENT	pp_replay_inverse_ordinary	12297986	0x0
TRACE	pp_replay_inverse_ordinary	12304047	0x6573f28204a5498cf54a929088b66bbe7a7e3d21935e33fec1800000000007ff	0x0	1
COEFFICIENT	pp_replay_inverse_ordinary	12304047	0x0
TRACE	pp_replay_inverse_ordinary	12310108	0x6573f28204a5498cf54a929088b66bbe7a7e3d21935e33fec1800000000007ff	0x0	1
COEFFICIENT	pp_replay_inverse_ordinary	12310108	0x0
TRACE	pp_replay_inverse_ordinary	12316169	0x6573f28204a5498cf54a929088b66bbe7a7e3d21935e33fec1800000000007ff	0x0	1
COEFFICIENT	pp_replay_inverse_ordinary	12316169	0x0
TRACE	pp_replay_inverse_ordinary	12322230	0x6573f28204a5498cf54a929088b66bbe7a7e3d21935e33fec1800000000007ff	0x0	1
COEFFICIENT	pp_replay_inverse_ordinary	12322230	0x0
TRACE	pp_replay_inverse_ordinary	12328291	0x6573f28204a5498cf54a929088b66bbe7a7e3d21935e33fec1800000000007ff	0x0	1
COEFFICIENT	pp_replay_inverse_ordinary	12328291	0x0
TRACE	pp_replay_inverse_ordinary	12334352	0x6573f28204a5498cf54a929088b66bbe7a7e3d21935e33fec1800000000007ff	0x0	1
COEFFICIENT	pp_replay_inverse_ordinary	12334352	0x0
TRACE	pp_replay_inverse_ordinary	12340413	0x6573f28204a5498cf54a929088b66bbe7a7e3d21935e33fec1800000000007ff	0x0	1
COEFFICIENT	pp_replay_inverse_ordinary	12340413	0x0
TRACE	pp_replay_inverse_ordinary	12346474	0x6573f28204a5498cf54a929088b66bbe7a7e3d21935e33fec1800000000007ff	0x0	1
COEFFICIENT	pp_replay_inverse_ordinary	12346474	0x0
TRACE	pp_replay_inverse_ordinary	12352535	0x6573f28204a5498cf54a929088b66bbe7a7e3d21935e33fec1800000000007ff	0x0	1
COEFFICIENT	pp_replay_inverse_ordinary	12352535	0x0
TRACE	pp_replay_inverse_ordinary	12358596	0x6573f28204a5498cf54a929088b66bbe7a7e3d21935e33fec1800000000007ff	0x0	1
COEFFICIENT	pp_replay_inverse_ordinary	12358596	0x0
TRACE	pp_replay_inverse_ordinary	12364657	0x6573f28204a5498cf54a929088b66bbe7a7e3d21935e33fec1800000000007ff	0x0	1
COEFFICIENT	pp_replay_inverse_ordinary	12364657	0x0
TRACE	pp_replay_inverse_ordinary	12370718	0x6573f28204a5498cf54a929088b66bbe7a7e3d21935e33fec1800000000007ff	0x0	1
COEFFICIENT	pp_replay_inverse_ordinary	12370718	0x0
TRACE	pp_replay_inverse_ordinary	12376779	0x6573f28204a5498cf54a929088b66bbe7a7e3d21935e33fec1800000000007ff	0x0	1
COEFFICIENT	pp_replay_inverse_ordinary	12376779	0x0
TRACE	pp_replay_inverse_ordinary	12382840	0x6573f28204a5498cf54a929088b66bbe7a7e3d21935e33fec1800000000007ff	0x0	1
COEFFICIENT	pp_replay_inverse_ordinary	12382840	0x0
TRACE	pp_replay_inverse_ordinary	12388901	0x6573f28204a5498cf54a929088b66bbe7a7e3d21935e33fec1800000000007ff	0x0	1
COEFFICIENT	pp_replay_inverse_ordinary	12388901	0x0
TRACE	pp_replay_inverse_ordinary	12394962	0x6573f28204a5498cf54a929088b66bbe7a7e3d21935e33fec1800000000007ff	0x0	1
COEFFICIENT	pp_replay_inverse_ordinary	12394962	0x0
TRACE	pp_replay_inverse_ordinary	12401023	0x6573f28204a5498cf54a929088b66bbe7a7e3d21935e33fec1800000000007ff	0x0	1
COEFFICIENT	pp_replay_inverse_ordinary	12401023	0x0
TRACE	pp_replay_inverse_ordinary	12407084	0x6573f28204a5498cf54a929088b66bbe7a7e3d21935e33fec1800000000007ff	0x0	1
COEFFICIENT	pp_replay_inverse_ordinary	12407084	0x0
TRACE	pp_replay_inverse_ordinary	12413145	0x6573f28204a5498cf54a929088b66bbe7a7e3d21935e33fec1800000000007ff	0x0	1
COEFFICIENT	pp_replay_inverse_ordinary	12413145	0x0
TRACE	pp_replay_inverse_ordinary	12419206	0x6573f28204a5498cf54a929088b66bbe7a7e3d21935e33fec1800000000007ff	0x0	1
COEFFICIENT	pp_replay_inverse_ordinary	12419206	0x0
TRACE	pp_replay_inverse_ordinary	12425267	0x6573f28204a5498cf54a929088b66bbe7a7e3d21935e33fec1800000000007ff	0x0	1
COEFFICIENT	pp_replay_inverse_ordinary	12425267	0x0
TRACE	pp_replay_inverse_ordinary	12431328	0x6573f28204a5498cf54a929088b66bbe7a7e3d21935e33fec1800000000007ff	0x0	1
COEFFICIENT	pp_replay_inverse_ordinary	12431328	0x0
TRACE	pp_replay_inverse_ordinary	12437389	0x6573f28204a5498cf54a929088b66bbe7a7e3d21935e33fec1800000000007ff	0x0	1
COEFFICIENT	pp_replay_inverse_ordinary	12437389	0x0
TRACE	pp_replay_inverse_ordinary	12443450	0x6573f28204a5498cf54a929088b66bbe7a7e3d21935e33fec1800000000007ff	0x0	1
COEFFICIENT	pp_replay_inverse_ordinary	12443450	0x0
TRACE	pp_replay_inverse_ordinary	12449511	0x6573f28204a5498cf54a929088b66bbe7a7e3d21935e33fec1800000000007ff	0x0	1
COEFFICIENT	pp_replay_inverse_ordinary	12449511	0x0
TRACE	pp_replay_inverse_ordinary	12455572	0x6573f28204a5498cf54a929088b66bbe7a7e3d21935e33fec1800000000007ff	0x0	1
COEFFICIENT	pp_replay_inverse_ordinary	12455572	0x0
TRACE	pp_replay_inverse_ordinary	12461633	0x6573f28204a5498cf54a929088b66bbe7a7e3d21935e33fec1800000000007ff	0x0	1
COEFFICIENT	pp_replay_inverse_ordinary	12461633	0x0
TRACE	pp_replay_inverse_ordinary	12467694	0x6573f28204a5498cf54a929088b66bbe7a7e3d21935e33fec1800000000007ff	0x0	1
COEFFICIENT	pp_replay_inverse_ordinary	12467694	0x0
TRACE	pp_replay_inverse_ordinary	12473755	0x6573f28204a5498cf54a929088b66bbe7a7e3d21935e33fec1800000000007ff	0x0	1
COEFFICIENT	pp_replay_inverse_ordinary	12473755	0x0
TRACE	pp_replay_inverse_ordinary	12479816	0x6573f28204a5498cf54a929088b66bbe7a7e3d21935e33fec1800000000007ff	0x0	1
COEFFICIENT	pp_replay_inverse_ordinary	12479816	0x0
TRACE	pp_replay_inverse_ordinary	12485877	0x6573f28204a5498cf54a929088b66bbe7a7e3d21935e33fec1800000000007ff	0x0	1
COEFFICIENT	pp_replay_inverse_ordinary	12485877	0x0
TRACE	pp_replay_inverse_ordinary	12491938	0x6573f28204a5498cf54a929088b66bbe7a7e3d21935e33fec1800000000007ff	0x0	1
COEFFICIENT	pp_replay_inverse_ordinary	12491938	0x0
TRACE	pp_replay_inverse_ordinary	12497999	0x6573f28204a5498cf54a929088b66bbe7a7e3d21935e33fec1800000000007ff	0x0	1
COEFFICIENT	pp_replay_inverse_ordinary	12497999	0x0
TRACE	pp_replay_inverse_ordinary	12504060	0x6573f28204a5498cf54a929088b66bbe7a7e3d21935e33fec1800000000007ff	0x0	1
COEFFICIENT	pp_replay_inverse_ordinary	12504060	0x0
TRACE	pp_replay_inverse_ordinary	12510121	0x6573f28204a5498cf54a929088b66bbe7a7e3d21935e33fec1800000000007ff	0x0	1
COEFFICIENT	pp_replay_inverse_ordinary	12510121	0x0
TRACE	pp_replay_inverse_ordinary	12516182	0x6573f28204a5498cf54a929088b66bbe7a7e3d21935e33fec1800000000007ff	0x0	1
COEFFICIENT	pp_replay_inverse_ordinary	12516182	0x0
TRACE	pp_replay_inverse_ordinary	12522243	0x6573f28204a5498cf54a929088b66bbe7a7e3d21935e33fec1800000000007ff	0x0	1
COEFFICIENT	pp_replay_inverse_ordinary	12522243	0x0
TRACE	pp_replay_inverse_ordinary	12528304	0x6573f28204a5498cf54a929088b66bbe7a7e3d21935e33fec1800000000007ff	0x0	1
COEFFICIENT	pp_replay_inverse_ordinary	12528304	0x0
TRACE	pp_replay_inverse_ordinary	12534365	0x6573f28204a5498cf54a929088b66bbe7a7e3d21935e33fec1800000000007ff	0x0	1
COEFFICIENT	pp_replay_inverse_ordinary	12534365	0x0
TRACE	pp_replay_inverse_ordinary	12540426	0x6573f28204a5498cf54a929088b66bbe7a7e3d21935e33fec1800000000007ff	0x0	1
COEFFICIENT	pp_replay_inverse_ordinary	12540426	0x0
TRACE	pp_replay_inverse_ordinary	12546487	0x6573f28204a5498cf54a929088b66bbe7a7e3d21935e33fec1800000000007ff	0x0	1
COEFFICIENT	pp_replay_inverse_ordinary	12546487	0x0
TRACE	pp_replay_inverse_ordinary	12552548	0x6573f28204a5498cf54a929088b66bbe7a7e3d21935e33fec1800000000007ff	0x0	1
COEFFICIENT	pp_replay_inverse_ordinary	12552548	0x0
TRACE	pp_replay_inverse_ordinary	12558609	0x6573f28204a5498cf54a929088b66bbe7a7e3d21935e33fec1800000000007ff	0x0	1
COEFFICIENT	pp_replay_inverse_ordinary	12558609	0x0
TRACE	pp_replay_inverse_ordinary	12564670	0x6573f28204a5498cf54a929088b66bbe7a7e3d21935e33fec1800000000007ff	0x0	1
COEFFICIENT	pp_replay_inverse_ordinary	12564670	0x0
TRACE	pp_replay_inverse_ordinary	12570731	0x6573f28204a5498cf54a929088b66bbe7a7e3d21935e33fec1800000000007ff	0x0	1
COEFFICIENT	pp_replay_inverse_ordinary	12570731	0x0
TRACE	pp_replay_inverse_ordinary	12576792	0x6573f28204a5498cf54a929088b66bbe7a7e3d21935e33fec1800000000007ff	0x0	1
COEFFICIENT	pp_replay_inverse_ordinary	12576792	0x0
TRACE	pp_replay_inverse_ordinary	12582853	0x6573f28204a5498cf54a929088b66bbe7a7e3d21935e33fec1800000000007ff	0x0	1
COEFFICIENT	pp_replay_inverse_ordinary	12582853	0x0
TRACE	pp_replay_inverse_ordinary	12588914	0x6573f28204a5498cf54a929088b66bbe7a7e3d21935e33fec1800000000007ff	0x0	1
COEFFICIENT	pp_replay_inverse_ordinary	12588914	0x0
TRACE	pp_replay_inverse_ordinary	12594975	0x6573f28204a5498cf54a929088b66bbe7a7e3d21935e33fec1800000000007ff	0x0	1
COEFFICIENT	pp_replay_inverse_ordinary	12594975	0x0
TRACE	pp_replay_inverse_ordinary	12601036	0x6573f28204a5498cf54a929088b66bbe7a7e3d21935e33fec1800000000007ff	0x0	1
COEFFICIENT	pp_replay_inverse_ordinary	12601036	0x0
TRACE	pp_replay_inverse_ordinary	12607097	0x6573f28204a5498cf54a929088b66bbe7a7e3d21935e33fec1800000000007ff	0x0	1
COEFFICIENT	pp_replay_inverse_ordinary	12607097	0x0
TRACE	pp_replay_inverse_ordinary	12613158	0x6573f28204a5498cf54a929088b66bbe7a7e3d21935e33fec1800000000007ff	0x0	1
COEFFICIENT	pp_replay_inverse_ordinary	12613158	0x0
TRACE	pp_replay_inverse_ordinary	12619219	0x6573f28204a5498cf54a929088b66bbe7a7e3d21935e33fec1800000000007ff	0x0	1
COEFFICIENT	pp_replay_inverse_ordinary	12619219	0x0
TRACE	pp_replay_inverse_ordinary	12625280	0x6573f28204a5498cf54a929088b66bbe7a7e3d21935e33fec1800000000007ff	0x0	1
COEFFICIENT	pp_replay_inverse_ordinary	12625280	0x0
TRACE	pp_replay_inverse_ordinary	12631341	0x6573f28204a5498cf54a929088b66bbe7a7e3d21935e33fec1800000000007ff	0x0	1
COEFFICIENT	pp_replay_inverse_ordinary	12631341	0x0
TRACE	pp_replay_inverse_ordinary	12637402	0x6573f28204a5498cf54a929088b66bbe7a7e3d21935e33fec1800000000007ff	0x0	1
COEFFICIENT	pp_replay_inverse_ordinary	12637402	0x0
TRACE	pp_replay_inverse_ordinary	12643463	0x6573f28204a5498cf54a929088b66bbe7a7e3d21935e33fec1800000000007ff	0x0	1
COEFFICIENT	pp_replay_inverse_ordinary	12643463	0x0
TRACE	pp_replay_inverse_ordinary	12649524	0x6573f28204a5498cf54a929088b66bbe7a7e3d21935e33fec1800000000007ff	0x0	1
COEFFICIENT	pp_replay_inverse_ordinary	12649524	0x0
TRACE	pp_replay_inverse_ordinary	12655585	0x6573f28204a5498cf54a929088b66bbe7a7e3d21935e33fec1800000000007ff	0x0	1
COEFFICIENT	pp_replay_inverse_ordinary	12655585	0x0
TRACE	pp_replay_inverse_ordinary	12661646	0x6573f28204a5498cf54a929088b66bbe7a7e3d21935e33fec1800000000007ff	0x0	1
COEFFICIENT	pp_replay_inverse_ordinary	12661646	0x0
TRACE	pp_replay_inverse_ordinary	12667707	0x6573f28204a5498cf54a929088b66bbe7a7e3d21935e33fec1800000000007ff	0x0	1
COEFFICIENT	pp_replay_inverse_ordinary	12667707	0x0
TRACE	pp_replay_inverse_ordinary	12673768	0x6573f28204a5498cf54a929088b66bbe7a7e3d21935e33fec1800000000007ff	0x0	1
COEFFICIENT	pp_replay_inverse_ordinary	12673768	0x0
TRACE	pp_replay_inverse_ordinary	12679829	0x6573f28204a5498cf54a929088b66bbe7a7e3d21935e33fec1800000000007ff	0x0	1
COEFFICIENT	pp_replay_inverse_ordinary	12679829	0x0
TRACE	pp_replay_inverse_ordinary	12685890	0x6573f28204a5498cf54a929088b66bbe7a7e3d21935e33fec1800000000007ff	0x0	1
COEFFICIENT	pp_replay_inverse_ordinary	12685890	0x0
TRACE	pp_replay_inverse_ordinary	12691951	0x6573f28204a5498cf54a929088b66bbe7a7e3d21935e33fec1800000000007ff	0x0	1
COEFFICIENT	pp_replay_inverse_ordinary	12691951	0x0
TRACE	pp_replay_inverse_ordinary	12698012	0x6573f28204a5498cf54a929088b66bbe7a7e3d21935e33fec1800000000007ff	0x0	1
COEFFICIENT	pp_replay_inverse_ordinary	12698012	0x0
TRACE	pp_replay_inverse_ordinary	12704073	0x6573f28204a5498cf54a929088b66bbe7a7e3d21935e33fec1800000000007ff	0x0	1
COEFFICIENT	pp_replay_inverse_ordinary	12704073	0x0
TRACE	pp_replay_inverse_ordinary	12710134	0x6573f28204a5498cf54a929088b66bbe7a7e3d21935e33fec1800000000007ff	0x0	1
COEFFICIENT	pp_replay_inverse_ordinary	12710134	0x0
TRACE	pp_replay_inverse_ordinary	12716195	0x6573f28204a5498cf54a929088b66bbe7a7e3d21935e33fec1800000000007ff	0x0	1
COEFFICIENT	pp_replay_inverse_ordinary	12716195	0x0
TRACE	pp_replay_inverse_ordinary	12722256	0x6573f28204a5498cf54a929088b66bbe7a7e3d21935e33fec1800000000007ff	0x0	1
COEFFICIENT	pp_replay_inverse_ordinary	12722256	0x0
TRACE	pp_replay_inverse_ordinary	12728317	0x6573f28204a5498cf54a929088b66bbe7a7e3d21935e33fec1800000000007ff	0x0	1
COEFFICIENT	pp_replay_inverse_ordinary	12728317	0x0
TRACE	pp_replay_inverse_ordinary	12734378	0x6573f28204a5498cf54a929088b66bbe7a7e3d21935e33fec1800000000007ff	0x0	1
COEFFICIENT	pp_replay_inverse_ordinary	12734378	0x0
TRACE	pp_replay_inverse_ordinary	12740439	0x6573f28204a5498cf54a929088b66bbe7a7e3d21935e33fec1800000000007ff	0x0	1
COEFFICIENT	pp_replay_inverse_ordinary	12740439	0x0
TRACE	pp_replay_inverse_ordinary	12746500	0x6573f28204a5498cf54a929088b66bbe7a7e3d21935e33fec1800000000007ff	0x0	1
COEFFICIENT	pp_replay_inverse_ordinary	12746500	0x0
TRACE	pp_replay_inverse_ordinary	12752561	0x6573f28204a5498cf54a929088b66bbe7a7e3d21935e33fec1800000000007ff	0x0	1
COEFFICIENT	pp_replay_inverse_ordinary	12752561	0x0
TRACE	pp_replay_inverse_ordinary	12758622	0x6573f28204a5498cf54a929088b66bbe7a7e3d21935e33fec1800000000007ff	0x0	1
COEFFICIENT	pp_replay_inverse_ordinary	12758622	0x0
TRACE	pp_replay_inverse_ordinary	12764683	0x6573f28204a5498cf54a929088b66bbe7a7e3d21935e33fec1800000000007ff	0x0	1
COEFFICIENT	pp_replay_inverse_ordinary	12764683	0x0
TRACE	pp_replay_inverse_ordinary	12770744	0x6573f28204a5498cf54a929088b66bbe7a7e3d21935e33fec1800000000007ff	0x0	1
COEFFICIENT	pp_replay_inverse_ordinary	12770744	0x0
TRACE	pp_replay_inverse_ordinary	12776805	0x6573f28204a5498cf54a929088b66bbe7a7e3d21935e33fec1800000000007ff	0x0	1
COEFFICIENT	pp_replay_inverse_ordinary	12776805	0x0
TRACE	pp_replay_inverse_ordinary	12782866	0x6573f28204a5498cf54a929088b66bbe7a7e3d21935e33fec1800000000007ff	0x0	1
COEFFICIENT	pp_replay_inverse_ordinary	12782866	0x0
TRACE	pp_replay_inverse_ordinary	12788927	0x6573f28204a5498cf54a929088b66bbe7a7e3d21935e33fec1800000000007ff	0x0	1
COEFFICIENT	pp_replay_inverse_ordinary	12788927	0x0
TRACE	pp_replay_inverse_ordinary	12794988	0x6573f28204a5498cf54a929088b66bbe7a7e3d21935e33fec1800000000007ff	0x0	1
COEFFICIENT	pp_replay_inverse_ordinary	12794988	0x0
TRACE	pp_replay_inverse_ordinary	12801049	0x6573f28204a5498cf54a929088b66bbe7a7e3d21935e33fec1800000000007ff	0x0	1
COEFFICIENT	pp_replay_inverse_ordinary	12801049	0x0
TRACE	pp_replay_inverse_ordinary	12807110	0x6573f28204a5498cf54a929088b66bbe7a7e3d21935e33fec1800000000007ff	0x0	1
COEFFICIENT	pp_replay_inverse_ordinary	12807110	0x0
TRACE	pp_replay_inverse_ordinary	12813171	0x6573f28204a5498cf54a929088b66bbe7a7e3d21935e33fec1800000000007ff	0x0	1
COEFFICIENT	pp_replay_inverse_ordinary	12813171	0x0
TRACE	pp_replay_inverse_ordinary	12819232	0x6573f28204a5498cf54a929088b66bbe7a7e3d21935e33fec1800000000007ff	0x0	1
COEFFICIENT	pp_replay_inverse_ordinary	12819232	0x0
TRACE	pp_replay_inverse_ordinary	12825293	0x6573f28204a5498cf54a929088b66bbe7a7e3d21935e33fec1800000000007ff	0x0	1
COEFFICIENT	pp_replay_inverse_ordinary	12825293	0x0
TRACE	pp_replay_inverse_ordinary	12831354	0x6573f28204a5498cf54a929088b66bbe7a7e3d21935e33fec1800000000007ff	0x0	1
COEFFICIENT	pp_replay_inverse_ordinary	12831354	0x0
TRACE	pp_replay_inverse_ordinary	12837415	0x6573f28204a5498cf54a929088b66bbe7a7e3d21935e33fec1800000000007ff	0x0	1
COEFFICIENT	pp_replay_inverse_ordinary	12837415	0x0
TRACE	pp_replay_inverse_ordinary	12843476	0x6573f28204a5498cf54a929088b66bbe7a7e3d21935e33fec1800000000007ff	0x0	1
COEFFICIENT	pp_replay_inverse_ordinary	12843476	0x0
TRACE	pp_replay_inverse_ordinary	12849537	0x6573f28204a5498cf54a929088b66bbe7a7e3d21935e33fec1800000000007ff	0x0	1
COEFFICIENT	pp_replay_inverse_ordinary	12849537	0x0
TRACE	pp_replay_inverse_ordinary	12855598	0x6573f28204a5498cf54a929088b66bbe7a7e3d21935e33fec1800000000007ff	0x0	1
COEFFICIENT	pp_replay_inverse_ordinary	12855598	0x0
TRACE	pp_replay_inverse_ordinary	12861659	0x6573f28204a5498cf54a929088b66bbe7a7e3d21935e33fec1800000000007ff	0x0	1
COEFFICIENT	pp_replay_inverse_ordinary	12861659	0x0
TRACE	pp_replay_inverse_ordinary	12867720	0x6573f28204a5498cf54a929088b66bbe7a7e3d21935e33fec1800000000007ff	0x0	1
COEFFICIENT	pp_replay_inverse_ordinary	12867720	0x0
TRACE	pp_replay_inverse_ordinary	12873781	0x6573f28204a5498cf54a929088b66bbe7a7e3d21935e33fec1800000000007ff	0x0	1
COEFFICIENT	pp_replay_inverse_ordinary	12873781	0x0
TRACE	pp_replay_inverse_ordinary	12879842	0x6573f28204a5498cf54a929088b66bbe7a7e3d21935e33fec1800000000007ff	0x0	1
COEFFICIENT	pp_replay_inverse_ordinary	12879842	0x0
TRACE	pp_replay_inverse_ordinary	12885903	0x6573f28204a5498cf54a929088b66bbe7a7e3d21935e33fec1800000000007ff	0x0	1
COEFFICIENT	pp_replay_inverse_ordinary	12885903	0x0
TRACE	pp_replay_inverse_ordinary	12891964	0x6573f28204a5498cf54a929088b66bbe7a7e3d21935e33fec1800000000007ff	0x0	1
COEFFICIENT	pp_replay_inverse_ordinary	12891964	0x0
TRACE	pp_replay_inverse_ordinary	12898025	0x6573f28204a5498cf54a929088b66bbe7a7e3d21935e33fec1800000000007ff	0x0	1
COEFFICIENT	pp_replay_inverse_ordinary	12898025	0x0
TRACE	pp_replay_inverse_ordinary	12904086	0x6573f28204a5498cf54a929088b66bbe7a7e3d21935e33fec1800000000007ff	0x0	1
COEFFICIENT	pp_replay_inverse_ordinary	12904086	0x0
TRACE	pp_replay_inverse_ordinary	12910147	0x6573f28204a5498cf54a929088b66bbe7a7e3d21935e33fec1800000000007ff	0x0	1
COEFFICIENT	pp_replay_inverse_ordinary	12910147	0x0
TRACE	pp_replay_inverse_ordinary	12916208	0x6573f28204a5498cf54a929088b66bbe7a7e3d21935e33fec1800000000007ff	0x0	1
COEFFICIENT	pp_replay_inverse_ordinary	12916208	0x0
TRACE	pp_replay_inverse_ordinary	12922269	0x6573f28204a5498cf54a929088b66bbe7a7e3d21935e33fec1800000000007ff	0x0	1
COEFFICIENT	pp_replay_inverse_ordinary	12922269	0x0
TRACE	pp_replay_inverse_ordinary	12928330	0x6573f28204a5498cf54a929088b66bbe7a7e3d21935e33fec1800000000007ff	0x0	1
COEFFICIENT	pp_replay_inverse_ordinary	12928330	0x0
TRACE	pp_replay_inverse_ordinary	12934391	0x6573f28204a5498cf54a929088b66bbe7a7e3d21935e33fec1800000000007ff	0x0	1
COEFFICIENT	pp_replay_inverse_ordinary	12934391	0x0
TRACE	pp_replay_inverse_ordinary	12940452	0x6573f28204a5498cf54a929088b66bbe7a7e3d21935e33fec1800000000007ff	0x0	1
COEFFICIENT	pp_replay_inverse_ordinary	12940452	0x0
TRACE	pp_replay_inverse_ordinary	12946513	0x6573f28204a5498cf54a929088b66bbe7a7e3d21935e33fec1800000000007ff	0x0	1
COEFFICIENT	pp_replay_inverse_ordinary	12946513	0x0
TRACE	pp_replay_inverse_ordinary	12952574	0x6573f28204a5498cf54a929088b66bbe7a7e3d21935e33fec1800000000007ff	0x0	1
COEFFICIENT	pp_replay_inverse_ordinary	12952574	0x0
TRACE	pp_replay_inverse_ordinary	12958635	0x6573f28204a5498cf54a929088b66bbe7a7e3d21935e33fec1800000000007ff	0x0	1
COEFFICIENT	pp_replay_inverse_ordinary	12958635	0x0
TRACE	pp_replay_inverse_ordinary	12964696	0x6573f28204a5498cf54a929088b66bbe7a7e3d21935e33fec1800000000007ff	0x0	1
COEFFICIENT	pp_replay_inverse_ordinary	12964696	0x0
TRACE	pp_replay_inverse_ordinary	12970757	0x6573f28204a5498cf54a929088b66bbe7a7e3d21935e33fec1800000000007ff	0x0	1
COEFFICIENT	pp_replay_inverse_ordinary	12970757	0x0
TRACE	pp_replay_inverse_ordinary	12976818	0x6573f28204a5498cf54a929088b66bbe7a7e3d21935e33fec1800000000007ff	0x0	1
COEFFICIENT	pp_replay_inverse_ordinary	12976818	0x0
TRACE	pp_replay_inverse_ordinary	12982879	0x6573f28204a5498cf54a929088b66bbe7a7e3d21935e33fec1800000000007ff	0x0	1
COEFFICIENT	pp_replay_inverse_ordinary	12982879	0x0
TRACE	pp_replay_inverse_ordinary	12988940	0x6573f28204a5498cf54a929088b66bbe7a7e3d21935e33fec1800000000007ff	0x0	1
COEFFICIENT	pp_replay_inverse_ordinary	12988940	0x0
TRACE	pp_replay_inverse_ordinary	12995001	0x6573f28204a5498cf54a929088b66bbe7a7e3d21935e33fec1800000000007ff	0x0	1
COEFFICIENT	pp_replay_inverse_ordinary	12995001	0x0
TRACE	pp_replay_inverse_ordinary	13001062	0x6573f28204a5498cf54a929088b66bbe7a7e3d21935e33fec1800000000007ff	0x0	1
COEFFICIENT	pp_replay_inverse_ordinary	13001062	0x0
TRACE	pp_replay_inverse_ordinary	13007123	0x6573f28204a5498cf54a929088b66bbe7a7e3d21935e33fec1800000000007ff	0x0	1
COEFFICIENT	pp_replay_inverse_ordinary	13007123	0x0
TRACE	pp_replay_inverse_ordinary	13013184	0x6573f28204a5498cf54a929088b66bbe7a7e3d21935e33fec1800000000007ff	0x0	1
COEFFICIENT	pp_replay_inverse_ordinary	13013184	0x0
TRACE	pp_replay_inverse_ordinary	13019245	0x6573f28204a5498cf54a929088b66bbe7a7e3d21935e33fec1800000000007ff	0x0	1
COEFFICIENT	pp_replay_inverse_ordinary	13019245	0x0
TRACE	pp_replay_inverse_ordinary	13025306	0x6573f28204a5498cf54a929088b66bbe7a7e3d21935e33fec1800000000007ff	0x0	1
COEFFICIENT	pp_replay_inverse_ordinary	13025306	0x0
TRACE	pp_replay_inverse_ordinary	13031367	0x6573f28204a5498cf54a929088b66bbe7a7e3d21935e33fec1800000000007ff	0x0	1
COEFFICIENT	pp_replay_inverse_ordinary	13031367	0x0
TRACE	pp_replay_inverse_ordinary	13037428	0x6573f28204a5498cf54a929088b66bbe7a7e3d21935e33fec1800000000007ff	0x0	1
COEFFICIENT	pp_replay_inverse_ordinary	13037428	0x0
TRACE	pp_replay_inverse_ordinary	13043489	0x6573f28204a5498cf54a929088b66bbe7a7e3d21935e33fec1800000000007ff	0x0	1
COEFFICIENT	pp_replay_inverse_ordinary	13043489	0x0
TRACE	pp_replay_inverse_ordinary	13049550	0x6573f28204a5498cf54a929088b66bbe7a7e3d21935e33fec1800000000007ff	0x0	1
COEFFICIENT	pp_replay_inverse_ordinary	13049550	0x0
TRACE	pp_replay_inverse_ordinary	13055611	0x6573f28204a5498cf54a929088b66bbe7a7e3d21935e33fec1800000000007ff	0x0	1
COEFFICIENT	pp_replay_inverse_ordinary	13055611	0x0
TRACE	pp_replay_inverse_ordinary	13061672	0x6573f28204a5498cf54a929088b66bbe7a7e3d21935e33fec1800000000007ff	0x0	1
COEFFICIENT	pp_replay_inverse_ordinary	13061672	0x0
TRACE	pp_replay_inverse_ordinary	13067733	0x6573f28204a5498cf54a929088b66bbe7a7e3d21935e33fec1800000000007ff	0x0	1
COEFFICIENT	pp_replay_inverse_ordinary	13067733	0x0
TRACE	pp_replay_inverse_ordinary	13073794	0x6573f28204a5498cf54a929088b66bbe7a7e3d21935e33fec1800000000007ff	0x0	1
COEFFICIENT	pp_replay_inverse_ordinary	13073794	0x0
TRACE	pp_replay_inverse_ordinary	13079855	0x6573f28204a5498cf54a929088b66bbe7a7e3d21935e33fec1800000000007ff	0x0	1
COEFFICIENT	pp_replay_inverse_ordinary	13079855	0x0
TRACE	pp_replay_inverse_ordinary	13085916	0x6573f28204a5498cf54a929088b66bbe7a7e3d21935e33fec1800000000007ff	0x0	1
COEFFICIENT	pp_replay_inverse_ordinary	13085916	0x0
TRACE	pp_replay_inverse_ordinary	13091977	0x6573f28204a5498cf54a929088b66bbe7a7e3d21935e33fec1800000000007ff	0x0	1
COEFFICIENT	pp_replay_inverse_ordinary	13091977	0x0
TRACE	pp_replay_inverse_ordinary	13098038	0x6573f28204a5498cf54a929088b66bbe7a7e3d21935e33fec1800000000007ff	0x0	1
COEFFICIENT	pp_replay_inverse_ordinary	13098038	0x0
TRACE	pp_replay_inverse_ordinary	13104099	0x6573f28204a5498cf54a929088b66bbe7a7e3d21935e33fec1800000000007ff	0x0	1
COEFFICIENT	pp_replay_inverse_ordinary	13104099	0x0
TRACE	pp_replay_inverse_ordinary	13110160	0x6573f28204a5498cf54a929088b66bbe7a7e3d21935e33fec1800000000007ff	0x0	1
COEFFICIENT	pp_replay_inverse_ordinary	13110160	0x0
TRACE	pp_replay_inverse_ordinary	13116221	0x6573f28204a5498cf54a929088b66bbe7a7e3d21935e33fec1800000000007ff	0x0	1
COEFFICIENT	pp_replay_inverse_ordinary	13116221	0x0
TRACE	pp_replay_inverse_ordinary	13122282	0x6573f28204a5498cf54a929088b66bbe7a7e3d21935e33fec1800000000007ff	0x0	1
COEFFICIENT	pp_replay_inverse_ordinary	13122282	0x0
TRACE	pp_replay_inverse_ordinary	13128343	0x6573f28204a5498cf54a929088b66bbe7a7e3d21935e33fec1800000000007ff	0x0	1
COEFFICIENT	pp_replay_inverse_ordinary	13128343	0x0
TRACE	pp_replay_inverse_ordinary	13134404	0x6573f28204a5498cf54a929088b66bbe7a7e3d21935e33fec1800000000007ff	0x0	1
COEFFICIENT	pp_replay_inverse_ordinary	13134404	0x0
TRACE	pp_replay_inverse_ordinary	13140465	0x6573f28204a5498cf54a929088b66bbe7a7e3d21935e33fec1800000000007ff	0x0	1
COEFFICIENT	pp_replay_inverse_ordinary	13140465	0x0
TRACE	pp_replay_inverse_ordinary	13146526	0x6573f28204a5498cf54a929088b66bbe7a7e3d21935e33fec1800000000007ff	0x0	1
COEFFICIENT	pp_replay_inverse_ordinary	13146526	0x0
TRACE	pp_replay_inverse_ordinary	13152587	0x6573f28204a5498cf54a929088b66bbe7a7e3d21935e33fec1800000000007ff	0x0	1
COEFFICIENT	pp_replay_inverse_ordinary	13152587	0x0
TRACE	pp_replay_inverse_ordinary	13158648	0x6573f28204a5498cf54a929088b66bbe7a7e3d21935e33fec1800000000007ff	0x0	1
COEFFICIENT	pp_replay_inverse_ordinary	13158648	0x0
TRACE	pp_replay_inverse_ordinary	13164709	0x6573f28204a5498cf54a929088b66bbe7a7e3d21935e33fec1800000000007ff	0x0	1
COEFFICIENT	pp_replay_inverse_ordinary	13164709	0x0
TRACE	pp_replay_inverse_ordinary	13170770	0x6573f28204a5498cf54a929088b66bbe7a7e3d21935e33fec1800000000007ff	0x0	1
COEFFICIENT	pp_replay_inverse_ordinary	13170770	0x0
TRACE	pp_replay_inverse_ordinary	13176831	0x6573f28204a5498cf54a929088b66bbe7a7e3d21935e33fec1800000000007ff	0x0	1
COEFFICIENT	pp_replay_inverse_ordinary	13176831	0x0
TRACE	pp_replay_inverse_ordinary	13182892	0x6573f28204a5498cf54a929088b66bbe7a7e3d21935e33fec1800000000007ff	0x0	1
COEFFICIENT	pp_replay_inverse_ordinary	13182892	0x0
TRACE	pp_replay_inverse_ordinary	13188953	0x6573f28204a5498cf54a929088b66bbe7a7e3d21935e33fec1800000000007ff	0x0	1
COEFFICIENT	pp_replay_inverse_ordinary	13188953	0x0
TRACE	pp_replay_inverse_ordinary	13195014	0x6573f28204a5498cf54a929088b66bbe7a7e3d21935e33fec1800000000007ff	0x0	1
COEFFICIENT	pp_replay_inverse_ordinary	13195014	0x0
TRACE	pp_replay_inverse_ordinary	13201075	0x6573f28204a5498cf54a929088b66bbe7a7e3d21935e33fec1800000000007ff	0x0	1
COEFFICIENT	pp_replay_inverse_ordinary	13201075	0x0
TRACE	pp_replay_inverse_ordinary	13207136	0x6573f28204a5498cf54a929088b66bbe7a7e3d21935e33fec1800000000007ff	0x0	1
COEFFICIENT	pp_replay_inverse_ordinary	13207136	0x0
TRACE	pp_replay_inverse_ordinary	13213197	0x6573f28204a5498cf54a929088b66bbe7a7e3d21935e33fec1800000000007ff	0x0	1
COEFFICIENT	pp_replay_inverse_ordinary	13213197	0x0
TRACE	pp_replay_inverse_ordinary	13219258	0x6573f28204a5498cf54a929088b66bbe7a7e3d21935e33fec1800000000007ff	0x0	1
COEFFICIENT	pp_replay_inverse_ordinary	13219258	0x0
TRACE	pp_replay_inverse_ordinary	13225319	0x6573f28204a5498cf54a929088b66bbe7a7e3d21935e33fec1800000000007ff	0x0	1
COEFFICIENT	pp_replay_inverse_ordinary	13225319	0x0
TRACE	pp_replay_inverse_ordinary	13231380	0x6573f28204a5498cf54a929088b66bbe7a7e3d21935e33fec1800000000007ff	0x0	1
COEFFICIENT	pp_replay_inverse_ordinary	13231380	0x0
TRACE	pp_replay_inverse_ordinary	13237441	0x6573f28204a5498cf54a929088b66bbe7a7e3d21935e33fec1800000000007ff	0x0	1
COEFFICIENT	pp_replay_inverse_ordinary	13237441	0x0
TRACE	pp_replay_inverse_ordinary	13243502	0x6573f28204a5498cf54a929088b66bbe7a7e3d21935e33fec1800000000007ff	0x0	1
COEFFICIENT	pp_replay_inverse_ordinary	13243502	0x0
TRACE	pp_replay_inverse_ordinary	13249563	0x6573f28204a5498cf54a929088b66bbe7a7e3d21935e33fec1800000000007ff	0x0	1
COEFFICIENT	pp_replay_inverse_ordinary	13249563	0x0
TRACE	pp_replay_inverse_ordinary	13255624	0x6573f28204a5498cf54a929088b66bbe7a7e3d21935e33fec1800000000007ff	0x0	1
COEFFICIENT	pp_replay_inverse_ordinary	13255624	0x0
TRACE	pp_replay_inverse_ordinary	13261685	0x6573f28204a5498cf54a929088b66bbe7a7e3d21935e33fec1800000000007ff	0x0	1
COEFFICIENT	pp_replay_inverse_ordinary	13261685	0x0
TRACE	pp_replay_inverse_ordinary	13267746	0x6573f28204a5498cf54a929088b66bbe7a7e3d21935e33fec1800000000007ff	0x0	1
COEFFICIENT	pp_replay_inverse_ordinary	13267746	0x0
TRACE	pp_replay_inverse_ordinary	13273807	0x6573f28204a5498cf54a929088b66bbe7a7e3d21935e33fec1800000000007ff	0x0	1
COEFFICIENT	pp_replay_inverse_ordinary	13273807	0x0
TRACE	pp_replay_inverse_ordinary	13279868	0x6573f28204a5498cf54a929088b66bbe7a7e3d21935e33fec1800000000007ff	0x0	1
COEFFICIENT	pp_replay_inverse_ordinary	13279868	0x0
TRACE	pp_replay_inverse_ordinary	13285929	0x6573f28204a5498cf54a929088b66bbe7a7e3d21935e33fec1800000000007ff	0x0	1
COEFFICIENT	pp_replay_inverse_ordinary	13285929	0x0
TRACE	pp_replay_inverse_ordinary	13291990	0x6573f28204a5498cf54a929088b66bbe7a7e3d21935e33fec1800000000007ff	0x0	1
COEFFICIENT	pp_replay_inverse_ordinary	13291990	0x0
TRACE	pp_replay_inverse_ordinary	13298051	0x6573f28204a5498cf54a929088b66bbe7a7e3d21935e33fec1800000000007ff	0x0	1
COEFFICIENT	pp_replay_inverse_ordinary	13298051	0x0
TRACE	pp_replay_inverse_ordinary	13304112	0x6573f28204a5498cf54a929088b66bbe7a7e3d21935e33fec1800000000007ff	0x0	1
COEFFICIENT	pp_replay_inverse_ordinary	13304112	0x0
TRACE	pp_replay_inverse_ordinary	13310173	0x6573f28204a5498cf54a929088b66bbe7a7e3d21935e33fec1800000000007ff	0x0	1
COEFFICIENT	pp_replay_inverse_ordinary	13310173	0x0
TRACE	pp_replay_inverse_ordinary	13316234	0x6573f28204a5498cf54a929088b66bbe7a7e3d21935e33fec1800000000007ff	0x0	1
COEFFICIENT	pp_replay_inverse_ordinary	13316234	0x0
TRACE	pp_replay_inverse_ordinary	13322295	0x6573f28204a5498cf54a929088b66bbe7a7e3d21935e33fec1800000000007ff	0x0	1
COEFFICIENT	pp_replay_inverse_ordinary	13322295	0x0
TRACE	pp_replay_inverse_ordinary	13328356	0x6573f28204a5498cf54a929088b66bbe7a7e3d21935e33fec1800000000007ff	0x0	1
COEFFICIENT	pp_replay_inverse_ordinary	13328356	0x0
TRACE	pp_replay_inverse_ordinary	13334417	0x6573f28204a5498cf54a929088b66bbe7a7e3d21935e33fec1800000000007ff	0x0	1
COEFFICIENT	pp_replay_inverse_ordinary	13334417	0x0
TRACE	pp_replay_inverse_ordinary	13340478	0x6573f28204a5498cf54a929088b66bbe7a7e3d21935e33fec1800000000007ff	0x0	1
COEFFICIENT	pp_replay_inverse_ordinary	13340478	0x0
TRACE	pp_replay_inverse_ordinary	13346539	0x6573f28204a5498cf54a929088b66bbe7a7e3d21935e33fec1800000000007ff	0x0	1
COEFFICIENT	pp_replay_inverse_ordinary	13346539	0x0
TRACE	pp_replay_inverse_ordinary	13352600	0x6573f28204a5498cf54a929088b66bbe7a7e3d21935e33fec1800000000007ff	0x0	1
COEFFICIENT	pp_replay_inverse_ordinary	13352600	0x0
TRACE	pp_replay_inverse_ordinary	13358661	0x6573f28204a5498cf54a929088b66bbe7a7e3d21935e33fec1800000000007ff	0x0	1
COEFFICIENT	pp_replay_inverse_ordinary	13358661	0x0
TRACE	pp_replay_inverse_ordinary	13364722	0x6573f28204a5498cf54a929088b66bbe7a7e3d21935e33fec1800000000007ff	0x0	1
COEFFICIENT	pp_replay_inverse_ordinary	13364722	0x0
TRACE	pp_replay_inverse_ordinary	13370783	0x6573f28204a5498cf54a929088b66bbe7a7e3d21935e33fec1800000000007ff	0x0	1
COEFFICIENT	pp_replay_inverse_ordinary	13370783	0x0
TRACE	pp_replay_inverse_ordinary	13376844	0x6573f28204a5498cf54a929088b66bbe7a7e3d21935e33fec1800000000007ff	0x0	1
COEFFICIENT	pp_replay_inverse_ordinary	13376844	0x0
TRACE	pp_replay_inverse_ordinary	13382905	0x6573f28204a5498cf54a929088b66bbe7a7e3d21935e33fec1800000000007ff	0x0	1
COEFFICIENT	pp_replay_inverse_ordinary	13382905	0x0
TRACE	pp_replay_inverse_ordinary	13388966	0x6573f28204a5498cf54a929088b66bbe7a7e3d21935e33fec1800000000007ff	0x0	1
COEFFICIENT	pp_replay_inverse_ordinary	13388966	0x0
TRACE	pp_replay_inverse_ordinary	13395027	0x6573f28204a5498cf54a929088b66bbe7a7e3d21935e33fec1800000000007ff	0x0	1
COEFFICIENT	pp_replay_inverse_ordinary	13395027	0x0
TRACE	pp_replay_inverse_ordinary	13401088	0x6573f28204a5498cf54a929088b66bbe7a7e3d21935e33fec1800000000007ff	0x0	1
COEFFICIENT	pp_replay_inverse_ordinary	13401088	0x0
TRACE	pp_replay_inverse_ordinary	13407149	0x6573f28204a5498cf54a929088b66bbe7a7e3d21935e33fec1800000000007ff	0x0	1
COEFFICIENT	pp_replay_inverse_ordinary	13407149	0x0
TRACE	pp_replay_inverse_ordinary	13413210	0x6573f28204a5498cf54a929088b66bbe7a7e3d21935e33fec1800000000007ff	0x0	1
COEFFICIENT	pp_replay_inverse_ordinary	13413210	0x0
TRACE	pp_replay_inverse_ordinary	13419271	0x6573f28204a5498cf54a929088b66bbe7a7e3d21935e33fec1800000000007ff	0x0	1
COEFFICIENT	pp_replay_inverse_ordinary	13419271	0x0
TRACE	pp_replay_inverse_ordinary	13425332	0x6573f28204a5498cf54a929088b66bbe7a7e3d21935e33fec1800000000007ff	0x0	1
COEFFICIENT	pp_replay_inverse_ordinary	13425332	0x0
TRACE	pp_replay_inverse_ordinary	13431393	0x6573f28204a5498cf54a929088b66bbe7a7e3d21935e33fec1800000000007ff	0x0	1
COEFFICIENT	pp_replay_inverse_ordinary	13431393	0x0
TRACE	pp_replay_inverse_ordinary	13437454	0x6573f28204a5498cf54a929088b66bbe7a7e3d21935e33fec1800000000007ff	0x0	1
COEFFICIENT	pp_replay_inverse_ordinary	13437454	0x0
TRACE	pp_replay_inverse_ordinary	13443515	0x6573f28204a5498cf54a929088b66bbe7a7e3d21935e33fec1800000000007ff	0x0	1
COEFFICIENT	pp_replay_inverse_ordinary	13443515	0x0
TRACE	pp_replay_inverse_ordinary	13449576	0x6573f28204a5498cf54a929088b66bbe7a7e3d21935e33fec1800000000007ff	0x0	1
COEFFICIENT	pp_replay_inverse_ordinary	13449576	0x0
TRACE	pp_replay_inverse_ordinary	13455637	0x6573f28204a5498cf54a929088b66bbe7a7e3d21935e33fec1800000000007ff	0x0	1
COEFFICIENT	pp_replay_inverse_ordinary	13455637	0x0
TRACE	pp_replay_inverse_ordinary	13461698	0x6573f28204a5498cf54a929088b66bbe7a7e3d21935e33fec1800000000007ff	0x0	1
COEFFICIENT	pp_replay_inverse_ordinary	13461698	0x0
TRACE	pp_replay_inverse_ordinary	13467759	0x6573f28204a5498cf54a929088b66bbe7a7e3d21935e33fec1800000000007ff	0x0	1
COEFFICIENT	pp_replay_inverse_ordinary	13467759	0x0
TRACE	pp_replay_inverse_ordinary	13473820	0x6573f28204a5498cf54a929088b66bbe7a7e3d21935e33fec1800000000007ff	0x0	1
COEFFICIENT	pp_replay_inverse_ordinary	13473820	0x0
TRACE	pp_replay_inverse_ordinary	13479881	0x6573f28204a5498cf54a929088b66bbe7a7e3d21935e33fec1800000000007ff	0x0	1
COEFFICIENT	pp_replay_inverse_ordinary	13479881	0x0
TRACE	pp_replay_inverse_ordinary	13485942	0x6573f28204a5498cf54a929088b66bbe7a7e3d21935e33fec1800000000007ff	0x0	1
COEFFICIENT	pp_replay_inverse_ordinary	13485942	0x0
TRACE	pp_replay_inverse_ordinary	13492003	0x6573f28204a5498cf54a929088b66bbe7a7e3d21935e33fec1800000000007ff	0x0	1
COEFFICIENT	pp_replay_inverse_ordinary	13492003	0x0
TRACE	pp_replay_inverse_ordinary	13498064	0x6573f28204a5498cf54a929088b66bbe7a7e3d21935e33fec1800000000007ff	0x0	1
COEFFICIENT	pp_replay_inverse_ordinary	13498064	0x0
TRACE	pp_replay_inverse_ordinary	13504125	0x6573f28204a5498cf54a929088b66bbe7a7e3d21935e33fec1800000000007ff	0x0	1
COEFFICIENT	pp_replay_inverse_ordinary	13504125	0x0
TRACE	pp_replay_inverse_ordinary	13510186	0x6573f28204a5498cf54a929088b66bbe7a7e3d21935e33fec1800000000007ff	0x0	1
COEFFICIENT	pp_replay_inverse_ordinary	13510186	0x0
TRACE	pp_replay_inverse_ordinary	13516247	0x6573f28204a5498cf54a929088b66bbe7a7e3d21935e33fec1800000000007ff	0x0	1
COEFFICIENT	pp_replay_inverse_ordinary	13516247	0x0
TRACE	pp_replay_inverse_ordinary	13522308	0x6573f28204a5498cf54a929088b66bbe7a7e3d21935e33fec1800000000007ff	0x0	1
COEFFICIENT	pp_replay_inverse_ordinary	13522308	0x0
TRACE	pp_replay_inverse_ordinary	13528369	0x6573f28204a5498cf54a929088b66bbe7a7e3d21935e33fec1800000000007ff	0x0	1
COEFFICIENT	pp_replay_inverse_ordinary	13528369	0x0
TRACE	pp_replay_inverse_ordinary	13534430	0x6573f28204a5498cf54a929088b66bbe7a7e3d21935e33fec1800000000007ff	0x0	1
COEFFICIENT	pp_replay_inverse_ordinary	13534430	0x0
TRACE	pp_replay_inverse_ordinary	13540491	0x6573f28204a5498cf54a929088b66bbe7a7e3d21935e33fec1800000000007ff	0x0	1
COEFFICIENT	pp_replay_inverse_ordinary	13540491	0x0
TRACE	pp_replay_inverse_ordinary	13546552	0x6573f28204a5498cf54a929088b66bbe7a7e3d21935e33fec1800000000007ff	0x0	1
COEFFICIENT	pp_replay_inverse_ordinary	13546552	0x0
TRACE	pp_replay_inverse_ordinary	13552613	0x6573f28204a5498cf54a929088b66bbe7a7e3d21935e33fec1800000000007ff	0x0	1
COEFFICIENT	pp_replay_inverse_ordinary	13552613	0x0
TRACE	pp_replay_inverse_ordinary	13558674	0x6573f28204a5498cf54a929088b66bbe7a7e3d21935e33fec1800000000007ff	0x0	1
COEFFICIENT	pp_replay_inverse_ordinary	13558674	0x0
TRACE	pp_replay_inverse_ordinary	13564735	0x6573f28204a5498cf54a929088b66bbe7a7e3d21935e33fec1800000000007ff	0x0	1
COEFFICIENT	pp_replay_inverse_ordinary	13564735	0x0
TRACE	pp_replay_inverse_ordinary	13570796	0x6573f28204a5498cf54a929088b66bbe7a7e3d21935e33fec1800000000007ff	0x0	1
COEFFICIENT	pp_replay_inverse_ordinary	13570796	0x0
TRACE	pp_replay_inverse_ordinary	13576857	0x6573f28204a5498cf54a929088b66bbe7a7e3d21935e33fec1800000000007ff	0x0	1
COEFFICIENT	pp_replay_inverse_ordinary	13576857	0x0
TRACE	pp_replay_inverse_ordinary	13582918	0x6573f28204a5498cf54a929088b66bbe7a7e3d21935e33fec1800000000007ff	0x0	1
COEFFICIENT	pp_replay_inverse_ordinary	13582918	0x0
TRACE	pp_replay_inverse_ordinary	13588979	0x6573f28204a5498cf54a929088b66bbe7a7e3d21935e33fec1800000000007ff	0x0	1
COEFFICIENT	pp_replay_inverse_ordinary	13588979	0x0
TRACE	pp_replay_inverse_ordinary	13595040	0x6573f28204a5498cf54a929088b66bbe7a7e3d21935e33fec1800000000007ff	0x0	1
COEFFICIENT	pp_replay_inverse_ordinary	13595040	0x0
TRACE	pp_replay_inverse_ordinary	13601101	0x6573f28204a5498cf54a929088b66bbe7a7e3d21935e33fec1800000000007ff	0x0	1
COEFFICIENT	pp_replay_inverse_ordinary	13601101	0x0
TRACE	pp_replay_inverse_ordinary	13607162	0x6573f28204a5498cf54a929088b66bbe7a7e3d21935e33fec1800000000007ff	0x0	1
COEFFICIENT	pp_replay_inverse_ordinary	13607162	0x0
TRACE	pp_replay_inverse_ordinary	13613223	0x6573f28204a5498cf54a929088b66bbe7a7e3d21935e33fec1800000000007ff	0x0	1
COEFFICIENT	pp_replay_inverse_ordinary	13613223	0x0
TRACE	pp_replay_inverse_ordinary	13619284	0x6573f28204a5498cf54a929088b66bbe7a7e3d21935e33fec1800000000007ff	0x0	1
COEFFICIENT	pp_replay_inverse_ordinary	13619284	0x0
TRACE	pp_replay_inverse_ordinary	13625345	0x6573f28204a5498cf54a929088b66bbe7a7e3d21935e33fec1800000000007ff	0x0	1
COEFFICIENT	pp_replay_inverse_ordinary	13625345	0x0
TRACE	pp_replay_inverse_ordinary	13631406	0x6573f28204a5498cf54a929088b66bbe7a7e3d21935e33fec1800000000007ff	0x0	1
COEFFICIENT	pp_replay_inverse_ordinary	13631406	0x0
TRACE	pp_replay_inverse_ordinary	13637467	0x6573f28204a5498cf54a929088b66bbe7a7e3d21935e33fec1800000000007ff	0x0	1
COEFFICIENT	pp_replay_inverse_ordinary	13637467	0x0
TRACE	pp_replay_inverse_ordinary	13643528	0x6573f28204a5498cf54a929088b66bbe7a7e3d21935e33fec1800000000007ff	0x0	1
COEFFICIENT	pp_replay_inverse_ordinary	13643528	0x0
TRACE	pp_replay_inverse_ordinary	13649589	0x6573f28204a5498cf54a929088b66bbe7a7e3d21935e33fec1800000000007ff	0x0	1
COEFFICIENT	pp_replay_inverse_ordinary	13649589	0x0
TRACE	pp_replay_inverse_ordinary	13655650	0x6573f28204a5498cf54a929088b66bbe7a7e3d21935e33fec1800000000007ff	0x0	1
COEFFICIENT	pp_replay_inverse_ordinary	13655650	0x0
TRACE	pp_replay_inverse_ordinary	13661711	0x6573f28204a5498cf54a929088b66bbe7a7e3d21935e33fec1800000000007ff	0x0	1
COEFFICIENT	pp_replay_inverse_ordinary	13661711	0x0
TRACE	pp_replay_inverse_ordinary	13667772	0x6573f28204a5498cf54a929088b66bbe7a7e3d21935e33fec1800000000007ff	0x0	1
COEFFICIENT	pp_replay_inverse_ordinary	13667772	0x0
TRACE	pp_replay_inverse_ordinary	13673833	0x6573f28204a5498cf54a929088b66bbe7a7e3d21935e33fec1800000000007ff	0x0	1
COEFFICIENT	pp_replay_inverse_ordinary	13673833	0x0
TRACE	pp_replay_inverse_ordinary	13679894	0x6573f28204a5498cf54a929088b66bbe7a7e3d21935e33fec1800000000007ff	0x0	1
COEFFICIENT	pp_replay_inverse_ordinary	13679894	0x0
TRACE	pp_replay_inverse_ordinary	13685955	0x6573f28204a5498cf54a929088b66bbe7a7e3d21935e33fec1800000000007ff	0x0	1
COEFFICIENT	pp_replay_inverse_ordinary	13685955	0x0
TRACE	pp_replay_inverse_ordinary	13692016	0x6573f28204a5498cf54a929088b66bbe7a7e3d21935e33fec1800000000007ff	0x0	1
COEFFICIENT	pp_replay_inverse_ordinary	13692016	0x0
TRACE	pp_replay_inverse_ordinary	13698077	0x6573f28204a5498cf54a929088b66bbe7a7e3d21935e33fec1800000000007ff	0x0	1
COEFFICIENT	pp_replay_inverse_ordinary	13698077	0x0
TRACE	pp_replay_inverse_ordinary	13704138	0x6573f28204a5498cf54a929088b66bbe7a7e3d21935e33fec1800000000007ff	0x0	1
COEFFICIENT	pp_replay_inverse_ordinary	13704138	0x0
TRACE	pp_replay_inverse_ordinary	13710199	0x6573f28204a5498cf54a929088b66bbe7a7e3d21935e33fec1800000000007ff	0x0	1
COEFFICIENT	pp_replay_inverse_ordinary	13710199	0x0
TRACE	pp_replay_inverse_ordinary	13716260	0x6573f28204a5498cf54a929088b66bbe7a7e3d21935e33fec1800000000007ff	0x0	1
COEFFICIENT	pp_replay_inverse_ordinary	13716260	0x0
TRACE	pp_replay_inverse_ordinary	13722321	0x6573f28204a5498cf54a929088b66bbe7a7e3d21935e33fec1800000000007ff	0x0	1
COEFFICIENT	pp_replay_inverse_ordinary	13722321	0x0
TRACE	pp_replay_inverse_ordinary	13728382	0x6573f28204a5498cf54a929088b66bbe7a7e3d21935e33fec1800000000007ff	0x0	1
COEFFICIENT	pp_replay_inverse_ordinary	13728382	0x0
TRACE	pp_replay_inverse_ordinary	13734443	0x6573f28204a5498cf54a929088b66bbe7a7e3d21935e33fec1800000000007ff	0x0	1
COEFFICIENT	pp_replay_inverse_ordinary	13734443	0x0
TRACE	pp_replay_inverse_ordinary	13740504	0x6573f28204a5498cf54a929088b66bbe7a7e3d21935e33fec1800000000007ff	0x0	1
COEFFICIENT	pp_replay_inverse_ordinary	13740504	0x0
TRACE	pp_replay_inverse_ordinary	13746565	0x6573f28204a5498cf54a929088b66bbe7a7e3d21935e33fec1800000000007ff	0x0	1
COEFFICIENT	pp_replay_inverse_ordinary	13746565	0x0
TRACE	pp_replay_inverse_ordinary	13752626	0x6573f28204a5498cf54a929088b66bbe7a7e3d21935e33fec1800000000007ff	0x0	1
COEFFICIENT	pp_replay_inverse_ordinary	13752626	0x0
TRACE	pp_replay_inverse_ordinary	13758687	0x6573f28204a5498cf54a929088b66bbe7a7e3d21935e33fec1800000000007ff	0x0	1
COEFFICIENT	pp_replay_inverse_ordinary	13758687	0x0
TRACE	pp_replay_inverse_ordinary	13764748	0x6573f28204a5498cf54a929088b66bbe7a7e3d21935e33fec1800000000007ff	0x0	1
COEFFICIENT	pp_replay_inverse_ordinary	13764748	0x0
TRACE	pp_replay_inverse_ordinary	13770809	0x6573f28204a5498cf54a929088b66bbe7a7e3d21935e33fec1800000000007ff	0x0	1
COEFFICIENT	pp_replay_inverse_ordinary	13770809	0x0
TRACE	pp_replay_inverse_ordinary	13776870	0x6573f28204a5498cf54a929088b66bbe7a7e3d21935e33fec1800000000007ff	0x0	1
COEFFICIENT	pp_replay_inverse_ordinary	13776870	0x0
TRACE	pp_replay_inverse_ordinary	13782931	0x6573f28204a5498cf54a929088b66bbe7a7e3d21935e33fec1800000000007ff	0x0	1
COEFFICIENT	pp_replay_inverse_ordinary	13782931	0x0
TRACE	pp_replay_inverse_ordinary	13788992	0x6573f28204a5498cf54a929088b66bbe7a7e3d21935e33fec1800000000007ff	0x0	1
COEFFICIENT	pp_replay_inverse_ordinary	13788992	0x0
TRACE	pp_replay_inverse_ordinary	13795053	0x6573f28204a5498cf54a929088b66bbe7a7e3d21935e33fec1800000000007ff	0x0	1
COEFFICIENT	pp_replay_inverse_ordinary	13795053	0x0
TRACE	pp_replay_inverse_ordinary	13801114	0x6573f28204a5498cf54a929088b66bbe7a7e3d21935e33fec1800000000007ff	0x0	1
COEFFICIENT	pp_replay_inverse_ordinary	13801114	0x0
TRACE	pp_replay_inverse_ordinary	13807175	0x6573f28204a5498cf54a929088b66bbe7a7e3d21935e33fec1800000000007ff	0x0	1
COEFFICIENT	pp_replay_inverse_ordinary	13807175	0x0
TRACE	pp_replay_inverse_ordinary	13813236	0x6573f28204a5498cf54a929088b66bbe7a7e3d21935e33fec1800000000007ff	0x0	1
COEFFICIENT	pp_replay_inverse_ordinary	13813236	0x0
TRACE	pp_replay_inverse_ordinary	13819297	0x6573f28204a5498cf54a929088b66bbe7a7e3d21935e33fec1800000000007ff	0x0	1
COEFFICIENT	pp_replay_inverse_ordinary	13819297	0x0
TRACE	pp_replay_inverse_ordinary	13825358	0x6573f28204a5498cf54a929088b66bbe7a7e3d21935e33fec1800000000007ff	0x0	1
COEFFICIENT	pp_replay_inverse_ordinary	13825358	0x0
TRACE	pp_replay_inverse_ordinary	13831419	0x6573f28204a5498cf54a929088b66bbe7a7e3d21935e33fec1800000000007ff	0x0	1
COEFFICIENT	pp_replay_inverse_ordinary	13831419	0x0
TRACE	pp_replay_inverse_ordinary	13837480	0x6573f28204a5498cf54a929088b66bbe7a7e3d21935e33fec1800000000007ff	0x0	1
COEFFICIENT	pp_replay_inverse_ordinary	13837480	0x0
TRACE	pp_replay_inverse_ordinary	13843541	0x6573f28204a5498cf54a929088b66bbe7a7e3d21935e33fec1800000000007ff	0x0	1
COEFFICIENT	pp_replay_inverse_ordinary	13843541	0x0
TRACE	pp_replay_inverse_ordinary	13849602	0x6573f28204a5498cf54a929088b66bbe7a7e3d21935e33fec1800000000007ff	0x0	1
COEFFICIENT	pp_replay_inverse_ordinary	13849602	0x0
TRACE	pp_replay_inverse_ordinary	13855663	0x6573f28204a5498cf54a929088b66bbe7a7e3d21935e33fec1800000000007ff	0x0	1
COEFFICIENT	pp_replay_inverse_ordinary	13855663	0x0
TRACE	pp_replay_inverse_ordinary	13861724	0x6573f28204a5498cf54a929088b66bbe7a7e3d21935e33fec1800000000007ff	0x0	1
COEFFICIENT	pp_replay_inverse_ordinary	13861724	0x0
TRACE	pp_replay_inverse_ordinary	13867785	0x6573f28204a5498cf54a929088b66bbe7a7e3d21935e33fec1800000000007ff	0x0	1
COEFFICIENT	pp_replay_inverse_ordinary	13867785	0x0
TRACE	pp_replay_inverse_ordinary	13873846	0x6573f28204a5498cf54a929088b66bbe7a7e3d21935e33fec1800000000007ff	0x0	1
COEFFICIENT	pp_replay_inverse_ordinary	13873846	0x0
TRACE	pp_replay_inverse_ordinary	13879907	0x6573f28204a5498cf54a929088b66bbe7a7e3d21935e33fec1800000000007ff	0x0	1
COEFFICIENT	pp_replay_inverse_ordinary	13879907	0x0
TRACE	pp_replay_inverse_ordinary	13885968	0x6573f28204a5498cf54a929088b66bbe7a7e3d21935e33fec1800000000007ff	0x0	1
COEFFICIENT	pp_replay_inverse_ordinary	13885968	0x0
TRACE	pp_replay_inverse_ordinary	13892029	0x6573f28204a5498cf54a929088b66bbe7a7e3d21935e33fec1800000000007ff	0x0	1
COEFFICIENT	pp_replay_inverse_ordinary	13892029	0x0
TRACE	pp_replay_inverse_ordinary	13898090	0x6573f28204a5498cf54a929088b66bbe7a7e3d21935e33fec1800000000007ff	0x0	1
COEFFICIENT	pp_replay_inverse_ordinary	13898090	0x0
TRACE	pp_replay_inverse_ordinary	13904151	0x6573f28204a5498cf54a929088b66bbe7a7e3d21935e33fec1800000000007ff	0x0	1
COEFFICIENT	pp_replay_inverse_ordinary	13904151	0x0
TRACE	pp_replay_inverse_ordinary	13910212	0x6573f28204a5498cf54a929088b66bbe7a7e3d21935e33fec1800000000007ff	0x0	1
COEFFICIENT	pp_replay_inverse_ordinary	13910212	0x0
TRACE	pp_replay_inverse_ordinary	13916273	0x6573f28204a5498cf54a929088b66bbe7a7e3d21935e33fec1800000000007ff	0x0	1
COEFFICIENT	pp_replay_inverse_ordinary	13916273	0x0
TRACE	pp_replay_inverse_ordinary	13922334	0x6573f28204a5498cf54a929088b66bbe7a7e3d21935e33fec1800000000007ff	0x0	1
COEFFICIENT	pp_replay_inverse_ordinary	13922334	0x0
TRACE	pp_replay_inverse_ordinary	13928395	0x6573f28204a5498cf54a929088b66bbe7a7e3d21935e33fec1800000000007ff	0x0	1
COEFFICIENT	pp_replay_inverse_ordinary	13928395	0x0
TRACE	pp_replay_inverse_ordinary	13934456	0x6573f28204a5498cf54a929088b66bbe7a7e3d21935e33fec1800000000007ff	0x0	1
COEFFICIENT	pp_replay_inverse_ordinary	13934456	0x0
TRACE	pp_replay_inverse_ordinary	13940517	0x6573f28204a5498cf54a929088b66bbe7a7e3d21935e33fec1800000000007ff	0x0	1
COEFFICIENT	pp_replay_inverse_ordinary	13940517	0x0
TRACE	pp_replay_inverse_ordinary	13946578	0x6573f28204a5498cf54a929088b66bbe7a7e3d21935e33fec1800000000007ff	0x0	1
COEFFICIENT	pp_replay_inverse_ordinary	13946578	0x0
TRACE	pp_replay_inverse_ordinary	13952639	0x6573f28204a5498cf54a929088b66bbe7a7e3d21935e33fec1800000000007ff	0x0	1
COEFFICIENT	pp_replay_inverse_ordinary	13952639	0x0
TRACE	pp_replay_inverse_ordinary	13958700	0x6573f28204a5498cf54a929088b66bbe7a7e3d21935e33fec1800000000007ff	0x0	1
COEFFICIENT	pp_replay_inverse_ordinary	13958700	0x0
TRACE	pp_replay_inverse_ordinary	13964761	0x6573f28204a5498cf54a929088b66bbe7a7e3d21935e33fec1800000000007ff	0x0	1
COEFFICIENT	pp_replay_inverse_ordinary	13964761	0x0
TRACE	pp_replay_inverse_ordinary	13970822	0x6573f28204a5498cf54a929088b66bbe7a7e3d21935e33fec1800000000007ff	0x0	1
COEFFICIENT	pp_replay_inverse_ordinary	13970822	0x0
TRACE	pp_replay_inverse_ordinary	13976883	0x6573f28204a5498cf54a929088b66bbe7a7e3d21935e33fec1800000000007ff	0x0	1
COEFFICIENT	pp_replay_inverse_ordinary	13976883	0x0
TRACE	pp_replay_inverse_ordinary	13982944	0x6573f28204a5498cf54a929088b66bbe7a7e3d21935e33fec1800000000007ff	0x0	1
COEFFICIENT	pp_replay_inverse_ordinary	13982944	0x0
TRACE	pp_replay_inverse_ordinary	13989005	0x6573f28204a5498cf54a929088b66bbe7a7e3d21935e33fec1800000000007ff	0x0	1
COEFFICIENT	pp_replay_inverse_ordinary	13989005	0x0
TRACE	pp_replay_inverse_ordinary	13995066	0x6573f28204a5498cf54a929088b66bbe7a7e3d21935e33fec1800000000007ff	0x0	1
COEFFICIENT	pp_replay_inverse_ordinary	13995066	0x0
TRACE	pp_replay_inverse_ordinary	14001127	0x6573f28204a5498cf54a929088b66bbe7a7e3d21935e33fec1800000000007ff	0x0	1
COEFFICIENT	pp_replay_inverse_ordinary	14001127	0x0
TRACE	pp_replay_inverse_ordinary	14007188	0x6573f28204a5498cf54a929088b66bbe7a7e3d21935e33fec1800000000007ff	0x0	1
COEFFICIENT	pp_replay_inverse_ordinary	14007188	0x0
TRACE	pp_replay_inverse_ordinary	14013249	0x6573f28204a5498cf54a929088b66bbe7a7e3d21935e33fec1800000000007ff	0x0	1
COEFFICIENT	pp_replay_inverse_ordinary	14013249	0x0
TRACE	pp_replay_inverse_ordinary	14019310	0x6573f28204a5498cf54a929088b66bbe7a7e3d21935e33fec1800000000007ff	0x0	1
COEFFICIENT	pp_replay_inverse_ordinary	14019310	0x0
TRACE	pp_replay_inverse_ordinary	14025371	0x6573f28204a5498cf54a929088b66bbe7a7e3d21935e33fec1800000000007ff	0x0	1
COEFFICIENT	pp_replay_inverse_ordinary	14025371	0x0
TRACE	pp_replay_inverse_ordinary	14031432	0x6573f28204a5498cf54a929088b66bbe7a7e3d21935e33fec1800000000007ff	0x0	1
COEFFICIENT	pp_replay_inverse_ordinary	14031432	0x0
TRACE	pp_replay_inverse_ordinary	14037493	0x6573f28204a5498cf54a929088b66bbe7a7e3d21935e33fec1800000000007ff	0x0	1
COEFFICIENT	pp_replay_inverse_ordinary	14037493	0x0
TRACE	pp_replay_inverse_ordinary	14043554	0x6573f28204a5498cf54a929088b66bbe7a7e3d21935e33fec1800000000007ff	0x0	1
COEFFICIENT	pp_replay_inverse_ordinary	14043554	0x0
TRACE	pp_replay_inverse_ordinary	14049615	0x6573f28204a5498cf54a929088b66bbe7a7e3d21935e33fec1800000000007ff	0x0	1
COEFFICIENT	pp_replay_inverse_ordinary	14049615	0x0
TRACE	pp_replay_inverse_ordinary	14055676	0x6573f28204a5498cf54a929088b66bbe7a7e3d21935e33fec1800000000007ff	0x0	1
COEFFICIENT	pp_replay_inverse_ordinary	14055676	0x0
TRACE	pp_replay_inverse_ordinary	14061737	0x6573f28204a5498cf54a929088b66bbe7a7e3d21935e33fec1800000000007ff	0x0	1
COEFFICIENT	pp_replay_inverse_ordinary	14061737	0x0
TRACE	pp_replay_inverse_ordinary	14067798	0x6573f28204a5498cf54a929088b66bbe7a7e3d21935e33fec1800000000007ff	0x0	1
COEFFICIENT	pp_replay_inverse_ordinary	14067798	0x0
TRACE	pp_replay_inverse_ordinary	14073859	0x6573f28204a5498cf54a929088b66bbe7a7e3d21935e33fec1800000000007ff	0x0	1
COEFFICIENT	pp_replay_inverse_ordinary	14073859	0x0
TRACE	pp_replay_inverse_ordinary	14079920	0x6573f28204a5498cf54a929088b66bbe7a7e3d21935e33fec1800000000007ff	0x0	1
COEFFICIENT	pp_replay_inverse_ordinary	14079920	0x0
TRACE	pp_replay_inverse_ordinary	14085981	0x6573f28204a5498cf54a929088b66bbe7a7e3d21935e33fec1800000000007ff	0x0	1
COEFFICIENT	pp_replay_inverse_ordinary	14085981	0x0
TRACE	pp_replay_inverse_ordinary	14092042	0x6573f28204a5498cf54a929088b66bbe7a7e3d21935e33fec1800000000007ff	0x0	1
COEFFICIENT	pp_replay_inverse_ordinary	14092042	0x0
TRACE	pp_replay_inverse_ordinary	14098103	0x6573f28204a5498cf54a929088b66bbe7a7e3d21935e33fec1800000000007ff	0x0	1
COEFFICIENT	pp_replay_inverse_ordinary	14098103	0x0
TRACE	pp_replay_inverse_ordinary	14104164	0x6573f28204a5498cf54a929088b66bbe7a7e3d21935e33fec1800000000007ff	0x0	1
COEFFICIENT	pp_replay_inverse_ordinary	14104164	0x0
TRACE	pp_replay_inverse_ordinary	14110225	0x6573f28204a5498cf54a929088b66bbe7a7e3d21935e33fec1800000000007ff	0x0	1
COEFFICIENT	pp_replay_inverse_ordinary	14110225	0x0
TRACE	pp_replay_inverse_ordinary	14116286	0x6573f28204a5498cf54a929088b66bbe7a7e3d21935e33fec1800000000007ff	0x0	1
COEFFICIENT	pp_replay_inverse_ordinary	14116286	0x0
TRACE	pp_replay_inverse_ordinary	14122347	0x6573f28204a5498cf54a929088b66bbe7a7e3d21935e33fec1800000000007ff	0x0	1
COEFFICIENT	pp_replay_inverse_ordinary	14122347	0x0
TRACE	pp_replay_inverse_ordinary	14128408	0x6573f28204a5498cf54a929088b66bbe7a7e3d21935e33fec1800000000007ff	0x0	1
COEFFICIENT	pp_replay_inverse_ordinary	14128408	0x0
TRACE	pp_replay_inverse_ordinary	14134469	0x6573f28204a5498cf54a929088b66bbe7a7e3d21935e33fec1800000000007ff	0x0	1
COEFFICIENT	pp_replay_inverse_ordinary	14134469	0x0
TRACE	pp_replay_inverse_ordinary	14140530	0x6573f28204a5498cf54a929088b66bbe7a7e3d21935e33fec1800000000007ff	0x0	1
COEFFICIENT	pp_replay_inverse_ordinary	14140530	0x0
TRACE	pp_replay_inverse_ordinary	14146591	0x6573f28204a5498cf54a929088b66bbe7a7e3d21935e33fec1800000000007ff	0x0	1
COEFFICIENT	pp_replay_inverse_ordinary	14146591	0x0
TRACE	pp_replay_inverse_ordinary	14152652	0x6573f28204a5498cf54a929088b66bbe7a7e3d21935e33fec1800000000007ff	0x0	1
COEFFICIENT	pp_replay_inverse_ordinary	14152652	0x0
TRACE	pp_replay_inverse_ordinary	14158713	0x6573f28204a5498cf54a929088b66bbe7a7e3d21935e33fec1800000000007ff	0x0	1
COEFFICIENT	pp_replay_inverse_ordinary	14158713	0x0
TRACE	pp_replay_inverse_ordinary	14164774	0x6573f28204a5498cf54a929088b66bbe7a7e3d21935e33fec1800000000007ff	0x0	1
COEFFICIENT	pp_replay_inverse_ordinary	14164774	0x0
TRACE	pp_replay_inverse_ordinary	14170835	0x6573f28204a5498cf54a929088b66bbe7a7e3d21935e33fec1800000000007ff	0x0	1
COEFFICIENT	pp_replay_inverse_ordinary	14170835	0x0
TRACE	pp_replay_inverse_ordinary	14176896	0x6573f28204a5498cf54a929088b66bbe7a7e3d21935e33fec1800000000007ff	0x0	1
COEFFICIENT	pp_replay_inverse_ordinary	14176896	0x0
TRACE	pp_replay_inverse_ordinary	14182957	0x6573f28204a5498cf54a929088b66bbe7a7e3d21935e33fec1800000000007ff	0x0	1
COEFFICIENT	pp_replay_inverse_ordinary	14182957	0x0
TRACE	pp_replay_inverse_ordinary	14189018	0x6573f28204a5498cf54a929088b66bbe7a7e3d21935e33fec1800000000007ff	0x0	1
COEFFICIENT	pp_replay_inverse_ordinary	14189018	0x0
TRACE	pp_replay_inverse_ordinary	14195079	0x6573f28204a5498cf54a929088b66bbe7a7e3d21935e33fec1800000000007ff	0x0	1
COEFFICIENT	pp_replay_inverse_ordinary	14195079	0x0
TRACE	pp_replay_inverse_ordinary	14201140	0x6573f28204a5498cf54a929088b66bbe7a7e3d21935e33fec1800000000007ff	0x0	1
COEFFICIENT	pp_replay_inverse_ordinary	14201140	0x0
TRACE	pp_replay_inverse_ordinary	14207201	0x6573f28204a5498cf54a929088b66bbe7a7e3d21935e33fec1800000000007ff	0x0	1
COEFFICIENT	pp_replay_inverse_ordinary	14207201	0x0
TRACE	pp_replay_inverse_ordinary	14213262	0x6573f28204a5498cf54a929088b66bbe7a7e3d21935e33fec1800000000007ff	0x0	1
COEFFICIENT	pp_replay_inverse_ordinary	14213262	0x0
TRACE	pp_replay_inverse_ordinary	14219323	0x6573f28204a5498cf54a929088b66bbe7a7e3d21935e33fec1800000000007ff	0x0	1
COEFFICIENT	pp_replay_inverse_ordinary	14219323	0x0
TRACE	pp_replay_inverse_seed	14221369	0x6573f28204a5498cf54a929088b66bbe7a7e3d21935e33fec1800000000007ff	0x0	1
COEFFICIENT	pp_replay_inverse_seed	14221369	0x0
TRACE	pp_replay_inverse_initial	14222404	0x6573f28204a5498cf54a929088b66bbe7a7e3d21935e33fec1800000000007ff	0x0	1
COEFFICIENT	pp_replay_inverse_initial	14222404	0x0
TRACE	pp_coefficient_clear	14222660	0x6573f28204a5498cf54a929088b66bbe7a7e3d21935e33fec1800000000007ff	0x0	1
COEFFICIENT	pp_coefficient_clear	14222660	0x0
TRACE	pp_value_reverse	15669628	0xfffffffffffffffffffffffffffffffffffffffffffffffffffffffefffffacc	0x0	1
COEFFICIENT	pp_value_reverse	15669628	0x200bf7d9e075ebb12d36d5c80000000000000000000000000000000000000000
TRACE	pp_restore_layout	15670658	0xb029afe791598fe05641c7e2339e39338c603dbcdab23b405ba0a2fb2ea8c2cc	0x0	1
COEFFICIENT	pp_restore_layout	15670658	0x0
TRACE	window_qrom_recover_load_walk	15678964	0xb029afe791598fe05641c7e2339e39338c603dbcdab23b405ba0a2fb2ea8c2cc	0x0	1
COEFFICIENT	window_qrom_recover_load_walk	15678964	0x94000000000000000000000000000000000000006d0e1dd031fcd086eab7c00
TRACE	tlm_coord_y_sub_final	15682580	0xb029afe791598fe05641c7e2339e39338c603dbcdab23b405ba0a2fb2ea8c2cc	0xb7c52588d95c3b9aa25b0403f1eef75702e84bb7597aabe663b82f6f04ef2777	1
COEFFICIENT	tlm_coord_y_sub_final	15682580	0x94000000000000000000000000000000000000006d0e1dd031fcd086eab7c00
TRACE	window_recover_controlled_neg	15687633	0x4fd650186ea6701fa9be381dcc61c6cc739fc243254dc4bfa45f5d03d1573963	0xb7c52588d95c3b9aa25b0403f1eef75702e84bb7597aabe663b82f6f04ef2777	1
COEFFICIENT	window_recover_controlled_neg	15687633	0x94000000000000000000000000000000000000006d0e1dd031fcd086eab7c00
TRACE	window_recover_x_add	15690887	0xc994b69768832bcbff5e9ab39ae8d1d3763bbf1e531bed98fe51de5ee84f50fb	0xb7c52588d95c3b9aa25b0403f1eef75702e84bb7597aabe663b82f6f04ef2777	1
COEFFICIENT	window_recover_x_add	15690887	0x94000000000000000000000000000000000000006d0e1dd031fcd086eab7c00
TRACE	window_qrom_recover_unload_measure	15691911	0xc994b69768832bcbff5e9ab39ae8d1d3763bbf1e531bed98fe51de5ee84f50fb	0xb7c52588d95c3b9aa25b0403f1eef75702e84bb7597aabe663b82f6f04ef2777	1
COEFFICIENT	window_qrom_recover_unload_measure	15691911	0x0
TRACE	window_qrom_recover_unload_clear	15710441	0xc994b69768832bcbff5e9ab39ae8d1d3763bbf1e531bed98fe51de5ee84f50fb	0xb7c52588d95c3b9aa25b0403f1eef75702e84bb7597aabe663b82f6f04ef2777	1
COEFFICIENT	window_qrom_recover_unload_clear	15710441	0x0
RESOURCE	qubits=1380	ops=15710537	toffoli_sum=69461706	lanes=64
