TRACE	init	22	0x361347b7b4f83984d02b028d062e09d42a6f62f7df61116ecb92c327766c6614	0xc3f1a3bdb0c55a03aaca9af06d19c438353102ce77505f7baa6422f8862a2f42	0
TRACE	window_qrom_xy_load_walk	8328	0x361347b7b4f83984d02b028d062e09d42a6f62f7df61116ecb92c327766c6614	0xc3f1a3bdb0c55a03aaca9af06d19c438353102ce77505f7baa6422f8862a2f42	0
TRACE	tlm_coord_x_sub	11944	0xbec85fbf5c4ef8667136de219567af27d425caebf99f98dd0fa6ab9d18cc5978	0xc3f1a3bdb0c55a03aaca9af06d19c438353102ce77505f7baa6422f8862a2f42	0
TRACE	tlm_coord_y_sub	15560	0xbec85fbf5c4ef8667136de219567af27d425caebf99f98dd0fa6ab9d18cc5978	0xea6d038ac559fbeaa886bd99956210d2fe0350eb975688d37a46ae2dbcd66556	0
TRACE	window_qrom_xy_unload_measure	16584	0xbec85fbf5c4ef8667136de219567af27d425caebf99f98dd0fa6ab9d18cc5978	0xea6d038ac559fbeaa886bd99956210d2fe0350eb975688d37a46ae2dbcd66556	0
TRACE	window_qrom_xy_unload_clear	26348	0xbec85fbf5c4ef8667136de219567af27d425caebf99f98dd0fa6ab9d18cc5978	0xea6d038ac559fbeaa886bd99956210d2fe0350eb975688d37a46ae2dbcd66556	0
TRACE	pp_setup	26598	0xbec85fbf5c4ef8667136de219567af27d425caebf99f98dd0fa6ab9d18cc5978	0xea6d038ac559fbeaa886bd99956210d2fe0350eb975688d37a46ae2dbcd66556	0
TRACE	pp_value_forward	1476040	0x15ce2d6143706db1f76c4b515b48cea46829196bda652b02afffffffffffffff	0xea6d038ac559fbeaa886bd99956210d2fe0350eb975688d37a46ae2dbcd66556	0
TRACE	pp_replay_halving_initial	1477076	0x15ce2d6143706db1f76c4b515b48cea46829196bda652b02afffffffffffffff	0x753681c562acfdf554435ecccab108697f01a875cbab4469bd235716de6b32ab	0
TRACE	pp_replay_halving_seed	1479123	0x15ce2d6143706db1f76c4b515b48cea46829196bda652b02afffffffffffffff	0x753681c562acfdf554435ecccab108697f01a875cbab4469bd235716de6b32ab	0
TRACE	pp_replay_halving_ordinary	1485178	0x15ce2d6143706db1f76c4b515b48cea46829196bda652b02afffffffffffffff	0xdd4da07158ab3f7d5510d7b332ac421a5fc06a1d72ead11a6f48d5c4f79ac9ce	0
TRACE	pp_replay_halving_ordinary	1491233	0x15ce2d6143706db1f76c4b515b48cea46829196bda652b02afffffffffffffff	0xdd4da07158ab3f7d5510d7b332ac421a5fc06a1d72ead11a6f48d5c4f79ac9ce	0
TRACE	pp_replay_halving_ordinary	1497288	0x15ce2d6143706db1f76c4b515b48cea46829196bda652b02afffffffffffffff	0x94a1088daed60f5caa550d9fff5752a0f7b084a4cfa585610b1b0b36b5817e2a	0
TRACE	pp_replay_halving_ordinary	1503343	0x15ce2d6143706db1f76c4b515b48cea46829196bda652b02afffffffffffffff	0x94a1088daed60f5caa550d9fff5752a0f7b084a4cfa585610b1b0b36b5817e2a	0
TRACE	pp_replay_halving_ordinary	1509398	0x15ce2d6143706db1f76c4b515b48cea46829196bda652b02afffffffffffffff	0x8275e294c460c3547fa61b1b328216c29dac8b46a6d43272b20f989324fb2b41	0
TRACE	pp_replay_halving_ordinary	1515453	0x15ce2d6143706db1f76c4b515b48cea46829196bda652b02afffffffffffffff	0x8275e294c460c3547fa61b1b328216c29dac8b46a6d43272b20f989324fb2b41	0
TRACE	pp_replay_halving_ordinary	1521508	0x15ce2d6143706db1f76c4b515b48cea46829196bda652b02afffffffffffffff	0x3deb191689c3705274fa5e79ff4cc7cb072b8cef1c9fddb71bccbbea80d9977b	0
TRACE	pp_replay_halving_ordinary	1527563	0x15ce2d6143706db1f76c4b515b48cea46829196bda652b02afffffffffffffff	0x3deb191689c3705274fa5e79ff4cc7cb072b8cef1c9fddb71bccbbea80d9977b	0
TRACE	pp_replay_halving_ordinary	1533618	0x15ce2d6143706db1f76c4b515b48cea46829196bda652b02afffffffffffffff	0x9122b25f8ea754c082aaef284ccd53bde5a03f95e28d152ee590b729a9086309	0
TRACE	pp_replay_halving_ordinary	1539673	0x15ce2d6143706db1f76c4b515b48cea46829196bda652b02afffffffffffffff	0x9122b25f8ea754c082aaef284ccd53bde5a03f95e28d152ee590b729a9086309	0
TRACE	pp_replay_halving_ordinary	1545728	0x15ce2d6143706db1f76c4b515b48cea46829196bda652b02afffffffffffffff	0x33c372dd861ab144bde95368930686e23b32f3213fcb3cb980575cc50a787ea1	0
TRACE	pp_replay_halving_ordinary	1551783	0x15ce2d6143706db1f76c4b515b48cea46829196bda652b02afffffffffffffff	0x33c372dd861ab144bde95368930686e23b32f3213fcb3cb980575cc50a787ea1	0
TRACE	pp_replay_halving_ordinary	1557838	0x15ce2d6143706db1f76c4b515b48cea46829196bda652b02afffffffffffffff	0xb139894f45308181502510a437f4f6a80834ccadc896147a197a04fb2ce03682	0
TRACE	pp_replay_halving_ordinary	1563893	0x15ce2d6143706db1f76c4b515b48cea46829196bda652b02afffffffffffffff	0xb139894f45308181502510a437f4f6a80834ccadc896147a197a04fb2ce03682	0
TRACE	pp_replay_halving_ordinary	1569948	0x15ce2d6143706db1f76c4b515b48cea46829196bda652b02afffffffffffffff	0xb7fa4a44125db4cfcca177a105361745775adcba067dc02d3305ac8adf0a0845	0
TRACE	pp_replay_halving_ordinary	1576003	0x15ce2d6143706db1f76c4b515b48cea46829196bda652b02afffffffffffffff	0xb7fa4a44125db4cfcca177a105361745775adcba067dc02d3305ac8adf0a0845	0
TRACE	pp_replay_halving_ordinary	1582058	0x15ce2d6143706db1f76c4b515b48cea46829196bda652b02afffffffffffffff	0x9dad555f3c7a273b856fd58fb5eb53ca1776f26012b8cb035fe5c0291c0f779f	0
TRACE	pp_replay_halving_ordinary	1588113	0x15ce2d6143706db1f76c4b515b48cea46829196bda652b02afffffffffffffff	0x9dad555f3c7a273b856fd58fb5eb53ca1776f26012b8cb035fe5c0291c0f779f	0
TRACE	pp_replay_halving_ordinary	1594168	0x15ce2d6143706db1f76c4b515b48cea46829196bda652b02afffffffffffffff	0x5569e7e8d3b5f702d484534c2ec85ac3e3b473c6864da2cc24badb2cfec65ff9	0
TRACE	pp_replay_halving_ordinary	1600223	0x15ce2d6143706db1f76c4b515b48cea46829196bda652b02afffffffffffffff	0x5569e7e8d3b5f702d484534c2ec85ac3e3b473c6864da2cc24badb2cfec65ff9	0
TRACE	pp_replay_halving_ordinary	1606278	0x15ce2d6143706db1f76c4b515b48cea46829196bda652b02afffffffffffffff	0x9210db5d9a310c0e2c3ae090e1c8be418cf09fa6631aca0dcecab93e87524401	0
TRACE	pp_replay_halving_ordinary	1612333	0x15ce2d6143706db1f76c4b515b48cea46829196bda652b02afffffffffffffff	0x9210db5d9a310c0e2c3ae090e1c8be418cf09fa6631aca0dcecab93e87524401	0
TRACE	pp_replay_halving_ordinary	1618388	0x15ce2d6143706db1f76c4b515b48cea46829196bda652b02afffffffffffffff	0xd8322a8bfeb74b49ec0b13999da4780030c75acb28c0aed751e9542325cc191a	0
TRACE	pp_replay_halving_ordinary	1624443	0x15ce2d6143706db1f76c4b515b48cea46829196bda652b02afffffffffffffff	0xd8322a8bfeb74b49ec0b13999da4780030c75acb28c0aed751e9542325cc191a	0
TRACE	pp_replay_halving_ordinary	1630498	0x15ce2d6143706db1f76c4b515b48cea46829196bda652b02afffffffffffffff	0xae77ac3466de7031100bf33dd1091190570a5136ce9686cd9f385946186187dd	0
TRACE	pp_replay_halving_ordinary	1636553	0x15ce2d6143706db1f76c4b515b48cea46829196bda652b02afffffffffffffff	0xae77ac3466de7031100bf33dd1091190570a5136ce9686cd9f385946186187dd	0
TRACE	pp_replay_halving_ordinary	1642608	0x15ce2d6143706db1f76c4b515b48cea46829196bda652b02afffffffffffffff	0x4a6e9f95e5f636c636ffc816f326d99bf66f4265168a8a026cac3eb7035aa35b	0
TRACE	pp_replay_halving_ordinary	1648663	0x15ce2d6143706db1f76c4b515b48cea46829196bda652b02afffffffffffffff	0x4a6e9f95e5f636c636ffc816f326d99bf66f4265168a8a026cac3eb7035aa35b	0
TRACE	pp_replay_halving_ordinary	1654718	0x15ce2d6143706db1f76c4b515b48cea46829196bda652b02afffffffffffffff	0xc350ca352c10d08653cd941c21aded0e310dd7e1d4245ce69b318b7bc6b988d	0
TRACE	pp_replay_halving_ordinary	1660773	0x15ce2d6143706db1f76c4b515b48cea46829196bda652b02afffffffffffffff	0xc350ca352c10d08653cd941c21aded0e310dd7e1d4245ce69b318b7bc6b988d	0
TRACE	pp_replay_halving_ordinary	1666828	0x15ce2d6143706db1f76c4b515b48cea46829196bda652b02afffffffffffffff	0x15a8eb0e4e2dd0f3a70f28562d506e1b366007f8ccf333f43597d5dbaff18efa	0
TRACE	pp_replay_halving_ordinary	1672883	0x15ce2d6143706db1f76c4b515b48cea46829196bda652b02afffffffffffffff	0x15a8eb0e4e2dd0f3a70f28562d506e1b366007f8ccf333f43597d5dbaff18efa	0
TRACE	pp_replay_halving_ordinary	1678938	0x15ce2d6143706db1f76c4b515b48cea46829196bda652b02afffffffffffffff	0xbda308654124cf052f8b6c3ae5329c2d6b2c35615413c4768d06d0b6431e7f88	0
TRACE	pp_replay_halving_ordinary	1684993	0x15ce2d6143706db1f76c4b515b48cea46829196bda652b02afffffffffffffff	0xbda308654124cf052f8b6c3ae5329c2d6b2c35615413c4768d06d0b6431e7f88	0
TRACE	pp_replay_halving_ordinary	1691048	0x15ce2d6143706db1f76c4b515b48cea46829196bda652b02afffffffffffffff	0x8d00b885d502706f9e4c716a091d99b42c9260acbd2065bdc5f2712465a7dd0	0
TRACE	pp_replay_halving_ordinary	1697103	0x15ce2d6143706db1f76c4b515b48cea46829196bda652b02afffffffffffffff	0x8d00b885d502706f9e4c716a091d99b42c9260acbd2065bdc5f2712465a7dd0	0
TRACE	pp_replay_halving_ordinary	1703158	0x15ce2d6143706db1f76c4b515b48cea46829196bda652b02afffffffffffffff	0xdb9b4c51245afd076c7b1dcd8f69a8f6b8b0623529c196d530353ca847297991	0
TRACE	pp_replay_halving_ordinary	1709213	0x15ce2d6143706db1f76c4b515b48cea46829196bda652b02afffffffffffffff	0xdb9b4c51245afd076c7b1dcd8f69a8f6b8b0623529c196d530353ca847297991	0
TRACE	pp_replay_halving_ordinary	1715268	0x15ce2d6143706db1f76c4b515b48cea46829196bda652b02afffffffffffffff	0x504e1c83561db2878920b37b4b1f9ccd962a313fc13d7af3852ac20e875d3b5e	0
TRACE	pp_replay_halving_ordinary	1721323	0x15ce2d6143706db1f76c4b515b48cea46829196bda652b02afffffffffffffff	0x504e1c83561db2878920b37b4b1f9ccd962a313fc13d7af3852ac20e875d3b5e	0
TRACE	pp_replay_halving_ordinary	1727378	0x15ce2d6143706db1f76c4b515b48cea46829196bda652b02afffffffffffffff	0xafa5a351e9e2be3bd66f45236a2517113b6a4dd3abfc4722d57ffadf3a1ae30	0
TRACE	pp_replay_halving_ordinary	1733433	0x15ce2d6143706db1f76c4b515b48cea46829196bda652b02afffffffffffffff	0xafa5a351e9e2be3bd66f45236a2517113b6a4dd3abfc4722d57ffadf3a1ae30	0
TRACE	pp_replay_halving_ordinary	1739488	0x15ce2d6143706db1f76c4b515b48cea46829196bda652b02afffffffffffffff	0x74283c87016f3448ebc50a5ed631d5e1693e6f55fbc07498c0b74f3e54e1f1e4	0
TRACE	pp_replay_halving_ordinary	1745543	0x15ce2d6143706db1f76c4b515b48cea46829196bda652b02afffffffffffffff	0x74283c87016f3448ebc50a5ed631d5e1693e6f55fbc07498c0b74f3e54e1f1e4	0
TRACE	pp_replay_halving_ordinary	1751598	0x15ce2d6143706db1f76c4b515b48cea46829196bda652b02afffffffffffffff	0x545f96d7f96bdc3dc17a0ab292fccc0cca012a492e20665605337b8342c109df	0
TRACE	pp_replay_halving_ordinary	1757653	0x15ce2d6143706db1f76c4b515b48cea46829196bda652b02afffffffffffffff	0x545f96d7f96bdc3dc17a0ab292fccc0cca012a492e20665605337b8342c109df	0
TRACE	pp_replay_halving_ordinary	1763708	0x15ce2d6143706db1f76c4b515b48cea46829196bda652b02afffffffffffffff	0xc6d6d6c376b063af6e74ac7822f8997a231d905fab862c556528694be38d0d2	0
TRACE	pp_replay_halving_ordinary	1769763	0x15ce2d6143706db1f76c4b515b48cea46829196bda652b02afffffffffffffff	0xc6d6d6c376b063af6e74ac7822f8997a231d905fab862c556528694be38d0d2	0
TRACE	pp_replay_halving_ordinary	1775818	0x15ce2d6143706db1f76c4b515b48cea46829196bda652b02afffffffffffffff	0xba70e31146ead0ba44429accbdfc38fa583e04b52dde61e12a9a49585d16bfb2	0
TRACE	pp_replay_halving_ordinary	1781873	0x15ce2d6143706db1f76c4b515b48cea46829196bda652b02afffffffffffffff	0xba70e31146ead0ba44429accbdfc38fa583e04b52dde61e12a9a49585d16bfb2	0
TRACE	pp_replay_halving_ordinary	1787928	0x15ce2d6143706db1f76c4b515b48cea46829196bda652b02afffffffffffffff	0x31b7941f5f9575bd4eca7965100af0a47e9bf76eca25b129a03b33fb46d3e421	0
TRACE	pp_replay_halving_ordinary	1793983	0x15ce2d6143706db1f76c4b515b48cea46829196bda652b02afffffffffffffff	0x31b7941f5f9575bd4eca7965100af0a47e9bf76eca25b129a03b33fb46d3e421	0
TRACE	pp_replay_halving_ordinary	1800038	0x15ce2d6143706db1f76c4b515b48cea46829196bda652b02afffffffffffffff	0xcf894062e5c01efe116c710b248e9e8f0833741d313784fbbda36ea341432a60	0
TRACE	pp_replay_halving_ordinary	1806093	0x15ce2d6143706db1f76c4b515b48cea46829196bda652b02afffffffffffffff	0xcf894062e5c01efe116c710b248e9e8f0833741d313784fbbda36ea341432a60	0
TRACE	pp_replay_halving_ordinary	1812148	0x15ce2d6143706db1f76c4b515b48cea46829196bda652b02afffffffffffffff	0x805035209155652ed80dba9c0d2663cce1b3dae2fed74d895777a8a76205c2ac	0
TRACE	pp_replay_halving_ordinary	1818203	0x15ce2d6143706db1f76c4b515b48cea46829196bda652b02afffffffffffffff	0x805035209155652ed80dba9c0d2663cce1b3dae2fed74d895777a8a76205c2ac	0
TRACE	pp_replay_halving_ordinary	1824258	0x15ce2d6143706db1f76c4b515b48cea46829196bda652b02afffffffffffffff	0x53f65d60ddc5610b3a5e8ae9cc6d4096fa79d3c00c03b4a14546c5d2a8d23b43	0
TRACE	pp_replay_halving_ordinary	1830313	0x15ce2d6143706db1f76c4b515b48cea46829196bda652b02afffffffffffffff	0x53f65d60ddc5610b3a5e8ae9cc6d4096fa79d3c00c03b4a14546c5d2a8d23b43	0
TRACE	pp_replay_halving_ordinary	1836368	0x15ce2d6143706db1f76c4b515b48cea46829196bda652b02afffffffffffffff	0x4b1675efece40108e76bcbec902e48cd79ce81c8bcb4e63a048c38b4ee4ce0e6	0
TRACE	pp_replay_halving_ordinary	1842423	0x15ce2d6143706db1f76c4b515b48cea46829196bda652b02afffffffffffffff	0x4b1675efece40108e76bcbec902e48cd79ce81c8bcb4e63a048c38b4ee4ce0e6	0
TRACE	pp_replay_halving_ordinary	1848478	0x15ce2d6143706db1f76c4b515b48cea46829196bda652b02afffffffffffffff	0xe353411bba39a883def93636f90766745cbc6c668a86bf8332177912488516ff	0
TRACE	pp_replay_halving_ordinary	1854533	0x15ce2d6143706db1f76c4b515b48cea46829196bda652b02afffffffffffffff	0xe353411bba39a883def93636f90766745cbc6c668a86bf8332177912488516ff	0
TRACE	pp_replay_halving_ordinary	1860588	0x15ce2d6143706db1f76c4b515b48cea46829196bda652b02afffffffffffffff	0x57b8d358d0723e20ad5ff5ae16b9faa3e719b0dab8b7d613e46e8ca0bad099fa	0
TRACE	pp_replay_halving_ordinary	1866643	0x15ce2d6143706db1f76c4b515b48cea46829196bda652b02afffffffffffffff	0x57b8d358d0723e20ad5ff5ae16b9faa3e719b0dab8b7d613e46e8ca0bad099fa	0
TRACE	pp_replay_halving_ordinary	1872698	0x15ce2d6143706db1f76c4b515b48cea46829196bda652b02afffffffffffffff	0xc8f5ce3badc744778a49aab4d2c9a25dd624298a67e830ae1ecd0b3339fb2adf	0
TRACE	pp_replay_halving_ordinary	1878753	0x15ce2d6143706db1f76c4b515b48cea46829196bda652b02afffffffffffffff	0xc8f5ce3badc744778a49aab4d2c9a25dd624298a67e830ae1ecd0b3339fb2adf	0
TRACE	pp_replay_halving_ordinary	1884808	0x15ce2d6143706db1f76c4b515b48cea46829196bda652b02afffffffffffffff	0x40ca25d68e38e3d17c5f429c1868bb1d66d4b2f11fc02efd9dfe253e7cc83a9d	0
TRACE	pp_replay_halving_ordinary	1890863	0x15ce2d6143706db1f76c4b515b48cea46829196bda652b02afffffffffffffff	0x40ca25d68e38e3d17c5f429c1868bb1d66d4b2f11fc02efd9dfe253e7cc83a9d	0
TRACE	pp_replay_halving_ordinary	1896918	0x15ce2d6143706db1f76c4b515b48cea46829196bda652b02afffffffffffffff	0xfe5a28d1ff38d9bf3ab50747dd9c23be97967bd23dd61712aecb59210f175d6d	0
TRACE	pp_replay_halving_ordinary	1902973	0x15ce2d6143706db1f76c4b515b48cea46829196bda652b02afffffffffffffff	0xfe5a28d1ff38d9bf3ab50747dd9c23be97967bd23dd61712aecb59210f175d6d	0
TRACE	pp_replay_halving_ordinary	1909028	0x15ce2d6143706db1f76c4b515b48cea46829196bda652b02afffffffffffffff	0x2e911527dbdc6a5b0ceff4cee01aec0797fbb0216670858e9b98f989ac1f7953	0
TRACE	pp_replay_halving_ordinary	1915083	0x15ce2d6143706db1f76c4b515b48cea46829196bda652b02afffffffffffffff	0x2e911527dbdc6a5b0ceff4cee01aec0797fbb0216670858e9b98f989ac1f7953	0
TRACE	pp_replay_halving_ordinary	1921138	0x15ce2d6143706db1f76c4b515b48cea46829196bda652b02afffffffffffffff	0x4b3acf7e76c5510691e93f05af6dc3f18be48afce911a728529914aaaecdb5b0	0
TRACE	pp_replay_halving_ordinary	1927193	0x15ce2d6143706db1f76c4b515b48cea46829196bda652b02afffffffffffffff	0x4b3acf7e76c5510691e93f05af6dc3f18be48afce911a728529914aaaecdb5b0	0
TRACE	pp_replay_halving_ordinary	1933248	0x15ce2d6143706db1f76c4b515b48cea46829196bda652b02afffffffffffffff	0x6cc7d654e21ce22e2a32f2108b8b97f342ec7c3555311bfa970c911d581268fb	0
TRACE	pp_replay_halving_ordinary	1939303	0x15ce2d6143706db1f76c4b515b48cea46829196bda652b02afffffffffffffff	0x6cc7d654e21ce22e2a32f2108b8b97f342ec7c3555311bfa970c911d581268fb	0
TRACE	pp_replay_halving_ordinary	1945358	0x15ce2d6143706db1f76c4b515b48cea46829196bda652b02afffffffffffffff	0x352b180a7cf2c67810455ed342930cf3b0ae78837038f92f2829703a426396c2	0
TRACE	pp_replay_halving_ordinary	1951413	0x15ce2d6143706db1f76c4b515b48cea46829196bda652b02afffffffffffffff	0x352b180a7cf2c67810455ed342930cf3b0ae78837038f92f2829703a426396c2	0
TRACE	pp_replay_halving_ordinary	1957468	0x15ce2d6143706db1f76c4b515b48cea46829196bda652b02afffffffffffffff	0xe743e877e3a83f8a89c9fa03f054ea33cc1ef796f6faf07c4c70a800bcf7df57	0
TRACE	pp_replay_halving_ordinary	1963523	0x15ce2d6143706db1f76c4b515b48cea46829196bda652b02afffffffffffffff	0xe743e877e3a83f8a89c9fa03f054ea33cc1ef796f6faf07c4c70a800bcf7df57	0
TRACE	pp_replay_halving_ordinary	1969578	0x15ce2d6143706db1f76c4b515b48cea46829196bda652b02afffffffffffffff	0x9379cbe4a652a1bb619ed933d48f88aff923e03b1e4f822cb6ee320da15aeafe	0
TRACE	pp_replay_halving_ordinary	1975633	0x15ce2d6143706db1f76c4b515b48cea46829196bda652b02afffffffffffffff	0x9379cbe4a652a1bb619ed933d48f88aff923e03b1e4f822cb6ee320da15aeafe	0
TRACE	pp_replay_halving_ordinary	1981688	0x15ce2d6143706db1f76c4b515b48cea46829196bda652b02afffffffffffffff	0xf4ca5ecd83d3e969e6c4a465e3566bf707d32a4698fce58276167b8949c6358c	0
TRACE	pp_replay_halving_ordinary	1987743	0x15ce2d6143706db1f76c4b515b48cea46829196bda652b02afffffffffffffff	0xf4ca5ecd83d3e969e6c4a465e3566bf707d32a4698fce58276167b8949c6358c	0
TRACE	pp_replay_halving_ordinary	1993798	0x15ce2d6143706db1f76c4b515b48cea46829196bda652b02afffffffffffffff	0x67abdb45c89fae145eb68d337c4e472e3c542d7d2154a72a9035eda095e52b74	0
TRACE	pp_replay_halving_ordinary	1999853	0x15ce2d6143706db1f76c4b515b48cea46829196bda652b02afffffffffffffff	0x67abdb45c89fae145eb68d337c4e472e3c542d7d2154a72a9035eda095e52b74	0
TRACE	pp_replay_halving_ordinary	2005908	0x15ce2d6143706db1f76c4b515b48cea46829196bda652b02afffffffffffffff	0x2347a0e1eecd0ed5620385cc99c2093232dfbf325dea0f95f978237a2cf84286	0
TRACE	pp_replay_halving_ordinary	2011963	0x15ce2d6143706db1f76c4b515b48cea46829196bda652b02afffffffffffffff	0x2347a0e1eecd0ed5620385cc99c2093232dfbf325dea0f95f978237a2cf84286	0
TRACE	pp_replay_halving_ordinary	2018018	0x15ce2d6143706db1f76c4b515b48cea46829196bda652b02afffffffffffffff	0x808ac1d800f1df9af1d5010c943df51a1712c4067e1a61e5d70c9f32fc40e51f	0
TRACE	pp_replay_halving_ordinary	2024073	0x15ce2d6143706db1f76c4b515b48cea46829196bda652b02afffffffffffffff	0x808ac1d800f1df9af1d5010c943df51a1712c4067e1a61e5d70c9f32fc40e51f	0
TRACE	pp_replay_halving_ordinary	2030128	0x15ce2d6143706db1f76c4b515b48cea46829196bda652b02afffffffffffffff	0xa8af37c27b76cbce9c0ba1300161050606f33ecaf7f3eb6c089ae1110c2dd47d	0
TRACE	pp_replay_halving_ordinary	2036183	0x15ce2d6143706db1f76c4b515b48cea46829196bda652b02afffffffffffffff	0xa8af37c27b76cbce9c0ba1300161050606f33ecaf7f3eb6c089ae1110c2dd47d	0
TRACE	pp_replay_halving_ordinary	2042238	0x15ce2d6143706db1f76c4b515b48cea46829196bda652b02afffffffffffffff	0x4a4e7e669f1a2ada6378288f2567be88078180b45d83935477e9e011021bae67	0
TRACE	pp_replay_halving_ordinary	2048293	0x15ce2d6143706db1f76c4b515b48cea46829196bda652b02afffffffffffffff	0x4a4e7e669f1a2ada6378288f2567be88078180b45d83935477e9e011021bae67	0
TRACE	pp_replay_halving_ordinary	2054348	0x15ce2d6143706db1f76c4b515b48cea46829196bda652b02afffffffffffffff	0x97982e56f717283d0e24de2836fe519f7fdc6f85a69c1605e42c403f8284879d	0
TRACE	pp_replay_halving_ordinary	2060403	0x15ce2d6143706db1f76c4b515b48cea46829196bda652b02afffffffffffffff	0x97982e56f717283d0e24de2836fe519f7fdc6f85a69c1605e42c403f8284879d	0
TRACE	pp_replay_halving_ordinary	2066458	0x15ce2d6143706db1f76c4b515b48cea46829196bda652b02afffffffffffffff	0x5f1e8327918ad37731bd9c7a5fe4cd959e04f37725942baf4d26b82b615c7a1c	0
TRACE	pp_replay_halving_ordinary	2072513	0x15ce2d6143706db1f76c4b515b48cea46829196bda652b02afffffffffffffff	0x5f1e8327918ad37731bd9c7a5fe4cd959e04f37725942baf4d26b82b615c7a1c	0
TRACE	pp_replay_halving_ordinary	2078568	0x15ce2d6143706db1f76c4b515b48cea46829196bda652b02afffffffffffffff	0x4e1e6acbd96315317719d06b75c661027875df03a041fa95a5c16204c84a026c	0
TRACE	pp_replay_halving_ordinary	2084623	0x15ce2d6143706db1f76c4b515b48cea46829196bda652b02afffffffffffffff	0x4e1e6acbd96315317719d06b75c661027875df03a041fa95a5c16204c84a026c	0
TRACE	pp_replay_halving_ordinary	2090678	0x15ce2d6143706db1f76c4b515b48cea46829196bda652b02afffffffffffffff	0x4400616ee09ef916ea8f303ba879b24c963c51ce1548c4669d95589a6449dec	0
TRACE	pp_replay_halving_ordinary	2096733	0x15ce2d6143706db1f76c4b515b48cea46829196bda652b02afffffffffffffff	0x4400616ee09ef916ea8f303ba879b24c963c51ce1548c4669d95589a6449dec	0
TRACE	pp_replay_halving_ordinary	2102788	0x15ce2d6143706db1f76c4b515b48cea46829196bda652b02afffffffffffffff	0xefa869de3c2eae60b5384227ee741c1af8ed5c14c0eeea8f65f2a7a50aa0f205	0
TRACE	pp_replay_halving_ordinary	2108843	0x15ce2d6143706db1f76c4b515b48cea46829196bda652b02afffffffffffffff	0xefa869de3c2eae60b5384227ee741c1af8ed5c14c0eeea8f65f2a7a50aa0f205	0
TRACE	pp_replay_halving_ordinary	2114898	0x15ce2d6143706db1f76c4b515b48cea46829196bda652b02afffffffffffffff	0x72ae4de0f1a086e42c3ff4dd04352e4b085913c8585e0cd9f1ffa8599e678efd	0
TRACE	pp_replay_halving_ordinary	2120953	0x15ce2d6143706db1f76c4b515b48cea46829196bda652b02afffffffffffffff	0x72ae4de0f1a086e42c3ff4dd04352e4b085913c8585e0cd9f1ffa8599e678efd	0
TRACE	pp_replay_halving_ordinary	2127008	0x15ce2d6143706db1f76c4b515b48cea46829196bda652b02afffffffffffffff	0x9a189ff1262cb992f3e1e71bc78adbb1880777d1120aceff9c03145974256cd4	0
TRACE	pp_replay_halving_ordinary	2133063	0x15ce2d6143706db1f76c4b515b48cea46829196bda652b02afffffffffffffff	0x9a189ff1262cb992f3e1e71bc78adbb1880777d1120aceff9c03145974256cd4	0
TRACE	pp_replay_halving_ordinary	2139118	0x15ce2d6143706db1f76c4b515b48cea46829196bda652b02afffffffffffffff	0x36256b7bf2dcf3544e1783704f2a94a6601466fdd194cf76957f24ffca908796	0
TRACE	pp_replay_halving_ordinary	2145173	0x15ce2d6143706db1f76c4b515b48cea46829196bda652b02afffffffffffffff	0x36256b7bf2dcf3544e1783704f2a94a6601466fdd194cf76957f24ffca908796	0
TRACE	pp_replay_halving_ordinary	2151228	0x15ce2d6143706db1f76c4b515b48cea46829196bda652b02afffffffffffffff	0x9d289e5ea60901c4a4a4ea85711282e39617a2c901774f9453de2928e02b4c5e	0
TRACE	pp_replay_halving_ordinary	2157283	0x15ce2d6143706db1f76c4b515b48cea46829196bda652b02afffffffffffffff	0x9d289e5ea60901c4a4a4ea85711282e39617a2c901774f9453de2928e02b4c5e	0
TRACE	pp_replay_halving_ordinary	2163338	0x15ce2d6143706db1f76c4b515b48cea46829196bda652b02afffffffffffffff	0xb6e96b1752d40560ba48444ab98c7e72e39871bbcd6fef9bc375ea332591fd90	0
TRACE	pp_replay_halving_ordinary	2169393	0x15ce2d6143706db1f76c4b515b48cea46829196bda652b02afffffffffffffff	0xb6e96b1752d40560ba48444ab98c7e72e39871bbcd6fef9bc375ea332591fd90	0
TRACE	pp_replay_halving_ordinary	2175448	0x15ce2d6143706db1f76c4b515b48cea46829196bda652b02afffffffffffffff	0x798fccd1d4cd3f18fa97298eade1811c2c9fcc434d01d7fe241a0fbceea651cb	0
TRACE	pp_replay_halving_ordinary	2181503	0x15ce2d6143706db1f76c4b515b48cea46829196bda652b02afffffffffffffff	0x798fccd1d4cd3f18fa97298eade1811c2c9fcc434d01d7fe241a0fbceea651cb	0
TRACE	pp_replay_halving_ordinary	2187558	0x15ce2d6143706db1f76c4b515b48cea46829196bda652b02afffffffffffffff	0xc1e4dfa49e8511e6d37db7659db7fe3c40e0f7fc69c71e679e3fe7c450e14cb	0
TRACE	pp_replay_halving_ordinary	2193613	0x15ce2d6143706db1f76c4b515b48cea46829196bda652b02afffffffffffffff	0xc1e4dfa49e8511e6d37db7659db7fe3c40e0f7fc69c71e679e3fe7c450e14cb	0
TRACE	pp_replay_halving_ordinary	2199668	0x15ce2d6143706db1f76c4b515b48cea46829196bda652b02afffffffffffffff	0xa16b86b307ad640dd9f3c14141ef403ffc2b76f0c4e79279277f838dcced17bd	0
TRACE	pp_replay_halving_ordinary	2205723	0x15ce2d6143706db1f76c4b515b48cea46829196bda652b02afffffffffffffff	0xa16b86b307ad640dd9f3c14141ef403ffc2b76f0c4e79279277f838dcced17bd	0
TRACE	pp_replay_halving_ordinary	2211778	0x15ce2d6143706db1f76c4b515b48cea46829196bda652b02afffffffffffffff	0x2b62752b54656d4b11cae72de6f2b008f00e619c22e10117e858e082847ecb22	0
TRACE	pp_replay_halving_ordinary	2217833	0x15ce2d6143706db1f76c4b515b48cea46829196bda652b02afffffffffffffff	0x2b62752b54656d4b11cae72de6f2b008f00e619c22e10117e858e082847ecb22	0
TRACE	pp_replay_halving_ordinary	2223888	0x15ce2d6143706db1f76c4b515b48cea46829196bda652b02afffffffffffffff	0x382ef633bd60b8f4d6db3d121cba33f6b4ffeb78e8eedc33a462c77e3023d176	0
TRACE	pp_replay_halving_ordinary	2229943	0x15ce2d6143706db1f76c4b515b48cea46829196bda652b02afffffffffffffff	0x382ef633bd60b8f4d6db3d121cba33f6b4ffeb78e8eedc33a462c77e3023d176	0
TRACE	pp_replay_halving_ordinary	2235998	0x15ce2d6143706db1f76c4b515b48cea46829196bda652b02afffffffffffffff	0x3b621675d79f8bdf481f528b2a2c14f2263c4df01a7252fa9365413d1b0d130b	0
TRACE	pp_replay_halving_ordinary	2242053	0x15ce2d6143706db1f76c4b515b48cea46829196bda652b02afffffffffffffff	0x3b621675d79f8bdf481f528b2a2c14f2263c4df01a7252fa9365413d1b0d130b	0
TRACE	pp_replay_halving_ordinary	2248108	0x15ce2d6143706db1f76c4b515b48cea46829196bda652b02afffffffffffffff	0x7c2ede865e2f4099e47057e96d888d31028b668de6d330ac4f25dfac95c7627c	0
TRACE	pp_replay_halving_ordinary	2254163	0x15ce2d6143706db1f76c4b515b48cea46829196bda652b02afffffffffffffff	0x7c2ede865e2f4099e47057e96d888d31028b668de6d330ac4f25dfac95c7627c	0
TRACE	pp_replay_halving_ordinary	2260218	0x15ce2d6143706db1f76c4b515b48cea46829196bda652b02afffffffffffffff	0xede43d3f0d73b31e4b23ea9d25ed2888ca31ed1f805160e9b8a2c839ac351a85	0
TRACE	pp_replay_halving_ordinary	2266273	0x15ce2d6143706db1f76c4b515b48cea46829196bda652b02afffffffffffffff	0xede43d3f0d73b31e4b23ea9d25ed2888ca31ed1f805160e9b8a2c839ac351a85	0
TRACE	pp_replay_halving_ordinary	2272328	0x15ce2d6143706db1f76c4b515b48cea46829196bda652b02afffffffffffffff	0x4a5194ed3944cfbf64d0cf4a14064f5ebc1b8ec3e6b0ecf91302025db1d08b64	0
TRACE	pp_replay_halving_ordinary	2278383	0x15ce2d6143706db1f76c4b515b48cea46829196bda652b02afffffffffffffff	0x4a5194ed3944cfbf64d0cf4a14064f5ebc1b8ec3e6b0ecf91302025db1d08b64	0
TRACE	pp_replay_halving_ordinary	2284438	0x15ce2d6143706db1f76c4b515b48cea46829196bda652b02afffffffffffffff	0xe16cead8c43916e7ab3c08754f8c99143895f72d0048cffce999d0e5f33764bf	0
TRACE	pp_replay_halving_ordinary	2290493	0x15ce2d6143706db1f76c4b515b48cea46829196bda652b02afffffffffffffff	0xe16cead8c43916e7ab3c08754f8c99143895f72d0048cffce999d0e5f33764bf	0
TRACE	pp_replay_halving_ordinary	2296548	0x15ce2d6143706db1f76c4b515b48cea46829196bda652b02afffffffffffffff	0xc733c053a6f628b1bcd6d6c01e6e2b8197b4914746aec8bddf3fc48843911c0a	0
TRACE	pp_replay_halving_ordinary	2302603	0x15ce2d6143706db1f76c4b515b48cea46829196bda652b02afffffffffffffff	0xc733c053a6f628b1bcd6d6c01e6e2b8197b4914746aec8bddf3fc48843911c0a	0
TRACE	pp_replay_halving_ordinary	2308658	0x15ce2d6143706db1f76c4b515b48cea46829196bda652b02afffffffffffffff	0x468e4aa14750bb8d7b994c6d4c479b64a83859796e6681cfc29683172be99139	0
TRACE	pp_replay_halving_ordinary	2314713	0x15ce2d6143706db1f76c4b515b48cea46829196bda652b02afffffffffffffff	0x468e4aa14750bb8d7b994c6d4c479b64a83859796e6681cfc29683172be99139	0
TRACE	pp_replay_halving_ordinary	2320768	0x15ce2d6143706db1f76c4b515b48cea46829196bda652b02afffffffffffffff	0xe664ed34af6760446b49e9d897bdf75d6c594b85f85470143b6c32ba25ffaba8	0
TRACE	pp_replay_halving_ordinary	2326823	0x15ce2d6143706db1f76c4b515b48cea46829196bda652b02afffffffffffffff	0xe664ed34af6760446b49e9d897bdf75d6c594b85f85470143b6c32ba25ffaba8	0
TRACE	pp_replay_halving_ordinary	2332878	0x15ce2d6143706db1f76c4b515b48cea46829196bda652b02afffffffffffffff	0x8b3ccdf57dae06f479b8cd91790164b08524693fd9aebc78ff80ad74147a4e44	0
TRACE	pp_replay_halving_ordinary	2338933	0x15ce2d6143706db1f76c4b515b48cea46829196bda652b02afffffffffffffff	0x8b3ccdf57dae06f479b8cd91790164b08524693fd9aebc78ff80ad74147a4e44	0
TRACE	pp_replay_halving_ordinary	2344988	0x15ce2d6143706db1f76c4b515b48cea46829196bda652b02afffffffffffffff	0x2ed45f2af268ad2640781fb6f4d18dad08c4fc0e652df155b0c5756885dbcfc9	0
TRACE	pp_replay_halving_ordinary	2351043	0x15ce2d6143706db1f76c4b515b48cea46829196bda652b02afffffffffffffff	0x2ed45f2af268ad2640781fb6f4d18dad08c4fc0e652df155b0c5756885dbcfc9	0
TRACE	pp_replay_halving_ordinary	2357098	0x15ce2d6143706db1f76c4b515b48cea46829196bda652b02afffffffffffffff	0xc05013e2d663001f91ebe464d95cd115a54aa2bad576c5e204b3ecb09f464569	0
TRACE	pp_replay_halving_ordinary	2363153	0x15ce2d6143706db1f76c4b515b48cea46829196bda652b02afffffffffffffff	0xc05013e2d663001f91ebe464d95cd115a54aa2bad576c5e204b3ecb09f464569	0
TRACE	pp_replay_halving_ordinary	2369208	0x15ce2d6143706db1f76c4b515b48cea46829196bda652b02afffffffffffffff	0x486f71f643014ce1d52e35de5d13964f9c6bb0886cd98141755942ad5fdc205	0
TRACE	pp_replay_halving_ordinary	2375263	0x15ce2d6143706db1f76c4b515b48cea46829196bda652b02afffffffffffffff	0x486f71f643014ce1d52e35de5d13964f9c6bb0886cd98141755942ad5fdc205	0
TRACE	pp_replay_halving_ordinary	2381318	0x15ce2d6143706db1f76c4b515b48cea46829196bda652b02afffffffffffffff	0xb135c2c08ea4c53b6bcfb1f0afcb829ea7c45770d711177d870260365d50fff3	0
TRACE	pp_replay_halving_ordinary	2387373	0x15ce2d6143706db1f76c4b515b48cea46829196bda652b02afffffffffffffff	0xb135c2c08ea4c53b6bcfb1f0afcb829ea7c45770d711177d870260365d50fff3	0
TRACE	pp_replay_halving_ordinary	2393428	0x15ce2d6143706db1f76c4b515b48cea46829196bda652b02afffffffffffffff	0x54d44d17b562d3e4ac60cc5b4d816db1948098e5ebef2025a414ccfc9e2b2e9c	0
TRACE	pp_replay_halving_ordinary	2399483	0x15ce2d6143706db1f76c4b515b48cea46829196bda652b02afffffffffffffff	0x54d44d17b562d3e4ac60cc5b4d816db1948098e5ebef2025a414ccfc9e2b2e9c	0
TRACE	pp_replay_halving_ordinary	2405538	0x15ce2d6143706db1f76c4b515b48cea46829196bda652b02afffffffffffffff	0x7dbbefad7f12578efc8512f5f4eee8764fafa9433126a24fab59682dee61b952	0
TRACE	pp_replay_halving_ordinary	2411593	0x15ce2d6143706db1f76c4b515b48cea46829196bda652b02afffffffffffffff	0x7dbbefad7f12578efc8512f5f4eee8764fafa9433126a24fab59682dee61b952	0
TRACE	pp_replay_halving_ordinary	2417648	0x15ce2d6143706db1f76c4b515b48cea46829196bda652b02afffffffffffffff	0x75c6175a8d941f156bf6ee595624a14ed1343be8aeb21f757e2ed9332bf25b6a	0
TRACE	pp_replay_halving_ordinary	2423703	0x15ce2d6143706db1f76c4b515b48cea46829196bda652b02afffffffffffffff	0x75c6175a8d941f156bf6ee595624a14ed1343be8aeb21f757e2ed9332bf25b6a	0
TRACE	pp_replay_halving_ordinary	2429758	0x15ce2d6143706db1f76c4b515b48cea46829196bda652b02afffffffffffffff	0x1fd7614bc5f8e1e6423892727b291c9df9edb56a09d20b68b4aa3beb09bd77a	0
TRACE	pp_replay_halving_ordinary	2435813	0x15ce2d6143706db1f76c4b515b48cea46829196bda652b02afffffffffffffff	0x1fd7614bc5f8e1e6423892727b291c9df9edb56a09d20b68b4aa3beb09bd77a	0
TRACE	pp_replay_halving_ordinary	2441868	0x15ce2d6143706db1f76c4b515b48cea46829196bda652b02afffffffffffffff	0xe50b4dc3481269e0a22eafda9c160de8a33983321d17e106ce91966091c632ad	0
TRACE	pp_replay_halving_ordinary	2447923	0x15ce2d6143706db1f76c4b515b48cea46829196bda652b02afffffffffffffff	0xe50b4dc3481269e0a22eafda9c160de8a33983321d17e106ce91966091c632ad	0
TRACE	pp_replay_halving_ordinary	2453978	0x15ce2d6143706db1f76c4b515b48cea46829196bda652b02afffffffffffffff	0x73c8a145d13490f707d365322e720f84f19560920e14febef2e435747b5683f	0
TRACE	pp_replay_halving_ordinary	2460033	0x15ce2d6143706db1f76c4b515b48cea46829196bda652b02afffffffffffffff	0x73c8a145d13490f707d365322e720f84f19560920e14febef2e435747b5683f	0
TRACE	pp_replay_halving_ordinary	2466088	0x15ce2d6143706db1f76c4b515b48cea46829196bda652b02afffffffffffffff	0xb773b0ebbabfc8344c6c5e61de4bbb3c15080b4a3f0da446b7d8d4c1d28430b3	0
TRACE	pp_replay_halving_ordinary	2472143	0x15ce2d6143706db1f76c4b515b48cea46829196bda652b02afffffffffffffff	0xb773b0ebbabfc8344c6c5e61de4bbb3c15080b4a3f0da446b7d8d4c1d28430b3	0
TRACE	pp_replay_halving_ordinary	2478198	0x15ce2d6143706db1f76c4b515b48cea46829196bda652b02afffffffffffffff	0x7c7a22bb4cb03e35d31f9349dff042efbffb2f56711e73a0e170ebc0bf5cc5f	0
TRACE	pp_replay_halving_ordinary	2484253	0x15ce2d6143706db1f76c4b515b48cea46829196bda652b02afffffffffffffff	0x7c7a22bb4cb03e35d31f9349dff042efbffb2f56711e73a0e170ebc0bf5cc5f	0
TRACE	pp_replay_halving_ordinary	2490308	0x15ce2d6143706db1f76c4b515b48cea46829196bda652b02afffffffffffffff	0x57f8cd65d8e850dd72ca634efeec545437bdc3657d8a0459dc9b15dc14574b32	0
TRACE	pp_replay_halving_ordinary	2496363	0x15ce2d6143706db1f76c4b515b48cea46829196bda652b02afffffffffffffff	0x57f8cd65d8e850dd72ca634efeec545437bdc3657d8a0459dc9b15dc14574b32	0
TRACE	pp_replay_halving_ordinary	2502418	0x15ce2d6143706db1f76c4b515b48cea46829196bda652b02afffffffffffffff	0x2c05183461efa41bf8307dd59727a85d86ad478183280ba1d03c17a4566fabdb	0
TRACE	pp_replay_halving_ordinary	2508473	0x15ce2d6143706db1f76c4b515b48cea46829196bda652b02afffffffffffffff	0x2c05183461efa41bf8307dd59727a85d86ad478183280ba1d03c17a4566fabdb	0
TRACE	pp_replay_halving_ordinary	2514528	0x15ce2d6143706db1f76c4b515b48cea46829196bda652b02afffffffffffffff	0xcafced4c5dbe2b305ea6795e59f12afdac441ef8fe987e2e0317bf8d2f79e4f9	0
TRACE	pp_replay_halving_ordinary	2520583	0x15ce2d6143706db1f76c4b515b48cea46829196bda652b02afffffffffffffff	0xcafced4c5dbe2b305ea6795e59f12afdac441ef8fe987e2e0317bf8d2f79e4f9	0
TRACE	pp_replay_halving_ordinary	2526638	0x15ce2d6143706db1f76c4b515b48cea46829196bda652b02afffffffffffffff	0x58420aba010c5e3ae662811dcf4d9f57f69a4a222123e35cf349160549bd6fd0	0
TRACE	pp_replay_halving_ordinary	2532693	0x15ce2d6143706db1f76c4b515b48cea46829196bda652b02afffffffffffffff	0x58420aba010c5e3ae662811dcf4d9f57f69a4a222123e35cf349160549bd6fd0	0
TRACE	pp_replay_halving_ordinary	2538748	0x15ce2d6143706db1f76c4b515b48cea46829196bda652b02afffffffffffffff	0x5caeb8a4972c733d5e10fe1022a8e2e96d6a7535b75d26b443f3aa61b96f1c56	0
TRACE	pp_replay_halving_ordinary	2544803	0x15ce2d6143706db1f76c4b515b48cea46829196bda652b02afffffffffffffff	0x5caeb8a4972c733d5e10fe1022a8e2e96d6a7535b75d26b443f3aa61b96f1c56	0
TRACE	pp_replay_halving_ordinary	2550858	0x15ce2d6143706db1f76c4b515b48cea46829196bda652b02afffffffffffffff	0xaf7287ccf11e3edf4cf41e44a62b42591469455fc13ce42ff6247a4778a3f764	0
TRACE	pp_replay_halving_ordinary	2556913	0x15ce2d6143706db1f76c4b515b48cea46829196bda652b02afffffffffffffff	0xaf7287ccf11e3edf4cf41e44a62b42591469455fc13ce42ff6247a4778a3f764	0
TRACE	pp_replay_halving_ordinary	2562968	0x15ce2d6143706db1f76c4b515b48cea46829196bda652b02afffffffffffffff	0x44237b97079ab1c7c8ace651c70bda34fe28f96a43b4d38ee2b0ae4168713010	0
TRACE	pp_replay_halving_ordinary	2569023	0x15ce2d6143706db1f76c4b515b48cea46829196bda652b02afffffffffffffff	0x44237b97079ab1c7c8ace651c70bda34fe28f96a43b4d38ee2b0ae4168713010	0
TRACE	pp_replay_halving_ordinary	2575078	0x15ce2d6143706db1f76c4b515b48cea46829196bda652b02afffffffffffffff	0x294fb8898d39ce81e79b18550f44002bf898e66ce452cf669dd3bb3fe4647e3b	0
TRACE	pp_replay_halving_ordinary	2581133	0x15ce2d6143706db1f76c4b515b48cea46829196bda652b02afffffffffffffff	0x294fb8898d39ce81e79b18550f44002bf898e66ce452cf669dd3bb3fe4647e3b	0
TRACE	pp_replay_halving_ordinary	2587188	0x15ce2d6143706db1f76c4b515b48cea46829196bda652b02afffffffffffffff	0x4df2eb816804ae6f7b8918ab59b00993bae86e771a50e6a93db2a0df512f11b4	0
TRACE	pp_replay_halving_ordinary	2593243	0x15ce2d6143706db1f76c4b515b48cea46829196bda652b02afffffffffffffff	0x4df2eb816804ae6f7b8918ab59b00993bae86e771a50e6a93db2a0df512f11b4	0
TRACE	pp_replay_halving_ordinary	2599298	0x15ce2d6143706db1f76c4b515b48cea46829196bda652b02afffffffffffffff	0x971bb83f5eb7666ae08498c0ec4b0bedab7c5079a7d06c79e5aa5a46ec61b59e	0
TRACE	pp_replay_halving_ordinary	2605353	0x15ce2d6143706db1f76c4b515b48cea46829196bda652b02afffffffffffffff	0x971bb83f5eb7666ae08498c0ec4b0bedab7c5079a7d06c79e5aa5a46ec61b59e	0
TRACE	pp_replay_halving_ordinary	2611408	0x15ce2d6143706db1f76c4b515b48cea46829196bda652b02afffffffffffffff	0x2965eb6edc641469b9c378c650f1cc8427a148fa4b304dee0fa848a1532e6081	0
TRACE	pp_replay_halving_ordinary	2617463	0x15ce2d6143706db1f76c4b515b48cea46829196bda652b02afffffffffffffff	0x2965eb6edc641469b9c378c650f1cc8427a148fa4b304dee0fa848a1532e6081	0
TRACE	pp_replay_halving_ordinary	2623518	0x15ce2d6143706db1f76c4b515b48cea46829196bda652b02afffffffffffffff	0x394582834d9d35b49331746481a29667b2d9e29d4e701f5412539fe7034a5a05	0
TRACE	pp_replay_halving_ordinary	2629573	0x15ce2d6143706db1f76c4b515b48cea46829196bda652b02afffffffffffffff	0x394582834d9d35b49331746481a29667b2d9e29d4e701f5412539fe7034a5a05	0
TRACE	pp_replay_halving_ordinary	2635628	0x15ce2d6143706db1f76c4b515b48cea46829196bda652b02afffffffffffffff	0xfc081a3ae3b1b7ad49a4811873d3cd871d31d9973f300ba67f552a2d93f8fdce	0
TRACE	pp_replay_halving_ordinary	2641683	0x15ce2d6143706db1f76c4b515b48cea46829196bda652b02afffffffffffffff	0xfc081a3ae3b1b7ad49a4811873d3cd871d31d9973f300ba67f552a2d93f8fdce	0
TRACE	pp_replay_halving_ordinary	2647738	0x15ce2d6143706db1f76c4b515b48cea46829196bda652b02afffffffffffffff	0xd53672f8c53bb5877357d5f3d5d98fbb402ef0d23680abea46a328565d0d6e9	0
TRACE	pp_replay_halving_ordinary	2653793	0x15ce2d6143706db1f76c4b515b48cea46829196bda652b02afffffffffffffff	0xd53672f8c53bb5877357d5f3d5d98fbb402ef0d23680abea46a328565d0d6e9	0
TRACE	pp_replay_halving_ordinary	2659848	0x15ce2d6143706db1f76c4b515b48cea46829196bda652b02afffffffffffffff	0x256e05a9c015cc170367f9dec4c59a0b44d322918a6059948efd72cfe727622	0
TRACE	pp_replay_halving_ordinary	2665903	0x15ce2d6143706db1f76c4b515b48cea46829196bda652b02afffffffffffffff	0x256e05a9c015cc170367f9dec4c59a0b44d322918a6059948efd72cfe727622	0
TRACE	pp_replay_halving_ordinary	2671958	0x15ce2d6143706db1f76c4b515b48cea46829196bda652b02afffffffffffffff	0x3f97bea55fecc51bae76c02d980809c9f45fc2f015f5844ff2114056a49adcfc	0
TRACE	pp_replay_halving_ordinary	2678013	0x15ce2d6143706db1f76c4b515b48cea46829196bda652b02afffffffffffffff	0x3f97bea55fecc51bae76c02d980809c9f45fc2f015f5844ff2114056a49adcfc	0
TRACE	pp_replay_halving_ordinary	2684068	0x15ce2d6143706db1f76c4b515b48cea46829196bda652b02afffffffffffffff	0xaf1c16e560f13ca466cb703ab6f2f0ef4a3485a9ca4ea1d5a350fa753bd7864c	0
TRACE	pp_replay_halving_ordinary	2690123	0x15ce2d6143706db1f76c4b515b48cea46829196bda652b02afffffffffffffff	0xaf1c16e560f13ca466cb703ab6f2f0ef4a3485a9ca4ea1d5a350fa753bd7864c	0
TRACE	pp_replay_halving_ordinary	2696178	0x15ce2d6143706db1f76c4b515b48cea46829196bda652b02afffffffffffffff	0x736f2182b0b9bc34617ae420a3343240fa8f7383523d984c3df86bc243baed7a	0
TRACE	pp_replay_halving_ordinary	2702233	0x15ce2d6143706db1f76c4b515b48cea46829196bda652b02afffffffffffffff	0x736f2182b0b9bc34617ae420a3343240fa8f7383523d984c3df86bc243baed7a	0
TRACE	pp_replay_halving_ordinary	2708288	0x15ce2d6143706db1f76c4b515b48cea46829196bda652b02afffffffffffffff	0x8eeb3d58ac0de01c0154230684efafab93e944899e044262595623ac3e07244c	0
TRACE	pp_replay_halving_ordinary	2714343	0x15ce2d6143706db1f76c4b515b48cea46829196bda652b02afffffffffffffff	0x8eeb3d58ac0de01c0154230684efafab93e944899e044262595623ac3e07244c	0
TRACE	pp_replay_halving_ordinary	2720398	0x15ce2d6143706db1f76c4b515b48cea46829196bda652b02afffffffffffffff	0xce54a5a1d4dbf907e8a0613cbae6b730704b168661f3cbb6b3827fd01d969df2	0
TRACE	pp_replay_halving_ordinary	2726453	0x15ce2d6143706db1f76c4b515b48cea46829196bda652b02afffffffffffffff	0xce54a5a1d4dbf907e8a0613cbae6b730704b168661f3cbb6b3827fd01d969df2	0
TRACE	pp_replay_halving_ordinary	2732508	0x15ce2d6143706db1f76c4b515b48cea46829196bda652b02afffffffffffffff	0xf704ace334a182beee23402beaf11d796f3dffc261f5c830704c56f086af2b7a	0
TRACE	pp_replay_halving_ordinary	2738563	0x15ce2d6143706db1f76c4b515b48cea46829196bda652b02afffffffffffffff	0xf704ace334a182beee23402beaf11d796f3dffc261f5c830704c56f086af2b7a	0
TRACE	pp_replay_halving_ordinary	2744618	0x15ce2d6143706db1f76c4b515b48cea46829196bda652b02afffffffffffffff	0x130aeb38c92e52caf83f7e7b6f3b70baefaba1161f6474edf7eccb9a0f552ad	0
TRACE	pp_replay_halving_ordinary	2750673	0x15ce2d6143706db1f76c4b515b48cea46829196bda652b02afffffffffffffff	0x130aeb38c92e52caf83f7e7b6f3b70baefaba1161f6474edf7eccb9a0f552ad	0
TRACE	pp_replay_halving_ordinary	2756728	0x15ce2d6143706db1f76c4b515b48cea46829196bda652b02afffffffffffffff	0x32357cddc45cb31c81a29e2ce7a81ea676c8b9c70fb436f0b8c03ced70c322f	0
TRACE	pp_replay_halving_ordinary	2762783	0x15ce2d6143706db1f76c4b515b48cea46829196bda652b02afffffffffffffff	0x32357cddc45cb31c81a29e2ce7a81ea676c8b9c70fb436f0b8c03ced70c322f	0
TRACE	pp_replay_halving_ordinary	2768838	0x15ce2d6143706db1f76c4b515b48cea46829196bda652b02afffffffffffffff	0x83a00214703284b30e3fb661945c34a21588ffff34bc8277168f5193a491e827	0
TRACE	pp_replay_halving_ordinary	2774893	0x15ce2d6143706db1f76c4b515b48cea46829196bda652b02afffffffffffffff	0x83a00214703284b30e3fb661945c34a21588ffff34bc8277168f5193a491e827	0
TRACE	pp_replay_halving_ordinary	2780948	0x15ce2d6143706db1f76c4b515b48cea46829196bda652b02afffffffffffffff	0xa3bf2ca6152db3135fc9198145d4a15001101d17e5acd23919502504d7f355a5	0
TRACE	pp_replay_halving_ordinary	2787003	0x15ce2d6143706db1f76c4b515b48cea46829196bda652b02afffffffffffffff	0xa3bf2ca6152db3135fc9198145d4a15001101d17e5acd23919502504d7f355a5	0
TRACE	pp_replay_halving_ordinary	2793058	0x15ce2d6143706db1f76c4b515b48cea46829196bda652b02afffffffffffffff	0x59e760f773d5a521c446e5888f486bd37b69d5d21f127d0d0d58475eb8d20632	0
TRACE	pp_replay_halving_ordinary	2799113	0x15ce2d6143706db1f76c4b515b48cea46829196bda652b02afffffffffffffff	0x59e760f773d5a521c446e5888f486bd37b69d5d21f127d0d0d58475eb8d20632	0
TRACE	pp_replay_halving_ordinary	2805168	0x15ce2d6143706db1f76c4b515b48cea46829196bda652b02afffffffffffffff	0x5a7dbd901194cf147b42e5c61a01288a9c4b59179de2a93b83ae2c4594a0ae48	0
TRACE	pp_replay_halving_ordinary	2811223	0x15ce2d6143706db1f76c4b515b48cea46829196bda652b02afffffffffffffff	0x5a7dbd901194cf147b42e5c61a01288a9c4b59179de2a93b83ae2c4594a0ae48	0
TRACE	pp_replay_halving_ordinary	2817278	0x15ce2d6143706db1f76c4b515b48cea46829196bda652b02afffffffffffffff	0xad1947a1e15a9d0d8fe272d3aa52651785ed4bba6f3d499224419ce8935cab36	0
TRACE	pp_replay_halving_ordinary	2823333	0x15ce2d6143706db1f76c4b515b48cea46829196bda652b02afffffffffffffff	0xad1947a1e15a9d0d8fe272d3aa52651785ed4bba6f3d499224419ce8935cab36	0
TRACE	pp_replay_halving_ordinary	2829388	0x15ce2d6143706db1f76c4b515b48cea46829196bda652b02afffffffffffffff	0xc1e5c14c7cbbdb0882c956267114e368888e29348347fcb369fbf24b09ff5477	0
TRACE	pp_replay_halving_ordinary	2835443	0x15ce2d6143706db1f76c4b515b48cea46829196bda652b02afffffffffffffff	0xc1e5c14c7cbbdb0882c956267114e368888e29348347fcb369fbf24b09ff5477	0
TRACE	pp_replay_halving_ordinary	2841498	0x15ce2d6143706db1f76c4b515b48cea46829196bda652b02afffffffffffffff	0x9bbfc23b97859e0584aaf23e86d9d220039edd3bbca15191638f63cca756fef7	0
TRACE	pp_replay_halving_ordinary	2847553	0x15ce2d6143706db1f76c4b515b48cea46829196bda652b02afffffffffffffff	0x9bbfc23b97859e0584aaf23e86d9d220039edd3bbca15191638f63cca756fef7	0
TRACE	pp_replay_halving_ordinary	2853608	0x15ce2d6143706db1f76c4b515b48cea46829196bda652b02afffffffffffffff	0x923642775e380ec4c52359448c4b0dcde2630a3d8af7a6c8e1f4402d0eace997	0
TRACE	pp_replay_halving_ordinary	2859663	0x15ce2d6143706db1f76c4b515b48cea46829196bda652b02afffffffffffffff	0x923642775e380ec4c52359448c4b0dcde2630a3d8af7a6c8e1f4402d0eace997	0
TRACE	pp_replay_halving_ordinary	2865718	0x15ce2d6143706db1f76c4b515b48cea46829196bda652b02afffffffffffffff	0xcb7d812cbd6f6b32927392e0c4c937fb798079de51e63e169160e8fded80f83b	0
TRACE	pp_replay_halving_ordinary	2871773	0x15ce2d6143706db1f76c4b515b48cea46829196bda652b02afffffffffffffff	0xcb7d812cbd6f6b32927392e0c4c937fb798079de51e63e169160e8fded80f83b	0
TRACE	pp_replay_halving_ordinary	2877828	0x15ce2d6143706db1f76c4b515b48cea46829196bda652b02afffffffffffffff	0xd76cf0e906e9de7dd5e5bb095445117256f8e106f7377937dcd54a4a3f0b768c	0
TRACE	pp_replay_halving_ordinary	2883883	0x15ce2d6143706db1f76c4b515b48cea46829196bda652b02afffffffffffffff	0xd76cf0e906e9de7dd5e5bb095445117256f8e106f7377937dcd54a4a3f0b768c	0
TRACE	pp_replay_halving_ordinary	2889938	0x15ce2d6143706db1f76c4b515b48cea46829196bda652b02afffffffffffffff	0xbd042410eda1632d2f2375f5dc2109a248a1e635d6abb137ad22e7ac2b9d5d8f	0
TRACE	pp_replay_halving_ordinary	2895993	0x15ce2d6143706db1f76c4b515b48cea46829196bda652b02afffffffffffffff	0xbd042410eda1632d2f2375f5dc2109a248a1e635d6abb137ad22e7ac2b9d5d8f	0
TRACE	pp_replay_halving_ordinary	2902048	0x15ce2d6143706db1f76c4b515b48cea46829196bda652b02afffffffffffffff	0x97e7ded2707e92c26de129b6100782dd20bb3466a332e69bcaa4db2e50f32794	0
TRACE	pp_replay_halving_ordinary	2908103	0x15ce2d6143706db1f76c4b515b48cea46829196bda652b02afffffffffffffff	0x97e7ded2707e92c26de129b6100782dd20bb3466a332e69bcaa4db2e50f32794	0
TRACE	pp_replay_halving_ordinary	2914158	0x15ce2d6143706db1f76c4b515b48cea46829196bda652b02afffffffffffffff	0xc947114f9f48b41ab050930ff30661b149f9ac73ccde32a6f89f831eb6aa8aa2	0
TRACE	pp_replay_halving_ordinary	2920213	0x15ce2d6143706db1f76c4b515b48cea46829196bda652b02afffffffffffffff	0xc947114f9f48b41ab050930ff30661b149f9ac73ccde32a6f89f831eb6aa8aa2	0
TRACE	pp_replay_halving_ordinary	2926268	0x15ce2d6143706db1f76c4b515b48cea46829196bda652b02afffffffffffffff	0xf0fb55471b56e26368c423de7242e88daf4c743d30d9ec5647ce6b8af4c31c2c	0
TRACE	pp_replay_halving_ordinary	2932323	0x15ce2d6143706db1f76c4b515b48cea46829196bda652b02afffffffffffffff	0xf0fb55471b56e26368c423de7242e88daf4c743d30d9ec5647ce6b8af4c31c2c	0
TRACE	pp_replay_halving_ordinary	2938378	0x15ce2d6143706db1f76c4b515b48cea46829196bda652b02afffffffffffffff	0x26abba16caefcc3e27ef622d8f095fdf0faec10f16be496f7b2efe109e7b461	0
TRACE	pp_replay_halving_ordinary	2944433	0x15ce2d6143706db1f76c4b515b48cea46829196bda652b02afffffffffffffff	0x26abba16caefcc3e27ef622d8f095fdf0faec10f16be496f7b2efe109e7b461	0
TRACE	pp_replay_halving_ordinary	2950488	0x15ce2d6143706db1f76c4b515b48cea46829196bda652b02afffffffffffffff	0x7cd9843a220177c9d2d0c68052ccdfa2e811d8138891743b4fe056dabfaab32f	0
TRACE	pp_replay_halving_ordinary	2956543	0x15ce2d6143706db1f76c4b515b48cea46829196bda652b02afffffffffffffff	0x7cd9843a220177c9d2d0c68052ccdfa2e811d8138891743b4fe056dabfaab32f	0
TRACE	pp_replay_halving_ordinary	2962598	0x15ce2d6143706db1f76c4b515b48cea46829196bda652b02afffffffffffffff	0x1fd10ff6e3ac1d236d53ef28caef5d68364331091e7f563491e4d1aef26499e4	0
TRACE	pp_replay_halving_ordinary	2968653	0x15ce2d6143706db1f76c4b515b48cea46829196bda652b02afffffffffffffff	0x1fd10ff6e3ac1d236d53ef28caef5d68364331091e7f563491e4d1aef26499e4	0
TRACE	pp_replay_halving_ordinary	2974708	0x15ce2d6143706db1f76c4b515b48cea46829196bda652b02afffffffffffffff	0x38a66aeaa240b7e81d4ac1be83804e256eadeec1f4bb23989973878c45e0c5ab	0
TRACE	pp_replay_halving_ordinary	2980763	0x15ce2d6143706db1f76c4b515b48cea46829196bda652b02afffffffffffffff	0x38a66aeaa240b7e81d4ac1be83804e256eadeec1f4bb23989973878c45e0c5ab	0
TRACE	pp_replay_halving_ordinary	2986818	0x15ce2d6143706db1f76c4b515b48cea46829196bda652b02afffffffffffffff	0x62888c3240c582a53aa31584afe463420571a6cf2fec85254e9d713d37cf6cd3	0
TRACE	pp_replay_halving_ordinary	2992873	0x15ce2d6143706db1f76c4b515b48cea46829196bda652b02afffffffffffffff	0x62888c3240c582a53aa31584afe463420571a6cf2fec85254e9d713d37cf6cd3	0
TRACE	pp_replay_halving_ordinary	2998928	0x15ce2d6143706db1f76c4b515b48cea46829196bda652b02afffffffffffffff	0xa6cbbdc738c18ea355fb75d0ccd92c59dd07e5644929ea2f7a043e31df6c0ab7	0
TRACE	pp_replay_halving_ordinary	3004983	0x15ce2d6143706db1f76c4b515b48cea46829196bda652b02afffffffffffffff	0xa6cbbdc738c18ea355fb75d0ccd92c59dd07e5644929ea2f7a043e31df6c0ab7	0
TRACE	pp_replay_halving_ordinary	3011038	0x15ce2d6143706db1f76c4b515b48cea46829196bda652b02afffffffffffffff	0xeeef339ac200fd007929e7ecf8c2cdba0a1a705ab9b0a6bd75264cc1d618d4b6	0
TRACE	pp_replay_halving_ordinary	3017093	0x15ce2d6143706db1f76c4b515b48cea46829196bda652b02afffffffffffffff	0xeeef339ac200fd007929e7ecf8c2cdba0a1a705ab9b0a6bd75264cc1d618d4b6	0
TRACE	pp_replay_halving_ordinary	3023148	0x15ce2d6143706db1f76c4b515b48cea46829196bda652b02afffffffffffffff	0xa56ebc587eb0a2e8f3c9576f7166fe84f9c8956fc0b6a43b3bcaa2bcad6136e7	0
TRACE	pp_replay_halving_ordinary	3029203	0x15ce2d6143706db1f76c4b515b48cea46829196bda652b02afffffffffffffff	0xa56ebc587eb0a2e8f3c9576f7166fe84f9c8956fc0b6a43b3bcaa2bcad6136e7	0
TRACE	pp_replay_halving_ordinary	3035258	0x15ce2d6143706db1f76c4b515b48cea46829196bda652b02afffffffffffffff	0xd2601dd090d41685e158241f61d6f3cd441476babe3e80a08e56ea808a2de497	0
TRACE	pp_replay_halving_ordinary	3041313	0x15ce2d6143706db1f76c4b515b48cea46829196bda652b02afffffffffffffff	0xd2601dd090d41685e158241f61d6f3cd441476babe3e80a08e56ea808a2de497	0
TRACE	pp_replay_halving_ordinary	3047368	0x15ce2d6143706db1f76c4b515b48cea46829196bda652b02afffffffffffffff	0xf4c3a7a1fb772318c49c4cd403e402aded6d07ad409e08e6ab5cee0e08ccd0c3	0
TRACE	pp_replay_halving_ordinary	3053423	0x15ce2d6143706db1f76c4b515b48cea46829196bda652b02afffffffffffffff	0xf4c3a7a1fb772318c49c4cd403e402aded6d07ad409e08e6ab5cee0e08ccd0c3	0
TRACE	pp_replay_halving_ordinary	3059478	0x15ce2d6143706db1f76c4b515b48cea46829196bda652b02afffffffffffffff	0xfd5c8a16561fe63d7d6d57012c67466617c32be9e135eaf8329e6ef168748bce	0
TRACE	pp_replay_halving_ordinary	3065533	0x15ce2d6143706db1f76c4b515b48cea46829196bda652b02afffffffffffffff	0xfd5c8a16561fe63d7d6d57012c67466617c32be9e135eaf8329e6ef168748bce	0
TRACE	pp_replay_halving_ordinary	3071588	0x15ce2d6143706db1f76c4b515b48cea46829196bda652b02afffffffffffffff	0xbf82c2b36cca1706aba1998c768817542258b4f9095be37c946ecf2a805e7b85	0
TRACE	pp_replay_halving_ordinary	3077643	0x15ce2d6143706db1f76c4b515b48cea46829196bda652b02afffffffffffffff	0xbf82c2b36cca1706aba1998c768817542258b4f9095be37c946ecf2a805e7b85	0
TRACE	pp_replay_halving_ordinary	3083698	0x15ce2d6143706db1f76c4b515b48cea46829196bda652b02afffffffffffffff	0x700c50dab274a338f72eaa2f49104b8fa4fe173cd365619dace2e7390658f867	0
TRACE	pp_replay_halving_ordinary	3089753	0x15ce2d6143706db1f76c4b515b48cea46829196bda652b02afffffffffffffff	0x700c50dab274a338f72eaa2f49104b8fa4fe173cd365619dace2e7390658f867	0
TRACE	pp_replay_halving_ordinary	3095808	0x15ce2d6143706db1f76c4b515b48cea46829196bda652b02afffffffffffffff	0x4be3c4e387cfae8fe8b410eeefe618b8f1d5b30d7730514690546d98e1addcfb	0
TRACE	pp_replay_halving_ordinary	3101863	0x15ce2d6143706db1f76c4b515b48cea46829196bda652b02afffffffffffffff	0x4be3c4e387cfae8fe8b410eeefe618b8f1d5b30d7730514690546d98e1addcfb	0
TRACE	pp_replay_halving_ordinary	3107918	0x15ce2d6143706db1f76c4b515b48cea46829196bda652b02afffffffffffffff	0x90a22fdcaa93d2a439ea650164a8cb5acca190bd70d4415c7239e68092ac6db	0
TRACE	pp_replay_halving_ordinary	3113973	0x15ce2d6143706db1f76c4b515b48cea46829196bda652b02afffffffffffffff	0x90a22fdcaa93d2a439ea650164a8cb5acca190bd70d4415c7239e68092ac6db	0
TRACE	pp_replay_halving_ordinary	3120028	0x15ce2d6143706db1f76c4b515b48cea46829196bda652b02afffffffffffffff	0x953b79f8549e3aee8b14adcfc18c295ba7a7f306538f655715de02ffbab6270d	0
TRACE	pp_replay_halving_ordinary	3126083	0x15ce2d6143706db1f76c4b515b48cea46829196bda652b02afffffffffffffff	0x953b79f8549e3aee8b14adcfc18c295ba7a7f306538f655715de02ffbab6270d	0
TRACE	pp_replay_halving_ordinary	3132138	0x15ce2d6143706db1f76c4b515b48cea46829196bda652b02afffffffffffffff	0x6daa12bacccc5ce85767d8c7cb967bd7528b7001c8e83afbde9d9aa5c9bdeb93	0
TRACE	pp_replay_halving_ordinary	3138193	0x15ce2d6143706db1f76c4b515b48cea46829196bda652b02afffffffffffffff	0x6daa12bacccc5ce85767d8c7cb967bd7528b7001c8e83afbde9d9aa5c9bdeb93	0
TRACE	pp_replay_halving_ordinary	3144248	0x15ce2d6143706db1f76c4b515b48cea46829196bda652b02afffffffffffffff	0x2cf0af8e0471b6f29ec8b721e84dd28a93fe973fc1ca52e7217eb33c68a0e6eb	0
TRACE	pp_replay_halving_ordinary	3150303	0x15ce2d6143706db1f76c4b515b48cea46829196bda652b02afffffffffffffff	0x2cf0af8e0471b6f29ec8b721e84dd28a93fe973fc1ca52e7217eb33c68a0e6eb	0
TRACE	pp_replay_halving_ordinary	3156358	0x15ce2d6143706db1f76c4b515b48cea46829196bda652b02afffffffffffffff	0xa6a6b092344f84f6bd8c23fa6cf9139879a281d062aca378c00713780c97b2b7	0
TRACE	pp_replay_halving_ordinary	3162413	0x15ce2d6143706db1f76c4b515b48cea46829196bda652b02afffffffffffffff	0xa6a6b092344f84f6bd8c23fa6cf9139879a281d062aca378c00713780c97b2b7	0
TRACE	pp_replay_halving_ordinary	3168468	0x15ce2d6143706db1f76c4b515b48cea46829196bda652b02afffffffffffffff	0xf1c0d88a261f35fc6676ed3357a75a0fb63a3b8c598ee5e0c7a5a1ca6f498a66	0
TRACE	pp_replay_halving_ordinary	3174523	0x15ce2d6143706db1f76c4b515b48cea46829196bda652b02afffffffffffffff	0xf1c0d88a261f35fc6676ed3357a75a0fb63a3b8c598ee5e0c7a5a1ca6f498a66	0
TRACE	pp_replay_halving_ordinary	3180578	0x15ce2d6143706db1f76c4b515b48cea46829196bda652b02afffffffffffffff	0xa619e247169baebcc900c44b71281b6a0bf72f572f0ee25661eb2d505ef84e53	0
TRACE	pp_replay_halving_ordinary	3186633	0x15ce2d6143706db1f76c4b515b48cea46829196bda652b02afffffffffffffff	0xa619e247169baebcc900c44b71281b6a0bf72f572f0ee25661eb2d505ef84e53	0
TRACE	pp_replay_halving_ordinary	3192688	0x15ce2d6143706db1f76c4b515b48cea46829196bda652b02afffffffffffffff	0xa5f6aeb44f2eb92e4bddec5fb233dd5e708c5ab8e227720dca6433c67390753a	0
TRACE	pp_replay_halving_ordinary	3198743	0x15ce2d6143706db1f76c4b515b48cea46829196bda652b02afffffffffffffff	0xa5f6aeb44f2eb92e4bddec5fb233dd5e708c5ab8e227720dca6433c67390753a	0
TRACE	pp_replay_halving_ordinary	3204798	0x15ce2d6143706db1f76c4b515b48cea46829196bda652b02afffffffffffffff	0x65ede1cf9d537bcaac953664c276cddb89b1a5914eed95fba482756438b67fe8	0
TRACE	pp_replay_halving_ordinary	3210853	0x15ce2d6143706db1f76c4b515b48cea46829196bda652b02afffffffffffffff	0x65ede1cf9d537bcaac953664c276cddb89b1a5914eed95fba482756438b67fe8	0
TRACE	pp_replay_halving_ordinary	3216908	0x15ce2d6143706db1f76c4b515b48cea46829196bda652b02afffffffffffffff	0x900233392c76cf58e7d22d7ebbef43e0b9b6ad49e4ce770489786f980eb67b6c	0
TRACE	pp_replay_halving_ordinary	3222963	0x15ce2d6143706db1f76c4b515b48cea46829196bda652b02afffffffffffffff	0x900233392c76cf58e7d22d7ebbef43e0b9b6ad49e4ce770489786f980eb67b6c	0
TRACE	pp_replay_halving_ordinary	3229018	0x15ce2d6143706db1f76c4b515b48cea46829196bda652b02afffffffffffffff	0x3d7c0542327292c8e519d8f8df99846f10da14b6ccef03400b7eb93f11db3ed5	0
TRACE	pp_replay_halving_ordinary	3235073	0x15ce2d6143706db1f76c4b515b48cea46829196bda652b02afffffffffffffff	0x3d7c0542327292c8e519d8f8df99846f10da14b6ccef03400b7eb93f11db3ed5	0
TRACE	pp_replay_halving_ordinary	3241128	0x15ce2d6143706db1f76c4b515b48cea46829196bda652b02afffffffffffffff	0xd4a18b7dbe810f2400ae152177156fdc6a372624c5f7dcf11f7e6d957f36cc49	0
TRACE	pp_replay_halving_ordinary	3247183	0x15ce2d6143706db1f76c4b515b48cea46829196bda652b02afffffffffffffff	0xd4a18b7dbe810f2400ae152177156fdc6a372624c5f7dcf11f7e6d957f36cc49	0
TRACE	pp_replay_halving_ordinary	3253238	0x15ce2d6143706db1f76c4b515b48cea46829196bda652b02afffffffffffffff	0x101a274dc24426a8c73c199ae169b2c98b72d76de13e24e4d4bf23e0daf24b6a	0
TRACE	pp_replay_halving_ordinary	3259293	0x15ce2d6143706db1f76c4b515b48cea46829196bda652b02afffffffffffffff	0x101a274dc24426a8c73c199ae169b2c98b72d76de13e24e4d4bf23e0daf24b6a	0
TRACE	pp_replay_halving_ordinary	3265348	0x15ce2d6143706db1f76c4b515b48cea46829196bda652b02afffffffffffffff	0xf92eecb2e0314d7331fa8baf161fc8a97d6a7f64a9cd80757d0f645cd68a4310	0
TRACE	pp_replay_halving_ordinary	3271403	0x15ce2d6143706db1f76c4b515b48cea46829196bda652b02afffffffffffffff	0xf92eecb2e0314d7331fa8baf161fc8a97d6a7f64a9cd80757d0f645cd68a4310	0
TRACE	pp_replay_halving_ordinary	3277458	0x15ce2d6143706db1f76c4b515b48cea46829196bda652b02afffffffffffffff	0x36dca7b2b793f06c33ace25c983d69ccbb3329b0070a971ee89bc24dea2b215a	0
TRACE	pp_replay_halving_ordinary	3283513	0x15ce2d6143706db1f76c4b515b48cea46829196bda652b02afffffffffffffff	0x36dca7b2b793f06c33ace25c983d69ccbb3329b0070a971ee89bc24dea2b215a	0
TRACE	pp_replay_halving_ordinary	3289568	0x15ce2d6143706db1f76c4b515b48cea46829196bda652b02afffffffffffffff	0x6ad9c29951a2a0f45a4306d9aca61d2f2d0bbf6adad49139cf30f8a2b9fdc657	0
TRACE	pp_replay_halving_ordinary	3295623	0x15ce2d6143706db1f76c4b515b48cea46829196bda652b02afffffffffffffff	0x6ad9c29951a2a0f45a4306d9aca61d2f2d0bbf6adad49139cf30f8a2b9fdc657	0
TRACE	pp_replay_halving_ordinary	3301678	0x15ce2d6143706db1f76c4b515b48cea46829196bda652b02afffffffffffffff	0xb300b946597c53ddf65a76e0bae5d3276389da914b0d8179465ab26a0c0b53e4	0
TRACE	pp_replay_halving_ordinary	3307733	0x15ce2d6143706db1f76c4b515b48cea46829196bda652b02afffffffffffffff	0xb300b946597c53ddf65a76e0bae5d3276389da914b0d8179465ab26a0c0b53e4	0
TRACE	pp_replay_halving_ordinary	3313788	0x15ce2d6143706db1f76c4b515b48cea46829196bda652b02afffffffffffffff	0xab8a1a4e6eb496a9623317722102d711bf6474124194fccc80f7c7a69a890c61	0
TRACE	pp_replay_halving_ordinary	3319843	0x15ce2d6143706db1f76c4b515b48cea46829196bda652b02afffffffffffffff	0xab8a1a4e6eb496a9623317722102d711bf6474124194fccc80f7c7a69a890c61	0
TRACE	pp_replay_halving_ordinary	3325898	0x15ce2d6143706db1f76c4b515b48cea46829196bda652b02afffffffffffffff	0xe9ac72907402a75c3d293f967a8a180c565b1a727f36dba14f9f0cf57e28798c	0
TRACE	pp_replay_halving_ordinary	3331953	0x15ce2d6143706db1f76c4b515b48cea46829196bda652b02afffffffffffffff	0xe9ac72907402a75c3d293f967a8a180c565b1a727f36dba14f9f0cf57e28798c	0
TRACE	pp_replay_halving_ordinary	3338008	0x15ce2d6143706db1f76c4b515b48cea46829196bda652b02afffffffffffffff	0xa54da337b8adcf8167d715c226e33bc7856fe3a13032f61b7425b526c62c6087	0
TRACE	pp_replay_halving_ordinary	3344063	0x15ce2d6143706db1f76c4b515b48cea46829196bda652b02afffffffffffffff	0xa54da337b8adcf8167d715c226e33bc7856fe3a13032f61b7425b526c62c6087	0
TRACE	pp_replay_halving_ordinary	3350118	0x15ce2d6143706db1f76c4b515b48cea46829196bda652b02afffffffffffffff	0x5117b3d62ed535f6b5548a7514e9b711343acdb453c0f96176de55f36dff054d	0
TRACE	pp_replay_halving_ordinary	3356173	0x15ce2d6143706db1f76c4b515b48cea46829196bda652b02afffffffffffffff	0x5117b3d62ed535f6b5548a7514e9b711343acdb453c0f96176de55f36dff054d	0
TRACE	pp_replay_halving_ordinary	3362228	0x15ce2d6143706db1f76c4b515b48cea46829196bda652b02afffffffffffffff	0xbc0a37fdcc5f0f9408b3e7a1d06b55e39fed88391ca47a32f78c7e2617f3ac96	0
TRACE	pp_replay_halving_ordinary	3368283	0x15ce2d6143706db1f76c4b515b48cea46829196bda652b02afffffffffffffff	0xbc0a37fdcc5f0f9408b3e7a1d06b55e39fed88391ca47a32f78c7e2617f3ac96	0
TRACE	pp_replay_halving_ordinary	3374338	0x15ce2d6143706db1f76c4b515b48cea46829196bda652b02afffffffffffffff	0x3487af4fecd1162af821c85b955433d350a157b5c195ce51b9ab506a17cad6d	0
TRACE	pp_replay_halving_ordinary	3380393	0x15ce2d6143706db1f76c4b515b48cea46829196bda652b02afffffffffffffff	0x3487af4fecd1162af821c85b955433d350a157b5c195ce51b9ab506a17cad6d	0
TRACE	pp_replay_halving_ordinary	3386448	0x15ce2d6143706db1f76c4b515b48cea46829196bda652b02afffffffffffffff	0x6e306f4233647f8c564c72c705c584a99ab8dcaf7022c75376fc72479d9dbed6	0
TRACE	pp_replay_halving_ordinary	3392503	0x15ce2d6143706db1f76c4b515b48cea46829196bda652b02afffffffffffffff	0x6e306f4233647f8c564c72c705c584a99ab8dcaf7022c75376fc72479d9dbed6	0
TRACE	pp_replay_halving_ordinary	3398558	0x15ce2d6143706db1f76c4b515b48cea46829196bda652b02afffffffffffffff	0x91d234b466d81b5094d8cef3d5fed2afe6c82024bd13be455256a873cdd722d1	0
TRACE	pp_replay_halving_ordinary	3404613	0x15ce2d6143706db1f76c4b515b48cea46829196bda652b02afffffffffffffff	0x91d234b466d81b5094d8cef3d5fed2afe6c82024bd13be455256a873cdd722d1	0
TRACE	pp_replay_halving_ordinary	3410668	0x15ce2d6143706db1f76c4b515b48cea46829196bda652b02afffffffffffffff	0x5abaa610f3b50241a47be5ff0a0d263179cbf102104ffc01c92d35ff19e57cc4	0
TRACE	pp_replay_halving_ordinary	3416723	0x15ce2d6143706db1f76c4b515b48cea46829196bda652b02afffffffffffffff	0x5abaa610f3b50241a47be5ff0a0d263179cbf102104ffc01c92d35ff19e57cc4	0
TRACE	pp_replay_halving_ordinary	3422778	0x15ce2d6143706db1f76c4b515b48cea46829196bda652b02afffffffffffffff	0xdf976f5f9d11badd1626b8c2520a27f921a6ecb85cf70d70024c3e619ff65202	0
TRACE	pp_replay_halving_ordinary	3428833	0x15ce2d6143706db1f76c4b515b48cea46829196bda652b02afffffffffffffff	0xdf976f5f9d11badd1626b8c2520a27f921a6ecb85cf70d70024c3e619ff65202	0
TRACE	pp_replay_halving_ordinary	3434888	0x15ce2d6143706db1f76c4b515b48cea46829196bda652b02afffffffffffffff	0x80cea1b34768e903f2916d732409686b0b9daba5f020d1cb9094007ac17a893a	0
TRACE	pp_replay_halving_ordinary	3440943	0x15ce2d6143706db1f76c4b515b48cea46829196bda652b02afffffffffffffff	0x80cea1b34768e903f2916d732409686b0b9daba5f020d1cb9094007ac17a893a	0
TRACE	pp_replay_halving_ordinary	3446998	0x15ce2d6143706db1f76c4b515b48cea46829196bda652b02afffffffffffffff	0x58198444b91ea8f8422e098d5d84e4190b5126179345f7cee4b80fb7185c36cf	0
TRACE	pp_replay_halving_ordinary	3453053	0x15ce2d6143706db1f76c4b515b48cea46829196bda652b02afffffffffffffff	0x58198444b91ea8f8422e098d5d84e4190b5126179345f7cee4b80fb7185c36cf	0
TRACE	pp_replay_halving_ordinary	3459108	0x15ce2d6143706db1f76c4b515b48cea46829196bda652b02afffffffffffffff	0xca2d475ba3929002ec18d8f971a12114801321639736b67f2af6fc302a4791be	0
TRACE	pp_replay_halving_ordinary	3465163	0x15ce2d6143706db1f76c4b515b48cea46829196bda652b02afffffffffffffff	0xca2d475ba3929002ec18d8f971a12114801321639736b67f2af6fc302a4791be	0
TRACE	pp_replay_halving_ordinary	3471218	0x15ce2d6143706db1f76c4b515b48cea46829196bda652b02afffffffffffffff	0xa6b238215e2f89c596938cd476a830535d43a0369832e62b3c86b74eaec2696e	0
TRACE	pp_replay_halving_ordinary	3477273	0x15ce2d6143706db1f76c4b515b48cea46829196bda652b02afffffffffffffff	0xa6b238215e2f89c596938cd476a830535d43a0369832e62b3c86b74eaec2696e	0
TRACE	pp_replay_halving_ordinary	3483328	0x15ce2d6143706db1f76c4b515b48cea46829196bda652b02afffffffffffffff	0x4a7a58421dbf035375e87360fc95dbf965edefd00c587f00a2a74a6ef87feaa3	0
TRACE	pp_replay_halving_ordinary	3489383	0x15ce2d6143706db1f76c4b515b48cea46829196bda652b02afffffffffffffff	0x4a7a58421dbf035375e87360fc95dbf965edefd00c587f00a2a74a6ef87feaa3	0
TRACE	pp_replay_halving_ordinary	3495438	0x15ce2d6143706db1f76c4b515b48cea46829196bda652b02afffffffffffffff	0xd70df7f7d01c219c882ac65cde8495167dd56c19a2f699caa677db372d909cd6	0
TRACE	pp_replay_halving_ordinary	3501493	0x15ce2d6143706db1f76c4b515b48cea46829196bda652b02afffffffffffffff	0xd70df7f7d01c219c882ac65cde8495167dd56c19a2f699caa677db372d909cd6	0
TRACE	pp_replay_halving_ordinary	3507548	0x15ce2d6143706db1f76c4b515b48cea46829196bda652b02afffffffffffffff	0x1cdb18129368b86dbb6f6b41078451b8ba0620ed9a58794d7f0bdbcdb2bbd27f	0
TRACE	pp_replay_halving_ordinary	3513603	0x15ce2d6143706db1f76c4b515b48cea46829196bda652b02afffffffffffffff	0x1cdb18129368b86dbb6f6b41078451b8ba0620ed9a58794d7f0bdbcdb2bbd27f	0
TRACE	pp_replay_halving_ordinary	3519658	0x15ce2d6143706db1f76c4b515b48cea46829196bda652b02afffffffffffffff	0xee8cb7f94f2cda4bb32ed6c6f5c010d770f3d2cb0227881f49daffd99eb52fb9	0
TRACE	pp_replay_halving_ordinary	3525713	0x15ce2d6143706db1f76c4b515b48cea46829196bda652b02afffffffffffffff	0xee8cb7f94f2cda4bb32ed6c6f5c010d770f3d2cb0227881f49daffd99eb52fb9	0
TRACE	pp_replay_halving_ordinary	3531768	0x15ce2d6143706db1f76c4b515b48cea46829196bda652b02afffffffffffffff	0xa2f91ff2fe1de2c3311eb1a8714f009f1eaf3f425c1b4bd3bc8ec8dd19b388f0	0
TRACE	pp_replay_halving_ordinary	3537823	0x15ce2d6143706db1f76c4b515b48cea46829196bda652b02afffffffffffffff	0xa2f91ff2fe1de2c3311eb1a8714f009f1eaf3f425c1b4bd3bc8ec8dd19b388f0	0
TRACE	pp_replay_halving_ordinary	3543878	0x15ce2d6143706db1f76c4b515b48cea46829196bda652b02afffffffffffffff	0xfe97a9f7eacb337f780b4f8c978b3c417ac67abf048a96d6faf456aeab9957e9	0
TRACE	pp_replay_halving_ordinary	3549933	0x15ce2d6143706db1f76c4b515b48cea46829196bda652b02afffffffffffffff	0xfe97a9f7eacb337f780b4f8c978b3c417ac67abf048a96d6faf456aeab9957e9	0
TRACE	pp_replay_halving_ordinary	3555988	0x15ce2d6143706db1f76c4b515b48cea46829196bda652b02afffffffffffffff	0xa9185d7ec4d4abd0ee44d886f670f11768fa3120d5e42d3f30669c8adb868965	0
TRACE	pp_replay_halving_ordinary	3562043	0x15ce2d6143706db1f76c4b515b48cea46829196bda652b02afffffffffffffff	0xa9185d7ec4d4abd0ee44d886f670f11768fa3120d5e42d3f30669c8adb868965	0
TRACE	pp_replay_halving_ordinary	3568098	0x15ce2d6143706db1f76c4b515b48cea46829196bda652b02afffffffffffffff	0x155fd31e497da1eba2719dc1684692ca847312678ba99a65f2a36e88f404b3a1	0
TRACE	pp_replay_halving_ordinary	3574153	0x15ce2d6143706db1f76c4b515b48cea46829196bda652b02afffffffffffffff	0x155fd31e497da1eba2719dc1684692ca847312678ba99a65f2a36e88f404b3a1	0
TRACE	pp_replay_halving_ordinary	3580208	0x15ce2d6143706db1f76c4b515b48cea46829196bda652b02afffffffffffffff	0xf071b0862aa7df724f7ccf1004bbfb374b514ab9391af5afa332a3077a243a5f	0
TRACE	pp_replay_halving_ordinary	3586263	0x15ce2d6143706db1f76c4b515b48cea46829196bda652b02afffffffffffffff	0xf071b0862aa7df724f7ccf1004bbfb374b514ab9391af5afa332a3077a243a5f	0
TRACE	pp_replay_halving_ordinary	3592318	0x15ce2d6143706db1f76c4b515b48cea46829196bda652b02afffffffffffffff	0xaefd4f9d0d9e7f1ad30133dba97b57b6d760337107e9d1aa3dbd1ea35e99fedf	0
TRACE	pp_replay_halving_ordinary	3598373	0x15ce2d6143706db1f76c4b515b48cea46829196bda652b02afffffffffffffff	0xaefd4f9d0d9e7f1ad30133dba97b57b6d760337107e9d1aa3dbd1ea35e99fedf	0
TRACE	pp_replay_halving_ordinary	3604428	0x15ce2d6143706db1f76c4b515b48cea46829196bda652b02afffffffffffffff	0xc7218f943f8ce7778a61b320bded82fb4eb3d3e677a89fd3c5812e38286a6ea7	0
TRACE	pp_replay_halving_ordinary	3610483	0x15ce2d6143706db1f76c4b515b48cea46829196bda652b02afffffffffffffff	0xc7218f943f8ce7778a61b320bded82fb4eb3d3e677a89fd3c5812e38286a6ea7	0
TRACE	pp_replay_halving_ordinary	3616538	0x15ce2d6143706db1f76c4b515b48cea46829196bda652b02afffffffffffffff	0xf9f6f002338465e8d227e02ebae3752ee22b17e2a4104c759e0efc19cd8be03d	0
TRACE	pp_replay_halving_ordinary	3622593	0x15ce2d6143706db1f76c4b515b48cea46829196bda652b02afffffffffffffff	0xf9f6f002338465e8d227e02ebae3752ee22b17e2a4104c759e0efc19cd8be03d	0
TRACE	pp_replay_halving_ordinary	3628648	0x15ce2d6143706db1f76c4b515b48cea46829196bda652b02afffffffffffffff	0x70461fe59cc45358172264d3de343e0a8c37baf246ee3b1258e40a947d7d93b9	0
TRACE	pp_replay_halving_ordinary	3634703	0x15ce2d6143706db1f76c4b515b48cea46829196bda652b02afffffffffffffff	0x70461fe59cc45358172264d3de343e0a8c37baf246ee3b1258e40a947d7d93b9	0
TRACE	pp_replay_halving_ordinary	3640758	0x15ce2d6143706db1f76c4b515b48cea46829196bda652b02afffffffffffffff	0xda8f43f9f4122e503a529140a645ecce5b98b4b53abfa1e1fdbcc1ab12c25b15	0
TRACE	pp_replay_halving_ordinary	3646813	0x15ce2d6143706db1f76c4b515b48cea46829196bda652b02afffffffffffffff	0xda8f43f9f4122e503a529140a645ecce5b98b4b53abfa1e1fdbcc1ab12c25b15	0
TRACE	pp_replay_halving_ordinary	3652868	0x15ce2d6143706db1f76c4b515b48cea46829196bda652b02afffffffffffffff	0xe56db6faea2c8941f733f4e4cdfb944f0c27c18f430ba64c16c9d2395aaeca58	0
TRACE	pp_replay_halving_ordinary	3658923	0x15ce2d6143706db1f76c4b515b48cea46829196bda652b02afffffffffffffff	0xe56db6faea2c8941f733f4e4cdfb944f0c27c18f430ba64c16c9d2395aaeca58	0
TRACE	pp_replay_halving_ordinary	3664978	0x15ce2d6143706db1f76c4b515b48cea46829196bda652b02afffffffffffffff	0x356e783db29cdb5d6ad2535b70eb3407b237a3fe2398d44091a82d407f5281f1	0
TRACE	pp_replay_halving_ordinary	3671033	0x15ce2d6143706db1f76c4b515b48cea46829196bda652b02afffffffffffffff	0x356e783db29cdb5d6ad2535b70eb3407b237a3fe2398d44091a82d407f5281f1	0
TRACE	pp_replay_halving_ordinary	3677088	0x15ce2d6143706db1f76c4b515b48cea46829196bda652b02afffffffffffffff	0x86b70bce27325927d88192100fb9b215af97d96359a91ea32a1c7fde3680521e	0
TRACE	pp_replay_halving_ordinary	3683143	0x15ce2d6143706db1f76c4b515b48cea46829196bda652b02afffffffffffffff	0x86b70bce27325927d88192100fb9b215af97d96359a91ea32a1c7fde3680521e	0
TRACE	pp_replay_halving_ordinary	3689198	0x15ce2d6143706db1f76c4b515b48cea46829196bda652b02afffffffffffffff	0x97adaacb30be8c0687ac98b52f90788e5723fa0afa58a1ea3b2b5496490b9c26	0
TRACE	pp_replay_halving_ordinary	3695253	0x15ce2d6143706db1f76c4b515b48cea46829196bda652b02afffffffffffffff	0x97adaacb30be8c0687ac98b52f90788e5723fa0afa58a1ea3b2b5496490b9c26	0
TRACE	pp_replay_halving_ordinary	3701308	0x15ce2d6143706db1f76c4b515b48cea46829196bda652b02afffffffffffffff	0x50147d24dac252baefa10e03dfbdede55575052f655831c6e1d95f792928a095	0
TRACE	pp_replay_halving_ordinary	3707363	0x15ce2d6143706db1f76c4b515b48cea46829196bda652b02afffffffffffffff	0x50147d24dac252baefa10e03dfbdede55575052f655831c6e1d95f792928a095	0
TRACE	pp_replay_halving_ordinary	3713418	0x15ce2d6143706db1f76c4b515b48cea46829196bda652b02afffffffffffffff	0x51e64b69957f0e52e602e2ac53f4a2aa406bbd36e5401c08d6547d4707f8bdf0	0
TRACE	pp_replay_halving_ordinary	3719473	0x15ce2d6143706db1f76c4b515b48cea46829196bda652b02afffffffffffffff	0x51e64b69957f0e52e602e2ac53f4a2aa406bbd36e5401c08d6547d4707f8bdf0	0
TRACE	pp_replay_halving_ordinary	3725528	0x15ce2d6143706db1f76c4b515b48cea46829196bda652b02afffffffffffffff	0xe9679945f96eb60f7099e6804707fe865af38c9d529a0894e84906163bb06372	0
TRACE	pp_replay_halving_ordinary	3731583	0x15ce2d6143706db1f76c4b515b48cea46829196bda652b02afffffffffffffff	0xe9679945f96eb60f7099e6804707fe865af38c9d529a0894e84906163bb06372	0
TRACE	pp_replay_halving_ordinary	3737638	0x15ce2d6143706db1f76c4b515b48cea46829196bda652b02afffffffffffffff	0x8f47ecbd126a9ffe933fa77543ccd57d61958076edf083b7ecc6284a889e4ebb	0
TRACE	pp_replay_halving_ordinary	3743693	0x15ce2d6143706db1f76c4b515b48cea46829196bda652b02afffffffffffffff	0x8f47ecbd126a9ffe933fa77543ccd57d61958076edf083b7ecc6284a889e4ebb	0
TRACE	pp_replay_halving_ordinary	3749748	0x15ce2d6143706db1f76c4b515b48cea46829196bda652b02afffffffffffffff	0x9e2be180c2f6558380f6637d62b53500ef2243451022a3133543cb97f113ab97	0
TRACE	pp_replay_halving_ordinary	3755803	0x15ce2d6143706db1f76c4b515b48cea46829196bda652b02afffffffffffffff	0x9e2be180c2f6558380f6637d62b53500ef2243451022a3133543cb97f113ab97	0
TRACE	pp_replay_halving_ordinary	3761858	0x15ce2d6143706db1f76c4b515b48cea46829196bda652b02afffffffffffffff	0xa1e4deb1af1942e4bc64127f6a6f4ce1d28573f898af2aea0763346b4b3102ce	0
TRACE	pp_replay_halving_ordinary	3767913	0x15ce2d6143706db1f76c4b515b48cea46829196bda652b02afffffffffffffff	0xa1e4deb1af1942e4bc64127f6a6f4ce1d28573f898af2aea0763346b4b3102ce	0
TRACE	pp_replay_halving_ordinary	3773968	0x15ce2d6143706db1f76c4b515b48cea46829196bda652b02afffffffffffffff	0x9004300c9c83e61a0f569d7f33492078b069edcf6a34737f4f29c0008f112aa5	0
TRACE	pp_replay_halving_ordinary	3780023	0x15ce2d6143706db1f76c4b515b48cea46829196bda652b02afffffffffffffff	0x9004300c9c83e61a0f569d7f33492078b069edcf6a34737f4f29c0008f112aa5	0
TRACE	pp_replay_halving_ordinary	3786078	0x15ce2d6143706db1f76c4b515b48cea46829196bda652b02afffffffffffffff	0x8389ec5d099c9bda5c67f17f8bdb05220fae155d697b8be4f98682e558809e54	0
TRACE	pp_replay_halving_ordinary	3792133	0x15ce2d6143706db1f76c4b515b48cea46829196bda652b02afffffffffffffff	0x8389ec5d099c9bda5c67f17f8bdb05220fae155d697b8be4f98682e558809e54	0
TRACE	pp_replay_halving_ordinary	3798188	0x15ce2d6143706db1f76c4b515b48cea46829196bda652b02afffffffffffffff	0x84e3871a6988207d1aefa3bfafc90966b00600cb34ebffd9122c10b939e4714a	0
TRACE	pp_replay_halving_ordinary	3804243	0x15ce2d6143706db1f76c4b515b48cea46829196bda652b02afffffffffffffff	0x84e3871a6988207d1aefa3bfafc90966b00600cb34ebffd9122c10b939e4714a	0
TRACE	pp_replay_halving_ordinary	3810298	0x15ce2d6143706db1f76c4b515b48cea46829196bda652b02afffffffffffffff	0xc2c82a3c8cbef1673d19be6fe0e005c48018fb410d521ce98f3f6bd1154b2b7a	0
TRACE	pp_replay_halving_ordinary	3816353	0x15ce2d6143706db1f76c4b515b48cea46829196bda652b02afffffffffffffff	0xc2c82a3c8cbef1673d19be6fe0e005c48018fb410d521ce98f3f6bd1154b2b7a	0
TRACE	pp_replay_halving_ordinary	3822408	0x15ce2d6143706db1f76c4b515b48cea46829196bda652b02afffffffffffffff	0x51eaec55bd91c4791602588be42a43cacc07bf03108f8730a85adf2293cbe731	0
TRACE	pp_replay_halving_ordinary	3828463	0x15ce2d6143706db1f76c4b515b48cea46829196bda652b02afffffffffffffff	0x51eaec55bd91c4791602588be42a43cacc07bf03108f8730a85adf2293cbe731	0
TRACE	pp_replay_halving_ordinary	3834518	0x15ce2d6143706db1f76c4b515b48cea46829196bda652b02afffffffffffffff	0x4cbe26b12afd9701013b52ccf2e7b166f8ff907209171e2a1a744c6569862192	0
TRACE	pp_replay_halving_ordinary	3840573	0x15ce2d6143706db1f76c4b515b48cea46829196bda652b02afffffffffffffff	0x4cbe26b12afd9701013b52ccf2e7b166f8ff907209171e2a1a744c6569862192	0
TRACE	pp_replay_halving_ordinary	3846628	0x15ce2d6143706db1f76c4b515b48cea46829196bda652b02afffffffffffffff	0xc14b316924a50b5e0531c16fbc50a498f4c20ba441de1a41a379a4ae8a916e8b	0
TRACE	pp_replay_halving_ordinary	3852683	0x15ce2d6143706db1f76c4b515b48cea46829196bda652b02afffffffffffffff	0xc14b316924a50b5e0531c16fbc50a498f4c20ba441de1a41a379a4ae8a916e8b	0
TRACE	pp_replay_halving_ordinary	3858738	0x15ce2d6143706db1f76c4b515b48cea46829196bda652b02afffffffffffffff	0xa2dcbd52019622e8bf0264574da5c333810f613371ce40fa1dbea9ecf7bd29e5	0
TRACE	pp_replay_halving_ordinary	3864793	0x15ce2d6143706db1f76c4b515b48cea46829196bda652b02afffffffffffffff	0xa2dcbd52019622e8bf0264574da5c333810f613371ce40fa1dbea9ecf7bd29e5	0
TRACE	pp_replay_halving_ordinary	3870848	0x15ce2d6143706db1f76c4b515b48cea46829196bda652b02afffffffffffffff	0x1b41204c38d268cb6d768d1131fb0ada2422b6973dca4aa83c4feb3d13081aa4	0
TRACE	pp_replay_halving_ordinary	3876903	0x15ce2d6143706db1f76c4b515b48cea46829196bda652b02afffffffffffffff	0x1b41204c38d268cb6d768d1131fb0ada2422b6973dca4aa83c4feb3d13081aa4	0
TRACE	pp_replay_halving_ordinary	3882958	0x15ce2d6143706db1f76c4b515b48cea46829196bda652b02afffffffffffffff	0xabb9a8e4aa3845de625850b71212d756bad630a491e427bfa5cc45f1d056c6a5	0
TRACE	pp_replay_halving_ordinary	3889013	0x15ce2d6143706db1f76c4b515b48cea46829196bda652b02afffffffffffffff	0xabb9a8e4aa3845de625850b71212d756bad630a491e427bfa5cc45f1d056c6a5	0
TRACE	pp_replay_halving_ordinary	3895068	0x15ce2d6143706db1f76c4b515b48cea46829196bda652b02afffffffffffffff	0x39faf69871759a33ee649945010f5eca8317f6d59df88b25ad4539a6577f0f47	0
TRACE	pp_replay_halving_ordinary	3901123	0x15ce2d6143706db1f76c4b515b48cea46829196bda652b02afffffffffffffff	0x39faf69871759a33ee649945010f5eca8317f6d59df88b25ad4539a6577f0f47	0
TRACE	pp_replay_halving_ordinary	3907178	0x15ce2d6143706db1f76c4b515b48cea46829196bda652b02afffffffffffffff	0x396d27df46eb7804942f3a7f04c88d884f7b89de8bf72cb954c45fe609f5757b	0
TRACE	pp_replay_halving_ordinary	3913233	0x15ce2d6143706db1f76c4b515b48cea46829196bda652b02afffffffffffffff	0x396d27df46eb7804942f3a7f04c88d884f7b89de8bf72cb954c45fe609f5757b	0
TRACE	pp_replay_halving_ordinary	3919288	0x15ce2d6143706db1f76c4b515b48cea46829196bda652b02afffffffffffffff	0x2373ae4aa2888bd68d57b17f11b4508ce71b3dc480579b1620367013626673	0
TRACE	pp_replay_halving_ordinary	3925343	0x15ce2d6143706db1f76c4b515b48cea46829196bda652b02afffffffffffffff	0x2373ae4aa2888bd68d57b17f11b4508ce71b3dc480579b1620367013626673	0
TRACE	pp_replay_halving_ordinary	3931398	0x15ce2d6143706db1f76c4b515b48cea46829196bda652b02afffffffffffffff	0xf1d106a20b904cada724defe1da3fe029c41ff9592a2a25386772c1195bd9ee0	0
TRACE	pp_replay_halving_ordinary	3937453	0x15ce2d6143706db1f76c4b515b48cea46829196bda652b02afffffffffffffff	0xf1d106a20b904cada724defe1da3fe029c41ff9592a2a25386772c1195bd9ee0	0
TRACE	pp_replay_halving_ordinary	3943508	0x15ce2d6143706db1f76c4b515b48cea46829196bda652b02afffffffffffffff	0x83949b430fc48ef78bda1e2cd85b6d937c2946ea0c776d51e3ea4296df692f08	0
TRACE	pp_replay_halving_ordinary	3949563	0x15ce2d6143706db1f76c4b515b48cea46829196bda652b02afffffffffffffff	0x83949b430fc48ef78bda1e2cd85b6d937c2946ea0c776d51e3ea4296df692f08	0
TRACE	pp_replay_halving_ordinary	3955618	0x15ce2d6143706db1f76c4b515b48cea46829196bda652b02afffffffffffffff	0x1b8f1ad7bef2ef6d86d2b0345152241bc8062e2ae18acd4068a33a5ead951bf6	0
TRACE	pp_replay_halving_ordinary	3961673	0x15ce2d6143706db1f76c4b515b48cea46829196bda652b02afffffffffffffff	0x1b8f1ad7bef2ef6d86d2b0345152241bc8062e2ae18acd4068a33a5ead951bf6	0
TRACE	pp_replay_halving_ordinary	3967728	0x15ce2d6143706db1f76c4b515b48cea46829196bda652b02afffffffffffffff	0x9a01601ad43467e28141db7e21c2525ded08c62fcabb28045ed1c20d8c7502dc	0
TRACE	pp_replay_halving_ordinary	3973783	0x15ce2d6143706db1f76c4b515b48cea46829196bda652b02afffffffffffffff	0x9a01601ad43467e28141db7e21c2525ded08c62fcabb28045ed1c20d8c7502dc	0
TRACE	pp_replay_halving_ordinary	3979838	0x15ce2d6143706db1f76c4b515b48cea46829196bda652b02afffffffffffffff	0x60636eaf3aafa1e2c164352d8be3f46f76bf59fec5b3e94f02745e13c848045e	0
TRACE	pp_replay_halving_ordinary	3985893	0x15ce2d6143706db1f76c4b515b48cea46829196bda652b02afffffffffffffff	0x60636eaf3aafa1e2c164352d8be3f46f76bf59fec5b3e94f02745e13c848045e	0
TRACE	pp_replay_halving_ordinary	3991948	0x15ce2d6143706db1f76c4b515b48cea46829196bda652b02afffffffffffffff	0xbe9933b283b9027150a9842aeb6991b358f2080ba41bc454d8518807d52f3fe6	0
TRACE	pp_replay_halving_ordinary	3998003	0x15ce2d6143706db1f76c4b515b48cea46829196bda652b02afffffffffffffff	0xbe9933b283b9027150a9842aeb6991b358f2080ba41bc454d8518807d52f3fe6	0
TRACE	pp_replay_halving_ordinary	4004058	0x15ce2d6143706db1f76c4b515b48cea46829196bda652b02afffffffffffffff	0x47bf28986f9a291504836e561dd36188b3ec58829a73eb68f6b17986e75dd111	0
TRACE	pp_replay_halving_ordinary	4010113	0x15ce2d6143706db1f76c4b515b48cea46829196bda652b02afffffffffffffff	0x47bf28986f9a291504836e561dd36188b3ec58829a73eb68f6b17986e75dd111	0
TRACE	pp_replay_halving_ordinary	4016168	0x15ce2d6143706db1f76c4b515b48cea46829196bda652b02afffffffffffffff	0xea08a5d1ea9272bdf179e8e0ea6dd57e0aaaeca05809f52dfe4975e5ebe9727f	0
TRACE	pp_replay_halving_ordinary	4022223	0x15ce2d6143706db1f76c4b515b48cea46829196bda652b02afffffffffffffff	0xea08a5d1ea9272bdf179e8e0ea6dd57e0aaaeca05809f52dfe4975e5ebe9727f	0
TRACE	pp_replay_halving_ordinary	4028278	0x15ce2d6143706db1f76c4b515b48cea46829196bda652b02afffffffffffffff	0x4c71f39a968b26f4bd7f55cdc2104dc1afa5d148bc9f7825bd3ebbdb34d1d0e4	0
TRACE	pp_replay_halving_ordinary	4034333	0x15ce2d6143706db1f76c4b515b48cea46829196bda652b02afffffffffffffff	0x4c71f39a968b26f4bd7f55cdc2104dc1afa5d148bc9f7825bd3ebbdb34d1d0e4	0
TRACE	pp_replay_halving_ordinary	4040388	0x15ce2d6143706db1f76c4b515b48cea46829196bda652b02afffffffffffffff	0xd9ea65b2047666cabbe4fabab1f88cfee942f7a452a5b54eee20c70882ed1cd	0
TRACE	pp_replay_halving_ordinary	4046443	0x15ce2d6143706db1f76c4b515b48cea46829196bda652b02afffffffffffffff	0xd9ea65b2047666cabbe4fabab1f88cfee942f7a452a5b54eee20c70882ed1cd	0
TRACE	pp_replay_halving_ordinary	4052498	0x15ce2d6143706db1f76c4b515b48cea46829196bda652b02afffffffffffffff	0x5684267d6db4a3585a4f695e5b4bf5a4678e8030c07274deab083212af4027b8	0
TRACE	pp_replay_halving_ordinary	4058553	0x15ce2d6143706db1f76c4b515b48cea46829196bda652b02afffffffffffffff	0x5684267d6db4a3585a4f695e5b4bf5a4678e8030c07274deab083212af4027b8	0
TRACE	pp_replay_halving_ordinary	4064608	0x15ce2d6143706db1f76c4b515b48cea46829196bda652b02afffffffffffffff	0x28bd8686010ff29345f3afcb075710d985cd145e5f447b411a11bb7b79047e27	0
TRACE	pp_replay_halving_ordinary	4070663	0x15ce2d6143706db1f76c4b515b48cea46829196bda652b02afffffffffffffff	0x28bd8686010ff29345f3afcb075710d985cd145e5f447b411a11bb7b79047e27	0
TRACE	pp_replay_halving_ordinary	4076718	0x15ce2d6143706db1f76c4b515b48cea46829196bda652b02afffffffffffffff	0x48ed1b45255ecd185de2e980aeae4f3a0a762f3a9756bf3928cb4017aef353bb	0
TRACE	pp_replay_halving_ordinary	4082773	0x15ce2d6143706db1f76c4b515b48cea46829196bda652b02afffffffffffffff	0x48ed1b45255ecd185de2e980aeae4f3a0a762f3a9756bf3928cb4017aef353bb	0
TRACE	pp_replay_halving_ordinary	4088828	0x15ce2d6143706db1f76c4b515b48cea46829196bda652b02afffffffffffffff	0x50f90074ee7283b9a3deb7ee18841ed22ba075f1a55b50372c79a13ebc6f0920	0
TRACE	pp_replay_halving_ordinary	4094883	0x15ce2d6143706db1f76c4b515b48cea46829196bda652b02afffffffffffffff	0x50f90074ee7283b9a3deb7ee18841ed22ba075f1a55b50372c79a13ebc6f0920	0
TRACE	pp_replay_halving_ordinary	4100938	0x15ce2d6143706db1f76c4b515b48cea46829196bda652b02afffffffffffffff	0x6a7f7986697e2f85236e4f9266b7834f1e1acca6962ecc5b172868e8e19670f5	0
TRACE	pp_replay_halving_ordinary	4106993	0x15ce2d6143706db1f76c4b515b48cea46829196bda652b02afffffffffffffff	0x6a7f7986697e2f85236e4f9266b7834f1e1acca6962ecc5b172868e8e19670f5	0
TRACE	pp_replay_halving_ordinary	4113048	0x15ce2d6143706db1f76c4b515b48cea46829196bda652b02afffffffffffffff	0xb0e117cac8411a780352357b7a445c6e5ab96253d263ab6411d41ad32ae049f6	0
TRACE	pp_replay_halving_ordinary	4119103	0x15ce2d6143706db1f76c4b515b48cea46829196bda652b02afffffffffffffff	0xb0e117cac8411a780352357b7a445c6e5ab96253d263ab6411d41ad32ae049f6	0
TRACE	pp_replay_halving_ordinary	4125158	0x15ce2d6143706db1f76c4b515b48cea46829196bda652b02afffffffffffffff	0xaa08f3767bd147f8b9a214380205647efc845695383f0d744794f9e3e7c29a47	0
TRACE	pp_replay_halving_ordinary	4131213	0x15ce2d6143706db1f76c4b515b48cea46829196bda652b02afffffffffffffff	0xaa08f3767bd147f8b9a214380205647efc845695383f0d744794f9e3e7c29a47	0
TRACE	pp_replay_halving_ordinary	4137268	0x15ce2d6143706db1f76c4b515b48cea46829196bda652b02afffffffffffffff	0xe852ea6168b55358e7360be723f5a68324f713a591b5e5f8550531a7d6fb2d67	0
TRACE	pp_replay_halving_ordinary	4143323	0x15ce2d6143706db1f76c4b515b48cea46829196bda652b02afffffffffffffff	0xe852ea6168b55358e7360be723f5a68324f713a591b5e5f8550531a7d6fb2d67	0
TRACE	pp_replay_halving_ordinary	4149378	0x15ce2d6143706db1f76c4b515b48cea46829196bda652b02afffffffffffffff	0xf7e5681c23ee5630f29b09d2ec71b7042f13c2e9a8139c1958613f98d2c9522f	0
TRACE	pp_replay_halving_ordinary	4155433	0x15ce2d6143706db1f76c4b515b48cea46829196bda652b02afffffffffffffff	0xf7e5681c23ee5630f29b09d2ec71b7042f13c2e9a8139c1958613f98d2c9522f	0
TRACE	pp_replay_halving_ordinary	4161488	0x15ce2d6143706db1f76c4b515b48cea46829196bda652b02afffffffffffffff	0xfbca078ad2bc96e6f574494dde90bb24719aeebaadab09a19938431511bcdb61	0
TRACE	pp_replay_halving_ordinary	4167543	0x15ce2d6143706db1f76c4b515b48cea46829196bda652b02afffffffffffffff	0xfbca078ad2bc96e6f574494dde90bb24719aeebaadab09a19938431511bcdb61	0
TRACE	pp_replay_halving_ordinary	4173598	0x15ce2d6143706db1f76c4b515b48cea46829196bda652b02afffffffffffffff	0x7cc32f667e702714762a992c9b187c2c823cb9aeef10e503a96e03f4a179bf96	0
TRACE	pp_replay_halving_ordinary	4179653	0x15ce2d6143706db1f76c4b515b48cea46829196bda652b02afffffffffffffff	0x7cc32f667e702714762a992c9b187c2c823cb9aeef10e503a96e03f4a179bf96	0
TRACE	pp_replay_halving_ordinary	4185708	0x15ce2d6143706db1f76c4b515b48cea46829196bda652b02afffffffffffffff	0x1e234dbc544b2f7edae7b89e9e6a4dd43cf5ea1a672efba950a991c2accda7b2	0
TRACE	pp_replay_halving_ordinary	4191763	0x15ce2d6143706db1f76c4b515b48cea46829196bda652b02afffffffffffffff	0x1e234dbc544b2f7edae7b89e9e6a4dd43cf5ea1a672efba950a991c2accda7b2	0
TRACE	pp_replay_halving_ordinary	4197818	0x15ce2d6143706db1f76c4b515b48cea46829196bda652b02afffffffffffffff	0x17a7f86a8a893de566d0b8237f2b8b961151b3e521f87a5696311c8c7d2b05f9	0
TRACE	pp_replay_halving_ordinary	4203873	0x15ce2d6143706db1f76c4b515b48cea46829196bda652b02afffffffffffffff	0x17a7f86a8a893de566d0b8237f2b8b961151b3e521f87a5696311c8c7d2b05f9	0
TRACE	pp_replay_halving_ordinary	4209928	0x15ce2d6143706db1f76c4b515b48cea46829196bda652b02afffffffffffffff	0xd60923161818c17f09caf804b75bdb068668a657d0aada01e792ff3e31425aae	0
TRACE	pp_replay_halving_ordinary	4215983	0x15ce2d6143706db1f76c4b515b48cea46829196bda652b02afffffffffffffff	0xd60923161818c17f09caf804b75bdb068668a657d0aada01e792ff3e31425aae	0
TRACE	pp_replay_halving_ordinary	4222038	0x15ce2d6143706db1f76c4b515b48cea46829196bda652b02afffffffffffffff	0xfb6c46e028a87fd91c26ec0a0da1d9a725ee968f3ca8d5161f7106f1eb9b554d	0
TRACE	pp_replay_halving_ordinary	4228093	0x15ce2d6143706db1f76c4b515b48cea46829196bda652b02afffffffffffffff	0xfb6c46e028a87fd91c26ec0a0da1d9a725ee968f3ca8d5161f7106f1eb9b554d	0
TRACE	pp_replay_halving_ordinary	4234148	0x15ce2d6143706db1f76c4b515b48cea46829196bda652b02afffffffffffffff	0xc70eec6298782f8312aa73065c626c7bbad8c7557953e9501db00565a463e85a	0
TRACE	pp_replay_halving_ordinary	4240203	0x15ce2d6143706db1f76c4b515b48cea46829196bda652b02afffffffffffffff	0xc70eec6298782f8312aa73065c626c7bbad8c7557953e9501db00565a463e85a	0
TRACE	pp_replay_halving_ordinary	4246258	0x15ce2d6143706db1f76c4b515b48cea46829196bda652b02afffffffffffffff	0x309eccd0b0482bd70bb457c41a811188b831d7792d7f2f998f48431623ffd05e	0
TRACE	pp_replay_halving_ordinary	4252313	0x15ce2d6143706db1f76c4b515b48cea46829196bda652b02afffffffffffffff	0x309eccd0b0482bd70bb457c41a811188b831d7792d7f2f998f48431623ffd05e	0
TRACE	pp_replay_halving_ordinary	4258368	0x15ce2d6143706db1f76c4b515b48cea46829196bda652b02afffffffffffffff	0x259c07e47a0c00eb01bd86d0907856bcc0a9bbf712f52e6da399f093e01905ff	0
TRACE	pp_replay_halving_ordinary	4264423	0x15ce2d6143706db1f76c4b515b48cea46829196bda652b02afffffffffffffff	0x259c07e47a0c00eb01bd86d0907856bcc0a9bbf712f52e6da399f093e01905ff	0
TRACE	pp_replay_halving_ordinary	4270478	0x15ce2d6143706db1f76c4b515b48cea46829196bda652b02afffffffffffffff	0x558eb52d4a950b30835c77a52abe5a115e36e4dc101d1781ccb88cea410634a3	0
TRACE	pp_replay_halving_ordinary	4276533	0x15ce2d6143706db1f76c4b515b48cea46829196bda652b02afffffffffffffff	0x558eb52d4a950b30835c77a52abe5a115e36e4dc101d1781ccb88cea410634a3	0
TRACE	pp_replay_halving_ordinary	4282588	0x15ce2d6143706db1f76c4b515b48cea46829196bda652b02afffffffffffffff	0xb6c405e8d96cc829a215f807bbf0adddd67ebca747588605f0a3ed8a38be6412	0
TRACE	pp_replay_halving_ordinary	4288643	0x15ce2d6143706db1f76c4b515b48cea46829196bda652b02afffffffffffffff	0xb6c405e8d96cc829a215f807bbf0adddd67ebca747588605f0a3ed8a38be6412	0
TRACE	pp_replay_halving_ordinary	4294698	0x15ce2d6143706db1f76c4b515b48cea46829196bda652b02afffffffffffffff	0x8f115a17bd22b767e9c45820603d42d0f490b29a152761a6f99ec5b276ac70e2	0
TRACE	pp_replay_halving_ordinary	4300753	0x15ce2d6143706db1f76c4b515b48cea46829196bda652b02afffffffffffffff	0x8f115a17bd22b767e9c45820603d42d0f490b29a152761a6f99ec5b276ac70e2	0
TRACE	pp_replay_halving_ordinary	4306808	0x15ce2d6143706db1f76c4b515b48cea46829196bda652b02afffffffffffffff	0x8524af23761033377baff0268950680dbc153016c89b188f3bdd7bbc8627f416	0
TRACE	pp_replay_halving_ordinary	4312863	0x15ce2d6143706db1f76c4b515b48cea46829196bda652b02afffffffffffffff	0x8524af23761033377baff0268950680dbc153016c89b188f3bdd7bbc8627f416	0
TRACE	pp_replay_halving_ordinary	4318918	0x15ce2d6143706db1f76c4b515b48cea46829196bda652b02afffffffffffffff	0x40172cd4a943788fa252de14ceecfd560febb76a912a7a01ae7e6b60c6f2dad8	0
TRACE	pp_replay_halving_ordinary	4324973	0x15ce2d6143706db1f76c4b515b48cea46829196bda652b02afffffffffffffff	0x40172cd4a943788fa252de14ceecfd560febb76a912a7a01ae7e6b60c6f2dad8	0
TRACE	pp_replay_halving_ordinary	4331028	0x15ce2d6143706db1f76c4b515b48cea46829196bda652b02afffffffffffffff	0xaed3cc40f61049e5abfb9990605422a824e1593f834e525e4b26a749572592a0	0
TRACE	pp_replay_halving_ordinary	4337083	0x15ce2d6143706db1f76c4b515b48cea46829196bda652b02afffffffffffffff	0xaed3cc40f61049e5abfb9990605422a824e1593f834e525e4b26a749572592a0	0
TRACE	pp_replay_halving_ordinary	4343138	0x15ce2d6143706db1f76c4b515b48cea46829196bda652b02afffffffffffffff	0x3bbabe4567d4f09d53939de94bd047ff8d33442a851e3317fe6944aa87861b5e	0
TRACE	pp_replay_halving_ordinary	4349193	0x15ce2d6143706db1f76c4b515b48cea46829196bda652b02afffffffffffffff	0x3bbabe4567d4f09d53939de94bd047ff8d33442a851e3317fe6944aa87861b5e	0
TRACE	pp_replay_halving_ordinary	4355248	0x15ce2d6143706db1f76c4b515b48cea46829196bda652b02afffffffffffffff	0x9ef47ac684461a4b3d799eff86af51556747bee545922b466b39ec02539e3ba5	0
TRACE	pp_replay_halving_ordinary	4361303	0x15ce2d6143706db1f76c4b515b48cea46829196bda652b02afffffffffffffff	0x9ef47ac684461a4b3d799eff86af51556747bee545922b466b39ec02539e3ba5	0
TRACE	pp_replay_halving_ordinary	4367358	0x15ce2d6143706db1f76c4b515b48cea46829196bda652b02afffffffffffffff	0xf6abce42fb06c2ba24434f3a349fe6553d1ec0c3f2ac17979a68cc2a76c912e4	0
TRACE	pp_replay_halving_ordinary	4373413	0x15ce2d6143706db1f76c4b515b48cea46829196bda652b02afffffffffffffff	0xf6abce42fb06c2ba24434f3a349fe6553d1ec0c3f2ac17979a68cc2a76c912e4	0
TRACE	pp_replay_halving_ordinary	4379468	0x15ce2d6143706db1f76c4b515b48cea46829196bda652b02afffffffffffffff	0xcc99a32218b6ecd5ddf5bb48e01c0b953294813b9df292abe6348434bf93c9a8	0
TRACE	pp_replay_halving_ordinary	4385523	0x15ce2d6143706db1f76c4b515b48cea46829196bda652b02afffffffffffffff	0xcc99a32218b6ecd5ddf5bb48e01c0b953294813b9df292abe6348434bf93c9a8	0
TRACE	pp_replay_halving_ordinary	4391578	0x15ce2d6143706db1f76c4b515b48cea46829196bda652b02afffffffffffffff	0xa848ac83893f579119364fc5520f6b002a28fe2152e613aed0d11fd6dcd524f	0
TRACE	pp_replay_halving_ordinary	4397633	0x15ce2d6143706db1f76c4b515b48cea46829196bda652b02afffffffffffffff	0xa848ac83893f579119364fc5520f6b002a28fe2152e613aed0d11fd6dcd524f	0
TRACE	pp_replay_halving_ordinary	4403688	0x15ce2d6143706db1f76c4b515b48cea46829196bda652b02afffffffffffffff	0x708546167808bdd73318959322bec5394bfc7c5662310c5c3e49dc8d94719ce2	0
TRACE	pp_replay_halving_ordinary	4409743	0x15ce2d6143706db1f76c4b515b48cea46829196bda652b02afffffffffffffff	0x708546167808bdd73318959322bec5394bfc7c5662310c5c3e49dc8d94719ce2	0
TRACE	pp_replay_halving_ordinary	4415798	0x15ce2d6143706db1f76c4b515b48cea46829196bda652b02afffffffffffffff	0x5ec27437ac272cd4112afea3ddf7eefa53a7c30e1dd7db65cad5bba2808fbad8	0
TRACE	pp_replay_halving_ordinary	4421853	0x15ce2d6143706db1f76c4b515b48cea46829196bda652b02afffffffffffffff	0x5ec27437ac272cd4112afea3ddf7eefa53a7c30e1dd7db65cad5bba2808fbad8	0
TRACE	pp_replay_halving_ordinary	4427908	0x15ce2d6143706db1f76c4b515b48cea46829196bda652b02afffffffffffffff	0xaaf085a4231b3229401a19961dca41ed6bbeb334fdd5a175488dd595fb4f6301	0
TRACE	pp_replay_halving_ordinary	4433963	0x15ce2d6143706db1f76c4b515b48cea46829196bda652b02afffffffffffffff	0xaaf085a4231b3229401a19961dca41ed6bbeb334fdd5a175488dd595fb4f6301	0
TRACE	pp_replay_halving_ordinary	4440018	0x15ce2d6143706db1f76c4b515b48cea46829196bda652b02afffffffffffffff	0x826cbe76f3d097bf5451460e7ef08c39efd99d90c6eb5f36c4d8e44ddef7c682	0
TRACE	pp_replay_halving_ordinary	4446073	0x15ce2d6143706db1f76c4b515b48cea46829196bda652b02afffffffffffffff	0x826cbe76f3d097bf5451460e7ef08c39efd99d90c6eb5f36c4d8e44ddef7c682	0
TRACE	pp_replay_halving_ordinary	4452128	0x15ce2d6143706db1f76c4b515b48cea46829196bda652b02afffffffffffffff	0xca20f1cb4bd2a69a7af234e1e7b66d6cdef945690dba908fa0ed3c514715e443	0
TRACE	pp_replay_halving_ordinary	4458183	0x15ce2d6143706db1f76c4b515b48cea46829196bda652b02afffffffffffffff	0xca20f1cb4bd2a69a7af234e1e7b66d6cdef945690dba908fa0ed3c514715e443	0
TRACE	pp_replay_halving_ordinary	4464238	0x15ce2d6143706db1f76c4b515b48cea46829196bda652b02afffffffffffffff	0x1c0dfea061d32a51449a7096c1e7e5b99ac12f5f1f6e5ce5d7f25252e11d6e90	0
TRACE	pp_replay_halving_ordinary	4470293	0x15ce2d6143706db1f76c4b515b48cea46829196bda652b02afffffffffffffff	0x1c0dfea061d32a51449a7096c1e7e5b99ac12f5f1f6e5ce5d7f25252e11d6e90	0
TRACE	pp_replay_halving_ordinary	4476348	0x15ce2d6143706db1f76c4b515b48cea46829196bda652b02afffffffffffffff	0xf98bbc1aeb69743aefe3295e2a6794c99e6e9d320b4a3b5d5e37e3a84a0cd1d8	0
TRACE	pp_replay_halving_ordinary	4482403	0x15ce2d6143706db1f76c4b515b48cea46829196bda652b02afffffffffffffff	0xf98bbc1aeb69743aefe3295e2a6794c99e6e9d320b4a3b5d5e37e3a84a0cd1d8	0
TRACE	pp_replay_halving_ordinary	4488458	0x15ce2d6143706db1f76c4b515b48cea46829196bda652b02afffffffffffffff	0xc8a090a15d9a6d85952dd1ce25e0143bff14a48b450908621e6e9ba9a5c4235d	0
TRACE	pp_replay_halving_ordinary	4494513	0x15ce2d6143706db1f76c4b515b48cea46829196bda652b02afffffffffffffff	0xc8a090a15d9a6d85952dd1ce25e0143bff14a48b450908621e6e9ba9a5c4235d	0
TRACE	pp_replay_halving_ordinary	4500568	0x15ce2d6143706db1f76c4b515b48cea46829196bda652b02afffffffffffffff	0x18157d724b59751573e9930311ce29fa97b3d41bf0f437723f44fbd569cfe704	0
TRACE	pp_replay_halving_ordinary	4506623	0x15ce2d6143706db1f76c4b515b48cea46829196bda652b02afffffffffffffff	0x18157d724b59751573e9930311ce29fa97b3d41bf0f437723f44fbd569cfe704	0
TRACE	pp_replay_halving_ordinary	4512678	0x15ce2d6143706db1f76c4b515b48cea46829196bda652b02afffffffffffffff	0x9fe7f9ed611c7c6eb1a3b9cec3e29a6cf201b5f22374e77d27d815f4e5eae18f	0
TRACE	pp_replay_halving_ordinary	4518733	0x15ce2d6143706db1f76c4b515b48cea46829196bda652b02afffffffffffffff	0x9fe7f9ed611c7c6eb1a3b9cec3e29a6cf201b5f22374e77d27d815f4e5eae18f	0
TRACE	pp_replay_halving_ordinary	4524788	0x15ce2d6143706db1f76c4b515b48cea46829196bda652b02afffffffffffffff	0xedff5dd7eb1d7c6109635334756c3119e26d6283851a47bbd9c74471d3eeaf48	0
TRACE	pp_replay_halving_ordinary	4530843	0x15ce2d6143706db1f76c4b515b48cea46829196bda652b02afffffffffffffff	0xedff5dd7eb1d7c6109635334756c3119e26d6283851a47bbd9c74471d3eeaf48	0
TRACE	pp_replay_halving_ordinary	4536898	0x15ce2d6143706db1f76c4b515b48cea46829196bda652b02afffffffffffffff	0x418536d28d9dbc5d9f53398de1ce96c51e884da7dd839fcb86431011cf6fa593	0
TRACE	pp_replay_halving_ordinary	4542953	0x15ce2d6143706db1f76c4b515b48cea46829196bda652b02afffffffffffffff	0x418536d28d9dbc5d9f53398de1ce96c51e884da7dd839fcb86431011cf6fa593	0
TRACE	pp_replay_halving_ordinary	4549008	0x15ce2d6143706db1f76c4b515b48cea46829196bda652b02afffffffffffffff	0x35a411a7ef6eee2df525965d4bffe4cd5e4ae19d04dc25e9ae407af0a6980f68	0
TRACE	pp_replay_halving_ordinary	4555063	0x15ce2d6143706db1f76c4b515b48cea46829196bda652b02afffffffffffffff	0x35a411a7ef6eee2df525965d4bffe4cd5e4ae19d04dc25e9ae407af0a6980f68	0
TRACE	pp_replay_halving_ordinary	4561118	0x15ce2d6143706db1f76c4b515b48cea46829196bda652b02afffffffffffffff	0x57d9bf89502bc38b10076262808c45e8bf1615cbcc44347c611f982fc9162135	0
TRACE	pp_replay_halving_ordinary	4567173	0x15ce2d6143706db1f76c4b515b48cea46829196bda652b02afffffffffffffff	0x57d9bf89502bc38b10076262808c45e8bf1615cbcc44347c611f982fc9162135	0
TRACE	pp_replay_halving_ordinary	4573228	0x15ce2d6143706db1f76c4b515b48cea46829196bda652b02afffffffffffffff	0xf47a4b3d0045171ccebc24328d693b3b37bdd7f197fc1de2dd479366ed2a9231	0
TRACE	pp_replay_halving_ordinary	4579283	0x15ce2d6143706db1f76c4b515b48cea46829196bda652b02afffffffffffffff	0xf47a4b3d0045171ccebc24328d693b3b37bdd7f197fc1de2dd479366ed2a9231	0
TRACE	pp_replay_halving_ordinary	4585338	0x15ce2d6143706db1f76c4b515b48cea46829196bda652b02afffffffffffffff	0xd31502b1941c36a9f7b0e1a5437d6048fdb4fb6f59101497cf99cae52d902af1	0
TRACE	pp_replay_halving_ordinary	4591393	0x15ce2d6143706db1f76c4b515b48cea46829196bda652b02afffffffffffffff	0xd31502b1941c36a9f7b0e1a5437d6048fdb4fb6f59101497cf99cae52d902af1	0
TRACE	pp_replay_halving_ordinary	4597448	0x15ce2d6143706db1f76c4b515b48cea46829196bda652b02afffffffffffffff	0xcabbb08eb911fe8d41ee1101f102698c6f32c44ec95512450c2e58c4bda99121	0
TRACE	pp_replay_halving_ordinary	4603503	0x15ce2d6143706db1f76c4b515b48cea46829196bda652b02afffffffffffffff	0xcabbb08eb911fe8d41ee1101f102698c6f32c44ec95512450c2e58c4bda99121	0
TRACE	pp_replay_halving_ordinary	4609558	0x15ce2d6143706db1f76c4b515b48cea46829196bda652b02afffffffffffffff	0xe7742cd0134b8d4dce67bca9cd1ff2755b39efef889949b736f208e9face6d1c	0
TRACE	pp_replay_halving_ordinary	4615613	0x15ce2d6143706db1f76c4b515b48cea46829196bda652b02afffffffffffffff	0xe7742cd0134b8d4dce67bca9cd1ff2755b39efef889949b736f208e9face6d1c	0
TRACE	pp_replay_halving_ordinary	4621668	0x15ce2d6143706db1f76c4b515b48cea46829196bda652b02afffffffffffffff	0xac8bf757b31762f6c415736aef889700729b2d0f947b96ff10c8186b6e1dfe9b	0
TRACE	pp_replay_halving_ordinary	4627723	0x15ce2d6143706db1f76c4b515b48cea46829196bda652b02afffffffffffffff	0xac8bf757b31762f6c415736aef889700729b2d0f947b96ff10c8186b6e1dfe9b	0
TRACE	pp_replay_halving_ordinary	4633778	0x15ce2d6143706db1f76c4b515b48cea46829196bda652b02afffffffffffffff	0x5dd1e9f99b0a58610180e11b3822c02338737c5797742a51073d9c4c0af1e3ef	0
TRACE	pp_replay_halving_ordinary	4639833	0x15ce2d6143706db1f76c4b515b48cea46829196bda652b02afffffffffffffff	0x5dd1e9f99b0a58610180e11b3822c02338737c5797742a51073d9c4c0af1e3ef	0
TRACE	pp_replay_halving_ordinary	4645888	0x15ce2d6143706db1f76c4b515b48cea46829196bda652b02afffffffffffffff	0x4a2366a2150715bb90dbbc874a494a6be9e9902998324f2584dafd443226dd44	0
TRACE	pp_replay_halving_ordinary	4651943	0x15ce2d6143706db1f76c4b515b48cea46829196bda652b02afffffffffffffff	0x4a2366a2150715bb90dbbc874a494a6be9e9902998324f2584dafd443226dd44	0
TRACE	pp_replay_halving_ordinary	4657998	0x15ce2d6143706db1f76c4b515b48cea46829196bda652b02afffffffffffffff	0x8537c5cc3386451234b273624ed2ecfe1647151e1861d85aa4425581fbf41aa5	0
TRACE	pp_replay_halving_ordinary	4664053	0x15ce2d6143706db1f76c4b515b48cea46829196bda652b02afffffffffffffff	0x8537c5cc3386451234b273624ed2ecfe1647151e1861d85aa4425581fbf41aa5	0
TRACE	pp_replay_halving_ordinary	4670108	0x15ce2d6143706db1f76c4b515b48cea46829196bda652b02afffffffffffffff	0xd3fcdd96bb2610e7dda821190ff555a2a15e765b386dbaa7ec1c2b912e676909	0
TRACE	pp_replay_halving_ordinary	4676163	0x15ce2d6143706db1f76c4b515b48cea46829196bda652b02afffffffffffffff	0xd3fcdd96bb2610e7dda821190ff555a2a15e765b386dbaa7ec1c2b912e676909	0
TRACE	pp_replay_halving_ordinary	4682218	0x15ce2d6143706db1f76c4b515b48cea46829196bda652b02afffffffffffffff	0xd64d28d8bbab157e8496a51ed7b210a82de962de5433e4c0a417a0444a96df03	0
TRACE	pp_replay_halving_ordinary	4688273	0x15ce2d6143706db1f76c4b515b48cea46829196bda652b02afffffffffffffff	0xd64d28d8bbab157e8496a51ed7b210a82de962de5433e4c0a417a0444a96df03	0
TRACE	pp_replay_halving_ordinary	4694328	0x15ce2d6143706db1f76c4b515b48cea46829196bda652b02afffffffffffffff	0x6a92819bddb44999988fb18df9e9d992b3d1f64e632867da240cf2f55e3f9203	0
TRACE	pp_replay_halving_ordinary	4700383	0x15ce2d6143706db1f76c4b515b48cea46829196bda652b02afffffffffffffff	0x6a92819bddb44999988fb18df9e9d992b3d1f64e632867da240cf2f55e3f9203	0
TRACE	pp_replay_halving_ordinary	4706438	0x15ce2d6143706db1f76c4b515b48cea46829196bda652b02afffffffffffffff	0x4fa3d7cca63696a05d8df4a9c277cbcd554c1b2a66e588a0840a47a1a329bec3	0
TRACE	pp_replay_halving_ordinary	4712493	0x15ce2d6143706db1f76c4b515b48cea46829196bda652b02afffffffffffffff	0x4fa3d7cca63696a05d8df4a9c277cbcd554c1b2a66e588a0840a47a1a329bec3	0
TRACE	pp_replay_halving_ordinary	4718548	0x15ce2d6143706db1f76c4b515b48cea46829196bda652b02afffffffffffffff	0xae8d965a20fab80e7d87698def1869580247845e32837c1eaa05cea5405a5249	0
TRACE	pp_replay_halving_ordinary	4724603	0x15ce2d6143706db1f76c4b515b48cea46829196bda652b02afffffffffffffff	0xae8d965a20fab80e7d87698def1869580247845e32837c1eaa05cea5405a5249	0
TRACE	pp_replay_halving_ordinary	4730658	0x15ce2d6143706db1f76c4b515b48cea46829196bda652b02afffffffffffffff	0x464805fd7fabc06a0585c6c6fa4090baad865eab256af8fe3384b066a7a67913	0
TRACE	pp_replay_halving_ordinary	4736713	0x15ce2d6143706db1f76c4b515b48cea46829196bda652b02afffffffffffffff	0x464805fd7fabc06a0585c6c6fa4090baad865eab256af8fe3384b066a7a67913	0
TRACE	pp_replay_halving_ordinary	4742768	0x15ce2d6143706db1f76c4b515b48cea46829196bda652b02afffffffffffffff	0x9129ee79782224be4c27ab1bfea52360192e5e8cf6f5bb6fc2210a3ada6463c	0
TRACE	pp_replay_halving_ordinary	4748823	0x15ce2d6143706db1f76c4b515b48cea46829196bda652b02afffffffffffffff	0x9129ee79782224be4c27ab1bfea52360192e5e8cf6f5bb6fc2210a3ada6463c	0
TRACE	pp_replay_halving_ordinary	4754878	0x15ce2d6143706db1f76c4b515b48cea46829196bda652b02afffffffffffffff	0x353bf5ae51b6a99e6a306a53915f9979d5cc94c3d238c689b0386060d8531574	0
TRACE	pp_replay_halving_ordinary	4760933	0x15ce2d6143706db1f76c4b515b48cea46829196bda652b02afffffffffffffff	0x353bf5ae51b6a99e6a306a53915f9979d5cc94c3d238c689b0386060d8531574	0
TRACE	pp_replay_halving_ordinary	4766988	0x15ce2d6143706db1f76c4b515b48cea46829196bda652b02afffffffffffffff	0x40464b600043cb730b8be63c05bceb4acadb007a92eb213e5d3df45022fe4942	0
TRACE	pp_replay_halving_ordinary	4773043	0x15ce2d6143706db1f76c4b515b48cea46829196bda652b02afffffffffffffff	0x40464b600043cb730b8be63c05bceb4acadb007a92eb213e5d3df45022fe4942	0
TRACE	pp_replay_halving_ordinary	4779098	0x15ce2d6143706db1f76c4b515b48cea46829196bda652b02afffffffffffffff	0xa2e5bb1c6bc52e2eae1cd2181ff5ca19a2b11b2af9a2274c59e05f236429efac	0
TRACE	pp_replay_halving_ordinary	4785153	0x15ce2d6143706db1f76c4b515b48cea46829196bda652b02afffffffffffffff	0xa2e5bb1c6bc52e2eae1cd2181ff5ca19a2b11b2af9a2274c59e05f236429efac	0
TRACE	pp_replay_halving_ordinary	4791208	0x15ce2d6143706db1f76c4b515b48cea46829196bda652b02afffffffffffffff	0xea1ab97d50c2efc63fb2a40316891cc0874e1441967ed529ac18ca46025fdf88	0
TRACE	pp_replay_halving_ordinary	4797263	0x15ce2d6143706db1f76c4b515b48cea46829196bda652b02afffffffffffffff	0xea1ab97d50c2efc63fb2a40316891cc0874e1441967ed529ac18ca46025fdf88	0
TRACE	pp_replay_halving_ordinary	4803318	0x15ce2d6143706db1f76c4b515b48cea46829196bda652b02afffffffffffffff	0x86da9c56e1a0e849043ec67c48e96309fcce48667276960c2a9a7feba8bd6bbb	0
TRACE	pp_replay_halving_ordinary	4809373	0x15ce2d6143706db1f76c4b515b48cea46829196bda652b02afffffffffffffff	0x86da9c56e1a0e849043ec67c48e96309fcce48667276960c2a9a7feba8bd6bbb	0
TRACE	pp_replay_halving_ordinary	4815428	0x15ce2d6143706db1f76c4b515b48cea46829196bda652b02afffffffffffffff	0x6a9d46e1d507f24533426bdc710cc3175bc7313c70393b3eb4edad5efdf617f6	0
TRACE	pp_replay_halving_ordinary	4821483	0x15ce2d6143706db1f76c4b515b48cea46829196bda652b02afffffffffffffff	0x6a9d46e1d507f24533426bdc710cc3175bc7313c70393b3eb4edad5efdf617f6	0
TRACE	pp_replay_halving_ordinary	4827538	0x15ce2d6143706db1f76c4b515b48cea46829196bda652b02afffffffffffffff	0x238df18491e1b4c43f0355347b159b1ab3856b71efa9e48b578278bc134443f9	0
TRACE	pp_replay_halving_ordinary	4833593	0x15ce2d6143706db1f76c4b515b48cea46829196bda652b02afffffffffffffff	0x238df18491e1b4c43f0355347b159b1ab3856b71efa9e48b578278bc134443f9	0
TRACE	pp_replay_halving_ordinary	4839648	0x15ce2d6143706db1f76c4b515b48cea46829196bda652b02afffffffffffffff	0xe38ace1999ba69c25c9170443b08978c83d3272b97f8c7f2831c0986044e941f	0
TRACE	pp_replay_halving_ordinary	4845703	0x15ce2d6143706db1f76c4b515b48cea46829196bda652b02afffffffffffffff	0xe38ace1999ba69c25c9170443b08978c83d3272b97f8c7f2831c0986044e941f	0
TRACE	pp_replay_halving_ordinary	4851758	0x15ce2d6143706db1f76c4b515b48cea46829196bda652b02afffffffffffffff	0x5000c8dabe09d2c0789c793c100340e38bec911195ec472635199bcd03bd6a0e	0
TRACE	pp_replay_halving_ordinary	4857813	0x15ce2d6143706db1f76c4b515b48cea46829196bda652b02afffffffffffffff	0x5000c8dabe09d2c0789c793c100340e38bec911195ec472635199bcd03bd6a0e	0
TRACE	pp_replay_halving_ordinary	4863868	0x15ce2d6143706db1f76c4b515b48cea46829196bda652b02afffffffffffffff	0x64e2814fb6ec25c078fd3dc20ac155aa3df9a5868083203313809b6e00244990	0
TRACE	pp_replay_halving_ordinary	4869923	0x15ce2d6143706db1f76c4b515b48cea46829196bda652b02afffffffffffffff	0x64e2814fb6ec25c078fd3dc20ac155aa3df9a5868083203313809b6e00244990	0
TRACE	pp_replay_halving_ordinary	4875978	0x15ce2d6143706db1f76c4b515b48cea46829196bda652b02afffffffffffffff	0xea1aef6cf524ba8079156ee38970dadbea7ceaa3bb28d6764b1a5b55bf3dff88	0
TRACE	pp_replay_halving_ordinary	4882033	0x15ce2d6143706db1f76c4b515b48cea46829196bda652b02afffffffffffffff	0xea1aef6cf524ba8079156ee38970dadbea7ceaa3bb28d6764b1a5b55bf3dff88	0
TRACE	pp_replay_halving_ordinary	4888088	0x15ce2d6143706db1f76c4b515b48cea46829196bda652b02afffffffffffffff	0xdeb1e478b071dacffff9f3b7a0541eb394df2eb8b156926f3219900510398eb1	0
TRACE	pp_replay_halving_ordinary	4894143	0x15ce2d6143706db1f76c4b515b48cea46829196bda652b02afffffffffffffff	0xdeb1e478b071dacffff9f3b7a0541eb394df2eb8b156926f3219900510398eb1	0
TRACE	pp_replay_halving_ordinary	4900198	0x15ce2d6143706db1f76c4b515b48cea46829196bda652b02afffffffffffffff	0x1bd7a1bb9f4522e3e1b314eca60cefa97f77bfbdeee2016d6bd95d31a4787558	0
TRACE	pp_replay_halving_ordinary	4906253	0x15ce2d6143706db1f76c4b515b48cea46829196bda652b02afffffffffffffff	0x1bd7a1bb9f4522e3e1b314eca60cefa97f77bfbdeee2016d6bd95d31a4787558	0
TRACE	pp_replay_halving_ordinary	4912308	0x15ce2d6143706db1f76c4b515b48cea46829196bda652b02afffffffffffffff	0x70b690af444b2dfb0791b7b2be91cbc28559dbbeb09d244071900cb49af04562	0
TRACE	pp_replay_halving_ordinary	4918363	0x15ce2d6143706db1f76c4b515b48cea46829196bda652b02afffffffffffffff	0x70b690af444b2dfb0791b7b2be91cbc28559dbbeb09d244071900cb49af04562	0
TRACE	pp_replay_halving_ordinary	4924418	0x15ce2d6143706db1f76c4b515b48cea46829196bda652b02afffffffffffffff	0x5ee4c6c2d8cb0c0d109606444b302c8c6d262bee10becf532fdb895d88e3b4d	0
TRACE	pp_replay_halving_ordinary	4930473	0x15ce2d6143706db1f76c4b515b48cea46829196bda652b02afffffffffffffff	0x5ee4c6c2d8cb0c0d109606444b302c8c6d262bee10becf532fdb895d88e3b4d	0
TRACE	pp_replay_halving_ordinary	4936528	0x15ce2d6143706db1f76c4b515b48cea46829196bda652b02afffffffffffffff	0xdda93746dc75f7aef626c605c0d133a2d30b0f9f646a444d69237151dcdf9d4f	0
TRACE	pp_replay_halving_ordinary	4942583	0x15ce2d6143706db1f76c4b515b48cea46829196bda652b02afffffffffffffff	0xdda93746dc75f7aef626c605c0d133a2d30b0f9f646a444d69237151dcdf9d4f	0
TRACE	pp_replay_halving_ordinary	4948638	0x15ce2d6143706db1f76c4b515b48cea46829196bda652b02afffffffffffffff	0x38e5e0ecc280aa1bf1cc099a81610d9ae6775c97915d8c50a7084a79ed5b7627	0
TRACE	pp_replay_halving_ordinary	4954693	0x15ce2d6143706db1f76c4b515b48cea46829196bda652b02afffffffffffffff	0x38e5e0ecc280aa1bf1cc099a81610d9ae6775c97915d8c50a7084a79ed5b7627	0
TRACE	pp_replay_halving_ordinary	4960748	0x15ce2d6143706db1f76c4b515b48cea46829196bda652b02afffffffffffffff	0x2930d596867d5364c116af1acfdc0981fb24ecc1f4c32dff3086c9b5fbe109ca	0
TRACE	pp_replay_halving_ordinary	4966803	0x15ce2d6143706db1f76c4b515b48cea46829196bda652b02afffffffffffffff	0x2930d596867d5364c116af1acfdc0981fb24ecc1f4c32dff3086c9b5fbe109ca	0
TRACE	pp_replay_halving_ordinary	4972858	0x15ce2d6143706db1f76c4b515b48cea46829196bda652b02afffffffffffffff	0x43ed42d58f00d5adcc2d569fec6141063ad49bf5672697945da06030bc5e9a23	0
TRACE	pp_replay_halving_ordinary	4978913	0x15ce2d6143706db1f76c4b515b48cea46829196bda652b02afffffffffffffff	0x43ed42d58f00d5adcc2d569fec6141063ad49bf5672697945da06030bc5e9a23	0
TRACE	pp_replay_halving_ordinary	4984968	0x15ce2d6143706db1f76c4b515b48cea46829196bda652b02afffffffffffffff	0xb950e4b03ddf1f6dbd3a561eb8deb21ef01414332367259ab4b99a608fe0990d	0
TRACE	pp_replay_halving_ordinary	4991023	0x15ce2d6143706db1f76c4b515b48cea46829196bda652b02afffffffffffffff	0xb950e4b03ddf1f6dbd3a561eb8deb21ef01414332367259ab4b99a608fe0990d	0
TRACE	pp_replay_halving_ordinary	4997078	0x15ce2d6143706db1f76c4b515b48cea46829196bda652b02afffffffffffffff	0x62a7178954486d9003bcc0204ce0a3b9d2b021f090efdc7e6a39b1738b1f7e5d	0
TRACE	pp_replay_halving_ordinary	5003133	0x15ce2d6143706db1f76c4b515b48cea46829196bda652b02afffffffffffffff	0x62a7178954486d9003bcc0204ce0a3b9d2b021f090efdc7e6a39b1738b1f7e5d	0
TRACE	pp_replay_halving_ordinary	5009188	0x15ce2d6143706db1f76c4b515b48cea46829196bda652b02afffffffffffffff	0x15aa7349ba65ac776e5f657f9aff83994758fc90a49dd247129ffa3b413046ac	0
TRACE	pp_replay_halving_ordinary	5015243	0x15ce2d6143706db1f76c4b515b48cea46829196bda652b02afffffffffffffff	0x15aa7349ba65ac776e5f657f9aff83994758fc90a49dd247129ffa3b413046ac	0
TRACE	pp_replay_halving_ordinary	5021298	0x15ce2d6143706db1f76c4b515b48cea46829196bda652b02afffffffffffffff	0x533f290fe678b046255756a82c78480822d5c957fb14828dd5e66dcdd27bccf8	0
TRACE	pp_replay_halving_ordinary	5027353	0x15ce2d6143706db1f76c4b515b48cea46829196bda652b02afffffffffffffff	0x533f290fe678b046255756a82c78480822d5c957fb14828dd5e66dcdd27bccf8	0
TRACE	pp_replay_halving_ordinary	5033408	0x15ce2d6143706db1f76c4b515b48cea46829196bda652b02afffffffffffffff	0x1a3a67166837972f64edaf09f1ddf2e85a8bb17a27ec95353a219a0244eb04e9	0
TRACE	pp_replay_halving_ordinary	5039463	0x15ce2d6143706db1f76c4b515b48cea46829196bda652b02afffffffffffffff	0x1a3a67166837972f64edaf09f1ddf2e85a8bb17a27ec95353a219a0244eb04e9	0
TRACE	pp_replay_halving_ordinary	5045518	0x15ce2d6143706db1f76c4b515b48cea46829196bda652b02afffffffffffffff	0xce41307e5f904645b01a69e78ea69547f21285f774c9fb5626f134f223642f27	0
TRACE	pp_replay_halving_ordinary	5051573	0x15ce2d6143706db1f76c4b515b48cea46829196bda652b02afffffffffffffff	0xce41307e5f904645b01a69e78ea69547f21285f774c9fb5626f134f223642f27	0
TRACE	pp_replay_halving_ordinary	5057628	0x15ce2d6143706db1f76c4b515b48cea46829196bda652b02afffffffffffffff	0x52fe4da60229d43a6d34d14898cdd7681a1e4ae0acc8a677c4cc19438861b388	0
TRACE	pp_replay_halving_ordinary	5063683	0x15ce2d6143706db1f76c4b515b48cea46829196bda652b02afffffffffffffff	0x52fe4da60229d43a6d34d14898cdd7681a1e4ae0acc8a677c4cc19438861b388	0
TRACE	pp_replay_halving_ordinary	5069738	0x15ce2d6143706db1f76c4b515b48cea46829196bda652b02afffffffffffffff	0x742d94efead037b79c7b6b20db57a7f024213c1afac851402c42d257a1a113ac	0
TRACE	pp_replay_halving_ordinary	5075793	0x15ce2d6143706db1f76c4b515b48cea46829196bda652b02afffffffffffffff	0x742d94efead037b79c7b6b20db57a7f024213c1afac851402c42d257a1a113ac	0
TRACE	pp_replay_halving_ordinary	5081848	0x15ce2d6143706db1f76c4b515b48cea46829196bda652b02afffffffffffffff	0x31caf8a57b3e82fc826c0f1a5d095fd60f8fe1bee9e43dedfc43bae6ca80b1cd	0
TRACE	pp_replay_halving_ordinary	5087903	0x15ce2d6143706db1f76c4b515b48cea46829196bda652b02afffffffffffffff	0x31caf8a57b3e82fc826c0f1a5d095fd60f8fe1bee9e43dedfc43bae6ca80b1cd	0
TRACE	pp_replay_halving_ordinary	5093958	0x15ce2d6143706db1f76c4b515b48cea46829196bda652b02afffffffffffffff	0x697e23655983aead07b9de8ece1841f18cec4776792b23cb8a21a34f5b08706a	0
TRACE	pp_replay_halving_ordinary	5100013	0x15ce2d6143706db1f76c4b515b48cea46829196bda652b02afffffffffffffff	0x697e23655983aead07b9de8ece1841f18cec4776792b23cb8a21a34f5b08706a	0
TRACE	pp_replay_halving_ordinary	5106068	0x15ce2d6143706db1f76c4b515b48cea46829196bda652b02afffffffffffffff	0xe6d24702b5308c6a62897b6a4ac86871e71f0a4d58c3d86e6199578cc96245b1	0
TRACE	pp_replay_halving_ordinary	5112123	0x15ce2d6143706db1f76c4b515b48cea46829196bda652b02afffffffffffffff	0xe6d24702b5308c6a62897b6a4ac86871e71f0a4d58c3d86e6199578cc96245b1	0
TRACE	pp_replay_halving_ordinary	5118178	0x15ce2d6143706db1f76c4b515b48cea46829196bda652b02afffffffffffffff	0x20aaf718a914c890a94c18c920d3f65fe9734f4a4819d2d74a2212f0646989ba	0
TRACE	pp_replay_halving_ordinary	5124233	0x15ce2d6143706db1f76c4b515b48cea46829196bda652b02afffffffffffffff	0x20aaf718a914c890a94c18c920d3f65fe9734f4a4819d2d74a2212f0646989ba	0
TRACE	pp_replay_halving_ordinary	5130288	0x15ce2d6143706db1f76c4b515b48cea46829196bda652b02afffffffffffffff	0xf189d3fa8306f0f66e4f58a84a7d1c847f6aeec0c42a8165c5ddd126593e2c21	0
TRACE	pp_replay_halving_ordinary	5136343	0x15ce2d6143706db1f76c4b515b48cea46829196bda652b02afffffffffffffff	0xf189d3fa8306f0f66e4f58a84a7d1c847f6aeec0c42a8165c5ddd126593e2c21	0
TRACE	pp_replay_halving_ordinary	5142398	0x15ce2d6143706db1f76c4b515b48cea46829196bda652b02afffffffffffffff	0xe5c18b32f9837b0fdf9028a014e7660da4e8d69e632ead0964ccc0b4167355af	0
TRACE	pp_replay_halving_ordinary	5148453	0x15ce2d6143706db1f76c4b515b48cea46829196bda652b02afffffffffffffff	0xe5c18b32f9837b0fdf9028a014e7660da4e8d69e632ead0964ccc0b4167355af	0
TRACE	pp_replay_halving_ordinary	5154508	0x15ce2d6143706db1f76c4b515b48cea46829196bda652b02afffffffffffffff	0x6feeb3679a60e00e4c18484dfd0e45691bd3e5469958616d9a221c3d7a86f53b	0
TRACE	pp_replay_halving_ordinary	5160563	0x15ce2d6143706db1f76c4b515b48cea46829196bda652b02afffffffffffffff	0x6feeb3679a60e00e4c18484dfd0e45691bd3e5469958616d9a221c3d7a86f53b	0
TRACE	pp_replay_halving_ordinary	5166618	0x15ce2d6143706db1f76c4b515b48cea46829196bda652b02afffffffffffffff	0x1d74b5f2d7c8a6c064ddf81485f6482922453c55f27592e6f2aaa91da6fb181d	0
TRACE	pp_replay_halving_ordinary	5172673	0x15ce2d6143706db1f76c4b515b48cea46829196bda652b02afffffffffffffff	0x1d74b5f2d7c8a6c064ddf81485f6482922453c55f27592e6f2aaa91da6fb181d	0
TRACE	pp_replay_halving_ordinary	5178728	0x15ce2d6143706db1f76c4b515b48cea46829196bda652b02afffffffffffffff	0xfa1bdb9c3b3e450cb8a067fbe53524c492bef3eecf8215d1cf7777c5de9a90f6	0
TRACE	pp_replay_halving_ordinary	5184783	0x15ce2d6143706db1f76c4b515b48cea46829196bda652b02afffffffffffffff	0xfa1bdb9c3b3e450cb8a067fbe53524c492bef3eecf8215d1cf7777c5de9a90f6	0
TRACE	pp_replay_halving_ordinary	5190838	0x15ce2d6143706db1f76c4b515b48cea46829196bda652b02afffffffffffffff	0x5e42463c4c1baf3475f98041acadb3b6d410c11307dea2e3088883921656b39	0
TRACE	pp_replay_halving_ordinary	5196893	0x15ce2d6143706db1f76c4b515b48cea46829196bda652b02afffffffffffffff	0x5e42463c4c1baf3475f98041acadb3b6d410c11307dea2e3088883921656b39	0
TRACE	pp_replay_halving_ordinary	5202948	0x15ce2d6143706db1f76c4b515b48cea46829196bda652b02afffffffffffffff	0x5e42463c4c1baf3475f98041acadb3b6d410c11307dea2e3088883921656b39	0
TRACE	pp_replay_halving_ordinary	5209003	0x15ce2d6143706db1f76c4b515b48cea46829196bda652b02afffffffffffffff	0x5e42463c4c1baf3475f98041acadb3b6d410c11307dea2e3088883921656b39	0
TRACE	pp_replay_halving_ordinary	5215058	0x15ce2d6143706db1f76c4b515b48cea46829196bda652b02afffffffffffffff	0x5e42463c4c1baf3475f98041acadb3b6d410c11307dea2e3088883921656b39	0
TRACE	pp_replay_halving_ordinary	5221113	0x15ce2d6143706db1f76c4b515b48cea46829196bda652b02afffffffffffffff	0x5e42463c4c1baf3475f98041acadb3b6d410c11307dea2e3088883921656b39	0
TRACE	pp_replay_halving_ordinary	5227168	0x15ce2d6143706db1f76c4b515b48cea46829196bda652b02afffffffffffffff	0x5e42463c4c1baf3475f98041acadb3b6d410c11307dea2e3088883921656b39	0
TRACE	pp_replay_halving_ordinary	5233223	0x15ce2d6143706db1f76c4b515b48cea46829196bda652b02afffffffffffffff	0x5e42463c4c1baf3475f98041acadb3b6d410c11307dea2e3088883921656b39	0
TRACE	pp_replay_halving_ordinary	5239278	0x15ce2d6143706db1f76c4b515b48cea46829196bda652b02afffffffffffffff	0x5e42463c4c1baf3475f98041acadb3b6d410c11307dea2e3088883921656b39	0
TRACE	pp_replay_halving_ordinary	5245333	0x15ce2d6143706db1f76c4b515b48cea46829196bda652b02afffffffffffffff	0x5e42463c4c1baf3475f98041acadb3b6d410c11307dea2e3088883921656b39	0
TRACE	pp_replay_halving_ordinary	5251388	0x15ce2d6143706db1f76c4b515b48cea46829196bda652b02afffffffffffffff	0x5e42463c4c1baf3475f98041acadb3b6d410c11307dea2e3088883921656b39	0
TRACE	pp_replay_halving_ordinary	5257443	0x15ce2d6143706db1f76c4b515b48cea46829196bda652b02afffffffffffffff	0x5e42463c4c1baf3475f98041acadb3b6d410c11307dea2e3088883921656b39	0
TRACE	pp_replay_halving_ordinary	5263498	0x15ce2d6143706db1f76c4b515b48cea46829196bda652b02afffffffffffffff	0x5e42463c4c1baf3475f98041acadb3b6d410c11307dea2e3088883921656b39	0
TRACE	pp_replay_halving_ordinary	5269553	0x15ce2d6143706db1f76c4b515b48cea46829196bda652b02afffffffffffffff	0x5e42463c4c1baf3475f98041acadb3b6d410c11307dea2e3088883921656b39	0
TRACE	pp_replay_halving_ordinary	5275608	0x15ce2d6143706db1f76c4b515b48cea46829196bda652b02afffffffffffffff	0x5e42463c4c1baf3475f98041acadb3b6d410c11307dea2e3088883921656b39	0
TRACE	pp_replay_halving_ordinary	5281663	0x15ce2d6143706db1f76c4b515b48cea46829196bda652b02afffffffffffffff	0x5e42463c4c1baf3475f98041acadb3b6d410c11307dea2e3088883921656b39	0
TRACE	pp_replay_halving_ordinary	5287718	0x15ce2d6143706db1f76c4b515b48cea46829196bda652b02afffffffffffffff	0x5e42463c4c1baf3475f98041acadb3b6d410c11307dea2e3088883921656b39	0
TRACE	pp_replay_halving_ordinary	5293773	0x15ce2d6143706db1f76c4b515b48cea46829196bda652b02afffffffffffffff	0x5e42463c4c1baf3475f98041acadb3b6d410c11307dea2e3088883921656b39	0
TRACE	pp_replay_halving_ordinary	5299828	0x15ce2d6143706db1f76c4b515b48cea46829196bda652b02afffffffffffffff	0x5e42463c4c1baf3475f98041acadb3b6d410c11307dea2e3088883921656b39	0
TRACE	pp_replay_halving_ordinary	5305883	0x15ce2d6143706db1f76c4b515b48cea46829196bda652b02afffffffffffffff	0x5e42463c4c1baf3475f98041acadb3b6d410c11307dea2e3088883921656b39	0
TRACE	pp_replay_halving_ordinary	5311938	0x15ce2d6143706db1f76c4b515b48cea46829196bda652b02afffffffffffffff	0x5e42463c4c1baf3475f98041acadb3b6d410c11307dea2e3088883921656b39	0
TRACE	pp_replay_halving_ordinary	5317993	0x15ce2d6143706db1f76c4b515b48cea46829196bda652b02afffffffffffffff	0x5e42463c4c1baf3475f98041acadb3b6d410c11307dea2e3088883921656b39	0
TRACE	pp_replay_halving_ordinary	5324048	0x15ce2d6143706db1f76c4b515b48cea46829196bda652b02afffffffffffffff	0x5e42463c4c1baf3475f98041acadb3b6d410c11307dea2e3088883921656b39	0
TRACE	pp_replay_halving_ordinary	5330103	0x15ce2d6143706db1f76c4b515b48cea46829196bda652b02afffffffffffffff	0x5e42463c4c1baf3475f98041acadb3b6d410c11307dea2e3088883921656b39	0
TRACE	pp_replay_halving_ordinary	5336158	0x15ce2d6143706db1f76c4b515b48cea46829196bda652b02afffffffffffffff	0x5e42463c4c1baf3475f98041acadb3b6d410c11307dea2e3088883921656b39	0
TRACE	pp_replay_halving_ordinary	5342213	0x15ce2d6143706db1f76c4b515b48cea46829196bda652b02afffffffffffffff	0x5e42463c4c1baf3475f98041acadb3b6d410c11307dea2e3088883921656b39	0
TRACE	pp_replay_halving_ordinary	5348268	0x15ce2d6143706db1f76c4b515b48cea46829196bda652b02afffffffffffffff	0x5e42463c4c1baf3475f98041acadb3b6d410c11307dea2e3088883921656b39	0
TRACE	pp_replay_halving_ordinary	5354323	0x15ce2d6143706db1f76c4b515b48cea46829196bda652b02afffffffffffffff	0x5e42463c4c1baf3475f98041acadb3b6d410c11307dea2e3088883921656b39	0
TRACE	pp_replay_halving_ordinary	5360378	0x15ce2d6143706db1f76c4b515b48cea46829196bda652b02afffffffffffffff	0x5e42463c4c1baf3475f98041acadb3b6d410c11307dea2e3088883921656b39	0
TRACE	pp_replay_halving_ordinary	5366433	0x15ce2d6143706db1f76c4b515b48cea46829196bda652b02afffffffffffffff	0x5e42463c4c1baf3475f98041acadb3b6d410c11307dea2e3088883921656b39	0
TRACE	pp_replay_halving_ordinary	5372488	0x15ce2d6143706db1f76c4b515b48cea46829196bda652b02afffffffffffffff	0x5e42463c4c1baf3475f98041acadb3b6d410c11307dea2e3088883921656b39	0
TRACE	pp_replay_halving_ordinary	5378543	0x15ce2d6143706db1f76c4b515b48cea46829196bda652b02afffffffffffffff	0x5e42463c4c1baf3475f98041acadb3b6d410c11307dea2e3088883921656b39	0
TRACE	pp_replay_halving_ordinary	5384598	0x15ce2d6143706db1f76c4b515b48cea46829196bda652b02afffffffffffffff	0x5e42463c4c1baf3475f98041acadb3b6d410c11307dea2e3088883921656b39	0
TRACE	pp_replay_halving_ordinary	5390653	0x15ce2d6143706db1f76c4b515b48cea46829196bda652b02afffffffffffffff	0x5e42463c4c1baf3475f98041acadb3b6d410c11307dea2e3088883921656b39	0
TRACE	pp_replay_halving_ordinary	5396708	0x15ce2d6143706db1f76c4b515b48cea46829196bda652b02afffffffffffffff	0x5e42463c4c1baf3475f98041acadb3b6d410c11307dea2e3088883921656b39	0
TRACE	pp_replay_halving_ordinary	5402763	0x15ce2d6143706db1f76c4b515b48cea46829196bda652b02afffffffffffffff	0x5e42463c4c1baf3475f98041acadb3b6d410c11307dea2e3088883921656b39	0
TRACE	pp_replay_halving_ordinary	5408818	0x15ce2d6143706db1f76c4b515b48cea46829196bda652b02afffffffffffffff	0x5e42463c4c1baf3475f98041acadb3b6d410c11307dea2e3088883921656b39	0
TRACE	pp_replay_halving_ordinary	5414873	0x15ce2d6143706db1f76c4b515b48cea46829196bda652b02afffffffffffffff	0x5e42463c4c1baf3475f98041acadb3b6d410c11307dea2e3088883921656b39	0
TRACE	pp_replay_halving_ordinary	5420928	0x15ce2d6143706db1f76c4b515b48cea46829196bda652b02afffffffffffffff	0x5e42463c4c1baf3475f98041acadb3b6d410c11307dea2e3088883921656b39	0
TRACE	pp_replay_halving_ordinary	5426983	0x15ce2d6143706db1f76c4b515b48cea46829196bda652b02afffffffffffffff	0x5e42463c4c1baf3475f98041acadb3b6d410c11307dea2e3088883921656b39	0
TRACE	pp_replay_halving_ordinary	5433038	0x15ce2d6143706db1f76c4b515b48cea46829196bda652b02afffffffffffffff	0x5e42463c4c1baf3475f98041acadb3b6d410c11307dea2e3088883921656b39	0
TRACE	pp_replay_halving_ordinary	5439093	0x15ce2d6143706db1f76c4b515b48cea46829196bda652b02afffffffffffffff	0x5e42463c4c1baf3475f98041acadb3b6d410c11307dea2e3088883921656b39	0
TRACE	pp_replay_halving_ordinary	5445148	0x15ce2d6143706db1f76c4b515b48cea46829196bda652b02afffffffffffffff	0x5e42463c4c1baf3475f98041acadb3b6d410c11307dea2e3088883921656b39	0
TRACE	pp_replay_halving_ordinary	5451203	0x15ce2d6143706db1f76c4b515b48cea46829196bda652b02afffffffffffffff	0x5e42463c4c1baf3475f98041acadb3b6d410c11307dea2e3088883921656b39	0
TRACE	pp_replay_halving_ordinary	5457258	0x15ce2d6143706db1f76c4b515b48cea46829196bda652b02afffffffffffffff	0x5e42463c4c1baf3475f98041acadb3b6d410c11307dea2e3088883921656b39	0
TRACE	pp_replay_halving_ordinary	5463313	0x15ce2d6143706db1f76c4b515b48cea46829196bda652b02afffffffffffffff	0x5e42463c4c1baf3475f98041acadb3b6d410c11307dea2e3088883921656b39	0
TRACE	pp_replay_halving_ordinary	5469368	0x15ce2d6143706db1f76c4b515b48cea46829196bda652b02afffffffffffffff	0x5e42463c4c1baf3475f98041acadb3b6d410c11307dea2e3088883921656b39	0
TRACE	pp_replay_halving_ordinary	5475423	0x15ce2d6143706db1f76c4b515b48cea46829196bda652b02afffffffffffffff	0x5e42463c4c1baf3475f98041acadb3b6d410c11307dea2e3088883921656b39	0
TRACE	pp_replay_halving_ordinary	5481478	0x15ce2d6143706db1f76c4b515b48cea46829196bda652b02afffffffffffffff	0x5e42463c4c1baf3475f98041acadb3b6d410c11307dea2e3088883921656b39	0
TRACE	pp_replay_halving_ordinary	5487533	0x15ce2d6143706db1f76c4b515b48cea46829196bda652b02afffffffffffffff	0x5e42463c4c1baf3475f98041acadb3b6d410c11307dea2e3088883921656b39	0
TRACE	pp_replay_halving_ordinary	5493588	0x15ce2d6143706db1f76c4b515b48cea46829196bda652b02afffffffffffffff	0x5e42463c4c1baf3475f98041acadb3b6d410c11307dea2e3088883921656b39	0
TRACE	pp_replay_halving_ordinary	5499643	0x15ce2d6143706db1f76c4b515b48cea46829196bda652b02afffffffffffffff	0x5e42463c4c1baf3475f98041acadb3b6d410c11307dea2e3088883921656b39	0
TRACE	pp_replay_halving_ordinary	5505698	0x15ce2d6143706db1f76c4b515b48cea46829196bda652b02afffffffffffffff	0x5e42463c4c1baf3475f98041acadb3b6d410c11307dea2e3088883921656b39	0
TRACE	pp_replay_halving_ordinary	5511753	0x15ce2d6143706db1f76c4b515b48cea46829196bda652b02afffffffffffffff	0x5e42463c4c1baf3475f98041acadb3b6d410c11307dea2e3088883921656b39	0
TRACE	pp_replay_halving_ordinary	5517808	0x15ce2d6143706db1f76c4b515b48cea46829196bda652b02afffffffffffffff	0x5e42463c4c1baf3475f98041acadb3b6d410c11307dea2e3088883921656b39	0
TRACE	pp_replay_halving_ordinary	5523863	0x15ce2d6143706db1f76c4b515b48cea46829196bda652b02afffffffffffffff	0x5e42463c4c1baf3475f98041acadb3b6d410c11307dea2e3088883921656b39	0
TRACE	pp_replay_halving_ordinary	5529918	0x15ce2d6143706db1f76c4b515b48cea46829196bda652b02afffffffffffffff	0x5e42463c4c1baf3475f98041acadb3b6d410c11307dea2e3088883921656b39	0
TRACE	pp_replay_halving_ordinary	5535973	0x15ce2d6143706db1f76c4b515b48cea46829196bda652b02afffffffffffffff	0x5e42463c4c1baf3475f98041acadb3b6d410c11307dea2e3088883921656b39	0
TRACE	pp_replay_halving_ordinary	5542028	0x15ce2d6143706db1f76c4b515b48cea46829196bda652b02afffffffffffffff	0x5e42463c4c1baf3475f98041acadb3b6d410c11307dea2e3088883921656b39	0
TRACE	pp_replay_halving_ordinary	5548083	0x15ce2d6143706db1f76c4b515b48cea46829196bda652b02afffffffffffffff	0x5e42463c4c1baf3475f98041acadb3b6d410c11307dea2e3088883921656b39	0
TRACE	pp_replay_halving_ordinary	5554138	0x15ce2d6143706db1f76c4b515b48cea46829196bda652b02afffffffffffffff	0x5e42463c4c1baf3475f98041acadb3b6d410c11307dea2e3088883921656b39	0
TRACE	pp_replay_halving_ordinary	5560193	0x15ce2d6143706db1f76c4b515b48cea46829196bda652b02afffffffffffffff	0x5e42463c4c1baf3475f98041acadb3b6d410c11307dea2e3088883921656b39	0
TRACE	pp_replay_halving_ordinary	5566248	0x15ce2d6143706db1f76c4b515b48cea46829196bda652b02afffffffffffffff	0x5e42463c4c1baf3475f98041acadb3b6d410c11307dea2e3088883921656b39	0
TRACE	pp_replay_halving_ordinary	5572303	0x15ce2d6143706db1f76c4b515b48cea46829196bda652b02afffffffffffffff	0x5e42463c4c1baf3475f98041acadb3b6d410c11307dea2e3088883921656b39	0
TRACE	pp_replay_halving_ordinary	5578358	0x15ce2d6143706db1f76c4b515b48cea46829196bda652b02afffffffffffffff	0x5e42463c4c1baf3475f98041acadb3b6d410c11307dea2e3088883921656b39	0
TRACE	pp_replay_halving_ordinary	5584413	0x15ce2d6143706db1f76c4b515b48cea46829196bda652b02afffffffffffffff	0x5e42463c4c1baf3475f98041acadb3b6d410c11307dea2e3088883921656b39	0
TRACE	pp_replay_halving_ordinary	5590468	0x15ce2d6143706db1f76c4b515b48cea46829196bda652b02afffffffffffffff	0x5e42463c4c1baf3475f98041acadb3b6d410c11307dea2e3088883921656b39	0
TRACE	pp_replay_halving_ordinary	5596523	0x15ce2d6143706db1f76c4b515b48cea46829196bda652b02afffffffffffffff	0x5e42463c4c1baf3475f98041acadb3b6d410c11307dea2e3088883921656b39	0
TRACE	pp_replay_halving_ordinary	5602578	0x15ce2d6143706db1f76c4b515b48cea46829196bda652b02afffffffffffffff	0x5e42463c4c1baf3475f98041acadb3b6d410c11307dea2e3088883921656b39	0
TRACE	pp_replay_halving_ordinary	5608633	0x15ce2d6143706db1f76c4b515b48cea46829196bda652b02afffffffffffffff	0x5e42463c4c1baf3475f98041acadb3b6d410c11307dea2e3088883921656b39	0
TRACE	pp_replay_halving_ordinary	5614688	0x15ce2d6143706db1f76c4b515b48cea46829196bda652b02afffffffffffffff	0x5e42463c4c1baf3475f98041acadb3b6d410c11307dea2e3088883921656b39	0
TRACE	pp_replay_halving_ordinary	5620743	0x15ce2d6143706db1f76c4b515b48cea46829196bda652b02afffffffffffffff	0x5e42463c4c1baf3475f98041acadb3b6d410c11307dea2e3088883921656b39	0
TRACE	pp_replay_halving_ordinary	5626798	0x15ce2d6143706db1f76c4b515b48cea46829196bda652b02afffffffffffffff	0x5e42463c4c1baf3475f98041acadb3b6d410c11307dea2e3088883921656b39	0
TRACE	pp_replay_halving_ordinary	5632853	0x15ce2d6143706db1f76c4b515b48cea46829196bda652b02afffffffffffffff	0x5e42463c4c1baf3475f98041acadb3b6d410c11307dea2e3088883921656b39	0
TRACE	pp_replay_halving_ordinary	5638908	0x15ce2d6143706db1f76c4b515b48cea46829196bda652b02afffffffffffffff	0x5e42463c4c1baf3475f98041acadb3b6d410c11307dea2e3088883921656b39	0
TRACE	pp_replay_halving_ordinary	5644963	0x15ce2d6143706db1f76c4b515b48cea46829196bda652b02afffffffffffffff	0x5e42463c4c1baf3475f98041acadb3b6d410c11307dea2e3088883921656b39	0
TRACE	pp_replay_halving_ordinary	5651018	0x15ce2d6143706db1f76c4b515b48cea46829196bda652b02afffffffffffffff	0x5e42463c4c1baf3475f98041acadb3b6d410c11307dea2e3088883921656b39	0
TRACE	pp_replay_halving_ordinary	5657073	0x15ce2d6143706db1f76c4b515b48cea46829196bda652b02afffffffffffffff	0x5e42463c4c1baf3475f98041acadb3b6d410c11307dea2e3088883921656b39	0
TRACE	pp_replay_halving_ordinary	5663128	0x15ce2d6143706db1f76c4b515b48cea46829196bda652b02afffffffffffffff	0x5e42463c4c1baf3475f98041acadb3b6d410c11307dea2e3088883921656b39	0
TRACE	pp_replay_halving_ordinary	5669183	0x15ce2d6143706db1f76c4b515b48cea46829196bda652b02afffffffffffffff	0x5e42463c4c1baf3475f98041acadb3b6d410c11307dea2e3088883921656b39	0
TRACE	pp_replay_halving_ordinary	5675238	0x15ce2d6143706db1f76c4b515b48cea46829196bda652b02afffffffffffffff	0x5e42463c4c1baf3475f98041acadb3b6d410c11307dea2e3088883921656b39	0
TRACE	pp_replay_halving_ordinary	5681293	0x15ce2d6143706db1f76c4b515b48cea46829196bda652b02afffffffffffffff	0x5e42463c4c1baf3475f98041acadb3b6d410c11307dea2e3088883921656b39	0
TRACE	pp_replay_halving_ordinary	5687348	0x15ce2d6143706db1f76c4b515b48cea46829196bda652b02afffffffffffffff	0x5e42463c4c1baf3475f98041acadb3b6d410c11307dea2e3088883921656b39	0
TRACE	pp_replay_halving_ordinary	5693403	0x15ce2d6143706db1f76c4b515b48cea46829196bda652b02afffffffffffffff	0x5e42463c4c1baf3475f98041acadb3b6d410c11307dea2e3088883921656b39	0
TRACE	pp_replay_halving_ordinary	5699458	0x15ce2d6143706db1f76c4b515b48cea46829196bda652b02afffffffffffffff	0x5e42463c4c1baf3475f98041acadb3b6d410c11307dea2e3088883921656b39	0
TRACE	pp_replay_halving_ordinary	5705513	0x15ce2d6143706db1f76c4b515b48cea46829196bda652b02afffffffffffffff	0x5e42463c4c1baf3475f98041acadb3b6d410c11307dea2e3088883921656b39	0
TRACE	pp_replay_halving_ordinary	5711568	0x15ce2d6143706db1f76c4b515b48cea46829196bda652b02afffffffffffffff	0x5e42463c4c1baf3475f98041acadb3b6d410c11307dea2e3088883921656b39	0
TRACE	pp_replay_halving_ordinary	5717623	0x15ce2d6143706db1f76c4b515b48cea46829196bda652b02afffffffffffffff	0x5e42463c4c1baf3475f98041acadb3b6d410c11307dea2e3088883921656b39	0
TRACE	pp_replay_halving_ordinary	5723678	0x15ce2d6143706db1f76c4b515b48cea46829196bda652b02afffffffffffffff	0x5e42463c4c1baf3475f98041acadb3b6d410c11307dea2e3088883921656b39	0
TRACE	pp_replay_halving_ordinary	5729733	0x15ce2d6143706db1f76c4b515b48cea46829196bda652b02afffffffffffffff	0x5e42463c4c1baf3475f98041acadb3b6d410c11307dea2e3088883921656b39	0
TRACE	pp_replay_halving_ordinary	5735788	0x15ce2d6143706db1f76c4b515b48cea46829196bda652b02afffffffffffffff	0x5e42463c4c1baf3475f98041acadb3b6d410c11307dea2e3088883921656b39	0
TRACE	pp_replay_halving_ordinary	5741843	0x15ce2d6143706db1f76c4b515b48cea46829196bda652b02afffffffffffffff	0x5e42463c4c1baf3475f98041acadb3b6d410c11307dea2e3088883921656b39	0
TRACE	pp_replay_halving_ordinary	5747898	0x15ce2d6143706db1f76c4b515b48cea46829196bda652b02afffffffffffffff	0x5e42463c4c1baf3475f98041acadb3b6d410c11307dea2e3088883921656b39	0
TRACE	pp_replay_halving_ordinary	5753953	0x15ce2d6143706db1f76c4b515b48cea46829196bda652b02afffffffffffffff	0x5e42463c4c1baf3475f98041acadb3b6d410c11307dea2e3088883921656b39	0
TRACE	pp_replay_halving_ordinary	5760008	0x15ce2d6143706db1f76c4b515b48cea46829196bda652b02afffffffffffffff	0x5e42463c4c1baf3475f98041acadb3b6d410c11307dea2e3088883921656b39	0
TRACE	pp_replay_halving_ordinary	5766063	0x15ce2d6143706db1f76c4b515b48cea46829196bda652b02afffffffffffffff	0x5e42463c4c1baf3475f98041acadb3b6d410c11307dea2e3088883921656b39	0
TRACE	pp_replay_halving_ordinary	5772118	0x15ce2d6143706db1f76c4b515b48cea46829196bda652b02afffffffffffffff	0x5e42463c4c1baf3475f98041acadb3b6d410c11307dea2e3088883921656b39	0
TRACE	pp_replay_halving_ordinary	5778173	0x15ce2d6143706db1f76c4b515b48cea46829196bda652b02afffffffffffffff	0x5e42463c4c1baf3475f98041acadb3b6d410c11307dea2e3088883921656b39	0
TRACE	pp_replay_halving_ordinary	5784228	0x15ce2d6143706db1f76c4b515b48cea46829196bda652b02afffffffffffffff	0x5e42463c4c1baf3475f98041acadb3b6d410c11307dea2e3088883921656b39	0
TRACE	pp_replay_halving_ordinary	5790283	0x15ce2d6143706db1f76c4b515b48cea46829196bda652b02afffffffffffffff	0x5e42463c4c1baf3475f98041acadb3b6d410c11307dea2e3088883921656b39	0
TRACE	pp_replay_halving_ordinary	5796338	0x15ce2d6143706db1f76c4b515b48cea46829196bda652b02afffffffffffffff	0x5e42463c4c1baf3475f98041acadb3b6d410c11307dea2e3088883921656b39	0
TRACE	pp_replay_halving_ordinary	5802393	0x15ce2d6143706db1f76c4b515b48cea46829196bda652b02afffffffffffffff	0x5e42463c4c1baf3475f98041acadb3b6d410c11307dea2e3088883921656b39	0
TRACE	pp_replay_halving_ordinary	5808448	0x15ce2d6143706db1f76c4b515b48cea46829196bda652b02afffffffffffffff	0x5e42463c4c1baf3475f98041acadb3b6d410c11307dea2e3088883921656b39	0
TRACE	pp_replay_halving_ordinary	5814503	0x15ce2d6143706db1f76c4b515b48cea46829196bda652b02afffffffffffffff	0x5e42463c4c1baf3475f98041acadb3b6d410c11307dea2e3088883921656b39	0
TRACE	pp_replay_halving_ordinary	5820558	0x15ce2d6143706db1f76c4b515b48cea46829196bda652b02afffffffffffffff	0x5e42463c4c1baf3475f98041acadb3b6d410c11307dea2e3088883921656b39	0
TRACE	pp_replay_halving_ordinary	5826613	0x15ce2d6143706db1f76c4b515b48cea46829196bda652b02afffffffffffffff	0x5e42463c4c1baf3475f98041acadb3b6d410c11307dea2e3088883921656b39	0
TRACE	pp_replay_halving_ordinary	5832668	0x15ce2d6143706db1f76c4b515b48cea46829196bda652b02afffffffffffffff	0x5e42463c4c1baf3475f98041acadb3b6d410c11307dea2e3088883921656b39	0
TRACE	pp_replay_halving_ordinary	5838723	0x15ce2d6143706db1f76c4b515b48cea46829196bda652b02afffffffffffffff	0x5e42463c4c1baf3475f98041acadb3b6d410c11307dea2e3088883921656b39	0
TRACE	pp_replay_halving_ordinary	5844778	0x15ce2d6143706db1f76c4b515b48cea46829196bda652b02afffffffffffffff	0x5e42463c4c1baf3475f98041acadb3b6d410c11307dea2e3088883921656b39	0
TRACE	pp_replay_halving_ordinary	5850833	0x15ce2d6143706db1f76c4b515b48cea46829196bda652b02afffffffffffffff	0x5e42463c4c1baf3475f98041acadb3b6d410c11307dea2e3088883921656b39	0
TRACE	pp_replay_halving_ordinary	5856888	0x15ce2d6143706db1f76c4b515b48cea46829196bda652b02afffffffffffffff	0x5e42463c4c1baf3475f98041acadb3b6d410c11307dea2e3088883921656b39	0
TRACE	pp_replay_halving_ordinary	5862943	0x15ce2d6143706db1f76c4b515b48cea46829196bda652b02afffffffffffffff	0x5e42463c4c1baf3475f98041acadb3b6d410c11307dea2e3088883921656b39	0
TRACE	pp_replay_halving_ordinary	5868998	0x15ce2d6143706db1f76c4b515b48cea46829196bda652b02afffffffffffffff	0x5e42463c4c1baf3475f98041acadb3b6d410c11307dea2e3088883921656b39	0
TRACE	pp_replay_halving_ordinary	5875053	0x15ce2d6143706db1f76c4b515b48cea46829196bda652b02afffffffffffffff	0x5e42463c4c1baf3475f98041acadb3b6d410c11307dea2e3088883921656b39	0
TRACE	pp_replay_halving_ordinary	5881108	0x15ce2d6143706db1f76c4b515b48cea46829196bda652b02afffffffffffffff	0x5e42463c4c1baf3475f98041acadb3b6d410c11307dea2e3088883921656b39	0
TRACE	pp_replay_halving_ordinary	5887163	0x15ce2d6143706db1f76c4b515b48cea46829196bda652b02afffffffffffffff	0x5e42463c4c1baf3475f98041acadb3b6d410c11307dea2e3088883921656b39	0
TRACE	pp_replay_halving_ordinary	5893218	0x15ce2d6143706db1f76c4b515b48cea46829196bda652b02afffffffffffffff	0x5e42463c4c1baf3475f98041acadb3b6d410c11307dea2e3088883921656b39	0
TRACE	pp_replay_halving_ordinary	5899273	0x15ce2d6143706db1f76c4b515b48cea46829196bda652b02afffffffffffffff	0x5e42463c4c1baf3475f98041acadb3b6d410c11307dea2e3088883921656b39	0
TRACE	pp_replay_halving_ordinary	5905328	0x15ce2d6143706db1f76c4b515b48cea46829196bda652b02afffffffffffffff	0x5e42463c4c1baf3475f98041acadb3b6d410c11307dea2e3088883921656b39	0
TRACE	pp_replay_halving_ordinary	5911383	0x15ce2d6143706db1f76c4b515b48cea46829196bda652b02afffffffffffffff	0x5e42463c4c1baf3475f98041acadb3b6d410c11307dea2e3088883921656b39	0
TRACE	pp_replay_halving_ordinary	5917438	0x15ce2d6143706db1f76c4b515b48cea46829196bda652b02afffffffffffffff	0x5e42463c4c1baf3475f98041acadb3b6d410c11307dea2e3088883921656b39	0
TRACE	pp_replay_halving_ordinary	5923493	0x15ce2d6143706db1f76c4b515b48cea46829196bda652b02afffffffffffffff	0x5e42463c4c1baf3475f98041acadb3b6d410c11307dea2e3088883921656b39	0
TRACE	pp_endpoint	5925805	0x15ce2d6143706db1f76c4b515b48cea46829196bda652b02afffffffffffffff	0xfa1bdb9c3b3e450cb8a067fbe53524c492bef3eecf8215d1cf7777c5de9a90f6	0
TRACE	pp_coefficient_clear	5926061	0x15ce2d6143706db1f76c4b515b48cea46829196bda652b02afffffffffffffff	0xfa1bdb9c3b3e450cb8a067fbe53524c492bef3eecf8215d1cf7777c5de9a90f6	0
TRACE	pp_value_reverse	7373029	0xfffffffffffffffffffffffffffffffffffffffffffffffffffffffefffff978	0xfa1bdb9c3b3e450cb8a067fbe53524c492bef3eecf8215d1cf7777c5de9a90f6	0
TRACE	pp_restore_layout	7374059	0xbec85fbf5c4ef8667136de219567af27d425caebf99f98dd0fa6ab9d18cc5978	0xfa1bdb9c3b3e450cb8a067fbe53524c492bef3eecf8215d1cf7777c5de9a90f6	0
TRACE	window_qrom_3x_load_walk	7378269	0xbec85fbf5c4ef8667136de219567af27d425caebf99f98dd0fa6ab9d18cc5978	0xfa1bdb9c3b3e450cb8a067fbe53524c492bef3eecf8215d1cf7777c5de9a90f6	0
TRACE	tlm_coord_add3x	7388904	0x24a917a8664abbc18e134b63e7babf2cd702930faae40292436af23b31ac7b7b	0xfa1bdb9c3b3e450cb8a067fbe53524c492bef3eecf8215d1cf7777c5de9a90f6	0
TRACE	window_qrom_3x_unload_walk	7389416	0x24a917a8664abbc18e134b63e7babf2cd702930faae40292436af23b31ac7b7b	0xfa1bdb9c3b3e450cb8a067fbe53524c492bef3eecf8215d1cf7777c5de9a90f6	1
TRACE	window_qrom_3x_unload_clear	7394316	0x24a917a8664abbc18e134b63e7babf2cd702930faae40292436af23b31ac7b7b	0xfa1bdb9c3b3e450cb8a067fbe53524c492bef3eecf8215d1cf7777c5de9a90f6	0
TRACE	tlm_square	7394572	0x24a917a8664abbc18e134b63e7babf2cd702930faae40292436af23b31ac7b7b	0xfa1bdb9c3b3e450cb8a067fbe53524c492bef3eecf8215d1cf7777c5de9a90f6	0
TRACE	square_product_register	8318545	0x119f60a34d10c8dcb0c28a786f743e55a9336ea8ed89895f6c95d1a36ad6fdaa	0xfa1bdb9c3b3e450cb8a067fbe53524c492bef3eecf8215d1cf7777c5de9a90f6	0
TRACE	pp_setup	8318795	0x119f60a34d10c8dcb0c28a786f743e55a9336ea8ed89895f6c95d1a36ad6fdaa	0xfa1bdb9c3b3e450cb8a067fbe53524c492bef3eecf8215d1cf7777c5de9a90f6	0
TRACE	pp_value_forward	9768237	0x278a160eae76f1cf5bd3890be7c0b626473c87069dfb0f24b2ebffffffffffff	0xfa1bdb9c3b3e450cb8a067fbe53524c492bef3eecf8215d1cf7777c5de9a90f6	0
TRACE	pp_coefficient_allocate	9768493	0x278a160eae76f1cf5bd3890be7c0b626473c87069dfb0f24b2ebffffffffffff	0xfa1bdb9c3b3e450cb8a067fbe53524c492bef3eecf8215d1cf7777c5de9a90f6	0
COEFFICIENT	pp_coefficient_allocate	9768493	0xfa1bdb9c3b3e450cb8a067fbe53524c492bef3eecf8215d1cf7777c5de9a90f6
TRACE	pp_endpoint	9770549	0x278a160eae76f1cf5bd3890be7c0b626473c87069dfb0f24b2ebffffffffffff	0x5e42463c4c1baf3475f98041acadb3b6d410c11307dea2e3088883921656b39	0
COEFFICIENT	pp_endpoint	9770549	0xfa1bdb9c3b3e450cb8a067fbe53524c492bef3eecf8215d1cf7777c5de9a90f6
TRACE	pp_replay_inverse_ordinary	9776610	0x278a160eae76f1cf5bd3890be7c0b626473c87069dfb0f24b2ebffffffffffff	0x5e42463c4c1baf3475f98041acadb3b6d410c11307dea2e3088883921656b39	0
COEFFICIENT	pp_replay_inverse_ordinary	9776610	0xfa1bdb9c3b3e450cb8a067fbe53524c492bef3eecf8215d1cf7777c5de9a90f6
TRACE	pp_replay_inverse_ordinary	9782671	0x278a160eae76f1cf5bd3890be7c0b626473c87069dfb0f24b2ebffffffffffff	0x5e42463c4c1baf3475f98041acadb3b6d410c11307dea2e3088883921656b39	0
COEFFICIENT	pp_replay_inverse_ordinary	9782671	0xfa1bdb9c3b3e450cb8a067fbe53524c492bef3eecf8215d1cf7777c5de9a90f6
TRACE	pp_replay_inverse_ordinary	9788732	0x278a160eae76f1cf5bd3890be7c0b626473c87069dfb0f24b2ebffffffffffff	0x5e42463c4c1baf3475f98041acadb3b6d410c11307dea2e3088883921656b39	0
COEFFICIENT	pp_replay_inverse_ordinary	9788732	0xfa1bdb9c3b3e450cb8a067fbe53524c492bef3eecf8215d1cf7777c5de9a90f6
TRACE	pp_replay_inverse_ordinary	9794793	0x278a160eae76f1cf5bd3890be7c0b626473c87069dfb0f24b2ebffffffffffff	0x5e42463c4c1baf3475f98041acadb3b6d410c11307dea2e3088883921656b39	0
COEFFICIENT	pp_replay_inverse_ordinary	9794793	0xfa1bdb9c3b3e450cb8a067fbe53524c492bef3eecf8215d1cf7777c5de9a90f6
TRACE	pp_replay_inverse_ordinary	9800854	0x278a160eae76f1cf5bd3890be7c0b626473c87069dfb0f24b2ebffffffffffff	0x5e42463c4c1baf3475f98041acadb3b6d410c11307dea2e3088883921656b39	0
COEFFICIENT	pp_replay_inverse_ordinary	9800854	0xfa1bdb9c3b3e450cb8a067fbe53524c492bef3eecf8215d1cf7777c5de9a90f6
TRACE	pp_replay_inverse_ordinary	9806915	0x278a160eae76f1cf5bd3890be7c0b626473c87069dfb0f24b2ebffffffffffff	0x5e42463c4c1baf3475f98041acadb3b6d410c11307dea2e3088883921656b39	0
COEFFICIENT	pp_replay_inverse_ordinary	9806915	0xfa1bdb9c3b3e450cb8a067fbe53524c492bef3eecf8215d1cf7777c5de9a90f6
TRACE	pp_replay_inverse_ordinary	9812976	0x278a160eae76f1cf5bd3890be7c0b626473c87069dfb0f24b2ebffffffffffff	0x5e42463c4c1baf3475f98041acadb3b6d410c11307dea2e3088883921656b39	0
COEFFICIENT	pp_replay_inverse_ordinary	9812976	0xfa1bdb9c3b3e450cb8a067fbe53524c492bef3eecf8215d1cf7777c5de9a90f6
TRACE	pp_replay_inverse_ordinary	9819037	0x278a160eae76f1cf5bd3890be7c0b626473c87069dfb0f24b2ebffffffffffff	0x5e42463c4c1baf3475f98041acadb3b6d410c11307dea2e3088883921656b39	0
COEFFICIENT	pp_replay_inverse_ordinary	9819037	0xfa1bdb9c3b3e450cb8a067fbe53524c492bef3eecf8215d1cf7777c5de9a90f6
TRACE	pp_replay_inverse_ordinary	9825098	0x278a160eae76f1cf5bd3890be7c0b626473c87069dfb0f24b2ebffffffffffff	0x5e42463c4c1baf3475f98041acadb3b6d410c11307dea2e3088883921656b39	0
COEFFICIENT	pp_replay_inverse_ordinary	9825098	0xfa1bdb9c3b3e450cb8a067fbe53524c492bef3eecf8215d1cf7777c5de9a90f6
TRACE	pp_replay_inverse_ordinary	9831159	0x278a160eae76f1cf5bd3890be7c0b626473c87069dfb0f24b2ebffffffffffff	0x5e42463c4c1baf3475f98041acadb3b6d410c11307dea2e3088883921656b39	0
COEFFICIENT	pp_replay_inverse_ordinary	9831159	0xfa1bdb9c3b3e450cb8a067fbe53524c492bef3eecf8215d1cf7777c5de9a90f6
TRACE	pp_replay_inverse_ordinary	9837220	0x278a160eae76f1cf5bd3890be7c0b626473c87069dfb0f24b2ebffffffffffff	0x5e42463c4c1baf3475f98041acadb3b6d410c11307dea2e3088883921656b39	0
COEFFICIENT	pp_replay_inverse_ordinary	9837220	0xfa1bdb9c3b3e450cb8a067fbe53524c492bef3eecf8215d1cf7777c5de9a90f6
TRACE	pp_replay_inverse_ordinary	9843281	0x278a160eae76f1cf5bd3890be7c0b626473c87069dfb0f24b2ebffffffffffff	0x5e42463c4c1baf3475f98041acadb3b6d410c11307dea2e3088883921656b39	0
COEFFICIENT	pp_replay_inverse_ordinary	9843281	0xfa1bdb9c3b3e450cb8a067fbe53524c492bef3eecf8215d1cf7777c5de9a90f6
TRACE	pp_replay_inverse_ordinary	9849342	0x278a160eae76f1cf5bd3890be7c0b626473c87069dfb0f24b2ebffffffffffff	0x5e42463c4c1baf3475f98041acadb3b6d410c11307dea2e3088883921656b39	0
COEFFICIENT	pp_replay_inverse_ordinary	9849342	0xfa1bdb9c3b3e450cb8a067fbe53524c492bef3eecf8215d1cf7777c5de9a90f6
TRACE	pp_replay_inverse_ordinary	9855403	0x278a160eae76f1cf5bd3890be7c0b626473c87069dfb0f24b2ebffffffffffff	0x5e42463c4c1baf3475f98041acadb3b6d410c11307dea2e3088883921656b39	0
COEFFICIENT	pp_replay_inverse_ordinary	9855403	0xfa1bdb9c3b3e450cb8a067fbe53524c492bef3eecf8215d1cf7777c5de9a90f6
TRACE	pp_replay_inverse_ordinary	9861464	0x278a160eae76f1cf5bd3890be7c0b626473c87069dfb0f24b2ebffffffffffff	0x5e42463c4c1baf3475f98041acadb3b6d410c11307dea2e3088883921656b39	0
COEFFICIENT	pp_replay_inverse_ordinary	9861464	0xfa1bdb9c3b3e450cb8a067fbe53524c492bef3eecf8215d1cf7777c5de9a90f6
TRACE	pp_replay_inverse_ordinary	9867525	0x278a160eae76f1cf5bd3890be7c0b626473c87069dfb0f24b2ebffffffffffff	0x5e42463c4c1baf3475f98041acadb3b6d410c11307dea2e3088883921656b39	0
COEFFICIENT	pp_replay_inverse_ordinary	9867525	0xfa1bdb9c3b3e450cb8a067fbe53524c492bef3eecf8215d1cf7777c5de9a90f6
TRACE	pp_replay_inverse_ordinary	9873586	0x278a160eae76f1cf5bd3890be7c0b626473c87069dfb0f24b2ebffffffffffff	0x5e42463c4c1baf3475f98041acadb3b6d410c11307dea2e3088883921656b39	0
COEFFICIENT	pp_replay_inverse_ordinary	9873586	0xfa1bdb9c3b3e450cb8a067fbe53524c492bef3eecf8215d1cf7777c5de9a90f6
TRACE	pp_replay_inverse_ordinary	9879647	0x278a160eae76f1cf5bd3890be7c0b626473c87069dfb0f24b2ebffffffffffff	0x5e42463c4c1baf3475f98041acadb3b6d410c11307dea2e3088883921656b39	0
COEFFICIENT	pp_replay_inverse_ordinary	9879647	0xfa1bdb9c3b3e450cb8a067fbe53524c492bef3eecf8215d1cf7777c5de9a90f6
TRACE	pp_replay_inverse_ordinary	9885708	0x278a160eae76f1cf5bd3890be7c0b626473c87069dfb0f24b2ebffffffffffff	0x5e42463c4c1baf3475f98041acadb3b6d410c11307dea2e3088883921656b39	0
COEFFICIENT	pp_replay_inverse_ordinary	9885708	0xfa1bdb9c3b3e450cb8a067fbe53524c492bef3eecf8215d1cf7777c5de9a90f6
TRACE	pp_replay_inverse_ordinary	9891769	0x278a160eae76f1cf5bd3890be7c0b626473c87069dfb0f24b2ebffffffffffff	0x5e42463c4c1baf3475f98041acadb3b6d410c11307dea2e3088883921656b39	0
COEFFICIENT	pp_replay_inverse_ordinary	9891769	0xfa1bdb9c3b3e450cb8a067fbe53524c492bef3eecf8215d1cf7777c5de9a90f6
TRACE	pp_replay_inverse_ordinary	9897830	0x278a160eae76f1cf5bd3890be7c0b626473c87069dfb0f24b2ebffffffffffff	0x5e42463c4c1baf3475f98041acadb3b6d410c11307dea2e3088883921656b39	0
COEFFICIENT	pp_replay_inverse_ordinary	9897830	0xfa1bdb9c3b3e450cb8a067fbe53524c492bef3eecf8215d1cf7777c5de9a90f6
TRACE	pp_replay_inverse_ordinary	9903891	0x278a160eae76f1cf5bd3890be7c0b626473c87069dfb0f24b2ebffffffffffff	0x5e42463c4c1baf3475f98041acadb3b6d410c11307dea2e3088883921656b39	0
COEFFICIENT	pp_replay_inverse_ordinary	9903891	0xfa1bdb9c3b3e450cb8a067fbe53524c492bef3eecf8215d1cf7777c5de9a90f6
TRACE	pp_replay_inverse_ordinary	9909952	0x278a160eae76f1cf5bd3890be7c0b626473c87069dfb0f24b2ebffffffffffff	0x5e42463c4c1baf3475f98041acadb3b6d410c11307dea2e3088883921656b39	0
COEFFICIENT	pp_replay_inverse_ordinary	9909952	0xfa1bdb9c3b3e450cb8a067fbe53524c492bef3eecf8215d1cf7777c5de9a90f6
TRACE	pp_replay_inverse_ordinary	9916013	0x278a160eae76f1cf5bd3890be7c0b626473c87069dfb0f24b2ebffffffffffff	0x5e42463c4c1baf3475f98041acadb3b6d410c11307dea2e3088883921656b39	0
COEFFICIENT	pp_replay_inverse_ordinary	9916013	0xfa1bdb9c3b3e450cb8a067fbe53524c492bef3eecf8215d1cf7777c5de9a90f6
TRACE	pp_replay_inverse_ordinary	9922074	0x278a160eae76f1cf5bd3890be7c0b626473c87069dfb0f24b2ebffffffffffff	0x5e42463c4c1baf3475f98041acadb3b6d410c11307dea2e3088883921656b39	0
COEFFICIENT	pp_replay_inverse_ordinary	9922074	0xfa1bdb9c3b3e450cb8a067fbe53524c492bef3eecf8215d1cf7777c5de9a90f6
TRACE	pp_replay_inverse_ordinary	9928135	0x278a160eae76f1cf5bd3890be7c0b626473c87069dfb0f24b2ebffffffffffff	0x5e42463c4c1baf3475f98041acadb3b6d410c11307dea2e3088883921656b39	0
COEFFICIENT	pp_replay_inverse_ordinary	9928135	0xfa1bdb9c3b3e450cb8a067fbe53524c492bef3eecf8215d1cf7777c5de9a90f6
TRACE	pp_replay_inverse_ordinary	9934196	0x278a160eae76f1cf5bd3890be7c0b626473c87069dfb0f24b2ebffffffffffff	0x5e42463c4c1baf3475f98041acadb3b6d410c11307dea2e3088883921656b39	0
COEFFICIENT	pp_replay_inverse_ordinary	9934196	0xfa1bdb9c3b3e450cb8a067fbe53524c492bef3eecf8215d1cf7777c5de9a90f6
TRACE	pp_replay_inverse_ordinary	9940257	0x278a160eae76f1cf5bd3890be7c0b626473c87069dfb0f24b2ebffffffffffff	0x5e42463c4c1baf3475f98041acadb3b6d410c11307dea2e3088883921656b39	0
COEFFICIENT	pp_replay_inverse_ordinary	9940257	0xfa1bdb9c3b3e450cb8a067fbe53524c492bef3eecf8215d1cf7777c5de9a90f6
TRACE	pp_replay_inverse_ordinary	9946318	0x278a160eae76f1cf5bd3890be7c0b626473c87069dfb0f24b2ebffffffffffff	0x5e42463c4c1baf3475f98041acadb3b6d410c11307dea2e3088883921656b39	0
COEFFICIENT	pp_replay_inverse_ordinary	9946318	0xfa1bdb9c3b3e450cb8a067fbe53524c492bef3eecf8215d1cf7777c5de9a90f6
TRACE	pp_replay_inverse_ordinary	9952379	0x278a160eae76f1cf5bd3890be7c0b626473c87069dfb0f24b2ebffffffffffff	0x5e42463c4c1baf3475f98041acadb3b6d410c11307dea2e3088883921656b39	0
COEFFICIENT	pp_replay_inverse_ordinary	9952379	0xfa1bdb9c3b3e450cb8a067fbe53524c492bef3eecf8215d1cf7777c5de9a90f6
TRACE	pp_replay_inverse_ordinary	9958440	0x278a160eae76f1cf5bd3890be7c0b626473c87069dfb0f24b2ebffffffffffff	0x5e42463c4c1baf3475f98041acadb3b6d410c11307dea2e3088883921656b39	0
COEFFICIENT	pp_replay_inverse_ordinary	9958440	0xfa1bdb9c3b3e450cb8a067fbe53524c492bef3eecf8215d1cf7777c5de9a90f6
TRACE	pp_replay_inverse_ordinary	9964501	0x278a160eae76f1cf5bd3890be7c0b626473c87069dfb0f24b2ebffffffffffff	0x5e42463c4c1baf3475f98041acadb3b6d410c11307dea2e3088883921656b39	0
COEFFICIENT	pp_replay_inverse_ordinary	9964501	0xfa1bdb9c3b3e450cb8a067fbe53524c492bef3eecf8215d1cf7777c5de9a90f6
TRACE	pp_replay_inverse_ordinary	9970562	0x278a160eae76f1cf5bd3890be7c0b626473c87069dfb0f24b2ebffffffffffff	0x5e42463c4c1baf3475f98041acadb3b6d410c11307dea2e3088883921656b39	0
COEFFICIENT	pp_replay_inverse_ordinary	9970562	0xfa1bdb9c3b3e450cb8a067fbe53524c492bef3eecf8215d1cf7777c5de9a90f6
TRACE	pp_replay_inverse_ordinary	9976623	0x278a160eae76f1cf5bd3890be7c0b626473c87069dfb0f24b2ebffffffffffff	0x5e42463c4c1baf3475f98041acadb3b6d410c11307dea2e3088883921656b39	0
COEFFICIENT	pp_replay_inverse_ordinary	9976623	0xfa1bdb9c3b3e450cb8a067fbe53524c492bef3eecf8215d1cf7777c5de9a90f6
TRACE	pp_replay_inverse_ordinary	9982684	0x278a160eae76f1cf5bd3890be7c0b626473c87069dfb0f24b2ebffffffffffff	0x5e42463c4c1baf3475f98041acadb3b6d410c11307dea2e3088883921656b39	0
COEFFICIENT	pp_replay_inverse_ordinary	9982684	0xfa1bdb9c3b3e450cb8a067fbe53524c492bef3eecf8215d1cf7777c5de9a90f6
TRACE	pp_replay_inverse_ordinary	9988745	0x278a160eae76f1cf5bd3890be7c0b626473c87069dfb0f24b2ebffffffffffff	0x5e42463c4c1baf3475f98041acadb3b6d410c11307dea2e3088883921656b39	0
COEFFICIENT	pp_replay_inverse_ordinary	9988745	0xfa1bdb9c3b3e450cb8a067fbe53524c492bef3eecf8215d1cf7777c5de9a90f6
TRACE	pp_replay_inverse_ordinary	9994806	0x278a160eae76f1cf5bd3890be7c0b626473c87069dfb0f24b2ebffffffffffff	0x5e42463c4c1baf3475f98041acadb3b6d410c11307dea2e3088883921656b39	0
COEFFICIENT	pp_replay_inverse_ordinary	9994806	0xfa1bdb9c3b3e450cb8a067fbe53524c492bef3eecf8215d1cf7777c5de9a90f6
TRACE	pp_replay_inverse_ordinary	10000867	0x278a160eae76f1cf5bd3890be7c0b626473c87069dfb0f24b2ebffffffffffff	0x5e42463c4c1baf3475f98041acadb3b6d410c11307dea2e3088883921656b39	0
COEFFICIENT	pp_replay_inverse_ordinary	10000867	0xfa1bdb9c3b3e450cb8a067fbe53524c492bef3eecf8215d1cf7777c5de9a90f6
TRACE	pp_replay_inverse_ordinary	10006928	0x278a160eae76f1cf5bd3890be7c0b626473c87069dfb0f24b2ebffffffffffff	0x5e42463c4c1baf3475f98041acadb3b6d410c11307dea2e3088883921656b39	0
COEFFICIENT	pp_replay_inverse_ordinary	10006928	0xfa1bdb9c3b3e450cb8a067fbe53524c492bef3eecf8215d1cf7777c5de9a90f6
TRACE	pp_replay_inverse_ordinary	10012989	0x278a160eae76f1cf5bd3890be7c0b626473c87069dfb0f24b2ebffffffffffff	0x5e42463c4c1baf3475f98041acadb3b6d410c11307dea2e3088883921656b39	0
COEFFICIENT	pp_replay_inverse_ordinary	10012989	0xfa1bdb9c3b3e450cb8a067fbe53524c492bef3eecf8215d1cf7777c5de9a90f6
TRACE	pp_replay_inverse_ordinary	10019050	0x278a160eae76f1cf5bd3890be7c0b626473c87069dfb0f24b2ebffffffffffff	0x5e42463c4c1baf3475f98041acadb3b6d410c11307dea2e3088883921656b39	0
COEFFICIENT	pp_replay_inverse_ordinary	10019050	0xfa1bdb9c3b3e450cb8a067fbe53524c492bef3eecf8215d1cf7777c5de9a90f6
TRACE	pp_replay_inverse_ordinary	10025111	0x278a160eae76f1cf5bd3890be7c0b626473c87069dfb0f24b2ebffffffffffff	0x5e42463c4c1baf3475f98041acadb3b6d410c11307dea2e3088883921656b39	0
COEFFICIENT	pp_replay_inverse_ordinary	10025111	0xfa1bdb9c3b3e450cb8a067fbe53524c492bef3eecf8215d1cf7777c5de9a90f6
TRACE	pp_replay_inverse_ordinary	10031172	0x278a160eae76f1cf5bd3890be7c0b626473c87069dfb0f24b2ebffffffffffff	0x5e42463c4c1baf3475f98041acadb3b6d410c11307dea2e3088883921656b39	0
COEFFICIENT	pp_replay_inverse_ordinary	10031172	0xfa1bdb9c3b3e450cb8a067fbe53524c492bef3eecf8215d1cf7777c5de9a90f6
TRACE	pp_replay_inverse_ordinary	10037233	0x278a160eae76f1cf5bd3890be7c0b626473c87069dfb0f24b2ebffffffffffff	0x5e42463c4c1baf3475f98041acadb3b6d410c11307dea2e3088883921656b39	0
COEFFICIENT	pp_replay_inverse_ordinary	10037233	0xfa1bdb9c3b3e450cb8a067fbe53524c492bef3eecf8215d1cf7777c5de9a90f6
TRACE	pp_replay_inverse_ordinary	10043294	0x278a160eae76f1cf5bd3890be7c0b626473c87069dfb0f24b2ebffffffffffff	0x5e42463c4c1baf3475f98041acadb3b6d410c11307dea2e3088883921656b39	0
COEFFICIENT	pp_replay_inverse_ordinary	10043294	0xfa1bdb9c3b3e450cb8a067fbe53524c492bef3eecf8215d1cf7777c5de9a90f6
TRACE	pp_replay_inverse_ordinary	10049355	0x278a160eae76f1cf5bd3890be7c0b626473c87069dfb0f24b2ebffffffffffff	0x5e42463c4c1baf3475f98041acadb3b6d410c11307dea2e3088883921656b39	0
COEFFICIENT	pp_replay_inverse_ordinary	10049355	0xfa1bdb9c3b3e450cb8a067fbe53524c492bef3eecf8215d1cf7777c5de9a90f6
TRACE	pp_replay_inverse_ordinary	10055416	0x278a160eae76f1cf5bd3890be7c0b626473c87069dfb0f24b2ebffffffffffff	0x5e42463c4c1baf3475f98041acadb3b6d410c11307dea2e3088883921656b39	0
COEFFICIENT	pp_replay_inverse_ordinary	10055416	0xfa1bdb9c3b3e450cb8a067fbe53524c492bef3eecf8215d1cf7777c5de9a90f6
TRACE	pp_replay_inverse_ordinary	10061477	0x278a160eae76f1cf5bd3890be7c0b626473c87069dfb0f24b2ebffffffffffff	0x5e42463c4c1baf3475f98041acadb3b6d410c11307dea2e3088883921656b39	0
COEFFICIENT	pp_replay_inverse_ordinary	10061477	0xfa1bdb9c3b3e450cb8a067fbe53524c492bef3eecf8215d1cf7777c5de9a90f6
TRACE	pp_replay_inverse_ordinary	10067538	0x278a160eae76f1cf5bd3890be7c0b626473c87069dfb0f24b2ebffffffffffff	0x5e42463c4c1baf3475f98041acadb3b6d410c11307dea2e3088883921656b39	0
COEFFICIENT	pp_replay_inverse_ordinary	10067538	0xfa1bdb9c3b3e450cb8a067fbe53524c492bef3eecf8215d1cf7777c5de9a90f6
TRACE	pp_replay_inverse_ordinary	10073599	0x278a160eae76f1cf5bd3890be7c0b626473c87069dfb0f24b2ebffffffffffff	0x5e42463c4c1baf3475f98041acadb3b6d410c11307dea2e3088883921656b39	0
COEFFICIENT	pp_replay_inverse_ordinary	10073599	0xfa1bdb9c3b3e450cb8a067fbe53524c492bef3eecf8215d1cf7777c5de9a90f6
TRACE	pp_replay_inverse_ordinary	10079660	0x278a160eae76f1cf5bd3890be7c0b626473c87069dfb0f24b2ebffffffffffff	0x5e42463c4c1baf3475f98041acadb3b6d410c11307dea2e3088883921656b39	0
COEFFICIENT	pp_replay_inverse_ordinary	10079660	0xfa1bdb9c3b3e450cb8a067fbe53524c492bef3eecf8215d1cf7777c5de9a90f6
TRACE	pp_replay_inverse_ordinary	10085721	0x278a160eae76f1cf5bd3890be7c0b626473c87069dfb0f24b2ebffffffffffff	0x5e42463c4c1baf3475f98041acadb3b6d410c11307dea2e3088883921656b39	0
COEFFICIENT	pp_replay_inverse_ordinary	10085721	0xfa1bdb9c3b3e450cb8a067fbe53524c492bef3eecf8215d1cf7777c5de9a90f6
TRACE	pp_replay_inverse_ordinary	10091782	0x278a160eae76f1cf5bd3890be7c0b626473c87069dfb0f24b2ebffffffffffff	0x5e42463c4c1baf3475f98041acadb3b6d410c11307dea2e3088883921656b39	0
COEFFICIENT	pp_replay_inverse_ordinary	10091782	0xfa1bdb9c3b3e450cb8a067fbe53524c492bef3eecf8215d1cf7777c5de9a90f6
TRACE	pp_replay_inverse_ordinary	10097843	0x278a160eae76f1cf5bd3890be7c0b626473c87069dfb0f24b2ebffffffffffff	0x5e42463c4c1baf3475f98041acadb3b6d410c11307dea2e3088883921656b39	0
COEFFICIENT	pp_replay_inverse_ordinary	10097843	0xfa1bdb9c3b3e450cb8a067fbe53524c492bef3eecf8215d1cf7777c5de9a90f6
TRACE	pp_replay_inverse_ordinary	10103904	0x278a160eae76f1cf5bd3890be7c0b626473c87069dfb0f24b2ebffffffffffff	0x5e42463c4c1baf3475f98041acadb3b6d410c11307dea2e3088883921656b39	0
COEFFICIENT	pp_replay_inverse_ordinary	10103904	0xfa1bdb9c3b3e450cb8a067fbe53524c492bef3eecf8215d1cf7777c5de9a90f6
TRACE	pp_replay_inverse_ordinary	10109965	0x278a160eae76f1cf5bd3890be7c0b626473c87069dfb0f24b2ebffffffffffff	0x5e42463c4c1baf3475f98041acadb3b6d410c11307dea2e3088883921656b39	0
COEFFICIENT	pp_replay_inverse_ordinary	10109965	0xfa1bdb9c3b3e450cb8a067fbe53524c492bef3eecf8215d1cf7777c5de9a90f6
TRACE	pp_replay_inverse_ordinary	10116026	0x278a160eae76f1cf5bd3890be7c0b626473c87069dfb0f24b2ebffffffffffff	0x5e42463c4c1baf3475f98041acadb3b6d410c11307dea2e3088883921656b39	0
COEFFICIENT	pp_replay_inverse_ordinary	10116026	0xfa1bdb9c3b3e450cb8a067fbe53524c492bef3eecf8215d1cf7777c5de9a90f6
TRACE	pp_replay_inverse_ordinary	10122087	0x278a160eae76f1cf5bd3890be7c0b626473c87069dfb0f24b2ebffffffffffff	0x5e42463c4c1baf3475f98041acadb3b6d410c11307dea2e3088883921656b39	0
COEFFICIENT	pp_replay_inverse_ordinary	10122087	0xfa1bdb9c3b3e450cb8a067fbe53524c492bef3eecf8215d1cf7777c5de9a90f6
TRACE	pp_replay_inverse_ordinary	10128148	0x278a160eae76f1cf5bd3890be7c0b626473c87069dfb0f24b2ebffffffffffff	0x5e42463c4c1baf3475f98041acadb3b6d410c11307dea2e3088883921656b39	0
COEFFICIENT	pp_replay_inverse_ordinary	10128148	0xfa1bdb9c3b3e450cb8a067fbe53524c492bef3eecf8215d1cf7777c5de9a90f6
TRACE	pp_replay_inverse_ordinary	10134209	0x278a160eae76f1cf5bd3890be7c0b626473c87069dfb0f24b2ebffffffffffff	0x5e42463c4c1baf3475f98041acadb3b6d410c11307dea2e3088883921656b39	0
COEFFICIENT	pp_replay_inverse_ordinary	10134209	0xfa1bdb9c3b3e450cb8a067fbe53524c492bef3eecf8215d1cf7777c5de9a90f6
TRACE	pp_replay_inverse_ordinary	10140270	0x278a160eae76f1cf5bd3890be7c0b626473c87069dfb0f24b2ebffffffffffff	0x5e42463c4c1baf3475f98041acadb3b6d410c11307dea2e3088883921656b39	0
COEFFICIENT	pp_replay_inverse_ordinary	10140270	0xfa1bdb9c3b3e450cb8a067fbe53524c492bef3eecf8215d1cf7777c5de9a90f6
TRACE	pp_replay_inverse_ordinary	10146331	0x278a160eae76f1cf5bd3890be7c0b626473c87069dfb0f24b2ebffffffffffff	0x5e42463c4c1baf3475f98041acadb3b6d410c11307dea2e3088883921656b39	0
COEFFICIENT	pp_replay_inverse_ordinary	10146331	0xfa1bdb9c3b3e450cb8a067fbe53524c492bef3eecf8215d1cf7777c5de9a90f6
TRACE	pp_replay_inverse_ordinary	10152392	0x278a160eae76f1cf5bd3890be7c0b626473c87069dfb0f24b2ebffffffffffff	0x5e42463c4c1baf3475f98041acadb3b6d410c11307dea2e3088883921656b39	0
COEFFICIENT	pp_replay_inverse_ordinary	10152392	0xfa1bdb9c3b3e450cb8a067fbe53524c492bef3eecf8215d1cf7777c5de9a90f6
TRACE	pp_replay_inverse_ordinary	10158453	0x278a160eae76f1cf5bd3890be7c0b626473c87069dfb0f24b2ebffffffffffff	0x5e42463c4c1baf3475f98041acadb3b6d410c11307dea2e3088883921656b39	0
COEFFICIENT	pp_replay_inverse_ordinary	10158453	0xfa1bdb9c3b3e450cb8a067fbe53524c492bef3eecf8215d1cf7777c5de9a90f6
TRACE	pp_replay_inverse_ordinary	10164514	0x278a160eae76f1cf5bd3890be7c0b626473c87069dfb0f24b2ebffffffffffff	0x5e42463c4c1baf3475f98041acadb3b6d410c11307dea2e3088883921656b39	0
COEFFICIENT	pp_replay_inverse_ordinary	10164514	0xfa1bdb9c3b3e450cb8a067fbe53524c492bef3eecf8215d1cf7777c5de9a90f6
TRACE	pp_replay_inverse_ordinary	10170575	0x278a160eae76f1cf5bd3890be7c0b626473c87069dfb0f24b2ebffffffffffff	0x5e42463c4c1baf3475f98041acadb3b6d410c11307dea2e3088883921656b39	0
COEFFICIENT	pp_replay_inverse_ordinary	10170575	0xfa1bdb9c3b3e450cb8a067fbe53524c492bef3eecf8215d1cf7777c5de9a90f6
TRACE	pp_replay_inverse_ordinary	10176636	0x278a160eae76f1cf5bd3890be7c0b626473c87069dfb0f24b2ebffffffffffff	0x5e42463c4c1baf3475f98041acadb3b6d410c11307dea2e3088883921656b39	0
COEFFICIENT	pp_replay_inverse_ordinary	10176636	0xfa1bdb9c3b3e450cb8a067fbe53524c492bef3eecf8215d1cf7777c5de9a90f6
TRACE	pp_replay_inverse_ordinary	10182697	0x278a160eae76f1cf5bd3890be7c0b626473c87069dfb0f24b2ebffffffffffff	0x5e42463c4c1baf3475f98041acadb3b6d410c11307dea2e3088883921656b39	0
COEFFICIENT	pp_replay_inverse_ordinary	10182697	0xfa1bdb9c3b3e450cb8a067fbe53524c492bef3eecf8215d1cf7777c5de9a90f6
TRACE	pp_replay_inverse_ordinary	10188758	0x278a160eae76f1cf5bd3890be7c0b626473c87069dfb0f24b2ebffffffffffff	0x5e42463c4c1baf3475f98041acadb3b6d410c11307dea2e3088883921656b39	0
COEFFICIENT	pp_replay_inverse_ordinary	10188758	0xfa1bdb9c3b3e450cb8a067fbe53524c492bef3eecf8215d1cf7777c5de9a90f6
TRACE	pp_replay_inverse_ordinary	10194819	0x278a160eae76f1cf5bd3890be7c0b626473c87069dfb0f24b2ebffffffffffff	0x5e42463c4c1baf3475f98041acadb3b6d410c11307dea2e3088883921656b39	0
COEFFICIENT	pp_replay_inverse_ordinary	10194819	0xfa1bdb9c3b3e450cb8a067fbe53524c492bef3eecf8215d1cf7777c5de9a90f6
TRACE	pp_replay_inverse_ordinary	10200880	0x278a160eae76f1cf5bd3890be7c0b626473c87069dfb0f24b2ebffffffffffff	0x5e42463c4c1baf3475f98041acadb3b6d410c11307dea2e3088883921656b39	0
COEFFICIENT	pp_replay_inverse_ordinary	10200880	0xfa1bdb9c3b3e450cb8a067fbe53524c492bef3eecf8215d1cf7777c5de9a90f6
TRACE	pp_replay_inverse_ordinary	10206941	0x278a160eae76f1cf5bd3890be7c0b626473c87069dfb0f24b2ebffffffffffff	0x5e42463c4c1baf3475f98041acadb3b6d410c11307dea2e3088883921656b39	0
COEFFICIENT	pp_replay_inverse_ordinary	10206941	0xfa1bdb9c3b3e450cb8a067fbe53524c492bef3eecf8215d1cf7777c5de9a90f6
TRACE	pp_replay_inverse_ordinary	10213002	0x278a160eae76f1cf5bd3890be7c0b626473c87069dfb0f24b2ebffffffffffff	0x5e42463c4c1baf3475f98041acadb3b6d410c11307dea2e3088883921656b39	0
COEFFICIENT	pp_replay_inverse_ordinary	10213002	0xfa1bdb9c3b3e450cb8a067fbe53524c492bef3eecf8215d1cf7777c5de9a90f6
TRACE	pp_replay_inverse_ordinary	10219063	0x278a160eae76f1cf5bd3890be7c0b626473c87069dfb0f24b2ebffffffffffff	0x5e42463c4c1baf3475f98041acadb3b6d410c11307dea2e3088883921656b39	0
COEFFICIENT	pp_replay_inverse_ordinary	10219063	0xfa1bdb9c3b3e450cb8a067fbe53524c492bef3eecf8215d1cf7777c5de9a90f6
TRACE	pp_replay_inverse_ordinary	10225124	0x278a160eae76f1cf5bd3890be7c0b626473c87069dfb0f24b2ebffffffffffff	0x5e42463c4c1baf3475f98041acadb3b6d410c11307dea2e3088883921656b39	0
COEFFICIENT	pp_replay_inverse_ordinary	10225124	0xfa1bdb9c3b3e450cb8a067fbe53524c492bef3eecf8215d1cf7777c5de9a90f6
TRACE	pp_replay_inverse_ordinary	10231185	0x278a160eae76f1cf5bd3890be7c0b626473c87069dfb0f24b2ebffffffffffff	0x5e42463c4c1baf3475f98041acadb3b6d410c11307dea2e3088883921656b39	0
COEFFICIENT	pp_replay_inverse_ordinary	10231185	0xfa1bdb9c3b3e450cb8a067fbe53524c492bef3eecf8215d1cf7777c5de9a90f6
TRACE	pp_replay_inverse_ordinary	10237246	0x278a160eae76f1cf5bd3890be7c0b626473c87069dfb0f24b2ebffffffffffff	0x5e42463c4c1baf3475f98041acadb3b6d410c11307dea2e3088883921656b39	0
COEFFICIENT	pp_replay_inverse_ordinary	10237246	0xfa1bdb9c3b3e450cb8a067fbe53524c492bef3eecf8215d1cf7777c5de9a90f6
TRACE	pp_replay_inverse_ordinary	10243307	0x278a160eae76f1cf5bd3890be7c0b626473c87069dfb0f24b2ebffffffffffff	0x5e42463c4c1baf3475f98041acadb3b6d410c11307dea2e3088883921656b39	0
COEFFICIENT	pp_replay_inverse_ordinary	10243307	0xfa1bdb9c3b3e450cb8a067fbe53524c492bef3eecf8215d1cf7777c5de9a90f6
TRACE	pp_replay_inverse_ordinary	10249368	0x278a160eae76f1cf5bd3890be7c0b626473c87069dfb0f24b2ebffffffffffff	0x5e42463c4c1baf3475f98041acadb3b6d410c11307dea2e3088883921656b39	0
COEFFICIENT	pp_replay_inverse_ordinary	10249368	0xfa1bdb9c3b3e450cb8a067fbe53524c492bef3eecf8215d1cf7777c5de9a90f6
TRACE	pp_replay_inverse_ordinary	10255429	0x278a160eae76f1cf5bd3890be7c0b626473c87069dfb0f24b2ebffffffffffff	0x5e42463c4c1baf3475f98041acadb3b6d410c11307dea2e3088883921656b39	0
COEFFICIENT	pp_replay_inverse_ordinary	10255429	0xfa1bdb9c3b3e450cb8a067fbe53524c492bef3eecf8215d1cf7777c5de9a90f6
TRACE	pp_replay_inverse_ordinary	10261490	0x278a160eae76f1cf5bd3890be7c0b626473c87069dfb0f24b2ebffffffffffff	0x5e42463c4c1baf3475f98041acadb3b6d410c11307dea2e3088883921656b39	0
COEFFICIENT	pp_replay_inverse_ordinary	10261490	0xfa1bdb9c3b3e450cb8a067fbe53524c492bef3eecf8215d1cf7777c5de9a90f6
TRACE	pp_replay_inverse_ordinary	10267551	0x278a160eae76f1cf5bd3890be7c0b626473c87069dfb0f24b2ebffffffffffff	0x5e42463c4c1baf3475f98041acadb3b6d410c11307dea2e3088883921656b39	0
COEFFICIENT	pp_replay_inverse_ordinary	10267551	0xfa1bdb9c3b3e450cb8a067fbe53524c492bef3eecf8215d1cf7777c5de9a90f6
TRACE	pp_replay_inverse_ordinary	10273612	0x278a160eae76f1cf5bd3890be7c0b626473c87069dfb0f24b2ebffffffffffff	0x5e42463c4c1baf3475f98041acadb3b6d410c11307dea2e3088883921656b39	0
COEFFICIENT	pp_replay_inverse_ordinary	10273612	0xfa1bdb9c3b3e450cb8a067fbe53524c492bef3eecf8215d1cf7777c5de9a90f6
TRACE	pp_replay_inverse_ordinary	10279673	0x278a160eae76f1cf5bd3890be7c0b626473c87069dfb0f24b2ebffffffffffff	0x5e42463c4c1baf3475f98041acadb3b6d410c11307dea2e3088883921656b39	0
COEFFICIENT	pp_replay_inverse_ordinary	10279673	0xfa1bdb9c3b3e450cb8a067fbe53524c492bef3eecf8215d1cf7777c5de9a90f6
TRACE	pp_replay_inverse_ordinary	10285734	0x278a160eae76f1cf5bd3890be7c0b626473c87069dfb0f24b2ebffffffffffff	0x5e42463c4c1baf3475f98041acadb3b6d410c11307dea2e3088883921656b39	0
COEFFICIENT	pp_replay_inverse_ordinary	10285734	0xfa1bdb9c3b3e450cb8a067fbe53524c492bef3eecf8215d1cf7777c5de9a90f6
TRACE	pp_replay_inverse_ordinary	10291795	0x278a160eae76f1cf5bd3890be7c0b626473c87069dfb0f24b2ebffffffffffff	0x5e42463c4c1baf3475f98041acadb3b6d410c11307dea2e3088883921656b39	0
COEFFICIENT	pp_replay_inverse_ordinary	10291795	0xfa1bdb9c3b3e450cb8a067fbe53524c492bef3eecf8215d1cf7777c5de9a90f6
TRACE	pp_replay_inverse_ordinary	10297856	0x278a160eae76f1cf5bd3890be7c0b626473c87069dfb0f24b2ebffffffffffff	0x5e42463c4c1baf3475f98041acadb3b6d410c11307dea2e3088883921656b39	0
COEFFICIENT	pp_replay_inverse_ordinary	10297856	0xfa1bdb9c3b3e450cb8a067fbe53524c492bef3eecf8215d1cf7777c5de9a90f6
TRACE	pp_replay_inverse_ordinary	10303917	0x278a160eae76f1cf5bd3890be7c0b626473c87069dfb0f24b2ebffffffffffff	0x5e42463c4c1baf3475f98041acadb3b6d410c11307dea2e3088883921656b39	0
COEFFICIENT	pp_replay_inverse_ordinary	10303917	0xfa1bdb9c3b3e450cb8a067fbe53524c492bef3eecf8215d1cf7777c5de9a90f6
TRACE	pp_replay_inverse_ordinary	10309978	0x278a160eae76f1cf5bd3890be7c0b626473c87069dfb0f24b2ebffffffffffff	0x5e42463c4c1baf3475f98041acadb3b6d410c11307dea2e3088883921656b39	0
COEFFICIENT	pp_replay_inverse_ordinary	10309978	0xfa1bdb9c3b3e450cb8a067fbe53524c492bef3eecf8215d1cf7777c5de9a90f6
TRACE	pp_replay_inverse_ordinary	10316039	0x278a160eae76f1cf5bd3890be7c0b626473c87069dfb0f24b2ebffffffffffff	0x5e42463c4c1baf3475f98041acadb3b6d410c11307dea2e3088883921656b39	0
COEFFICIENT	pp_replay_inverse_ordinary	10316039	0xfa1bdb9c3b3e450cb8a067fbe53524c492bef3eecf8215d1cf7777c5de9a90f6
TRACE	pp_replay_inverse_ordinary	10322100	0x278a160eae76f1cf5bd3890be7c0b626473c87069dfb0f24b2ebffffffffffff	0x5e42463c4c1baf3475f98041acadb3b6d410c11307dea2e3088883921656b39	0
COEFFICIENT	pp_replay_inverse_ordinary	10322100	0xfa1bdb9c3b3e450cb8a067fbe53524c492bef3eecf8215d1cf7777c5de9a90f6
TRACE	pp_replay_inverse_ordinary	10328161	0x278a160eae76f1cf5bd3890be7c0b626473c87069dfb0f24b2ebffffffffffff	0x5e42463c4c1baf3475f98041acadb3b6d410c11307dea2e3088883921656b39	0
COEFFICIENT	pp_replay_inverse_ordinary	10328161	0xfa1bdb9c3b3e450cb8a067fbe53524c492bef3eecf8215d1cf7777c5de9a90f6
TRACE	pp_replay_inverse_ordinary	10334222	0x278a160eae76f1cf5bd3890be7c0b626473c87069dfb0f24b2ebffffffffffff	0x5e42463c4c1baf3475f98041acadb3b6d410c11307dea2e3088883921656b39	0
COEFFICIENT	pp_replay_inverse_ordinary	10334222	0xfa1bdb9c3b3e450cb8a067fbe53524c492bef3eecf8215d1cf7777c5de9a90f6
TRACE	pp_replay_inverse_ordinary	10340283	0x278a160eae76f1cf5bd3890be7c0b626473c87069dfb0f24b2ebffffffffffff	0x5e42463c4c1baf3475f98041acadb3b6d410c11307dea2e3088883921656b39	0
COEFFICIENT	pp_replay_inverse_ordinary	10340283	0xfa1bdb9c3b3e450cb8a067fbe53524c492bef3eecf8215d1cf7777c5de9a90f6
TRACE	pp_replay_inverse_ordinary	10346344	0x278a160eae76f1cf5bd3890be7c0b626473c87069dfb0f24b2ebffffffffffff	0x5e42463c4c1baf3475f98041acadb3b6d410c11307dea2e3088883921656b39	0
COEFFICIENT	pp_replay_inverse_ordinary	10346344	0xfa1bdb9c3b3e450cb8a067fbe53524c492bef3eecf8215d1cf7777c5de9a90f6
TRACE	pp_replay_inverse_ordinary	10352405	0x278a160eae76f1cf5bd3890be7c0b626473c87069dfb0f24b2ebffffffffffff	0x5e42463c4c1baf3475f98041acadb3b6d410c11307dea2e3088883921656b39	0
COEFFICIENT	pp_replay_inverse_ordinary	10352405	0xfa1bdb9c3b3e450cb8a067fbe53524c492bef3eecf8215d1cf7777c5de9a90f6
TRACE	pp_replay_inverse_ordinary	10358466	0x278a160eae76f1cf5bd3890be7c0b626473c87069dfb0f24b2ebffffffffffff	0x5e42463c4c1baf3475f98041acadb3b6d410c11307dea2e3088883921656b39	0
COEFFICIENT	pp_replay_inverse_ordinary	10358466	0xfa1bdb9c3b3e450cb8a067fbe53524c492bef3eecf8215d1cf7777c5de9a90f6
TRACE	pp_replay_inverse_ordinary	10364527	0x278a160eae76f1cf5bd3890be7c0b626473c87069dfb0f24b2ebffffffffffff	0x5e42463c4c1baf3475f98041acadb3b6d410c11307dea2e3088883921656b39	0
COEFFICIENT	pp_replay_inverse_ordinary	10364527	0xfa1bdb9c3b3e450cb8a067fbe53524c492bef3eecf8215d1cf7777c5de9a90f6
TRACE	pp_replay_inverse_ordinary	10370588	0x278a160eae76f1cf5bd3890be7c0b626473c87069dfb0f24b2ebffffffffffff	0x5e42463c4c1baf3475f98041acadb3b6d410c11307dea2e3088883921656b39	0
COEFFICIENT	pp_replay_inverse_ordinary	10370588	0xee5392d4b1bacf2629e137f3af9f6e4db83cdbcc6e8641756e6667539bcfba84
TRACE	pp_replay_inverse_ordinary	10376649	0x278a160eae76f1cf5bd3890be7c0b626473c87069dfb0f24b2ebffffffffffff	0x1d74b5f2d7c8a6c064ddf81485f6482922453c55f27592e6f2aaa91da6fb181d	0
COEFFICIENT	pp_replay_inverse_ordinary	10376649	0xee5392d4b1bacf2629e137f3af9f6e4db83cdbcc6e8641756e6667539bcfba84
TRACE	pp_replay_inverse_ordinary	10382710	0x278a160eae76f1cf5bd3890be7c0b626473c87069dfb0f24b2ebffffffffffff	0x1d74b5f2d7c8a6c064ddf81485f6482922453c55f27592e6f2aaa91da6fb181d	0
COEFFICIENT	pp_replay_inverse_ordinary	10382710	0xfa1bdb9c3b3e450cb8a067fbe53524c492bef3eecf8215d1cf7777c5de9a90f6
TRACE	pp_replay_inverse_ordinary	10388771	0x278a160eae76f1cf5bd3890be7c0b626473c87069dfb0f24b2ebffffffffffff	0x35054781eacf928d825c5824f121b516d7496c9ab46d3b9fb4ccca022c90c501	0
COEFFICIENT	pp_replay_inverse_ordinary	10388771	0xfa1bdb9c3b3e450cb8a067fbe53524c492bef3eecf8215d1cf7777c5de9a90f6
TRACE	pp_replay_inverse_ordinary	10394832	0x278a160eae76f1cf5bd3890be7c0b626473c87069dfb0f24b2ebffffffffffff	0x35054781eacf928d825c5824f121b516d7496c9ab46d3b9fb4ccca022c90c501	0
COEFFICIENT	pp_replay_inverse_ordinary	10394832	0x293cfeba614c1ca6f39d281cbb8bfe9ffcc754785371674353bbb98fe9c5ee8f
TRACE	pp_replay_inverse_ordinary	10400893	0x278a160eae76f1cf5bd3890be7c0b626473c87069dfb0f24b2ebffffffffffff	0x40cd904974530874111b882d26b76b8db1cb84bd15690ffc15ddda746f5b9b73	0
COEFFICIENT	pp_replay_inverse_ordinary	10400893	0x293cfeba614c1ca6f39d281cbb8bfe9ffcc754785371674353bbb98fe9c5ee8f
TRACE	pp_replay_inverse_ordinary	10406954	0x278a160eae76f1cf5bd3890be7c0b626473c87069dfb0f24b2ebffffffffffff	0x40cd904974530874111b882d26b76b8db1cb84bd15690ffc15ddda746f5b9b73	0
COEFFICIENT	pp_replay_inverse_ordinary	10406954	0x11ac6d2b4e4530d9d61ec80c506091b247c324339179be8a919998ab643041ab
TRACE	pp_replay_inverse_ordinary	10413015	0x278a160eae76f1cf5bd3890be7c0b626473c87069dfb0f24b2ebffffffffffff	0x6feeb3679a60e00e4c18484dfd0e45691bd3e5469958616d9a221c3d7a86f53b	0
COEFFICIENT	pp_replay_inverse_ordinary	10413015	0x11ac6d2b4e4530d9d61ec80c506091b247c324339179be8a919998ab643041ab
TRACE	pp_replay_inverse_ordinary	10419076	0x278a160eae76f1cf5bd3890be7c0b626473c87069dfb0f24b2ebffffffffffff	0x6feeb3679a60e00e4c18484dfd0e45691bd3e5469958616d9a221c3d7a86f53b	0
COEFFICIENT	pp_replay_inverse_ordinary	10419076	0x93478dbe36eb41c1f855d8669dcf68cdab5a2dadbc4bde82bd554d9442e77891
TRACE	pp_replay_inverse_ordinary	10425137	0x278a160eae76f1cf5bd3890be7c0b626473c87069dfb0f24b2ebffffffffffff	0x4c95d910fdd67e5a9fdab8355c4d22048c4d9cdf7664e45876eeeae6b22671e5	0
COEFFICIENT	pp_replay_inverse_ordinary	10425137	0x93478dbe36eb41c1f855d8669dcf68cdab5a2dadbc4bde82bd554d9442e77891
TRACE	pp_replay_inverse_ordinary	10431198	0x278a160eae76f1cf5bd3890be7c0b626473c87069dfb0f24b2ebffffffffffff	0x4c95d910fdd67e5a9fdab8355c4d22048c4d9cdf7664e45876eeeae6b22671e5	0
COEFFICIENT	pp_replay_inverse_ordinary	10431198	0x7324f48d6bad01de9086690297ebf39fe301f83aeefca15df199861037f566d8
TRACE	pp_replay_inverse_ordinary	10437259	0x278a160eae76f1cf5bd3890be7c0b626473c87069dfb0f24b2ebffffffffffff	0x2606bd948ffffad6af2f076820ae506935994183fdcd2752fc444fbd2c577cf2	0
COEFFICIENT	pp_replay_inverse_ordinary	10437259	0x7324f48d6bad01de9086690297ebf39fe301f83aeefca15df199861037f566d8
TRACE	pp_replay_inverse_ordinary	10443320	0x278a160eae76f1cf5bd3890be7c0b626473c87069dfb0f24b2ebffffffffffff	0x2606bd948ffffad6af2f076820ae506935994183fdcd2752fc444fbd2c577cf2	0
COEFFICIENT	pp_replay_inverse_ordinary	10443320	0xc50a6af6759fe93d03bd96d508637a8fb9d31f9dbc66a0edf775bde9c424e73
TRACE	pp_replay_inverse_ordinary	10449381	0x278a160eae76f1cf5bd3890be7c0b626473c87069dfb0f24b2ebffffffffffff	0x585e21d88759f4412e99e83d91e2d87b66cfb501d760b8b4d7fffb58f4f14857	0
COEFFICIENT	pp_replay_inverse_ordinary	10449381	0xc50a6af6759fe93d03bd96d508637a8fb9d31f9dbc66a0edf775bde9c424e73
TRACE	pp_replay_inverse_ordinary	10455442	0x278a160eae76f1cf5bd3890be7c0b626473c87069dfb0f24b2ebffffffffffff	0x585e21d88759f4412e99e83d91e2d87b66cfb501d760b8b4d7fffb58f4f14857	0
COEFFICIENT	pp_replay_inverse_ordinary	10455442	0x70ff6f37560df168cf119b1832ef47cd5e0a18f58eed8cd296eeb3162d75e53d
TRACE	pp_replay_inverse_ordinary	10461503	0x278a160eae76f1cf5bd3890be7c0b626473c87069dfb0f24b2ebffffffffffff	0x3fbcd479b8a5f7198e223562f0d669296f95510e1fd3e4971911439bbc6cab71	0
COEFFICIENT	pp_replay_inverse_ordinary	10461503	0x70ff6f37560df168cf119b1832ef47cd5e0a18f58eed8cd296eeb3162d75e53d
TRACE	pp_replay_inverse_ordinary	10467564	0x278a160eae76f1cf5bd3890be7c0b626473c87069dfb0f24b2ebffffffffffff	0x3fbcd479b8a5f7198e223562f0d669296f95510e1fd3e4971911439bbc6cab71	0
COEFFICIENT	pp_replay_inverse_ordinary	10467564	0x21bbb2e864c1d9eb2c456b9356b4f8c42ba982f93daefe3c46eea9c9175879bc
TRACE	pp_replay_inverse_ordinary	10473625	0x278a160eae76f1cf5bd3890be7c0b626473c87069dfb0f24b2ebffffffffffff	0xa1355bdbd60dc81e4889d6593861cb170ad425157d56c76a791131009031d09e	0
COEFFICIENT	pp_replay_inverse_ordinary	10473625	0x21bbb2e864c1d9eb2c456b9356b4f8c42ba982f93daefe3c46eea9c9175879bc
TRACE	pp_replay_inverse_ordinary	10479686	0x278a160eae76f1cf5bd3890be7c0b626473c87069dfb0f24b2ebffffffffffff	0xa1355bdbd60dc81e4889d6593861cb170ad425157d56c76a791131009031d09e	0
COEFFICIENT	pp_replay_inverse_ordinary	10479686	0xe4acc1ac9f917bf4a114ad7fe5cbbc9f62272b07f8b4c3e306ee8492bee2c416
TRACE	pp_replay_inverse_ordinary	10485747	0x278a160eae76f1cf5bd3890be7c0b626473c87069dfb0f24b2ebffffffffffff	0x271779644bad0c3132285a32568f52cd77cf7532f36252b7f910e695df466cf4	0
COEFFICIENT	pp_replay_inverse_ordinary	10485747	0xe4acc1ac9f917bf4a114ad7fe5cbbc9f62272b07f8b4c3e306ee8492bee2c416
TRACE	pp_replay_inverse_ordinary	10491808	0x278a160eae76f1cf5bd3890be7c0b626473c87069dfb0f24b2ebffffffffffff	0x271779644bad0c3132285a32568f52cd77cf7532f36252b7f910e695df466cf4	0
COEFFICIENT	pp_replay_inverse_ordinary	10491808	0xa24209f4f375ebb8100100cd750826714c7ee0dcfe07350e14cc22909e7f1f09
TRACE	pp_replay_inverse_ordinary	10497869	0x278a160eae76f1cf5bd3890be7c0b626473c87069dfb0f24b2ebffffffffffff	0xabece8d3a3e42caa544fb39738167f29a3200988e8bd7061dd55aa9a200db70e	0
COEFFICIENT	pp_replay_inverse_ordinary	10497869	0xa24209f4f375ebb8100100cd750826714c7ee0dcfe07350e14cc22909e7f1f09
TRACE	pp_replay_inverse_ordinary	10503930	0x278a160eae76f1cf5bd3890be7c0b626473c87069dfb0f24b2ebffffffffffff	0xabece8d3a3e42caa544fb39738167f29a3200988e8bd7061dd55aa9a200db70e	0
COEFFICIENT	pp_replay_inverse_ordinary	10503930	0x98972b164307aac5cbb24e03b1f9cdb8f5ddb8311350f9ba4c429a871cf08704
TRACE	pp_replay_inverse_ordinary	10509991	0x278a160eae76f1cf5bd3890be7c0b626473c87069dfb0f24b2ebffffffffffff	0xbf42a69104c0ae8edced192abe33309a50625ae0be29e7096e68baad232ae718	0
COEFFICIENT	pp_replay_inverse_ordinary	10509991	0x98972b164307aac5cbb24e03b1f9cdb8f5ddb8311350f9ba4c429a871cf08704
TRACE	pp_replay_inverse_ordinary	10516052	0x278a160eae76f1cf5bd3890be7c0b626473c87069dfb0f24b2ebffffffffffff	0xbf42a69104c0ae8edced192abe33309a50625ae0be29e7096e68baad232ae718	0
COEFFICIENT	pp_replay_inverse_ordinary	10516052	0xf070fcbd8ad0041a7451b5322226cc0c3c1dcb42e4cbda7e06edefbc5d0bf8f1
TRACE	pp_replay_inverse_ordinary	10522113	0x278a160eae76f1cf5bd3890be7c0b626473c87069dfb0f24b2ebffffffffffff	0x6ef649df945161382e2be7879e8d2d40dce28104611fa890e3bf6518a361cec3	0
COEFFICIENT	pp_replay_inverse_ordinary	10522113	0xf070fcbd8ad0041a7451b5322226cc0c3c1dcb42e4cbda7e06edefbc5d0bf8f1
TRACE	pp_replay_inverse_ordinary	10528174	0x278a160eae76f1cf5bd3890be7c0b626473c87069dfb0f24b2ebffffffffffff	0x6ef649df945161382e2be7879e8d2d40dce28104611fa890e3bf6518a361cec3	0
COEFFICIENT	pp_replay_inverse_ordinary	10528174	0x4fd8435aa9f1696d16cf51ebe2dac559551e178a2ab75d8cf19b44935d79c847
TRACE	pp_replay_inverse_ordinary	10534235	0x278a160eae76f1cf5bd3890be7c0b626473c87069dfb0f24b2ebffffffffffff	0x2dc4d719d2942bdd732720fb1ff51fdb0ee31992ecf6aeaeb91a0ec5a43d699e	0
COEFFICIENT	pp_replay_inverse_ordinary	10534235	0x4fd8435aa9f1696d16cf51ebe2dac559551e178a2ab75d8cf19b44935d79c847
TRACE	pp_replay_inverse_ordinary	10540296	0x278a160eae76f1cf5bd3890be7c0b626473c87069dfb0f24b2ebffffffffffff	0x2dc4d719d2942bdd732720fb1ff51fdb0ee31992ecf6aeaeb91a0ec5a43d699e	0
COEFFICIENT	pp_replay_inverse_ordinary	10540296	0xcd755dcf2676feb7a0c5c4d2e5aaaa8db91f48a7426569c89c5097ec5f30fa2c
TRACE	pp_replay_inverse_ordinary	10546357	0x278a160eae76f1cf5bd3890be7c0b626473c87069dfb0f24b2ebffffffffffff	0x8e1450647eb1590345887d235a3f952864a6ea7e9787f394d5e3859de949d53f	0
COEFFICIENT	pp_replay_inverse_ordinary	10546357	0xcd755dcf2676feb7a0c5c4d2e5aaaa8db91f48a7426569c89c5097ec5f30fa2c
TRACE	pp_replay_inverse_ordinary	10552418	0x278a160eae76f1cf5bd3890be7c0b626473c87069dfb0f24b2ebffffffffffff	0x8e1450647eb1590345887d235a3f952864a6ea7e9787f394d5e3859de949d53f	0
COEFFICIENT	pp_replay_inverse_ordinary	10552418	0xcd66b39ce3ca46bfc030c827115bff30d97a6cfed42dffc62bdaa3bd51822ea
TRACE	pp_replay_inverse_ordinary	10558479	0x278a160eae76f1cf5bd3890be7c0b626473c87069dfb0f24b2ebffffffffffff	0xf52358f2f260d9a8f0dedc443696a5dbbb62e2d41cd072d49096100fd7b8b65	0
COEFFICIENT	pp_replay_inverse_ordinary	10558479	0xcd66b39ce3ca46bfc030c827115bff30d97a6cfed42dffc62bdaa3bd51822ea
TRACE	pp_replay_inverse_ordinary	10564540	0x278a160eae76f1cf5bd3890be7c0b626473c87069dfb0f24b2ebffffffffffff	0xf52358f2f260d9a8f0dedc443696a5dbbb62e2d41cd072d49096100fd7b8b65	0
COEFFICIENT	pp_replay_inverse_ordinary	10564540	0x28ff0c02cb9f5672871406c92594ea43d6e57bcd1c52c7260e84b578a7abd139
TRACE	pp_replay_inverse_ordinary	10570601	0x278a160eae76f1cf5bd3890be7c0b626473c87069dfb0f24b2ebffffffffffff	0x47a3772129eb71a7a52fe251ac67beff4e51d8279fecd580a097777aa2a2e803	0
COEFFICIENT	pp_replay_inverse_ordinary	10570601	0x28ff0c02cb9f5672871406c92594ea43d6e57bcd1c52c7260e84b578a7abd139
TRACE	pp_replay_inverse_ordinary	10576662	0x278a160eae76f1cf5bd3890be7c0b626473c87069dfb0f24b2ebffffffffffff	0x47a3772129eb71a7a52fe251ac67beff4e51d8279fecd580a097777aa2a2e803	0
COEFFICIENT	pp_replay_inverse_ordinary	10576662	0x99a18f26c12a1e8cb357efe3f7919386fc1ccfc1d89263ccbda0e26bf1fa8a75
TRACE	pp_replay_inverse_ordinary	10582723	0x278a160eae76f1cf5bd3890be7c0b626473c87069dfb0f24b2ebffffffffffff	0xf5a55f1b92acc4c29707d4bf613dea77a086e08d67474734838e0c88534b41c0	0
COEFFICIENT	pp_replay_inverse_ordinary	10582723	0x99a18f26c12a1e8cb357efe3f7919386fc1ccfc1d89263ccbda0e26bf1fa8a75
TRACE	pp_replay_inverse_ordinary	10588784	0x278a160eae76f1cf5bd3890be7c0b626473c87069dfb0f24b2ebffffffffffff	0xf5a55f1b92acc4c29707d4bf613dea77a086e08d67474734838e0c88534b41c0	0
COEFFICIENT	pp_replay_inverse_ordinary	10588784	0x3d9dbf31efa77856cfa80b088de53c9657b2bef649dd8064f7b3b84f90a9d32a
TRACE	pp_replay_inverse_ordinary	10594845	0x278a160eae76f1cf5bd3890be7c0b626473c87069dfb0f24b2ebffffffffffff	0x28e87d69150101dbfdb7b4875061118598c08011186c0ecdfecfd16237405e4c	0
COEFFICIENT	pp_replay_inverse_ordinary	10594845	0x3d9dbf31efa77856cfa80b088de53c9657b2bef649dd8064f7b3b84f90a9d32a
TRACE	pp_replay_inverse_ordinary	10600906	0x278a160eae76f1cf5bd3890be7c0b626473c87069dfb0f24b2ebffffffffffff	0x28e87d69150101dbfdb7b4875061118598c08011186c0ecdfecfd16237405e4c	0
COEFFICIENT	pp_replay_inverse_ordinary	10600906	0x525300faca4deed1a1986189cb6967a716a4fddb7b4ef1fbf0979f3cea134808
TRACE	pp_replay_inverse_ordinary	10606967	0x278a160eae76f1cf5bd3890be7c0b626473c87069dfb0f24b2ebffffffffffff	0xff7df9d75fb414e659d70784d558bb641adc0246b5892ba00d080386846d70bf	0
COEFFICIENT	pp_replay_inverse_ordinary	10606967	0x525300faca4deed1a1986189cb6967a716a4fddb7b4ef1fbf0979f3cea134808
TRACE	pp_replay_inverse_ordinary	10613028	0x278a160eae76f1cf5bd3890be7c0b626473c87069dfb0f24b2ebffffffffffff	0xff7df9d75fb414e659d70784d558bb641adc0246b5892ba00d080386846d70bf	0
COEFFICIENT	pp_replay_inverse_ordinary	10613028	0xa423fbccf44ff2899d07ca986c2b8ab24825fdfdac270f97ee374201589404a0
TRACE	pp_replay_inverse_ordinary	10619089	0x278a160eae76f1cf5bd3890be7c0b626473c87069dfb0f24b2ebffffffffffff	0x5ad7f7e1cb18374316a644713e85ec15ed92068fbeeb47a82bd8c50cb046e0af	0
COEFFICIENT	pp_replay_inverse_ordinary	10619089	0xa423fbccf44ff2899d07ca986c2b8ab24825fdfdac270f97ee374201589404a0
TRACE	pp_replay_inverse_ordinary	10625150	0x278a160eae76f1cf5bd3890be7c0b626473c87069dfb0f24b2ebffffffffffff	0x5ad7f7e1cb18374316a644713e85ec15ed92068fbeeb47a82bd8c50cb046e0af	0
COEFFICIENT	pp_replay_inverse_ordinary	10625150	0xa31fef7bb3b81c5650b5d9a216dd017a7dde028b173966d808474910616eedc0
TRACE	pp_replay_inverse_ordinary	10631211	0x278a160eae76f1cf5bd3890be7c0b626473c87069dfb0f24b2ebffffffffffff	0x12900047e278522fdc96af40662ed6b15d460a94669d28784f6a4108ff1ed39e	0
COEFFICIENT	pp_replay_inverse_ordinary	10631211	0xa31fef7bb3b81c5650b5d9a216dd017a7dde028b173966d808474910616eedc0
TRACE	pp_replay_inverse_ordinary	10637272	0x278a160eae76f1cf5bd3890be7c0b626473c87069dfb0f24b2ebffffffffffff	0x12900047e278522fdc96af40662ed6b15d460a94669d28784f6a4108ff1ed39e	0
COEFFICIENT	pp_replay_inverse_ordinary	10637272	0x58cfdf3f49e88adc7e02628493e8d9a659020faa950ff6285ff8d32ac1fcb2ef
TRACE	pp_replay_inverse_ordinary	10643333	0x278a160eae76f1cf5bd3890be7c0b626473c87069dfb0f24b2ebffffffffffff	0xcc5021507b0819833b2afbfc3874d3bc618a057e382a5ac83edbaee63c40f07c	0
COEFFICIENT	pp_replay_inverse_ordinary	10643333	0x58cfdf3f49e88adc7e02628493e8d9a659020faa950ff6285ff8d32ac1fcb2ef
TRACE	pp_replay_inverse_ordinary	10649394	0x278a160eae76f1cf5bd3890be7c0b626473c87069dfb0f24b2ebffffffffffff	0xcc5021507b0819833b2afbfc3874d3bc618a057e382a5ac83edbaee63c40f07c	0
COEFFICIENT	pp_replay_inverse_ordinary	10649394	0xe54f9d2e18c8fc35c0d9c90cef5cdf90507a19d6f1f591888115f76e47b87191
TRACE	pp_replay_inverse_ordinary	10655455	0x278a160eae76f1cf5bd3890be7c0b626473c87069dfb0f24b2ebffffffffffff	0x7defdfcf0ed92f3c372fc10560468709138e24d3624a4718fecd553cc03a5a2b	0
COEFFICIENT	pp_replay_inverse_ordinary	10655455	0xe54f9d2e18c8fc35c0d9c90cef5cdf90507a19d6f1f591888115f76e47b87191
TRACE	pp_replay_inverse_ordinary	10661516	0x278a160eae76f1cf5bd3890be7c0b626473c87069dfb0f24b2ebffffffffffff	0x7defdfcf0ed92f3c372fc10560468709138e24d3624a4718fecd553cc03a5a2b	0
COEFFICIENT	pp_replay_inverse_ordinary	10661516	0x488f1a2b406b27a7b8e3531f3f004629b482588146356a2a00f9441b4fab44ef
TRACE	pp_replay_inverse_ordinary	10667577	0x278a160eae76f1cf5bd3890be7c0b626473c87069dfb0f24b2ebffffffffffff	0xb350a572dd4736d0b57c2eeb818cc7e87299f1257e5f2407fca1665e30c96f67	0
COEFFICIENT	pp_replay_inverse_ordinary	10667577	0x488f1a2b406b27a7b8e3531f3f004629b482588146356a2a00f9441b4fab44ef
TRACE	pp_replay_inverse_ordinary	10673638	0x278a160eae76f1cf5bd3890be7c0b626473c87069dfb0f24b2ebffffffffffff	0xb350a572dd4736d0b57c2eeb818cc7e87299f1257e5f2407fca1665e30c96f67	0
COEFFICIENT	pp_replay_inverse_ordinary	10673638	0xddcd8ee3a38f187ebc4a7752fc73c46af66abfdd0e0bb04c055121d76e8d16a6
TRACE	pp_replay_inverse_ordinary	10679699	0x278a160eae76f1cf5bd3890be7c0b626473c87069dfb0f24b2ebffffffffffff	0x88d3bc0216ff5522aeade68406a5cb65eec9226deeb297c3f3f1aae4f305c828	0
COEFFICIENT	pp_replay_inverse_ordinary	10679699	0xddcd8ee3a38f187ebc4a7752fc73c46af66abfdd0e0bb04c055121d76e8d16a6
TRACE	pp_replay_inverse_ordinary	10685760	0x278a160eae76f1cf5bd3890be7c0b626473c87069dfb0f24b2ebffffffffffff	0x88d3bc0216ff5522aeade68406a5cb65eec9226deeb297c3f3f1aae4f305c828	0
COEFFICIENT	pp_replay_inverse_ordinary	10685760	0x32c761c5301edbdac9e70821f241bd6ffe0c5d4c2d64c8d416b098caea1468f5
TRACE	pp_replay_inverse_ordinary	10691821	0x278a160eae76f1cf5bd3890be7c0b626473c87069dfb0f24b2ebffffffffffff	0xdee0163efddfce6a9374c4e61b09d95bdf85e78fb00066b3d132bcfefbf7275b	0
COEFFICIENT	pp_replay_inverse_ordinary	10691821	0x32c761c5301edbdac9e70821f241bd6ffe0c5d4c2d64c8d416b098caea1468f5
TRACE	pp_replay_inverse_ordinary	10697882	0x278a160eae76f1cf5bd3890be7c0b626473c87069dfb0f24b2ebffffffffffff	0xdee0163efddfce6a9374c4e61b09d95bdf85e78fb00066b3d132bcfefbf7275b	0
COEFFICIENT	pp_replay_inverse_ordinary	10697882	0x86aead4b625de94b00594b5dc979a1841c92d308aac92af45c2e7495d831a6be
TRACE	pp_replay_inverse_ordinary	10703943	0x278a160eae76f1cf5bd3890be7c0b626473c87069dfb0f24b2ebffffffffffff	0x446ed9c95e1d86202742d529ff8d543bdb9ea2280ac9f85bfe93ee95d01ffd16	0
COEFFICIENT	pp_replay_inverse_ordinary	10703943	0x86aead4b625de94b00594b5dc979a1841c92d308aac92af45c2e7495d831a6be
TRACE	pp_replay_inverse_ordinary	10710004	0x278a160eae76f1cf5bd3890be7c0b626473c87069dfb0f24b2ebffffffffffff	0x446ed9c95e1d86202742d529ff8d543bdb9ea2280ac9f85bfe93ee95d01ffd16	0
COEFFICIENT	pp_replay_inverse_ordinary	10710004	0x51cc346022d958b627f56be59280974414c44839605c4e44b6f0d7c280834e63
TRACE	pp_replay_inverse_ordinary	10716065	0x278a160eae76f1cf5bd3890be7c0b626473c87069dfb0f24b2ebffffffffffff	0x37117f329961b38a26903e6e6c9a1133a278fc16b537a273463705691fbcabc9	0
COEFFICIENT	pp_replay_inverse_ordinary	10716065	0x51cc346022d958b627f56be59280974414c44839605c4e44b6f0d7c280834e63
TRACE	pp_replay_inverse_ordinary	10722126	0x278a160eae76f1cf5bd3890be7c0b626473c87069dfb0f24b2ebffffffffffff	0x37117f329961b38a26903e6e6c9a1133a278fc16b537a273463705691fbcabc9	0
COEFFICIENT	pp_replay_inverse_ordinary	10722126	0xdaa9e7f2df1464f6767b1639919b3fbbcc018c8975f03efcb418b4ee20c3488f
TRACE	pp_replay_inverse_ordinary	10728187	0x278a160eae76f1cf5bd3890be7c0b626473c87069dfb0f24b2ebffffffffffff	0x48cce65811d7cc0ac39b93166acf622310f384b6e05f83e34086bfc1603ca3f2	0
COEFFICIENT	pp_replay_inverse_ordinary	10728187	0xdaa9e7f2df1464f6767b1639919b3fbbcc018c8975f03efcb418b4ee20c3488f
TRACE	pp_replay_inverse_ordinary	10734248	0x278a160eae76f1cf5bd3890be7c0b626473c87069dfb0f24b2ebffffffffffff	0x48cce65811d7cc0ac39b93166acf622310f384b6e05f83e34086bfc1603ca3f2	0
COEFFICIENT	pp_replay_inverse_ordinary	10734248	0xfe20b63dd00095f7b091bf898e05e19aa8f69dc9cc4001dca8b8299ea1c338e1
TRACE	pp_replay_inverse_ordinary	10740309	0x278a160eae76f1cf5bd3890be7c0b626473c87069dfb0f24b2ebffffffffffff	0x9379167253af021dd6a566a34798e2ab78f06ba3f47f05e9d85555e31eb60b32	0
COEFFICIENT	pp_replay_inverse_ordinary	10740309	0xfe20b63dd00095f7b091bf898e05e19aa8f69dc9cc4001dca8b8299ea1c338e1
TRACE	pp_replay_inverse_ordinary	10746370	0x278a160eae76f1cf5bd3890be7c0b626473c87069dfb0f24b2ebffffffffffff	0x9379167253af021dd6a566a34798e2ab78f06ba3f47f05e9d85555e31eb60b32	0
COEFFICIENT	pp_replay_inverse_ordinary	10746370	0x8fba82edf3b02e0d37c8e5b663a4a5e0cadda7378cff09a329c5a922623c8496
TRACE	pp_replay_inverse_ordinary	10752431	0x278a160eae76f1cf5bd3890be7c0b626473c87069dfb0f24b2ebffffffffffff	0xb6acafd29b0e3248e513b2fcf2d66b37bcbe7e7f75fd1576da7054e99fa89ecb	0
COEFFICIENT	pp_replay_inverse_ordinary	10752431	0x8fba82edf3b02e0d37c8e5b663a4a5e0cadda7378cff09a329c5a922623c8496
TRACE	pp_replay_inverse_ordinary	10758492	0x278a160eae76f1cf5bd3890be7c0b626473c87069dfb0f24b2ebffffffffffff	0xb6acafd29b0e3248e513b2fcf2d66b37bcbe7e7f75fd1576da7054e99fa89ecb	0
COEFFICIENT	pp_replay_inverse_ordinary	10758492	0xd621b5ae826e8e6354a57e69ba1fb6f95279ccee8ffb28bd2dfba72f6421abc8
TRACE	pp_replay_inverse_ordinary	10764553	0x278a160eae76f1cf5bd3890be7c0b626473c87069dfb0f24b2ebffffffffffff	0x9737a9f6b3add62e7581e7902b8d1f76270330105bff023086e502a3db2f91ce	0
COEFFICIENT	pp_replay_inverse_ordinary	10764553	0xd621b5ae826e8e6354a57e69ba1fb6f95279ccee8ffb28bd2dfba72f6421abc8
TRACE	pp_replay_inverse_ordinary	10770614	0x278a160eae76f1cf5bd3890be7c0b626473c87069dfb0f24b2ebffffffffffff	0x9737a9f6b3add62e7581e7902b8d1f76270330105bff023086e502a3db2f91ce	0
COEFFICIENT	pp_replay_inverse_ordinary	10770614	0x150bc166512f469833c9154348b24e7c7df069ccc3f74f49d5124bbbed13c993
TRACE	pp_replay_inverse_ordinary	10776675	0x278a160eae76f1cf5bd3890be7c0b626473c87069dfb0f24b2ebffffffffffff	0x437b1553b88af2f51ecce4639fcc8d68cbf6c9ed7bf553aae2dc5104a372f100	0
COEFFICIENT	pp_replay_inverse_ordinary	10776675	0x150bc166512f469833c9154348b24e7c7df069ccc3f74f49d5124bbbed13c993
TRACE	pp_replay_inverse_ordinary	10782736	0x278a160eae76f1cf5bd3890be7c0b626473c87069dfb0f24b2ebffffffffffff	0x437b1553b88af2f51ecce4639fcc8d68cbf6c9ed7bf553aae2dc5104a372f100	0
COEFFICIENT	pp_replay_inverse_ordinary	10782736	0xe69c6d78e9d39a3b48c54622f1980f902fea09ac0bf94ae8c748467236b49e55
TRACE	pp_replay_inverse_ordinary	10788797	0x278a160eae76f1cf5bd3890be7c0b626473c87069dfb0f24b2ebffffffffffff	0xa059bd2e87424baef4d482a44e010b4168038a2eebf15c6cfe705b9610313fda	0
COEFFICIENT	pp_replay_inverse_ordinary	10788797	0xe69c6d78e9d39a3b48c54622f1980f902fea09ac0bf94ae8c748467236b49e55
TRACE	pp_replay_inverse_ordinary	10794858	0x278a160eae76f1cf5bd3890be7c0b626473c87069dfb0f24b2ebffffffffffff	0xa059bd2e87424baef4d482a44e010b4168038a2eebf15c6cfe705b9610313fda	0
COEFFICIENT	pp_replay_inverse_ordinary	10794858	0x2cdf1dc34c64e8c79cb609a1952f13def7d089292c0139649020314f5d3800a1
TRACE	pp_replay_inverse_ordinary	10800919	0x278a160eae76f1cf5bd3890be7c0b626473c87069dfb0f24b2ebffffffffffff	0x13d45c99c21fae964cf2fba706d302a3d8368b34abe17f756cc085ddc32a82e4	0
COEFFICIENT	pp_replay_inverse_ordinary	10800919	0x2cdf1dc34c64e8c79cb609a1952f13def7d089292c0139649020314f5d3800a1
TRACE	pp_replay_inverse_ordinary	10806980	0x278a160eae76f1cf5bd3890be7c0b626473c87069dfb0f24b2ebffffffffffff	0x13d45c99c21fae964cf2fba706d302a3d8368b34abe17f756cc085ddc32a82e4	0
COEFFICIENT	pp_replay_inverse_ordinary	10806980	0x45e9deecd6aa22f8ec79179c238b251a176a871dac20f353b37fdcc0f7457e5e
TRACE	pp_replay_inverse_ordinary	10813041	0x278a160eae76f1cf5bd3890be7c0b626473c87069dfb0f24b2ebffffffffffff	0xe1beda46ad953a33ad6cdfb1ea1ae02d99028f4baba20b9726012ef98f0f8399	0
COEFFICIENT	pp_replay_inverse_ordinary	10813041	0x45e9deecd6aa22f8ec79179c238b251a176a871dac20f353b37fdcc0f7457e5e
TRACE	pp_replay_inverse_ordinary	10819102	0x278a160eae76f1cf5bd3890be7c0b626473c87069dfb0f24b2ebffffffffffff	0xe1beda46ad953a33ad6cdfb1ea1ae02d99028f4baba20b9726012ef98f0f8399	0
COEFFICIENT	pp_replay_inverse_ordinary	10819102	0xaa14e392ffbf0bbe2b854f865cfb6a0695d27eefac9fdb1040fe8a875f7b7552
TRACE	pp_replay_inverse_ordinary	10825163	0x278a160eae76f1cf5bd3890be7c0b626473c87069dfb0f24b2ebffffffffffff	0x6d9298205ae98025865f0eea31312a61c7d79d8703e3f23e8d00e87c7d9a8426	0
COEFFICIENT	pp_replay_inverse_ordinary	10825163	0xaa14e392ffbf0bbe2b854f865cfb6a0695d27eefac9fdb1040fe8a875f7b7552
TRACE	pp_replay_inverse_ordinary	10831224	0x278a160eae76f1cf5bd3890be7c0b626473c87069dfb0f24b2ebffffffffffff	0x6d9298205ae98025865f0eea31312a61c7d79d8703e3f23e8d00e87c7d9a8426	0
COEFFICIENT	pp_replay_inverse_ordinary	10831224	0xc1bc5f465a6797a1dd69adf6eb27fe6ef37c9b665d23a85f0efdfd8c3c91729b
TRACE	pp_replay_inverse_ordinary	10837285	0x278a160eae76f1cf5bd3890be7c0b626473c87069dfb0f24b2ebffffffffffff	0x1968d0fa5b6b68a92f546fdd773a56549c329fa7aaa43c1e0b03d36cbea395b1	0
COEFFICIENT	pp_replay_inverse_ordinary	10837285	0xc1bc5f465a6797a1dd69adf6eb27fe6ef37c9b665d23a85f0efdfd8c3c91729b
TRACE	pp_replay_inverse_ordinary	10843346	0x278a160eae76f1cf5bd3890be7c0b626473c87069dfb0f24b2ebffffffffffff	0x1968d0fa5b6b68a92f546fdd773a56549c329fa7aaa43c1e0b03d36cbea395b1	0
COEFFICIENT	pp_replay_inverse_ordinary	10843346	0x9ce18f87103a97ecea27cbcb4d8a5332832bd67464eb8cdc28ffce8637c67eb8
TRACE	pp_replay_inverse_ordinary	10849407	0x278a160eae76f1cf5bd3890be7c0b626473c87069dfb0f24b2ebffffffffffff	0x95f0126da69c3965748113efa0ea5976b53968daf05ceb5fed07d8524580a8d9	0
COEFFICIENT	pp_replay_inverse_ordinary	10849407	0x9ce18f87103a97ecea27cbcb4d8a5332832bd67464eb8cdc28ffce8637c67eb8
TRACE	pp_replay_inverse_ordinary	10855468	0x278a160eae76f1cf5bd3890be7c0b626473c87069dfb0f24b2ebffffffffffff	0x95f0126da69c3965748113efa0ea5976b53968daf05ceb5fed07d8524580a8d9	0
COEFFICIENT	pp_replay_inverse_ordinary	10855468	0xa3d30ca079d8f6745fce83a6fa2a4cee511e440dd97a2e5864f7c4ba2a0c5497
TRACE	pp_replay_inverse_ordinary	10861529	0x278a160eae76f1cf5bd3890be7c0b626473c87069dfb0f24b2ebffffffffffff	0xcfb3317bc711693f48d0ab863bfeffdbbb9115c3ba3405183f07755fb50daa1a	0
COEFFICIENT	pp_replay_inverse_ordinary	10861529	0xa3d30ca079d8f6745fce83a6fa2a4cee511e440dd97a2e5864f7c4ba2a0c5497
TRACE	pp_replay_inverse_ordinary	10867590	0x278a160eae76f1cf5bd3890be7c0b626473c87069dfb0f24b2ebffffffffffff	0xcfb3317bc711693f48d0ab863bfeffdbbb9115c3ba3405183f07755fb50daa1a	0
COEFFICIENT	pp_replay_inverse_ordinary	10867590	0x17594abcbac35628086db2d4305399b85dcd9ddf6d2861c908f6fed609265aea
TRACE	pp_replay_inverse_ordinary	10873651	0x278a160eae76f1cf5bd3890be7c0b626473c87069dfb0f24b2ebffffffffffff	0xb6bfadb448e628a69a0f09e0a851996fd4efc966e1906bf98705e9967341b2ef	0
COEFFICIENT	pp_replay_inverse_ordinary	10873651	0x17594abcbac35628086db2d4305399b85dcd9ddf6d2861c908f6fed609265aea
TRACE	pp_replay_inverse_ordinary	10879712	0x278a160eae76f1cf5bd3890be7c0b626473c87069dfb0f24b2ebffffffffffff	0xb6bfadb448e628a69a0f09e0a851996fd4efc966e1906bf98705e9967341b2ef	0
COEFFICIENT	pp_replay_inverse_ordinary	10879712	0x77f2e7c52ca083a976cc5bc7b8559a00e6ab7257f8c057988ae814149f0aff14
TRACE	pp_replay_inverse_ordinary	10885773	0x278a160eae76f1cf5bd3890be7c0b626473c87069dfb0f24b2ebffffffffffff	0xe572432dbe6cd4f6aaea6f8908f8cce0908b0525bbe12f8b98f3e742858e68c3	0
COEFFICIENT	pp_replay_inverse_ordinary	10885773	0x77f2e7c52ca083a976cc5bc7b8559a00e6ab7257f8c057988ae814149f0aff14
TRACE	pp_replay_inverse_ordinary	10891834	0x278a160eae76f1cf5bd3890be7c0b626473c87069dfb0f24b2ebffffffffffff	0xe572432dbe6cd4f6aaea6f8908f8cce0908b0525bbe12f8b98f3e742858e68c3	0
COEFFICIENT	pp_replay_inverse_ordinary	10891834	0xd55812b817addc499883271879a400e25de1e9d5ad61debcaec40f6cc3a46abc
TRACE	pp_replay_inverse_ordinary	10897895	0x278a160eae76f1cf5bd3890be7c0b626473c87069dfb0f24b2ebffffffffffff	0xf58c73a3652bcda3bd51b7f9984d98dec3342075ca60805a8323bf18477866ca	0
COEFFICIENT	pp_replay_inverse_ordinary	10897895	0xd55812b817addc499883271879a400e25de1e9d5ad61debcaec40f6cc3a46abc
TRACE	pp_replay_inverse_ordinary	10903956	0x278a160eae76f1cf5bd3890be7c0b626473c87069dfb0f24b2ebffffffffffff	0xf58c73a3652bcda3bd51b7f9984d98dec3342075ca60805a8323bf18477866ca	0
COEFFICIENT	pp_replay_inverse_ordinary	10903956	0xa03c991394878636ee58062a8b959aa37ef7f42125243dd3e0abddf3cec143e4
TRACE	pp_replay_inverse_ordinary	10910017	0x278a160eae76f1cf5bd3890be7c0b626473c87069dfb0f24b2ebffffffffffff	0x4adc4e3335d015108c4b69c8a505971a07704cca6f9cc2e1259ba03dc02f8d81	0
COEFFICIENT	pp_replay_inverse_ordinary	10910017	0xa03c991394878636ee58062a8b959aa37ef7f42125243dd3e0abddf3cec143e4
TRACE	pp_replay_inverse_ordinary	10916078	0x278a160eae76f1cf5bd3890be7c0b626473c87069dfb0f24b2ebffffffffffff	0x4adc4e3335d015108c4b69c8a505971a07704cca6f9cc2e1259ba03dc02f8d81	0
COEFFICIENT	pp_replay_inverse_ordinary	10916078	0x8b55805a5edf217e68fb761dbc30cc610560350cb9e53e88e6f35c265db2191a
TRACE	pp_replay_inverse_ordinary	10922139	0x278a160eae76f1cf5bd3890be7c0b626473c87069dfb0f24b2ebffffffffffff	0xa631c0c0cc108a2af9b5d738dda61d309806488255447396443e45522ad01e8	0
COEFFICIENT	pp_replay_inverse_ordinary	10922139	0x8b55805a5edf217e68fb761dbc30cc610560350cb9e53e88e6f35c265db2191a
TRACE	pp_replay_inverse_ordinary	10928200	0x278a160eae76f1cf5bd3890be7c0b626473c87069dfb0f24b2ebffffffffffff	0xa631c0c0cc108a2af9b5d738dda61d309806488255447396443e45522ad01e8	0
COEFFICIENT	pp_replay_inverse_ordinary	10928200	0x210e1cc0ca7f4b9f819249af063bfa951440cea1991ec44b322a9ca2de1137ed
TRACE	pp_replay_inverse_ordinary	10934261	0x278a160eae76f1cf5bd3890be7c0b626473c87069dfb0f24b2ebffffffffffff	0x35d454d8e4015ce4e0c9049621f0be3b274197b1e3c752bdfab2654d236b3bbd	0
COEFFICIENT	pp_replay_inverse_ordinary	10934261	0x210e1cc0ca7f4b9f819249af063bfa951440cea1991ec44b322a9ca2de1137ed
TRACE	pp_replay_inverse_ordinary	10940322	0x278a160eae76f1cf5bd3890be7c0b626473c87069dfb0f24b2ebffffffffffff	0x35d454d8e4015ce4e0c9049621f0be3b274197b1e3c752bdfab2654d236b3bbd	0
COEFFICIENT	pp_replay_inverse_ordinary	10940322	0x77f08e5a78fff423e3ed97f42e68b3654fc334f51604db545f079e92df8dab97
TRACE	pp_replay_inverse_ordinary	10946383	0x278a160eae76f1cf5bd3890be7c0b626473c87069dfb0f24b2ebffffffffffff	0xe399380c4102adeda57fa120724a2fdb9e466458dd9380d0546c692d26642311	0
COEFFICIENT	pp_replay_inverse_ordinary	10946383	0x77f08e5a78fff423e3ed97f42e68b3654fc334f51604db545f079e92df8dab97
TRACE	pp_replay_inverse_ordinary	10952444	0x278a160eae76f1cf5bd3890be7c0b626473c87069dfb0f24b2ebffffffffffff	0xe399380c4102adeda57fa120724a2fdb9e466458dd9380d0546c692d26642311	0
COEFFICIENT	pp_replay_inverse_ordinary	10952444	0xd37a54c1330296356d5ad108cf1b96a63dccce43099d3779127ba653e57f7e10
TRACE	pp_replay_inverse_ordinary	10958505	0x278a160eae76f1cf5bd3890be7c0b626473c87069dfb0f24b2ebffffffffffff	0xf3b81b574f02c5a5dda471381578c910febffa6eb189ca27965d2c066748c812	0
COEFFICIENT	pp_replay_inverse_ordinary	10958505	0xd37a54c1330296356d5ad108cf1b96a63dccce43099d3779127ba653e57f7e10
TRACE	pp_replay_inverse_ordinary	10964566	0x278a160eae76f1cf5bd3890be7c0b626473c87069dfb0f24b2ebffffffffffff	0xf3b81b574f02c5a5dda471381578c910febffa6eb189ca27965d2c066748c812	0
COEFFICIENT	pp_replay_inverse_ordinary	10964566	0xb33c8e2b170266c4fd1130d988be643b7cd9a21761b0a4ca8e9a20a163b6340e
TRACE	pp_replay_inverse_ordinary	10970627	0x278a160eae76f1cf5bd3890be7c0b626473c87069dfb0f24b2ebffffffffffff	0x3433a88387032486be37b196a2332de680a652c60162ef849e20376c6adb5fe7	0
COEFFICIENT	pp_replay_inverse_ordinary	10970627	0xb33c8e2b170266c4fd1130d988be643b7cd9a21761b0a4ca8e9a20a163b6340e
TRACE	pp_replay_inverse_ordinary	10976688	0x278a160eae76f1cf5bd3890be7c0b626473c87069dfb0f24b2ebffffffffffff	0x3433a88387032486be37b196a2332de680a652c60162ef849e20376c6adb5fe7	0
COEFFICIENT	pp_replay_inverse_ordinary	10976688	0x9aacc4d9b507f210b85a1349b3aff65d7a5996f4c4c43919bb5478b03247cbd4
TRACE	pp_replay_inverse_ordinary	10982749	0x278a160eae76f1cf5bd3890be7c0b626473c87069dfb0f24b2ebffffffffffff	0xcdba8c2d58fe56fcc4154fe390b6656f86f30e973e01a5ef80ebf627a36ef029	0
COEFFICIENT	pp_replay_inverse_ordinary	10982749	0x9aacc4d9b507f210b85a1349b3aff65d7a5996f4c4c43919bb5478b03247cbd4
TRACE	pp_replay_inverse_ordinary	10988810	0x278a160eae76f1cf5bd3890be7c0b626473c87069dfb0f24b2ebffffffffffff	0xcdba8c2d58fe56fcc4154fe390b6656f86f30e973e01a5ef80ebf627a36ef029	0
COEFFICIENT	pp_replay_inverse_ordinary	10988810	0x31415e0c30e3b1e34c97676f816522a7ba63c80c78a1822f794e78a07fe8f73
TRACE	pp_replay_inverse_ordinary	10994871	0x278a160eae76f1cf5bd3890be7c0b626473c87069dfb0f24b2ebffffffffffff	0x9e892e3b750ae917bcf4163e19831d09898c59af438d6401f96cd3da4edc7396	0
COEFFICIENT	pp_replay_inverse_ordinary	10994871	0x31415e0c30e3b1e34c97676f816522a7ba63c80c78a1822f794e78a07fe8f73
TRACE	pp_replay_inverse_ordinary	11000932	0x278a160eae76f1cf5bd3890be7c0b626473c87069dfb0f24b2ebffffffffffff	0x9e892e3b750ae917bcf4163e19831d09898c59af438d6401f96cd3da4edc7396	0
COEFFICIENT	pp_replay_inverse_ordinary	11000932	0xa4b159fcfb275f542687032c09afc15e80d8d2b0d2a19447e896a2ee5ed9927c
TRACE	pp_replay_inverse_ordinary	11006993	0x278a160eae76f1cf5bd3890be7c0b626473c87069dfb0f24b2ebffffffffffff	0xe1c3b673e53d3183a06f2fa83cb5fb7193f1860f59bc5c4bdb704aa3fc927d79	0
COEFFICIENT	pp_replay_inverse_ordinary	11006993	0xa4b159fcfb275f542687032c09afc15e80d8d2b0d2a19447e896a2ee5ed9927c
TRACE	pp_replay_inverse_ordinary	11013054	0x278a160eae76f1cf5bd3890be7c0b626473c87069dfb0f24b2ebffffffffffff	0xe1c3b673e53d3183a06f2fa83cb5fb7193f1860f59bc5c4bdb704aa3fc927d79	0
COEFFICIENT	pp_replay_inverse_ordinary	11013054	0x2b266a6ddb8bf02bed7d360050157e2e95a32b70feff84dbac9d9082ba45aa13
TRACE	pp_replay_inverse_ordinary	11019115	0x278a160eae76f1cf5bd3890be7c0b626473c87069dfb0f24b2ebffffffffffff	0x98610279eeee72db53612950295678b4923fe0adb47933bc0a4304c63edf54b0	0
COEFFICIENT	pp_replay_inverse_ordinary	11019115	0x2b266a6ddb8bf02bed7d360050157e2e95a32b70feff84dbac9d9082ba45aa13
TRACE	pp_replay_inverse_ordinary	11025176	0x278a160eae76f1cf5bd3890be7c0b626473c87069dfb0f24b2ebffffffffffff	0x98610279eeee72db53612950295678b4923fe0adb47933bc0a4304c63edf54b0	0
COEFFICIENT	pp_replay_inverse_ordinary	11025176	0xbdebd261c8296d7c879942b076d483a8990676344985d5fb4ef81c3e35abfba5
TRACE	pp_replay_inverse_ordinary	11031237	0x278a160eae76f1cf5bd3890be7c0b626473c87069dfb0f24b2ebffffffffffff	0xeeadd755a60653332e5b9550c9817511bd86378fb2783d73637e25cbb36aa8d6	0
COEFFICIENT	pp_replay_inverse_ordinary	11031237	0xbdebd261c8296d7c879942b076d483a8990676344985d5fb4ef81c3e35abfba5
TRACE	pp_replay_inverse_ordinary	11037298	0x278a160eae76f1cf5bd3890be7c0b626473c87069dfb0f24b2ebffffffffffff	0xeeadd755a60653332e5b9550c9817511bd86378fb2783d73637e25cbb36aa8d6	0
COEFFICIENT	pp_replay_inverse_ordinary	11037298	0x8d29cd6dea4c87c5e0d6f0102427923f7486b4d8e0936e833a7212b0b7ed4e74
TRACE	pp_replay_inverse_ordinary	11043359	0x278a160eae76f1cf5bd3890be7c0b626473c87069dfb0f24b2ebffffffffffff	0x5031e13d61c01ea07be03a916edb57e40685ba46845d0c638c8a38e7aee80709	0
COEFFICIENT	pp_replay_inverse_ordinary	11043359	0x8d29cd6dea4c87c5e0d6f0102427923f7486b4d8e0936e833a7212b0b7ed4e74
TRACE	pp_replay_inverse_ordinary	11049420	0x278a160eae76f1cf5bd3890be7c0b626473c87069dfb0f24b2ebffffffffffff	0x5031e13d61c01ea07be03a916edb57e40685ba46845d0c638c8a38e7aee80709	0
COEFFICIENT	pp_replay_inverse_ordinary	11049420	0xca21b99e72d8f0eb45cda58ed973cc9ae287af6b3cc9d0a2e859ec79c0f295df
TRACE	pp_replay_inverse_ordinary	11055481	0x278a160eae76f1cf5bd3890be7c0b626473c87069dfb0f24b2ebffffffffffff	0x6a857c1936592e2c3d8e1ab1b72a7c62ef9323f84583e96a016e5e4a1ec2a7c2	0
COEFFICIENT	pp_replay_inverse_ordinary	11055481	0xca21b99e72d8f0eb45cda58ed973cc9ae287af6b3cc9d0a2e859ec79c0f295df
TRACE	pp_replay_inverse_ordinary	11061542	0x278a160eae76f1cf5bd3890be7c0b626473c87069dfb0f24b2ebffffffffffff	0x6a857c1936592e2c3d8e1ab1b72a7c62ef9323f84583e96a016e5e4a1ec2a7c2	0
COEFFICIENT	pp_replay_inverse_ordinary	11061542	0x29bdf723af58b3aa4e0d306bfbbd1cd2d57c3ade340fb7dbcf457aaa632287cd
TRACE	pp_replay_inverse_ordinary	11067603	0x278a160eae76f1cf5bd3890be7c0b626473c87069dfb0f24b2ebffffffffffff	0xab4d010ebd59a8ae2d0f04f77297dbf309aa0d1256f81af8339741e9da62c7b7	0
COEFFICIENT	pp_replay_inverse_ordinary	11067603	0x29bdf723af58b3aa4e0d306bfbbd1cd2d57c3ade340fb7dbcf457aaa632287cd
TRACE	pp_replay_inverse_ordinary	11073664	0x278a160eae76f1cf5bd3890be7c0b626473c87069dfb0f24b2ebffffffffffff	0xab4d010ebd59a8ae2d0f04f77297dbf309aa0d1256f81af8339741e9da62c7b7	0
COEFFICIENT	pp_replay_inverse_ordinary	11073664	0xfec8ef561c0b1002c92965cf6a121598b4a282cebf178aafd222373ea0a7d751
TRACE	pp_replay_inverse_ordinary	11079725	0x278a160eae76f1cf5bd3890be7c0b626473c87069dfb0f24b2ebffffffffffff	0x57d112c75ea8415990f4a41f7b1da24d5eb19755eed8ab40950c4c95141db81d	0
COEFFICIENT	pp_replay_inverse_ordinary	11079725	0xfec8ef561c0b1002c92965cf6a121598b4a282cebf178aafd222373ea0a7d751
TRACE	pp_replay_inverse_ordinary	11085786	0x278a160eae76f1cf5bd3890be7c0b626473c87069dfb0f24b2ebffffffffffff	0x57d112c75ea8415990f4a41f7b1da24d5eb19755eed8ab40950c4c95141db81d	0
COEFFICIENT	pp_replay_inverse_ordinary	11085786	0x5562f17396be615f23476fbe4f41cd7ec7f69cf36d07c0a03950bb14556d6e61
TRACE	pp_replay_inverse_ordinary	11091847	0x278a160eae76f1cf5bd3890be7c0b626473c87069dfb0f24b2ebffffffffffff	0x5a3f341b26922153fea1d880a6f9771bf56c91b870a995e0f0c7de15d2ce01d9	0
COEFFICIENT	pp_replay_inverse_ordinary	11091847	0x5562f17396be615f23476fbe4f41cd7ec7f69cf36d07c0a03950bb14556d6e61
TRACE	pp_replay_inverse_ordinary	11097908	0x278a160eae76f1cf5bd3890be7c0b626473c87069dfb0f24b2ebffffffffffff	0x5a3f341b26922153fea1d880a6f9771bf56c91b870a995e0f0c7de15d2ce01d9	0
COEFFICIENT	pp_replay_inverse_ordinary	11097908	0x5051702540ee4124530b7fd457d12198559cb9f4ab917216369543f7da8e26c
TRACE	pp_replay_inverse_ordinary	11103969	0x278a160eae76f1cf5bd3890be7c0b626473c87069dfb0f24b2ebffffffffffff	0xb9837f38a13326ba427468fe937000517032ef102c0c42e344f9106b2344e61e	0
COEFFICIENT	pp_replay_inverse_ordinary	11103969	0x5051702540ee4124530b7fd457d12198559cb9f4ab917216369543f7da8e26c
TRACE	pp_replay_inverse_ordinary	11110030	0x278a160eae76f1cf5bd3890be7c0b626473c87069dfb0f24b2ebffffffffffff	0xb9837f38a13326ba427468fe937000517032ef102c0c42e344f9106b2344e61e	0
COEFFICIENT	pp_replay_inverse_ordinary	11110030	0xc38dad3d4950eedeccd5d8f91e6a24847ae6864ec17e71260bcbb8ea1e96aaf6
TRACE	pp_replay_inverse_ordinary	11116091	0x278a160eae76f1cf5bd3890be7c0b626473c87069dfb0f24b2ebffffffffffff	0xaf795133f9155e95b812f9040875dc1e657f57d1969a14a07e2667ec27f32146	0
COEFFICIENT	pp_replay_inverse_ordinary	11116091	0xc38dad3d4950eedeccd5d8f91e6a24847ae6864ec17e71260bcbb8ea1e96aaf6
TRACE	pp_replay_inverse_ordinary	11122152	0x278a160eae76f1cf5bd3890be7c0b626473c87069dfb0f24b2ebffffffffffff	0xaf795133f9155e95b812f9040875dc1e657f57d1969a14a07e2667ec27f32146	0
COEFFICIENT	pp_replay_inverse_ordinary	11122152	0xd7a20946998c7f27e198b8ee345e6cea904db4cbec62cdab997109e8153a34a6
TRACE	pp_replay_inverse_ordinary	11128213	0x278a160eae76f1cf5bd3890be7c0b626473c87069dfb0f24b2ebffffffffffff	0x87509921589e3e038e8d3919dc8d4b523ab0fad740d15b9562dbc5f03aac0de6	0
COEFFICIENT	pp_replay_inverse_ordinary	11128213	0xd7a20946998c7f27e198b8ee345e6cea904db4cbec62cdab997109e8153a34a6
TRACE	pp_replay_inverse_ordinary	11134274	0x278a160eae76f1cf5bd3890be7c0b626473c87069dfb0f24b2ebffffffffffff	0x87509921589e3e038e8d3919dc8d4b523ab0fad740d15b9562dbc5f03aac0de6	0
COEFFICIENT	pp_replay_inverse_ordinary	11134274	0x27f3796bda7ac04c34a438c28c2f8e82e5ea6ec097f43fc1d0064de0efc85f37
TRACE	pp_replay_inverse_ordinary	11140335	0x278a160eae76f1cf5bd3890be7c0b626473c87069dfb0f24b2ebffffffffffff	0x3694abae8bb73c5351beaaf6454a25275b4c646f1996f6ec95bdd9c265207ed4	0
COEFFICIENT	pp_replay_inverse_ordinary	11140335	0x27f3796bda7ac04c34a438c28c2f8e82e5ea6ec097f43fc1d0064de0efc85f37
TRACE	pp_replay_inverse_ordinary	11146396	0x278a160eae76f1cf5bd3890be7c0b626473c87069dfb0f24b2ebffffffffffff	0x3694abae8bb73c5351beaaf6454a25275b4c646f1996f6ec95bdd9c265207ed4	0
COEFFICIENT	pp_replay_inverse_ordinary	11146396	0x19524729293e44451789c68ed314f7de70887912165188970a4ec1ff7a703f9a
TRACE	pp_replay_inverse_ordinary	11152457	0x278a160eae76f1cf5bd3890be7c0b626473c87069dfb0f24b2ebffffffffffff	0x53d71033ee3034618bf38f5db77f527046104fcc1cdc6542212cf1854fd0be0e	0
COEFFICIENT	pp_replay_inverse_ordinary	11152457	0x19524729293e44451789c68ed314f7de70887912165188970a4ec1ff7a703f9a
TRACE	pp_replay_inverse_ordinary	11158518	0x278a160eae76f1cf5bd3890be7c0b626473c87069dfb0f24b2ebffffffffffff	0x53d71033ee3034618bf38f5db77f527046104fcc1cdc6542212cf1854fd0be0e	0
COEFFICIENT	pp_replay_inverse_ordinary	11158518	0xdecd7e1e644c5428a31ffdbfeeaa9d4c9b00a2580fc6abebf3709278a50fbd55
TRACE	pp_replay_inverse_ordinary	11164579	0x278a160eae76f1cf5bd3890be7c0b626473c87069dfb0f24b2ebffffffffffff	0x867b9e8640acbcebbb071c7b5da9422d272141f0497f767035ca758444b13d42	0
COEFFICIENT	pp_replay_inverse_ordinary	11164579	0xdecd7e1e644c5428a31ffdbfeeaa9d4c9b00a2580fc6abebf3709278a50fbd55
TRACE	pp_replay_inverse_ordinary	11170640	0x278a160eae76f1cf5bd3890be7c0b626473c87069dfb0f24b2ebffffffffffff	0x867b9e8640acbcebbb071c7b5da9422d272141f0497f767035ca758444b13d42	0
COEFFICIENT	pp_replay_inverse_ordinary	11170640	0x44169ac30945653d014717fb3afe7cc65d2286a0690cce481cab9a778ed0bf8e
TRACE	pp_replay_inverse_ordinary	11176701	0x278a160eae76f1cf5bd3890be7c0b626473c87069dfb0f24b2ebffffffffffff	0xc8e0a2497814149a74c720fb80540793f11ffd4029f21e984ee95090fa91baf6	0
COEFFICIENT	pp_replay_inverse_ordinary	11176701	0x44169ac30945653d014717fb3afe7cc65d2286a0690cce481cab9a778ed0bf8e
TRACE	pp_replay_inverse_ordinary	11182762	0x278a160eae76f1cf5bd3890be7c0b626473c87069dfb0f24b2ebffffffffffff	0xc8e0a2497814149a74c720fb80540793f11ffd4029f21e984ee95090fa91baf6	0
COEFFICIENT	pp_replay_inverse_ordinary	11182762	0x510dd7cf8a9edf14775550f1f6510120ab650a80fc0bbb288840858118333de3
TRACE	pp_replay_inverse_ordinary	11188823	0x278a160eae76f1cf5bd3890be7c0b626473c87069dfb0f24b2ebffffffffffff	0xe2cf1c627ac7084960e392e8f6f910488da505014feff859261326a40d56b7a0	0
COEFFICIENT	pp_replay_inverse_ordinary	11188823	0x510dd7cf8a9edf14775550f1f6510120ab650a80fc0bbb288840858118333de3
TRACE	pp_replay_inverse_ordinary	11194884	0x278a160eae76f1cf5bd3890be7c0b626473c87069dfb0f24b2ebffffffffffff	0xe2cf1c627ac7084960e392e8f6f910488da505014feff859261326a40d56b7a0	0
COEFFICIENT	pp_replay_inverse_ordinary	11194884	0xbf4c933c9a76b5df8dc70efaf5a8f1f8c9251000a8277df7ea6de45d230fc055
TRACE	pp_replay_inverse_ordinary	11200945	0x278a160eae76f1cf5bd3890be7c0b626473c87069dfb0f24b2ebffffffffffff	0x84eacc019004c6724f8e34cce39b1289e46f1a0348076eaa369431a73dbd3737	0
COEFFICIENT	pp_replay_inverse_ordinary	11200945	0xbf4c933c9a76b5df8dc70efaf5a8f1f8c9251000a8277df7ea6de45d230fc055
TRACE	pp_replay_inverse_ordinary	11207006	0x278a160eae76f1cf5bd3890be7c0b626473c87069dfb0f24b2ebffffffffffff	0x84eacc019004c6724f8e34cce39b1289e46f1a0348076eaa369431a73dbd3737	0
COEFFICIENT	pp_replay_inverse_ordinary	11207006	0x383f27ac4f232316b1c52c2ceecf67b76b93a0498566a9a0b6ffa6383dcbf83
TRACE	pp_replay_inverse_ordinary	11213067	0x278a160eae76f1cf5bd3890be7c0b626473c87069dfb0f24b2ebffffffffffff	0x651a5885b175ab3340016d6f8492e985224fa01f7b872ba61b868ebf79db2bc	0
COEFFICIENT	pp_replay_inverse_ordinary	11213067	0x383f27ac4f232316b1c52c2ceecf67b76b93a0498566a9a0b6ffa6383dcbf83
TRACE	pp_replay_inverse_ordinary	11219128	0x278a160eae76f1cf5bd3890be7c0b626473c87069dfb0f24b2ebffffffffffff	0x651a5885b175ab3340016d6f8492e985224fa01f7b872ba61b868ebf79db2bc	0
COEFFICIENT	pp_replay_inverse_ordinary	11219128	0xd598a7de4fbbf160a38bc5c96231b8f3f976e0b286547ee78985db2ff5731c2
TRACE	pp_replay_inverse_ordinary	11225189	0x278a160eae76f1cf5bd3890be7c0b626473c87069dfb0f24b2ebffffffffffff	0xff49c092d132f6505dc771515a6f41a164b285f8c70b9d864ad87423efe42fe5	0
COEFFICIENT	pp_replay_inverse_ordinary	11225189	0xd598a7de4fbbf160a38bc5c96231b8f3f976e0b286547ee78985db2ff5731c2
TRACE	pp_replay_inverse_ordinary	11231250	0x278a160eae76f1cf5bd3890be7c0b626473c87069dfb0f24b2ebffffffffffff	0xff49c092d132f6505dc771515a6f41a164b285f8c70b9d864ad87423efe42fe5	0
COEFFICIENT	pp_replay_inverse_ordinary	11231250	0x19fcd58e9b2a747c7238ea0a86b578bfe3e1620f17d62d633c092f8aee92973a
TRACE	pp_replay_inverse_ordinary	11237311	0x278a160eae76f1cf5bd3890be7c0b626473c87069dfb0f24b2ebffffffffffff	0xe496ab97073b78244955f8982e290a82e583a9e276410da959a7b8bdf135cc61	0
COEFFICIENT	pp_replay_inverse_ordinary	11237311	0x19fcd58e9b2a747c7238ea0a86b578bfe3e1620f17d62d633c092f8aee92973a
TRACE	pp_replay_inverse_ordinary	11243372	0x278a160eae76f1cf5bd3890be7c0b626473c87069dfb0f24b2ebffffffffffff	0xe496ab97073b78244955f8982e290a82e583a9e276410da959a7b8bdf135cc61	0
COEFFICIENT	pp_replay_inverse_ordinary	11243372	0x189056b43d90611d2dc7ccad3b93fc02ad466e00a5ed686fd1ba17d4ce5afea6
TRACE	pp_replay_inverse_ordinary	11249433	0x278a160eae76f1cf5bd3890be7c0b626473c87069dfb0f24b2ebffffffffffff	0xb09d0079d0e68f2b64e4248320be19031dc0e5c44694b2e2e19559a814109ded	0
COEFFICIENT	pp_replay_inverse_ordinary	11249433	0x189056b43d90611d2dc7ccad3b93fc02ad466e00a5ed686fd1ba17d4ce5afea6
TRACE	pp_replay_inverse_ordinary	11255494	0x278a160eae76f1cf5bd3890be7c0b626473c87069dfb0f24b2ebffffffffffff	0xb09d0079d0e68f2b64e4248320be19031dc0e5c44694b2e2e19559a814109ded	0
COEFFICIENT	pp_replay_inverse_ordinary	11255494	0xe1bdade24c075165c073bddd97e61108784dc1c5926f83c285098951b0c69b39
TRACE	pp_replay_inverse_ordinary	11261555	0x278a160eae76f1cf5bd3890be7c0b626473c87069dfb0f24b2ebffffffffffff	0x7f7c531155c5ccf109548b28a99620fdc33409c2fab9e2033e2129fe775aa0a1	0
COEFFICIENT	pp_replay_inverse_ordinary	11261555	0xe1bdade24c075165c073bddd97e61108784dc1c5926f83c285098951b0c69b39
TRACE	pp_replay_inverse_ordinary	11267616	0x278a160eae76f1cf5bd3890be7c0b626473c87069dfb0f24b2ebffffffffffff	0x7f7c531155c5ccf109548b28a99620fdc33409c2fab9e2033e2129fe775aa0a1	0
COEFFICIENT	pp_replay_inverse_ordinary	11267616	0x43ff08b34248d5da7792f092863601132d6779c82a252581cbf1e8a5ea3299a2
TRACE	pp_replay_inverse_ordinary	11273677	0x278a160eae76f1cf5bd3890be7c0b626473c87069dfb0f24b2ebffffffffffff	0xbaf99d6f6942c4079b1625beccf640e8590099bdcb4e9e84b0506b570482a7a0	0
COEFFICIENT	pp_replay_inverse_ordinary	11273677	0x43ff08b34248d5da7792f092863601132d6779c82a252581cbf1e8a5ea3299a2
TRACE	pp_replay_inverse_ordinary	11279738	0x278a160eae76f1cf5bd3890be7c0b626473c87069dfb0f24b2ebffffffffffff	0xbaf99d6f6942c4079b1625beccf640e8590099bdcb4e9e84b0506b570482a7a0	0
COEFFICIENT	pp_replay_inverse_ordinary	11279738	0xcd0473f71b4ee7ad540fbb663f75c13e01ce59d288fbac7ee79365f3cfe287d3
TRACE	pp_replay_inverse_ordinary	11285799	0x278a160eae76f1cf5bd3890be7c0b626473c87069dfb0f24b2ebffffffffffff	0xa8eec6e7b736a061e21c90175a76c092b032d9a90da1908a790d70ba3922c76d	0
COEFFICIENT	pp_replay_inverse_ordinary	11285799	0xcd0473f71b4ee7ad540fbb663f75c13e01ce59d288fbac7ee79365f3cfe287d3
TRACE	pp_replay_inverse_ordinary	11291860	0x278a160eae76f1cf5bd3890be7c0b626473c87069dfb0f24b2ebffffffffffff	0xa8eec6e7b736a061e21c90175a76c092b032d9a90da1908a790d70ba3922c76d	0
COEFFICIENT	pp_replay_inverse_ordinary	11291860	0xf11a21067f672ef8c602e6b52474c1e95369d9fc0455c87356195b2d66a24839
TRACE	pp_replay_inverse_ordinary	11297921	0x278a160eae76f1cf5bd3890be7c0b626473c87069dfb0f24b2ebffffffffffff	0x42f7aed5edd46fbc8a3c06e3d962430eb3cf8d4e1f98e98848343ca3d8e7deb5	0
COEFFICIENT	pp_replay_inverse_ordinary	11297921	0xf11a21067f672ef8c602e6b52474c1e95369d9fc0455c87356195b2d66a24839
TRACE	pp_replay_inverse_ordinary	11303982	0x278a160eae76f1cf5bd3890be7c0b626473c87069dfb0f24b2ebffffffffffff	0x42f7aed5edd46fbc8a3c06e3d962430eb3cf8d4e1f98e98848343ca3d8e7deb5	0
COEFFICIENT	pp_replay_inverse_ordinary	11303982	0x9f3c933710f9ee3501c9c6866f8740c3f30426a9e912a75e63fe79b7f45cb58e
TRACE	pp_replay_inverse_ordinary	11310043	0x278a160eae76f1cf5bd3890be7c0b626473c87069dfb0f24b2ebffffffffffff	0xe6b2ca74caaef14412ae4741433d4559749af3f2561f2bb22c69ff8ebd73040b	0
COEFFICIENT	pp_replay_inverse_ordinary	11310043	0x9f3c933710f9ee3501c9c6866f8740c3f30426a9e912a75e63fe79b7f45cb58e
TRACE	pp_replay_inverse_ordinary	11316104	0x278a160eae76f1cf5bd3890be7c0b626473c87069dfb0f24b2ebffffffffffff	0xe6b2ca74caaef14412ae4741433d4559749af3f2561f2bb22c69ff8ebd73040b	0
COEFFICIENT	pp_replay_inverse_ordinary	11316104	0x252bf0e2eca2cdae1641d44e224bc6e15aa3414628447a6ef466f300a62c76c9
TRACE	pp_replay_inverse_ordinary	11322165	0x278a160eae76f1cf5bd3890be7c0b626473c87069dfb0f24b2ebffffffffffff	0xf29185cc8200b0363b9e62d0a8c6519443d9292ad482d1d34d3af21f211282b0	0
COEFFICIENT	pp_replay_inverse_ordinary	11322165	0x252bf0e2eca2cdae1641d44e224bc6e15aa3414628447a6ef466f300a62c76c9
TRACE	pp_replay_inverse_ordinary	11328226	0x278a160eae76f1cf5bd3890be7c0b626473c87069dfb0f24b2ebffffffffffff	0xf29185cc8200b0363b9e62d0a8c6519443d9292ad482d1d34d3af21f211282b0	0
COEFFICIENT	pp_replay_inverse_ordinary	11328226	0x57c65bf95744eb25f0e545cb9bd13c2e716d59617c06230a9b92f3e12b466711
TRACE	pp_replay_inverse_ordinary	11334287	0x278a160eae76f1cf5bd3890be7c0b626473c87069dfb0f24b2ebffffffffffff	0x3ce967925b464b9268220b6ced5ddf56f91fabb7250bc6b13608d8216d6b7413	0
COEFFICIENT	pp_replay_inverse_ordinary	11334287	0x57c65bf95744eb25f0e545cb9bd13c2e716d59617c06230a9b92f3e12b466711
TRACE	pp_replay_inverse_ordinary	11340348	0x278a160eae76f1cf5bd3890be7c0b626473c87069dfb0f24b2ebffffffffffff	0x3ce967925b464b9268220b6ced5ddf56f91fabb7250bc6b13608d8216d6b7413	0
COEFFICIENT	pp_replay_inverse_ordinary	11340348	0xec761f8509d021de49ec9704250057b3dbfa5e7a1d180cc66d2ebfe3c3f84235
TRACE	pp_replay_inverse_ordinary	11346409	0x278a160eae76f1cf5bd3890be7c0b626473c87069dfb0f24b2ebffffffffffff	0x6648eea9c05cb9031a30adddffbc1661ce39b5e8672f9a28d94070279ecf2e2c	0
COEFFICIENT	pp_replay_inverse_ordinary	11346409	0xec761f8509d021de49ec9704250057b3dbfa5e7a1d180cc66d2ebfe3c3f84235
TRACE	pp_replay_inverse_ordinary	11352470	0x278a160eae76f1cf5bd3890be7c0b626473c87069dfb0f24b2ebffffffffffff	0x6648eea9c05cb9031a30adddffbc1661ce39b5e8672f9a28d94070279ecf2e2c	0
COEFFICIENT	pp_replay_inverse_ordinary	11352470	0x72a3506053438ab979a8802a4a449905e9bb070bd3007f64011d0fa0e9215a0f
TRACE	pp_replay_inverse_ordinary	11358531	0x278a160eae76f1cf5bd3890be7c0b626473c87069dfb0f24b2ebffffffffffff	0x3f352db3d3fcfcbfae09dbe649bcc5c9862e72dca15fb3b5b39deff126bfba38	0
COEFFICIENT	pp_replay_inverse_ordinary	11358531	0x72a3506053438ab979a8802a4a449905e9bb070bd3007f64011d0fa0e9215a0f
TRACE	pp_replay_inverse_ordinary	11364592	0x278a160eae76f1cf5bd3890be7c0b626473c87069dfb0f24b2ebffffffffffff	0x3f352db3d3fcfcbfae09dbe649bcc5c9862e72dca15fb3b5b39deff126bfba38	0
COEFFICIENT	pp_replay_inverse_ordinary	11364592	0xa611730cd28a18b34547246e4acc6c424d479b3b04a14b124e9c2f50ab82f9e6
TRACE	pp_replay_inverse_ordinary	11370653	0x278a160eae76f1cf5bd3890be7c0b626473c87069dfb0f24b2ebffffffffffff	0x247bce747a841232a15adc3ade45f7d559a480f44760b27db5d80f33f9027227	0
COEFFICIENT	pp_replay_inverse_ordinary	11370653	0xa611730cd28a18b34547246e4acc6c424d479b3b04a14b124e9c2f50ab82f9e6
TRACE	pp_replay_inverse_ordinary	11376714	0x278a160eae76f1cf5bd3890be7c0b626473c87069dfb0f24b2ebffffffffffff	0x247bce747a841232a15adc3ade45f7d559a480f44760b27db5d80f33f9027227	0
COEFFICIENT	pp_replay_inverse_ordinary	11376714	0x27a717a52a901f33e9336ca1b752e0af40eab581c1e1e3a6e7604f6e5e038576
TRACE	pp_replay_inverse_ordinary	11382775	0x278a160eae76f1cf5bd3890be7c0b626473c87069dfb0f24b2ebffffffffffff	0x21508543ca78053159824bd405390efb725e4c66ccdf8154844fcef994015ed8	0
COEFFICIENT	pp_replay_inverse_ordinary	11382775	0x27a717a52a901f33e9336ca1b752e0af40eab581c1e1e3a6e7604f6e5e038576
TRACE	pp_replay_inverse_ordinary	11388836	0x278a160eae76f1cf5bd3890be7c0b626473c87069dfb0f24b2ebffffffffffff	0x21508543ca78053159824bd405390efb725e4c66ccdf8154844fcef994015ed8	0
COEFFICIENT	pp_replay_inverse_ordinary	11388836	0x709eb48e1f9843992be9251773ded059f433b76a50a348a253106dd6500869c4
TRACE	pp_replay_inverse_ordinary	11394897	0x278a160eae76f1cf5bd3890be7c0b626473c87069dfb0f24b2ebffffffffffff	0xd20255f97557c6c9871b729096934d9cf088e163491bba06b58f301bd7fa501b	0
COEFFICIENT	pp_replay_inverse_ordinary	11394897	0x709eb48e1f9843992be9251773ded059f433b76a50a348a253106dd6500869c4
TRACE	pp_replay_inverse_ordinary	11400958	0x278a160eae76f1cf5bd3890be7c0b626473c87069dfb0f24b2ebffffffffffff	0xd20255f97557c6c9871b729096934d9cf088e163491bba06b58f301bd7fa501b	0
COEFFICIENT	pp_replay_inverse_ordinary	11400958	0xf3b1322c9d8c068d0b6d79e512a5316f7de8d71582ad73df091ab90c816836d
TRACE	pp_replay_inverse_ordinary	11407019	0x278a160eae76f1cf5bd3890be7c0b626473c87069dfb0f24b2ebffffffffffff	0xb33fbf15b4884dfbdeedbcbf7e50ee50d8f05037ea624b4b5bb00bc9780b2774	0
COEFFICIENT	pp_replay_inverse_ordinary	11407019	0xf3b1322c9d8c068d0b6d79e512a5316f7de8d71582ad73df091ab90c816836d
TRACE	pp_replay_inverse_ordinary	11413080	0x278a160eae76f1cf5bd3890be7c0b626473c87069dfb0f24b2ebffffffffffff	0xb33fbf15b4884dfbdeedbcbf7e50ee50d8f05037ea624b4b5bb00bc9780b2774	0
COEFFICIENT	pp_replay_inverse_ordinary	11413080	0xd1b5e55b4839cecd805b6bfc20a5947ec8ad6b1a9ab7f9c73cd362eb08382e4e
TRACE	pp_replay_inverse_ordinary	11419141	0x278a160eae76f1cf5bd3890be7c0b626473c87069dfb0f24b2ebffffffffffff	0x94c998d020d6cd2a3d800d82dbfc4822e93335553a0c9ccf7a8cb4a7e7de209a	0
COEFFICIENT	pp_replay_inverse_ordinary	11419141	0xd1b5e55b4839cecd805b6bfc20a5947ec8ad6b1a9ab7f9c73cd362eb08382e4e
TRACE	pp_replay_inverse_ordinary	11425202	0x278a160eae76f1cf5bd3890be7c0b626473c87069dfb0f24b2ebffffffffffff	0x94c998d020d6cd2a3d800d82dbfc4822e93335553a0c9ccf7a8cb4a7e7de209a	0
COEFFICIENT	pp_replay_inverse_ordinary	11425202	0xea231e66f9cd070c336ca75654ee0daa827a0dffb6356beff1a112f28923fd3
TRACE	pp_replay_inverse_ordinary	11431263	0x278a160eae76f1cf5bd3890be7c0b626473c87069dfb0f24b2ebffffffffffff	0x38356386b14a6ac53e36e57b1d4771207a8e0b8a6f7c905df4337a7ff84e84d8	0
COEFFICIENT	pp_replay_inverse_ordinary	11431263	0xea231e66f9cd070c336ca75654ee0daa827a0dffb6356beff1a112f28923fd3
TRACE	pp_replay_inverse_ordinary	11437324	0x278a160eae76f1cf5bd3890be7c0b626473c87069dfb0f24b2ebffffffffffff	0x38356386b14a6ac53e36e57b1d4771207a8e0b8a6f7c905df4337a7ff84e84d8	0
COEFFICIENT	pp_replay_inverse_ordinary	11437324	0x5579c75390840ba6c4a47a65e7e532d5cadd4d4a66433ddbf2679cde4973047e
TRACE	pp_replay_inverse_ordinary	11443385	0x278a160eae76f1cf5bd3890be7c0b626473c87069dfb0f24b2ebffffffffffff	0xc5e48e60f318e1314112455c22741516bff9645f453c5e97dace91de3a100e2e	0
COEFFICIENT	pp_replay_inverse_ordinary	11443385	0x5579c75390840ba6c4a47a65e7e532d5cadd4d4a66433ddbf2679cde4973047e
TRACE	pp_replay_inverse_ordinary	11449446	0x278a160eae76f1cf5bd3890be7c0b626473c87069dfb0f24b2ebffffffffffff	0xc5e48e60f318e1314112455c22741516bff9645f453c5e97dace91de3a100e2e	0
COEFFICIENT	pp_replay_inverse_ordinary	11449446	0x70d81d081420f87eca5b3a27f23e7ac255b3fef411c2da4fbf9dcb9bccf61afb
TRACE	pp_replay_inverse_ordinary	11455507	0x278a160eae76f1cf5bd3890be7c0b626473c87069dfb0f24b2ebffffffffffff	0xfca139c9fa52bae14c7fc4e03726a4efd5a6c7b29c3b977f753aef5941163b28	0
COEFFICIENT	pp_replay_inverse_ordinary	11455507	0x70d81d081420f87eca5b3a27f23e7ac255b3fef411c2da4fbf9dcb9bccf61afb
TRACE	pp_replay_inverse_ordinary	11461568	0x278a160eae76f1cf5bd3890be7c0b626473c87069dfb0f24b2ebffffffffffff	0xfca139c9fa52bae14c7fc4e03726a4efd5a6c7b29c3b977f753aef5941163b28	0
COEFFICIENT	pp_replay_inverse_ordinary	11461568	0xde5173da2294abdee13639301ba39a74810ec59abfc14c1ef4768691db0274ef
TRACE	pp_replay_inverse_ordinary	11467629	0x278a160eae76f1cf5bd3890be7c0b626473c87069dfb0f24b2ebffffffffffff	0xd793e76e173a21a17a35c2f089f0e4542c5c54fff8387b1ddeec65465d2ef2e1	0
COEFFICIENT	pp_replay_inverse_ordinary	11467629	0xde5173da2294abdee13639301ba39a74810ec59abfc14c1ef4768691db0274ef
TRACE	pp_replay_inverse_ordinary	11473690	0x278a160eae76f1cf5bd3890be7c0b626473c87069dfb0f24b2ebffffffffffff	0xd793e76e173a21a17a35c2f089f0e4542c5c54fff8387b1ddeec65465d2ef2e1	0
COEFFICIENT	pp_replay_inverse_ordinary	11473690	0xe50f00462def361c4836af6fad565094d5c13635874a1d200a00a7dd58d5f6fd
TRACE	pp_replay_inverse_ordinary	11479751	0x278a160eae76f1cf5bd3890be7c0b626473c87069dfb0f24b2ebffffffffffff	0xca18ce9600850d26ac34d671668b781382f773ca6926d91bb3d822af6187eec5	0
COEFFICIENT	pp_replay_inverse_ordinary	11479751	0xe50f00462def361c4836af6fad565094d5c13635874a1d200a00a7dd58d5f6fd
TRACE	pp_replay_inverse_ordinary	11485812	0x278a160eae76f1cf5bd3890be7c0b626473c87069dfb0f24b2ebffffffffffff	0xca18ce9600850d26ac34d671668b781382f773ca6926d91bb3d822af6187eec5	0
COEFFICIENT	pp_replay_inverse_ordinary	11485812	0x531f65b595f11e438886df4212916288af8a0a56d612460292d0c50240306
TRACE	pp_replay_inverse_ordinary	11491873	0x278a160eae76f1cf5bd3890be7c0b626473c87069dfb0f24b2ebffffffffffff	0x942c6b35a5b0bb3b74312474d8f5c710dd63eef42ce051130787185372ebde55	0
COEFFICIENT	pp_replay_inverse_ordinary	11491873	0x531f65b595f11e438886df4212916288af8a0a56d612460292d0c50240306
TRACE	pp_replay_inverse_ordinary	11497934	0x278a160eae76f1cf5bd3890be7c0b626473c87069dfb0f24b2ebffffffffffff	0x942c6b35a5b0bb3b74312474d8f5c710dd63eef42ce051130787185372ebde55	0
COEFFICIENT	pp_replay_inverse_ordinary	11497934	0x9436cf225c63795f3ca23550c138193d2e79e03577bb135bc7d9726c1333e461
TRACE	pp_replay_inverse_ordinary	11503995	0x278a160eae76f1cf5bd3890be7c0b626473c87069dfb0f24b2ebffffffffffff	0xbc8fa58da7c4efd625047e3a7323a75ee941be1dd17bb581d6e7a313f90ba4dc	0
COEFFICIENT	pp_replay_inverse_ordinary	11503995	0x9436cf225c63795f3ca23550c138193d2e79e03577bb135bc7d9726c1333e461
TRACE	pp_replay_inverse_ordinary	11510056	0x278a160eae76f1cf5bd3890be7c0b626473c87069dfb0f24b2ebffffffffffff	0xbc8fa58da7c4efd625047e3a7323a75ee941be1dd17bb581d6e7a313f90ba4dc	0
COEFFICIENT	pp_replay_inverse_ordinary	11510056	0x6bddf8b7110202e8543fec670f4c8b1b73b2024d1dfa7135b8cb41c42d5c23e6
TRACE	pp_replay_inverse_ordinary	11516117	0x278a160eae76f1cf5bd3890be7c0b626473c87069dfb0f24b2ebffffffffffff	0xd4152643e87dcc3f5c9100dd6fac3a25ed179ee84fcf9cdf5040464c4bb29a3	0
COEFFICIENT	pp_replay_inverse_ordinary	11516117	0x6bddf8b7110202e8543fec670f4c8b1b73b2024d1dfa7135b8cb41c42d5c23e6
TRACE	pp_replay_inverse_ordinary	11522178	0x278a160eae76f1cf5bd3890be7c0b626473c87069dfb0f24b2ebffffffffffff	0xd4152643e87dcc3f5c9100dd6fac3a25ed179ee84fcf9cdf5040464c4bb29a3	0
COEFFICIENT	pp_replay_inverse_ordinary	11522178	0xe4fd43d2608be2949e48e8dbf593d9d946357e88c0f1dc39669a87ed1f73716f
TRACE	pp_replay_inverse_ordinary	11528239	0x278a160eae76f1cf5bd3890be7c0b626473c87069dfb0f24b2ebffffffffffff	0xff7fe89add9b9c1c89db08f7a389611e03d87265caebcfd550a290b6a8e9c4b5	0
COEFFICIENT	pp_replay_inverse_ordinary	11528239	0xe4fd43d2608be2949e48e8dbf593d9d946357e88c0f1dc39669a87ed1f73716f
TRACE	pp_replay_inverse_ordinary	11534300	0x278a160eae76f1cf5bd3890be7c0b626473c87069dfb0f24b2ebffffffffffff	0xff7fe89add9b9c1c89db08f7a389611e03d87265caebcfd550a290b6a8e9c4b5	0
COEFFICIENT	pp_replay_inverse_ordinary	11534300	0xca7a9f09e37c290cb2b6c8c0479e529488928aabb6f7e89d7c927f2395fd1e29
TRACE	pp_replay_inverse_ordinary	11540361	0x278a160eae76f1cf5bd3890be7c0b626473c87069dfb0f24b2ebffffffffffff	0x3485322bd7bb0f2c60ff492eff746fa77f1e5a1fdedfb70d24b2a24abbd66f12	0
COEFFICIENT	pp_replay_inverse_ordinary	11540361	0xca7a9f09e37c290cb2b6c8c0479e529488928aabb6f7e89d7c927f2395fd1e29
TRACE	pp_replay_inverse_ordinary	11546422	0x278a160eae76f1cf5bd3890be7c0b626473c87069dfb0f24b2ebffffffffffff	0x3485322bd7bb0f2c60ff492eff746fa77f1e5a1fdedfb70d24b2a24abbd66f12	0
COEFFICIENT	pp_replay_inverse_ordinary	11546422	0xc97a703f9eb36145c66cdaaf8eb114d090436f774ccf88481dd7a092e7d0af35
TRACE	pp_replay_inverse_ordinary	11552483	0x278a160eae76f1cf5bd3890be7c0b626473c87069dfb0f24b2ebffffffffffff	0x9f8ff41810c2bd12fb91b7ae7037ca7e6df944c870efe5d22b8da4018fdc2b1e	0
COEFFICIENT	pp_replay_inverse_ordinary	11552483	0xc97a703f9eb36145c66cdaaf8eb114d090436f774ccf88481dd7a092e7d0af35
TRACE	pp_replay_inverse_ordinary	11558544	0x278a160eae76f1cf5bd3890be7c0b626473c87069dfb0f24b2ebffffffffffff	0x9f8ff41810c2bd12fb91b7ae7037ca7e6df944c870efe5d22b8da4018fdc2b1e	0
COEFFICIENT	pp_replay_inverse_ordinary	11558544	0x3284d4974e297f9e886b6d0d8d99f41f8e8023b70a8ef662673ce5295f7d912a
TRACE	pp_replay_inverse_ordinary	11564605	0x278a160eae76f1cf5bd3890be7c0b626473c87069dfb0f24b2ebffffffffffff	0xc9b1398d35bfa876eb8024f52d5a0dd4d7265d9d750d541efde62dac03ac8e3	0
COEFFICIENT	pp_replay_inverse_ordinary	11564605	0x3284d4974e297f9e886b6d0d8d99f41f8e8023b70a8ef662673ce5295f7d912a
TRACE	pp_replay_inverse_ordinary	11570666	0x278a160eae76f1cf5bd3890be7c0b626473c87069dfb0f24b2ebffffffffffff	0xc9b1398d35bfa876eb8024f52d5a0dd4d7265d9d750d541efde62dac03ac8e3	0
COEFFICIENT	pp_replay_inverse_ordinary	11570666	0x71a4bcc76faef9c47f8edc6a6e09891c6a72ad47ec6ec206be582d2d7f35eb37
TRACE	pp_replay_inverse_ordinary	11576727	0x278a160eae76f1cf5bd3890be7c0b626473c87069dfb0f24b2ebffffffffffff	0x8adae3f91666eed35cfee10913b4cad7055778fb9b106c8a9e14f2e2ffab7cfd	0
COEFFICIENT	pp_replay_inverse_ordinary	11576727	0x71a4bcc76faef9c47f8edc6a6e09891c6a72ad47ec6ec206be582d2d7f35eb37
TRACE	pp_replay_inverse_ordinary	11582788	0x278a160eae76f1cf5bd3890be7c0b626473c87069dfb0f24b2ebffffffffffff	0x8adae3f91666eed35cfee10913b4cad7055778fb9b106c8a9e14f2e2ffab7cfd	0
COEFFICIENT	pp_replay_inverse_ordinary	11582788	0x6e245d87f5c4e25c5c1c99ddefc7dd0fda3cd38b73edf0981ac54d3efe17573c
TRACE	pp_replay_inverse_ordinary	11588849	0x278a160eae76f1cf5bd3890be7c0b626473c87069dfb0f24b2ebffffffffffff	0x83da257a2292c003161a5bf0173172bde4ebc582aa0ec9ad56ef3305fd6e5507	0
COEFFICIENT	pp_replay_inverse_ordinary	11588849	0x6e245d87f5c4e25c5c1c99ddefc7dd0fda3cd38b73edf0981ac54d3efe17573c
TRACE	pp_replay_inverse_ordinary	11594910	0x278a160eae76f1cf5bd3890be7c0b626473c87069dfb0f24b2ebffffffffffff	0x83da257a2292c003161a5bf0173172bde4ebc582aa0ec9ad56ef3305fd6e5507	0
COEFFICIENT	pp_replay_inverse_ordinary	11594910	0x6022e08a0e1c84bbce538fabf6c12cdd99656c9991eaaadd8c79cd84f99d0750
TRACE	pp_replay_inverse_ordinary	11600971	0x278a160eae76f1cf5bd3890be7c0b626473c87069dfb0f24b2ebffffffffffff	0xa7916a6a3708fb4a5de1283437a1b89e30721e6bc232e87d21649887013fa2be	0
COEFFICIENT	pp_replay_inverse_ordinary	11600971	0x6022e08a0e1c84bbce538fabf6c12cdd99656c9991eaaadd8c79cd84f99d0750
TRACE	pp_replay_inverse_ordinary	11607032	0x278a160eae76f1cf5bd3890be7c0b626473c87069dfb0f24b2ebffffffffffff	0xa7916a6a3708fb4a5de1283437a1b89e30721e6bc232e87d21649887013fa2be	0
COEFFICIENT	pp_replay_inverse_ordinary	11607032	0x67d72b7e534204c1fa88478c25241259633cf79ee6083e383a583391f479b52f
TRACE	pp_replay_inverse_ordinary	11613093	0x278a160eae76f1cf5bd3890be7c0b626473c87069dfb0f24b2ebffffffffffff	0xe74ba9561acff1d2c13a08dc4a1f5ee2fda745389e5d92c20870fd7c0e05904d	0
COEFFICIENT	pp_replay_inverse_ordinary	11613093	0x67d72b7e534204c1fa88478c25241259633cf79ee6083e383a583391f479b52f
TRACE	pp_replay_inverse_ordinary	11619154	0x278a160eae76f1cf5bd3890be7c0b626473c87069dfb0f24b2ebffffffffffff	0xe74ba9561acff1d2c13a08dc4a1f5ee2fda745389e5d92c20870fd7c0e05904d	0
COEFFICIENT	pp_replay_inverse_ordinary	11619154	0xb6fa0052c153fb56b64a97f494678395c42134766a6e0f327d2164a0f6f8fe7c
TRACE	pp_replay_inverse_ordinary	11625215	0x278a160eae76f1cf5bd3890be7c0b626473c87069dfb0f24b2ebffffffffffff	0x179d5259744be84ecc2979c3ffd73a30372d55fad24d165193c09658251225ef	0
COEFFICIENT	pp_replay_inverse_ordinary	11625215	0xb6fa0052c153fb56b64a97f494678395c42134766a6e0f327d2164a0f6f8fe7c
TRACE	pp_replay_inverse_ordinary	11631276	0x278a160eae76f1cf5bd3890be7c0b626473c87069dfb0f24b2ebffffffffffff	0x179d5259744be84ecc2979c3ffd73a30372d55fad24d165193c09658251225ef	0
COEFFICIENT	pp_replay_inverse_ordinary	11631276	0x859152fef6f3defc38bea9ad28a6415bbf6fbee7a72934b68e035f9b130426b8
TRACE	pp_replay_inverse_ordinary	11637337	0x278a160eae76f1cf5bd3890be7c0b626473c87069dfb0f24b2ebffffffffffff	0xa9a951b3f1a3f1a15f9449dad7083304aeeaed0dfd70f7ec997dcd1437202155	0
COEFFICIENT	pp_replay_inverse_ordinary	11637337	0x859152fef6f3defc38bea9ad28a6415bbf6fbee7a72934b68e035f9b130426b8
TRACE	pp_replay_inverse_ordinary	11643398	0x278a160eae76f1cf5bd3890be7c0b626473c87069dfb0f24b2ebffffffffffff	0xa9a951b3f1a3f1a15f9449dad7083304aeeaed0dfd70f7ec997dcd1437202155	0
COEFFICIENT	pp_replay_inverse_ordinary	11643398	0x61795449fc43cc5711e9097f7a444fb2cff490c150e171808288f221eee82c1b
TRACE	pp_replay_inverse_ordinary	11649459	0x278a160eae76f1cf5bd3890be7c0b626473c87069dfb0f24b2ebffffffffffff	0xf1d94f1de70416ebad3f8a3633cc16568de1495aaa007e58b072a8067f58168f	0
COEFFICIENT	pp_replay_inverse_ordinary	11649459	0x61795449fc43cc5711e9097f7a444fb2cff490c150e171808288f221eee82c1b
TRACE	pp_replay_inverse_ordinary	11655520	0x278a160eae76f1cf5bd3890be7c0b626473c87069dfb0f24b2ebffffffffffff	0xf1d94f1de70416ebad3f8a3633cc16568de1495aaa007e58b072a8067f58168f	0
COEFFICIENT	pp_replay_inverse_ordinary	11655520	0xd1195976118381c2769288c8c0bc890f1207d827f7c264a8549f3c3c5e783dd6
TRACE	pp_replay_inverse_ordinary	11661581	0x278a160eae76f1cf5bd3890be7c0b626473c87069dfb0f24b2ebffffffffffff	0x129944c5bc84ac14e3ec8ba3a6dba39e09baba8d5c3e98090c4613d1a037f319	0
COEFFICIENT	pp_replay_inverse_ordinary	11661581	0xd1195976118381c2769288c8c0bc890f1207d827f7c264a8549f3c3c5e783dd6
TRACE	pp_replay_inverse_ordinary	11667642	0x278a160eae76f1cf5bd3890be7c0b626473c87069dfb0f24b2ebffffffffffff	0x129944c5bc84ac14e3ec8ba3a6dba39e09baba8d5c3e98090c4613d1a037f319	0
COEFFICIENT	pp_replay_inverse_ordinary	11667642	0x8f996e2666825770093885edda9d6e801a54f5c2934631479cf864a81cb88c64
TRACE	pp_replay_inverse_ordinary	11673703	0x278a160eae76f1cf5bd3890be7c0b626473c87069dfb0f24b2ebffffffffffff	0x95991b65128700b9bea091597319d8bbf9207f582536feca7b93c2fa23b755fd	0
COEFFICIENT	pp_replay_inverse_ordinary	11673703	0x8f996e2666825770093885edda9d6e801a54f5c2934631479cf864a81cb88c64
TRACE	pp_replay_inverse_ordinary	11679764	0x278a160eae76f1cf5bd3890be7c0b626473c87069dfb0f24b2ebffffffffffff	0x95991b65128700b9bea091597319d8bbf9207f582536feca7b93c2fa23b755fd	0
COEFFICIENT	pp_replay_inverse_ordinary	11679764	0xb4cbf7b1df8baf99d1119d352854b5bc2dca6add4bc36159b5848c4b5d287296
TRACE	pp_replay_inverse_ordinary	11685825	0x278a160eae76f1cf5bd3890be7c0b626473c87069dfb0f24b2ebffffffffffff	0x76663f18458251d9ac2f857dbddefbbbc47693d2feaa9c3b41a2f9a8ea463964	0
COEFFICIENT	pp_replay_inverse_ordinary	11685825	0xb4cbf7b1df8baf99d1119d352854b5bc2dca6add4bc36159b5848c4b5d287296
TRACE	pp_replay_inverse_ordinary	11691886	0x278a160eae76f1cf5bd3890be7c0b626473c87069dfb0f24b2ebffffffffffff	0x76663f18458251d9ac2f857dbddefbbbc47693d2feaa9c3b41a2f9a8ea463964	0
COEFFICIENT	pp_replay_inverse_ordinary	11691886	0xdffe2e7c0499b10d4e52bfe80e886734200b698d96315eeeacac1240a4972261
TRACE	pp_replay_inverse_ordinary	11697947	0x278a160eae76f1cf5bd3890be7c0b626473c87069dfb0f24b2ebffffffffffff	0xcccaacac8f9e54c0a6b1cae38a465eaba8f89133938697652ff20593792398fa	0
COEFFICIENT	pp_replay_inverse_ordinary	11697947	0xdffe2e7c0499b10d4e52bfe80e886734200b698d96315eeeacac1240a4972261
TRACE	pp_replay_inverse_ordinary	11704008	0x278a160eae76f1cf5bd3890be7c0b626473c87069dfb0f24b2ebffffffffffff	0xcccaacac8f9e54c0a6b1cae38a465eaba8f89133938697652ff20593792398fa	0
COEFFICIENT	pp_replay_inverse_ordinary	11704008	0x8cc709a498d1b6db43574ab3a7572d13e90f644ebfe95542894a2a16c251e55e
TRACE	pp_replay_inverse_ordinary	11710069	0x278a160eae76f1cf5bd3890be7c0b626473c87069dfb0f24b2ebffffffffffff	0x265c62fdb80e605c90bae07abbe3ea6b3b0086b5e6f6840ce92e353fb4991ef4	0
COEFFICIENT	pp_replay_inverse_ordinary	11710069	0x8cc709a498d1b6db43574ab3a7572d13e90f644ebfe95542894a2a16c251e55e
TRACE	pp_replay_inverse_ordinary	11716130	0x278a160eae76f1cf5bd3890be7c0b626473c87069dfb0f24b2ebffffffffffff	0x265c62fdb80e605c90bae07abbe3ea6b3b0086b5e6f6840ce92e353fb4991ef4	0
COEFFICIENT	pp_replay_inverse_ordinary	11716130	0x3fea7646e9b1ce13176975e20a9244930d1f4f5366c92e91fbc2896e393ced81
TRACE	pp_replay_inverse_ordinary	11722191	0x278a160eae76f1cf5bd3890be7c0b626473c87069dfb0f24b2ebffffffffffff	0xcce4fb4866af2a60a0c4b136d35904368e1be186723d987d699e1112ff55067	0
COEFFICIENT	pp_replay_inverse_ordinary	11722191	0x3fea7646e9b1ce13176975e20a9244930d1f4f5366c92e91fbc2896e393ced81
TRACE	pp_replay_inverse_ordinary	11728252	0x278a160eae76f1cf5bd3890be7c0b626473c87069dfb0f24b2ebffffffffffff	0xcce4fb4866af2a60a0c4b136d35904368e1be186723d987d699e1112ff55067	0
COEFFICIENT	pp_replay_inverse_ordinary	11728252	0x8ca33c4259ce8ecc38df36d7825a196983205cbf34b636abce1ef3eda26f2b69
TRACE	pp_replay_inverse_ordinary	11734313	0x278a160eae76f1cf5bd3890be7c0b626473c87069dfb0f24b2ebffffffffffff	0xa63fdbab66a474184cf7ccfe5cc539f054e3d8f002fde9bb7b52b6100259cc37	0
COEFFICIENT	pp_replay_inverse_ordinary	11734313	0x8ca33c4259ce8ecc38df36d7825a196983205cbf34b636abce1ef3eda26f2b69
TRACE	pp_replay_inverse_ordinary	11740374	0x278a160eae76f1cf5bd3890be7c0b626473c87069dfb0f24b2ebffffffffffff	0xa63fdbab66a474184cf7ccfe5cc539f054e3d8f002fde9bb7b52b6100259cc37	0
COEFFICIENT	pp_replay_inverse_ordinary	11740374	0xbf8654301a4191b0beb63aad61796cc35b24926e6c6a571317909dec473826da
TRACE	pp_replay_inverse_ordinary	11746435	0x278a160eae76f1cf5bd3890be7c0b626473c87069dfb0f24b2ebffffffffffff	0x8cf96326b307567fdb395f4f5811071d4ea31f7199917c63df14ce33bd7b7194	0
COEFFICIENT	pp_replay_inverse_ordinary	11746435	0xbf8654301a4191b0beb63aad61796cc35b24926e6c6a571317909dec473826da
TRACE	pp_replay_inverse_ordinary	11752496	0x278a160eae76f1cf5bd3890be7c0b626473c87069dfb0f24b2ebffffffffffff	0x8cf96326b307567fdb395f4f5811071d4ea31f7199917c63df14ce33bd7b7194	0
COEFFICIENT	pp_replay_inverse_ordinary	11752496	0xc060b86e78a79e158a5d4aa1b03e0a404ec444e72662a8a0e360a0e4bebc6ea
TRACE	pp_replay_inverse_ordinary	11758557	0x278a160eae76f1cf5bd3890be7c0b626473c87069dfb0f24b2ebffffffffffff	0x25f8d1d44d9926e10f189348cb25eedea2328331a5892351cc5fa676c6e2ade3	0
COEFFICIENT	pp_replay_inverse_ordinary	11758557	0xc060b86e78a79e158a5d4aa1b03e0a404ec444e72662a8a0e360a0e4bebc6ea
TRACE	pp_replay_inverse_ordinary	11764618	0x278a160eae76f1cf5bd3890be7c0b626473c87069dfb0f24b2ebffffffffffff	0x25f8d1d44d9926e10f189348cb25eedea2328331a5892351cc5fa676c6e2ade3	0
COEFFICIENT	pp_replay_inverse_ordinary	11764618	0xf2134539817bcce1a233160b6ae1d26967a6056b3f4331c2500c6da4d0f4dc20
TRACE	pp_replay_inverse_ordinary	11770679	0x278a160eae76f1cf5bd3890be7c0b626473c87069dfb0f24b2ebffffffffffff	0x59de5e6f19b680e07bfe10862b6a0b53dcbf00f80bcf14e148b2df47bcd07bd5	0
COEFFICIENT	pp_replay_inverse_ordinary	11770679	0xf2134539817bcce1a233160b6ae1d26967a6056b3f4331c2500c6da4d0f4dc20
TRACE	pp_replay_inverse_ordinary	11776740	0x278a160eae76f1cf5bd3890be7c0b626473c87069dfb0f24b2ebffffffffffff	0x59de5e6f19b680e07bfe10862b6a0b53dcbf00f80bcf14e148b2df47bcd07bd5	0
COEFFICIENT	pp_replay_inverse_ordinary	11776740	0x3e04e8e21cae1aa3c0643c9d012db026ac0b0bce8a557865e8cbba935eba3bb7
TRACE	pp_replay_inverse_ordinary	11782801	0x278a160eae76f1cf5bd3890be7c0b626473c87069dfb0f24b2ebffffffffffff	0xf1c1a5c0501b1c64b8605da95801c6ce65890dbea1f3a2287a317922d85b3361	0
COEFFICIENT	pp_replay_inverse_ordinary	11782801	0x3e04e8e21cae1aa3c0643c9d012db026ac0b0bce8a557865e8cbba935eba3bb7
TRACE	pp_replay_inverse_ordinary	11788862	0x278a160eae76f1cf5bd3890be7c0b626473c87069dfb0f24b2ebffffffffffff	0xf1c1a5c0501b1c64b8605da95801c6ce65890dbea1f3a2287a317922d85b3361	0
COEFFICIENT	pp_replay_inverse_ordinary	11788862	0x8a482c03e94118e2c8681b90aa59997ef28d09de72b74ea35765fc02e519403c
TRACE	pp_replay_inverse_ordinary	11794923	0x278a160eae76f1cf5bd3890be7c0b626473c87069dfb0f24b2ebffffffffffff	0x593b1f7cb6f51fe6a8589fc205a9f41dd885119ed12ff5ad9cfcf643cb9d2a57	0
COEFFICIENT	pp_replay_inverse_ordinary	11794923	0x8a482c03e94118e2c8681b90aa59997ef28d09de72b74ea35765fc02e519403c
TRACE	pp_replay_inverse_ordinary	11800984	0x278a160eae76f1cf5bd3890be7c0b626473c87069dfb0f24b2ebffffffffffff	0x593b1f7cb6f51fe6a8589fc205a9f41dd885119ed12ff5ad9cfcf643cb9d2a57	0
COEFFICIENT	pp_replay_inverse_ordinary	11800984	0xbb55388b1b8d11dee877975f4f093ee00c95021e143ea79911cf01c1fe955621
TRACE	pp_replay_inverse_ordinary	11807045	0x278a160eae76f1cf5bd3890be7c0b626473c87069dfb0f24b2ebffffffffffff	0x6dcb7784897751ac3928d6e35a5d271bbd9f255bb69e92f44bc8ee4a95cfaea0	0
COEFFICIENT	pp_replay_inverse_ordinary	11807045	0xbb55388b1b8d11dee877975f4f093ee00c95021e143ea79911cf01c1fe955621
TRACE	pp_replay_inverse_ordinary	11813106	0x278a160eae76f1cf5bd3890be7c0b626473c87069dfb0f24b2ebffffffffffff	0x6dcb7784897751ac3928d6e35a5d271bbd9f255bb69e92f44bc8ee4a95cfaea0	0
COEFFICIENT	pp_replay_inverse_ordinary	11813106	0x8def991ada2d21197c657db43b556a45b8adee071debc3dd7d5153a675b0173
TRACE	pp_replay_inverse_ordinary	11819167	0x278a160eae76f1cf5bd3890be7c0b626473c87069dfb0f24b2ebffffffffffff	0xd2b7f577654bd146da8b55eb7104f7931fb36bd6fb5e69aabfbcc75ac4445bcd	0
COEFFICIENT	pp_replay_inverse_ordinary	11819167	0x8def991ada2d21197c657db43b556a45b8adee071debc3dd7d5153a675b0173
TRACE	pp_replay_inverse_ordinary	11825228	0x278a160eae76f1cf5bd3890be7c0b626473c87069dfb0f24b2ebffffffffffff	0xd2b7f577654bd146da8b55eb7104f7931fb36bd6fb5e69aabfbcc75ac4445bcd	0
COEFFICIENT	pp_replay_inverse_ordinary	11825228	0x3f05fdabf5f9d2dc550159cb1665b5b5976251e9e85f0ed0efed63190a71a348
TRACE	pp_replay_inverse_ordinary	11831289	0x278a160eae76f1cf5bd3890be7c0b626473c87069dfb0f24b2ebffffffffffff	0x6669ed42d49dcfb16015520bcba43970a80485c40e5dc4848f8c2b9d7e171823	0
COEFFICIENT	pp_replay_inverse_ordinary	11831289	0x3f05fdabf5f9d2dc550159cb1665b5b5976251e9e85f0ed0efed63190a71a348
TRACE	pp_replay_inverse_ordinary	11837350	0x278a160eae76f1cf5bd3890be7c0b626473c87069dfb0f24b2ebffffffffffff	0x6669ed42d49dcfb16015520bcba43970a80485c40e5dc4848f8c2b9d7e171823	0
COEFFICIENT	pp_replay_inverse_ordinary	11837350	0xe475e89ac091756a0a1805a1f86fa4dbd6c92997df1be2266f66f1cf92fa5eb3
TRACE	pp_replay_inverse_ordinary	11843411	0x278a160eae76f1cf5bd3890be7c0b626473c87069dfb0f24b2ebffffffffffff	0xe85df1eae8aa29f8b6129e759ed8ce05793fe1f03d9fa6e2afb1656a6933cdc2	0
COEFFICIENT	pp_replay_inverse_ordinary	11843411	0xe475e89ac091756a0a1805a1f86fa4dbd6c92997df1be2266f66f1cf92fa5eb3
TRACE	pp_replay_inverse_ordinary	11849472	0x278a160eae76f1cf5bd3890be7c0b626473c87069dfb0f24b2ebffffffffffff	0xe85df1eae8aa29f8b6129e759ed8ce05793fe1f03d9fa6e2afb1656a6933cdc2	0
COEFFICIENT	pp_replay_inverse_ordinary	11849472	0xb149c32069cd14ccca42a9b98fb817bd26d2351ffbd76b2f8e7f490b8f2892ca
TRACE	pp_replay_inverse_ordinary	11855533	0x278a160eae76f1cf5bd3890be7c0b626473c87069dfb0f24b2ebffffffffffff	0x1f7220b567873f24a1e29331adf9844dcbad8ec07f67e295d0e381ca433f0c8b	0
COEFFICIENT	pp_replay_inverse_ordinary	11855533	0xb149c32069cd14ccca42a9b98fb817bd26d2351ffbd76b2f8e7f490b8f2892ca
TRACE	pp_replay_inverse_ordinary	11861594	0x278a160eae76f1cf5bd3890be7c0b626473c87069dfb0f24b2ebffffffffffff	0x1f7220b567873f24a1e29331adf9844dcbad8ec07f67e295d0e381ca433f0c8b	0
COEFFICIENT	pp_replay_inverse_ordinary	11861594	0x4321658b6c12ea74f2a2c0417176ab2c81f6db7f7846f3c94c1b104ddb121cda
TRACE	pp_replay_inverse_ordinary	11867655	0x278a160eae76f1cf5bd3890be7c0b626473c87069dfb0f24b2ebffffffffffff	0x8205a6f63b2168be3667e6a4cd69b3c81951f9007716b8f4ede213e2619035f0	0
COEFFICIENT	pp_replay_inverse_ordinary	11867655	0x4321658b6c12ea74f2a2c0417176ab2c81f6db7f7846f3c94c1b104ddb121cda
TRACE	pp_replay_inverse_ordinary	11873716	0x278a160eae76f1cf5bd3890be7c0b626473c87069dfb0f24b2ebffffffffffff	0x8205a6f63b2168be3667e6a4cd69b3c81951f9007716b8f4ede213e2619035f0	0
COEFFICIENT	pp_replay_inverse_ordinary	11873716	0x43d24209d046c2baedd99de1583a290ea9bbdfe79772e9daa540cb9549403c4
TRACE	pp_replay_inverse_ordinary	11879777	0x278a160eae76f1cf5bd3890be7c0b626473c87069dfb0f24b2ebffffffffffff	0x848720d13473da81bad6727b0570a211d3fafff67a4a0878618347f17b47375	0
COEFFICIENT	pp_replay_inverse_ordinary	11879777	0x43d24209d046c2baedd99de1583a290ea9bbdfe79772e9daa540cb9549403c4
TRACE	pp_replay_inverse_ordinary	11885838	0x278a160eae76f1cf5bd3890be7c0b626473c87069dfb0f24b2ebffffffffffff	0x848720d13473da81bad6727b0570a211d3fafff67a4a0878618347f17b47375	0
COEFFICIENT	pp_replay_inverse_ordinary	11885838	0x10c2ba4e4d5015ff79689ae3db5e4f42f2772bfc5a92fdc2dac04df1c0dc7afd
TRACE	pp_replay_inverse_ordinary	11891899	0x278a160eae76f1cf5bd3890be7c0b626473c87069dfb0f24b2ebffffffffffff	0x21539e6873de914fb0c369333c0c63852cf68bfb29dc3ed1e6f0b6eff04561e7	0
COEFFICIENT	pp_replay_inverse_ordinary	11891899	0x10c2ba4e4d5015ff79689ae3db5e4f42f2772bfc5a92fdc2dac04df1c0dc7afd
TRACE	pp_replay_inverse_ordinary	11897960	0x278a160eae76f1cf5bd3890be7c0b626473c87069dfb0f24b2ebffffffffffff	0x21539e6873de914fb0c369333c0c63852cf68bfb29dc3ed1e6f0b6eff04561e7	0
COEFFICIENT	pp_replay_inverse_ordinary	11897960	0x42d913050e7ebd4ea3949efaf2c9020b11e4e3f3df023a579c7152d371fe57e1
TRACE	pp_replay_inverse_ordinary	11904021	0x278a160eae76f1cf5bd3890be7c0b626473c87069dfb0f24b2ebffffffffffff	0x85804fd5f63bdfee051b71616ae1c9156bd1fbea32bab7fb6a52c0b352891baf	0
COEFFICIENT	pp_replay_inverse_ordinary	11904021	0x42d913050e7ebd4ea3949efaf2c9020b11e4e3f3df023a579c7152d371fe57e1
TRACE	pp_replay_inverse_ordinary	11910082	0x278a160eae76f1cf5bd3890be7c0b626473c87069dfb0f24b2ebffffffffffff	0x85804fd5f63bdfee051b71616ae1c9156bd1fbea32bab7fb6a52c0b352891baf	0
COEFFICIENT	pp_replay_inverse_ordinary	11910082	0x31d63426c19aaf420dcc947ab03b00b7f7cbfd8b49bcb3ce8fe4f391739413
TRACE	pp_replay_inverse_ordinary	11916143	0x278a160eae76f1cf5bd3890be7c0b626473c87069dfb0f24b2ebffffffffffff	0xb3275e013395a8b4c44af575073cd2b8f9bc3d1f0bf2caaa335665b3685cf42	0
COEFFICIENT	pp_replay_inverse_ordinary	11916143	0x31d63426c19aaf420dcc947ab03b00b7f7cbfd8b49bcb3ce8fe4f391739413
TRACE	pp_replay_inverse_ordinary	11922204	0x278a160eae76f1cf5bd3890be7c0b626473c87069dfb0f24b2ebffffffffffff	0xb3275e013395a8b4c44af575073cd2b8f9bc3d1f0bf2caaa335665b3685cf42	0
COEFFICIENT	pp_replay_inverse_ordinary	11922204	0xb96224860bc8fe9d060488045d4432cff8b5bcd0752a61240553042596cf768
TRACE	pp_replay_inverse_ordinary	11928265	0x278a160eae76f1cf5bd3890be7c0b626473c87069dfb0f24b2ebffffffffffff	0x21fb0e08872f450068e9a72ee6bbdd841ec2e370e8d0ff6786bffcf8c67895ec	0
COEFFICIENT	pp_replay_inverse_ordinary	11928265	0xb96224860bc8fe9d060488045d4432cff8b5bcd0752a61240553042596cf768
TRACE	pp_replay_inverse_ordinary	11934326	0x278a160eae76f1cf5bd3890be7c0b626473c87069dfb0f24b2ebffffffffffff	0x21fb0e08872f450068e9a72ee6bbdd841ec2e370e8d0ff6786bffcf8c67895ec	0
COEFFICIENT	pp_replay_inverse_ordinary	11934326	0x3927529948a864d409aa382f726463de1dd99b0af7764b8c076a5d7d795284bc
TRACE	pp_replay_inverse_ordinary	11940387	0x278a160eae76f1cf5bd3890be7c0b626473c87069dfb0f24b2ebffffffffffff	0x7d1d6eaa5706eed4db7d868d3fdc1ee65b5f61ecc9184a5b14ea576f0643b094	0
COEFFICIENT	pp_replay_inverse_ordinary	11940387	0x3927529948a864d409aa382f726463de1dd99b0af7764b8c076a5d7d795284bc
TRACE	pp_replay_inverse_ordinary	11946448	0x278a160eae76f1cf5bd3890be7c0b626473c87069dfb0f24b2ebffffffffffff	0x7d1d6eaa5706eed4db7d868d3fdc1ee65b5f61ecc9184a5b14ea576f0643b094	0
COEFFICIENT	pp_replay_inverse_ordinary	11946448	0xef6c13dce857b87ceed1f6ec24a4e6a297129802b804e17323bf1269f8e8ba0c
TRACE	pp_replay_inverse_ordinary	11952509	0x278a160eae76f1cf5bd3890be7c0b626473c87069dfb0f24b2ebffffffffffff	0xe9a6f13196659626a5cd0406a45d246f4dd15bdc4a3576294d93c14905701f05	0
COEFFICIENT	pp_replay_inverse_ordinary	11952509	0xef6c13dce857b87ceed1f6ec24a4e6a297129802b804e17323bf1269f8e8ba0c
TRACE	pp_replay_inverse_ordinary	11958570	0x278a160eae76f1cf5bd3890be7c0b626473c87069dfb0f24b2ebffffffffffff	0xe9a6f13196659626a5cd0406a45d246f4dd15bdc4a3576294d93c14905701f05	0
COEFFICIENT	pp_replay_inverse_ordinary	11958570	0xc87f18eb671507208370f1deeda6f1b47bf68be1ba3f390f9511e61ef7419abf
TRACE	pp_replay_inverse_ordinary	11964631	0x278a160eae76f1cf5bd3890be7c0b626473c87069dfb0f24b2ebffffffffffff	0xacec977c5b6252cc829162e5b13572a1fac2bd6da2bb34306159c74139ea71c	0
COEFFICIENT	pp_replay_inverse_ordinary	11964631	0xc87f18eb671507208370f1deeda6f1b47bf68be1ba3f390f9511e61ef7419abf
TRACE	pp_replay_inverse_ordinary	11970692	0x278a160eae76f1cf5bd3890be7c0b626473c87069dfb0f24b2ebffffffffffff	0xacec977c5b6252cc829162e5b13572a1fac2bd6da2bb34306159c74139ea71c	0
COEFFICIENT	pp_replay_inverse_ordinary	11970692	0x9bccfb4e93e0336dcf0af9ec36613a931799439a4eaa2562303968b30221e06b
TRACE	pp_replay_inverse_ordinary	11976753	0x278a160eae76f1cf5bd3890be7c0b626473c87069dfb0f24b2ebffffffffffff	0x79d097a0f78c16ebc14732707fc573c127bf141365ad4123dbf1d034251b69fc	0
COEFFICIENT	pp_replay_inverse_ordinary	11976753	0x9bccfb4e93e0336dcf0af9ec36613a931799439a4eaa2562303968b30221e06b
TRACE	pp_replay_inverse_ordinary	11982814	0x278a160eae76f1cf5bd3890be7c0b626473c87069dfb0f24b2ebffffffffffff	0x79d097a0f78c16ebc14732707fc573c127bf141365ad4123dbf1d034251b69fc	0
COEFFICIENT	pp_replay_inverse_ordinary	11982814	0xb16a8e3e1f4c7dc75f5d2648ec87e8e756f19b4803018be83c64a19b295f2ea3
TRACE	pp_replay_inverse_ordinary	11988875	0x278a160eae76f1cf5bd3890be7c0b626473c87069dfb0f24b2ebffffffffffff	0xa50bbd800e64ab9ee1eb8b29ec12d069a66fc36ece5c0e2ff44842047396066c	0
COEFFICIENT	pp_replay_inverse_ordinary	11988875	0xb16a8e3e1f4c7dc75f5d2648ec87e8e756f19b4803018be83c64a19b295f2ea3
TRACE	pp_replay_inverse_ordinary	11994936	0x278a160eae76f1cf5bd3890be7c0b626473c87069dfb0f24b2ebffffffffffff	0xa50bbd800e64ab9ee1eb8b29ec12d069a66fc36ece5c0e2ff44842047396066c	0
COEFFICIENT	pp_replay_inverse_ordinary	11994936	0x7e0d9fc4cfda72da0a5d7bbc522a2385452f9fed45f26006d11853cc6546b54
TRACE	pp_replay_inverse_ordinary	12000997	0x278a160eae76f1cf5bd3890be7c0b626473c87069dfb0f24b2ebffffffffffff	0x4236a103cfcbb01023313e981302fe9af88c8cdec858f65f7b7efecd20d7a555	0
COEFFICIENT	pp_replay_inverse_ordinary	12000997	0x7e0d9fc4cfda72da0a5d7bbc522a2385452f9fed45f26006d11853cc6546b54
TRACE	pp_replay_inverse_ordinary	12007058	0x278a160eae76f1cf5bd3890be7c0b626473c87069dfb0f24b2ebffffffffffff	0x4236a103cfcbb01023313e981302fe9af88c8cdec858f65f7b7efecd20d7a555	0
COEFFICIENT	pp_replay_inverse_ordinary	12007058	0x51f854fc69c6fe6b647cee0f9d48430ba13280dc7117426055a20946ad807bfd
TRACE	pp_replay_inverse_ordinary	12013119	0x278a160eae76f1cf5bd3890be7c0b626473c87069dfb0f24b2ebffffffffffff	0xd6659704095e5e8baadf6b3fc34e4041924b9a9a01c92f1f4ca006e0ef2fc6a7	0
COEFFICIENT	pp_replay_inverse_ordinary	12013119	0x51f854fc69c6fe6b647cee0f9d48430ba13280dc7117426055a20946ad807bfd
TRACE	pp_replay_inverse_ordinary	12019180	0x278a160eae76f1cf5bd3890be7c0b626473c87069dfb0f24b2ebffffffffffff	0xd6659704095e5e8baadf6b3fc34e4041924b9a9a01c92f1f4ca006e0ef2fc6a7	0
COEFFICIENT	pp_replay_inverse_ordinary	12019180	0xcd8b12f4ca2f9e4b1e1a70df774245d5b019671ee06555a15ea40bab6bd12d82
TRACE	pp_replay_inverse_ordinary	12025241	0x278a160eae76f1cf5bd3890be7c0b626473c87069dfb0f24b2ebffffffffffff	0x7a5640fcdcec5b6273d9475efddec658d4b09c52e3f7b3dff7e4196f4a30c272	0
COEFFICIENT	pp_replay_inverse_ordinary	12025241	0xcd8b12f4ca2f9e4b1e1a70df774245d5b019671ee06555a15ea40bab6bd12d82
TRACE	pp_replay_inverse_ordinary	12031302	0x278a160eae76f1cf5bd3890be7c0b626473c87069dfb0f24b2ebffffffffffff	0x7a5640fcdcec5b6273d9475efddec658d4b09c52e3f7b3dff7e4196f4a30c272	0
COEFFICIENT	pp_replay_inverse_ordinary	12031302	0x156c66e6714b97f8b00e291dec63520434e36a90a4c25f22b52c30c821d32518
TRACE	pp_replay_inverse_ordinary	12037363	0x278a160eae76f1cf5bd3890be7c0b626473c87069dfb0f24b2ebffffffffffff	0xa18e8e02b244ebd97c0b7dbe820deb5de44a3366cb1c6e2a4f463a7b634adcd	0
COEFFICIENT	pp_replay_inverse_ordinary	12037363	0x156c66e6714b97f8b00e291dec63520434e36a90a4c25f22b52c30c821d32518
TRACE	pp_replay_inverse_ordinary	12043424	0x278a160eae76f1cf5bd3890be7c0b626473c87069dfb0f24b2ebffffffffffff	0xa18e8e02b244ebd97c0b7dbe820deb5de44a3366cb1c6e2a4f463a7b634adcd	0
COEFFICIENT	pp_replay_inverse_ordinary	12043424	0x20bfe4ecb772e133c85b9a5ff0a5c5528b8231eadcd2f762c563fde88d719c63
TRACE	pp_replay_inverse_ordinary	12049485	0x278a160eae76f1cf5bd3890be7c0b626473c87069dfb0f24b2ebffffffffffff	0x34f1b6ad0dbb7eaef7dd0a17c0e782be480b7857b63685280f4cc537f9daf7fd	0
COEFFICIENT	pp_replay_inverse_ordinary	12049485	0x20bfe4ecb772e133c85b9a5ff0a5c5528b8231eadcd2f762c563fde88d719c63
TRACE	pp_replay_inverse_ordinary	12055546	0x278a160eae76f1cf5bd3890be7c0b626473c87069dfb0f24b2ebffffffffffff	0x34f1b6ad0dbb7eaef7dd0a17c0e782be480b7857b63685280f4cc537f9daf7fd	0
COEFFICIENT	pp_replay_inverse_ordinary	12055546	0x767180867ca1411688943ed7a2330d635f0fdc2d6fdc73ed9a14c10914be30c3
TRACE	pp_replay_inverse_ordinary	12061607	0x278a160eae76f1cf5bd3890be7c0b626473c87069dfb0f24b2ebffffffffffff	0xe054ede098183e74784e5307240212dfef26ccdcdc497e3db8ae4b79087420bd	0
COEFFICIENT	pp_replay_inverse_ordinary	12061607	0x767180867ca1411688943ed7a2330d635f0fdc2d6fdc73ed9a14c10914be30c3
TRACE	pp_replay_inverse_ordinary	12067668	0x278a160eae76f1cf5bd3890be7c0b626473c87069dfb0f24b2ebffffffffffff	0xe054ede098183e74784e5307240212dfef26ccdcdc497e3db8ae4b79087420bd	0
COEFFICIENT	pp_replay_inverse_ordinary	12067668	0xc8e132c612a43b898da2aa8206407e6cef8eb7e036f699d7b7b3699210840c9
TRACE	pp_replay_inverse_ordinary	12073729	0x278a160eae76f1cf5bd3890be7c0b626473c87069dfb0f24b2ebffffffffffff	0xb41bc894cf06393057c27b6627a01dd90f54ae3bb52392ddf5e16059efe00482	0
COEFFICIENT	pp_replay_inverse_ordinary	12073729	0xc8e132c612a43b898da2aa8206407e6cef8eb7e036f699d7b7b3699210840c9
TRACE	pp_replay_inverse_ordinary	12079790	0x278a160eae76f1cf5bd3890be7c0b626473c87069dfb0f24b2ebffffffffffff	0xb41bc894cf06393057c27b6627a01dd90f54ae3bb52392ddf5e16059efe00482	0
COEFFICIENT	pp_replay_inverse_ordinary	12079790	0x65005dc3f34e4e40d9f1d9ea1927f1f48e9d28c051bb405d01150cd75230793f
TRACE	pp_replay_inverse_ordinary	12085851	0x278a160eae76f1cf5bd3890be7c0b626473c87069dfb0f24b2ebffffffffffff	0xcd37eeed915ac0a18976d0b668682da6ad468537bc026618ecd7cd8c31f08614	0
COEFFICIENT	pp_replay_inverse_ordinary	12085851	0x65005dc3f34e4e40d9f1d9ea1927f1f48e9d28c051bb405d01150cd75230793f
TRACE	pp_replay_inverse_ordinary	12091912	0x278a160eae76f1cf5bd3890be7c0b626473c87069dfb0f24b2ebffffffffffff	0xcd37eeed915ac0a18976d0b668682da6ad468537bc026618ecd7cd8c31f08614	0
COEFFICIENT	pp_replay_inverse_ordinary	12091912	0xfcc8cc9a5541dbe02a6ce31dc9e7b6426ff3cc48e7741aa115524c2172706899
TRACE	pp_replay_inverse_ordinary	12097973	0x278a160eae76f1cf5bd3890be7c0b626473c87069dfb0f24b2ebffffffffffff	0x9da71140cd73a562e880be4f06e8a50aea993e269090b190c45d4ef6f170a38f	0
COEFFICIENT	pp_replay_inverse_ordinary	12097973	0xfcc8cc9a5541dbe02a6ce31dc9e7b6426ff3cc48e7741aa115524c2172706899
TRACE	pp_replay_inverse_ordinary	12104034	0x278a160eae76f1cf5bd3890be7c0b626473c87069dfb0f24b2ebffffffffffff	0x9da71140cd73a562e880be4f06e8a50aea993e269090b190c45d4ef6f170a38f	0
COEFFICIENT	pp_replay_inverse_ordinary	12104034	0x9738aa7577f75d233d5a848a9ab8118fca80d6b85f78e6d2ef01e73bd6517c63
TRACE	pp_replay_inverse_ordinary	12110095	0x278a160eae76f1cf5bd3890be7c0b626473c87069dfb0f24b2ebffffffffffff	0xa415780c22efeda293a6f813731938860ab1a594c1a87c4e99b8b6b20c8fcabb	0
COEFFICIENT	pp_replay_inverse_ordinary	12110095	0x9738aa7577f75d233d5a848a9ab8118fca80d6b85f78e6d2ef01e73bd6517c63
TRACE	pp_replay_inverse_ordinary	12116156	0x278a160eae76f1cf5bd3890be7c0b626473c87069dfb0f24b2ebffffffffffff	0xa415780c22efeda293a6f813731938860ab1a594c1a87c4e99b8b6b20c8fcabb	0
COEFFICIENT	pp_replay_inverse_ordinary	12116156	0x8a5bdcdeccfecca3e70e1101c256ea998a5007dbfd495157444b17c5a0132e0b
TRACE	pp_replay_inverse_ordinary	12122217	0x278a160eae76f1cf5bd3890be7c0b626473c87069dfb0f24b2ebffffffffffff	0xbdcf133978e10ea1403fdf2523db86728b13434d8607a745ef26559e790c676b	0
COEFFICIENT	pp_replay_inverse_ordinary	12122217	0x8a5bdcdeccfecca3e70e1101c256ea998a5007dbfd495157444b17c5a0132e0b
TRACE	pp_replay_inverse_ordinary	12128278	0x278a160eae76f1cf5bd3890be7c0b626473c87069dfb0f24b2ebffffffffffff	0xbdcf133978e10ea1403fdf2523db86728b13434d8607a745ef26559e790c676b	0
COEFFICIENT	pp_replay_inverse_ordinary	12128278	0x56e8a684211c8aa68ddc42de60d24ec0898ccc6a748afb68996fd9ecc719f4ab
TRACE	pp_replay_inverse_ordinary	12134339	0x278a160eae76f1cf5bd3890be7c0b626473c87069dfb0f24b2ebffffffffffff	0x24b57feed0a5929bf2a37b6be6e4be248c99ba309784532344dcd1512afeddfc	0
COEFFICIENT	pp_replay_inverse_ordinary	12134339	0x56e8a684211c8aa68ddc42de60d24ec0898ccc6a748afb68996fd9ecc719f4ab
TRACE	pp_replay_inverse_ordinary	12140400	0x278a160eae76f1cf5bd3890be7c0b626473c87069dfb0f24b2ebffffffffffff	0x24b57feed0a5929bf2a37b6be6e4be248c99ba309784532344dcd1512afeddfc	0
COEFFICIENT	pp_replay_inverse_ordinary	12140400	0x891bcd19719382b129150a50dabfdf5c867fdea45191a3adee02e28863350b5a
TRACE	pp_replay_inverse_ordinary	12146461	0x278a160eae76f1cf5bd3890be7c0b626473c87069dfb0f24b2ebffffffffffff	0xc04f32c42fb7a286bc31ec86f3099cec92b395bcdd7702989bb6c018f2c8accd	0
COEFFICIENT	pp_replay_inverse_ordinary	12146461	0x891bcd19719382b129150a50dabfdf5c867fdea45191a3adee02e28863350b5a
TRACE	pp_replay_inverse_ordinary	12152522	0x278a160eae76f1cf5bd3890be7c0b626473c87069dfb0f24b2ebffffffffffff	0xc04f32c42fb7a286bc31ec86f3099cec92b395bcdd7702989bb6c018f2c8accd	0
COEFFICIENT	pp_replay_inverse_ordinary	12152522	0x51e8676eb36f62db95f8281ac27621cc7a4c278bc5ac44c3404f04f7d3a169e7
TRACE	pp_replay_inverse_ordinary	12158583	0x278a160eae76f1cf5bd3890be7c0b626473c87069dfb0f24b2ebffffffffffff	0xd286ccf712dea7e90e5c0128a8895ba59fb35305809a49f477bc852ab932c752	0
COEFFICIENT	pp_replay_inverse_ordinary	12158583	0x51e8676eb36f62db95f8281ac27621cc7a4c278bc5ac44c3404f04f7d3a169e7
TRACE	pp_replay_inverse_ordinary	12164644	0x278a160eae76f1cf5bd3890be7c0b626473c87069dfb0f24b2ebffffffffffff	0xd286ccf712dea7e90e5c0128a8895ba59fb35305809a49f477bc852ab932c752	0
COEFFICIENT	pp_replay_inverse_ordinary	12164644	0xd14a01e654001dce1d944f0cdc62e7f354e4fc120abe3f9208e184c3ee1008ab
TRACE	pp_replay_inverse_ordinary	12170705	0x278a160eae76f1cf5bd3890be7c0b626473c87069dfb0f24b2ebffffffffffff	0xd3c39807d1bd3203ff23b34474afcf57ea81a9f8f6765456e6978591845585f9	0
COEFFICIENT	pp_replay_inverse_ordinary	12170705	0xd14a01e654001dce1d944f0cdc62e7f354e4fc120abe3f9208e184c3ee1008ab
TRACE	pp_replay_inverse_ordinary	12176766	0x278a160eae76f1cf5bd3890be7c0b626473c87069dfb0f24b2ebffffffffffff	0xd3c39807d1bd3203ff23b34474afcf57ea81a9f8f6765456e6978591845585f9	0
COEFFICIENT	pp_replay_inverse_ordinary	12176766	0xced06bc4d64309983c04ead54416008ebf484e2b1f062acd2b2b83f657ca8b5d
TRACE	pp_replay_inverse_ordinary	12182827	0x278a160eae76f1cf5bd3890be7c0b626473c87069dfb0f24b2ebffffffffffff	0xd8b6c44acd375a6fc2427bb3a5499e2115bb05c6cde67de0a203872cb0e08095	0
COEFFICIENT	pp_replay_inverse_ordinary	12182827	0xced06bc4d64309983c04ead54416008ebf484e2b1f062acd2b2b83f657ca8b5d
TRACE	pp_replay_inverse_ordinary	12188888	0x278a160eae76f1cf5bd3890be7c0b626473c87069dfb0f24b2ebffffffffffff	0xd8b6c44acd375a6fc2427bb3a5499e2115bb05c6cde67de0a203872cb0e08095	0
COEFFICIENT	pp_replay_inverse_ordinary	12188888	0xc4ea133edf4eb8c0b5c759f6e2e262fc68d5968f7025d7b9b45380bffeb49625
TRACE	pp_replay_inverse_ordinary	12194949	0x278a160eae76f1cf5bd3890be7c0b626473c87069dfb0f24b2ebffffffffffff	0xec837556bb1ffc1ecebd9d7067b0d945c2a074fe2ba724078fb38d99630c6b05	0
COEFFICIENT	pp_replay_inverse_ordinary	12194949	0xc4ea133edf4eb8c0b5c759f6e2e262fc68d5968f7025d7b9b45380bffeb49625
TRACE	pp_replay_inverse_ordinary	12201010	0x278a160eae76f1cf5bd3890be7c0b626473c87069dfb0f24b2ebffffffffffff	0xec837556bb1ffc1ecebd9d7067b0d945c2a074fe2ba724078fb38d99630c6b05	0
COEFFICIENT	pp_replay_inverse_ordinary	12201010	0x9d50b127037d75629cd1167d5e13ecb30f0ab820b4a48b6bd8f373e69a5cc145
TRACE	pp_replay_inverse_ordinary	12207071	0x278a160eae76f1cf5bd3890be7c0b626473c87069dfb0f24b2ebffffffffffff	0x76579bd479bd6da03a4c515e2d759f3e944ba21d0bf2d37af85a8f1b60759ef1	0
COEFFICIENT	pp_replay_inverse_ordinary	12207071	0x9d50b127037d75629cd1167d5e13ecb30f0ab820b4a48b6bd8f373e69a5cc145
TRACE	pp_replay_inverse_ordinary	12213132	0x278a160eae76f1cf5bd3890be7c0b626473c87069dfb0f24b2ebffffffffffff	0x76579bd479bd6da03a4c515e2d759f3e944ba21d0bf2d37af85a8f1b60759ef1	0
COEFFICIENT	pp_replay_inverse_ordinary	12213132	0xb0f8fe2280b8586573ee7e58e99d78a4b261125e753bea52aa4176e9952f254c
TRACE	pp_replay_inverse_ordinary	12219193	0x278a160eae76f1cf5bd3890be7c0b626473c87069dfb0f24b2ebffffffffffff	0x3bb6398672c282db00aa2463714dc5d8763631dba2a9bca34673a74d2bbc1896	0
COEFFICIENT	pp_replay_inverse_ordinary	12219193	0xb0f8fe2280b8586573ee7e58e99d78a4b261125e753bea52aa4176e9952f254c
TRACE	pp_replay_inverse_ordinary	12225254	0x278a160eae76f1cf5bd3890be7c0b626473c87069dfb0f24b2ebffffffffffff	0x3bb6398672c282db00aa2463714dc5d8763631dba2a9bca34673a74d2bbc1896	0
COEFFICIENT	pp_replay_inverse_ordinary	12225254	0x9da835cb743333a5e88721154488b721daf856988d2191489af69521561a66ff
TRACE	pp_replay_inverse_ordinary	12231315	0x278a160eae76f1cf5bd3890be7c0b626473c87069dfb0f24b2ebffffffffffff	0xd9c43d417151d21018cd27b19e12d48f11740d1eb831e7fdf1f0b978015dc65c	0
COEFFICIENT	pp_replay_inverse_ordinary	12231315	0x9da835cb743333a5e88721154488b721daf856988d2191489af69521561a66ff
TRACE	pp_replay_inverse_ordinary	12237376	0x278a160eae76f1cf5bd3890be7c0b626473c87069dfb0f24b2ebffffffffffff	0xd9c43d417151d21018cd27b19e12d48f11740d1eb831e7fdf1f0b978015dc65c	0
COEFFICIENT	pp_replay_inverse_ordinary	12237376	0x618c2e557714953bb8411a78eafe99b4a47ca01262113a9343fc70caaad707a2
TRACE	pp_replay_inverse_ordinary	12243437	0x278a160eae76f1cf5bd3890be7c0b626473c87069dfb0f24b2ebffffffffffff	0x1514a8d859b8395be9db69dc272442d2c764ba4fd2750a8f27dde3bcad929bfc	0
COEFFICIENT	pp_replay_inverse_ordinary	12243437	0x618c2e557714953bb8411a78eafe99b4a47ca01262113a9343fc70caaad707a2
TRACE	pp_replay_inverse_ordinary	12249498	0x278a160eae76f1cf5bd3890be7c0b626473c87069dfb0f24b2ebffffffffffff	0x1514a8d859b8395be9db69dc272442d2c764ba4fd2750a8f27dde3bcad929bfc	0
COEFFICIENT	pp_replay_inverse_ordinary	12249498	0xae03b3d29470f11b86a6cb15aed8f096819485d4f1ad6a97601afdd8a81b7348
TRACE	pp_replay_inverse_ordinary	12255559	0x278a160eae76f1cf5bd3890be7c0b626473c87069dfb0f24b2ebffffffffffff	0x7c259dde1eff819c4d1008a29f6f950f0d34eecab33caa86efa0c99fb309c0df	0
COEFFICIENT	pp_replay_inverse_ordinary	12255559	0xae03b3d29470f11b86a6cb15aed8f096819485d4f1ad6a97601afdd8a81b7348
TRACE	pp_replay_inverse_ordinary	12261620	0x278a160eae76f1cf5bd3890be7c0b626473c87069dfb0f24b2ebffffffffffff	0x7c259dde1eff819c4d1008a29f6f950f0d34eecab33caa86efa0c99fb309c0df	0
COEFFICIENT	pp_replay_inverse_ordinary	12261620	0xdfe1c9c709e2609ac03d8d88be424c1df5f41cdf301e2aa7d09532119d2d25b1
TRACE	pp_replay_inverse_ordinary	12267681	0x278a160eae76f1cf5bd3890be7c0b626473c87069dfb0f24b2ebffffffffffff	0xd82d058347e163d35a5d9ecdfd21763c105dfa7496977fb5afd6c5520340ab40	0
COEFFICIENT	pp_replay_inverse_ordinary	12267681	0xdfe1c9c709e2609ac03d8d88be424c1df5f41cdf301e2aa7d09532119d2d25b1
TRACE	pp_replay_inverse_ordinary	12273742	0x278a160eae76f1cf5bd3890be7c0b626473c87069dfb0f24b2ebffffffffffff	0xd82d058347e163d35a5d9ecdfd21763c105dfa7496977fb5afd6c5520340ab40	0
COEFFICIENT	pp_replay_inverse_ordinary	12273742	0x97f099115ba62508dad8b9df79a60e77fc463432f6d3d505510129773d9afe44
TRACE	pp_replay_inverse_ordinary	12279803	0x278a160eae76f1cf5bd3890be7c0b626473c87069dfb0f24b2ebffffffffffff	0x484aa417eb68ecaf8f93f77b73e8faf01d02291c2402d470b0aeb41d441c5c66	0
COEFFICIENT	pp_replay_inverse_ordinary	12279803	0x97f099115ba62508dad8b9df79a60e77fc463432f6d3d505510129773d9afe44
TRACE	pp_replay_inverse_ordinary	12285864	0x278a160eae76f1cf5bd3890be7c0b626473c87069dfb0f24b2ebffffffffffff	0x484aa417eb68ecaf8f93f77b73e8faf01d02291c2402d470b0aeb41d441c5c66	0
COEFFICIENT	pp_replay_inverse_ordinary	12285864	0x782bd63aa2b536c145456b3a673517e0158e918211aa7e7b52b1070cbf525cbf
TRACE	pp_replay_inverse_ordinary	12291925	0x278a160eae76f1cf5bd3890be7c0b626473c87069dfb0f24b2ebffffffffffff	0x8c11e6a79871020646d5a314f070dc04f92e3ba59b0275cb40e6f48478b195c	0
COEFFICIENT	pp_replay_inverse_ordinary	12291925	0x782bd63aa2b536c145456b3a673517e0158e918211aa7e7b52b1070cbf525cbf
TRACE	pp_replay_inverse_ordinary	12297986	0x278a160eae76f1cf5bd3890be7c0b626473c87069dfb0f24b2ebffffffffffff	0x8c11e6a79871020646d5a314f070dc04f92e3ba59b0275cb40e6f48478b195c	0
COEFFICIENT	pp_replay_inverse_ordinary	12297986	0xf918cadfbef17da2eef830a61d713d807ab006be7d05245359707d61c62fd2da
TRACE	pp_replay_inverse_ordinary	12304047	0x278a160eae76f1cf5bd3890be7c0b626473c87069dfb0f24b2ebffffffffffff	0xa9b07b4b1ff9de3b7d2e508bb7f590119d5ce333065730cc18d5bf355460963	0
COEFFICIENT	pp_replay_inverse_ordinary	12304047	0xf918cadfbef17da2eef830a61d713d807ab006be7d05245359707d61c62fd2da
TRACE	pp_replay_inverse_ordinary	12310108	0x278a160eae76f1cf5bd3890be7c0b626473c87069dfb0f24b2ebffffffffffff	0xa9b07b4b1ff9de3b7d2e508bb7f590119d5ce333065730cc18d5bf355460963	0
COEFFICIENT	pp_replay_inverse_ordinary	12310108	0xe7968e0acbe35d62261d7c437f6321ffdb8a3f49c9a4d599f1539ed13719a022
TRACE	pp_replay_inverse_ordinary	12316169	0x278a160eae76f1cf5bd3890be7c0b626473c87069dfb0f24b2ebffffffffffff	0x2d9f815e981bde6549884dcdf79b900258215d1c9726107f91c7191473726ed3	0
COEFFICIENT	pp_replay_inverse_ordinary	12316169	0xe7968e0acbe35d62261d7c437f6321ffdb8a3f49c9a4d599f1539ed13719a022
TRACE	pp_replay_inverse_ordinary	12322230	0x278a160eae76f1cf5bd3890be7c0b626473c87069dfb0f24b2ebffffffffffff	0x2d9f815e981bde6549884dcdf79b900258215d1c9726107f91c7191473726ed3	0
COEFFICIENT	pp_replay_inverse_ordinary	12322230	0xa18d9ab6ffaadc5f02b2aab9072ab3fd5ef32176fc239ab450e0248efac0d542
TRACE	pp_replay_inverse_ordinary	12328291	0x278a160eae76f1cf5bd3890be7c0b626473c87069dfb0f24b2ebffffffffffff	0xb9b16806308ce06b905df0e2e80c6c07514f98c23228864ad2ae0d98ec240493	0
COEFFICIENT	pp_replay_inverse_ordinary	12328291	0xa18d9ab6ffaadc5f02b2aab9072ab3fd5ef32176fc239ab450e0248efac0d542
TRACE	pp_replay_inverse_ordinary	12334352	0x278a160eae76f1cf5bd3890be7c0b626473c87069dfb0f24b2ebffffffffffff	0xb9b16806308ce06b905df0e2e80c6c07514f98c23228864ad2ae0d98ec240493	0
COEFFICIENT	pp_replay_inverse_ordinary	12334352	0x8969cd67cec8d8527507648f2648fbf36c96aa2bc61eaf1dcf123b85095da5f1
TRACE	pp_replay_inverse_ordinary	12340413	0x278a160eae76f1cf5bd3890be7c0b626473c87069dfb0f24b2ebffffffffffff	0xfccc9d742fe2992995c34654f661d4020f35dbb02a6fbbb3746e56b7e1a5b2e8	0
COEFFICIENT	pp_replay_inverse_ordinary	12340413	0x8969cd67cec8d8527507648f2648fbf36c96aa2bc61eaf1dcf123b85095da5f1
TRACE	pp_replay_inverse_ordinary	12346474	0x278a160eae76f1cf5bd3890be7c0b626473c87069dfb0f24b2ebffffffffffff	0xfccc9d742fe2992995c34654f661d4020f35dbb02a6fbbb3746e56b7e1a5b2e8	0
COEFFICIENT	pp_replay_inverse_ordinary	12346474	0x1606fd5b6daf177b544b82c9563023e4c9f778a761cda28829b62052311598fa
TRACE	pp_replay_inverse_ordinary	12352535	0x278a160eae76f1cf5bd3890be7c0b626473c87069dfb0f24b2ebffffffffffff	0xe3923d8cf2161ad7d73b09e09693841f54743eb8f311d4debf268d1e9235d0a7	0
COEFFICIENT	pp_replay_inverse_ordinary	12352535	0x1606fd5b6daf177b544b82c9563023e4c9f778a761cda28829b62052311598fa
TRACE	pp_replay_inverse_ordinary	12358596	0x278a160eae76f1cf5bd3890be7c0b626473c87069dfb0f24b2ebffffffffffff	0xe3923d8cf2161ad7d73b09e09693841f54743eb8f311d4debf268d1e9235d0a7	0
COEFFICIENT	pp_replay_inverse_ordinary	12358596	0x487bbd29e948141ed15bfbb215ccc3aa3f7ab295d08970319445b384cff55d7c
TRACE	pp_replay_inverse_ordinary	12364657	0x278a160eae76f1cf5bd3890be7c0b626473c87069dfb0f24b2ebffffffffffff	0xfa03843cd7449ce7fd20f7342f3cbe8e8633007b6ad19ef1292cdc3f461066c	0
COEFFICIENT	pp_replay_inverse_ordinary	12364657	0x487bbd29e948141ed15bfbb215ccc3aa3f7ab295d08970319445b384cff55d7c
TRACE	pp_replay_inverse_ordinary	12370718	0x278a160eae76f1cf5bd3890be7c0b626473c87069dfb0f24b2ebffffffffffff	0xfa03843cd7449ce7fd20f7342f3cbe8e8633007b6ad19ef1292cdc3f461066c	0
COEFFICIENT	pp_replay_inverse_ordinary	12370718	0xa097b297a004720c228a06d76e8d533d6758953357bffa523b1e34cd944bc164
TRACE	pp_replay_inverse_ordinary	12376779	0x278a160eae76f1cf5bd3890be7c0b626473c87069dfb0f24b2ebffffffffffff	0x7ea8bdeffae42190dd1a180f175a4494696dcadc159a398bea0766b9547647a3	0
COEFFICIENT	pp_replay_inverse_ordinary	12376779	0xa097b297a004720c228a06d76e8d533d6758953357bffa523b1e34cd944bc164
TRACE	pp_replay_inverse_ordinary	12382840	0x278a160eae76f1cf5bd3890be7c0b626473c87069dfb0f24b2ebffffffffffff	0x7ea8bdeffae42190dd1a180f175a4494696dcadc159a398bea0766b9547647a3	0
COEFFICIENT	pp_replay_inverse_ordinary	12382840	0xbfd8231f3aed05a9222e25bdf474eb0f381ef542c51a2e306043d0557d0dce3c
TRACE	pp_replay_inverse_ordinary	12388901	0x278a160eae76f1cf5bd3890be7c0b626473c87069dfb0f24b2ebffffffffffff	0xbd299eff30b548cadc6255dc232974380afa8afaf04ea14834529dc925fa6153	0
COEFFICIENT	pp_replay_inverse_ordinary	12388901	0xbfd8231f3aed05a9222e25bdf474eb0f381ef542c51a2e306043d0557d0dce3c
TRACE	pp_replay_inverse_ordinary	12394962	0x278a160eae76f1cf5bd3890be7c0b626473c87069dfb0f24b2ebffffffffffff	0xbd299eff30b548cadc6255dc232974380afa8afaf04ea14834529dc925fa6153	0
COEFFICIENT	pp_replay_inverse_ordinary	12394962	0x3cd9e53da68f541d20bea1580c134a567b3875807a82fda8f4da3e762016056d
TRACE	pp_replay_inverse_ordinary	12401023	0x278a160eae76f1cf5bd3890be7c0b626473c87069dfb0f24b2ebffffffffffff	0x3d7958c0badb3d7898060a603a3f9e199abca075661a44e773cafd1d2bdec10a	0
COEFFICIENT	pp_replay_inverse_ordinary	12401023	0x3cd9e53da68f541d20bea1580c134a567b3875807a82fda8f4da3e762016056d
TRACE	pp_replay_inverse_ordinary	12407084	0x278a160eae76f1cf5bd3890be7c0b626473c87069dfb0f24b2ebffffffffffff	0x3d7958c0badb3d7898060a603a3f9e199abca075661a44e773cafd1d2bdec10a	0
COEFFICIENT	pp_replay_inverse_ordinary	12407084	0xb72d233c07f9e5b2d9834d10526632c6912d8b765b2040395d7f7a096c0acbe4
TRACE	pp_replay_inverse_ordinary	12413145	0x278a160eae76f1cf5bd3890be7c0b626473c87069dfb0f24b2ebffffffffffff	0x321fd4bd7db060a4098f61d0c6e56ef9c6a6cc612754ca0845157444c3c851c9	0
COEFFICIENT	pp_replay_inverse_ordinary	12413145	0xb72d233c07f9e5b2d9834d10526632c6912d8b765b2040395d7f7a096c0acbe4
TRACE	pp_replay_inverse_ordinary	12419206	0x278a160eae76f1cf5bd3890be7c0b626473c87069dfb0f24b2ebffffffffffff	0x321fd4bd7db060a4098f61d0c6e56ef9c6a6cc612754ca0845157444c3c851c9	0
COEFFICIENT	pp_replay_inverse_ordinary	12419206	0x3c3a71ba92436ac1a977384fdde6f6935bb44a8b8eebb66a75e97fcf144d49d0
TRACE	pp_replay_inverse_ordinary	12425267	0x278a160eae76f1cf5bd3890be7c0b626473c87069dfb0f24b2ebffffffffffff	0xa07a1b358da42c09bc95fbf16bb1d486e901e34ddd954a7b001468589bdded62	0
COEFFICIENT	pp_replay_inverse_ordinary	12425267	0x3c3a71ba92436ac1a977384fdde6f6935bb44a8b8eebb66a75e97fcf144d49d0
TRACE	pp_replay_inverse_ordinary	12431328	0x278a160eae76f1cf5bd3890be7c0b626473c87069dfb0f24b2ebffffffffffff	0xa07a1b358da42c09bc95fbf16bb1d486e901e34ddd954a7b001468589bdded62	0
COEFFICIENT	pp_replay_inverse_ordinary	12431328	0xd7fac83f96e2a979965874ae501c189fce66b1c940422259ebbe97448cbca26d
TRACE	pp_replay_inverse_ordinary	12437389	0x278a160eae76f1cf5bd3890be7c0b626473c87069dfb0f24b2ebffffffffffff	0x68f96e2b8465ae99e2d383348747906e039d14d27ae8729c146a396caaff3857	0
COEFFICIENT	pp_replay_inverse_ordinary	12437389	0xd7fac83f96e2a979965874ae501c189fce66b1c940422259ebbe97448cbca26d
TRACE	pp_replay_inverse_ordinary	12443450	0x278a160eae76f1cf5bd3890be7c0b626473c87069dfb0f24b2ebffffffffffff	0x68f96e2b8465ae99e2d383348747906e039d14d27ae8729c146a396caaff3857	0
COEFFICIENT	pp_replay_inverse_ordinary	12443450	0x46fc2253a95fa45949dd662818f0a0d199304ec0059bd217c312f51d6e7a1054
TRACE	pp_replay_inverse_ordinary	12449511	0x278a160eae76f1cf5bd3890be7c0b626473c87069dfb0f24b2ebffffffffffff	0x18eefeaab22b018d0f846c91277fc1ada06a7864fb6cb74febe767f7c47884d3	0
COEFFICIENT	pp_replay_inverse_ordinary	12449511	0x46fc2253a95fa45949dd662818f0a0d199304ec0059bd217c312f51d6e7a1054
TRACE	pp_replay_inverse_ordinary	12455572	0x278a160eae76f1cf5bd3890be7c0b626473c87069dfb0f24b2ebffffffffffff	0x18eefeaab22b018d0f846c91277fc1ada06a7864fb6cb74febe767f7c47884d3	0
COEFFICIENT	pp_replay_inverse_ordinary	12455572	0x750945fca094472584365fbf0a617ff591f6251b0fcaecdf9a3e8243187b9bd5
TRACE	pp_replay_inverse_ordinary	12461633	0x278a160eae76f1cf5bd3890be7c0b626473c87069dfb0f24b2ebffffffffffff	0xa6e7435204ea4a3fa33f38e159610350d2cb15e506a45b7f720d5232a16ca57b	0
COEFFICIENT	pp_replay_inverse_ordinary	12461633	0x750945fca094472584365fbf0a617ff591f6251b0fcaecdf9a3e8243187b9bd5
TRACE	pp_replay_inverse_ordinary	12467694	0x278a160eae76f1cf5bd3890be7c0b626473c87069dfb0f24b2ebffffffffffff	0xa6e7435204ea4a3fa33f38e159610350d2cb15e506a45b7f720d5232a16ca57b	0
COEFFICIENT	pp_replay_inverse_ordinary	12467694	0x432b48a73c3e440b652d869cbb61fc9a5121345118f17e3fc26fb2538f8a922f
TRACE	pp_replay_inverse_ordinary	12473755	0x278a160eae76f1cf5bd3890be7c0b626473c87069dfb0f24b2ebffffffffffff	0x90f9cf4b4612d88aababf85f6e24033bf6b7601b263a353ea68a56b9d263e0f6	0
COEFFICIENT	pp_replay_inverse_ordinary	12473755	0x432b48a73c3e440b652d869cbb61fc9a5121345118f17e3fc26fb2538f8a922f
TRACE	pp_replay_inverse_ordinary	12479816	0x278a160eae76f1cf5bd3890be7c0b626473c87069dfb0f24b2ebffffffffffff	0x90f9cf4b4612d88aababf85f6e24033bf6b7601b263a353ea68a56b9d263e0f6	0
COEFFICIENT	pp_replay_inverse_ordinary	12479816	0x17506099be8f60a176070598e4e7fc7098f9c8bd581d31be2b69bb61f1790925
TRACE	pp_replay_inverse_ordinary	12485877	0x278a160eae76f1cf5bd3890be7c0b626473c87069dfb0f24b2ebffffffffffff	0xaa33dfccd965073e150eb25f7600a075474f778f45738bf21aaf212b34ebc98	0
COEFFICIENT	pp_replay_inverse_ordinary	12485877	0x17506099be8f60a176070598e4e7fc7098f9c8bd581d31be2b69bb61f1790925
TRACE	pp_replay_inverse_ordinary	12491938	0x278a160eae76f1cf5bd3890be7c0b626473c87069dfb0f24b2ebffffffffffff	0xaa33dfccd965073e150eb25f7600a075474f778f45738bf21aaf212b34ebc98	0
COEFFICIENT	pp_replay_inverse_ordinary	12491938	0x23fd8336af8870cf0abd200bd26feed9dd7e9a01bbe32abd352884b12fa355b2
TRACE	pp_replay_inverse_ordinary	12497999	0x278a160eae76f1cf5bd3890be7c0b626473c87069dfb0f24b2ebffffffffffff	0xf148f8c2eba43018b7e4b6401c502534cb6b54f02ccb46c10e2d5f7336fa1fad	0
COEFFICIENT	pp_replay_inverse_ordinary	12497999	0x23fd8336af8870cf0abd200bd26feed9dd7e9a01bbe32abd352884b12fa355b2
TRACE	pp_replay_inverse_ordinary	12504060	0x278a160eae76f1cf5bd3890be7c0b626473c87069dfb0f24b2ebffffffffffff	0xf148f8c2eba43018b7e4b6401c502534cb6b54f02ccb46c10e2d5f7336fa1fad	0
COEFFICIENT	pp_replay_inverse_ordinary	12504060	0x3943ff304ab511b6cd5ef657c13002e8866888f3a4919c3b787e68d69640cee2
TRACE	pp_replay_inverse_ordinary	12510121	0x278a160eae76f1cf5bd3890be7c0b626473c87069dfb0f24b2ebffffffffffff	0x1bd5f0b621fd71e83d2862d7f9d04d521d3f32d3fe2829bd94d927bf043515de	0
COEFFICIENT	pp_replay_inverse_ordinary	12510121	0x3943ff304ab511b6cd5ef657c13002e8866888f3a4919c3b787e68d69640cee2
TRACE	pp_replay_inverse_ordinary	12516182	0x278a160eae76f1cf5bd3890be7c0b626473c87069dfb0f24b2ebffffffffffff	0x1bd5f0b621fd71e83d2862d7f9d04d521d3f32d3fe2829bd94d927bf043515de	0
COEFFICIENT	pp_replay_inverse_ordinary	12516182	0x8e5def16b7679555d7e64f877c3053232a1044bb474b623485d5f96c30b6b3a2
TRACE	pp_replay_inverse_ordinary	12522243	0x278a160eae76f1cf5bd3890be7c0b626473c87069dfb0f24b2ebffffffffffff	0xa94df2558c934e7aa26a762877704781106e20ecb504f146a3dc5610d7b37449	0
COEFFICIENT	pp_replay_inverse_ordinary	12522243	0x8e5def16b7679555d7e64f877c3053232a1044bb474b623485d5f96c30b6b3a2
TRACE	pp_replay_inverse_ordinary	12528304	0x278a160eae76f1cf5bd3890be7c0b626473c87069dfb0f24b2ebffffffffffff	0xa94df2558c934e7aa26a762877704781106e20ecb504f146a3dc5610d7b37449	0
COEFFICIENT	pp_replay_inverse_ordinary	12528304	0xc609d082fb627926523715376fd0edc7648eaa63439bb5afaf8848ea3920df5e
TRACE	pp_replay_inverse_ordinary	12534365	0x278a160eae76f1cf5bd3890be7c0b626473c87069dfb0f24b2ebffffffffffff	0x8c9214281dc423cef29dd7197f0fa13abc4d9776266e2cdd9830633776460934	0
COEFFICIENT	pp_replay_inverse_ordinary	12534365	0xc609d082fb627926523715376fd0edc7648eaa63439bb5afaf8848ea3920df5e
TRACE	pp_replay_inverse_ordinary	12540426	0x278a160eae76f1cf5bd3890be7c0b626473c87069dfb0f24b2ebffffffffffff	0x8c9214281dc423cef29dd7197f0fa13abc4d9776266e2cdd9830633776460934	0
COEFFICIENT	pp_replay_inverse_ordinary	12540426	0x18a5b52e1489161b970c01885eb17cc9856aec3cada5983cf740f50de887cf92
TRACE	pp_replay_inverse_ordinary	12546487	0x278a160eae76f1cf5bd3890be7c0b626473c87069dfb0f24b2ebffffffffffff	0x7e732226ff31824e2facaa9f6dc5abf33042af9f36c17e391fd162040446a7	0
COEFFICIENT	pp_replay_inverse_ordinary	12546487	0x18a5b52e1489161b970c01885eb17cc9856aec3cada5983cf740f50de887cf92
TRACE	pp_replay_inverse_ordinary	12552548	0x278a160eae76f1cf5bd3890be7c0b626473c87069dfb0f24b2ebffffffffffff	0x7e732226ff31824e2facaa9f6dc5abf33042af9f36c17e391fd162040446a7	0
COEFFICIENT	pp_replay_inverse_ordinary	12552548	0x31c9dd7e50115db97c47afbb5cd0bf3efe061b28fa81f1f827a1bb7dd513e5cb
TRACE	pp_replay_inverse_ordinary	12558609	0x278a160eae76f1cf5bd3890be7c0b626473c87069dfb0f24b2ebffffffffffff	0xcf3308c5fded054b2017a999e20acc18e85a6a3643eb91044a9de74532f4a3b2	0
COEFFICIENT	pp_replay_inverse_ordinary	12558609	0x31c9dd7e50115db97c47afbb5cd0bf3efe061b28fa81f1f827a1bb7dd513e5cb
TRACE	pp_replay_inverse_ordinary	12564670	0x278a160eae76f1cf5bd3890be7c0b626473c87069dfb0f24b2ebffffffffffff	0xcf3308c5fded054b2017a999e20acc18e85a6a3643eb91044a9de74532f4a3b2	0
COEFFICIENT	pp_replay_inverse_ordinary	12564670	0x9460b236a235b627d877b5dcd796b26513b1cc1bb11852ec04a58fb577332413
TRACE	pp_replay_inverse_ordinary	12570731	0x278a160eae76f1cf5bd3890be7c0b626473c87069dfb0f24b2ebffffffffffff	0x32c6c3c29e0fc0be18a709109bac4a96e466a08838ef74f499e15e41dd1c7319	0
COEFFICIENT	pp_replay_inverse_ordinary	12570731	0x9460b236a235b627d877b5dcd796b26513b1cc1bb11852ec04a58fb577332413
TRACE	pp_replay_inverse_ordinary	12576792	0x278a160eae76f1cf5bd3890be7c0b626473c87069dfb0f24b2ebffffffffffff	0x32c6c3c29e0fc0be18a709109bac4a96e466a08838ef74f499e15e41dd1c7319	0
COEFFICIENT	pp_replay_inverse_ordinary	12576792	0xf5faa0aaa65bab91984862a913811a3342fcf7af294130e36f69c1291149d50d
TRACE	pp_replay_inverse_ordinary	12582853	0x278a160eae76f1cf5bd3890be7c0b626473c87069dfb0f24b2ebffffffffffff	0x5b88282fe27b2d0dc99674ca4ad9af610bca38bf9b201acca32c7dadcb82bf10	0
COEFFICIENT	pp_replay_inverse_ordinary	12582853	0xf5faa0aaa65bab91984862a913811a3342fcf7af294130e36f69c1291149d50d
TRACE	pp_replay_inverse_ordinary	12588914	0x278a160eae76f1cf5bd3890be7c0b626473c87069dfb0f24b2ebffffffffffff	0x5b88282fe27b2d0dc99674ca4ad9af610bca38bf9b201acca32c7dadcb82bf10	0
COEFFICIENT	pp_replay_inverse_ordinary	12588914	0x477d69852f328430fa273a1c71dbe3c791c4281deda27c9382000001ee1670cc
TRACE	pp_replay_inverse_ordinary	12594975	0x278a160eae76f1cf5bd3890be7c0b626473c87069dfb0f24b2ebffffffffffff	0x6f92e6da95c3d5ea9905af7823d77afa85d04961489db905c458fb59a8ef0d54	0
COEFFICIENT	pp_replay_inverse_ordinary	12594975	0x477d69852f328430fa273a1c71dbe3c791c4281deda27c9382000001ee1670cc
TRACE	pp_replay_inverse_ordinary	12601036	0x278a160eae76f1cf5bd3890be7c0b626473c87069dfb0f24b2ebffffffffffff	0x6f92e6da95c3d5ea9905af7823d77afa85d04961489db905c458fb59a8ef0d54	0
COEFFICIENT	pp_replay_inverse_ordinary	12601036	0xfe8db9e4f428de4c8d5423b1078f4289a958999d23e2b22cc858fb5d851beeec
TRACE	pp_replay_inverse_ordinary	12607097	0x278a160eae76f1cf5bd3890be7c0b626473c87069dfb0f24b2ebffffffffffff	0xddb3879a1fb08a21bf5f82a14f3e387eb4f92c5fb51e2438510af211d6fa0d65	0
COEFFICIENT	pp_replay_inverse_ordinary	12607097	0xfe8db9e4f428de4c8d5423b1078f4289a958999d23e2b22cc858fb5d851beeec
TRACE	pp_replay_inverse_ordinary	12613158	0x278a160eae76f1cf5bd3890be7c0b626473c87069dfb0f24b2ebffffffffffff	0xddb3879a1fb08a21bf5f82a14f3e387eb4f92c5fb51e2438510af211d6fa0d65	0
COEFFICIENT	pp_replay_inverse_ordinary	12613158	0xdacefb64080246bada07ca035e5cbd9207aa5f99fce38891e1bce8cee131f2df
TRACE	pp_replay_inverse_ordinary	12619219	0x278a160eae76f1cf5bd3890be7c0b626473c87069dfb0f24b2ebffffffffffff	0x96360a9847635afe58c6cf45fcd92e8f719cb859671fd10283d2ccf48f26154b	0
COEFFICIENT	pp_replay_inverse_ordinary	12619219	0xdacefb64080246bada07ca035e5cbd9207aa5f99fce38891e1bce8cee131f2df
TRACE	pp_replay_inverse_ordinary	12625280	0x278a160eae76f1cf5bd3890be7c0b626473c87069dfb0f24b2ebffffffffffff	0x96360a9847635afe58c6cf45fcd92e8f719cb859671fd10283d2ccf48f26154b	0
COEFFICIENT	pp_replay_inverse_ordinary	12625280	0x1f67ec2fc8a132775b48c4c0bfe04c949db806da92a740213fa704aa333dd444
TRACE	pp_replay_inverse_ordinary	12631341	0x278a160eae76f1cf5bd3890be7c0b626473c87069dfb0f24b2ebffffffffffff	0x4bd401605767e8740cd6634cb992a9b380f1778d60e6e226474c9e94518a02ab	0
COEFFICIENT	pp_replay_inverse_ordinary	12631341	0x1f67ec2fc8a132775b48c4c0bfe04c949db806da92a740213fa704aa333dd444
TRACE	pp_replay_inverse_ordinary	12637402	0x278a160eae76f1cf5bd3890be7c0b626473c87069dfb0f24b2ebffffffffffff	0x4bd401605767e8740cd6634cb992a9b380f1778d60e6e226474c9e94518a02ab	0
COEFFICIENT	pp_replay_inverse_ordinary	12637402	0xf2fbd6ff39da7c7aa9bb2634c62def75ba7e9627c4679e1c38016abf14f1a20c
TRACE	pp_replay_inverse_ordinary	12643463	0x278a160eae76f1cf5bd3890be7c0b626473c87069dfb0f24b2ebffffffffffff	0xa4ac2bc174f5546d6ff1a064acf763f1476458f2fd6626305697d2688e225f79	0
COEFFICIENT	pp_replay_inverse_ordinary	12643463	0xf2fbd6ff39da7c7aa9bb2634c62def75ba7e9627c4679e1c38016abf14f1a20c
TRACE	pp_replay_inverse_ordinary	12649524	0x278a160eae76f1cf5bd3890be7c0b626473c87069dfb0f24b2ebffffffffffff	0xa4ac2bc174f5546d6ff1a064acf763f1476458f2fd6626305697d2688e225f79	0
COEFFICIENT	pp_replay_inverse_ordinary	12649524	0x8aa3d9bfe8aa4d62c367ecce395342dcbc61854286356268c69aa7e8b805ab33
TRACE	pp_replay_inverse_ordinary	12655585	0x278a160eae76f1cf5bd3890be7c0b626473c87069dfb0f24b2ebffffffffffff	0xbeb47dc301405b781c7b53fb209b8505d2672ca37496e9f7e694fce8643f13bf	0
COEFFICIENT	pp_replay_inverse_ordinary	12655585	0x8aa3d9bfe8aa4d62c367ecce395342dcbc61854286356268c69aa7e8b805ab33
TRACE	pp_replay_inverse_ordinary	12661646	0x278a160eae76f1cf5bd3890be7c0b626473c87069dfb0f24b2ebffffffffffff	0xbeb47dc301405b781c7b53fb209b8505d2672ca37496e9f7e694fce8643f13bf	0
COEFFICIENT	pp_replay_inverse_ordinary	12661646	0xd3fc3142d294f63da34b2d9793420abf4b2a37288101aec973ca4cbad44a6df6
TRACE	pp_replay_inverse_ordinary	12667707	0x278a160eae76f1cf5bd3890be7c0b626473c87069dfb0f24b2ebffffffffffff	0x51652cc8d515ad2ddc41d58dd47914caeff8906f6a2f82b940f4468d9cc89d16	0
COEFFICIENT	pp_replay_inverse_ordinary	12667707	0xd3fc3142d294f63da34b2d9793420abf4b2a37288101aec973ca4cbad44a6df6
TRACE	pp_replay_inverse_ordinary	12673768	0x278a160eae76f1cf5bd3890be7c0b626473c87069dfb0f24b2ebffffffffffff	0x51652cc8d515ad2ddc41d58dd47914caeff8906f6a2f82b940f4468d9cc89d16	0
COEFFICIENT	pp_replay_inverse_ordinary	12673768	0xf95d8f4e7a3f99a922d830bcfafd2a49864cfec06c32e04c2888e004455d7cd3
TRACE	pp_replay_inverse_ordinary	12679829	0x278a160eae76f1cf5bd3890be7c0b626473c87069dfb0f24b2ebffffffffffff	0x9c27e8e0246af404db5bdbd8a3ef53df663e1f9f4091e5beaa716d207eeebad0	0
COEFFICIENT	pp_replay_inverse_ordinary	12679829	0xf95d8f4e7a3f99a922d830bcfafd2a49864cfec06c32e04c2888e004455d7cd3
TRACE	pp_replay_inverse_ordinary	12685890	0x278a160eae76f1cf5bd3890be7c0b626473c87069dfb0f24b2ebffffffffffff	0x9c27e8e0246af404db5bdbd8a3ef53df663e1f9f4091e5beaa716d207eeebad0	0
COEFFICIENT	pp_replay_inverse_ordinary	12685890	0x569335bcd0143f4d6a5485a1520b00b3a65bdde197d3dad9a6a052e90bcc42a7
TRACE	pp_replay_inverse_ordinary	12691951	0x278a160eae76f1cf5bd3890be7c0b626473c87069dfb0f24b2ebffffffffffff	0xe1bc9c0378c1a8bc4c63320ff5d3a70b2620615ce94ff0a3ae428757f21132f9	0
COEFFICIENT	pp_replay_inverse_ordinary	12691951	0x569335bcd0143f4d6a5485a1520b00b3a65bdde197d3dad9a6a052e90bcc42a7
TRACE	pp_replay_inverse_ordinary	12698012	0x278a160eae76f1cf5bd3890be7c0b626473c87069dfb0f24b2ebffffffffffff	0xe1bc9c0378c1a8bc4c63320ff5d3a70b2620615ce94ff0a3ae428757f21132f9	0
COEFFICIENT	pp_replay_inverse_ordinary	12698012	0x8ee3077d18ea2757210c3d5299e9a87272d81d2018f7a656fb832d2b09a9bc18
TRACE	pp_replay_inverse_ordinary	12704073	0x278a160eae76f1cf5bd3890be7c0b626473c87069dfb0f24b2ebffffffffffff	0x34963089d8992a2177ba26cd51bda5a3d968a599b9a83af06101e185da78adab	0
COEFFICIENT	pp_replay_inverse_ordinary	12704073	0x8ee3077d18ea2757210c3d5299e9a87272d81d2018f7a656fb832d2b09a9bc18
TRACE	pp_replay_inverse_ordinary	12710134	0x278a160eae76f1cf5bd3890be7c0b626473c87069dfb0f24b2ebffffffffffff	0x34963089d8992a2177ba26cd51bda5a3d968a599b9a83af06101e185da78adab	0
COEFFICIENT	pp_replay_inverse_ordinary	12710134	0xe92fde70593b248cca5e53d7e215ab410c4794a6784711bd960478d038daca85
TRACE	pp_replay_inverse_ordinary	12716195	0x278a160eae76f1cf5bd3890be7c0b626473c87069dfb0f24b2ebffffffffffff	0x7ffc82a357f72fb62515f9c2c165a006a689b68cfb0964232bff4a3a7c168d00	0
COEFFICIENT	pp_replay_inverse_ordinary	12716195	0xe92fde70593b248cca5e53d7e215ab410c4794a6784711bd960478d038daca85
TRACE	pp_replay_inverse_ordinary	12722256	0x278a160eae76f1cf5bd3890be7c0b626473c87069dfb0f24b2ebffffffffffff	0x7ffc82a357f72fb62515f9c2c165a006a689b68cfb0964232bff4a3a7c168d00	0
COEFFICIENT	pp_replay_inverse_ordinary	12722256	0x525c3f840a6d78cfb9d2a1728590f688bf18dfd9eb97879e58083bdcedcc29ac
TRACE	pp_replay_inverse_ordinary	12728317	0x278a160eae76f1cf5bd3890be7c0b626473c87069dfb0f24b2ebffffffffffff	0x525544caba5bd83c03fe94f8085c36960c2c4cf3e1aa4fe4b006d052e5f9477d	0
COEFFICIENT	pp_replay_inverse_ordinary	12728317	0x525c3f840a6d78cfb9d2a1728590f688bf18dfd9eb97879e58083bdcedcc29ac
TRACE	pp_replay_inverse_ordinary	12734378	0x278a160eae76f1cf5bd3890be7c0b626473c87069dfb0f24b2ebffffffffffff	0x525544caba5bd83c03fe94f8085c36960c2c4cf3e1aa4fe4b006d052e5f9477d	0
COEFFICIENT	pp_replay_inverse_ordinary	12734378	0x52633a3d5a7f19636fa6aded02c5b67b720572bff584bf580009a766f59f0bdb
TRACE	pp_replay_inverse_ordinary	12740439	0x278a160eae76f1cf5bd3890be7c0b626473c87069dfb0f24b2ebffffffffffff	0x52474f581a38971498567c030df2b6b0a6532727cdcfe0716003f93ed653831f	0
COEFFICIENT	pp_replay_inverse_ordinary	12740439	0x52633a3d5a7f19636fa6aded02c5b67b720572bff584bf580009a766f59f0bdb
TRACE	pp_replay_inverse_ordinary	12746500	0x278a160eae76f1cf5bd3890be7c0b626473c87069dfb0f24b2ebffffffffffff	0x52474f581a38971498567c030df2b6b0a6532727cdcfe0716003f93ed653831f	0
COEFFICIENT	pp_replay_inverse_ordinary	12746500	0x527f25229ac59bb246f6dfd6f798b6463db7be581d399e3ea00f558f14ea9497
TRACE	pp_replay_inverse_ordinary	12752561	0x278a160eae76f1cf5bd3890be7c0b626473c87069dfb0f24b2ebffffffffffff	0x520f798d99ab9276e9b6182f244cb71b0eee8ff77e6622a41ff89cee97bc71a7	0
COEFFICIENT	pp_replay_inverse_ordinary	12752561	0x527f25229ac59bb246f6dfd6f798b6463db7be581d399e3ea00f558f14ea9497
TRACE	pp_replay_inverse_ordinary	12758622	0x278a160eae76f1cf5bd3890be7c0b626473c87069dfb0f24b2ebffffffffffff	0x520f798d99ab9276e9b6182f244cb71b0eee8ff77e6622a41ff89cee97bc71a7	0
COEFFICIENT	pp_replay_inverse_ordinary	12758622	0x52eed0b79bdfa4eda437a77ecae4b5716c80ecb8bc0d19d920260e2f9218b787
TRACE	pp_replay_inverse_ordinary	12764683	0x278a160eae76f1cf5bd3890be7c0b626473c87069dfb0f24b2ebffffffffffff	0x51302263977780002f3488df7db4b8c4b15c333640bf2b6f1fcb2bad9d602bc7	0
COEFFICIENT	pp_replay_inverse_ordinary	12764683	0x52eed0b79bdfa4eda437a77ecae4b5716c80ecb8bc0d19d920260e2f9218b787
TRACE	pp_replay_inverse_ordinary	12770744	0x278a160eae76f1cf5bd3890be7c0b626473c87069dfb0f24b2ebffffffffffff	0x51302263977780002f3488df7db4b8c4b15c333640bf2b6f1fcb2bad9d602bc7	0
COEFFICIENT	pp_replay_inverse_ordinary	12770744	0x54ad7f0ba047c9db193ac61e1814b21e27a5a63b375b08432080f0b186d14347
TRACE	pp_replay_inverse_ordinary	12776805	0x278a160eae76f1cf5bd3890be7c0b626473c87069dfb0f24b2ebffffffffffff	0xf70dc3d2cf36c9db77a3d7dd137e23a78a5e0ca7b8d95f216017480cc1919ad5	0
COEFFICIENT	pp_replay_inverse_ordinary	12776805	0x54ad7f0ba047c9db193ac61e1814b21e27a5a63b375b08432080f0b186d14347
TRACE	pp_replay_inverse_ordinary	12782866	0x278a160eae76f1cf5bd3890be7c0b626473c87069dfb0f24b2ebffffffffffff	0xf70dc3d2cf36c9db77a3d7dd137e23a78a5e0ca7b8d95f216017480cc1919ad5	0
COEFFICIENT	pp_replay_inverse_ordinary	12782866	0xb24d3a447158c9dabad1b45f1cab4094c4ed3fceb5dcb164e0ea99554c10e7e8
TRACE	pp_replay_inverse_ordinary	12788927	0x278a160eae76f1cf5bd3890be7c0b626473c87069dfb0f24b2ebffffffffffff	0xa068c1ea0fc65d91aa19641943a787e3d9a9591e278f6fa7a1192970cf342534	0
COEFFICIENT	pp_replay_inverse_ordinary	12788927	0xb24d3a447158c9dabad1b45f1cab4094c4ed3fceb5dcb164e0ea99554c10e7e8
TRACE	pp_replay_inverse_ordinary	12794988	0x278a160eae76f1cf5bd3890be7c0b626473c87069dfb0f24b2ebffffffffffff	0xa068c1ea0fc65d91aa19641943a787e3d9a9591e278f6fa7a1192970cf342534	0
COEFFICIENT	pp_replay_inverse_ordinary	12794988	0x5033672f277f1471fbcccd77cfe090d6383d8bb9348d27162ee5c1d6755fca6
TRACE	pp_replay_inverse_ordinary	12801049	0x278a160eae76f1cf5bd3890be7c0b626473c87069dfb0f24b2ebffffffffffff	0x45d4ba471204ac6a73ef950a044d18d516d68af7e267b1c0a520af0005be4adf	0
COEFFICIENT	pp_replay_inverse_ordinary	12801049	0x5033672f277f1471fbcccd77cfe090d6383d8bb9348d27162ee5c1d6755fca6
TRACE	pp_replay_inverse_ordinary	12807110	0x278a160eae76f1cf5bd3890be7c0b626473c87069dfb0f24b2ebffffffffffff	0x45d4ba471204ac6a73ef950a044d18d516d68af7e267b1c0a520af0005be4adf	0
COEFFICIENT	pp_replay_inverse_ordinary	12807110	0x4fdb272cf6f48ef8b3692eb8fe492aefddde3c6f08f956a36afd673ad46a442b
TRACE	pp_replay_inverse_ordinary	12813171	0x278a160eae76f1cf5bd3890be7c0b626473c87069dfb0f24b2ebffffffffffff	0xdb849bbb1afde7cd9b4858cd06e35c9a0b8b525ecdc8ba24b53ec53adfe6d9e9	0
COEFFICIENT	pp_replay_inverse_ordinary	12813171	0x4fdb272cf6f48ef8b3692eb8fe492aefddde3c6f08f956a36afd673ad46a442b
TRACE	pp_replay_inverse_ordinary	12819232	0x278a160eae76f1cf5bd3890be7c0b626473c87069dfb0f24b2ebffffffffffff	0xdb849bbb1afde7cd9b4858cd06e35c9a0b8b525ecdc8ba24b53ec53adfe6d9e9	0
COEFFICIENT	pp_replay_inverse_ordinary	12819232	0x7b3aea1508e705bf021ab63f0375b279c747cb3cdfbb676b8b3993b188bb6610
TRACE	pp_replay_inverse_ordinary	12825293	0x278a160eae76f1cf5bd3890be7c0b626473c87069dfb0f24b2ebffffffffffff	0x3bce4d612d14c9dc3475fb5b0a5106ba4fced980bbd60cdddf43f6c537125193	0
COEFFICIENT	pp_replay_inverse_ordinary	12825293	0x7b3aea1508e705bf021ab63f0375b279c747cb3cdfbb676b8b3993b188bb6610
TRACE	pp_replay_inverse_ordinary	12831354	0x278a160eae76f1cf5bd3890be7c0b626473c87069dfb0f24b2ebffffffffffff	0x3bce4d612d14c9dc3475fb5b0a5106ba4fced980bbd60cdddf43f6c537125193	0
COEFFICIENT	pp_replay_inverse_ordinary	12831354	0x3244218b3ee2d55a38ab67d9113c6badde5e6ffa7b4cdbb4f5b71e2948892184
TRACE	pp_replay_inverse_ordinary	12837415	0x278a160eae76f1cf5bd3890be7c0b626473c87069dfb0f24b2ebffffffffffff	0xa9e0bc4d990c6912a1975e8f25de79227dfc22fbf2f8f570b43f0bb3b6adc4aa	0
COEFFICIENT	pp_replay_inverse_ordinary	12837415	0x3244218b3ee2d55a38ab67d9113c6badde5e6ffa7b4cdbb4f5b71e2948892184
TRACE	pp_replay_inverse_ordinary	12843476	0x278a160eae76f1cf5bd3890be7c0b626473c87069dfb0f24b2ebffffffffffff	0xa9e0bc4d990c6912a1975e8f25de79227dfc22fbf2f8f570b43f0bb3b6adc4aa	0
COEFFICIENT	pp_replay_inverse_ordinary	12843476	0xe68ff6416d213c712ee2e414857507e3ab902f0e992acda9fad480747c00b83
TRACE	pp_replay_inverse_ordinary	12849537	0x278a160eae76f1cf5bd3890be7c0b626473c87069dfb0f24b2ebffffffffffff	0x455879371b46be5e30408edd0365a1c6c13f4306fc5f3e06c8d0cf61259b81a2	0
COEFFICIENT	pp_replay_inverse_ordinary	12849537	0xe68ff6416d213c712ee2e414857507e3ab902f0e992acda9fad480747c00b83
TRACE	pp_replay_inverse_ordinary	12855598	0x278a160eae76f1cf5bd3890be7c0b626473c87069dfb0f24b2ebffffffffffff	0x455879371b46be5e30408edd0365a1c6c13f4306fc5f3e06c8d0cf61259b81a2	0
COEFFICIENT	pp_replay_inverse_ordinary	12855598	0xd7798591125d692ff59bcda58d48ff35b432c2dad6c61bae7689c0ac69e49193
TRACE	pp_replay_inverse_ordinary	12861659	0x278a160eae76f1cf5bd3890be7c0b626473c87069dfb0f24b2ebffffffffffff	0xb3376cdd2430138c6ae5501479824457ce4bc33321f8605f1b17de14e1526de0	0
COEFFICIENT	pp_replay_inverse_ordinary	12861659	0xd7798591125d692ff59bcda58d48ff35b432c2dad6c61bae7689c0ac69e49193
TRACE	pp_replay_inverse_ordinary	12867720	0x278a160eae76f1cf5bd3890be7c0b626473c87069dfb0f24b2ebffffffffffff	0xb3376cdd2430138c6ae5501479824457ce4bc33321f8605f1b17de14e1526de0	0
COEFFICIENT	pp_replay_inverse_ordinary	12867720	0x622a77ff48eae5ec561ceb5f941442c336b148e8cf8497bc082b5f6fb51b98a8
TRACE	pp_replay_inverse_ordinary	12873781	0x278a160eae76f1cf5bd3890be7c0b626473c87069dfb0f24b2ebffffffffffff	0x44461baff75412c7fadb4c95ef045ec65e63d7d746c29022e045cbb0d8946e9	0
COEFFICIENT	pp_replay_inverse_ordinary	12873781	0x622a77ff48eae5ec561ceb5f941442c336b148e8cf8497bc082b5f6fb51b98a8
TRACE	pp_replay_inverse_ordinary	12879842	0x278a160eae76f1cf5bd3890be7c0b626473c87069dfb0f24b2ebffffffffffff	0x44461baff75412c7fadb4c95ef045ec65e63d7d746c29022e045cbb0d8946e9	0
COEFFICIENT	pp_replay_inverse_ordinary	12879842	0xc89951b9914b0d052be78b888718cb72d348cf4f1375587a3e5b1b9a77c07839
TRACE	pp_replay_inverse_ordinary	12885903	0x278a160eae76f1cf5bd3890be7c0b626473c87069dfb0f24b2ebffffffffffff	0xd122152f90358f5e2b42f51b44f9574b9f154a49fc4daa7e9a63d51092d3060b	0
COEFFICIENT	pp_replay_inverse_ordinary	12885903	0xc89951b9914b0d052be78b888718cb72d348cf4f1375587a3e5b1b9a77c07839
TRACE	pp_replay_inverse_ordinary	12891964	0x278a160eae76f1cf5bd3890be7c0b626473c87069dfb0f24b2ebffffffffffff	0xd122152f90358f5e2b42f51b44f9574b9f154a49fc4daa7e9a63d51092d3060b	0
COEFFICIENT	pp_replay_inverse_ordinary	12891964	0xc0108e4392608aac2c8c21f5c9383f9a077c54542a9d0675e25262245cadea67
TRACE	pp_replay_inverse_ordinary	12898025	0x278a160eae76f1cf5bd3890be7c0b626473c87069dfb0f24b2ebffffffffffff	0xe2339c1b8e0a941029f9c840c0ba6efd36ae403fcdfe4e87527547fcc8f821af	0
COEFFICIENT	pp_replay_inverse_ordinary	12898025	0xc0108e4392608aac2c8c21f5c9383f9a077c54542a9d0675e25262245cadea67
TRACE	pp_replay_inverse_ordinary	12904086	0x278a160eae76f1cf5bd3890be7c0b626473c87069dfb0f24b2ebffffffffffff	0xe2339c1b8e0a941029f9c840c0ba6efd36ae403fcdfe4e87527547fcc8f821af	0
COEFFICIENT	pp_replay_inverse_ordinary	12904086	0x9ded806b96b681482f1e7baad1b61036d84a6868873bbe64722f7c4bf063b31f
TRACE	pp_replay_inverse_ordinary	12910147	0x278a160eae76f1cf5bd3890be7c0b626473c87069dfb0f24b2ebffffffffffff	0x2679b7cb855ea6d824d514d6afbecdc39512181714c0deaa32bb13aea18c9410	0
COEFFICIENT	pp_replay_inverse_ordinary	12910147	0x9ded806b96b681482f1e7baad1b61036d84a6868873bbe64722f7c4bf063b31f
TRACE	pp_replay_inverse_ordinary	12916208	0x278a160eae76f1cf5bd3890be7c0b626473c87069dfb0f24b2ebffffffffffff	0x2679b7cb855ea6d824d514d6afbecdc39512181714c0deaa32bb13aea18c9410	0
COEFFICIENT	pp_replay_inverse_ordinary	12916208	0x1561490ba80e5bb83967e27ef3ad52aa1b82b8b9f9b69e1eb1a3e4ea3f3ad5ff
TRACE	pp_replay_inverse_ordinary	12922269	0x278a160eae76f1cf5bd3890be7c0b626473c87069dfb0f24b2ebffffffffffff	0x6254b8a2b2cba96883120c2c532aee3145a6e8e823385b73171a0c478253fe1f	0
COEFFICIENT	pp_replay_inverse_ordinary	12922269	0x1561490ba80e5bb83967e27ef3ad52aa1b82b8b9f9b69e1eb1a3e4ea3f3ad5ff
TRACE	pp_replay_inverse_ordinary	12928330	0x278a160eae76f1cf5bd3890be7c0b626473c87069dfb0f24b2ebffffffffffff	0x6254b8a2b2cba96883120c2c532aee3145a6e8e823385b73171a0c478253fe1f	0
COEFFICIENT	pp_replay_inverse_ordinary	12928330	0x8d174aba02e860d8f5e1d12a3a8593857cac5a5c16a597b07a61d61c00c9aa1d
TRACE	pp_replay_inverse_ordinary	12934391	0x278a160eae76f1cf5bd3890be7c0b626473c87069dfb0f24b2ebffffffffffff	0x3792268b62aef1f81042472e6bd048dd0ea177742fcb1f35b3d2427303de5221	0
COEFFICIENT	pp_replay_inverse_ordinary	12934391	0x8d174aba02e860d8f5e1d12a3a8593857cac5a5c16a597b07a61d61c00c9aa1d
TRACE	pp_replay_inverse_ordinary	12940452	0x278a160eae76f1cf5bd3890be7c0b626473c87069dfb0f24b2ebffffffffffff	0x3792268b62aef1f81042472e6bd048dd0ea177742fcb1f35b3d2427303de5221	0
COEFFICIENT	pp_replay_inverse_ordinary	12940452	0x51c0bbff687fb3a9fc05e982e0db6fe807fa2c2c5d164e96a895eeac0571aa2c
TRACE	pp_replay_inverse_ordinary	12946513	0x278a160eae76f1cf5bd3890be7c0b626473c87069dfb0f24b2ebffffffffffff	0xc0e509162ddd979a1c8a77dfb87c01a2253d1b14bcac8d02103a73920d2e4e6e	0
COEFFICIENT	pp_replay_inverse_ordinary	12946513	0x51c0bbff687fb3a9fc05e982e0db6fe807fa2c2c5d164e96a895eeac0571aa2c
TRACE	pp_replay_inverse_ordinary	12952574	0x278a160eae76f1cf5bd3890be7c0b626473c87069dfb0f24b2ebffffffffffff	0xc0e509162ddd979a1c8a77dfb87c01a2253d1b14bcac8d02103a73920d2e4e6e	0
COEFFICIENT	pp_replay_inverse_ordinary	12952574	0x64668114fedcfeee14964ae57a32e1723531736d76d92a2f616650eb1811a697
TRACE	pp_replay_inverse_ordinary	12958635	0x278a160eae76f1cf5bd3890be7c0b626473c87069dfb0f24b2ebffffffffffff	0xe63093415a982e224dab3aa4eb2ae4b67faba996f032443381db3810326e4744	0
COEFFICIENT	pp_replay_inverse_ordinary	12958635	0x64668114fedcfeee14964ae57a32e1723531736d76d92a2f616650eb1811a697
TRACE	pp_replay_inverse_ordinary	12964696	0x278a160eae76f1cf5bd3890be7c0b626473c87069dfb0f24b2ebffffffffffff	0xe63093415a982e224dab3aa4eb2ae4b67faba996f032443381db3810326e4744	0
COEFFICIENT	pp_replay_inverse_ordinary	12964696	0xaefd956b58522bfe76d7d06fdf90a79aea0e9071dde4989244a7d9e762919843
TRACE	pp_replay_inverse_ordinary	12970757	0x278a160eae76f1cf5bd3890be7c0b626473c87069dfb0f24b2ebffffffffffff	0x7b5ebbee0d828843122e45b9b5e67107e965e39fbe4920f9485e4a09c76e2e6d	0
COEFFICIENT	pp_replay_inverse_ordinary	12970757	0xaefd956b58522bfe76d7d06fdf90a79aea0e9071dde4989244a7d9e762919843
TRACE	pp_replay_inverse_ordinary	12976818	0x278a160eae76f1cf5bd3890be7c0b626473c87069dfb0f24b2ebffffffffffff	0x7b5ebbee0d828843122e45b9b5e67107e965e39fbe4920f9485e4a09c76e2e6d	0
COEFFICIENT	pp_replay_inverse_ordinary	12976818	0xe29c6ee8a321cfb9db815b26093ade2deab73d43fd80102b40f169c4fdb50219
TRACE	pp_replay_inverse_ordinary	12982879	0x278a160eae76f1cf5bd3890be7c0b626473c87069dfb0f24b2ebffffffffffff	0x142108f377e340cc48db304d629203e1e81489fb7f1231c74fcb2a4e91275ac1	0
COEFFICIENT	pp_replay_inverse_ordinary	12982879	0xe29c6ee8a321cfb9db815b26093ade2deab73d43fd80102b40f169c4fdb50219
TRACE	pp_replay_inverse_ordinary	12988940	0x278a160eae76f1cf5bd3890be7c0b626473c87069dfb0f24b2ebffffffffffff	0x142108f377e340cc48db304d629203e1e81489fb7f1231c74fcb2a4e91275ac1	0
COEFFICIENT	pp_replay_inverse_ordinary	12988940	0xb117d4ddce605ea76e2785feafe3b879ed59f08c7bedee8f3217a93c6a42ad42
TRACE	pp_replay_inverse_ordinary	12995001	0x278a160eae76f1cf5bd3890be7c0b626473c87069dfb0f24b2ebffffffffffff	0x772a3d09216622f1238eda9c15404f49e2cf236a823674ff6d7eab5fb80c046f	0
COEFFICIENT	pp_replay_inverse_ordinary	12995001	0xb117d4ddce605ea76e2785feafe3b879ed59f08c7bedee8f3217a93c6a42ad42
TRACE	pp_replay_inverse_ordinary	13001062	0x278a160eae76f1cf5bd3890be7c0b626473c87069dfb0f24b2ebffffffffffff	0x772a3d09216622f1238eda9c15404f49e2cf236a823674ff6d7eab5fb80c046f	0
COEFFICIENT	pp_replay_inverse_ordinary	13001062	0xeb056cb27b5a9a5db8c031614a8721a9f7e4bdae75a5681ef6b0a7191c795615
TRACE	pp_replay_inverse_ordinary	13007123	0x278a160eae76f1cf5bd3890be7c0b626473c87069dfb0f24b2ebffffffffffff	0x34f0d5fc771ab848e5d83d6dff97ce9cdb989268ec781dfe44cafa6539eb2c9	0
COEFFICIENT	pp_replay_inverse_ordinary	13007123	0xeb056cb27b5a9a5db8c031614a8721a9f7e4bdae75a5681ef6b0a7191c795615
TRACE	pp_replay_inverse_ordinary	13013184	0x278a160eae76f1cf5bd3890be7c0b626473c87069dfb0f24b2ebffffffffffff	0x34f0d5fc771ab848e5d83d6dff97ce9cdb989268ec781dfe44cafa6539eb2c9	0
COEFFICIENT	pp_replay_inverse_ordinary	13013184	0xd959e6c4be26e03fffdde6997507c03dbd8304837a12521dd1adfdd98c9162c4
TRACE	pp_replay_inverse_ordinary	13019245	0x278a160eae76f1cf5bd3890be7c0b626473c87069dfb0f24b2ebffffffffffff	0xdff801844d0a37491c98ee4734faba1158f616d097a155dd9a475d2633cec856	0
COEFFICIENT	pp_replay_inverse_ordinary	13019245	0xd959e6c4be26e03fffdde6997507c03dbd8304837a12521dd1adfdd98c9162c4
TRACE	pp_replay_inverse_ordinary	13025306	0x278a160eae76f1cf5bd3890be7c0b626473c87069dfb0f24b2ebffffffffffff	0xdff801844d0a37491c98ee4734faba1158f616d097a155dd9a475d2633cec856	0
COEFFICIENT	pp_replay_inverse_ordinary	13025306	0x92abcf0dc957f7c91c54bb7a1f0a3a8cd3fc1fd78bc5fa193da358db4cf19580
TRACE	pp_replay_inverse_ordinary	13031367	0x278a160eae76f1cf5bd3890be7c0b626473c87069dfb0f24b2ebffffffffffff	0x529bd216636c665b5586980888ffaeaf85e84d78bb08a5d472321329b48f2dce	0
COEFFICIENT	pp_replay_inverse_ordinary	13031367	0x92abcf0dc957f7c91c54bb7a1f0a3a8cd3fc1fd78bc5fa193da358db4cf19580
TRACE	pp_replay_inverse_ordinary	13037428	0x278a160eae76f1cf5bd3890be7c0b626473c87069dfb0f24b2ebffffffffffff	0x529bd216636c665b5586980888ffaeaf85e84d78bb08a5d472321329b48f2dce	0
COEFFICIENT	pp_replay_inverse_ordinary	13037428	0xd2bbcc052f438936e322deebb514c66a220ff2365c834e5e09149e8ce553fd32
TRACE	pp_replay_inverse_ordinary	13043489	0x278a160eae76f1cf5bd3890be7c0b626473c87069dfb0f24b2ebffffffffffff	0x77f37031f61c55ed8e300efcc71423c92de08d27d2949a06ed78c4e14e725c9f	0
COEFFICIENT	pp_replay_inverse_ordinary	13043489	0xd2bbcc052f438936e322deebb514c66a220ff2365c834e5e09149e8ce553fd32
TRACE	pp_replay_inverse_ordinary	13049550	0x278a160eae76f1cf5bd3890be7c0b626473c87069dfb0f24b2ebffffffffffff	0x77f37031f61c55ed8e300efcc71423c92de08d27d2949a06ed78c4e14e725c9f	0
COEFFICIENT	pp_replay_inverse_ordinary	13049550	0x1d6b083c54a3685b5475ccd4313db09d720071948b9b36c2ffa201fd191a5ea5
TRACE	pp_replay_inverse_ordinary	13055611	0x278a160eae76f1cf5bd3890be7c0b626473c87069dfb0f24b2ebffffffffffff	0xd51e8a040dc143670d5eacdbf65f82fcdc18be430c46ad0da938bc0b5ff1bb4	0
COEFFICIENT	pp_replay_inverse_ordinary	13055611	0x1d6b083c54a3685b5475ccd4313db09d720071948b9b36c2ffa201fd191a5ea5
TRACE	pp_replay_inverse_ordinary	13061672	0x278a160eae76f1cf5bd3890be7c0b626473c87069dfb0f24b2ebffffffffffff	0xd51e8a040dc143670d5eacdbf65f82fcdc18be430c46ad0da938bc0b5ff1bb4	0
COEFFICIENT	pp_replay_inverse_ordinary	13061672	0x4827f918ea22e4ed19c1847621e1596ab1c26f0d47fad856d9d78fbae833d8fe
TRACE	pp_replay_inverse_ordinary	13067733	0x278a160eae76f1cf5bd3890be7c0b626473c87069dfb0f24b2ebffffffffffff	0xd27bd8279795437fc7ea51255cea96f4e9c0a8bb198dfd4adb4f87c583ca5a99	0
COEFFICIENT	pp_replay_inverse_ordinary	13067733	0x4827f918ea22e4ed19c1847621e1596ab1c26f0d47fad856d9d78fbae833d8fe
TRACE	pp_replay_inverse_ordinary	13073794	0x278a160eae76f1cf5bd3890be7c0b626473c87069dfb0f24b2ebffffffffffff	0xd27bd8279795437fc7ea51255cea96f4e9c0a8bb198dfd4adb4f87c583ca5a99	0
COEFFICIENT	pp_replay_inverse_ordinary	13073794	0xbdd41a0a3cb0865a6b98b7c6e6d81be079c4355f7667b362d85f97af4c9d5392
TRACE	pp_replay_inverse_ordinary	13079855	0x278a160eae76f1cf5bd3890be7c0b626473c87069dfb0f24b2ebffffffffffff	0xe7239644f27a00a5243bea83d2fd120959bd1c16bcb44732de3f77dbbaf761a0	0
COEFFICIENT	pp_replay_inverse_ordinary	13079855	0xbdd41a0a3cb0865a6b98b7c6e6d81be079c4355f7667b362d85f97af4c9d5392
TRACE	pp_replay_inverse_ordinary	13085916	0x278a160eae76f1cf5bd3890be7c0b626473c87069dfb0f24b2ebffffffffffff	0xe7239644f27a00a5243bea83d2fd120959bd1c16bcb44732de3f77dbbaf761a0	0
COEFFICIENT	pp_replay_inverse_ordinary	13085916	0x62cbca596bdb0d59fb6d5a11a0ad49ca4d4586d5a983adf88efea73c54321066
TRACE	pp_replay_inverse_ordinary	13091977	0x278a160eae76f1cf5bd3890be7c0b626473c87069dfb0f24b2ebffffffffffff	0x6b7b62307918f3f04d0a7af6054cda486634b157cfe4e06d2d80487c21bcb6ab	0
COEFFICIENT	pp_replay_inverse_ordinary	13091977	0x62cbca596bdb0d59fb6d5a11a0ad49ca4d4586d5a983adf88efea73c54321066
TRACE	pp_replay_inverse_ordinary	13098038	0x278a160eae76f1cf5bd3890be7c0b626473c87069dfb0f24b2ebffffffffffff	0x6b7b62307918f3f04d0a7af6054cda486634b157cfe4e06d2d80487c21bcb6ab	0
COEFFICIENT	pp_replay_inverse_ordinary	13098038	0x5a1c32825e9d26c3a9d0392d3c0db94c34565c5383227b83f07d05fc86a76a21
TRACE	pp_replay_inverse_ordinary	13104099	0x278a160eae76f1cf5bd3890be7c0b626473c87069dfb0f24b2ebffffffffffff	0x7cda91de9394c11cf044bcbece8bfb449813065c1ca745566a838afbbcd20335	0
COEFFICIENT	pp_replay_inverse_ordinary	13104099	0x5a1c32825e9d26c3a9d0392d3c0db94c34565c5383227b83f07d05fc86a76a21
TRACE	pp_replay_inverse_ordinary	13110160	0x278a160eae76f1cf5bd3890be7c0b626473c87069dfb0f24b2ebffffffffffff	0x7cda91de9394c11cf044bcbece8bfb449813065c1ca745566a838afbbcd20335	0
COEFFICIENT	pp_replay_inverse_ordinary	13110160	0x375dd32629a58c6a635bb59ba98f7753d099b24ae99db1b1767680fd507cd10d
TRACE	pp_replay_inverse_ordinary	13116221	0x278a160eae76f1cf5bd3890be7c0b626473c87069dfb0f24b2ebffffffffffff	0x3112f6e350cf0ea443e52f1946a76ddd00bfbf0322ec3c5e4b7d96f5ca20db48	0
COEFFICIENT	pp_replay_inverse_ordinary	13116221	0x375dd32629a58c6a635bb59ba98f7753d099b24ae99db1b1767680fd507cd10d
TRACE	pp_replay_inverse_ordinary	13122282	0x278a160eae76f1cf5bd3890be7c0b626473c87069dfb0f24b2ebffffffffffff	0x3112f6e350cf0ea443e52f1946a76ddd00bfbf0322ec3c5e4b7d96f5ca20db48	0
COEFFICIENT	pp_replay_inverse_ordinary	13122282	0x9fce9d2fa41a27790a9c9a5099c65c84a1f32398f6279fc1386a98f06b1a7d62
TRACE	pp_replay_inverse_ordinary	13128343	0x278a160eae76f1cf5bd3890be7c0b626473c87069dfb0f24b2ebffffffffffff	0x1f48af645b844c19266f8832715383ea372a19f3c00187dcf65c6dcff5c37c3	0
COEFFICIENT	pp_replay_inverse_ordinary	13128343	0x9fce9d2fa41a27790a9c9a5099c65c84a1f32398f6279fc1386a98f06b1a7d62
TRACE	pp_replay_inverse_ordinary	13134404	0x278a160eae76f1cf5bd3890be7c0b626473c87069dfb0f24b2ebffffffffffff	0x1f48af645b844c19266f8832715383ea372a19f3c00187dcf65c6dcff5c37c3	0
COEFFICIENT	pp_replay_inverse_ordinary	13134404	0x3da8af69027c0a3082d23c1e0c7780caa073a592b04f2704a16f6b04d6d8c6d2
TRACE	pp_replay_inverse_ordinary	13140465	0x278a160eae76f1cf5bd3890be7c0b626473c87069dfb0f24b2ebffffffffffff	0xc640668388f47f52a1fbb4e841b2efb2a6719dabc7b109f6fd5c22b427dfa4e3	0
COEFFICIENT	pp_replay_inverse_ordinary	13140465	0x3da8af69027c0a3082d23c1e0c7780caa073a592b04f2704a16f6b04d6d8c6d2
TRACE	pp_replay_inverse_ordinary	13146526	0x278a160eae76f1cf5bd3890be7c0b626473c87069dfb0f24b2ebffffffffffff	0xc640668388f47f52a1fbb4e841b2efb2a6719dabc7b109f6fd5c22b427dfa4e3	0
COEFFICIENT	pp_replay_inverse_ordinary	13146526	0xb510f84e7c03950e63a8c353d73c11e29a75ad7998ed44124582b35485d1e4f0
TRACE	pp_replay_inverse_ordinary	13152587	0x278a160eae76f1cf5bd3890be7c0b626473c87069dfb0f24b2ebffffffffffff	0xd76fd4b895e56996e04ea67cac29cd82b26d8dddf674cfdbb5359213c9ed64d6	0
COEFFICIENT	pp_replay_inverse_ordinary	13152587	0xb510f84e7c03950e63a8c353d73c11e29a75ad7998ed44124582b35485d1e4f0
TRACE	pp_replay_inverse_ordinary	13158648	0x278a160eae76f1cf5bd3890be7c0b626473c87069dfb0f24b2ebffffffffffff	0xd76fd4b895e56996e04ea67cac29cd82b26d8dddf674cfdbb5359213c9ed64d6	0
COEFFICIENT	pp_replay_inverse_ordinary	13158648	0x4191c5558dec93b3a7a02d245aa1f147e758e8d1284f5800403af8bed5913658
TRACE	pp_replay_inverse_ordinary	13164709	0x278a160eae76f1cf5bd3890be7c0b626473c87069dfb0f24b2ebffffffffffff	0x6d4de41b9dde3f7a18fd1fd4fdb1a9bd7d8232eac49a47b72a302b69be499725	0
COEFFICIENT	pp_replay_inverse_ordinary	13164709	0x4191c5558dec93b3a7a02d245aa1f147e758e8d1284f5800403af8bed5913658
TRACE	pp_replay_inverse_ordinary	13170770	0x278a160eae76f1cf5bd3890be7c0b626473c87069dfb0f24b2ebffffffffffff	0x6d4de41b9dde3f7a18fd1fd4fdb1a9bd7d8232eac49a47b72a302b69be499725	0
COEFFICIENT	pp_replay_inverse_ordinary	13170770	0x15d5a68f7dfae7ed36433a73b79238d2512f9eb78c0468495645c613ecd8d58b
TRACE	pp_replay_inverse_ordinary	13176831	0x278a160eae76f1cf5bd3890be7c0b626473c87069dfb0f24b2ebffffffffffff	0xf0716ec6b9b766e1683d7a1db2f58c4d4c34048d1538f7b7aaa61ce7696c03d5	0
COEFFICIENT	pp_replay_inverse_ordinary	13176831	0x15d5a68f7dfae7ed36433a73b79238d2512f9eb78c0468495645c613ecd8d58b
TRACE	pp_replay_inverse_ordinary	13182892	0x278a160eae76f1cf5bd3890be7c0b626473c87069dfb0f24b2ebffffffffffff	0xf0716ec6b9b766e1683d7a1db2f58c4d4c34048d1538f7b7aaa61ce7696c03d5	0
COEFFICIENT	pp_replay_inverse_ordinary	13182892	0x3b39de58423e68f90448fac9bc2ee557562b38e202cfd8db01e56f3f7045a370
TRACE	pp_replay_inverse_ordinary	13188953	0x278a160eae76f1cf5bd3890be7c0b626473c87069dfb0f24b2ebffffffffffff	0x1c1cbbe5b5ad36bbd4c3ef052219fdf1ee9341fc2d41c84a5731a910431db2bc	0
COEFFICIENT	pp_replay_inverse_ordinary	13188953	0x3b39de58423e68f90448fac9bc2ee557562b38e202cfd8db01e56f3f7045a370
TRACE	pp_replay_inverse_ordinary	13195014	0x278a160eae76f1cf5bd3890be7c0b626473c87069dfb0f24b2ebffffffffffff	0x1c1cbbe5b5ad36bbd4c3ef052219fdf1ee9341fc2d41c84a5731a910431db2bc	0
COEFFICIENT	pp_replay_inverse_ordinary	13195014	0x929078963a2a08addd55e4989a77c8a09ae9b3c032e17a005afc878f23a8f99c
TRACE	pp_replay_inverse_ordinary	13201075	0x278a160eae76f1cf5bd3890be7c0b626473c87069dfb0f24b2ebffffffffffff	0xcac9f061a584762586ddc2a2deabc484781037b88d650a95095fd9afa9e45f14	0
COEFFICIENT	pp_replay_inverse_ordinary	13201075	0x929078963a2a08addd55e4989a77c8a09ae9b3c032e17a005afc878f23a8f99c
TRACE	pp_replay_inverse_ordinary	13207136	0x278a160eae76f1cf5bd3890be7c0b626473c87069dfb0f24b2ebffffffffffff	0xcac9f061a584762586ddc2a2deabc484781037b88d650a95095fd9afa9e45f14	0
COEFFICIENT	pp_replay_inverse_ordinary	13207136	0xefeae18e19d8878141898bd4139b55c5ade39f38f327fe95bf58e8cef136561d
TRACE	pp_replay_inverse_ordinary	13213197	0x278a160eae76f1cf5bd3890be7c0b626473c87069dfb0f24b2ebffffffffffff	0xa5a8ff35313064c9cc31f971a9bc3343423cd03827a216945366ca906292680b	0
COEFFICIENT	pp_replay_inverse_ordinary	13213197	0xefeae18e19d8878141898bd4139b55c5ade39f38f327fe95bf58e8cef136561d
TRACE	pp_replay_inverse_ordinary	13219258	0x278a160eae76f1cf5bd3890be7c0b626473c87069dfb0f24b2ebffffffffffff	0xa5a8ff35313064c9cc31f971a9bc3343423cd03827a216945366ca906292680b	0
COEFFICIENT	pp_replay_inverse_ordinary	13219258	0x857ec25164e173cc4f451119d0f2dece9e040eaa0df213bfd2189c3044ff1be7
TRACE	pp_replay_inverse_ordinary	13225319	0x278a160eae76f1cf5bd3890be7c0b626473c87069dfb0f24b2ebffffffffffff	0xc5d33c18fd7f55c7491ee1c9828587b7e67591c641521968d4b4f8f08025b42f	0
COEFFICIENT	pp_replay_inverse_ordinary	13225319	0x857ec25164e173cc4f451119d0f2dece9e040eaa0df213bfd2189c3044ff1be7
TRACE	pp_replay_inverse_ordinary	13231380	0x278a160eae76f1cf5bd3890be7c0b626473c87069dfb0f24b2ebffffffffffff	0xc5d33c18fd7f55c7491ee1c9828587b7e67591c641521968d4b4f8f08025b42f	0
COEFFICIENT	pp_replay_inverse_ordinary	13231380	0x452a4889cc4391d1556b406a1f6035e555928b8dda920e16cf7c3f7009d8839f
TRACE	pp_replay_inverse_ordinary	13237441	0x278a160eae76f1cf5bd3890be7c0b626473c87069dfb0f24b2ebffffffffffff	0xd0d0c0bbc7423d5fe7a903fd246b4555227daf1a5d3640e878e631520a23efce	0
COEFFICIENT	pp_replay_inverse_ordinary	13237441	0x452a4889cc4391d1556b406a1f6035e555928b8dda920e16cf7c3f7009d8839f
TRACE	pp_replay_inverse_ordinary	13243502	0x278a160eae76f1cf5bd3890be7c0b626473c87069dfb0f24b2ebffffffffffff	0xd0d0c0bbc7423d5fe7a903fd246b4555227daf1a5d3640e878e631520a23efce	0
COEFFICIENT	pp_replay_inverse_ordinary	13243502	0xb983d057d144e642c32d7cd71a55267588a7680157eddb4526124d8d098d139f
TRACE	pp_replay_inverse_ordinary	13249563	0x278a160eae76f1cf5bd3890be7c0b626473c87069dfb0f24b2ebffffffffffff	0xe81db11fbd3f947d0c248b232e816434bc53f633627ea68bcbba15170abacbfd	0
COEFFICIENT	pp_replay_inverse_ordinary	13249563	0xb983d057d144e642c32d7cd71a55267588a7680157eddb4526124d8d098d139f
TRACE	pp_replay_inverse_ordinary	13255624	0x278a160eae76f1cf5bd3890be7c0b626473c87069dfb0f24b2ebffffffffffff	0xe81db11fbd3f947d0c248b232e816434bc53f633627ea68bcbba15170abacbfd	0
COEFFICIENT	pp_replay_inverse_ordinary	13255624	0x5b2551cf5fc96102927f84d1632bb11fcda2c636125a5d1617deb0331dd4fadd
TRACE	pp_replay_inverse_ordinary	13261685	0x278a160eae76f1cf5bd3890be7c0b626473c87069dfb0f24b2ebffffffffffff	0x2b60b40eda4889fcaac89b17c02e7989464ab29cd757aa2daf52da63334a9a79	0
COEFFICIENT	pp_replay_inverse_ordinary	13261685	0x5b2551cf5fc96102927f84d1632bb11fcda2c636125a5d1617deb0331dd4fadd
TRACE	pp_replay_inverse_ordinary	13267746	0x278a160eae76f1cf5bd3890be7c0b626473c87069dfb0f24b2ebffffffffffff	0x2b60b40eda4889fcaac89b17c02e7989464ab29cd757aa2daf52da63334a9a79	0
COEFFICIENT	pp_replay_inverse_ordinary	13267746	0x8ae9ef8fe54a38087a366e8b0628e8b654fad9cf4d5d0ffe806a8603085f5b41
TRACE	pp_replay_inverse_ordinary	13273807	0x278a160eae76f1cf5bd3890be7c0b626473c87069dfb0f24b2ebffffffffffff	0xcbd7788dcf46dbf0db5ac7a47a340a5c379a8b6a6152445cde3b2ec25e35d5e0	0
COEFFICIENT	pp_replay_inverse_ordinary	13273807	0x8ae9ef8fe54a38087a366e8b0628e8b654fad9cf4d5d0ffe806a8603085f5b41
TRACE	pp_replay_inverse_ordinary	13279868	0x278a160eae76f1cf5bd3890be7c0b626473c87069dfb0f24b2ebffffffffffff	0xcbd7788dcf46dbf0db5ac7a47a340a5c379a8b6a6152445cde3b2ec25e35d5e0	0
COEFFICIENT	pp_replay_inverse_ordinary	13279868	0x49fc6691fb4d942019121571921dc710725b28343967dba02299dd43b288e0a2
TRACE	pp_replay_inverse_ordinary	13285929	0x278a160eae76f1cf5bd3890be7c0b626473c87069dfb0f24b2ebffffffffffff	0x4db28a89a34023c19da379d7624a4da7fcd9eea0893cad1999dc804209e2ceef	0
COEFFICIENT	pp_replay_inverse_ordinary	13285929	0x49fc6691fb4d942019121571921dc710725b28343967dba02299dd43b288e0a2
TRACE	pp_replay_inverse_ordinary	13291990	0x278a160eae76f1cf5bd3890be7c0b626473c87069dfb0f24b2ebffffffffffff	0x4db28a89a34023c19da379d7624a4da7fcd9eea0893cad1999dc804209e2ceef	0
COEFFICIENT	pp_replay_inverse_ordinary	13291990	0x4646429a535b047e9480b10bc1f14078e7dc61c7e9930a26ab573a455b2ef255
TRACE	pp_replay_inverse_ordinary	13298051	0x278a160eae76f1cf5bd3890be7c0b626473c87069dfb0f24b2ebffffffffffff	0x551ed278f3254304a6c642a302a35ad711d77b7928e6500c8861c63eb896ab89	0
COEFFICIENT	pp_replay_inverse_ordinary	13298051	0x4646429a535b047e9480b10bc1f14078e7dc61c7e9930a26ab573a455b2ef255
TRACE	pp_replay_inverse_ordinary	13304112	0x278a160eae76f1cf5bd3890be7c0b626473c87069dfb0f24b2ebffffffffffff	0x551ed278f3254304a6c642a302a35ad711d77b7928e6500c8861c63eb896ab89	0
COEFFICIENT	pp_replay_inverse_ordinary	13304112	0xe1ab57ad99db4c01cfc7a4ba8685dbc8e1903f08fc0c6459df103ac96ef49033
TRACE	pp_replay_inverse_ordinary	13310173	0x278a160eae76f1cf5bd3890be7c0b626473c87069dfb0f24b2ebffffffffffff	0xc8924d444c6f3a077dc4e08b7ec0d9e5421eb7e955c03bbf31b351b30238c30e	0
COEFFICIENT	pp_replay_inverse_ordinary	13310173	0xe1ab57ad99db4c01cfc7a4ba8685dbc8e1903f08fc0c6459df103ac96ef49033
TRACE	pp_replay_inverse_ordinary	13316234	0x278a160eae76f1cf5bd3890be7c0b626473c87069dfb0f24b2ebffffffffffff	0xc8924d444c6f3a077dc4e08b7ec0d9e5421eb7e955c03bbf31b351b30238c30e	0
COEFFICIENT	pp_replay_inverse_ordinary	13316234	0xfac46216e7475dfc21ca68e98e4addac8101c628a2588cf48c6d23dfdbb05d58
TRACE	pp_replay_inverse_ordinary	13322295	0x278a160eae76f1cf5bd3890be7c0b626473c87069dfb0f24b2ebffffffffffff	0x8be8fc9f8025d20b1d542a008bcc9177053f35fb4dd90472efd3c747e021eb16	0
COEFFICIENT	pp_replay_inverse_ordinary	13322295	0xfac46216e7475dfc21ca68e98e4addac8101c628a2588cf48c6d23dfdbb05d58
TRACE	pp_replay_inverse_ordinary	13328356	0x278a160eae76f1cf5bd3890be7c0b626473c87069dfb0f24b2ebffffffffffff	0x8be8fc9f8025d20b1d542a008bcc9177053f35fb4dd90472efd3c747e021eb16	0
COEFFICIENT	pp_replay_inverse_ordinary	13328356	0x8171c0cd4eb48e0360e8fbd3a8624cd00742c24c928a1e5c08ae0f099782ad68
TRACE	pp_replay_inverse_ordinary	13334417	0x278a160eae76f1cf5bd3890be7c0b626473c87069dfb0f24b2ebffffffffffff	0x96603871b1971612d9bf582d6f36d61e033ba9aa0927ea89d6f97f8628c128c4	0
COEFFICIENT	pp_replay_inverse_ordinary	13334417	0x8171c0cd4eb48e0360e8fbd3a8624cd00742c24c928a1e5c08ae0f099782ad68
TRACE	pp_replay_inverse_ordinary	13340478	0x278a160eae76f1cf5bd3890be7c0b626473c87069dfb0f24b2ebffffffffffff	0x96603871b1971612d9bf582d6f36d61e033ba9aa0927ea89d6f97f8628c128c4	0
COEFFICIENT	pp_replay_inverse_ordinary	13340478	0x6c834928ebd205f3e8129f79e18dc3820b49daef1bec522e3a629e8d0644320c
TRACE	pp_replay_inverse_ordinary	13346539	0x278a160eae76f1cf5bd3890be7c0b626473c87069dfb0f24b2ebffffffffffff	0xc03d27ba775c2631cb6c10e0fcdfe8b9fb2d7864f66382e57390607f4b3e1f7c	0
COEFFICIENT	pp_replay_inverse_ordinary	13346539	0x6c834928ebd205f3e8129f79e18dc3820b49daef1bec522e3a629e8d0644320c
TRACE	pp_replay_inverse_ordinary	13352600	0x278a160eae76f1cf5bd3890be7c0b626473c87069dfb0f24b2ebffffffffffff	0xc03d27ba775c2631cb6c10e0fcdfe8b9fb2d7864f66382e57390607f4b3e1f7c	0
COEFFICIENT	pp_replay_inverse_ordinary	13352600	0x18c96a976047e5b604b92e12c63b9e4a1b663d79417521770134dc9ac14a449c
TRACE	pp_replay_inverse_ordinary	13358661	0x278a160eae76f1cf5bd3890be7c0b626473c87069dfb0f24b2ebffffffffffff	0x9943ba0c4f0032199b914fd4bffb6fbe11c12e432e3c2741e8559d9a57c68765	0
COEFFICIENT	pp_replay_inverse_ordinary	13358661	0x18c96a976047e5b604b92e12c63b9e4a1b663d79417521770134dc9ac14a449c
TRACE	pp_replay_inverse_ordinary	13364722	0x278a160eae76f1cf5bd3890be7c0b626473c87069dfb0f24b2ebffffffffffff	0x9943ba0c4f0032199b914fd4bffb6fbe11c12e432e3c2741e8559d9a57c68765	0
COEFFICIENT	pp_replay_inverse_ordinary	13364722	0x984f1b22718f99526de10c50cc7bccd6250b4caf54ae1bac1a141b9a2acdfe02
TRACE	pp_replay_inverse_ordinary	13370783	0x278a160eae76f1cf5bd3890be7c0b626473c87069dfb0f24b2ebffffffffffff	0xcad68f3b0f8ffd85a503abfa4c72ac52488da935b1266a2feabf56cfda5b109d	0
COEFFICIENT	pp_replay_inverse_ordinary	13370783	0x984f1b22718f99526de10c50cc7bccd6250b4caf54ae1bac1a141b9a2acdfe02
TRACE	pp_replay_inverse_ordinary	13376844	0x278a160eae76f1cf5bd3890be7c0b626473c87069dfb0f24b2ebffffffffffff	0xcad68f3b0f8ffd85a503abfa4c72ac52488da935b1266a2feabf56cfda5b109d	0
COEFFICIENT	pp_replay_inverse_ordinary	13376844	0xfb74c57ff2af302a80c5c49be56a45fe92a442945a82a1881ee78e052ff71072
TRACE	pp_replay_inverse_ordinary	13382905	0x278a160eae76f1cf5bd3890be7c0b626473c87069dfb0f24b2ebffffffffffff	0x9a3858f62c70cae0c9419358b37b12a5fe770fd707ca32d7b6971f9a84bf10c8	0
COEFFICIENT	pp_replay_inverse_ordinary	13382905	0xfb74c57ff2af302a80c5c49be56a45fe92a442945a82a1881ee78e052ff71072
TRACE	pp_replay_inverse_ordinary	13388966	0x278a160eae76f1cf5bd3890be7c0b626473c87069dfb0f24b2ebffffffffffff	0x9a3858f62c70cae0c9419358b37b12a5fe770fd707ca32d7b6971f9a84bf10c8	0
COEFFICIENT	pp_replay_inverse_ordinary	13388966	0x5cb13209b8ed95743849f5df1759795726d17551ad3b10388737fc70db2f13ed
TRACE	pp_replay_inverse_ordinary	13395027	0x278a160eae76f1cf5bd3890be7c0b626473c87069dfb0f24b2ebffffffffffff	0xd7bf7fe29ff4004d5a3930d24f9cabf4d61caa5c62595576e5f642c42e4f0da3	0
COEFFICIENT	pp_replay_inverse_ordinary	13395027	0x5cb13209b8ed95743849f5df1759795726d17551ad3b10388737fc70db2f13ed
TRACE	pp_replay_inverse_ordinary	13401088	0x278a160eae76f1cf5bd3890be7c0b626473c87069dfb0f24b2ebffffffffffff	0xd7bf7fe29ff4004d5a3930d24f9cabf4d61caa5c62595576e5f642c42e4f0da3	0
COEFFICIENT	pp_replay_inverse_ordinary	13401088	0xe1a2e430d1e72a9b165abaebdf1646b977864046f81ccafa2879b61c880f1666
TRACE	pp_replay_inverse_ordinary	13407149	0x278a160eae76f1cf5bd3890be7c0b626473c87069dfb0f24b2ebffffffffffff	0xcddc1b946e00d5ff9e17a6b8c023113034b31471cc95dff3a372cf6bd48f04e0	0
COEFFICIENT	pp_replay_inverse_ordinary	13407149	0xe1a2e430d1e72a9b165abaebdf1646b977864046f81ccafa2879b61c880f1666
TRACE	pp_replay_inverse_ordinary	13413210	0x278a160eae76f1cf5bd3890be7c0b626473c87069dfb0f24b2ebffffffffffff	0xcddc1b946e00d5ff9e17a6b8c023113034b31471cc95dff3a372cf6bd48f04e0	0
COEFFICIENT	pp_replay_inverse_ordinary	13413210	0xf569accd35cd7f368e9dcf1efe097c42ba596c1c23a3b600ad809ccd3b8f27ec
TRACE	pp_replay_inverse_ordinary	13419271	0x278a160eae76f1cf5bd3890be7c0b626473c87069dfb0f24b2ebffffffffffff	0xa64e8a5ba6342cc8ad917e52823ca61daf0cbcc7758809e69965020a6d8ee1d4	0
COEFFICIENT	pp_replay_inverse_ordinary	13419271	0xf569accd35cd7f368e9dcf1efe097c42ba596c1c23a3b600ad809ccd3b8f27ec
TRACE	pp_replay_inverse_ordinary	13425332	0x278a160eae76f1cf5bd3890be7c0b626473c87069dfb0f24b2ebffffffffffff	0xa64e8a5ba6342cc8ad917e52823ca61daf0cbcc7758809e69965020a6d8ee1d4	0
COEFFICIENT	pp_replay_inverse_ordinary	13425332	0x9121e3f611cf2b35cacd1c907e4f9ea323bf94ffbccf75e7f4663ba6e4ad394e
TRACE	pp_replay_inverse_ordinary	13431393	0x278a160eae76f1cf5bd3890be7c0b626473c87069dfb0f24b2ebffffffffffff	0xbb7b30c13a992e5b9055e0148629ad983a59e48f2e409de53e63c86df6708a5a	0
COEFFICIENT	pp_replay_inverse_ordinary	13431393	0x9121e3f611cf2b35cacd1c907e4f9ea323bf94ffbccf75e7f4663ba6e4ad394e
TRACE	pp_replay_inverse_ordinary	13437454	0x278a160eae76f1cf5bd3890be7c0b626473c87069dfb0f24b2ebffffffffffff	0xbb7b30c13a992e5b9055e0148629ad983a59e48f2e409de53e63c86df6708a5a	0
COEFFICIENT	pp_replay_inverse_ordinary	13437454	0x66c8972ae90528100544590c76758fae0d2545704b5e4deaaa68aedfd2e9e842
TRACE	pp_replay_inverse_ordinary	13443515	0x278a160eae76f1cf5bd3890be7c0b626473c87069dfb0f24b2ebffffffffffff	0xddbef8ad5e3784c725f0193582c8eade81d90e8ea7df89b527303fbcbfcb00c7	0
COEFFICIENT	pp_replay_inverse_ordinary	13443515	0x66c8972ae90528100544590c76758fae0d2545704b5e4deaaa68aedfd2e9e842
TRACE	pp_replay_inverse_ordinary	13449576	0x278a160eae76f1cf5bd3890be7c0b626473c87069dfb0f24b2ebffffffffffff	0xddbef8ad5e3784c725f0193582c8eade81d90e8ea7df89b527303fbcbfcb00c7	0
COEFFICIENT	pp_replay_inverse_ordinary	13449576	0xab5027033041d4e73078cb4e6fb40a3a9c23996f3e9c258a7c019d7d659ed51c
TRACE	pp_replay_inverse_ordinary	13455637	0x278a160eae76f1cf5bd3890be7c0b626473c87069dfb0f24b2ebffffffffffff	0x66ce185decb0de757c58fdb97545dff79fd5b68c8e5b38f4ca621cf8e534de4c	0
COEFFICIENT	pp_replay_inverse_ordinary	13455637	0xab5027033041d4e73078cb4e6fb40a3a9c23996f3e9c258a7c019d7d659ed51c
TRACE	pp_replay_inverse_ordinary	13461698	0x278a160eae76f1cf5bd3890be7c0b626473c87069dfb0f24b2ebffffffffffff	0x66ce185decb0de757c58fdb97545dff79fd5b68c8e5b38f4ca621cf8e534de4c	0
COEFFICIENT	pp_replay_inverse_ordinary	13461698	0xefd235a873d2cb58e49898e36a22347d98717c51eedd12202da11e01e608cbec
TRACE	pp_replay_inverse_ordinary	13467759	0x278a160eae76f1cf5bd3890be7c0b626473c87069dfb0f24b2ebffffffffffff	0xddc9fb13658ef1921419628f80698b71a739f0c72dd95fc967231beee460ecdb	0
COEFFICIENT	pp_replay_inverse_ordinary	13467759	0xefd235a873d2cb58e49898e36a22347d98717c51eedd12202da11e01e608cbec
TRACE	pp_replay_inverse_ordinary	13473820	0x278a160eae76f1cf5bd3890be7c0b626473c87069dfb0f24b2ebffffffffffff	0xddc9fb13658ef1921419628f80698b71a739f0c72dd95fc967231beee460ecdb	0
COEFFICIENT	pp_replay_inverse_ordinary	13473820	0x1da703d8216a51fb517cf3753dadd8989a907dcafe0c476f41f2015e7b0aece
TRACE	pp_replay_inverse_ordinary	13479881	0x278a160eae76f1cf5bd3890be7c0b626473c87069dfb0f24b2ebffffffffffff	0xb9b985e949073e04731af5e7acf83959c4cad9b1abd1fb1bda2717c8e1112eb9	0
COEFFICIENT	pp_replay_inverse_ordinary	13479881	0x1da703d8216a51fb517cf3753dadd8989a907dcafe0c476f41f2015e7b0aece
TRACE	pp_replay_inverse_ordinary	13485942	0x278a160eae76f1cf5bd3890be7c0b626473c87069dfb0f24b2ebffffffffffff	0xb9b985e949073e04731af5e7acf83959c4cad9b1abd1fb1bda2717c8e1112eb9	0
COEFFICIENT	pp_replay_inverse_ordinary	13485942	0x49fb5a91bb260c3af714a886fabd81b94e873607b3ef8dd20e172861ee502b12
TRACE	pp_replay_inverse_ordinary	13492003	0x278a160eae76f1cf5bd3890be7c0b626473c87069dfb0f24b2ebffffffffffff	0xbd6e66644d348843dd4a945654adf46cd81ce96b0b938409c26557f4b0728c55	0
COEFFICIENT	pp_replay_inverse_ordinary	13492003	0x49fb5a91bb260c3af714a886fabd81b94e873607b3ef8dd20e172861ee502b12
TRACE	pp_replay_inverse_ordinary	13498064	0x278a160eae76f1cf5bd3890be7c0b626473c87069dfb0f24b2ebffffffffffff	0xbd6e66644d348843dd4a945654adf46cd81ce96b0b938409c26557f4b0728c55	0
COEFFICIENT	pp_replay_inverse_ordinary	13498064	0x51651b87c380a0b9cb73e5644a28f7df752b557a73729fadde93a8b98d12e64a
TRACE	pp_replay_inverse_ordinary	13504125	0x278a160eae76f1cf5bd3890be7c0b626473c87069dfb0f24b2ebffffffffffff	0x2977b140d6e86fcdef2143485f32f0fa3b0e7d5ba3b46865a6370730d3d23631	0
COEFFICIENT	pp_replay_inverse_ordinary	13504125	0x51651b87c380a0b9cb73e5644a28f7df752b557a73729fadde93a8b98d12e64a
TRACE	pp_replay_inverse_ordinary	13510186	0x278a160eae76f1cf5bd3890be7c0b626473c87069dfb0f24b2ebffffffffffff	0x2977b140d6e86fcdef2143485f32f0fa3b0e7d5ba3b46865a6370730d3d23631	0
COEFFICIENT	pp_replay_inverse_ordinary	13510186	0x795285ceb018d1a5a7c68780351efec4af482d994330d6f616f04a4246539663
TRACE	pp_replay_inverse_ordinary	13516247	0x278a160eae76f1cf5bd3890be7c0b626473c87069dfb0f24b2ebffffffffffff	0xd99cdcb2fdb80df6367bff108946e32fc6d4cd1e0437f9d5357dc41e6150d22e	0
COEFFICIENT	pp_replay_inverse_ordinary	13516247	0x795285ceb018d1a5a7c68780351efec4af482d994330d6f616f04a4246539663
TRACE	pp_replay_inverse_ordinary	13522308	0x278a160eae76f1cf5bd3890be7c0b626473c87069dfb0f24b2ebffffffffffff	0xd99cdcb2fdb80df6367bff108946e32fc6d4cd1e0437f9d5357dc41e6150d22e	0
COEFFICIENT	pp_replay_inverse_ordinary	13522308	0xcc41e8505de9b14186090e10f384e0b9256528508a99a7c1635e58a3edf802c5
TRACE	pp_replay_inverse_ordinary	13528369	0x278a160eae76f1cf5bd3890be7c0b626473c87069dfb0f24b2ebffffffffffff	0xe6f7d1159d866aaae6eef0101f08e5a6684471eb7dd64be9079d2f98d4a9a197	0
COEFFICIENT	pp_replay_inverse_ordinary	13528369	0xcc41e8505de9b14186090e10f384e0b9256528508a99a7c1635e58a3edf802c5
TRACE	pp_replay_inverse_ordinary	13534430	0x278a160eae76f1cf5bd3890be7c0b626473c87069dfb0f24b2ebffffffffffff	0xe6f7d1159d866aaae6eef0101f08e5a6684471eb7dd64be9079d2f98d4a9a197	0
COEFFICIENT	pp_replay_inverse_ordinary	13534430	0x7f7ba1b65959cd2df3010c320612a718b30ec28c93099b6bce59e0e2b099aec3
TRACE	pp_replay_inverse_ordinary	13540491	0x278a160eae76f1cf5bd3890be7c0b626473c87069dfb0f24b2ebffffffffffff	0x4d6b43e19466a283c0deec52442472658397a6638eb6333ddd94401659ecf993	0
COEFFICIENT	pp_replay_inverse_ordinary	13540491	0x7f7ba1b65959cd2df3010c320612a718b30ec28c93099b6bce59e0e2b099aec3
TRACE	pp_replay_inverse_ordinary	13546552	0x278a160eae76f1cf5bd3890be7c0b626473c87069dfb0f24b2ebffffffffffff	0x4d6b43e19466a283c0deec52442472658397a6638eb6333ddd94401659ecf993	0
COEFFICIENT	pp_replay_inverse_ordinary	13546552	0xb18bff8b1e4cf7d825232c11c800dbcbe285deb5975d0399bf1f81af074663f3
TRACE	pp_replay_inverse_ordinary	13552613	0x278a160eae76f1cf5bd3890be7c0b626473c87069dfb0f24b2ebffffffffffff	0x4c62874e471a3cdfa6e104b65049c096e9b52b7cb4c96a157a4801dcbb205aea	0
COEFFICIENT	pp_replay_inverse_ordinary	13552613	0xb18bff8b1e4cf7d825232c11c800dbcbe285deb5975d0399bf1f81af074663f3
TRACE	pp_replay_inverse_ordinary	13558674	0x278a160eae76f1cf5bd3890be7c0b626473c87069dfb0f24b2ebffffffffffff	0x4c62874e471a3cdfa6e104b65049c096e9b52b7cb4c96a157a4801dcbb205aea	0
COEFFICIENT	pp_replay_inverse_ordinary	13558674	0x16b577c7f57fb2d0a365536d3fb7f700db5691ee79f09d1e03f70182536c70cd
TRACE	pp_replay_inverse_ordinary	13564735	0x278a160eae76f1cf5bd3890be7c0b626473c87069dfb0f24b2ebffffffffffff	0xaf7a866483b42c8ff1275cd9e04b782eaec0e8e7e3837148f887053bc9ad26a1	0
COEFFICIENT	pp_replay_inverse_ordinary	13564735	0x16b577c7f57fb2d0a365536d3fb7f700db5691ee79f09d1e03f70182536c70cd
TRACE	pp_replay_inverse_ordinary	13570796	0x278a160eae76f1cf5bd3890be7c0b626473c87069dfb0f24b2ebffffffffffff	0xaf7a866483b42c8ff1275cd9e04b782eaec0e8e7e3837148f887053bc9ad26a1	0
COEFFICIENT	pp_replay_inverse_ordinary	13570796	0x7df0692b674b391155a34a009f2475d307ec3af5105dc8f30f66fdc7dd2bb728
TRACE	pp_replay_inverse_ordinary	13576857	0x278a160eae76f1cf5bd3890be7c0b626473c87069dfb0f24b2ebffffffffffff	0xdce575f46eb3923137f203b45fbb6630656e0cc4d764ab85007508407086083b	0
COEFFICIENT	pp_replay_inverse_ordinary	13576857	0x7df0692b674b391155a34a009f2475d307ec3af5105dc8f30f66fdc7dd2bb728
TRACE	pp_replay_inverse_ordinary	13582918	0x278a160eae76f1cf5bd3890be7c0b626473c87069dfb0f24b2ebffffffffffff	0xdce575f46eb3923137f203b45fbb6630656e0cc4d764ab85007508407086083b	0
COEFFICIENT	pp_replay_inverse_ordinary	13582918	0xd8c6484b3d4a0453e33897b59e0451d6754682aef8203d6b1f4303d12add7a5c
TRACE	pp_replay_inverse_ordinary	13588979	0x278a160eae76f1cf5bd3890be7c0b626473c87069dfb0f24b2ebffffffffffff	0x929134341ab128b6531c9f1e5d7b1e3740229c38a6e99475202d14540be99274	0
COEFFICIENT	pp_replay_inverse_ordinary	13588979	0xd8c6484b3d4a0453e33897b59e0451d6754682aef8203d6b1f4303d12add7a5c
TRACE	pp_replay_inverse_ordinary	13595040	0x278a160eae76f1cf5bd3890be7c0b626473c87069dfb0f24b2ebffffffffffff	0x929134341ab128b6531c9f1e5d7b1e3740229c38a6e99475202d14540be99274	0
COEFFICIENT	pp_replay_inverse_ordinary	13595040	0x1efb5c625fe2dff17354904cde8d8575aa6a69254956e6611e58f34f49d16615
TRACE	pp_replay_inverse_ordinary	13601101	0x278a160eae76f1cf5bd3890be7c0b626473c87069dfb0f24b2ebffffffffffff	0x441dc4ca9545315e198dce899983c1e42aafa196972a0f4b5eb31bf861a48ece	0
COEFFICIENT	pp_replay_inverse_ordinary	13601101	0x1efb5c625fe2dff17354904cde8d8575aa6a69254956e6611e58f34f49d16615
TRACE	pp_replay_inverse_ordinary	13607162	0x278a160eae76f1cf5bd3890be7c0b626473c87069dfb0f24b2ebffffffffffff	0x441dc4ca9545315e198dce899983c1e42aafa196972a0f4b5eb31bf861a48ece	0
COEFFICIENT	pp_replay_inverse_ordinary	13607162	0xf9d8f3fa2a808e84cd1b5210239749072a2530b3fb83bd76ddfecaa531fe398b
TRACE	pp_replay_inverse_ordinary	13613223	0x278a160eae76f1cf5bd3890be7c0b626473c87069dfb0f24b2ebffffffffffff	0x82147d8f550af1410036ef23569ecccf7f8473e129d7dc0d9b650296f5475af8	0
COEFFICIENT	pp_replay_inverse_ordinary	13613223	0xf9d8f3fa2a808e84cd1b5210239749072a2530b3fb83bd76ddfecaa531fe398b
TRACE	pp_replay_inverse_ordinary	13619284	0x278a160eae76f1cf5bd3890be7c0b626473c87069dfb0f24b2ebffffffffffff	0x82147d8f550af1410036ef23569ecccf7f8473e129d7dc0d9b650296f5475af8	0
COEFFICIENT	pp_replay_inverse_ordinary	13619284	0x75c66583aa0c0e4a9a6d93439dcd5eddd3ced54920df56fb576297e35943d5b0
TRACE	pp_replay_inverse_ordinary	13625345	0x278a160eae76f1cf5bd3890be7c0b626473c87069dfb0f24b2ebffffffffffff	0x79ef60a25421f0cc9adb718a4b0af87cd2d7bd0b748f0f168e2c9d1243d28f71	0
COEFFICIENT	pp_replay_inverse_ordinary	13625345	0x75c66583aa0c0e4a9a6d93439dcd5eddd3ced54920df56fb576297e35943d5b0
TRACE	pp_replay_inverse_ordinary	13631406	0x278a160eae76f1cf5bd3890be7c0b626473c87069dfb0f24b2ebffffffffffff	0x79ef60a25421f0cc9adb718a4b0af87cd2d7bd0b748f0f168e2c9d1243d28f71	0
COEFFICIENT	pp_replay_inverse_ordinary	13631406	0x657c2ba9a83a0d61cfb6981186a5b6387a75679db64dbd0d3cf1ccd9f65a3ea2
TRACE	pp_replay_inverse_ordinary	13637467	0x278a160eae76f1cf5bd3890be7c0b626473c87069dfb0f24b2ebffffffffffff	0x8e62959b0009d43766004b030f703ac12b3a127932d0611fdf676d4a914ae040	0
COEFFICIENT	pp_replay_inverse_ordinary	13637467	0x657c2ba9a83a0d61cfb6981186a5b6387a75679db64dbd0d3cf1ccd9f65a3ea2
TRACE	pp_replay_inverse_ordinary	13643528	0x278a160eae76f1cf5bd3890be7c0b626473c87069dfb0f24b2ebffffffffffff	0x8e62959b0009d43766004b030f703ac12b3a127932d0611fdf676d4a914ae040	0
COEFFICIENT	pp_replay_inverse_ordinary	13643528	0x3c95c1b8506a468c396ce51ffddb31afc9b0bcc239cb18fa9a7c2c695b699d04
TRACE	pp_replay_inverse_ordinary	13649589	0x278a160eae76f1cf5bd3890be7c0b626473c87069dfb0f24b2ebffffffffffff	0x595aecee507deefb056d7b261cbba7322024e1b49f6bdb3a594b06ff7dff6155	0
COEFFICIENT	pp_replay_inverse_ordinary	13649589	0x3c95c1b8506a468c396ce51ffddb31afc9b0bcc239cb18fa9a7c2c695b699d04
TRACE	pp_replay_inverse_ordinary	13655650	0x278a160eae76f1cf5bd3890be7c0b626473c87069dfb0f24b2ebffffffffffff	0x595aecee507deefb056d7b261cbba7322024e1b49f6bdb3a594b06ff7dff6155	0
COEFFICIENT	pp_replay_inverse_ordinary	13655650	0x1fd0968250569e1d6d6c4f19defabc2d733c97cfd42a56badbad51d338d3d8b3
TRACE	pp_replay_inverse_ordinary	13661711	0x278a160eae76f1cf5bd3890be7c0b626473c87069dfb0f24b2ebffffffffffff	0x92e5435a50a53fd89d6ea7325a7c9236cd0d2b996aad5fb9d6e8bc2bc32ae9f7	0
COEFFICIENT	pp_replay_inverse_ordinary	13661711	0x1fd0968250569e1d6d6c4f19defabc2d733c97cfd42a56badbad51d338d3d8b3
TRACE	pp_replay_inverse_ordinary	13667772	0x278a160eae76f1cf5bd3890be7c0b626473c87069dfb0f24b2ebffffffffffff	0x92e5435a50a53fd89d6ea7325a7c9236cd0d2b996aad5fb9d6e8bc2bc32ae9f7	0
COEFFICIENT	pp_replay_inverse_ordinary	13667772	0xd286705ef1527c137847456618720a91b3865b3913020d2f8e435fd234d29b5d
TRACE	pp_replay_inverse_ordinary	13673833	0x278a160eae76f1cf5bd3890be7c0b626473c87069dfb0f24b2ebffffffffffff	0xf850f713929cfbc4b32493cacd6b2eff4da0b26be85ccca33c14d82abb28731c	0
COEFFICIENT	pp_replay_inverse_ordinary	13673833	0xd286705ef1527c137847456618720a91b3865b3913020d2f8e435fd234d29b5d
TRACE	pp_replay_inverse_ordinary	13679894	0x278a160eae76f1cf5bd3890be7c0b626473c87069dfb0f24b2ebffffffffffff	0xf850f713929cfbc4b32493cacd6b2eff4da0b26be85ccca33c14d82abb28731c	0
COEFFICIENT	pp_replay_inverse_ordinary	13679894	0xacbbe9aa5007fc623d69f7016378e624196c04063da74dbbe071e779ae7cc39e
TRACE	pp_replay_inverse_ordinary	13685955	0x278a160eae76f1cf5bd3890be7c0b626473c87069dfb0f24b2ebffffffffffff	0x43e6047cd531fb2728df3094375d77da81d560d193124b8a97b7c8dcc7d4266b	0
COEFFICIENT	pp_replay_inverse_ordinary	13685955	0xacbbe9aa5007fc623d69f7016378e624196c04063da74dbbe071e779ae7cc39e
TRACE	pp_replay_inverse_ordinary	13692016	0x278a160eae76f1cf5bd3890be7c0b626473c87069dfb0f24b2ebffffffffffff	0x43e6047cd531fb2728df3094375d77da81d560d193124b8a97b7c8dcc7d4266b	0
COEFFICIENT	pp_replay_inverse_ordinary	13692016	0x1591ced7caddfd9d51f4bd6e8f94546db102a73ae83c4fed292c0617952564a2
TRACE	pp_replay_inverse_ordinary	13698077	0x278a160eae76f1cf5bd3890be7c0b626473c87069dfb0f24b2ebffffffffffff	0x723a3a21df85f8b0ffc9a3b9df269b4752a81a683de8472806438ba1fa82e834	0
COEFFICIENT	pp_replay_inverse_ordinary	13698077	0x1591ced7caddfd9d51f4bd6e8f94546db102a73ae83c4fed292c0617952564a2
TRACE	pp_replay_inverse_ordinary	13704138	0x278a160eae76f1cf5bd3890be7c0b626473c87069dfb0f24b2ebffffffffffff	0x723a3a21df85f8b0ffc9a3b9df269b4752a81a683de8472806438ba1fa82e834	0
COEFFICIENT	pp_replay_inverse_ordinary	13704138	0xb8e9638db6360289a41fd72340020d940f5d340d929058b24c14808c2fc7dd3f
TRACE	pp_replay_inverse_ordinary	13710199	0x278a160eae76f1cf5bd3890be7c0b626473c87069dfb0f24b2ebffffffffffff	0x2b8b10b608d5eed85b7370507e4b28fa95f300c2e940359dc07296b7c53df329	0
COEFFICIENT	pp_replay_inverse_ordinary	13710199	0xb8e9638db6360289a41fd72340020d940f5d340d929058b24c14808c2fc7dd3f
TRACE	pp_replay_inverse_ordinary	13716260	0x278a160eae76f1cf5bd3890be7c0b626473c87069dfb0f24b2ebffffffffffff	0x2b8b10b608d5eed85b7370507e4b28fa95f300c2e940359dc07296b7c53df329	0
COEFFICIENT	pp_replay_inverse_ordinary	13716260	0x4647b6656396163aeccc3df601b8f22d88c767583be07bc6d7b66a619a51cb26
TRACE	pp_replay_inverse_ordinary	13722321	0x278a160eae76f1cf5bd3890be7c0b626473c87069dfb0f24b2ebffffffffffff	0x9d5dd7d17541f3eba3b31e96fe4f4422b4ad68de0e60e702589b97d124cdb178	0
COEFFICIENT	pp_replay_inverse_ordinary	13722321	0x4647b6656396163aeccc3df601b8f22d88c767583be07bc6d7b66a619a51cb26
TRACE	pp_replay_inverse_ordinary	13728382	0x278a160eae76f1cf5bd3890be7c0b626473c87069dfb0f24b2ebffffffffffff	0x9d5dd7d17541f3eba3b31e96fe4f4422b4ad68de0e60e702589b97d124cdb178	0
COEFFICIENT	pp_replay_inverse_ordinary	13728382	0xef3194f951ea388a35e55d550522a0385ce165d26960108b56d13cf10fd5e103
TRACE	pp_replay_inverse_ordinary	13734443	0x278a160eae76f1cf5bd3890be7c0b626473c87069dfb0f24b2ebffffffffffff	0x29ed449c3c6e20617d4b9a8301c1287dc63c378e8621de9008086c9559714b95	0
COEFFICIENT	pp_replay_inverse_ordinary	13734443	0xef3194f951ea388a35e55d550522a0385ce165d26960108b56d13cf10fd5e103
TRACE	pp_replay_inverse_ordinary	13740504	0x278a160eae76f1cf5bd3890be7c0b626473c87069dfb0f24b2ebffffffffffff	0x29ed449c3c6e20617d4b9a8301c1287dc63c378e8621de9008086c9559714b95	0
COEFFICIENT	pp_replay_inverse_ordinary	13740504	0x8506e8ee0429175e916552d0c0668ee7fff033358e1ffa6b5aae679791d153d
TRACE	pp_replay_inverse_ordinary	13746565	0x278a160eae76f1cf5bd3890be7c0b626473c87069dfb0f24b2ebffffffffffff	0x4b8a1aa99899af4d1180dfd8f77be80d0c796be9b361bd795a65f2b139c581ed	0
COEFFICIENT	pp_replay_inverse_ordinary	13746565	0x8506e8ee0429175e916552d0c0668ee7fff033358e1ffa6b5aae679791d153d
TRACE	pp_replay_inverse_ordinary	13752626	0x278a160eae76f1cf5bd3890be7c0b626473c87069dfb0f24b2ebffffffffffff	0x4b8a1aa99899af4d1180dfd8f77be80d0c796be9b361bd795a65f2b139c581ed	0
COEFFICIENT	pp_replay_inverse_ordinary	13752626	0xc516c27427eb739ec0abca812090e9cff3849a7cfe6241d410efda40b874a4bc
TRACE	pp_replay_inverse_ordinary	13758687	0x278a160eae76f1cf5bd3890be7c0b626473c87069dfb0f24b2ebffffffffffff	0xd1fd72df0947eafb6255f530ce66e64a256e3d566861391ea3dc0b20bb165b4d	0
COEFFICIENT	pp_replay_inverse_ordinary	13758687	0xc516c27427eb739ec0abca812090e9cff3849a7cfe6241d410efda40b874a4bc
TRACE	pp_replay_inverse_ordinary	13764748	0x278a160eae76f1cf5bd3890be7c0b626473c87069dfb0f24b2ebffffffffffff	0xd1fd72df0947eafb6255f530ce66e64a256e3d566861391ea3dc0b20bb165b4d	0
COEFFICIENT	pp_replay_inverse_ordinary	13764748	0xb8301209468efc421f019fd172baed55c19af7a394634a897e03a960b5d2ee2b
TRACE	pp_replay_inverse_ordinary	13770809	0x278a160eae76f1cf5bd3890be7c0b626473c87069dfb0f24b2ebffffffffffff	0xebcad3b4cc00d9b4a5aa4a902a12df3e894183093c5f27b3c9b46ce0c059c86f	0
COEFFICIENT	pp_replay_inverse_ordinary	13770809	0xb8301209468efc421f019fd172baed55c19af7a394634a897e03a960b5d2ee2b
TRACE	pp_replay_inverse_ordinary	13776870	0x278a160eae76f1cf5bd3890be7c0b626473c87069dfb0f24b2ebffffffffffff	0xebcad3b4cc00d9b4a5aa4a902a12df3e894183093c5f27b3c9b46ce0c059c86f	0
COEFFICIENT	pp_replay_inverse_ordinary	13776870	0x8495505dc11d1ecf9858f512bb62fb6cf9f46c3dec676d5f3252e5e0ab4c13e7
TRACE	pp_replay_inverse_ordinary	13782931	0x278a160eae76f1cf5bd3890be7c0b626473c87069dfb0f24b2ebffffffffffff	0x5300570bd6e49499b2fba00d98c2c310188e99d48c56e2086115f3e1d56780c8	0
COEFFICIENT	pp_replay_inverse_ordinary	13782931	0x8495505dc11d1ecf9858f512bb62fb6cf9f46c3dec676d5f3252e5e0ab4c13e7
TRACE	pp_replay_inverse_ordinary	13788992	0x278a160eae76f1cf5bd3890be7c0b626473c87069dfb0f24b2ebffffffffffff	0x5300570bd6e49499b2fba00d98c2c310188e99d48c56e2086115f3e1d56780c8	0
COEFFICIENT	pp_replay_inverse_ordinary	13788992	0x5c2af7c7591ed238e3ad8a330f88b9ea0c7772506525bcc6c5bbbfa42bffac67
TRACE	pp_replay_inverse_ordinary	13795053	0x278a160eae76f1cf5bd3890be7c0b626473c87069dfb0f24b2ebffffffffffff	0x49d5b65054aa56fa8249b5e821fccc3624a5c158b3880749fc70281f7ecf5529	0
COEFFICIENT	pp_replay_inverse_ordinary	13795053	0x5c2af7c7591ed238e3ad8a330f88b9ea0c7772506525bcc6c5bbbfa42bffac67
TRACE	pp_replay_inverse_ordinary	13801114	0x278a160eae76f1cf5bd3890be7c0b626473c87069dfb0f24b2ebffffffffffff	0x49d5b65054aa56fa8249b5e821fccc3624a5c158b3880749fc70281f7ecf5529	0
COEFFICIENT	pp_replay_inverse_ordinary	13801114	0x6e80393e5d934d7745115e7dfd14a79df449234816c372438f075728d93003a5
TRACE	pp_replay_inverse_ordinary	13807175	0x278a160eae76f1cf5bd3890be7c0b626473c87069dfb0f24b2ebffffffffffff	0x252b33624bc1607dbf820d5246e4f0ce55025f69504c9c5069d8f916246ea6ad	0
COEFFICIENT	pp_replay_inverse_ordinary	13807175	0x6e80393e5d934d7745115e7dfd14a79df449234816c372438f075728d93003a5
TRACE	pp_replay_inverse_ordinary	13813236	0x278a160eae76f1cf5bd3890be7c0b626473c87069dfb0f24b2ebffffffffffff	0x252b33624bc1607dbf820d5246e4f0ce55025f69504c9c5069d8f916246ea6ad	0
COEFFICIENT	pp_replay_inverse_ordinary	13813236	0x22ba5df06e7fb6c49a4ca4e410e400a3d94a5f97dd380d787e7a768d6ceb1c8
TRACE	pp_replay_inverse_ordinary	13819297	0x278a160eae76f1cf5bd3890be7c0b626473c87069dfb0f24b2ebffffffffffff	0x482ac0e5909ac58f355f50564cbba1926c7018d922c5b7c94bca4ac3720e9b92	0
COEFFICIENT	pp_replay_inverse_ordinary	13819297	0x22ba5df06e7fb6c49a4ca4e410e400a3d94a5f97dd380d787e7a768d6ceb1c8
TRACE	pp_replay_inverse_ordinary	13825358	0x278a160eae76f1cf5bd3890be7c0b626473c87069dfb0f24b2ebffffffffffff	0x482ac0e5909ac58f355f50564cbba1926c7018d922c5b7c94bca4ac3720e9b92	0
COEFFICIENT	pp_replay_inverse_ordinary	13825358	0xbc2c8ad87d3531495dea44463560de820eb93319d8e149e5c405040d3b8ec42d
TRACE	pp_replay_inverse_ordinary	13831419	0x278a160eae76f1cf5bd3890be7c0b626473c87069dfb0f24b2ebffffffffffff	0xd428f6f2a40059d50cd45c66641664a2ca26fe986caa25acd38f9178a88e6f26	0
COEFFICIENT	pp_replay_inverse_ordinary	13831419	0xbc2c8ad87d3531495dea44463560de820eb93319d8e149e5c405040d3b8ec42d
TRACE	pp_replay_inverse_ordinary	13837480	0x278a160eae76f1cf5bd3890be7c0b626473c87069dfb0f24b2ebffffffffffff	0xd428f6f2a40059d50cd45c66641664a2ca26fe986caa25acd38f9178a88e6f26	0
COEFFICIENT	pp_replay_inverse_ordinary	13837480	0xa4301ebe566a08bdaf002c2606ab5861534b679b45186e1eb47a76a1ce8f1934
TRACE	pp_replay_inverse_ordinary	13843541	0x278a160eae76f1cf5bd3890be7c0b626473c87069dfb0f24b2ebffffffffffff	0x4c820ca39e6abc67c8a8e4f2ced821a6e79964cc1e6cb9785b9999951fabff22	0
COEFFICIENT	pp_replay_inverse_ordinary	13843541	0xa4301ebe566a08bdaf002c2606ab5861534b679b45186e1eb47a76a1ce8f1934
TRACE	pp_replay_inverse_ordinary	13849602	0x278a160eae76f1cf5bd3890be7c0b626473c87069dfb0f24b2ebffffffffffff	0x4c820ca39e6abc67c8a8e4f2ced821a6e79964cc1e6cb9785b9999951fabff22	0
COEFFICIENT	pp_replay_inverse_ordinary	13849602	0x94e24a204b3ecde326a93d3edc2ed2698e303402a89d95b5c48e86d9bcca355b
TRACE	pp_replay_inverse_ordinary	13855663	0x278a160eae76f1cf5bd3890be7c0b626473c87069dfb0f24b2ebffffffffffff	0x421cf26f196aaec6aa88ca6c18170e441029595943bdd3af2a4ac50828dc8e9	0
COEFFICIENT	pp_replay_inverse_ordinary	13855663	0x94e24a204b3ecde326a93d3edc2ed2698e303402a89d95b5c48e86d9bcca355b
TRACE	pp_replay_inverse_ordinary	13861724	0x278a160eae76f1cf5bd3890be7c0b626473c87069dfb0f24b2ebffffffffffff	0x421cf26f196aaec6aa88ca6c18170e441029595943bdd3af2a4ac50828dc8e9	0
COEFFICIENT	pp_replay_inverse_ordinary	13861724	0x2de66367881446b2b7fb072479df15b75d62fd9ae57708a67bc1ba04fc223770
TRACE	pp_replay_inverse_ordinary	13867785	0x278a160eae76f1cf5bd3890be7c0b626473c87069dfb0f24b2ebffffffffffff	0xda5d3ae65b190f261d5612290923cc1124a22d904300b1cf69879e9b08f95691	0
COEFFICIENT	pp_replay_inverse_ordinary	13867785	0x2de66367881446b2b7fb072479df15b75d62fd9ae57708a67bc1ba04fc223770
TRACE	pp_replay_inverse_ordinary	13873846	0x278a160eae76f1cf5bd3890be7c0b626473c87069dfb0f24b2ebffffffffffff	0xda5d3ae65b190f261d5612290923cc1124a22d904300b1cf69879e9b08f95691	0
COEFFICIENT	pp_replay_inverse_ordinary	13873846	0x362a01b56b419c8b8d4c2071fce1f77fdf6828c60deec31c610b12a6013dc942
TRACE	pp_replay_inverse_ordinary	13879907	0x278a160eae76f1cf5bd3890be7c0b626473c87069dfb0f24b2ebffffffffffff	0xeae477822173bad7c7f844c40f298fa228ac83e693f026bb341a4fdd13307a35	0
COEFFICIENT	pp_replay_inverse_ordinary	13879907	0x362a01b56b419c8b8d4c2071fce1f77fdf6828c60deec31c610b12a6013dc942
TRACE	pp_replay_inverse_ordinary	13885968	0x278a160eae76f1cf5bd3890be7c0b626473c87069dfb0f24b2ebffffffffffff	0xeae477822173bad7c7f844c40f298fa228ac83e693f026bb341a4fdd13307a35	0
COEFFICIENT	pp_replay_inverse_ordinary	13885968	0x57387aecf7f6f3eee29085a808ed7ea1e77cd572afcdacf3f630752a15ac108a
TRACE	pp_replay_inverse_ordinary	13892029	0x278a160eae76f1cf5bd3890be7c0b626473c87069dfb0f24b2ebffffffffffff	0x2d0169f13ade699e72810f3027409de638d5dd3fd7adfa6a5e6514e63c0d0c96	0
COEFFICIENT	pp_replay_inverse_ordinary	13892029	0x57387aecf7f6f3eee29085a808ed7ea1e77cd572afcdacf3f630752a15ac108a
TRACE	pp_replay_inverse_ordinary	13898090	0x278a160eae76f1cf5bd3890be7c0b626473c87069dfb0f24b2ebffffffffffff	0x2d0169f13ade699e72810f3027409de638d5dd3fd7adfa6a5e6514e63c0d0c96	0
COEFFICIENT	pp_replay_inverse_ordinary	13898090	0x816f8be8b50f7e3f529ffc1fea9a5f5d9623cda587ed5f7d8dfbd56def4b147e
TRACE	pp_replay_inverse_ordinary	13904151	0x278a160eae76f1cf5bd3890be7c0b626473c87069dfb0f24b2ebffffffffffff	0xd89347f9c0ad54fd9262224063e6dc6edb87ecda276e95572ece545d88cf00dd	0
COEFFICIENT	pp_replay_inverse_ordinary	13904151	0x816f8be8b50f7e3f529ffc1fea9a5f5d9623cda587ed5f7d8dfbd56def4b147e
TRACE	pp_replay_inverse_ordinary	13910212	0x278a160eae76f1cf5bd3890be7c0b626473c87069dfb0f24b2ebffffffffffff	0xd89347f9c0ad54fd9262224063e6dc6edb87ecda276e95572ece545d88cf00dd	0
COEFFICIENT	pp_replay_inverse_ordinary	13910212	0xdb725fcb2acc517c37a21a80391b9b2a07cf8825374954524ac5ff3a67652daa
TRACE	pp_replay_inverse_ordinary	13916273	0x278a160eae76f1cf5bd3890be7c0b626473c87069dfb0f24b2ebffffffffffff	0x8c98efbeac26fb775c665f0100e95407bedf61d986267f00a862a7f779033706	0
COEFFICIENT	pp_replay_inverse_ordinary	13916273	0xdb725fcb2acc517c37a21a80391b9b2a07cf8825374954524ac5ff3a67652daa
TRACE	pp_replay_inverse_ordinary	13922334	0x278a160eae76f1cf5bd3890be7c0b626473c87069dfb0f24b2ebffffffffffff	0x8c98efbeac26fb775c665f0100e95407bedf61d986267f00a862a7f779033706	0
COEFFICIENT	pp_replay_inverse_ordinary	13922334	0x2a4bcfd7a971a78112ddd5ff714de24c50bfae70e86c29a3ed29567e55c7281f
TRACE	pp_replay_inverse_ordinary	13928395	0x278a160eae76f1cf5bd3890be7c0b626473c87069dfb0f24b2ebffffffffffff	0x437daf5501bf9e6fcbaa940173208a5bce7e7223f4b927a53deea66e47cd99fc	0
COEFFICIENT	pp_replay_inverse_ordinary	13928395	0x2a4bcfd7a971a78112ddd5ff714de24c50bfae70e86c29a3ed29567e55c7281f
TRACE	pp_replay_inverse_ordinary	13934456	0x278a160eae76f1cf5bd3890be7c0b626473c87069dfb0f24b2ebffffffffffff	0x437daf5501bf9e6fcbaa940173208a5bce7e7223f4b927a53deea66e47cd99fc	0
COEFFICIENT	pp_replay_inverse_ordinary	13934456	0x1119f05a5123b0925a1117fd6f7b3a3cd300eabddc1f2ba29c64068e63c0b642
TRACE	pp_replay_inverse_ordinary	13940517	0x278a160eae76f1cf5bd3890be7c0b626473c87069dfb0f24b2ebffffffffffff	0x98154f0454a2ed71f166400055bc4ef46ffdcf05c5917aed1841536af35bea3a	0
COEFFICIENT	pp_replay_inverse_ordinary	13940517	0x1119f05a5123b0925a1117fd6f7b3a3cd300eabddc1f2ba29c64068e63c0b642
TRACE	pp_replay_inverse_ordinary	13946578	0x278a160eae76f1cf5bd3890be7c0b626473c87069dfb0f24b2ebffffffffffff	0x98154f0454a2ed71f166400055bc4ef46ffdcf05c5917aed1841536af35bea3a	0
COEFFICIENT	pp_replay_inverse_ordinary	13946578	0xba492fb8f6ea4e96a5886ffb34b2c36e15ffa4817dcfd23251096087badd56be
TRACE	pp_replay_inverse_ordinary	13952639	0x278a160eae76f1cf5bd3890be7c0b626473c87069dfb0f24b2ebffffffffffff	0x75e16e4fb25b8c4d3d44100576c5da7ac9fbf98a0d5323a7df79464e2bda7db6	0
COEFFICIENT	pp_replay_inverse_ordinary	13952639	0xba492fb8f6ea4e96a5886ffb34b2c36e15ffa4817dcfd23251096087badd56be
TRACE	pp_replay_inverse_ordinary	13958700	0x278a160eae76f1cf5bd3890be7c0b626473c87069dfb0f24b2ebffffffffffff	0x75e16e4fb25b8c4d3d44100576c5da7ac9fbf98a0d5323a7df79464e2bda7db6	0
COEFFICIENT	pp_replay_inverse_ordinary	13958700	0xea73cdc1a030297a8854effbe02b6156f5fb428d08f2c80c818c075ea1952f03
TRACE	pp_replay_inverse_ordinary	13964761	0x278a160eae76f1cf5bd3890be7c0b626473c87069dfb0f24b2ebffffffffffff	0xd636aa6104e7421502dd1006cdb7164c89f335a123990f5c407e93fbf94a2e40	0
COEFFICIENT	pp_replay_inverse_ordinary	13964761	0xea73cdc1a030297a8854effbe02b6156f5fb428d08f2c80c818c075ea1952f03
TRACE	pp_replay_inverse_ordinary	13970822	0x278a160eae76f1cf5bd3890be7c0b626473c87069dfb0f24b2ebffffffffffff	0xd636aa6104e7421502dd1006cdb7164c89f335a123990f5c407e93fbf94a2e40	0
COEFFICIENT	pp_replay_inverse_ordinary	13970822	0xfeb0f1223b7910e00dcccff0f29fac6162034f78ee4c80bcc2997ac149e02fc6
TRACE	pp_replay_inverse_ordinary	13976883	0x278a160eae76f1cf5bd3890be7c0b626473c87069dfb0f24b2ebffffffffffff	0xab1e45e44547950a1386effe8e0dd8fa75e9babb357e9f754396a2bb3c7493e8	0
COEFFICIENT	pp_replay_inverse_ordinary	13976883	0xfeb0f1223b7910e00dcccff0f29fac6162034f78ee4c80bcc2997ac149e02fc6
TRACE	pp_replay_inverse_ordinary	13982944	0x278a160eae76f1cf5bd3890be7c0b626473c87069dfb0f24b2ebffffffffffff	0xab1e45e44547950a1386effe8e0dd8fa75e9babb357e9f754396a2bb3c7493e8	0
COEFFICIENT	pp_replay_inverse_ordinary	13982944	0xa8802828bc39b6ca2f208fe0734d31bd39f059ad1217a0eec8c9983fd034fb16
TRACE	pp_replay_inverse_ordinary	13989005	0x278a160eae76f1cf5bd3890be7c0b626473c87069dfb0f24b2ebffffffffffff	0xfebcb3f146c8e0de562e6fdd8f68e3b225c3cf237d14dfd94ff6ddb7491e26b7	0
COEFFICIENT	pp_replay_inverse_ordinary	13989005	0xa8802828bc39b6ca2f208fe0734d31bd39f059ad1217a0eec8c9983fd034fb16
TRACE	pp_replay_inverse_ordinary	13995066	0x278a160eae76f1cf5bd3890be7c0b626473c87069dfb0f24b2ebffffffffffff	0xfebcb3f146c8e0de562e6fdd8f68e3b225c3cf237d14dfd94ff6ddb7491e26b7	0
COEFFICIENT	pp_replay_inverse_ordinary	13995066	0x52439c6031aa8cb60812afe357317fc84e1ce436a71a6204419c52c8574bcf75
TRACE	pp_replay_inverse_ordinary	14001127	0x278a160eae76f1cf5bd3890be7c0b626473c87069dfb0f24b2ebffffffffffff	0xab35cb825be73506a44a2fd7c7a0479bfd6aba10530f5dae5e5168a73af081ca	0
COEFFICIENT	pp_replay_inverse_ordinary	14001127	0x52439c6031aa8cb60812afe357317fc84e1ce436a71a6204419c52c8574bcf75
TRACE	pp_replay_inverse_ordinary	14007188	0x278a160eae76f1cf5bd3890be7c0b626473c87069dfb0f24b2ebffffffffffff	0xab35cb825be73506a44a2fd7c7a0479bfd6aba10530f5dae5e5168a73af081ca	0
COEFFICIENT	pp_replay_inverse_ordinary	14007188	0xf9516d3e076de4656bdb2feee6c2b7f49ecf0e5cfb25665a24e73ce873a7194f
TRACE	pp_replay_inverse_ordinary	14013249	0x278a160eae76f1cf5bd3890be7c0b626473c87069dfb0f24b2ebffffffffffff	0x5d1a29c6b06085a7dcb92fc0a87dd7435c0665c3aaf9550297bb94660239ea45	0
COEFFICIENT	pp_replay_inverse_ordinary	14013249	0xf9516d3e076de4656bdb2feee6c2b7f49ecf0e5cfb25665a24e73ce873a7194f
TRACE	pp_replay_inverse_ordinary	14019310	0x278a160eae76f1cf5bd3890be7c0b626473c87069dfb0f24b2ebffffffffffff	0x5d1a29c6b06085a7dcb92fc0a87dd7435c0665c3aaf9550297bb94660239ea45	0
COEFFICIENT	pp_replay_inverse_ordinary	14019310	0x4fbd0442bf3c4e72b46f8f9e7603472c99a4827da14421b6e18a0e38e9882485
TRACE	pp_replay_inverse_ordinary	14025371	0x278a160eae76f1cf5bd3890be7c0b626473c87069dfb0f24b2ebffffffffffff	0x6a774f4aa184bcdd0502cfe2daf8675a1e684909b4ae884e4ded1a931aebb005	0
COEFFICIENT	pp_replay_inverse_ordinary	14025371	0x4fbd0442bf3c4e72b46f8f9e7603472c99a4827da14421b6e18a0e38e9882485
TRACE	pp_replay_inverse_ordinary	14031432	0x278a160eae76f1cf5bd3890be7c0b626473c87069dfb0f24b2ebffffffffffff	0x6a774f4aa184bcdd0502cfe2daf8675a1e684909b4ae884e4ded1a931aebb005	0
COEFFICIENT	pp_replay_inverse_ordinary	14031432	0x3502b93adcf3e00863dc4f5a110e26ff14e0bbf18dd9bb1f752701deb8249905
TRACE	pp_replay_inverse_ordinary	14037493	0x278a160eae76f1cf5bd3890be7c0b626473c87069dfb0f24b2ebffffffffffff	0x9f157d01ffd59c26de1ef1fc6fef5b351b14e04f736cbbc11013705edfbfce0	0
COEFFICIENT	pp_replay_inverse_ordinary	14037493	0x3502b93adcf3e00863dc4f5a110e26ff14e0bbf18dd9bb1f752701deb8249905
TRACE	pp_replay_inverse_ordinary	14043554	0x278a160eae76f1cf5bd3890be7c0b626473c87069dfb0f24b2ebffffffffffff	0x9f157d01ffd59c26de1ef1fc6fef5b351b14e04f736cbbc11013705edfbfce0	0
COEFFICIENT	pp_replay_inverse_ordinary	14043554	0x60141aa599ea664e59d6af945b1d584ad81029de247caa82d94cccb7824d352a
TRACE	pp_replay_inverse_ordinary	14049615	0x278a160eae76f1cf5bd3890be7c0b626473c87069dfb0f24b2ebffffffffffff	0xb3ce94faa6104d3681ed2eab32e0931bcb52722bc9f0ecf548b5a15359aac0c5	0
COEFFICIENT	pp_replay_inverse_ordinary	14049615	0x60141aa599ea664e59d6af945b1d584ad81029de247caa82d94cccb7824d352a
TRACE	pp_replay_inverse_ordinary	14055676	0x278a160eae76f1cf5bd3890be7c0b626473c87069dfb0f24b2ebffffffffffff	0xb3ce94faa6104d3681ed2eab32e0931bcb52722bc9f0ecf548b5a15359aac0c5	0
COEFFICIENT	pp_replay_inverse_ordinary	14055676	0xc59a0508dc47f6631c0307d835a1d79e4cde1907f08681069e3f81baaefa98f
TRACE	pp_replay_inverse_ordinary	14061737	0x278a160eae76f1cf5bd3890be7c0b626473c87069dfb0f24b2ebffffffffffff	0x5b4389a4be5c1b06d21a2cd8e26708bdb1d702c714d971da27874a8c0865dbcc	0
COEFFICIENT	pp_replay_inverse_ordinary	14061737	0xc59a0508dc47f6631c0307d835a1d79e4cde1907f08681069e3f81baaefa98f
TRACE	pp_replay_inverse_ordinary	14067798	0x278a160eae76f1cf5bd3890be7c0b626473c87069dfb0f24b2ebffffffffffff	0x5b4389a4be5c1b06d21a2cd8e26708bdb1d702c714d971da27874a8c0865dbcc	0
COEFFICIENT	pp_replay_inverse_ordinary	14067798	0x73f6ca45d9e519d3359a8dd3e91b43b17b72c5e812ea41fafb4f3ac35e452eea
TRACE	pp_replay_inverse_ordinary	14073859	0x278a160eae76f1cf5bd3890be7c0b626473c87069dfb0f24b2ebffffffffffff	0x42904903a2d31c3a6e99cbdddbb2cdc9e83b3fa616c8a1b953bf5a54b28688ae	0
COEFFICIENT	pp_replay_inverse_ordinary	14073859	0x73f6ca45d9e519d3359a8dd3e91b43b17b72c5e812ea41fafb4f3ac35e452eea
TRACE	pp_replay_inverse_ordinary	14079920	0x278a160eae76f1cf5bd3890be7c0b626473c87069dfb0f24b2ebffffffffffff	0x42904903a2d31c3a6e99cbdddbb2cdc9e83b3fa616c8a1b953bf5a54b28688ae	0
COEFFICIENT	pp_replay_inverse_ordinary	14079920	0xa55d4b8810f7176bfc9b4fc9f683b9990eaa4c2a0f0be23ca2df1b320a03d526
TRACE	pp_replay_inverse_ordinary	14085981	0x278a160eae76f1cf5bd3890be7c0b626473c87069dfb0f24b2ebffffffffffff	0xdfc3467f34af2108e09847f1c0e1e1fac1cc33221e856136049f99765b093865	0
COEFFICIENT	pp_replay_inverse_ordinary	14085981	0xa55d4b8810f7176bfc9b4fc9f683b9990eaa4c2a0f0be23ca2df1b320a03d526
TRACE	pp_replay_inverse_ordinary	14092042	0x278a160eae76f1cf5bd3890be7c0b626473c87069dfb0f24b2ebffffffffffff	0xdfc3467f34af2108e09847f1c0e1e1fac1cc33221e856136049f99765b093865	0
COEFFICIENT	pp_replay_inverse_ordinary	14092042	0x2a7ddd8f569d4fe0d9cee785ade9552cdf20cb763c9d25af4a5dcfdc6f10ea53
TRACE	pp_replay_inverse_ordinary	14098103	0x278a160eae76f1cf5bd3890be7c0b626473c87069dfb0f24b2ebffffffffffff	0xea046a8dbffb91f29aff77692fad192262b931ba79a7e81b539d02ca25235eee	0
COEFFICIENT	pp_replay_inverse_ordinary	14098103	0x2a7ddd8f569d4fe0d9cee785ade9552cdf20cb763c9d25af4a5dcfdc6f10ea53
TRACE	pp_replay_inverse_ordinary	14104164	0x278a160eae76f1cf5bd3890be7c0b626473c87069dfb0f24b2ebffffffffffff	0xea046a8dbffb91f29aff77692fad192262b931ba79a7e81b539d02ca25235eee	0
COEFFICIENT	pp_replay_inverse_ordinary	14104164	0x3f0025ac6d3631b44e9d46748b7fc37c20fac8a6f2e23379e858a28403453765
TRACE	pp_replay_inverse_ordinary	14110225	0x278a160eae76f1cf5bd3890be7c0b626473c87069dfb0f24b2ebffffffffffff	0x9508af6f12c0f230e761a85dd3da6ec8a4779ace006d9cbcbee1631147018a48	0
COEFFICIENT	pp_replay_inverse_ordinary	14110225	0x3f0025ac6d3631b44e9d46748b7fc37c20fac8a6f2e23379e858a28403453765
TRACE	pp_replay_inverse_ordinary	14116286	0x278a160eae76f1cf5bd3890be7c0b626473c87069dfb0f24b2ebffffffffffff	0x9508af6f12c0f230e761a85dd3da6ec8a4779ace006d9cbcbee1631147018a48	0
COEFFICIENT	pp_replay_inverse_ordinary	14116286	0x1308fac7ed2d5599849c3546ead9f5c0e66d2c1be63203b08f92a81a4d8bfce3
TRACE	pp_replay_inverse_ordinary	14122347	0x278a160eae76f1cf5bd3890be7c0b626473c87069dfb0f24b2ebffffffffffff	0x3d1a59a612af39fb535f8602928ed3522f5c61b7e70d3d2a0d556e3ddb8f1544	0
COEFFICIENT	pp_replay_inverse_ordinary	14122347	0x1308fac7ed2d5599849c3546ead9f5c0e66d2c1be63203b08f92a81a4d8bfce3
TRACE	pp_replay_inverse_ordinary	14128408	0x278a160eae76f1cf5bd3890be7c0b626473c87069dfb0f24b2ebffffffffffff	0x3d1a59a612af39fb535f8602928ed3522f5c61b7e70d3d2a0d556e3ddb8f1544	0
COEFFICIENT	pp_replay_inverse_ordinary	14128408	0x632c4f35ed09e52e5c97f0906842bed3fc36b9efb371448b2c7abe7276a70f0a
TRACE	pp_replay_inverse_ordinary	14134469	0x278a160eae76f1cf5bd3890be7c0b626473c87069dfb0f24b2ebffffffffffff	0x1708641638548ec84a271b74bcdae7d0628209801aa935c8ee301e0940771b7e	0
COEFFICIENT	pp_replay_inverse_ordinary	14134469	0x632c4f35ed09e52e5c97f0906842bed3fc36b9efb371448b2c7abe7276a70f0a
TRACE	pp_replay_inverse_ordinary	14140530	0x278a160eae76f1cf5bd3890be7c0b626473c87069dfb0f24b2ebffffffffffff	0x1708641638548ec84a271b74bcdae7d0628209801aa935c8ee301e0940771b7e	0
COEFFICIENT	pp_replay_inverse_ordinary	14140530	0xaf503a55a1bf3b946f08c5ac13aa95d795eb6a5f4c39534d6ac55edbacd70296
TRACE	pp_replay_inverse_ordinary	14146591	0x278a160eae76f1cf5bd3890be7c0b626473c87069dfb0f24b2ebffffffffffff	0x7ec08dd6cee9e1fc2545713d660b39c92f18a8a0e9191844719add35d4173095	0
COEFFICIENT	pp_replay_inverse_ordinary	14146591	0xaf503a55a1bf3b946f08c5ac13aa95d795eb6a5f4c39534d6ac55edbacd70296
TRACE	pp_replay_inverse_ordinary	14152652	0x278a160eae76f1cf5bd3890be7c0b626473c87069dfb0f24b2ebffffffffffff	0x7ec08dd6cee9e1fc2545713d660b39c92f18a8a0e9191844719add35d4173095	0
COEFFICIENT	pp_replay_inverse_ordinary	14152652	0xdfdfe6d47494952cb8cc1a1ac149f1e5fcbe2c1daf598e5663efe0818596d497
TRACE	pp_replay_inverse_ordinary	14158713	0x278a160eae76f1cf5bd3890be7c0b626473c87069dfb0f24b2ebffffffffffff	0xdd610282126859250356fc958d6065785aef7d5f818bbedf47259aee2dc53992	0
COEFFICIENT	pp_replay_inverse_ordinary	14158713	0xdfdfe6d47494952cb8cc1a1ac149f1e5fcbe2c1daf598e5663efe0818596d497
TRACE	pp_replay_inverse_ordinary	14164774	0x278a160eae76f1cf5bd3890be7c0b626473c87069dfb0f24b2ebffffffffffff	0xdd610282126859250356fc958d6065785aef7d5f818bbedf47259aee2dc53992	0
COEFFICIENT	pp_replay_inverse_ordinary	14164774	0x9d20d02afb91837e74ef30cb0ff44944546bd59ae03edb8c0f055bf338f2ea62
TRACE	pp_replay_inverse_ordinary	14170835	0x278a160eae76f1cf5bd3890be7c0b626473c87069dfb0f24b2ebffffffffffff	0x1da134d9293f2ecb91bec8600acc81ac6173252422d8a2327f45d9ea22978c93	0
COEFFICIENT	pp_replay_inverse_ordinary	14170835	0x9d20d02afb91837e74ef30cb0ff44944546bd59ae03edb8c0f055bf338f2ea62
TRACE	pp_replay_inverse_ordinary	14176896	0x278a160eae76f1cf5bd3890be7c0b626473c87069dfb0f24b2ebffffffffffff	0x1da134d9293f2ecb91bec8600acc81ac6173252422d8a2327f45d9ea22978c93	0
COEFFICIENT	pp_replay_inverse_ordinary	14176896	0x1ca06b7ccde3d831581f9936151c10dc476486119da514e59ec4ddfd4f4e4c02
TRACE	pp_replay_inverse_ordinary	14182957	0x278a160eae76f1cf5bd3890be7c0b626473c87069dfb0f24b2ebffffffffffff	0x57e2d52f206235c87b9d29f62ab514350a4ad059e356594a9d5091d1947d6528	0
COEFFICIENT	pp_replay_inverse_ordinary	14182957	0x1ca06b7ccde3d831581f9936151c10dc476486119da514e59ec4ddfd4f4e4c02
TRACE	pp_replay_inverse_ordinary	14189018	0x278a160eae76f1cf5bd3890be7c0b626473c87069dfb0f24b2ebffffffffffff	0x57e2d52f206235c87b9d29f62ab514350a4ad059e356594a9d5091d1947d6528	0
COEFFICIENT	pp_replay_inverse_ordinary	14189018	0x9123ac28bc29e62b2bdc5c6254ed35ed9913dc7d1ea08315dada4dcc3319fd2c
TRACE	pp_replay_inverse_ordinary	14195079	0x278a160eae76f1cf5bd3890be7c0b626473c87069dfb0f24b2ebffffffffffff	0x1ea1fe35849a8565cb5df78a007cf27c7b81c436a80c2f7f5fc6d5d6f5e0cd24	0
COEFFICIENT	pp_replay_inverse_ordinary	14195079	0x9123ac28bc29e62b2bdc5c6254ed35ed9913dc7d1ea08315dada4dcc3319fd2c
TRACE	pp_replay_inverse_ordinary	14201140	0x278a160eae76f1cf5bd3890be7c0b626473c87069dfb0f24b2ebffffffffffff	0x1ea1fe35849a8565cb5df78a007cf27c7b81c436a80c2f7f5fc6d5d6f5e0cd24	0
COEFFICIENT	pp_replay_inverse_ordinary	14201140	0x40e95686fcee51bc2316b04eaa575e57ada97d30e54d35ab157b71705c14cb4d
TRACE	pp_replay_inverse_ordinary	14207201	0x278a160eae76f1cf5bd3890be7c0b626473c87069dfb0f24b2ebffffffffffff	0x7e2d52f206235c87b9d29f62ab514350a4ad059e356594a9d5091d1e47d66595	0
COEFFICIENT	pp_replay_inverse_ordinary	14207201	0x40e95686fcee51bc2316b04eaa575e57ada97d30e54d35ab157b71705c14cb4d
TRACE	pp_replay_inverse_ordinary	14213262	0x278a160eae76f1cf5bd3890be7c0b626473c87069dfb0f24b2ebffffffffffff	0x7e2d52f206235c87b9d29f62ab514350a4ad059e356594a9d5091d1e47d66595	0
COEFFICIENT	pp_replay_inverse_ordinary	14213262	0x3a55a1bf3b946f08c5ac13aa95d795eb6a5f4c39534d6ac55edc5c270533105
TRACE	pp_replay_inverse_ordinary	14219323	0x278a160eae76f1cf5bd3890be7c0b626473c87069dfb0f24b2ebffffffffffff	0xf8b54bc8188d721ee74a7d8aad450d4292b41678d59652a75424747a1f599a25	0
COEFFICIENT	pp_replay_inverse_ordinary	14219323	0x3a55a1bf3b946f08c5ac13aa95d795eb6a5f4c39534d6ac55edc5c270533105
TRACE	pp_replay_inverse_seed	14221369	0x278a160eae76f1cf5bd3890be7c0b626473c87069dfb0f24b2ebffffffffffff	0xf8b54bc8188d721ee74a7d8aad450d4292b41678d59652a75424747a1f599a25	0
COEFFICIENT	pp_replay_inverse_seed	14221369	0x0
TRACE	pp_replay_inverse_initial	14222404	0x278a160eae76f1cf5bd3890be7c0b626473c87069dfb0f24b2ebffffffffffff	0xf16a9790311ae43dce94fb155a8a1a8525682cf1ab2ca54ea848e8f53eb3381b	0
COEFFICIENT	pp_replay_inverse_initial	14222404	0x0
TRACE	pp_coefficient_clear	14222660	0x278a160eae76f1cf5bd3890be7c0b626473c87069dfb0f24b2ebffffffffffff	0xf16a9790311ae43dce94fb155a8a1a8525682cf1ab2ca54ea848e8f53eb3381b	0
COEFFICIENT	pp_coefficient_clear	14222660	0x0
TRACE	pp_value_reverse	15669628	0xfffffffffffffffffffffffffffffffffffffffffffffffffffffffefffffdaa	0xf16a9790311ae43dce94fb155a8a1a8525682cf1ab2ca54ea848e8f53eb3381b	0
COEFFICIENT	pp_value_reverse	15669628	0x501cf588b62abbf53871736c8000000000000000000000000000000000000000
TRACE	pp_restore_layout	15670658	0x119f60a34d10c8dcb0c28a786f743e55a9336ea8ed89895f6c95d1a36ad6fdaa	0xf16a9790311ae43dce94fb155a8a1a8525682cf1ab2ca54ea848e8f53eb3381b	0
COEFFICIENT	pp_restore_layout	15670658	0x0
TRACE	window_qrom_recover_load_walk	15678964	0x119f60a34d10c8dcb0c28a786f743e55a9336ea8ed89895f6c95d1a36ad6fdaa	0xf16a9790311ae43dce94fb155a8a1a8525682cf1ab2ca54ea848e8f53eb3381b	0
COEFFICIENT	window_qrom_recover_load_walk	15678964	0xab400000000000000000000000000000000000005f6cda8aee6162133be8c406
TRACE	tlm_coord_y_sub_final	15682580	0x119f60a34d10c8dcb0c28a786f743e55a9336ea8ed89895f6c95d1a36ad6fdaa	0x17e5f75d45af8624cc511dbe82d2671fee3a7b0ecb32cea6782b742b755f7200	0
COEFFICIENT	tlm_coord_y_sub_final	15682580	0xab400000000000000000000000000000000000005f6cda8aee6162133be8c406
TRACE	window_recover_controlled_neg	15687633	0xee609f5cb2ef37234f3d7587908bc1aa56cc9157127676a0936a2e5b9528fe85	0x17e5f75d45af8624cc511dbe82d2671fee3a7b0ecb32cea6782b742b755f7200	0
COEFFICIENT	window_recover_controlled_neg	15687633	0xab400000000000000000000000000000000000005f6cda8aee6162133be8c406
TRACE	window_recover_x_add	15690887	0x65ab87550b987841ae3199f301521c56ad162962f837ef324f5645e5f2c90b21	0x17e5f75d45af8624cc511dbe82d2671fee3a7b0ecb32cea6782b742b755f7200	0
COEFFICIENT	window_recover_x_add	15690887	0xab400000000000000000000000000000000000005f6cda8aee6162133be8c406
TRACE	window_qrom_recover_unload_measure	15691911	0x65ab87550b987841ae3199f301521c56ad162962f837ef324f5645e5f2c90b21	0x17e5f75d45af8624cc511dbe82d2671fee3a7b0ecb32cea6782b742b755f7200	0
COEFFICIENT	window_qrom_recover_unload_measure	15691911	0x0
TRACE	window_qrom_recover_unload_clear	15710441	0x65ab87550b987841ae3199f301521c56ad162962f837ef324f5645e5f2c90b21	0x17e5f75d45af8624cc511dbe82d2671fee3a7b0ecb32cea6782b742b755f7200	0
COEFFICIENT	window_qrom_recover_unload_clear	15710441	0x0
RESOURCE	qubits=1380	ops=15710537	toffoli_sum=69461706	lanes=64
