TRACE	tlm_coord_x_sub	6608	0x42ee7c6aa3c35cdb5560a020c809181e848c472b5147c0b44dc91ee8e9c07833	0x483ada7726a3c4655da4fbfc0e1108a8fd17b448a68554199c47d08ffb10d4b8	0
TRACE	tlm_coord_y_sub	13216	0x42ee7c6aa3c35cdb5560a020c809181e848c472b5147c0b44dc91ee8e9c07833	0x0	0
TRACE	pp_setup	13466	0x42ee7c6aa3c35cdb5560a020c809181e848c472b5147c0b44dc91ee8e9c07833	0x0	0
TRACE	pp_value_forward	1319751	0xfdc765c0744041bdecb0a4d488b46d08d3e6638f8451536af7485e21ffffffff	0x0	0
TRACE	pp_replay_halving_initial	1320675	0xfdc765c0744041bdecb0a4d488b46d08d3e6638f8451536af7485e21ffffffff	0x0	0
TRACE	pp_replay_halving_seed	1322610	0xfdc765c0744041bdecb0a4d488b46d08d3e6638f8451536af7485e21ffffffff	0x0	0
TRACE	pp_replay_halving_ordinary	1327833	0xfdc765c0744041bdecb0a4d488b46d08d3e6638f8451536af7485e21ffffffff	0x0	1
TRACE	pp_replay_halving_ordinary	1333056	0xfdc765c0744041bdecb0a4d488b46d08d3e6638f8451536af7485e21ffffffff	0x0	1
TRACE	pp_replay_halving_ordinary	1338279	0xfdc765c0744041bdecb0a4d488b46d08d3e6638f8451536af7485e21ffffffff	0x0	0
TRACE	pp_replay_halving_ordinary	1343502	0xfdc765c0744041bdecb0a4d488b46d08d3e6638f8451536af7485e21ffffffff	0x0	0
TRACE	pp_replay_halving_ordinary	1348725	0xfdc765c0744041bdecb0a4d488b46d08d3e6638f8451536af7485e21ffffffff	0xfffffffffffffffffffffffffffffffffffffffffffffffffffffffefffffc2f	0
TRACE	pp_replay_halving_ordinary	1353948	0xfdc765c0744041bdecb0a4d488b46d08d3e6638f8451536af7485e21ffffffff	0xfffffffffffffffffffffffffffffffffffffffffffffffffffffffefffffc2f	1
TRACE	pp_replay_halving_ordinary	1359171	0xfdc765c0744041bdecb0a4d488b46d08d3e6638f8451536af7485e21ffffffff	0xfffffffffffffffffffffffffffffffffffffffffffffffffffffffefffffc2f	0
TRACE	pp_replay_halving_ordinary	1364394	0xfdc765c0744041bdecb0a4d488b46d08d3e6638f8451536af7485e21ffffffff	0xfffffffffffffffffffffffffffffffffffffffffffffffffffffffefffffc2f	0
TRACE	pp_replay_halving_ordinary	1369617	0xfdc765c0744041bdecb0a4d488b46d08d3e6638f8451536af7485e21ffffffff	0xfffffffffffffffffffffffffffffffffffffffffffffffffffffffefffffc2f	1
TRACE	pp_replay_halving_ordinary	1374840	0xfdc765c0744041bdecb0a4d488b46d08d3e6638f8451536af7485e21ffffffff	0xfffffffffffffffffffffffffffffffffffffffffffffffffffffffefffffc2f	1
TRACE	pp_replay_halving_ordinary	1380063	0xfdc765c0744041bdecb0a4d488b46d08d3e6638f8451536af7485e21ffffffff	0x0	1
TRACE	pp_replay_halving_ordinary	1385286	0xfdc765c0744041bdecb0a4d488b46d08d3e6638f8451536af7485e21ffffffff	0x0	1
TRACE	pp_replay_halving_ordinary	1390509	0xfdc765c0744041bdecb0a4d488b46d08d3e6638f8451536af7485e21ffffffff	0x0	1
TRACE	pp_replay_halving_ordinary	1395732	0xfdc765c0744041bdecb0a4d488b46d08d3e6638f8451536af7485e21ffffffff	0x0	1
TRACE	pp_replay_halving_ordinary	1400955	0xfdc765c0744041bdecb0a4d488b46d08d3e6638f8451536af7485e21ffffffff	0x0	1
TRACE	pp_replay_halving_ordinary	1406178	0xfdc765c0744041bdecb0a4d488b46d08d3e6638f8451536af7485e21ffffffff	0x0	1
TRACE	pp_replay_halving_ordinary	1411401	0xfdc765c0744041bdecb0a4d488b46d08d3e6638f8451536af7485e21ffffffff	0x0	0
TRACE	pp_replay_halving_ordinary	1416624	0xfdc765c0744041bdecb0a4d488b46d08d3e6638f8451536af7485e21ffffffff	0x0	0
TRACE	pp_replay_halving_ordinary	1421847	0xfdc765c0744041bdecb0a4d488b46d08d3e6638f8451536af7485e21ffffffff	0xfffffffffffffffffffffffffffffffffffffffffffffffffffffffefffffc2f	0
TRACE	pp_replay_halving_ordinary	1427070	0xfdc765c0744041bdecb0a4d488b46d08d3e6638f8451536af7485e21ffffffff	0xfffffffffffffffffffffffffffffffffffffffffffffffffffffffefffffc2f	1
TRACE	pp_replay_halving_ordinary	1432293	0xfdc765c0744041bdecb0a4d488b46d08d3e6638f8451536af7485e21ffffffff	0xfffffffffffffffffffffffffffffffffffffffffffffffffffffffefffffc2f	0
TRACE	pp_replay_halving_ordinary	1437516	0xfdc765c0744041bdecb0a4d488b46d08d3e6638f8451536af7485e21ffffffff	0xfffffffffffffffffffffffffffffffffffffffffffffffffffffffefffffc2f	0
TRACE	pp_replay_halving_ordinary	1442739	0xfdc765c0744041bdecb0a4d488b46d08d3e6638f8451536af7485e21ffffffff	0xfffffffffffffffffffffffffffffffffffffffffffffffffffffffefffffc2f	0
TRACE	pp_replay_halving_ordinary	1447962	0xfdc765c0744041bdecb0a4d488b46d08d3e6638f8451536af7485e21ffffffff	0xfffffffffffffffffffffffffffffffffffffffffffffffffffffffefffffc2f	0
TRACE	pp_replay_halving_ordinary	1453185	0xfdc765c0744041bdecb0a4d488b46d08d3e6638f8451536af7485e21ffffffff	0xfffffffffffffffffffffffffffffffffffffffffffffffffffffffefffffc2f	0
TRACE	pp_replay_halving_ordinary	1458408	0xfdc765c0744041bdecb0a4d488b46d08d3e6638f8451536af7485e21ffffffff	0xfffffffffffffffffffffffffffffffffffffffffffffffffffffffefffffc2f	1
TRACE	pp_replay_halving_ordinary	1463631	0xfdc765c0744041bdecb0a4d488b46d08d3e6638f8451536af7485e21ffffffff	0xfffffffffffffffffffffffffffffffffffffffffffffffffffffffefffffc2f	1
TRACE	pp_replay_halving_ordinary	1468854	0xfdc765c0744041bdecb0a4d488b46d08d3e6638f8451536af7485e21ffffffff	0xfffffffffffffffffffffffffffffffffffffffffffffffffffffffefffffc2f	1
TRACE	pp_replay_halving_ordinary	1474077	0xfdc765c0744041bdecb0a4d488b46d08d3e6638f8451536af7485e21ffffffff	0x0	1
TRACE	pp_replay_halving_ordinary	1479300	0xfdc765c0744041bdecb0a4d488b46d08d3e6638f8451536af7485e21ffffffff	0x0	1
TRACE	pp_replay_halving_ordinary	1484523	0xfdc765c0744041bdecb0a4d488b46d08d3e6638f8451536af7485e21ffffffff	0xfffffffffffffffffffffffffffffffffffffffffffffffffffffffefffffc2f	1
TRACE	pp_replay_halving_ordinary	1489746	0xfdc765c0744041bdecb0a4d488b46d08d3e6638f8451536af7485e21ffffffff	0xfffffffffffffffffffffffffffffffffffffffffffffffffffffffefffffc2f	1
TRACE	pp_replay_halving_ordinary	1494969	0xfdc765c0744041bdecb0a4d488b46d08d3e6638f8451536af7485e21ffffffff	0xfffffffffffffffffffffffffffffffffffffffffffffffffffffffefffffc2f	1
TRACE	pp_replay_halving_ordinary	1500192	0xfdc765c0744041bdecb0a4d488b46d08d3e6638f8451536af7485e21ffffffff	0xfffffffffffffffffffffffffffffffffffffffffffffffffffffffefffffc2f	0
TRACE	pp_replay_halving_ordinary	1505415	0xfdc765c0744041bdecb0a4d488b46d08d3e6638f8451536af7485e21ffffffff	0xfffffffffffffffffffffffffffffffffffffffffffffffffffffffefffffc2f	0
TRACE	pp_replay_halving_ordinary	1510638	0xfdc765c0744041bdecb0a4d488b46d08d3e6638f8451536af7485e21ffffffff	0xfffffffffffffffffffffffffffffffffffffffffffffffffffffffefffffc2f	0
TRACE	pp_replay_halving_ordinary	1515861	0xfdc765c0744041bdecb0a4d488b46d08d3e6638f8451536af7485e21ffffffff	0x0	0
TRACE	pp_replay_halving_ordinary	1521084	0xfdc765c0744041bdecb0a4d488b46d08d3e6638f8451536af7485e21ffffffff	0x0	0
TRACE	pp_replay_halving_ordinary	1526307	0xfdc765c0744041bdecb0a4d488b46d08d3e6638f8451536af7485e21ffffffff	0x0	0
TRACE	pp_replay_halving_ordinary	1531530	0xfdc765c0744041bdecb0a4d488b46d08d3e6638f8451536af7485e21ffffffff	0x0	0
TRACE	pp_replay_halving_ordinary	1536753	0xfdc765c0744041bdecb0a4d488b46d08d3e6638f8451536af7485e21ffffffff	0x0	1
TRACE	pp_replay_halving_ordinary	1541976	0xfdc765c0744041bdecb0a4d488b46d08d3e6638f8451536af7485e21ffffffff	0x0	1
TRACE	pp_replay_halving_ordinary	1547199	0xfdc765c0744041bdecb0a4d488b46d08d3e6638f8451536af7485e21ffffffff	0x0	1
TRACE	pp_replay_halving_ordinary	1552422	0xfdc765c0744041bdecb0a4d488b46d08d3e6638f8451536af7485e21ffffffff	0x0	1
TRACE	pp_replay_halving_ordinary	1557645	0xfdc765c0744041bdecb0a4d488b46d08d3e6638f8451536af7485e21ffffffff	0x0	1
TRACE	pp_replay_halving_ordinary	1562868	0xfdc765c0744041bdecb0a4d488b46d08d3e6638f8451536af7485e21ffffffff	0x0	1
TRACE	pp_replay_halving_ordinary	1568091	0xfdc765c0744041bdecb0a4d488b46d08d3e6638f8451536af7485e21ffffffff	0xfffffffffffffffffffffffffffffffffffffffffffffffffffffffefffffc2f	1
TRACE	pp_replay_halving_ordinary	1573314	0xfdc765c0744041bdecb0a4d488b46d08d3e6638f8451536af7485e21ffffffff	0xfffffffffffffffffffffffffffffffffffffffffffffffffffffffefffffc2f	1
TRACE	pp_replay_halving_ordinary	1578537	0xfdc765c0744041bdecb0a4d488b46d08d3e6638f8451536af7485e21ffffffff	0x0	1
TRACE	pp_replay_halving_ordinary	1583760	0xfdc765c0744041bdecb0a4d488b46d08d3e6638f8451536af7485e21ffffffff	0x0	1
TRACE	pp_replay_halving_ordinary	1588983	0xfdc765c0744041bdecb0a4d488b46d08d3e6638f8451536af7485e21ffffffff	0xfffffffffffffffffffffffffffffffffffffffffffffffffffffffefffffc2f	1
TRACE	pp_replay_halving_ordinary	1594206	0xfdc765c0744041bdecb0a4d488b46d08d3e6638f8451536af7485e21ffffffff	0xfffffffffffffffffffffffffffffffffffffffffffffffffffffffefffffc2f	1
TRACE	pp_replay_halving_ordinary	1599429	0xfdc765c0744041bdecb0a4d488b46d08d3e6638f8451536af7485e21ffffffff	0xfffffffffffffffffffffffffffffffffffffffffffffffffffffffefffffc2f	1
TRACE	pp_replay_halving_ordinary	1604652	0xfdc765c0744041bdecb0a4d488b46d08d3e6638f8451536af7485e21ffffffff	0xfffffffffffffffffffffffffffffffffffffffffffffffffffffffefffffc2f	1
TRACE	pp_replay_halving_ordinary	1609875	0xfdc765c0744041bdecb0a4d488b46d08d3e6638f8451536af7485e21ffffffff	0xfffffffffffffffffffffffffffffffffffffffffffffffffffffffefffffc2f	0
TRACE	pp_replay_halving_ordinary	1615098	0xfdc765c0744041bdecb0a4d488b46d08d3e6638f8451536af7485e21ffffffff	0xfffffffffffffffffffffffffffffffffffffffffffffffffffffffefffffc2f	0
TRACE	pp_replay_halving_ordinary	1620321	0xfdc765c0744041bdecb0a4d488b46d08d3e6638f8451536af7485e21ffffffff	0xfffffffffffffffffffffffffffffffffffffffffffffffffffffffefffffc2f	0
TRACE	pp_replay_halving_ordinary	1625544	0xfdc765c0744041bdecb0a4d488b46d08d3e6638f8451536af7485e21ffffffff	0xfffffffffffffffffffffffffffffffffffffffffffffffffffffffefffffc2f	0
TRACE	pp_replay_halving_ordinary	1630767	0xfdc765c0744041bdecb0a4d488b46d08d3e6638f8451536af7485e21ffffffff	0xfffffffffffffffffffffffffffffffffffffffffffffffffffffffefffffc2f	0
TRACE	pp_replay_halving_ordinary	1635990	0xfdc765c0744041bdecb0a4d488b46d08d3e6638f8451536af7485e21ffffffff	0xfffffffffffffffffffffffffffffffffffffffffffffffffffffffefffffc2f	0
TRACE	pp_replay_halving_ordinary	1641213	0xfdc765c0744041bdecb0a4d488b46d08d3e6638f8451536af7485e21ffffffff	0x0	0
TRACE	pp_replay_halving_ordinary	1646436	0xfdc765c0744041bdecb0a4d488b46d08d3e6638f8451536af7485e21ffffffff	0x0	0
TRACE	pp_replay_halving_ordinary	1651659	0xfdc765c0744041bdecb0a4d488b46d08d3e6638f8451536af7485e21ffffffff	0xfffffffffffffffffffffffffffffffffffffffffffffffffffffffefffffc2f	0
TRACE	pp_replay_halving_ordinary	1656882	0xfdc765c0744041bdecb0a4d488b46d08d3e6638f8451536af7485e21ffffffff	0xfffffffffffffffffffffffffffffffffffffffffffffffffffffffefffffc2f	0
TRACE	pp_replay_halving_ordinary	1662105	0xfdc765c0744041bdecb0a4d488b46d08d3e6638f8451536af7485e21ffffffff	0xfffffffffffffffffffffffffffffffffffffffffffffffffffffffefffffc2f	0
TRACE	pp_replay_halving_ordinary	1667328	0xfdc765c0744041bdecb0a4d488b46d08d3e6638f8451536af7485e21ffffffff	0xfffffffffffffffffffffffffffffffffffffffffffffffffffffffefffffc2f	0
TRACE	pp_replay_halving_ordinary	1672551	0xfdc765c0744041bdecb0a4d488b46d08d3e6638f8451536af7485e21ffffffff	0xfffffffffffffffffffffffffffffffffffffffffffffffffffffffefffffc2f	0
TRACE	pp_replay_halving_ordinary	1677774	0xfdc765c0744041bdecb0a4d488b46d08d3e6638f8451536af7485e21ffffffff	0xfffffffffffffffffffffffffffffffffffffffffffffffffffffffefffffc2f	1
TRACE	pp_replay_halving_ordinary	1682997	0xfdc765c0744041bdecb0a4d488b46d08d3e6638f8451536af7485e21ffffffff	0xfffffffffffffffffffffffffffffffffffffffffffffffffffffffefffffc2f	1
TRACE	pp_replay_halving_ordinary	1688220	0xfdc765c0744041bdecb0a4d488b46d08d3e6638f8451536af7485e21ffffffff	0xfffffffffffffffffffffffffffffffffffffffffffffffffffffffefffffc2f	1
TRACE	pp_replay_halving_ordinary	1693443	0xfdc765c0744041bdecb0a4d488b46d08d3e6638f8451536af7485e21ffffffff	0xfffffffffffffffffffffffffffffffffffffffffffffffffffffffefffffc2f	0
TRACE	pp_replay_halving_ordinary	1698666	0xfdc765c0744041bdecb0a4d488b46d08d3e6638f8451536af7485e21ffffffff	0xfffffffffffffffffffffffffffffffffffffffffffffffffffffffefffffc2f	1
TRACE	pp_replay_halving_ordinary	1703889	0xfdc765c0744041bdecb0a4d488b46d08d3e6638f8451536af7485e21ffffffff	0xfffffffffffffffffffffffffffffffffffffffffffffffffffffffefffffc2f	0
TRACE	pp_replay_halving_ordinary	1709112	0xfdc765c0744041bdecb0a4d488b46d08d3e6638f8451536af7485e21ffffffff	0xfffffffffffffffffffffffffffffffffffffffffffffffffffffffefffffc2f	0
TRACE	pp_replay_halving_ordinary	1714335	0xfdc765c0744041bdecb0a4d488b46d08d3e6638f8451536af7485e21ffffffff	0xfffffffffffffffffffffffffffffffffffffffffffffffffffffffefffffc2f	0
TRACE	pp_replay_halving_ordinary	1719558	0xfdc765c0744041bdecb0a4d488b46d08d3e6638f8451536af7485e21ffffffff	0xfffffffffffffffffffffffffffffffffffffffffffffffffffffffefffffc2f	0
TRACE	pp_replay_halving_ordinary	1724781	0xfdc765c0744041bdecb0a4d488b46d08d3e6638f8451536af7485e21ffffffff	0xfffffffffffffffffffffffffffffffffffffffffffffffffffffffefffffc2f	0
TRACE	pp_replay_halving_ordinary	1730004	0xfdc765c0744041bdecb0a4d488b46d08d3e6638f8451536af7485e21ffffffff	0xfffffffffffffffffffffffffffffffffffffffffffffffffffffffefffffc2f	0
TRACE	pp_replay_halving_ordinary	1735227	0xfdc765c0744041bdecb0a4d488b46d08d3e6638f8451536af7485e21ffffffff	0x0	0
TRACE	pp_replay_halving_ordinary	1740450	0xfdc765c0744041bdecb0a4d488b46d08d3e6638f8451536af7485e21ffffffff	0x0	0
TRACE	pp_replay_halving_ordinary	1745673	0xfdc765c0744041bdecb0a4d488b46d08d3e6638f8451536af7485e21ffffffff	0x0	1
TRACE	pp_replay_halving_ordinary	1750896	0xfdc765c0744041bdecb0a4d488b46d08d3e6638f8451536af7485e21ffffffff	0x0	1
TRACE	pp_replay_halving_ordinary	1756119	0xfdc765c0744041bdecb0a4d488b46d08d3e6638f8451536af7485e21ffffffff	0xfffffffffffffffffffffffffffffffffffffffffffffffffffffffefffffc2f	1
TRACE	pp_replay_halving_ordinary	1761342	0xfdc765c0744041bdecb0a4d488b46d08d3e6638f8451536af7485e21ffffffff	0xfffffffffffffffffffffffffffffffffffffffffffffffffffffffefffffc2f	1
TRACE	pp_replay_halving_ordinary	1766565	0xfdc765c0744041bdecb0a4d488b46d08d3e6638f8451536af7485e21ffffffff	0xfffffffffffffffffffffffffffffffffffffffffffffffffffffffefffffc2f	0
TRACE	pp_replay_halving_ordinary	1771788	0xfdc765c0744041bdecb0a4d488b46d08d3e6638f8451536af7485e21ffffffff	0xfffffffffffffffffffffffffffffffffffffffffffffffffffffffefffffc2f	1
TRACE	pp_replay_halving_ordinary	1777011	0xfdc765c0744041bdecb0a4d488b46d08d3e6638f8451536af7485e21ffffffff	0xfffffffffffffffffffffffffffffffffffffffffffffffffffffffefffffc2f	1
TRACE	pp_replay_halving_ordinary	1782234	0xfdc765c0744041bdecb0a4d488b46d08d3e6638f8451536af7485e21ffffffff	0xfffffffffffffffffffffffffffffffffffffffffffffffffffffffefffffc2f	1
TRACE	pp_replay_halving_ordinary	1787457	0xfdc765c0744041bdecb0a4d488b46d08d3e6638f8451536af7485e21ffffffff	0xfffffffffffffffffffffffffffffffffffffffffffffffffffffffefffffc2f	1
TRACE	pp_replay_halving_ordinary	1792680	0xfdc765c0744041bdecb0a4d488b46d08d3e6638f8451536af7485e21ffffffff	0xfffffffffffffffffffffffffffffffffffffffffffffffffffffffefffffc2f	1
TRACE	pp_replay_halving_ordinary	1797903	0xfdc765c0744041bdecb0a4d488b46d08d3e6638f8451536af7485e21ffffffff	0x0	1
TRACE	pp_replay_halving_ordinary	1803126	0xfdc765c0744041bdecb0a4d488b46d08d3e6638f8451536af7485e21ffffffff	0x0	1
TRACE	pp_replay_halving_ordinary	1808349	0xfdc765c0744041bdecb0a4d488b46d08d3e6638f8451536af7485e21ffffffff	0xfffffffffffffffffffffffffffffffffffffffffffffffffffffffefffffc2f	1
TRACE	pp_replay_halving_ordinary	1813572	0xfdc765c0744041bdecb0a4d488b46d08d3e6638f8451536af7485e21ffffffff	0xfffffffffffffffffffffffffffffffffffffffffffffffffffffffefffffc2f	1
TRACE	pp_replay_halving_ordinary	1818795	0xfdc765c0744041bdecb0a4d488b46d08d3e6638f8451536af7485e21ffffffff	0x0	1
TRACE	pp_replay_halving_ordinary	1824018	0xfdc765c0744041bdecb0a4d488b46d08d3e6638f8451536af7485e21ffffffff	0x0	1
TRACE	pp_replay_halving_ordinary	1829241	0xfdc765c0744041bdecb0a4d488b46d08d3e6638f8451536af7485e21ffffffff	0xfffffffffffffffffffffffffffffffffffffffffffffffffffffffefffffc2f	1
TRACE	pp_replay_halving_ordinary	1834464	0xfdc765c0744041bdecb0a4d488b46d08d3e6638f8451536af7485e21ffffffff	0xfffffffffffffffffffffffffffffffffffffffffffffffffffffffefffffc2f	0
TRACE	pp_replay_halving_ordinary	1839687	0xfdc765c0744041bdecb0a4d488b46d08d3e6638f8451536af7485e21ffffffff	0xfffffffffffffffffffffffffffffffffffffffffffffffffffffffefffffc2f	1
TRACE	pp_replay_halving_ordinary	1844910	0xfdc765c0744041bdecb0a4d488b46d08d3e6638f8451536af7485e21ffffffff	0xfffffffffffffffffffffffffffffffffffffffffffffffffffffffefffffc2f	1
TRACE	pp_replay_halving_ordinary	1850133	0xfdc765c0744041bdecb0a4d488b46d08d3e6638f8451536af7485e21ffffffff	0xfffffffffffffffffffffffffffffffffffffffffffffffffffffffefffffc2f	1
TRACE	pp_replay_halving_ordinary	1855356	0xfdc765c0744041bdecb0a4d488b46d08d3e6638f8451536af7485e21ffffffff	0xfffffffffffffffffffffffffffffffffffffffffffffffffffffffefffffc2f	1
TRACE	pp_replay_halving_ordinary	1860579	0xfdc765c0744041bdecb0a4d488b46d08d3e6638f8451536af7485e21ffffffff	0xfffffffffffffffffffffffffffffffffffffffffffffffffffffffefffffc2f	1
TRACE	pp_replay_halving_ordinary	1865802	0xfdc765c0744041bdecb0a4d488b46d08d3e6638f8451536af7485e21ffffffff	0xfffffffffffffffffffffffffffffffffffffffffffffffffffffffefffffc2f	1
TRACE	pp_replay_halving_ordinary	1871025	0xfdc765c0744041bdecb0a4d488b46d08d3e6638f8451536af7485e21ffffffff	0xfffffffffffffffffffffffffffffffffffffffffffffffffffffffefffffc2f	1
TRACE	pp_replay_halving_ordinary	1876248	0xfdc765c0744041bdecb0a4d488b46d08d3e6638f8451536af7485e21ffffffff	0xfffffffffffffffffffffffffffffffffffffffffffffffffffffffefffffc2f	1
TRACE	pp_replay_halving_ordinary	1881471	0xfdc765c0744041bdecb0a4d488b46d08d3e6638f8451536af7485e21ffffffff	0xfffffffffffffffffffffffffffffffffffffffffffffffffffffffefffffc2f	1
TRACE	pp_replay_halving_ordinary	1886694	0xfdc765c0744041bdecb0a4d488b46d08d3e6638f8451536af7485e21ffffffff	0xfffffffffffffffffffffffffffffffffffffffffffffffffffffffefffffc2f	1
TRACE	pp_replay_halving_ordinary	1891917	0xfdc765c0744041bdecb0a4d488b46d08d3e6638f8451536af7485e21ffffffff	0xfffffffffffffffffffffffffffffffffffffffffffffffffffffffefffffc2f	1
TRACE	pp_replay_halving_ordinary	1897140	0xfdc765c0744041bdecb0a4d488b46d08d3e6638f8451536af7485e21ffffffff	0xfffffffffffffffffffffffffffffffffffffffffffffffffffffffefffffc2f	0
TRACE	pp_replay_halving_ordinary	1902363	0xfdc765c0744041bdecb0a4d488b46d08d3e6638f8451536af7485e21ffffffff	0xfffffffffffffffffffffffffffffffffffffffffffffffffffffffefffffc2f	0
TRACE	pp_replay_halving_ordinary	1907586	0xfdc765c0744041bdecb0a4d488b46d08d3e6638f8451536af7485e21ffffffff	0xfffffffffffffffffffffffffffffffffffffffffffffffffffffffefffffc2f	0
TRACE	pp_replay_halving_ordinary	1912809	0xfdc765c0744041bdecb0a4d488b46d08d3e6638f8451536af7485e21ffffffff	0xfffffffffffffffffffffffffffffffffffffffffffffffffffffffefffffc2f	0
TRACE	pp_replay_halving_ordinary	1918032	0xfdc765c0744041bdecb0a4d488b46d08d3e6638f8451536af7485e21ffffffff	0xfffffffffffffffffffffffffffffffffffffffffffffffffffffffefffffc2f	0
TRACE	pp_replay_halving_ordinary	1923255	0xfdc765c0744041bdecb0a4d488b46d08d3e6638f8451536af7485e21ffffffff	0xfffffffffffffffffffffffffffffffffffffffffffffffffffffffefffffc2f	0
TRACE	pp_replay_halving_ordinary	1928478	0xfdc765c0744041bdecb0a4d488b46d08d3e6638f8451536af7485e21ffffffff	0xfffffffffffffffffffffffffffffffffffffffffffffffffffffffefffffc2f	1
TRACE	pp_replay_halving_ordinary	1933701	0xfdc765c0744041bdecb0a4d488b46d08d3e6638f8451536af7485e21ffffffff	0xfffffffffffffffffffffffffffffffffffffffffffffffffffffffefffffc2f	1
TRACE	pp_replay_halving_ordinary	1938924	0xfdc765c0744041bdecb0a4d488b46d08d3e6638f8451536af7485e21ffffffff	0xfffffffffffffffffffffffffffffffffffffffffffffffffffffffefffffc2f	1
TRACE	pp_replay_halving_ordinary	1944147	0xfdc765c0744041bdecb0a4d488b46d08d3e6638f8451536af7485e21ffffffff	0xfffffffffffffffffffffffffffffffffffffffffffffffffffffffefffffc2f	0
TRACE	pp_replay_halving_ordinary	1949370	0xfdc765c0744041bdecb0a4d488b46d08d3e6638f8451536af7485e21ffffffff	0xfffffffffffffffffffffffffffffffffffffffffffffffffffffffefffffc2f	0
TRACE	pp_replay_halving_ordinary	1954593	0xfdc765c0744041bdecb0a4d488b46d08d3e6638f8451536af7485e21ffffffff	0xfffffffffffffffffffffffffffffffffffffffffffffffffffffffefffffc2f	0
TRACE	pp_replay_halving_ordinary	1959816	0xfdc765c0744041bdecb0a4d488b46d08d3e6638f8451536af7485e21ffffffff	0xfffffffffffffffffffffffffffffffffffffffffffffffffffffffefffffc2f	0
TRACE	pp_replay_halving_ordinary	1965039	0xfdc765c0744041bdecb0a4d488b46d08d3e6638f8451536af7485e21ffffffff	0xfffffffffffffffffffffffffffffffffffffffffffffffffffffffefffffc2f	1
TRACE	pp_replay_halving_ordinary	1970262	0xfdc765c0744041bdecb0a4d488b46d08d3e6638f8451536af7485e21ffffffff	0xfffffffffffffffffffffffffffffffffffffffffffffffffffffffefffffc2f	1
TRACE	pp_replay_halving_ordinary	1975485	0xfdc765c0744041bdecb0a4d488b46d08d3e6638f8451536af7485e21ffffffff	0x0	1
TRACE	pp_replay_halving_ordinary	1980708	0xfdc765c0744041bdecb0a4d488b46d08d3e6638f8451536af7485e21ffffffff	0x0	1
TRACE	pp_replay_halving_ordinary	1985931	0xfdc765c0744041bdecb0a4d488b46d08d3e6638f8451536af7485e21ffffffff	0xfffffffffffffffffffffffffffffffffffffffffffffffffffffffefffffc2f	1
TRACE	pp_replay_halving_ordinary	1991154	0xfdc765c0744041bdecb0a4d488b46d08d3e6638f8451536af7485e21ffffffff	0xfffffffffffffffffffffffffffffffffffffffffffffffffffffffefffffc2f	1
TRACE	pp_replay_halving_ordinary	1996377	0xfdc765c0744041bdecb0a4d488b46d08d3e6638f8451536af7485e21ffffffff	0xfffffffffffffffffffffffffffffffffffffffffffffffffffffffefffffc2f	1
TRACE	pp_replay_halving_ordinary	2001600	0xfdc765c0744041bdecb0a4d488b46d08d3e6638f8451536af7485e21ffffffff	0xfffffffffffffffffffffffffffffffffffffffffffffffffffffffefffffc2f	1
TRACE	pp_replay_halving_ordinary	2006823	0xfdc765c0744041bdecb0a4d488b46d08d3e6638f8451536af7485e21ffffffff	0x0	1
TRACE	pp_replay_halving_ordinary	2012046	0xfdc765c0744041bdecb0a4d488b46d08d3e6638f8451536af7485e21ffffffff	0x0	1
TRACE	pp_replay_halving_ordinary	2017269	0xfdc765c0744041bdecb0a4d488b46d08d3e6638f8451536af7485e21ffffffff	0xfffffffffffffffffffffffffffffffffffffffffffffffffffffffefffffc2f	1
TRACE	pp_replay_halving_ordinary	2022492	0xfdc765c0744041bdecb0a4d488b46d08d3e6638f8451536af7485e21ffffffff	0xfffffffffffffffffffffffffffffffffffffffffffffffffffffffefffffc2f	1
TRACE	pp_replay_halving_ordinary	2027715	0xfdc765c0744041bdecb0a4d488b46d08d3e6638f8451536af7485e21ffffffff	0xfffffffffffffffffffffffffffffffffffffffffffffffffffffffefffffc2f	1
TRACE	pp_replay_halving_ordinary	2032938	0xfdc765c0744041bdecb0a4d488b46d08d3e6638f8451536af7485e21ffffffff	0xfffffffffffffffffffffffffffffffffffffffffffffffffffffffefffffc2f	1
TRACE	pp_replay_halving_ordinary	2038161	0xfdc765c0744041bdecb0a4d488b46d08d3e6638f8451536af7485e21ffffffff	0xfffffffffffffffffffffffffffffffffffffffffffffffffffffffefffffc2f	1
TRACE	pp_replay_halving_ordinary	2043384	0xfdc765c0744041bdecb0a4d488b46d08d3e6638f8451536af7485e21ffffffff	0xfffffffffffffffffffffffffffffffffffffffffffffffffffffffefffffc2f	0
TRACE	pp_replay_halving_ordinary	2048607	0xfdc765c0744041bdecb0a4d488b46d08d3e6638f8451536af7485e21ffffffff	0xfffffffffffffffffffffffffffffffffffffffffffffffffffffffefffffc2f	0
TRACE	pp_replay_halving_ordinary	2053830	0xfdc765c0744041bdecb0a4d488b46d08d3e6638f8451536af7485e21ffffffff	0xfffffffffffffffffffffffffffffffffffffffffffffffffffffffefffffc2f	1
TRACE	pp_replay_halving_ordinary	2059053	0xfdc765c0744041bdecb0a4d488b46d08d3e6638f8451536af7485e21ffffffff	0xfffffffffffffffffffffffffffffffffffffffffffffffffffffffefffffc2f	1
TRACE	pp_replay_halving_ordinary	2064276	0xfdc765c0744041bdecb0a4d488b46d08d3e6638f8451536af7485e21ffffffff	0xfffffffffffffffffffffffffffffffffffffffffffffffffffffffefffffc2f	0
TRACE	pp_replay_halving_ordinary	2069499	0xfdc765c0744041bdecb0a4d488b46d08d3e6638f8451536af7485e21ffffffff	0xfffffffffffffffffffffffffffffffffffffffffffffffffffffffefffffc2f	0
TRACE	pp_replay_halving_ordinary	2074722	0xfdc765c0744041bdecb0a4d488b46d08d3e6638f8451536af7485e21ffffffff	0xfffffffffffffffffffffffffffffffffffffffffffffffffffffffefffffc2f	0
TRACE	pp_replay_halving_ordinary	2079945	0xfdc765c0744041bdecb0a4d488b46d08d3e6638f8451536af7485e21ffffffff	0xfffffffffffffffffffffffffffffffffffffffffffffffffffffffefffffc2f	0
TRACE	pp_replay_halving_ordinary	2085168	0xfdc765c0744041bdecb0a4d488b46d08d3e6638f8451536af7485e21ffffffff	0xfffffffffffffffffffffffffffffffffffffffffffffffffffffffefffffc2f	0
TRACE	pp_replay_halving_ordinary	2090391	0xfdc765c0744041bdecb0a4d488b46d08d3e6638f8451536af7485e21ffffffff	0xfffffffffffffffffffffffffffffffffffffffffffffffffffffffefffffc2f	0
TRACE	pp_replay_halving_ordinary	2095614	0xfdc765c0744041bdecb0a4d488b46d08d3e6638f8451536af7485e21ffffffff	0xfffffffffffffffffffffffffffffffffffffffffffffffffffffffefffffc2f	0
TRACE	pp_replay_halving_ordinary	2100837	0xfdc765c0744041bdecb0a4d488b46d08d3e6638f8451536af7485e21ffffffff	0xfffffffffffffffffffffffffffffffffffffffffffffffffffffffefffffc2f	0
TRACE	pp_replay_halving_ordinary	2106060	0xfdc765c0744041bdecb0a4d488b46d08d3e6638f8451536af7485e21ffffffff	0xfffffffffffffffffffffffffffffffffffffffffffffffffffffffefffffc2f	0
TRACE	pp_replay_halving_ordinary	2111283	0xfdc765c0744041bdecb0a4d488b46d08d3e6638f8451536af7485e21ffffffff	0x0	0
TRACE	pp_replay_halving_ordinary	2116506	0xfdc765c0744041bdecb0a4d488b46d08d3e6638f8451536af7485e21ffffffff	0x0	0
TRACE	pp_replay_halving_ordinary	2121729	0xfdc765c0744041bdecb0a4d488b46d08d3e6638f8451536af7485e21ffffffff	0x0	1
TRACE	pp_replay_halving_ordinary	2126952	0xfdc765c0744041bdecb0a4d488b46d08d3e6638f8451536af7485e21ffffffff	0x0	1
TRACE	pp_replay_halving_ordinary	2132175	0xfdc765c0744041bdecb0a4d488b46d08d3e6638f8451536af7485e21ffffffff	0xfffffffffffffffffffffffffffffffffffffffffffffffffffffffefffffc2f	1
TRACE	pp_replay_halving_ordinary	2137398	0xfdc765c0744041bdecb0a4d488b46d08d3e6638f8451536af7485e21ffffffff	0xfffffffffffffffffffffffffffffffffffffffffffffffffffffffefffffc2f	1
TRACE	pp_replay_halving_ordinary	2142621	0xfdc765c0744041bdecb0a4d488b46d08d3e6638f8451536af7485e21ffffffff	0xfffffffffffffffffffffffffffffffffffffffffffffffffffffffefffffc2f	1
TRACE	pp_replay_halving_ordinary	2147844	0xfdc765c0744041bdecb0a4d488b46d08d3e6638f8451536af7485e21ffffffff	0xfffffffffffffffffffffffffffffffffffffffffffffffffffffffefffffc2f	1
TRACE	pp_replay_halving_ordinary	2153067	0xfdc765c0744041bdecb0a4d488b46d08d3e6638f8451536af7485e21ffffffff	0xfffffffffffffffffffffffffffffffffffffffffffffffffffffffefffffc2f	0
TRACE	pp_replay_halving_ordinary	2158290	0xfdc765c0744041bdecb0a4d488b46d08d3e6638f8451536af7485e21ffffffff	0xfffffffffffffffffffffffffffffffffffffffffffffffffffffffefffffc2f	1
TRACE	pp_replay_halving_ordinary	2163513	0xfdc765c0744041bdecb0a4d488b46d08d3e6638f8451536af7485e21ffffffff	0x0	1
TRACE	pp_replay_halving_ordinary	2168736	0xfdc765c0744041bdecb0a4d488b46d08d3e6638f8451536af7485e21ffffffff	0x0	1
TRACE	pp_replay_halving_ordinary	2173959	0xfdc765c0744041bdecb0a4d488b46d08d3e6638f8451536af7485e21ffffffff	0x0	1
TRACE	pp_replay_halving_ordinary	2179182	0xfdc765c0744041bdecb0a4d488b46d08d3e6638f8451536af7485e21ffffffff	0x0	1
TRACE	pp_replay_halving_ordinary	2184405	0xfdc765c0744041bdecb0a4d488b46d08d3e6638f8451536af7485e21ffffffff	0xfffffffffffffffffffffffffffffffffffffffffffffffffffffffefffffc2f	1
TRACE	pp_replay_halving_ordinary	2189628	0xfdc765c0744041bdecb0a4d488b46d08d3e6638f8451536af7485e21ffffffff	0xfffffffffffffffffffffffffffffffffffffffffffffffffffffffefffffc2f	0
TRACE	pp_replay_halving_ordinary	2194851	0xfdc765c0744041bdecb0a4d488b46d08d3e6638f8451536af7485e21ffffffff	0xfffffffffffffffffffffffffffffffffffffffffffffffffffffffefffffc2f	1
TRACE	pp_replay_halving_ordinary	2200074	0xfdc765c0744041bdecb0a4d488b46d08d3e6638f8451536af7485e21ffffffff	0xfffffffffffffffffffffffffffffffffffffffffffffffffffffffefffffc2f	1
TRACE	pp_replay_halving_ordinary	2205297	0xfdc765c0744041bdecb0a4d488b46d08d3e6638f8451536af7485e21ffffffff	0xfffffffffffffffffffffffffffffffffffffffffffffffffffffffefffffc2f	0
TRACE	pp_replay_halving_ordinary	2210520	0xfdc765c0744041bdecb0a4d488b46d08d3e6638f8451536af7485e21ffffffff	0xfffffffffffffffffffffffffffffffffffffffffffffffffffffffefffffc2f	1
TRACE	pp_replay_halving_ordinary	2215743	0xfdc765c0744041bdecb0a4d488b46d08d3e6638f8451536af7485e21ffffffff	0xfffffffffffffffffffffffffffffffffffffffffffffffffffffffefffffc2f	1
TRACE	pp_replay_halving_ordinary	2220966	0xfdc765c0744041bdecb0a4d488b46d08d3e6638f8451536af7485e21ffffffff	0xfffffffffffffffffffffffffffffffffffffffffffffffffffffffefffffc2f	0
TRACE	pp_replay_halving_ordinary	2226189	0xfdc765c0744041bdecb0a4d488b46d08d3e6638f8451536af7485e21ffffffff	0xfffffffffffffffffffffffffffffffffffffffffffffffffffffffefffffc2f	1
TRACE	pp_replay_halving_ordinary	2231412	0xfdc765c0744041bdecb0a4d488b46d08d3e6638f8451536af7485e21ffffffff	0xfffffffffffffffffffffffffffffffffffffffffffffffffffffffefffffc2f	0
TRACE	pp_replay_halving_ordinary	2236635	0xfdc765c0744041bdecb0a4d488b46d08d3e6638f8451536af7485e21ffffffff	0xfffffffffffffffffffffffffffffffffffffffffffffffffffffffefffffc2f	1
TRACE	pp_replay_halving_ordinary	2241858	0xfdc765c0744041bdecb0a4d488b46d08d3e6638f8451536af7485e21ffffffff	0xfffffffffffffffffffffffffffffffffffffffffffffffffffffffefffffc2f	0
TRACE	pp_replay_halving_ordinary	2247081	0xfdc765c0744041bdecb0a4d488b46d08d3e6638f8451536af7485e21ffffffff	0x0	0
TRACE	pp_replay_halving_ordinary	2252304	0xfdc765c0744041bdecb0a4d488b46d08d3e6638f8451536af7485e21ffffffff	0x0	0
TRACE	pp_replay_halving_ordinary	2257527	0xfdc765c0744041bdecb0a4d488b46d08d3e6638f8451536af7485e21ffffffff	0xfffffffffffffffffffffffffffffffffffffffffffffffffffffffefffffc2f	0
TRACE	pp_replay_halving_ordinary	2262750	0xfdc765c0744041bdecb0a4d488b46d08d3e6638f8451536af7485e21ffffffff	0xfffffffffffffffffffffffffffffffffffffffffffffffffffffffefffffc2f	1
TRACE	pp_replay_halving_ordinary	2267973	0xfdc765c0744041bdecb0a4d488b46d08d3e6638f8451536af7485e21ffffffff	0xfffffffffffffffffffffffffffffffffffffffffffffffffffffffefffffc2f	0
TRACE	pp_replay_halving_ordinary	2273196	0xfdc765c0744041bdecb0a4d488b46d08d3e6638f8451536af7485e21ffffffff	0xfffffffffffffffffffffffffffffffffffffffffffffffffffffffefffffc2f	0
TRACE	pp_replay_halving_ordinary	2278419	0xfdc765c0744041bdecb0a4d488b46d08d3e6638f8451536af7485e21ffffffff	0x0	0
TRACE	pp_replay_halving_ordinary	2283642	0xfdc765c0744041bdecb0a4d488b46d08d3e6638f8451536af7485e21ffffffff	0x0	0
TRACE	pp_replay_halving_ordinary	2288865	0xfdc765c0744041bdecb0a4d488b46d08d3e6638f8451536af7485e21ffffffff	0x0	0
TRACE	pp_replay_halving_ordinary	2294088	0xfdc765c0744041bdecb0a4d488b46d08d3e6638f8451536af7485e21ffffffff	0x0	0
TRACE	pp_replay_halving_ordinary	2299311	0xfdc765c0744041bdecb0a4d488b46d08d3e6638f8451536af7485e21ffffffff	0xfffffffffffffffffffffffffffffffffffffffffffffffffffffffefffffc2f	0
TRACE	pp_replay_halving_ordinary	2304534	0xfdc765c0744041bdecb0a4d488b46d08d3e6638f8451536af7485e21ffffffff	0xfffffffffffffffffffffffffffffffffffffffffffffffffffffffefffffc2f	1
TRACE	pp_replay_halving_ordinary	2309757	0xfdc765c0744041bdecb0a4d488b46d08d3e6638f8451536af7485e21ffffffff	0x0	1
TRACE	pp_replay_halving_ordinary	2314980	0xfdc765c0744041bdecb0a4d488b46d08d3e6638f8451536af7485e21ffffffff	0x0	1
TRACE	pp_replay_halving_ordinary	2320203	0xfdc765c0744041bdecb0a4d488b46d08d3e6638f8451536af7485e21ffffffff	0xfffffffffffffffffffffffffffffffffffffffffffffffffffffffefffffc2f	1
TRACE	pp_replay_halving_ordinary	2325426	0xfdc765c0744041bdecb0a4d488b46d08d3e6638f8451536af7485e21ffffffff	0xfffffffffffffffffffffffffffffffffffffffffffffffffffffffefffffc2f	1
TRACE	pp_replay_halving_ordinary	2330649	0xfdc765c0744041bdecb0a4d488b46d08d3e6638f8451536af7485e21ffffffff	0xfffffffffffffffffffffffffffffffffffffffffffffffffffffffefffffc2f	0
TRACE	pp_replay_halving_ordinary	2335872	0xfdc765c0744041bdecb0a4d488b46d08d3e6638f8451536af7485e21ffffffff	0xfffffffffffffffffffffffffffffffffffffffffffffffffffffffefffffc2f	0
TRACE	pp_replay_halving_ordinary	2341095	0xfdc765c0744041bdecb0a4d488b46d08d3e6638f8451536af7485e21ffffffff	0xfffffffffffffffffffffffffffffffffffffffffffffffffffffffefffffc2f	1
TRACE	pp_replay_halving_ordinary	2346318	0xfdc765c0744041bdecb0a4d488b46d08d3e6638f8451536af7485e21ffffffff	0xfffffffffffffffffffffffffffffffffffffffffffffffffffffffefffffc2f	0
TRACE	pp_replay_halving_ordinary	2351541	0xfdc765c0744041bdecb0a4d488b46d08d3e6638f8451536af7485e21ffffffff	0xfffffffffffffffffffffffffffffffffffffffffffffffffffffffefffffc2f	1
TRACE	pp_replay_halving_ordinary	2356764	0xfdc765c0744041bdecb0a4d488b46d08d3e6638f8451536af7485e21ffffffff	0xfffffffffffffffffffffffffffffffffffffffffffffffffffffffefffffc2f	1
TRACE	pp_replay_halving_ordinary	2361987	0xfdc765c0744041bdecb0a4d488b46d08d3e6638f8451536af7485e21ffffffff	0xfffffffffffffffffffffffffffffffffffffffffffffffffffffffefffffc2f	1
TRACE	pp_replay_halving_ordinary	2367210	0xfdc765c0744041bdecb0a4d488b46d08d3e6638f8451536af7485e21ffffffff	0xfffffffffffffffffffffffffffffffffffffffffffffffffffffffefffffc2f	1
TRACE	pp_replay_halving_ordinary	2372433	0xfdc765c0744041bdecb0a4d488b46d08d3e6638f8451536af7485e21ffffffff	0xfffffffffffffffffffffffffffffffffffffffffffffffffffffffefffffc2f	0
TRACE	pp_replay_halving_ordinary	2377656	0xfdc765c0744041bdecb0a4d488b46d08d3e6638f8451536af7485e21ffffffff	0xfffffffffffffffffffffffffffffffffffffffffffffffffffffffefffffc2f	0
TRACE	pp_replay_halving_ordinary	2382879	0xfdc765c0744041bdecb0a4d488b46d08d3e6638f8451536af7485e21ffffffff	0x0	0
TRACE	pp_replay_halving_ordinary	2388102	0xfdc765c0744041bdecb0a4d488b46d08d3e6638f8451536af7485e21ffffffff	0x0	0
TRACE	pp_replay_halving_ordinary	2393325	0xfdc765c0744041bdecb0a4d488b46d08d3e6638f8451536af7485e21ffffffff	0x0	1
TRACE	pp_replay_halving_ordinary	2398548	0xfdc765c0744041bdecb0a4d488b46d08d3e6638f8451536af7485e21ffffffff	0x0	1
TRACE	pp_replay_halving_ordinary	2403771	0xfdc765c0744041bdecb0a4d488b46d08d3e6638f8451536af7485e21ffffffff	0xfffffffffffffffffffffffffffffffffffffffffffffffffffffffefffffc2f	1
TRACE	pp_replay_halving_ordinary	2408994	0xfdc765c0744041bdecb0a4d488b46d08d3e6638f8451536af7485e21ffffffff	0xfffffffffffffffffffffffffffffffffffffffffffffffffffffffefffffc2f	1
TRACE	pp_replay_halving_ordinary	2414217	0xfdc765c0744041bdecb0a4d488b46d08d3e6638f8451536af7485e21ffffffff	0xfffffffffffffffffffffffffffffffffffffffffffffffffffffffefffffc2f	1
TRACE	pp_replay_halving_ordinary	2419440	0xfdc765c0744041bdecb0a4d488b46d08d3e6638f8451536af7485e21ffffffff	0xfffffffffffffffffffffffffffffffffffffffffffffffffffffffefffffc2f	1
TRACE	pp_replay_halving_ordinary	2424663	0xfdc765c0744041bdecb0a4d488b46d08d3e6638f8451536af7485e21ffffffff	0xfffffffffffffffffffffffffffffffffffffffffffffffffffffffefffffc2f	1
TRACE	pp_replay_halving_ordinary	2429886	0xfdc765c0744041bdecb0a4d488b46d08d3e6638f8451536af7485e21ffffffff	0xfffffffffffffffffffffffffffffffffffffffffffffffffffffffefffffc2f	0
TRACE	pp_replay_halving_ordinary	2435109	0xfdc765c0744041bdecb0a4d488b46d08d3e6638f8451536af7485e21ffffffff	0xfffffffffffffffffffffffffffffffffffffffffffffffffffffffefffffc2f	0
TRACE	pp_replay_halving_ordinary	2440332	0xfdc765c0744041bdecb0a4d488b46d08d3e6638f8451536af7485e21ffffffff	0xfffffffffffffffffffffffffffffffffffffffffffffffffffffffefffffc2f	0
TRACE	pp_replay_halving_ordinary	2445555	0xfdc765c0744041bdecb0a4d488b46d08d3e6638f8451536af7485e21ffffffff	0xfffffffffffffffffffffffffffffffffffffffffffffffffffffffefffffc2f	0
TRACE	pp_replay_halving_ordinary	2450778	0xfdc765c0744041bdecb0a4d488b46d08d3e6638f8451536af7485e21ffffffff	0xfffffffffffffffffffffffffffffffffffffffffffffffffffffffefffffc2f	0
TRACE	pp_replay_halving_ordinary	2456001	0xfdc765c0744041bdecb0a4d488b46d08d3e6638f8451536af7485e21ffffffff	0xfffffffffffffffffffffffffffffffffffffffffffffffffffffffefffffc2f	0
TRACE	pp_replay_halving_ordinary	2461224	0xfdc765c0744041bdecb0a4d488b46d08d3e6638f8451536af7485e21ffffffff	0xfffffffffffffffffffffffffffffffffffffffffffffffffffffffefffffc2f	1
TRACE	pp_replay_halving_ordinary	2466447	0xfdc765c0744041bdecb0a4d488b46d08d3e6638f8451536af7485e21ffffffff	0xfffffffffffffffffffffffffffffffffffffffffffffffffffffffefffffc2f	1
TRACE	pp_replay_halving_ordinary	2471670	0xfdc765c0744041bdecb0a4d488b46d08d3e6638f8451536af7485e21ffffffff	0xfffffffffffffffffffffffffffffffffffffffffffffffffffffffefffffc2f	1
TRACE	pp_replay_halving_ordinary	2476893	0xfdc765c0744041bdecb0a4d488b46d08d3e6638f8451536af7485e21ffffffff	0x0	1
TRACE	pp_replay_halving_ordinary	2482116	0xfdc765c0744041bdecb0a4d488b46d08d3e6638f8451536af7485e21ffffffff	0x0	1
TRACE	pp_replay_halving_ordinary	2487339	0xfdc765c0744041bdecb0a4d488b46d08d3e6638f8451536af7485e21ffffffff	0x0	0
TRACE	pp_replay_halving_ordinary	2492562	0xfdc765c0744041bdecb0a4d488b46d08d3e6638f8451536af7485e21ffffffff	0x0	0
TRACE	pp_replay_halving_ordinary	2497785	0xfdc765c0744041bdecb0a4d488b46d08d3e6638f8451536af7485e21ffffffff	0x0	1
TRACE	pp_replay_halving_ordinary	2503008	0xfdc765c0744041bdecb0a4d488b46d08d3e6638f8451536af7485e21ffffffff	0x0	1
TRACE	pp_replay_halving_ordinary	2508231	0xfdc765c0744041bdecb0a4d488b46d08d3e6638f8451536af7485e21ffffffff	0x0	1
TRACE	pp_replay_halving_ordinary	2513454	0xfdc765c0744041bdecb0a4d488b46d08d3e6638f8451536af7485e21ffffffff	0x0	1
TRACE	pp_replay_halving_ordinary	2518677	0xfdc765c0744041bdecb0a4d488b46d08d3e6638f8451536af7485e21ffffffff	0xfffffffffffffffffffffffffffffffffffffffffffffffffffffffefffffc2f	1
TRACE	pp_replay_halving_ordinary	2523900	0xfdc765c0744041bdecb0a4d488b46d08d3e6638f8451536af7485e21ffffffff	0xfffffffffffffffffffffffffffffffffffffffffffffffffffffffefffffc2f	1
TRACE	pp_replay_halving_ordinary	2529123	0xfdc765c0744041bdecb0a4d488b46d08d3e6638f8451536af7485e21ffffffff	0xfffffffffffffffffffffffffffffffffffffffffffffffffffffffefffffc2f	1
TRACE	pp_replay_halving_ordinary	2534346	0xfdc765c0744041bdecb0a4d488b46d08d3e6638f8451536af7485e21ffffffff	0xfffffffffffffffffffffffffffffffffffffffffffffffffffffffefffffc2f	1
TRACE	pp_replay_halving_ordinary	2539569	0xfdc765c0744041bdecb0a4d488b46d08d3e6638f8451536af7485e21ffffffff	0x0	1
TRACE	pp_replay_halving_ordinary	2544792	0xfdc765c0744041bdecb0a4d488b46d08d3e6638f8451536af7485e21ffffffff	0x0	1
TRACE	pp_replay_halving_ordinary	2550015	0xfdc765c0744041bdecb0a4d488b46d08d3e6638f8451536af7485e21ffffffff	0x0	0
TRACE	pp_replay_halving_ordinary	2555238	0xfdc765c0744041bdecb0a4d488b46d08d3e6638f8451536af7485e21ffffffff	0x0	0
TRACE	pp_replay_halving_ordinary	2560461	0xfdc765c0744041bdecb0a4d488b46d08d3e6638f8451536af7485e21ffffffff	0x0	0
TRACE	pp_replay_halving_ordinary	2565684	0xfdc765c0744041bdecb0a4d488b46d08d3e6638f8451536af7485e21ffffffff	0x0	0
TRACE	pp_replay_halving_ordinary	2570907	0xfdc765c0744041bdecb0a4d488b46d08d3e6638f8451536af7485e21ffffffff	0xfffffffffffffffffffffffffffffffffffffffffffffffffffffffefffffc2f	0
TRACE	pp_replay_halving_ordinary	2576130	0xfdc765c0744041bdecb0a4d488b46d08d3e6638f8451536af7485e21ffffffff	0xfffffffffffffffffffffffffffffffffffffffffffffffffffffffefffffc2f	0
TRACE	pp_replay_halving_ordinary	2581353	0xfdc765c0744041bdecb0a4d488b46d08d3e6638f8451536af7485e21ffffffff	0xfffffffffffffffffffffffffffffffffffffffffffffffffffffffefffffc2f	0
TRACE	pp_replay_halving_ordinary	2586576	0xfdc765c0744041bdecb0a4d488b46d08d3e6638f8451536af7485e21ffffffff	0xfffffffffffffffffffffffffffffffffffffffffffffffffffffffefffffc2f	0
TRACE	pp_replay_halving_ordinary	2591799	0xfdc765c0744041bdecb0a4d488b46d08d3e6638f8451536af7485e21ffffffff	0xfffffffffffffffffffffffffffffffffffffffffffffffffffffffefffffc2f	0
TRACE	pp_replay_halving_ordinary	2597022	0xfdc765c0744041bdecb0a4d488b46d08d3e6638f8451536af7485e21ffffffff	0xfffffffffffffffffffffffffffffffffffffffffffffffffffffffefffffc2f	0
TRACE	pp_replay_halving_ordinary	2602245	0xfdc765c0744041bdecb0a4d488b46d08d3e6638f8451536af7485e21ffffffff	0xfffffffffffffffffffffffffffffffffffffffffffffffffffffffefffffc2f	0
TRACE	pp_replay_halving_ordinary	2607468	0xfdc765c0744041bdecb0a4d488b46d08d3e6638f8451536af7485e21ffffffff	0xfffffffffffffffffffffffffffffffffffffffffffffffffffffffefffffc2f	0
TRACE	pp_replay_halving_ordinary	2612691	0xfdc765c0744041bdecb0a4d488b46d08d3e6638f8451536af7485e21ffffffff	0xfffffffffffffffffffffffffffffffffffffffffffffffffffffffefffffc2f	0
TRACE	pp_replay_halving_ordinary	2617914	0xfdc765c0744041bdecb0a4d488b46d08d3e6638f8451536af7485e21ffffffff	0xfffffffffffffffffffffffffffffffffffffffffffffffffffffffefffffc2f	0
TRACE	pp_replay_halving_ordinary	2623137	0xfdc765c0744041bdecb0a4d488b46d08d3e6638f8451536af7485e21ffffffff	0xfffffffffffffffffffffffffffffffffffffffffffffffffffffffefffffc2f	0
TRACE	pp_replay_halving_ordinary	2628360	0xfdc765c0744041bdecb0a4d488b46d08d3e6638f8451536af7485e21ffffffff	0xfffffffffffffffffffffffffffffffffffffffffffffffffffffffefffffc2f	0
TRACE	pp_replay_halving_ordinary	2633583	0xfdc765c0744041bdecb0a4d488b46d08d3e6638f8451536af7485e21ffffffff	0xfffffffffffffffffffffffffffffffffffffffffffffffffffffffefffffc2f	1
TRACE	pp_replay_halving_ordinary	2638806	0xfdc765c0744041bdecb0a4d488b46d08d3e6638f8451536af7485e21ffffffff	0xfffffffffffffffffffffffffffffffffffffffffffffffffffffffefffffc2f	0
TRACE	pp_replay_halving_ordinary	2644029	0xfdc765c0744041bdecb0a4d488b46d08d3e6638f8451536af7485e21ffffffff	0x0	0
TRACE	pp_replay_halving_ordinary	2649252	0xfdc765c0744041bdecb0a4d488b46d08d3e6638f8451536af7485e21ffffffff	0x0	0
TRACE	pp_replay_halving_ordinary	2654475	0xfdc765c0744041bdecb0a4d488b46d08d3e6638f8451536af7485e21ffffffff	0x0	0
TRACE	pp_replay_halving_ordinary	2659698	0xfdc765c0744041bdecb0a4d488b46d08d3e6638f8451536af7485e21ffffffff	0x0	0
TRACE	pp_replay_halving_ordinary	2664921	0xfdc765c0744041bdecb0a4d488b46d08d3e6638f8451536af7485e21ffffffff	0xfffffffffffffffffffffffffffffffffffffffffffffffffffffffefffffc2f	0
TRACE	pp_replay_halving_ordinary	2670144	0xfdc765c0744041bdecb0a4d488b46d08d3e6638f8451536af7485e21ffffffff	0xfffffffffffffffffffffffffffffffffffffffffffffffffffffffefffffc2f	0
TRACE	pp_replay_halving_ordinary	2675367	0xfdc765c0744041bdecb0a4d488b46d08d3e6638f8451536af7485e21ffffffff	0xfffffffffffffffffffffffffffffffffffffffffffffffffffffffefffffc2f	0
TRACE	pp_replay_halving_ordinary	2680590	0xfdc765c0744041bdecb0a4d488b46d08d3e6638f8451536af7485e21ffffffff	0xfffffffffffffffffffffffffffffffffffffffffffffffffffffffefffffc2f	0
TRACE	pp_replay_halving_ordinary	2685813	0xfdc765c0744041bdecb0a4d488b46d08d3e6638f8451536af7485e21ffffffff	0xfffffffffffffffffffffffffffffffffffffffffffffffffffffffefffffc2f	0
TRACE	pp_replay_halving_ordinary	2691036	0xfdc765c0744041bdecb0a4d488b46d08d3e6638f8451536af7485e21ffffffff	0xfffffffffffffffffffffffffffffffffffffffffffffffffffffffefffffc2f	0
TRACE	pp_replay_halving_ordinary	2696259	0xfdc765c0744041bdecb0a4d488b46d08d3e6638f8451536af7485e21ffffffff	0x0	0
TRACE	pp_replay_halving_ordinary	2701482	0xfdc765c0744041bdecb0a4d488b46d08d3e6638f8451536af7485e21ffffffff	0x0	0
TRACE	pp_replay_halving_ordinary	2706705	0xfdc765c0744041bdecb0a4d488b46d08d3e6638f8451536af7485e21ffffffff	0x0	1
TRACE	pp_replay_halving_ordinary	2711928	0xfdc765c0744041bdecb0a4d488b46d08d3e6638f8451536af7485e21ffffffff	0x0	1
TRACE	pp_replay_halving_ordinary	2717151	0xfdc765c0744041bdecb0a4d488b46d08d3e6638f8451536af7485e21ffffffff	0xfffffffffffffffffffffffffffffffffffffffffffffffffffffffefffffc2f	1
TRACE	pp_replay_halving_ordinary	2722374	0xfdc765c0744041bdecb0a4d488b46d08d3e6638f8451536af7485e21ffffffff	0xfffffffffffffffffffffffffffffffffffffffffffffffffffffffefffffc2f	1
TRACE	pp_replay_halving_ordinary	2727597	0xfdc765c0744041bdecb0a4d488b46d08d3e6638f8451536af7485e21ffffffff	0xfffffffffffffffffffffffffffffffffffffffffffffffffffffffefffffc2f	0
TRACE	pp_replay_halving_ordinary	2732820	0xfdc765c0744041bdecb0a4d488b46d08d3e6638f8451536af7485e21ffffffff	0xfffffffffffffffffffffffffffffffffffffffffffffffffffffffefffffc2f	0
TRACE	pp_replay_halving_ordinary	2738043	0xfdc765c0744041bdecb0a4d488b46d08d3e6638f8451536af7485e21ffffffff	0xfffffffffffffffffffffffffffffffffffffffffffffffffffffffefffffc2f	1
TRACE	pp_replay_halving_ordinary	2743266	0xfdc765c0744041bdecb0a4d488b46d08d3e6638f8451536af7485e21ffffffff	0xfffffffffffffffffffffffffffffffffffffffffffffffffffffffefffffc2f	1
TRACE	pp_replay_halving_ordinary	2748489	0xfdc765c0744041bdecb0a4d488b46d08d3e6638f8451536af7485e21ffffffff	0xfffffffffffffffffffffffffffffffffffffffffffffffffffffffefffffc2f	1
TRACE	pp_replay_halving_ordinary	2753712	0xfdc765c0744041bdecb0a4d488b46d08d3e6638f8451536af7485e21ffffffff	0xfffffffffffffffffffffffffffffffffffffffffffffffffffffffefffffc2f	1
TRACE	pp_replay_halving_ordinary	2758935	0xfdc765c0744041bdecb0a4d488b46d08d3e6638f8451536af7485e21ffffffff	0x0	1
TRACE	pp_replay_halving_ordinary	2764158	0xfdc765c0744041bdecb0a4d488b46d08d3e6638f8451536af7485e21ffffffff	0x0	1
TRACE	pp_replay_halving_ordinary	2769381	0xfdc765c0744041bdecb0a4d488b46d08d3e6638f8451536af7485e21ffffffff	0x0	1
TRACE	pp_replay_halving_ordinary	2774604	0xfdc765c0744041bdecb0a4d488b46d08d3e6638f8451536af7485e21ffffffff	0x0	1
TRACE	pp_replay_halving_ordinary	2779827	0xfdc765c0744041bdecb0a4d488b46d08d3e6638f8451536af7485e21ffffffff	0x0	0
TRACE	pp_replay_halving_ordinary	2785050	0xfdc765c0744041bdecb0a4d488b46d08d3e6638f8451536af7485e21ffffffff	0x0	0
TRACE	pp_replay_halving_ordinary	2790273	0xfdc765c0744041bdecb0a4d488b46d08d3e6638f8451536af7485e21ffffffff	0xfffffffffffffffffffffffffffffffffffffffffffffffffffffffefffffc2f	0
TRACE	pp_replay_halving_ordinary	2795496	0xfdc765c0744041bdecb0a4d488b46d08d3e6638f8451536af7485e21ffffffff	0xfffffffffffffffffffffffffffffffffffffffffffffffffffffffefffffc2f	1
TRACE	pp_replay_halving_ordinary	2800719	0xfdc765c0744041bdecb0a4d488b46d08d3e6638f8451536af7485e21ffffffff	0xfffffffffffffffffffffffffffffffffffffffffffffffffffffffefffffc2f	1
TRACE	pp_replay_halving_ordinary	2805942	0xfdc765c0744041bdecb0a4d488b46d08d3e6638f8451536af7485e21ffffffff	0xfffffffffffffffffffffffffffffffffffffffffffffffffffffffefffffc2f	0
TRACE	pp_replay_halving_ordinary	2811165	0xfdc765c0744041bdecb0a4d488b46d08d3e6638f8451536af7485e21ffffffff	0x0	0
TRACE	pp_replay_halving_ordinary	2816388	0xfdc765c0744041bdecb0a4d488b46d08d3e6638f8451536af7485e21ffffffff	0x0	0
TRACE	pp_replay_halving_ordinary	2821611	0xfdc765c0744041bdecb0a4d488b46d08d3e6638f8451536af7485e21ffffffff	0xfffffffffffffffffffffffffffffffffffffffffffffffffffffffefffffc2f	0
TRACE	pp_replay_halving_ordinary	2826834	0xfdc765c0744041bdecb0a4d488b46d08d3e6638f8451536af7485e21ffffffff	0xfffffffffffffffffffffffffffffffffffffffffffffffffffffffefffffc2f	0
TRACE	pp_replay_halving_ordinary	2832057	0xfdc765c0744041bdecb0a4d488b46d08d3e6638f8451536af7485e21ffffffff	0xfffffffffffffffffffffffffffffffffffffffffffffffffffffffefffffc2f	1
TRACE	pp_replay_halving_ordinary	2837280	0xfdc765c0744041bdecb0a4d488b46d08d3e6638f8451536af7485e21ffffffff	0xfffffffffffffffffffffffffffffffffffffffffffffffffffffffefffffc2f	0
TRACE	pp_replay_halving_ordinary	2842503	0xfdc765c0744041bdecb0a4d488b46d08d3e6638f8451536af7485e21ffffffff	0xfffffffffffffffffffffffffffffffffffffffffffffffffffffffefffffc2f	0
TRACE	pp_replay_halving_ordinary	2847726	0xfdc765c0744041bdecb0a4d488b46d08d3e6638f8451536af7485e21ffffffff	0xfffffffffffffffffffffffffffffffffffffffffffffffffffffffefffffc2f	0
TRACE	pp_replay_halving_ordinary	2852949	0xfdc765c0744041bdecb0a4d488b46d08d3e6638f8451536af7485e21ffffffff	0xfffffffffffffffffffffffffffffffffffffffffffffffffffffffefffffc2f	0
TRACE	pp_replay_halving_ordinary	2858172	0xfdc765c0744041bdecb0a4d488b46d08d3e6638f8451536af7485e21ffffffff	0xfffffffffffffffffffffffffffffffffffffffffffffffffffffffefffffc2f	1
TRACE	pp_replay_halving_ordinary	2863395	0xfdc765c0744041bdecb0a4d488b46d08d3e6638f8451536af7485e21ffffffff	0xfffffffffffffffffffffffffffffffffffffffffffffffffffffffefffffc2f	1
TRACE	pp_replay_halving_ordinary	2868618	0xfdc765c0744041bdecb0a4d488b46d08d3e6638f8451536af7485e21ffffffff	0xfffffffffffffffffffffffffffffffffffffffffffffffffffffffefffffc2f	1
TRACE	pp_replay_halving_ordinary	2873841	0xfdc765c0744041bdecb0a4d488b46d08d3e6638f8451536af7485e21ffffffff	0xfffffffffffffffffffffffffffffffffffffffffffffffffffffffefffffc2f	1
TRACE	pp_replay_halving_ordinary	2879064	0xfdc765c0744041bdecb0a4d488b46d08d3e6638f8451536af7485e21ffffffff	0xfffffffffffffffffffffffffffffffffffffffffffffffffffffffefffffc2f	1
TRACE	pp_replay_halving_ordinary	2884287	0xfdc765c0744041bdecb0a4d488b46d08d3e6638f8451536af7485e21ffffffff	0xfffffffffffffffffffffffffffffffffffffffffffffffffffffffefffffc2f	1
TRACE	pp_replay_halving_ordinary	2889510	0xfdc765c0744041bdecb0a4d488b46d08d3e6638f8451536af7485e21ffffffff	0xfffffffffffffffffffffffffffffffffffffffffffffffffffffffefffffc2f	1
TRACE	pp_replay_halving_ordinary	2894733	0xfdc765c0744041bdecb0a4d488b46d08d3e6638f8451536af7485e21ffffffff	0xfffffffffffffffffffffffffffffffffffffffffffffffffffffffefffffc2f	1
TRACE	pp_replay_halving_ordinary	2899956	0xfdc765c0744041bdecb0a4d488b46d08d3e6638f8451536af7485e21ffffffff	0xfffffffffffffffffffffffffffffffffffffffffffffffffffffffefffffc2f	0
TRACE	pp_replay_halving_ordinary	2905179	0xfdc765c0744041bdecb0a4d488b46d08d3e6638f8451536af7485e21ffffffff	0x0	0
TRACE	pp_replay_halving_ordinary	2910402	0xfdc765c0744041bdecb0a4d488b46d08d3e6638f8451536af7485e21ffffffff	0x0	0
TRACE	pp_replay_halving_ordinary	2915625	0xfdc765c0744041bdecb0a4d488b46d08d3e6638f8451536af7485e21ffffffff	0x0	0
TRACE	pp_replay_halving_ordinary	2920848	0xfdc765c0744041bdecb0a4d488b46d08d3e6638f8451536af7485e21ffffffff	0x0	0
TRACE	pp_replay_halving_ordinary	2926071	0xfdc765c0744041bdecb0a4d488b46d08d3e6638f8451536af7485e21ffffffff	0x0	0
TRACE	pp_replay_halving_ordinary	2931294	0xfdc765c0744041bdecb0a4d488b46d08d3e6638f8451536af7485e21ffffffff	0x0	0
TRACE	pp_replay_halving_ordinary	2936517	0xfdc765c0744041bdecb0a4d488b46d08d3e6638f8451536af7485e21ffffffff	0xfffffffffffffffffffffffffffffffffffffffffffffffffffffffefffffc2f	0
TRACE	pp_replay_halving_ordinary	2941740	0xfdc765c0744041bdecb0a4d488b46d08d3e6638f8451536af7485e21ffffffff	0xfffffffffffffffffffffffffffffffffffffffffffffffffffffffefffffc2f	0
TRACE	pp_replay_halving_ordinary	2946963	0xfdc765c0744041bdecb0a4d488b46d08d3e6638f8451536af7485e21ffffffff	0xfffffffffffffffffffffffffffffffffffffffffffffffffffffffefffffc2f	0
TRACE	pp_replay_halving_ordinary	2952186	0xfdc765c0744041bdecb0a4d488b46d08d3e6638f8451536af7485e21ffffffff	0xfffffffffffffffffffffffffffffffffffffffffffffffffffffffefffffc2f	0
TRACE	pp_replay_halving_ordinary	2957409	0xfdc765c0744041bdecb0a4d488b46d08d3e6638f8451536af7485e21ffffffff	0xfffffffffffffffffffffffffffffffffffffffffffffffffffffffefffffc2f	0
TRACE	pp_replay_halving_ordinary	2962632	0xfdc765c0744041bdecb0a4d488b46d08d3e6638f8451536af7485e21ffffffff	0xfffffffffffffffffffffffffffffffffffffffffffffffffffffffefffffc2f	0
TRACE	pp_replay_halving_ordinary	2967855	0xfdc765c0744041bdecb0a4d488b46d08d3e6638f8451536af7485e21ffffffff	0xfffffffffffffffffffffffffffffffffffffffffffffffffffffffefffffc2f	0
TRACE	pp_replay_halving_ordinary	2973078	0xfdc765c0744041bdecb0a4d488b46d08d3e6638f8451536af7485e21ffffffff	0xfffffffffffffffffffffffffffffffffffffffffffffffffffffffefffffc2f	0
TRACE	pp_replay_halving_ordinary	2978301	0xfdc765c0744041bdecb0a4d488b46d08d3e6638f8451536af7485e21ffffffff	0xfffffffffffffffffffffffffffffffffffffffffffffffffffffffefffffc2f	0
TRACE	pp_replay_halving_ordinary	2983524	0xfdc765c0744041bdecb0a4d488b46d08d3e6638f8451536af7485e21ffffffff	0xfffffffffffffffffffffffffffffffffffffffffffffffffffffffefffffc2f	0
TRACE	pp_replay_halving_ordinary	2988747	0xfdc765c0744041bdecb0a4d488b46d08d3e6638f8451536af7485e21ffffffff	0xfffffffffffffffffffffffffffffffffffffffffffffffffffffffefffffc2f	1
TRACE	pp_replay_halving_ordinary	2993970	0xfdc765c0744041bdecb0a4d488b46d08d3e6638f8451536af7485e21ffffffff	0xfffffffffffffffffffffffffffffffffffffffffffffffffffffffefffffc2f	0
TRACE	pp_replay_halving_ordinary	2999193	0xfdc765c0744041bdecb0a4d488b46d08d3e6638f8451536af7485e21ffffffff	0xfffffffffffffffffffffffffffffffffffffffffffffffffffffffefffffc2f	0
TRACE	pp_replay_halving_ordinary	3004416	0xfdc765c0744041bdecb0a4d488b46d08d3e6638f8451536af7485e21ffffffff	0xfffffffffffffffffffffffffffffffffffffffffffffffffffffffefffffc2f	0
TRACE	pp_replay_halving_ordinary	3009639	0xfdc765c0744041bdecb0a4d488b46d08d3e6638f8451536af7485e21ffffffff	0xfffffffffffffffffffffffffffffffffffffffffffffffffffffffefffffc2f	0
TRACE	pp_replay_halving_ordinary	3014862	0xfdc765c0744041bdecb0a4d488b46d08d3e6638f8451536af7485e21ffffffff	0xfffffffffffffffffffffffffffffffffffffffffffffffffffffffefffffc2f	0
TRACE	pp_replay_halving_ordinary	3020085	0xfdc765c0744041bdecb0a4d488b46d08d3e6638f8451536af7485e21ffffffff	0xfffffffffffffffffffffffffffffffffffffffffffffffffffffffefffffc2f	0
TRACE	pp_replay_halving_ordinary	3025308	0xfdc765c0744041bdecb0a4d488b46d08d3e6638f8451536af7485e21ffffffff	0xfffffffffffffffffffffffffffffffffffffffffffffffffffffffefffffc2f	0
TRACE	pp_replay_halving_ordinary	3030531	0xfdc765c0744041bdecb0a4d488b46d08d3e6638f8451536af7485e21ffffffff	0xfffffffffffffffffffffffffffffffffffffffffffffffffffffffefffffc2f	0
TRACE	pp_replay_halving_ordinary	3035754	0xfdc765c0744041bdecb0a4d488b46d08d3e6638f8451536af7485e21ffffffff	0xfffffffffffffffffffffffffffffffffffffffffffffffffffffffefffffc2f	0
TRACE	pp_replay_halving_ordinary	3040977	0xfdc765c0744041bdecb0a4d488b46d08d3e6638f8451536af7485e21ffffffff	0x0	0
TRACE	pp_replay_halving_ordinary	3046200	0xfdc765c0744041bdecb0a4d488b46d08d3e6638f8451536af7485e21ffffffff	0x0	0
TRACE	pp_replay_halving_ordinary	3051423	0xfdc765c0744041bdecb0a4d488b46d08d3e6638f8451536af7485e21ffffffff	0xfffffffffffffffffffffffffffffffffffffffffffffffffffffffefffffc2f	0
TRACE	pp_replay_halving_ordinary	3056646	0xfdc765c0744041bdecb0a4d488b46d08d3e6638f8451536af7485e21ffffffff	0xfffffffffffffffffffffffffffffffffffffffffffffffffffffffefffffc2f	0
TRACE	pp_replay_halving_ordinary	3061869	0xfdc765c0744041bdecb0a4d488b46d08d3e6638f8451536af7485e21ffffffff	0xfffffffffffffffffffffffffffffffffffffffffffffffffffffffefffffc2f	0
TRACE	pp_replay_halving_ordinary	3067092	0xfdc765c0744041bdecb0a4d488b46d08d3e6638f8451536af7485e21ffffffff	0xfffffffffffffffffffffffffffffffffffffffffffffffffffffffefffffc2f	1
TRACE	pp_replay_halving_ordinary	3072315	0xfdc765c0744041bdecb0a4d488b46d08d3e6638f8451536af7485e21ffffffff	0xfffffffffffffffffffffffffffffffffffffffffffffffffffffffefffffc2f	1
TRACE	pp_replay_halving_ordinary	3077538	0xfdc765c0744041bdecb0a4d488b46d08d3e6638f8451536af7485e21ffffffff	0xfffffffffffffffffffffffffffffffffffffffffffffffffffffffefffffc2f	1
TRACE	pp_replay_halving_ordinary	3082761	0xfdc765c0744041bdecb0a4d488b46d08d3e6638f8451536af7485e21ffffffff	0xfffffffffffffffffffffffffffffffffffffffffffffffffffffffefffffc2f	1
TRACE	pp_replay_halving_ordinary	3087984	0xfdc765c0744041bdecb0a4d488b46d08d3e6638f8451536af7485e21ffffffff	0xfffffffffffffffffffffffffffffffffffffffffffffffffffffffefffffc2f	0
TRACE	pp_replay_halving_ordinary	3093207	0xfdc765c0744041bdecb0a4d488b46d08d3e6638f8451536af7485e21ffffffff	0x0	0
TRACE	pp_replay_halving_ordinary	3098430	0xfdc765c0744041bdecb0a4d488b46d08d3e6638f8451536af7485e21ffffffff	0x0	0
TRACE	pp_replay_halving_ordinary	3103653	0xfdc765c0744041bdecb0a4d488b46d08d3e6638f8451536af7485e21ffffffff	0xfffffffffffffffffffffffffffffffffffffffffffffffffffffffefffffc2f	0
TRACE	pp_replay_halving_ordinary	3108876	0xfdc765c0744041bdecb0a4d488b46d08d3e6638f8451536af7485e21ffffffff	0xfffffffffffffffffffffffffffffffffffffffffffffffffffffffefffffc2f	0
TRACE	pp_replay_halving_ordinary	3114099	0xfdc765c0744041bdecb0a4d488b46d08d3e6638f8451536af7485e21ffffffff	0xfffffffffffffffffffffffffffffffffffffffffffffffffffffffefffffc2f	0
TRACE	pp_replay_halving_ordinary	3119322	0xfdc765c0744041bdecb0a4d488b46d08d3e6638f8451536af7485e21ffffffff	0xfffffffffffffffffffffffffffffffffffffffffffffffffffffffefffffc2f	0
TRACE	pp_replay_halving_ordinary	3124545	0xfdc765c0744041bdecb0a4d488b46d08d3e6638f8451536af7485e21ffffffff	0x0	0
TRACE	pp_replay_halving_ordinary	3129768	0xfdc765c0744041bdecb0a4d488b46d08d3e6638f8451536af7485e21ffffffff	0x0	0
TRACE	pp_replay_halving_ordinary	3134991	0xfdc765c0744041bdecb0a4d488b46d08d3e6638f8451536af7485e21ffffffff	0x0	0
TRACE	pp_replay_halving_ordinary	3140214	0xfdc765c0744041bdecb0a4d488b46d08d3e6638f8451536af7485e21ffffffff	0x0	0
TRACE	pp_replay_halving_ordinary	3145437	0xfdc765c0744041bdecb0a4d488b46d08d3e6638f8451536af7485e21ffffffff	0x0	1
TRACE	pp_replay_halving_ordinary	3150660	0xfdc765c0744041bdecb0a4d488b46d08d3e6638f8451536af7485e21ffffffff	0x0	1
TRACE	pp_replay_halving_ordinary	3155883	0xfdc765c0744041bdecb0a4d488b46d08d3e6638f8451536af7485e21ffffffff	0x0	1
TRACE	pp_replay_halving_ordinary	3161106	0xfdc765c0744041bdecb0a4d488b46d08d3e6638f8451536af7485e21ffffffff	0x0	1
TRACE	pp_replay_halving_ordinary	3166329	0xfdc765c0744041bdecb0a4d488b46d08d3e6638f8451536af7485e21ffffffff	0xfffffffffffffffffffffffffffffffffffffffffffffffffffffffefffffc2f	1
TRACE	pp_replay_halving_ordinary	3171552	0xfdc765c0744041bdecb0a4d488b46d08d3e6638f8451536af7485e21ffffffff	0xfffffffffffffffffffffffffffffffffffffffffffffffffffffffefffffc2f	1
TRACE	pp_replay_halving_ordinary	3176775	0xfdc765c0744041bdecb0a4d488b46d08d3e6638f8451536af7485e21ffffffff	0xfffffffffffffffffffffffffffffffffffffffffffffffffffffffefffffc2f	1
TRACE	pp_replay_halving_ordinary	3181998	0xfdc765c0744041bdecb0a4d488b46d08d3e6638f8451536af7485e21ffffffff	0xfffffffffffffffffffffffffffffffffffffffffffffffffffffffefffffc2f	0
TRACE	pp_replay_halving_ordinary	3187221	0xfdc765c0744041bdecb0a4d488b46d08d3e6638f8451536af7485e21ffffffff	0xfffffffffffffffffffffffffffffffffffffffffffffffffffffffefffffc2f	0
TRACE	pp_replay_halving_ordinary	3192444	0xfdc765c0744041bdecb0a4d488b46d08d3e6638f8451536af7485e21ffffffff	0xfffffffffffffffffffffffffffffffffffffffffffffffffffffffefffffc2f	0
TRACE	pp_replay_halving_ordinary	3197667	0xfdc765c0744041bdecb0a4d488b46d08d3e6638f8451536af7485e21ffffffff	0xfffffffffffffffffffffffffffffffffffffffffffffffffffffffefffffc2f	0
TRACE	pp_replay_halving_ordinary	3202890	0xfdc765c0744041bdecb0a4d488b46d08d3e6638f8451536af7485e21ffffffff	0xfffffffffffffffffffffffffffffffffffffffffffffffffffffffefffffc2f	0
TRACE	pp_replay_halving_ordinary	3208113	0xfdc765c0744041bdecb0a4d488b46d08d3e6638f8451536af7485e21ffffffff	0xfffffffffffffffffffffffffffffffffffffffffffffffffffffffefffffc2f	0
TRACE	pp_replay_halving_ordinary	3213336	0xfdc765c0744041bdecb0a4d488b46d08d3e6638f8451536af7485e21ffffffff	0xfffffffffffffffffffffffffffffffffffffffffffffffffffffffefffffc2f	0
TRACE	pp_replay_halving_ordinary	3218559	0xfdc765c0744041bdecb0a4d488b46d08d3e6638f8451536af7485e21ffffffff	0xfffffffffffffffffffffffffffffffffffffffffffffffffffffffefffffc2f	0
TRACE	pp_replay_halving_ordinary	3223782	0xfdc765c0744041bdecb0a4d488b46d08d3e6638f8451536af7485e21ffffffff	0xfffffffffffffffffffffffffffffffffffffffffffffffffffffffefffffc2f	1
TRACE	pp_replay_halving_ordinary	3229005	0xfdc765c0744041bdecb0a4d488b46d08d3e6638f8451536af7485e21ffffffff	0xfffffffffffffffffffffffffffffffffffffffffffffffffffffffefffffc2f	1
TRACE	pp_replay_halving_ordinary	3234228	0xfdc765c0744041bdecb0a4d488b46d08d3e6638f8451536af7485e21ffffffff	0xfffffffffffffffffffffffffffffffffffffffffffffffffffffffefffffc2f	0
TRACE	pp_replay_halving_ordinary	3239451	0xfdc765c0744041bdecb0a4d488b46d08d3e6638f8451536af7485e21ffffffff	0xfffffffffffffffffffffffffffffffffffffffffffffffffffffffefffffc2f	0
TRACE	pp_replay_halving_ordinary	3244674	0xfdc765c0744041bdecb0a4d488b46d08d3e6638f8451536af7485e21ffffffff	0xfffffffffffffffffffffffffffffffffffffffffffffffffffffffefffffc2f	1
TRACE	pp_replay_halving_ordinary	3249897	0xfdc765c0744041bdecb0a4d488b46d08d3e6638f8451536af7485e21ffffffff	0xfffffffffffffffffffffffffffffffffffffffffffffffffffffffefffffc2f	1
TRACE	pp_replay_halving_ordinary	3255120	0xfdc765c0744041bdecb0a4d488b46d08d3e6638f8451536af7485e21ffffffff	0xfffffffffffffffffffffffffffffffffffffffffffffffffffffffefffffc2f	1
TRACE	pp_replay_halving_ordinary	3260343	0xfdc765c0744041bdecb0a4d488b46d08d3e6638f8451536af7485e21ffffffff	0xfffffffffffffffffffffffffffffffffffffffffffffffffffffffefffffc2f	0
TRACE	pp_replay_halving_ordinary	3265566	0xfdc765c0744041bdecb0a4d488b46d08d3e6638f8451536af7485e21ffffffff	0xfffffffffffffffffffffffffffffffffffffffffffffffffffffffefffffc2f	0
TRACE	pp_replay_halving_ordinary	3270789	0xfdc765c0744041bdecb0a4d488b46d08d3e6638f8451536af7485e21ffffffff	0xfffffffffffffffffffffffffffffffffffffffffffffffffffffffefffffc2f	0
TRACE	pp_replay_halving_ordinary	3276012	0xfdc765c0744041bdecb0a4d488b46d08d3e6638f8451536af7485e21ffffffff	0xfffffffffffffffffffffffffffffffffffffffffffffffffffffffefffffc2f	0
TRACE	pp_replay_halving_ordinary	3281235	0xfdc765c0744041bdecb0a4d488b46d08d3e6638f8451536af7485e21ffffffff	0x0	0
TRACE	pp_replay_halving_ordinary	3286458	0xfdc765c0744041bdecb0a4d488b46d08d3e6638f8451536af7485e21ffffffff	0x0	0
TRACE	pp_replay_halving_ordinary	3291681	0xfdc765c0744041bdecb0a4d488b46d08d3e6638f8451536af7485e21ffffffff	0x0	1
TRACE	pp_replay_halving_ordinary	3296904	0xfdc765c0744041bdecb0a4d488b46d08d3e6638f8451536af7485e21ffffffff	0x0	1
TRACE	pp_replay_halving_ordinary	3302127	0xfdc765c0744041bdecb0a4d488b46d08d3e6638f8451536af7485e21ffffffff	0x0	0
TRACE	pp_replay_halving_ordinary	3307350	0xfdc765c0744041bdecb0a4d488b46d08d3e6638f8451536af7485e21ffffffff	0x0	0
TRACE	pp_replay_halving_ordinary	3312573	0xfdc765c0744041bdecb0a4d488b46d08d3e6638f8451536af7485e21ffffffff	0x0	0
TRACE	pp_replay_halving_ordinary	3317796	0xfdc765c0744041bdecb0a4d488b46d08d3e6638f8451536af7485e21ffffffff	0x0	0
TRACE	pp_replay_halving_ordinary	3323019	0xfdc765c0744041bdecb0a4d488b46d08d3e6638f8451536af7485e21ffffffff	0xfffffffffffffffffffffffffffffffffffffffffffffffffffffffefffffc2f	0
TRACE	pp_replay_halving_ordinary	3328242	0xfdc765c0744041bdecb0a4d488b46d08d3e6638f8451536af7485e21ffffffff	0xfffffffffffffffffffffffffffffffffffffffffffffffffffffffefffffc2f	0
TRACE	pp_replay_halving_ordinary	3333465	0xfdc765c0744041bdecb0a4d488b46d08d3e6638f8451536af7485e21ffffffff	0xfffffffffffffffffffffffffffffffffffffffffffffffffffffffefffffc2f	0
TRACE	pp_replay_halving_ordinary	3338688	0xfdc765c0744041bdecb0a4d488b46d08d3e6638f8451536af7485e21ffffffff	0xfffffffffffffffffffffffffffffffffffffffffffffffffffffffefffffc2f	0
TRACE	pp_replay_halving_ordinary	3343911	0xfdc765c0744041bdecb0a4d488b46d08d3e6638f8451536af7485e21ffffffff	0x0	0
TRACE	pp_replay_halving_ordinary	3349134	0xfdc765c0744041bdecb0a4d488b46d08d3e6638f8451536af7485e21ffffffff	0x0	0
TRACE	pp_replay_halving_ordinary	3354357	0xfdc765c0744041bdecb0a4d488b46d08d3e6638f8451536af7485e21ffffffff	0xfffffffffffffffffffffffffffffffffffffffffffffffffffffffefffffc2f	0
TRACE	pp_replay_halving_ordinary	3359580	0xfdc765c0744041bdecb0a4d488b46d08d3e6638f8451536af7485e21ffffffff	0xfffffffffffffffffffffffffffffffffffffffffffffffffffffffefffffc2f	0
TRACE	pp_replay_halving_ordinary	3364803	0xfdc765c0744041bdecb0a4d488b46d08d3e6638f8451536af7485e21ffffffff	0xfffffffffffffffffffffffffffffffffffffffffffffffffffffffefffffc2f	1
TRACE	pp_replay_halving_ordinary	3370026	0xfdc765c0744041bdecb0a4d488b46d08d3e6638f8451536af7485e21ffffffff	0xfffffffffffffffffffffffffffffffffffffffffffffffffffffffefffffc2f	1
TRACE	pp_replay_halving_ordinary	3375249	0xfdc765c0744041bdecb0a4d488b46d08d3e6638f8451536af7485e21ffffffff	0xfffffffffffffffffffffffffffffffffffffffffffffffffffffffefffffc2f	1
TRACE	pp_replay_halving_ordinary	3380472	0xfdc765c0744041bdecb0a4d488b46d08d3e6638f8451536af7485e21ffffffff	0xfffffffffffffffffffffffffffffffffffffffffffffffffffffffefffffc2f	1
TRACE	pp_replay_halving_ordinary	3385695	0xfdc765c0744041bdecb0a4d488b46d08d3e6638f8451536af7485e21ffffffff	0xfffffffffffffffffffffffffffffffffffffffffffffffffffffffefffffc2f	1
TRACE	pp_replay_halving_ordinary	3390918	0xfdc765c0744041bdecb0a4d488b46d08d3e6638f8451536af7485e21ffffffff	0xfffffffffffffffffffffffffffffffffffffffffffffffffffffffefffffc2f	1
TRACE	pp_replay_halving_ordinary	3396141	0xfdc765c0744041bdecb0a4d488b46d08d3e6638f8451536af7485e21ffffffff	0xfffffffffffffffffffffffffffffffffffffffffffffffffffffffefffffc2f	1
TRACE	pp_replay_halving_ordinary	3401364	0xfdc765c0744041bdecb0a4d488b46d08d3e6638f8451536af7485e21ffffffff	0xfffffffffffffffffffffffffffffffffffffffffffffffffffffffefffffc2f	0
TRACE	pp_replay_halving_ordinary	3406587	0xfdc765c0744041bdecb0a4d488b46d08d3e6638f8451536af7485e21ffffffff	0xfffffffffffffffffffffffffffffffffffffffffffffffffffffffefffffc2f	1
TRACE	pp_replay_halving_ordinary	3411810	0xfdc765c0744041bdecb0a4d488b46d08d3e6638f8451536af7485e21ffffffff	0xfffffffffffffffffffffffffffffffffffffffffffffffffffffffefffffc2f	0
TRACE	pp_replay_halving_ordinary	3417033	0xfdc765c0744041bdecb0a4d488b46d08d3e6638f8451536af7485e21ffffffff	0xfffffffffffffffffffffffffffffffffffffffffffffffffffffffefffffc2f	0
TRACE	pp_replay_halving_ordinary	3422256	0xfdc765c0744041bdecb0a4d488b46d08d3e6638f8451536af7485e21ffffffff	0xfffffffffffffffffffffffffffffffffffffffffffffffffffffffefffffc2f	0
TRACE	pp_replay_halving_ordinary	3427479	0xfdc765c0744041bdecb0a4d488b46d08d3e6638f8451536af7485e21ffffffff	0x0	0
TRACE	pp_replay_halving_ordinary	3432702	0xfdc765c0744041bdecb0a4d488b46d08d3e6638f8451536af7485e21ffffffff	0x0	0
TRACE	pp_replay_halving_ordinary	3437925	0xfdc765c0744041bdecb0a4d488b46d08d3e6638f8451536af7485e21ffffffff	0x0	1
TRACE	pp_replay_halving_ordinary	3443148	0xfdc765c0744041bdecb0a4d488b46d08d3e6638f8451536af7485e21ffffffff	0x0	1
TRACE	pp_replay_halving_ordinary	3448371	0xfdc765c0744041bdecb0a4d488b46d08d3e6638f8451536af7485e21ffffffff	0xfffffffffffffffffffffffffffffffffffffffffffffffffffffffefffffc2f	1
TRACE	pp_replay_halving_ordinary	3453594	0xfdc765c0744041bdecb0a4d488b46d08d3e6638f8451536af7485e21ffffffff	0xfffffffffffffffffffffffffffffffffffffffffffffffffffffffefffffc2f	0
TRACE	pp_replay_halving_ordinary	3458817	0xfdc765c0744041bdecb0a4d488b46d08d3e6638f8451536af7485e21ffffffff	0x0	0
TRACE	pp_replay_halving_ordinary	3464040	0xfdc765c0744041bdecb0a4d488b46d08d3e6638f8451536af7485e21ffffffff	0x0	0
TRACE	pp_replay_halving_ordinary	3469263	0xfdc765c0744041bdecb0a4d488b46d08d3e6638f8451536af7485e21ffffffff	0x0	0
TRACE	pp_replay_halving_ordinary	3474486	0xfdc765c0744041bdecb0a4d488b46d08d3e6638f8451536af7485e21ffffffff	0x0	0
TRACE	pp_replay_halving_ordinary	3479709	0xfdc765c0744041bdecb0a4d488b46d08d3e6638f8451536af7485e21ffffffff	0xfffffffffffffffffffffffffffffffffffffffffffffffffffffffefffffc2f	0
TRACE	pp_replay_halving_ordinary	3484932	0xfdc765c0744041bdecb0a4d488b46d08d3e6638f8451536af7485e21ffffffff	0xfffffffffffffffffffffffffffffffffffffffffffffffffffffffefffffc2f	1
TRACE	pp_replay_halving_ordinary	3490155	0xfdc765c0744041bdecb0a4d488b46d08d3e6638f8451536af7485e21ffffffff	0x0	1
TRACE	pp_replay_halving_ordinary	3495378	0xfdc765c0744041bdecb0a4d488b46d08d3e6638f8451536af7485e21ffffffff	0x0	1
TRACE	pp_replay_halving_ordinary	3500601	0xfdc765c0744041bdecb0a4d488b46d08d3e6638f8451536af7485e21ffffffff	0xfffffffffffffffffffffffffffffffffffffffffffffffffffffffefffffc2f	1
TRACE	pp_replay_halving_ordinary	3505824	0xfdc765c0744041bdecb0a4d488b46d08d3e6638f8451536af7485e21ffffffff	0xfffffffffffffffffffffffffffffffffffffffffffffffffffffffefffffc2f	1
TRACE	pp_replay_halving_ordinary	3511047	0xfdc765c0744041bdecb0a4d488b46d08d3e6638f8451536af7485e21ffffffff	0xfffffffffffffffffffffffffffffffffffffffffffffffffffffffefffffc2f	1
TRACE	pp_replay_halving_ordinary	3516270	0xfdc765c0744041bdecb0a4d488b46d08d3e6638f8451536af7485e21ffffffff	0xfffffffffffffffffffffffffffffffffffffffffffffffffffffffefffffc2f	1
TRACE	pp_replay_halving_ordinary	3521493	0xfdc765c0744041bdecb0a4d488b46d08d3e6638f8451536af7485e21ffffffff	0xfffffffffffffffffffffffffffffffffffffffffffffffffffffffefffffc2f	1
TRACE	pp_replay_halving_ordinary	3526716	0xfdc765c0744041bdecb0a4d488b46d08d3e6638f8451536af7485e21ffffffff	0xfffffffffffffffffffffffffffffffffffffffffffffffffffffffefffffc2f	1
TRACE	pp_replay_halving_ordinary	3531939	0xfdc765c0744041bdecb0a4d488b46d08d3e6638f8451536af7485e21ffffffff	0xfffffffffffffffffffffffffffffffffffffffffffffffffffffffefffffc2f	1
TRACE	pp_replay_halving_ordinary	3537162	0xfdc765c0744041bdecb0a4d488b46d08d3e6638f8451536af7485e21ffffffff	0xfffffffffffffffffffffffffffffffffffffffffffffffffffffffefffffc2f	1
TRACE	pp_replay_halving_ordinary	3542385	0xfdc765c0744041bdecb0a4d488b46d08d3e6638f8451536af7485e21ffffffff	0x0	1
TRACE	pp_replay_halving_ordinary	3547608	0xfdc765c0744041bdecb0a4d488b46d08d3e6638f8451536af7485e21ffffffff	0x0	1
TRACE	pp_replay_halving_ordinary	3552831	0xfdc765c0744041bdecb0a4d488b46d08d3e6638f8451536af7485e21ffffffff	0xfffffffffffffffffffffffffffffffffffffffffffffffffffffffefffffc2f	1
TRACE	pp_replay_halving_ordinary	3558054	0xfdc765c0744041bdecb0a4d488b46d08d3e6638f8451536af7485e21ffffffff	0xfffffffffffffffffffffffffffffffffffffffffffffffffffffffefffffc2f	1
TRACE	pp_replay_halving_ordinary	3563277	0xfdc765c0744041bdecb0a4d488b46d08d3e6638f8451536af7485e21ffffffff	0xfffffffffffffffffffffffffffffffffffffffffffffffffffffffefffffc2f	1
TRACE	pp_replay_halving_ordinary	3568500	0xfdc765c0744041bdecb0a4d488b46d08d3e6638f8451536af7485e21ffffffff	0xfffffffffffffffffffffffffffffffffffffffffffffffffffffffefffffc2f	1
TRACE	pp_replay_halving_ordinary	3573723	0xfdc765c0744041bdecb0a4d488b46d08d3e6638f8451536af7485e21ffffffff	0xfffffffffffffffffffffffffffffffffffffffffffffffffffffffefffffc2f	0
TRACE	pp_replay_halving_ordinary	3578946	0xfdc765c0744041bdecb0a4d488b46d08d3e6638f8451536af7485e21ffffffff	0xfffffffffffffffffffffffffffffffffffffffffffffffffffffffefffffc2f	0
TRACE	pp_replay_halving_ordinary	3584169	0xfdc765c0744041bdecb0a4d488b46d08d3e6638f8451536af7485e21ffffffff	0xfffffffffffffffffffffffffffffffffffffffffffffffffffffffefffffc2f	0
TRACE	pp_replay_halving_ordinary	3589392	0xfdc765c0744041bdecb0a4d488b46d08d3e6638f8451536af7485e21ffffffff	0xfffffffffffffffffffffffffffffffffffffffffffffffffffffffefffffc2f	0
TRACE	pp_replay_halving_ordinary	3594615	0xfdc765c0744041bdecb0a4d488b46d08d3e6638f8451536af7485e21ffffffff	0xfffffffffffffffffffffffffffffffffffffffffffffffffffffffefffffc2f	0
TRACE	pp_replay_halving_ordinary	3599838	0xfdc765c0744041bdecb0a4d488b46d08d3e6638f8451536af7485e21ffffffff	0xfffffffffffffffffffffffffffffffffffffffffffffffffffffffefffffc2f	1
TRACE	pp_replay_halving_ordinary	3605061	0xfdc765c0744041bdecb0a4d488b46d08d3e6638f8451536af7485e21ffffffff	0xfffffffffffffffffffffffffffffffffffffffffffffffffffffffefffffc2f	1
TRACE	pp_replay_halving_ordinary	3610284	0xfdc765c0744041bdecb0a4d488b46d08d3e6638f8451536af7485e21ffffffff	0xfffffffffffffffffffffffffffffffffffffffffffffffffffffffefffffc2f	0
TRACE	pp_replay_halving_ordinary	3615507	0xfdc765c0744041bdecb0a4d488b46d08d3e6638f8451536af7485e21ffffffff	0xfffffffffffffffffffffffffffffffffffffffffffffffffffffffefffffc2f	0
TRACE	pp_replay_halving_ordinary	3620730	0xfdc765c0744041bdecb0a4d488b46d08d3e6638f8451536af7485e21ffffffff	0xfffffffffffffffffffffffffffffffffffffffffffffffffffffffefffffc2f	0
TRACE	pp_replay_halving_ordinary	3625953	0xfdc765c0744041bdecb0a4d488b46d08d3e6638f8451536af7485e21ffffffff	0xfffffffffffffffffffffffffffffffffffffffffffffffffffffffefffffc2f	0
TRACE	pp_replay_halving_ordinary	3631176	0xfdc765c0744041bdecb0a4d488b46d08d3e6638f8451536af7485e21ffffffff	0xfffffffffffffffffffffffffffffffffffffffffffffffffffffffefffffc2f	0
TRACE	pp_replay_halving_ordinary	3636399	0xfdc765c0744041bdecb0a4d488b46d08d3e6638f8451536af7485e21ffffffff	0xfffffffffffffffffffffffffffffffffffffffffffffffffffffffefffffc2f	0
TRACE	pp_replay_halving_ordinary	3641622	0xfdc765c0744041bdecb0a4d488b46d08d3e6638f8451536af7485e21ffffffff	0xfffffffffffffffffffffffffffffffffffffffffffffffffffffffefffffc2f	1
TRACE	pp_replay_halving_ordinary	3646845	0xfdc765c0744041bdecb0a4d488b46d08d3e6638f8451536af7485e21ffffffff	0xfffffffffffffffffffffffffffffffffffffffffffffffffffffffefffffc2f	1
TRACE	pp_replay_halving_ordinary	3652068	0xfdc765c0744041bdecb0a4d488b46d08d3e6638f8451536af7485e21ffffffff	0xfffffffffffffffffffffffffffffffffffffffffffffffffffffffefffffc2f	0
TRACE	pp_replay_halving_ordinary	3657291	0xfdc765c0744041bdecb0a4d488b46d08d3e6638f8451536af7485e21ffffffff	0xfffffffffffffffffffffffffffffffffffffffffffffffffffffffefffffc2f	0
TRACE	pp_replay_halving_ordinary	3662514	0xfdc765c0744041bdecb0a4d488b46d08d3e6638f8451536af7485e21ffffffff	0xfffffffffffffffffffffffffffffffffffffffffffffffffffffffefffffc2f	1
TRACE	pp_replay_halving_ordinary	3667737	0xfdc765c0744041bdecb0a4d488b46d08d3e6638f8451536af7485e21ffffffff	0xfffffffffffffffffffffffffffffffffffffffffffffffffffffffefffffc2f	1
TRACE	pp_replay_halving_ordinary	3672960	0xfdc765c0744041bdecb0a4d488b46d08d3e6638f8451536af7485e21ffffffff	0xfffffffffffffffffffffffffffffffffffffffffffffffffffffffefffffc2f	1
TRACE	pp_replay_halving_ordinary	3678183	0xfdc765c0744041bdecb0a4d488b46d08d3e6638f8451536af7485e21ffffffff	0xfffffffffffffffffffffffffffffffffffffffffffffffffffffffefffffc2f	0
TRACE	pp_replay_halving_ordinary	3683406	0xfdc765c0744041bdecb0a4d488b46d08d3e6638f8451536af7485e21ffffffff	0xfffffffffffffffffffffffffffffffffffffffffffffffffffffffefffffc2f	0
TRACE	pp_replay_halving_ordinary	3688629	0xfdc765c0744041bdecb0a4d488b46d08d3e6638f8451536af7485e21ffffffff	0xfffffffffffffffffffffffffffffffffffffffffffffffffffffffefffffc2f	0
TRACE	pp_replay_halving_ordinary	3693852	0xfdc765c0744041bdecb0a4d488b46d08d3e6638f8451536af7485e21ffffffff	0xfffffffffffffffffffffffffffffffffffffffffffffffffffffffefffffc2f	1
TRACE	pp_replay_halving_ordinary	3699075	0xfdc765c0744041bdecb0a4d488b46d08d3e6638f8451536af7485e21ffffffff	0xfffffffffffffffffffffffffffffffffffffffffffffffffffffffefffffc2f	1
TRACE	pp_replay_halving_ordinary	3704298	0xfdc765c0744041bdecb0a4d488b46d08d3e6638f8451536af7485e21ffffffff	0xfffffffffffffffffffffffffffffffffffffffffffffffffffffffefffffc2f	1
TRACE	pp_replay_halving_ordinary	3709521	0xfdc765c0744041bdecb0a4d488b46d08d3e6638f8451536af7485e21ffffffff	0xfffffffffffffffffffffffffffffffffffffffffffffffffffffffefffffc2f	0
TRACE	pp_replay_halving_ordinary	3714744	0xfdc765c0744041bdecb0a4d488b46d08d3e6638f8451536af7485e21ffffffff	0xfffffffffffffffffffffffffffffffffffffffffffffffffffffffefffffc2f	0
TRACE	pp_replay_halving_ordinary	3719967	0xfdc765c0744041bdecb0a4d488b46d08d3e6638f8451536af7485e21ffffffff	0xfffffffffffffffffffffffffffffffffffffffffffffffffffffffefffffc2f	0
TRACE	pp_replay_halving_ordinary	3725190	0xfdc765c0744041bdecb0a4d488b46d08d3e6638f8451536af7485e21ffffffff	0xfffffffffffffffffffffffffffffffffffffffffffffffffffffffefffffc2f	1
TRACE	pp_replay_halving_ordinary	3730413	0xfdc765c0744041bdecb0a4d488b46d08d3e6638f8451536af7485e21ffffffff	0xfffffffffffffffffffffffffffffffffffffffffffffffffffffffefffffc2f	1
TRACE	pp_replay_halving_ordinary	3735636	0xfdc765c0744041bdecb0a4d488b46d08d3e6638f8451536af7485e21ffffffff	0xfffffffffffffffffffffffffffffffffffffffffffffffffffffffefffffc2f	1
TRACE	pp_replay_halving_ordinary	3740859	0xfdc765c0744041bdecb0a4d488b46d08d3e6638f8451536af7485e21ffffffff	0x0	1
TRACE	pp_replay_halving_ordinary	3746082	0xfdc765c0744041bdecb0a4d488b46d08d3e6638f8451536af7485e21ffffffff	0x0	1
TRACE	pp_replay_halving_ordinary	3751305	0xfdc765c0744041bdecb0a4d488b46d08d3e6638f8451536af7485e21ffffffff	0x0	0
TRACE	pp_replay_halving_ordinary	3756528	0xfdc765c0744041bdecb0a4d488b46d08d3e6638f8451536af7485e21ffffffff	0x0	0
TRACE	pp_replay_halving_ordinary	3761751	0xfdc765c0744041bdecb0a4d488b46d08d3e6638f8451536af7485e21ffffffff	0x0	1
TRACE	pp_replay_halving_ordinary	3766974	0xfdc765c0744041bdecb0a4d488b46d08d3e6638f8451536af7485e21ffffffff	0x0	1
TRACE	pp_replay_halving_ordinary	3772197	0xfdc765c0744041bdecb0a4d488b46d08d3e6638f8451536af7485e21ffffffff	0x0	0
TRACE	pp_replay_halving_ordinary	3777420	0xfdc765c0744041bdecb0a4d488b46d08d3e6638f8451536af7485e21ffffffff	0x0	0
TRACE	pp_replay_halving_ordinary	3782643	0xfdc765c0744041bdecb0a4d488b46d08d3e6638f8451536af7485e21ffffffff	0xfffffffffffffffffffffffffffffffffffffffffffffffffffffffefffffc2f	0
TRACE	pp_replay_halving_ordinary	3787866	0xfdc765c0744041bdecb0a4d488b46d08d3e6638f8451536af7485e21ffffffff	0xfffffffffffffffffffffffffffffffffffffffffffffffffffffffefffffc2f	1
TRACE	pp_replay_halving_ordinary	3793089	0xfdc765c0744041bdecb0a4d488b46d08d3e6638f8451536af7485e21ffffffff	0x0	1
TRACE	pp_replay_halving_ordinary	3798312	0xfdc765c0744041bdecb0a4d488b46d08d3e6638f8451536af7485e21ffffffff	0x0	1
TRACE	pp_replay_halving_ordinary	3803535	0xfdc765c0744041bdecb0a4d488b46d08d3e6638f8451536af7485e21ffffffff	0xfffffffffffffffffffffffffffffffffffffffffffffffffffffffefffffc2f	1
TRACE	pp_replay_halving_ordinary	3808758	0xfdc765c0744041bdecb0a4d488b46d08d3e6638f8451536af7485e21ffffffff	0xfffffffffffffffffffffffffffffffffffffffffffffffffffffffefffffc2f	1
TRACE	pp_replay_halving_ordinary	3813981	0xfdc765c0744041bdecb0a4d488b46d08d3e6638f8451536af7485e21ffffffff	0xfffffffffffffffffffffffffffffffffffffffffffffffffffffffefffffc2f	1
TRACE	pp_replay_halving_ordinary	3819204	0xfdc765c0744041bdecb0a4d488b46d08d3e6638f8451536af7485e21ffffffff	0xfffffffffffffffffffffffffffffffffffffffffffffffffffffffefffffc2f	1
TRACE	pp_replay_halving_ordinary	3824427	0xfdc765c0744041bdecb0a4d488b46d08d3e6638f8451536af7485e21ffffffff	0xfffffffffffffffffffffffffffffffffffffffffffffffffffffffefffffc2f	1
TRACE	pp_replay_halving_ordinary	3829650	0xfdc765c0744041bdecb0a4d488b46d08d3e6638f8451536af7485e21ffffffff	0xfffffffffffffffffffffffffffffffffffffffffffffffffffffffefffffc2f	1
TRACE	pp_replay_halving_ordinary	3834873	0xfdc765c0744041bdecb0a4d488b46d08d3e6638f8451536af7485e21ffffffff	0x0	1
TRACE	pp_replay_halving_ordinary	3840096	0xfdc765c0744041bdecb0a4d488b46d08d3e6638f8451536af7485e21ffffffff	0x0	1
TRACE	pp_replay_halving_ordinary	3845319	0xfdc765c0744041bdecb0a4d488b46d08d3e6638f8451536af7485e21ffffffff	0x0	0
TRACE	pp_replay_halving_ordinary	3850542	0xfdc765c0744041bdecb0a4d488b46d08d3e6638f8451536af7485e21ffffffff	0x0	0
TRACE	pp_replay_halving_ordinary	3855765	0xfdc765c0744041bdecb0a4d488b46d08d3e6638f8451536af7485e21ffffffff	0x0	1
TRACE	pp_replay_halving_ordinary	3860988	0xfdc765c0744041bdecb0a4d488b46d08d3e6638f8451536af7485e21ffffffff	0x0	1
TRACE	pp_replay_halving_ordinary	3866211	0xfdc765c0744041bdecb0a4d488b46d08d3e6638f8451536af7485e21ffffffff	0xfffffffffffffffffffffffffffffffffffffffffffffffffffffffefffffc2f	1
TRACE	pp_replay_halving_ordinary	3871434	0xfdc765c0744041bdecb0a4d488b46d08d3e6638f8451536af7485e21ffffffff	0xfffffffffffffffffffffffffffffffffffffffffffffffffffffffefffffc2f	1
TRACE	pp_replay_halving_ordinary	3876657	0xfdc765c0744041bdecb0a4d488b46d08d3e6638f8451536af7485e21ffffffff	0x0	1
TRACE	pp_replay_halving_ordinary	3881880	0xfdc765c0744041bdecb0a4d488b46d08d3e6638f8451536af7485e21ffffffff	0x0	1
TRACE	pp_replay_halving_ordinary	3887103	0xfdc765c0744041bdecb0a4d488b46d08d3e6638f8451536af7485e21ffffffff	0xfffffffffffffffffffffffffffffffffffffffffffffffffffffffefffffc2f	1
TRACE	pp_replay_halving_ordinary	3892326	0xfdc765c0744041bdecb0a4d488b46d08d3e6638f8451536af7485e21ffffffff	0xfffffffffffffffffffffffffffffffffffffffffffffffffffffffefffffc2f	0
TRACE	pp_replay_halving_ordinary	3897549	0xfdc765c0744041bdecb0a4d488b46d08d3e6638f8451536af7485e21ffffffff	0xfffffffffffffffffffffffffffffffffffffffffffffffffffffffefffffc2f	0
TRACE	pp_replay_halving_ordinary	3902772	0xfdc765c0744041bdecb0a4d488b46d08d3e6638f8451536af7485e21ffffffff	0xfffffffffffffffffffffffffffffffffffffffffffffffffffffffefffffc2f	0
TRACE	pp_replay_halving_ordinary	3907995	0xfdc765c0744041bdecb0a4d488b46d08d3e6638f8451536af7485e21ffffffff	0xfffffffffffffffffffffffffffffffffffffffffffffffffffffffefffffc2f	0
TRACE	pp_replay_halving_ordinary	3913218	0xfdc765c0744041bdecb0a4d488b46d08d3e6638f8451536af7485e21ffffffff	0xfffffffffffffffffffffffffffffffffffffffffffffffffffffffefffffc2f	0
TRACE	pp_replay_halving_ordinary	3918441	0xfdc765c0744041bdecb0a4d488b46d08d3e6638f8451536af7485e21ffffffff	0xfffffffffffffffffffffffffffffffffffffffffffffffffffffffefffffc2f	0
TRACE	pp_replay_halving_ordinary	3923664	0xfdc765c0744041bdecb0a4d488b46d08d3e6638f8451536af7485e21ffffffff	0xfffffffffffffffffffffffffffffffffffffffffffffffffffffffefffffc2f	0
TRACE	pp_replay_halving_ordinary	3928887	0xfdc765c0744041bdecb0a4d488b46d08d3e6638f8451536af7485e21ffffffff	0x0	0
TRACE	pp_replay_halving_ordinary	3934110	0xfdc765c0744041bdecb0a4d488b46d08d3e6638f8451536af7485e21ffffffff	0x0	0
TRACE	pp_replay_halving_ordinary	3939333	0xfdc765c0744041bdecb0a4d488b46d08d3e6638f8451536af7485e21ffffffff	0xfffffffffffffffffffffffffffffffffffffffffffffffffffffffefffffc2f	0
TRACE	pp_replay_halving_ordinary	3944556	0xfdc765c0744041bdecb0a4d488b46d08d3e6638f8451536af7485e21ffffffff	0xfffffffffffffffffffffffffffffffffffffffffffffffffffffffefffffc2f	0
TRACE	pp_replay_halving_ordinary	3949779	0xfdc765c0744041bdecb0a4d488b46d08d3e6638f8451536af7485e21ffffffff	0xfffffffffffffffffffffffffffffffffffffffffffffffffffffffefffffc2f	0
TRACE	pp_replay_halving_ordinary	3955002	0xfdc765c0744041bdecb0a4d488b46d08d3e6638f8451536af7485e21ffffffff	0xfffffffffffffffffffffffffffffffffffffffffffffffffffffffefffffc2f	0
TRACE	pp_replay_halving_ordinary	3960225	0xfdc765c0744041bdecb0a4d488b46d08d3e6638f8451536af7485e21ffffffff	0xfffffffffffffffffffffffffffffffffffffffffffffffffffffffefffffc2f	1
TRACE	pp_replay_halving_ordinary	3965448	0xfdc765c0744041bdecb0a4d488b46d08d3e6638f8451536af7485e21ffffffff	0xfffffffffffffffffffffffffffffffffffffffffffffffffffffffefffffc2f	1
TRACE	pp_replay_halving_ordinary	3970671	0xfdc765c0744041bdecb0a4d488b46d08d3e6638f8451536af7485e21ffffffff	0xfffffffffffffffffffffffffffffffffffffffffffffffffffffffefffffc2f	1
TRACE	pp_replay_halving_ordinary	3975894	0xfdc765c0744041bdecb0a4d488b46d08d3e6638f8451536af7485e21ffffffff	0xfffffffffffffffffffffffffffffffffffffffffffffffffffffffefffffc2f	1
TRACE	pp_replay_halving_ordinary	3981117	0xfdc765c0744041bdecb0a4d488b46d08d3e6638f8451536af7485e21ffffffff	0x0	1
TRACE	pp_replay_halving_ordinary	3986340	0xfdc765c0744041bdecb0a4d488b46d08d3e6638f8451536af7485e21ffffffff	0x0	1
TRACE	pp_replay_halving_ordinary	3991563	0xfdc765c0744041bdecb0a4d488b46d08d3e6638f8451536af7485e21ffffffff	0x0	1
TRACE	pp_replay_halving_ordinary	3996786	0xfdc765c0744041bdecb0a4d488b46d08d3e6638f8451536af7485e21ffffffff	0x0	1
TRACE	pp_replay_halving_ordinary	4002009	0xfdc765c0744041bdecb0a4d488b46d08d3e6638f8451536af7485e21ffffffff	0xfffffffffffffffffffffffffffffffffffffffffffffffffffffffefffffc2f	1
TRACE	pp_replay_halving_ordinary	4007232	0xfdc765c0744041bdecb0a4d488b46d08d3e6638f8451536af7485e21ffffffff	0xfffffffffffffffffffffffffffffffffffffffffffffffffffffffefffffc2f	1
TRACE	pp_replay_halving_ordinary	4012455	0xfdc765c0744041bdecb0a4d488b46d08d3e6638f8451536af7485e21ffffffff	0x0	1
TRACE	pp_replay_halving_ordinary	4017678	0xfdc765c0744041bdecb0a4d488b46d08d3e6638f8451536af7485e21ffffffff	0x0	1
TRACE	pp_replay_halving_ordinary	4022901	0xfdc765c0744041bdecb0a4d488b46d08d3e6638f8451536af7485e21ffffffff	0xfffffffffffffffffffffffffffffffffffffffffffffffffffffffefffffc2f	1
TRACE	pp_replay_halving_ordinary	4028124	0xfdc765c0744041bdecb0a4d488b46d08d3e6638f8451536af7485e21ffffffff	0xfffffffffffffffffffffffffffffffffffffffffffffffffffffffefffffc2f	1
TRACE	pp_replay_halving_ordinary	4033347	0xfdc765c0744041bdecb0a4d488b46d08d3e6638f8451536af7485e21ffffffff	0xfffffffffffffffffffffffffffffffffffffffffffffffffffffffefffffc2f	0
TRACE	pp_replay_halving_ordinary	4038570	0xfdc765c0744041bdecb0a4d488b46d08d3e6638f8451536af7485e21ffffffff	0xfffffffffffffffffffffffffffffffffffffffffffffffffffffffefffffc2f	0
TRACE	pp_replay_halving_ordinary	4043793	0xfdc765c0744041bdecb0a4d488b46d08d3e6638f8451536af7485e21ffffffff	0xfffffffffffffffffffffffffffffffffffffffffffffffffffffffefffffc2f	0
TRACE	pp_replay_halving_ordinary	4049016	0xfdc765c0744041bdecb0a4d488b46d08d3e6638f8451536af7485e21ffffffff	0xfffffffffffffffffffffffffffffffffffffffffffffffffffffffefffffc2f	0
TRACE	pp_replay_halving_ordinary	4054239	0xfdc765c0744041bdecb0a4d488b46d08d3e6638f8451536af7485e21ffffffff	0xfffffffffffffffffffffffffffffffffffffffffffffffffffffffefffffc2f	1
TRACE	pp_replay_halving_ordinary	4059462	0xfdc765c0744041bdecb0a4d488b46d08d3e6638f8451536af7485e21ffffffff	0xfffffffffffffffffffffffffffffffffffffffffffffffffffffffefffffc2f	0
TRACE	pp_replay_halving_ordinary	4064685	0xfdc765c0744041bdecb0a4d488b46d08d3e6638f8451536af7485e21ffffffff	0xfffffffffffffffffffffffffffffffffffffffffffffffffffffffefffffc2f	0
TRACE	pp_replay_halving_ordinary	4069908	0xfdc765c0744041bdecb0a4d488b46d08d3e6638f8451536af7485e21ffffffff	0xfffffffffffffffffffffffffffffffffffffffffffffffffffffffefffffc2f	0
TRACE	pp_replay_halving_ordinary	4075131	0xfdc765c0744041bdecb0a4d488b46d08d3e6638f8451536af7485e21ffffffff	0xfffffffffffffffffffffffffffffffffffffffffffffffffffffffefffffc2f	0
TRACE	pp_replay_halving_ordinary	4080354	0xfdc765c0744041bdecb0a4d488b46d08d3e6638f8451536af7485e21ffffffff	0xfffffffffffffffffffffffffffffffffffffffffffffffffffffffefffffc2f	0
TRACE	pp_replay_halving_ordinary	4085577	0xfdc765c0744041bdecb0a4d488b46d08d3e6638f8451536af7485e21ffffffff	0x0	0
TRACE	pp_replay_halving_ordinary	4090800	0xfdc765c0744041bdecb0a4d488b46d08d3e6638f8451536af7485e21ffffffff	0x0	0
TRACE	pp_replay_halving_ordinary	4096023	0xfdc765c0744041bdecb0a4d488b46d08d3e6638f8451536af7485e21ffffffff	0x0	1
TRACE	pp_replay_halving_ordinary	4101246	0xfdc765c0744041bdecb0a4d488b46d08d3e6638f8451536af7485e21ffffffff	0x0	1
TRACE	pp_replay_halving_ordinary	4106469	0xfdc765c0744041bdecb0a4d488b46d08d3e6638f8451536af7485e21ffffffff	0xfffffffffffffffffffffffffffffffffffffffffffffffffffffffefffffc2f	1
TRACE	pp_replay_halving_ordinary	4111692	0xfdc765c0744041bdecb0a4d488b46d08d3e6638f8451536af7485e21ffffffff	0xfffffffffffffffffffffffffffffffffffffffffffffffffffffffefffffc2f	1
TRACE	pp_replay_halving_ordinary	4116915	0xfdc765c0744041bdecb0a4d488b46d08d3e6638f8451536af7485e21ffffffff	0xfffffffffffffffffffffffffffffffffffffffffffffffffffffffefffffc2f	0
TRACE	pp_replay_halving_ordinary	4122138	0xfdc765c0744041bdecb0a4d488b46d08d3e6638f8451536af7485e21ffffffff	0xfffffffffffffffffffffffffffffffffffffffffffffffffffffffefffffc2f	1
TRACE	pp_replay_halving_ordinary	4127361	0xfdc765c0744041bdecb0a4d488b46d08d3e6638f8451536af7485e21ffffffff	0x0	1
TRACE	pp_replay_halving_ordinary	4132584	0xfdc765c0744041bdecb0a4d488b46d08d3e6638f8451536af7485e21ffffffff	0x0	1
TRACE	pp_replay_halving_ordinary	4137807	0xfdc765c0744041bdecb0a4d488b46d08d3e6638f8451536af7485e21ffffffff	0xfffffffffffffffffffffffffffffffffffffffffffffffffffffffefffffc2f	1
TRACE	pp_replay_halving_ordinary	4143030	0xfdc765c0744041bdecb0a4d488b46d08d3e6638f8451536af7485e21ffffffff	0xfffffffffffffffffffffffffffffffffffffffffffffffffffffffefffffc2f	0
TRACE	pp_replay_halving_ordinary	4148253	0xfdc765c0744041bdecb0a4d488b46d08d3e6638f8451536af7485e21ffffffff	0x0	0
TRACE	pp_replay_halving_ordinary	4153476	0xfdc765c0744041bdecb0a4d488b46d08d3e6638f8451536af7485e21ffffffff	0x0	0
TRACE	pp_replay_halving_ordinary	4158699	0xfdc765c0744041bdecb0a4d488b46d08d3e6638f8451536af7485e21ffffffff	0xfffffffffffffffffffffffffffffffffffffffffffffffffffffffefffffc2f	0
TRACE	pp_replay_halving_ordinary	4163922	0xfdc765c0744041bdecb0a4d488b46d08d3e6638f8451536af7485e21ffffffff	0xfffffffffffffffffffffffffffffffffffffffffffffffffffffffefffffc2f	1
TRACE	pp_replay_halving_ordinary	4169145	0xfdc765c0744041bdecb0a4d488b46d08d3e6638f8451536af7485e21ffffffff	0x0	1
TRACE	pp_replay_halving_ordinary	4174368	0xfdc765c0744041bdecb0a4d488b46d08d3e6638f8451536af7485e21ffffffff	0x0	1
TRACE	pp_replay_halving_ordinary	4179591	0xfdc765c0744041bdecb0a4d488b46d08d3e6638f8451536af7485e21ffffffff	0x0	0
TRACE	pp_replay_halving_ordinary	4184814	0xfdc765c0744041bdecb0a4d488b46d08d3e6638f8451536af7485e21ffffffff	0x0	0
TRACE	pp_replay_halving_ordinary	4190037	0xfdc765c0744041bdecb0a4d488b46d08d3e6638f8451536af7485e21ffffffff	0xfffffffffffffffffffffffffffffffffffffffffffffffffffffffefffffc2f	0
TRACE	pp_replay_halving_ordinary	4195260	0xfdc765c0744041bdecb0a4d488b46d08d3e6638f8451536af7485e21ffffffff	0xfffffffffffffffffffffffffffffffffffffffffffffffffffffffefffffc2f	0
TRACE	pp_replay_halving_ordinary	4200483	0xfdc765c0744041bdecb0a4d488b46d08d3e6638f8451536af7485e21ffffffff	0xfffffffffffffffffffffffffffffffffffffffffffffffffffffffefffffc2f	0
TRACE	pp_replay_halving_ordinary	4205706	0xfdc765c0744041bdecb0a4d488b46d08d3e6638f8451536af7485e21ffffffff	0xfffffffffffffffffffffffffffffffffffffffffffffffffffffffefffffc2f	1
TRACE	pp_replay_halving_ordinary	4210929	0xfdc765c0744041bdecb0a4d488b46d08d3e6638f8451536af7485e21ffffffff	0xfffffffffffffffffffffffffffffffffffffffffffffffffffffffefffffc2f	1
TRACE	pp_replay_halving_ordinary	4216152	0xfdc765c0744041bdecb0a4d488b46d08d3e6638f8451536af7485e21ffffffff	0xfffffffffffffffffffffffffffffffffffffffffffffffffffffffefffffc2f	1
TRACE	pp_replay_halving_ordinary	4221375	0xfdc765c0744041bdecb0a4d488b46d08d3e6638f8451536af7485e21ffffffff	0xfffffffffffffffffffffffffffffffffffffffffffffffffffffffefffffc2f	0
TRACE	pp_replay_halving_ordinary	4226598	0xfdc765c0744041bdecb0a4d488b46d08d3e6638f8451536af7485e21ffffffff	0xfffffffffffffffffffffffffffffffffffffffffffffffffffffffefffffc2f	0
TRACE	pp_replay_halving_ordinary	4231821	0xfdc765c0744041bdecb0a4d488b46d08d3e6638f8451536af7485e21ffffffff	0x0	0
TRACE	pp_replay_halving_ordinary	4237044	0xfdc765c0744041bdecb0a4d488b46d08d3e6638f8451536af7485e21ffffffff	0x0	0
TRACE	pp_replay_halving_ordinary	4242267	0xfdc765c0744041bdecb0a4d488b46d08d3e6638f8451536af7485e21ffffffff	0xfffffffffffffffffffffffffffffffffffffffffffffffffffffffefffffc2f	0
TRACE	pp_replay_halving_ordinary	4247490	0xfdc765c0744041bdecb0a4d488b46d08d3e6638f8451536af7485e21ffffffff	0xfffffffffffffffffffffffffffffffffffffffffffffffffffffffefffffc2f	1
TRACE	pp_replay_halving_ordinary	4252713	0xfdc765c0744041bdecb0a4d488b46d08d3e6638f8451536af7485e21ffffffff	0xfffffffffffffffffffffffffffffffffffffffffffffffffffffffefffffc2f	0
TRACE	pp_replay_halving_ordinary	4257936	0xfdc765c0744041bdecb0a4d488b46d08d3e6638f8451536af7485e21ffffffff	0xfffffffffffffffffffffffffffffffffffffffffffffffffffffffefffffc2f	0
TRACE	pp_replay_halving_ordinary	4263159	0xfdc765c0744041bdecb0a4d488b46d08d3e6638f8451536af7485e21ffffffff	0xfffffffffffffffffffffffffffffffffffffffffffffffffffffffefffffc2f	0
TRACE	pp_replay_halving_ordinary	4268382	0xfdc765c0744041bdecb0a4d488b46d08d3e6638f8451536af7485e21ffffffff	0xfffffffffffffffffffffffffffffffffffffffffffffffffffffffefffffc2f	0
TRACE	pp_replay_halving_ordinary	4273605	0xfdc765c0744041bdecb0a4d488b46d08d3e6638f8451536af7485e21ffffffff	0xfffffffffffffffffffffffffffffffffffffffffffffffffffffffefffffc2f	0
TRACE	pp_replay_halving_ordinary	4278828	0xfdc765c0744041bdecb0a4d488b46d08d3e6638f8451536af7485e21ffffffff	0xfffffffffffffffffffffffffffffffffffffffffffffffffffffffefffffc2f	0
TRACE	pp_replay_halving_ordinary	4284051	0xfdc765c0744041bdecb0a4d488b46d08d3e6638f8451536af7485e21ffffffff	0xfffffffffffffffffffffffffffffffffffffffffffffffffffffffefffffc2f	0
TRACE	pp_replay_halving_ordinary	4289274	0xfdc765c0744041bdecb0a4d488b46d08d3e6638f8451536af7485e21ffffffff	0xfffffffffffffffffffffffffffffffffffffffffffffffffffffffefffffc2f	0
TRACE	pp_replay_halving_ordinary	4294497	0xfdc765c0744041bdecb0a4d488b46d08d3e6638f8451536af7485e21ffffffff	0xfffffffffffffffffffffffffffffffffffffffffffffffffffffffefffffc2f	0
TRACE	pp_replay_halving_ordinary	4299720	0xfdc765c0744041bdecb0a4d488b46d08d3e6638f8451536af7485e21ffffffff	0xfffffffffffffffffffffffffffffffffffffffffffffffffffffffefffffc2f	0
TRACE	pp_replay_halving_ordinary	4304943	0xfdc765c0744041bdecb0a4d488b46d08d3e6638f8451536af7485e21ffffffff	0xfffffffffffffffffffffffffffffffffffffffffffffffffffffffefffffc2f	0
TRACE	pp_replay_halving_ordinary	4310166	0xfdc765c0744041bdecb0a4d488b46d08d3e6638f8451536af7485e21ffffffff	0xfffffffffffffffffffffffffffffffffffffffffffffffffffffffefffffc2f	0
TRACE	pp_replay_halving_ordinary	4315389	0xfdc765c0744041bdecb0a4d488b46d08d3e6638f8451536af7485e21ffffffff	0xfffffffffffffffffffffffffffffffffffffffffffffffffffffffefffffc2f	0
TRACE	pp_replay_halving_ordinary	4320612	0xfdc765c0744041bdecb0a4d488b46d08d3e6638f8451536af7485e21ffffffff	0xfffffffffffffffffffffffffffffffffffffffffffffffffffffffefffffc2f	0
TRACE	pp_replay_halving_ordinary	4325835	0xfdc765c0744041bdecb0a4d488b46d08d3e6638f8451536af7485e21ffffffff	0xfffffffffffffffffffffffffffffffffffffffffffffffffffffffefffffc2f	0
TRACE	pp_replay_halving_ordinary	4331058	0xfdc765c0744041bdecb0a4d488b46d08d3e6638f8451536af7485e21ffffffff	0xfffffffffffffffffffffffffffffffffffffffffffffffffffffffefffffc2f	0
TRACE	pp_replay_halving_ordinary	4336281	0xfdc765c0744041bdecb0a4d488b46d08d3e6638f8451536af7485e21ffffffff	0xfffffffffffffffffffffffffffffffffffffffffffffffffffffffefffffc2f	0
TRACE	pp_replay_halving_ordinary	4341504	0xfdc765c0744041bdecb0a4d488b46d08d3e6638f8451536af7485e21ffffffff	0xfffffffffffffffffffffffffffffffffffffffffffffffffffffffefffffc2f	1
TRACE	pp_replay_halving_ordinary	4346727	0xfdc765c0744041bdecb0a4d488b46d08d3e6638f8451536af7485e21ffffffff	0xfffffffffffffffffffffffffffffffffffffffffffffffffffffffefffffc2f	1
TRACE	pp_replay_halving_ordinary	4351950	0xfdc765c0744041bdecb0a4d488b46d08d3e6638f8451536af7485e21ffffffff	0xfffffffffffffffffffffffffffffffffffffffffffffffffffffffefffffc2f	1
TRACE	pp_replay_halving_ordinary	4357173	0xfdc765c0744041bdecb0a4d488b46d08d3e6638f8451536af7485e21ffffffff	0xfffffffffffffffffffffffffffffffffffffffffffffffffffffffefffffc2f	1
TRACE	pp_replay_halving_ordinary	4362396	0xfdc765c0744041bdecb0a4d488b46d08d3e6638f8451536af7485e21ffffffff	0xfffffffffffffffffffffffffffffffffffffffffffffffffffffffefffffc2f	1
TRACE	pp_replay_halving_ordinary	4367619	0xfdc765c0744041bdecb0a4d488b46d08d3e6638f8451536af7485e21ffffffff	0xfffffffffffffffffffffffffffffffffffffffffffffffffffffffefffffc2f	1
TRACE	pp_replay_halving_ordinary	4372842	0xfdc765c0744041bdecb0a4d488b46d08d3e6638f8451536af7485e21ffffffff	0xfffffffffffffffffffffffffffffffffffffffffffffffffffffffefffffc2f	1
TRACE	pp_replay_halving_ordinary	4378065	0xfdc765c0744041bdecb0a4d488b46d08d3e6638f8451536af7485e21ffffffff	0xfffffffffffffffffffffffffffffffffffffffffffffffffffffffefffffc2f	1
TRACE	pp_replay_halving_ordinary	4383288	0xfdc765c0744041bdecb0a4d488b46d08d3e6638f8451536af7485e21ffffffff	0xfffffffffffffffffffffffffffffffffffffffffffffffffffffffefffffc2f	1
TRACE	pp_replay_halving_ordinary	4388511	0xfdc765c0744041bdecb0a4d488b46d08d3e6638f8451536af7485e21ffffffff	0xfffffffffffffffffffffffffffffffffffffffffffffffffffffffefffffc2f	1
TRACE	pp_replay_halving_ordinary	4393734	0xfdc765c0744041bdecb0a4d488b46d08d3e6638f8451536af7485e21ffffffff	0xfffffffffffffffffffffffffffffffffffffffffffffffffffffffefffffc2f	1
TRACE	pp_replay_halving_ordinary	4398957	0xfdc765c0744041bdecb0a4d488b46d08d3e6638f8451536af7485e21ffffffff	0x0	1
TRACE	pp_replay_halving_ordinary	4404180	0xfdc765c0744041bdecb0a4d488b46d08d3e6638f8451536af7485e21ffffffff	0x0	1
TRACE	pp_replay_halving_ordinary	4409403	0xfdc765c0744041bdecb0a4d488b46d08d3e6638f8451536af7485e21ffffffff	0xfffffffffffffffffffffffffffffffffffffffffffffffffffffffefffffc2f	1
TRACE	pp_replay_halving_ordinary	4414626	0xfdc765c0744041bdecb0a4d488b46d08d3e6638f8451536af7485e21ffffffff	0xfffffffffffffffffffffffffffffffffffffffffffffffffffffffefffffc2f	1
TRACE	pp_replay_halving_ordinary	4419849	0xfdc765c0744041bdecb0a4d488b46d08d3e6638f8451536af7485e21ffffffff	0xfffffffffffffffffffffffffffffffffffffffffffffffffffffffefffffc2f	1
TRACE	pp_replay_halving_ordinary	4425072	0xfdc765c0744041bdecb0a4d488b46d08d3e6638f8451536af7485e21ffffffff	0xfffffffffffffffffffffffffffffffffffffffffffffffffffffffefffffc2f	1
TRACE	pp_replay_halving_ordinary	4430295	0xfdc765c0744041bdecb0a4d488b46d08d3e6638f8451536af7485e21ffffffff	0xfffffffffffffffffffffffffffffffffffffffffffffffffffffffefffffc2f	1
TRACE	pp_replay_halving_ordinary	4435518	0xfdc765c0744041bdecb0a4d488b46d08d3e6638f8451536af7485e21ffffffff	0xfffffffffffffffffffffffffffffffffffffffffffffffffffffffefffffc2f	1
TRACE	pp_replay_halving_ordinary	4440741	0xfdc765c0744041bdecb0a4d488b46d08d3e6638f8451536af7485e21ffffffff	0x0	1
TRACE	pp_replay_halving_ordinary	4445964	0xfdc765c0744041bdecb0a4d488b46d08d3e6638f8451536af7485e21ffffffff	0x0	1
TRACE	pp_replay_halving_ordinary	4451187	0xfdc765c0744041bdecb0a4d488b46d08d3e6638f8451536af7485e21ffffffff	0xfffffffffffffffffffffffffffffffffffffffffffffffffffffffefffffc2f	1
TRACE	pp_replay_halving_ordinary	4456410	0xfdc765c0744041bdecb0a4d488b46d08d3e6638f8451536af7485e21ffffffff	0xfffffffffffffffffffffffffffffffffffffffffffffffffffffffefffffc2f	1
TRACE	pp_replay_halving_ordinary	4461633	0xfdc765c0744041bdecb0a4d488b46d08d3e6638f8451536af7485e21ffffffff	0xfffffffffffffffffffffffffffffffffffffffffffffffffffffffefffffc2f	1
TRACE	pp_replay_halving_ordinary	4466856	0xfdc765c0744041bdecb0a4d488b46d08d3e6638f8451536af7485e21ffffffff	0xfffffffffffffffffffffffffffffffffffffffffffffffffffffffefffffc2f	1
TRACE	pp_replay_halving_ordinary	4472079	0xfdc765c0744041bdecb0a4d488b46d08d3e6638f8451536af7485e21ffffffff	0xfffffffffffffffffffffffffffffffffffffffffffffffffffffffefffffc2f	1
TRACE	pp_replay_halving_ordinary	4477302	0xfdc765c0744041bdecb0a4d488b46d08d3e6638f8451536af7485e21ffffffff	0xfffffffffffffffffffffffffffffffffffffffffffffffffffffffefffffc2f	0
TRACE	pp_replay_halving_ordinary	4482525	0xfdc765c0744041bdecb0a4d488b46d08d3e6638f8451536af7485e21ffffffff	0xfffffffffffffffffffffffffffffffffffffffffffffffffffffffefffffc2f	0
TRACE	pp_replay_halving_ordinary	4487748	0xfdc765c0744041bdecb0a4d488b46d08d3e6638f8451536af7485e21ffffffff	0xfffffffffffffffffffffffffffffffffffffffffffffffffffffffefffffc2f	0
TRACE	pp_replay_halving_ordinary	4492971	0xfdc765c0744041bdecb0a4d488b46d08d3e6638f8451536af7485e21ffffffff	0xfffffffffffffffffffffffffffffffffffffffffffffffffffffffefffffc2f	0
TRACE	pp_replay_halving_ordinary	4498194	0xfdc765c0744041bdecb0a4d488b46d08d3e6638f8451536af7485e21ffffffff	0xfffffffffffffffffffffffffffffffffffffffffffffffffffffffefffffc2f	0
TRACE	pp_replay_halving_ordinary	4503417	0xfdc765c0744041bdecb0a4d488b46d08d3e6638f8451536af7485e21ffffffff	0x0	0
TRACE	pp_replay_halving_ordinary	4508640	0xfdc765c0744041bdecb0a4d488b46d08d3e6638f8451536af7485e21ffffffff	0x0	0
TRACE	pp_replay_halving_ordinary	4513863	0xfdc765c0744041bdecb0a4d488b46d08d3e6638f8451536af7485e21ffffffff	0x0	0
TRACE	pp_replay_halving_ordinary	4519086	0xfdc765c0744041bdecb0a4d488b46d08d3e6638f8451536af7485e21ffffffff	0x0	0
TRACE	pp_replay_halving_ordinary	4524309	0xfdc765c0744041bdecb0a4d488b46d08d3e6638f8451536af7485e21ffffffff	0x0	1
TRACE	pp_replay_halving_ordinary	4529532	0xfdc765c0744041bdecb0a4d488b46d08d3e6638f8451536af7485e21ffffffff	0x0	1
TRACE	pp_replay_halving_ordinary	4534755	0xfdc765c0744041bdecb0a4d488b46d08d3e6638f8451536af7485e21ffffffff	0xfffffffffffffffffffffffffffffffffffffffffffffffffffffffefffffc2f	1
TRACE	pp_replay_halving_ordinary	4539978	0xfdc765c0744041bdecb0a4d488b46d08d3e6638f8451536af7485e21ffffffff	0xfffffffffffffffffffffffffffffffffffffffffffffffffffffffefffffc2f	1
TRACE	pp_replay_halving_ordinary	4545201	0xfdc765c0744041bdecb0a4d488b46d08d3e6638f8451536af7485e21ffffffff	0xfffffffffffffffffffffffffffffffffffffffffffffffffffffffefffffc2f	1
TRACE	pp_replay_halving_ordinary	4550424	0xfdc765c0744041bdecb0a4d488b46d08d3e6638f8451536af7485e21ffffffff	0xfffffffffffffffffffffffffffffffffffffffffffffffffffffffefffffc2f	1
TRACE	pp_replay_halving_ordinary	4555647	0xfdc765c0744041bdecb0a4d488b46d08d3e6638f8451536af7485e21ffffffff	0xfffffffffffffffffffffffffffffffffffffffffffffffffffffffefffffc2f	1
TRACE	pp_replay_halving_ordinary	4560870	0xfdc765c0744041bdecb0a4d488b46d08d3e6638f8451536af7485e21ffffffff	0xfffffffffffffffffffffffffffffffffffffffffffffffffffffffefffffc2f	1
TRACE	pp_replay_halving_ordinary	4566093	0xfdc765c0744041bdecb0a4d488b46d08d3e6638f8451536af7485e21ffffffff	0xfffffffffffffffffffffffffffffffffffffffffffffffffffffffefffffc2f	0
TRACE	pp_replay_halving_ordinary	4571316	0xfdc765c0744041bdecb0a4d488b46d08d3e6638f8451536af7485e21ffffffff	0xfffffffffffffffffffffffffffffffffffffffffffffffffffffffefffffc2f	1
TRACE	pp_replay_halving_ordinary	4576539	0xfdc765c0744041bdecb0a4d488b46d08d3e6638f8451536af7485e21ffffffff	0xfffffffffffffffffffffffffffffffffffffffffffffffffffffffefffffc2f	1
TRACE	pp_replay_halving_ordinary	4581762	0xfdc765c0744041bdecb0a4d488b46d08d3e6638f8451536af7485e21ffffffff	0xfffffffffffffffffffffffffffffffffffffffffffffffffffffffefffffc2f	1
TRACE	pp_replay_halving_ordinary	4586985	0xfdc765c0744041bdecb0a4d488b46d08d3e6638f8451536af7485e21ffffffff	0xfffffffffffffffffffffffffffffffffffffffffffffffffffffffefffffc2f	1
TRACE	pp_replay_halving_ordinary	4592208	0xfdc765c0744041bdecb0a4d488b46d08d3e6638f8451536af7485e21ffffffff	0xfffffffffffffffffffffffffffffffffffffffffffffffffffffffefffffc2f	1
TRACE	pp_replay_halving_ordinary	4597431	0xfdc765c0744041bdecb0a4d488b46d08d3e6638f8451536af7485e21ffffffff	0x0	1
TRACE	pp_replay_halving_ordinary	4602654	0xfdc765c0744041bdecb0a4d488b46d08d3e6638f8451536af7485e21ffffffff	0x0	1
TRACE	pp_replay_halving_ordinary	4607877	0xfdc765c0744041bdecb0a4d488b46d08d3e6638f8451536af7485e21ffffffff	0x0	1
TRACE	pp_replay_halving_ordinary	4613100	0xfdc765c0744041bdecb0a4d488b46d08d3e6638f8451536af7485e21ffffffff	0x0	1
TRACE	pp_replay_halving_ordinary	4618323	0xfdc765c0744041bdecb0a4d488b46d08d3e6638f8451536af7485e21ffffffff	0xfffffffffffffffffffffffffffffffffffffffffffffffffffffffefffffc2f	1
TRACE	pp_replay_halving_ordinary	4623546	0xfdc765c0744041bdecb0a4d488b46d08d3e6638f8451536af7485e21ffffffff	0xfffffffffffffffffffffffffffffffffffffffffffffffffffffffefffffc2f	1
TRACE	pp_replay_halving_ordinary	4628769	0xfdc765c0744041bdecb0a4d488b46d08d3e6638f8451536af7485e21ffffffff	0xfffffffffffffffffffffffffffffffffffffffffffffffffffffffefffffc2f	1
TRACE	pp_replay_halving_ordinary	4633992	0xfdc765c0744041bdecb0a4d488b46d08d3e6638f8451536af7485e21ffffffff	0xfffffffffffffffffffffffffffffffffffffffffffffffffffffffefffffc2f	1
TRACE	pp_replay_halving_ordinary	4639215	0xfdc765c0744041bdecb0a4d488b46d08d3e6638f8451536af7485e21ffffffff	0x0	1
TRACE	pp_replay_halving_ordinary	4644438	0xfdc765c0744041bdecb0a4d488b46d08d3e6638f8451536af7485e21ffffffff	0x0	1
TRACE	pp_replay_halving_ordinary	4649661	0xfdc765c0744041bdecb0a4d488b46d08d3e6638f8451536af7485e21ffffffff	0x0	1
TRACE	pp_replay_halving_ordinary	4654884	0xfdc765c0744041bdecb0a4d488b46d08d3e6638f8451536af7485e21ffffffff	0x0	1
TRACE	pp_replay_halving_ordinary	4660107	0xfdc765c0744041bdecb0a4d488b46d08d3e6638f8451536af7485e21ffffffff	0x0	1
TRACE	pp_replay_halving_ordinary	4665330	0xfdc765c0744041bdecb0a4d488b46d08d3e6638f8451536af7485e21ffffffff	0x0	1
TRACE	pp_replay_halving_ordinary	4670553	0xfdc765c0744041bdecb0a4d488b46d08d3e6638f8451536af7485e21ffffffff	0x0	0
TRACE	pp_replay_halving_ordinary	4675776	0xfdc765c0744041bdecb0a4d488b46d08d3e6638f8451536af7485e21ffffffff	0x0	0
TRACE	pp_replay_halving_ordinary	4680999	0xfdc765c0744041bdecb0a4d488b46d08d3e6638f8451536af7485e21ffffffff	0x0	0
TRACE	pp_replay_halving_ordinary	4686222	0xfdc765c0744041bdecb0a4d488b46d08d3e6638f8451536af7485e21ffffffff	0x0	0
TRACE	pp_replay_halving_ordinary	4691445	0xfdc765c0744041bdecb0a4d488b46d08d3e6638f8451536af7485e21ffffffff	0x0	0
TRACE	pp_replay_halving_ordinary	4696668	0xfdc765c0744041bdecb0a4d488b46d08d3e6638f8451536af7485e21ffffffff	0x0	0
TRACE	pp_replay_halving_ordinary	4701891	0xfdc765c0744041bdecb0a4d488b46d08d3e6638f8451536af7485e21ffffffff	0x0	1
TRACE	pp_replay_halving_ordinary	4707114	0xfdc765c0744041bdecb0a4d488b46d08d3e6638f8451536af7485e21ffffffff	0x0	1
TRACE	pp_replay_halving_ordinary	4712337	0xfdc765c0744041bdecb0a4d488b46d08d3e6638f8451536af7485e21ffffffff	0x0	0
TRACE	pp_replay_halving_ordinary	4717560	0xfdc765c0744041bdecb0a4d488b46d08d3e6638f8451536af7485e21ffffffff	0x0	0
TRACE	pp_replay_halving_ordinary	4722783	0xfdc765c0744041bdecb0a4d488b46d08d3e6638f8451536af7485e21ffffffff	0x0	0
TRACE	pp_replay_halving_ordinary	4728006	0xfdc765c0744041bdecb0a4d488b46d08d3e6638f8451536af7485e21ffffffff	0x0	0
TRACE	pp_replay_halving_ordinary	4733229	0xfdc765c0744041bdecb0a4d488b46d08d3e6638f8451536af7485e21ffffffff	0x0	1
TRACE	pp_replay_halving_ordinary	4738452	0xfdc765c0744041bdecb0a4d488b46d08d3e6638f8451536af7485e21ffffffff	0x0	1
TRACE	pp_replay_halving_ordinary	4743675	0xfdc765c0744041bdecb0a4d488b46d08d3e6638f8451536af7485e21ffffffff	0x0	1
TRACE	pp_replay_halving_ordinary	4748898	0xfdc765c0744041bdecb0a4d488b46d08d3e6638f8451536af7485e21ffffffff	0x0	1
TRACE	pp_replay_halving_ordinary	4754121	0xfdc765c0744041bdecb0a4d488b46d08d3e6638f8451536af7485e21ffffffff	0x0	0
TRACE	pp_replay_halving_ordinary	4759344	0xfdc765c0744041bdecb0a4d488b46d08d3e6638f8451536af7485e21ffffffff	0x0	0
TRACE	pp_replay_halving_ordinary	4764567	0xfdc765c0744041bdecb0a4d488b46d08d3e6638f8451536af7485e21ffffffff	0x0	0
TRACE	pp_replay_halving_ordinary	4769790	0xfdc765c0744041bdecb0a4d488b46d08d3e6638f8451536af7485e21ffffffff	0x0	0
TRACE	pp_replay_halving_ordinary	4775013	0xfdc765c0744041bdecb0a4d488b46d08d3e6638f8451536af7485e21ffffffff	0x0	0
TRACE	pp_replay_halving_ordinary	4780236	0xfdc765c0744041bdecb0a4d488b46d08d3e6638f8451536af7485e21ffffffff	0x0	0
TRACE	pp_replay_halving_ordinary	4785459	0xfdc765c0744041bdecb0a4d488b46d08d3e6638f8451536af7485e21ffffffff	0x0	0
TRACE	pp_replay_halving_ordinary	4790682	0xfdc765c0744041bdecb0a4d488b46d08d3e6638f8451536af7485e21ffffffff	0x0	0
TRACE	pp_replay_halving_ordinary	4795905	0xfdc765c0744041bdecb0a4d488b46d08d3e6638f8451536af7485e21ffffffff	0x0	0
TRACE	pp_replay_halving_ordinary	4801128	0xfdc765c0744041bdecb0a4d488b46d08d3e6638f8451536af7485e21ffffffff	0x0	0
TRACE	pp_replay_halving_ordinary	4806351	0xfdc765c0744041bdecb0a4d488b46d08d3e6638f8451536af7485e21ffffffff	0x0	1
TRACE	pp_replay_halving_ordinary	4811574	0xfdc765c0744041bdecb0a4d488b46d08d3e6638f8451536af7485e21ffffffff	0x0	1
TRACE	pp_replay_halving_ordinary	4816797	0xfdc765c0744041bdecb0a4d488b46d08d3e6638f8451536af7485e21ffffffff	0x0	1
TRACE	pp_replay_halving_ordinary	4822020	0xfdc765c0744041bdecb0a4d488b46d08d3e6638f8451536af7485e21ffffffff	0x0	1
TRACE	pp_replay_halving_ordinary	4827243	0xfdc765c0744041bdecb0a4d488b46d08d3e6638f8451536af7485e21ffffffff	0x0	1
TRACE	pp_replay_halving_ordinary	4832466	0xfdc765c0744041bdecb0a4d488b46d08d3e6638f8451536af7485e21ffffffff	0x0	1
TRACE	pp_replay_halving_ordinary	4837689	0xfdc765c0744041bdecb0a4d488b46d08d3e6638f8451536af7485e21ffffffff	0x0	1
TRACE	pp_replay_halving_ordinary	4842912	0xfdc765c0744041bdecb0a4d488b46d08d3e6638f8451536af7485e21ffffffff	0x0	1
TRACE	pp_replay_halving_ordinary	4848135	0xfdc765c0744041bdecb0a4d488b46d08d3e6638f8451536af7485e21ffffffff	0x0	0
TRACE	pp_replay_halving_ordinary	4853358	0xfdc765c0744041bdecb0a4d488b46d08d3e6638f8451536af7485e21ffffffff	0x0	0
TRACE	pp_replay_halving_ordinary	4858581	0xfdc765c0744041bdecb0a4d488b46d08d3e6638f8451536af7485e21ffffffff	0x0	1
TRACE	pp_replay_halving_ordinary	4863804	0xfdc765c0744041bdecb0a4d488b46d08d3e6638f8451536af7485e21ffffffff	0x0	1
TRACE	pp_replay_halving_ordinary	4869027	0xfdc765c0744041bdecb0a4d488b46d08d3e6638f8451536af7485e21ffffffff	0x0	1
TRACE	pp_replay_halving_ordinary	4874250	0xfdc765c0744041bdecb0a4d488b46d08d3e6638f8451536af7485e21ffffffff	0x0	1
TRACE	pp_replay_halving_ordinary	4879473	0xfdc765c0744041bdecb0a4d488b46d08d3e6638f8451536af7485e21ffffffff	0x0	0
TRACE	pp_replay_halving_ordinary	4884696	0xfdc765c0744041bdecb0a4d488b46d08d3e6638f8451536af7485e21ffffffff	0x0	0
TRACE	pp_replay_halving_ordinary	4889919	0xfdc765c0744041bdecb0a4d488b46d08d3e6638f8451536af7485e21ffffffff	0x0	1
TRACE	pp_replay_halving_ordinary	4895142	0xfdc765c0744041bdecb0a4d488b46d08d3e6638f8451536af7485e21ffffffff	0x0	1
TRACE	pp_replay_halving_ordinary	4900365	0xfdc765c0744041bdecb0a4d488b46d08d3e6638f8451536af7485e21ffffffff	0x0	0
TRACE	pp_replay_halving_ordinary	4905588	0xfdc765c0744041bdecb0a4d488b46d08d3e6638f8451536af7485e21ffffffff	0x0	0
TRACE	pp_replay_halving_ordinary	4910811	0xfdc765c0744041bdecb0a4d488b46d08d3e6638f8451536af7485e21ffffffff	0x0	1
TRACE	pp_replay_halving_ordinary	4916034	0xfdc765c0744041bdecb0a4d488b46d08d3e6638f8451536af7485e21ffffffff	0x0	1
TRACE	pp_replay_halving_ordinary	4921257	0xfdc765c0744041bdecb0a4d488b46d08d3e6638f8451536af7485e21ffffffff	0x0	1
TRACE	pp_replay_halving_ordinary	4926480	0xfdc765c0744041bdecb0a4d488b46d08d3e6638f8451536af7485e21ffffffff	0x0	1
TRACE	pp_replay_halving_ordinary	4931703	0xfdc765c0744041bdecb0a4d488b46d08d3e6638f8451536af7485e21ffffffff	0x0	1
TRACE	pp_replay_halving_ordinary	4936926	0xfdc765c0744041bdecb0a4d488b46d08d3e6638f8451536af7485e21ffffffff	0x0	1
TRACE	pp_replay_halving_ordinary	4942149	0xfdc765c0744041bdecb0a4d488b46d08d3e6638f8451536af7485e21ffffffff	0x0	1
TRACE	pp_replay_halving_ordinary	4947372	0xfdc765c0744041bdecb0a4d488b46d08d3e6638f8451536af7485e21ffffffff	0x0	1
TRACE	pp_replay_halving_ordinary	4952595	0xfdc765c0744041bdecb0a4d488b46d08d3e6638f8451536af7485e21ffffffff	0x0	1
TRACE	pp_replay_halving_ordinary	4957818	0xfdc765c0744041bdecb0a4d488b46d08d3e6638f8451536af7485e21ffffffff	0x0	1
TRACE	pp_replay_halving_ordinary	4963041	0xfdc765c0744041bdecb0a4d488b46d08d3e6638f8451536af7485e21ffffffff	0x0	1
TRACE	pp_replay_halving_ordinary	4968264	0xfdc765c0744041bdecb0a4d488b46d08d3e6638f8451536af7485e21ffffffff	0x0	1
TRACE	pp_replay_halving_ordinary	4973487	0xfdc765c0744041bdecb0a4d488b46d08d3e6638f8451536af7485e21ffffffff	0x0	0
TRACE	pp_replay_halving_ordinary	4978710	0xfdc765c0744041bdecb0a4d488b46d08d3e6638f8451536af7485e21ffffffff	0x0	0
TRACE	pp_replay_halving_ordinary	4983933	0xfdc765c0744041bdecb0a4d488b46d08d3e6638f8451536af7485e21ffffffff	0x0	0
TRACE	pp_replay_halving_ordinary	4989156	0xfdc765c0744041bdecb0a4d488b46d08d3e6638f8451536af7485e21ffffffff	0x0	0
TRACE	pp_endpoint	4991244	0xfdc765c0744041bdecb0a4d488b46d08d3e6638f8451536af7485e21ffffffff	0xfffffffffffffffffffffffffffffffffffffffffffffffffffffffefffffc2f	0
TRACE	pp_coefficient_clear	4991500	0xfdc765c0744041bdecb0a4d488b46d08d3e6638f8451536af7485e21ffffffff	0xfffffffffffffffffffffffffffffffffffffffffffffffffffffffefffffc2f	0
TRACE	pp_value_reverse	6295161	0xfffffffffffffffffffffffffffffffffffffffffffffffffffffffefffffc33	0xfffffffffffffffffffffffffffffffffffffffffffffffffffffffefffffc2f	0
TRACE	pp_restore_layout	6296173	0x42ee7c6aa3c35cdb5560a020c809181e848c472b5147c0b44dc91ee8e9c07833	0xfffffffffffffffffffffffffffffffffffffffffffffffffffffffefffffc2f	0
TRACE	tlm_coord_add3x	6337640	0xb029afe791598fe05641c7e2339e39338c603dbcdab23b405ba0a2fb2ea8c2cc	0xfffffffffffffffffffffffffffffffffffffffffffffffffffffffefffffc2f	0
TRACE	square_product_register	7280991	0xb029afe791598fe05641c7e2339e39338c603dbcdab23b405ba0a2fb2ea8c2cc	0xfffffffffffffffffffffffffffffffffffffffffffffffffffffffefffffc2f	0
TRACE	pp_setup	7281241	0xb029afe791598fe05641c7e2339e39338c603dbcdab23b405ba0a2fb2ea8c2cc	0xfffffffffffffffffffffffffffffffffffffffffffffffffffffffefffffc2f	0
TRACE	pp_value_forward	8587526	0x2ec96573f28204a5498cf54a929088b66bbe7a7e3d21935e33fec180000000ff	0xfffffffffffffffffffffffffffffffffffffffffffffffffffffffefffffc2f	0
TRACE	pp_coefficient_allocate	8587782	0x2ec96573f28204a5498cf54a929088b66bbe7a7e3d21935e33fec180000000ff	0xfffffffffffffffffffffffffffffffffffffffffffffffffffffffefffffc2f	0
COEFFICIENT	pp_coefficient_allocate	8587782	0xfffffffffffffffffffffffffffffffffffffffffffffffffffffffefffffc2f
TRACE	pp_endpoint	8589614	0x2ec96573f28204a5498cf54a929088b66bbe7a7e3d21935e33fec180000000ff	0x0	0
COEFFICIENT	pp_endpoint	8589614	0x0
TRACE	pp_replay_inverse_ordinary	8594843	0x2ec96573f28204a5498cf54a929088b66bbe7a7e3d21935e33fec180000000ff	0x0	0
COEFFICIENT	pp_replay_inverse_ordinary	8594843	0x0
TRACE	pp_replay_inverse_ordinary	8600072	0x2ec96573f28204a5498cf54a929088b66bbe7a7e3d21935e33fec180000000ff	0x0	0
COEFFICIENT	pp_replay_inverse_ordinary	8600072	0x0
TRACE	pp_replay_inverse_ordinary	8605301	0x2ec96573f28204a5498cf54a929088b66bbe7a7e3d21935e33fec180000000ff	0x0	0
COEFFICIENT	pp_replay_inverse_ordinary	8605301	0x0
TRACE	pp_replay_inverse_ordinary	8610530	0x2ec96573f28204a5498cf54a929088b66bbe7a7e3d21935e33fec180000000ff	0x0	0
COEFFICIENT	pp_replay_inverse_ordinary	8610530	0x0
TRACE	pp_replay_inverse_ordinary	8615759	0x2ec96573f28204a5498cf54a929088b66bbe7a7e3d21935e33fec180000000ff	0x0	0
COEFFICIENT	pp_replay_inverse_ordinary	8615759	0x0
TRACE	pp_replay_inverse_ordinary	8620988	0x2ec96573f28204a5498cf54a929088b66bbe7a7e3d21935e33fec180000000ff	0x0	0
COEFFICIENT	pp_replay_inverse_ordinary	8620988	0x0
TRACE	pp_replay_inverse_ordinary	8626217	0x2ec96573f28204a5498cf54a929088b66bbe7a7e3d21935e33fec180000000ff	0x0	0
COEFFICIENT	pp_replay_inverse_ordinary	8626217	0x0
TRACE	pp_replay_inverse_ordinary	8631446	0x2ec96573f28204a5498cf54a929088b66bbe7a7e3d21935e33fec180000000ff	0x0	0
COEFFICIENT	pp_replay_inverse_ordinary	8631446	0x0
TRACE	pp_replay_inverse_ordinary	8636675	0x2ec96573f28204a5498cf54a929088b66bbe7a7e3d21935e33fec180000000ff	0x0	0
COEFFICIENT	pp_replay_inverse_ordinary	8636675	0x0
TRACE	pp_replay_inverse_ordinary	8641904	0x2ec96573f28204a5498cf54a929088b66bbe7a7e3d21935e33fec180000000ff	0x0	0
COEFFICIENT	pp_replay_inverse_ordinary	8641904	0x0
TRACE	pp_replay_inverse_ordinary	8647133	0x2ec96573f28204a5498cf54a929088b66bbe7a7e3d21935e33fec180000000ff	0x0	0
COEFFICIENT	pp_replay_inverse_ordinary	8647133	0x0
TRACE	pp_replay_inverse_ordinary	8652362	0x2ec96573f28204a5498cf54a929088b66bbe7a7e3d21935e33fec180000000ff	0x0	0
COEFFICIENT	pp_replay_inverse_ordinary	8652362	0x0
TRACE	pp_replay_inverse_ordinary	8657591	0x2ec96573f28204a5498cf54a929088b66bbe7a7e3d21935e33fec180000000ff	0x0	0
COEFFICIENT	pp_replay_inverse_ordinary	8657591	0x0
TRACE	pp_replay_inverse_ordinary	8662820	0x2ec96573f28204a5498cf54a929088b66bbe7a7e3d21935e33fec180000000ff	0x0	0
COEFFICIENT	pp_replay_inverse_ordinary	8662820	0x0
TRACE	pp_replay_inverse_ordinary	8668049	0x2ec96573f28204a5498cf54a929088b66bbe7a7e3d21935e33fec180000000ff	0x0	0
COEFFICIENT	pp_replay_inverse_ordinary	8668049	0x0
TRACE	pp_replay_inverse_ordinary	8673278	0x2ec96573f28204a5498cf54a929088b66bbe7a7e3d21935e33fec180000000ff	0x0	0
COEFFICIENT	pp_replay_inverse_ordinary	8673278	0x0
TRACE	pp_replay_inverse_ordinary	8678507	0x2ec96573f28204a5498cf54a929088b66bbe7a7e3d21935e33fec180000000ff	0x0	0
COEFFICIENT	pp_replay_inverse_ordinary	8678507	0x0
TRACE	pp_replay_inverse_ordinary	8683736	0x2ec96573f28204a5498cf54a929088b66bbe7a7e3d21935e33fec180000000ff	0x0	0
COEFFICIENT	pp_replay_inverse_ordinary	8683736	0x0
TRACE	pp_replay_inverse_ordinary	8688965	0x2ec96573f28204a5498cf54a929088b66bbe7a7e3d21935e33fec180000000ff	0x0	0
COEFFICIENT	pp_replay_inverse_ordinary	8688965	0x0
TRACE	pp_replay_inverse_ordinary	8694194	0x2ec96573f28204a5498cf54a929088b66bbe7a7e3d21935e33fec180000000ff	0x0	0
COEFFICIENT	pp_replay_inverse_ordinary	8694194	0x0
TRACE	pp_replay_inverse_ordinary	8699423	0x2ec96573f28204a5498cf54a929088b66bbe7a7e3d21935e33fec180000000ff	0x0	0
COEFFICIENT	pp_replay_inverse_ordinary	8699423	0x0
TRACE	pp_replay_inverse_ordinary	8704652	0x2ec96573f28204a5498cf54a929088b66bbe7a7e3d21935e33fec180000000ff	0x0	0
COEFFICIENT	pp_replay_inverse_ordinary	8704652	0x0
TRACE	pp_replay_inverse_ordinary	8709881	0x2ec96573f28204a5498cf54a929088b66bbe7a7e3d21935e33fec180000000ff	0x0	0
COEFFICIENT	pp_replay_inverse_ordinary	8709881	0x0
TRACE	pp_replay_inverse_ordinary	8715110	0x2ec96573f28204a5498cf54a929088b66bbe7a7e3d21935e33fec180000000ff	0x0	0
COEFFICIENT	pp_replay_inverse_ordinary	8715110	0x0
TRACE	pp_replay_inverse_ordinary	8720339	0x2ec96573f28204a5498cf54a929088b66bbe7a7e3d21935e33fec180000000ff	0x0	0
COEFFICIENT	pp_replay_inverse_ordinary	8720339	0x0
TRACE	pp_replay_inverse_ordinary	8725568	0x2ec96573f28204a5498cf54a929088b66bbe7a7e3d21935e33fec180000000ff	0x0	0
COEFFICIENT	pp_replay_inverse_ordinary	8725568	0x0
TRACE	pp_replay_inverse_ordinary	8730797	0x2ec96573f28204a5498cf54a929088b66bbe7a7e3d21935e33fec180000000ff	0x0	0
COEFFICIENT	pp_replay_inverse_ordinary	8730797	0x0
TRACE	pp_replay_inverse_ordinary	8736026	0x2ec96573f28204a5498cf54a929088b66bbe7a7e3d21935e33fec180000000ff	0x0	0
COEFFICIENT	pp_replay_inverse_ordinary	8736026	0x0
TRACE	pp_replay_inverse_ordinary	8741255	0x2ec96573f28204a5498cf54a929088b66bbe7a7e3d21935e33fec180000000ff	0x0	0
COEFFICIENT	pp_replay_inverse_ordinary	8741255	0x0
TRACE	pp_replay_inverse_ordinary	8746484	0x2ec96573f28204a5498cf54a929088b66bbe7a7e3d21935e33fec180000000ff	0x0	0
COEFFICIENT	pp_replay_inverse_ordinary	8746484	0x0
TRACE	pp_replay_inverse_ordinary	8751713	0x2ec96573f28204a5498cf54a929088b66bbe7a7e3d21935e33fec180000000ff	0x0	0
COEFFICIENT	pp_replay_inverse_ordinary	8751713	0x0
TRACE	pp_replay_inverse_ordinary	8756942	0x2ec96573f28204a5498cf54a929088b66bbe7a7e3d21935e33fec180000000ff	0x0	0
COEFFICIENT	pp_replay_inverse_ordinary	8756942	0x0
TRACE	pp_replay_inverse_ordinary	8762171	0x2ec96573f28204a5498cf54a929088b66bbe7a7e3d21935e33fec180000000ff	0x0	0
COEFFICIENT	pp_replay_inverse_ordinary	8762171	0x0
TRACE	pp_replay_inverse_ordinary	8767400	0x2ec96573f28204a5498cf54a929088b66bbe7a7e3d21935e33fec180000000ff	0x0	0
COEFFICIENT	pp_replay_inverse_ordinary	8767400	0x0
TRACE	pp_replay_inverse_ordinary	8772629	0x2ec96573f28204a5498cf54a929088b66bbe7a7e3d21935e33fec180000000ff	0x0	0
COEFFICIENT	pp_replay_inverse_ordinary	8772629	0x0
TRACE	pp_replay_inverse_ordinary	8777858	0x2ec96573f28204a5498cf54a929088b66bbe7a7e3d21935e33fec180000000ff	0x0	0
COEFFICIENT	pp_replay_inverse_ordinary	8777858	0x0
TRACE	pp_replay_inverse_ordinary	8783087	0x2ec96573f28204a5498cf54a929088b66bbe7a7e3d21935e33fec180000000ff	0x0	0
COEFFICIENT	pp_replay_inverse_ordinary	8783087	0x0
TRACE	pp_replay_inverse_ordinary	8788316	0x2ec96573f28204a5498cf54a929088b66bbe7a7e3d21935e33fec180000000ff	0x0	0
COEFFICIENT	pp_replay_inverse_ordinary	8788316	0x0
TRACE	pp_replay_inverse_ordinary	8793545	0x2ec96573f28204a5498cf54a929088b66bbe7a7e3d21935e33fec180000000ff	0x0	0
COEFFICIENT	pp_replay_inverse_ordinary	8793545	0x0
TRACE	pp_replay_inverse_ordinary	8798774	0x2ec96573f28204a5498cf54a929088b66bbe7a7e3d21935e33fec180000000ff	0x0	0
COEFFICIENT	pp_replay_inverse_ordinary	8798774	0x0
TRACE	pp_replay_inverse_ordinary	8804003	0x2ec96573f28204a5498cf54a929088b66bbe7a7e3d21935e33fec180000000ff	0x0	0
COEFFICIENT	pp_replay_inverse_ordinary	8804003	0x0
TRACE	pp_replay_inverse_ordinary	8809232	0x2ec96573f28204a5498cf54a929088b66bbe7a7e3d21935e33fec180000000ff	0x0	0
COEFFICIENT	pp_replay_inverse_ordinary	8809232	0x0
TRACE	pp_replay_inverse_ordinary	8814461	0x2ec96573f28204a5498cf54a929088b66bbe7a7e3d21935e33fec180000000ff	0x0	0
COEFFICIENT	pp_replay_inverse_ordinary	8814461	0x0
TRACE	pp_replay_inverse_ordinary	8819690	0x2ec96573f28204a5498cf54a929088b66bbe7a7e3d21935e33fec180000000ff	0x0	0
COEFFICIENT	pp_replay_inverse_ordinary	8819690	0x0
TRACE	pp_replay_inverse_ordinary	8824919	0x2ec96573f28204a5498cf54a929088b66bbe7a7e3d21935e33fec180000000ff	0x0	0
COEFFICIENT	pp_replay_inverse_ordinary	8824919	0x0
TRACE	pp_replay_inverse_ordinary	8830148	0x2ec96573f28204a5498cf54a929088b66bbe7a7e3d21935e33fec180000000ff	0x0	0
COEFFICIENT	pp_replay_inverse_ordinary	8830148	0x0
TRACE	pp_replay_inverse_ordinary	8835377	0x2ec96573f28204a5498cf54a929088b66bbe7a7e3d21935e33fec180000000ff	0x0	0
COEFFICIENT	pp_replay_inverse_ordinary	8835377	0x0
TRACE	pp_replay_inverse_ordinary	8840606	0x2ec96573f28204a5498cf54a929088b66bbe7a7e3d21935e33fec180000000ff	0x0	0
COEFFICIENT	pp_replay_inverse_ordinary	8840606	0x0
TRACE	pp_replay_inverse_ordinary	8845835	0x2ec96573f28204a5498cf54a929088b66bbe7a7e3d21935e33fec180000000ff	0x0	0
COEFFICIENT	pp_replay_inverse_ordinary	8845835	0x0
TRACE	pp_replay_inverse_ordinary	8851064	0x2ec96573f28204a5498cf54a929088b66bbe7a7e3d21935e33fec180000000ff	0x0	0
COEFFICIENT	pp_replay_inverse_ordinary	8851064	0x0
TRACE	pp_replay_inverse_ordinary	8856293	0x2ec96573f28204a5498cf54a929088b66bbe7a7e3d21935e33fec180000000ff	0x0	0
COEFFICIENT	pp_replay_inverse_ordinary	8856293	0x0
TRACE	pp_replay_inverse_ordinary	8861522	0x2ec96573f28204a5498cf54a929088b66bbe7a7e3d21935e33fec180000000ff	0x0	0
COEFFICIENT	pp_replay_inverse_ordinary	8861522	0x0
TRACE	pp_replay_inverse_ordinary	8866751	0x2ec96573f28204a5498cf54a929088b66bbe7a7e3d21935e33fec180000000ff	0x0	0
COEFFICIENT	pp_replay_inverse_ordinary	8866751	0x0
TRACE	pp_replay_inverse_ordinary	8871980	0x2ec96573f28204a5498cf54a929088b66bbe7a7e3d21935e33fec180000000ff	0x0	0
COEFFICIENT	pp_replay_inverse_ordinary	8871980	0x0
TRACE	pp_replay_inverse_ordinary	8877209	0x2ec96573f28204a5498cf54a929088b66bbe7a7e3d21935e33fec180000000ff	0x0	0
COEFFICIENT	pp_replay_inverse_ordinary	8877209	0x0
TRACE	pp_replay_inverse_ordinary	8882438	0x2ec96573f28204a5498cf54a929088b66bbe7a7e3d21935e33fec180000000ff	0x0	0
COEFFICIENT	pp_replay_inverse_ordinary	8882438	0x0
TRACE	pp_replay_inverse_ordinary	8887667	0x2ec96573f28204a5498cf54a929088b66bbe7a7e3d21935e33fec180000000ff	0x0	0
COEFFICIENT	pp_replay_inverse_ordinary	8887667	0x0
TRACE	pp_replay_inverse_ordinary	8892896	0x2ec96573f28204a5498cf54a929088b66bbe7a7e3d21935e33fec180000000ff	0x0	0
COEFFICIENT	pp_replay_inverse_ordinary	8892896	0x0
TRACE	pp_replay_inverse_ordinary	8898125	0x2ec96573f28204a5498cf54a929088b66bbe7a7e3d21935e33fec180000000ff	0x0	0
COEFFICIENT	pp_replay_inverse_ordinary	8898125	0x0
TRACE	pp_replay_inverse_ordinary	8903354	0x2ec96573f28204a5498cf54a929088b66bbe7a7e3d21935e33fec180000000ff	0x0	0
COEFFICIENT	pp_replay_inverse_ordinary	8903354	0x0
TRACE	pp_replay_inverse_ordinary	8908583	0x2ec96573f28204a5498cf54a929088b66bbe7a7e3d21935e33fec180000000ff	0x0	0
COEFFICIENT	pp_replay_inverse_ordinary	8908583	0x0
TRACE	pp_replay_inverse_ordinary	8913812	0x2ec96573f28204a5498cf54a929088b66bbe7a7e3d21935e33fec180000000ff	0x0	0
COEFFICIENT	pp_replay_inverse_ordinary	8913812	0x0
TRACE	pp_replay_inverse_ordinary	8919041	0x2ec96573f28204a5498cf54a929088b66bbe7a7e3d21935e33fec180000000ff	0x0	0
COEFFICIENT	pp_replay_inverse_ordinary	8919041	0x0
TRACE	pp_replay_inverse_ordinary	8924270	0x2ec96573f28204a5498cf54a929088b66bbe7a7e3d21935e33fec180000000ff	0x0	0
COEFFICIENT	pp_replay_inverse_ordinary	8924270	0x0
TRACE	pp_replay_inverse_ordinary	8929499	0x2ec96573f28204a5498cf54a929088b66bbe7a7e3d21935e33fec180000000ff	0x0	0
COEFFICIENT	pp_replay_inverse_ordinary	8929499	0x0
TRACE	pp_replay_inverse_ordinary	8934728	0x2ec96573f28204a5498cf54a929088b66bbe7a7e3d21935e33fec180000000ff	0x0	0
COEFFICIENT	pp_replay_inverse_ordinary	8934728	0x0
TRACE	pp_replay_inverse_ordinary	8939957	0x2ec96573f28204a5498cf54a929088b66bbe7a7e3d21935e33fec180000000ff	0x0	0
COEFFICIENT	pp_replay_inverse_ordinary	8939957	0x0
TRACE	pp_replay_inverse_ordinary	8945186	0x2ec96573f28204a5498cf54a929088b66bbe7a7e3d21935e33fec180000000ff	0x0	0
COEFFICIENT	pp_replay_inverse_ordinary	8945186	0x0
TRACE	pp_replay_inverse_ordinary	8950415	0x2ec96573f28204a5498cf54a929088b66bbe7a7e3d21935e33fec180000000ff	0x0	0
COEFFICIENT	pp_replay_inverse_ordinary	8950415	0x0
TRACE	pp_replay_inverse_ordinary	8955644	0x2ec96573f28204a5498cf54a929088b66bbe7a7e3d21935e33fec180000000ff	0x0	0
COEFFICIENT	pp_replay_inverse_ordinary	8955644	0x0
TRACE	pp_replay_inverse_ordinary	8960873	0x2ec96573f28204a5498cf54a929088b66bbe7a7e3d21935e33fec180000000ff	0x0	0
COEFFICIENT	pp_replay_inverse_ordinary	8960873	0x0
TRACE	pp_replay_inverse_ordinary	8966102	0x2ec96573f28204a5498cf54a929088b66bbe7a7e3d21935e33fec180000000ff	0x0	0
COEFFICIENT	pp_replay_inverse_ordinary	8966102	0x0
TRACE	pp_replay_inverse_ordinary	8971331	0x2ec96573f28204a5498cf54a929088b66bbe7a7e3d21935e33fec180000000ff	0x0	0
COEFFICIENT	pp_replay_inverse_ordinary	8971331	0x0
TRACE	pp_replay_inverse_ordinary	8976560	0x2ec96573f28204a5498cf54a929088b66bbe7a7e3d21935e33fec180000000ff	0x0	0
COEFFICIENT	pp_replay_inverse_ordinary	8976560	0x0
TRACE	pp_replay_inverse_ordinary	8981789	0x2ec96573f28204a5498cf54a929088b66bbe7a7e3d21935e33fec180000000ff	0x0	0
COEFFICIENT	pp_replay_inverse_ordinary	8981789	0x0
TRACE	pp_replay_inverse_ordinary	8987018	0x2ec96573f28204a5498cf54a929088b66bbe7a7e3d21935e33fec180000000ff	0x0	0
COEFFICIENT	pp_replay_inverse_ordinary	8987018	0x0
TRACE	pp_replay_inverse_ordinary	8992247	0x2ec96573f28204a5498cf54a929088b66bbe7a7e3d21935e33fec180000000ff	0x0	0
COEFFICIENT	pp_replay_inverse_ordinary	8992247	0x0
TRACE	pp_replay_inverse_ordinary	8997476	0x2ec96573f28204a5498cf54a929088b66bbe7a7e3d21935e33fec180000000ff	0x0	0
COEFFICIENT	pp_replay_inverse_ordinary	8997476	0x0
TRACE	pp_replay_inverse_ordinary	9002705	0x2ec96573f28204a5498cf54a929088b66bbe7a7e3d21935e33fec180000000ff	0x0	0
COEFFICIENT	pp_replay_inverse_ordinary	9002705	0x0
TRACE	pp_replay_inverse_ordinary	9007934	0x2ec96573f28204a5498cf54a929088b66bbe7a7e3d21935e33fec180000000ff	0x0	0
COEFFICIENT	pp_replay_inverse_ordinary	9007934	0x0
TRACE	pp_replay_inverse_ordinary	9013163	0x2ec96573f28204a5498cf54a929088b66bbe7a7e3d21935e33fec180000000ff	0x0	0
COEFFICIENT	pp_replay_inverse_ordinary	9013163	0x0
TRACE	pp_replay_inverse_ordinary	9018392	0x2ec96573f28204a5498cf54a929088b66bbe7a7e3d21935e33fec180000000ff	0x0	0
COEFFICIENT	pp_replay_inverse_ordinary	9018392	0x0
TRACE	pp_replay_inverse_ordinary	9023621	0x2ec96573f28204a5498cf54a929088b66bbe7a7e3d21935e33fec180000000ff	0x0	0
COEFFICIENT	pp_replay_inverse_ordinary	9023621	0x0
TRACE	pp_replay_inverse_ordinary	9028850	0x2ec96573f28204a5498cf54a929088b66bbe7a7e3d21935e33fec180000000ff	0x0	0
COEFFICIENT	pp_replay_inverse_ordinary	9028850	0x0
TRACE	pp_replay_inverse_ordinary	9034079	0x2ec96573f28204a5498cf54a929088b66bbe7a7e3d21935e33fec180000000ff	0x0	0
COEFFICIENT	pp_replay_inverse_ordinary	9034079	0x0
TRACE	pp_replay_inverse_ordinary	9039308	0x2ec96573f28204a5498cf54a929088b66bbe7a7e3d21935e33fec180000000ff	0x0	0
COEFFICIENT	pp_replay_inverse_ordinary	9039308	0x0
TRACE	pp_replay_inverse_ordinary	9044537	0x2ec96573f28204a5498cf54a929088b66bbe7a7e3d21935e33fec180000000ff	0x0	0
COEFFICIENT	pp_replay_inverse_ordinary	9044537	0x0
TRACE	pp_replay_inverse_ordinary	9049766	0x2ec96573f28204a5498cf54a929088b66bbe7a7e3d21935e33fec180000000ff	0x0	0
COEFFICIENT	pp_replay_inverse_ordinary	9049766	0x0
TRACE	pp_replay_inverse_ordinary	9054995	0x2ec96573f28204a5498cf54a929088b66bbe7a7e3d21935e33fec180000000ff	0x0	0
COEFFICIENT	pp_replay_inverse_ordinary	9054995	0x0
TRACE	pp_replay_inverse_ordinary	9060224	0x2ec96573f28204a5498cf54a929088b66bbe7a7e3d21935e33fec180000000ff	0x0	0
COEFFICIENT	pp_replay_inverse_ordinary	9060224	0x0
TRACE	pp_replay_inverse_ordinary	9065453	0x2ec96573f28204a5498cf54a929088b66bbe7a7e3d21935e33fec180000000ff	0x0	0
COEFFICIENT	pp_replay_inverse_ordinary	9065453	0x0
TRACE	pp_replay_inverse_ordinary	9070682	0x2ec96573f28204a5498cf54a929088b66bbe7a7e3d21935e33fec180000000ff	0x0	0
COEFFICIENT	pp_replay_inverse_ordinary	9070682	0x0
TRACE	pp_replay_inverse_ordinary	9075911	0x2ec96573f28204a5498cf54a929088b66bbe7a7e3d21935e33fec180000000ff	0x0	0
COEFFICIENT	pp_replay_inverse_ordinary	9075911	0x0
TRACE	pp_replay_inverse_ordinary	9081140	0x2ec96573f28204a5498cf54a929088b66bbe7a7e3d21935e33fec180000000ff	0x0	0
COEFFICIENT	pp_replay_inverse_ordinary	9081140	0x0
TRACE	pp_replay_inverse_ordinary	9086369	0x2ec96573f28204a5498cf54a929088b66bbe7a7e3d21935e33fec180000000ff	0x0	0
COEFFICIENT	pp_replay_inverse_ordinary	9086369	0x0
TRACE	pp_replay_inverse_ordinary	9091598	0x2ec96573f28204a5498cf54a929088b66bbe7a7e3d21935e33fec180000000ff	0x0	0
COEFFICIENT	pp_replay_inverse_ordinary	9091598	0x0
TRACE	pp_replay_inverse_ordinary	9096827	0x2ec96573f28204a5498cf54a929088b66bbe7a7e3d21935e33fec180000000ff	0x0	0
COEFFICIENT	pp_replay_inverse_ordinary	9096827	0x0
TRACE	pp_replay_inverse_ordinary	9102056	0x2ec96573f28204a5498cf54a929088b66bbe7a7e3d21935e33fec180000000ff	0x0	0
COEFFICIENT	pp_replay_inverse_ordinary	9102056	0x0
TRACE	pp_replay_inverse_ordinary	9107285	0x2ec96573f28204a5498cf54a929088b66bbe7a7e3d21935e33fec180000000ff	0x0	0
COEFFICIENT	pp_replay_inverse_ordinary	9107285	0x0
TRACE	pp_replay_inverse_ordinary	9112514	0x2ec96573f28204a5498cf54a929088b66bbe7a7e3d21935e33fec180000000ff	0x0	0
COEFFICIENT	pp_replay_inverse_ordinary	9112514	0x0
TRACE	pp_replay_inverse_ordinary	9117743	0x2ec96573f28204a5498cf54a929088b66bbe7a7e3d21935e33fec180000000ff	0x0	0
COEFFICIENT	pp_replay_inverse_ordinary	9117743	0x0
TRACE	pp_replay_inverse_ordinary	9122972	0x2ec96573f28204a5498cf54a929088b66bbe7a7e3d21935e33fec180000000ff	0x0	0
COEFFICIENT	pp_replay_inverse_ordinary	9122972	0x0
TRACE	pp_replay_inverse_ordinary	9128201	0x2ec96573f28204a5498cf54a929088b66bbe7a7e3d21935e33fec180000000ff	0x0	0
COEFFICIENT	pp_replay_inverse_ordinary	9128201	0x0
TRACE	pp_replay_inverse_ordinary	9133430	0x2ec96573f28204a5498cf54a929088b66bbe7a7e3d21935e33fec180000000ff	0x0	0
COEFFICIENT	pp_replay_inverse_ordinary	9133430	0x0
TRACE	pp_replay_inverse_ordinary	9138659	0x2ec96573f28204a5498cf54a929088b66bbe7a7e3d21935e33fec180000000ff	0x0	0
COEFFICIENT	pp_replay_inverse_ordinary	9138659	0x0
TRACE	pp_replay_inverse_ordinary	9143888	0x2ec96573f28204a5498cf54a929088b66bbe7a7e3d21935e33fec180000000ff	0x0	0
COEFFICIENT	pp_replay_inverse_ordinary	9143888	0x0
TRACE	pp_replay_inverse_ordinary	9149117	0x2ec96573f28204a5498cf54a929088b66bbe7a7e3d21935e33fec180000000ff	0x0	0
COEFFICIENT	pp_replay_inverse_ordinary	9149117	0x0
TRACE	pp_replay_inverse_ordinary	9154346	0x2ec96573f28204a5498cf54a929088b66bbe7a7e3d21935e33fec180000000ff	0x0	0
COEFFICIENT	pp_replay_inverse_ordinary	9154346	0x0
TRACE	pp_replay_inverse_ordinary	9159575	0x2ec96573f28204a5498cf54a929088b66bbe7a7e3d21935e33fec180000000ff	0x0	0
COEFFICIENT	pp_replay_inverse_ordinary	9159575	0x0
TRACE	pp_replay_inverse_ordinary	9164804	0x2ec96573f28204a5498cf54a929088b66bbe7a7e3d21935e33fec180000000ff	0x0	0
COEFFICIENT	pp_replay_inverse_ordinary	9164804	0x0
TRACE	pp_replay_inverse_ordinary	9170033	0x2ec96573f28204a5498cf54a929088b66bbe7a7e3d21935e33fec180000000ff	0x0	0
COEFFICIENT	pp_replay_inverse_ordinary	9170033	0x0
TRACE	pp_replay_inverse_ordinary	9175262	0x2ec96573f28204a5498cf54a929088b66bbe7a7e3d21935e33fec180000000ff	0x0	0
COEFFICIENT	pp_replay_inverse_ordinary	9175262	0x0
TRACE	pp_replay_inverse_ordinary	9180491	0x2ec96573f28204a5498cf54a929088b66bbe7a7e3d21935e33fec180000000ff	0x0	0
COEFFICIENT	pp_replay_inverse_ordinary	9180491	0x0
TRACE	pp_replay_inverse_ordinary	9185720	0x2ec96573f28204a5498cf54a929088b66bbe7a7e3d21935e33fec180000000ff	0x0	0
COEFFICIENT	pp_replay_inverse_ordinary	9185720	0x0
TRACE	pp_replay_inverse_ordinary	9190949	0x2ec96573f28204a5498cf54a929088b66bbe7a7e3d21935e33fec180000000ff	0x0	0
COEFFICIENT	pp_replay_inverse_ordinary	9190949	0x0
TRACE	pp_replay_inverse_ordinary	9196178	0x2ec96573f28204a5498cf54a929088b66bbe7a7e3d21935e33fec180000000ff	0x0	0
COEFFICIENT	pp_replay_inverse_ordinary	9196178	0x0
TRACE	pp_replay_inverse_ordinary	9201407	0x2ec96573f28204a5498cf54a929088b66bbe7a7e3d21935e33fec180000000ff	0x0	0
COEFFICIENT	pp_replay_inverse_ordinary	9201407	0x0
TRACE	pp_replay_inverse_ordinary	9206636	0x2ec96573f28204a5498cf54a929088b66bbe7a7e3d21935e33fec180000000ff	0x0	0
COEFFICIENT	pp_replay_inverse_ordinary	9206636	0x0
TRACE	pp_replay_inverse_ordinary	9211865	0x2ec96573f28204a5498cf54a929088b66bbe7a7e3d21935e33fec180000000ff	0x0	0
COEFFICIENT	pp_replay_inverse_ordinary	9211865	0x0
TRACE	pp_replay_inverse_ordinary	9217094	0x2ec96573f28204a5498cf54a929088b66bbe7a7e3d21935e33fec180000000ff	0x0	0
COEFFICIENT	pp_replay_inverse_ordinary	9217094	0x0
TRACE	pp_replay_inverse_ordinary	9222323	0x2ec96573f28204a5498cf54a929088b66bbe7a7e3d21935e33fec180000000ff	0x0	0
COEFFICIENT	pp_replay_inverse_ordinary	9222323	0x0
TRACE	pp_replay_inverse_ordinary	9227552	0x2ec96573f28204a5498cf54a929088b66bbe7a7e3d21935e33fec180000000ff	0x0	0
COEFFICIENT	pp_replay_inverse_ordinary	9227552	0x0
TRACE	pp_replay_inverse_ordinary	9232781	0x2ec96573f28204a5498cf54a929088b66bbe7a7e3d21935e33fec180000000ff	0x0	0
COEFFICIENT	pp_replay_inverse_ordinary	9232781	0x0
TRACE	pp_replay_inverse_ordinary	9238010	0x2ec96573f28204a5498cf54a929088b66bbe7a7e3d21935e33fec180000000ff	0x0	0
COEFFICIENT	pp_replay_inverse_ordinary	9238010	0x0
TRACE	pp_replay_inverse_ordinary	9243239	0x2ec96573f28204a5498cf54a929088b66bbe7a7e3d21935e33fec180000000ff	0x0	0
COEFFICIENT	pp_replay_inverse_ordinary	9243239	0x0
TRACE	pp_replay_inverse_ordinary	9248468	0x2ec96573f28204a5498cf54a929088b66bbe7a7e3d21935e33fec180000000ff	0x0	0
COEFFICIENT	pp_replay_inverse_ordinary	9248468	0x0
TRACE	pp_replay_inverse_ordinary	9253697	0x2ec96573f28204a5498cf54a929088b66bbe7a7e3d21935e33fec180000000ff	0x0	0
COEFFICIENT	pp_replay_inverse_ordinary	9253697	0x0
TRACE	pp_replay_inverse_ordinary	9258926	0x2ec96573f28204a5498cf54a929088b66bbe7a7e3d21935e33fec180000000ff	0x0	0
COEFFICIENT	pp_replay_inverse_ordinary	9258926	0x0
TRACE	pp_replay_inverse_ordinary	9264155	0x2ec96573f28204a5498cf54a929088b66bbe7a7e3d21935e33fec180000000ff	0x0	0
COEFFICIENT	pp_replay_inverse_ordinary	9264155	0x0
TRACE	pp_replay_inverse_ordinary	9269384	0x2ec96573f28204a5498cf54a929088b66bbe7a7e3d21935e33fec180000000ff	0x0	0
COEFFICIENT	pp_replay_inverse_ordinary	9269384	0x0
TRACE	pp_replay_inverse_ordinary	9274613	0x2ec96573f28204a5498cf54a929088b66bbe7a7e3d21935e33fec180000000ff	0x0	0
COEFFICIENT	pp_replay_inverse_ordinary	9274613	0x0
TRACE	pp_replay_inverse_ordinary	9279842	0x2ec96573f28204a5498cf54a929088b66bbe7a7e3d21935e33fec180000000ff	0x0	0
COEFFICIENT	pp_replay_inverse_ordinary	9279842	0x0
TRACE	pp_replay_inverse_ordinary	9285071	0x2ec96573f28204a5498cf54a929088b66bbe7a7e3d21935e33fec180000000ff	0x0	0
COEFFICIENT	pp_replay_inverse_ordinary	9285071	0x0
TRACE	pp_replay_inverse_ordinary	9290300	0x2ec96573f28204a5498cf54a929088b66bbe7a7e3d21935e33fec180000000ff	0x0	0
COEFFICIENT	pp_replay_inverse_ordinary	9290300	0x0
TRACE	pp_replay_inverse_ordinary	9295529	0x2ec96573f28204a5498cf54a929088b66bbe7a7e3d21935e33fec180000000ff	0x0	0
COEFFICIENT	pp_replay_inverse_ordinary	9295529	0x0
TRACE	pp_replay_inverse_ordinary	9300758	0x2ec96573f28204a5498cf54a929088b66bbe7a7e3d21935e33fec180000000ff	0x0	0
COEFFICIENT	pp_replay_inverse_ordinary	9300758	0x0
TRACE	pp_replay_inverse_ordinary	9305987	0x2ec96573f28204a5498cf54a929088b66bbe7a7e3d21935e33fec180000000ff	0x0	0
COEFFICIENT	pp_replay_inverse_ordinary	9305987	0x0
TRACE	pp_replay_inverse_ordinary	9311216	0x2ec96573f28204a5498cf54a929088b66bbe7a7e3d21935e33fec180000000ff	0x0	0
COEFFICIENT	pp_replay_inverse_ordinary	9311216	0x0
TRACE	pp_replay_inverse_ordinary	9316445	0x2ec96573f28204a5498cf54a929088b66bbe7a7e3d21935e33fec180000000ff	0x0	0
COEFFICIENT	pp_replay_inverse_ordinary	9316445	0x0
TRACE	pp_replay_inverse_ordinary	9321674	0x2ec96573f28204a5498cf54a929088b66bbe7a7e3d21935e33fec180000000ff	0x0	0
COEFFICIENT	pp_replay_inverse_ordinary	9321674	0x0
TRACE	pp_replay_inverse_ordinary	9326903	0x2ec96573f28204a5498cf54a929088b66bbe7a7e3d21935e33fec180000000ff	0x0	0
COEFFICIENT	pp_replay_inverse_ordinary	9326903	0x0
TRACE	pp_replay_inverse_ordinary	9332132	0x2ec96573f28204a5498cf54a929088b66bbe7a7e3d21935e33fec180000000ff	0x0	0
COEFFICIENT	pp_replay_inverse_ordinary	9332132	0x0
TRACE	pp_replay_inverse_ordinary	9337361	0x2ec96573f28204a5498cf54a929088b66bbe7a7e3d21935e33fec180000000ff	0x0	0
COEFFICIENT	pp_replay_inverse_ordinary	9337361	0x0
TRACE	pp_replay_inverse_ordinary	9342590	0x2ec96573f28204a5498cf54a929088b66bbe7a7e3d21935e33fec180000000ff	0x0	0
COEFFICIENT	pp_replay_inverse_ordinary	9342590	0x0
TRACE	pp_replay_inverse_ordinary	9347819	0x2ec96573f28204a5498cf54a929088b66bbe7a7e3d21935e33fec180000000ff	0x0	0
COEFFICIENT	pp_replay_inverse_ordinary	9347819	0x0
TRACE	pp_replay_inverse_ordinary	9353048	0x2ec96573f28204a5498cf54a929088b66bbe7a7e3d21935e33fec180000000ff	0x0	0
COEFFICIENT	pp_replay_inverse_ordinary	9353048	0x0
TRACE	pp_replay_inverse_ordinary	9358277	0x2ec96573f28204a5498cf54a929088b66bbe7a7e3d21935e33fec180000000ff	0x0	0
COEFFICIENT	pp_replay_inverse_ordinary	9358277	0x0
TRACE	pp_replay_inverse_ordinary	9363506	0x2ec96573f28204a5498cf54a929088b66bbe7a7e3d21935e33fec180000000ff	0x0	0
COEFFICIENT	pp_replay_inverse_ordinary	9363506	0x0
TRACE	pp_replay_inverse_ordinary	9368735	0x2ec96573f28204a5498cf54a929088b66bbe7a7e3d21935e33fec180000000ff	0x0	0
COEFFICIENT	pp_replay_inverse_ordinary	9368735	0x0
TRACE	pp_replay_inverse_ordinary	9373964	0x2ec96573f28204a5498cf54a929088b66bbe7a7e3d21935e33fec180000000ff	0x0	0
COEFFICIENT	pp_replay_inverse_ordinary	9373964	0x0
TRACE	pp_replay_inverse_ordinary	9379193	0x2ec96573f28204a5498cf54a929088b66bbe7a7e3d21935e33fec180000000ff	0x0	0
COEFFICIENT	pp_replay_inverse_ordinary	9379193	0x0
TRACE	pp_replay_inverse_ordinary	9384422	0x2ec96573f28204a5498cf54a929088b66bbe7a7e3d21935e33fec180000000ff	0x0	0
COEFFICIENT	pp_replay_inverse_ordinary	9384422	0x0
TRACE	pp_replay_inverse_ordinary	9389651	0x2ec96573f28204a5498cf54a929088b66bbe7a7e3d21935e33fec180000000ff	0x0	0
COEFFICIENT	pp_replay_inverse_ordinary	9389651	0x0
TRACE	pp_replay_inverse_ordinary	9394880	0x2ec96573f28204a5498cf54a929088b66bbe7a7e3d21935e33fec180000000ff	0x0	0
COEFFICIENT	pp_replay_inverse_ordinary	9394880	0x0
TRACE	pp_replay_inverse_ordinary	9400109	0x2ec96573f28204a5498cf54a929088b66bbe7a7e3d21935e33fec180000000ff	0x0	0
COEFFICIENT	pp_replay_inverse_ordinary	9400109	0x0
TRACE	pp_replay_inverse_ordinary	9405338	0x2ec96573f28204a5498cf54a929088b66bbe7a7e3d21935e33fec180000000ff	0x0	0
COEFFICIENT	pp_replay_inverse_ordinary	9405338	0x0
TRACE	pp_replay_inverse_ordinary	9410567	0x2ec96573f28204a5498cf54a929088b66bbe7a7e3d21935e33fec180000000ff	0x0	0
COEFFICIENT	pp_replay_inverse_ordinary	9410567	0x0
TRACE	pp_replay_inverse_ordinary	9415796	0x2ec96573f28204a5498cf54a929088b66bbe7a7e3d21935e33fec180000000ff	0x0	0
COEFFICIENT	pp_replay_inverse_ordinary	9415796	0x0
TRACE	pp_replay_inverse_ordinary	9421025	0x2ec96573f28204a5498cf54a929088b66bbe7a7e3d21935e33fec180000000ff	0x0	0
COEFFICIENT	pp_replay_inverse_ordinary	9421025	0x0
TRACE	pp_replay_inverse_ordinary	9426254	0x2ec96573f28204a5498cf54a929088b66bbe7a7e3d21935e33fec180000000ff	0x0	0
COEFFICIENT	pp_replay_inverse_ordinary	9426254	0x0
TRACE	pp_replay_inverse_ordinary	9431483	0x2ec96573f28204a5498cf54a929088b66bbe7a7e3d21935e33fec180000000ff	0x0	0
COEFFICIENT	pp_replay_inverse_ordinary	9431483	0x0
TRACE	pp_replay_inverse_ordinary	9436712	0x2ec96573f28204a5498cf54a929088b66bbe7a7e3d21935e33fec180000000ff	0x0	0
COEFFICIENT	pp_replay_inverse_ordinary	9436712	0x0
TRACE	pp_replay_inverse_ordinary	9441941	0x2ec96573f28204a5498cf54a929088b66bbe7a7e3d21935e33fec180000000ff	0x0	0
COEFFICIENT	pp_replay_inverse_ordinary	9441941	0x0
TRACE	pp_replay_inverse_ordinary	9447170	0x2ec96573f28204a5498cf54a929088b66bbe7a7e3d21935e33fec180000000ff	0x0	0
COEFFICIENT	pp_replay_inverse_ordinary	9447170	0x0
TRACE	pp_replay_inverse_ordinary	9452399	0x2ec96573f28204a5498cf54a929088b66bbe7a7e3d21935e33fec180000000ff	0x0	0
COEFFICIENT	pp_replay_inverse_ordinary	9452399	0x0
TRACE	pp_replay_inverse_ordinary	9457628	0x2ec96573f28204a5498cf54a929088b66bbe7a7e3d21935e33fec180000000ff	0x0	0
COEFFICIENT	pp_replay_inverse_ordinary	9457628	0x0
TRACE	pp_replay_inverse_ordinary	9462857	0x2ec96573f28204a5498cf54a929088b66bbe7a7e3d21935e33fec180000000ff	0x0	0
COEFFICIENT	pp_replay_inverse_ordinary	9462857	0x0
TRACE	pp_replay_inverse_ordinary	9468086	0x2ec96573f28204a5498cf54a929088b66bbe7a7e3d21935e33fec180000000ff	0x0	0
COEFFICIENT	pp_replay_inverse_ordinary	9468086	0x0
TRACE	pp_replay_inverse_ordinary	9473315	0x2ec96573f28204a5498cf54a929088b66bbe7a7e3d21935e33fec180000000ff	0x0	0
COEFFICIENT	pp_replay_inverse_ordinary	9473315	0x0
TRACE	pp_replay_inverse_ordinary	9478544	0x2ec96573f28204a5498cf54a929088b66bbe7a7e3d21935e33fec180000000ff	0x0	0
COEFFICIENT	pp_replay_inverse_ordinary	9478544	0x0
TRACE	pp_replay_inverse_ordinary	9483773	0x2ec96573f28204a5498cf54a929088b66bbe7a7e3d21935e33fec180000000ff	0x0	0
COEFFICIENT	pp_replay_inverse_ordinary	9483773	0x0
TRACE	pp_replay_inverse_ordinary	9489002	0x2ec96573f28204a5498cf54a929088b66bbe7a7e3d21935e33fec180000000ff	0x0	0
COEFFICIENT	pp_replay_inverse_ordinary	9489002	0x0
TRACE	pp_replay_inverse_ordinary	9494231	0x2ec96573f28204a5498cf54a929088b66bbe7a7e3d21935e33fec180000000ff	0x0	0
COEFFICIENT	pp_replay_inverse_ordinary	9494231	0x0
TRACE	pp_replay_inverse_ordinary	9499460	0x2ec96573f28204a5498cf54a929088b66bbe7a7e3d21935e33fec180000000ff	0x0	0
COEFFICIENT	pp_replay_inverse_ordinary	9499460	0x0
TRACE	pp_replay_inverse_ordinary	9504689	0x2ec96573f28204a5498cf54a929088b66bbe7a7e3d21935e33fec180000000ff	0x0	0
COEFFICIENT	pp_replay_inverse_ordinary	9504689	0x0
TRACE	pp_replay_inverse_ordinary	9509918	0x2ec96573f28204a5498cf54a929088b66bbe7a7e3d21935e33fec180000000ff	0x0	0
COEFFICIENT	pp_replay_inverse_ordinary	9509918	0x0
TRACE	pp_replay_inverse_ordinary	9515147	0x2ec96573f28204a5498cf54a929088b66bbe7a7e3d21935e33fec180000000ff	0x0	0
COEFFICIENT	pp_replay_inverse_ordinary	9515147	0x0
TRACE	pp_replay_inverse_ordinary	9520376	0x2ec96573f28204a5498cf54a929088b66bbe7a7e3d21935e33fec180000000ff	0x0	0
COEFFICIENT	pp_replay_inverse_ordinary	9520376	0x0
TRACE	pp_replay_inverse_ordinary	9525605	0x2ec96573f28204a5498cf54a929088b66bbe7a7e3d21935e33fec180000000ff	0x0	0
COEFFICIENT	pp_replay_inverse_ordinary	9525605	0x0
TRACE	pp_replay_inverse_ordinary	9530834	0x2ec96573f28204a5498cf54a929088b66bbe7a7e3d21935e33fec180000000ff	0x0	0
COEFFICIENT	pp_replay_inverse_ordinary	9530834	0x0
TRACE	pp_replay_inverse_ordinary	9536063	0x2ec96573f28204a5498cf54a929088b66bbe7a7e3d21935e33fec180000000ff	0x0	0
COEFFICIENT	pp_replay_inverse_ordinary	9536063	0x0
TRACE	pp_replay_inverse_ordinary	9541292	0x2ec96573f28204a5498cf54a929088b66bbe7a7e3d21935e33fec180000000ff	0x0	0
COEFFICIENT	pp_replay_inverse_ordinary	9541292	0x0
TRACE	pp_replay_inverse_ordinary	9546521	0x2ec96573f28204a5498cf54a929088b66bbe7a7e3d21935e33fec180000000ff	0x0	0
COEFFICIENT	pp_replay_inverse_ordinary	9546521	0x0
TRACE	pp_replay_inverse_ordinary	9551750	0x2ec96573f28204a5498cf54a929088b66bbe7a7e3d21935e33fec180000000ff	0x0	0
COEFFICIENT	pp_replay_inverse_ordinary	9551750	0x0
TRACE	pp_replay_inverse_ordinary	9556979	0x2ec96573f28204a5498cf54a929088b66bbe7a7e3d21935e33fec180000000ff	0x0	0
COEFFICIENT	pp_replay_inverse_ordinary	9556979	0x0
TRACE	pp_replay_inverse_ordinary	9562208	0x2ec96573f28204a5498cf54a929088b66bbe7a7e3d21935e33fec180000000ff	0x0	0
COEFFICIENT	pp_replay_inverse_ordinary	9562208	0x0
TRACE	pp_replay_inverse_ordinary	9567437	0x2ec96573f28204a5498cf54a929088b66bbe7a7e3d21935e33fec180000000ff	0x0	0
COEFFICIENT	pp_replay_inverse_ordinary	9567437	0x0
TRACE	pp_replay_inverse_ordinary	9572666	0x2ec96573f28204a5498cf54a929088b66bbe7a7e3d21935e33fec180000000ff	0x0	0
COEFFICIENT	pp_replay_inverse_ordinary	9572666	0x0
TRACE	pp_replay_inverse_ordinary	9577895	0x2ec96573f28204a5498cf54a929088b66bbe7a7e3d21935e33fec180000000ff	0x0	0
COEFFICIENT	pp_replay_inverse_ordinary	9577895	0x0
TRACE	pp_replay_inverse_ordinary	9583124	0x2ec96573f28204a5498cf54a929088b66bbe7a7e3d21935e33fec180000000ff	0x0	0
COEFFICIENT	pp_replay_inverse_ordinary	9583124	0x0
TRACE	pp_replay_inverse_ordinary	9588353	0x2ec96573f28204a5498cf54a929088b66bbe7a7e3d21935e33fec180000000ff	0x0	0
COEFFICIENT	pp_replay_inverse_ordinary	9588353	0x0
TRACE	pp_replay_inverse_ordinary	9593582	0x2ec96573f28204a5498cf54a929088b66bbe7a7e3d21935e33fec180000000ff	0x0	0
COEFFICIENT	pp_replay_inverse_ordinary	9593582	0x0
TRACE	pp_replay_inverse_ordinary	9598811	0x2ec96573f28204a5498cf54a929088b66bbe7a7e3d21935e33fec180000000ff	0x0	0
COEFFICIENT	pp_replay_inverse_ordinary	9598811	0x0
TRACE	pp_replay_inverse_ordinary	9604040	0x2ec96573f28204a5498cf54a929088b66bbe7a7e3d21935e33fec180000000ff	0x0	0
COEFFICIENT	pp_replay_inverse_ordinary	9604040	0x0
TRACE	pp_replay_inverse_ordinary	9609269	0x2ec96573f28204a5498cf54a929088b66bbe7a7e3d21935e33fec180000000ff	0x0	0
COEFFICIENT	pp_replay_inverse_ordinary	9609269	0x0
TRACE	pp_replay_inverse_ordinary	9614498	0x2ec96573f28204a5498cf54a929088b66bbe7a7e3d21935e33fec180000000ff	0x0	0
COEFFICIENT	pp_replay_inverse_ordinary	9614498	0x0
TRACE	pp_replay_inverse_ordinary	9619727	0x2ec96573f28204a5498cf54a929088b66bbe7a7e3d21935e33fec180000000ff	0x0	0
COEFFICIENT	pp_replay_inverse_ordinary	9619727	0x0
TRACE	pp_replay_inverse_ordinary	9624956	0x2ec96573f28204a5498cf54a929088b66bbe7a7e3d21935e33fec180000000ff	0x0	0
COEFFICIENT	pp_replay_inverse_ordinary	9624956	0x0
TRACE	pp_replay_inverse_ordinary	9630185	0x2ec96573f28204a5498cf54a929088b66bbe7a7e3d21935e33fec180000000ff	0x0	0
COEFFICIENT	pp_replay_inverse_ordinary	9630185	0x0
TRACE	pp_replay_inverse_ordinary	9635414	0x2ec96573f28204a5498cf54a929088b66bbe7a7e3d21935e33fec180000000ff	0x0	0
COEFFICIENT	pp_replay_inverse_ordinary	9635414	0x0
TRACE	pp_replay_inverse_ordinary	9640643	0x2ec96573f28204a5498cf54a929088b66bbe7a7e3d21935e33fec180000000ff	0x0	0
COEFFICIENT	pp_replay_inverse_ordinary	9640643	0x0
TRACE	pp_replay_inverse_ordinary	9645872	0x2ec96573f28204a5498cf54a929088b66bbe7a7e3d21935e33fec180000000ff	0x0	0
COEFFICIENT	pp_replay_inverse_ordinary	9645872	0x0
TRACE	pp_replay_inverse_ordinary	9651101	0x2ec96573f28204a5498cf54a929088b66bbe7a7e3d21935e33fec180000000ff	0x0	0
COEFFICIENT	pp_replay_inverse_ordinary	9651101	0x0
TRACE	pp_replay_inverse_ordinary	9656330	0x2ec96573f28204a5498cf54a929088b66bbe7a7e3d21935e33fec180000000ff	0x0	0
COEFFICIENT	pp_replay_inverse_ordinary	9656330	0x0
TRACE	pp_replay_inverse_ordinary	9661559	0x2ec96573f28204a5498cf54a929088b66bbe7a7e3d21935e33fec180000000ff	0x0	0
COEFFICIENT	pp_replay_inverse_ordinary	9661559	0x0
TRACE	pp_replay_inverse_ordinary	9666788	0x2ec96573f28204a5498cf54a929088b66bbe7a7e3d21935e33fec180000000ff	0x0	0
COEFFICIENT	pp_replay_inverse_ordinary	9666788	0x0
TRACE	pp_replay_inverse_ordinary	9672017	0x2ec96573f28204a5498cf54a929088b66bbe7a7e3d21935e33fec180000000ff	0x0	0
COEFFICIENT	pp_replay_inverse_ordinary	9672017	0x0
TRACE	pp_replay_inverse_ordinary	9677246	0x2ec96573f28204a5498cf54a929088b66bbe7a7e3d21935e33fec180000000ff	0x0	0
COEFFICIENT	pp_replay_inverse_ordinary	9677246	0x0
TRACE	pp_replay_inverse_ordinary	9682475	0x2ec96573f28204a5498cf54a929088b66bbe7a7e3d21935e33fec180000000ff	0x0	0
COEFFICIENT	pp_replay_inverse_ordinary	9682475	0x0
TRACE	pp_replay_inverse_ordinary	9687704	0x2ec96573f28204a5498cf54a929088b66bbe7a7e3d21935e33fec180000000ff	0x0	0
COEFFICIENT	pp_replay_inverse_ordinary	9687704	0x0
TRACE	pp_replay_inverse_ordinary	9692933	0x2ec96573f28204a5498cf54a929088b66bbe7a7e3d21935e33fec180000000ff	0x0	0
COEFFICIENT	pp_replay_inverse_ordinary	9692933	0x0
TRACE	pp_replay_inverse_ordinary	9698162	0x2ec96573f28204a5498cf54a929088b66bbe7a7e3d21935e33fec180000000ff	0x0	0
COEFFICIENT	pp_replay_inverse_ordinary	9698162	0x0
TRACE	pp_replay_inverse_ordinary	9703391	0x2ec96573f28204a5498cf54a929088b66bbe7a7e3d21935e33fec180000000ff	0x0	0
COEFFICIENT	pp_replay_inverse_ordinary	9703391	0x0
TRACE	pp_replay_inverse_ordinary	9708620	0x2ec96573f28204a5498cf54a929088b66bbe7a7e3d21935e33fec180000000ff	0x0	0
COEFFICIENT	pp_replay_inverse_ordinary	9708620	0x0
TRACE	pp_replay_inverse_ordinary	9713849	0x2ec96573f28204a5498cf54a929088b66bbe7a7e3d21935e33fec180000000ff	0x0	0
COEFFICIENT	pp_replay_inverse_ordinary	9713849	0x0
TRACE	pp_replay_inverse_ordinary	9719078	0x2ec96573f28204a5498cf54a929088b66bbe7a7e3d21935e33fec180000000ff	0x0	0
COEFFICIENT	pp_replay_inverse_ordinary	9719078	0x0
TRACE	pp_replay_inverse_ordinary	9724307	0x2ec96573f28204a5498cf54a929088b66bbe7a7e3d21935e33fec180000000ff	0x0	0
COEFFICIENT	pp_replay_inverse_ordinary	9724307	0x0
TRACE	pp_replay_inverse_ordinary	9729536	0x2ec96573f28204a5498cf54a929088b66bbe7a7e3d21935e33fec180000000ff	0x0	0
COEFFICIENT	pp_replay_inverse_ordinary	9729536	0x0
TRACE	pp_replay_inverse_ordinary	9734765	0x2ec96573f28204a5498cf54a929088b66bbe7a7e3d21935e33fec180000000ff	0x0	0
COEFFICIENT	pp_replay_inverse_ordinary	9734765	0x0
TRACE	pp_replay_inverse_ordinary	9739994	0x2ec96573f28204a5498cf54a929088b66bbe7a7e3d21935e33fec180000000ff	0x0	0
COEFFICIENT	pp_replay_inverse_ordinary	9739994	0x0
TRACE	pp_replay_inverse_ordinary	9745223	0x2ec96573f28204a5498cf54a929088b66bbe7a7e3d21935e33fec180000000ff	0x0	0
COEFFICIENT	pp_replay_inverse_ordinary	9745223	0x0
TRACE	pp_replay_inverse_ordinary	9750452	0x2ec96573f28204a5498cf54a929088b66bbe7a7e3d21935e33fec180000000ff	0x0	0
COEFFICIENT	pp_replay_inverse_ordinary	9750452	0x0
TRACE	pp_replay_inverse_ordinary	9755681	0x2ec96573f28204a5498cf54a929088b66bbe7a7e3d21935e33fec180000000ff	0x0	0
COEFFICIENT	pp_replay_inverse_ordinary	9755681	0x0
TRACE	pp_replay_inverse_ordinary	9760910	0x2ec96573f28204a5498cf54a929088b66bbe7a7e3d21935e33fec180000000ff	0x0	0
COEFFICIENT	pp_replay_inverse_ordinary	9760910	0x0
TRACE	pp_replay_inverse_ordinary	9766139	0x2ec96573f28204a5498cf54a929088b66bbe7a7e3d21935e33fec180000000ff	0x0	0
COEFFICIENT	pp_replay_inverse_ordinary	9766139	0x0
TRACE	pp_replay_inverse_ordinary	9771368	0x2ec96573f28204a5498cf54a929088b66bbe7a7e3d21935e33fec180000000ff	0x0	0
COEFFICIENT	pp_replay_inverse_ordinary	9771368	0x0
TRACE	pp_replay_inverse_ordinary	9776597	0x2ec96573f28204a5498cf54a929088b66bbe7a7e3d21935e33fec180000000ff	0x0	0
COEFFICIENT	pp_replay_inverse_ordinary	9776597	0x0
TRACE	pp_replay_inverse_ordinary	9781826	0x2ec96573f28204a5498cf54a929088b66bbe7a7e3d21935e33fec180000000ff	0x0	0
COEFFICIENT	pp_replay_inverse_ordinary	9781826	0x0
TRACE	pp_replay_inverse_ordinary	9787055	0x2ec96573f28204a5498cf54a929088b66bbe7a7e3d21935e33fec180000000ff	0x0	0
COEFFICIENT	pp_replay_inverse_ordinary	9787055	0x0
TRACE	pp_replay_inverse_ordinary	9792284	0x2ec96573f28204a5498cf54a929088b66bbe7a7e3d21935e33fec180000000ff	0x0	0
COEFFICIENT	pp_replay_inverse_ordinary	9792284	0x0
TRACE	pp_replay_inverse_ordinary	9797513	0x2ec96573f28204a5498cf54a929088b66bbe7a7e3d21935e33fec180000000ff	0x0	0
COEFFICIENT	pp_replay_inverse_ordinary	9797513	0x0
TRACE	pp_replay_inverse_ordinary	9802742	0x2ec96573f28204a5498cf54a929088b66bbe7a7e3d21935e33fec180000000ff	0x0	0
COEFFICIENT	pp_replay_inverse_ordinary	9802742	0x0
TRACE	pp_replay_inverse_ordinary	9807971	0x2ec96573f28204a5498cf54a929088b66bbe7a7e3d21935e33fec180000000ff	0x0	0
COEFFICIENT	pp_replay_inverse_ordinary	9807971	0x0
TRACE	pp_replay_inverse_ordinary	9813200	0x2ec96573f28204a5498cf54a929088b66bbe7a7e3d21935e33fec180000000ff	0x0	0
COEFFICIENT	pp_replay_inverse_ordinary	9813200	0x0
TRACE	pp_replay_inverse_ordinary	9818429	0x2ec96573f28204a5498cf54a929088b66bbe7a7e3d21935e33fec180000000ff	0x0	0
COEFFICIENT	pp_replay_inverse_ordinary	9818429	0x0
TRACE	pp_replay_inverse_ordinary	9823658	0x2ec96573f28204a5498cf54a929088b66bbe7a7e3d21935e33fec180000000ff	0x0	0
COEFFICIENT	pp_replay_inverse_ordinary	9823658	0x0
TRACE	pp_replay_inverse_ordinary	9828887	0x2ec96573f28204a5498cf54a929088b66bbe7a7e3d21935e33fec180000000ff	0x0	0
COEFFICIENT	pp_replay_inverse_ordinary	9828887	0x0
TRACE	pp_replay_inverse_ordinary	9834116	0x2ec96573f28204a5498cf54a929088b66bbe7a7e3d21935e33fec180000000ff	0x0	0
COEFFICIENT	pp_replay_inverse_ordinary	9834116	0x0
TRACE	pp_replay_inverse_ordinary	9839345	0x2ec96573f28204a5498cf54a929088b66bbe7a7e3d21935e33fec180000000ff	0x0	0
COEFFICIENT	pp_replay_inverse_ordinary	9839345	0x0
TRACE	pp_replay_inverse_ordinary	9844574	0x2ec96573f28204a5498cf54a929088b66bbe7a7e3d21935e33fec180000000ff	0x0	0
COEFFICIENT	pp_replay_inverse_ordinary	9844574	0x0
TRACE	pp_replay_inverse_ordinary	9849803	0x2ec96573f28204a5498cf54a929088b66bbe7a7e3d21935e33fec180000000ff	0x0	0
COEFFICIENT	pp_replay_inverse_ordinary	9849803	0x0
TRACE	pp_replay_inverse_ordinary	9855032	0x2ec96573f28204a5498cf54a929088b66bbe7a7e3d21935e33fec180000000ff	0x0	0
COEFFICIENT	pp_replay_inverse_ordinary	9855032	0x0
TRACE	pp_replay_inverse_ordinary	9860261	0x2ec96573f28204a5498cf54a929088b66bbe7a7e3d21935e33fec180000000ff	0x0	0
COEFFICIENT	pp_replay_inverse_ordinary	9860261	0x0
TRACE	pp_replay_inverse_ordinary	9865490	0x2ec96573f28204a5498cf54a929088b66bbe7a7e3d21935e33fec180000000ff	0x0	0
COEFFICIENT	pp_replay_inverse_ordinary	9865490	0x0
TRACE	pp_replay_inverse_ordinary	9870719	0x2ec96573f28204a5498cf54a929088b66bbe7a7e3d21935e33fec180000000ff	0x0	0
COEFFICIENT	pp_replay_inverse_ordinary	9870719	0x0
TRACE	pp_replay_inverse_ordinary	9875948	0x2ec96573f28204a5498cf54a929088b66bbe7a7e3d21935e33fec180000000ff	0x0	0
COEFFICIENT	pp_replay_inverse_ordinary	9875948	0x0
TRACE	pp_replay_inverse_ordinary	9881177	0x2ec96573f28204a5498cf54a929088b66bbe7a7e3d21935e33fec180000000ff	0x0	0
COEFFICIENT	pp_replay_inverse_ordinary	9881177	0x0
TRACE	pp_replay_inverse_ordinary	9886406	0x2ec96573f28204a5498cf54a929088b66bbe7a7e3d21935e33fec180000000ff	0x0	0
COEFFICIENT	pp_replay_inverse_ordinary	9886406	0x0
TRACE	pp_replay_inverse_ordinary	9891635	0x2ec96573f28204a5498cf54a929088b66bbe7a7e3d21935e33fec180000000ff	0x0	0
COEFFICIENT	pp_replay_inverse_ordinary	9891635	0x0
TRACE	pp_replay_inverse_ordinary	9896864	0x2ec96573f28204a5498cf54a929088b66bbe7a7e3d21935e33fec180000000ff	0x0	0
COEFFICIENT	pp_replay_inverse_ordinary	9896864	0x0
TRACE	pp_replay_inverse_ordinary	9902093	0x2ec96573f28204a5498cf54a929088b66bbe7a7e3d21935e33fec180000000ff	0x0	0
COEFFICIENT	pp_replay_inverse_ordinary	9902093	0x0
TRACE	pp_replay_inverse_ordinary	9907322	0x2ec96573f28204a5498cf54a929088b66bbe7a7e3d21935e33fec180000000ff	0x0	0
COEFFICIENT	pp_replay_inverse_ordinary	9907322	0x0
TRACE	pp_replay_inverse_ordinary	9912551	0x2ec96573f28204a5498cf54a929088b66bbe7a7e3d21935e33fec180000000ff	0x0	0
COEFFICIENT	pp_replay_inverse_ordinary	9912551	0x0
TRACE	pp_replay_inverse_ordinary	9917780	0x2ec96573f28204a5498cf54a929088b66bbe7a7e3d21935e33fec180000000ff	0x0	0
COEFFICIENT	pp_replay_inverse_ordinary	9917780	0x0
TRACE	pp_replay_inverse_ordinary	9923009	0x2ec96573f28204a5498cf54a929088b66bbe7a7e3d21935e33fec180000000ff	0x0	0
COEFFICIENT	pp_replay_inverse_ordinary	9923009	0x0
TRACE	pp_replay_inverse_ordinary	9928238	0x2ec96573f28204a5498cf54a929088b66bbe7a7e3d21935e33fec180000000ff	0x0	0
COEFFICIENT	pp_replay_inverse_ordinary	9928238	0x0
TRACE	pp_replay_inverse_ordinary	9933467	0x2ec96573f28204a5498cf54a929088b66bbe7a7e3d21935e33fec180000000ff	0x0	0
COEFFICIENT	pp_replay_inverse_ordinary	9933467	0x0
TRACE	pp_replay_inverse_ordinary	9938696	0x2ec96573f28204a5498cf54a929088b66bbe7a7e3d21935e33fec180000000ff	0x0	0
COEFFICIENT	pp_replay_inverse_ordinary	9938696	0x0
TRACE	pp_replay_inverse_ordinary	9943925	0x2ec96573f28204a5498cf54a929088b66bbe7a7e3d21935e33fec180000000ff	0x0	0
COEFFICIENT	pp_replay_inverse_ordinary	9943925	0x0
TRACE	pp_replay_inverse_ordinary	9949154	0x2ec96573f28204a5498cf54a929088b66bbe7a7e3d21935e33fec180000000ff	0x0	0
COEFFICIENT	pp_replay_inverse_ordinary	9949154	0x0
TRACE	pp_replay_inverse_ordinary	9954383	0x2ec96573f28204a5498cf54a929088b66bbe7a7e3d21935e33fec180000000ff	0x0	0
COEFFICIENT	pp_replay_inverse_ordinary	9954383	0x0
TRACE	pp_replay_inverse_ordinary	9959612	0x2ec96573f28204a5498cf54a929088b66bbe7a7e3d21935e33fec180000000ff	0x0	0
COEFFICIENT	pp_replay_inverse_ordinary	9959612	0x0
TRACE	pp_replay_inverse_ordinary	9964841	0x2ec96573f28204a5498cf54a929088b66bbe7a7e3d21935e33fec180000000ff	0x0	0
COEFFICIENT	pp_replay_inverse_ordinary	9964841	0x0
TRACE	pp_replay_inverse_ordinary	9970070	0x2ec96573f28204a5498cf54a929088b66bbe7a7e3d21935e33fec180000000ff	0x0	0
COEFFICIENT	pp_replay_inverse_ordinary	9970070	0x0
TRACE	pp_replay_inverse_ordinary	9975299	0x2ec96573f28204a5498cf54a929088b66bbe7a7e3d21935e33fec180000000ff	0x0	0
COEFFICIENT	pp_replay_inverse_ordinary	9975299	0x0
TRACE	pp_replay_inverse_ordinary	9980528	0x2ec96573f28204a5498cf54a929088b66bbe7a7e3d21935e33fec180000000ff	0x0	0
COEFFICIENT	pp_replay_inverse_ordinary	9980528	0x0
TRACE	pp_replay_inverse_ordinary	9985757	0x2ec96573f28204a5498cf54a929088b66bbe7a7e3d21935e33fec180000000ff	0x0	0
COEFFICIENT	pp_replay_inverse_ordinary	9985757	0x0
TRACE	pp_replay_inverse_ordinary	9990986	0x2ec96573f28204a5498cf54a929088b66bbe7a7e3d21935e33fec180000000ff	0x0	0
COEFFICIENT	pp_replay_inverse_ordinary	9990986	0x0
TRACE	pp_replay_inverse_ordinary	9996215	0x2ec96573f28204a5498cf54a929088b66bbe7a7e3d21935e33fec180000000ff	0x0	0
COEFFICIENT	pp_replay_inverse_ordinary	9996215	0x0
TRACE	pp_replay_inverse_ordinary	10001444	0x2ec96573f28204a5498cf54a929088b66bbe7a7e3d21935e33fec180000000ff	0x0	0
COEFFICIENT	pp_replay_inverse_ordinary	10001444	0x0
TRACE	pp_replay_inverse_ordinary	10006673	0x2ec96573f28204a5498cf54a929088b66bbe7a7e3d21935e33fec180000000ff	0x0	0
COEFFICIENT	pp_replay_inverse_ordinary	10006673	0x0
TRACE	pp_replay_inverse_ordinary	10011902	0x2ec96573f28204a5498cf54a929088b66bbe7a7e3d21935e33fec180000000ff	0x0	0
COEFFICIENT	pp_replay_inverse_ordinary	10011902	0x0
TRACE	pp_replay_inverse_ordinary	10017131	0x2ec96573f28204a5498cf54a929088b66bbe7a7e3d21935e33fec180000000ff	0x0	0
COEFFICIENT	pp_replay_inverse_ordinary	10017131	0x0
TRACE	pp_replay_inverse_ordinary	10022360	0x2ec96573f28204a5498cf54a929088b66bbe7a7e3d21935e33fec180000000ff	0x0	0
COEFFICIENT	pp_replay_inverse_ordinary	10022360	0x0
TRACE	pp_replay_inverse_ordinary	10027589	0x2ec96573f28204a5498cf54a929088b66bbe7a7e3d21935e33fec180000000ff	0x0	0
COEFFICIENT	pp_replay_inverse_ordinary	10027589	0x0
TRACE	pp_replay_inverse_ordinary	10032818	0x2ec96573f28204a5498cf54a929088b66bbe7a7e3d21935e33fec180000000ff	0x0	0
COEFFICIENT	pp_replay_inverse_ordinary	10032818	0x0
TRACE	pp_replay_inverse_ordinary	10038047	0x2ec96573f28204a5498cf54a929088b66bbe7a7e3d21935e33fec180000000ff	0x0	0
COEFFICIENT	pp_replay_inverse_ordinary	10038047	0x0
TRACE	pp_replay_inverse_ordinary	10043276	0x2ec96573f28204a5498cf54a929088b66bbe7a7e3d21935e33fec180000000ff	0x0	0
COEFFICIENT	pp_replay_inverse_ordinary	10043276	0x0
TRACE	pp_replay_inverse_ordinary	10048505	0x2ec96573f28204a5498cf54a929088b66bbe7a7e3d21935e33fec180000000ff	0x0	0
COEFFICIENT	pp_replay_inverse_ordinary	10048505	0x0
TRACE	pp_replay_inverse_ordinary	10053734	0x2ec96573f28204a5498cf54a929088b66bbe7a7e3d21935e33fec180000000ff	0x0	0
COEFFICIENT	pp_replay_inverse_ordinary	10053734	0x0
TRACE	pp_replay_inverse_ordinary	10058963	0x2ec96573f28204a5498cf54a929088b66bbe7a7e3d21935e33fec180000000ff	0x0	0
COEFFICIENT	pp_replay_inverse_ordinary	10058963	0x0
TRACE	pp_replay_inverse_ordinary	10064192	0x2ec96573f28204a5498cf54a929088b66bbe7a7e3d21935e33fec180000000ff	0x0	0
COEFFICIENT	pp_replay_inverse_ordinary	10064192	0x0
TRACE	pp_replay_inverse_ordinary	10069421	0x2ec96573f28204a5498cf54a929088b66bbe7a7e3d21935e33fec180000000ff	0x0	0
COEFFICIENT	pp_replay_inverse_ordinary	10069421	0x0
TRACE	pp_replay_inverse_ordinary	10074650	0x2ec96573f28204a5498cf54a929088b66bbe7a7e3d21935e33fec180000000ff	0x0	0
COEFFICIENT	pp_replay_inverse_ordinary	10074650	0x0
TRACE	pp_replay_inverse_ordinary	10079879	0x2ec96573f28204a5498cf54a929088b66bbe7a7e3d21935e33fec180000000ff	0x0	0
COEFFICIENT	pp_replay_inverse_ordinary	10079879	0x0
TRACE	pp_replay_inverse_ordinary	10085108	0x2ec96573f28204a5498cf54a929088b66bbe7a7e3d21935e33fec180000000ff	0x0	0
COEFFICIENT	pp_replay_inverse_ordinary	10085108	0x0
TRACE	pp_replay_inverse_ordinary	10090337	0x2ec96573f28204a5498cf54a929088b66bbe7a7e3d21935e33fec180000000ff	0x0	0
COEFFICIENT	pp_replay_inverse_ordinary	10090337	0x0
TRACE	pp_replay_inverse_ordinary	10095566	0x2ec96573f28204a5498cf54a929088b66bbe7a7e3d21935e33fec180000000ff	0x0	0
COEFFICIENT	pp_replay_inverse_ordinary	10095566	0x0
TRACE	pp_replay_inverse_ordinary	10100795	0x2ec96573f28204a5498cf54a929088b66bbe7a7e3d21935e33fec180000000ff	0x0	0
COEFFICIENT	pp_replay_inverse_ordinary	10100795	0x0
TRACE	pp_replay_inverse_ordinary	10106024	0x2ec96573f28204a5498cf54a929088b66bbe7a7e3d21935e33fec180000000ff	0x0	0
COEFFICIENT	pp_replay_inverse_ordinary	10106024	0x0
TRACE	pp_replay_inverse_ordinary	10111253	0x2ec96573f28204a5498cf54a929088b66bbe7a7e3d21935e33fec180000000ff	0x0	0
COEFFICIENT	pp_replay_inverse_ordinary	10111253	0x0
TRACE	pp_replay_inverse_ordinary	10116482	0x2ec96573f28204a5498cf54a929088b66bbe7a7e3d21935e33fec180000000ff	0x0	0
COEFFICIENT	pp_replay_inverse_ordinary	10116482	0x0
TRACE	pp_replay_inverse_ordinary	10121711	0x2ec96573f28204a5498cf54a929088b66bbe7a7e3d21935e33fec180000000ff	0x0	0
COEFFICIENT	pp_replay_inverse_ordinary	10121711	0x0
TRACE	pp_replay_inverse_ordinary	10126940	0x2ec96573f28204a5498cf54a929088b66bbe7a7e3d21935e33fec180000000ff	0x0	0
COEFFICIENT	pp_replay_inverse_ordinary	10126940	0x0
TRACE	pp_replay_inverse_ordinary	10132169	0x2ec96573f28204a5498cf54a929088b66bbe7a7e3d21935e33fec180000000ff	0x0	0
COEFFICIENT	pp_replay_inverse_ordinary	10132169	0x0
TRACE	pp_replay_inverse_ordinary	10137398	0x2ec96573f28204a5498cf54a929088b66bbe7a7e3d21935e33fec180000000ff	0x0	0
COEFFICIENT	pp_replay_inverse_ordinary	10137398	0x0
TRACE	pp_replay_inverse_ordinary	10142627	0x2ec96573f28204a5498cf54a929088b66bbe7a7e3d21935e33fec180000000ff	0x0	0
COEFFICIENT	pp_replay_inverse_ordinary	10142627	0x0
TRACE	pp_replay_inverse_ordinary	10147856	0x2ec96573f28204a5498cf54a929088b66bbe7a7e3d21935e33fec180000000ff	0x0	0
COEFFICIENT	pp_replay_inverse_ordinary	10147856	0x0
TRACE	pp_replay_inverse_ordinary	10153085	0x2ec96573f28204a5498cf54a929088b66bbe7a7e3d21935e33fec180000000ff	0x0	0
COEFFICIENT	pp_replay_inverse_ordinary	10153085	0x0
TRACE	pp_replay_inverse_ordinary	10158314	0x2ec96573f28204a5498cf54a929088b66bbe7a7e3d21935e33fec180000000ff	0x0	0
COEFFICIENT	pp_replay_inverse_ordinary	10158314	0x0
TRACE	pp_replay_inverse_ordinary	10163543	0x2ec96573f28204a5498cf54a929088b66bbe7a7e3d21935e33fec180000000ff	0x0	0
COEFFICIENT	pp_replay_inverse_ordinary	10163543	0x0
TRACE	pp_replay_inverse_ordinary	10168772	0x2ec96573f28204a5498cf54a929088b66bbe7a7e3d21935e33fec180000000ff	0x0	0
COEFFICIENT	pp_replay_inverse_ordinary	10168772	0x0
TRACE	pp_replay_inverse_ordinary	10174001	0x2ec96573f28204a5498cf54a929088b66bbe7a7e3d21935e33fec180000000ff	0x0	0
COEFFICIENT	pp_replay_inverse_ordinary	10174001	0x0
TRACE	pp_replay_inverse_ordinary	10179230	0x2ec96573f28204a5498cf54a929088b66bbe7a7e3d21935e33fec180000000ff	0x0	0
COEFFICIENT	pp_replay_inverse_ordinary	10179230	0x0
TRACE	pp_replay_inverse_ordinary	10184459	0x2ec96573f28204a5498cf54a929088b66bbe7a7e3d21935e33fec180000000ff	0x0	0
COEFFICIENT	pp_replay_inverse_ordinary	10184459	0x0
TRACE	pp_replay_inverse_ordinary	10189688	0x2ec96573f28204a5498cf54a929088b66bbe7a7e3d21935e33fec180000000ff	0x0	0
COEFFICIENT	pp_replay_inverse_ordinary	10189688	0x0
TRACE	pp_replay_inverse_ordinary	10194917	0x2ec96573f28204a5498cf54a929088b66bbe7a7e3d21935e33fec180000000ff	0x0	0
COEFFICIENT	pp_replay_inverse_ordinary	10194917	0x0
TRACE	pp_replay_inverse_ordinary	10200146	0x2ec96573f28204a5498cf54a929088b66bbe7a7e3d21935e33fec180000000ff	0x0	0
COEFFICIENT	pp_replay_inverse_ordinary	10200146	0x0
TRACE	pp_replay_inverse_ordinary	10205375	0x2ec96573f28204a5498cf54a929088b66bbe7a7e3d21935e33fec180000000ff	0x0	0
COEFFICIENT	pp_replay_inverse_ordinary	10205375	0x0
TRACE	pp_replay_inverse_ordinary	10210604	0x2ec96573f28204a5498cf54a929088b66bbe7a7e3d21935e33fec180000000ff	0x0	0
COEFFICIENT	pp_replay_inverse_ordinary	10210604	0x0
TRACE	pp_replay_inverse_ordinary	10215833	0x2ec96573f28204a5498cf54a929088b66bbe7a7e3d21935e33fec180000000ff	0x0	0
COEFFICIENT	pp_replay_inverse_ordinary	10215833	0x0
TRACE	pp_replay_inverse_ordinary	10221062	0x2ec96573f28204a5498cf54a929088b66bbe7a7e3d21935e33fec180000000ff	0x0	0
COEFFICIENT	pp_replay_inverse_ordinary	10221062	0x0
TRACE	pp_replay_inverse_ordinary	10226291	0x2ec96573f28204a5498cf54a929088b66bbe7a7e3d21935e33fec180000000ff	0x0	0
COEFFICIENT	pp_replay_inverse_ordinary	10226291	0x0
TRACE	pp_replay_inverse_ordinary	10231520	0x2ec96573f28204a5498cf54a929088b66bbe7a7e3d21935e33fec180000000ff	0x0	0
COEFFICIENT	pp_replay_inverse_ordinary	10231520	0x0
TRACE	pp_replay_inverse_ordinary	10236749	0x2ec96573f28204a5498cf54a929088b66bbe7a7e3d21935e33fec180000000ff	0x0	0
COEFFICIENT	pp_replay_inverse_ordinary	10236749	0x0
TRACE	pp_replay_inverse_ordinary	10241978	0x2ec96573f28204a5498cf54a929088b66bbe7a7e3d21935e33fec180000000ff	0x0	0
COEFFICIENT	pp_replay_inverse_ordinary	10241978	0x0
TRACE	pp_replay_inverse_ordinary	10247207	0x2ec96573f28204a5498cf54a929088b66bbe7a7e3d21935e33fec180000000ff	0x0	0
COEFFICIENT	pp_replay_inverse_ordinary	10247207	0x0
TRACE	pp_replay_inverse_ordinary	10252436	0x2ec96573f28204a5498cf54a929088b66bbe7a7e3d21935e33fec180000000ff	0x0	0
COEFFICIENT	pp_replay_inverse_ordinary	10252436	0x0
TRACE	pp_replay_inverse_ordinary	10257665	0x2ec96573f28204a5498cf54a929088b66bbe7a7e3d21935e33fec180000000ff	0x0	0
COEFFICIENT	pp_replay_inverse_ordinary	10257665	0x0
TRACE	pp_replay_inverse_ordinary	10262894	0x2ec96573f28204a5498cf54a929088b66bbe7a7e3d21935e33fec180000000ff	0x0	0
COEFFICIENT	pp_replay_inverse_ordinary	10262894	0x0
TRACE	pp_replay_inverse_ordinary	10268123	0x2ec96573f28204a5498cf54a929088b66bbe7a7e3d21935e33fec180000000ff	0x0	0
COEFFICIENT	pp_replay_inverse_ordinary	10268123	0x0
TRACE	pp_replay_inverse_ordinary	10273352	0x2ec96573f28204a5498cf54a929088b66bbe7a7e3d21935e33fec180000000ff	0x0	0
COEFFICIENT	pp_replay_inverse_ordinary	10273352	0x0
TRACE	pp_replay_inverse_ordinary	10278581	0x2ec96573f28204a5498cf54a929088b66bbe7a7e3d21935e33fec180000000ff	0x0	0
COEFFICIENT	pp_replay_inverse_ordinary	10278581	0x0
TRACE	pp_replay_inverse_ordinary	10283810	0x2ec96573f28204a5498cf54a929088b66bbe7a7e3d21935e33fec180000000ff	0x0	0
COEFFICIENT	pp_replay_inverse_ordinary	10283810	0x0
TRACE	pp_replay_inverse_ordinary	10289039	0x2ec96573f28204a5498cf54a929088b66bbe7a7e3d21935e33fec180000000ff	0x0	0
COEFFICIENT	pp_replay_inverse_ordinary	10289039	0x0
TRACE	pp_replay_inverse_ordinary	10294268	0x2ec96573f28204a5498cf54a929088b66bbe7a7e3d21935e33fec180000000ff	0x0	0
COEFFICIENT	pp_replay_inverse_ordinary	10294268	0x0
TRACE	pp_replay_inverse_ordinary	10299497	0x2ec96573f28204a5498cf54a929088b66bbe7a7e3d21935e33fec180000000ff	0x0	0
COEFFICIENT	pp_replay_inverse_ordinary	10299497	0x0
TRACE	pp_replay_inverse_ordinary	10304726	0x2ec96573f28204a5498cf54a929088b66bbe7a7e3d21935e33fec180000000ff	0x0	0
COEFFICIENT	pp_replay_inverse_ordinary	10304726	0x0
TRACE	pp_replay_inverse_ordinary	10309955	0x2ec96573f28204a5498cf54a929088b66bbe7a7e3d21935e33fec180000000ff	0x0	0
COEFFICIENT	pp_replay_inverse_ordinary	10309955	0x0
TRACE	pp_replay_inverse_ordinary	10315184	0x2ec96573f28204a5498cf54a929088b66bbe7a7e3d21935e33fec180000000ff	0x0	0
COEFFICIENT	pp_replay_inverse_ordinary	10315184	0x0
TRACE	pp_replay_inverse_ordinary	10320413	0x2ec96573f28204a5498cf54a929088b66bbe7a7e3d21935e33fec180000000ff	0x0	0
COEFFICIENT	pp_replay_inverse_ordinary	10320413	0x0
TRACE	pp_replay_inverse_ordinary	10325642	0x2ec96573f28204a5498cf54a929088b66bbe7a7e3d21935e33fec180000000ff	0x0	0
COEFFICIENT	pp_replay_inverse_ordinary	10325642	0x0
TRACE	pp_replay_inverse_ordinary	10330871	0x2ec96573f28204a5498cf54a929088b66bbe7a7e3d21935e33fec180000000ff	0x0	0
COEFFICIENT	pp_replay_inverse_ordinary	10330871	0x0
TRACE	pp_replay_inverse_ordinary	10336100	0x2ec96573f28204a5498cf54a929088b66bbe7a7e3d21935e33fec180000000ff	0x0	0
COEFFICIENT	pp_replay_inverse_ordinary	10336100	0x0
TRACE	pp_replay_inverse_ordinary	10341329	0x2ec96573f28204a5498cf54a929088b66bbe7a7e3d21935e33fec180000000ff	0x0	0
COEFFICIENT	pp_replay_inverse_ordinary	10341329	0x0
TRACE	pp_replay_inverse_ordinary	10346558	0x2ec96573f28204a5498cf54a929088b66bbe7a7e3d21935e33fec180000000ff	0x0	0
COEFFICIENT	pp_replay_inverse_ordinary	10346558	0x0
TRACE	pp_replay_inverse_ordinary	10351787	0x2ec96573f28204a5498cf54a929088b66bbe7a7e3d21935e33fec180000000ff	0x0	0
COEFFICIENT	pp_replay_inverse_ordinary	10351787	0x0
TRACE	pp_replay_inverse_ordinary	10357016	0x2ec96573f28204a5498cf54a929088b66bbe7a7e3d21935e33fec180000000ff	0x0	0
COEFFICIENT	pp_replay_inverse_ordinary	10357016	0x0
TRACE	pp_replay_inverse_ordinary	10362245	0x2ec96573f28204a5498cf54a929088b66bbe7a7e3d21935e33fec180000000ff	0x0	0
COEFFICIENT	pp_replay_inverse_ordinary	10362245	0x0
TRACE	pp_replay_inverse_ordinary	10367474	0x2ec96573f28204a5498cf54a929088b66bbe7a7e3d21935e33fec180000000ff	0x0	0
COEFFICIENT	pp_replay_inverse_ordinary	10367474	0x0
TRACE	pp_replay_inverse_ordinary	10372703	0x2ec96573f28204a5498cf54a929088b66bbe7a7e3d21935e33fec180000000ff	0x0	0
COEFFICIENT	pp_replay_inverse_ordinary	10372703	0x0
TRACE	pp_replay_inverse_ordinary	10377932	0x2ec96573f28204a5498cf54a929088b66bbe7a7e3d21935e33fec180000000ff	0x0	0
COEFFICIENT	pp_replay_inverse_ordinary	10377932	0x0
TRACE	pp_replay_inverse_ordinary	10383161	0x2ec96573f28204a5498cf54a929088b66bbe7a7e3d21935e33fec180000000ff	0x0	0
COEFFICIENT	pp_replay_inverse_ordinary	10383161	0x0
TRACE	pp_replay_inverse_ordinary	10388390	0x2ec96573f28204a5498cf54a929088b66bbe7a7e3d21935e33fec180000000ff	0x0	0
COEFFICIENT	pp_replay_inverse_ordinary	10388390	0x0
TRACE	pp_replay_inverse_ordinary	10393619	0x2ec96573f28204a5498cf54a929088b66bbe7a7e3d21935e33fec180000000ff	0x0	0
COEFFICIENT	pp_replay_inverse_ordinary	10393619	0x0
TRACE	pp_replay_inverse_ordinary	10398848	0x2ec96573f28204a5498cf54a929088b66bbe7a7e3d21935e33fec180000000ff	0x0	0
COEFFICIENT	pp_replay_inverse_ordinary	10398848	0x0
TRACE	pp_replay_inverse_ordinary	10404077	0x2ec96573f28204a5498cf54a929088b66bbe7a7e3d21935e33fec180000000ff	0x0	0
COEFFICIENT	pp_replay_inverse_ordinary	10404077	0x0
TRACE	pp_replay_inverse_ordinary	10409306	0x2ec96573f28204a5498cf54a929088b66bbe7a7e3d21935e33fec180000000ff	0x0	0
COEFFICIENT	pp_replay_inverse_ordinary	10409306	0x0
TRACE	pp_replay_inverse_ordinary	10414535	0x2ec96573f28204a5498cf54a929088b66bbe7a7e3d21935e33fec180000000ff	0x0	0
COEFFICIENT	pp_replay_inverse_ordinary	10414535	0x0
TRACE	pp_replay_inverse_ordinary	10419764	0x2ec96573f28204a5498cf54a929088b66bbe7a7e3d21935e33fec180000000ff	0x0	0
COEFFICIENT	pp_replay_inverse_ordinary	10419764	0x0
TRACE	pp_replay_inverse_ordinary	10424993	0x2ec96573f28204a5498cf54a929088b66bbe7a7e3d21935e33fec180000000ff	0x0	0
COEFFICIENT	pp_replay_inverse_ordinary	10424993	0x0
TRACE	pp_replay_inverse_ordinary	10430222	0x2ec96573f28204a5498cf54a929088b66bbe7a7e3d21935e33fec180000000ff	0x0	0
COEFFICIENT	pp_replay_inverse_ordinary	10430222	0x0
TRACE	pp_replay_inverse_ordinary	10435451	0x2ec96573f28204a5498cf54a929088b66bbe7a7e3d21935e33fec180000000ff	0x0	0
COEFFICIENT	pp_replay_inverse_ordinary	10435451	0x0
TRACE	pp_replay_inverse_ordinary	10440680	0x2ec96573f28204a5498cf54a929088b66bbe7a7e3d21935e33fec180000000ff	0x0	0
COEFFICIENT	pp_replay_inverse_ordinary	10440680	0x0
TRACE	pp_replay_inverse_ordinary	10445909	0x2ec96573f28204a5498cf54a929088b66bbe7a7e3d21935e33fec180000000ff	0x0	0
COEFFICIENT	pp_replay_inverse_ordinary	10445909	0x0
TRACE	pp_replay_inverse_ordinary	10451138	0x2ec96573f28204a5498cf54a929088b66bbe7a7e3d21935e33fec180000000ff	0x0	0
COEFFICIENT	pp_replay_inverse_ordinary	10451138	0x0
TRACE	pp_replay_inverse_ordinary	10456367	0x2ec96573f28204a5498cf54a929088b66bbe7a7e3d21935e33fec180000000ff	0x0	0
COEFFICIENT	pp_replay_inverse_ordinary	10456367	0x0
TRACE	pp_replay_inverse_ordinary	10461596	0x2ec96573f28204a5498cf54a929088b66bbe7a7e3d21935e33fec180000000ff	0x0	0
COEFFICIENT	pp_replay_inverse_ordinary	10461596	0x0
TRACE	pp_replay_inverse_ordinary	10466825	0x2ec96573f28204a5498cf54a929088b66bbe7a7e3d21935e33fec180000000ff	0x0	0
COEFFICIENT	pp_replay_inverse_ordinary	10466825	0x0
TRACE	pp_replay_inverse_ordinary	10472054	0x2ec96573f28204a5498cf54a929088b66bbe7a7e3d21935e33fec180000000ff	0x0	0
COEFFICIENT	pp_replay_inverse_ordinary	10472054	0x0
TRACE	pp_replay_inverse_ordinary	10477283	0x2ec96573f28204a5498cf54a929088b66bbe7a7e3d21935e33fec180000000ff	0x0	0
COEFFICIENT	pp_replay_inverse_ordinary	10477283	0x0
TRACE	pp_replay_inverse_ordinary	10482512	0x2ec96573f28204a5498cf54a929088b66bbe7a7e3d21935e33fec180000000ff	0x0	0
COEFFICIENT	pp_replay_inverse_ordinary	10482512	0x0
TRACE	pp_replay_inverse_ordinary	10487741	0x2ec96573f28204a5498cf54a929088b66bbe7a7e3d21935e33fec180000000ff	0x0	0
COEFFICIENT	pp_replay_inverse_ordinary	10487741	0x0
TRACE	pp_replay_inverse_ordinary	10492970	0x2ec96573f28204a5498cf54a929088b66bbe7a7e3d21935e33fec180000000ff	0x0	0
COEFFICIENT	pp_replay_inverse_ordinary	10492970	0x0
TRACE	pp_replay_inverse_ordinary	10498199	0x2ec96573f28204a5498cf54a929088b66bbe7a7e3d21935e33fec180000000ff	0x0	0
COEFFICIENT	pp_replay_inverse_ordinary	10498199	0x0
TRACE	pp_replay_inverse_ordinary	10503428	0x2ec96573f28204a5498cf54a929088b66bbe7a7e3d21935e33fec180000000ff	0x0	0
COEFFICIENT	pp_replay_inverse_ordinary	10503428	0x0
TRACE	pp_replay_inverse_ordinary	10508657	0x2ec96573f28204a5498cf54a929088b66bbe7a7e3d21935e33fec180000000ff	0x0	0
COEFFICIENT	pp_replay_inverse_ordinary	10508657	0x0
TRACE	pp_replay_inverse_ordinary	10513886	0x2ec96573f28204a5498cf54a929088b66bbe7a7e3d21935e33fec180000000ff	0x0	0
COEFFICIENT	pp_replay_inverse_ordinary	10513886	0x0
TRACE	pp_replay_inverse_ordinary	10519115	0x2ec96573f28204a5498cf54a929088b66bbe7a7e3d21935e33fec180000000ff	0x0	0
COEFFICIENT	pp_replay_inverse_ordinary	10519115	0x0
TRACE	pp_replay_inverse_ordinary	10524344	0x2ec96573f28204a5498cf54a929088b66bbe7a7e3d21935e33fec180000000ff	0x0	0
COEFFICIENT	pp_replay_inverse_ordinary	10524344	0x0
TRACE	pp_replay_inverse_ordinary	10529573	0x2ec96573f28204a5498cf54a929088b66bbe7a7e3d21935e33fec180000000ff	0x0	0
COEFFICIENT	pp_replay_inverse_ordinary	10529573	0x0
TRACE	pp_replay_inverse_ordinary	10534802	0x2ec96573f28204a5498cf54a929088b66bbe7a7e3d21935e33fec180000000ff	0x0	0
COEFFICIENT	pp_replay_inverse_ordinary	10534802	0x0
TRACE	pp_replay_inverse_ordinary	10540031	0x2ec96573f28204a5498cf54a929088b66bbe7a7e3d21935e33fec180000000ff	0x0	0
COEFFICIENT	pp_replay_inverse_ordinary	10540031	0x0
TRACE	pp_replay_inverse_ordinary	10545260	0x2ec96573f28204a5498cf54a929088b66bbe7a7e3d21935e33fec180000000ff	0x0	0
COEFFICIENT	pp_replay_inverse_ordinary	10545260	0x0
TRACE	pp_replay_inverse_ordinary	10550489	0x2ec96573f28204a5498cf54a929088b66bbe7a7e3d21935e33fec180000000ff	0x0	0
COEFFICIENT	pp_replay_inverse_ordinary	10550489	0x0
TRACE	pp_replay_inverse_ordinary	10555718	0x2ec96573f28204a5498cf54a929088b66bbe7a7e3d21935e33fec180000000ff	0x0	0
COEFFICIENT	pp_replay_inverse_ordinary	10555718	0x0
TRACE	pp_replay_inverse_ordinary	10560947	0x2ec96573f28204a5498cf54a929088b66bbe7a7e3d21935e33fec180000000ff	0x0	0
COEFFICIENT	pp_replay_inverse_ordinary	10560947	0x0
TRACE	pp_replay_inverse_ordinary	10566176	0x2ec96573f28204a5498cf54a929088b66bbe7a7e3d21935e33fec180000000ff	0x0	0
COEFFICIENT	pp_replay_inverse_ordinary	10566176	0x0
TRACE	pp_replay_inverse_ordinary	10571405	0x2ec96573f28204a5498cf54a929088b66bbe7a7e3d21935e33fec180000000ff	0x0	0
COEFFICIENT	pp_replay_inverse_ordinary	10571405	0x0
TRACE	pp_replay_inverse_ordinary	10576634	0x2ec96573f28204a5498cf54a929088b66bbe7a7e3d21935e33fec180000000ff	0x0	0
COEFFICIENT	pp_replay_inverse_ordinary	10576634	0x0
TRACE	pp_replay_inverse_ordinary	10581863	0x2ec96573f28204a5498cf54a929088b66bbe7a7e3d21935e33fec180000000ff	0x0	0
COEFFICIENT	pp_replay_inverse_ordinary	10581863	0x0
TRACE	pp_replay_inverse_ordinary	10587092	0x2ec96573f28204a5498cf54a929088b66bbe7a7e3d21935e33fec180000000ff	0x0	0
COEFFICIENT	pp_replay_inverse_ordinary	10587092	0x0
TRACE	pp_replay_inverse_ordinary	10592321	0x2ec96573f28204a5498cf54a929088b66bbe7a7e3d21935e33fec180000000ff	0x0	0
COEFFICIENT	pp_replay_inverse_ordinary	10592321	0x0
TRACE	pp_replay_inverse_ordinary	10597550	0x2ec96573f28204a5498cf54a929088b66bbe7a7e3d21935e33fec180000000ff	0x0	0
COEFFICIENT	pp_replay_inverse_ordinary	10597550	0x0
TRACE	pp_replay_inverse_ordinary	10602779	0x2ec96573f28204a5498cf54a929088b66bbe7a7e3d21935e33fec180000000ff	0x0	0
COEFFICIENT	pp_replay_inverse_ordinary	10602779	0x0
TRACE	pp_replay_inverse_ordinary	10608008	0x2ec96573f28204a5498cf54a929088b66bbe7a7e3d21935e33fec180000000ff	0x0	0
COEFFICIENT	pp_replay_inverse_ordinary	10608008	0x0
TRACE	pp_replay_inverse_ordinary	10613237	0x2ec96573f28204a5498cf54a929088b66bbe7a7e3d21935e33fec180000000ff	0x0	0
COEFFICIENT	pp_replay_inverse_ordinary	10613237	0x0
TRACE	pp_replay_inverse_ordinary	10618466	0x2ec96573f28204a5498cf54a929088b66bbe7a7e3d21935e33fec180000000ff	0x0	0
COEFFICIENT	pp_replay_inverse_ordinary	10618466	0x0
TRACE	pp_replay_inverse_ordinary	10623695	0x2ec96573f28204a5498cf54a929088b66bbe7a7e3d21935e33fec180000000ff	0x0	0
COEFFICIENT	pp_replay_inverse_ordinary	10623695	0x0
TRACE	pp_replay_inverse_ordinary	10628924	0x2ec96573f28204a5498cf54a929088b66bbe7a7e3d21935e33fec180000000ff	0x0	0
COEFFICIENT	pp_replay_inverse_ordinary	10628924	0x0
TRACE	pp_replay_inverse_ordinary	10634153	0x2ec96573f28204a5498cf54a929088b66bbe7a7e3d21935e33fec180000000ff	0x0	0
COEFFICIENT	pp_replay_inverse_ordinary	10634153	0x0
TRACE	pp_replay_inverse_ordinary	10639382	0x2ec96573f28204a5498cf54a929088b66bbe7a7e3d21935e33fec180000000ff	0x0	0
COEFFICIENT	pp_replay_inverse_ordinary	10639382	0x0
TRACE	pp_replay_inverse_ordinary	10644611	0x2ec96573f28204a5498cf54a929088b66bbe7a7e3d21935e33fec180000000ff	0x0	0
COEFFICIENT	pp_replay_inverse_ordinary	10644611	0x0
TRACE	pp_replay_inverse_ordinary	10649840	0x2ec96573f28204a5498cf54a929088b66bbe7a7e3d21935e33fec180000000ff	0x0	0
COEFFICIENT	pp_replay_inverse_ordinary	10649840	0x0
TRACE	pp_replay_inverse_ordinary	10655069	0x2ec96573f28204a5498cf54a929088b66bbe7a7e3d21935e33fec180000000ff	0x0	0
COEFFICIENT	pp_replay_inverse_ordinary	10655069	0x0
TRACE	pp_replay_inverse_ordinary	10660298	0x2ec96573f28204a5498cf54a929088b66bbe7a7e3d21935e33fec180000000ff	0x0	0
COEFFICIENT	pp_replay_inverse_ordinary	10660298	0x0
TRACE	pp_replay_inverse_ordinary	10665527	0x2ec96573f28204a5498cf54a929088b66bbe7a7e3d21935e33fec180000000ff	0x0	0
COEFFICIENT	pp_replay_inverse_ordinary	10665527	0x0
TRACE	pp_replay_inverse_ordinary	10670756	0x2ec96573f28204a5498cf54a929088b66bbe7a7e3d21935e33fec180000000ff	0x0	0
COEFFICIENT	pp_replay_inverse_ordinary	10670756	0x0
TRACE	pp_replay_inverse_ordinary	10675985	0x2ec96573f28204a5498cf54a929088b66bbe7a7e3d21935e33fec180000000ff	0x0	0
COEFFICIENT	pp_replay_inverse_ordinary	10675985	0x0
TRACE	pp_replay_inverse_ordinary	10681214	0x2ec96573f28204a5498cf54a929088b66bbe7a7e3d21935e33fec180000000ff	0x0	0
COEFFICIENT	pp_replay_inverse_ordinary	10681214	0x0
TRACE	pp_replay_inverse_ordinary	10686443	0x2ec96573f28204a5498cf54a929088b66bbe7a7e3d21935e33fec180000000ff	0x0	0
COEFFICIENT	pp_replay_inverse_ordinary	10686443	0x0
TRACE	pp_replay_inverse_ordinary	10691672	0x2ec96573f28204a5498cf54a929088b66bbe7a7e3d21935e33fec180000000ff	0x0	0
COEFFICIENT	pp_replay_inverse_ordinary	10691672	0x0
TRACE	pp_replay_inverse_ordinary	10696901	0x2ec96573f28204a5498cf54a929088b66bbe7a7e3d21935e33fec180000000ff	0x0	0
COEFFICIENT	pp_replay_inverse_ordinary	10696901	0x0
TRACE	pp_replay_inverse_ordinary	10702130	0x2ec96573f28204a5498cf54a929088b66bbe7a7e3d21935e33fec180000000ff	0x0	0
COEFFICIENT	pp_replay_inverse_ordinary	10702130	0x0
TRACE	pp_replay_inverse_ordinary	10707359	0x2ec96573f28204a5498cf54a929088b66bbe7a7e3d21935e33fec180000000ff	0x0	0
COEFFICIENT	pp_replay_inverse_ordinary	10707359	0x0
TRACE	pp_replay_inverse_ordinary	10712588	0x2ec96573f28204a5498cf54a929088b66bbe7a7e3d21935e33fec180000000ff	0x0	0
COEFFICIENT	pp_replay_inverse_ordinary	10712588	0x0
TRACE	pp_replay_inverse_ordinary	10717817	0x2ec96573f28204a5498cf54a929088b66bbe7a7e3d21935e33fec180000000ff	0x0	0
COEFFICIENT	pp_replay_inverse_ordinary	10717817	0x0
TRACE	pp_replay_inverse_ordinary	10723046	0x2ec96573f28204a5498cf54a929088b66bbe7a7e3d21935e33fec180000000ff	0x0	0
COEFFICIENT	pp_replay_inverse_ordinary	10723046	0x0
TRACE	pp_replay_inverse_ordinary	10728275	0x2ec96573f28204a5498cf54a929088b66bbe7a7e3d21935e33fec180000000ff	0x0	0
COEFFICIENT	pp_replay_inverse_ordinary	10728275	0x0
TRACE	pp_replay_inverse_ordinary	10733504	0x2ec96573f28204a5498cf54a929088b66bbe7a7e3d21935e33fec180000000ff	0x0	0
COEFFICIENT	pp_replay_inverse_ordinary	10733504	0x0
TRACE	pp_replay_inverse_ordinary	10738733	0x2ec96573f28204a5498cf54a929088b66bbe7a7e3d21935e33fec180000000ff	0x0	0
COEFFICIENT	pp_replay_inverse_ordinary	10738733	0x0
TRACE	pp_replay_inverse_ordinary	10743962	0x2ec96573f28204a5498cf54a929088b66bbe7a7e3d21935e33fec180000000ff	0x0	0
COEFFICIENT	pp_replay_inverse_ordinary	10743962	0x0
TRACE	pp_replay_inverse_ordinary	10749191	0x2ec96573f28204a5498cf54a929088b66bbe7a7e3d21935e33fec180000000ff	0x0	0
COEFFICIENT	pp_replay_inverse_ordinary	10749191	0x0
TRACE	pp_replay_inverse_ordinary	10754420	0x2ec96573f28204a5498cf54a929088b66bbe7a7e3d21935e33fec180000000ff	0x0	0
COEFFICIENT	pp_replay_inverse_ordinary	10754420	0x0
TRACE	pp_replay_inverse_ordinary	10759649	0x2ec96573f28204a5498cf54a929088b66bbe7a7e3d21935e33fec180000000ff	0x0	0
COEFFICIENT	pp_replay_inverse_ordinary	10759649	0x0
TRACE	pp_replay_inverse_ordinary	10764878	0x2ec96573f28204a5498cf54a929088b66bbe7a7e3d21935e33fec180000000ff	0x0	0
COEFFICIENT	pp_replay_inverse_ordinary	10764878	0x0
TRACE	pp_replay_inverse_ordinary	10770107	0x2ec96573f28204a5498cf54a929088b66bbe7a7e3d21935e33fec180000000ff	0x0	0
COEFFICIENT	pp_replay_inverse_ordinary	10770107	0x0
TRACE	pp_replay_inverse_ordinary	10775336	0x2ec96573f28204a5498cf54a929088b66bbe7a7e3d21935e33fec180000000ff	0x0	0
COEFFICIENT	pp_replay_inverse_ordinary	10775336	0x0
TRACE	pp_replay_inverse_ordinary	10780565	0x2ec96573f28204a5498cf54a929088b66bbe7a7e3d21935e33fec180000000ff	0x0	0
COEFFICIENT	pp_replay_inverse_ordinary	10780565	0x0
TRACE	pp_replay_inverse_ordinary	10785794	0x2ec96573f28204a5498cf54a929088b66bbe7a7e3d21935e33fec180000000ff	0x0	0
COEFFICIENT	pp_replay_inverse_ordinary	10785794	0x0
TRACE	pp_replay_inverse_ordinary	10791023	0x2ec96573f28204a5498cf54a929088b66bbe7a7e3d21935e33fec180000000ff	0x0	0
COEFFICIENT	pp_replay_inverse_ordinary	10791023	0x0
TRACE	pp_replay_inverse_ordinary	10796252	0x2ec96573f28204a5498cf54a929088b66bbe7a7e3d21935e33fec180000000ff	0x0	0
COEFFICIENT	pp_replay_inverse_ordinary	10796252	0x0
TRACE	pp_replay_inverse_ordinary	10801481	0x2ec96573f28204a5498cf54a929088b66bbe7a7e3d21935e33fec180000000ff	0x0	0
COEFFICIENT	pp_replay_inverse_ordinary	10801481	0x0
TRACE	pp_replay_inverse_ordinary	10806710	0x2ec96573f28204a5498cf54a929088b66bbe7a7e3d21935e33fec180000000ff	0x0	0
COEFFICIENT	pp_replay_inverse_ordinary	10806710	0x0
TRACE	pp_replay_inverse_ordinary	10811939	0x2ec96573f28204a5498cf54a929088b66bbe7a7e3d21935e33fec180000000ff	0x0	0
COEFFICIENT	pp_replay_inverse_ordinary	10811939	0x0
TRACE	pp_replay_inverse_ordinary	10817168	0x2ec96573f28204a5498cf54a929088b66bbe7a7e3d21935e33fec180000000ff	0x0	0
COEFFICIENT	pp_replay_inverse_ordinary	10817168	0x0
TRACE	pp_replay_inverse_ordinary	10822397	0x2ec96573f28204a5498cf54a929088b66bbe7a7e3d21935e33fec180000000ff	0x0	0
COEFFICIENT	pp_replay_inverse_ordinary	10822397	0x0
TRACE	pp_replay_inverse_ordinary	10827626	0x2ec96573f28204a5498cf54a929088b66bbe7a7e3d21935e33fec180000000ff	0x0	0
COEFFICIENT	pp_replay_inverse_ordinary	10827626	0x0
TRACE	pp_replay_inverse_ordinary	10832855	0x2ec96573f28204a5498cf54a929088b66bbe7a7e3d21935e33fec180000000ff	0x0	0
COEFFICIENT	pp_replay_inverse_ordinary	10832855	0x0
TRACE	pp_replay_inverse_ordinary	10838084	0x2ec96573f28204a5498cf54a929088b66bbe7a7e3d21935e33fec180000000ff	0x0	0
COEFFICIENT	pp_replay_inverse_ordinary	10838084	0x0
TRACE	pp_replay_inverse_ordinary	10843313	0x2ec96573f28204a5498cf54a929088b66bbe7a7e3d21935e33fec180000000ff	0x0	0
COEFFICIENT	pp_replay_inverse_ordinary	10843313	0x0
TRACE	pp_replay_inverse_ordinary	10848542	0x2ec96573f28204a5498cf54a929088b66bbe7a7e3d21935e33fec180000000ff	0x0	0
COEFFICIENT	pp_replay_inverse_ordinary	10848542	0x0
TRACE	pp_replay_inverse_ordinary	10853771	0x2ec96573f28204a5498cf54a929088b66bbe7a7e3d21935e33fec180000000ff	0x0	0
COEFFICIENT	pp_replay_inverse_ordinary	10853771	0x0
TRACE	pp_replay_inverse_ordinary	10859000	0x2ec96573f28204a5498cf54a929088b66bbe7a7e3d21935e33fec180000000ff	0x0	0
COEFFICIENT	pp_replay_inverse_ordinary	10859000	0x0
TRACE	pp_replay_inverse_ordinary	10864229	0x2ec96573f28204a5498cf54a929088b66bbe7a7e3d21935e33fec180000000ff	0x0	0
COEFFICIENT	pp_replay_inverse_ordinary	10864229	0x0
TRACE	pp_replay_inverse_ordinary	10869458	0x2ec96573f28204a5498cf54a929088b66bbe7a7e3d21935e33fec180000000ff	0x0	0
COEFFICIENT	pp_replay_inverse_ordinary	10869458	0x0
TRACE	pp_replay_inverse_ordinary	10874687	0x2ec96573f28204a5498cf54a929088b66bbe7a7e3d21935e33fec180000000ff	0x0	0
COEFFICIENT	pp_replay_inverse_ordinary	10874687	0x0
TRACE	pp_replay_inverse_ordinary	10879916	0x2ec96573f28204a5498cf54a929088b66bbe7a7e3d21935e33fec180000000ff	0x0	0
COEFFICIENT	pp_replay_inverse_ordinary	10879916	0x0
TRACE	pp_replay_inverse_ordinary	10885145	0x2ec96573f28204a5498cf54a929088b66bbe7a7e3d21935e33fec180000000ff	0x0	0
COEFFICIENT	pp_replay_inverse_ordinary	10885145	0x0
TRACE	pp_replay_inverse_ordinary	10890374	0x2ec96573f28204a5498cf54a929088b66bbe7a7e3d21935e33fec180000000ff	0x0	0
COEFFICIENT	pp_replay_inverse_ordinary	10890374	0x0
TRACE	pp_replay_inverse_ordinary	10895603	0x2ec96573f28204a5498cf54a929088b66bbe7a7e3d21935e33fec180000000ff	0x0	0
COEFFICIENT	pp_replay_inverse_ordinary	10895603	0x0
TRACE	pp_replay_inverse_ordinary	10900832	0x2ec96573f28204a5498cf54a929088b66bbe7a7e3d21935e33fec180000000ff	0x0	0
COEFFICIENT	pp_replay_inverse_ordinary	10900832	0x0
TRACE	pp_replay_inverse_ordinary	10906061	0x2ec96573f28204a5498cf54a929088b66bbe7a7e3d21935e33fec180000000ff	0x0	0
COEFFICIENT	pp_replay_inverse_ordinary	10906061	0x0
TRACE	pp_replay_inverse_ordinary	10911290	0x2ec96573f28204a5498cf54a929088b66bbe7a7e3d21935e33fec180000000ff	0x0	0
COEFFICIENT	pp_replay_inverse_ordinary	10911290	0x0
TRACE	pp_replay_inverse_ordinary	10916519	0x2ec96573f28204a5498cf54a929088b66bbe7a7e3d21935e33fec180000000ff	0x0	0
COEFFICIENT	pp_replay_inverse_ordinary	10916519	0x0
TRACE	pp_replay_inverse_ordinary	10921748	0x2ec96573f28204a5498cf54a929088b66bbe7a7e3d21935e33fec180000000ff	0x0	0
COEFFICIENT	pp_replay_inverse_ordinary	10921748	0x0
TRACE	pp_replay_inverse_ordinary	10926977	0x2ec96573f28204a5498cf54a929088b66bbe7a7e3d21935e33fec180000000ff	0x0	0
COEFFICIENT	pp_replay_inverse_ordinary	10926977	0x0
TRACE	pp_replay_inverse_ordinary	10932206	0x2ec96573f28204a5498cf54a929088b66bbe7a7e3d21935e33fec180000000ff	0x0	0
COEFFICIENT	pp_replay_inverse_ordinary	10932206	0x0
TRACE	pp_replay_inverse_ordinary	10937435	0x2ec96573f28204a5498cf54a929088b66bbe7a7e3d21935e33fec180000000ff	0x0	0
COEFFICIENT	pp_replay_inverse_ordinary	10937435	0x0
TRACE	pp_replay_inverse_ordinary	10942664	0x2ec96573f28204a5498cf54a929088b66bbe7a7e3d21935e33fec180000000ff	0x0	0
COEFFICIENT	pp_replay_inverse_ordinary	10942664	0x0
TRACE	pp_replay_inverse_ordinary	10947893	0x2ec96573f28204a5498cf54a929088b66bbe7a7e3d21935e33fec180000000ff	0x0	0
COEFFICIENT	pp_replay_inverse_ordinary	10947893	0x0
TRACE	pp_replay_inverse_ordinary	10953122	0x2ec96573f28204a5498cf54a929088b66bbe7a7e3d21935e33fec180000000ff	0x0	0
COEFFICIENT	pp_replay_inverse_ordinary	10953122	0x0
TRACE	pp_replay_inverse_ordinary	10958351	0x2ec96573f28204a5498cf54a929088b66bbe7a7e3d21935e33fec180000000ff	0x0	0
COEFFICIENT	pp_replay_inverse_ordinary	10958351	0x0
TRACE	pp_replay_inverse_ordinary	10963580	0x2ec96573f28204a5498cf54a929088b66bbe7a7e3d21935e33fec180000000ff	0x0	0
COEFFICIENT	pp_replay_inverse_ordinary	10963580	0x0
TRACE	pp_replay_inverse_ordinary	10968809	0x2ec96573f28204a5498cf54a929088b66bbe7a7e3d21935e33fec180000000ff	0x0	0
COEFFICIENT	pp_replay_inverse_ordinary	10968809	0x0
TRACE	pp_replay_inverse_ordinary	10974038	0x2ec96573f28204a5498cf54a929088b66bbe7a7e3d21935e33fec180000000ff	0x0	0
COEFFICIENT	pp_replay_inverse_ordinary	10974038	0x0
TRACE	pp_replay_inverse_ordinary	10979267	0x2ec96573f28204a5498cf54a929088b66bbe7a7e3d21935e33fec180000000ff	0x0	0
COEFFICIENT	pp_replay_inverse_ordinary	10979267	0x0
TRACE	pp_replay_inverse_ordinary	10984496	0x2ec96573f28204a5498cf54a929088b66bbe7a7e3d21935e33fec180000000ff	0x0	0
COEFFICIENT	pp_replay_inverse_ordinary	10984496	0x0
TRACE	pp_replay_inverse_ordinary	10989725	0x2ec96573f28204a5498cf54a929088b66bbe7a7e3d21935e33fec180000000ff	0x0	0
COEFFICIENT	pp_replay_inverse_ordinary	10989725	0x0
TRACE	pp_replay_inverse_ordinary	10994954	0x2ec96573f28204a5498cf54a929088b66bbe7a7e3d21935e33fec180000000ff	0x0	0
COEFFICIENT	pp_replay_inverse_ordinary	10994954	0x0
TRACE	pp_replay_inverse_ordinary	11000183	0x2ec96573f28204a5498cf54a929088b66bbe7a7e3d21935e33fec180000000ff	0x0	0
COEFFICIENT	pp_replay_inverse_ordinary	11000183	0x0
TRACE	pp_replay_inverse_ordinary	11005412	0x2ec96573f28204a5498cf54a929088b66bbe7a7e3d21935e33fec180000000ff	0x0	0
COEFFICIENT	pp_replay_inverse_ordinary	11005412	0x0
TRACE	pp_replay_inverse_ordinary	11010641	0x2ec96573f28204a5498cf54a929088b66bbe7a7e3d21935e33fec180000000ff	0x0	0
COEFFICIENT	pp_replay_inverse_ordinary	11010641	0x0
TRACE	pp_replay_inverse_ordinary	11015870	0x2ec96573f28204a5498cf54a929088b66bbe7a7e3d21935e33fec180000000ff	0x0	0
COEFFICIENT	pp_replay_inverse_ordinary	11015870	0x0
TRACE	pp_replay_inverse_ordinary	11021099	0x2ec96573f28204a5498cf54a929088b66bbe7a7e3d21935e33fec180000000ff	0x0	0
COEFFICIENT	pp_replay_inverse_ordinary	11021099	0x0
TRACE	pp_replay_inverse_ordinary	11026328	0x2ec96573f28204a5498cf54a929088b66bbe7a7e3d21935e33fec180000000ff	0x0	0
COEFFICIENT	pp_replay_inverse_ordinary	11026328	0x0
TRACE	pp_replay_inverse_ordinary	11031557	0x2ec96573f28204a5498cf54a929088b66bbe7a7e3d21935e33fec180000000ff	0x0	0
COEFFICIENT	pp_replay_inverse_ordinary	11031557	0x0
TRACE	pp_replay_inverse_ordinary	11036786	0x2ec96573f28204a5498cf54a929088b66bbe7a7e3d21935e33fec180000000ff	0x0	0
COEFFICIENT	pp_replay_inverse_ordinary	11036786	0x0
TRACE	pp_replay_inverse_ordinary	11042015	0x2ec96573f28204a5498cf54a929088b66bbe7a7e3d21935e33fec180000000ff	0x0	0
COEFFICIENT	pp_replay_inverse_ordinary	11042015	0x0
TRACE	pp_replay_inverse_ordinary	11047244	0x2ec96573f28204a5498cf54a929088b66bbe7a7e3d21935e33fec180000000ff	0x0	0
COEFFICIENT	pp_replay_inverse_ordinary	11047244	0x0
TRACE	pp_replay_inverse_ordinary	11052473	0x2ec96573f28204a5498cf54a929088b66bbe7a7e3d21935e33fec180000000ff	0x0	0
COEFFICIENT	pp_replay_inverse_ordinary	11052473	0x0
TRACE	pp_replay_inverse_ordinary	11057702	0x2ec96573f28204a5498cf54a929088b66bbe7a7e3d21935e33fec180000000ff	0x0	0
COEFFICIENT	pp_replay_inverse_ordinary	11057702	0x0
TRACE	pp_replay_inverse_ordinary	11062931	0x2ec96573f28204a5498cf54a929088b66bbe7a7e3d21935e33fec180000000ff	0x0	0
COEFFICIENT	pp_replay_inverse_ordinary	11062931	0x0
TRACE	pp_replay_inverse_ordinary	11068160	0x2ec96573f28204a5498cf54a929088b66bbe7a7e3d21935e33fec180000000ff	0x0	0
COEFFICIENT	pp_replay_inverse_ordinary	11068160	0x0
TRACE	pp_replay_inverse_ordinary	11073389	0x2ec96573f28204a5498cf54a929088b66bbe7a7e3d21935e33fec180000000ff	0x0	0
COEFFICIENT	pp_replay_inverse_ordinary	11073389	0x0
TRACE	pp_replay_inverse_ordinary	11078618	0x2ec96573f28204a5498cf54a929088b66bbe7a7e3d21935e33fec180000000ff	0x0	0
COEFFICIENT	pp_replay_inverse_ordinary	11078618	0x0
TRACE	pp_replay_inverse_ordinary	11083847	0x2ec96573f28204a5498cf54a929088b66bbe7a7e3d21935e33fec180000000ff	0x0	0
COEFFICIENT	pp_replay_inverse_ordinary	11083847	0x0
TRACE	pp_replay_inverse_ordinary	11089076	0x2ec96573f28204a5498cf54a929088b66bbe7a7e3d21935e33fec180000000ff	0x0	0
COEFFICIENT	pp_replay_inverse_ordinary	11089076	0x0
TRACE	pp_replay_inverse_ordinary	11094305	0x2ec96573f28204a5498cf54a929088b66bbe7a7e3d21935e33fec180000000ff	0x0	0
COEFFICIENT	pp_replay_inverse_ordinary	11094305	0x0
TRACE	pp_replay_inverse_ordinary	11099534	0x2ec96573f28204a5498cf54a929088b66bbe7a7e3d21935e33fec180000000ff	0x0	0
COEFFICIENT	pp_replay_inverse_ordinary	11099534	0x0
TRACE	pp_replay_inverse_ordinary	11104763	0x2ec96573f28204a5498cf54a929088b66bbe7a7e3d21935e33fec180000000ff	0x0	0
COEFFICIENT	pp_replay_inverse_ordinary	11104763	0x0
TRACE	pp_replay_inverse_ordinary	11109992	0x2ec96573f28204a5498cf54a929088b66bbe7a7e3d21935e33fec180000000ff	0x0	0
COEFFICIENT	pp_replay_inverse_ordinary	11109992	0x0
TRACE	pp_replay_inverse_ordinary	11115221	0x2ec96573f28204a5498cf54a929088b66bbe7a7e3d21935e33fec180000000ff	0x0	0
COEFFICIENT	pp_replay_inverse_ordinary	11115221	0x0
TRACE	pp_replay_inverse_ordinary	11120450	0x2ec96573f28204a5498cf54a929088b66bbe7a7e3d21935e33fec180000000ff	0x0	0
COEFFICIENT	pp_replay_inverse_ordinary	11120450	0x0
TRACE	pp_replay_inverse_ordinary	11125679	0x2ec96573f28204a5498cf54a929088b66bbe7a7e3d21935e33fec180000000ff	0x0	0
COEFFICIENT	pp_replay_inverse_ordinary	11125679	0x0
TRACE	pp_replay_inverse_ordinary	11130908	0x2ec96573f28204a5498cf54a929088b66bbe7a7e3d21935e33fec180000000ff	0x0	0
COEFFICIENT	pp_replay_inverse_ordinary	11130908	0x0
TRACE	pp_replay_inverse_ordinary	11136137	0x2ec96573f28204a5498cf54a929088b66bbe7a7e3d21935e33fec180000000ff	0x0	0
COEFFICIENT	pp_replay_inverse_ordinary	11136137	0x0
TRACE	pp_replay_inverse_ordinary	11141366	0x2ec96573f28204a5498cf54a929088b66bbe7a7e3d21935e33fec180000000ff	0x0	0
COEFFICIENT	pp_replay_inverse_ordinary	11141366	0x0
TRACE	pp_replay_inverse_ordinary	11146595	0x2ec96573f28204a5498cf54a929088b66bbe7a7e3d21935e33fec180000000ff	0x0	0
COEFFICIENT	pp_replay_inverse_ordinary	11146595	0x0
TRACE	pp_replay_inverse_ordinary	11151824	0x2ec96573f28204a5498cf54a929088b66bbe7a7e3d21935e33fec180000000ff	0x0	0
COEFFICIENT	pp_replay_inverse_ordinary	11151824	0x0
TRACE	pp_replay_inverse_ordinary	11157053	0x2ec96573f28204a5498cf54a929088b66bbe7a7e3d21935e33fec180000000ff	0x0	0
COEFFICIENT	pp_replay_inverse_ordinary	11157053	0x0
TRACE	pp_replay_inverse_ordinary	11162282	0x2ec96573f28204a5498cf54a929088b66bbe7a7e3d21935e33fec180000000ff	0x0	0
COEFFICIENT	pp_replay_inverse_ordinary	11162282	0x0
TRACE	pp_replay_inverse_ordinary	11167511	0x2ec96573f28204a5498cf54a929088b66bbe7a7e3d21935e33fec180000000ff	0x0	0
COEFFICIENT	pp_replay_inverse_ordinary	11167511	0x0
TRACE	pp_replay_inverse_ordinary	11172740	0x2ec96573f28204a5498cf54a929088b66bbe7a7e3d21935e33fec180000000ff	0x0	0
COEFFICIENT	pp_replay_inverse_ordinary	11172740	0x0
TRACE	pp_replay_inverse_ordinary	11177969	0x2ec96573f28204a5498cf54a929088b66bbe7a7e3d21935e33fec180000000ff	0x0	0
COEFFICIENT	pp_replay_inverse_ordinary	11177969	0x0
TRACE	pp_replay_inverse_ordinary	11183198	0x2ec96573f28204a5498cf54a929088b66bbe7a7e3d21935e33fec180000000ff	0x0	0
COEFFICIENT	pp_replay_inverse_ordinary	11183198	0x0
TRACE	pp_replay_inverse_ordinary	11188427	0x2ec96573f28204a5498cf54a929088b66bbe7a7e3d21935e33fec180000000ff	0x0	0
COEFFICIENT	pp_replay_inverse_ordinary	11188427	0x0
TRACE	pp_replay_inverse_ordinary	11193656	0x2ec96573f28204a5498cf54a929088b66bbe7a7e3d21935e33fec180000000ff	0x0	0
COEFFICIENT	pp_replay_inverse_ordinary	11193656	0x0
TRACE	pp_replay_inverse_ordinary	11198885	0x2ec96573f28204a5498cf54a929088b66bbe7a7e3d21935e33fec180000000ff	0x0	0
COEFFICIENT	pp_replay_inverse_ordinary	11198885	0x0
TRACE	pp_replay_inverse_ordinary	11204114	0x2ec96573f28204a5498cf54a929088b66bbe7a7e3d21935e33fec180000000ff	0x0	0
COEFFICIENT	pp_replay_inverse_ordinary	11204114	0x0
TRACE	pp_replay_inverse_ordinary	11209343	0x2ec96573f28204a5498cf54a929088b66bbe7a7e3d21935e33fec180000000ff	0x0	0
COEFFICIENT	pp_replay_inverse_ordinary	11209343	0x0
TRACE	pp_replay_inverse_ordinary	11214572	0x2ec96573f28204a5498cf54a929088b66bbe7a7e3d21935e33fec180000000ff	0x0	0
COEFFICIENT	pp_replay_inverse_ordinary	11214572	0x0
TRACE	pp_replay_inverse_ordinary	11219801	0x2ec96573f28204a5498cf54a929088b66bbe7a7e3d21935e33fec180000000ff	0x0	0
COEFFICIENT	pp_replay_inverse_ordinary	11219801	0x0
TRACE	pp_replay_inverse_ordinary	11225030	0x2ec96573f28204a5498cf54a929088b66bbe7a7e3d21935e33fec180000000ff	0x0	0
COEFFICIENT	pp_replay_inverse_ordinary	11225030	0x0
TRACE	pp_replay_inverse_ordinary	11230259	0x2ec96573f28204a5498cf54a929088b66bbe7a7e3d21935e33fec180000000ff	0x0	0
COEFFICIENT	pp_replay_inverse_ordinary	11230259	0x0
TRACE	pp_replay_inverse_ordinary	11235488	0x2ec96573f28204a5498cf54a929088b66bbe7a7e3d21935e33fec180000000ff	0x0	0
COEFFICIENT	pp_replay_inverse_ordinary	11235488	0x0
TRACE	pp_replay_inverse_ordinary	11240717	0x2ec96573f28204a5498cf54a929088b66bbe7a7e3d21935e33fec180000000ff	0x0	0
COEFFICIENT	pp_replay_inverse_ordinary	11240717	0x0
TRACE	pp_replay_inverse_ordinary	11245946	0x2ec96573f28204a5498cf54a929088b66bbe7a7e3d21935e33fec180000000ff	0x0	0
COEFFICIENT	pp_replay_inverse_ordinary	11245946	0x0
TRACE	pp_replay_inverse_ordinary	11251175	0x2ec96573f28204a5498cf54a929088b66bbe7a7e3d21935e33fec180000000ff	0x0	0
COEFFICIENT	pp_replay_inverse_ordinary	11251175	0x0
TRACE	pp_replay_inverse_ordinary	11256404	0x2ec96573f28204a5498cf54a929088b66bbe7a7e3d21935e33fec180000000ff	0x0	0
COEFFICIENT	pp_replay_inverse_ordinary	11256404	0x0
TRACE	pp_replay_inverse_ordinary	11261633	0x2ec96573f28204a5498cf54a929088b66bbe7a7e3d21935e33fec180000000ff	0x0	0
COEFFICIENT	pp_replay_inverse_ordinary	11261633	0x0
TRACE	pp_replay_inverse_ordinary	11266862	0x2ec96573f28204a5498cf54a929088b66bbe7a7e3d21935e33fec180000000ff	0x0	0
COEFFICIENT	pp_replay_inverse_ordinary	11266862	0x0
TRACE	pp_replay_inverse_ordinary	11272091	0x2ec96573f28204a5498cf54a929088b66bbe7a7e3d21935e33fec180000000ff	0x0	0
COEFFICIENT	pp_replay_inverse_ordinary	11272091	0x0
TRACE	pp_replay_inverse_ordinary	11277320	0x2ec96573f28204a5498cf54a929088b66bbe7a7e3d21935e33fec180000000ff	0x0	0
COEFFICIENT	pp_replay_inverse_ordinary	11277320	0x0
TRACE	pp_replay_inverse_ordinary	11282549	0x2ec96573f28204a5498cf54a929088b66bbe7a7e3d21935e33fec180000000ff	0x0	0
COEFFICIENT	pp_replay_inverse_ordinary	11282549	0x0
TRACE	pp_replay_inverse_ordinary	11287778	0x2ec96573f28204a5498cf54a929088b66bbe7a7e3d21935e33fec180000000ff	0x0	0
COEFFICIENT	pp_replay_inverse_ordinary	11287778	0x0
TRACE	pp_replay_inverse_ordinary	11293007	0x2ec96573f28204a5498cf54a929088b66bbe7a7e3d21935e33fec180000000ff	0x0	0
COEFFICIENT	pp_replay_inverse_ordinary	11293007	0x0
TRACE	pp_replay_inverse_ordinary	11298236	0x2ec96573f28204a5498cf54a929088b66bbe7a7e3d21935e33fec180000000ff	0x0	0
COEFFICIENT	pp_replay_inverse_ordinary	11298236	0x0
TRACE	pp_replay_inverse_ordinary	11303465	0x2ec96573f28204a5498cf54a929088b66bbe7a7e3d21935e33fec180000000ff	0x0	0
COEFFICIENT	pp_replay_inverse_ordinary	11303465	0x0
TRACE	pp_replay_inverse_ordinary	11308694	0x2ec96573f28204a5498cf54a929088b66bbe7a7e3d21935e33fec180000000ff	0x0	0
COEFFICIENT	pp_replay_inverse_ordinary	11308694	0x0
TRACE	pp_replay_inverse_ordinary	11313923	0x2ec96573f28204a5498cf54a929088b66bbe7a7e3d21935e33fec180000000ff	0x0	0
COEFFICIENT	pp_replay_inverse_ordinary	11313923	0x0
TRACE	pp_replay_inverse_ordinary	11319152	0x2ec96573f28204a5498cf54a929088b66bbe7a7e3d21935e33fec180000000ff	0x0	0
COEFFICIENT	pp_replay_inverse_ordinary	11319152	0x0
TRACE	pp_replay_inverse_ordinary	11324381	0x2ec96573f28204a5498cf54a929088b66bbe7a7e3d21935e33fec180000000ff	0x0	0
COEFFICIENT	pp_replay_inverse_ordinary	11324381	0x0
TRACE	pp_replay_inverse_ordinary	11329610	0x2ec96573f28204a5498cf54a929088b66bbe7a7e3d21935e33fec180000000ff	0x0	0
COEFFICIENT	pp_replay_inverse_ordinary	11329610	0x0
TRACE	pp_replay_inverse_ordinary	11334839	0x2ec96573f28204a5498cf54a929088b66bbe7a7e3d21935e33fec180000000ff	0x0	0
COEFFICIENT	pp_replay_inverse_ordinary	11334839	0x0
TRACE	pp_replay_inverse_ordinary	11340068	0x2ec96573f28204a5498cf54a929088b66bbe7a7e3d21935e33fec180000000ff	0x0	0
COEFFICIENT	pp_replay_inverse_ordinary	11340068	0x0
TRACE	pp_replay_inverse_ordinary	11345297	0x2ec96573f28204a5498cf54a929088b66bbe7a7e3d21935e33fec180000000ff	0x0	0
COEFFICIENT	pp_replay_inverse_ordinary	11345297	0x0
TRACE	pp_replay_inverse_ordinary	11350526	0x2ec96573f28204a5498cf54a929088b66bbe7a7e3d21935e33fec180000000ff	0x0	0
COEFFICIENT	pp_replay_inverse_ordinary	11350526	0x0
TRACE	pp_replay_inverse_ordinary	11355755	0x2ec96573f28204a5498cf54a929088b66bbe7a7e3d21935e33fec180000000ff	0x0	0
COEFFICIENT	pp_replay_inverse_ordinary	11355755	0x0
TRACE	pp_replay_inverse_ordinary	11360984	0x2ec96573f28204a5498cf54a929088b66bbe7a7e3d21935e33fec180000000ff	0x0	0
COEFFICIENT	pp_replay_inverse_ordinary	11360984	0x0
TRACE	pp_replay_inverse_ordinary	11366213	0x2ec96573f28204a5498cf54a929088b66bbe7a7e3d21935e33fec180000000ff	0x0	0
COEFFICIENT	pp_replay_inverse_ordinary	11366213	0x0
TRACE	pp_replay_inverse_ordinary	11371442	0x2ec96573f28204a5498cf54a929088b66bbe7a7e3d21935e33fec180000000ff	0x0	0
COEFFICIENT	pp_replay_inverse_ordinary	11371442	0x0
TRACE	pp_replay_inverse_ordinary	11376671	0x2ec96573f28204a5498cf54a929088b66bbe7a7e3d21935e33fec180000000ff	0x0	0
COEFFICIENT	pp_replay_inverse_ordinary	11376671	0x0
TRACE	pp_replay_inverse_ordinary	11381900	0x2ec96573f28204a5498cf54a929088b66bbe7a7e3d21935e33fec180000000ff	0x0	0
COEFFICIENT	pp_replay_inverse_ordinary	11381900	0x0
TRACE	pp_replay_inverse_ordinary	11387129	0x2ec96573f28204a5498cf54a929088b66bbe7a7e3d21935e33fec180000000ff	0x0	0
COEFFICIENT	pp_replay_inverse_ordinary	11387129	0x0
TRACE	pp_replay_inverse_ordinary	11392358	0x2ec96573f28204a5498cf54a929088b66bbe7a7e3d21935e33fec180000000ff	0x0	0
COEFFICIENT	pp_replay_inverse_ordinary	11392358	0x0
TRACE	pp_replay_inverse_ordinary	11397587	0x2ec96573f28204a5498cf54a929088b66bbe7a7e3d21935e33fec180000000ff	0x0	0
COEFFICIENT	pp_replay_inverse_ordinary	11397587	0x0
TRACE	pp_replay_inverse_ordinary	11402816	0x2ec96573f28204a5498cf54a929088b66bbe7a7e3d21935e33fec180000000ff	0x0	0
COEFFICIENT	pp_replay_inverse_ordinary	11402816	0x0
TRACE	pp_replay_inverse_ordinary	11408045	0x2ec96573f28204a5498cf54a929088b66bbe7a7e3d21935e33fec180000000ff	0x0	0
COEFFICIENT	pp_replay_inverse_ordinary	11408045	0x0
TRACE	pp_replay_inverse_ordinary	11413274	0x2ec96573f28204a5498cf54a929088b66bbe7a7e3d21935e33fec180000000ff	0x0	0
COEFFICIENT	pp_replay_inverse_ordinary	11413274	0x0
TRACE	pp_replay_inverse_ordinary	11418503	0x2ec96573f28204a5498cf54a929088b66bbe7a7e3d21935e33fec180000000ff	0x0	0
COEFFICIENT	pp_replay_inverse_ordinary	11418503	0x0
TRACE	pp_replay_inverse_ordinary	11423732	0x2ec96573f28204a5498cf54a929088b66bbe7a7e3d21935e33fec180000000ff	0x0	0
COEFFICIENT	pp_replay_inverse_ordinary	11423732	0x0
TRACE	pp_replay_inverse_ordinary	11428961	0x2ec96573f28204a5498cf54a929088b66bbe7a7e3d21935e33fec180000000ff	0x0	0
COEFFICIENT	pp_replay_inverse_ordinary	11428961	0x0
TRACE	pp_replay_inverse_ordinary	11434190	0x2ec96573f28204a5498cf54a929088b66bbe7a7e3d21935e33fec180000000ff	0x0	0
COEFFICIENT	pp_replay_inverse_ordinary	11434190	0x0
TRACE	pp_replay_inverse_ordinary	11439419	0x2ec96573f28204a5498cf54a929088b66bbe7a7e3d21935e33fec180000000ff	0x0	0
COEFFICIENT	pp_replay_inverse_ordinary	11439419	0x0
TRACE	pp_replay_inverse_ordinary	11444648	0x2ec96573f28204a5498cf54a929088b66bbe7a7e3d21935e33fec180000000ff	0x0	0
COEFFICIENT	pp_replay_inverse_ordinary	11444648	0x0
TRACE	pp_replay_inverse_ordinary	11449877	0x2ec96573f28204a5498cf54a929088b66bbe7a7e3d21935e33fec180000000ff	0x0	0
COEFFICIENT	pp_replay_inverse_ordinary	11449877	0x0
TRACE	pp_replay_inverse_ordinary	11455106	0x2ec96573f28204a5498cf54a929088b66bbe7a7e3d21935e33fec180000000ff	0x0	0
COEFFICIENT	pp_replay_inverse_ordinary	11455106	0x0
TRACE	pp_replay_inverse_ordinary	11460335	0x2ec96573f28204a5498cf54a929088b66bbe7a7e3d21935e33fec180000000ff	0x0	0
COEFFICIENT	pp_replay_inverse_ordinary	11460335	0x0
TRACE	pp_replay_inverse_ordinary	11465564	0x2ec96573f28204a5498cf54a929088b66bbe7a7e3d21935e33fec180000000ff	0x0	0
COEFFICIENT	pp_replay_inverse_ordinary	11465564	0x0
TRACE	pp_replay_inverse_ordinary	11470793	0x2ec96573f28204a5498cf54a929088b66bbe7a7e3d21935e33fec180000000ff	0x0	0
COEFFICIENT	pp_replay_inverse_ordinary	11470793	0x0
TRACE	pp_replay_inverse_ordinary	11476022	0x2ec96573f28204a5498cf54a929088b66bbe7a7e3d21935e33fec180000000ff	0x0	0
COEFFICIENT	pp_replay_inverse_ordinary	11476022	0x0
TRACE	pp_replay_inverse_ordinary	11481251	0x2ec96573f28204a5498cf54a929088b66bbe7a7e3d21935e33fec180000000ff	0x0	0
COEFFICIENT	pp_replay_inverse_ordinary	11481251	0x0
TRACE	pp_replay_inverse_ordinary	11486480	0x2ec96573f28204a5498cf54a929088b66bbe7a7e3d21935e33fec180000000ff	0x0	0
COEFFICIENT	pp_replay_inverse_ordinary	11486480	0x0
TRACE	pp_replay_inverse_ordinary	11491709	0x2ec96573f28204a5498cf54a929088b66bbe7a7e3d21935e33fec180000000ff	0x0	0
COEFFICIENT	pp_replay_inverse_ordinary	11491709	0x0
TRACE	pp_replay_inverse_ordinary	11496938	0x2ec96573f28204a5498cf54a929088b66bbe7a7e3d21935e33fec180000000ff	0x0	0
COEFFICIENT	pp_replay_inverse_ordinary	11496938	0x0
TRACE	pp_replay_inverse_ordinary	11502167	0x2ec96573f28204a5498cf54a929088b66bbe7a7e3d21935e33fec180000000ff	0x0	0
COEFFICIENT	pp_replay_inverse_ordinary	11502167	0x0
TRACE	pp_replay_inverse_ordinary	11507396	0x2ec96573f28204a5498cf54a929088b66bbe7a7e3d21935e33fec180000000ff	0x0	0
COEFFICIENT	pp_replay_inverse_ordinary	11507396	0x0
TRACE	pp_replay_inverse_ordinary	11512625	0x2ec96573f28204a5498cf54a929088b66bbe7a7e3d21935e33fec180000000ff	0x0	0
COEFFICIENT	pp_replay_inverse_ordinary	11512625	0x0
TRACE	pp_replay_inverse_ordinary	11517854	0x2ec96573f28204a5498cf54a929088b66bbe7a7e3d21935e33fec180000000ff	0x0	0
COEFFICIENT	pp_replay_inverse_ordinary	11517854	0x0
TRACE	pp_replay_inverse_ordinary	11523083	0x2ec96573f28204a5498cf54a929088b66bbe7a7e3d21935e33fec180000000ff	0x0	0
COEFFICIENT	pp_replay_inverse_ordinary	11523083	0x0
TRACE	pp_replay_inverse_ordinary	11528312	0x2ec96573f28204a5498cf54a929088b66bbe7a7e3d21935e33fec180000000ff	0x0	0
COEFFICIENT	pp_replay_inverse_ordinary	11528312	0x0
TRACE	pp_replay_inverse_ordinary	11533541	0x2ec96573f28204a5498cf54a929088b66bbe7a7e3d21935e33fec180000000ff	0x0	0
COEFFICIENT	pp_replay_inverse_ordinary	11533541	0x0
TRACE	pp_replay_inverse_ordinary	11538770	0x2ec96573f28204a5498cf54a929088b66bbe7a7e3d21935e33fec180000000ff	0x0	0
COEFFICIENT	pp_replay_inverse_ordinary	11538770	0x0
TRACE	pp_replay_inverse_ordinary	11543999	0x2ec96573f28204a5498cf54a929088b66bbe7a7e3d21935e33fec180000000ff	0x0	0
COEFFICIENT	pp_replay_inverse_ordinary	11543999	0x0
TRACE	pp_replay_inverse_ordinary	11549228	0x2ec96573f28204a5498cf54a929088b66bbe7a7e3d21935e33fec180000000ff	0x0	0
COEFFICIENT	pp_replay_inverse_ordinary	11549228	0x0
TRACE	pp_replay_inverse_ordinary	11554457	0x2ec96573f28204a5498cf54a929088b66bbe7a7e3d21935e33fec180000000ff	0x0	0
COEFFICIENT	pp_replay_inverse_ordinary	11554457	0x0
TRACE	pp_replay_inverse_ordinary	11559686	0x2ec96573f28204a5498cf54a929088b66bbe7a7e3d21935e33fec180000000ff	0x0	0
COEFFICIENT	pp_replay_inverse_ordinary	11559686	0x0
TRACE	pp_replay_inverse_ordinary	11564915	0x2ec96573f28204a5498cf54a929088b66bbe7a7e3d21935e33fec180000000ff	0x0	0
COEFFICIENT	pp_replay_inverse_ordinary	11564915	0x0
TRACE	pp_replay_inverse_ordinary	11570144	0x2ec96573f28204a5498cf54a929088b66bbe7a7e3d21935e33fec180000000ff	0x0	0
COEFFICIENT	pp_replay_inverse_ordinary	11570144	0x0
TRACE	pp_replay_inverse_ordinary	11575373	0x2ec96573f28204a5498cf54a929088b66bbe7a7e3d21935e33fec180000000ff	0x0	0
COEFFICIENT	pp_replay_inverse_ordinary	11575373	0x0
TRACE	pp_replay_inverse_ordinary	11580602	0x2ec96573f28204a5498cf54a929088b66bbe7a7e3d21935e33fec180000000ff	0x0	0
COEFFICIENT	pp_replay_inverse_ordinary	11580602	0x0
TRACE	pp_replay_inverse_ordinary	11585831	0x2ec96573f28204a5498cf54a929088b66bbe7a7e3d21935e33fec180000000ff	0x0	0
COEFFICIENT	pp_replay_inverse_ordinary	11585831	0x0
TRACE	pp_replay_inverse_ordinary	11591060	0x2ec96573f28204a5498cf54a929088b66bbe7a7e3d21935e33fec180000000ff	0x0	0
COEFFICIENT	pp_replay_inverse_ordinary	11591060	0x0
TRACE	pp_replay_inverse_ordinary	11596289	0x2ec96573f28204a5498cf54a929088b66bbe7a7e3d21935e33fec180000000ff	0x0	0
COEFFICIENT	pp_replay_inverse_ordinary	11596289	0x0
TRACE	pp_replay_inverse_ordinary	11601518	0x2ec96573f28204a5498cf54a929088b66bbe7a7e3d21935e33fec180000000ff	0x0	0
COEFFICIENT	pp_replay_inverse_ordinary	11601518	0x0
TRACE	pp_replay_inverse_ordinary	11606747	0x2ec96573f28204a5498cf54a929088b66bbe7a7e3d21935e33fec180000000ff	0x0	0
COEFFICIENT	pp_replay_inverse_ordinary	11606747	0x0
TRACE	pp_replay_inverse_ordinary	11611976	0x2ec96573f28204a5498cf54a929088b66bbe7a7e3d21935e33fec180000000ff	0x0	0
COEFFICIENT	pp_replay_inverse_ordinary	11611976	0x0
TRACE	pp_replay_inverse_ordinary	11617205	0x2ec96573f28204a5498cf54a929088b66bbe7a7e3d21935e33fec180000000ff	0x0	0
COEFFICIENT	pp_replay_inverse_ordinary	11617205	0x0
TRACE	pp_replay_inverse_ordinary	11622434	0x2ec96573f28204a5498cf54a929088b66bbe7a7e3d21935e33fec180000000ff	0x0	0
COEFFICIENT	pp_replay_inverse_ordinary	11622434	0x0
TRACE	pp_replay_inverse_ordinary	11627663	0x2ec96573f28204a5498cf54a929088b66bbe7a7e3d21935e33fec180000000ff	0x0	0
COEFFICIENT	pp_replay_inverse_ordinary	11627663	0x0
TRACE	pp_replay_inverse_ordinary	11632892	0x2ec96573f28204a5498cf54a929088b66bbe7a7e3d21935e33fec180000000ff	0x0	0
COEFFICIENT	pp_replay_inverse_ordinary	11632892	0x0
TRACE	pp_replay_inverse_ordinary	11638121	0x2ec96573f28204a5498cf54a929088b66bbe7a7e3d21935e33fec180000000ff	0x0	0
COEFFICIENT	pp_replay_inverse_ordinary	11638121	0x0
TRACE	pp_replay_inverse_ordinary	11643350	0x2ec96573f28204a5498cf54a929088b66bbe7a7e3d21935e33fec180000000ff	0x0	0
COEFFICIENT	pp_replay_inverse_ordinary	11643350	0x0
TRACE	pp_replay_inverse_ordinary	11648579	0x2ec96573f28204a5498cf54a929088b66bbe7a7e3d21935e33fec180000000ff	0x0	0
COEFFICIENT	pp_replay_inverse_ordinary	11648579	0x0
TRACE	pp_replay_inverse_ordinary	11653808	0x2ec96573f28204a5498cf54a929088b66bbe7a7e3d21935e33fec180000000ff	0x0	0
COEFFICIENT	pp_replay_inverse_ordinary	11653808	0x0
TRACE	pp_replay_inverse_ordinary	11659037	0x2ec96573f28204a5498cf54a929088b66bbe7a7e3d21935e33fec180000000ff	0x0	0
COEFFICIENT	pp_replay_inverse_ordinary	11659037	0x0
TRACE	pp_replay_inverse_ordinary	11664266	0x2ec96573f28204a5498cf54a929088b66bbe7a7e3d21935e33fec180000000ff	0x0	0
COEFFICIENT	pp_replay_inverse_ordinary	11664266	0x0
TRACE	pp_replay_inverse_ordinary	11669495	0x2ec96573f28204a5498cf54a929088b66bbe7a7e3d21935e33fec180000000ff	0x0	0
COEFFICIENT	pp_replay_inverse_ordinary	11669495	0x0
TRACE	pp_replay_inverse_ordinary	11674724	0x2ec96573f28204a5498cf54a929088b66bbe7a7e3d21935e33fec180000000ff	0x0	0
COEFFICIENT	pp_replay_inverse_ordinary	11674724	0x0
TRACE	pp_replay_inverse_ordinary	11679953	0x2ec96573f28204a5498cf54a929088b66bbe7a7e3d21935e33fec180000000ff	0x0	0
COEFFICIENT	pp_replay_inverse_ordinary	11679953	0x0
TRACE	pp_replay_inverse_ordinary	11685182	0x2ec96573f28204a5498cf54a929088b66bbe7a7e3d21935e33fec180000000ff	0x0	0
COEFFICIENT	pp_replay_inverse_ordinary	11685182	0x0
TRACE	pp_replay_inverse_ordinary	11690411	0x2ec96573f28204a5498cf54a929088b66bbe7a7e3d21935e33fec180000000ff	0x0	0
COEFFICIENT	pp_replay_inverse_ordinary	11690411	0x0
TRACE	pp_replay_inverse_ordinary	11695640	0x2ec96573f28204a5498cf54a929088b66bbe7a7e3d21935e33fec180000000ff	0x0	0
COEFFICIENT	pp_replay_inverse_ordinary	11695640	0x0
TRACE	pp_replay_inverse_ordinary	11700869	0x2ec96573f28204a5498cf54a929088b66bbe7a7e3d21935e33fec180000000ff	0x0	0
COEFFICIENT	pp_replay_inverse_ordinary	11700869	0x0
TRACE	pp_replay_inverse_ordinary	11706098	0x2ec96573f28204a5498cf54a929088b66bbe7a7e3d21935e33fec180000000ff	0x0	0
COEFFICIENT	pp_replay_inverse_ordinary	11706098	0x0
TRACE	pp_replay_inverse_ordinary	11711327	0x2ec96573f28204a5498cf54a929088b66bbe7a7e3d21935e33fec180000000ff	0x0	0
COEFFICIENT	pp_replay_inverse_ordinary	11711327	0x0
TRACE	pp_replay_inverse_ordinary	11716556	0x2ec96573f28204a5498cf54a929088b66bbe7a7e3d21935e33fec180000000ff	0x0	0
COEFFICIENT	pp_replay_inverse_ordinary	11716556	0x0
TRACE	pp_replay_inverse_ordinary	11721785	0x2ec96573f28204a5498cf54a929088b66bbe7a7e3d21935e33fec180000000ff	0x0	0
COEFFICIENT	pp_replay_inverse_ordinary	11721785	0x0
TRACE	pp_replay_inverse_ordinary	11727014	0x2ec96573f28204a5498cf54a929088b66bbe7a7e3d21935e33fec180000000ff	0x0	0
COEFFICIENT	pp_replay_inverse_ordinary	11727014	0x0
TRACE	pp_replay_inverse_ordinary	11732243	0x2ec96573f28204a5498cf54a929088b66bbe7a7e3d21935e33fec180000000ff	0x0	0
COEFFICIENT	pp_replay_inverse_ordinary	11732243	0x0
TRACE	pp_replay_inverse_ordinary	11737472	0x2ec96573f28204a5498cf54a929088b66bbe7a7e3d21935e33fec180000000ff	0x0	0
COEFFICIENT	pp_replay_inverse_ordinary	11737472	0x0
TRACE	pp_replay_inverse_ordinary	11742701	0x2ec96573f28204a5498cf54a929088b66bbe7a7e3d21935e33fec180000000ff	0x0	0
COEFFICIENT	pp_replay_inverse_ordinary	11742701	0x0
TRACE	pp_replay_inverse_ordinary	11747930	0x2ec96573f28204a5498cf54a929088b66bbe7a7e3d21935e33fec180000000ff	0x0	0
COEFFICIENT	pp_replay_inverse_ordinary	11747930	0x0
TRACE	pp_replay_inverse_ordinary	11753159	0x2ec96573f28204a5498cf54a929088b66bbe7a7e3d21935e33fec180000000ff	0x0	0
COEFFICIENT	pp_replay_inverse_ordinary	11753159	0x0
TRACE	pp_replay_inverse_ordinary	11758388	0x2ec96573f28204a5498cf54a929088b66bbe7a7e3d21935e33fec180000000ff	0x0	0
COEFFICIENT	pp_replay_inverse_ordinary	11758388	0x0
TRACE	pp_replay_inverse_ordinary	11763617	0x2ec96573f28204a5498cf54a929088b66bbe7a7e3d21935e33fec180000000ff	0x0	0
COEFFICIENT	pp_replay_inverse_ordinary	11763617	0x0
TRACE	pp_replay_inverse_ordinary	11768846	0x2ec96573f28204a5498cf54a929088b66bbe7a7e3d21935e33fec180000000ff	0x0	0
COEFFICIENT	pp_replay_inverse_ordinary	11768846	0x0
TRACE	pp_replay_inverse_ordinary	11774075	0x2ec96573f28204a5498cf54a929088b66bbe7a7e3d21935e33fec180000000ff	0x0	0
COEFFICIENT	pp_replay_inverse_ordinary	11774075	0x0
TRACE	pp_replay_inverse_ordinary	11779304	0x2ec96573f28204a5498cf54a929088b66bbe7a7e3d21935e33fec180000000ff	0x0	0
COEFFICIENT	pp_replay_inverse_ordinary	11779304	0x0
TRACE	pp_replay_inverse_ordinary	11784533	0x2ec96573f28204a5498cf54a929088b66bbe7a7e3d21935e33fec180000000ff	0x0	0
COEFFICIENT	pp_replay_inverse_ordinary	11784533	0x0
TRACE	pp_replay_inverse_ordinary	11789762	0x2ec96573f28204a5498cf54a929088b66bbe7a7e3d21935e33fec180000000ff	0x0	0
COEFFICIENT	pp_replay_inverse_ordinary	11789762	0x0
TRACE	pp_replay_inverse_ordinary	11794991	0x2ec96573f28204a5498cf54a929088b66bbe7a7e3d21935e33fec180000000ff	0x0	0
COEFFICIENT	pp_replay_inverse_ordinary	11794991	0x0
TRACE	pp_replay_inverse_ordinary	11800220	0x2ec96573f28204a5498cf54a929088b66bbe7a7e3d21935e33fec180000000ff	0x0	0
COEFFICIENT	pp_replay_inverse_ordinary	11800220	0x0
TRACE	pp_replay_inverse_ordinary	11805449	0x2ec96573f28204a5498cf54a929088b66bbe7a7e3d21935e33fec180000000ff	0x0	0
COEFFICIENT	pp_replay_inverse_ordinary	11805449	0x0
TRACE	pp_replay_inverse_ordinary	11810678	0x2ec96573f28204a5498cf54a929088b66bbe7a7e3d21935e33fec180000000ff	0x0	0
COEFFICIENT	pp_replay_inverse_ordinary	11810678	0x0
TRACE	pp_replay_inverse_ordinary	11815907	0x2ec96573f28204a5498cf54a929088b66bbe7a7e3d21935e33fec180000000ff	0x0	0
COEFFICIENT	pp_replay_inverse_ordinary	11815907	0x0
TRACE	pp_replay_inverse_ordinary	11821136	0x2ec96573f28204a5498cf54a929088b66bbe7a7e3d21935e33fec180000000ff	0x0	0
COEFFICIENT	pp_replay_inverse_ordinary	11821136	0x0
TRACE	pp_replay_inverse_ordinary	11826365	0x2ec96573f28204a5498cf54a929088b66bbe7a7e3d21935e33fec180000000ff	0x0	0
COEFFICIENT	pp_replay_inverse_ordinary	11826365	0x0
TRACE	pp_replay_inverse_ordinary	11831594	0x2ec96573f28204a5498cf54a929088b66bbe7a7e3d21935e33fec180000000ff	0x0	0
COEFFICIENT	pp_replay_inverse_ordinary	11831594	0x0
TRACE	pp_replay_inverse_ordinary	11836823	0x2ec96573f28204a5498cf54a929088b66bbe7a7e3d21935e33fec180000000ff	0x0	0
COEFFICIENT	pp_replay_inverse_ordinary	11836823	0x0
TRACE	pp_replay_inverse_ordinary	11842052	0x2ec96573f28204a5498cf54a929088b66bbe7a7e3d21935e33fec180000000ff	0x0	0
COEFFICIENT	pp_replay_inverse_ordinary	11842052	0x0
TRACE	pp_replay_inverse_ordinary	11847281	0x2ec96573f28204a5498cf54a929088b66bbe7a7e3d21935e33fec180000000ff	0x0	0
COEFFICIENT	pp_replay_inverse_ordinary	11847281	0x0
TRACE	pp_replay_inverse_ordinary	11852510	0x2ec96573f28204a5498cf54a929088b66bbe7a7e3d21935e33fec180000000ff	0x0	0
COEFFICIENT	pp_replay_inverse_ordinary	11852510	0x0
TRACE	pp_replay_inverse_ordinary	11857739	0x2ec96573f28204a5498cf54a929088b66bbe7a7e3d21935e33fec180000000ff	0x0	0
COEFFICIENT	pp_replay_inverse_ordinary	11857739	0x0
TRACE	pp_replay_inverse_ordinary	11862968	0x2ec96573f28204a5498cf54a929088b66bbe7a7e3d21935e33fec180000000ff	0x0	0
COEFFICIENT	pp_replay_inverse_ordinary	11862968	0x0
TRACE	pp_replay_inverse_ordinary	11868197	0x2ec96573f28204a5498cf54a929088b66bbe7a7e3d21935e33fec180000000ff	0x0	0
COEFFICIENT	pp_replay_inverse_ordinary	11868197	0x0
TRACE	pp_replay_inverse_ordinary	11873426	0x2ec96573f28204a5498cf54a929088b66bbe7a7e3d21935e33fec180000000ff	0x0	0
COEFFICIENT	pp_replay_inverse_ordinary	11873426	0x0
TRACE	pp_replay_inverse_ordinary	11878655	0x2ec96573f28204a5498cf54a929088b66bbe7a7e3d21935e33fec180000000ff	0x0	0
COEFFICIENT	pp_replay_inverse_ordinary	11878655	0x0
TRACE	pp_replay_inverse_ordinary	11883884	0x2ec96573f28204a5498cf54a929088b66bbe7a7e3d21935e33fec180000000ff	0x0	0
COEFFICIENT	pp_replay_inverse_ordinary	11883884	0x0
TRACE	pp_replay_inverse_ordinary	11889113	0x2ec96573f28204a5498cf54a929088b66bbe7a7e3d21935e33fec180000000ff	0x0	0
COEFFICIENT	pp_replay_inverse_ordinary	11889113	0x0
TRACE	pp_replay_inverse_ordinary	11894342	0x2ec96573f28204a5498cf54a929088b66bbe7a7e3d21935e33fec180000000ff	0x0	0
COEFFICIENT	pp_replay_inverse_ordinary	11894342	0x0
TRACE	pp_replay_inverse_ordinary	11899571	0x2ec96573f28204a5498cf54a929088b66bbe7a7e3d21935e33fec180000000ff	0x0	0
COEFFICIENT	pp_replay_inverse_ordinary	11899571	0x0
TRACE	pp_replay_inverse_ordinary	11904800	0x2ec96573f28204a5498cf54a929088b66bbe7a7e3d21935e33fec180000000ff	0x0	0
COEFFICIENT	pp_replay_inverse_ordinary	11904800	0x0
TRACE	pp_replay_inverse_ordinary	11910029	0x2ec96573f28204a5498cf54a929088b66bbe7a7e3d21935e33fec180000000ff	0x0	0
COEFFICIENT	pp_replay_inverse_ordinary	11910029	0x0
TRACE	pp_replay_inverse_ordinary	11915258	0x2ec96573f28204a5498cf54a929088b66bbe7a7e3d21935e33fec180000000ff	0x0	0
COEFFICIENT	pp_replay_inverse_ordinary	11915258	0x0
TRACE	pp_replay_inverse_ordinary	11920487	0x2ec96573f28204a5498cf54a929088b66bbe7a7e3d21935e33fec180000000ff	0x0	0
COEFFICIENT	pp_replay_inverse_ordinary	11920487	0x0
TRACE	pp_replay_inverse_ordinary	11925716	0x2ec96573f28204a5498cf54a929088b66bbe7a7e3d21935e33fec180000000ff	0x0	0
COEFFICIENT	pp_replay_inverse_ordinary	11925716	0x0
TRACE	pp_replay_inverse_ordinary	11930945	0x2ec96573f28204a5498cf54a929088b66bbe7a7e3d21935e33fec180000000ff	0x0	0
COEFFICIENT	pp_replay_inverse_ordinary	11930945	0x0
TRACE	pp_replay_inverse_ordinary	11936174	0x2ec96573f28204a5498cf54a929088b66bbe7a7e3d21935e33fec180000000ff	0x0	0
COEFFICIENT	pp_replay_inverse_ordinary	11936174	0x0
TRACE	pp_replay_inverse_ordinary	11941403	0x2ec96573f28204a5498cf54a929088b66bbe7a7e3d21935e33fec180000000ff	0x0	0
COEFFICIENT	pp_replay_inverse_ordinary	11941403	0x0
TRACE	pp_replay_inverse_ordinary	11946632	0x2ec96573f28204a5498cf54a929088b66bbe7a7e3d21935e33fec180000000ff	0x0	0
COEFFICIENT	pp_replay_inverse_ordinary	11946632	0x0
TRACE	pp_replay_inverse_ordinary	11951861	0x2ec96573f28204a5498cf54a929088b66bbe7a7e3d21935e33fec180000000ff	0x0	0
COEFFICIENT	pp_replay_inverse_ordinary	11951861	0x0
TRACE	pp_replay_inverse_ordinary	11957090	0x2ec96573f28204a5498cf54a929088b66bbe7a7e3d21935e33fec180000000ff	0x0	0
COEFFICIENT	pp_replay_inverse_ordinary	11957090	0x0
TRACE	pp_replay_inverse_ordinary	11962319	0x2ec96573f28204a5498cf54a929088b66bbe7a7e3d21935e33fec180000000ff	0x0	0
COEFFICIENT	pp_replay_inverse_ordinary	11962319	0x0
TRACE	pp_replay_inverse_ordinary	11967548	0x2ec96573f28204a5498cf54a929088b66bbe7a7e3d21935e33fec180000000ff	0x0	0
COEFFICIENT	pp_replay_inverse_ordinary	11967548	0x0
TRACE	pp_replay_inverse_ordinary	11972777	0x2ec96573f28204a5498cf54a929088b66bbe7a7e3d21935e33fec180000000ff	0x0	0
COEFFICIENT	pp_replay_inverse_ordinary	11972777	0x0
TRACE	pp_replay_inverse_ordinary	11978006	0x2ec96573f28204a5498cf54a929088b66bbe7a7e3d21935e33fec180000000ff	0x0	0
COEFFICIENT	pp_replay_inverse_ordinary	11978006	0x0
TRACE	pp_replay_inverse_ordinary	11983235	0x2ec96573f28204a5498cf54a929088b66bbe7a7e3d21935e33fec180000000ff	0x0	0
COEFFICIENT	pp_replay_inverse_ordinary	11983235	0x0
TRACE	pp_replay_inverse_ordinary	11988464	0x2ec96573f28204a5498cf54a929088b66bbe7a7e3d21935e33fec180000000ff	0x0	0
COEFFICIENT	pp_replay_inverse_ordinary	11988464	0x0
TRACE	pp_replay_inverse_ordinary	11993693	0x2ec96573f28204a5498cf54a929088b66bbe7a7e3d21935e33fec180000000ff	0x0	0
COEFFICIENT	pp_replay_inverse_ordinary	11993693	0x0
TRACE	pp_replay_inverse_ordinary	11998922	0x2ec96573f28204a5498cf54a929088b66bbe7a7e3d21935e33fec180000000ff	0x0	0
COEFFICIENT	pp_replay_inverse_ordinary	11998922	0x0
TRACE	pp_replay_inverse_ordinary	12004151	0x2ec96573f28204a5498cf54a929088b66bbe7a7e3d21935e33fec180000000ff	0x0	0
COEFFICIENT	pp_replay_inverse_ordinary	12004151	0x0
TRACE	pp_replay_inverse_ordinary	12009380	0x2ec96573f28204a5498cf54a929088b66bbe7a7e3d21935e33fec180000000ff	0x0	0
COEFFICIENT	pp_replay_inverse_ordinary	12009380	0x0
TRACE	pp_replay_inverse_ordinary	12014609	0x2ec96573f28204a5498cf54a929088b66bbe7a7e3d21935e33fec180000000ff	0x0	0
COEFFICIENT	pp_replay_inverse_ordinary	12014609	0x0
TRACE	pp_replay_inverse_ordinary	12019838	0x2ec96573f28204a5498cf54a929088b66bbe7a7e3d21935e33fec180000000ff	0x0	0
COEFFICIENT	pp_replay_inverse_ordinary	12019838	0x0
TRACE	pp_replay_inverse_ordinary	12025067	0x2ec96573f28204a5498cf54a929088b66bbe7a7e3d21935e33fec180000000ff	0x0	0
COEFFICIENT	pp_replay_inverse_ordinary	12025067	0x0
TRACE	pp_replay_inverse_ordinary	12030296	0x2ec96573f28204a5498cf54a929088b66bbe7a7e3d21935e33fec180000000ff	0x0	0
COEFFICIENT	pp_replay_inverse_ordinary	12030296	0x0
TRACE	pp_replay_inverse_ordinary	12035525	0x2ec96573f28204a5498cf54a929088b66bbe7a7e3d21935e33fec180000000ff	0x0	0
COEFFICIENT	pp_replay_inverse_ordinary	12035525	0x0
TRACE	pp_replay_inverse_ordinary	12040754	0x2ec96573f28204a5498cf54a929088b66bbe7a7e3d21935e33fec180000000ff	0x0	0
COEFFICIENT	pp_replay_inverse_ordinary	12040754	0x0
TRACE	pp_replay_inverse_ordinary	12045983	0x2ec96573f28204a5498cf54a929088b66bbe7a7e3d21935e33fec180000000ff	0x0	0
COEFFICIENT	pp_replay_inverse_ordinary	12045983	0x0
TRACE	pp_replay_inverse_ordinary	12051212	0x2ec96573f28204a5498cf54a929088b66bbe7a7e3d21935e33fec180000000ff	0x0	0
COEFFICIENT	pp_replay_inverse_ordinary	12051212	0x0
TRACE	pp_replay_inverse_ordinary	12056441	0x2ec96573f28204a5498cf54a929088b66bbe7a7e3d21935e33fec180000000ff	0x0	0
COEFFICIENT	pp_replay_inverse_ordinary	12056441	0x0
TRACE	pp_replay_inverse_ordinary	12061670	0x2ec96573f28204a5498cf54a929088b66bbe7a7e3d21935e33fec180000000ff	0x0	0
COEFFICIENT	pp_replay_inverse_ordinary	12061670	0x0
TRACE	pp_replay_inverse_ordinary	12066899	0x2ec96573f28204a5498cf54a929088b66bbe7a7e3d21935e33fec180000000ff	0x0	0
COEFFICIENT	pp_replay_inverse_ordinary	12066899	0x0
TRACE	pp_replay_inverse_ordinary	12072128	0x2ec96573f28204a5498cf54a929088b66bbe7a7e3d21935e33fec180000000ff	0x0	0
COEFFICIENT	pp_replay_inverse_ordinary	12072128	0x0
TRACE	pp_replay_inverse_ordinary	12077357	0x2ec96573f28204a5498cf54a929088b66bbe7a7e3d21935e33fec180000000ff	0x0	0
COEFFICIENT	pp_replay_inverse_ordinary	12077357	0x0
TRACE	pp_replay_inverse_ordinary	12082586	0x2ec96573f28204a5498cf54a929088b66bbe7a7e3d21935e33fec180000000ff	0x0	0
COEFFICIENT	pp_replay_inverse_ordinary	12082586	0x0
TRACE	pp_replay_inverse_ordinary	12087815	0x2ec96573f28204a5498cf54a929088b66bbe7a7e3d21935e33fec180000000ff	0x0	0
COEFFICIENT	pp_replay_inverse_ordinary	12087815	0x0
TRACE	pp_replay_inverse_ordinary	12093044	0x2ec96573f28204a5498cf54a929088b66bbe7a7e3d21935e33fec180000000ff	0x0	0
COEFFICIENT	pp_replay_inverse_ordinary	12093044	0x0
TRACE	pp_replay_inverse_ordinary	12098273	0x2ec96573f28204a5498cf54a929088b66bbe7a7e3d21935e33fec180000000ff	0x0	0
COEFFICIENT	pp_replay_inverse_ordinary	12098273	0x0
TRACE	pp_replay_inverse_ordinary	12103502	0x2ec96573f28204a5498cf54a929088b66bbe7a7e3d21935e33fec180000000ff	0x0	0
COEFFICIENT	pp_replay_inverse_ordinary	12103502	0x0
TRACE	pp_replay_inverse_ordinary	12108731	0x2ec96573f28204a5498cf54a929088b66bbe7a7e3d21935e33fec180000000ff	0x0	0
COEFFICIENT	pp_replay_inverse_ordinary	12108731	0x0
TRACE	pp_replay_inverse_ordinary	12113960	0x2ec96573f28204a5498cf54a929088b66bbe7a7e3d21935e33fec180000000ff	0x0	0
COEFFICIENT	pp_replay_inverse_ordinary	12113960	0x0
TRACE	pp_replay_inverse_ordinary	12119189	0x2ec96573f28204a5498cf54a929088b66bbe7a7e3d21935e33fec180000000ff	0x0	0
COEFFICIENT	pp_replay_inverse_ordinary	12119189	0x0
TRACE	pp_replay_inverse_ordinary	12124418	0x2ec96573f28204a5498cf54a929088b66bbe7a7e3d21935e33fec180000000ff	0x0	0
COEFFICIENT	pp_replay_inverse_ordinary	12124418	0x0
TRACE	pp_replay_inverse_ordinary	12129647	0x2ec96573f28204a5498cf54a929088b66bbe7a7e3d21935e33fec180000000ff	0x0	0
COEFFICIENT	pp_replay_inverse_ordinary	12129647	0x0
TRACE	pp_replay_inverse_ordinary	12134876	0x2ec96573f28204a5498cf54a929088b66bbe7a7e3d21935e33fec180000000ff	0x0	0
COEFFICIENT	pp_replay_inverse_ordinary	12134876	0x0
TRACE	pp_replay_inverse_ordinary	12140105	0x2ec96573f28204a5498cf54a929088b66bbe7a7e3d21935e33fec180000000ff	0x0	0
COEFFICIENT	pp_replay_inverse_ordinary	12140105	0x0
TRACE	pp_replay_inverse_ordinary	12145334	0x2ec96573f28204a5498cf54a929088b66bbe7a7e3d21935e33fec180000000ff	0x0	0
COEFFICIENT	pp_replay_inverse_ordinary	12145334	0x0
TRACE	pp_replay_inverse_ordinary	12150563	0x2ec96573f28204a5498cf54a929088b66bbe7a7e3d21935e33fec180000000ff	0x0	0
COEFFICIENT	pp_replay_inverse_ordinary	12150563	0x0
TRACE	pp_replay_inverse_ordinary	12155792	0x2ec96573f28204a5498cf54a929088b66bbe7a7e3d21935e33fec180000000ff	0x0	0
COEFFICIENT	pp_replay_inverse_ordinary	12155792	0x0
TRACE	pp_replay_inverse_ordinary	12161021	0x2ec96573f28204a5498cf54a929088b66bbe7a7e3d21935e33fec180000000ff	0x0	0
COEFFICIENT	pp_replay_inverse_ordinary	12161021	0x0
TRACE	pp_replay_inverse_ordinary	12166250	0x2ec96573f28204a5498cf54a929088b66bbe7a7e3d21935e33fec180000000ff	0x0	0
COEFFICIENT	pp_replay_inverse_ordinary	12166250	0x0
TRACE	pp_replay_inverse_ordinary	12171479	0x2ec96573f28204a5498cf54a929088b66bbe7a7e3d21935e33fec180000000ff	0x0	0
COEFFICIENT	pp_replay_inverse_ordinary	12171479	0x0
TRACE	pp_replay_inverse_ordinary	12176708	0x2ec96573f28204a5498cf54a929088b66bbe7a7e3d21935e33fec180000000ff	0x0	0
COEFFICIENT	pp_replay_inverse_ordinary	12176708	0x0
TRACE	pp_replay_inverse_ordinary	12181937	0x2ec96573f28204a5498cf54a929088b66bbe7a7e3d21935e33fec180000000ff	0x0	0
COEFFICIENT	pp_replay_inverse_ordinary	12181937	0x0
TRACE	pp_replay_inverse_ordinary	12187166	0x2ec96573f28204a5498cf54a929088b66bbe7a7e3d21935e33fec180000000ff	0x0	0
COEFFICIENT	pp_replay_inverse_ordinary	12187166	0x0
TRACE	pp_replay_inverse_ordinary	12192395	0x2ec96573f28204a5498cf54a929088b66bbe7a7e3d21935e33fec180000000ff	0x0	0
COEFFICIENT	pp_replay_inverse_ordinary	12192395	0x0
TRACE	pp_replay_inverse_ordinary	12197624	0x2ec96573f28204a5498cf54a929088b66bbe7a7e3d21935e33fec180000000ff	0x0	0
COEFFICIENT	pp_replay_inverse_ordinary	12197624	0x0
TRACE	pp_replay_inverse_ordinary	12202853	0x2ec96573f28204a5498cf54a929088b66bbe7a7e3d21935e33fec180000000ff	0x0	0
COEFFICIENT	pp_replay_inverse_ordinary	12202853	0x0
TRACE	pp_replay_inverse_ordinary	12208082	0x2ec96573f28204a5498cf54a929088b66bbe7a7e3d21935e33fec180000000ff	0x0	0
COEFFICIENT	pp_replay_inverse_ordinary	12208082	0x0
TRACE	pp_replay_inverse_ordinary	12213311	0x2ec96573f28204a5498cf54a929088b66bbe7a7e3d21935e33fec180000000ff	0x0	0
COEFFICIENT	pp_replay_inverse_ordinary	12213311	0x0
TRACE	pp_replay_inverse_ordinary	12218540	0x2ec96573f28204a5498cf54a929088b66bbe7a7e3d21935e33fec180000000ff	0x0	0
COEFFICIENT	pp_replay_inverse_ordinary	12218540	0x0
TRACE	pp_replay_inverse_ordinary	12223769	0x2ec96573f28204a5498cf54a929088b66bbe7a7e3d21935e33fec180000000ff	0x0	0
COEFFICIENT	pp_replay_inverse_ordinary	12223769	0x0
TRACE	pp_replay_inverse_ordinary	12228998	0x2ec96573f28204a5498cf54a929088b66bbe7a7e3d21935e33fec180000000ff	0x0	0
COEFFICIENT	pp_replay_inverse_ordinary	12228998	0x0
TRACE	pp_replay_inverse_ordinary	12234227	0x2ec96573f28204a5498cf54a929088b66bbe7a7e3d21935e33fec180000000ff	0x0	0
COEFFICIENT	pp_replay_inverse_ordinary	12234227	0x0
TRACE	pp_replay_inverse_ordinary	12239456	0x2ec96573f28204a5498cf54a929088b66bbe7a7e3d21935e33fec180000000ff	0x0	0
COEFFICIENT	pp_replay_inverse_ordinary	12239456	0x0
TRACE	pp_replay_inverse_ordinary	12244685	0x2ec96573f28204a5498cf54a929088b66bbe7a7e3d21935e33fec180000000ff	0x0	0
COEFFICIENT	pp_replay_inverse_ordinary	12244685	0x0
TRACE	pp_replay_inverse_ordinary	12249914	0x2ec96573f28204a5498cf54a929088b66bbe7a7e3d21935e33fec180000000ff	0x0	0
COEFFICIENT	pp_replay_inverse_ordinary	12249914	0x0
TRACE	pp_replay_inverse_ordinary	12255143	0x2ec96573f28204a5498cf54a929088b66bbe7a7e3d21935e33fec180000000ff	0x0	0
COEFFICIENT	pp_replay_inverse_ordinary	12255143	0x0
TRACE	pp_replay_inverse_ordinary	12260372	0x2ec96573f28204a5498cf54a929088b66bbe7a7e3d21935e33fec180000000ff	0x0	0
COEFFICIENT	pp_replay_inverse_ordinary	12260372	0x0
TRACE	pp_replay_inverse_seed	12262306	0x2ec96573f28204a5498cf54a929088b66bbe7a7e3d21935e33fec180000000ff	0x0	0
COEFFICIENT	pp_replay_inverse_seed	12262306	0x0
TRACE	pp_replay_inverse_initial	12263229	0x2ec96573f28204a5498cf54a929088b66bbe7a7e3d21935e33fec180000000ff	0x0	0
COEFFICIENT	pp_replay_inverse_initial	12263229	0x0
TRACE	pp_coefficient_clear	12263485	0x2ec96573f28204a5498cf54a929088b66bbe7a7e3d21935e33fec180000000ff	0x0	0
COEFFICIENT	pp_coefficient_clear	12263485	0x0
TRACE	pp_value_reverse	13567146	0xfffffffffffffffffffffffffffffffffffffffffffffffffffffffefffffccc	0x0	0
COEFFICIENT	pp_value_reverse	13567146	0x832fdf6781d7aec4b4db56000000000000000000000000000000000000000000
TRACE	pp_restore_layout	13568158	0xb029afe791598fe05641c7e2339e39338c603dbcdab23b405ba0a2fb2ea8c2cc	0x0	0
COEFFICIENT	pp_restore_layout	13568158	0x0
TRACE	tlm_coord_y_sub_final	13574766	0xb029afe791598fe05641c7e2339e39338c603dbcdab23b405ba0a2fb2ea8c2cc	0xb7c52588d95c3b9aa25b0403f1eef75702e84bb7597aabe663b82f6f04ef2777	0
COEFFICIENT	tlm_coord_y_sub_final	13574766	0x0
TRACE	tlm_coord_rsub_final	13586737	0xc994b69768832bcbff5e9ab39ae8d1d3763bbf1e531bed98fe51de5ee84f50fb	0xb7c52588d95c3b9aa25b0403f1eef75702e84bb7597aabe663b82f6f04ef2777	0
COEFFICIENT	tlm_coord_rsub_final	13586737	0x0
RESOURCE	qubits=1321	ops=13586833	toffoli_sum=60971790	lanes=64
