TRACE	init	22	0x361347b7b4f83984d02b028d062e09d42a6f62f7df61116ecb92c327766c6614	0xc3f1a3bdb0c55a03aaca9af06d19c438353102ce77505f7baa6422f8862a2f42	0
TRACE	window_qrom_xy_load_walk	8328	0x361347b7b4f83984d02b028d062e09d42a6f62f7df61116ecb92c327766c6614	0xc3f1a3bdb0c55a03aaca9af06d19c438353102ce77505f7baa6422f8862a2f42	0
TRACE	tlm_coord_x_sub	11608	0xbec85fbf5c4ef8667136de219567af27d425caebf99f98dd0fa6ab9d18cc5978	0xc3f1a3bdb0c55a03aaca9af06d19c438353102ce77505f7baa6422f8862a2f42	0
TRACE	tlm_coord_y_sub	14888	0xbec85fbf5c4ef8667136de219567af27d425caebf99f98dd0fa6ab9d18cc5978	0xea6d038ac559fbeaa886bd99956210d2fe0350eb975688d37a46ae2dbcd66556	0
TRACE	window_qrom_xy_unload_measure	15912	0xbec85fbf5c4ef8667136de219567af27d425caebf99f98dd0fa6ab9d18cc5978	0xea6d038ac559fbeaa886bd99956210d2fe0350eb975688d37a46ae2dbcd66556	0
TRACE	window_qrom_xy_unload_clear	25676	0xbec85fbf5c4ef8667136de219567af27d425caebf99f98dd0fa6ab9d18cc5978	0xea6d038ac559fbeaa886bd99956210d2fe0350eb975688d37a46ae2dbcd66556	0
TRACE	pp_setup	25926	0xbec85fbf5c4ef8667136de219567af27d425caebf99f98dd0fa6ab9d18cc5978	0xea6d038ac559fbeaa886bd99956210d2fe0350eb975688d37a46ae2dbcd66556	0
TRACE	pp_value_forward	1332211	0x3aa015ce2d6143706db1f76c4b515b48cea46829196bda652b02afffffffffff	0xea6d038ac559fbeaa886bd99956210d2fe0350eb975688d37a46ae2dbcd66556	0
TRACE	pp_replay_halving_initial	1333135	0x3aa015ce2d6143706db1f76c4b515b48cea46829196bda652b02afffffffffff	0x753681c562acfdf554435ecccab108697f01a875cbab4469bd235716de6b32ab	0
TRACE	pp_replay_halving_seed	1335070	0x3aa015ce2d6143706db1f76c4b515b48cea46829196bda652b02afffffffffff	0x753681c562acfdf554435ecccab108697f01a875cbab4469bd235716de6b32ab	0
TRACE	pp_replay_halving_ordinary	1340293	0x3aa015ce2d6143706db1f76c4b515b48cea46829196bda652b02afffffffffff	0xdd4da07158ab3f7d5510d7b332ac421a5fc06a1d72ead11a6f48d5c4f79ac9ce	0
TRACE	pp_replay_halving_ordinary	1345516	0x3aa015ce2d6143706db1f76c4b515b48cea46829196bda652b02afffffffffff	0xdd4da07158ab3f7d5510d7b332ac421a5fc06a1d72ead11a6f48d5c4f79ac9ce	0
TRACE	pp_replay_halving_ordinary	1350739	0x3aa015ce2d6143706db1f76c4b515b48cea46829196bda652b02afffffffffff	0x94a1088daed60f5caa550d9fff5752a0f7b084a4cfa585610b1b0b36b5817e2a	0
TRACE	pp_replay_halving_ordinary	1355962	0x3aa015ce2d6143706db1f76c4b515b48cea46829196bda652b02afffffffffff	0x94a1088daed60f5caa550d9fff5752a0f7b084a4cfa585610b1b0b36b5817e2a	0
TRACE	pp_replay_halving_ordinary	1361185	0x3aa015ce2d6143706db1f76c4b515b48cea46829196bda652b02afffffffffff	0x8275e294c460c3547fa61b1b328216c29dac8b46a6d43272b20f989324fb2b41	0
TRACE	pp_replay_halving_ordinary	1366408	0x3aa015ce2d6143706db1f76c4b515b48cea46829196bda652b02afffffffffff	0x8275e294c460c3547fa61b1b328216c29dac8b46a6d43272b20f989324fb2b41	0
TRACE	pp_replay_halving_ordinary	1371631	0x3aa015ce2d6143706db1f76c4b515b48cea46829196bda652b02afffffffffff	0x3deb191689c3705274fa5e79ff4cc7cb072b8cef1c9fddb71bccbbea80d9977b	0
TRACE	pp_replay_halving_ordinary	1376854	0x3aa015ce2d6143706db1f76c4b515b48cea46829196bda652b02afffffffffff	0x3deb191689c3705274fa5e79ff4cc7cb072b8cef1c9fddb71bccbbea80d9977b	0
TRACE	pp_replay_halving_ordinary	1382077	0x3aa015ce2d6143706db1f76c4b515b48cea46829196bda652b02afffffffffff	0x9122b25f8ea754c082aaef284ccd53bde5a03f95e28d152ee590b729a9086309	0
TRACE	pp_replay_halving_ordinary	1387300	0x3aa015ce2d6143706db1f76c4b515b48cea46829196bda652b02afffffffffff	0x9122b25f8ea754c082aaef284ccd53bde5a03f95e28d152ee590b729a9086309	0
TRACE	pp_replay_halving_ordinary	1392523	0x3aa015ce2d6143706db1f76c4b515b48cea46829196bda652b02afffffffffff	0x33c372dd861ab144bde95368930686e23b32f3213fcb3cb980575cc50a787ea1	0
TRACE	pp_replay_halving_ordinary	1397746	0x3aa015ce2d6143706db1f76c4b515b48cea46829196bda652b02afffffffffff	0x33c372dd861ab144bde95368930686e23b32f3213fcb3cb980575cc50a787ea1	0
TRACE	pp_replay_halving_ordinary	1402969	0x3aa015ce2d6143706db1f76c4b515b48cea46829196bda652b02afffffffffff	0xb139894f45308181502510a437f4f6a80834ccadc896147a197a04fb2ce03682	0
TRACE	pp_replay_halving_ordinary	1408192	0x3aa015ce2d6143706db1f76c4b515b48cea46829196bda652b02afffffffffff	0xb139894f45308181502510a437f4f6a80834ccadc896147a197a04fb2ce03682	0
TRACE	pp_replay_halving_ordinary	1413415	0x3aa015ce2d6143706db1f76c4b515b48cea46829196bda652b02afffffffffff	0xb7fa4a44125db4cfcca177a105361745775adcba067dc02d3305ac8adf0a0845	0
TRACE	pp_replay_halving_ordinary	1418638	0x3aa015ce2d6143706db1f76c4b515b48cea46829196bda652b02afffffffffff	0xb7fa4a44125db4cfcca177a105361745775adcba067dc02d3305ac8adf0a0845	0
TRACE	pp_replay_halving_ordinary	1423861	0x3aa015ce2d6143706db1f76c4b515b48cea46829196bda652b02afffffffffff	0x9dad555f3c7a273b856fd58fb5eb53ca1776f26012b8cb035fe5c0291c0f779f	0
TRACE	pp_replay_halving_ordinary	1429084	0x3aa015ce2d6143706db1f76c4b515b48cea46829196bda652b02afffffffffff	0x9dad555f3c7a273b856fd58fb5eb53ca1776f26012b8cb035fe5c0291c0f779f	0
TRACE	pp_replay_halving_ordinary	1434307	0x3aa015ce2d6143706db1f76c4b515b48cea46829196bda652b02afffffffffff	0x5569e7e8d3b5f702d484534c2ec85ac3e3b473c6864da2cc24badb2cfec65ff9	0
TRACE	pp_replay_halving_ordinary	1439530	0x3aa015ce2d6143706db1f76c4b515b48cea46829196bda652b02afffffffffff	0x5569e7e8d3b5f702d484534c2ec85ac3e3b473c6864da2cc24badb2cfec65ff9	0
TRACE	pp_replay_halving_ordinary	1444753	0x3aa015ce2d6143706db1f76c4b515b48cea46829196bda652b02afffffffffff	0x9210db5d9a310c0e2c3ae090e1c8be418cf09fa6631aca0dcecab93e87524401	0
TRACE	pp_replay_halving_ordinary	1449976	0x3aa015ce2d6143706db1f76c4b515b48cea46829196bda652b02afffffffffff	0x9210db5d9a310c0e2c3ae090e1c8be418cf09fa6631aca0dcecab93e87524401	0
TRACE	pp_replay_halving_ordinary	1455199	0x3aa015ce2d6143706db1f76c4b515b48cea46829196bda652b02afffffffffff	0xd8322a8bfeb74b49ec0b13999da4780030c75acb28c0aed751e9542325cc191a	0
TRACE	pp_replay_halving_ordinary	1460422	0x3aa015ce2d6143706db1f76c4b515b48cea46829196bda652b02afffffffffff	0xd8322a8bfeb74b49ec0b13999da4780030c75acb28c0aed751e9542325cc191a	0
TRACE	pp_replay_halving_ordinary	1465645	0x3aa015ce2d6143706db1f76c4b515b48cea46829196bda652b02afffffffffff	0xae77ac3466de7031100bf33dd1091190570a5136ce9686cd9f385946186187dd	0
TRACE	pp_replay_halving_ordinary	1470868	0x3aa015ce2d6143706db1f76c4b515b48cea46829196bda652b02afffffffffff	0xae77ac3466de7031100bf33dd1091190570a5136ce9686cd9f385946186187dd	0
TRACE	pp_replay_halving_ordinary	1476091	0x3aa015ce2d6143706db1f76c4b515b48cea46829196bda652b02afffffffffff	0x4a6e9f95e5f636c636ffc816f326d99bf66f4265168a8a026cac3eb7035aa35b	0
TRACE	pp_replay_halving_ordinary	1481314	0x3aa015ce2d6143706db1f76c4b515b48cea46829196bda652b02afffffffffff	0x4a6e9f95e5f636c636ffc816f326d99bf66f4265168a8a026cac3eb7035aa35b	0
TRACE	pp_replay_halving_ordinary	1486537	0x3aa015ce2d6143706db1f76c4b515b48cea46829196bda652b02afffffffffff	0xc350ca352c10d08653cd941c21aded0e310dd7e1d4245ce69b318b7bc6b988d	0
TRACE	pp_replay_halving_ordinary	1491760	0x3aa015ce2d6143706db1f76c4b515b48cea46829196bda652b02afffffffffff	0xc350ca352c10d08653cd941c21aded0e310dd7e1d4245ce69b318b7bc6b988d	0
TRACE	pp_replay_halving_ordinary	1496983	0x3aa015ce2d6143706db1f76c4b515b48cea46829196bda652b02afffffffffff	0x15a8eb0e4e2dd0f3a70f28562d506e1b366007f8ccf333f43597d5dbaff18efa	0
TRACE	pp_replay_halving_ordinary	1502206	0x3aa015ce2d6143706db1f76c4b515b48cea46829196bda652b02afffffffffff	0x15a8eb0e4e2dd0f3a70f28562d506e1b366007f8ccf333f43597d5dbaff18efa	0
TRACE	pp_replay_halving_ordinary	1507429	0x3aa015ce2d6143706db1f76c4b515b48cea46829196bda652b02afffffffffff	0xbda308654124cf052f8b6c3ae5329c2d6b2c35615413c4768d06d0b6431e7f88	0
TRACE	pp_replay_halving_ordinary	1512652	0x3aa015ce2d6143706db1f76c4b515b48cea46829196bda652b02afffffffffff	0xbda308654124cf052f8b6c3ae5329c2d6b2c35615413c4768d06d0b6431e7f88	0
TRACE	pp_replay_halving_ordinary	1517875	0x3aa015ce2d6143706db1f76c4b515b48cea46829196bda652b02afffffffffff	0x8d00b885d502706f9e4c716a091d99b42c9260acbd2065bdc5f2712465a7dd0	0
TRACE	pp_replay_halving_ordinary	1523098	0x3aa015ce2d6143706db1f76c4b515b48cea46829196bda652b02afffffffffff	0x8d00b885d502706f9e4c716a091d99b42c9260acbd2065bdc5f2712465a7dd0	0
TRACE	pp_replay_halving_ordinary	1528321	0x3aa015ce2d6143706db1f76c4b515b48cea46829196bda652b02afffffffffff	0xdb9b4c51245afd076c7b1dcd8f69a8f6b8b0623529c196d530353ca847297991	0
TRACE	pp_replay_halving_ordinary	1533544	0x3aa015ce2d6143706db1f76c4b515b48cea46829196bda652b02afffffffffff	0xdb9b4c51245afd076c7b1dcd8f69a8f6b8b0623529c196d530353ca847297991	0
TRACE	pp_replay_halving_ordinary	1538767	0x3aa015ce2d6143706db1f76c4b515b48cea46829196bda652b02afffffffffff	0x504e1c83561db2878920b37b4b1f9ccd962a313fc13d7af3852ac20e875d3b5e	0
TRACE	pp_replay_halving_ordinary	1543990	0x3aa015ce2d6143706db1f76c4b515b48cea46829196bda652b02afffffffffff	0x504e1c83561db2878920b37b4b1f9ccd962a313fc13d7af3852ac20e875d3b5e	0
TRACE	pp_replay_halving_ordinary	1549213	0x3aa015ce2d6143706db1f76c4b515b48cea46829196bda652b02afffffffffff	0xafa5a351e9e2be3bd66f45236a2517113b6a4dd3abfc4722d57ffadf3a1ae30	0
TRACE	pp_replay_halving_ordinary	1554436	0x3aa015ce2d6143706db1f76c4b515b48cea46829196bda652b02afffffffffff	0xafa5a351e9e2be3bd66f45236a2517113b6a4dd3abfc4722d57ffadf3a1ae30	0
TRACE	pp_replay_halving_ordinary	1559659	0x3aa015ce2d6143706db1f76c4b515b48cea46829196bda652b02afffffffffff	0x74283c87016f3448ebc50a5ed631d5e1693e6f55fbc07498c0b74f3e54e1f1e4	0
TRACE	pp_replay_halving_ordinary	1564882	0x3aa015ce2d6143706db1f76c4b515b48cea46829196bda652b02afffffffffff	0x74283c87016f3448ebc50a5ed631d5e1693e6f55fbc07498c0b74f3e54e1f1e4	0
TRACE	pp_replay_halving_ordinary	1570105	0x3aa015ce2d6143706db1f76c4b515b48cea46829196bda652b02afffffffffff	0x545f96d7f96bdc3dc17a0ab292fccc0cca012a492e20665605337b8342c109df	0
TRACE	pp_replay_halving_ordinary	1575328	0x3aa015ce2d6143706db1f76c4b515b48cea46829196bda652b02afffffffffff	0x545f96d7f96bdc3dc17a0ab292fccc0cca012a492e20665605337b8342c109df	0
TRACE	pp_replay_halving_ordinary	1580551	0x3aa015ce2d6143706db1f76c4b515b48cea46829196bda652b02afffffffffff	0xc6d6d6c376b063af6e74ac7822f8997a231d905fab862c556528694be38d0d2	0
TRACE	pp_replay_halving_ordinary	1585774	0x3aa015ce2d6143706db1f76c4b515b48cea46829196bda652b02afffffffffff	0xc6d6d6c376b063af6e74ac7822f8997a231d905fab862c556528694be38d0d2	0
TRACE	pp_replay_halving_ordinary	1590997	0x3aa015ce2d6143706db1f76c4b515b48cea46829196bda652b02afffffffffff	0xba70e31146ead0ba44429accbdfc38fa583e04b52dde61e12a9a49585d16bfb2	0
TRACE	pp_replay_halving_ordinary	1596220	0x3aa015ce2d6143706db1f76c4b515b48cea46829196bda652b02afffffffffff	0xba70e31146ead0ba44429accbdfc38fa583e04b52dde61e12a9a49585d16bfb2	0
TRACE	pp_replay_halving_ordinary	1601443	0x3aa015ce2d6143706db1f76c4b515b48cea46829196bda652b02afffffffffff	0x31b7941f5f9575bd4eca7965100af0a47e9bf76eca25b129a03b33fb46d3e421	0
TRACE	pp_replay_halving_ordinary	1606666	0x3aa015ce2d6143706db1f76c4b515b48cea46829196bda652b02afffffffffff	0x31b7941f5f9575bd4eca7965100af0a47e9bf76eca25b129a03b33fb46d3e421	0
TRACE	pp_replay_halving_ordinary	1611889	0x3aa015ce2d6143706db1f76c4b515b48cea46829196bda652b02afffffffffff	0xcf894062e5c01efe116c710b248e9e8f0833741d313784fbbda36ea341432a60	0
TRACE	pp_replay_halving_ordinary	1617112	0x3aa015ce2d6143706db1f76c4b515b48cea46829196bda652b02afffffffffff	0xcf894062e5c01efe116c710b248e9e8f0833741d313784fbbda36ea341432a60	0
TRACE	pp_replay_halving_ordinary	1622335	0x3aa015ce2d6143706db1f76c4b515b48cea46829196bda652b02afffffffffff	0x805035209155652ed80dba9c0d2663cce1b3dae2fed74d895777a8a76205c2ac	0
TRACE	pp_replay_halving_ordinary	1627558	0x3aa015ce2d6143706db1f76c4b515b48cea46829196bda652b02afffffffffff	0x805035209155652ed80dba9c0d2663cce1b3dae2fed74d895777a8a76205c2ac	0
TRACE	pp_replay_halving_ordinary	1632781	0x3aa015ce2d6143706db1f76c4b515b48cea46829196bda652b02afffffffffff	0x53f65d60ddc5610b3a5e8ae9cc6d4096fa79d3c00c03b4a14546c5d2a8d23b43	0
TRACE	pp_replay_halving_ordinary	1638004	0x3aa015ce2d6143706db1f76c4b515b48cea46829196bda652b02afffffffffff	0x53f65d60ddc5610b3a5e8ae9cc6d4096fa79d3c00c03b4a14546c5d2a8d23b43	0
TRACE	pp_replay_halving_ordinary	1643227	0x3aa015ce2d6143706db1f76c4b515b48cea46829196bda652b02afffffffffff	0x4b1675efece40108e76bcbec902e48cd79ce81c8bcb4e63a048c38b4ee4ce0e6	0
TRACE	pp_replay_halving_ordinary	1648450	0x3aa015ce2d6143706db1f76c4b515b48cea46829196bda652b02afffffffffff	0x4b1675efece40108e76bcbec902e48cd79ce81c8bcb4e63a048c38b4ee4ce0e6	0
TRACE	pp_replay_halving_ordinary	1653673	0x3aa015ce2d6143706db1f76c4b515b48cea46829196bda652b02afffffffffff	0xe353411bba39a883def93636f90766745cbc6c668a86bf8332177912488516ff	0
TRACE	pp_replay_halving_ordinary	1658896	0x3aa015ce2d6143706db1f76c4b515b48cea46829196bda652b02afffffffffff	0xe353411bba39a883def93636f90766745cbc6c668a86bf8332177912488516ff	0
TRACE	pp_replay_halving_ordinary	1664119	0x3aa015ce2d6143706db1f76c4b515b48cea46829196bda652b02afffffffffff	0x57b8d358d0723e20ad5ff5ae16b9faa3e719b0dab8b7d613e46e8ca0bad099fa	0
TRACE	pp_replay_halving_ordinary	1669342	0x3aa015ce2d6143706db1f76c4b515b48cea46829196bda652b02afffffffffff	0x57b8d358d0723e20ad5ff5ae16b9faa3e719b0dab8b7d613e46e8ca0bad099fa	0
TRACE	pp_replay_halving_ordinary	1674565	0x3aa015ce2d6143706db1f76c4b515b48cea46829196bda652b02afffffffffff	0xc8f5ce3badc744778a49aab4d2c9a25dd624298a67e830ae1ecd0b3339fb2adf	0
TRACE	pp_replay_halving_ordinary	1679788	0x3aa015ce2d6143706db1f76c4b515b48cea46829196bda652b02afffffffffff	0xc8f5ce3badc744778a49aab4d2c9a25dd624298a67e830ae1ecd0b3339fb2adf	0
TRACE	pp_replay_halving_ordinary	1685011	0x3aa015ce2d6143706db1f76c4b515b48cea46829196bda652b02afffffffffff	0x40ca25d68e38e3d17c5f429c1868bb1d66d4b2f11fc02efd9dfe253e7cc83a9d	0
TRACE	pp_replay_halving_ordinary	1690234	0x3aa015ce2d6143706db1f76c4b515b48cea46829196bda652b02afffffffffff	0x40ca25d68e38e3d17c5f429c1868bb1d66d4b2f11fc02efd9dfe253e7cc83a9d	0
TRACE	pp_replay_halving_ordinary	1695457	0x3aa015ce2d6143706db1f76c4b515b48cea46829196bda652b02afffffffffff	0xfe5a28d1ff38d9bf3ab50747dd9c23be97967bd23dd61712aecb59210f175d6d	0
TRACE	pp_replay_halving_ordinary	1700680	0x3aa015ce2d6143706db1f76c4b515b48cea46829196bda652b02afffffffffff	0xfe5a28d1ff38d9bf3ab50747dd9c23be97967bd23dd61712aecb59210f175d6d	0
TRACE	pp_replay_halving_ordinary	1705903	0x3aa015ce2d6143706db1f76c4b515b48cea46829196bda652b02afffffffffff	0x2e911527dbdc6a5b0ceff4cee01aec0797fbb0216670858e9b98f989ac1f7953	0
TRACE	pp_replay_halving_ordinary	1711126	0x3aa015ce2d6143706db1f76c4b515b48cea46829196bda652b02afffffffffff	0x2e911527dbdc6a5b0ceff4cee01aec0797fbb0216670858e9b98f989ac1f7953	0
TRACE	pp_replay_halving_ordinary	1716349	0x3aa015ce2d6143706db1f76c4b515b48cea46829196bda652b02afffffffffff	0x4b3acf7e76c5510691e93f05af6dc3f18be48afce911a728529914aaaecdb5b0	0
TRACE	pp_replay_halving_ordinary	1721572	0x3aa015ce2d6143706db1f76c4b515b48cea46829196bda652b02afffffffffff	0x4b3acf7e76c5510691e93f05af6dc3f18be48afce911a728529914aaaecdb5b0	0
TRACE	pp_replay_halving_ordinary	1726795	0x3aa015ce2d6143706db1f76c4b515b48cea46829196bda652b02afffffffffff	0x6cc7d654e21ce22e2a32f2108b8b97f342ec7c3555311bfa970c911d581268fb	0
TRACE	pp_replay_halving_ordinary	1732018	0x3aa015ce2d6143706db1f76c4b515b48cea46829196bda652b02afffffffffff	0x6cc7d654e21ce22e2a32f2108b8b97f342ec7c3555311bfa970c911d581268fb	0
TRACE	pp_replay_halving_ordinary	1737241	0x3aa015ce2d6143706db1f76c4b515b48cea46829196bda652b02afffffffffff	0x352b180a7cf2c67810455ed342930cf3b0ae78837038f92f2829703a426396c2	0
TRACE	pp_replay_halving_ordinary	1742464	0x3aa015ce2d6143706db1f76c4b515b48cea46829196bda652b02afffffffffff	0x352b180a7cf2c67810455ed342930cf3b0ae78837038f92f2829703a426396c2	0
TRACE	pp_replay_halving_ordinary	1747687	0x3aa015ce2d6143706db1f76c4b515b48cea46829196bda652b02afffffffffff	0xe743e877e3a83f8a89c9fa03f054ea33cc1ef796f6faf07c4c70a800bcf7df57	0
TRACE	pp_replay_halving_ordinary	1752910	0x3aa015ce2d6143706db1f76c4b515b48cea46829196bda652b02afffffffffff	0xe743e877e3a83f8a89c9fa03f054ea33cc1ef796f6faf07c4c70a800bcf7df57	0
TRACE	pp_replay_halving_ordinary	1758133	0x3aa015ce2d6143706db1f76c4b515b48cea46829196bda652b02afffffffffff	0x9379cbe4a652a1bb619ed933d48f88aff923e03b1e4f822cb6ee320da15aeafe	0
TRACE	pp_replay_halving_ordinary	1763356	0x3aa015ce2d6143706db1f76c4b515b48cea46829196bda652b02afffffffffff	0x9379cbe4a652a1bb619ed933d48f88aff923e03b1e4f822cb6ee320da15aeafe	0
TRACE	pp_replay_halving_ordinary	1768579	0x3aa015ce2d6143706db1f76c4b515b48cea46829196bda652b02afffffffffff	0xf4ca5ecd83d3e969e6c4a465e3566bf707d32a4698fce58276167b8949c6358c	0
TRACE	pp_replay_halving_ordinary	1773802	0x3aa015ce2d6143706db1f76c4b515b48cea46829196bda652b02afffffffffff	0xf4ca5ecd83d3e969e6c4a465e3566bf707d32a4698fce58276167b8949c6358c	0
TRACE	pp_replay_halving_ordinary	1779025	0x3aa015ce2d6143706db1f76c4b515b48cea46829196bda652b02afffffffffff	0x67abdb45c89fae145eb68d337c4e472e3c542d7d2154a72a9035eda095e52b74	0
TRACE	pp_replay_halving_ordinary	1784248	0x3aa015ce2d6143706db1f76c4b515b48cea46829196bda652b02afffffffffff	0x67abdb45c89fae145eb68d337c4e472e3c542d7d2154a72a9035eda095e52b74	0
TRACE	pp_replay_halving_ordinary	1789471	0x3aa015ce2d6143706db1f76c4b515b48cea46829196bda652b02afffffffffff	0x2347a0e1eecd0ed5620385cc99c2093232dfbf325dea0f95f978237a2cf84286	0
TRACE	pp_replay_halving_ordinary	1794694	0x3aa015ce2d6143706db1f76c4b515b48cea46829196bda652b02afffffffffff	0x2347a0e1eecd0ed5620385cc99c2093232dfbf325dea0f95f978237a2cf84286	0
TRACE	pp_replay_halving_ordinary	1799917	0x3aa015ce2d6143706db1f76c4b515b48cea46829196bda652b02afffffffffff	0x808ac1d800f1df9af1d5010c943df51a1712c4067e1a61e5d70c9f32fc40e51f	0
TRACE	pp_replay_halving_ordinary	1805140	0x3aa015ce2d6143706db1f76c4b515b48cea46829196bda652b02afffffffffff	0x808ac1d800f1df9af1d5010c943df51a1712c4067e1a61e5d70c9f32fc40e51f	0
TRACE	pp_replay_halving_ordinary	1810363	0x3aa015ce2d6143706db1f76c4b515b48cea46829196bda652b02afffffffffff	0xa8af37c27b76cbce9c0ba1300161050606f33ecaf7f3eb6c089ae1110c2dd47d	0
TRACE	pp_replay_halving_ordinary	1815586	0x3aa015ce2d6143706db1f76c4b515b48cea46829196bda652b02afffffffffff	0xa8af37c27b76cbce9c0ba1300161050606f33ecaf7f3eb6c089ae1110c2dd47d	0
TRACE	pp_replay_halving_ordinary	1820809	0x3aa015ce2d6143706db1f76c4b515b48cea46829196bda652b02afffffffffff	0x4a4e7e669f1a2ada6378288f2567be88078180b45d83935477e9e011021bae67	0
TRACE	pp_replay_halving_ordinary	1826032	0x3aa015ce2d6143706db1f76c4b515b48cea46829196bda652b02afffffffffff	0x4a4e7e669f1a2ada6378288f2567be88078180b45d83935477e9e011021bae67	0
TRACE	pp_replay_halving_ordinary	1831255	0x3aa015ce2d6143706db1f76c4b515b48cea46829196bda652b02afffffffffff	0x97982e56f717283d0e24de2836fe519f7fdc6f85a69c1605e42c403f8284879d	0
TRACE	pp_replay_halving_ordinary	1836478	0x3aa015ce2d6143706db1f76c4b515b48cea46829196bda652b02afffffffffff	0x97982e56f717283d0e24de2836fe519f7fdc6f85a69c1605e42c403f8284879d	0
TRACE	pp_replay_halving_ordinary	1841701	0x3aa015ce2d6143706db1f76c4b515b48cea46829196bda652b02afffffffffff	0x5f1e8327918ad37731bd9c7a5fe4cd959e04f37725942baf4d26b82b615c7a1c	0
TRACE	pp_replay_halving_ordinary	1846924	0x3aa015ce2d6143706db1f76c4b515b48cea46829196bda652b02afffffffffff	0x5f1e8327918ad37731bd9c7a5fe4cd959e04f37725942baf4d26b82b615c7a1c	0
TRACE	pp_replay_halving_ordinary	1852147	0x3aa015ce2d6143706db1f76c4b515b48cea46829196bda652b02afffffffffff	0x4e1e6acbd96315317719d06b75c661027875df03a041fa95a5c16204c84a026c	0
TRACE	pp_replay_halving_ordinary	1857370	0x3aa015ce2d6143706db1f76c4b515b48cea46829196bda652b02afffffffffff	0x4e1e6acbd96315317719d06b75c661027875df03a041fa95a5c16204c84a026c	0
TRACE	pp_replay_halving_ordinary	1862593	0x3aa015ce2d6143706db1f76c4b515b48cea46829196bda652b02afffffffffff	0x4400616ee09ef916ea8f303ba879b24c963c51ce1548c4669d95589a6449dec	0
TRACE	pp_replay_halving_ordinary	1867816	0x3aa015ce2d6143706db1f76c4b515b48cea46829196bda652b02afffffffffff	0x4400616ee09ef916ea8f303ba879b24c963c51ce1548c4669d95589a6449dec	0
TRACE	pp_replay_halving_ordinary	1873039	0x3aa015ce2d6143706db1f76c4b515b48cea46829196bda652b02afffffffffff	0xefa869de3c2eae60b5384227ee741c1af8ed5c14c0eeea8f65f2a7a50aa0f205	0
TRACE	pp_replay_halving_ordinary	1878262	0x3aa015ce2d6143706db1f76c4b515b48cea46829196bda652b02afffffffffff	0xefa869de3c2eae60b5384227ee741c1af8ed5c14c0eeea8f65f2a7a50aa0f205	0
TRACE	pp_replay_halving_ordinary	1883485	0x3aa015ce2d6143706db1f76c4b515b48cea46829196bda652b02afffffffffff	0x72ae4de0f1a086e42c3ff4dd04352e4b085913c8585e0cd9f1ffa8599e678efd	0
TRACE	pp_replay_halving_ordinary	1888708	0x3aa015ce2d6143706db1f76c4b515b48cea46829196bda652b02afffffffffff	0x72ae4de0f1a086e42c3ff4dd04352e4b085913c8585e0cd9f1ffa8599e678efd	0
TRACE	pp_replay_halving_ordinary	1893931	0x3aa015ce2d6143706db1f76c4b515b48cea46829196bda652b02afffffffffff	0x9a189ff1262cb992f3e1e71bc78adbb1880777d1120aceff9c03145974256cd4	0
TRACE	pp_replay_halving_ordinary	1899154	0x3aa015ce2d6143706db1f76c4b515b48cea46829196bda652b02afffffffffff	0x9a189ff1262cb992f3e1e71bc78adbb1880777d1120aceff9c03145974256cd4	0
TRACE	pp_replay_halving_ordinary	1904377	0x3aa015ce2d6143706db1f76c4b515b48cea46829196bda652b02afffffffffff	0x36256b7bf2dcf3544e1783704f2a94a6601466fdd194cf76957f24ffca908796	0
TRACE	pp_replay_halving_ordinary	1909600	0x3aa015ce2d6143706db1f76c4b515b48cea46829196bda652b02afffffffffff	0x36256b7bf2dcf3544e1783704f2a94a6601466fdd194cf76957f24ffca908796	0
TRACE	pp_replay_halving_ordinary	1914823	0x3aa015ce2d6143706db1f76c4b515b48cea46829196bda652b02afffffffffff	0x9d289e5ea60901c4a4a4ea85711282e39617a2c901774f9453de2928e02b4c5e	0
TRACE	pp_replay_halving_ordinary	1920046	0x3aa015ce2d6143706db1f76c4b515b48cea46829196bda652b02afffffffffff	0x9d289e5ea60901c4a4a4ea85711282e39617a2c901774f9453de2928e02b4c5e	0
TRACE	pp_replay_halving_ordinary	1925269	0x3aa015ce2d6143706db1f76c4b515b48cea46829196bda652b02afffffffffff	0xb6e96b1752d40560ba48444ab98c7e72e39871bbcd6fef9bc375ea332591fd90	0
TRACE	pp_replay_halving_ordinary	1930492	0x3aa015ce2d6143706db1f76c4b515b48cea46829196bda652b02afffffffffff	0xb6e96b1752d40560ba48444ab98c7e72e39871bbcd6fef9bc375ea332591fd90	0
TRACE	pp_replay_halving_ordinary	1935715	0x3aa015ce2d6143706db1f76c4b515b48cea46829196bda652b02afffffffffff	0x798fccd1d4cd3f18fa97298eade1811c2c9fcc434d01d7fe241a0fbceea651cb	0
TRACE	pp_replay_halving_ordinary	1940938	0x3aa015ce2d6143706db1f76c4b515b48cea46829196bda652b02afffffffffff	0x798fccd1d4cd3f18fa97298eade1811c2c9fcc434d01d7fe241a0fbceea651cb	0
TRACE	pp_replay_halving_ordinary	1946161	0x3aa015ce2d6143706db1f76c4b515b48cea46829196bda652b02afffffffffff	0xc1e4dfa49e8511e6d37db7659db7fe3c40e0f7fc69c71e679e3fe7c450e14cb	0
TRACE	pp_replay_halving_ordinary	1951384	0x3aa015ce2d6143706db1f76c4b515b48cea46829196bda652b02afffffffffff	0xc1e4dfa49e8511e6d37db7659db7fe3c40e0f7fc69c71e679e3fe7c450e14cb	0
TRACE	pp_replay_halving_ordinary	1956607	0x3aa015ce2d6143706db1f76c4b515b48cea46829196bda652b02afffffffffff	0xa16b86b307ad640dd9f3c14141ef403ffc2b76f0c4e79279277f838dcced17bd	0
TRACE	pp_replay_halving_ordinary	1961830	0x3aa015ce2d6143706db1f76c4b515b48cea46829196bda652b02afffffffffff	0xa16b86b307ad640dd9f3c14141ef403ffc2b76f0c4e79279277f838dcced17bd	0
TRACE	pp_replay_halving_ordinary	1967053	0x3aa015ce2d6143706db1f76c4b515b48cea46829196bda652b02afffffffffff	0x2b62752b54656d4b11cae72de6f2b008f00e619c22e10117e858e082847ecb22	0
TRACE	pp_replay_halving_ordinary	1972276	0x3aa015ce2d6143706db1f76c4b515b48cea46829196bda652b02afffffffffff	0x2b62752b54656d4b11cae72de6f2b008f00e619c22e10117e858e082847ecb22	0
TRACE	pp_replay_halving_ordinary	1977499	0x3aa015ce2d6143706db1f76c4b515b48cea46829196bda652b02afffffffffff	0x382ef633bd60b8f4d6db3d121cba33f6b4ffeb78e8eedc33a462c77e3023d176	0
TRACE	pp_replay_halving_ordinary	1982722	0x3aa015ce2d6143706db1f76c4b515b48cea46829196bda652b02afffffffffff	0x382ef633bd60b8f4d6db3d121cba33f6b4ffeb78e8eedc33a462c77e3023d176	0
TRACE	pp_replay_halving_ordinary	1987945	0x3aa015ce2d6143706db1f76c4b515b48cea46829196bda652b02afffffffffff	0x3b621675d79f8bdf481f528b2a2c14f2263c4df01a7252fa9365413d1b0d130b	0
TRACE	pp_replay_halving_ordinary	1993168	0x3aa015ce2d6143706db1f76c4b515b48cea46829196bda652b02afffffffffff	0x3b621675d79f8bdf481f528b2a2c14f2263c4df01a7252fa9365413d1b0d130b	0
TRACE	pp_replay_halving_ordinary	1998391	0x3aa015ce2d6143706db1f76c4b515b48cea46829196bda652b02afffffffffff	0x7c2ede865e2f4099e47057e96d888d31028b668de6d330ac4f25dfac95c7627c	0
TRACE	pp_replay_halving_ordinary	2003614	0x3aa015ce2d6143706db1f76c4b515b48cea46829196bda652b02afffffffffff	0x7c2ede865e2f4099e47057e96d888d31028b668de6d330ac4f25dfac95c7627c	0
TRACE	pp_replay_halving_ordinary	2008837	0x3aa015ce2d6143706db1f76c4b515b48cea46829196bda652b02afffffffffff	0xede43d3f0d73b31e4b23ea9d25ed2888ca31ed1f805160e9b8a2c839ac351a85	0
TRACE	pp_replay_halving_ordinary	2014060	0x3aa015ce2d6143706db1f76c4b515b48cea46829196bda652b02afffffffffff	0xede43d3f0d73b31e4b23ea9d25ed2888ca31ed1f805160e9b8a2c839ac351a85	0
TRACE	pp_replay_halving_ordinary	2019283	0x3aa015ce2d6143706db1f76c4b515b48cea46829196bda652b02afffffffffff	0x4a5194ed3944cfbf64d0cf4a14064f5ebc1b8ec3e6b0ecf91302025db1d08b64	0
TRACE	pp_replay_halving_ordinary	2024506	0x3aa015ce2d6143706db1f76c4b515b48cea46829196bda652b02afffffffffff	0x4a5194ed3944cfbf64d0cf4a14064f5ebc1b8ec3e6b0ecf91302025db1d08b64	0
TRACE	pp_replay_halving_ordinary	2029729	0x3aa015ce2d6143706db1f76c4b515b48cea46829196bda652b02afffffffffff	0xe16cead8c43916e7ab3c08754f8c99143895f72d0048cffce999d0e5f33764bf	0
TRACE	pp_replay_halving_ordinary	2034952	0x3aa015ce2d6143706db1f76c4b515b48cea46829196bda652b02afffffffffff	0xe16cead8c43916e7ab3c08754f8c99143895f72d0048cffce999d0e5f33764bf	0
TRACE	pp_replay_halving_ordinary	2040175	0x3aa015ce2d6143706db1f76c4b515b48cea46829196bda652b02afffffffffff	0xc733c053a6f628b1bcd6d6c01e6e2b8197b4914746aec8bddf3fc48843911c0a	0
TRACE	pp_replay_halving_ordinary	2045398	0x3aa015ce2d6143706db1f76c4b515b48cea46829196bda652b02afffffffffff	0xc733c053a6f628b1bcd6d6c01e6e2b8197b4914746aec8bddf3fc48843911c0a	0
TRACE	pp_replay_halving_ordinary	2050621	0x3aa015ce2d6143706db1f76c4b515b48cea46829196bda652b02afffffffffff	0x468e4aa14750bb8d7b994c6d4c479b64a83859796e6681cfc29683172be99139	0
TRACE	pp_replay_halving_ordinary	2055844	0x3aa015ce2d6143706db1f76c4b515b48cea46829196bda652b02afffffffffff	0x468e4aa14750bb8d7b994c6d4c479b64a83859796e6681cfc29683172be99139	0
TRACE	pp_replay_halving_ordinary	2061067	0x3aa015ce2d6143706db1f76c4b515b48cea46829196bda652b02afffffffffff	0xe664ed34af6760446b49e9d897bdf75d6c594b85f85470143b6c32ba25ffaba8	0
TRACE	pp_replay_halving_ordinary	2066290	0x3aa015ce2d6143706db1f76c4b515b48cea46829196bda652b02afffffffffff	0xe664ed34af6760446b49e9d897bdf75d6c594b85f85470143b6c32ba25ffaba8	0
TRACE	pp_replay_halving_ordinary	2071513	0x3aa015ce2d6143706db1f76c4b515b48cea46829196bda652b02afffffffffff	0x8b3ccdf57dae06f479b8cd91790164b08524693fd9aebc78ff80ad74147a4e44	0
TRACE	pp_replay_halving_ordinary	2076736	0x3aa015ce2d6143706db1f76c4b515b48cea46829196bda652b02afffffffffff	0x8b3ccdf57dae06f479b8cd91790164b08524693fd9aebc78ff80ad74147a4e44	0
TRACE	pp_replay_halving_ordinary	2081959	0x3aa015ce2d6143706db1f76c4b515b48cea46829196bda652b02afffffffffff	0x2ed45f2af268ad2640781fb6f4d18dad08c4fc0e652df155b0c5756885dbcfc9	0
TRACE	pp_replay_halving_ordinary	2087182	0x3aa015ce2d6143706db1f76c4b515b48cea46829196bda652b02afffffffffff	0x2ed45f2af268ad2640781fb6f4d18dad08c4fc0e652df155b0c5756885dbcfc9	0
TRACE	pp_replay_halving_ordinary	2092405	0x3aa015ce2d6143706db1f76c4b515b48cea46829196bda652b02afffffffffff	0xc05013e2d663001f91ebe464d95cd115a54aa2bad576c5e204b3ecb09f464569	0
TRACE	pp_replay_halving_ordinary	2097628	0x3aa015ce2d6143706db1f76c4b515b48cea46829196bda652b02afffffffffff	0xc05013e2d663001f91ebe464d95cd115a54aa2bad576c5e204b3ecb09f464569	0
TRACE	pp_replay_halving_ordinary	2102851	0x3aa015ce2d6143706db1f76c4b515b48cea46829196bda652b02afffffffffff	0x486f71f643014ce1d52e35de5d13964f9c6bb0886cd98141755942ad5fdc205	0
TRACE	pp_replay_halving_ordinary	2108074	0x3aa015ce2d6143706db1f76c4b515b48cea46829196bda652b02afffffffffff	0x486f71f643014ce1d52e35de5d13964f9c6bb0886cd98141755942ad5fdc205	0
TRACE	pp_replay_halving_ordinary	2113297	0x3aa015ce2d6143706db1f76c4b515b48cea46829196bda652b02afffffffffff	0xb135c2c08ea4c53b6bcfb1f0afcb829ea7c45770d711177d870260365d50fff3	0
TRACE	pp_replay_halving_ordinary	2118520	0x3aa015ce2d6143706db1f76c4b515b48cea46829196bda652b02afffffffffff	0xb135c2c08ea4c53b6bcfb1f0afcb829ea7c45770d711177d870260365d50fff3	0
TRACE	pp_replay_halving_ordinary	2123743	0x3aa015ce2d6143706db1f76c4b515b48cea46829196bda652b02afffffffffff	0x54d44d17b562d3e4ac60cc5b4d816db1948098e5ebef2025a414ccfc9e2b2e9c	0
TRACE	pp_replay_halving_ordinary	2128966	0x3aa015ce2d6143706db1f76c4b515b48cea46829196bda652b02afffffffffff	0x54d44d17b562d3e4ac60cc5b4d816db1948098e5ebef2025a414ccfc9e2b2e9c	0
TRACE	pp_replay_halving_ordinary	2134189	0x3aa015ce2d6143706db1f76c4b515b48cea46829196bda652b02afffffffffff	0x7dbbefad7f12578efc8512f5f4eee8764fafa9433126a24fab59682dee61b952	0
TRACE	pp_replay_halving_ordinary	2139412	0x3aa015ce2d6143706db1f76c4b515b48cea46829196bda652b02afffffffffff	0x7dbbefad7f12578efc8512f5f4eee8764fafa9433126a24fab59682dee61b952	0
TRACE	pp_replay_halving_ordinary	2144635	0x3aa015ce2d6143706db1f76c4b515b48cea46829196bda652b02afffffffffff	0x75c6175a8d941f156bf6ee595624a14ed1343be8aeb21f757e2ed9332bf25b6a	0
TRACE	pp_replay_halving_ordinary	2149858	0x3aa015ce2d6143706db1f76c4b515b48cea46829196bda652b02afffffffffff	0x75c6175a8d941f156bf6ee595624a14ed1343be8aeb21f757e2ed9332bf25b6a	0
TRACE	pp_replay_halving_ordinary	2155081	0x3aa015ce2d6143706db1f76c4b515b48cea46829196bda652b02afffffffffff	0x1fd7614bc5f8e1e6423892727b291c9df9edb56a09d20b68b4aa3beb09bd77a	0
TRACE	pp_replay_halving_ordinary	2160304	0x3aa015ce2d6143706db1f76c4b515b48cea46829196bda652b02afffffffffff	0x1fd7614bc5f8e1e6423892727b291c9df9edb56a09d20b68b4aa3beb09bd77a	0
TRACE	pp_replay_halving_ordinary	2165527	0x3aa015ce2d6143706db1f76c4b515b48cea46829196bda652b02afffffffffff	0xe50b4dc3481269e0a22eafda9c160de8a33983321d17e106ce91966091c632ad	0
TRACE	pp_replay_halving_ordinary	2170750	0x3aa015ce2d6143706db1f76c4b515b48cea46829196bda652b02afffffffffff	0xe50b4dc3481269e0a22eafda9c160de8a33983321d17e106ce91966091c632ad	0
TRACE	pp_replay_halving_ordinary	2175973	0x3aa015ce2d6143706db1f76c4b515b48cea46829196bda652b02afffffffffff	0x73c8a145d13490f707d365322e720f84f19560920e14febef2e435747b5683f	0
TRACE	pp_replay_halving_ordinary	2181196	0x3aa015ce2d6143706db1f76c4b515b48cea46829196bda652b02afffffffffff	0x73c8a145d13490f707d365322e720f84f19560920e14febef2e435747b5683f	0
TRACE	pp_replay_halving_ordinary	2186419	0x3aa015ce2d6143706db1f76c4b515b48cea46829196bda652b02afffffffffff	0xb773b0ebbabfc8344c6c5e61de4bbb3c15080b4a3f0da446b7d8d4c1d28430b3	0
TRACE	pp_replay_halving_ordinary	2191642	0x3aa015ce2d6143706db1f76c4b515b48cea46829196bda652b02afffffffffff	0xb773b0ebbabfc8344c6c5e61de4bbb3c15080b4a3f0da446b7d8d4c1d28430b3	0
TRACE	pp_replay_halving_ordinary	2196865	0x3aa015ce2d6143706db1f76c4b515b48cea46829196bda652b02afffffffffff	0x7c7a22bb4cb03e35d31f9349dff042efbffb2f56711e73a0e170ebc0bf5cc5f	0
TRACE	pp_replay_halving_ordinary	2202088	0x3aa015ce2d6143706db1f76c4b515b48cea46829196bda652b02afffffffffff	0x7c7a22bb4cb03e35d31f9349dff042efbffb2f56711e73a0e170ebc0bf5cc5f	0
TRACE	pp_replay_halving_ordinary	2207311	0x3aa015ce2d6143706db1f76c4b515b48cea46829196bda652b02afffffffffff	0x57f8cd65d8e850dd72ca634efeec545437bdc3657d8a0459dc9b15dc14574b32	0
TRACE	pp_replay_halving_ordinary	2212534	0x3aa015ce2d6143706db1f76c4b515b48cea46829196bda652b02afffffffffff	0x57f8cd65d8e850dd72ca634efeec545437bdc3657d8a0459dc9b15dc14574b32	0
TRACE	pp_replay_halving_ordinary	2217757	0x3aa015ce2d6143706db1f76c4b515b48cea46829196bda652b02afffffffffff	0x2c05183461efa41bf8307dd59727a85d86ad478183280ba1d03c17a4566fabdb	0
TRACE	pp_replay_halving_ordinary	2222980	0x3aa015ce2d6143706db1f76c4b515b48cea46829196bda652b02afffffffffff	0x2c05183461efa41bf8307dd59727a85d86ad478183280ba1d03c17a4566fabdb	0
TRACE	pp_replay_halving_ordinary	2228203	0x3aa015ce2d6143706db1f76c4b515b48cea46829196bda652b02afffffffffff	0xcafced4c5dbe2b305ea6795e59f12afdac441ef8fe987e2e0317bf8d2f79e4f9	0
TRACE	pp_replay_halving_ordinary	2233426	0x3aa015ce2d6143706db1f76c4b515b48cea46829196bda652b02afffffffffff	0xcafced4c5dbe2b305ea6795e59f12afdac441ef8fe987e2e0317bf8d2f79e4f9	0
TRACE	pp_replay_halving_ordinary	2238649	0x3aa015ce2d6143706db1f76c4b515b48cea46829196bda652b02afffffffffff	0x58420aba010c5e3ae662811dcf4d9f57f69a4a222123e35cf349160549bd6fd0	0
TRACE	pp_replay_halving_ordinary	2243872	0x3aa015ce2d6143706db1f76c4b515b48cea46829196bda652b02afffffffffff	0x58420aba010c5e3ae662811dcf4d9f57f69a4a222123e35cf349160549bd6fd0	0
TRACE	pp_replay_halving_ordinary	2249095	0x3aa015ce2d6143706db1f76c4b515b48cea46829196bda652b02afffffffffff	0x5caeb8a4972c733d5e10fe1022a8e2e96d6a7535b75d26b443f3aa61b96f1c56	0
TRACE	pp_replay_halving_ordinary	2254318	0x3aa015ce2d6143706db1f76c4b515b48cea46829196bda652b02afffffffffff	0x5caeb8a4972c733d5e10fe1022a8e2e96d6a7535b75d26b443f3aa61b96f1c56	0
TRACE	pp_replay_halving_ordinary	2259541	0x3aa015ce2d6143706db1f76c4b515b48cea46829196bda652b02afffffffffff	0xaf7287ccf11e3edf4cf41e44a62b42591469455fc13ce42ff6247a4778a3f764	0
TRACE	pp_replay_halving_ordinary	2264764	0x3aa015ce2d6143706db1f76c4b515b48cea46829196bda652b02afffffffffff	0xaf7287ccf11e3edf4cf41e44a62b42591469455fc13ce42ff6247a4778a3f764	0
TRACE	pp_replay_halving_ordinary	2269987	0x3aa015ce2d6143706db1f76c4b515b48cea46829196bda652b02afffffffffff	0x44237b97079ab1c7c8ace651c70bda34fe28f96a43b4d38ee2b0ae4168713010	0
TRACE	pp_replay_halving_ordinary	2275210	0x3aa015ce2d6143706db1f76c4b515b48cea46829196bda652b02afffffffffff	0x44237b97079ab1c7c8ace651c70bda34fe28f96a43b4d38ee2b0ae4168713010	0
TRACE	pp_replay_halving_ordinary	2280433	0x3aa015ce2d6143706db1f76c4b515b48cea46829196bda652b02afffffffffff	0x294fb8898d39ce81e79b18550f44002bf898e66ce452cf669dd3bb3fe4647e3b	0
TRACE	pp_replay_halving_ordinary	2285656	0x3aa015ce2d6143706db1f76c4b515b48cea46829196bda652b02afffffffffff	0x294fb8898d39ce81e79b18550f44002bf898e66ce452cf669dd3bb3fe4647e3b	0
TRACE	pp_replay_halving_ordinary	2290879	0x3aa015ce2d6143706db1f76c4b515b48cea46829196bda652b02afffffffffff	0x4df2eb816804ae6f7b8918ab59b00993bae86e771a50e6a93db2a0df512f11b4	0
TRACE	pp_replay_halving_ordinary	2296102	0x3aa015ce2d6143706db1f76c4b515b48cea46829196bda652b02afffffffffff	0x4df2eb816804ae6f7b8918ab59b00993bae86e771a50e6a93db2a0df512f11b4	0
TRACE	pp_replay_halving_ordinary	2301325	0x3aa015ce2d6143706db1f76c4b515b48cea46829196bda652b02afffffffffff	0x971bb83f5eb7666ae08498c0ec4b0bedab7c5079a7d06c79e5aa5a46ec61b59e	0
TRACE	pp_replay_halving_ordinary	2306548	0x3aa015ce2d6143706db1f76c4b515b48cea46829196bda652b02afffffffffff	0x971bb83f5eb7666ae08498c0ec4b0bedab7c5079a7d06c79e5aa5a46ec61b59e	0
TRACE	pp_replay_halving_ordinary	2311771	0x3aa015ce2d6143706db1f76c4b515b48cea46829196bda652b02afffffffffff	0x2965eb6edc641469b9c378c650f1cc8427a148fa4b304dee0fa848a1532e6081	0
TRACE	pp_replay_halving_ordinary	2316994	0x3aa015ce2d6143706db1f76c4b515b48cea46829196bda652b02afffffffffff	0x2965eb6edc641469b9c378c650f1cc8427a148fa4b304dee0fa848a1532e6081	0
TRACE	pp_replay_halving_ordinary	2322217	0x3aa015ce2d6143706db1f76c4b515b48cea46829196bda652b02afffffffffff	0x394582834d9d35b49331746481a29667b2d9e29d4e701f5412539fe7034a5a05	0
TRACE	pp_replay_halving_ordinary	2327440	0x3aa015ce2d6143706db1f76c4b515b48cea46829196bda652b02afffffffffff	0x394582834d9d35b49331746481a29667b2d9e29d4e701f5412539fe7034a5a05	0
TRACE	pp_replay_halving_ordinary	2332663	0x3aa015ce2d6143706db1f76c4b515b48cea46829196bda652b02afffffffffff	0xfc081a3ae3b1b7ad49a4811873d3cd871d31d9973f300ba67f552a2d93f8fdce	0
TRACE	pp_replay_halving_ordinary	2337886	0x3aa015ce2d6143706db1f76c4b515b48cea46829196bda652b02afffffffffff	0xfc081a3ae3b1b7ad49a4811873d3cd871d31d9973f300ba67f552a2d93f8fdce	0
TRACE	pp_replay_halving_ordinary	2343109	0x3aa015ce2d6143706db1f76c4b515b48cea46829196bda652b02afffffffffff	0xd53672f8c53bb5877357d5f3d5d98fbb402ef0d23680abea46a328565d0d6e9	0
TRACE	pp_replay_halving_ordinary	2348332	0x3aa015ce2d6143706db1f76c4b515b48cea46829196bda652b02afffffffffff	0xd53672f8c53bb5877357d5f3d5d98fbb402ef0d23680abea46a328565d0d6e9	0
TRACE	pp_replay_halving_ordinary	2353555	0x3aa015ce2d6143706db1f76c4b515b48cea46829196bda652b02afffffffffff	0x256e05a9c015cc170367f9dec4c59a0b44d322918a6059948efd72cfe727622	0
TRACE	pp_replay_halving_ordinary	2358778	0x3aa015ce2d6143706db1f76c4b515b48cea46829196bda652b02afffffffffff	0x256e05a9c015cc170367f9dec4c59a0b44d322918a6059948efd72cfe727622	0
TRACE	pp_replay_halving_ordinary	2364001	0x3aa015ce2d6143706db1f76c4b515b48cea46829196bda652b02afffffffffff	0x3f97bea55fecc51bae76c02d980809c9f45fc2f015f5844ff2114056a49adcfc	0
TRACE	pp_replay_halving_ordinary	2369224	0x3aa015ce2d6143706db1f76c4b515b48cea46829196bda652b02afffffffffff	0x3f97bea55fecc51bae76c02d980809c9f45fc2f015f5844ff2114056a49adcfc	0
TRACE	pp_replay_halving_ordinary	2374447	0x3aa015ce2d6143706db1f76c4b515b48cea46829196bda652b02afffffffffff	0xaf1c16e560f13ca466cb703ab6f2f0ef4a3485a9ca4ea1d5a350fa753bd7864c	0
TRACE	pp_replay_halving_ordinary	2379670	0x3aa015ce2d6143706db1f76c4b515b48cea46829196bda652b02afffffffffff	0xaf1c16e560f13ca466cb703ab6f2f0ef4a3485a9ca4ea1d5a350fa753bd7864c	0
TRACE	pp_replay_halving_ordinary	2384893	0x3aa015ce2d6143706db1f76c4b515b48cea46829196bda652b02afffffffffff	0x736f2182b0b9bc34617ae420a3343240fa8f7383523d984c3df86bc243baed7a	0
TRACE	pp_replay_halving_ordinary	2390116	0x3aa015ce2d6143706db1f76c4b515b48cea46829196bda652b02afffffffffff	0x736f2182b0b9bc34617ae420a3343240fa8f7383523d984c3df86bc243baed7a	0
TRACE	pp_replay_halving_ordinary	2395339	0x3aa015ce2d6143706db1f76c4b515b48cea46829196bda652b02afffffffffff	0x8eeb3d58ac0de01c0154230684efafab93e944899e044262595623ac3e07244c	0
TRACE	pp_replay_halving_ordinary	2400562	0x3aa015ce2d6143706db1f76c4b515b48cea46829196bda652b02afffffffffff	0x8eeb3d58ac0de01c0154230684efafab93e944899e044262595623ac3e07244c	0
TRACE	pp_replay_halving_ordinary	2405785	0x3aa015ce2d6143706db1f76c4b515b48cea46829196bda652b02afffffffffff	0xce54a5a1d4dbf907e8a0613cbae6b730704b168661f3cbb6b3827fd01d969df2	0
TRACE	pp_replay_halving_ordinary	2411008	0x3aa015ce2d6143706db1f76c4b515b48cea46829196bda652b02afffffffffff	0xce54a5a1d4dbf907e8a0613cbae6b730704b168661f3cbb6b3827fd01d969df2	0
TRACE	pp_replay_halving_ordinary	2416231	0x3aa015ce2d6143706db1f76c4b515b48cea46829196bda652b02afffffffffff	0xf704ace334a182beee23402beaf11d796f3dffc261f5c830704c56f086af2b7a	0
TRACE	pp_replay_halving_ordinary	2421454	0x3aa015ce2d6143706db1f76c4b515b48cea46829196bda652b02afffffffffff	0xf704ace334a182beee23402beaf11d796f3dffc261f5c830704c56f086af2b7a	0
TRACE	pp_replay_halving_ordinary	2426677	0x3aa015ce2d6143706db1f76c4b515b48cea46829196bda652b02afffffffffff	0x130aeb38c92e52caf83f7e7b6f3b70baefaba1161f6474edf7eccb9a0f552ad	0
TRACE	pp_replay_halving_ordinary	2431900	0x3aa015ce2d6143706db1f76c4b515b48cea46829196bda652b02afffffffffff	0x130aeb38c92e52caf83f7e7b6f3b70baefaba1161f6474edf7eccb9a0f552ad	0
TRACE	pp_replay_halving_ordinary	2437123	0x3aa015ce2d6143706db1f76c4b515b48cea46829196bda652b02afffffffffff	0x32357cddc45cb31c81a29e2ce7a81ea676c8b9c70fb436f0b8c03ced70c322f	0
TRACE	pp_replay_halving_ordinary	2442346	0x3aa015ce2d6143706db1f76c4b515b48cea46829196bda652b02afffffffffff	0x32357cddc45cb31c81a29e2ce7a81ea676c8b9c70fb436f0b8c03ced70c322f	0
TRACE	pp_replay_halving_ordinary	2447569	0x3aa015ce2d6143706db1f76c4b515b48cea46829196bda652b02afffffffffff	0x83a00214703284b30e3fb661945c34a21588ffff34bc8277168f5193a491e827	0
TRACE	pp_replay_halving_ordinary	2452792	0x3aa015ce2d6143706db1f76c4b515b48cea46829196bda652b02afffffffffff	0x83a00214703284b30e3fb661945c34a21588ffff34bc8277168f5193a491e827	0
TRACE	pp_replay_halving_ordinary	2458015	0x3aa015ce2d6143706db1f76c4b515b48cea46829196bda652b02afffffffffff	0xa3bf2ca6152db3135fc9198145d4a15001101d17e5acd23919502504d7f355a5	0
TRACE	pp_replay_halving_ordinary	2463238	0x3aa015ce2d6143706db1f76c4b515b48cea46829196bda652b02afffffffffff	0xa3bf2ca6152db3135fc9198145d4a15001101d17e5acd23919502504d7f355a5	0
TRACE	pp_replay_halving_ordinary	2468461	0x3aa015ce2d6143706db1f76c4b515b48cea46829196bda652b02afffffffffff	0x59e760f773d5a521c446e5888f486bd37b69d5d21f127d0d0d58475eb8d20632	0
TRACE	pp_replay_halving_ordinary	2473684	0x3aa015ce2d6143706db1f76c4b515b48cea46829196bda652b02afffffffffff	0x59e760f773d5a521c446e5888f486bd37b69d5d21f127d0d0d58475eb8d20632	0
TRACE	pp_replay_halving_ordinary	2478907	0x3aa015ce2d6143706db1f76c4b515b48cea46829196bda652b02afffffffffff	0x5a7dbd901194cf147b42e5c61a01288a9c4b59179de2a93b83ae2c4594a0ae48	0
TRACE	pp_replay_halving_ordinary	2484130	0x3aa015ce2d6143706db1f76c4b515b48cea46829196bda652b02afffffffffff	0x5a7dbd901194cf147b42e5c61a01288a9c4b59179de2a93b83ae2c4594a0ae48	0
TRACE	pp_replay_halving_ordinary	2489353	0x3aa015ce2d6143706db1f76c4b515b48cea46829196bda652b02afffffffffff	0xad1947a1e15a9d0d8fe272d3aa52651785ed4bba6f3d499224419ce8935cab36	0
TRACE	pp_replay_halving_ordinary	2494576	0x3aa015ce2d6143706db1f76c4b515b48cea46829196bda652b02afffffffffff	0xad1947a1e15a9d0d8fe272d3aa52651785ed4bba6f3d499224419ce8935cab36	0
TRACE	pp_replay_halving_ordinary	2499799	0x3aa015ce2d6143706db1f76c4b515b48cea46829196bda652b02afffffffffff	0xc1e5c14c7cbbdb0882c956267114e368888e29348347fcb369fbf24b09ff5477	0
TRACE	pp_replay_halving_ordinary	2505022	0x3aa015ce2d6143706db1f76c4b515b48cea46829196bda652b02afffffffffff	0xc1e5c14c7cbbdb0882c956267114e368888e29348347fcb369fbf24b09ff5477	0
TRACE	pp_replay_halving_ordinary	2510245	0x3aa015ce2d6143706db1f76c4b515b48cea46829196bda652b02afffffffffff	0x9bbfc23b97859e0584aaf23e86d9d220039edd3bbca15191638f63cca756fef7	0
TRACE	pp_replay_halving_ordinary	2515468	0x3aa015ce2d6143706db1f76c4b515b48cea46829196bda652b02afffffffffff	0x9bbfc23b97859e0584aaf23e86d9d220039edd3bbca15191638f63cca756fef7	0
TRACE	pp_replay_halving_ordinary	2520691	0x3aa015ce2d6143706db1f76c4b515b48cea46829196bda652b02afffffffffff	0x923642775e380ec4c52359448c4b0dcde2630a3d8af7a6c8e1f4402d0eace997	0
TRACE	pp_replay_halving_ordinary	2525914	0x3aa015ce2d6143706db1f76c4b515b48cea46829196bda652b02afffffffffff	0x923642775e380ec4c52359448c4b0dcde2630a3d8af7a6c8e1f4402d0eace997	0
TRACE	pp_replay_halving_ordinary	2531137	0x3aa015ce2d6143706db1f76c4b515b48cea46829196bda652b02afffffffffff	0xcb7d812cbd6f6b32927392e0c4c937fb798079de51e63e169160e8fded80f83b	0
TRACE	pp_replay_halving_ordinary	2536360	0x3aa015ce2d6143706db1f76c4b515b48cea46829196bda652b02afffffffffff	0xcb7d812cbd6f6b32927392e0c4c937fb798079de51e63e169160e8fded80f83b	0
TRACE	pp_replay_halving_ordinary	2541583	0x3aa015ce2d6143706db1f76c4b515b48cea46829196bda652b02afffffffffff	0xd76cf0e906e9de7dd5e5bb095445117256f8e106f7377937dcd54a4a3f0b768c	0
TRACE	pp_replay_halving_ordinary	2546806	0x3aa015ce2d6143706db1f76c4b515b48cea46829196bda652b02afffffffffff	0xd76cf0e906e9de7dd5e5bb095445117256f8e106f7377937dcd54a4a3f0b768c	0
TRACE	pp_replay_halving_ordinary	2552029	0x3aa015ce2d6143706db1f76c4b515b48cea46829196bda652b02afffffffffff	0xbd042410eda1632d2f2375f5dc2109a248a1e635d6abb137ad22e7ac2b9d5d8f	0
TRACE	pp_replay_halving_ordinary	2557252	0x3aa015ce2d6143706db1f76c4b515b48cea46829196bda652b02afffffffffff	0xbd042410eda1632d2f2375f5dc2109a248a1e635d6abb137ad22e7ac2b9d5d8f	0
TRACE	pp_replay_halving_ordinary	2562475	0x3aa015ce2d6143706db1f76c4b515b48cea46829196bda652b02afffffffffff	0x97e7ded2707e92c26de129b6100782dd20bb3466a332e69bcaa4db2e50f32794	0
TRACE	pp_replay_halving_ordinary	2567698	0x3aa015ce2d6143706db1f76c4b515b48cea46829196bda652b02afffffffffff	0x97e7ded2707e92c26de129b6100782dd20bb3466a332e69bcaa4db2e50f32794	0
TRACE	pp_replay_halving_ordinary	2572921	0x3aa015ce2d6143706db1f76c4b515b48cea46829196bda652b02afffffffffff	0xc947114f9f48b41ab050930ff30661b149f9ac73ccde32a6f89f831eb6aa8aa2	0
TRACE	pp_replay_halving_ordinary	2578144	0x3aa015ce2d6143706db1f76c4b515b48cea46829196bda652b02afffffffffff	0xc947114f9f48b41ab050930ff30661b149f9ac73ccde32a6f89f831eb6aa8aa2	0
TRACE	pp_replay_halving_ordinary	2583367	0x3aa015ce2d6143706db1f76c4b515b48cea46829196bda652b02afffffffffff	0xf0fb55471b56e26368c423de7242e88daf4c743d30d9ec5647ce6b8af4c31c2c	0
TRACE	pp_replay_halving_ordinary	2588590	0x3aa015ce2d6143706db1f76c4b515b48cea46829196bda652b02afffffffffff	0xf0fb55471b56e26368c423de7242e88daf4c743d30d9ec5647ce6b8af4c31c2c	0
TRACE	pp_replay_halving_ordinary	2593813	0x3aa015ce2d6143706db1f76c4b515b48cea46829196bda652b02afffffffffff	0x26abba16caefcc3e27ef622d8f095fdf0faec10f16be496f7b2efe109e7b461	0
TRACE	pp_replay_halving_ordinary	2599036	0x3aa015ce2d6143706db1f76c4b515b48cea46829196bda652b02afffffffffff	0x26abba16caefcc3e27ef622d8f095fdf0faec10f16be496f7b2efe109e7b461	0
TRACE	pp_replay_halving_ordinary	2604259	0x3aa015ce2d6143706db1f76c4b515b48cea46829196bda652b02afffffffffff	0x7cd9843a220177c9d2d0c68052ccdfa2e811d8138891743b4fe056dabfaab32f	0
TRACE	pp_replay_halving_ordinary	2609482	0x3aa015ce2d6143706db1f76c4b515b48cea46829196bda652b02afffffffffff	0x7cd9843a220177c9d2d0c68052ccdfa2e811d8138891743b4fe056dabfaab32f	0
TRACE	pp_replay_halving_ordinary	2614705	0x3aa015ce2d6143706db1f76c4b515b48cea46829196bda652b02afffffffffff	0x1fd10ff6e3ac1d236d53ef28caef5d68364331091e7f563491e4d1aef26499e4	0
TRACE	pp_replay_halving_ordinary	2619928	0x3aa015ce2d6143706db1f76c4b515b48cea46829196bda652b02afffffffffff	0x1fd10ff6e3ac1d236d53ef28caef5d68364331091e7f563491e4d1aef26499e4	0
TRACE	pp_replay_halving_ordinary	2625151	0x3aa015ce2d6143706db1f76c4b515b48cea46829196bda652b02afffffffffff	0x38a66aeaa240b7e81d4ac1be83804e256eadeec1f4bb23989973878c45e0c5ab	0
TRACE	pp_replay_halving_ordinary	2630374	0x3aa015ce2d6143706db1f76c4b515b48cea46829196bda652b02afffffffffff	0x38a66aeaa240b7e81d4ac1be83804e256eadeec1f4bb23989973878c45e0c5ab	0
TRACE	pp_replay_halving_ordinary	2635597	0x3aa015ce2d6143706db1f76c4b515b48cea46829196bda652b02afffffffffff	0x62888c3240c582a53aa31584afe463420571a6cf2fec85254e9d713d37cf6cd3	0
TRACE	pp_replay_halving_ordinary	2640820	0x3aa015ce2d6143706db1f76c4b515b48cea46829196bda652b02afffffffffff	0x62888c3240c582a53aa31584afe463420571a6cf2fec85254e9d713d37cf6cd3	0
TRACE	pp_replay_halving_ordinary	2646043	0x3aa015ce2d6143706db1f76c4b515b48cea46829196bda652b02afffffffffff	0xa6cbbdc738c18ea355fb75d0ccd92c59dd07e5644929ea2f7a043e31df6c0ab7	0
TRACE	pp_replay_halving_ordinary	2651266	0x3aa015ce2d6143706db1f76c4b515b48cea46829196bda652b02afffffffffff	0xa6cbbdc738c18ea355fb75d0ccd92c59dd07e5644929ea2f7a043e31df6c0ab7	0
TRACE	pp_replay_halving_ordinary	2656489	0x3aa015ce2d6143706db1f76c4b515b48cea46829196bda652b02afffffffffff	0xeeef339ac200fd007929e7ecf8c2cdba0a1a705ab9b0a6bd75264cc1d618d4b6	0
TRACE	pp_replay_halving_ordinary	2661712	0x3aa015ce2d6143706db1f76c4b515b48cea46829196bda652b02afffffffffff	0xeeef339ac200fd007929e7ecf8c2cdba0a1a705ab9b0a6bd75264cc1d618d4b6	0
TRACE	pp_replay_halving_ordinary	2666935	0x3aa015ce2d6143706db1f76c4b515b48cea46829196bda652b02afffffffffff	0xa56ebc587eb0a2e8f3c9576f7166fe84f9c8956fc0b6a43b3bcaa2bcad6136e7	0
TRACE	pp_replay_halving_ordinary	2672158	0x3aa015ce2d6143706db1f76c4b515b48cea46829196bda652b02afffffffffff	0xa56ebc587eb0a2e8f3c9576f7166fe84f9c8956fc0b6a43b3bcaa2bcad6136e7	0
TRACE	pp_replay_halving_ordinary	2677381	0x3aa015ce2d6143706db1f76c4b515b48cea46829196bda652b02afffffffffff	0xd2601dd090d41685e158241f61d6f3cd441476babe3e80a08e56ea808a2de497	0
TRACE	pp_replay_halving_ordinary	2682604	0x3aa015ce2d6143706db1f76c4b515b48cea46829196bda652b02afffffffffff	0xd2601dd090d41685e158241f61d6f3cd441476babe3e80a08e56ea808a2de497	0
TRACE	pp_replay_halving_ordinary	2687827	0x3aa015ce2d6143706db1f76c4b515b48cea46829196bda652b02afffffffffff	0xf4c3a7a1fb772318c49c4cd403e402aded6d07ad409e08e6ab5cee0e08ccd0c3	0
TRACE	pp_replay_halving_ordinary	2693050	0x3aa015ce2d6143706db1f76c4b515b48cea46829196bda652b02afffffffffff	0xf4c3a7a1fb772318c49c4cd403e402aded6d07ad409e08e6ab5cee0e08ccd0c3	0
TRACE	pp_replay_halving_ordinary	2698273	0x3aa015ce2d6143706db1f76c4b515b48cea46829196bda652b02afffffffffff	0xfd5c8a16561fe63d7d6d57012c67466617c32be9e135eaf8329e6ef168748bce	0
TRACE	pp_replay_halving_ordinary	2703496	0x3aa015ce2d6143706db1f76c4b515b48cea46829196bda652b02afffffffffff	0xfd5c8a16561fe63d7d6d57012c67466617c32be9e135eaf8329e6ef168748bce	0
TRACE	pp_replay_halving_ordinary	2708719	0x3aa015ce2d6143706db1f76c4b515b48cea46829196bda652b02afffffffffff	0xbf82c2b36cca1706aba1998c768817542258b4f9095be37c946ecf2a805e7b85	0
TRACE	pp_replay_halving_ordinary	2713942	0x3aa015ce2d6143706db1f76c4b515b48cea46829196bda652b02afffffffffff	0xbf82c2b36cca1706aba1998c768817542258b4f9095be37c946ecf2a805e7b85	0
TRACE	pp_replay_halving_ordinary	2719165	0x3aa015ce2d6143706db1f76c4b515b48cea46829196bda652b02afffffffffff	0x700c50dab274a338f72eaa2f49104b8fa4fe173cd365619dace2e7390658f867	0
TRACE	pp_replay_halving_ordinary	2724388	0x3aa015ce2d6143706db1f76c4b515b48cea46829196bda652b02afffffffffff	0x700c50dab274a338f72eaa2f49104b8fa4fe173cd365619dace2e7390658f867	0
TRACE	pp_replay_halving_ordinary	2729611	0x3aa015ce2d6143706db1f76c4b515b48cea46829196bda652b02afffffffffff	0x4be3c4e387cfae8fe8b410eeefe618b8f1d5b30d7730514690546d98e1addcfb	0
TRACE	pp_replay_halving_ordinary	2734834	0x3aa015ce2d6143706db1f76c4b515b48cea46829196bda652b02afffffffffff	0x4be3c4e387cfae8fe8b410eeefe618b8f1d5b30d7730514690546d98e1addcfb	0
TRACE	pp_replay_halving_ordinary	2740057	0x3aa015ce2d6143706db1f76c4b515b48cea46829196bda652b02afffffffffff	0x90a22fdcaa93d2a439ea650164a8cb5acca190bd70d4415c7239e68092ac6db	0
TRACE	pp_replay_halving_ordinary	2745280	0x3aa015ce2d6143706db1f76c4b515b48cea46829196bda652b02afffffffffff	0x90a22fdcaa93d2a439ea650164a8cb5acca190bd70d4415c7239e68092ac6db	0
TRACE	pp_replay_halving_ordinary	2750503	0x3aa015ce2d6143706db1f76c4b515b48cea46829196bda652b02afffffffffff	0x953b79f8549e3aee8b14adcfc18c295ba7a7f306538f655715de02ffbab6270d	0
TRACE	pp_replay_halving_ordinary	2755726	0x3aa015ce2d6143706db1f76c4b515b48cea46829196bda652b02afffffffffff	0x953b79f8549e3aee8b14adcfc18c295ba7a7f306538f655715de02ffbab6270d	0
TRACE	pp_replay_halving_ordinary	2760949	0x3aa015ce2d6143706db1f76c4b515b48cea46829196bda652b02afffffffffff	0x6daa12bacccc5ce85767d8c7cb967bd7528b7001c8e83afbde9d9aa5c9bdeb93	0
TRACE	pp_replay_halving_ordinary	2766172	0x3aa015ce2d6143706db1f76c4b515b48cea46829196bda652b02afffffffffff	0x6daa12bacccc5ce85767d8c7cb967bd7528b7001c8e83afbde9d9aa5c9bdeb93	0
TRACE	pp_replay_halving_ordinary	2771395	0x3aa015ce2d6143706db1f76c4b515b48cea46829196bda652b02afffffffffff	0x2cf0af8e0471b6f29ec8b721e84dd28a93fe973fc1ca52e7217eb33c68a0e6eb	0
TRACE	pp_replay_halving_ordinary	2776618	0x3aa015ce2d6143706db1f76c4b515b48cea46829196bda652b02afffffffffff	0x2cf0af8e0471b6f29ec8b721e84dd28a93fe973fc1ca52e7217eb33c68a0e6eb	0
TRACE	pp_replay_halving_ordinary	2781841	0x3aa015ce2d6143706db1f76c4b515b48cea46829196bda652b02afffffffffff	0xa6a6b092344f84f6bd8c23fa6cf9139879a281d062aca378c00713780c97b2b7	0
TRACE	pp_replay_halving_ordinary	2787064	0x3aa015ce2d6143706db1f76c4b515b48cea46829196bda652b02afffffffffff	0xa6a6b092344f84f6bd8c23fa6cf9139879a281d062aca378c00713780c97b2b7	0
TRACE	pp_replay_halving_ordinary	2792287	0x3aa015ce2d6143706db1f76c4b515b48cea46829196bda652b02afffffffffff	0xf1c0d88a261f35fc6676ed3357a75a0fb63a3b8c598ee5e0c7a5a1ca6f498a66	0
TRACE	pp_replay_halving_ordinary	2797510	0x3aa015ce2d6143706db1f76c4b515b48cea46829196bda652b02afffffffffff	0xf1c0d88a261f35fc6676ed3357a75a0fb63a3b8c598ee5e0c7a5a1ca6f498a66	0
TRACE	pp_replay_halving_ordinary	2802733	0x3aa015ce2d6143706db1f76c4b515b48cea46829196bda652b02afffffffffff	0xa619e247169baebcc900c44b71281b6a0bf72f572f0ee25661eb2d505ef84e53	0
TRACE	pp_replay_halving_ordinary	2807956	0x3aa015ce2d6143706db1f76c4b515b48cea46829196bda652b02afffffffffff	0xa619e247169baebcc900c44b71281b6a0bf72f572f0ee25661eb2d505ef84e53	0
TRACE	pp_replay_halving_ordinary	2813179	0x3aa015ce2d6143706db1f76c4b515b48cea46829196bda652b02afffffffffff	0xa5f6aeb44f2eb92e4bddec5fb233dd5e708c5ab8e227720dca6433c67390753a	0
TRACE	pp_replay_halving_ordinary	2818402	0x3aa015ce2d6143706db1f76c4b515b48cea46829196bda652b02afffffffffff	0xa5f6aeb44f2eb92e4bddec5fb233dd5e708c5ab8e227720dca6433c67390753a	0
TRACE	pp_replay_halving_ordinary	2823625	0x3aa015ce2d6143706db1f76c4b515b48cea46829196bda652b02afffffffffff	0x65ede1cf9d537bcaac953664c276cddb89b1a5914eed95fba482756438b67fe8	0
TRACE	pp_replay_halving_ordinary	2828848	0x3aa015ce2d6143706db1f76c4b515b48cea46829196bda652b02afffffffffff	0x65ede1cf9d537bcaac953664c276cddb89b1a5914eed95fba482756438b67fe8	0
TRACE	pp_replay_halving_ordinary	2834071	0x3aa015ce2d6143706db1f76c4b515b48cea46829196bda652b02afffffffffff	0x900233392c76cf58e7d22d7ebbef43e0b9b6ad49e4ce770489786f980eb67b6c	0
TRACE	pp_replay_halving_ordinary	2839294	0x3aa015ce2d6143706db1f76c4b515b48cea46829196bda652b02afffffffffff	0x900233392c76cf58e7d22d7ebbef43e0b9b6ad49e4ce770489786f980eb67b6c	0
TRACE	pp_replay_halving_ordinary	2844517	0x3aa015ce2d6143706db1f76c4b515b48cea46829196bda652b02afffffffffff	0x3d7c0542327292c8e519d8f8df99846f10da14b6ccef03400b7eb93f11db3ed5	0
TRACE	pp_replay_halving_ordinary	2849740	0x3aa015ce2d6143706db1f76c4b515b48cea46829196bda652b02afffffffffff	0x3d7c0542327292c8e519d8f8df99846f10da14b6ccef03400b7eb93f11db3ed5	0
TRACE	pp_replay_halving_ordinary	2854963	0x3aa015ce2d6143706db1f76c4b515b48cea46829196bda652b02afffffffffff	0xd4a18b7dbe810f2400ae152177156fdc6a372624c5f7dcf11f7e6d957f36cc49	0
TRACE	pp_replay_halving_ordinary	2860186	0x3aa015ce2d6143706db1f76c4b515b48cea46829196bda652b02afffffffffff	0xd4a18b7dbe810f2400ae152177156fdc6a372624c5f7dcf11f7e6d957f36cc49	0
TRACE	pp_replay_halving_ordinary	2865409	0x3aa015ce2d6143706db1f76c4b515b48cea46829196bda652b02afffffffffff	0x101a274dc24426a8c73c199ae169b2c98b72d76de13e24e4d4bf23e0daf24b6a	0
TRACE	pp_replay_halving_ordinary	2870632	0x3aa015ce2d6143706db1f76c4b515b48cea46829196bda652b02afffffffffff	0x101a274dc24426a8c73c199ae169b2c98b72d76de13e24e4d4bf23e0daf24b6a	0
TRACE	pp_replay_halving_ordinary	2875855	0x3aa015ce2d6143706db1f76c4b515b48cea46829196bda652b02afffffffffff	0xf92eecb2e0314d7331fa8baf161fc8a97d6a7f64a9cd80757d0f645cd68a4310	0
TRACE	pp_replay_halving_ordinary	2881078	0x3aa015ce2d6143706db1f76c4b515b48cea46829196bda652b02afffffffffff	0xf92eecb2e0314d7331fa8baf161fc8a97d6a7f64a9cd80757d0f645cd68a4310	0
TRACE	pp_replay_halving_ordinary	2886301	0x3aa015ce2d6143706db1f76c4b515b48cea46829196bda652b02afffffffffff	0x36dca7b2b793f06c33ace25c983d69ccbb3329b0070a971ee89bc24dea2b215a	0
TRACE	pp_replay_halving_ordinary	2891524	0x3aa015ce2d6143706db1f76c4b515b48cea46829196bda652b02afffffffffff	0x36dca7b2b793f06c33ace25c983d69ccbb3329b0070a971ee89bc24dea2b215a	0
TRACE	pp_replay_halving_ordinary	2896747	0x3aa015ce2d6143706db1f76c4b515b48cea46829196bda652b02afffffffffff	0x6ad9c29951a2a0f45a4306d9aca61d2f2d0bbf6adad49139cf30f8a2b9fdc657	0
TRACE	pp_replay_halving_ordinary	2901970	0x3aa015ce2d6143706db1f76c4b515b48cea46829196bda652b02afffffffffff	0x6ad9c29951a2a0f45a4306d9aca61d2f2d0bbf6adad49139cf30f8a2b9fdc657	0
TRACE	pp_replay_halving_ordinary	2907193	0x3aa015ce2d6143706db1f76c4b515b48cea46829196bda652b02afffffffffff	0xb300b946597c53ddf65a76e0bae5d3276389da914b0d8179465ab26a0c0b53e4	0
TRACE	pp_replay_halving_ordinary	2912416	0x3aa015ce2d6143706db1f76c4b515b48cea46829196bda652b02afffffffffff	0xb300b946597c53ddf65a76e0bae5d3276389da914b0d8179465ab26a0c0b53e4	0
TRACE	pp_replay_halving_ordinary	2917639	0x3aa015ce2d6143706db1f76c4b515b48cea46829196bda652b02afffffffffff	0xab8a1a4e6eb496a9623317722102d711bf6474124194fccc80f7c7a69a890c61	0
TRACE	pp_replay_halving_ordinary	2922862	0x3aa015ce2d6143706db1f76c4b515b48cea46829196bda652b02afffffffffff	0xab8a1a4e6eb496a9623317722102d711bf6474124194fccc80f7c7a69a890c61	0
TRACE	pp_replay_halving_ordinary	2928085	0x3aa015ce2d6143706db1f76c4b515b48cea46829196bda652b02afffffffffff	0xe9ac72907402a75c3d293f967a8a180c565b1a727f36dba14f9f0cf57e28798c	0
TRACE	pp_replay_halving_ordinary	2933308	0x3aa015ce2d6143706db1f76c4b515b48cea46829196bda652b02afffffffffff	0xe9ac72907402a75c3d293f967a8a180c565b1a727f36dba14f9f0cf57e28798c	0
TRACE	pp_replay_halving_ordinary	2938531	0x3aa015ce2d6143706db1f76c4b515b48cea46829196bda652b02afffffffffff	0xa54da337b8adcf8167d715c226e33bc7856fe3a13032f61b7425b526c62c6087	0
TRACE	pp_replay_halving_ordinary	2943754	0x3aa015ce2d6143706db1f76c4b515b48cea46829196bda652b02afffffffffff	0xa54da337b8adcf8167d715c226e33bc7856fe3a13032f61b7425b526c62c6087	0
TRACE	pp_replay_halving_ordinary	2948977	0x3aa015ce2d6143706db1f76c4b515b48cea46829196bda652b02afffffffffff	0x5117b3d62ed535f6b5548a7514e9b711343acdb453c0f96176de55f36dff054d	0
TRACE	pp_replay_halving_ordinary	2954200	0x3aa015ce2d6143706db1f76c4b515b48cea46829196bda652b02afffffffffff	0x5117b3d62ed535f6b5548a7514e9b711343acdb453c0f96176de55f36dff054d	0
TRACE	pp_replay_halving_ordinary	2959423	0x3aa015ce2d6143706db1f76c4b515b48cea46829196bda652b02afffffffffff	0xbc0a37fdcc5f0f9408b3e7a1d06b55e39fed88391ca47a32f78c7e2617f3ac96	0
TRACE	pp_replay_halving_ordinary	2964646	0x3aa015ce2d6143706db1f76c4b515b48cea46829196bda652b02afffffffffff	0xbc0a37fdcc5f0f9408b3e7a1d06b55e39fed88391ca47a32f78c7e2617f3ac96	0
TRACE	pp_replay_halving_ordinary	2969869	0x3aa015ce2d6143706db1f76c4b515b48cea46829196bda652b02afffffffffff	0x3487af4fecd1162af821c85b955433d350a157b5c195ce51b9ab506a17cad6d	0
TRACE	pp_replay_halving_ordinary	2975092	0x3aa015ce2d6143706db1f76c4b515b48cea46829196bda652b02afffffffffff	0x3487af4fecd1162af821c85b955433d350a157b5c195ce51b9ab506a17cad6d	0
TRACE	pp_replay_halving_ordinary	2980315	0x3aa015ce2d6143706db1f76c4b515b48cea46829196bda652b02afffffffffff	0x6e306f4233647f8c564c72c705c584a99ab8dcaf7022c75376fc72479d9dbed6	0
TRACE	pp_replay_halving_ordinary	2985538	0x3aa015ce2d6143706db1f76c4b515b48cea46829196bda652b02afffffffffff	0x6e306f4233647f8c564c72c705c584a99ab8dcaf7022c75376fc72479d9dbed6	0
TRACE	pp_replay_halving_ordinary	2990761	0x3aa015ce2d6143706db1f76c4b515b48cea46829196bda652b02afffffffffff	0x91d234b466d81b5094d8cef3d5fed2afe6c82024bd13be455256a873cdd722d1	0
TRACE	pp_replay_halving_ordinary	2995984	0x3aa015ce2d6143706db1f76c4b515b48cea46829196bda652b02afffffffffff	0x91d234b466d81b5094d8cef3d5fed2afe6c82024bd13be455256a873cdd722d1	0
TRACE	pp_replay_halving_ordinary	3001207	0x3aa015ce2d6143706db1f76c4b515b48cea46829196bda652b02afffffffffff	0x5abaa610f3b50241a47be5ff0a0d263179cbf102104ffc01c92d35ff19e57cc4	0
TRACE	pp_replay_halving_ordinary	3006430	0x3aa015ce2d6143706db1f76c4b515b48cea46829196bda652b02afffffffffff	0x5abaa610f3b50241a47be5ff0a0d263179cbf102104ffc01c92d35ff19e57cc4	0
TRACE	pp_replay_halving_ordinary	3011653	0x3aa015ce2d6143706db1f76c4b515b48cea46829196bda652b02afffffffffff	0xdf976f5f9d11badd1626b8c2520a27f921a6ecb85cf70d70024c3e619ff65202	0
TRACE	pp_replay_halving_ordinary	3016876	0x3aa015ce2d6143706db1f76c4b515b48cea46829196bda652b02afffffffffff	0xdf976f5f9d11badd1626b8c2520a27f921a6ecb85cf70d70024c3e619ff65202	0
TRACE	pp_replay_halving_ordinary	3022099	0x3aa015ce2d6143706db1f76c4b515b48cea46829196bda652b02afffffffffff	0x80cea1b34768e903f2916d732409686b0b9daba5f020d1cb9094007ac17a893a	0
TRACE	pp_replay_halving_ordinary	3027322	0x3aa015ce2d6143706db1f76c4b515b48cea46829196bda652b02afffffffffff	0x80cea1b34768e903f2916d732409686b0b9daba5f020d1cb9094007ac17a893a	0
TRACE	pp_replay_halving_ordinary	3032545	0x3aa015ce2d6143706db1f76c4b515b48cea46829196bda652b02afffffffffff	0x58198444b91ea8f8422e098d5d84e4190b5126179345f7cee4b80fb7185c36cf	0
TRACE	pp_replay_halving_ordinary	3037768	0x3aa015ce2d6143706db1f76c4b515b48cea46829196bda652b02afffffffffff	0x58198444b91ea8f8422e098d5d84e4190b5126179345f7cee4b80fb7185c36cf	0
TRACE	pp_replay_halving_ordinary	3042991	0x3aa015ce2d6143706db1f76c4b515b48cea46829196bda652b02afffffffffff	0xca2d475ba3929002ec18d8f971a12114801321639736b67f2af6fc302a4791be	0
TRACE	pp_replay_halving_ordinary	3048214	0x3aa015ce2d6143706db1f76c4b515b48cea46829196bda652b02afffffffffff	0xca2d475ba3929002ec18d8f971a12114801321639736b67f2af6fc302a4791be	0
TRACE	pp_replay_halving_ordinary	3053437	0x3aa015ce2d6143706db1f76c4b515b48cea46829196bda652b02afffffffffff	0xa6b238215e2f89c596938cd476a830535d43a0369832e62b3c86b74eaec2696e	0
TRACE	pp_replay_halving_ordinary	3058660	0x3aa015ce2d6143706db1f76c4b515b48cea46829196bda652b02afffffffffff	0xa6b238215e2f89c596938cd476a830535d43a0369832e62b3c86b74eaec2696e	0
TRACE	pp_replay_halving_ordinary	3063883	0x3aa015ce2d6143706db1f76c4b515b48cea46829196bda652b02afffffffffff	0x4a7a58421dbf035375e87360fc95dbf965edefd00c587f00a2a74a6ef87feaa3	0
TRACE	pp_replay_halving_ordinary	3069106	0x3aa015ce2d6143706db1f76c4b515b48cea46829196bda652b02afffffffffff	0x4a7a58421dbf035375e87360fc95dbf965edefd00c587f00a2a74a6ef87feaa3	0
TRACE	pp_replay_halving_ordinary	3074329	0x3aa015ce2d6143706db1f76c4b515b48cea46829196bda652b02afffffffffff	0xd70df7f7d01c219c882ac65cde8495167dd56c19a2f699caa677db372d909cd6	0
TRACE	pp_replay_halving_ordinary	3079552	0x3aa015ce2d6143706db1f76c4b515b48cea46829196bda652b02afffffffffff	0xd70df7f7d01c219c882ac65cde8495167dd56c19a2f699caa677db372d909cd6	0
TRACE	pp_replay_halving_ordinary	3084775	0x3aa015ce2d6143706db1f76c4b515b48cea46829196bda652b02afffffffffff	0x1cdb18129368b86dbb6f6b41078451b8ba0620ed9a58794d7f0bdbcdb2bbd27f	0
TRACE	pp_replay_halving_ordinary	3089998	0x3aa015ce2d6143706db1f76c4b515b48cea46829196bda652b02afffffffffff	0x1cdb18129368b86dbb6f6b41078451b8ba0620ed9a58794d7f0bdbcdb2bbd27f	0
TRACE	pp_replay_halving_ordinary	3095221	0x3aa015ce2d6143706db1f76c4b515b48cea46829196bda652b02afffffffffff	0xee8cb7f94f2cda4bb32ed6c6f5c010d770f3d2cb0227881f49daffd99eb52fb9	0
TRACE	pp_replay_halving_ordinary	3100444	0x3aa015ce2d6143706db1f76c4b515b48cea46829196bda652b02afffffffffff	0xee8cb7f94f2cda4bb32ed6c6f5c010d770f3d2cb0227881f49daffd99eb52fb9	0
TRACE	pp_replay_halving_ordinary	3105667	0x3aa015ce2d6143706db1f76c4b515b48cea46829196bda652b02afffffffffff	0xa2f91ff2fe1de2c3311eb1a8714f009f1eaf3f425c1b4bd3bc8ec8dd19b388f0	0
TRACE	pp_replay_halving_ordinary	3110890	0x3aa015ce2d6143706db1f76c4b515b48cea46829196bda652b02afffffffffff	0xa2f91ff2fe1de2c3311eb1a8714f009f1eaf3f425c1b4bd3bc8ec8dd19b388f0	0
TRACE	pp_replay_halving_ordinary	3116113	0x3aa015ce2d6143706db1f76c4b515b48cea46829196bda652b02afffffffffff	0xfe97a9f7eacb337f780b4f8c978b3c417ac67abf048a96d6faf456aeab9957e9	0
TRACE	pp_replay_halving_ordinary	3121336	0x3aa015ce2d6143706db1f76c4b515b48cea46829196bda652b02afffffffffff	0xfe97a9f7eacb337f780b4f8c978b3c417ac67abf048a96d6faf456aeab9957e9	0
TRACE	pp_replay_halving_ordinary	3126559	0x3aa015ce2d6143706db1f76c4b515b48cea46829196bda652b02afffffffffff	0xa9185d7ec4d4abd0ee44d886f670f11768fa3120d5e42d3f30669c8adb868965	0
TRACE	pp_replay_halving_ordinary	3131782	0x3aa015ce2d6143706db1f76c4b515b48cea46829196bda652b02afffffffffff	0xa9185d7ec4d4abd0ee44d886f670f11768fa3120d5e42d3f30669c8adb868965	0
TRACE	pp_replay_halving_ordinary	3137005	0x3aa015ce2d6143706db1f76c4b515b48cea46829196bda652b02afffffffffff	0x155fd31e497da1eba2719dc1684692ca847312678ba99a65f2a36e88f404b3a1	0
TRACE	pp_replay_halving_ordinary	3142228	0x3aa015ce2d6143706db1f76c4b515b48cea46829196bda652b02afffffffffff	0x155fd31e497da1eba2719dc1684692ca847312678ba99a65f2a36e88f404b3a1	0
TRACE	pp_replay_halving_ordinary	3147451	0x3aa015ce2d6143706db1f76c4b515b48cea46829196bda652b02afffffffffff	0xf071b0862aa7df724f7ccf1004bbfb374b514ab9391af5afa332a3077a243a5f	0
TRACE	pp_replay_halving_ordinary	3152674	0x3aa015ce2d6143706db1f76c4b515b48cea46829196bda652b02afffffffffff	0xf071b0862aa7df724f7ccf1004bbfb374b514ab9391af5afa332a3077a243a5f	0
TRACE	pp_replay_halving_ordinary	3157897	0x3aa015ce2d6143706db1f76c4b515b48cea46829196bda652b02afffffffffff	0xaefd4f9d0d9e7f1ad30133dba97b57b6d760337107e9d1aa3dbd1ea35e99fedf	0
TRACE	pp_replay_halving_ordinary	3163120	0x3aa015ce2d6143706db1f76c4b515b48cea46829196bda652b02afffffffffff	0xaefd4f9d0d9e7f1ad30133dba97b57b6d760337107e9d1aa3dbd1ea35e99fedf	0
TRACE	pp_replay_halving_ordinary	3168343	0x3aa015ce2d6143706db1f76c4b515b48cea46829196bda652b02afffffffffff	0xc7218f943f8ce7778a61b320bded82fb4eb3d3e677a89fd3c5812e38286a6ea7	0
TRACE	pp_replay_halving_ordinary	3173566	0x3aa015ce2d6143706db1f76c4b515b48cea46829196bda652b02afffffffffff	0xc7218f943f8ce7778a61b320bded82fb4eb3d3e677a89fd3c5812e38286a6ea7	0
TRACE	pp_replay_halving_ordinary	3178789	0x3aa015ce2d6143706db1f76c4b515b48cea46829196bda652b02afffffffffff	0xf9f6f002338465e8d227e02ebae3752ee22b17e2a4104c759e0efc19cd8be03d	0
TRACE	pp_replay_halving_ordinary	3184012	0x3aa015ce2d6143706db1f76c4b515b48cea46829196bda652b02afffffffffff	0xf9f6f002338465e8d227e02ebae3752ee22b17e2a4104c759e0efc19cd8be03d	0
TRACE	pp_replay_halving_ordinary	3189235	0x3aa015ce2d6143706db1f76c4b515b48cea46829196bda652b02afffffffffff	0x70461fe59cc45358172264d3de343e0a8c37baf246ee3b1258e40a947d7d93b9	0
TRACE	pp_replay_halving_ordinary	3194458	0x3aa015ce2d6143706db1f76c4b515b48cea46829196bda652b02afffffffffff	0x70461fe59cc45358172264d3de343e0a8c37baf246ee3b1258e40a947d7d93b9	0
TRACE	pp_replay_halving_ordinary	3199681	0x3aa015ce2d6143706db1f76c4b515b48cea46829196bda652b02afffffffffff	0xda8f43f9f4122e503a529140a645ecce5b98b4b53abfa1e1fdbcc1ab12c25b15	0
TRACE	pp_replay_halving_ordinary	3204904	0x3aa015ce2d6143706db1f76c4b515b48cea46829196bda652b02afffffffffff	0xda8f43f9f4122e503a529140a645ecce5b98b4b53abfa1e1fdbcc1ab12c25b15	0
TRACE	pp_replay_halving_ordinary	3210127	0x3aa015ce2d6143706db1f76c4b515b48cea46829196bda652b02afffffffffff	0xe56db6faea2c8941f733f4e4cdfb944f0c27c18f430ba64c16c9d2395aaeca58	0
TRACE	pp_replay_halving_ordinary	3215350	0x3aa015ce2d6143706db1f76c4b515b48cea46829196bda652b02afffffffffff	0xe56db6faea2c8941f733f4e4cdfb944f0c27c18f430ba64c16c9d2395aaeca58	0
TRACE	pp_replay_halving_ordinary	3220573	0x3aa015ce2d6143706db1f76c4b515b48cea46829196bda652b02afffffffffff	0x356e783db29cdb5d6ad2535b70eb3407b237a3fe2398d44091a82d407f5281f1	0
TRACE	pp_replay_halving_ordinary	3225796	0x3aa015ce2d6143706db1f76c4b515b48cea46829196bda652b02afffffffffff	0x356e783db29cdb5d6ad2535b70eb3407b237a3fe2398d44091a82d407f5281f1	0
TRACE	pp_replay_halving_ordinary	3231019	0x3aa015ce2d6143706db1f76c4b515b48cea46829196bda652b02afffffffffff	0x86b70bce27325927d88192100fb9b215af97d96359a91ea32a1c7fde3680521e	0
TRACE	pp_replay_halving_ordinary	3236242	0x3aa015ce2d6143706db1f76c4b515b48cea46829196bda652b02afffffffffff	0x86b70bce27325927d88192100fb9b215af97d96359a91ea32a1c7fde3680521e	0
TRACE	pp_replay_halving_ordinary	3241465	0x3aa015ce2d6143706db1f76c4b515b48cea46829196bda652b02afffffffffff	0x97adaacb30be8c0687ac98b52f90788e5723fa0afa58a1ea3b2b5496490b9c26	0
TRACE	pp_replay_halving_ordinary	3246688	0x3aa015ce2d6143706db1f76c4b515b48cea46829196bda652b02afffffffffff	0x97adaacb30be8c0687ac98b52f90788e5723fa0afa58a1ea3b2b5496490b9c26	0
TRACE	pp_replay_halving_ordinary	3251911	0x3aa015ce2d6143706db1f76c4b515b48cea46829196bda652b02afffffffffff	0x50147d24dac252baefa10e03dfbdede55575052f655831c6e1d95f792928a095	0
TRACE	pp_replay_halving_ordinary	3257134	0x3aa015ce2d6143706db1f76c4b515b48cea46829196bda652b02afffffffffff	0x50147d24dac252baefa10e03dfbdede55575052f655831c6e1d95f792928a095	0
TRACE	pp_replay_halving_ordinary	3262357	0x3aa015ce2d6143706db1f76c4b515b48cea46829196bda652b02afffffffffff	0x51e64b69957f0e52e602e2ac53f4a2aa406bbd36e5401c08d6547d4707f8bdf0	0
TRACE	pp_replay_halving_ordinary	3267580	0x3aa015ce2d6143706db1f76c4b515b48cea46829196bda652b02afffffffffff	0x51e64b69957f0e52e602e2ac53f4a2aa406bbd36e5401c08d6547d4707f8bdf0	0
TRACE	pp_replay_halving_ordinary	3272803	0x3aa015ce2d6143706db1f76c4b515b48cea46829196bda652b02afffffffffff	0xe9679945f96eb60f7099e6804707fe865af38c9d529a0894e84906163bb06372	0
TRACE	pp_replay_halving_ordinary	3278026	0x3aa015ce2d6143706db1f76c4b515b48cea46829196bda652b02afffffffffff	0xe9679945f96eb60f7099e6804707fe865af38c9d529a0894e84906163bb06372	0
TRACE	pp_replay_halving_ordinary	3283249	0x3aa015ce2d6143706db1f76c4b515b48cea46829196bda652b02afffffffffff	0x8f47ecbd126a9ffe933fa77543ccd57d61958076edf083b7ecc6284a889e4ebb	0
TRACE	pp_replay_halving_ordinary	3288472	0x3aa015ce2d6143706db1f76c4b515b48cea46829196bda652b02afffffffffff	0x8f47ecbd126a9ffe933fa77543ccd57d61958076edf083b7ecc6284a889e4ebb	0
TRACE	pp_replay_halving_ordinary	3293695	0x3aa015ce2d6143706db1f76c4b515b48cea46829196bda652b02afffffffffff	0x9e2be180c2f6558380f6637d62b53500ef2243451022a3133543cb97f113ab97	0
TRACE	pp_replay_halving_ordinary	3298918	0x3aa015ce2d6143706db1f76c4b515b48cea46829196bda652b02afffffffffff	0x9e2be180c2f6558380f6637d62b53500ef2243451022a3133543cb97f113ab97	0
TRACE	pp_replay_halving_ordinary	3304141	0x3aa015ce2d6143706db1f76c4b515b48cea46829196bda652b02afffffffffff	0xa1e4deb1af1942e4bc64127f6a6f4ce1d28573f898af2aea0763346b4b3102ce	0
TRACE	pp_replay_halving_ordinary	3309364	0x3aa015ce2d6143706db1f76c4b515b48cea46829196bda652b02afffffffffff	0xa1e4deb1af1942e4bc64127f6a6f4ce1d28573f898af2aea0763346b4b3102ce	0
TRACE	pp_replay_halving_ordinary	3314587	0x3aa015ce2d6143706db1f76c4b515b48cea46829196bda652b02afffffffffff	0x9004300c9c83e61a0f569d7f33492078b069edcf6a34737f4f29c0008f112aa5	0
TRACE	pp_replay_halving_ordinary	3319810	0x3aa015ce2d6143706db1f76c4b515b48cea46829196bda652b02afffffffffff	0x9004300c9c83e61a0f569d7f33492078b069edcf6a34737f4f29c0008f112aa5	0
TRACE	pp_replay_halving_ordinary	3325033	0x3aa015ce2d6143706db1f76c4b515b48cea46829196bda652b02afffffffffff	0x8389ec5d099c9bda5c67f17f8bdb05220fae155d697b8be4f98682e558809e54	0
TRACE	pp_replay_halving_ordinary	3330256	0x3aa015ce2d6143706db1f76c4b515b48cea46829196bda652b02afffffffffff	0x8389ec5d099c9bda5c67f17f8bdb05220fae155d697b8be4f98682e558809e54	0
TRACE	pp_replay_halving_ordinary	3335479	0x3aa015ce2d6143706db1f76c4b515b48cea46829196bda652b02afffffffffff	0x84e3871a6988207d1aefa3bfafc90966b00600cb34ebffd9122c10b939e4714a	0
TRACE	pp_replay_halving_ordinary	3340702	0x3aa015ce2d6143706db1f76c4b515b48cea46829196bda652b02afffffffffff	0x84e3871a6988207d1aefa3bfafc90966b00600cb34ebffd9122c10b939e4714a	0
TRACE	pp_replay_halving_ordinary	3345925	0x3aa015ce2d6143706db1f76c4b515b48cea46829196bda652b02afffffffffff	0xc2c82a3c8cbef1673d19be6fe0e005c48018fb410d521ce98f3f6bd1154b2b7a	0
TRACE	pp_replay_halving_ordinary	3351148	0x3aa015ce2d6143706db1f76c4b515b48cea46829196bda652b02afffffffffff	0xc2c82a3c8cbef1673d19be6fe0e005c48018fb410d521ce98f3f6bd1154b2b7a	0
TRACE	pp_replay_halving_ordinary	3356371	0x3aa015ce2d6143706db1f76c4b515b48cea46829196bda652b02afffffffffff	0x51eaec55bd91c4791602588be42a43cacc07bf03108f8730a85adf2293cbe731	0
TRACE	pp_replay_halving_ordinary	3361594	0x3aa015ce2d6143706db1f76c4b515b48cea46829196bda652b02afffffffffff	0x51eaec55bd91c4791602588be42a43cacc07bf03108f8730a85adf2293cbe731	0
TRACE	pp_replay_halving_ordinary	3366817	0x3aa015ce2d6143706db1f76c4b515b48cea46829196bda652b02afffffffffff	0x4cbe26b12afd9701013b52ccf2e7b166f8ff907209171e2a1a744c6569862192	0
TRACE	pp_replay_halving_ordinary	3372040	0x3aa015ce2d6143706db1f76c4b515b48cea46829196bda652b02afffffffffff	0x4cbe26b12afd9701013b52ccf2e7b166f8ff907209171e2a1a744c6569862192	0
TRACE	pp_replay_halving_ordinary	3377263	0x3aa015ce2d6143706db1f76c4b515b48cea46829196bda652b02afffffffffff	0xc14b316924a50b5e0531c16fbc50a498f4c20ba441de1a41a379a4ae8a916e8b	0
TRACE	pp_replay_halving_ordinary	3382486	0x3aa015ce2d6143706db1f76c4b515b48cea46829196bda652b02afffffffffff	0xc14b316924a50b5e0531c16fbc50a498f4c20ba441de1a41a379a4ae8a916e8b	0
TRACE	pp_replay_halving_ordinary	3387709	0x3aa015ce2d6143706db1f76c4b515b48cea46829196bda652b02afffffffffff	0xa2dcbd52019622e8bf0264574da5c333810f613371ce40fa1dbea9ecf7bd29e5	0
TRACE	pp_replay_halving_ordinary	3392932	0x3aa015ce2d6143706db1f76c4b515b48cea46829196bda652b02afffffffffff	0xa2dcbd52019622e8bf0264574da5c333810f613371ce40fa1dbea9ecf7bd29e5	0
TRACE	pp_replay_halving_ordinary	3398155	0x3aa015ce2d6143706db1f76c4b515b48cea46829196bda652b02afffffffffff	0x1b41204c38d268cb6d768d1131fb0ada2422b6973dca4aa83c4feb3d13081aa4	0
TRACE	pp_replay_halving_ordinary	3403378	0x3aa015ce2d6143706db1f76c4b515b48cea46829196bda652b02afffffffffff	0x1b41204c38d268cb6d768d1131fb0ada2422b6973dca4aa83c4feb3d13081aa4	0
TRACE	pp_replay_halving_ordinary	3408601	0x3aa015ce2d6143706db1f76c4b515b48cea46829196bda652b02afffffffffff	0xabb9a8e4aa3845de625850b71212d756bad630a491e427bfa5cc45f1d056c6a5	0
TRACE	pp_replay_halving_ordinary	3413824	0x3aa015ce2d6143706db1f76c4b515b48cea46829196bda652b02afffffffffff	0xabb9a8e4aa3845de625850b71212d756bad630a491e427bfa5cc45f1d056c6a5	0
TRACE	pp_replay_halving_ordinary	3419047	0x3aa015ce2d6143706db1f76c4b515b48cea46829196bda652b02afffffffffff	0x39faf69871759a33ee649945010f5eca8317f6d59df88b25ad4539a6577f0f47	0
TRACE	pp_replay_halving_ordinary	3424270	0x3aa015ce2d6143706db1f76c4b515b48cea46829196bda652b02afffffffffff	0x39faf69871759a33ee649945010f5eca8317f6d59df88b25ad4539a6577f0f47	0
TRACE	pp_replay_halving_ordinary	3429493	0x3aa015ce2d6143706db1f76c4b515b48cea46829196bda652b02afffffffffff	0x396d27df46eb7804942f3a7f04c88d884f7b89de8bf72cb954c45fe609f5757b	0
TRACE	pp_replay_halving_ordinary	3434716	0x3aa015ce2d6143706db1f76c4b515b48cea46829196bda652b02afffffffffff	0x396d27df46eb7804942f3a7f04c88d884f7b89de8bf72cb954c45fe609f5757b	0
TRACE	pp_replay_halving_ordinary	3439939	0x3aa015ce2d6143706db1f76c4b515b48cea46829196bda652b02afffffffffff	0x2373ae4aa2888bd68d57b17f11b4508ce71b3dc480579b1620367013626673	0
TRACE	pp_replay_halving_ordinary	3445162	0x3aa015ce2d6143706db1f76c4b515b48cea46829196bda652b02afffffffffff	0x2373ae4aa2888bd68d57b17f11b4508ce71b3dc480579b1620367013626673	0
TRACE	pp_replay_halving_ordinary	3450385	0x3aa015ce2d6143706db1f76c4b515b48cea46829196bda652b02afffffffffff	0xf1d106a20b904cada724defe1da3fe029c41ff9592a2a25386772c1195bd9ee0	0
TRACE	pp_replay_halving_ordinary	3455608	0x3aa015ce2d6143706db1f76c4b515b48cea46829196bda652b02afffffffffff	0xf1d106a20b904cada724defe1da3fe029c41ff9592a2a25386772c1195bd9ee0	0
TRACE	pp_replay_halving_ordinary	3460831	0x3aa015ce2d6143706db1f76c4b515b48cea46829196bda652b02afffffffffff	0x83949b430fc48ef78bda1e2cd85b6d937c2946ea0c776d51e3ea4296df692f08	0
TRACE	pp_replay_halving_ordinary	3466054	0x3aa015ce2d6143706db1f76c4b515b48cea46829196bda652b02afffffffffff	0x83949b430fc48ef78bda1e2cd85b6d937c2946ea0c776d51e3ea4296df692f08	0
TRACE	pp_replay_halving_ordinary	3471277	0x3aa015ce2d6143706db1f76c4b515b48cea46829196bda652b02afffffffffff	0x1b8f1ad7bef2ef6d86d2b0345152241bc8062e2ae18acd4068a33a5ead951bf6	0
TRACE	pp_replay_halving_ordinary	3476500	0x3aa015ce2d6143706db1f76c4b515b48cea46829196bda652b02afffffffffff	0x1b8f1ad7bef2ef6d86d2b0345152241bc8062e2ae18acd4068a33a5ead951bf6	0
TRACE	pp_replay_halving_ordinary	3481723	0x3aa015ce2d6143706db1f76c4b515b48cea46829196bda652b02afffffffffff	0x9a01601ad43467e28141db7e21c2525ded08c62fcabb28045ed1c20d8c7502dc	0
TRACE	pp_replay_halving_ordinary	3486946	0x3aa015ce2d6143706db1f76c4b515b48cea46829196bda652b02afffffffffff	0x9a01601ad43467e28141db7e21c2525ded08c62fcabb28045ed1c20d8c7502dc	0
TRACE	pp_replay_halving_ordinary	3492169	0x3aa015ce2d6143706db1f76c4b515b48cea46829196bda652b02afffffffffff	0x60636eaf3aafa1e2c164352d8be3f46f76bf59fec5b3e94f02745e13c848045e	0
TRACE	pp_replay_halving_ordinary	3497392	0x3aa015ce2d6143706db1f76c4b515b48cea46829196bda652b02afffffffffff	0x60636eaf3aafa1e2c164352d8be3f46f76bf59fec5b3e94f02745e13c848045e	0
TRACE	pp_replay_halving_ordinary	3502615	0x3aa015ce2d6143706db1f76c4b515b48cea46829196bda652b02afffffffffff	0xbe9933b283b9027150a9842aeb6991b358f2080ba41bc454d8518807d52f3fe6	0
TRACE	pp_replay_halving_ordinary	3507838	0x3aa015ce2d6143706db1f76c4b515b48cea46829196bda652b02afffffffffff	0xbe9933b283b9027150a9842aeb6991b358f2080ba41bc454d8518807d52f3fe6	0
TRACE	pp_replay_halving_ordinary	3513061	0x3aa015ce2d6143706db1f76c4b515b48cea46829196bda652b02afffffffffff	0x47bf28986f9a291504836e561dd36188b3ec58829a73eb68f6b17986e75dd111	0
TRACE	pp_replay_halving_ordinary	3518284	0x3aa015ce2d6143706db1f76c4b515b48cea46829196bda652b02afffffffffff	0x47bf28986f9a291504836e561dd36188b3ec58829a73eb68f6b17986e75dd111	0
TRACE	pp_replay_halving_ordinary	3523507	0x3aa015ce2d6143706db1f76c4b515b48cea46829196bda652b02afffffffffff	0xea08a5d1ea9272bdf179e8e0ea6dd57e0aaaeca05809f52dfe4975e5ebe9727f	0
TRACE	pp_replay_halving_ordinary	3528730	0x3aa015ce2d6143706db1f76c4b515b48cea46829196bda652b02afffffffffff	0xea08a5d1ea9272bdf179e8e0ea6dd57e0aaaeca05809f52dfe4975e5ebe9727f	0
TRACE	pp_replay_halving_ordinary	3533953	0x3aa015ce2d6143706db1f76c4b515b48cea46829196bda652b02afffffffffff	0x4c71f39a968b26f4bd7f55cdc2104dc1afa5d148bc9f7825bd3ebbdb34d1d0e4	0
TRACE	pp_replay_halving_ordinary	3539176	0x3aa015ce2d6143706db1f76c4b515b48cea46829196bda652b02afffffffffff	0x4c71f39a968b26f4bd7f55cdc2104dc1afa5d148bc9f7825bd3ebbdb34d1d0e4	0
TRACE	pp_replay_halving_ordinary	3544399	0x3aa015ce2d6143706db1f76c4b515b48cea46829196bda652b02afffffffffff	0xd9ea65b2047666cabbe4fabab1f88cfee942f7a452a5b54eee20c70882ed1cd	0
TRACE	pp_replay_halving_ordinary	3549622	0x3aa015ce2d6143706db1f76c4b515b48cea46829196bda652b02afffffffffff	0xd9ea65b2047666cabbe4fabab1f88cfee942f7a452a5b54eee20c70882ed1cd	0
TRACE	pp_replay_halving_ordinary	3554845	0x3aa015ce2d6143706db1f76c4b515b48cea46829196bda652b02afffffffffff	0x5684267d6db4a3585a4f695e5b4bf5a4678e8030c07274deab083212af4027b8	0
TRACE	pp_replay_halving_ordinary	3560068	0x3aa015ce2d6143706db1f76c4b515b48cea46829196bda652b02afffffffffff	0x5684267d6db4a3585a4f695e5b4bf5a4678e8030c07274deab083212af4027b8	0
TRACE	pp_replay_halving_ordinary	3565291	0x3aa015ce2d6143706db1f76c4b515b48cea46829196bda652b02afffffffffff	0x28bd8686010ff29345f3afcb075710d985cd145e5f447b411a11bb7b79047e27	0
TRACE	pp_replay_halving_ordinary	3570514	0x3aa015ce2d6143706db1f76c4b515b48cea46829196bda652b02afffffffffff	0x28bd8686010ff29345f3afcb075710d985cd145e5f447b411a11bb7b79047e27	0
TRACE	pp_replay_halving_ordinary	3575737	0x3aa015ce2d6143706db1f76c4b515b48cea46829196bda652b02afffffffffff	0x48ed1b45255ecd185de2e980aeae4f3a0a762f3a9756bf3928cb4017aef353bb	0
TRACE	pp_replay_halving_ordinary	3580960	0x3aa015ce2d6143706db1f76c4b515b48cea46829196bda652b02afffffffffff	0x48ed1b45255ecd185de2e980aeae4f3a0a762f3a9756bf3928cb4017aef353bb	0
TRACE	pp_replay_halving_ordinary	3586183	0x3aa015ce2d6143706db1f76c4b515b48cea46829196bda652b02afffffffffff	0x50f90074ee7283b9a3deb7ee18841ed22ba075f1a55b50372c79a13ebc6f0920	0
TRACE	pp_replay_halving_ordinary	3591406	0x3aa015ce2d6143706db1f76c4b515b48cea46829196bda652b02afffffffffff	0x50f90074ee7283b9a3deb7ee18841ed22ba075f1a55b50372c79a13ebc6f0920	0
TRACE	pp_replay_halving_ordinary	3596629	0x3aa015ce2d6143706db1f76c4b515b48cea46829196bda652b02afffffffffff	0x6a7f7986697e2f85236e4f9266b7834f1e1acca6962ecc5b172868e8e19670f5	0
TRACE	pp_replay_halving_ordinary	3601852	0x3aa015ce2d6143706db1f76c4b515b48cea46829196bda652b02afffffffffff	0x6a7f7986697e2f85236e4f9266b7834f1e1acca6962ecc5b172868e8e19670f5	0
TRACE	pp_replay_halving_ordinary	3607075	0x3aa015ce2d6143706db1f76c4b515b48cea46829196bda652b02afffffffffff	0xb0e117cac8411a780352357b7a445c6e5ab96253d263ab6411d41ad32ae049f6	0
TRACE	pp_replay_halving_ordinary	3612298	0x3aa015ce2d6143706db1f76c4b515b48cea46829196bda652b02afffffffffff	0xb0e117cac8411a780352357b7a445c6e5ab96253d263ab6411d41ad32ae049f6	0
TRACE	pp_replay_halving_ordinary	3617521	0x3aa015ce2d6143706db1f76c4b515b48cea46829196bda652b02afffffffffff	0xaa08f3767bd147f8b9a214380205647efc845695383f0d744794f9e3e7c29a47	0
TRACE	pp_replay_halving_ordinary	3622744	0x3aa015ce2d6143706db1f76c4b515b48cea46829196bda652b02afffffffffff	0xaa08f3767bd147f8b9a214380205647efc845695383f0d744794f9e3e7c29a47	0
TRACE	pp_replay_halving_ordinary	3627967	0x3aa015ce2d6143706db1f76c4b515b48cea46829196bda652b02afffffffffff	0xe852ea6168b55358e7360be723f5a68324f713a591b5e5f8550531a7d6fb2d67	0
TRACE	pp_replay_halving_ordinary	3633190	0x3aa015ce2d6143706db1f76c4b515b48cea46829196bda652b02afffffffffff	0xe852ea6168b55358e7360be723f5a68324f713a591b5e5f8550531a7d6fb2d67	0
TRACE	pp_replay_halving_ordinary	3638413	0x3aa015ce2d6143706db1f76c4b515b48cea46829196bda652b02afffffffffff	0xf7e5681c23ee5630f29b09d2ec71b7042f13c2e9a8139c1958613f98d2c9522f	0
TRACE	pp_replay_halving_ordinary	3643636	0x3aa015ce2d6143706db1f76c4b515b48cea46829196bda652b02afffffffffff	0xf7e5681c23ee5630f29b09d2ec71b7042f13c2e9a8139c1958613f98d2c9522f	0
TRACE	pp_replay_halving_ordinary	3648859	0x3aa015ce2d6143706db1f76c4b515b48cea46829196bda652b02afffffffffff	0xfbca078ad2bc96e6f574494dde90bb24719aeebaadab09a19938431511bcdb61	0
TRACE	pp_replay_halving_ordinary	3654082	0x3aa015ce2d6143706db1f76c4b515b48cea46829196bda652b02afffffffffff	0xfbca078ad2bc96e6f574494dde90bb24719aeebaadab09a19938431511bcdb61	0
TRACE	pp_replay_halving_ordinary	3659305	0x3aa015ce2d6143706db1f76c4b515b48cea46829196bda652b02afffffffffff	0x7cc32f667e702714762a992c9b187c2c823cb9aeef10e503a96e03f4a179bf96	0
TRACE	pp_replay_halving_ordinary	3664528	0x3aa015ce2d6143706db1f76c4b515b48cea46829196bda652b02afffffffffff	0x7cc32f667e702714762a992c9b187c2c823cb9aeef10e503a96e03f4a179bf96	0
TRACE	pp_replay_halving_ordinary	3669751	0x3aa015ce2d6143706db1f76c4b515b48cea46829196bda652b02afffffffffff	0x1e234dbc544b2f7edae7b89e9e6a4dd43cf5ea1a672efba950a991c2accda7b2	0
TRACE	pp_replay_halving_ordinary	3674974	0x3aa015ce2d6143706db1f76c4b515b48cea46829196bda652b02afffffffffff	0x1e234dbc544b2f7edae7b89e9e6a4dd43cf5ea1a672efba950a991c2accda7b2	0
TRACE	pp_replay_halving_ordinary	3680197	0x3aa015ce2d6143706db1f76c4b515b48cea46829196bda652b02afffffffffff	0x17a7f86a8a893de566d0b8237f2b8b961151b3e521f87a5696311c8c7d2b05f9	0
TRACE	pp_replay_halving_ordinary	3685420	0x3aa015ce2d6143706db1f76c4b515b48cea46829196bda652b02afffffffffff	0x17a7f86a8a893de566d0b8237f2b8b961151b3e521f87a5696311c8c7d2b05f9	0
TRACE	pp_replay_halving_ordinary	3690643	0x3aa015ce2d6143706db1f76c4b515b48cea46829196bda652b02afffffffffff	0xd60923161818c17f09caf804b75bdb068668a657d0aada01e792ff3e31425aae	0
TRACE	pp_replay_halving_ordinary	3695866	0x3aa015ce2d6143706db1f76c4b515b48cea46829196bda652b02afffffffffff	0xd60923161818c17f09caf804b75bdb068668a657d0aada01e792ff3e31425aae	0
TRACE	pp_replay_halving_ordinary	3701089	0x3aa015ce2d6143706db1f76c4b515b48cea46829196bda652b02afffffffffff	0xfb6c46e028a87fd91c26ec0a0da1d9a725ee968f3ca8d5161f7106f1eb9b554d	0
TRACE	pp_replay_halving_ordinary	3706312	0x3aa015ce2d6143706db1f76c4b515b48cea46829196bda652b02afffffffffff	0xfb6c46e028a87fd91c26ec0a0da1d9a725ee968f3ca8d5161f7106f1eb9b554d	0
TRACE	pp_replay_halving_ordinary	3711535	0x3aa015ce2d6143706db1f76c4b515b48cea46829196bda652b02afffffffffff	0xc70eec6298782f8312aa73065c626c7bbad8c7557953e9501db00565a463e85a	0
TRACE	pp_replay_halving_ordinary	3716758	0x3aa015ce2d6143706db1f76c4b515b48cea46829196bda652b02afffffffffff	0xc70eec6298782f8312aa73065c626c7bbad8c7557953e9501db00565a463e85a	0
TRACE	pp_replay_halving_ordinary	3721981	0x3aa015ce2d6143706db1f76c4b515b48cea46829196bda652b02afffffffffff	0x309eccd0b0482bd70bb457c41a811188b831d7792d7f2f998f48431623ffd05e	0
TRACE	pp_replay_halving_ordinary	3727204	0x3aa015ce2d6143706db1f76c4b515b48cea46829196bda652b02afffffffffff	0x309eccd0b0482bd70bb457c41a811188b831d7792d7f2f998f48431623ffd05e	0
TRACE	pp_replay_halving_ordinary	3732427	0x3aa015ce2d6143706db1f76c4b515b48cea46829196bda652b02afffffffffff	0x259c07e47a0c00eb01bd86d0907856bcc0a9bbf712f52e6da399f093e01905ff	0
TRACE	pp_replay_halving_ordinary	3737650	0x3aa015ce2d6143706db1f76c4b515b48cea46829196bda652b02afffffffffff	0x259c07e47a0c00eb01bd86d0907856bcc0a9bbf712f52e6da399f093e01905ff	0
TRACE	pp_replay_halving_ordinary	3742873	0x3aa015ce2d6143706db1f76c4b515b48cea46829196bda652b02afffffffffff	0x558eb52d4a950b30835c77a52abe5a115e36e4dc101d1781ccb88cea410634a3	0
TRACE	pp_replay_halving_ordinary	3748096	0x3aa015ce2d6143706db1f76c4b515b48cea46829196bda652b02afffffffffff	0x558eb52d4a950b30835c77a52abe5a115e36e4dc101d1781ccb88cea410634a3	0
TRACE	pp_replay_halving_ordinary	3753319	0x3aa015ce2d6143706db1f76c4b515b48cea46829196bda652b02afffffffffff	0xb6c405e8d96cc829a215f807bbf0adddd67ebca747588605f0a3ed8a38be6412	0
TRACE	pp_replay_halving_ordinary	3758542	0x3aa015ce2d6143706db1f76c4b515b48cea46829196bda652b02afffffffffff	0xb6c405e8d96cc829a215f807bbf0adddd67ebca747588605f0a3ed8a38be6412	0
TRACE	pp_replay_halving_ordinary	3763765	0x3aa015ce2d6143706db1f76c4b515b48cea46829196bda652b02afffffffffff	0x8f115a17bd22b767e9c45820603d42d0f490b29a152761a6f99ec5b276ac70e2	0
TRACE	pp_replay_halving_ordinary	3768988	0x3aa015ce2d6143706db1f76c4b515b48cea46829196bda652b02afffffffffff	0x8f115a17bd22b767e9c45820603d42d0f490b29a152761a6f99ec5b276ac70e2	0
TRACE	pp_replay_halving_ordinary	3774211	0x3aa015ce2d6143706db1f76c4b515b48cea46829196bda652b02afffffffffff	0x8524af23761033377baff0268950680dbc153016c89b188f3bdd7bbc8627f416	0
TRACE	pp_replay_halving_ordinary	3779434	0x3aa015ce2d6143706db1f76c4b515b48cea46829196bda652b02afffffffffff	0x8524af23761033377baff0268950680dbc153016c89b188f3bdd7bbc8627f416	0
TRACE	pp_replay_halving_ordinary	3784657	0x3aa015ce2d6143706db1f76c4b515b48cea46829196bda652b02afffffffffff	0x40172cd4a943788fa252de14ceecfd560febb76a912a7a01ae7e6b60c6f2dad8	0
TRACE	pp_replay_halving_ordinary	3789880	0x3aa015ce2d6143706db1f76c4b515b48cea46829196bda652b02afffffffffff	0x40172cd4a943788fa252de14ceecfd560febb76a912a7a01ae7e6b60c6f2dad8	0
TRACE	pp_replay_halving_ordinary	3795103	0x3aa015ce2d6143706db1f76c4b515b48cea46829196bda652b02afffffffffff	0xaed3cc40f61049e5abfb9990605422a824e1593f834e525e4b26a749572592a0	0
TRACE	pp_replay_halving_ordinary	3800326	0x3aa015ce2d6143706db1f76c4b515b48cea46829196bda652b02afffffffffff	0xaed3cc40f61049e5abfb9990605422a824e1593f834e525e4b26a749572592a0	0
TRACE	pp_replay_halving_ordinary	3805549	0x3aa015ce2d6143706db1f76c4b515b48cea46829196bda652b02afffffffffff	0x3bbabe4567d4f09d53939de94bd047ff8d33442a851e3317fe6944aa87861b5e	0
TRACE	pp_replay_halving_ordinary	3810772	0x3aa015ce2d6143706db1f76c4b515b48cea46829196bda652b02afffffffffff	0x3bbabe4567d4f09d53939de94bd047ff8d33442a851e3317fe6944aa87861b5e	0
TRACE	pp_replay_halving_ordinary	3815995	0x3aa015ce2d6143706db1f76c4b515b48cea46829196bda652b02afffffffffff	0x9ef47ac684461a4b3d799eff86af51556747bee545922b466b39ec02539e3ba5	0
TRACE	pp_replay_halving_ordinary	3821218	0x3aa015ce2d6143706db1f76c4b515b48cea46829196bda652b02afffffffffff	0x9ef47ac684461a4b3d799eff86af51556747bee545922b466b39ec02539e3ba5	0
TRACE	pp_replay_halving_ordinary	3826441	0x3aa015ce2d6143706db1f76c4b515b48cea46829196bda652b02afffffffffff	0xf6abce42fb06c2ba24434f3a349fe6553d1ec0c3f2ac17979a68cc2a76c912e4	0
TRACE	pp_replay_halving_ordinary	3831664	0x3aa015ce2d6143706db1f76c4b515b48cea46829196bda652b02afffffffffff	0xf6abce42fb06c2ba24434f3a349fe6553d1ec0c3f2ac17979a68cc2a76c912e4	0
TRACE	pp_replay_halving_ordinary	3836887	0x3aa015ce2d6143706db1f76c4b515b48cea46829196bda652b02afffffffffff	0xcc99a32218b6ecd5ddf5bb48e01c0b953294813b9df292abe6348434bf93c9a8	0
TRACE	pp_replay_halving_ordinary	3842110	0x3aa015ce2d6143706db1f76c4b515b48cea46829196bda652b02afffffffffff	0xcc99a32218b6ecd5ddf5bb48e01c0b953294813b9df292abe6348434bf93c9a8	0
TRACE	pp_replay_halving_ordinary	3847333	0x3aa015ce2d6143706db1f76c4b515b48cea46829196bda652b02afffffffffff	0xa848ac83893f579119364fc5520f6b002a28fe2152e613aed0d11fd6dcd524f	0
TRACE	pp_replay_halving_ordinary	3852556	0x3aa015ce2d6143706db1f76c4b515b48cea46829196bda652b02afffffffffff	0xa848ac83893f579119364fc5520f6b002a28fe2152e613aed0d11fd6dcd524f	0
TRACE	pp_replay_halving_ordinary	3857779	0x3aa015ce2d6143706db1f76c4b515b48cea46829196bda652b02afffffffffff	0x708546167808bdd73318959322bec5394bfc7c5662310c5c3e49dc8d94719ce2	0
TRACE	pp_replay_halving_ordinary	3863002	0x3aa015ce2d6143706db1f76c4b515b48cea46829196bda652b02afffffffffff	0x708546167808bdd73318959322bec5394bfc7c5662310c5c3e49dc8d94719ce2	0
TRACE	pp_replay_halving_ordinary	3868225	0x3aa015ce2d6143706db1f76c4b515b48cea46829196bda652b02afffffffffff	0x5ec27437ac272cd4112afea3ddf7eefa53a7c30e1dd7db65cad5bba2808fbad8	0
TRACE	pp_replay_halving_ordinary	3873448	0x3aa015ce2d6143706db1f76c4b515b48cea46829196bda652b02afffffffffff	0x5ec27437ac272cd4112afea3ddf7eefa53a7c30e1dd7db65cad5bba2808fbad8	0
TRACE	pp_replay_halving_ordinary	3878671	0x3aa015ce2d6143706db1f76c4b515b48cea46829196bda652b02afffffffffff	0xaaf085a4231b3229401a19961dca41ed6bbeb334fdd5a175488dd595fb4f6301	0
TRACE	pp_replay_halving_ordinary	3883894	0x3aa015ce2d6143706db1f76c4b515b48cea46829196bda652b02afffffffffff	0xaaf085a4231b3229401a19961dca41ed6bbeb334fdd5a175488dd595fb4f6301	0
TRACE	pp_replay_halving_ordinary	3889117	0x3aa015ce2d6143706db1f76c4b515b48cea46829196bda652b02afffffffffff	0x826cbe76f3d097bf5451460e7ef08c39efd99d90c6eb5f36c4d8e44ddef7c682	0
TRACE	pp_replay_halving_ordinary	3894340	0x3aa015ce2d6143706db1f76c4b515b48cea46829196bda652b02afffffffffff	0x826cbe76f3d097bf5451460e7ef08c39efd99d90c6eb5f36c4d8e44ddef7c682	0
TRACE	pp_replay_halving_ordinary	3899563	0x3aa015ce2d6143706db1f76c4b515b48cea46829196bda652b02afffffffffff	0xca20f1cb4bd2a69a7af234e1e7b66d6cdef945690dba908fa0ed3c514715e443	0
TRACE	pp_replay_halving_ordinary	3904786	0x3aa015ce2d6143706db1f76c4b515b48cea46829196bda652b02afffffffffff	0xca20f1cb4bd2a69a7af234e1e7b66d6cdef945690dba908fa0ed3c514715e443	0
TRACE	pp_replay_halving_ordinary	3910009	0x3aa015ce2d6143706db1f76c4b515b48cea46829196bda652b02afffffffffff	0x1c0dfea061d32a51449a7096c1e7e5b99ac12f5f1f6e5ce5d7f25252e11d6e90	0
TRACE	pp_replay_halving_ordinary	3915232	0x3aa015ce2d6143706db1f76c4b515b48cea46829196bda652b02afffffffffff	0x1c0dfea061d32a51449a7096c1e7e5b99ac12f5f1f6e5ce5d7f25252e11d6e90	0
TRACE	pp_replay_halving_ordinary	3920455	0x3aa015ce2d6143706db1f76c4b515b48cea46829196bda652b02afffffffffff	0xf98bbc1aeb69743aefe3295e2a6794c99e6e9d320b4a3b5d5e37e3a84a0cd1d8	0
TRACE	pp_replay_halving_ordinary	3925678	0x3aa015ce2d6143706db1f76c4b515b48cea46829196bda652b02afffffffffff	0xf98bbc1aeb69743aefe3295e2a6794c99e6e9d320b4a3b5d5e37e3a84a0cd1d8	0
TRACE	pp_replay_halving_ordinary	3930901	0x3aa015ce2d6143706db1f76c4b515b48cea46829196bda652b02afffffffffff	0xc8a090a15d9a6d85952dd1ce25e0143bff14a48b450908621e6e9ba9a5c4235d	0
TRACE	pp_replay_halving_ordinary	3936124	0x3aa015ce2d6143706db1f76c4b515b48cea46829196bda652b02afffffffffff	0xc8a090a15d9a6d85952dd1ce25e0143bff14a48b450908621e6e9ba9a5c4235d	0
TRACE	pp_replay_halving_ordinary	3941347	0x3aa015ce2d6143706db1f76c4b515b48cea46829196bda652b02afffffffffff	0x18157d724b59751573e9930311ce29fa97b3d41bf0f437723f44fbd569cfe704	0
TRACE	pp_replay_halving_ordinary	3946570	0x3aa015ce2d6143706db1f76c4b515b48cea46829196bda652b02afffffffffff	0x18157d724b59751573e9930311ce29fa97b3d41bf0f437723f44fbd569cfe704	0
TRACE	pp_replay_halving_ordinary	3951793	0x3aa015ce2d6143706db1f76c4b515b48cea46829196bda652b02afffffffffff	0x9fe7f9ed611c7c6eb1a3b9cec3e29a6cf201b5f22374e77d27d815f4e5eae18f	0
TRACE	pp_replay_halving_ordinary	3957016	0x3aa015ce2d6143706db1f76c4b515b48cea46829196bda652b02afffffffffff	0x9fe7f9ed611c7c6eb1a3b9cec3e29a6cf201b5f22374e77d27d815f4e5eae18f	0
TRACE	pp_replay_halving_ordinary	3962239	0x3aa015ce2d6143706db1f76c4b515b48cea46829196bda652b02afffffffffff	0xedff5dd7eb1d7c6109635334756c3119e26d6283851a47bbd9c74471d3eeaf48	0
TRACE	pp_replay_halving_ordinary	3967462	0x3aa015ce2d6143706db1f76c4b515b48cea46829196bda652b02afffffffffff	0xedff5dd7eb1d7c6109635334756c3119e26d6283851a47bbd9c74471d3eeaf48	0
TRACE	pp_replay_halving_ordinary	3972685	0x3aa015ce2d6143706db1f76c4b515b48cea46829196bda652b02afffffffffff	0x418536d28d9dbc5d9f53398de1ce96c51e884da7dd839fcb86431011cf6fa593	0
TRACE	pp_replay_halving_ordinary	3977908	0x3aa015ce2d6143706db1f76c4b515b48cea46829196bda652b02afffffffffff	0x418536d28d9dbc5d9f53398de1ce96c51e884da7dd839fcb86431011cf6fa593	0
TRACE	pp_replay_halving_ordinary	3983131	0x3aa015ce2d6143706db1f76c4b515b48cea46829196bda652b02afffffffffff	0x35a411a7ef6eee2df525965d4bffe4cd5e4ae19d04dc25e9ae407af0a6980f68	0
TRACE	pp_replay_halving_ordinary	3988354	0x3aa015ce2d6143706db1f76c4b515b48cea46829196bda652b02afffffffffff	0x35a411a7ef6eee2df525965d4bffe4cd5e4ae19d04dc25e9ae407af0a6980f68	0
TRACE	pp_replay_halving_ordinary	3993577	0x3aa015ce2d6143706db1f76c4b515b48cea46829196bda652b02afffffffffff	0x57d9bf89502bc38b10076262808c45e8bf1615cbcc44347c611f982fc9162135	0
TRACE	pp_replay_halving_ordinary	3998800	0x3aa015ce2d6143706db1f76c4b515b48cea46829196bda652b02afffffffffff	0x57d9bf89502bc38b10076262808c45e8bf1615cbcc44347c611f982fc9162135	0
TRACE	pp_replay_halving_ordinary	4004023	0x3aa015ce2d6143706db1f76c4b515b48cea46829196bda652b02afffffffffff	0xf47a4b3d0045171ccebc24328d693b3b37bdd7f197fc1de2dd479366ed2a9231	0
TRACE	pp_replay_halving_ordinary	4009246	0x3aa015ce2d6143706db1f76c4b515b48cea46829196bda652b02afffffffffff	0xf47a4b3d0045171ccebc24328d693b3b37bdd7f197fc1de2dd479366ed2a9231	0
TRACE	pp_replay_halving_ordinary	4014469	0x3aa015ce2d6143706db1f76c4b515b48cea46829196bda652b02afffffffffff	0xd31502b1941c36a9f7b0e1a5437d6048fdb4fb6f59101497cf99cae52d902af1	0
TRACE	pp_replay_halving_ordinary	4019692	0x3aa015ce2d6143706db1f76c4b515b48cea46829196bda652b02afffffffffff	0xd31502b1941c36a9f7b0e1a5437d6048fdb4fb6f59101497cf99cae52d902af1	0
TRACE	pp_replay_halving_ordinary	4024915	0x3aa015ce2d6143706db1f76c4b515b48cea46829196bda652b02afffffffffff	0xcabbb08eb911fe8d41ee1101f102698c6f32c44ec95512450c2e58c4bda99121	0
TRACE	pp_replay_halving_ordinary	4030138	0x3aa015ce2d6143706db1f76c4b515b48cea46829196bda652b02afffffffffff	0xcabbb08eb911fe8d41ee1101f102698c6f32c44ec95512450c2e58c4bda99121	0
TRACE	pp_replay_halving_ordinary	4035361	0x3aa015ce2d6143706db1f76c4b515b48cea46829196bda652b02afffffffffff	0xe7742cd0134b8d4dce67bca9cd1ff2755b39efef889949b736f208e9face6d1c	0
TRACE	pp_replay_halving_ordinary	4040584	0x3aa015ce2d6143706db1f76c4b515b48cea46829196bda652b02afffffffffff	0xe7742cd0134b8d4dce67bca9cd1ff2755b39efef889949b736f208e9face6d1c	0
TRACE	pp_replay_halving_ordinary	4045807	0x3aa015ce2d6143706db1f76c4b515b48cea46829196bda652b02afffffffffff	0xac8bf757b31762f6c415736aef889700729b2d0f947b96ff10c8186b6e1dfe9b	0
TRACE	pp_replay_halving_ordinary	4051030	0x3aa015ce2d6143706db1f76c4b515b48cea46829196bda652b02afffffffffff	0xac8bf757b31762f6c415736aef889700729b2d0f947b96ff10c8186b6e1dfe9b	0
TRACE	pp_replay_halving_ordinary	4056253	0x3aa015ce2d6143706db1f76c4b515b48cea46829196bda652b02afffffffffff	0x5dd1e9f99b0a58610180e11b3822c02338737c5797742a51073d9c4c0af1e3ef	0
TRACE	pp_replay_halving_ordinary	4061476	0x3aa015ce2d6143706db1f76c4b515b48cea46829196bda652b02afffffffffff	0x5dd1e9f99b0a58610180e11b3822c02338737c5797742a51073d9c4c0af1e3ef	0
TRACE	pp_replay_halving_ordinary	4066699	0x3aa015ce2d6143706db1f76c4b515b48cea46829196bda652b02afffffffffff	0x4a2366a2150715bb90dbbc874a494a6be9e9902998324f2584dafd443226dd44	0
TRACE	pp_replay_halving_ordinary	4071922	0x3aa015ce2d6143706db1f76c4b515b48cea46829196bda652b02afffffffffff	0x4a2366a2150715bb90dbbc874a494a6be9e9902998324f2584dafd443226dd44	0
TRACE	pp_replay_halving_ordinary	4077145	0x3aa015ce2d6143706db1f76c4b515b48cea46829196bda652b02afffffffffff	0x8537c5cc3386451234b273624ed2ecfe1647151e1861d85aa4425581fbf41aa5	0
TRACE	pp_replay_halving_ordinary	4082368	0x3aa015ce2d6143706db1f76c4b515b48cea46829196bda652b02afffffffffff	0x8537c5cc3386451234b273624ed2ecfe1647151e1861d85aa4425581fbf41aa5	0
TRACE	pp_replay_halving_ordinary	4087591	0x3aa015ce2d6143706db1f76c4b515b48cea46829196bda652b02afffffffffff	0xd3fcdd96bb2610e7dda821190ff555a2a15e765b386dbaa7ec1c2b912e676909	0
TRACE	pp_replay_halving_ordinary	4092814	0x3aa015ce2d6143706db1f76c4b515b48cea46829196bda652b02afffffffffff	0xd3fcdd96bb2610e7dda821190ff555a2a15e765b386dbaa7ec1c2b912e676909	0
TRACE	pp_replay_halving_ordinary	4098037	0x3aa015ce2d6143706db1f76c4b515b48cea46829196bda652b02afffffffffff	0xd64d28d8bbab157e8496a51ed7b210a82de962de5433e4c0a417a0444a96df03	0
TRACE	pp_replay_halving_ordinary	4103260	0x3aa015ce2d6143706db1f76c4b515b48cea46829196bda652b02afffffffffff	0xd64d28d8bbab157e8496a51ed7b210a82de962de5433e4c0a417a0444a96df03	0
TRACE	pp_replay_halving_ordinary	4108483	0x3aa015ce2d6143706db1f76c4b515b48cea46829196bda652b02afffffffffff	0x6a92819bddb44999988fb18df9e9d992b3d1f64e632867da240cf2f55e3f9203	0
TRACE	pp_replay_halving_ordinary	4113706	0x3aa015ce2d6143706db1f76c4b515b48cea46829196bda652b02afffffffffff	0x6a92819bddb44999988fb18df9e9d992b3d1f64e632867da240cf2f55e3f9203	0
TRACE	pp_replay_halving_ordinary	4118929	0x3aa015ce2d6143706db1f76c4b515b48cea46829196bda652b02afffffffffff	0x4fa3d7cca63696a05d8df4a9c277cbcd554c1b2a66e588a0840a47a1a329bec3	0
TRACE	pp_replay_halving_ordinary	4124152	0x3aa015ce2d6143706db1f76c4b515b48cea46829196bda652b02afffffffffff	0x4fa3d7cca63696a05d8df4a9c277cbcd554c1b2a66e588a0840a47a1a329bec3	0
TRACE	pp_replay_halving_ordinary	4129375	0x3aa015ce2d6143706db1f76c4b515b48cea46829196bda652b02afffffffffff	0xae8d965a20fab80e7d87698def1869580247845e32837c1eaa05cea5405a5249	0
TRACE	pp_replay_halving_ordinary	4134598	0x3aa015ce2d6143706db1f76c4b515b48cea46829196bda652b02afffffffffff	0xae8d965a20fab80e7d87698def1869580247845e32837c1eaa05cea5405a5249	0
TRACE	pp_replay_halving_ordinary	4139821	0x3aa015ce2d6143706db1f76c4b515b48cea46829196bda652b02afffffffffff	0x464805fd7fabc06a0585c6c6fa4090baad865eab256af8fe3384b066a7a67913	0
TRACE	pp_replay_halving_ordinary	4145044	0x3aa015ce2d6143706db1f76c4b515b48cea46829196bda652b02afffffffffff	0x464805fd7fabc06a0585c6c6fa4090baad865eab256af8fe3384b066a7a67913	0
TRACE	pp_replay_halving_ordinary	4150267	0x3aa015ce2d6143706db1f76c4b515b48cea46829196bda652b02afffffffffff	0x9129ee79782224be4c27ab1bfea52360192e5e8cf6f5bb6fc2210a3ada6463c	0
TRACE	pp_replay_halving_ordinary	4155490	0x3aa015ce2d6143706db1f76c4b515b48cea46829196bda652b02afffffffffff	0x9129ee79782224be4c27ab1bfea52360192e5e8cf6f5bb6fc2210a3ada6463c	0
TRACE	pp_replay_halving_ordinary	4160713	0x3aa015ce2d6143706db1f76c4b515b48cea46829196bda652b02afffffffffff	0x353bf5ae51b6a99e6a306a53915f9979d5cc94c3d238c689b0386060d8531574	0
TRACE	pp_replay_halving_ordinary	4165936	0x3aa015ce2d6143706db1f76c4b515b48cea46829196bda652b02afffffffffff	0x353bf5ae51b6a99e6a306a53915f9979d5cc94c3d238c689b0386060d8531574	0
TRACE	pp_replay_halving_ordinary	4171159	0x3aa015ce2d6143706db1f76c4b515b48cea46829196bda652b02afffffffffff	0x40464b600043cb730b8be63c05bceb4acadb007a92eb213e5d3df45022fe4942	0
TRACE	pp_replay_halving_ordinary	4176382	0x3aa015ce2d6143706db1f76c4b515b48cea46829196bda652b02afffffffffff	0x40464b600043cb730b8be63c05bceb4acadb007a92eb213e5d3df45022fe4942	0
TRACE	pp_replay_halving_ordinary	4181605	0x3aa015ce2d6143706db1f76c4b515b48cea46829196bda652b02afffffffffff	0xa2e5bb1c6bc52e2eae1cd2181ff5ca19a2b11b2af9a2274c59e05f236429efac	0
TRACE	pp_replay_halving_ordinary	4186828	0x3aa015ce2d6143706db1f76c4b515b48cea46829196bda652b02afffffffffff	0xa2e5bb1c6bc52e2eae1cd2181ff5ca19a2b11b2af9a2274c59e05f236429efac	0
TRACE	pp_replay_halving_ordinary	4192051	0x3aa015ce2d6143706db1f76c4b515b48cea46829196bda652b02afffffffffff	0xea1ab97d50c2efc63fb2a40316891cc0874e1441967ed529ac18ca46025fdf88	0
TRACE	pp_replay_halving_ordinary	4197274	0x3aa015ce2d6143706db1f76c4b515b48cea46829196bda652b02afffffffffff	0xea1ab97d50c2efc63fb2a40316891cc0874e1441967ed529ac18ca46025fdf88	0
TRACE	pp_replay_halving_ordinary	4202497	0x3aa015ce2d6143706db1f76c4b515b48cea46829196bda652b02afffffffffff	0x86da9c56e1a0e849043ec67c48e96309fcce48667276960c2a9a7feba8bd6bbb	0
TRACE	pp_replay_halving_ordinary	4207720	0x3aa015ce2d6143706db1f76c4b515b48cea46829196bda652b02afffffffffff	0x86da9c56e1a0e849043ec67c48e96309fcce48667276960c2a9a7feba8bd6bbb	0
TRACE	pp_replay_halving_ordinary	4212943	0x3aa015ce2d6143706db1f76c4b515b48cea46829196bda652b02afffffffffff	0x6a9d46e1d507f24533426bdc710cc3175bc7313c70393b3eb4edad5efdf617f6	0
TRACE	pp_replay_halving_ordinary	4218166	0x3aa015ce2d6143706db1f76c4b515b48cea46829196bda652b02afffffffffff	0x6a9d46e1d507f24533426bdc710cc3175bc7313c70393b3eb4edad5efdf617f6	0
TRACE	pp_replay_halving_ordinary	4223389	0x3aa015ce2d6143706db1f76c4b515b48cea46829196bda652b02afffffffffff	0x238df18491e1b4c43f0355347b159b1ab3856b71efa9e48b578278bc134443f9	0
TRACE	pp_replay_halving_ordinary	4228612	0x3aa015ce2d6143706db1f76c4b515b48cea46829196bda652b02afffffffffff	0x238df18491e1b4c43f0355347b159b1ab3856b71efa9e48b578278bc134443f9	0
TRACE	pp_replay_halving_ordinary	4233835	0x3aa015ce2d6143706db1f76c4b515b48cea46829196bda652b02afffffffffff	0xe38ace1999ba69c25c9170443b08978c83d3272b97f8c7f2831c0986044e941f	0
TRACE	pp_replay_halving_ordinary	4239058	0x3aa015ce2d6143706db1f76c4b515b48cea46829196bda652b02afffffffffff	0xe38ace1999ba69c25c9170443b08978c83d3272b97f8c7f2831c0986044e941f	0
TRACE	pp_replay_halving_ordinary	4244281	0x3aa015ce2d6143706db1f76c4b515b48cea46829196bda652b02afffffffffff	0x5000c8dabe09d2c0789c793c100340e38bec911195ec472635199bcd03bd6a0e	0
TRACE	pp_replay_halving_ordinary	4249504	0x3aa015ce2d6143706db1f76c4b515b48cea46829196bda652b02afffffffffff	0x5000c8dabe09d2c0789c793c100340e38bec911195ec472635199bcd03bd6a0e	0
TRACE	pp_replay_halving_ordinary	4254727	0x3aa015ce2d6143706db1f76c4b515b48cea46829196bda652b02afffffffffff	0x64e2814fb6ec25c078fd3dc20ac155aa3df9a5868083203313809b6e00244990	0
TRACE	pp_replay_halving_ordinary	4259950	0x3aa015ce2d6143706db1f76c4b515b48cea46829196bda652b02afffffffffff	0x64e2814fb6ec25c078fd3dc20ac155aa3df9a5868083203313809b6e00244990	0
TRACE	pp_replay_halving_ordinary	4265173	0x3aa015ce2d6143706db1f76c4b515b48cea46829196bda652b02afffffffffff	0xea1aef6cf524ba8079156ee38970dadbea7ceaa3bb28d6764b1a5b55bf3dff88	0
TRACE	pp_replay_halving_ordinary	4270396	0x3aa015ce2d6143706db1f76c4b515b48cea46829196bda652b02afffffffffff	0xea1aef6cf524ba8079156ee38970dadbea7ceaa3bb28d6764b1a5b55bf3dff88	0
TRACE	pp_replay_halving_ordinary	4275619	0x3aa015ce2d6143706db1f76c4b515b48cea46829196bda652b02afffffffffff	0xdeb1e478b071dacffff9f3b7a0541eb394df2eb8b156926f3219900510398eb1	0
TRACE	pp_replay_halving_ordinary	4280842	0x3aa015ce2d6143706db1f76c4b515b48cea46829196bda652b02afffffffffff	0xdeb1e478b071dacffff9f3b7a0541eb394df2eb8b156926f3219900510398eb1	0
TRACE	pp_replay_halving_ordinary	4286065	0x3aa015ce2d6143706db1f76c4b515b48cea46829196bda652b02afffffffffff	0x1bd7a1bb9f4522e3e1b314eca60cefa97f77bfbdeee2016d6bd95d31a4787558	0
TRACE	pp_replay_halving_ordinary	4291288	0x3aa015ce2d6143706db1f76c4b515b48cea46829196bda652b02afffffffffff	0x1bd7a1bb9f4522e3e1b314eca60cefa97f77bfbdeee2016d6bd95d31a4787558	0
TRACE	pp_replay_halving_ordinary	4296511	0x3aa015ce2d6143706db1f76c4b515b48cea46829196bda652b02afffffffffff	0x70b690af444b2dfb0791b7b2be91cbc28559dbbeb09d244071900cb49af04562	0
TRACE	pp_replay_halving_ordinary	4301734	0x3aa015ce2d6143706db1f76c4b515b48cea46829196bda652b02afffffffffff	0x70b690af444b2dfb0791b7b2be91cbc28559dbbeb09d244071900cb49af04562	0
TRACE	pp_replay_halving_ordinary	4306957	0x3aa015ce2d6143706db1f76c4b515b48cea46829196bda652b02afffffffffff	0x5ee4c6c2d8cb0c0d109606444b302c8c6d262bee10becf532fdb895d88e3b4d	0
TRACE	pp_replay_halving_ordinary	4312180	0x3aa015ce2d6143706db1f76c4b515b48cea46829196bda652b02afffffffffff	0x5ee4c6c2d8cb0c0d109606444b302c8c6d262bee10becf532fdb895d88e3b4d	0
TRACE	pp_replay_halving_ordinary	4317403	0x3aa015ce2d6143706db1f76c4b515b48cea46829196bda652b02afffffffffff	0xdda93746dc75f7aef626c605c0d133a2d30b0f9f646a444d69237151dcdf9d4f	0
TRACE	pp_replay_halving_ordinary	4322626	0x3aa015ce2d6143706db1f76c4b515b48cea46829196bda652b02afffffffffff	0xdda93746dc75f7aef626c605c0d133a2d30b0f9f646a444d69237151dcdf9d4f	0
TRACE	pp_replay_halving_ordinary	4327849	0x3aa015ce2d6143706db1f76c4b515b48cea46829196bda652b02afffffffffff	0x38e5e0ecc280aa1bf1cc099a81610d9ae6775c97915d8c50a7084a79ed5b7627	0
TRACE	pp_replay_halving_ordinary	4333072	0x3aa015ce2d6143706db1f76c4b515b48cea46829196bda652b02afffffffffff	0x38e5e0ecc280aa1bf1cc099a81610d9ae6775c97915d8c50a7084a79ed5b7627	0
TRACE	pp_replay_halving_ordinary	4338295	0x3aa015ce2d6143706db1f76c4b515b48cea46829196bda652b02afffffffffff	0x2930d596867d5364c116af1acfdc0981fb24ecc1f4c32dff3086c9b5fbe109ca	0
TRACE	pp_replay_halving_ordinary	4343518	0x3aa015ce2d6143706db1f76c4b515b48cea46829196bda652b02afffffffffff	0x2930d596867d5364c116af1acfdc0981fb24ecc1f4c32dff3086c9b5fbe109ca	0
TRACE	pp_replay_halving_ordinary	4348741	0x3aa015ce2d6143706db1f76c4b515b48cea46829196bda652b02afffffffffff	0x43ed42d58f00d5adcc2d569fec6141063ad49bf5672697945da06030bc5e9a23	0
TRACE	pp_replay_halving_ordinary	4353964	0x3aa015ce2d6143706db1f76c4b515b48cea46829196bda652b02afffffffffff	0x43ed42d58f00d5adcc2d569fec6141063ad49bf5672697945da06030bc5e9a23	0
TRACE	pp_replay_halving_ordinary	4359187	0x3aa015ce2d6143706db1f76c4b515b48cea46829196bda652b02afffffffffff	0xb950e4b03ddf1f6dbd3a561eb8deb21ef01414332367259ab4b99a608fe0990d	0
TRACE	pp_replay_halving_ordinary	4364410	0x3aa015ce2d6143706db1f76c4b515b48cea46829196bda652b02afffffffffff	0xb950e4b03ddf1f6dbd3a561eb8deb21ef01414332367259ab4b99a608fe0990d	0
TRACE	pp_replay_halving_ordinary	4369633	0x3aa015ce2d6143706db1f76c4b515b48cea46829196bda652b02afffffffffff	0x62a7178954486d9003bcc0204ce0a3b9d2b021f090efdc7e6a39b1738b1f7e5d	0
TRACE	pp_replay_halving_ordinary	4374856	0x3aa015ce2d6143706db1f76c4b515b48cea46829196bda652b02afffffffffff	0x62a7178954486d9003bcc0204ce0a3b9d2b021f090efdc7e6a39b1738b1f7e5d	0
TRACE	pp_replay_halving_ordinary	4380079	0x3aa015ce2d6143706db1f76c4b515b48cea46829196bda652b02afffffffffff	0x15aa7349ba65ac776e5f657f9aff83994758fc90a49dd247129ffa3b413046ac	0
TRACE	pp_replay_halving_ordinary	4385302	0x3aa015ce2d6143706db1f76c4b515b48cea46829196bda652b02afffffffffff	0x15aa7349ba65ac776e5f657f9aff83994758fc90a49dd247129ffa3b413046ac	0
TRACE	pp_replay_halving_ordinary	4390525	0x3aa015ce2d6143706db1f76c4b515b48cea46829196bda652b02afffffffffff	0x533f290fe678b046255756a82c78480822d5c957fb14828dd5e66dcdd27bccf8	0
TRACE	pp_replay_halving_ordinary	4395748	0x3aa015ce2d6143706db1f76c4b515b48cea46829196bda652b02afffffffffff	0x533f290fe678b046255756a82c78480822d5c957fb14828dd5e66dcdd27bccf8	0
TRACE	pp_replay_halving_ordinary	4400971	0x3aa015ce2d6143706db1f76c4b515b48cea46829196bda652b02afffffffffff	0x1a3a67166837972f64edaf09f1ddf2e85a8bb17a27ec95353a219a0244eb04e9	0
TRACE	pp_replay_halving_ordinary	4406194	0x3aa015ce2d6143706db1f76c4b515b48cea46829196bda652b02afffffffffff	0x1a3a67166837972f64edaf09f1ddf2e85a8bb17a27ec95353a219a0244eb04e9	0
TRACE	pp_replay_halving_ordinary	4411417	0x3aa015ce2d6143706db1f76c4b515b48cea46829196bda652b02afffffffffff	0xce41307e5f904645b01a69e78ea69547f21285f774c9fb5626f134f223642f27	0
TRACE	pp_replay_halving_ordinary	4416640	0x3aa015ce2d6143706db1f76c4b515b48cea46829196bda652b02afffffffffff	0xce41307e5f904645b01a69e78ea69547f21285f774c9fb5626f134f223642f27	0
TRACE	pp_replay_halving_ordinary	4421863	0x3aa015ce2d6143706db1f76c4b515b48cea46829196bda652b02afffffffffff	0x52fe4da60229d43a6d34d14898cdd7681a1e4ae0acc8a677c4cc19438861b388	0
TRACE	pp_replay_halving_ordinary	4427086	0x3aa015ce2d6143706db1f76c4b515b48cea46829196bda652b02afffffffffff	0x52fe4da60229d43a6d34d14898cdd7681a1e4ae0acc8a677c4cc19438861b388	0
TRACE	pp_replay_halving_ordinary	4432309	0x3aa015ce2d6143706db1f76c4b515b48cea46829196bda652b02afffffffffff	0x742d94efead037b79c7b6b20db57a7f024213c1afac851402c42d257a1a113ac	0
TRACE	pp_replay_halving_ordinary	4437532	0x3aa015ce2d6143706db1f76c4b515b48cea46829196bda652b02afffffffffff	0x742d94efead037b79c7b6b20db57a7f024213c1afac851402c42d257a1a113ac	0
TRACE	pp_replay_halving_ordinary	4442755	0x3aa015ce2d6143706db1f76c4b515b48cea46829196bda652b02afffffffffff	0x31caf8a57b3e82fc826c0f1a5d095fd60f8fe1bee9e43dedfc43bae6ca80b1cd	0
TRACE	pp_replay_halving_ordinary	4447978	0x3aa015ce2d6143706db1f76c4b515b48cea46829196bda652b02afffffffffff	0x31caf8a57b3e82fc826c0f1a5d095fd60f8fe1bee9e43dedfc43bae6ca80b1cd	0
TRACE	pp_replay_halving_ordinary	4453201	0x3aa015ce2d6143706db1f76c4b515b48cea46829196bda652b02afffffffffff	0x697e23655983aead07b9de8ece1841f18cec4776792b23cb8a21a34f5b08706a	0
TRACE	pp_replay_halving_ordinary	4458424	0x3aa015ce2d6143706db1f76c4b515b48cea46829196bda652b02afffffffffff	0x697e23655983aead07b9de8ece1841f18cec4776792b23cb8a21a34f5b08706a	0
TRACE	pp_replay_halving_ordinary	4463647	0x3aa015ce2d6143706db1f76c4b515b48cea46829196bda652b02afffffffffff	0xe6d24702b5308c6a62897b6a4ac86871e71f0a4d58c3d86e6199578cc96245b1	0
TRACE	pp_replay_halving_ordinary	4468870	0x3aa015ce2d6143706db1f76c4b515b48cea46829196bda652b02afffffffffff	0xe6d24702b5308c6a62897b6a4ac86871e71f0a4d58c3d86e6199578cc96245b1	0
TRACE	pp_replay_halving_ordinary	4474093	0x3aa015ce2d6143706db1f76c4b515b48cea46829196bda652b02afffffffffff	0x20aaf718a914c890a94c18c920d3f65fe9734f4a4819d2d74a2212f0646989ba	0
TRACE	pp_replay_halving_ordinary	4479316	0x3aa015ce2d6143706db1f76c4b515b48cea46829196bda652b02afffffffffff	0x20aaf718a914c890a94c18c920d3f65fe9734f4a4819d2d74a2212f0646989ba	0
TRACE	pp_replay_halving_ordinary	4484539	0x3aa015ce2d6143706db1f76c4b515b48cea46829196bda652b02afffffffffff	0xf189d3fa8306f0f66e4f58a84a7d1c847f6aeec0c42a8165c5ddd126593e2c21	0
TRACE	pp_replay_halving_ordinary	4489762	0x3aa015ce2d6143706db1f76c4b515b48cea46829196bda652b02afffffffffff	0xf189d3fa8306f0f66e4f58a84a7d1c847f6aeec0c42a8165c5ddd126593e2c21	0
TRACE	pp_replay_halving_ordinary	4494985	0x3aa015ce2d6143706db1f76c4b515b48cea46829196bda652b02afffffffffff	0xe5c18b32f9837b0fdf9028a014e7660da4e8d69e632ead0964ccc0b4167355af	0
TRACE	pp_replay_halving_ordinary	4500208	0x3aa015ce2d6143706db1f76c4b515b48cea46829196bda652b02afffffffffff	0xe5c18b32f9837b0fdf9028a014e7660da4e8d69e632ead0964ccc0b4167355af	0
TRACE	pp_replay_halving_ordinary	4505431	0x3aa015ce2d6143706db1f76c4b515b48cea46829196bda652b02afffffffffff	0x6feeb3679a60e00e4c18484dfd0e45691bd3e5469958616d9a221c3d7a86f53b	0
TRACE	pp_replay_halving_ordinary	4510654	0x3aa015ce2d6143706db1f76c4b515b48cea46829196bda652b02afffffffffff	0x6feeb3679a60e00e4c18484dfd0e45691bd3e5469958616d9a221c3d7a86f53b	0
TRACE	pp_replay_halving_ordinary	4515877	0x3aa015ce2d6143706db1f76c4b515b48cea46829196bda652b02afffffffffff	0x1d74b5f2d7c8a6c064ddf81485f6482922453c55f27592e6f2aaa91da6fb181d	0
TRACE	pp_replay_halving_ordinary	4521100	0x3aa015ce2d6143706db1f76c4b515b48cea46829196bda652b02afffffffffff	0x1d74b5f2d7c8a6c064ddf81485f6482922453c55f27592e6f2aaa91da6fb181d	0
TRACE	pp_replay_halving_ordinary	4526323	0x3aa015ce2d6143706db1f76c4b515b48cea46829196bda652b02afffffffffff	0xfa1bdb9c3b3e450cb8a067fbe53524c492bef3eecf8215d1cf7777c5de9a90f6	0
TRACE	pp_replay_halving_ordinary	4531546	0x3aa015ce2d6143706db1f76c4b515b48cea46829196bda652b02afffffffffff	0xfa1bdb9c3b3e450cb8a067fbe53524c492bef3eecf8215d1cf7777c5de9a90f6	0
TRACE	pp_replay_halving_ordinary	4536769	0x3aa015ce2d6143706db1f76c4b515b48cea46829196bda652b02afffffffffff	0x5e42463c4c1baf3475f98041acadb3b6d410c11307dea2e3088883921656b39	0
TRACE	pp_replay_halving_ordinary	4541992	0x3aa015ce2d6143706db1f76c4b515b48cea46829196bda652b02afffffffffff	0x5e42463c4c1baf3475f98041acadb3b6d410c11307dea2e3088883921656b39	0
TRACE	pp_replay_halving_ordinary	4547215	0x3aa015ce2d6143706db1f76c4b515b48cea46829196bda652b02afffffffffff	0x5e42463c4c1baf3475f98041acadb3b6d410c11307dea2e3088883921656b39	0
TRACE	pp_replay_halving_ordinary	4552438	0x3aa015ce2d6143706db1f76c4b515b48cea46829196bda652b02afffffffffff	0x5e42463c4c1baf3475f98041acadb3b6d410c11307dea2e3088883921656b39	0
TRACE	pp_replay_halving_ordinary	4557661	0x3aa015ce2d6143706db1f76c4b515b48cea46829196bda652b02afffffffffff	0x5e42463c4c1baf3475f98041acadb3b6d410c11307dea2e3088883921656b39	0
TRACE	pp_replay_halving_ordinary	4562884	0x3aa015ce2d6143706db1f76c4b515b48cea46829196bda652b02afffffffffff	0x5e42463c4c1baf3475f98041acadb3b6d410c11307dea2e3088883921656b39	0
TRACE	pp_replay_halving_ordinary	4568107	0x3aa015ce2d6143706db1f76c4b515b48cea46829196bda652b02afffffffffff	0x5e42463c4c1baf3475f98041acadb3b6d410c11307dea2e3088883921656b39	0
TRACE	pp_replay_halving_ordinary	4573330	0x3aa015ce2d6143706db1f76c4b515b48cea46829196bda652b02afffffffffff	0x5e42463c4c1baf3475f98041acadb3b6d410c11307dea2e3088883921656b39	0
TRACE	pp_replay_halving_ordinary	4578553	0x3aa015ce2d6143706db1f76c4b515b48cea46829196bda652b02afffffffffff	0x5e42463c4c1baf3475f98041acadb3b6d410c11307dea2e3088883921656b39	0
TRACE	pp_replay_halving_ordinary	4583776	0x3aa015ce2d6143706db1f76c4b515b48cea46829196bda652b02afffffffffff	0x5e42463c4c1baf3475f98041acadb3b6d410c11307dea2e3088883921656b39	0
TRACE	pp_replay_halving_ordinary	4588999	0x3aa015ce2d6143706db1f76c4b515b48cea46829196bda652b02afffffffffff	0x5e42463c4c1baf3475f98041acadb3b6d410c11307dea2e3088883921656b39	0
TRACE	pp_replay_halving_ordinary	4594222	0x3aa015ce2d6143706db1f76c4b515b48cea46829196bda652b02afffffffffff	0x5e42463c4c1baf3475f98041acadb3b6d410c11307dea2e3088883921656b39	0
TRACE	pp_replay_halving_ordinary	4599445	0x3aa015ce2d6143706db1f76c4b515b48cea46829196bda652b02afffffffffff	0x5e42463c4c1baf3475f98041acadb3b6d410c11307dea2e3088883921656b39	0
TRACE	pp_replay_halving_ordinary	4604668	0x3aa015ce2d6143706db1f76c4b515b48cea46829196bda652b02afffffffffff	0x5e42463c4c1baf3475f98041acadb3b6d410c11307dea2e3088883921656b39	0
TRACE	pp_replay_halving_ordinary	4609891	0x3aa015ce2d6143706db1f76c4b515b48cea46829196bda652b02afffffffffff	0x5e42463c4c1baf3475f98041acadb3b6d410c11307dea2e3088883921656b39	0
TRACE	pp_replay_halving_ordinary	4615114	0x3aa015ce2d6143706db1f76c4b515b48cea46829196bda652b02afffffffffff	0x5e42463c4c1baf3475f98041acadb3b6d410c11307dea2e3088883921656b39	0
TRACE	pp_replay_halving_ordinary	4620337	0x3aa015ce2d6143706db1f76c4b515b48cea46829196bda652b02afffffffffff	0x5e42463c4c1baf3475f98041acadb3b6d410c11307dea2e3088883921656b39	0
TRACE	pp_replay_halving_ordinary	4625560	0x3aa015ce2d6143706db1f76c4b515b48cea46829196bda652b02afffffffffff	0x5e42463c4c1baf3475f98041acadb3b6d410c11307dea2e3088883921656b39	0
TRACE	pp_replay_halving_ordinary	4630783	0x3aa015ce2d6143706db1f76c4b515b48cea46829196bda652b02afffffffffff	0x5e42463c4c1baf3475f98041acadb3b6d410c11307dea2e3088883921656b39	0
TRACE	pp_replay_halving_ordinary	4636006	0x3aa015ce2d6143706db1f76c4b515b48cea46829196bda652b02afffffffffff	0x5e42463c4c1baf3475f98041acadb3b6d410c11307dea2e3088883921656b39	0
TRACE	pp_replay_halving_ordinary	4641229	0x3aa015ce2d6143706db1f76c4b515b48cea46829196bda652b02afffffffffff	0x5e42463c4c1baf3475f98041acadb3b6d410c11307dea2e3088883921656b39	0
TRACE	pp_replay_halving_ordinary	4646452	0x3aa015ce2d6143706db1f76c4b515b48cea46829196bda652b02afffffffffff	0x5e42463c4c1baf3475f98041acadb3b6d410c11307dea2e3088883921656b39	0
TRACE	pp_replay_halving_ordinary	4651675	0x3aa015ce2d6143706db1f76c4b515b48cea46829196bda652b02afffffffffff	0x5e42463c4c1baf3475f98041acadb3b6d410c11307dea2e3088883921656b39	0
TRACE	pp_replay_halving_ordinary	4656898	0x3aa015ce2d6143706db1f76c4b515b48cea46829196bda652b02afffffffffff	0x5e42463c4c1baf3475f98041acadb3b6d410c11307dea2e3088883921656b39	0
TRACE	pp_replay_halving_ordinary	4662121	0x3aa015ce2d6143706db1f76c4b515b48cea46829196bda652b02afffffffffff	0x5e42463c4c1baf3475f98041acadb3b6d410c11307dea2e3088883921656b39	0
TRACE	pp_replay_halving_ordinary	4667344	0x3aa015ce2d6143706db1f76c4b515b48cea46829196bda652b02afffffffffff	0x5e42463c4c1baf3475f98041acadb3b6d410c11307dea2e3088883921656b39	0
TRACE	pp_replay_halving_ordinary	4672567	0x3aa015ce2d6143706db1f76c4b515b48cea46829196bda652b02afffffffffff	0x5e42463c4c1baf3475f98041acadb3b6d410c11307dea2e3088883921656b39	0
TRACE	pp_replay_halving_ordinary	4677790	0x3aa015ce2d6143706db1f76c4b515b48cea46829196bda652b02afffffffffff	0x5e42463c4c1baf3475f98041acadb3b6d410c11307dea2e3088883921656b39	0
TRACE	pp_replay_halving_ordinary	4683013	0x3aa015ce2d6143706db1f76c4b515b48cea46829196bda652b02afffffffffff	0x5e42463c4c1baf3475f98041acadb3b6d410c11307dea2e3088883921656b39	0
TRACE	pp_replay_halving_ordinary	4688236	0x3aa015ce2d6143706db1f76c4b515b48cea46829196bda652b02afffffffffff	0x5e42463c4c1baf3475f98041acadb3b6d410c11307dea2e3088883921656b39	0
TRACE	pp_replay_halving_ordinary	4693459	0x3aa015ce2d6143706db1f76c4b515b48cea46829196bda652b02afffffffffff	0x5e42463c4c1baf3475f98041acadb3b6d410c11307dea2e3088883921656b39	0
TRACE	pp_replay_halving_ordinary	4698682	0x3aa015ce2d6143706db1f76c4b515b48cea46829196bda652b02afffffffffff	0x5e42463c4c1baf3475f98041acadb3b6d410c11307dea2e3088883921656b39	0
TRACE	pp_replay_halving_ordinary	4703905	0x3aa015ce2d6143706db1f76c4b515b48cea46829196bda652b02afffffffffff	0x5e42463c4c1baf3475f98041acadb3b6d410c11307dea2e3088883921656b39	0
TRACE	pp_replay_halving_ordinary	4709128	0x3aa015ce2d6143706db1f76c4b515b48cea46829196bda652b02afffffffffff	0x5e42463c4c1baf3475f98041acadb3b6d410c11307dea2e3088883921656b39	0
TRACE	pp_replay_halving_ordinary	4714351	0x3aa015ce2d6143706db1f76c4b515b48cea46829196bda652b02afffffffffff	0x5e42463c4c1baf3475f98041acadb3b6d410c11307dea2e3088883921656b39	0
TRACE	pp_replay_halving_ordinary	4719574	0x3aa015ce2d6143706db1f76c4b515b48cea46829196bda652b02afffffffffff	0x5e42463c4c1baf3475f98041acadb3b6d410c11307dea2e3088883921656b39	0
TRACE	pp_replay_halving_ordinary	4724797	0x3aa015ce2d6143706db1f76c4b515b48cea46829196bda652b02afffffffffff	0x5e42463c4c1baf3475f98041acadb3b6d410c11307dea2e3088883921656b39	0
TRACE	pp_replay_halving_ordinary	4730020	0x3aa015ce2d6143706db1f76c4b515b48cea46829196bda652b02afffffffffff	0x5e42463c4c1baf3475f98041acadb3b6d410c11307dea2e3088883921656b39	0
TRACE	pp_replay_halving_ordinary	4735243	0x3aa015ce2d6143706db1f76c4b515b48cea46829196bda652b02afffffffffff	0x5e42463c4c1baf3475f98041acadb3b6d410c11307dea2e3088883921656b39	0
TRACE	pp_replay_halving_ordinary	4740466	0x3aa015ce2d6143706db1f76c4b515b48cea46829196bda652b02afffffffffff	0x5e42463c4c1baf3475f98041acadb3b6d410c11307dea2e3088883921656b39	0
TRACE	pp_replay_halving_ordinary	4745689	0x3aa015ce2d6143706db1f76c4b515b48cea46829196bda652b02afffffffffff	0x5e42463c4c1baf3475f98041acadb3b6d410c11307dea2e3088883921656b39	0
TRACE	pp_replay_halving_ordinary	4750912	0x3aa015ce2d6143706db1f76c4b515b48cea46829196bda652b02afffffffffff	0x5e42463c4c1baf3475f98041acadb3b6d410c11307dea2e3088883921656b39	0
TRACE	pp_replay_halving_ordinary	4756135	0x3aa015ce2d6143706db1f76c4b515b48cea46829196bda652b02afffffffffff	0x5e42463c4c1baf3475f98041acadb3b6d410c11307dea2e3088883921656b39	0
TRACE	pp_replay_halving_ordinary	4761358	0x3aa015ce2d6143706db1f76c4b515b48cea46829196bda652b02afffffffffff	0x5e42463c4c1baf3475f98041acadb3b6d410c11307dea2e3088883921656b39	0
TRACE	pp_replay_halving_ordinary	4766581	0x3aa015ce2d6143706db1f76c4b515b48cea46829196bda652b02afffffffffff	0x5e42463c4c1baf3475f98041acadb3b6d410c11307dea2e3088883921656b39	0
TRACE	pp_replay_halving_ordinary	4771804	0x3aa015ce2d6143706db1f76c4b515b48cea46829196bda652b02afffffffffff	0x5e42463c4c1baf3475f98041acadb3b6d410c11307dea2e3088883921656b39	0
TRACE	pp_replay_halving_ordinary	4777027	0x3aa015ce2d6143706db1f76c4b515b48cea46829196bda652b02afffffffffff	0x5e42463c4c1baf3475f98041acadb3b6d410c11307dea2e3088883921656b39	0
TRACE	pp_replay_halving_ordinary	4782250	0x3aa015ce2d6143706db1f76c4b515b48cea46829196bda652b02afffffffffff	0x5e42463c4c1baf3475f98041acadb3b6d410c11307dea2e3088883921656b39	0
TRACE	pp_replay_halving_ordinary	4787473	0x3aa015ce2d6143706db1f76c4b515b48cea46829196bda652b02afffffffffff	0x5e42463c4c1baf3475f98041acadb3b6d410c11307dea2e3088883921656b39	0
TRACE	pp_replay_halving_ordinary	4792696	0x3aa015ce2d6143706db1f76c4b515b48cea46829196bda652b02afffffffffff	0x5e42463c4c1baf3475f98041acadb3b6d410c11307dea2e3088883921656b39	0
TRACE	pp_replay_halving_ordinary	4797919	0x3aa015ce2d6143706db1f76c4b515b48cea46829196bda652b02afffffffffff	0x5e42463c4c1baf3475f98041acadb3b6d410c11307dea2e3088883921656b39	0
TRACE	pp_replay_halving_ordinary	4803142	0x3aa015ce2d6143706db1f76c4b515b48cea46829196bda652b02afffffffffff	0x5e42463c4c1baf3475f98041acadb3b6d410c11307dea2e3088883921656b39	0
TRACE	pp_replay_halving_ordinary	4808365	0x3aa015ce2d6143706db1f76c4b515b48cea46829196bda652b02afffffffffff	0x5e42463c4c1baf3475f98041acadb3b6d410c11307dea2e3088883921656b39	0
TRACE	pp_replay_halving_ordinary	4813588	0x3aa015ce2d6143706db1f76c4b515b48cea46829196bda652b02afffffffffff	0x5e42463c4c1baf3475f98041acadb3b6d410c11307dea2e3088883921656b39	0
TRACE	pp_replay_halving_ordinary	4818811	0x3aa015ce2d6143706db1f76c4b515b48cea46829196bda652b02afffffffffff	0x5e42463c4c1baf3475f98041acadb3b6d410c11307dea2e3088883921656b39	0
TRACE	pp_replay_halving_ordinary	4824034	0x3aa015ce2d6143706db1f76c4b515b48cea46829196bda652b02afffffffffff	0x5e42463c4c1baf3475f98041acadb3b6d410c11307dea2e3088883921656b39	0
TRACE	pp_replay_halving_ordinary	4829257	0x3aa015ce2d6143706db1f76c4b515b48cea46829196bda652b02afffffffffff	0x5e42463c4c1baf3475f98041acadb3b6d410c11307dea2e3088883921656b39	0
TRACE	pp_replay_halving_ordinary	4834480	0x3aa015ce2d6143706db1f76c4b515b48cea46829196bda652b02afffffffffff	0x5e42463c4c1baf3475f98041acadb3b6d410c11307dea2e3088883921656b39	0
TRACE	pp_replay_halving_ordinary	4839703	0x3aa015ce2d6143706db1f76c4b515b48cea46829196bda652b02afffffffffff	0x5e42463c4c1baf3475f98041acadb3b6d410c11307dea2e3088883921656b39	0
TRACE	pp_replay_halving_ordinary	4844926	0x3aa015ce2d6143706db1f76c4b515b48cea46829196bda652b02afffffffffff	0x5e42463c4c1baf3475f98041acadb3b6d410c11307dea2e3088883921656b39	0
TRACE	pp_replay_halving_ordinary	4850149	0x3aa015ce2d6143706db1f76c4b515b48cea46829196bda652b02afffffffffff	0x5e42463c4c1baf3475f98041acadb3b6d410c11307dea2e3088883921656b39	0
TRACE	pp_replay_halving_ordinary	4855372	0x3aa015ce2d6143706db1f76c4b515b48cea46829196bda652b02afffffffffff	0x5e42463c4c1baf3475f98041acadb3b6d410c11307dea2e3088883921656b39	0
TRACE	pp_replay_halving_ordinary	4860595	0x3aa015ce2d6143706db1f76c4b515b48cea46829196bda652b02afffffffffff	0x5e42463c4c1baf3475f98041acadb3b6d410c11307dea2e3088883921656b39	0
TRACE	pp_replay_halving_ordinary	4865818	0x3aa015ce2d6143706db1f76c4b515b48cea46829196bda652b02afffffffffff	0x5e42463c4c1baf3475f98041acadb3b6d410c11307dea2e3088883921656b39	0
TRACE	pp_replay_halving_ordinary	4871041	0x3aa015ce2d6143706db1f76c4b515b48cea46829196bda652b02afffffffffff	0x5e42463c4c1baf3475f98041acadb3b6d410c11307dea2e3088883921656b39	0
TRACE	pp_replay_halving_ordinary	4876264	0x3aa015ce2d6143706db1f76c4b515b48cea46829196bda652b02afffffffffff	0x5e42463c4c1baf3475f98041acadb3b6d410c11307dea2e3088883921656b39	0
TRACE	pp_replay_halving_ordinary	4881487	0x3aa015ce2d6143706db1f76c4b515b48cea46829196bda652b02afffffffffff	0x5e42463c4c1baf3475f98041acadb3b6d410c11307dea2e3088883921656b39	0
TRACE	pp_replay_halving_ordinary	4886710	0x3aa015ce2d6143706db1f76c4b515b48cea46829196bda652b02afffffffffff	0x5e42463c4c1baf3475f98041acadb3b6d410c11307dea2e3088883921656b39	0
TRACE	pp_replay_halving_ordinary	4891933	0x3aa015ce2d6143706db1f76c4b515b48cea46829196bda652b02afffffffffff	0x5e42463c4c1baf3475f98041acadb3b6d410c11307dea2e3088883921656b39	0
TRACE	pp_replay_halving_ordinary	4897156	0x3aa015ce2d6143706db1f76c4b515b48cea46829196bda652b02afffffffffff	0x5e42463c4c1baf3475f98041acadb3b6d410c11307dea2e3088883921656b39	0
TRACE	pp_replay_halving_ordinary	4902379	0x3aa015ce2d6143706db1f76c4b515b48cea46829196bda652b02afffffffffff	0x5e42463c4c1baf3475f98041acadb3b6d410c11307dea2e3088883921656b39	0
TRACE	pp_replay_halving_ordinary	4907602	0x3aa015ce2d6143706db1f76c4b515b48cea46829196bda652b02afffffffffff	0x5e42463c4c1baf3475f98041acadb3b6d410c11307dea2e3088883921656b39	0
TRACE	pp_replay_halving_ordinary	4912825	0x3aa015ce2d6143706db1f76c4b515b48cea46829196bda652b02afffffffffff	0x5e42463c4c1baf3475f98041acadb3b6d410c11307dea2e3088883921656b39	0
TRACE	pp_replay_halving_ordinary	4918048	0x3aa015ce2d6143706db1f76c4b515b48cea46829196bda652b02afffffffffff	0x5e42463c4c1baf3475f98041acadb3b6d410c11307dea2e3088883921656b39	0
TRACE	pp_replay_halving_ordinary	4923271	0x3aa015ce2d6143706db1f76c4b515b48cea46829196bda652b02afffffffffff	0x5e42463c4c1baf3475f98041acadb3b6d410c11307dea2e3088883921656b39	0
TRACE	pp_replay_halving_ordinary	4928494	0x3aa015ce2d6143706db1f76c4b515b48cea46829196bda652b02afffffffffff	0x5e42463c4c1baf3475f98041acadb3b6d410c11307dea2e3088883921656b39	0
TRACE	pp_replay_halving_ordinary	4933717	0x3aa015ce2d6143706db1f76c4b515b48cea46829196bda652b02afffffffffff	0x5e42463c4c1baf3475f98041acadb3b6d410c11307dea2e3088883921656b39	0
TRACE	pp_replay_halving_ordinary	4938940	0x3aa015ce2d6143706db1f76c4b515b48cea46829196bda652b02afffffffffff	0x5e42463c4c1baf3475f98041acadb3b6d410c11307dea2e3088883921656b39	0
TRACE	pp_replay_halving_ordinary	4944163	0x3aa015ce2d6143706db1f76c4b515b48cea46829196bda652b02afffffffffff	0x5e42463c4c1baf3475f98041acadb3b6d410c11307dea2e3088883921656b39	0
TRACE	pp_replay_halving_ordinary	4949386	0x3aa015ce2d6143706db1f76c4b515b48cea46829196bda652b02afffffffffff	0x5e42463c4c1baf3475f98041acadb3b6d410c11307dea2e3088883921656b39	0
TRACE	pp_replay_halving_ordinary	4954609	0x3aa015ce2d6143706db1f76c4b515b48cea46829196bda652b02afffffffffff	0x5e42463c4c1baf3475f98041acadb3b6d410c11307dea2e3088883921656b39	0
TRACE	pp_replay_halving_ordinary	4959832	0x3aa015ce2d6143706db1f76c4b515b48cea46829196bda652b02afffffffffff	0x5e42463c4c1baf3475f98041acadb3b6d410c11307dea2e3088883921656b39	0
TRACE	pp_replay_halving_ordinary	4965055	0x3aa015ce2d6143706db1f76c4b515b48cea46829196bda652b02afffffffffff	0x5e42463c4c1baf3475f98041acadb3b6d410c11307dea2e3088883921656b39	0
TRACE	pp_replay_halving_ordinary	4970278	0x3aa015ce2d6143706db1f76c4b515b48cea46829196bda652b02afffffffffff	0x5e42463c4c1baf3475f98041acadb3b6d410c11307dea2e3088883921656b39	0
TRACE	pp_replay_halving_ordinary	4975501	0x3aa015ce2d6143706db1f76c4b515b48cea46829196bda652b02afffffffffff	0x5e42463c4c1baf3475f98041acadb3b6d410c11307dea2e3088883921656b39	0
TRACE	pp_replay_halving_ordinary	4980724	0x3aa015ce2d6143706db1f76c4b515b48cea46829196bda652b02afffffffffff	0x5e42463c4c1baf3475f98041acadb3b6d410c11307dea2e3088883921656b39	0
TRACE	pp_replay_halving_ordinary	4985947	0x3aa015ce2d6143706db1f76c4b515b48cea46829196bda652b02afffffffffff	0x5e42463c4c1baf3475f98041acadb3b6d410c11307dea2e3088883921656b39	0
TRACE	pp_replay_halving_ordinary	4991170	0x3aa015ce2d6143706db1f76c4b515b48cea46829196bda652b02afffffffffff	0x5e42463c4c1baf3475f98041acadb3b6d410c11307dea2e3088883921656b39	0
TRACE	pp_replay_halving_ordinary	4996393	0x3aa015ce2d6143706db1f76c4b515b48cea46829196bda652b02afffffffffff	0x5e42463c4c1baf3475f98041acadb3b6d410c11307dea2e3088883921656b39	0
TRACE	pp_replay_halving_ordinary	5001616	0x3aa015ce2d6143706db1f76c4b515b48cea46829196bda652b02afffffffffff	0x5e42463c4c1baf3475f98041acadb3b6d410c11307dea2e3088883921656b39	0
TRACE	pp_endpoint	5003704	0x3aa015ce2d6143706db1f76c4b515b48cea46829196bda652b02afffffffffff	0xfa1bdb9c3b3e450cb8a067fbe53524c492bef3eecf8215d1cf7777c5de9a90f6	0
TRACE	pp_coefficient_clear	5003960	0x3aa015ce2d6143706db1f76c4b515b48cea46829196bda652b02afffffffffff	0xfa1bdb9c3b3e450cb8a067fbe53524c492bef3eecf8215d1cf7777c5de9a90f6	0
TRACE	pp_value_reverse	6307621	0xfffffffffffffffffffffffffffffffffffffffffffffffffffffffefffffc78	0xfa1bdb9c3b3e450cb8a067fbe53524c492bef3eecf8215d1cf7777c5de9a90f6	0
TRACE	pp_restore_layout	6308633	0xbec85fbf5c4ef8667136de219567af27d425caebf99f98dd0fa6ab9d18cc5978	0xfa1bdb9c3b3e450cb8a067fbe53524c492bef3eecf8215d1cf7777c5de9a90f6	0
TRACE	window_qrom_3x_load_walk	6312843	0xbec85fbf5c4ef8667136de219567af27d425caebf99f98dd0fa6ab9d18cc5978	0xfa1bdb9c3b3e450cb8a067fbe53524c492bef3eecf8215d1cf7777c5de9a90f6	0
TRACE	tlm_coord_add3x	6322890	0x24a917a8664abbc18e134b63e7babf2cd702930faae40292436af23b31ac7b7b	0xfa1bdb9c3b3e450cb8a067fbe53524c492bef3eecf8215d1cf7777c5de9a90f6	0
TRACE	window_qrom_3x_unload_walk	6323402	0x24a917a8664abbc18e134b63e7babf2cd702930faae40292436af23b31ac7b7b	0xfa1bdb9c3b3e450cb8a067fbe53524c492bef3eecf8215d1cf7777c5de9a90f6	1
TRACE	window_qrom_3x_unload_clear	6328302	0x24a917a8664abbc18e134b63e7babf2cd702930faae40292436af23b31ac7b7b	0xfa1bdb9c3b3e450cb8a067fbe53524c492bef3eecf8215d1cf7777c5de9a90f6	0
TRACE	tlm_square	6328558	0x24a917a8664abbc18e134b63e7babf2cd702930faae40292436af23b31ac7b7b	0xfa1bdb9c3b3e450cb8a067fbe53524c492bef3eecf8215d1cf7777c5de9a90f6	0
TRACE	square_product_register	7252531	0x119f60a34d10c8dcb0c28a786f743e55a9336ea8ed89895f6c95d1a36ad6fdaa	0xfa1bdb9c3b3e450cb8a067fbe53524c492bef3eecf8215d1cf7777c5de9a90f6	0
TRACE	pp_setup	7252781	0x119f60a34d10c8dcb0c28a786f743e55a9336ea8ed89895f6c95d1a36ad6fdaa	0xfa1bdb9c3b3e450cb8a067fbe53524c492bef3eecf8215d1cf7777c5de9a90f6	0
TRACE	pp_value_forward	8559066	0x3f00278a160eae76f1cf5bd3890be7c0b626473c87069dfb0f24b2ebffffffff	0xfa1bdb9c3b3e450cb8a067fbe53524c492bef3eecf8215d1cf7777c5de9a90f6	0
TRACE	pp_coefficient_allocate	8559322	0x3f00278a160eae76f1cf5bd3890be7c0b626473c87069dfb0f24b2ebffffffff	0xfa1bdb9c3b3e450cb8a067fbe53524c492bef3eecf8215d1cf7777c5de9a90f6	0
COEFFICIENT	pp_coefficient_allocate	8559322	0xfa1bdb9c3b3e450cb8a067fbe53524c492bef3eecf8215d1cf7777c5de9a90f6
TRACE	pp_endpoint	8561154	0x3f00278a160eae76f1cf5bd3890be7c0b626473c87069dfb0f24b2ebffffffff	0x5e42463c4c1baf3475f98041acadb3b6d410c11307dea2e3088883921656b39	0
COEFFICIENT	pp_endpoint	8561154	0xfa1bdb9c3b3e450cb8a067fbe53524c492bef3eecf8215d1cf7777c5de9a90f6
TRACE	pp_replay_inverse_ordinary	8566383	0x3f00278a160eae76f1cf5bd3890be7c0b626473c87069dfb0f24b2ebffffffff	0x5e42463c4c1baf3475f98041acadb3b6d410c11307dea2e3088883921656b39	0
COEFFICIENT	pp_replay_inverse_ordinary	8566383	0xfa1bdb9c3b3e450cb8a067fbe53524c492bef3eecf8215d1cf7777c5de9a90f6
TRACE	pp_replay_inverse_ordinary	8571612	0x3f00278a160eae76f1cf5bd3890be7c0b626473c87069dfb0f24b2ebffffffff	0x5e42463c4c1baf3475f98041acadb3b6d410c11307dea2e3088883921656b39	0
COEFFICIENT	pp_replay_inverse_ordinary	8571612	0xfa1bdb9c3b3e450cb8a067fbe53524c492bef3eecf8215d1cf7777c5de9a90f6
TRACE	pp_replay_inverse_ordinary	8576841	0x3f00278a160eae76f1cf5bd3890be7c0b626473c87069dfb0f24b2ebffffffff	0x5e42463c4c1baf3475f98041acadb3b6d410c11307dea2e3088883921656b39	0
COEFFICIENT	pp_replay_inverse_ordinary	8576841	0xfa1bdb9c3b3e450cb8a067fbe53524c492bef3eecf8215d1cf7777c5de9a90f6
TRACE	pp_replay_inverse_ordinary	8582070	0x3f00278a160eae76f1cf5bd3890be7c0b626473c87069dfb0f24b2ebffffffff	0x5e42463c4c1baf3475f98041acadb3b6d410c11307dea2e3088883921656b39	0
COEFFICIENT	pp_replay_inverse_ordinary	8582070	0xfa1bdb9c3b3e450cb8a067fbe53524c492bef3eecf8215d1cf7777c5de9a90f6
TRACE	pp_replay_inverse_ordinary	8587299	0x3f00278a160eae76f1cf5bd3890be7c0b626473c87069dfb0f24b2ebffffffff	0x5e42463c4c1baf3475f98041acadb3b6d410c11307dea2e3088883921656b39	0
COEFFICIENT	pp_replay_inverse_ordinary	8587299	0xfa1bdb9c3b3e450cb8a067fbe53524c492bef3eecf8215d1cf7777c5de9a90f6
TRACE	pp_replay_inverse_ordinary	8592528	0x3f00278a160eae76f1cf5bd3890be7c0b626473c87069dfb0f24b2ebffffffff	0x5e42463c4c1baf3475f98041acadb3b6d410c11307dea2e3088883921656b39	0
COEFFICIENT	pp_replay_inverse_ordinary	8592528	0xfa1bdb9c3b3e450cb8a067fbe53524c492bef3eecf8215d1cf7777c5de9a90f6
TRACE	pp_replay_inverse_ordinary	8597757	0x3f00278a160eae76f1cf5bd3890be7c0b626473c87069dfb0f24b2ebffffffff	0x5e42463c4c1baf3475f98041acadb3b6d410c11307dea2e3088883921656b39	0
COEFFICIENT	pp_replay_inverse_ordinary	8597757	0xfa1bdb9c3b3e450cb8a067fbe53524c492bef3eecf8215d1cf7777c5de9a90f6
TRACE	pp_replay_inverse_ordinary	8602986	0x3f00278a160eae76f1cf5bd3890be7c0b626473c87069dfb0f24b2ebffffffff	0x5e42463c4c1baf3475f98041acadb3b6d410c11307dea2e3088883921656b39	0
COEFFICIENT	pp_replay_inverse_ordinary	8602986	0xfa1bdb9c3b3e450cb8a067fbe53524c492bef3eecf8215d1cf7777c5de9a90f6
TRACE	pp_replay_inverse_ordinary	8608215	0x3f00278a160eae76f1cf5bd3890be7c0b626473c87069dfb0f24b2ebffffffff	0x5e42463c4c1baf3475f98041acadb3b6d410c11307dea2e3088883921656b39	0
COEFFICIENT	pp_replay_inverse_ordinary	8608215	0xfa1bdb9c3b3e450cb8a067fbe53524c492bef3eecf8215d1cf7777c5de9a90f6
TRACE	pp_replay_inverse_ordinary	8613444	0x3f00278a160eae76f1cf5bd3890be7c0b626473c87069dfb0f24b2ebffffffff	0x5e42463c4c1baf3475f98041acadb3b6d410c11307dea2e3088883921656b39	0
COEFFICIENT	pp_replay_inverse_ordinary	8613444	0xfa1bdb9c3b3e450cb8a067fbe53524c492bef3eecf8215d1cf7777c5de9a90f6
TRACE	pp_replay_inverse_ordinary	8618673	0x3f00278a160eae76f1cf5bd3890be7c0b626473c87069dfb0f24b2ebffffffff	0x5e42463c4c1baf3475f98041acadb3b6d410c11307dea2e3088883921656b39	0
COEFFICIENT	pp_replay_inverse_ordinary	8618673	0xfa1bdb9c3b3e450cb8a067fbe53524c492bef3eecf8215d1cf7777c5de9a90f6
TRACE	pp_replay_inverse_ordinary	8623902	0x3f00278a160eae76f1cf5bd3890be7c0b626473c87069dfb0f24b2ebffffffff	0x5e42463c4c1baf3475f98041acadb3b6d410c11307dea2e3088883921656b39	0
COEFFICIENT	pp_replay_inverse_ordinary	8623902	0xfa1bdb9c3b3e450cb8a067fbe53524c492bef3eecf8215d1cf7777c5de9a90f6
TRACE	pp_replay_inverse_ordinary	8629131	0x3f00278a160eae76f1cf5bd3890be7c0b626473c87069dfb0f24b2ebffffffff	0x5e42463c4c1baf3475f98041acadb3b6d410c11307dea2e3088883921656b39	0
COEFFICIENT	pp_replay_inverse_ordinary	8629131	0xfa1bdb9c3b3e450cb8a067fbe53524c492bef3eecf8215d1cf7777c5de9a90f6
TRACE	pp_replay_inverse_ordinary	8634360	0x3f00278a160eae76f1cf5bd3890be7c0b626473c87069dfb0f24b2ebffffffff	0x5e42463c4c1baf3475f98041acadb3b6d410c11307dea2e3088883921656b39	0
COEFFICIENT	pp_replay_inverse_ordinary	8634360	0xfa1bdb9c3b3e450cb8a067fbe53524c492bef3eecf8215d1cf7777c5de9a90f6
TRACE	pp_replay_inverse_ordinary	8639589	0x3f00278a160eae76f1cf5bd3890be7c0b626473c87069dfb0f24b2ebffffffff	0x5e42463c4c1baf3475f98041acadb3b6d410c11307dea2e3088883921656b39	0
COEFFICIENT	pp_replay_inverse_ordinary	8639589	0xfa1bdb9c3b3e450cb8a067fbe53524c492bef3eecf8215d1cf7777c5de9a90f6
TRACE	pp_replay_inverse_ordinary	8644818	0x3f00278a160eae76f1cf5bd3890be7c0b626473c87069dfb0f24b2ebffffffff	0x5e42463c4c1baf3475f98041acadb3b6d410c11307dea2e3088883921656b39	0
COEFFICIENT	pp_replay_inverse_ordinary	8644818	0xfa1bdb9c3b3e450cb8a067fbe53524c492bef3eecf8215d1cf7777c5de9a90f6
TRACE	pp_replay_inverse_ordinary	8650047	0x3f00278a160eae76f1cf5bd3890be7c0b626473c87069dfb0f24b2ebffffffff	0x5e42463c4c1baf3475f98041acadb3b6d410c11307dea2e3088883921656b39	0
COEFFICIENT	pp_replay_inverse_ordinary	8650047	0xfa1bdb9c3b3e450cb8a067fbe53524c492bef3eecf8215d1cf7777c5de9a90f6
TRACE	pp_replay_inverse_ordinary	8655276	0x3f00278a160eae76f1cf5bd3890be7c0b626473c87069dfb0f24b2ebffffffff	0x5e42463c4c1baf3475f98041acadb3b6d410c11307dea2e3088883921656b39	0
COEFFICIENT	pp_replay_inverse_ordinary	8655276	0xfa1bdb9c3b3e450cb8a067fbe53524c492bef3eecf8215d1cf7777c5de9a90f6
TRACE	pp_replay_inverse_ordinary	8660505	0x3f00278a160eae76f1cf5bd3890be7c0b626473c87069dfb0f24b2ebffffffff	0x5e42463c4c1baf3475f98041acadb3b6d410c11307dea2e3088883921656b39	0
COEFFICIENT	pp_replay_inverse_ordinary	8660505	0xfa1bdb9c3b3e450cb8a067fbe53524c492bef3eecf8215d1cf7777c5de9a90f6
TRACE	pp_replay_inverse_ordinary	8665734	0x3f00278a160eae76f1cf5bd3890be7c0b626473c87069dfb0f24b2ebffffffff	0x5e42463c4c1baf3475f98041acadb3b6d410c11307dea2e3088883921656b39	0
COEFFICIENT	pp_replay_inverse_ordinary	8665734	0xfa1bdb9c3b3e450cb8a067fbe53524c492bef3eecf8215d1cf7777c5de9a90f6
TRACE	pp_replay_inverse_ordinary	8670963	0x3f00278a160eae76f1cf5bd3890be7c0b626473c87069dfb0f24b2ebffffffff	0x5e42463c4c1baf3475f98041acadb3b6d410c11307dea2e3088883921656b39	0
COEFFICIENT	pp_replay_inverse_ordinary	8670963	0xfa1bdb9c3b3e450cb8a067fbe53524c492bef3eecf8215d1cf7777c5de9a90f6
TRACE	pp_replay_inverse_ordinary	8676192	0x3f00278a160eae76f1cf5bd3890be7c0b626473c87069dfb0f24b2ebffffffff	0x5e42463c4c1baf3475f98041acadb3b6d410c11307dea2e3088883921656b39	0
COEFFICIENT	pp_replay_inverse_ordinary	8676192	0xfa1bdb9c3b3e450cb8a067fbe53524c492bef3eecf8215d1cf7777c5de9a90f6
TRACE	pp_replay_inverse_ordinary	8681421	0x3f00278a160eae76f1cf5bd3890be7c0b626473c87069dfb0f24b2ebffffffff	0x5e42463c4c1baf3475f98041acadb3b6d410c11307dea2e3088883921656b39	0
COEFFICIENT	pp_replay_inverse_ordinary	8681421	0xfa1bdb9c3b3e450cb8a067fbe53524c492bef3eecf8215d1cf7777c5de9a90f6
TRACE	pp_replay_inverse_ordinary	8686650	0x3f00278a160eae76f1cf5bd3890be7c0b626473c87069dfb0f24b2ebffffffff	0x5e42463c4c1baf3475f98041acadb3b6d410c11307dea2e3088883921656b39	0
COEFFICIENT	pp_replay_inverse_ordinary	8686650	0xfa1bdb9c3b3e450cb8a067fbe53524c492bef3eecf8215d1cf7777c5de9a90f6
TRACE	pp_replay_inverse_ordinary	8691879	0x3f00278a160eae76f1cf5bd3890be7c0b626473c87069dfb0f24b2ebffffffff	0x5e42463c4c1baf3475f98041acadb3b6d410c11307dea2e3088883921656b39	0
COEFFICIENT	pp_replay_inverse_ordinary	8691879	0xfa1bdb9c3b3e450cb8a067fbe53524c492bef3eecf8215d1cf7777c5de9a90f6
TRACE	pp_replay_inverse_ordinary	8697108	0x3f00278a160eae76f1cf5bd3890be7c0b626473c87069dfb0f24b2ebffffffff	0x5e42463c4c1baf3475f98041acadb3b6d410c11307dea2e3088883921656b39	0
COEFFICIENT	pp_replay_inverse_ordinary	8697108	0xfa1bdb9c3b3e450cb8a067fbe53524c492bef3eecf8215d1cf7777c5de9a90f6
TRACE	pp_replay_inverse_ordinary	8702337	0x3f00278a160eae76f1cf5bd3890be7c0b626473c87069dfb0f24b2ebffffffff	0x5e42463c4c1baf3475f98041acadb3b6d410c11307dea2e3088883921656b39	0
COEFFICIENT	pp_replay_inverse_ordinary	8702337	0xfa1bdb9c3b3e450cb8a067fbe53524c492bef3eecf8215d1cf7777c5de9a90f6
TRACE	pp_replay_inverse_ordinary	8707566	0x3f00278a160eae76f1cf5bd3890be7c0b626473c87069dfb0f24b2ebffffffff	0x5e42463c4c1baf3475f98041acadb3b6d410c11307dea2e3088883921656b39	0
COEFFICIENT	pp_replay_inverse_ordinary	8707566	0xfa1bdb9c3b3e450cb8a067fbe53524c492bef3eecf8215d1cf7777c5de9a90f6
TRACE	pp_replay_inverse_ordinary	8712795	0x3f00278a160eae76f1cf5bd3890be7c0b626473c87069dfb0f24b2ebffffffff	0x5e42463c4c1baf3475f98041acadb3b6d410c11307dea2e3088883921656b39	0
COEFFICIENT	pp_replay_inverse_ordinary	8712795	0xfa1bdb9c3b3e450cb8a067fbe53524c492bef3eecf8215d1cf7777c5de9a90f6
TRACE	pp_replay_inverse_ordinary	8718024	0x3f00278a160eae76f1cf5bd3890be7c0b626473c87069dfb0f24b2ebffffffff	0x5e42463c4c1baf3475f98041acadb3b6d410c11307dea2e3088883921656b39	0
COEFFICIENT	pp_replay_inverse_ordinary	8718024	0xfa1bdb9c3b3e450cb8a067fbe53524c492bef3eecf8215d1cf7777c5de9a90f6
TRACE	pp_replay_inverse_ordinary	8723253	0x3f00278a160eae76f1cf5bd3890be7c0b626473c87069dfb0f24b2ebffffffff	0x5e42463c4c1baf3475f98041acadb3b6d410c11307dea2e3088883921656b39	0
COEFFICIENT	pp_replay_inverse_ordinary	8723253	0xfa1bdb9c3b3e450cb8a067fbe53524c492bef3eecf8215d1cf7777c5de9a90f6
TRACE	pp_replay_inverse_ordinary	8728482	0x3f00278a160eae76f1cf5bd3890be7c0b626473c87069dfb0f24b2ebffffffff	0x5e42463c4c1baf3475f98041acadb3b6d410c11307dea2e3088883921656b39	0
COEFFICIENT	pp_replay_inverse_ordinary	8728482	0xfa1bdb9c3b3e450cb8a067fbe53524c492bef3eecf8215d1cf7777c5de9a90f6
TRACE	pp_replay_inverse_ordinary	8733711	0x3f00278a160eae76f1cf5bd3890be7c0b626473c87069dfb0f24b2ebffffffff	0x5e42463c4c1baf3475f98041acadb3b6d410c11307dea2e3088883921656b39	0
COEFFICIENT	pp_replay_inverse_ordinary	8733711	0xfa1bdb9c3b3e450cb8a067fbe53524c492bef3eecf8215d1cf7777c5de9a90f6
TRACE	pp_replay_inverse_ordinary	8738940	0x3f00278a160eae76f1cf5bd3890be7c0b626473c87069dfb0f24b2ebffffffff	0x5e42463c4c1baf3475f98041acadb3b6d410c11307dea2e3088883921656b39	0
COEFFICIENT	pp_replay_inverse_ordinary	8738940	0xfa1bdb9c3b3e450cb8a067fbe53524c492bef3eecf8215d1cf7777c5de9a90f6
TRACE	pp_replay_inverse_ordinary	8744169	0x3f00278a160eae76f1cf5bd3890be7c0b626473c87069dfb0f24b2ebffffffff	0x5e42463c4c1baf3475f98041acadb3b6d410c11307dea2e3088883921656b39	0
COEFFICIENT	pp_replay_inverse_ordinary	8744169	0xfa1bdb9c3b3e450cb8a067fbe53524c492bef3eecf8215d1cf7777c5de9a90f6
TRACE	pp_replay_inverse_ordinary	8749398	0x3f00278a160eae76f1cf5bd3890be7c0b626473c87069dfb0f24b2ebffffffff	0x5e42463c4c1baf3475f98041acadb3b6d410c11307dea2e3088883921656b39	0
COEFFICIENT	pp_replay_inverse_ordinary	8749398	0xfa1bdb9c3b3e450cb8a067fbe53524c492bef3eecf8215d1cf7777c5de9a90f6
TRACE	pp_replay_inverse_ordinary	8754627	0x3f00278a160eae76f1cf5bd3890be7c0b626473c87069dfb0f24b2ebffffffff	0x5e42463c4c1baf3475f98041acadb3b6d410c11307dea2e3088883921656b39	0
COEFFICIENT	pp_replay_inverse_ordinary	8754627	0xfa1bdb9c3b3e450cb8a067fbe53524c492bef3eecf8215d1cf7777c5de9a90f6
TRACE	pp_replay_inverse_ordinary	8759856	0x3f00278a160eae76f1cf5bd3890be7c0b626473c87069dfb0f24b2ebffffffff	0x5e42463c4c1baf3475f98041acadb3b6d410c11307dea2e3088883921656b39	0
COEFFICIENT	pp_replay_inverse_ordinary	8759856	0xfa1bdb9c3b3e450cb8a067fbe53524c492bef3eecf8215d1cf7777c5de9a90f6
TRACE	pp_replay_inverse_ordinary	8765085	0x3f00278a160eae76f1cf5bd3890be7c0b626473c87069dfb0f24b2ebffffffff	0x5e42463c4c1baf3475f98041acadb3b6d410c11307dea2e3088883921656b39	0
COEFFICIENT	pp_replay_inverse_ordinary	8765085	0xfa1bdb9c3b3e450cb8a067fbe53524c492bef3eecf8215d1cf7777c5de9a90f6
TRACE	pp_replay_inverse_ordinary	8770314	0x3f00278a160eae76f1cf5bd3890be7c0b626473c87069dfb0f24b2ebffffffff	0x5e42463c4c1baf3475f98041acadb3b6d410c11307dea2e3088883921656b39	0
COEFFICIENT	pp_replay_inverse_ordinary	8770314	0xfa1bdb9c3b3e450cb8a067fbe53524c492bef3eecf8215d1cf7777c5de9a90f6
TRACE	pp_replay_inverse_ordinary	8775543	0x3f00278a160eae76f1cf5bd3890be7c0b626473c87069dfb0f24b2ebffffffff	0x5e42463c4c1baf3475f98041acadb3b6d410c11307dea2e3088883921656b39	0
COEFFICIENT	pp_replay_inverse_ordinary	8775543	0xfa1bdb9c3b3e450cb8a067fbe53524c492bef3eecf8215d1cf7777c5de9a90f6
TRACE	pp_replay_inverse_ordinary	8780772	0x3f00278a160eae76f1cf5bd3890be7c0b626473c87069dfb0f24b2ebffffffff	0x5e42463c4c1baf3475f98041acadb3b6d410c11307dea2e3088883921656b39	0
COEFFICIENT	pp_replay_inverse_ordinary	8780772	0xfa1bdb9c3b3e450cb8a067fbe53524c492bef3eecf8215d1cf7777c5de9a90f6
TRACE	pp_replay_inverse_ordinary	8786001	0x3f00278a160eae76f1cf5bd3890be7c0b626473c87069dfb0f24b2ebffffffff	0x5e42463c4c1baf3475f98041acadb3b6d410c11307dea2e3088883921656b39	0
COEFFICIENT	pp_replay_inverse_ordinary	8786001	0xfa1bdb9c3b3e450cb8a067fbe53524c492bef3eecf8215d1cf7777c5de9a90f6
TRACE	pp_replay_inverse_ordinary	8791230	0x3f00278a160eae76f1cf5bd3890be7c0b626473c87069dfb0f24b2ebffffffff	0x5e42463c4c1baf3475f98041acadb3b6d410c11307dea2e3088883921656b39	0
COEFFICIENT	pp_replay_inverse_ordinary	8791230	0xfa1bdb9c3b3e450cb8a067fbe53524c492bef3eecf8215d1cf7777c5de9a90f6
TRACE	pp_replay_inverse_ordinary	8796459	0x3f00278a160eae76f1cf5bd3890be7c0b626473c87069dfb0f24b2ebffffffff	0x5e42463c4c1baf3475f98041acadb3b6d410c11307dea2e3088883921656b39	0
COEFFICIENT	pp_replay_inverse_ordinary	8796459	0xfa1bdb9c3b3e450cb8a067fbe53524c492bef3eecf8215d1cf7777c5de9a90f6
TRACE	pp_replay_inverse_ordinary	8801688	0x3f00278a160eae76f1cf5bd3890be7c0b626473c87069dfb0f24b2ebffffffff	0x5e42463c4c1baf3475f98041acadb3b6d410c11307dea2e3088883921656b39	0
COEFFICIENT	pp_replay_inverse_ordinary	8801688	0xfa1bdb9c3b3e450cb8a067fbe53524c492bef3eecf8215d1cf7777c5de9a90f6
TRACE	pp_replay_inverse_ordinary	8806917	0x3f00278a160eae76f1cf5bd3890be7c0b626473c87069dfb0f24b2ebffffffff	0x5e42463c4c1baf3475f98041acadb3b6d410c11307dea2e3088883921656b39	0
COEFFICIENT	pp_replay_inverse_ordinary	8806917	0xfa1bdb9c3b3e450cb8a067fbe53524c492bef3eecf8215d1cf7777c5de9a90f6
TRACE	pp_replay_inverse_ordinary	8812146	0x3f00278a160eae76f1cf5bd3890be7c0b626473c87069dfb0f24b2ebffffffff	0x5e42463c4c1baf3475f98041acadb3b6d410c11307dea2e3088883921656b39	0
COEFFICIENT	pp_replay_inverse_ordinary	8812146	0xfa1bdb9c3b3e450cb8a067fbe53524c492bef3eecf8215d1cf7777c5de9a90f6
TRACE	pp_replay_inverse_ordinary	8817375	0x3f00278a160eae76f1cf5bd3890be7c0b626473c87069dfb0f24b2ebffffffff	0x5e42463c4c1baf3475f98041acadb3b6d410c11307dea2e3088883921656b39	0
COEFFICIENT	pp_replay_inverse_ordinary	8817375	0xfa1bdb9c3b3e450cb8a067fbe53524c492bef3eecf8215d1cf7777c5de9a90f6
TRACE	pp_replay_inverse_ordinary	8822604	0x3f00278a160eae76f1cf5bd3890be7c0b626473c87069dfb0f24b2ebffffffff	0x5e42463c4c1baf3475f98041acadb3b6d410c11307dea2e3088883921656b39	0
COEFFICIENT	pp_replay_inverse_ordinary	8822604	0xfa1bdb9c3b3e450cb8a067fbe53524c492bef3eecf8215d1cf7777c5de9a90f6
TRACE	pp_replay_inverse_ordinary	8827833	0x3f00278a160eae76f1cf5bd3890be7c0b626473c87069dfb0f24b2ebffffffff	0x5e42463c4c1baf3475f98041acadb3b6d410c11307dea2e3088883921656b39	0
COEFFICIENT	pp_replay_inverse_ordinary	8827833	0xfa1bdb9c3b3e450cb8a067fbe53524c492bef3eecf8215d1cf7777c5de9a90f6
TRACE	pp_replay_inverse_ordinary	8833062	0x3f00278a160eae76f1cf5bd3890be7c0b626473c87069dfb0f24b2ebffffffff	0x5e42463c4c1baf3475f98041acadb3b6d410c11307dea2e3088883921656b39	0
COEFFICIENT	pp_replay_inverse_ordinary	8833062	0xfa1bdb9c3b3e450cb8a067fbe53524c492bef3eecf8215d1cf7777c5de9a90f6
TRACE	pp_replay_inverse_ordinary	8838291	0x3f00278a160eae76f1cf5bd3890be7c0b626473c87069dfb0f24b2ebffffffff	0x5e42463c4c1baf3475f98041acadb3b6d410c11307dea2e3088883921656b39	0
COEFFICIENT	pp_replay_inverse_ordinary	8838291	0xfa1bdb9c3b3e450cb8a067fbe53524c492bef3eecf8215d1cf7777c5de9a90f6
TRACE	pp_replay_inverse_ordinary	8843520	0x3f00278a160eae76f1cf5bd3890be7c0b626473c87069dfb0f24b2ebffffffff	0x5e42463c4c1baf3475f98041acadb3b6d410c11307dea2e3088883921656b39	0
COEFFICIENT	pp_replay_inverse_ordinary	8843520	0xfa1bdb9c3b3e450cb8a067fbe53524c492bef3eecf8215d1cf7777c5de9a90f6
TRACE	pp_replay_inverse_ordinary	8848749	0x3f00278a160eae76f1cf5bd3890be7c0b626473c87069dfb0f24b2ebffffffff	0x5e42463c4c1baf3475f98041acadb3b6d410c11307dea2e3088883921656b39	0
COEFFICIENT	pp_replay_inverse_ordinary	8848749	0xfa1bdb9c3b3e450cb8a067fbe53524c492bef3eecf8215d1cf7777c5de9a90f6
TRACE	pp_replay_inverse_ordinary	8853978	0x3f00278a160eae76f1cf5bd3890be7c0b626473c87069dfb0f24b2ebffffffff	0x5e42463c4c1baf3475f98041acadb3b6d410c11307dea2e3088883921656b39	0
COEFFICIENT	pp_replay_inverse_ordinary	8853978	0xfa1bdb9c3b3e450cb8a067fbe53524c492bef3eecf8215d1cf7777c5de9a90f6
TRACE	pp_replay_inverse_ordinary	8859207	0x3f00278a160eae76f1cf5bd3890be7c0b626473c87069dfb0f24b2ebffffffff	0x5e42463c4c1baf3475f98041acadb3b6d410c11307dea2e3088883921656b39	0
COEFFICIENT	pp_replay_inverse_ordinary	8859207	0xfa1bdb9c3b3e450cb8a067fbe53524c492bef3eecf8215d1cf7777c5de9a90f6
TRACE	pp_replay_inverse_ordinary	8864436	0x3f00278a160eae76f1cf5bd3890be7c0b626473c87069dfb0f24b2ebffffffff	0x5e42463c4c1baf3475f98041acadb3b6d410c11307dea2e3088883921656b39	0
COEFFICIENT	pp_replay_inverse_ordinary	8864436	0xfa1bdb9c3b3e450cb8a067fbe53524c492bef3eecf8215d1cf7777c5de9a90f6
TRACE	pp_replay_inverse_ordinary	8869665	0x3f00278a160eae76f1cf5bd3890be7c0b626473c87069dfb0f24b2ebffffffff	0x5e42463c4c1baf3475f98041acadb3b6d410c11307dea2e3088883921656b39	0
COEFFICIENT	pp_replay_inverse_ordinary	8869665	0xfa1bdb9c3b3e450cb8a067fbe53524c492bef3eecf8215d1cf7777c5de9a90f6
TRACE	pp_replay_inverse_ordinary	8874894	0x3f00278a160eae76f1cf5bd3890be7c0b626473c87069dfb0f24b2ebffffffff	0x5e42463c4c1baf3475f98041acadb3b6d410c11307dea2e3088883921656b39	0
COEFFICIENT	pp_replay_inverse_ordinary	8874894	0xfa1bdb9c3b3e450cb8a067fbe53524c492bef3eecf8215d1cf7777c5de9a90f6
TRACE	pp_replay_inverse_ordinary	8880123	0x3f00278a160eae76f1cf5bd3890be7c0b626473c87069dfb0f24b2ebffffffff	0x5e42463c4c1baf3475f98041acadb3b6d410c11307dea2e3088883921656b39	0
COEFFICIENT	pp_replay_inverse_ordinary	8880123	0xfa1bdb9c3b3e450cb8a067fbe53524c492bef3eecf8215d1cf7777c5de9a90f6
TRACE	pp_replay_inverse_ordinary	8885352	0x3f00278a160eae76f1cf5bd3890be7c0b626473c87069dfb0f24b2ebffffffff	0x5e42463c4c1baf3475f98041acadb3b6d410c11307dea2e3088883921656b39	0
COEFFICIENT	pp_replay_inverse_ordinary	8885352	0xfa1bdb9c3b3e450cb8a067fbe53524c492bef3eecf8215d1cf7777c5de9a90f6
TRACE	pp_replay_inverse_ordinary	8890581	0x3f00278a160eae76f1cf5bd3890be7c0b626473c87069dfb0f24b2ebffffffff	0x5e42463c4c1baf3475f98041acadb3b6d410c11307dea2e3088883921656b39	0
COEFFICIENT	pp_replay_inverse_ordinary	8890581	0xfa1bdb9c3b3e450cb8a067fbe53524c492bef3eecf8215d1cf7777c5de9a90f6
TRACE	pp_replay_inverse_ordinary	8895810	0x3f00278a160eae76f1cf5bd3890be7c0b626473c87069dfb0f24b2ebffffffff	0x5e42463c4c1baf3475f98041acadb3b6d410c11307dea2e3088883921656b39	0
COEFFICIENT	pp_replay_inverse_ordinary	8895810	0xfa1bdb9c3b3e450cb8a067fbe53524c492bef3eecf8215d1cf7777c5de9a90f6
TRACE	pp_replay_inverse_ordinary	8901039	0x3f00278a160eae76f1cf5bd3890be7c0b626473c87069dfb0f24b2ebffffffff	0x5e42463c4c1baf3475f98041acadb3b6d410c11307dea2e3088883921656b39	0
COEFFICIENT	pp_replay_inverse_ordinary	8901039	0xfa1bdb9c3b3e450cb8a067fbe53524c492bef3eecf8215d1cf7777c5de9a90f6
TRACE	pp_replay_inverse_ordinary	8906268	0x3f00278a160eae76f1cf5bd3890be7c0b626473c87069dfb0f24b2ebffffffff	0x5e42463c4c1baf3475f98041acadb3b6d410c11307dea2e3088883921656b39	0
COEFFICIENT	pp_replay_inverse_ordinary	8906268	0xfa1bdb9c3b3e450cb8a067fbe53524c492bef3eecf8215d1cf7777c5de9a90f6
TRACE	pp_replay_inverse_ordinary	8911497	0x3f00278a160eae76f1cf5bd3890be7c0b626473c87069dfb0f24b2ebffffffff	0x5e42463c4c1baf3475f98041acadb3b6d410c11307dea2e3088883921656b39	0
COEFFICIENT	pp_replay_inverse_ordinary	8911497	0xee5392d4b1bacf2629e137f3af9f6e4db83cdbcc6e8641756e6667539bcfba84
TRACE	pp_replay_inverse_ordinary	8916726	0x3f00278a160eae76f1cf5bd3890be7c0b626473c87069dfb0f24b2ebffffffff	0x1d74b5f2d7c8a6c064ddf81485f6482922453c55f27592e6f2aaa91da6fb181d	0
COEFFICIENT	pp_replay_inverse_ordinary	8916726	0xee5392d4b1bacf2629e137f3af9f6e4db83cdbcc6e8641756e6667539bcfba84
TRACE	pp_replay_inverse_ordinary	8921955	0x3f00278a160eae76f1cf5bd3890be7c0b626473c87069dfb0f24b2ebffffffff	0x1d74b5f2d7c8a6c064ddf81485f6482922453c55f27592e6f2aaa91da6fb181d	0
COEFFICIENT	pp_replay_inverse_ordinary	8921955	0xfa1bdb9c3b3e450cb8a067fbe53524c492bef3eecf8215d1cf7777c5de9a90f6
TRACE	pp_replay_inverse_ordinary	8927184	0x3f00278a160eae76f1cf5bd3890be7c0b626473c87069dfb0f24b2ebffffffff	0x35054781eacf928d825c5824f121b516d7496c9ab46d3b9fb4ccca022c90c501	0
COEFFICIENT	pp_replay_inverse_ordinary	8927184	0xfa1bdb9c3b3e450cb8a067fbe53524c492bef3eecf8215d1cf7777c5de9a90f6
TRACE	pp_replay_inverse_ordinary	8932413	0x3f00278a160eae76f1cf5bd3890be7c0b626473c87069dfb0f24b2ebffffffff	0x35054781eacf928d825c5824f121b516d7496c9ab46d3b9fb4ccca022c90c501	0
COEFFICIENT	pp_replay_inverse_ordinary	8932413	0x293cfeba614c1ca6f39d281cbb8bfe9ffcc754785371674353bbb98fe9c5ee8f
TRACE	pp_replay_inverse_ordinary	8937642	0x3f00278a160eae76f1cf5bd3890be7c0b626473c87069dfb0f24b2ebffffffff	0x40cd904974530874111b882d26b76b8db1cb84bd15690ffc15ddda746f5b9b73	0
COEFFICIENT	pp_replay_inverse_ordinary	8937642	0x293cfeba614c1ca6f39d281cbb8bfe9ffcc754785371674353bbb98fe9c5ee8f
TRACE	pp_replay_inverse_ordinary	8942871	0x3f00278a160eae76f1cf5bd3890be7c0b626473c87069dfb0f24b2ebffffffff	0x40cd904974530874111b882d26b76b8db1cb84bd15690ffc15ddda746f5b9b73	0
COEFFICIENT	pp_replay_inverse_ordinary	8942871	0x11ac6d2b4e4530d9d61ec80c506091b247c324339179be8a919998ab643041ab
TRACE	pp_replay_inverse_ordinary	8948100	0x3f00278a160eae76f1cf5bd3890be7c0b626473c87069dfb0f24b2ebffffffff	0x6feeb3679a60e00e4c18484dfd0e45691bd3e5469958616d9a221c3d7a86f53b	0
COEFFICIENT	pp_replay_inverse_ordinary	8948100	0x11ac6d2b4e4530d9d61ec80c506091b247c324339179be8a919998ab643041ab
TRACE	pp_replay_inverse_ordinary	8953329	0x3f00278a160eae76f1cf5bd3890be7c0b626473c87069dfb0f24b2ebffffffff	0x6feeb3679a60e00e4c18484dfd0e45691bd3e5469958616d9a221c3d7a86f53b	0
COEFFICIENT	pp_replay_inverse_ordinary	8953329	0x93478dbe36eb41c1f855d8669dcf68cdab5a2dadbc4bde82bd554d9442e77891
TRACE	pp_replay_inverse_ordinary	8958558	0x3f00278a160eae76f1cf5bd3890be7c0b626473c87069dfb0f24b2ebffffffff	0x4c95d910fdd67e5a9fdab8355c4d22048c4d9cdf7664e45876eeeae6b22671e5	0
COEFFICIENT	pp_replay_inverse_ordinary	8958558	0x93478dbe36eb41c1f855d8669dcf68cdab5a2dadbc4bde82bd554d9442e77891
TRACE	pp_replay_inverse_ordinary	8963787	0x3f00278a160eae76f1cf5bd3890be7c0b626473c87069dfb0f24b2ebffffffff	0x4c95d910fdd67e5a9fdab8355c4d22048c4d9cdf7664e45876eeeae6b22671e5	0
COEFFICIENT	pp_replay_inverse_ordinary	8963787	0x7324f48d6bad01de9086690297ebf39fe301f83aeefca15df199861037f566d8
TRACE	pp_replay_inverse_ordinary	8969016	0x3f00278a160eae76f1cf5bd3890be7c0b626473c87069dfb0f24b2ebffffffff	0x2606bd948ffffad6af2f076820ae506935994183fdcd2752fc444fbd2c577cf2	0
COEFFICIENT	pp_replay_inverse_ordinary	8969016	0x7324f48d6bad01de9086690297ebf39fe301f83aeefca15df199861037f566d8
TRACE	pp_replay_inverse_ordinary	8974245	0x3f00278a160eae76f1cf5bd3890be7c0b626473c87069dfb0f24b2ebffffffff	0x2606bd948ffffad6af2f076820ae506935994183fdcd2752fc444fbd2c577cf2	0
COEFFICIENT	pp_replay_inverse_ordinary	8974245	0xc50a6af6759fe93d03bd96d508637a8fb9d31f9dbc66a0edf775bde9c424e73
TRACE	pp_replay_inverse_ordinary	8979474	0x3f00278a160eae76f1cf5bd3890be7c0b626473c87069dfb0f24b2ebffffffff	0x585e21d88759f4412e99e83d91e2d87b66cfb501d760b8b4d7fffb58f4f14857	0
COEFFICIENT	pp_replay_inverse_ordinary	8979474	0xc50a6af6759fe93d03bd96d508637a8fb9d31f9dbc66a0edf775bde9c424e73
TRACE	pp_replay_inverse_ordinary	8984703	0x3f00278a160eae76f1cf5bd3890be7c0b626473c87069dfb0f24b2ebffffffff	0x585e21d88759f4412e99e83d91e2d87b66cfb501d760b8b4d7fffb58f4f14857	0
COEFFICIENT	pp_replay_inverse_ordinary	8984703	0x70ff6f37560df168cf119b1832ef47cd5e0a18f58eed8cd296eeb3162d75e53d
TRACE	pp_replay_inverse_ordinary	8989932	0x3f00278a160eae76f1cf5bd3890be7c0b626473c87069dfb0f24b2ebffffffff	0x3fbcd479b8a5f7198e223562f0d669296f95510e1fd3e4971911439bbc6cab71	0
COEFFICIENT	pp_replay_inverse_ordinary	8989932	0x70ff6f37560df168cf119b1832ef47cd5e0a18f58eed8cd296eeb3162d75e53d
TRACE	pp_replay_inverse_ordinary	8995161	0x3f00278a160eae76f1cf5bd3890be7c0b626473c87069dfb0f24b2ebffffffff	0x3fbcd479b8a5f7198e223562f0d669296f95510e1fd3e4971911439bbc6cab71	0
COEFFICIENT	pp_replay_inverse_ordinary	8995161	0x21bbb2e864c1d9eb2c456b9356b4f8c42ba982f93daefe3c46eea9c9175879bc
TRACE	pp_replay_inverse_ordinary	9000390	0x3f00278a160eae76f1cf5bd3890be7c0b626473c87069dfb0f24b2ebffffffff	0xa1355bdbd60dc81e4889d6593861cb170ad425157d56c76a791131009031d09e	0
COEFFICIENT	pp_replay_inverse_ordinary	9000390	0x21bbb2e864c1d9eb2c456b9356b4f8c42ba982f93daefe3c46eea9c9175879bc
TRACE	pp_replay_inverse_ordinary	9005619	0x3f00278a160eae76f1cf5bd3890be7c0b626473c87069dfb0f24b2ebffffffff	0xa1355bdbd60dc81e4889d6593861cb170ad425157d56c76a791131009031d09e	0
COEFFICIENT	pp_replay_inverse_ordinary	9005619	0xe4acc1ac9f917bf4a114ad7fe5cbbc9f62272b07f8b4c3e306ee8492bee2c416
TRACE	pp_replay_inverse_ordinary	9010848	0x3f00278a160eae76f1cf5bd3890be7c0b626473c87069dfb0f24b2ebffffffff	0x271779644bad0c3132285a32568f52cd77cf7532f36252b7f910e695df466cf4	0
COEFFICIENT	pp_replay_inverse_ordinary	9010848	0xe4acc1ac9f917bf4a114ad7fe5cbbc9f62272b07f8b4c3e306ee8492bee2c416
TRACE	pp_replay_inverse_ordinary	9016077	0x3f00278a160eae76f1cf5bd3890be7c0b626473c87069dfb0f24b2ebffffffff	0x271779644bad0c3132285a32568f52cd77cf7532f36252b7f910e695df466cf4	0
COEFFICIENT	pp_replay_inverse_ordinary	9016077	0xa24209f4f375ebb8100100cd750826714c7ee0dcfe07350e14cc22909e7f1f09
TRACE	pp_replay_inverse_ordinary	9021306	0x3f00278a160eae76f1cf5bd3890be7c0b626473c87069dfb0f24b2ebffffffff	0xabece8d3a3e42caa544fb39738167f29a3200988e8bd7061dd55aa9a200db70e	0
COEFFICIENT	pp_replay_inverse_ordinary	9021306	0xa24209f4f375ebb8100100cd750826714c7ee0dcfe07350e14cc22909e7f1f09
TRACE	pp_replay_inverse_ordinary	9026535	0x3f00278a160eae76f1cf5bd3890be7c0b626473c87069dfb0f24b2ebffffffff	0xabece8d3a3e42caa544fb39738167f29a3200988e8bd7061dd55aa9a200db70e	0
COEFFICIENT	pp_replay_inverse_ordinary	9026535	0x98972b164307aac5cbb24e03b1f9cdb8f5ddb8311350f9ba4c429a871cf08704
TRACE	pp_replay_inverse_ordinary	9031764	0x3f00278a160eae76f1cf5bd3890be7c0b626473c87069dfb0f24b2ebffffffff	0xbf42a69104c0ae8edced192abe33309a50625ae0be29e7096e68baad232ae718	0
COEFFICIENT	pp_replay_inverse_ordinary	9031764	0x98972b164307aac5cbb24e03b1f9cdb8f5ddb8311350f9ba4c429a871cf08704
TRACE	pp_replay_inverse_ordinary	9036993	0x3f00278a160eae76f1cf5bd3890be7c0b626473c87069dfb0f24b2ebffffffff	0xbf42a69104c0ae8edced192abe33309a50625ae0be29e7096e68baad232ae718	0
COEFFICIENT	pp_replay_inverse_ordinary	9036993	0xf070fcbd8ad0041a7451b5322226cc0c3c1dcb42e4cbda7e06edefbc5d0bf8f1
TRACE	pp_replay_inverse_ordinary	9042222	0x3f00278a160eae76f1cf5bd3890be7c0b626473c87069dfb0f24b2ebffffffff	0x6ef649df945161382e2be7879e8d2d40dce28104611fa890e3bf6518a361cec3	0
COEFFICIENT	pp_replay_inverse_ordinary	9042222	0xf070fcbd8ad0041a7451b5322226cc0c3c1dcb42e4cbda7e06edefbc5d0bf8f1
TRACE	pp_replay_inverse_ordinary	9047451	0x3f00278a160eae76f1cf5bd3890be7c0b626473c87069dfb0f24b2ebffffffff	0x6ef649df945161382e2be7879e8d2d40dce28104611fa890e3bf6518a361cec3	0
COEFFICIENT	pp_replay_inverse_ordinary	9047451	0x4fd8435aa9f1696d16cf51ebe2dac559551e178a2ab75d8cf19b44935d79c847
TRACE	pp_replay_inverse_ordinary	9052680	0x3f00278a160eae76f1cf5bd3890be7c0b626473c87069dfb0f24b2ebffffffff	0x2dc4d719d2942bdd732720fb1ff51fdb0ee31992ecf6aeaeb91a0ec5a43d699e	0
COEFFICIENT	pp_replay_inverse_ordinary	9052680	0x4fd8435aa9f1696d16cf51ebe2dac559551e178a2ab75d8cf19b44935d79c847
TRACE	pp_replay_inverse_ordinary	9057909	0x3f00278a160eae76f1cf5bd3890be7c0b626473c87069dfb0f24b2ebffffffff	0x2dc4d719d2942bdd732720fb1ff51fdb0ee31992ecf6aeaeb91a0ec5a43d699e	0
COEFFICIENT	pp_replay_inverse_ordinary	9057909	0xcd755dcf2676feb7a0c5c4d2e5aaaa8db91f48a7426569c89c5097ec5f30fa2c
TRACE	pp_replay_inverse_ordinary	9063138	0x3f00278a160eae76f1cf5bd3890be7c0b626473c87069dfb0f24b2ebffffffff	0x8e1450647eb1590345887d235a3f952864a6ea7e9787f394d5e3859de949d53f	0
COEFFICIENT	pp_replay_inverse_ordinary	9063138	0xcd755dcf2676feb7a0c5c4d2e5aaaa8db91f48a7426569c89c5097ec5f30fa2c
TRACE	pp_replay_inverse_ordinary	9068367	0x3f00278a160eae76f1cf5bd3890be7c0b626473c87069dfb0f24b2ebffffffff	0x8e1450647eb1590345887d235a3f952864a6ea7e9787f394d5e3859de949d53f	0
COEFFICIENT	pp_replay_inverse_ordinary	9068367	0xcd66b39ce3ca46bfc030c827115bff30d97a6cfed42dffc62bdaa3bd51822ea
TRACE	pp_replay_inverse_ordinary	9073596	0x3f00278a160eae76f1cf5bd3890be7c0b626473c87069dfb0f24b2ebffffffff	0xf52358f2f260d9a8f0dedc443696a5dbbb62e2d41cd072d49096100fd7b8b65	0
COEFFICIENT	pp_replay_inverse_ordinary	9073596	0xcd66b39ce3ca46bfc030c827115bff30d97a6cfed42dffc62bdaa3bd51822ea
TRACE	pp_replay_inverse_ordinary	9078825	0x3f00278a160eae76f1cf5bd3890be7c0b626473c87069dfb0f24b2ebffffffff	0xf52358f2f260d9a8f0dedc443696a5dbbb62e2d41cd072d49096100fd7b8b65	0
COEFFICIENT	pp_replay_inverse_ordinary	9078825	0x28ff0c02cb9f5672871406c92594ea43d6e57bcd1c52c7260e84b578a7abd139
TRACE	pp_replay_inverse_ordinary	9084054	0x3f00278a160eae76f1cf5bd3890be7c0b626473c87069dfb0f24b2ebffffffff	0x47a3772129eb71a7a52fe251ac67beff4e51d8279fecd580a097777aa2a2e803	0
COEFFICIENT	pp_replay_inverse_ordinary	9084054	0x28ff0c02cb9f5672871406c92594ea43d6e57bcd1c52c7260e84b578a7abd139
TRACE	pp_replay_inverse_ordinary	9089283	0x3f00278a160eae76f1cf5bd3890be7c0b626473c87069dfb0f24b2ebffffffff	0x47a3772129eb71a7a52fe251ac67beff4e51d8279fecd580a097777aa2a2e803	0
COEFFICIENT	pp_replay_inverse_ordinary	9089283	0x99a18f26c12a1e8cb357efe3f7919386fc1ccfc1d89263ccbda0e26bf1fa8a75
TRACE	pp_replay_inverse_ordinary	9094512	0x3f00278a160eae76f1cf5bd3890be7c0b626473c87069dfb0f24b2ebffffffff	0xf5a55f1b92acc4c29707d4bf613dea77a086e08d67474734838e0c88534b41c0	0
COEFFICIENT	pp_replay_inverse_ordinary	9094512	0x99a18f26c12a1e8cb357efe3f7919386fc1ccfc1d89263ccbda0e26bf1fa8a75
TRACE	pp_replay_inverse_ordinary	9099741	0x3f00278a160eae76f1cf5bd3890be7c0b626473c87069dfb0f24b2ebffffffff	0xf5a55f1b92acc4c29707d4bf613dea77a086e08d67474734838e0c88534b41c0	0
COEFFICIENT	pp_replay_inverse_ordinary	9099741	0x3d9dbf31efa77856cfa80b088de53c9657b2bef649dd8064f7b3b84f90a9d32a
TRACE	pp_replay_inverse_ordinary	9104970	0x3f00278a160eae76f1cf5bd3890be7c0b626473c87069dfb0f24b2ebffffffff	0x28e87d69150101dbfdb7b4875061118598c08011186c0ecdfecfd16237405e4c	0
COEFFICIENT	pp_replay_inverse_ordinary	9104970	0x3d9dbf31efa77856cfa80b088de53c9657b2bef649dd8064f7b3b84f90a9d32a
TRACE	pp_replay_inverse_ordinary	9110199	0x3f00278a160eae76f1cf5bd3890be7c0b626473c87069dfb0f24b2ebffffffff	0x28e87d69150101dbfdb7b4875061118598c08011186c0ecdfecfd16237405e4c	0
COEFFICIENT	pp_replay_inverse_ordinary	9110199	0x525300faca4deed1a1986189cb6967a716a4fddb7b4ef1fbf0979f3cea134808
TRACE	pp_replay_inverse_ordinary	9115428	0x3f00278a160eae76f1cf5bd3890be7c0b626473c87069dfb0f24b2ebffffffff	0xff7df9d75fb414e659d70784d558bb641adc0246b5892ba00d080386846d70bf	0
COEFFICIENT	pp_replay_inverse_ordinary	9115428	0x525300faca4deed1a1986189cb6967a716a4fddb7b4ef1fbf0979f3cea134808
TRACE	pp_replay_inverse_ordinary	9120657	0x3f00278a160eae76f1cf5bd3890be7c0b626473c87069dfb0f24b2ebffffffff	0xff7df9d75fb414e659d70784d558bb641adc0246b5892ba00d080386846d70bf	0
COEFFICIENT	pp_replay_inverse_ordinary	9120657	0xa423fbccf44ff2899d07ca986c2b8ab24825fdfdac270f97ee374201589404a0
TRACE	pp_replay_inverse_ordinary	9125886	0x3f00278a160eae76f1cf5bd3890be7c0b626473c87069dfb0f24b2ebffffffff	0x5ad7f7e1cb18374316a644713e85ec15ed92068fbeeb47a82bd8c50cb046e0af	0
COEFFICIENT	pp_replay_inverse_ordinary	9125886	0xa423fbccf44ff2899d07ca986c2b8ab24825fdfdac270f97ee374201589404a0
TRACE	pp_replay_inverse_ordinary	9131115	0x3f00278a160eae76f1cf5bd3890be7c0b626473c87069dfb0f24b2ebffffffff	0x5ad7f7e1cb18374316a644713e85ec15ed92068fbeeb47a82bd8c50cb046e0af	0
COEFFICIENT	pp_replay_inverse_ordinary	9131115	0xa31fef7bb3b81c5650b5d9a216dd017a7dde028b173966d808474910616eedc0
TRACE	pp_replay_inverse_ordinary	9136344	0x3f00278a160eae76f1cf5bd3890be7c0b626473c87069dfb0f24b2ebffffffff	0x12900047e278522fdc96af40662ed6b15d460a94669d28784f6a4108ff1ed39e	0
COEFFICIENT	pp_replay_inverse_ordinary	9136344	0xa31fef7bb3b81c5650b5d9a216dd017a7dde028b173966d808474910616eedc0
TRACE	pp_replay_inverse_ordinary	9141573	0x3f00278a160eae76f1cf5bd3890be7c0b626473c87069dfb0f24b2ebffffffff	0x12900047e278522fdc96af40662ed6b15d460a94669d28784f6a4108ff1ed39e	0
COEFFICIENT	pp_replay_inverse_ordinary	9141573	0x58cfdf3f49e88adc7e02628493e8d9a659020faa950ff6285ff8d32ac1fcb2ef
TRACE	pp_replay_inverse_ordinary	9146802	0x3f00278a160eae76f1cf5bd3890be7c0b626473c87069dfb0f24b2ebffffffff	0xcc5021507b0819833b2afbfc3874d3bc618a057e382a5ac83edbaee63c40f07c	0
COEFFICIENT	pp_replay_inverse_ordinary	9146802	0x58cfdf3f49e88adc7e02628493e8d9a659020faa950ff6285ff8d32ac1fcb2ef
TRACE	pp_replay_inverse_ordinary	9152031	0x3f00278a160eae76f1cf5bd3890be7c0b626473c87069dfb0f24b2ebffffffff	0xcc5021507b0819833b2afbfc3874d3bc618a057e382a5ac83edbaee63c40f07c	0
COEFFICIENT	pp_replay_inverse_ordinary	9152031	0xe54f9d2e18c8fc35c0d9c90cef5cdf90507a19d6f1f591888115f76e47b87191
TRACE	pp_replay_inverse_ordinary	9157260	0x3f00278a160eae76f1cf5bd3890be7c0b626473c87069dfb0f24b2ebffffffff	0x7defdfcf0ed92f3c372fc10560468709138e24d3624a4718fecd553cc03a5a2b	0
COEFFICIENT	pp_replay_inverse_ordinary	9157260	0xe54f9d2e18c8fc35c0d9c90cef5cdf90507a19d6f1f591888115f76e47b87191
TRACE	pp_replay_inverse_ordinary	9162489	0x3f00278a160eae76f1cf5bd3890be7c0b626473c87069dfb0f24b2ebffffffff	0x7defdfcf0ed92f3c372fc10560468709138e24d3624a4718fecd553cc03a5a2b	0
COEFFICIENT	pp_replay_inverse_ordinary	9162489	0x488f1a2b406b27a7b8e3531f3f004629b482588146356a2a00f9441b4fab44ef
TRACE	pp_replay_inverse_ordinary	9167718	0x3f00278a160eae76f1cf5bd3890be7c0b626473c87069dfb0f24b2ebffffffff	0xb350a572dd4736d0b57c2eeb818cc7e87299f1257e5f2407fca1665e30c96f67	0
COEFFICIENT	pp_replay_inverse_ordinary	9167718	0x488f1a2b406b27a7b8e3531f3f004629b482588146356a2a00f9441b4fab44ef
TRACE	pp_replay_inverse_ordinary	9172947	0x3f00278a160eae76f1cf5bd3890be7c0b626473c87069dfb0f24b2ebffffffff	0xb350a572dd4736d0b57c2eeb818cc7e87299f1257e5f2407fca1665e30c96f67	0
COEFFICIENT	pp_replay_inverse_ordinary	9172947	0xddcd8ee3a38f187ebc4a7752fc73c46af66abfdd0e0bb04c055121d76e8d16a6
TRACE	pp_replay_inverse_ordinary	9178176	0x3f00278a160eae76f1cf5bd3890be7c0b626473c87069dfb0f24b2ebffffffff	0x88d3bc0216ff5522aeade68406a5cb65eec9226deeb297c3f3f1aae4f305c828	0
COEFFICIENT	pp_replay_inverse_ordinary	9178176	0xddcd8ee3a38f187ebc4a7752fc73c46af66abfdd0e0bb04c055121d76e8d16a6
TRACE	pp_replay_inverse_ordinary	9183405	0x3f00278a160eae76f1cf5bd3890be7c0b626473c87069dfb0f24b2ebffffffff	0x88d3bc0216ff5522aeade68406a5cb65eec9226deeb297c3f3f1aae4f305c828	0
COEFFICIENT	pp_replay_inverse_ordinary	9183405	0x32c761c5301edbdac9e70821f241bd6ffe0c5d4c2d64c8d416b098caea1468f5
TRACE	pp_replay_inverse_ordinary	9188634	0x3f00278a160eae76f1cf5bd3890be7c0b626473c87069dfb0f24b2ebffffffff	0xdee0163efddfce6a9374c4e61b09d95bdf85e78fb00066b3d132bcfefbf7275b	0
COEFFICIENT	pp_replay_inverse_ordinary	9188634	0x32c761c5301edbdac9e70821f241bd6ffe0c5d4c2d64c8d416b098caea1468f5
TRACE	pp_replay_inverse_ordinary	9193863	0x3f00278a160eae76f1cf5bd3890be7c0b626473c87069dfb0f24b2ebffffffff	0xdee0163efddfce6a9374c4e61b09d95bdf85e78fb00066b3d132bcfefbf7275b	0
COEFFICIENT	pp_replay_inverse_ordinary	9193863	0x86aead4b625de94b00594b5dc979a1841c92d308aac92af45c2e7495d831a6be
TRACE	pp_replay_inverse_ordinary	9199092	0x3f00278a160eae76f1cf5bd3890be7c0b626473c87069dfb0f24b2ebffffffff	0x446ed9c95e1d86202742d529ff8d543bdb9ea2280ac9f85bfe93ee95d01ffd16	0
COEFFICIENT	pp_replay_inverse_ordinary	9199092	0x86aead4b625de94b00594b5dc979a1841c92d308aac92af45c2e7495d831a6be
TRACE	pp_replay_inverse_ordinary	9204321	0x3f00278a160eae76f1cf5bd3890be7c0b626473c87069dfb0f24b2ebffffffff	0x446ed9c95e1d86202742d529ff8d543bdb9ea2280ac9f85bfe93ee95d01ffd16	0
COEFFICIENT	pp_replay_inverse_ordinary	9204321	0x51cc346022d958b627f56be59280974414c44839605c4e44b6f0d7c280834e63
TRACE	pp_replay_inverse_ordinary	9209550	0x3f00278a160eae76f1cf5bd3890be7c0b626473c87069dfb0f24b2ebffffffff	0x37117f329961b38a26903e6e6c9a1133a278fc16b537a273463705691fbcabc9	0
COEFFICIENT	pp_replay_inverse_ordinary	9209550	0x51cc346022d958b627f56be59280974414c44839605c4e44b6f0d7c280834e63
TRACE	pp_replay_inverse_ordinary	9214779	0x3f00278a160eae76f1cf5bd3890be7c0b626473c87069dfb0f24b2ebffffffff	0x37117f329961b38a26903e6e6c9a1133a278fc16b537a273463705691fbcabc9	0
COEFFICIENT	pp_replay_inverse_ordinary	9214779	0xdaa9e7f2df1464f6767b1639919b3fbbcc018c8975f03efcb418b4ee20c3488f
TRACE	pp_replay_inverse_ordinary	9220008	0x3f00278a160eae76f1cf5bd3890be7c0b626473c87069dfb0f24b2ebffffffff	0x48cce65811d7cc0ac39b93166acf622310f384b6e05f83e34086bfc1603ca3f2	0
COEFFICIENT	pp_replay_inverse_ordinary	9220008	0xdaa9e7f2df1464f6767b1639919b3fbbcc018c8975f03efcb418b4ee20c3488f
TRACE	pp_replay_inverse_ordinary	9225237	0x3f00278a160eae76f1cf5bd3890be7c0b626473c87069dfb0f24b2ebffffffff	0x48cce65811d7cc0ac39b93166acf622310f384b6e05f83e34086bfc1603ca3f2	0
COEFFICIENT	pp_replay_inverse_ordinary	9225237	0xfe20b63dd00095f7b091bf898e05e19aa8f69dc9cc4001dca8b8299ea1c338e1
TRACE	pp_replay_inverse_ordinary	9230466	0x3f00278a160eae76f1cf5bd3890be7c0b626473c87069dfb0f24b2ebffffffff	0x9379167253af021dd6a566a34798e2ab78f06ba3f47f05e9d85555e31eb60b32	0
COEFFICIENT	pp_replay_inverse_ordinary	9230466	0xfe20b63dd00095f7b091bf898e05e19aa8f69dc9cc4001dca8b8299ea1c338e1
TRACE	pp_replay_inverse_ordinary	9235695	0x3f00278a160eae76f1cf5bd3890be7c0b626473c87069dfb0f24b2ebffffffff	0x9379167253af021dd6a566a34798e2ab78f06ba3f47f05e9d85555e31eb60b32	0
COEFFICIENT	pp_replay_inverse_ordinary	9235695	0x8fba82edf3b02e0d37c8e5b663a4a5e0cadda7378cff09a329c5a922623c8496
TRACE	pp_replay_inverse_ordinary	9240924	0x3f00278a160eae76f1cf5bd3890be7c0b626473c87069dfb0f24b2ebffffffff	0xb6acafd29b0e3248e513b2fcf2d66b37bcbe7e7f75fd1576da7054e99fa89ecb	0
COEFFICIENT	pp_replay_inverse_ordinary	9240924	0x8fba82edf3b02e0d37c8e5b663a4a5e0cadda7378cff09a329c5a922623c8496
TRACE	pp_replay_inverse_ordinary	9246153	0x3f00278a160eae76f1cf5bd3890be7c0b626473c87069dfb0f24b2ebffffffff	0xb6acafd29b0e3248e513b2fcf2d66b37bcbe7e7f75fd1576da7054e99fa89ecb	0
COEFFICIENT	pp_replay_inverse_ordinary	9246153	0xd621b5ae826e8e6354a57e69ba1fb6f95279ccee8ffb28bd2dfba72f6421abc8
TRACE	pp_replay_inverse_ordinary	9251382	0x3f00278a160eae76f1cf5bd3890be7c0b626473c87069dfb0f24b2ebffffffff	0x9737a9f6b3add62e7581e7902b8d1f76270330105bff023086e502a3db2f91ce	0
COEFFICIENT	pp_replay_inverse_ordinary	9251382	0xd621b5ae826e8e6354a57e69ba1fb6f95279ccee8ffb28bd2dfba72f6421abc8
TRACE	pp_replay_inverse_ordinary	9256611	0x3f00278a160eae76f1cf5bd3890be7c0b626473c87069dfb0f24b2ebffffffff	0x9737a9f6b3add62e7581e7902b8d1f76270330105bff023086e502a3db2f91ce	0
COEFFICIENT	pp_replay_inverse_ordinary	9256611	0x150bc166512f469833c9154348b24e7c7df069ccc3f74f49d5124bbbed13c993
TRACE	pp_replay_inverse_ordinary	9261840	0x3f00278a160eae76f1cf5bd3890be7c0b626473c87069dfb0f24b2ebffffffff	0x437b1553b88af2f51ecce4639fcc8d68cbf6c9ed7bf553aae2dc5104a372f100	0
COEFFICIENT	pp_replay_inverse_ordinary	9261840	0x150bc166512f469833c9154348b24e7c7df069ccc3f74f49d5124bbbed13c993
TRACE	pp_replay_inverse_ordinary	9267069	0x3f00278a160eae76f1cf5bd3890be7c0b626473c87069dfb0f24b2ebffffffff	0x437b1553b88af2f51ecce4639fcc8d68cbf6c9ed7bf553aae2dc5104a372f100	0
COEFFICIENT	pp_replay_inverse_ordinary	9267069	0xe69c6d78e9d39a3b48c54622f1980f902fea09ac0bf94ae8c748467236b49e55
TRACE	pp_replay_inverse_ordinary	9272298	0x3f00278a160eae76f1cf5bd3890be7c0b626473c87069dfb0f24b2ebffffffff	0xa059bd2e87424baef4d482a44e010b4168038a2eebf15c6cfe705b9610313fda	0
COEFFICIENT	pp_replay_inverse_ordinary	9272298	0xe69c6d78e9d39a3b48c54622f1980f902fea09ac0bf94ae8c748467236b49e55
TRACE	pp_replay_inverse_ordinary	9277527	0x3f00278a160eae76f1cf5bd3890be7c0b626473c87069dfb0f24b2ebffffffff	0xa059bd2e87424baef4d482a44e010b4168038a2eebf15c6cfe705b9610313fda	0
COEFFICIENT	pp_replay_inverse_ordinary	9277527	0x2cdf1dc34c64e8c79cb609a1952f13def7d089292c0139649020314f5d3800a1
TRACE	pp_replay_inverse_ordinary	9282756	0x3f00278a160eae76f1cf5bd3890be7c0b626473c87069dfb0f24b2ebffffffff	0x13d45c99c21fae964cf2fba706d302a3d8368b34abe17f756cc085ddc32a82e4	0
COEFFICIENT	pp_replay_inverse_ordinary	9282756	0x2cdf1dc34c64e8c79cb609a1952f13def7d089292c0139649020314f5d3800a1
TRACE	pp_replay_inverse_ordinary	9287985	0x3f00278a160eae76f1cf5bd3890be7c0b626473c87069dfb0f24b2ebffffffff	0x13d45c99c21fae964cf2fba706d302a3d8368b34abe17f756cc085ddc32a82e4	0
COEFFICIENT	pp_replay_inverse_ordinary	9287985	0x45e9deecd6aa22f8ec79179c238b251a176a871dac20f353b37fdcc0f7457e5e
TRACE	pp_replay_inverse_ordinary	9293214	0x3f00278a160eae76f1cf5bd3890be7c0b626473c87069dfb0f24b2ebffffffff	0xe1beda46ad953a33ad6cdfb1ea1ae02d99028f4baba20b9726012ef98f0f8399	0
COEFFICIENT	pp_replay_inverse_ordinary	9293214	0x45e9deecd6aa22f8ec79179c238b251a176a871dac20f353b37fdcc0f7457e5e
TRACE	pp_replay_inverse_ordinary	9298443	0x3f00278a160eae76f1cf5bd3890be7c0b626473c87069dfb0f24b2ebffffffff	0xe1beda46ad953a33ad6cdfb1ea1ae02d99028f4baba20b9726012ef98f0f8399	0
COEFFICIENT	pp_replay_inverse_ordinary	9298443	0xaa14e392ffbf0bbe2b854f865cfb6a0695d27eefac9fdb1040fe8a875f7b7552
TRACE	pp_replay_inverse_ordinary	9303672	0x3f00278a160eae76f1cf5bd3890be7c0b626473c87069dfb0f24b2ebffffffff	0x6d9298205ae98025865f0eea31312a61c7d79d8703e3f23e8d00e87c7d9a8426	0
COEFFICIENT	pp_replay_inverse_ordinary	9303672	0xaa14e392ffbf0bbe2b854f865cfb6a0695d27eefac9fdb1040fe8a875f7b7552
TRACE	pp_replay_inverse_ordinary	9308901	0x3f00278a160eae76f1cf5bd3890be7c0b626473c87069dfb0f24b2ebffffffff	0x6d9298205ae98025865f0eea31312a61c7d79d8703e3f23e8d00e87c7d9a8426	0
COEFFICIENT	pp_replay_inverse_ordinary	9308901	0xc1bc5f465a6797a1dd69adf6eb27fe6ef37c9b665d23a85f0efdfd8c3c91729b
TRACE	pp_replay_inverse_ordinary	9314130	0x3f00278a160eae76f1cf5bd3890be7c0b626473c87069dfb0f24b2ebffffffff	0x1968d0fa5b6b68a92f546fdd773a56549c329fa7aaa43c1e0b03d36cbea395b1	0
COEFFICIENT	pp_replay_inverse_ordinary	9314130	0xc1bc5f465a6797a1dd69adf6eb27fe6ef37c9b665d23a85f0efdfd8c3c91729b
TRACE	pp_replay_inverse_ordinary	9319359	0x3f00278a160eae76f1cf5bd3890be7c0b626473c87069dfb0f24b2ebffffffff	0x1968d0fa5b6b68a92f546fdd773a56549c329fa7aaa43c1e0b03d36cbea395b1	0
COEFFICIENT	pp_replay_inverse_ordinary	9319359	0x9ce18f87103a97ecea27cbcb4d8a5332832bd67464eb8cdc28ffce8637c67eb8
TRACE	pp_replay_inverse_ordinary	9324588	0x3f00278a160eae76f1cf5bd3890be7c0b626473c87069dfb0f24b2ebffffffff	0x95f0126da69c3965748113efa0ea5976b53968daf05ceb5fed07d8524580a8d9	0
COEFFICIENT	pp_replay_inverse_ordinary	9324588	0x9ce18f87103a97ecea27cbcb4d8a5332832bd67464eb8cdc28ffce8637c67eb8
TRACE	pp_replay_inverse_ordinary	9329817	0x3f00278a160eae76f1cf5bd3890be7c0b626473c87069dfb0f24b2ebffffffff	0x95f0126da69c3965748113efa0ea5976b53968daf05ceb5fed07d8524580a8d9	0
COEFFICIENT	pp_replay_inverse_ordinary	9329817	0xa3d30ca079d8f6745fce83a6fa2a4cee511e440dd97a2e5864f7c4ba2a0c5497
TRACE	pp_replay_inverse_ordinary	9335046	0x3f00278a160eae76f1cf5bd3890be7c0b626473c87069dfb0f24b2ebffffffff	0xcfb3317bc711693f48d0ab863bfeffdbbb9115c3ba3405183f07755fb50daa1a	0
COEFFICIENT	pp_replay_inverse_ordinary	9335046	0xa3d30ca079d8f6745fce83a6fa2a4cee511e440dd97a2e5864f7c4ba2a0c5497
TRACE	pp_replay_inverse_ordinary	9340275	0x3f00278a160eae76f1cf5bd3890be7c0b626473c87069dfb0f24b2ebffffffff	0xcfb3317bc711693f48d0ab863bfeffdbbb9115c3ba3405183f07755fb50daa1a	0
COEFFICIENT	pp_replay_inverse_ordinary	9340275	0x17594abcbac35628086db2d4305399b85dcd9ddf6d2861c908f6fed609265aea
TRACE	pp_replay_inverse_ordinary	9345504	0x3f00278a160eae76f1cf5bd3890be7c0b626473c87069dfb0f24b2ebffffffff	0xb6bfadb448e628a69a0f09e0a851996fd4efc966e1906bf98705e9967341b2ef	0
COEFFICIENT	pp_replay_inverse_ordinary	9345504	0x17594abcbac35628086db2d4305399b85dcd9ddf6d2861c908f6fed609265aea
TRACE	pp_replay_inverse_ordinary	9350733	0x3f00278a160eae76f1cf5bd3890be7c0b626473c87069dfb0f24b2ebffffffff	0xb6bfadb448e628a69a0f09e0a851996fd4efc966e1906bf98705e9967341b2ef	0
COEFFICIENT	pp_replay_inverse_ordinary	9350733	0x77f2e7c52ca083a976cc5bc7b8559a00e6ab7257f8c057988ae814149f0aff14
TRACE	pp_replay_inverse_ordinary	9355962	0x3f00278a160eae76f1cf5bd3890be7c0b626473c87069dfb0f24b2ebffffffff	0xe572432dbe6cd4f6aaea6f8908f8cce0908b0525bbe12f8b98f3e742858e68c3	0
COEFFICIENT	pp_replay_inverse_ordinary	9355962	0x77f2e7c52ca083a976cc5bc7b8559a00e6ab7257f8c057988ae814149f0aff14
TRACE	pp_replay_inverse_ordinary	9361191	0x3f00278a160eae76f1cf5bd3890be7c0b626473c87069dfb0f24b2ebffffffff	0xe572432dbe6cd4f6aaea6f8908f8cce0908b0525bbe12f8b98f3e742858e68c3	0
COEFFICIENT	pp_replay_inverse_ordinary	9361191	0xd55812b817addc499883271879a400e25de1e9d5ad61debcaec40f6cc3a46abc
TRACE	pp_replay_inverse_ordinary	9366420	0x3f00278a160eae76f1cf5bd3890be7c0b626473c87069dfb0f24b2ebffffffff	0xf58c73a3652bcda3bd51b7f9984d98dec3342075ca60805a8323bf18477866ca	0
COEFFICIENT	pp_replay_inverse_ordinary	9366420	0xd55812b817addc499883271879a400e25de1e9d5ad61debcaec40f6cc3a46abc
TRACE	pp_replay_inverse_ordinary	9371649	0x3f00278a160eae76f1cf5bd3890be7c0b626473c87069dfb0f24b2ebffffffff	0xf58c73a3652bcda3bd51b7f9984d98dec3342075ca60805a8323bf18477866ca	0
COEFFICIENT	pp_replay_inverse_ordinary	9371649	0xa03c991394878636ee58062a8b959aa37ef7f42125243dd3e0abddf3cec143e4
TRACE	pp_replay_inverse_ordinary	9376878	0x3f00278a160eae76f1cf5bd3890be7c0b626473c87069dfb0f24b2ebffffffff	0x4adc4e3335d015108c4b69c8a505971a07704cca6f9cc2e1259ba03dc02f8d81	0
COEFFICIENT	pp_replay_inverse_ordinary	9376878	0xa03c991394878636ee58062a8b959aa37ef7f42125243dd3e0abddf3cec143e4
TRACE	pp_replay_inverse_ordinary	9382107	0x3f00278a160eae76f1cf5bd3890be7c0b626473c87069dfb0f24b2ebffffffff	0x4adc4e3335d015108c4b69c8a505971a07704cca6f9cc2e1259ba03dc02f8d81	0
COEFFICIENT	pp_replay_inverse_ordinary	9382107	0x8b55805a5edf217e68fb761dbc30cc610560350cb9e53e88e6f35c265db2191a
TRACE	pp_replay_inverse_ordinary	9387336	0x3f00278a160eae76f1cf5bd3890be7c0b626473c87069dfb0f24b2ebffffffff	0xa631c0c0cc108a2af9b5d738dda61d309806488255447396443e45522ad01e8	0
COEFFICIENT	pp_replay_inverse_ordinary	9387336	0x8b55805a5edf217e68fb761dbc30cc610560350cb9e53e88e6f35c265db2191a
TRACE	pp_replay_inverse_ordinary	9392565	0x3f00278a160eae76f1cf5bd3890be7c0b626473c87069dfb0f24b2ebffffffff	0xa631c0c0cc108a2af9b5d738dda61d309806488255447396443e45522ad01e8	0
COEFFICIENT	pp_replay_inverse_ordinary	9392565	0x210e1cc0ca7f4b9f819249af063bfa951440cea1991ec44b322a9ca2de1137ed
TRACE	pp_replay_inverse_ordinary	9397794	0x3f00278a160eae76f1cf5bd3890be7c0b626473c87069dfb0f24b2ebffffffff	0x35d454d8e4015ce4e0c9049621f0be3b274197b1e3c752bdfab2654d236b3bbd	0
COEFFICIENT	pp_replay_inverse_ordinary	9397794	0x210e1cc0ca7f4b9f819249af063bfa951440cea1991ec44b322a9ca2de1137ed
TRACE	pp_replay_inverse_ordinary	9403023	0x3f00278a160eae76f1cf5bd3890be7c0b626473c87069dfb0f24b2ebffffffff	0x35d454d8e4015ce4e0c9049621f0be3b274197b1e3c752bdfab2654d236b3bbd	0
COEFFICIENT	pp_replay_inverse_ordinary	9403023	0x77f08e5a78fff423e3ed97f42e68b3654fc334f51604db545f079e92df8dab97
TRACE	pp_replay_inverse_ordinary	9408252	0x3f00278a160eae76f1cf5bd3890be7c0b626473c87069dfb0f24b2ebffffffff	0xe399380c4102adeda57fa120724a2fdb9e466458dd9380d0546c692d26642311	0
COEFFICIENT	pp_replay_inverse_ordinary	9408252	0x77f08e5a78fff423e3ed97f42e68b3654fc334f51604db545f079e92df8dab97
TRACE	pp_replay_inverse_ordinary	9413481	0x3f00278a160eae76f1cf5bd3890be7c0b626473c87069dfb0f24b2ebffffffff	0xe399380c4102adeda57fa120724a2fdb9e466458dd9380d0546c692d26642311	0
COEFFICIENT	pp_replay_inverse_ordinary	9413481	0xd37a54c1330296356d5ad108cf1b96a63dccce43099d3779127ba653e57f7e10
TRACE	pp_replay_inverse_ordinary	9418710	0x3f00278a160eae76f1cf5bd3890be7c0b626473c87069dfb0f24b2ebffffffff	0xf3b81b574f02c5a5dda471381578c910febffa6eb189ca27965d2c066748c812	0
COEFFICIENT	pp_replay_inverse_ordinary	9418710	0xd37a54c1330296356d5ad108cf1b96a63dccce43099d3779127ba653e57f7e10
TRACE	pp_replay_inverse_ordinary	9423939	0x3f00278a160eae76f1cf5bd3890be7c0b626473c87069dfb0f24b2ebffffffff	0xf3b81b574f02c5a5dda471381578c910febffa6eb189ca27965d2c066748c812	0
COEFFICIENT	pp_replay_inverse_ordinary	9423939	0xb33c8e2b170266c4fd1130d988be643b7cd9a21761b0a4ca8e9a20a163b6340e
TRACE	pp_replay_inverse_ordinary	9429168	0x3f00278a160eae76f1cf5bd3890be7c0b626473c87069dfb0f24b2ebffffffff	0x3433a88387032486be37b196a2332de680a652c60162ef849e20376c6adb5fe7	0
COEFFICIENT	pp_replay_inverse_ordinary	9429168	0xb33c8e2b170266c4fd1130d988be643b7cd9a21761b0a4ca8e9a20a163b6340e
TRACE	pp_replay_inverse_ordinary	9434397	0x3f00278a160eae76f1cf5bd3890be7c0b626473c87069dfb0f24b2ebffffffff	0x3433a88387032486be37b196a2332de680a652c60162ef849e20376c6adb5fe7	0
COEFFICIENT	pp_replay_inverse_ordinary	9434397	0x9aacc4d9b507f210b85a1349b3aff65d7a5996f4c4c43919bb5478b03247cbd4
TRACE	pp_replay_inverse_ordinary	9439626	0x3f00278a160eae76f1cf5bd3890be7c0b626473c87069dfb0f24b2ebffffffff	0xcdba8c2d58fe56fcc4154fe390b6656f86f30e973e01a5ef80ebf627a36ef029	0
COEFFICIENT	pp_replay_inverse_ordinary	9439626	0x9aacc4d9b507f210b85a1349b3aff65d7a5996f4c4c43919bb5478b03247cbd4
TRACE	pp_replay_inverse_ordinary	9444855	0x3f00278a160eae76f1cf5bd3890be7c0b626473c87069dfb0f24b2ebffffffff	0xcdba8c2d58fe56fcc4154fe390b6656f86f30e973e01a5ef80ebf627a36ef029	0
COEFFICIENT	pp_replay_inverse_ordinary	9444855	0x31415e0c30e3b1e34c97676f816522a7ba63c80c78a1822f794e78a07fe8f73
TRACE	pp_replay_inverse_ordinary	9450084	0x3f00278a160eae76f1cf5bd3890be7c0b626473c87069dfb0f24b2ebffffffff	0x9e892e3b750ae917bcf4163e19831d09898c59af438d6401f96cd3da4edc7396	0
COEFFICIENT	pp_replay_inverse_ordinary	9450084	0x31415e0c30e3b1e34c97676f816522a7ba63c80c78a1822f794e78a07fe8f73
TRACE	pp_replay_inverse_ordinary	9455313	0x3f00278a160eae76f1cf5bd3890be7c0b626473c87069dfb0f24b2ebffffffff	0x9e892e3b750ae917bcf4163e19831d09898c59af438d6401f96cd3da4edc7396	0
COEFFICIENT	pp_replay_inverse_ordinary	9455313	0xa4b159fcfb275f542687032c09afc15e80d8d2b0d2a19447e896a2ee5ed9927c
TRACE	pp_replay_inverse_ordinary	9460542	0x3f00278a160eae76f1cf5bd3890be7c0b626473c87069dfb0f24b2ebffffffff	0xe1c3b673e53d3183a06f2fa83cb5fb7193f1860f59bc5c4bdb704aa3fc927d79	0
COEFFICIENT	pp_replay_inverse_ordinary	9460542	0xa4b159fcfb275f542687032c09afc15e80d8d2b0d2a19447e896a2ee5ed9927c
TRACE	pp_replay_inverse_ordinary	9465771	0x3f00278a160eae76f1cf5bd3890be7c0b626473c87069dfb0f24b2ebffffffff	0xe1c3b673e53d3183a06f2fa83cb5fb7193f1860f59bc5c4bdb704aa3fc927d79	0
COEFFICIENT	pp_replay_inverse_ordinary	9465771	0x2b266a6ddb8bf02bed7d360050157e2e95a32b70feff84dbac9d9082ba45aa13
TRACE	pp_replay_inverse_ordinary	9471000	0x3f00278a160eae76f1cf5bd3890be7c0b626473c87069dfb0f24b2ebffffffff	0x98610279eeee72db53612950295678b4923fe0adb47933bc0a4304c63edf54b0	0
COEFFICIENT	pp_replay_inverse_ordinary	9471000	0x2b266a6ddb8bf02bed7d360050157e2e95a32b70feff84dbac9d9082ba45aa13
TRACE	pp_replay_inverse_ordinary	9476229	0x3f00278a160eae76f1cf5bd3890be7c0b626473c87069dfb0f24b2ebffffffff	0x98610279eeee72db53612950295678b4923fe0adb47933bc0a4304c63edf54b0	0
COEFFICIENT	pp_replay_inverse_ordinary	9476229	0xbdebd261c8296d7c879942b076d483a8990676344985d5fb4ef81c3e35abfba5
TRACE	pp_replay_inverse_ordinary	9481458	0x3f00278a160eae76f1cf5bd3890be7c0b626473c87069dfb0f24b2ebffffffff	0xeeadd755a60653332e5b9550c9817511bd86378fb2783d73637e25cbb36aa8d6	0
COEFFICIENT	pp_replay_inverse_ordinary	9481458	0xbdebd261c8296d7c879942b076d483a8990676344985d5fb4ef81c3e35abfba5
TRACE	pp_replay_inverse_ordinary	9486687	0x3f00278a160eae76f1cf5bd3890be7c0b626473c87069dfb0f24b2ebffffffff	0xeeadd755a60653332e5b9550c9817511bd86378fb2783d73637e25cbb36aa8d6	0
COEFFICIENT	pp_replay_inverse_ordinary	9486687	0x8d29cd6dea4c87c5e0d6f0102427923f7486b4d8e0936e833a7212b0b7ed4e74
TRACE	pp_replay_inverse_ordinary	9491916	0x3f00278a160eae76f1cf5bd3890be7c0b626473c87069dfb0f24b2ebffffffff	0x5031e13d61c01ea07be03a916edb57e40685ba46845d0c638c8a38e7aee80709	0
COEFFICIENT	pp_replay_inverse_ordinary	9491916	0x8d29cd6dea4c87c5e0d6f0102427923f7486b4d8e0936e833a7212b0b7ed4e74
TRACE	pp_replay_inverse_ordinary	9497145	0x3f00278a160eae76f1cf5bd3890be7c0b626473c87069dfb0f24b2ebffffffff	0x5031e13d61c01ea07be03a916edb57e40685ba46845d0c638c8a38e7aee80709	0
COEFFICIENT	pp_replay_inverse_ordinary	9497145	0xca21b99e72d8f0eb45cda58ed973cc9ae287af6b3cc9d0a2e859ec79c0f295df
TRACE	pp_replay_inverse_ordinary	9502374	0x3f00278a160eae76f1cf5bd3890be7c0b626473c87069dfb0f24b2ebffffffff	0x6a857c1936592e2c3d8e1ab1b72a7c62ef9323f84583e96a016e5e4a1ec2a7c2	0
COEFFICIENT	pp_replay_inverse_ordinary	9502374	0xca21b99e72d8f0eb45cda58ed973cc9ae287af6b3cc9d0a2e859ec79c0f295df
TRACE	pp_replay_inverse_ordinary	9507603	0x3f00278a160eae76f1cf5bd3890be7c0b626473c87069dfb0f24b2ebffffffff	0x6a857c1936592e2c3d8e1ab1b72a7c62ef9323f84583e96a016e5e4a1ec2a7c2	0
COEFFICIENT	pp_replay_inverse_ordinary	9507603	0x29bdf723af58b3aa4e0d306bfbbd1cd2d57c3ade340fb7dbcf457aaa632287cd
TRACE	pp_replay_inverse_ordinary	9512832	0x3f00278a160eae76f1cf5bd3890be7c0b626473c87069dfb0f24b2ebffffffff	0xab4d010ebd59a8ae2d0f04f77297dbf309aa0d1256f81af8339741e9da62c7b7	0
COEFFICIENT	pp_replay_inverse_ordinary	9512832	0x29bdf723af58b3aa4e0d306bfbbd1cd2d57c3ade340fb7dbcf457aaa632287cd
TRACE	pp_replay_inverse_ordinary	9518061	0x3f00278a160eae76f1cf5bd3890be7c0b626473c87069dfb0f24b2ebffffffff	0xab4d010ebd59a8ae2d0f04f77297dbf309aa0d1256f81af8339741e9da62c7b7	0
COEFFICIENT	pp_replay_inverse_ordinary	9518061	0xfec8ef561c0b1002c92965cf6a121598b4a282cebf178aafd222373ea0a7d751
TRACE	pp_replay_inverse_ordinary	9523290	0x3f00278a160eae76f1cf5bd3890be7c0b626473c87069dfb0f24b2ebffffffff	0x57d112c75ea8415990f4a41f7b1da24d5eb19755eed8ab40950c4c95141db81d	0
COEFFICIENT	pp_replay_inverse_ordinary	9523290	0xfec8ef561c0b1002c92965cf6a121598b4a282cebf178aafd222373ea0a7d751
TRACE	pp_replay_inverse_ordinary	9528519	0x3f00278a160eae76f1cf5bd3890be7c0b626473c87069dfb0f24b2ebffffffff	0x57d112c75ea8415990f4a41f7b1da24d5eb19755eed8ab40950c4c95141db81d	0
COEFFICIENT	pp_replay_inverse_ordinary	9528519	0x5562f17396be615f23476fbe4f41cd7ec7f69cf36d07c0a03950bb14556d6e61
TRACE	pp_replay_inverse_ordinary	9533748	0x3f00278a160eae76f1cf5bd3890be7c0b626473c87069dfb0f24b2ebffffffff	0x5a3f341b26922153fea1d880a6f9771bf56c91b870a995e0f0c7de15d2ce01d9	0
COEFFICIENT	pp_replay_inverse_ordinary	9533748	0x5562f17396be615f23476fbe4f41cd7ec7f69cf36d07c0a03950bb14556d6e61
TRACE	pp_replay_inverse_ordinary	9538977	0x3f00278a160eae76f1cf5bd3890be7c0b626473c87069dfb0f24b2ebffffffff	0x5a3f341b26922153fea1d880a6f9771bf56c91b870a995e0f0c7de15d2ce01d9	0
COEFFICIENT	pp_replay_inverse_ordinary	9538977	0x5051702540ee4124530b7fd457d12198559cb9f4ab917216369543f7da8e26c
TRACE	pp_replay_inverse_ordinary	9544206	0x3f00278a160eae76f1cf5bd3890be7c0b626473c87069dfb0f24b2ebffffffff	0xb9837f38a13326ba427468fe937000517032ef102c0c42e344f9106b2344e61e	0
COEFFICIENT	pp_replay_inverse_ordinary	9544206	0x5051702540ee4124530b7fd457d12198559cb9f4ab917216369543f7da8e26c
TRACE	pp_replay_inverse_ordinary	9549435	0x3f00278a160eae76f1cf5bd3890be7c0b626473c87069dfb0f24b2ebffffffff	0xb9837f38a13326ba427468fe937000517032ef102c0c42e344f9106b2344e61e	0
COEFFICIENT	pp_replay_inverse_ordinary	9549435	0xc38dad3d4950eedeccd5d8f91e6a24847ae6864ec17e71260bcbb8ea1e96aaf6
TRACE	pp_replay_inverse_ordinary	9554664	0x3f00278a160eae76f1cf5bd3890be7c0b626473c87069dfb0f24b2ebffffffff	0xaf795133f9155e95b812f9040875dc1e657f57d1969a14a07e2667ec27f32146	0
COEFFICIENT	pp_replay_inverse_ordinary	9554664	0xc38dad3d4950eedeccd5d8f91e6a24847ae6864ec17e71260bcbb8ea1e96aaf6
TRACE	pp_replay_inverse_ordinary	9559893	0x3f00278a160eae76f1cf5bd3890be7c0b626473c87069dfb0f24b2ebffffffff	0xaf795133f9155e95b812f9040875dc1e657f57d1969a14a07e2667ec27f32146	0
COEFFICIENT	pp_replay_inverse_ordinary	9559893	0xd7a20946998c7f27e198b8ee345e6cea904db4cbec62cdab997109e8153a34a6
TRACE	pp_replay_inverse_ordinary	9565122	0x3f00278a160eae76f1cf5bd3890be7c0b626473c87069dfb0f24b2ebffffffff	0x87509921589e3e038e8d3919dc8d4b523ab0fad740d15b9562dbc5f03aac0de6	0
COEFFICIENT	pp_replay_inverse_ordinary	9565122	0xd7a20946998c7f27e198b8ee345e6cea904db4cbec62cdab997109e8153a34a6
TRACE	pp_replay_inverse_ordinary	9570351	0x3f00278a160eae76f1cf5bd3890be7c0b626473c87069dfb0f24b2ebffffffff	0x87509921589e3e038e8d3919dc8d4b523ab0fad740d15b9562dbc5f03aac0de6	0
COEFFICIENT	pp_replay_inverse_ordinary	9570351	0x27f3796bda7ac04c34a438c28c2f8e82e5ea6ec097f43fc1d0064de0efc85f37
TRACE	pp_replay_inverse_ordinary	9575580	0x3f00278a160eae76f1cf5bd3890be7c0b626473c87069dfb0f24b2ebffffffff	0x3694abae8bb73c5351beaaf6454a25275b4c646f1996f6ec95bdd9c265207ed4	0
COEFFICIENT	pp_replay_inverse_ordinary	9575580	0x27f3796bda7ac04c34a438c28c2f8e82e5ea6ec097f43fc1d0064de0efc85f37
TRACE	pp_replay_inverse_ordinary	9580809	0x3f00278a160eae76f1cf5bd3890be7c0b626473c87069dfb0f24b2ebffffffff	0x3694abae8bb73c5351beaaf6454a25275b4c646f1996f6ec95bdd9c265207ed4	0
COEFFICIENT	pp_replay_inverse_ordinary	9580809	0x19524729293e44451789c68ed314f7de70887912165188970a4ec1ff7a703f9a
TRACE	pp_replay_inverse_ordinary	9586038	0x3f00278a160eae76f1cf5bd3890be7c0b626473c87069dfb0f24b2ebffffffff	0x53d71033ee3034618bf38f5db77f527046104fcc1cdc6542212cf1854fd0be0e	0
COEFFICIENT	pp_replay_inverse_ordinary	9586038	0x19524729293e44451789c68ed314f7de70887912165188970a4ec1ff7a703f9a
TRACE	pp_replay_inverse_ordinary	9591267	0x3f00278a160eae76f1cf5bd3890be7c0b626473c87069dfb0f24b2ebffffffff	0x53d71033ee3034618bf38f5db77f527046104fcc1cdc6542212cf1854fd0be0e	0
COEFFICIENT	pp_replay_inverse_ordinary	9591267	0xdecd7e1e644c5428a31ffdbfeeaa9d4c9b00a2580fc6abebf3709278a50fbd55
TRACE	pp_replay_inverse_ordinary	9596496	0x3f00278a160eae76f1cf5bd3890be7c0b626473c87069dfb0f24b2ebffffffff	0x867b9e8640acbcebbb071c7b5da9422d272141f0497f767035ca758444b13d42	0
COEFFICIENT	pp_replay_inverse_ordinary	9596496	0xdecd7e1e644c5428a31ffdbfeeaa9d4c9b00a2580fc6abebf3709278a50fbd55
TRACE	pp_replay_inverse_ordinary	9601725	0x3f00278a160eae76f1cf5bd3890be7c0b626473c87069dfb0f24b2ebffffffff	0x867b9e8640acbcebbb071c7b5da9422d272141f0497f767035ca758444b13d42	0
COEFFICIENT	pp_replay_inverse_ordinary	9601725	0x44169ac30945653d014717fb3afe7cc65d2286a0690cce481cab9a778ed0bf8e
TRACE	pp_replay_inverse_ordinary	9606954	0x3f00278a160eae76f1cf5bd3890be7c0b626473c87069dfb0f24b2ebffffffff	0xc8e0a2497814149a74c720fb80540793f11ffd4029f21e984ee95090fa91baf6	0
COEFFICIENT	pp_replay_inverse_ordinary	9606954	0x44169ac30945653d014717fb3afe7cc65d2286a0690cce481cab9a778ed0bf8e
TRACE	pp_replay_inverse_ordinary	9612183	0x3f00278a160eae76f1cf5bd3890be7c0b626473c87069dfb0f24b2ebffffffff	0xc8e0a2497814149a74c720fb80540793f11ffd4029f21e984ee95090fa91baf6	0
COEFFICIENT	pp_replay_inverse_ordinary	9612183	0x510dd7cf8a9edf14775550f1f6510120ab650a80fc0bbb288840858118333de3
TRACE	pp_replay_inverse_ordinary	9617412	0x3f00278a160eae76f1cf5bd3890be7c0b626473c87069dfb0f24b2ebffffffff	0xe2cf1c627ac7084960e392e8f6f910488da505014feff859261326a40d56b7a0	0
COEFFICIENT	pp_replay_inverse_ordinary	9617412	0x510dd7cf8a9edf14775550f1f6510120ab650a80fc0bbb288840858118333de3
TRACE	pp_replay_inverse_ordinary	9622641	0x3f00278a160eae76f1cf5bd3890be7c0b626473c87069dfb0f24b2ebffffffff	0xe2cf1c627ac7084960e392e8f6f910488da505014feff859261326a40d56b7a0	0
COEFFICIENT	pp_replay_inverse_ordinary	9622641	0xbf4c933c9a76b5df8dc70efaf5a8f1f8c9251000a8277df7ea6de45d230fc055
TRACE	pp_replay_inverse_ordinary	9627870	0x3f00278a160eae76f1cf5bd3890be7c0b626473c87069dfb0f24b2ebffffffff	0x84eacc019004c6724f8e34cce39b1289e46f1a0348076eaa369431a73dbd3737	0
COEFFICIENT	pp_replay_inverse_ordinary	9627870	0xbf4c933c9a76b5df8dc70efaf5a8f1f8c9251000a8277df7ea6de45d230fc055
TRACE	pp_replay_inverse_ordinary	9633099	0x3f00278a160eae76f1cf5bd3890be7c0b626473c87069dfb0f24b2ebffffffff	0x84eacc019004c6724f8e34cce39b1289e46f1a0348076eaa369431a73dbd3737	0
COEFFICIENT	pp_replay_inverse_ordinary	9633099	0x383f27ac4f232316b1c52c2ceecf67b76b93a0498566a9a0b6ffa6383dcbf83
TRACE	pp_replay_inverse_ordinary	9638328	0x3f00278a160eae76f1cf5bd3890be7c0b626473c87069dfb0f24b2ebffffffff	0x651a5885b175ab3340016d6f8492e985224fa01f7b872ba61b868ebf79db2bc	0
COEFFICIENT	pp_replay_inverse_ordinary	9638328	0x383f27ac4f232316b1c52c2ceecf67b76b93a0498566a9a0b6ffa6383dcbf83
TRACE	pp_replay_inverse_ordinary	9643557	0x3f00278a160eae76f1cf5bd3890be7c0b626473c87069dfb0f24b2ebffffffff	0x651a5885b175ab3340016d6f8492e985224fa01f7b872ba61b868ebf79db2bc	0
COEFFICIENT	pp_replay_inverse_ordinary	9643557	0xd598a7de4fbbf160a38bc5c96231b8f3f976e0b286547ee78985db2ff5731c2
TRACE	pp_replay_inverse_ordinary	9648786	0x3f00278a160eae76f1cf5bd3890be7c0b626473c87069dfb0f24b2ebffffffff	0xff49c092d132f6505dc771515a6f41a164b285f8c70b9d864ad87423efe42fe5	0
COEFFICIENT	pp_replay_inverse_ordinary	9648786	0xd598a7de4fbbf160a38bc5c96231b8f3f976e0b286547ee78985db2ff5731c2
TRACE	pp_replay_inverse_ordinary	9654015	0x3f00278a160eae76f1cf5bd3890be7c0b626473c87069dfb0f24b2ebffffffff	0xff49c092d132f6505dc771515a6f41a164b285f8c70b9d864ad87423efe42fe5	0
COEFFICIENT	pp_replay_inverse_ordinary	9654015	0x19fcd58e9b2a747c7238ea0a86b578bfe3e1620f17d62d633c092f8aee92973a
TRACE	pp_replay_inverse_ordinary	9659244	0x3f00278a160eae76f1cf5bd3890be7c0b626473c87069dfb0f24b2ebffffffff	0xe496ab97073b78244955f8982e290a82e583a9e276410da959a7b8bdf135cc61	0
COEFFICIENT	pp_replay_inverse_ordinary	9659244	0x19fcd58e9b2a747c7238ea0a86b578bfe3e1620f17d62d633c092f8aee92973a
TRACE	pp_replay_inverse_ordinary	9664473	0x3f00278a160eae76f1cf5bd3890be7c0b626473c87069dfb0f24b2ebffffffff	0xe496ab97073b78244955f8982e290a82e583a9e276410da959a7b8bdf135cc61	0
COEFFICIENT	pp_replay_inverse_ordinary	9664473	0x189056b43d90611d2dc7ccad3b93fc02ad466e00a5ed686fd1ba17d4ce5afea6
TRACE	pp_replay_inverse_ordinary	9669702	0x3f00278a160eae76f1cf5bd3890be7c0b626473c87069dfb0f24b2ebffffffff	0xb09d0079d0e68f2b64e4248320be19031dc0e5c44694b2e2e19559a814109ded	0
COEFFICIENT	pp_replay_inverse_ordinary	9669702	0x189056b43d90611d2dc7ccad3b93fc02ad466e00a5ed686fd1ba17d4ce5afea6
TRACE	pp_replay_inverse_ordinary	9674931	0x3f00278a160eae76f1cf5bd3890be7c0b626473c87069dfb0f24b2ebffffffff	0xb09d0079d0e68f2b64e4248320be19031dc0e5c44694b2e2e19559a814109ded	0
COEFFICIENT	pp_replay_inverse_ordinary	9674931	0xe1bdade24c075165c073bddd97e61108784dc1c5926f83c285098951b0c69b39
TRACE	pp_replay_inverse_ordinary	9680160	0x3f00278a160eae76f1cf5bd3890be7c0b626473c87069dfb0f24b2ebffffffff	0x7f7c531155c5ccf109548b28a99620fdc33409c2fab9e2033e2129fe775aa0a1	0
COEFFICIENT	pp_replay_inverse_ordinary	9680160	0xe1bdade24c075165c073bddd97e61108784dc1c5926f83c285098951b0c69b39
TRACE	pp_replay_inverse_ordinary	9685389	0x3f00278a160eae76f1cf5bd3890be7c0b626473c87069dfb0f24b2ebffffffff	0x7f7c531155c5ccf109548b28a99620fdc33409c2fab9e2033e2129fe775aa0a1	0
COEFFICIENT	pp_replay_inverse_ordinary	9685389	0x43ff08b34248d5da7792f092863601132d6779c82a252581cbf1e8a5ea3299a2
TRACE	pp_replay_inverse_ordinary	9690618	0x3f00278a160eae76f1cf5bd3890be7c0b626473c87069dfb0f24b2ebffffffff	0xbaf99d6f6942c4079b1625beccf640e8590099bdcb4e9e84b0506b570482a7a0	0
COEFFICIENT	pp_replay_inverse_ordinary	9690618	0x43ff08b34248d5da7792f092863601132d6779c82a252581cbf1e8a5ea3299a2
TRACE	pp_replay_inverse_ordinary	9695847	0x3f00278a160eae76f1cf5bd3890be7c0b626473c87069dfb0f24b2ebffffffff	0xbaf99d6f6942c4079b1625beccf640e8590099bdcb4e9e84b0506b570482a7a0	0
COEFFICIENT	pp_replay_inverse_ordinary	9695847	0xcd0473f71b4ee7ad540fbb663f75c13e01ce59d288fbac7ee79365f3cfe287d3
TRACE	pp_replay_inverse_ordinary	9701076	0x3f00278a160eae76f1cf5bd3890be7c0b626473c87069dfb0f24b2ebffffffff	0xa8eec6e7b736a061e21c90175a76c092b032d9a90da1908a790d70ba3922c76d	0
COEFFICIENT	pp_replay_inverse_ordinary	9701076	0xcd0473f71b4ee7ad540fbb663f75c13e01ce59d288fbac7ee79365f3cfe287d3
TRACE	pp_replay_inverse_ordinary	9706305	0x3f00278a160eae76f1cf5bd3890be7c0b626473c87069dfb0f24b2ebffffffff	0xa8eec6e7b736a061e21c90175a76c092b032d9a90da1908a790d70ba3922c76d	0
COEFFICIENT	pp_replay_inverse_ordinary	9706305	0xf11a21067f672ef8c602e6b52474c1e95369d9fc0455c87356195b2d66a24839
TRACE	pp_replay_inverse_ordinary	9711534	0x3f00278a160eae76f1cf5bd3890be7c0b626473c87069dfb0f24b2ebffffffff	0x42f7aed5edd46fbc8a3c06e3d962430eb3cf8d4e1f98e98848343ca3d8e7deb5	0
COEFFICIENT	pp_replay_inverse_ordinary	9711534	0xf11a21067f672ef8c602e6b52474c1e95369d9fc0455c87356195b2d66a24839
TRACE	pp_replay_inverse_ordinary	9716763	0x3f00278a160eae76f1cf5bd3890be7c0b626473c87069dfb0f24b2ebffffffff	0x42f7aed5edd46fbc8a3c06e3d962430eb3cf8d4e1f98e98848343ca3d8e7deb5	0
COEFFICIENT	pp_replay_inverse_ordinary	9716763	0x9f3c933710f9ee3501c9c6866f8740c3f30426a9e912a75e63fe79b7f45cb58e
TRACE	pp_replay_inverse_ordinary	9721992	0x3f00278a160eae76f1cf5bd3890be7c0b626473c87069dfb0f24b2ebffffffff	0xe6b2ca74caaef14412ae4741433d4559749af3f2561f2bb22c69ff8ebd73040b	0
COEFFICIENT	pp_replay_inverse_ordinary	9721992	0x9f3c933710f9ee3501c9c6866f8740c3f30426a9e912a75e63fe79b7f45cb58e
TRACE	pp_replay_inverse_ordinary	9727221	0x3f00278a160eae76f1cf5bd3890be7c0b626473c87069dfb0f24b2ebffffffff	0xe6b2ca74caaef14412ae4741433d4559749af3f2561f2bb22c69ff8ebd73040b	0
COEFFICIENT	pp_replay_inverse_ordinary	9727221	0x252bf0e2eca2cdae1641d44e224bc6e15aa3414628447a6ef466f300a62c76c9
TRACE	pp_replay_inverse_ordinary	9732450	0x3f00278a160eae76f1cf5bd3890be7c0b626473c87069dfb0f24b2ebffffffff	0xf29185cc8200b0363b9e62d0a8c6519443d9292ad482d1d34d3af21f211282b0	0
COEFFICIENT	pp_replay_inverse_ordinary	9732450	0x252bf0e2eca2cdae1641d44e224bc6e15aa3414628447a6ef466f300a62c76c9
TRACE	pp_replay_inverse_ordinary	9737679	0x3f00278a160eae76f1cf5bd3890be7c0b626473c87069dfb0f24b2ebffffffff	0xf29185cc8200b0363b9e62d0a8c6519443d9292ad482d1d34d3af21f211282b0	0
COEFFICIENT	pp_replay_inverse_ordinary	9737679	0x57c65bf95744eb25f0e545cb9bd13c2e716d59617c06230a9b92f3e12b466711
TRACE	pp_replay_inverse_ordinary	9742908	0x3f00278a160eae76f1cf5bd3890be7c0b626473c87069dfb0f24b2ebffffffff	0x3ce967925b464b9268220b6ced5ddf56f91fabb7250bc6b13608d8216d6b7413	0
COEFFICIENT	pp_replay_inverse_ordinary	9742908	0x57c65bf95744eb25f0e545cb9bd13c2e716d59617c06230a9b92f3e12b466711
TRACE	pp_replay_inverse_ordinary	9748137	0x3f00278a160eae76f1cf5bd3890be7c0b626473c87069dfb0f24b2ebffffffff	0x3ce967925b464b9268220b6ced5ddf56f91fabb7250bc6b13608d8216d6b7413	0
COEFFICIENT	pp_replay_inverse_ordinary	9748137	0xec761f8509d021de49ec9704250057b3dbfa5e7a1d180cc66d2ebfe3c3f84235
TRACE	pp_replay_inverse_ordinary	9753366	0x3f00278a160eae76f1cf5bd3890be7c0b626473c87069dfb0f24b2ebffffffff	0x6648eea9c05cb9031a30adddffbc1661ce39b5e8672f9a28d94070279ecf2e2c	0
COEFFICIENT	pp_replay_inverse_ordinary	9753366	0xec761f8509d021de49ec9704250057b3dbfa5e7a1d180cc66d2ebfe3c3f84235
TRACE	pp_replay_inverse_ordinary	9758595	0x3f00278a160eae76f1cf5bd3890be7c0b626473c87069dfb0f24b2ebffffffff	0x6648eea9c05cb9031a30adddffbc1661ce39b5e8672f9a28d94070279ecf2e2c	0
COEFFICIENT	pp_replay_inverse_ordinary	9758595	0x72a3506053438ab979a8802a4a449905e9bb070bd3007f64011d0fa0e9215a0f
TRACE	pp_replay_inverse_ordinary	9763824	0x3f00278a160eae76f1cf5bd3890be7c0b626473c87069dfb0f24b2ebffffffff	0x3f352db3d3fcfcbfae09dbe649bcc5c9862e72dca15fb3b5b39deff126bfba38	0
COEFFICIENT	pp_replay_inverse_ordinary	9763824	0x72a3506053438ab979a8802a4a449905e9bb070bd3007f64011d0fa0e9215a0f
TRACE	pp_replay_inverse_ordinary	9769053	0x3f00278a160eae76f1cf5bd3890be7c0b626473c87069dfb0f24b2ebffffffff	0x3f352db3d3fcfcbfae09dbe649bcc5c9862e72dca15fb3b5b39deff126bfba38	0
COEFFICIENT	pp_replay_inverse_ordinary	9769053	0xa611730cd28a18b34547246e4acc6c424d479b3b04a14b124e9c2f50ab82f9e6
TRACE	pp_replay_inverse_ordinary	9774282	0x3f00278a160eae76f1cf5bd3890be7c0b626473c87069dfb0f24b2ebffffffff	0x247bce747a841232a15adc3ade45f7d559a480f44760b27db5d80f33f9027227	0
COEFFICIENT	pp_replay_inverse_ordinary	9774282	0xa611730cd28a18b34547246e4acc6c424d479b3b04a14b124e9c2f50ab82f9e6
TRACE	pp_replay_inverse_ordinary	9779511	0x3f00278a160eae76f1cf5bd3890be7c0b626473c87069dfb0f24b2ebffffffff	0x247bce747a841232a15adc3ade45f7d559a480f44760b27db5d80f33f9027227	0
COEFFICIENT	pp_replay_inverse_ordinary	9779511	0x27a717a52a901f33e9336ca1b752e0af40eab581c1e1e3a6e7604f6e5e038576
TRACE	pp_replay_inverse_ordinary	9784740	0x3f00278a160eae76f1cf5bd3890be7c0b626473c87069dfb0f24b2ebffffffff	0x21508543ca78053159824bd405390efb725e4c66ccdf8154844fcef994015ed8	0
COEFFICIENT	pp_replay_inverse_ordinary	9784740	0x27a717a52a901f33e9336ca1b752e0af40eab581c1e1e3a6e7604f6e5e038576
TRACE	pp_replay_inverse_ordinary	9789969	0x3f00278a160eae76f1cf5bd3890be7c0b626473c87069dfb0f24b2ebffffffff	0x21508543ca78053159824bd405390efb725e4c66ccdf8154844fcef994015ed8	0
COEFFICIENT	pp_replay_inverse_ordinary	9789969	0x709eb48e1f9843992be9251773ded059f433b76a50a348a253106dd6500869c4
TRACE	pp_replay_inverse_ordinary	9795198	0x3f00278a160eae76f1cf5bd3890be7c0b626473c87069dfb0f24b2ebffffffff	0xd20255f97557c6c9871b729096934d9cf088e163491bba06b58f301bd7fa501b	0
COEFFICIENT	pp_replay_inverse_ordinary	9795198	0x709eb48e1f9843992be9251773ded059f433b76a50a348a253106dd6500869c4
TRACE	pp_replay_inverse_ordinary	9800427	0x3f00278a160eae76f1cf5bd3890be7c0b626473c87069dfb0f24b2ebffffffff	0xd20255f97557c6c9871b729096934d9cf088e163491bba06b58f301bd7fa501b	0
COEFFICIENT	pp_replay_inverse_ordinary	9800427	0xf3b1322c9d8c068d0b6d79e512a5316f7de8d71582ad73df091ab90c816836d
TRACE	pp_replay_inverse_ordinary	9805656	0x3f00278a160eae76f1cf5bd3890be7c0b626473c87069dfb0f24b2ebffffffff	0xb33fbf15b4884dfbdeedbcbf7e50ee50d8f05037ea624b4b5bb00bc9780b2774	0
COEFFICIENT	pp_replay_inverse_ordinary	9805656	0xf3b1322c9d8c068d0b6d79e512a5316f7de8d71582ad73df091ab90c816836d
TRACE	pp_replay_inverse_ordinary	9810885	0x3f00278a160eae76f1cf5bd3890be7c0b626473c87069dfb0f24b2ebffffffff	0xb33fbf15b4884dfbdeedbcbf7e50ee50d8f05037ea624b4b5bb00bc9780b2774	0
COEFFICIENT	pp_replay_inverse_ordinary	9810885	0xd1b5e55b4839cecd805b6bfc20a5947ec8ad6b1a9ab7f9c73cd362eb08382e4e
TRACE	pp_replay_inverse_ordinary	9816114	0x3f00278a160eae76f1cf5bd3890be7c0b626473c87069dfb0f24b2ebffffffff	0x94c998d020d6cd2a3d800d82dbfc4822e93335553a0c9ccf7a8cb4a7e7de209a	0
COEFFICIENT	pp_replay_inverse_ordinary	9816114	0xd1b5e55b4839cecd805b6bfc20a5947ec8ad6b1a9ab7f9c73cd362eb08382e4e
TRACE	pp_replay_inverse_ordinary	9821343	0x3f00278a160eae76f1cf5bd3890be7c0b626473c87069dfb0f24b2ebffffffff	0x94c998d020d6cd2a3d800d82dbfc4822e93335553a0c9ccf7a8cb4a7e7de209a	0
COEFFICIENT	pp_replay_inverse_ordinary	9821343	0xea231e66f9cd070c336ca75654ee0daa827a0dffb6356beff1a112f28923fd3
TRACE	pp_replay_inverse_ordinary	9826572	0x3f00278a160eae76f1cf5bd3890be7c0b626473c87069dfb0f24b2ebffffffff	0x38356386b14a6ac53e36e57b1d4771207a8e0b8a6f7c905df4337a7ff84e84d8	0
COEFFICIENT	pp_replay_inverse_ordinary	9826572	0xea231e66f9cd070c336ca75654ee0daa827a0dffb6356beff1a112f28923fd3
TRACE	pp_replay_inverse_ordinary	9831801	0x3f00278a160eae76f1cf5bd3890be7c0b626473c87069dfb0f24b2ebffffffff	0x38356386b14a6ac53e36e57b1d4771207a8e0b8a6f7c905df4337a7ff84e84d8	0
COEFFICIENT	pp_replay_inverse_ordinary	9831801	0x5579c75390840ba6c4a47a65e7e532d5cadd4d4a66433ddbf2679cde4973047e
TRACE	pp_replay_inverse_ordinary	9837030	0x3f00278a160eae76f1cf5bd3890be7c0b626473c87069dfb0f24b2ebffffffff	0xc5e48e60f318e1314112455c22741516bff9645f453c5e97dace91de3a100e2e	0
COEFFICIENT	pp_replay_inverse_ordinary	9837030	0x5579c75390840ba6c4a47a65e7e532d5cadd4d4a66433ddbf2679cde4973047e
TRACE	pp_replay_inverse_ordinary	9842259	0x3f00278a160eae76f1cf5bd3890be7c0b626473c87069dfb0f24b2ebffffffff	0xc5e48e60f318e1314112455c22741516bff9645f453c5e97dace91de3a100e2e	0
COEFFICIENT	pp_replay_inverse_ordinary	9842259	0x70d81d081420f87eca5b3a27f23e7ac255b3fef411c2da4fbf9dcb9bccf61afb
TRACE	pp_replay_inverse_ordinary	9847488	0x3f00278a160eae76f1cf5bd3890be7c0b626473c87069dfb0f24b2ebffffffff	0xfca139c9fa52bae14c7fc4e03726a4efd5a6c7b29c3b977f753aef5941163b28	0
COEFFICIENT	pp_replay_inverse_ordinary	9847488	0x70d81d081420f87eca5b3a27f23e7ac255b3fef411c2da4fbf9dcb9bccf61afb
TRACE	pp_replay_inverse_ordinary	9852717	0x3f00278a160eae76f1cf5bd3890be7c0b626473c87069dfb0f24b2ebffffffff	0xfca139c9fa52bae14c7fc4e03726a4efd5a6c7b29c3b977f753aef5941163b28	0
COEFFICIENT	pp_replay_inverse_ordinary	9852717	0xde5173da2294abdee13639301ba39a74810ec59abfc14c1ef4768691db0274ef
TRACE	pp_replay_inverse_ordinary	9857946	0x3f00278a160eae76f1cf5bd3890be7c0b626473c87069dfb0f24b2ebffffffff	0xd793e76e173a21a17a35c2f089f0e4542c5c54fff8387b1ddeec65465d2ef2e1	0
COEFFICIENT	pp_replay_inverse_ordinary	9857946	0xde5173da2294abdee13639301ba39a74810ec59abfc14c1ef4768691db0274ef
TRACE	pp_replay_inverse_ordinary	9863175	0x3f00278a160eae76f1cf5bd3890be7c0b626473c87069dfb0f24b2ebffffffff	0xd793e76e173a21a17a35c2f089f0e4542c5c54fff8387b1ddeec65465d2ef2e1	0
COEFFICIENT	pp_replay_inverse_ordinary	9863175	0xe50f00462def361c4836af6fad565094d5c13635874a1d200a00a7dd58d5f6fd
TRACE	pp_replay_inverse_ordinary	9868404	0x3f00278a160eae76f1cf5bd3890be7c0b626473c87069dfb0f24b2ebffffffff	0xca18ce9600850d26ac34d671668b781382f773ca6926d91bb3d822af6187eec5	0
COEFFICIENT	pp_replay_inverse_ordinary	9868404	0xe50f00462def361c4836af6fad565094d5c13635874a1d200a00a7dd58d5f6fd
TRACE	pp_replay_inverse_ordinary	9873633	0x3f00278a160eae76f1cf5bd3890be7c0b626473c87069dfb0f24b2ebffffffff	0xca18ce9600850d26ac34d671668b781382f773ca6926d91bb3d822af6187eec5	0
COEFFICIENT	pp_replay_inverse_ordinary	9873633	0x531f65b595f11e438886df4212916288af8a0a56d612460292d0c50240306
TRACE	pp_replay_inverse_ordinary	9878862	0x3f00278a160eae76f1cf5bd3890be7c0b626473c87069dfb0f24b2ebffffffff	0x942c6b35a5b0bb3b74312474d8f5c710dd63eef42ce051130787185372ebde55	0
COEFFICIENT	pp_replay_inverse_ordinary	9878862	0x531f65b595f11e438886df4212916288af8a0a56d612460292d0c50240306
TRACE	pp_replay_inverse_ordinary	9884091	0x3f00278a160eae76f1cf5bd3890be7c0b626473c87069dfb0f24b2ebffffffff	0x942c6b35a5b0bb3b74312474d8f5c710dd63eef42ce051130787185372ebde55	0
COEFFICIENT	pp_replay_inverse_ordinary	9884091	0x9436cf225c63795f3ca23550c138193d2e79e03577bb135bc7d9726c1333e461
TRACE	pp_replay_inverse_ordinary	9889320	0x3f00278a160eae76f1cf5bd3890be7c0b626473c87069dfb0f24b2ebffffffff	0xbc8fa58da7c4efd625047e3a7323a75ee941be1dd17bb581d6e7a313f90ba4dc	0
COEFFICIENT	pp_replay_inverse_ordinary	9889320	0x9436cf225c63795f3ca23550c138193d2e79e03577bb135bc7d9726c1333e461
TRACE	pp_replay_inverse_ordinary	9894549	0x3f00278a160eae76f1cf5bd3890be7c0b626473c87069dfb0f24b2ebffffffff	0xbc8fa58da7c4efd625047e3a7323a75ee941be1dd17bb581d6e7a313f90ba4dc	0
COEFFICIENT	pp_replay_inverse_ordinary	9894549	0x6bddf8b7110202e8543fec670f4c8b1b73b2024d1dfa7135b8cb41c42d5c23e6
TRACE	pp_replay_inverse_ordinary	9899778	0x3f00278a160eae76f1cf5bd3890be7c0b626473c87069dfb0f24b2ebffffffff	0xd4152643e87dcc3f5c9100dd6fac3a25ed179ee84fcf9cdf5040464c4bb29a3	0
COEFFICIENT	pp_replay_inverse_ordinary	9899778	0x6bddf8b7110202e8543fec670f4c8b1b73b2024d1dfa7135b8cb41c42d5c23e6
TRACE	pp_replay_inverse_ordinary	9905007	0x3f00278a160eae76f1cf5bd3890be7c0b626473c87069dfb0f24b2ebffffffff	0xd4152643e87dcc3f5c9100dd6fac3a25ed179ee84fcf9cdf5040464c4bb29a3	0
COEFFICIENT	pp_replay_inverse_ordinary	9905007	0xe4fd43d2608be2949e48e8dbf593d9d946357e88c0f1dc39669a87ed1f73716f
TRACE	pp_replay_inverse_ordinary	9910236	0x3f00278a160eae76f1cf5bd3890be7c0b626473c87069dfb0f24b2ebffffffff	0xff7fe89add9b9c1c89db08f7a389611e03d87265caebcfd550a290b6a8e9c4b5	0
COEFFICIENT	pp_replay_inverse_ordinary	9910236	0xe4fd43d2608be2949e48e8dbf593d9d946357e88c0f1dc39669a87ed1f73716f
TRACE	pp_replay_inverse_ordinary	9915465	0x3f00278a160eae76f1cf5bd3890be7c0b626473c87069dfb0f24b2ebffffffff	0xff7fe89add9b9c1c89db08f7a389611e03d87265caebcfd550a290b6a8e9c4b5	0
COEFFICIENT	pp_replay_inverse_ordinary	9915465	0xca7a9f09e37c290cb2b6c8c0479e529488928aabb6f7e89d7c927f2395fd1e29
TRACE	pp_replay_inverse_ordinary	9920694	0x3f00278a160eae76f1cf5bd3890be7c0b626473c87069dfb0f24b2ebffffffff	0x3485322bd7bb0f2c60ff492eff746fa77f1e5a1fdedfb70d24b2a24abbd66f12	0
COEFFICIENT	pp_replay_inverse_ordinary	9920694	0xca7a9f09e37c290cb2b6c8c0479e529488928aabb6f7e89d7c927f2395fd1e29
TRACE	pp_replay_inverse_ordinary	9925923	0x3f00278a160eae76f1cf5bd3890be7c0b626473c87069dfb0f24b2ebffffffff	0x3485322bd7bb0f2c60ff492eff746fa77f1e5a1fdedfb70d24b2a24abbd66f12	0
COEFFICIENT	pp_replay_inverse_ordinary	9925923	0xc97a703f9eb36145c66cdaaf8eb114d090436f774ccf88481dd7a092e7d0af35
TRACE	pp_replay_inverse_ordinary	9931152	0x3f00278a160eae76f1cf5bd3890be7c0b626473c87069dfb0f24b2ebffffffff	0x9f8ff41810c2bd12fb91b7ae7037ca7e6df944c870efe5d22b8da4018fdc2b1e	0
COEFFICIENT	pp_replay_inverse_ordinary	9931152	0xc97a703f9eb36145c66cdaaf8eb114d090436f774ccf88481dd7a092e7d0af35
TRACE	pp_replay_inverse_ordinary	9936381	0x3f00278a160eae76f1cf5bd3890be7c0b626473c87069dfb0f24b2ebffffffff	0x9f8ff41810c2bd12fb91b7ae7037ca7e6df944c870efe5d22b8da4018fdc2b1e	0
COEFFICIENT	pp_replay_inverse_ordinary	9936381	0x3284d4974e297f9e886b6d0d8d99f41f8e8023b70a8ef662673ce5295f7d912a
TRACE	pp_replay_inverse_ordinary	9941610	0x3f00278a160eae76f1cf5bd3890be7c0b626473c87069dfb0f24b2ebffffffff	0xc9b1398d35bfa876eb8024f52d5a0dd4d7265d9d750d541efde62dac03ac8e3	0
COEFFICIENT	pp_replay_inverse_ordinary	9941610	0x3284d4974e297f9e886b6d0d8d99f41f8e8023b70a8ef662673ce5295f7d912a
TRACE	pp_replay_inverse_ordinary	9946839	0x3f00278a160eae76f1cf5bd3890be7c0b626473c87069dfb0f24b2ebffffffff	0xc9b1398d35bfa876eb8024f52d5a0dd4d7265d9d750d541efde62dac03ac8e3	0
COEFFICIENT	pp_replay_inverse_ordinary	9946839	0x71a4bcc76faef9c47f8edc6a6e09891c6a72ad47ec6ec206be582d2d7f35eb37
TRACE	pp_replay_inverse_ordinary	9952068	0x3f00278a160eae76f1cf5bd3890be7c0b626473c87069dfb0f24b2ebffffffff	0x8adae3f91666eed35cfee10913b4cad7055778fb9b106c8a9e14f2e2ffab7cfd	0
COEFFICIENT	pp_replay_inverse_ordinary	9952068	0x71a4bcc76faef9c47f8edc6a6e09891c6a72ad47ec6ec206be582d2d7f35eb37
TRACE	pp_replay_inverse_ordinary	9957297	0x3f00278a160eae76f1cf5bd3890be7c0b626473c87069dfb0f24b2ebffffffff	0x8adae3f91666eed35cfee10913b4cad7055778fb9b106c8a9e14f2e2ffab7cfd	0
COEFFICIENT	pp_replay_inverse_ordinary	9957297	0x6e245d87f5c4e25c5c1c99ddefc7dd0fda3cd38b73edf0981ac54d3efe17573c
TRACE	pp_replay_inverse_ordinary	9962526	0x3f00278a160eae76f1cf5bd3890be7c0b626473c87069dfb0f24b2ebffffffff	0x83da257a2292c003161a5bf0173172bde4ebc582aa0ec9ad56ef3305fd6e5507	0
COEFFICIENT	pp_replay_inverse_ordinary	9962526	0x6e245d87f5c4e25c5c1c99ddefc7dd0fda3cd38b73edf0981ac54d3efe17573c
TRACE	pp_replay_inverse_ordinary	9967755	0x3f00278a160eae76f1cf5bd3890be7c0b626473c87069dfb0f24b2ebffffffff	0x83da257a2292c003161a5bf0173172bde4ebc582aa0ec9ad56ef3305fd6e5507	0
COEFFICIENT	pp_replay_inverse_ordinary	9967755	0x6022e08a0e1c84bbce538fabf6c12cdd99656c9991eaaadd8c79cd84f99d0750
TRACE	pp_replay_inverse_ordinary	9972984	0x3f00278a160eae76f1cf5bd3890be7c0b626473c87069dfb0f24b2ebffffffff	0xa7916a6a3708fb4a5de1283437a1b89e30721e6bc232e87d21649887013fa2be	0
COEFFICIENT	pp_replay_inverse_ordinary	9972984	0x6022e08a0e1c84bbce538fabf6c12cdd99656c9991eaaadd8c79cd84f99d0750
TRACE	pp_replay_inverse_ordinary	9978213	0x3f00278a160eae76f1cf5bd3890be7c0b626473c87069dfb0f24b2ebffffffff	0xa7916a6a3708fb4a5de1283437a1b89e30721e6bc232e87d21649887013fa2be	0
COEFFICIENT	pp_replay_inverse_ordinary	9978213	0x67d72b7e534204c1fa88478c25241259633cf79ee6083e383a583391f479b52f
TRACE	pp_replay_inverse_ordinary	9983442	0x3f00278a160eae76f1cf5bd3890be7c0b626473c87069dfb0f24b2ebffffffff	0xe74ba9561acff1d2c13a08dc4a1f5ee2fda745389e5d92c20870fd7c0e05904d	0
COEFFICIENT	pp_replay_inverse_ordinary	9983442	0x67d72b7e534204c1fa88478c25241259633cf79ee6083e383a583391f479b52f
TRACE	pp_replay_inverse_ordinary	9988671	0x3f00278a160eae76f1cf5bd3890be7c0b626473c87069dfb0f24b2ebffffffff	0xe74ba9561acff1d2c13a08dc4a1f5ee2fda745389e5d92c20870fd7c0e05904d	0
COEFFICIENT	pp_replay_inverse_ordinary	9988671	0xb6fa0052c153fb56b64a97f494678395c42134766a6e0f327d2164a0f6f8fe7c
TRACE	pp_replay_inverse_ordinary	9993900	0x3f00278a160eae76f1cf5bd3890be7c0b626473c87069dfb0f24b2ebffffffff	0x179d5259744be84ecc2979c3ffd73a30372d55fad24d165193c09658251225ef	0
COEFFICIENT	pp_replay_inverse_ordinary	9993900	0xb6fa0052c153fb56b64a97f494678395c42134766a6e0f327d2164a0f6f8fe7c
TRACE	pp_replay_inverse_ordinary	9999129	0x3f00278a160eae76f1cf5bd3890be7c0b626473c87069dfb0f24b2ebffffffff	0x179d5259744be84ecc2979c3ffd73a30372d55fad24d165193c09658251225ef	0
COEFFICIENT	pp_replay_inverse_ordinary	9999129	0x859152fef6f3defc38bea9ad28a6415bbf6fbee7a72934b68e035f9b130426b8
TRACE	pp_replay_inverse_ordinary	10004358	0x3f00278a160eae76f1cf5bd3890be7c0b626473c87069dfb0f24b2ebffffffff	0xa9a951b3f1a3f1a15f9449dad7083304aeeaed0dfd70f7ec997dcd1437202155	0
COEFFICIENT	pp_replay_inverse_ordinary	10004358	0x859152fef6f3defc38bea9ad28a6415bbf6fbee7a72934b68e035f9b130426b8
TRACE	pp_replay_inverse_ordinary	10009587	0x3f00278a160eae76f1cf5bd3890be7c0b626473c87069dfb0f24b2ebffffffff	0xa9a951b3f1a3f1a15f9449dad7083304aeeaed0dfd70f7ec997dcd1437202155	0
COEFFICIENT	pp_replay_inverse_ordinary	10009587	0x61795449fc43cc5711e9097f7a444fb2cff490c150e171808288f221eee82c1b
TRACE	pp_replay_inverse_ordinary	10014816	0x3f00278a160eae76f1cf5bd3890be7c0b626473c87069dfb0f24b2ebffffffff	0xf1d94f1de70416ebad3f8a3633cc16568de1495aaa007e58b072a8067f58168f	0
COEFFICIENT	pp_replay_inverse_ordinary	10014816	0x61795449fc43cc5711e9097f7a444fb2cff490c150e171808288f221eee82c1b
TRACE	pp_replay_inverse_ordinary	10020045	0x3f00278a160eae76f1cf5bd3890be7c0b626473c87069dfb0f24b2ebffffffff	0xf1d94f1de70416ebad3f8a3633cc16568de1495aaa007e58b072a8067f58168f	0
COEFFICIENT	pp_replay_inverse_ordinary	10020045	0xd1195976118381c2769288c8c0bc890f1207d827f7c264a8549f3c3c5e783dd6
TRACE	pp_replay_inverse_ordinary	10025274	0x3f00278a160eae76f1cf5bd3890be7c0b626473c87069dfb0f24b2ebffffffff	0x129944c5bc84ac14e3ec8ba3a6dba39e09baba8d5c3e98090c4613d1a037f319	0
COEFFICIENT	pp_replay_inverse_ordinary	10025274	0xd1195976118381c2769288c8c0bc890f1207d827f7c264a8549f3c3c5e783dd6
TRACE	pp_replay_inverse_ordinary	10030503	0x3f00278a160eae76f1cf5bd3890be7c0b626473c87069dfb0f24b2ebffffffff	0x129944c5bc84ac14e3ec8ba3a6dba39e09baba8d5c3e98090c4613d1a037f319	0
COEFFICIENT	pp_replay_inverse_ordinary	10030503	0x8f996e2666825770093885edda9d6e801a54f5c2934631479cf864a81cb88c64
TRACE	pp_replay_inverse_ordinary	10035732	0x3f00278a160eae76f1cf5bd3890be7c0b626473c87069dfb0f24b2ebffffffff	0x95991b65128700b9bea091597319d8bbf9207f582536feca7b93c2fa23b755fd	0
COEFFICIENT	pp_replay_inverse_ordinary	10035732	0x8f996e2666825770093885edda9d6e801a54f5c2934631479cf864a81cb88c64
TRACE	pp_replay_inverse_ordinary	10040961	0x3f00278a160eae76f1cf5bd3890be7c0b626473c87069dfb0f24b2ebffffffff	0x95991b65128700b9bea091597319d8bbf9207f582536feca7b93c2fa23b755fd	0
COEFFICIENT	pp_replay_inverse_ordinary	10040961	0xb4cbf7b1df8baf99d1119d352854b5bc2dca6add4bc36159b5848c4b5d287296
TRACE	pp_replay_inverse_ordinary	10046190	0x3f00278a160eae76f1cf5bd3890be7c0b626473c87069dfb0f24b2ebffffffff	0x76663f18458251d9ac2f857dbddefbbbc47693d2feaa9c3b41a2f9a8ea463964	0
COEFFICIENT	pp_replay_inverse_ordinary	10046190	0xb4cbf7b1df8baf99d1119d352854b5bc2dca6add4bc36159b5848c4b5d287296
TRACE	pp_replay_inverse_ordinary	10051419	0x3f00278a160eae76f1cf5bd3890be7c0b626473c87069dfb0f24b2ebffffffff	0x76663f18458251d9ac2f857dbddefbbbc47693d2feaa9c3b41a2f9a8ea463964	0
COEFFICIENT	pp_replay_inverse_ordinary	10051419	0xdffe2e7c0499b10d4e52bfe80e886734200b698d96315eeeacac1240a4972261
TRACE	pp_replay_inverse_ordinary	10056648	0x3f00278a160eae76f1cf5bd3890be7c0b626473c87069dfb0f24b2ebffffffff	0xcccaacac8f9e54c0a6b1cae38a465eaba8f89133938697652ff20593792398fa	0
COEFFICIENT	pp_replay_inverse_ordinary	10056648	0xdffe2e7c0499b10d4e52bfe80e886734200b698d96315eeeacac1240a4972261
TRACE	pp_replay_inverse_ordinary	10061877	0x3f00278a160eae76f1cf5bd3890be7c0b626473c87069dfb0f24b2ebffffffff	0xcccaacac8f9e54c0a6b1cae38a465eaba8f89133938697652ff20593792398fa	0
COEFFICIENT	pp_replay_inverse_ordinary	10061877	0x8cc709a498d1b6db43574ab3a7572d13e90f644ebfe95542894a2a16c251e55e
TRACE	pp_replay_inverse_ordinary	10067106	0x3f00278a160eae76f1cf5bd3890be7c0b626473c87069dfb0f24b2ebffffffff	0x265c62fdb80e605c90bae07abbe3ea6b3b0086b5e6f6840ce92e353fb4991ef4	0
COEFFICIENT	pp_replay_inverse_ordinary	10067106	0x8cc709a498d1b6db43574ab3a7572d13e90f644ebfe95542894a2a16c251e55e
TRACE	pp_replay_inverse_ordinary	10072335	0x3f00278a160eae76f1cf5bd3890be7c0b626473c87069dfb0f24b2ebffffffff	0x265c62fdb80e605c90bae07abbe3ea6b3b0086b5e6f6840ce92e353fb4991ef4	0
COEFFICIENT	pp_replay_inverse_ordinary	10072335	0x3fea7646e9b1ce13176975e20a9244930d1f4f5366c92e91fbc2896e393ced81
TRACE	pp_replay_inverse_ordinary	10077564	0x3f00278a160eae76f1cf5bd3890be7c0b626473c87069dfb0f24b2ebffffffff	0xcce4fb4866af2a60a0c4b136d35904368e1be186723d987d699e1112ff55067	0
COEFFICIENT	pp_replay_inverse_ordinary	10077564	0x3fea7646e9b1ce13176975e20a9244930d1f4f5366c92e91fbc2896e393ced81
TRACE	pp_replay_inverse_ordinary	10082793	0x3f00278a160eae76f1cf5bd3890be7c0b626473c87069dfb0f24b2ebffffffff	0xcce4fb4866af2a60a0c4b136d35904368e1be186723d987d699e1112ff55067	0
COEFFICIENT	pp_replay_inverse_ordinary	10082793	0x8ca33c4259ce8ecc38df36d7825a196983205cbf34b636abce1ef3eda26f2b69
TRACE	pp_replay_inverse_ordinary	10088022	0x3f00278a160eae76f1cf5bd3890be7c0b626473c87069dfb0f24b2ebffffffff	0xa63fdbab66a474184cf7ccfe5cc539f054e3d8f002fde9bb7b52b6100259cc37	0
COEFFICIENT	pp_replay_inverse_ordinary	10088022	0x8ca33c4259ce8ecc38df36d7825a196983205cbf34b636abce1ef3eda26f2b69
TRACE	pp_replay_inverse_ordinary	10093251	0x3f00278a160eae76f1cf5bd3890be7c0b626473c87069dfb0f24b2ebffffffff	0xa63fdbab66a474184cf7ccfe5cc539f054e3d8f002fde9bb7b52b6100259cc37	0
COEFFICIENT	pp_replay_inverse_ordinary	10093251	0xbf8654301a4191b0beb63aad61796cc35b24926e6c6a571317909dec473826da
TRACE	pp_replay_inverse_ordinary	10098480	0x3f00278a160eae76f1cf5bd3890be7c0b626473c87069dfb0f24b2ebffffffff	0x8cf96326b307567fdb395f4f5811071d4ea31f7199917c63df14ce33bd7b7194	0
COEFFICIENT	pp_replay_inverse_ordinary	10098480	0xbf8654301a4191b0beb63aad61796cc35b24926e6c6a571317909dec473826da
TRACE	pp_replay_inverse_ordinary	10103709	0x3f00278a160eae76f1cf5bd3890be7c0b626473c87069dfb0f24b2ebffffffff	0x8cf96326b307567fdb395f4f5811071d4ea31f7199917c63df14ce33bd7b7194	0
COEFFICIENT	pp_replay_inverse_ordinary	10103709	0xc060b86e78a79e158a5d4aa1b03e0a404ec444e72662a8a0e360a0e4bebc6ea
TRACE	pp_replay_inverse_ordinary	10108938	0x3f00278a160eae76f1cf5bd3890be7c0b626473c87069dfb0f24b2ebffffffff	0x25f8d1d44d9926e10f189348cb25eedea2328331a5892351cc5fa676c6e2ade3	0
COEFFICIENT	pp_replay_inverse_ordinary	10108938	0xc060b86e78a79e158a5d4aa1b03e0a404ec444e72662a8a0e360a0e4bebc6ea
TRACE	pp_replay_inverse_ordinary	10114167	0x3f00278a160eae76f1cf5bd3890be7c0b626473c87069dfb0f24b2ebffffffff	0x25f8d1d44d9926e10f189348cb25eedea2328331a5892351cc5fa676c6e2ade3	0
COEFFICIENT	pp_replay_inverse_ordinary	10114167	0xf2134539817bcce1a233160b6ae1d26967a6056b3f4331c2500c6da4d0f4dc20
TRACE	pp_replay_inverse_ordinary	10119396	0x3f00278a160eae76f1cf5bd3890be7c0b626473c87069dfb0f24b2ebffffffff	0x59de5e6f19b680e07bfe10862b6a0b53dcbf00f80bcf14e148b2df47bcd07bd5	0
COEFFICIENT	pp_replay_inverse_ordinary	10119396	0xf2134539817bcce1a233160b6ae1d26967a6056b3f4331c2500c6da4d0f4dc20
TRACE	pp_replay_inverse_ordinary	10124625	0x3f00278a160eae76f1cf5bd3890be7c0b626473c87069dfb0f24b2ebffffffff	0x59de5e6f19b680e07bfe10862b6a0b53dcbf00f80bcf14e148b2df47bcd07bd5	0
COEFFICIENT	pp_replay_inverse_ordinary	10124625	0x3e04e8e21cae1aa3c0643c9d012db026ac0b0bce8a557865e8cbba935eba3bb7
TRACE	pp_replay_inverse_ordinary	10129854	0x3f00278a160eae76f1cf5bd3890be7c0b626473c87069dfb0f24b2ebffffffff	0xf1c1a5c0501b1c64b8605da95801c6ce65890dbea1f3a2287a317922d85b3361	0
COEFFICIENT	pp_replay_inverse_ordinary	10129854	0x3e04e8e21cae1aa3c0643c9d012db026ac0b0bce8a557865e8cbba935eba3bb7
TRACE	pp_replay_inverse_ordinary	10135083	0x3f00278a160eae76f1cf5bd3890be7c0b626473c87069dfb0f24b2ebffffffff	0xf1c1a5c0501b1c64b8605da95801c6ce65890dbea1f3a2287a317922d85b3361	0
COEFFICIENT	pp_replay_inverse_ordinary	10135083	0x8a482c03e94118e2c8681b90aa59997ef28d09de72b74ea35765fc02e519403c
TRACE	pp_replay_inverse_ordinary	10140312	0x3f00278a160eae76f1cf5bd3890be7c0b626473c87069dfb0f24b2ebffffffff	0x593b1f7cb6f51fe6a8589fc205a9f41dd885119ed12ff5ad9cfcf643cb9d2a57	0
COEFFICIENT	pp_replay_inverse_ordinary	10140312	0x8a482c03e94118e2c8681b90aa59997ef28d09de72b74ea35765fc02e519403c
TRACE	pp_replay_inverse_ordinary	10145541	0x3f00278a160eae76f1cf5bd3890be7c0b626473c87069dfb0f24b2ebffffffff	0x593b1f7cb6f51fe6a8589fc205a9f41dd885119ed12ff5ad9cfcf643cb9d2a57	0
COEFFICIENT	pp_replay_inverse_ordinary	10145541	0xbb55388b1b8d11dee877975f4f093ee00c95021e143ea79911cf01c1fe955621
TRACE	pp_replay_inverse_ordinary	10150770	0x3f00278a160eae76f1cf5bd3890be7c0b626473c87069dfb0f24b2ebffffffff	0x6dcb7784897751ac3928d6e35a5d271bbd9f255bb69e92f44bc8ee4a95cfaea0	0
COEFFICIENT	pp_replay_inverse_ordinary	10150770	0xbb55388b1b8d11dee877975f4f093ee00c95021e143ea79911cf01c1fe955621
TRACE	pp_replay_inverse_ordinary	10155999	0x3f00278a160eae76f1cf5bd3890be7c0b626473c87069dfb0f24b2ebffffffff	0x6dcb7784897751ac3928d6e35a5d271bbd9f255bb69e92f44bc8ee4a95cfaea0	0
COEFFICIENT	pp_replay_inverse_ordinary	10155999	0x8def991ada2d21197c657db43b556a45b8adee071debc3dd7d5153a675b0173
TRACE	pp_replay_inverse_ordinary	10161228	0x3f00278a160eae76f1cf5bd3890be7c0b626473c87069dfb0f24b2ebffffffff	0xd2b7f577654bd146da8b55eb7104f7931fb36bd6fb5e69aabfbcc75ac4445bcd	0
COEFFICIENT	pp_replay_inverse_ordinary	10161228	0x8def991ada2d21197c657db43b556a45b8adee071debc3dd7d5153a675b0173
TRACE	pp_replay_inverse_ordinary	10166457	0x3f00278a160eae76f1cf5bd3890be7c0b626473c87069dfb0f24b2ebffffffff	0xd2b7f577654bd146da8b55eb7104f7931fb36bd6fb5e69aabfbcc75ac4445bcd	0
COEFFICIENT	pp_replay_inverse_ordinary	10166457	0x3f05fdabf5f9d2dc550159cb1665b5b5976251e9e85f0ed0efed63190a71a348
TRACE	pp_replay_inverse_ordinary	10171686	0x3f00278a160eae76f1cf5bd3890be7c0b626473c87069dfb0f24b2ebffffffff	0x6669ed42d49dcfb16015520bcba43970a80485c40e5dc4848f8c2b9d7e171823	0
COEFFICIENT	pp_replay_inverse_ordinary	10171686	0x3f05fdabf5f9d2dc550159cb1665b5b5976251e9e85f0ed0efed63190a71a348
TRACE	pp_replay_inverse_ordinary	10176915	0x3f00278a160eae76f1cf5bd3890be7c0b626473c87069dfb0f24b2ebffffffff	0x6669ed42d49dcfb16015520bcba43970a80485c40e5dc4848f8c2b9d7e171823	0
COEFFICIENT	pp_replay_inverse_ordinary	10176915	0xe475e89ac091756a0a1805a1f86fa4dbd6c92997df1be2266f66f1cf92fa5eb3
TRACE	pp_replay_inverse_ordinary	10182144	0x3f00278a160eae76f1cf5bd3890be7c0b626473c87069dfb0f24b2ebffffffff	0xe85df1eae8aa29f8b6129e759ed8ce05793fe1f03d9fa6e2afb1656a6933cdc2	0
COEFFICIENT	pp_replay_inverse_ordinary	10182144	0xe475e89ac091756a0a1805a1f86fa4dbd6c92997df1be2266f66f1cf92fa5eb3
TRACE	pp_replay_inverse_ordinary	10187373	0x3f00278a160eae76f1cf5bd3890be7c0b626473c87069dfb0f24b2ebffffffff	0xe85df1eae8aa29f8b6129e759ed8ce05793fe1f03d9fa6e2afb1656a6933cdc2	0
COEFFICIENT	pp_replay_inverse_ordinary	10187373	0xb149c32069cd14ccca42a9b98fb817bd26d2351ffbd76b2f8e7f490b8f2892ca
TRACE	pp_replay_inverse_ordinary	10192602	0x3f00278a160eae76f1cf5bd3890be7c0b626473c87069dfb0f24b2ebffffffff	0x1f7220b567873f24a1e29331adf9844dcbad8ec07f67e295d0e381ca433f0c8b	0
COEFFICIENT	pp_replay_inverse_ordinary	10192602	0xb149c32069cd14ccca42a9b98fb817bd26d2351ffbd76b2f8e7f490b8f2892ca
TRACE	pp_replay_inverse_ordinary	10197831	0x3f00278a160eae76f1cf5bd3890be7c0b626473c87069dfb0f24b2ebffffffff	0x1f7220b567873f24a1e29331adf9844dcbad8ec07f67e295d0e381ca433f0c8b	0
COEFFICIENT	pp_replay_inverse_ordinary	10197831	0x4321658b6c12ea74f2a2c0417176ab2c81f6db7f7846f3c94c1b104ddb121cda
TRACE	pp_replay_inverse_ordinary	10203060	0x3f00278a160eae76f1cf5bd3890be7c0b626473c87069dfb0f24b2ebffffffff	0x8205a6f63b2168be3667e6a4cd69b3c81951f9007716b8f4ede213e2619035f0	0
COEFFICIENT	pp_replay_inverse_ordinary	10203060	0x4321658b6c12ea74f2a2c0417176ab2c81f6db7f7846f3c94c1b104ddb121cda
TRACE	pp_replay_inverse_ordinary	10208289	0x3f00278a160eae76f1cf5bd3890be7c0b626473c87069dfb0f24b2ebffffffff	0x8205a6f63b2168be3667e6a4cd69b3c81951f9007716b8f4ede213e2619035f0	0
COEFFICIENT	pp_replay_inverse_ordinary	10208289	0x43d24209d046c2baedd99de1583a290ea9bbdfe79772e9daa540cb9549403c4
TRACE	pp_replay_inverse_ordinary	10213518	0x3f00278a160eae76f1cf5bd3890be7c0b626473c87069dfb0f24b2ebffffffff	0x848720d13473da81bad6727b0570a211d3fafff67a4a0878618347f17b47375	0
COEFFICIENT	pp_replay_inverse_ordinary	10213518	0x43d24209d046c2baedd99de1583a290ea9bbdfe79772e9daa540cb9549403c4
TRACE	pp_replay_inverse_ordinary	10218747	0x3f00278a160eae76f1cf5bd3890be7c0b626473c87069dfb0f24b2ebffffffff	0x848720d13473da81bad6727b0570a211d3fafff67a4a0878618347f17b47375	0
COEFFICIENT	pp_replay_inverse_ordinary	10218747	0x10c2ba4e4d5015ff79689ae3db5e4f42f2772bfc5a92fdc2dac04df1c0dc7afd
TRACE	pp_replay_inverse_ordinary	10223976	0x3f00278a160eae76f1cf5bd3890be7c0b626473c87069dfb0f24b2ebffffffff	0x21539e6873de914fb0c369333c0c63852cf68bfb29dc3ed1e6f0b6eff04561e7	0
COEFFICIENT	pp_replay_inverse_ordinary	10223976	0x10c2ba4e4d5015ff79689ae3db5e4f42f2772bfc5a92fdc2dac04df1c0dc7afd
TRACE	pp_replay_inverse_ordinary	10229205	0x3f00278a160eae76f1cf5bd3890be7c0b626473c87069dfb0f24b2ebffffffff	0x21539e6873de914fb0c369333c0c63852cf68bfb29dc3ed1e6f0b6eff04561e7	0
COEFFICIENT	pp_replay_inverse_ordinary	10229205	0x42d913050e7ebd4ea3949efaf2c9020b11e4e3f3df023a579c7152d371fe57e1
TRACE	pp_replay_inverse_ordinary	10234434	0x3f00278a160eae76f1cf5bd3890be7c0b626473c87069dfb0f24b2ebffffffff	0x85804fd5f63bdfee051b71616ae1c9156bd1fbea32bab7fb6a52c0b352891baf	0
COEFFICIENT	pp_replay_inverse_ordinary	10234434	0x42d913050e7ebd4ea3949efaf2c9020b11e4e3f3df023a579c7152d371fe57e1
TRACE	pp_replay_inverse_ordinary	10239663	0x3f00278a160eae76f1cf5bd3890be7c0b626473c87069dfb0f24b2ebffffffff	0x85804fd5f63bdfee051b71616ae1c9156bd1fbea32bab7fb6a52c0b352891baf	0
COEFFICIENT	pp_replay_inverse_ordinary	10239663	0x31d63426c19aaf420dcc947ab03b00b7f7cbfd8b49bcb3ce8fe4f391739413
TRACE	pp_replay_inverse_ordinary	10244892	0x3f00278a160eae76f1cf5bd3890be7c0b626473c87069dfb0f24b2ebffffffff	0xb3275e013395a8b4c44af575073cd2b8f9bc3d1f0bf2caaa335665b3685cf42	0
COEFFICIENT	pp_replay_inverse_ordinary	10244892	0x31d63426c19aaf420dcc947ab03b00b7f7cbfd8b49bcb3ce8fe4f391739413
TRACE	pp_replay_inverse_ordinary	10250121	0x3f00278a160eae76f1cf5bd3890be7c0b626473c87069dfb0f24b2ebffffffff	0xb3275e013395a8b4c44af575073cd2b8f9bc3d1f0bf2caaa335665b3685cf42	0
COEFFICIENT	pp_replay_inverse_ordinary	10250121	0xb96224860bc8fe9d060488045d4432cff8b5bcd0752a61240553042596cf768
TRACE	pp_replay_inverse_ordinary	10255350	0x3f00278a160eae76f1cf5bd3890be7c0b626473c87069dfb0f24b2ebffffffff	0x21fb0e08872f450068e9a72ee6bbdd841ec2e370e8d0ff6786bffcf8c67895ec	0
COEFFICIENT	pp_replay_inverse_ordinary	10255350	0xb96224860bc8fe9d060488045d4432cff8b5bcd0752a61240553042596cf768
TRACE	pp_replay_inverse_ordinary	10260579	0x3f00278a160eae76f1cf5bd3890be7c0b626473c87069dfb0f24b2ebffffffff	0x21fb0e08872f450068e9a72ee6bbdd841ec2e370e8d0ff6786bffcf8c67895ec	0
COEFFICIENT	pp_replay_inverse_ordinary	10260579	0x3927529948a864d409aa382f726463de1dd99b0af7764b8c076a5d7d795284bc
TRACE	pp_replay_inverse_ordinary	10265808	0x3f00278a160eae76f1cf5bd3890be7c0b626473c87069dfb0f24b2ebffffffff	0x7d1d6eaa5706eed4db7d868d3fdc1ee65b5f61ecc9184a5b14ea576f0643b094	0
COEFFICIENT	pp_replay_inverse_ordinary	10265808	0x3927529948a864d409aa382f726463de1dd99b0af7764b8c076a5d7d795284bc
TRACE	pp_replay_inverse_ordinary	10271037	0x3f00278a160eae76f1cf5bd3890be7c0b626473c87069dfb0f24b2ebffffffff	0x7d1d6eaa5706eed4db7d868d3fdc1ee65b5f61ecc9184a5b14ea576f0643b094	0
COEFFICIENT	pp_replay_inverse_ordinary	10271037	0xef6c13dce857b87ceed1f6ec24a4e6a297129802b804e17323bf1269f8e8ba0c
TRACE	pp_replay_inverse_ordinary	10276266	0x3f00278a160eae76f1cf5bd3890be7c0b626473c87069dfb0f24b2ebffffffff	0xe9a6f13196659626a5cd0406a45d246f4dd15bdc4a3576294d93c14905701f05	0
COEFFICIENT	pp_replay_inverse_ordinary	10276266	0xef6c13dce857b87ceed1f6ec24a4e6a297129802b804e17323bf1269f8e8ba0c
TRACE	pp_replay_inverse_ordinary	10281495	0x3f00278a160eae76f1cf5bd3890be7c0b626473c87069dfb0f24b2ebffffffff	0xe9a6f13196659626a5cd0406a45d246f4dd15bdc4a3576294d93c14905701f05	0
COEFFICIENT	pp_replay_inverse_ordinary	10281495	0xc87f18eb671507208370f1deeda6f1b47bf68be1ba3f390f9511e61ef7419abf
TRACE	pp_replay_inverse_ordinary	10286724	0x3f00278a160eae76f1cf5bd3890be7c0b626473c87069dfb0f24b2ebffffffff	0xacec977c5b6252cc829162e5b13572a1fac2bd6da2bb34306159c74139ea71c	0
COEFFICIENT	pp_replay_inverse_ordinary	10286724	0xc87f18eb671507208370f1deeda6f1b47bf68be1ba3f390f9511e61ef7419abf
TRACE	pp_replay_inverse_ordinary	10291953	0x3f00278a160eae76f1cf5bd3890be7c0b626473c87069dfb0f24b2ebffffffff	0xacec977c5b6252cc829162e5b13572a1fac2bd6da2bb34306159c74139ea71c	0
COEFFICIENT	pp_replay_inverse_ordinary	10291953	0x9bccfb4e93e0336dcf0af9ec36613a931799439a4eaa2562303968b30221e06b
TRACE	pp_replay_inverse_ordinary	10297182	0x3f00278a160eae76f1cf5bd3890be7c0b626473c87069dfb0f24b2ebffffffff	0x79d097a0f78c16ebc14732707fc573c127bf141365ad4123dbf1d034251b69fc	0
COEFFICIENT	pp_replay_inverse_ordinary	10297182	0x9bccfb4e93e0336dcf0af9ec36613a931799439a4eaa2562303968b30221e06b
TRACE	pp_replay_inverse_ordinary	10302411	0x3f00278a160eae76f1cf5bd3890be7c0b626473c87069dfb0f24b2ebffffffff	0x79d097a0f78c16ebc14732707fc573c127bf141365ad4123dbf1d034251b69fc	0
COEFFICIENT	pp_replay_inverse_ordinary	10302411	0xb16a8e3e1f4c7dc75f5d2648ec87e8e756f19b4803018be83c64a19b295f2ea3
TRACE	pp_replay_inverse_ordinary	10307640	0x3f00278a160eae76f1cf5bd3890be7c0b626473c87069dfb0f24b2ebffffffff	0xa50bbd800e64ab9ee1eb8b29ec12d069a66fc36ece5c0e2ff44842047396066c	0
COEFFICIENT	pp_replay_inverse_ordinary	10307640	0xb16a8e3e1f4c7dc75f5d2648ec87e8e756f19b4803018be83c64a19b295f2ea3
TRACE	pp_replay_inverse_ordinary	10312869	0x3f00278a160eae76f1cf5bd3890be7c0b626473c87069dfb0f24b2ebffffffff	0xa50bbd800e64ab9ee1eb8b29ec12d069a66fc36ece5c0e2ff44842047396066c	0
COEFFICIENT	pp_replay_inverse_ordinary	10312869	0x7e0d9fc4cfda72da0a5d7bbc522a2385452f9fed45f26006d11853cc6546b54
TRACE	pp_replay_inverse_ordinary	10318098	0x3f00278a160eae76f1cf5bd3890be7c0b626473c87069dfb0f24b2ebffffffff	0x4236a103cfcbb01023313e981302fe9af88c8cdec858f65f7b7efecd20d7a555	0
COEFFICIENT	pp_replay_inverse_ordinary	10318098	0x7e0d9fc4cfda72da0a5d7bbc522a2385452f9fed45f26006d11853cc6546b54
TRACE	pp_replay_inverse_ordinary	10323327	0x3f00278a160eae76f1cf5bd3890be7c0b626473c87069dfb0f24b2ebffffffff	0x4236a103cfcbb01023313e981302fe9af88c8cdec858f65f7b7efecd20d7a555	0
COEFFICIENT	pp_replay_inverse_ordinary	10323327	0x51f854fc69c6fe6b647cee0f9d48430ba13280dc7117426055a20946ad807bfd
TRACE	pp_replay_inverse_ordinary	10328556	0x3f00278a160eae76f1cf5bd3890be7c0b626473c87069dfb0f24b2ebffffffff	0xd6659704095e5e8baadf6b3fc34e4041924b9a9a01c92f1f4ca006e0ef2fc6a7	0
COEFFICIENT	pp_replay_inverse_ordinary	10328556	0x51f854fc69c6fe6b647cee0f9d48430ba13280dc7117426055a20946ad807bfd
TRACE	pp_replay_inverse_ordinary	10333785	0x3f00278a160eae76f1cf5bd3890be7c0b626473c87069dfb0f24b2ebffffffff	0xd6659704095e5e8baadf6b3fc34e4041924b9a9a01c92f1f4ca006e0ef2fc6a7	0
COEFFICIENT	pp_replay_inverse_ordinary	10333785	0xcd8b12f4ca2f9e4b1e1a70df774245d5b019671ee06555a15ea40bab6bd12d82
TRACE	pp_replay_inverse_ordinary	10339014	0x3f00278a160eae76f1cf5bd3890be7c0b626473c87069dfb0f24b2ebffffffff	0x7a5640fcdcec5b6273d9475efddec658d4b09c52e3f7b3dff7e4196f4a30c272	0
COEFFICIENT	pp_replay_inverse_ordinary	10339014	0xcd8b12f4ca2f9e4b1e1a70df774245d5b019671ee06555a15ea40bab6bd12d82
TRACE	pp_replay_inverse_ordinary	10344243	0x3f00278a160eae76f1cf5bd3890be7c0b626473c87069dfb0f24b2ebffffffff	0x7a5640fcdcec5b6273d9475efddec658d4b09c52e3f7b3dff7e4196f4a30c272	0
COEFFICIENT	pp_replay_inverse_ordinary	10344243	0x156c66e6714b97f8b00e291dec63520434e36a90a4c25f22b52c30c821d32518
TRACE	pp_replay_inverse_ordinary	10349472	0x3f00278a160eae76f1cf5bd3890be7c0b626473c87069dfb0f24b2ebffffffff	0xa18e8e02b244ebd97c0b7dbe820deb5de44a3366cb1c6e2a4f463a7b634adcd	0
COEFFICIENT	pp_replay_inverse_ordinary	10349472	0x156c66e6714b97f8b00e291dec63520434e36a90a4c25f22b52c30c821d32518
TRACE	pp_replay_inverse_ordinary	10354701	0x3f00278a160eae76f1cf5bd3890be7c0b626473c87069dfb0f24b2ebffffffff	0xa18e8e02b244ebd97c0b7dbe820deb5de44a3366cb1c6e2a4f463a7b634adcd	0
COEFFICIENT	pp_replay_inverse_ordinary	10354701	0x20bfe4ecb772e133c85b9a5ff0a5c5528b8231eadcd2f762c563fde88d719c63
TRACE	pp_replay_inverse_ordinary	10359930	0x3f00278a160eae76f1cf5bd3890be7c0b626473c87069dfb0f24b2ebffffffff	0x34f1b6ad0dbb7eaef7dd0a17c0e782be480b7857b63685280f4cc537f9daf7fd	0
COEFFICIENT	pp_replay_inverse_ordinary	10359930	0x20bfe4ecb772e133c85b9a5ff0a5c5528b8231eadcd2f762c563fde88d719c63
TRACE	pp_replay_inverse_ordinary	10365159	0x3f00278a160eae76f1cf5bd3890be7c0b626473c87069dfb0f24b2ebffffffff	0x34f1b6ad0dbb7eaef7dd0a17c0e782be480b7857b63685280f4cc537f9daf7fd	0
COEFFICIENT	pp_replay_inverse_ordinary	10365159	0x767180867ca1411688943ed7a2330d635f0fdc2d6fdc73ed9a14c10914be30c3
TRACE	pp_replay_inverse_ordinary	10370388	0x3f00278a160eae76f1cf5bd3890be7c0b626473c87069dfb0f24b2ebffffffff	0xe054ede098183e74784e5307240212dfef26ccdcdc497e3db8ae4b79087420bd	0
COEFFICIENT	pp_replay_inverse_ordinary	10370388	0x767180867ca1411688943ed7a2330d635f0fdc2d6fdc73ed9a14c10914be30c3
TRACE	pp_replay_inverse_ordinary	10375617	0x3f00278a160eae76f1cf5bd3890be7c0b626473c87069dfb0f24b2ebffffffff	0xe054ede098183e74784e5307240212dfef26ccdcdc497e3db8ae4b79087420bd	0
COEFFICIENT	pp_replay_inverse_ordinary	10375617	0xc8e132c612a43b898da2aa8206407e6cef8eb7e036f699d7b7b3699210840c9
TRACE	pp_replay_inverse_ordinary	10380846	0x3f00278a160eae76f1cf5bd3890be7c0b626473c87069dfb0f24b2ebffffffff	0xb41bc894cf06393057c27b6627a01dd90f54ae3bb52392ddf5e16059efe00482	0
COEFFICIENT	pp_replay_inverse_ordinary	10380846	0xc8e132c612a43b898da2aa8206407e6cef8eb7e036f699d7b7b3699210840c9
TRACE	pp_replay_inverse_ordinary	10386075	0x3f00278a160eae76f1cf5bd3890be7c0b626473c87069dfb0f24b2ebffffffff	0xb41bc894cf06393057c27b6627a01dd90f54ae3bb52392ddf5e16059efe00482	0
COEFFICIENT	pp_replay_inverse_ordinary	10386075	0x65005dc3f34e4e40d9f1d9ea1927f1f48e9d28c051bb405d01150cd75230793f
TRACE	pp_replay_inverse_ordinary	10391304	0x3f00278a160eae76f1cf5bd3890be7c0b626473c87069dfb0f24b2ebffffffff	0xcd37eeed915ac0a18976d0b668682da6ad468537bc026618ecd7cd8c31f08614	0
COEFFICIENT	pp_replay_inverse_ordinary	10391304	0x65005dc3f34e4e40d9f1d9ea1927f1f48e9d28c051bb405d01150cd75230793f
TRACE	pp_replay_inverse_ordinary	10396533	0x3f00278a160eae76f1cf5bd3890be7c0b626473c87069dfb0f24b2ebffffffff	0xcd37eeed915ac0a18976d0b668682da6ad468537bc026618ecd7cd8c31f08614	0
COEFFICIENT	pp_replay_inverse_ordinary	10396533	0xfcc8cc9a5541dbe02a6ce31dc9e7b6426ff3cc48e7741aa115524c2172706899
TRACE	pp_replay_inverse_ordinary	10401762	0x3f00278a160eae76f1cf5bd3890be7c0b626473c87069dfb0f24b2ebffffffff	0x9da71140cd73a562e880be4f06e8a50aea993e269090b190c45d4ef6f170a38f	0
COEFFICIENT	pp_replay_inverse_ordinary	10401762	0xfcc8cc9a5541dbe02a6ce31dc9e7b6426ff3cc48e7741aa115524c2172706899
TRACE	pp_replay_inverse_ordinary	10406991	0x3f00278a160eae76f1cf5bd3890be7c0b626473c87069dfb0f24b2ebffffffff	0x9da71140cd73a562e880be4f06e8a50aea993e269090b190c45d4ef6f170a38f	0
COEFFICIENT	pp_replay_inverse_ordinary	10406991	0x9738aa7577f75d233d5a848a9ab8118fca80d6b85f78e6d2ef01e73bd6517c63
TRACE	pp_replay_inverse_ordinary	10412220	0x3f00278a160eae76f1cf5bd3890be7c0b626473c87069dfb0f24b2ebffffffff	0xa415780c22efeda293a6f813731938860ab1a594c1a87c4e99b8b6b20c8fcabb	0
COEFFICIENT	pp_replay_inverse_ordinary	10412220	0x9738aa7577f75d233d5a848a9ab8118fca80d6b85f78e6d2ef01e73bd6517c63
TRACE	pp_replay_inverse_ordinary	10417449	0x3f00278a160eae76f1cf5bd3890be7c0b626473c87069dfb0f24b2ebffffffff	0xa415780c22efeda293a6f813731938860ab1a594c1a87c4e99b8b6b20c8fcabb	0
COEFFICIENT	pp_replay_inverse_ordinary	10417449	0x8a5bdcdeccfecca3e70e1101c256ea998a5007dbfd495157444b17c5a0132e0b
TRACE	pp_replay_inverse_ordinary	10422678	0x3f00278a160eae76f1cf5bd3890be7c0b626473c87069dfb0f24b2ebffffffff	0xbdcf133978e10ea1403fdf2523db86728b13434d8607a745ef26559e790c676b	0
COEFFICIENT	pp_replay_inverse_ordinary	10422678	0x8a5bdcdeccfecca3e70e1101c256ea998a5007dbfd495157444b17c5a0132e0b
TRACE	pp_replay_inverse_ordinary	10427907	0x3f00278a160eae76f1cf5bd3890be7c0b626473c87069dfb0f24b2ebffffffff	0xbdcf133978e10ea1403fdf2523db86728b13434d8607a745ef26559e790c676b	0
COEFFICIENT	pp_replay_inverse_ordinary	10427907	0x56e8a684211c8aa68ddc42de60d24ec0898ccc6a748afb68996fd9ecc719f4ab
TRACE	pp_replay_inverse_ordinary	10433136	0x3f00278a160eae76f1cf5bd3890be7c0b626473c87069dfb0f24b2ebffffffff	0x24b57feed0a5929bf2a37b6be6e4be248c99ba309784532344dcd1512afeddfc	0
COEFFICIENT	pp_replay_inverse_ordinary	10433136	0x56e8a684211c8aa68ddc42de60d24ec0898ccc6a748afb68996fd9ecc719f4ab
TRACE	pp_replay_inverse_ordinary	10438365	0x3f00278a160eae76f1cf5bd3890be7c0b626473c87069dfb0f24b2ebffffffff	0x24b57feed0a5929bf2a37b6be6e4be248c99ba309784532344dcd1512afeddfc	0
COEFFICIENT	pp_replay_inverse_ordinary	10438365	0x891bcd19719382b129150a50dabfdf5c867fdea45191a3adee02e28863350b5a
TRACE	pp_replay_inverse_ordinary	10443594	0x3f00278a160eae76f1cf5bd3890be7c0b626473c87069dfb0f24b2ebffffffff	0xc04f32c42fb7a286bc31ec86f3099cec92b395bcdd7702989bb6c018f2c8accd	0
COEFFICIENT	pp_replay_inverse_ordinary	10443594	0x891bcd19719382b129150a50dabfdf5c867fdea45191a3adee02e28863350b5a
TRACE	pp_replay_inverse_ordinary	10448823	0x3f00278a160eae76f1cf5bd3890be7c0b626473c87069dfb0f24b2ebffffffff	0xc04f32c42fb7a286bc31ec86f3099cec92b395bcdd7702989bb6c018f2c8accd	0
COEFFICIENT	pp_replay_inverse_ordinary	10448823	0x51e8676eb36f62db95f8281ac27621cc7a4c278bc5ac44c3404f04f7d3a169e7
TRACE	pp_replay_inverse_ordinary	10454052	0x3f00278a160eae76f1cf5bd3890be7c0b626473c87069dfb0f24b2ebffffffff	0xd286ccf712dea7e90e5c0128a8895ba59fb35305809a49f477bc852ab932c752	0
COEFFICIENT	pp_replay_inverse_ordinary	10454052	0x51e8676eb36f62db95f8281ac27621cc7a4c278bc5ac44c3404f04f7d3a169e7
TRACE	pp_replay_inverse_ordinary	10459281	0x3f00278a160eae76f1cf5bd3890be7c0b626473c87069dfb0f24b2ebffffffff	0xd286ccf712dea7e90e5c0128a8895ba59fb35305809a49f477bc852ab932c752	0
COEFFICIENT	pp_replay_inverse_ordinary	10459281	0xd14a01e654001dce1d944f0cdc62e7f354e4fc120abe3f9208e184c3ee1008ab
TRACE	pp_replay_inverse_ordinary	10464510	0x3f00278a160eae76f1cf5bd3890be7c0b626473c87069dfb0f24b2ebffffffff	0xd3c39807d1bd3203ff23b34474afcf57ea81a9f8f6765456e6978591845585f9	0
COEFFICIENT	pp_replay_inverse_ordinary	10464510	0xd14a01e654001dce1d944f0cdc62e7f354e4fc120abe3f9208e184c3ee1008ab
TRACE	pp_replay_inverse_ordinary	10469739	0x3f00278a160eae76f1cf5bd3890be7c0b626473c87069dfb0f24b2ebffffffff	0xd3c39807d1bd3203ff23b34474afcf57ea81a9f8f6765456e6978591845585f9	0
COEFFICIENT	pp_replay_inverse_ordinary	10469739	0xced06bc4d64309983c04ead54416008ebf484e2b1f062acd2b2b83f657ca8b5d
TRACE	pp_replay_inverse_ordinary	10474968	0x3f00278a160eae76f1cf5bd3890be7c0b626473c87069dfb0f24b2ebffffffff	0xd8b6c44acd375a6fc2427bb3a5499e2115bb05c6cde67de0a203872cb0e08095	0
COEFFICIENT	pp_replay_inverse_ordinary	10474968	0xced06bc4d64309983c04ead54416008ebf484e2b1f062acd2b2b83f657ca8b5d
TRACE	pp_replay_inverse_ordinary	10480197	0x3f00278a160eae76f1cf5bd3890be7c0b626473c87069dfb0f24b2ebffffffff	0xd8b6c44acd375a6fc2427bb3a5499e2115bb05c6cde67de0a203872cb0e08095	0
COEFFICIENT	pp_replay_inverse_ordinary	10480197	0xc4ea133edf4eb8c0b5c759f6e2e262fc68d5968f7025d7b9b45380bffeb49625
TRACE	pp_replay_inverse_ordinary	10485426	0x3f00278a160eae76f1cf5bd3890be7c0b626473c87069dfb0f24b2ebffffffff	0xec837556bb1ffc1ecebd9d7067b0d945c2a074fe2ba724078fb38d99630c6b05	0
COEFFICIENT	pp_replay_inverse_ordinary	10485426	0xc4ea133edf4eb8c0b5c759f6e2e262fc68d5968f7025d7b9b45380bffeb49625
TRACE	pp_replay_inverse_ordinary	10490655	0x3f00278a160eae76f1cf5bd3890be7c0b626473c87069dfb0f24b2ebffffffff	0xec837556bb1ffc1ecebd9d7067b0d945c2a074fe2ba724078fb38d99630c6b05	0
COEFFICIENT	pp_replay_inverse_ordinary	10490655	0x9d50b127037d75629cd1167d5e13ecb30f0ab820b4a48b6bd8f373e69a5cc145
TRACE	pp_replay_inverse_ordinary	10495884	0x3f00278a160eae76f1cf5bd3890be7c0b626473c87069dfb0f24b2ebffffffff	0x76579bd479bd6da03a4c515e2d759f3e944ba21d0bf2d37af85a8f1b60759ef1	0
COEFFICIENT	pp_replay_inverse_ordinary	10495884	0x9d50b127037d75629cd1167d5e13ecb30f0ab820b4a48b6bd8f373e69a5cc145
TRACE	pp_replay_inverse_ordinary	10501113	0x3f00278a160eae76f1cf5bd3890be7c0b626473c87069dfb0f24b2ebffffffff	0x76579bd479bd6da03a4c515e2d759f3e944ba21d0bf2d37af85a8f1b60759ef1	0
COEFFICIENT	pp_replay_inverse_ordinary	10501113	0xb0f8fe2280b8586573ee7e58e99d78a4b261125e753bea52aa4176e9952f254c
TRACE	pp_replay_inverse_ordinary	10506342	0x3f00278a160eae76f1cf5bd3890be7c0b626473c87069dfb0f24b2ebffffffff	0x3bb6398672c282db00aa2463714dc5d8763631dba2a9bca34673a74d2bbc1896	0
COEFFICIENT	pp_replay_inverse_ordinary	10506342	0xb0f8fe2280b8586573ee7e58e99d78a4b261125e753bea52aa4176e9952f254c
TRACE	pp_replay_inverse_ordinary	10511571	0x3f00278a160eae76f1cf5bd3890be7c0b626473c87069dfb0f24b2ebffffffff	0x3bb6398672c282db00aa2463714dc5d8763631dba2a9bca34673a74d2bbc1896	0
COEFFICIENT	pp_replay_inverse_ordinary	10511571	0x9da835cb743333a5e88721154488b721daf856988d2191489af69521561a66ff
TRACE	pp_replay_inverse_ordinary	10516800	0x3f00278a160eae76f1cf5bd3890be7c0b626473c87069dfb0f24b2ebffffffff	0xd9c43d417151d21018cd27b19e12d48f11740d1eb831e7fdf1f0b978015dc65c	0
COEFFICIENT	pp_replay_inverse_ordinary	10516800	0x9da835cb743333a5e88721154488b721daf856988d2191489af69521561a66ff
TRACE	pp_replay_inverse_ordinary	10522029	0x3f00278a160eae76f1cf5bd3890be7c0b626473c87069dfb0f24b2ebffffffff	0xd9c43d417151d21018cd27b19e12d48f11740d1eb831e7fdf1f0b978015dc65c	0
COEFFICIENT	pp_replay_inverse_ordinary	10522029	0x618c2e557714953bb8411a78eafe99b4a47ca01262113a9343fc70caaad707a2
TRACE	pp_replay_inverse_ordinary	10527258	0x3f00278a160eae76f1cf5bd3890be7c0b626473c87069dfb0f24b2ebffffffff	0x1514a8d859b8395be9db69dc272442d2c764ba4fd2750a8f27dde3bcad929bfc	0
COEFFICIENT	pp_replay_inverse_ordinary	10527258	0x618c2e557714953bb8411a78eafe99b4a47ca01262113a9343fc70caaad707a2
TRACE	pp_replay_inverse_ordinary	10532487	0x3f00278a160eae76f1cf5bd3890be7c0b626473c87069dfb0f24b2ebffffffff	0x1514a8d859b8395be9db69dc272442d2c764ba4fd2750a8f27dde3bcad929bfc	0
COEFFICIENT	pp_replay_inverse_ordinary	10532487	0xae03b3d29470f11b86a6cb15aed8f096819485d4f1ad6a97601afdd8a81b7348
TRACE	pp_replay_inverse_ordinary	10537716	0x3f00278a160eae76f1cf5bd3890be7c0b626473c87069dfb0f24b2ebffffffff	0x7c259dde1eff819c4d1008a29f6f950f0d34eecab33caa86efa0c99fb309c0df	0
COEFFICIENT	pp_replay_inverse_ordinary	10537716	0xae03b3d29470f11b86a6cb15aed8f096819485d4f1ad6a97601afdd8a81b7348
TRACE	pp_replay_inverse_ordinary	10542945	0x3f00278a160eae76f1cf5bd3890be7c0b626473c87069dfb0f24b2ebffffffff	0x7c259dde1eff819c4d1008a29f6f950f0d34eecab33caa86efa0c99fb309c0df	0
COEFFICIENT	pp_replay_inverse_ordinary	10542945	0xdfe1c9c709e2609ac03d8d88be424c1df5f41cdf301e2aa7d09532119d2d25b1
TRACE	pp_replay_inverse_ordinary	10548174	0x3f00278a160eae76f1cf5bd3890be7c0b626473c87069dfb0f24b2ebffffffff	0xd82d058347e163d35a5d9ecdfd21763c105dfa7496977fb5afd6c5520340ab40	0
COEFFICIENT	pp_replay_inverse_ordinary	10548174	0xdfe1c9c709e2609ac03d8d88be424c1df5f41cdf301e2aa7d09532119d2d25b1
TRACE	pp_replay_inverse_ordinary	10553403	0x3f00278a160eae76f1cf5bd3890be7c0b626473c87069dfb0f24b2ebffffffff	0xd82d058347e163d35a5d9ecdfd21763c105dfa7496977fb5afd6c5520340ab40	0
COEFFICIENT	pp_replay_inverse_ordinary	10553403	0x97f099115ba62508dad8b9df79a60e77fc463432f6d3d505510129773d9afe44
TRACE	pp_replay_inverse_ordinary	10558632	0x3f00278a160eae76f1cf5bd3890be7c0b626473c87069dfb0f24b2ebffffffff	0x484aa417eb68ecaf8f93f77b73e8faf01d02291c2402d470b0aeb41d441c5c66	0
COEFFICIENT	pp_replay_inverse_ordinary	10558632	0x97f099115ba62508dad8b9df79a60e77fc463432f6d3d505510129773d9afe44
TRACE	pp_replay_inverse_ordinary	10563861	0x3f00278a160eae76f1cf5bd3890be7c0b626473c87069dfb0f24b2ebffffffff	0x484aa417eb68ecaf8f93f77b73e8faf01d02291c2402d470b0aeb41d441c5c66	0
COEFFICIENT	pp_replay_inverse_ordinary	10563861	0x782bd63aa2b536c145456b3a673517e0158e918211aa7e7b52b1070cbf525cbf
TRACE	pp_replay_inverse_ordinary	10569090	0x3f00278a160eae76f1cf5bd3890be7c0b626473c87069dfb0f24b2ebffffffff	0x8c11e6a79871020646d5a314f070dc04f92e3ba59b0275cb40e6f48478b195c	0
COEFFICIENT	pp_replay_inverse_ordinary	10569090	0x782bd63aa2b536c145456b3a673517e0158e918211aa7e7b52b1070cbf525cbf
TRACE	pp_replay_inverse_ordinary	10574319	0x3f00278a160eae76f1cf5bd3890be7c0b626473c87069dfb0f24b2ebffffffff	0x8c11e6a79871020646d5a314f070dc04f92e3ba59b0275cb40e6f48478b195c	0
COEFFICIENT	pp_replay_inverse_ordinary	10574319	0xf918cadfbef17da2eef830a61d713d807ab006be7d05245359707d61c62fd2da
TRACE	pp_replay_inverse_ordinary	10579548	0x3f00278a160eae76f1cf5bd3890be7c0b626473c87069dfb0f24b2ebffffffff	0xa9b07b4b1ff9de3b7d2e508bb7f590119d5ce333065730cc18d5bf355460963	0
COEFFICIENT	pp_replay_inverse_ordinary	10579548	0xf918cadfbef17da2eef830a61d713d807ab006be7d05245359707d61c62fd2da
TRACE	pp_replay_inverse_ordinary	10584777	0x3f00278a160eae76f1cf5bd3890be7c0b626473c87069dfb0f24b2ebffffffff	0xa9b07b4b1ff9de3b7d2e508bb7f590119d5ce333065730cc18d5bf355460963	0
COEFFICIENT	pp_replay_inverse_ordinary	10584777	0xe7968e0acbe35d62261d7c437f6321ffdb8a3f49c9a4d599f1539ed13719a022
TRACE	pp_replay_inverse_ordinary	10590006	0x3f00278a160eae76f1cf5bd3890be7c0b626473c87069dfb0f24b2ebffffffff	0x2d9f815e981bde6549884dcdf79b900258215d1c9726107f91c7191473726ed3	0
COEFFICIENT	pp_replay_inverse_ordinary	10590006	0xe7968e0acbe35d62261d7c437f6321ffdb8a3f49c9a4d599f1539ed13719a022
TRACE	pp_replay_inverse_ordinary	10595235	0x3f00278a160eae76f1cf5bd3890be7c0b626473c87069dfb0f24b2ebffffffff	0x2d9f815e981bde6549884dcdf79b900258215d1c9726107f91c7191473726ed3	0
COEFFICIENT	pp_replay_inverse_ordinary	10595235	0xa18d9ab6ffaadc5f02b2aab9072ab3fd5ef32176fc239ab450e0248efac0d542
TRACE	pp_replay_inverse_ordinary	10600464	0x3f00278a160eae76f1cf5bd3890be7c0b626473c87069dfb0f24b2ebffffffff	0xb9b16806308ce06b905df0e2e80c6c07514f98c23228864ad2ae0d98ec240493	0
COEFFICIENT	pp_replay_inverse_ordinary	10600464	0xa18d9ab6ffaadc5f02b2aab9072ab3fd5ef32176fc239ab450e0248efac0d542
TRACE	pp_replay_inverse_ordinary	10605693	0x3f00278a160eae76f1cf5bd3890be7c0b626473c87069dfb0f24b2ebffffffff	0xb9b16806308ce06b905df0e2e80c6c07514f98c23228864ad2ae0d98ec240493	0
COEFFICIENT	pp_replay_inverse_ordinary	10605693	0x8969cd67cec8d8527507648f2648fbf36c96aa2bc61eaf1dcf123b85095da5f1
TRACE	pp_replay_inverse_ordinary	10610922	0x3f00278a160eae76f1cf5bd3890be7c0b626473c87069dfb0f24b2ebffffffff	0xfccc9d742fe2992995c34654f661d4020f35dbb02a6fbbb3746e56b7e1a5b2e8	0
COEFFICIENT	pp_replay_inverse_ordinary	10610922	0x8969cd67cec8d8527507648f2648fbf36c96aa2bc61eaf1dcf123b85095da5f1
TRACE	pp_replay_inverse_ordinary	10616151	0x3f00278a160eae76f1cf5bd3890be7c0b626473c87069dfb0f24b2ebffffffff	0xfccc9d742fe2992995c34654f661d4020f35dbb02a6fbbb3746e56b7e1a5b2e8	0
COEFFICIENT	pp_replay_inverse_ordinary	10616151	0x1606fd5b6daf177b544b82c9563023e4c9f778a761cda28829b62052311598fa
TRACE	pp_replay_inverse_ordinary	10621380	0x3f00278a160eae76f1cf5bd3890be7c0b626473c87069dfb0f24b2ebffffffff	0xe3923d8cf2161ad7d73b09e09693841f54743eb8f311d4debf268d1e9235d0a7	0
COEFFICIENT	pp_replay_inverse_ordinary	10621380	0x1606fd5b6daf177b544b82c9563023e4c9f778a761cda28829b62052311598fa
TRACE	pp_replay_inverse_ordinary	10626609	0x3f00278a160eae76f1cf5bd3890be7c0b626473c87069dfb0f24b2ebffffffff	0xe3923d8cf2161ad7d73b09e09693841f54743eb8f311d4debf268d1e9235d0a7	0
COEFFICIENT	pp_replay_inverse_ordinary	10626609	0x487bbd29e948141ed15bfbb215ccc3aa3f7ab295d08970319445b384cff55d7c
TRACE	pp_replay_inverse_ordinary	10631838	0x3f00278a160eae76f1cf5bd3890be7c0b626473c87069dfb0f24b2ebffffffff	0xfa03843cd7449ce7fd20f7342f3cbe8e8633007b6ad19ef1292cdc3f461066c	0
COEFFICIENT	pp_replay_inverse_ordinary	10631838	0x487bbd29e948141ed15bfbb215ccc3aa3f7ab295d08970319445b384cff55d7c
TRACE	pp_replay_inverse_ordinary	10637067	0x3f00278a160eae76f1cf5bd3890be7c0b626473c87069dfb0f24b2ebffffffff	0xfa03843cd7449ce7fd20f7342f3cbe8e8633007b6ad19ef1292cdc3f461066c	0
COEFFICIENT	pp_replay_inverse_ordinary	10637067	0xa097b297a004720c228a06d76e8d533d6758953357bffa523b1e34cd944bc164
TRACE	pp_replay_inverse_ordinary	10642296	0x3f00278a160eae76f1cf5bd3890be7c0b626473c87069dfb0f24b2ebffffffff	0x7ea8bdeffae42190dd1a180f175a4494696dcadc159a398bea0766b9547647a3	0
COEFFICIENT	pp_replay_inverse_ordinary	10642296	0xa097b297a004720c228a06d76e8d533d6758953357bffa523b1e34cd944bc164
TRACE	pp_replay_inverse_ordinary	10647525	0x3f00278a160eae76f1cf5bd3890be7c0b626473c87069dfb0f24b2ebffffffff	0x7ea8bdeffae42190dd1a180f175a4494696dcadc159a398bea0766b9547647a3	0
COEFFICIENT	pp_replay_inverse_ordinary	10647525	0xbfd8231f3aed05a9222e25bdf474eb0f381ef542c51a2e306043d0557d0dce3c
TRACE	pp_replay_inverse_ordinary	10652754	0x3f00278a160eae76f1cf5bd3890be7c0b626473c87069dfb0f24b2ebffffffff	0xbd299eff30b548cadc6255dc232974380afa8afaf04ea14834529dc925fa6153	0
COEFFICIENT	pp_replay_inverse_ordinary	10652754	0xbfd8231f3aed05a9222e25bdf474eb0f381ef542c51a2e306043d0557d0dce3c
TRACE	pp_replay_inverse_ordinary	10657983	0x3f00278a160eae76f1cf5bd3890be7c0b626473c87069dfb0f24b2ebffffffff	0xbd299eff30b548cadc6255dc232974380afa8afaf04ea14834529dc925fa6153	0
COEFFICIENT	pp_replay_inverse_ordinary	10657983	0x3cd9e53da68f541d20bea1580c134a567b3875807a82fda8f4da3e762016056d
TRACE	pp_replay_inverse_ordinary	10663212	0x3f00278a160eae76f1cf5bd3890be7c0b626473c87069dfb0f24b2ebffffffff	0x3d7958c0badb3d7898060a603a3f9e199abca075661a44e773cafd1d2bdec10a	0
COEFFICIENT	pp_replay_inverse_ordinary	10663212	0x3cd9e53da68f541d20bea1580c134a567b3875807a82fda8f4da3e762016056d
TRACE	pp_replay_inverse_ordinary	10668441	0x3f00278a160eae76f1cf5bd3890be7c0b626473c87069dfb0f24b2ebffffffff	0x3d7958c0badb3d7898060a603a3f9e199abca075661a44e773cafd1d2bdec10a	0
COEFFICIENT	pp_replay_inverse_ordinary	10668441	0xb72d233c07f9e5b2d9834d10526632c6912d8b765b2040395d7f7a096c0acbe4
TRACE	pp_replay_inverse_ordinary	10673670	0x3f00278a160eae76f1cf5bd3890be7c0b626473c87069dfb0f24b2ebffffffff	0x321fd4bd7db060a4098f61d0c6e56ef9c6a6cc612754ca0845157444c3c851c9	0
COEFFICIENT	pp_replay_inverse_ordinary	10673670	0xb72d233c07f9e5b2d9834d10526632c6912d8b765b2040395d7f7a096c0acbe4
TRACE	pp_replay_inverse_ordinary	10678899	0x3f00278a160eae76f1cf5bd3890be7c0b626473c87069dfb0f24b2ebffffffff	0x321fd4bd7db060a4098f61d0c6e56ef9c6a6cc612754ca0845157444c3c851c9	0
COEFFICIENT	pp_replay_inverse_ordinary	10678899	0x3c3a71ba92436ac1a977384fdde6f6935bb44a8b8eebb66a75e97fcf144d49d0
TRACE	pp_replay_inverse_ordinary	10684128	0x3f00278a160eae76f1cf5bd3890be7c0b626473c87069dfb0f24b2ebffffffff	0xa07a1b358da42c09bc95fbf16bb1d486e901e34ddd954a7b001468589bdded62	0
COEFFICIENT	pp_replay_inverse_ordinary	10684128	0x3c3a71ba92436ac1a977384fdde6f6935bb44a8b8eebb66a75e97fcf144d49d0
TRACE	pp_replay_inverse_ordinary	10689357	0x3f00278a160eae76f1cf5bd3890be7c0b626473c87069dfb0f24b2ebffffffff	0xa07a1b358da42c09bc95fbf16bb1d486e901e34ddd954a7b001468589bdded62	0
COEFFICIENT	pp_replay_inverse_ordinary	10689357	0xd7fac83f96e2a979965874ae501c189fce66b1c940422259ebbe97448cbca26d
TRACE	pp_replay_inverse_ordinary	10694586	0x3f00278a160eae76f1cf5bd3890be7c0b626473c87069dfb0f24b2ebffffffff	0x68f96e2b8465ae99e2d383348747906e039d14d27ae8729c146a396caaff3857	0
COEFFICIENT	pp_replay_inverse_ordinary	10694586	0xd7fac83f96e2a979965874ae501c189fce66b1c940422259ebbe97448cbca26d
TRACE	pp_replay_inverse_ordinary	10699815	0x3f00278a160eae76f1cf5bd3890be7c0b626473c87069dfb0f24b2ebffffffff	0x68f96e2b8465ae99e2d383348747906e039d14d27ae8729c146a396caaff3857	0
COEFFICIENT	pp_replay_inverse_ordinary	10699815	0x46fc2253a95fa45949dd662818f0a0d199304ec0059bd217c312f51d6e7a1054
TRACE	pp_replay_inverse_ordinary	10705044	0x3f00278a160eae76f1cf5bd3890be7c0b626473c87069dfb0f24b2ebffffffff	0x18eefeaab22b018d0f846c91277fc1ada06a7864fb6cb74febe767f7c47884d3	0
COEFFICIENT	pp_replay_inverse_ordinary	10705044	0x46fc2253a95fa45949dd662818f0a0d199304ec0059bd217c312f51d6e7a1054
TRACE	pp_replay_inverse_ordinary	10710273	0x3f00278a160eae76f1cf5bd3890be7c0b626473c87069dfb0f24b2ebffffffff	0x18eefeaab22b018d0f846c91277fc1ada06a7864fb6cb74febe767f7c47884d3	0
COEFFICIENT	pp_replay_inverse_ordinary	10710273	0x750945fca094472584365fbf0a617ff591f6251b0fcaecdf9a3e8243187b9bd5
TRACE	pp_replay_inverse_ordinary	10715502	0x3f00278a160eae76f1cf5bd3890be7c0b626473c87069dfb0f24b2ebffffffff	0xa6e7435204ea4a3fa33f38e159610350d2cb15e506a45b7f720d5232a16ca57b	0
COEFFICIENT	pp_replay_inverse_ordinary	10715502	0x750945fca094472584365fbf0a617ff591f6251b0fcaecdf9a3e8243187b9bd5
TRACE	pp_replay_inverse_ordinary	10720731	0x3f00278a160eae76f1cf5bd3890be7c0b626473c87069dfb0f24b2ebffffffff	0xa6e7435204ea4a3fa33f38e159610350d2cb15e506a45b7f720d5232a16ca57b	0
COEFFICIENT	pp_replay_inverse_ordinary	10720731	0x432b48a73c3e440b652d869cbb61fc9a5121345118f17e3fc26fb2538f8a922f
TRACE	pp_replay_inverse_ordinary	10725960	0x3f00278a160eae76f1cf5bd3890be7c0b626473c87069dfb0f24b2ebffffffff	0x90f9cf4b4612d88aababf85f6e24033bf6b7601b263a353ea68a56b9d263e0f6	0
COEFFICIENT	pp_replay_inverse_ordinary	10725960	0x432b48a73c3e440b652d869cbb61fc9a5121345118f17e3fc26fb2538f8a922f
TRACE	pp_replay_inverse_ordinary	10731189	0x3f00278a160eae76f1cf5bd3890be7c0b626473c87069dfb0f24b2ebffffffff	0x90f9cf4b4612d88aababf85f6e24033bf6b7601b263a353ea68a56b9d263e0f6	0
COEFFICIENT	pp_replay_inverse_ordinary	10731189	0x17506099be8f60a176070598e4e7fc7098f9c8bd581d31be2b69bb61f1790925
TRACE	pp_replay_inverse_ordinary	10736418	0x3f00278a160eae76f1cf5bd3890be7c0b626473c87069dfb0f24b2ebffffffff	0xaa33dfccd965073e150eb25f7600a075474f778f45738bf21aaf212b34ebc98	0
COEFFICIENT	pp_replay_inverse_ordinary	10736418	0x17506099be8f60a176070598e4e7fc7098f9c8bd581d31be2b69bb61f1790925
TRACE	pp_replay_inverse_ordinary	10741647	0x3f00278a160eae76f1cf5bd3890be7c0b626473c87069dfb0f24b2ebffffffff	0xaa33dfccd965073e150eb25f7600a075474f778f45738bf21aaf212b34ebc98	0
COEFFICIENT	pp_replay_inverse_ordinary	10741647	0x23fd8336af8870cf0abd200bd26feed9dd7e9a01bbe32abd352884b12fa355b2
TRACE	pp_replay_inverse_ordinary	10746876	0x3f00278a160eae76f1cf5bd3890be7c0b626473c87069dfb0f24b2ebffffffff	0xf148f8c2eba43018b7e4b6401c502534cb6b54f02ccb46c10e2d5f7336fa1fad	0
COEFFICIENT	pp_replay_inverse_ordinary	10746876	0x23fd8336af8870cf0abd200bd26feed9dd7e9a01bbe32abd352884b12fa355b2
TRACE	pp_replay_inverse_ordinary	10752105	0x3f00278a160eae76f1cf5bd3890be7c0b626473c87069dfb0f24b2ebffffffff	0xf148f8c2eba43018b7e4b6401c502534cb6b54f02ccb46c10e2d5f7336fa1fad	0
COEFFICIENT	pp_replay_inverse_ordinary	10752105	0x3943ff304ab511b6cd5ef657c13002e8866888f3a4919c3b787e68d69640cee2
TRACE	pp_replay_inverse_ordinary	10757334	0x3f00278a160eae76f1cf5bd3890be7c0b626473c87069dfb0f24b2ebffffffff	0x1bd5f0b621fd71e83d2862d7f9d04d521d3f32d3fe2829bd94d927bf043515de	0
COEFFICIENT	pp_replay_inverse_ordinary	10757334	0x3943ff304ab511b6cd5ef657c13002e8866888f3a4919c3b787e68d69640cee2
TRACE	pp_replay_inverse_ordinary	10762563	0x3f00278a160eae76f1cf5bd3890be7c0b626473c87069dfb0f24b2ebffffffff	0x1bd5f0b621fd71e83d2862d7f9d04d521d3f32d3fe2829bd94d927bf043515de	0
COEFFICIENT	pp_replay_inverse_ordinary	10762563	0x8e5def16b7679555d7e64f877c3053232a1044bb474b623485d5f96c30b6b3a2
TRACE	pp_replay_inverse_ordinary	10767792	0x3f00278a160eae76f1cf5bd3890be7c0b626473c87069dfb0f24b2ebffffffff	0xa94df2558c934e7aa26a762877704781106e20ecb504f146a3dc5610d7b37449	0
COEFFICIENT	pp_replay_inverse_ordinary	10767792	0x8e5def16b7679555d7e64f877c3053232a1044bb474b623485d5f96c30b6b3a2
TRACE	pp_replay_inverse_ordinary	10773021	0x3f00278a160eae76f1cf5bd3890be7c0b626473c87069dfb0f24b2ebffffffff	0xa94df2558c934e7aa26a762877704781106e20ecb504f146a3dc5610d7b37449	0
COEFFICIENT	pp_replay_inverse_ordinary	10773021	0xc609d082fb627926523715376fd0edc7648eaa63439bb5afaf8848ea3920df5e
TRACE	pp_replay_inverse_ordinary	10778250	0x3f00278a160eae76f1cf5bd3890be7c0b626473c87069dfb0f24b2ebffffffff	0x8c9214281dc423cef29dd7197f0fa13abc4d9776266e2cdd9830633776460934	0
COEFFICIENT	pp_replay_inverse_ordinary	10778250	0xc609d082fb627926523715376fd0edc7648eaa63439bb5afaf8848ea3920df5e
TRACE	pp_replay_inverse_ordinary	10783479	0x3f00278a160eae76f1cf5bd3890be7c0b626473c87069dfb0f24b2ebffffffff	0x8c9214281dc423cef29dd7197f0fa13abc4d9776266e2cdd9830633776460934	0
COEFFICIENT	pp_replay_inverse_ordinary	10783479	0x18a5b52e1489161b970c01885eb17cc9856aec3cada5983cf740f50de887cf92
TRACE	pp_replay_inverse_ordinary	10788708	0x3f00278a160eae76f1cf5bd3890be7c0b626473c87069dfb0f24b2ebffffffff	0x7e732226ff31824e2facaa9f6dc5abf33042af9f36c17e391fd162040446a7	0
COEFFICIENT	pp_replay_inverse_ordinary	10788708	0x18a5b52e1489161b970c01885eb17cc9856aec3cada5983cf740f50de887cf92
TRACE	pp_replay_inverse_ordinary	10793937	0x3f00278a160eae76f1cf5bd3890be7c0b626473c87069dfb0f24b2ebffffffff	0x7e732226ff31824e2facaa9f6dc5abf33042af9f36c17e391fd162040446a7	0
COEFFICIENT	pp_replay_inverse_ordinary	10793937	0x31c9dd7e50115db97c47afbb5cd0bf3efe061b28fa81f1f827a1bb7dd513e5cb
TRACE	pp_replay_inverse_ordinary	10799166	0x3f00278a160eae76f1cf5bd3890be7c0b626473c87069dfb0f24b2ebffffffff	0xcf3308c5fded054b2017a999e20acc18e85a6a3643eb91044a9de74532f4a3b2	0
COEFFICIENT	pp_replay_inverse_ordinary	10799166	0x31c9dd7e50115db97c47afbb5cd0bf3efe061b28fa81f1f827a1bb7dd513e5cb
TRACE	pp_replay_inverse_ordinary	10804395	0x3f00278a160eae76f1cf5bd3890be7c0b626473c87069dfb0f24b2ebffffffff	0xcf3308c5fded054b2017a999e20acc18e85a6a3643eb91044a9de74532f4a3b2	0
COEFFICIENT	pp_replay_inverse_ordinary	10804395	0x9460b236a235b627d877b5dcd796b26513b1cc1bb11852ec04a58fb577332413
TRACE	pp_replay_inverse_ordinary	10809624	0x3f00278a160eae76f1cf5bd3890be7c0b626473c87069dfb0f24b2ebffffffff	0x32c6c3c29e0fc0be18a709109bac4a96e466a08838ef74f499e15e41dd1c7319	0
COEFFICIENT	pp_replay_inverse_ordinary	10809624	0x9460b236a235b627d877b5dcd796b26513b1cc1bb11852ec04a58fb577332413
TRACE	pp_replay_inverse_ordinary	10814853	0x3f00278a160eae76f1cf5bd3890be7c0b626473c87069dfb0f24b2ebffffffff	0x32c6c3c29e0fc0be18a709109bac4a96e466a08838ef74f499e15e41dd1c7319	0
COEFFICIENT	pp_replay_inverse_ordinary	10814853	0xf5faa0aaa65bab91984862a913811a3342fcf7af294130e36f69c1291149d50d
TRACE	pp_replay_inverse_ordinary	10820082	0x3f00278a160eae76f1cf5bd3890be7c0b626473c87069dfb0f24b2ebffffffff	0x5b88282fe27b2d0dc99674ca4ad9af610bca38bf9b201acca32c7dadcb82bf10	0
COEFFICIENT	pp_replay_inverse_ordinary	10820082	0xf5faa0aaa65bab91984862a913811a3342fcf7af294130e36f69c1291149d50d
TRACE	pp_replay_inverse_ordinary	10825311	0x3f00278a160eae76f1cf5bd3890be7c0b626473c87069dfb0f24b2ebffffffff	0x5b88282fe27b2d0dc99674ca4ad9af610bca38bf9b201acca32c7dadcb82bf10	0
COEFFICIENT	pp_replay_inverse_ordinary	10825311	0x477d69852f328430fa273a1c71dbe3c791c4281deda27c9381000001ee1670cc
TRACE	pp_replay_inverse_ordinary	10830540	0x3f00278a160eae76f1cf5bd3890be7c0b626473c87069dfb0f24b2ebffffffff	0x6f92e6da95c3d5ea9905af7823d77afa85d04961489db905c558fb59a8ef0d54	0
COEFFICIENT	pp_replay_inverse_ordinary	10830540	0x477d69852f328430fa273a1c71dbe3c791c4281deda27c9381000001ee1670cc
TRACE	pp_replay_inverse_ordinary	10835769	0x3f00278a160eae76f1cf5bd3890be7c0b626473c87069dfb0f24b2ebffffffff	0x6f92e6da95c3d5ea9905af7823d77afa85d04961489db905c558fb59a8ef0d54	0
COEFFICIENT	pp_replay_inverse_ordinary	10835769	0xfe8db9e4f428de4c8d5423b1078f4289a958999d23e2b22cc758fb5d851beeec
TRACE	pp_replay_inverse_ordinary	10840998	0x3f00278a160eae76f1cf5bd3890be7c0b626473c87069dfb0f24b2ebffffffff	0xddb3879a1fb08a21bf5f82a14f3e387eb4f92c5fb51e2438520af211d6fa0d65	0
COEFFICIENT	pp_replay_inverse_ordinary	10840998	0xfe8db9e4f428de4c8d5423b1078f4289a958999d23e2b22cc758fb5d851beeec
TRACE	pp_replay_inverse_ordinary	10846227	0x3f00278a160eae76f1cf5bd3890be7c0b626473c87069dfb0f24b2ebffffffff	0xddb3879a1fb08a21bf5f82a14f3e387eb4f92c5fb51e2438520af211d6fa0d65	0
COEFFICIENT	pp_replay_inverse_ordinary	10846227	0xdacefb64080246bada07ca035e5cbd9207aa5f99fce38891e0bce8cee131f2df
TRACE	pp_replay_inverse_ordinary	10851456	0x3f00278a160eae76f1cf5bd3890be7c0b626473c87069dfb0f24b2ebffffffff	0x96360a9847635afe58c6cf45fcd92e8f719cb859671fd10284d2ccf48f26154b	0
COEFFICIENT	pp_replay_inverse_ordinary	10851456	0xdacefb64080246bada07ca035e5cbd9207aa5f99fce38891e0bce8cee131f2df
TRACE	pp_replay_inverse_ordinary	10856685	0x3f00278a160eae76f1cf5bd3890be7c0b626473c87069dfb0f24b2ebffffffff	0x96360a9847635afe58c6cf45fcd92e8f719cb859671fd10284d2ccf48f26154b	0
COEFFICIENT	pp_replay_inverse_ordinary	10856685	0x1f67ec2fc8a132775b48c4c0bfe04c949db806da92a740213ca704aa333dd444
TRACE	pp_replay_inverse_ordinary	10861914	0x3f00278a160eae76f1cf5bd3890be7c0b626473c87069dfb0f24b2ebffffffff	0x4bd401605767e8740cd6634cb992a9b380f1778d60e6e226464c9e94518a02ab	0
COEFFICIENT	pp_replay_inverse_ordinary	10861914	0x1f67ec2fc8a132775b48c4c0bfe04c949db806da92a740213ca704aa333dd444
TRACE	pp_replay_inverse_ordinary	10867143	0x3f00278a160eae76f1cf5bd3890be7c0b626473c87069dfb0f24b2ebffffffff	0x4bd401605767e8740cd6634cb992a9b380f1778d60e6e226464c9e94518a02ab	0
COEFFICIENT	pp_replay_inverse_ordinary	10867143	0xf2fbd6ff39da7c7aa9bb2634c62def75ba7e9627c4679e1c33016abf14f1a20c
TRACE	pp_replay_inverse_ordinary	10872372	0x3f00278a160eae76f1cf5bd3890be7c0b626473c87069dfb0f24b2ebffffffff	0xa4ac2bc174f5546d6ff1a064acf763f1476458f2fd6626305997d2688e225f79	0
COEFFICIENT	pp_replay_inverse_ordinary	10872372	0xf2fbd6ff39da7c7aa9bb2634c62def75ba7e9627c4679e1c33016abf14f1a20c
TRACE	pp_replay_inverse_ordinary	10877601	0x3f00278a160eae76f1cf5bd3890be7c0b626473c87069dfb0f24b2ebffffffff	0xa4ac2bc174f5546d6ff1a064acf763f1476458f2fd6626305997d2688e225f79	0
COEFFICIENT	pp_replay_inverse_ordinary	10877601	0x8aa3d9bfe8aa4d62c367ecce395342dcbc61854286356268bf9aa7e8b805ab33
TRACE	pp_replay_inverse_ordinary	10882830	0x3f00278a160eae76f1cf5bd3890be7c0b626473c87069dfb0f24b2ebffffffff	0xbeb47dc301405b781c7b53fb209b8505d2672ca37496e9f7f394fce8643f13bf	0
COEFFICIENT	pp_replay_inverse_ordinary	10882830	0x8aa3d9bfe8aa4d62c367ecce395342dcbc61854286356268bf9aa7e8b805ab33
TRACE	pp_replay_inverse_ordinary	10888059	0x3f00278a160eae76f1cf5bd3890be7c0b626473c87069dfb0f24b2ebffffffff	0xbeb47dc301405b781c7b53fb209b8505d2672ca37496e9f7f394fce8643f13bf	0
COEFFICIENT	pp_replay_inverse_ordinary	10888059	0xd3fc3142d294f63da34b2d9793420abf4b2a37288101aec972ca4cbad44a6df6
TRACE	pp_replay_inverse_ordinary	10893288	0x3f00278a160eae76f1cf5bd3890be7c0b626473c87069dfb0f24b2ebffffffff	0x51652cc8d515ad2ddc41d58dd47914caeff8906f6a2f82b959f4468d9cc89d16	0
COEFFICIENT	pp_replay_inverse_ordinary	10893288	0xd3fc3142d294f63da34b2d9793420abf4b2a37288101aec972ca4cbad44a6df6
TRACE	pp_replay_inverse_ordinary	10898517	0x3f00278a160eae76f1cf5bd3890be7c0b626473c87069dfb0f24b2ebffffffff	0x51652cc8d515ad2ddc41d58dd47914caeff8906f6a2f82b959f4468d9cc89d16	0
COEFFICIENT	pp_replay_inverse_ordinary	10898517	0xf95d8f4e7a3f99a922d830bcfafd2a49864cfec06c32e04c3f88e004455d7cd3
TRACE	pp_replay_inverse_ordinary	10903746	0x3f00278a160eae76f1cf5bd3890be7c0b626473c87069dfb0f24b2ebffffffff	0x9c27e8e0246af404db5bdbd8a3ef53df663e1f9f4091e5bef3716d207eeebad0	0
COEFFICIENT	pp_replay_inverse_ordinary	10903746	0xf95d8f4e7a3f99a922d830bcfafd2a49864cfec06c32e04c3f88e004455d7cd3
TRACE	pp_replay_inverse_ordinary	10908975	0x3f00278a160eae76f1cf5bd3890be7c0b626473c87069dfb0f24b2ebffffffff	0x9c27e8e0246af404db5bdbd8a3ef53df663e1f9f4091e5bef3716d207eeebad0	0
COEFFICIENT	pp_replay_inverse_ordinary	10908975	0x569335bcd0143f4d6a5485a1520b00b3a65bdde197d3dad98ba052e90bcc42a7
TRACE	pp_replay_inverse_ordinary	10914204	0x3f00278a160eae76f1cf5bd3890be7c0b626473c87069dfb0f24b2ebffffffff	0xe1bc9c0378c1a8bc4c63320ff5d3a70b2620615ce94ff0a45b428757f21132f9	0
COEFFICIENT	pp_replay_inverse_ordinary	10914204	0x569335bcd0143f4d6a5485a1520b00b3a65bdde197d3dad98ba052e90bcc42a7
TRACE	pp_replay_inverse_ordinary	10919433	0x3f00278a160eae76f1cf5bd3890be7c0b626473c87069dfb0f24b2ebffffffff	0xe1bc9c0378c1a8bc4c63320ff5d3a70b2620615ce94ff0a45b428757f21132f9	0
COEFFICIENT	pp_replay_inverse_ordinary	10919433	0x8ee3077d18ea2757210c3d5299e9a87272d81d2018f7a65772832d2b09a9bc18
TRACE	pp_replay_inverse_ordinary	10924662	0x3f00278a160eae76f1cf5bd3890be7c0b626473c87069dfb0f24b2ebffffffff	0x34963089d8992a2177ba26cd51bda5a3d968a599b9a83af14401e185da78adab	0
COEFFICIENT	pp_replay_inverse_ordinary	10924662	0x8ee3077d18ea2757210c3d5299e9a87272d81d2018f7a65772832d2b09a9bc18
TRACE	pp_replay_inverse_ordinary	10929891	0x3f00278a160eae76f1cf5bd3890be7c0b626473c87069dfb0f24b2ebffffffff	0x34963089d8992a2177ba26cd51bda5a3d968a599b9a83af14401e185da78adab	0
COEFFICIENT	pp_replay_inverse_ordinary	10929891	0xe92fde70593b248cca5e53d7e215ab410c4794a6784711bda10478d038daca85
TRACE	pp_replay_inverse_ordinary	10935120	0x3f00278a160eae76f1cf5bd3890be7c0b626473c87069dfb0f24b2ebffffffff	0x7ffc82a357f72fb62515f9c2c165a006a689b68cfb096424e6ff4a3a7c168d00	0
COEFFICIENT	pp_replay_inverse_ordinary	10935120	0xe92fde70593b248cca5e53d7e215ab410c4794a6784711bda10478d038daca85
TRACE	pp_replay_inverse_ordinary	10940349	0x3f00278a160eae76f1cf5bd3890be7c0b626473c87069dfb0f24b2ebffffffff	0x7ffc82a357f72fb62515f9c2c165a006a689b68cfb096424e6ff4a3a7c168d00	0
COEFFICIENT	pp_replay_inverse_ordinary	10940349	0x525c3f840a6d78cfb9d2a1728590f688bf18dfd9eb9787a029083bdcedcc29ac
TRACE	pp_replay_inverse_ordinary	10945578	0x3f00278a160eae76f1cf5bd3890be7c0b626473c87069dfb0f24b2ebffffffff	0x525544caba5bd83c03fe94f8085c36960c2c4cf3e1aa4fe9f706d052e5f9477d	0
COEFFICIENT	pp_replay_inverse_ordinary	10945578	0x525c3f840a6d78cfb9d2a1728590f688bf18dfd9eb9787a029083bdcedcc29ac
TRACE	pp_replay_inverse_ordinary	10950807	0x3f00278a160eae76f1cf5bd3890be7c0b626473c87069dfb0f24b2ebffffffff	0x525544caba5bd83c03fe94f8085c36960c2c4cf3e1aa4fe9f706d052e5f9477d	0
COEFFICIENT	pp_replay_inverse_ordinary	10950807	0x52633a3d5a7f19636fa6aded02c5b67b720572bff584bf565b09a766f59f0bdb
TRACE	pp_replay_inverse_ordinary	10956036	0x3f00278a160eae76f1cf5bd3890be7c0b626473c87069dfb0f24b2ebffffffff	0x52474f581a38971498567c030df2b6b0a6532727cdcfe07d9303f93ed653831f	0
COEFFICIENT	pp_replay_inverse_ordinary	10956036	0x52633a3d5a7f19636fa6aded02c5b67b720572bff584bf565b09a766f59f0bdb
TRACE	pp_replay_inverse_ordinary	10961265	0x3f00278a160eae76f1cf5bd3890be7c0b626473c87069dfb0f24b2ebffffffff	0x52474f581a38971498567c030df2b6b0a6532727cdcfe07d9303f93ed653831f	0
COEFFICIENT	pp_replay_inverse_ordinary	10961265	0x527f25229ac59bb246f6dfd6f798b6463db7be581d399e2f230f558f14ea9497
TRACE	pp_replay_inverse_ordinary	10966494	0x3f00278a160eae76f1cf5bd3890be7c0b626473c87069dfb0f24b2ebffffffff	0x520f798d99ab9276e9b6182f244cb71b0eee8ff77e6622cc02f89cee97bc71a7	0
COEFFICIENT	pp_replay_inverse_ordinary	10966494	0x527f25229ac59bb246f6dfd6f798b6463db7be581d399e2f230f558f14ea9497
TRACE	pp_replay_inverse_ordinary	10971723	0x3f00278a160eae76f1cf5bd3890be7c0b626473c87069dfb0f24b2ebffffffff	0x520f798d99ab9276e9b6182f244cb71b0eee8ff77e6622cc02f89cee97bc71a7	0
COEFFICIENT	pp_replay_inverse_ordinary	10971723	0x52eed0b79bdfa4eda437a77ecae4b5716c80ecb8bc0d199243260e2f9218b787
TRACE	pp_replay_inverse_ordinary	10976952	0x3f00278a160eae76f1cf5bd3890be7c0b626473c87069dfb0f24b2ebffffffff	0x51302263977780002f3488df7db4b8c4b15c333640bf2c05c2cb2bad9d602bc7	0
COEFFICIENT	pp_replay_inverse_ordinary	10976952	0x52eed0b79bdfa4eda437a77ecae4b5716c80ecb8bc0d199243260e2f9218b787
TRACE	pp_replay_inverse_ordinary	10982181	0x3f00278a160eae76f1cf5bd3890be7c0b626473c87069dfb0f24b2ebffffffff	0x51302263977780002f3488df7db4b8c4b15c333640bf2c05c2cb2bad9d602bc7	0
COEFFICIENT	pp_replay_inverse_ordinary	10982181	0x54ad7f0ba047c9db193ac61e1814b21e27a5a63b375b071ec380f0b186d14347
TRACE	pp_replay_inverse_ordinary	10987410	0x3f00278a160eae76f1cf5bd3890be7c0b626473c87069dfb0f24b2ebffffffff	0xf70dc3d2cf36c9db77a3d7dd137e23a78a5e0ca7b8d95f2a4917480cc1919ad5	0
COEFFICIENT	pp_replay_inverse_ordinary	10987410	0x54ad7f0ba047c9db193ac61e1814b21e27a5a63b375b071ec380f0b186d14347
TRACE	pp_replay_inverse_ordinary	10992639	0x3f00278a160eae76f1cf5bd3890be7c0b626473c87069dfb0f24b2ebffffffff	0xf70dc3d2cf36c9db77a3d7dd137e23a78a5e0ca7b8d95f2a4917480cc1919ad5	0
COEFFICIENT	pp_replay_inverse_ordinary	10992639	0xb24d3a447158c9dabad1b45f1cab4094c4ed3fceb5dcaf133dea99554c10e7e8
TRACE	pp_replay_inverse_ordinary	10997868	0x3f00278a160eae76f1cf5bd3890be7c0b626473c87069dfb0f24b2ebffffffff	0xa068c1ea0fc65d91aa19641943a787e3d9a9591e278f6d67d0192970cf342534	0
COEFFICIENT	pp_replay_inverse_ordinary	10997868	0xb24d3a447158c9dabad1b45f1cab4094c4ed3fceb5dcaf133dea99554c10e7e8
TRACE	pp_replay_inverse_ordinary	11003097	0x3f00278a160eae76f1cf5bd3890be7c0b626473c87069dfb0f24b2ebffffffff	0xa068c1ea0fc65d91aa19641943a787e3d9a9591e278f6d67d0192970cf342534	0
COEFFICIENT	pp_replay_inverse_ordinary	11003097	0x5033672f277f1471fbcccd77cfe090d6383d8bb9348cb8e4bee5c1d6755fca6
TRACE	pp_replay_inverse_ordinary	11008326	0x3f00278a160eae76f1cf5bd3890be7c0b626473c87069dfb0f24b2ebffffffff	0x45d4ba471204ac6a73ef950a044d18d516d68af7e267a65dec20af0005be4adf	0
COEFFICIENT	pp_replay_inverse_ordinary	11008326	0x5033672f277f1471fbcccd77cfe090d6383d8bb9348cb8e4bee5c1d6755fca6
TRACE	pp_replay_inverse_ordinary	11013555	0x3f00278a160eae76f1cf5bd3890be7c0b626473c87069dfb0f24b2ebffffffff	0x45d4ba471204ac6a73ef950a044d18d516d68af7e267a65dec20af0005be4adf	0
COEFFICIENT	pp_replay_inverse_ordinary	11013555	0x4fdb272cf6f48ef8b3692eb8fe492aefddde3c6f08f93d7a83fd673ad46a442b
TRACE	pp_replay_inverse_ordinary	11018784	0x3f00278a160eae76f1cf5bd3890be7c0b626473c87069dfb0f24b2ebffffffff	0xdb849bbb1afde7cd9b4858cd06e35c9a0b8b525ecdc88a365c3ec53adfe6d9e9	0
COEFFICIENT	pp_replay_inverse_ordinary	11018784	0x4fdb272cf6f48ef8b3692eb8fe492aefddde3c6f08f93d7a83fd673ad46a442b
TRACE	pp_replay_inverse_ordinary	11024013	0x3f00278a160eae76f1cf5bd3890be7c0b626473c87069dfb0f24b2ebffffffff	0xdb849bbb1afde7cd9b4858cd06e35c9a0b8b525ecdc88a365c3ec53adfe6d9e9	0
COEFFICIENT	pp_replay_inverse_ordinary	11024013	0x7b3aea1508e705bf021ab63f0375b279c747cb3cdfbb052b643993b188bb6610
TRACE	pp_replay_inverse_ordinary	11029242	0x3f00278a160eae76f1cf5bd3890be7c0b626473c87069dfb0f24b2ebffffffff	0x3bce4d612d14c9dc3475fb5b0a5106ba4fced980bbd60f415443f6c537125193	0
COEFFICIENT	pp_replay_inverse_ordinary	11029242	0x7b3aea1508e705bf021ab63f0375b279c747cb3cdfbb052b643993b188bb6610
TRACE	pp_replay_inverse_ordinary	11034471	0x3f00278a160eae76f1cf5bd3890be7c0b626473c87069dfb0f24b2ebffffffff	0x3bce4d612d14c9dc3475fb5b0a5106ba4fced980bbd60f415443f6c537125193	0
COEFFICIENT	pp_replay_inverse_ordinary	11034471	0x3244218b3ee2d55a38ab67d9113c6badde5e6ffa7b4c19981cb71e2948892184
TRACE	pp_replay_inverse_ordinary	11039700	0x3f00278a160eae76f1cf5bd3890be7c0b626473c87069dfb0f24b2ebffffffff	0xa9e0bc4d990c6912a1975e8f25de79227dfc22fbf2f8381ac53f0bb3b6adc4aa	0
COEFFICIENT	pp_replay_inverse_ordinary	11039700	0x3244218b3ee2d55a38ab67d9113c6badde5e6ffa7b4c19981cb71e2948892184
TRACE	pp_replay_inverse_ordinary	11044929	0x3f00278a160eae76f1cf5bd3890be7c0b626473c87069dfb0f24b2ebffffffff	0xa9e0bc4d990c6912a1975e8f25de79227dfc22fbf2f8381ac53f0bb3b6adc4aa	0
COEFFICIENT	pp_replay_inverse_ordinary	11044929	0xe68ff6416d213c712ee2e414857507e3ab902f0e9906b4afead480747c00b83
TRACE	pp_replay_inverse_ordinary	11050158	0x3f00278a160eae76f1cf5bd3890be7c0b626473c87069dfb0f24b2ebffffffff	0x455879371b46be5e30408edd0365a1c6c13f4306fc6004ea8bd0cf61259b81a2	0
COEFFICIENT	pp_replay_inverse_ordinary	11050158	0xe68ff6416d213c712ee2e414857507e3ab902f0e9906b4afead480747c00b83
TRACE	pp_replay_inverse_ordinary	11055387	0x3f00278a160eae76f1cf5bd3890be7c0b626473c87069dfb0f24b2ebffffffff	0x455879371b46be5e30408edd0365a1c6c13f4306fc6004ea8bd0cf61259b81a2	0
COEFFICIENT	pp_replay_inverse_ordinary	11055387	0xd7798591125d692ff59bcda58d48ff35b432c2dad6c0d1ab7189c0ac69e49193
TRACE	pp_replay_inverse_ordinary	11060616	0x3f00278a160eae76f1cf5bd3890be7c0b626473c87069dfb0f24b2ebffffffff	0xb3376cdd2430138c6ae5501479824457ce4bc33321ff3829a617de14e1526de0	0
COEFFICIENT	pp_replay_inverse_ordinary	11060616	0xd7798591125d692ff59bcda58d48ff35b432c2dad6c0d1ab7189c0ac69e49193
TRACE	pp_replay_inverse_ordinary	11065845	0x3f00278a160eae76f1cf5bd3890be7c0b626473c87069dfb0f24b2ebffffffff	0xb3376cdd2430138c6ae5501479824457ce4bc33321ff3829a617de14e1526de0	0
COEFFICIENT	pp_replay_inverse_ordinary	11065845	0x622a77ff48eae5ec561ceb5f941442c336b148e8cf80db80892b5f6fb51b98a8
TRACE	pp_replay_inverse_ordinary	11071074	0x3f00278a160eae76f1cf5bd3890be7c0b626473c87069dfb0f24b2ebffffffff	0x44461baff75412c7fadb4c95ef045ec65e63d7d747d94d2c3045cbb0d8946e9	0
COEFFICIENT	pp_replay_inverse_ordinary	11071074	0x622a77ff48eae5ec561ceb5f941442c336b148e8cf80db80892b5f6fb51b98a8
TRACE	pp_replay_inverse_ordinary	11076303	0x3f00278a160eae76f1cf5bd3890be7c0b626473c87069dfb0f24b2ebffffffff	0x44461baff75412c7fadb4c95ef045ec65e63d7d747d94d2c3045cbb0d8946e9	0
COEFFICIENT	pp_replay_inverse_ordinary	11076303	0xc89951b9914b0d052be78b888718cb72d348cf4f137f4bd3d55b1b9a77c07839
TRACE	pp_replay_inverse_ordinary	11081532	0x3f00278a160eae76f1cf5bd3890be7c0b626473c87069dfb0f24b2ebffffffff	0xd122152f90358f5e2b42f51b44f9574b9f154a49fc7a75795b63d51092d3060b	0
COEFFICIENT	pp_replay_inverse_ordinary	11081532	0xc89951b9914b0d052be78b888718cb72d348cf4f137f4bd3d55b1b9a77c07839
TRACE	pp_replay_inverse_ordinary	11086761	0x3f00278a160eae76f1cf5bd3890be7c0b626473c87069dfb0f24b2ebffffffff	0xd122152f90358f5e2b42f51b44f9574b9f154a49fc7a75795b63d51092d3060b	0
COEFFICIENT	pp_replay_inverse_ordinary	11086761	0xc0108e4392608aac2c8c21f5c9383f9a077c54542a84222e4f5262245cadea67
TRACE	pp_replay_inverse_ordinary	11091990	0x3f00278a160eae76f1cf5bd3890be7c0b626473c87069dfb0f24b2ebffffffff	0xe2339c1b8e0a941029f9c840c0ba6efd36ae403fce70c8c4677547fcc8f821af	0
COEFFICIENT	pp_replay_inverse_ordinary	11091990	0xc0108e4392608aac2c8c21f5c9383f9a077c54542a84222e4f5262245cadea67
TRACE	pp_replay_inverse_ordinary	11097219	0x3f00278a160eae76f1cf5bd3890be7c0b626473c87069dfb0f24b2ebffffffff	0xe2339c1b8e0a941029f9c840c0ba6efd36ae403fce70c8c4677547fcc8f821af	0
COEFFICIENT	pp_replay_inverse_ordinary	11097219	0x9ded806b96b681482f1e7baad1b61036d84a686886977b98372f7c4bf063b31f
TRACE	pp_replay_inverse_ordinary	11102448	0x3f00278a160eae76f1cf5bd3890be7c0b626473c87069dfb0f24b2ebffffffff	0x2679b7cb855ea6d824d514d6afbecdc395121817164a15f097bb13aea18c9410	0
COEFFICIENT	pp_replay_inverse_ordinary	11102448	0x9ded806b96b681482f1e7baad1b61036d84a686886977b98372f7c4bf063b31f
TRACE	pp_replay_inverse_ordinary	11107677	0x3f00278a160eae76f1cf5bd3890be7c0b626473c87069dfb0f24b2ebffffffff	0x2679b7cb855ea6d824d514d6afbecdc395121817164a15f097bb13aea18c9410	0
COEFFICIENT	pp_replay_inverse_ordinary	11107677	0x1561490ba80e5bb83967e27ef3ad52aa1b82b8b9f6e4e13fd6a3e4ea3f3ad5ff
TRACE	pp_replay_inverse_ordinary	11112906	0x3f00278a160eae76f1cf5bd3890be7c0b626473c87069dfb0f24b2ebffffffff	0x6254b8a2b2cba96883120c2c532aee3145a6e8e823790d21061a0c478253fe1f	0
COEFFICIENT	pp_replay_inverse_ordinary	11112906	0x1561490ba80e5bb83967e27ef3ad52aa1b82b8b9f6e4e13fd6a3e4ea3f3ad5ff
TRACE	pp_replay_inverse_ordinary	11118135	0x3f00278a160eae76f1cf5bd3890be7c0b626473c87069dfb0f24b2ebffffffff	0x6254b8a2b2cba96883120c2c532aee3145a6e8e823790d21061a0c478253fe1f	0
COEFFICIENT	pp_replay_inverse_ordinary	11118135	0x8d174aba02e860d8f5e1d12a3a8593857cac5a5c1142cfa0b361d61c00c9aa1d
TRACE	pp_replay_inverse_ordinary	11123364	0x3f00278a160eae76f1cf5bd3890be7c0b626473c87069dfb0f24b2ebffffffff	0x3792268b62aef1f81042472e6bd048dd0ea1777435af4aa158d2427303de5221	0
COEFFICIENT	pp_replay_inverse_ordinary	11123364	0x8d174aba02e860d8f5e1d12a3a8593857cac5a5c1142cfa0b361d61c00c9aa1d
TRACE	pp_replay_inverse_ordinary	11128593	0x3f00278a160eae76f1cf5bd3890be7c0b626473c87069dfb0f24b2ebffffffff	0x3792268b62aef1f81042472e6bd048dd0ea1777435af4aa158d2427303de5221	0
COEFFICIENT	pp_replay_inverse_ordinary	11128593	0x51c0bbff687fb3a9fc05e982e0db6fe807fa2c2c5834e9e2bf95eeac0571aa2c
TRACE	pp_replay_inverse_ordinary	11133822	0x3f00278a160eae76f1cf5bd3890be7c0b626473c87069dfb0f24b2ebffffffff	0xc0e509162ddd979a1c8a77dfb87c01a2253d1b14c3937f25713a73920d2e4e6e	0
COEFFICIENT	pp_replay_inverse_ordinary	11133822	0x51c0bbff687fb3a9fc05e982e0db6fe807fa2c2c5834e9e2bf95eeac0571aa2c
TRACE	pp_replay_inverse_ordinary	11139051	0x3f00278a160eae76f1cf5bd3890be7c0b626473c87069dfb0f24b2ebffffffff	0xc0e509162ddd979a1c8a77dfb87c01a2253d1b14c3937f25713a73920d2e4e6e	0
COEFFICIENT	pp_replay_inverse_ordinary	11139051	0x64668114fedcfeee14964ae57a32e1723531736d73fd52eaf06650eb1811a697
TRACE	pp_replay_inverse_ordinary	11144280	0x3f00278a160eae76f1cf5bd3890be7c0b626473c87069dfb0f24b2ebffffffff	0xe63093415a982e224dab3aa4eb2ae4b67faba996fb245135d2db3810326e4744	0
COEFFICIENT	pp_replay_inverse_ordinary	11144280	0x64668114fedcfeee14964ae57a32e1723531736d73fd52eaf06650eb1811a697
TRACE	pp_replay_inverse_ordinary	11149509	0x3f00278a160eae76f1cf5bd3890be7c0b626473c87069dfb0f24b2ebffffffff	0xe63093415a982e224dab3aa4eb2ae4b67faba996fb245135d2db3810326e4744	0
COEFFICIENT	pp_replay_inverse_ordinary	11149509	0xaefd956b58522bfe76d7d06fdf90a79aea0e9071e31ef70bb3a7d9e762919843
TRACE	pp_replay_inverse_ordinary	11154738	0x3f00278a160eae76f1cf5bd3890be7c0b626473c87069dfb0f24b2ebffffffff	0x7b5ebbee0d828843122e45b9b5e67107e965e39fd9679977595e4a09c76e2e6d	0
COEFFICIENT	pp_replay_inverse_ordinary	11154738	0xaefd956b58522bfe76d7d06fdf90a79aea0e9071e31ef70bb3a7d9e762919843
TRACE	pp_replay_inverse_ordinary	11159967	0x3f00278a160eae76f1cf5bd3890be7c0b626473c87069dfb0f24b2ebffffffff	0x7b5ebbee0d828843122e45b9b5e67107e965e39fd9679977595e4a09c76e2e6d	0
COEFFICIENT	pp_replay_inverse_ordinary	11159967	0xe29c6ee8a321cfb9db815b26093ade2deab73d43ecd654a00df169c4fdb50219
TRACE	pp_replay_inverse_ordinary	11165196	0x3f00278a160eae76f1cf5bd3890be7c0b626473c87069dfb0f24b2ebffffffff	0x142108f377e340cc48db304d629203e1e81489fbc5f8de4ea4cb2a4e91275ac1	0
COEFFICIENT	pp_replay_inverse_ordinary	11165196	0xe29c6ee8a321cfb9db815b26093ade2deab73d43ecd654a00df169c4fdb50219
TRACE	pp_replay_inverse_ordinary	11170425	0x3f00278a160eae76f1cf5bd3890be7c0b626473c87069dfb0f24b2ebffffffff	0x142108f377e340cc48db304d629203e1e81489fbc5f8de4ea4cb2a4e91275ac1	0
COEFFICIENT	pp_replay_inverse_ordinary	11170425	0xb117d4ddce605ea76e2785feafe3b879ed59f08c13b3caf17717a93c6a42ad42
TRACE	pp_replay_inverse_ordinary	11175654	0x3f00278a160eae76f1cf5bd3890be7c0b626473c87069dfb0f24b2ebffffffff	0x772a3d09216622f1238eda9c15404f49e2cf236b783df1abd27eab5fb80c046f	0
COEFFICIENT	pp_replay_inverse_ordinary	11175654	0xb117d4ddce605ea76e2785feafe3b879ed59f08c13b3caf17717a93c6a42ad42
TRACE	pp_replay_inverse_ordinary	11180883	0x3f00278a160eae76f1cf5bd3890be7c0b626473c87069dfb0f24b2ebffffffff	0x772a3d09216622f1238eda9c15404f49e2cf236b783df1abd27eab5fb80c046f	0
COEFFICIENT	pp_replay_inverse_ordinary	11180883	0xeb056cb27b5a9a5db8c031614a8721a9f7e4bdacaf29a4371bb0a7191c795615
TRACE	pp_replay_inverse_ordinary	11186112	0x3f00278a160eae76f1cf5bd3890be7c0b626473c87069dfb0f24b2ebffffffff	0x34f0d5fc771ab848e5d83d6dff97ce9cdb9892a41523f20894cafa6539eb2c9	0
COEFFICIENT	pp_replay_inverse_ordinary	11186112	0xeb056cb27b5a9a5db8c031614a8721a9f7e4bdacaf29a4371bb0a7191c795615
TRACE	pp_replay_inverse_ordinary	11191341	0x3f00278a160eae76f1cf5bd3890be7c0b626473c87069dfb0f24b2ebffffffff	0x34f0d5fc771ab848e5d83d6dff97ce9cdb9892a41523f20894cafa6539eb2c9	0
COEFFICIENT	pp_replay_inverse_ordinary	11191341	0xd959e6c4be26e03fffdde6997507c03dbd8304839fa5878ec0adfdd98c9162c4
TRACE	pp_replay_inverse_ordinary	11196570	0x3f00278a160eae76f1cf5bd3890be7c0b626473c87069dfb0f24b2ebffffffff	0xdff801844d0a37491c98ee4734faba1158f616d8224a05cfd3475d2633cec856	0
COEFFICIENT	pp_replay_inverse_ordinary	11196570	0xd959e6c4be26e03fffdde6997507c03dbd8304839fa5878ec0adfdd98c9162c4
TRACE	pp_replay_inverse_ordinary	11201799	0x3f00278a160eae76f1cf5bd3890be7c0b626473c87069dfb0f24b2ebffffffff	0xdff801844d0a37491c98ee4734faba1158f616d8224a05cfd3475d2633cec856	0
COEFFICIENT	pp_replay_inverse_ordinary	11201799	0x92abcf0dc957f7c91c54bb7a1f0a3a8cd3fc1fdf619514ed54a358db4cf19580
TRACE	pp_replay_inverse_ordinary	11207028	0x3f00278a160eae76f1cf5bd3890be7c0b626473c87069dfb0f24b2ebffffffff	0x529bd216636c665b5586980888ffaeaf85e84d8fa629208cfb321329b48f2dce	0
COEFFICIENT	pp_replay_inverse_ordinary	11207028	0x92abcf0dc957f7c91c54bb7a1f0a3a8cd3fc1fdf619514ed54a358db4cf19580
TRACE	pp_replay_inverse_ordinary	11212257	0x3f00278a160eae76f1cf5bd3890be7c0b626473c87069dfb0f24b2ebffffffff	0x529bd216636c665b5586980888ffaeaf85e84d8fa629208cfb321329b48f2dce	0
COEFFICIENT	pp_replay_inverse_ordinary	11212257	0xd2bbcc052f438936e322deebb514c66a220ff22f1d01094dae149e8ce553fd32
TRACE	pp_replay_inverse_ordinary	11217486	0x3f00278a160eae76f1cf5bd3890be7c0b626473c87069dfb0f24b2ebffffffff	0x77f37031f61c55ed8e300efcc71423c92de08d4e69534a67a478c4e14e725c9f	0
COEFFICIENT	pp_replay_inverse_ordinary	11217486	0xd2bbcc052f438936e322deebb514c66a220ff22f1d01094dae149e8ce553fd32
TRACE	pp_replay_inverse_ordinary	11222715	0x3f00278a160eae76f1cf5bd3890be7c0b626473c87069dfb0f24b2ebffffffff	0x77f37031f61c55ed8e300efcc71423c92de08d4e69534a67a478c4e14e725c9f	0
COEFFICIENT	pp_replay_inverse_ordinary	11222715	0x1d6b083c54a3685b5475ccd4313db09d720071aca3555d0300a201fd191a5ea5
TRACE	pp_replay_inverse_ordinary	11227944	0x3f00278a160eae76f1cf5bd3890be7c0b626473c87069dfb0f24b2ebffffffff	0xd51e8a040dc143670d5eacdbf65f82fcdc18c4975fbf1d249938bc0b5ff1bb4	0
COEFFICIENT	pp_replay_inverse_ordinary	11227944	0x1d6b083c54a3685b5475ccd4313db09d720071aca3555d0300a201fd191a5ea5
TRACE	pp_replay_inverse_ordinary	11233173	0x3f00278a160eae76f1cf5bd3890be7c0b626473c87069dfb0f24b2ebffffffff	0xd51e8a040dc143670d5eacdbf65f82fcdc18c4975fbf1d249938bc0b5ff1bb4	0
COEFFICIENT	pp_replay_inverse_ordinary	11233173	0x4827f918ea22e4ed19c1847621e1596ab1c26fa2bca6abd84ad78fbae833d8fe
TRACE	pp_replay_inverse_ordinary	11238402	0x3f00278a160eae76f1cf5bd3890be7c0b626473c87069dfb0f24b2ebffffffff	0xd27bd8279795437fc7ea51255cea96f4e9c0a8f02f5137cc484f87c583ca5a99	0
COEFFICIENT	pp_replay_inverse_ordinary	11238402	0x4827f918ea22e4ed19c1847621e1596ab1c26fa2bca6abd84ad78fbae833d8fe
TRACE	pp_replay_inverse_ordinary	11243631	0x3f00278a160eae76f1cf5bd3890be7c0b626473c87069dfb0f24b2ebffffffff	0xd27bd8279795437fc7ea51255cea96f4e9c0a8f02f5137cc484f87c583ca5a99	0
COEFFICIENT	pp_replay_inverse_ordinary	11243631	0xbdd41a0a3cb0865a6b98b7c6e6d81be079c4365549fc1fe44d5f97af4c9d5392
TRACE	pp_replay_inverse_ordinary	11248860	0x3f00278a160eae76f1cf5bd3890be7c0b626473c87069dfb0f24b2ebffffffff	0xe7239644f27a00a5243bea83d2fd120959bd1b8b14a64fb4433f77dbbaf761a0	0
COEFFICIENT	pp_replay_inverse_ordinary	11248860	0xbdd41a0a3cb0865a6b98b7c6e6d81be079c4365549fc1fe44d5f97af4c9d5392
TRACE	pp_replay_inverse_ordinary	11254089	0x3f00278a160eae76f1cf5bd3890be7c0b626473c87069dfb0f24b2ebffffffff	0xe7239644f27a00a5243bea83d2fd120959bd1b8b14a64fb4433f77dbbaf761a0	0
COEFFICIENT	pp_replay_inverse_ordinary	11254089	0x62cbca596bdb0d59fb6d5a11a0ad49ca4d458835a89e8f7cddfea73c54321066
TRACE	pp_replay_inverse_ordinary	11259318	0x3f00278a160eae76f1cf5bd3890be7c0b626473c87069dfb0f24b2ebffffffff	0x6b7b62307918f3f04d0a7af6054cda486634aee080ae0feba880487c21bcb6ab	0
COEFFICIENT	pp_replay_inverse_ordinary	11259318	0x62cbca596bdb0d59fb6d5a11a0ad49ca4d458835a89e8f7cddfea73c54321066
TRACE	pp_replay_inverse_ordinary	11264547	0x3f00278a160eae76f1cf5bd3890be7c0b626473c87069dfb0f24b2ebffffffff	0x6b7b62307918f3f04d0a7af6054cda486634aee080ae0feba880487c21bcb6ab	0
COEFFICIENT	pp_replay_inverse_ordinary	11264547	0x5a1c32825e9d26c3a9d0392d3c0db94c3456618ad08f0f0e137d05fc86a76a21
TRACE	pp_replay_inverse_ordinary	11269776	0x3f00278a160eae76f1cf5bd3890be7c0b626473c87069dfb0f24b2ebffffffff	0x7cda91de9394c11cf044bcbece8bfb449812fc3630cd10c93d838afbbcd20335	0
COEFFICIENT	pp_replay_inverse_ordinary	11269776	0x5a1c32825e9d26c3a9d0392d3c0db94c3456618ad08f0f0e137d05fc86a76a21
TRACE	pp_replay_inverse_ordinary	11275005	0x3f00278a160eae76f1cf5bd3890be7c0b626473c87069dfb0f24b2ebffffffff	0x7cda91de9394c11cf044bcbece8bfb449812fc3630cd10c93d838afbbcd20335	0
COEFFICIENT	pp_replay_inverse_ordinary	11275005	0x375dd32629a58c6a635bb59ba98f7753d099c6df70510d52e97680fd507cd10d
TRACE	pp_replay_inverse_ordinary	11280234	0x3f00278a160eae76f1cf5bd3890be7c0b626473c87069dfb0f24b2ebffffffff	0x3112f6e350cf0ea443e52f1946a76ddd00bfbf4bd1eb2ee5647d96f5ca20db48	0
COEFFICIENT	pp_replay_inverse_ordinary	11280234	0x375dd32629a58c6a635bb59ba98f7753d099c6df70510d52e97680fd507cd10d
TRACE	pp_replay_inverse_ordinary	11285463	0x3f00278a160eae76f1cf5bd3890be7c0b626473c87069dfb0f24b2ebffffffff	0x3112f6e350cf0ea443e52f1946a76ddd00bfbf4bd1eb2ee5647d96f5ca20db48	0
COEFFICIENT	pp_replay_inverse_ordinary	11285463	0x9fce9d2fa41a27790a9c9a5099c65c84a1f34d0ab28d498b376a98f06b1a7d62
TRACE	pp_replay_inverse_ordinary	11290692	0x3f00278a160eae76f1cf5bd3890be7c0b626473c87069dfb0f24b2ebffffffff	0x1f48af645b844c19266f8832715383ea372cba25663a7560065c6dcff5c37c3	0
COEFFICIENT	pp_replay_inverse_ordinary	11290692	0x9fce9d2fa41a27790a9c9a5099c65c84a1f34d0ab28d498b376a98f06b1a7d62
TRACE	pp_replay_inverse_ordinary	11295921	0x3f00278a160eae76f1cf5bd3890be7c0b626473c87069dfb0f24b2ebffffffff	0x1f48af645b844c19266f8832715383ea372cba25663a7560065c6dcff5c37c3	0
COEFFICIENT	pp_replay_inverse_ordinary	11295921	0x3da8af69027c0a3082d23c1e0c7780caa073ce730eb6ebc06e6f6b04d6d8c6d2
TRACE	pp_replay_inverse_ordinary	11301150	0x3f00278a160eae76f1cf5bd3890be7c0b626473c87069dfb0f24b2ebffffffff	0xc640668388f47f52a1fbb4e841b2efb2a671c8d19e1062eb925c22b427dfa4e3	0
COEFFICIENT	pp_replay_inverse_ordinary	11301150	0x3da8af69027c0a3082d23c1e0c7780caa073ce730eb6ebc06e6f6b04d6d8c6d2
TRACE	pp_replay_inverse_ordinary	11306379	0x3f00278a160eae76f1cf5bd3890be7c0b626473c87069dfb0f24b2ebffffffff	0xc640668388f47f52a1fbb4e841b2efb2a671c8d19e1062eb925c22b427dfa4e3	0
COEFFICIENT	pp_replay_inverse_ordinary	11306379	0xb510f84e7c03950e63a8c353d73c11e29a75d4147f5d74954a82b35485d1e4f0
TRACE	pp_replay_inverse_ordinary	11311608	0x3f00278a160eae76f1cf5bd3890be7c0b626473c87069dfb0f24b2ebffffffff	0xd76fd4b895e56996e04ea67cac29cd82b26dbd8ebcc35141da359213c9ed64d6	0
COEFFICIENT	pp_replay_inverse_ordinary	11311608	0xb510f84e7c03950e63a8c353d73c11e29a75d4147f5d74954a82b35485d1e4f0
TRACE	pp_replay_inverse_ordinary	11316837	0x3f00278a160eae76f1cf5bd3890be7c0b626473c87069dfb0f24b2ebffffffff	0xd76fd4b895e56996e04ea67cac29cd82b26dbd8ebcc35141da359213c9ed64d6	0
COEFFICIENT	pp_replay_inverse_ordinary	11316837	0x4191c5558dec93b3a7a02d245aa1f147e75965b7bb7e3a6c6f3af8bed5913658
TRACE	pp_replay_inverse_ordinary	11322066	0x3f00278a160eae76f1cf5bd3890be7c0b626473c87069dfb0f24b2ebffffffff	0x6d4de41b9dde3f7a18fd1fd4fdb1a9bd7d821565be08681745302b69be499725	0
COEFFICIENT	pp_replay_inverse_ordinary	11322066	0x4191c5558dec93b3a7a02d245aa1f147e75965b7bb7e3a6c6f3af8bed5913658
TRACE	pp_replay_inverse_ordinary	11327295	0x3f00278a160eae76f1cf5bd3890be7c0b626473c87069dfb0f24b2ebffffffff	0x6d4de41b9dde3f7a18fd1fd4fdb1a9bd7d821565be08681745302b69be499725	0
COEFFICIENT	pp_replay_inverse_ordinary	11327295	0x15d5a68f7dfae7ed36433a73b79238d25130b609b8f40cc19945c613ecd8d58b
TRACE	pp_replay_inverse_ordinary	11332524	0x3f00278a160eae76f1cf5bd3890be7c0b626473c87069dfb0f24b2ebffffffff	0xf0716ec6b9b766e1683d7a1db2f58c4d4c34e0d53504dcf023a61ce7696c03d5	0
COEFFICIENT	pp_replay_inverse_ordinary	11332524	0x15d5a68f7dfae7ed36433a73b79238d25130b609b8f40cc19945c613ecd8d58b
TRACE	pp_replay_inverse_ordinary	11337753	0x3f00278a160eae76f1cf5bd3890be7c0b626473c87069dfb0f24b2ebffffffff	0xf0716ec6b9b766e1683d7a1db2f58c4d4c34e0d53504dcf023a61ce7696c03d5	0
COEFFICIENT	pp_replay_inverse_ordinary	11337753	0x3b39de58423e68f90448fac9bc2ee557562c8b3e3ce33c930ee56f3f7045a370
TRACE	pp_replay_inverse_ordinary	11342982	0x3f00278a160eae76f1cf5bd3890be7c0b626473c87069dfb0f24b2ebffffffff	0x1c1cbbe5b5ad36bbd4c3ef052219fdf1ee964ce8a6ecf6735631a910431db2bc	0
COEFFICIENT	pp_replay_inverse_ordinary	11342982	0x3b39de58423e68f90448fac9bc2ee557562c8b3e3ce33c930ee56f3f7045a370
TRACE	pp_replay_inverse_ordinary	11348211	0x3f00278a160eae76f1cf5bd3890be7c0b626473c87069dfb0f24b2ebffffffff	0x1c1cbbe5b5ad36bbd4c3ef052219fdf1ee964ce8a6ecf6735631a910431db2bc	0
COEFFICIENT	pp_replay_inverse_ordinary	11348211	0x929078963a2a08addd55e4989a77c8a09aef636520b36f9973fc878f23a8f99c
TRACE	pp_replay_inverse_ordinary	11353440	0x3f00278a160eae76f1cf5bd3890be7c0b626473c87069dfb0f24b2ebffffffff	0xcac9f061a584762586ddc2a2deabc484781bfd366e8d5c80205fd9afa9e45f14	0
COEFFICIENT	pp_replay_inverse_ordinary	11353440	0x929078963a2a08addd55e4989a77c8a09aef636520b36f9973fc878f23a8f99c
TRACE	pp_replay_inverse_ordinary	11358669	0x3f00278a160eae76f1cf5bd3890be7c0b626473c87069dfb0f24b2ebffffffff	0xcac9f061a584762586ddc2a2deabc484781bfd366e8d5c80205fd9afa9e45f14	0
COEFFICIENT	pp_replay_inverse_ordinary	11358669	0xefeae18e19d8878141898bd4139b55c5adfac400aff43bb30858e8cef136561d
TRACE	pp_replay_inverse_ordinary	11363898	0x3f00278a160eae76f1cf5bd3890be7c0b626473c87069dfb0f24b2ebffffffff	0xa5a8ff35313064c9cc31f971a9bc3343423d366c2d267d4d3866ca906292680b	0
COEFFICIENT	pp_replay_inverse_ordinary	11363898	0xefeae18e19d8878141898bd4139b55c5adfac400aff43bb30858e8cef136561d
TRACE	pp_replay_inverse_ordinary	11369127	0x3f00278a160eae76f1cf5bd3890be7c0b626473c87069dfb0f24b2ebffffffff	0xa5a8ff35313064c9cc31f971a9bc3343423d366c2d267d4d3866ca906292680b	0
COEFFICIENT	pp_replay_inverse_ordinary	11369127	0x857ec25164e173cc4f451119d0f2dece9e32be6d8d0ef4b349189c3044ff1be7
TRACE	pp_replay_inverse_ordinary	11374356	0x3f00278a160eae76f1cf5bd3890be7c0b626473c87069dfb0f24b2ebffffffff	0xc5d33c18fd7f55c7491ee1c9828587b7e647ae6acd3e05e727b4f8f08025b42f	0
COEFFICIENT	pp_replay_inverse_ordinary	11374356	0x857ec25164e173cc4f451119d0f2dece9e32be6d8d0ef4b349189c3044ff1be7
TRACE	pp_replay_inverse_ordinary	11379585	0x3f00278a160eae76f1cf5bd3890be7c0b626473c87069dfb0f24b2ebffffffff	0xc5d33c18fd7f55c7491ee1c9828587b7e647ae6acd3e05e727b4f8f08025b42f	0
COEFFICIENT	pp_replay_inverse_ordinary	11379585	0x452a4889cc4391d1556b406a1f6035e5561dce704cdfe37f6a7c3f7009d8839f
TRACE	pp_replay_inverse_ordinary	11384814	0x3f00278a160eae76f1cf5bd3890be7c0b626473c87069dfb0f24b2ebffffffff	0xd0d0c0bbc7423d5fe7a903fd246b455522ad2b45e75bef4db9e631520a23efce	0
COEFFICIENT	pp_replay_inverse_ordinary	11384814	0x452a4889cc4391d1556b406a1f6035e5561dce704cdfe37f6a7c3f7009d8839f
TRACE	pp_replay_inverse_ordinary	11390043	0x3f00278a160eae76f1cf5bd3890be7c0b626473c87069dfb0f24b2ebffffffff	0xd0d0c0bbc7423d5fe7a903fd246b455522ad2b45e75bef4db9e631520a23efce	0
COEFFICIENT	pp_replay_inverse_ordinary	11390043	0xb983d057d144e642c32d7cd71a552675898e719ab263d7b11b124d8d098d139f
TRACE	pp_replay_inverse_ordinary	11395272	0x3f00278a160eae76f1cf5bd3890be7c0b626473c87069dfb0f24b2ebffffffff	0xe81db11fbd3f947d0c248b232e816434bbcbe4f11c5406ea58ba15170abacbfd	0
COEFFICIENT	pp_replay_inverse_ordinary	11395272	0xb983d057d144e642c32d7cd71a552675898e719ab263d7b11b124d8d098d139f
TRACE	pp_replay_inverse_ordinary	11400501	0x3f00278a160eae76f1cf5bd3890be7c0b626473c87069dfb0f24b2ebffffffff	0xe81db11fbd3f947d0c248b232e816434bbcbe4f11c5406ea58ba15170abacbfd	0
COEFFICIENT	pp_replay_inverse_ordinary	11400501	0x5b2551cf5fc96102927f84d1632bb11fcee8c826811bb64c8edeb0331dd4fadd
TRACE	pp_replay_inverse_ordinary	11405730	0x3f00278a160eae76f1cf5bd3890be7c0b626473c87069dfb0f24b2ebffffffff	0x2b60b40eda4889fcaac89b17c02e798946809208b9c3c4214052da63334a9a79	0
COEFFICIENT	pp_replay_inverse_ordinary	11405730	0x5b2551cf5fc96102927f84d1632bb11fcee8c826811bb64c8edeb0331dd4fadd
TRACE	pp_replay_inverse_ordinary	11410959	0x3f00278a160eae76f1cf5bd3890be7c0b626473c87069dfb0f24b2ebffffffff	0x2b60b40eda4889fcaac89b17c02e798946809208b9c3c4214052da63334a9a79	0
COEFFICIENT	pp_replay_inverse_ordinary	11410959	0x8ae9ef8fe54a38087a366e8b0628e8b65750fe444873a877dd6a8603085f5b41
TRACE	pp_replay_inverse_ordinary	11416188	0x3f00278a160eae76f1cf5bd3890be7c0b626473c87069dfb0f24b2ebffffffff	0xcbd7788dcf46dbf0db5ac7a47a340a5c35b025cd2b13dfcaa33b2ec25e35d5e0	0
COEFFICIENT	pp_replay_inverse_ordinary	11416188	0x8ae9ef8fe54a38087a366e8b0628e8b65750fe444873a877dd6a8603085f5b41
TRACE	pp_replay_inverse_ordinary	11421417	0x3f00278a160eae76f1cf5bd3890be7c0b626473c87069dfb0f24b2ebffffffff	0xcbd7788dcf46dbf0db5ac7a47a340a5c35b025cd2b13dfcaa33b2ec25e35d5e0	0
COEFFICIENT	pp_replay_inverse_ordinary	11421417	0x49fc6691fb4d942019121571921dc71078f1d6bb65d371251799dd43b288e0a2
TRACE	pp_replay_inverse_ordinary	11426646	0x3f00278a160eae76f1cf5bd3890be7c0b626473c87069dfb0f24b2ebffffffff	0x4db28a89a34023c19da379d7624a4da7f26e74def0544e702edc804209e2ceef	0
COEFFICIENT	pp_replay_inverse_ordinary	11426646	0x49fc6691fb4d942019121571921dc71078f1d6bb65d371251799dd43b288e0a2
TRACE	pp_replay_inverse_ordinary	11431875	0x3f00278a160eae76f1cf5bd3890be7c0b626473c87069dfb0f24b2ebffffffff	0x4db28a89a34023c19da379d7624a4da7f26e74def0544e702edc804209e2ceef	0
COEFFICIENT	pp_replay_inverse_ordinary	11431875	0x4646429a535b047e9480b10bc1f14078ff753897db5293da00573a455b2ef255
TRACE	pp_replay_inverse_ordinary	11437104	0x3f00278a160eae76f1cf5bd3890be7c0b626473c87069dfb0f24b2ebffffffff	0x551ed278f3254304a6c642a302a35ad6e567b126055609065d61c63eb896ab89	0
COEFFICIENT	pp_replay_inverse_ordinary	11437104	0x4646429a535b047e9480b10bc1f14078ff753897db5293da00573a455b2ef255
TRACE	pp_replay_inverse_ordinary	11442333	0x3f00278a160eae76f1cf5bd3890be7c0b626473c87069dfb0f24b2ebffffffff	0x551ed278f3254304a6c642a302a35ad6e567b126055609065d61c63eb896ab89	0
COEFFICIENT	pp_replay_inverse_ordinary	11442333	0xe1ab57ad99db4c01cfc7a4ba8685dbc8e4522255bbfb30ba5e103ac96ef49033
TRACE	pp_replay_inverse_ordinary	11447562	0x3f00278a160eae76f1cf5bd3890be7c0b626473c87069dfb0f24b2ebffffffff	0xc8924d444c6f3a077dc4e08b7ec0d9e4e67d3ff64eb0e1525cb351b30238c30e	0
COEFFICIENT	pp_replay_inverse_ordinary	11447562	0xe1ab57ad99db4c01cfc7a4ba8685dbc8e4522255bbfb30ba5e103ac96ef49033
TRACE	pp_replay_inverse_ordinary	11452791	0x3f00278a160eae76f1cf5bd3890be7c0b626473c87069dfb0f24b2ebffffffff	0xc8924d444c6f3a077dc4e08b7ec0d9e4e67d3ff64eb0e1525cb351b30238c30e	0
COEFFICIENT	pp_replay_inverse_ordinary	11452791	0xfac46216e7475dfc21ca68e98e4addace22704b5294580225f6d23dfdbb05d58
TRACE	pp_replay_inverse_ordinary	11458020	0x3f00278a160eae76f1cf5bd3890be7c0b626473c87069dfb0f24b2ebffffffff	0x8be8fc9f8025d20b1d542a008bcc9176af2184a1c6a742c718d3c747e021eb16	0
COEFFICIENT	pp_replay_inverse_ordinary	11458020	0xfac46216e7475dfc21ca68e98e4addace22704b5294580225f6d23dfdbb05d58
TRACE	pp_replay_inverse_ordinary	11463249	0x3f00278a160eae76f1cf5bd3890be7c0b626473c87069dfb0f24b2ebffffffff	0x8be8fc9f8025d20b1d542a008bcc9176af2184a1c6a742c718d3c747e021eb16	0
COEFFICIENT	pp_replay_inverse_ordinary	11463249	0x8171c0cd4eb48e0360e8fbd3a8624cd0736f8e0c1932430bd7ae0f099782ad68
TRACE	pp_replay_inverse_ordinary	11468478	0x3f00278a160eae76f1cf5bd3890be7c0b626473c87069dfb0f24b2ebffffffff	0x96603871b1971612d9bf582d6f36d61cead37b37741c428259f97f8628c128c4	0
COEFFICIENT	pp_replay_inverse_ordinary	11468478	0x8171c0cd4eb48e0360e8fbd3a8624cd0736f8e0c1932430bd7ae0f099782ad68
TRACE	pp_replay_inverse_ordinary	11473707	0x3f00278a160eae76f1cf5bd3890be7c0b626473c87069dfb0f24b2ebffffffff	0x96603871b1971612d9bf582d6f36d61cead37b37741c428259f97f8628c128c4	0
COEFFICIENT	pp_replay_inverse_ordinary	11473707	0x6c834928ebd205f3e8129f79e18dc383fc0ba0e0be48439555629e8d0644320c
TRACE	pp_replay_inverse_ordinary	11478936	0x3f00278a160eae76f1cf5bd3890be7c0b626473c87069dfb0f24b2ebffffffff	0xc03d27ba775c2631cb6c10e0fcdfe8b5d99b558e29f0416f5e90607f4b3e1f7c	0
COEFFICIENT	pp_replay_inverse_ordinary	11478936	0x6c834928ebd205f3e8129f79e18dc383fc0ba0e0be48439555629e8d0644320c
TRACE	pp_replay_inverse_ordinary	11484165	0x3f00278a160eae76f1cf5bd3890be7c0b626473c87069dfb0f24b2ebffffffff	0xc03d27ba775c2631cb6c10e0fcdfe8b5d99b558e29f0416f5e90607f4b3e1f7c	0
COEFFICIENT	pp_replay_inverse_ordinary	11484165	0x18c96a976047e5b604b92e12c63b9e521e7bec3352a045bb4c34dc9ac14a449c
TRACE	pp_replay_inverse_ordinary	11489394	0x3f00278a160eae76f1cf5bd3890be7c0b626473c87069dfb0f24b2ebffffffff	0x9943ba0c4f0032199b914fd4bffb6fbdd1b2974fa680c89a09559d9a57c68765	0
COEFFICIENT	pp_replay_inverse_ordinary	11489394	0x18c96a976047e5b604b92e12c63b9e521e7bec3352a045bb4c34dc9ac14a449c
TRACE	pp_replay_inverse_ordinary	11494623	0x3f00278a160eae76f1cf5bd3890be7c0b626473c87069dfb0f24b2ebffffffff	0x9943ba0c4f0032199b914fd4bffb6fbdd1b2974fa680c89a09559d9a57c68765	0
COEFFICIENT	pp_replay_inverse_ordinary	11494623	0x984f1b22718f99526de10c50cc7bcce66b454116febfc2dc8f141b9a2acdfe02
TRACE	pp_replay_inverse_ordinary	11499852	0x3f00278a160eae76f1cf5bd3890be7c0b626473c87069dfb0f24b2ebffffffff	0xcad68f3b0f8ffd85a503abfa4c72ac620eaa6fb64bc15410a1bf56cfda5b109d	0
COEFFICIENT	pp_replay_inverse_ordinary	11499852	0x984f1b22718f99526de10c50cc7bcce66b454116febfc2dc8f141b9a2acdfe02
TRACE	pp_replay_inverse_ordinary	11505081	0x3f00278a160eae76f1cf5bd3890be7c0b626473c87069dfb0f24b2ebffffffff	0xcad68f3b0f8ffd85a503abfa4c72ac620eaa6fb64bc15410a1bf56cfda5b109d	0
COEFFICIENT	pp_replay_inverse_ordinary	11505081	0xfb74c57ff2af302a80c5c49be56a462ee534f1e44940d9c9bfe78e052ff71072
TRACE	pp_replay_inverse_ordinary	11510310	0x3f00278a160eae76f1cf5bd3890be7c0b626473c87069dfb0f24b2ebffffffff	0x9a3858f62c70cae0c9419358b37b1295381fed884e41ce5783971f9a84bf10c8	0
COEFFICIENT	pp_replay_inverse_ordinary	11510310	0xfb74c57ff2af302a80c5c49be56a462ee534f1e44940d9c9bfe78e052ff71072
TRACE	pp_replay_inverse_ordinary	11515539	0x3f00278a160eae76f1cf5bd3890be7c0b626473c87069dfb0f24b2ebffffffff	0x9a3858f62c70cae0c9419358b37b1295381fed884e41ce5783971f9a84bf10c8	0
COEFFICIENT	pp_replay_inverse_ordinary	11515539	0x5cb13209b8ed95743849f5df175979c89249f640443fe53bfc37fc70db2f13ed
TRACE	pp_replay_inverse_ordinary	11520768	0x3f00278a160eae76f1cf5bd3890be7c0b626473c87069dfb0f24b2ebffffffff	0xd7bf7fe29ff4004d5a3930d24f9cab61ddf5e4d05843b7730af642c42e4f0da3	0
COEFFICIENT	pp_replay_inverse_ordinary	11520768	0x5cb13209b8ed95743849f5df175979c89249f640443fe53bfc37fc70db2f13ed
TRACE	pp_replay_inverse_ordinary	11525997	0x3f00278a160eae76f1cf5bd3890be7c0b626473c87069dfb0f24b2ebffffffff	0xd7bf7fe29ff4004d5a3930d24f9cab61ddf5e4d05843b7730af642c42e4f0da3	0
COEFFICIENT	pp_replay_inverse_ordinary	11525997	0xe1a2e430d1e72a9b165abaebdf16482f469e07b0303c1304ed79b61c880f1666
TRACE	pp_replay_inverse_ordinary	11531226	0x3f00278a160eae76f1cf5bd3890be7c0b626473c87069dfb0f24b2ebffffffff	0xcddc1b946e00d5ff9e17a6b8c0230e94754dc1f0804b5be12872cf6bd48f04e0	0
COEFFICIENT	pp_replay_inverse_ordinary	11531226	0xe1a2e430d1e72a9b165abaebdf16482f469e07b0303c1304ed79b61c880f1666
TRACE	pp_replay_inverse_ordinary	11536455	0x3f00278a160eae76f1cf5bd3890be7c0b626473c87069dfb0f24b2ebffffffff	0xcddc1b946e00d5ff9e17a6b8c0230e94754dc1f0804b5be12872cf6bd48f04e0	0
COEFFICIENT	pp_replay_inverse_ordinary	11536455	0xf569accd35cd7f368e9dcf1efe0981ca17ee4d6fe02cca28b2809ccd3b8f27ec
TRACE	pp_replay_inverse_ordinary	11541684	0x3f00278a160eae76f1cf5bd3890be7c0b626473c87069dfb0f24b2ebffffffff	0xa64e8a5ba6342cc8ad917e52823c9b5ed2ad36712069ed999e65020a6d8ee1d4	0
COEFFICIENT	pp_replay_inverse_ordinary	11541684	0xf569accd35cd7f368e9dcf1efe0981ca17ee4d6fe02cca28b2809ccd3b8f27ec
TRACE	pp_replay_inverse_ordinary	11546913	0x3f00278a160eae76f1cf5bd3890be7c0b626473c87069dfb0f24b2ebffffffff	0xa64e8a5ba6342cc8ad917e52823c9b5ed2ad36712069ed999e65020a6d8ee1d4	0
COEFFICIENT	pp_replay_inverse_ordinary	11546913	0x9121e3f611cf2b35cacd1c907e4f9ef30289d150e0c381eb03663ba6e4ad394e
TRACE	pp_replay_inverse_ordinary	11552142	0x3f00278a160eae76f1cf5bd3890be7c0b626473c87069dfb0f24b2ebffffffff	0xbb7b30c13a992e5b9055e014862997caa2d09b91601059483963c86df6708a5a	0
COEFFICIENT	pp_replay_inverse_ordinary	11552142	0x9121e3f611cf2b35cacd1c907e4f9ef30289d150e0c381eb03663ba6e4ad394e
TRACE	pp_replay_inverse_ordinary	11557371	0x3f00278a160eae76f1cf5bd3890be7c0b626473c87069dfb0f24b2ebffffffff	0xbb7b30c13a992e5b9055e014862997caa2d09b91601059483963c86df6708a5a	0
COEFFICIENT	pp_replay_inverse_ordinary	11557371	0x66c8972ae90528100544590c7675a61b624307106176aa8dcd68aedfd2e9e842
TRACE	pp_replay_inverse_ordinary	11562600	0x3f00278a160eae76f1cf5bd3890be7c0b626473c87069dfb0f24b2ebffffffff	0xddbef8ad5e3784c725f0193582c8d5b0a7e43e3321975d1e40303fbcbfcb00c7	0
COEFFICIENT	pp_replay_inverse_ordinary	11562600	0x66c8972ae90528100544590c7675a61b624307106176aa8dcd68aedfd2e9e842
TRACE	pp_replay_inverse_ordinary	11567829	0x3f00278a160eae76f1cf5bd3890be7c0b626473c87069dfb0f24b2ebffffffff	0xddbef8ad5e3784c725f0193582c8d5b0a7e43e3321975d1e40303fbcbfcb00c7	0
COEFFICIENT	pp_replay_inverse_ordinary	11567829	0xab5027033041d4e73078cb4e6fb421e76c6a4c53e484b239db019d7d659ed51c
TRACE	pp_replay_inverse_ordinary	11573058	0x3f00278a160eae76f1cf5bd3890be7c0b626473c87069dfb0f24b2ebffffffff	0x66ce185decb0de757c58fdb97545cd48bc32c8ba27b36c765b621cf8e534de4c	0
COEFFICIENT	pp_replay_inverse_ordinary	11573058	0xab5027033041d4e73078cb4e6fb421e76c6a4c53e484b239db019d7d659ed51c
TRACE	pp_replay_inverse_ordinary	11578287	0x3f00278a160eae76f1cf5bd3890be7c0b626473c87069dfb0f24b2ebffffffff	0x66ce185decb0de757c58fdb97545cd48bc32c8ba27b36c765b621cf8e534de4c	0
COEFFICIENT	pp_replay_inverse_ordinary	11578287	0xefd235a873d2cb58e49898e36a2276861ca1cfeda155f7fd5aa11e01e608cbec
TRACE	pp_replay_inverse_ordinary	11583516	0x3f00278a160eae76f1cf5bd3890be7c0b626473c87069dfb0f24b2ebffffffff	0xddc9fb13658ef1921419628f8069240b5bc3c186ae10e0ef5c231beee460ecdb	0
COEFFICIENT	pp_replay_inverse_ordinary	11583516	0xefd235a873d2cb58e49898e36a2276861ca1cfeda155f7fd5aa11e01e608cbec
TRACE	pp_replay_inverse_ordinary	11588745	0x3f00278a160eae76f1cf5bd3890be7c0b626473c87069dfb0f24b2ebffffffff	0xddc9fb13658ef1921419628f8069240b5bc3c186ae10e0ef5c231beee460ecdb	0
COEFFICIENT	pp_replay_inverse_ordinary	11588745	0x1da703d8216a51fb517cf3753dbc900dd7fde54949b0f0b591f2015e7b0aece
TRACE	pp_replay_inverse_ordinary	11593974	0x3f00278a160eae76f1cf5bd3890be7c0b626473c87069dfb0f24b2ebffffffff	0xb9b985e949073e04731af5e7acf67f15da07a4b8c786b2d35f2717c8e1112eb9	0
COEFFICIENT	pp_replay_inverse_ordinary	11593974	0x1da703d8216a51fb517cf3753dbc900dd7fde54949b0f0b591f2015e7b0aece
TRACE	pp_replay_inverse_ordinary	11599203	0x3f00278a160eae76f1cf5bd3890be7c0b626473c87069dfb0f24b2ebffffffff	0xb9b985e949073e04731af5e7acf67f15da07a4b8c786b2d35f2717c8e1112eb9	0
COEFFICIENT	pp_replay_inverse_ordinary	11599203	0x49fb5a91bb260c3af714a886fac112ebe0f817f061af6b4353172861ee502b12
TRACE	pp_replay_inverse_ordinary	11604432	0x3f00278a160eae76f1cf5bd3890be7c0b626473c87069dfb0f24b2ebffffffff	0xbd6e66644d348843dd4a945654ae111795076161f0bcd0ea116557f4b0728c55	0
COEFFICIENT	pp_replay_inverse_ordinary	11604432	0x49fb5a91bb260c3af714a886fac112ebe0f817f061af6b4353172861ee502b12
TRACE	pp_replay_inverse_ordinary	11609661	0x3f00278a160eae76f1cf5bd3890be7c0b626473c87069dfb0f24b2ebffffffff	0xbd6e66644d348843dd4a945654ae111795076161f0bcd0ea116557f4b0728c55	0
COEFFICIENT	pp_replay_inverse_ordinary	11609661	0x51651b87c380a0b9cb73e5644a3036ef56f79142b41ba770b793a8b98d12e64a
TRACE	pp_replay_inverse_ordinary	11614890	0x3f00278a160eae76f1cf5bd3890be7c0b626473c87069dfb0f24b2ebffffffff	0x2977b140d6e86fcdef2143485f2beb3fd31731812d5dfa636b370730d3d23631	0
COEFFICIENT	pp_replay_inverse_ordinary	11614890	0x51651b87c380a0b9cb73e5644a3036ef56f79142b41ba770b793a8b98d12e64a
TRACE	pp_replay_inverse_ordinary	11620119	0x3f00278a160eae76f1cf5bd3890be7c0b626473c87069dfb0f24b2ebffffffff	0x2977b140d6e86fcdef2143485f2beb3fd31731812d5dfa636b370730d3d23631	0
COEFFICIENT	pp_replay_inverse_ordinary	11620119	0x795285ceb018d1a5a7c687803534829edad7f1043ad9547e03f04a4246539663
TRACE	pp_replay_inverse_ordinary	11625348	0x3f00278a160eae76f1cf5bd3890be7c0b626473c87069dfb0f24b2ebffffffff	0xd99cdcb2fdb80df6367bff10892353e0cb5671fe1fe2a048d27dc41e6150d22e	0
COEFFICIENT	pp_replay_inverse_ordinary	11625348	0x795285ceb018d1a5a7c687803534829edad7f1043ad9547e03f04a4246539663
TRACE	pp_replay_inverse_ordinary	11630577	0x3f00278a160eae76f1cf5bd3890be7c0b626473c87069dfb0f24b2ebffffffff	0xd99cdcb2fdb80df6367bff10892353e0cb5671fe1fe2a048d27dc41e6150d22e	0
COEFFICIENT	pp_replay_inverse_ordinary	11630577	0xcc41e8505de9b14186090e10f38c591e8106540695954944da5e58a3edf802c5
TRACE	pp_replay_inverse_ordinary	11635806	0x3f00278a160eae76f1cf5bd3890be7c0b626473c87069dfb0f24b2ebffffffff	0xe6f7d1159d866aaae6eef0101eba4ea315a68ff5aa2ff74cca9d2f98d4a9a197	0
COEFFICIENT	pp_replay_inverse_ordinary	11635806	0xcc41e8505de9b14186090e10f38c591e8106540695954944da5e58a3edf802c5
TRACE	pp_replay_inverse_ordinary	11641035	0x3f00278a160eae76f1cf5bd3890be7c0b626473c87069dfb0f24b2ebffffffff	0xe6f7d1159d866aaae6eef0101eba4ea315a68ff5aa2ff74cca9d2f98d4a9a197	0
COEFFICIENT	pp_replay_inverse_ordinary	11641035	0x7f7ba1b65959cd2df3010c3205d300e017b33802d55a89d67f59e0e2b099aec3
TRACE	pp_replay_inverse_ordinary	11646264	0x3f00278a160eae76f1cf5bd3890be7c0b626473c87069dfb0f24b2ebffffffff	0x4d6b43e19466a283c0deec5243479e26430057ee29ba78701494401659ecf993	0
COEFFICIENT	pp_replay_inverse_ordinary	11646264	0x7f7ba1b65959cd2df3010c3205d300e017b33802d55a89d67f59e0e2b099aec3
TRACE	pp_replay_inverse_ordinary	11651493	0x3f00278a160eae76f1cf5bd3890be7c0b626473c87069dfb0f24b2ebffffffff	0x4d6b43e19466a283c0deec5243479e26430057ee29ba78701494401659ecf993	0
COEFFICIENT	pp_replay_inverse_ordinary	11651493	0xb18bff8b1e4cf7d825232c11c85e6399ec66181780fa9b3cea1f81af074663f3
TRACE	pp_replay_inverse_ordinary	11656722	0x3f00278a160eae76f1cf5bd3890be7c0b626473c87069dfb0f24b2ebffffffff	0x4c62874e471a3cdfa6e104b64eed9fe67266c7f3d46f8c1d134801dcbb205aea	0
COEFFICIENT	pp_replay_inverse_ordinary	11656722	0xb18bff8b1e4cf7d825232c11c85e6399ec66181780fa9b3cea1f81af074663f3
TRACE	pp_replay_inverse_ordinary	11661951	0x3f00278a160eae76f1cf5bd3890be7c0b626473c87069dfb0f24b2ebffffffff	0x4c62874e471a3cdfa6e104b64eed9fe67266c7f3d46f8c1d134801dcbb205aea	0
COEFFICIENT	pp_replay_inverse_ordinary	11661951	0x16b577c7f57fb2d0a365536d41cf274d6665683b2d85aa5cc0f70182536c70cd
TRACE	pp_replay_inverse_ordinary	11667180	0x3f00278a160eae76f1cf5bd3890be7c0b626473c87069dfb0f24b2ebffffffff	0xaf7a866483b42c8ff1275cd9dfaa671a4b32f822d664c296e787053bc9ad26a1	0
COEFFICIENT	pp_replay_inverse_ordinary	11667180	0x16b577c7f57fb2d0a365536d41cf274d6665683b2d85aa5cc0f70182536c70cd
TRACE	pp_replay_inverse_ordinary	11672409	0x3f00278a160eae76f1cf5bd3890be7c0b626473c87069dfb0f24b2ebffffffff	0xaf7a866483b42c8ff1275cd9dfaa671a4b32f822d664c296e787053bc9ad26a1	0
COEFFICIENT	pp_replay_inverse_ordinary	11672409	0x7df0692b674b391155a34a00a3f3e7808197d85384a692229a66fdc7dd2bb728
TRACE	pp_replay_inverse_ordinary	11677638	0x3f00278a160eae76f1cf5bd3890be7c0b626473c87069dfb0f24b2ebffffffff	0xdce575f46eb3923137f203b46348b5b517fdc89931701750697508407086083b	0
COEFFICIENT	pp_replay_inverse_ordinary	11677638	0x7df0692b674b391155a34a00a3f3e7808197d85384a692229a66fdc7dd2bb728
TRACE	pp_replay_inverse_ordinary	11682867	0x3f00278a160eae76f1cf5bd3890be7c0b626473c87069dfb0f24b2ebffffffff	0xdce575f46eb3923137f203b46348b5b517fdc89931701750697508407086083b	0
COEFFICIENT	pp_replay_inverse_ordinary	11682867	0xd8c6484b3d4a0453e33897b5ab3084b61b2d79403abd3b959e4303d12add7a5c
TRACE	pp_replay_inverse_ordinary	11688096	0x3f00278a160eae76f1cf5bd3890be7c0b626473c87069dfb0f24b2ebffffffff	0x929134341ab128b6531c9f1e71c1f0204b290a729d9d6a36712d14540be99274	0
COEFFICIENT	pp_replay_inverse_ordinary	11688096	0xd8c6484b3d4a0453e33897b5ab3084b61b2d79403abd3b959e4303d12add7a5c
TRACE	pp_replay_inverse_ordinary	11693325	0x3f00278a160eae76f1cf5bd3890be7c0b626473c87069dfb0f24b2ebffffffff	0x929134341ab128b6531c9f1e71c1f0204b290a729d9d6a36712d14540be99274	0
COEFFICIENT	pp_replay_inverse_ordinary	11693325	0x1efb5c625fe2dff17354904ce49f194beb31e80dd7dd0cf4cb58f34f49d16615
TRACE	pp_replay_inverse_ordinary	11698554	0x3f00278a160eae76f1cf5bd3890be7c0b626473c87069dfb0f24b2ebffffffff	0x441dc4ca9545315e198dce89c822f98c8183fcf31317e161adb31bf861a48ece	0
COEFFICIENT	pp_replay_inverse_ordinary	11698554	0x1efb5c625fe2dff17354904ce49f194beb31e80dd7dd0cf4cb58f34f49d16615
TRACE	pp_replay_inverse_ordinary	11703783	0x3f00278a160eae76f1cf5bd3890be7c0b626473c87069dfb0f24b2ebffffffff	0x441dc4ca9545315e198dce89c822f98c8183fcf31317e161adb31bf861a48ece	0
COEFFICIENT	pp_replay_inverse_ordinary	11703783	0xf9d8f3fa2a808e84cd1b5210011b390b54dfd3289ca23887e8fecaa531fe398b
TRACE	pp_replay_inverse_ordinary	11709012	0x3f00278a160eae76f1cf5bd3890be7c0b626473c87069dfb0f24b2ebffffffff	0x82147d8f550af1410036ef2391612c2457e7cd0ec2d1fb4b44650296f5475af8	0
COEFFICIENT	pp_replay_inverse_ordinary	11709012	0xf9d8f3fa2a808e84cd1b5210011b390b54dfd3289ca23887e8fecaa531fe398b
TRACE	pp_replay_inverse_ordinary	11714241	0x3f00278a160eae76f1cf5bd3890be7c0b626473c87069dfb0f24b2ebffffffff	0x82147d8f550af1410036ef2391612c2457e7cd0ec2d1fb4b44650296f5475af8	0
COEFFICIENT	pp_replay_inverse_ordinary	11714241	0x75c66583aa0c0e4a9a6d934393979e3b01a7735ffc166c5b166297e35943d5b0
TRACE	pp_replay_inverse_ordinary	11719470	0x3f00278a160eae76f1cf5bd3890be7c0b626473c87069dfb0f24b2ebffffffff	0x79ef60a25421f0cc9adb718ab659f683b1770d7d81ba62f19f2c9d1243d28f71	0
COEFFICIENT	pp_replay_inverse_ordinary	11719470	0x75c66583aa0c0e4a9a6d934393979e3b01a7735ffc166c5b166297e35943d5b0
TRACE	pp_replay_inverse_ordinary	11724699	0x3f00278a160eae76f1cf5bd3890be7c0b626473c87069dfb0f24b2ebffffffff	0x79ef60a25421f0cc9adb718ab659f683b1770d7d81ba62f19f2c9d1243d28f71	0
COEFFICIENT	pp_replay_inverse_ordinary	11724699	0x657c2ba9a83a0d61cfb69811dd8932f9b4c5f43d79e73ba7cbf1ccd9f65a3ea2
TRACE	pp_replay_inverse_ordinary	11729928	0x3f00278a160eae76f1cf5bd3890be7c0b626473c87069dfb0f24b2ebffffffff	0x8e62959b0009d43766004b038f2aba0dae2826bd898d8a3b72676d4a914ae040	0
COEFFICIENT	pp_replay_inverse_ordinary	11729928	0x657c2ba9a83a0d61cfb69811dd8932f9b4c5f43d79e73ba7cbf1ccd9f65a3ea2
TRACE	pp_replay_inverse_ordinary	11735157	0x3f00278a160eae76f1cf5bd3890be7c0b626473c87069dfb0f24b2ebffffffff	0x8e62959b0009d43766004b038f2aba0dae2826bd898d8a3b72676d4a914ae040	0
COEFFICIENT	pp_replay_inverse_ordinary	11735157	0x3c95c1b8506a468c396ce5202be7abe5bb63c1bd6a40ed14257c2c695b699d04
TRACE	pp_replay_inverse_ordinary	11740386	0x3f00278a160eae76f1cf5bd3890be7c0b626473c87069dfb0f24b2ebffffffff	0x595aecee507deefb056d7b274a3d200117b40f387d5c018b0a4b06ff7dff6155	0
COEFFICIENT	pp_replay_inverse_ordinary	11740386	0x3c95c1b8506a468c396ce5202be7abe5bb63c1bd6a40ed14257c2c695b699d04
TRACE	pp_replay_inverse_ordinary	11745615	0x3f00278a160eae76f1cf5bd3890be7c0b626473c87069dfb0f24b2ebffffffff	0x595aecee507deefb056d7b274a3d200117b40f387d5c018b0a4b06ff7dff6155	0
COEFFICIENT	pp_replay_inverse_ordinary	11745615	0x1fd0968250569e1d6d6c4f190d9237ca5f1374425725d89d40ad51d338d3d8b3
TRACE	pp_replay_inverse_ordinary	11750844	0x3f00278a160eae76f1cf5bd3890be7c0b626473c87069dfb0f24b2ebffffffff	0x92e5435a50a53fd89d6ea73586e80837d054aa2ea3922a78d3e8bc2bc32ae9f7	0
COEFFICIENT	pp_replay_inverse_ordinary	11750844	0x1fd0968250569e1d6d6c4f190d9237ca5f1374425725d89d40ad51d338d3d8b3
TRACE	pp_replay_inverse_ordinary	11756073	0x3f00278a160eae76f1cf5bd3890be7c0b626473c87069dfb0f24b2ebffffffff	0x92e5435a50a53fd89d6ea73586e80837d054aa2ea3922a78d3e8bc2bc32ae9f7	0
COEFFICIENT	pp_replay_inverse_ordinary	11756073	0xd286705ef1527c1378474567a20c77cc8e7b92b351dddbb355435fd234d29b5d
TRACE	pp_replay_inverse_ordinary	11761302	0x3f00278a160eae76f1cf5bd3890be7c0b626473c87069dfb0f24b2ebffffffff	0xf850f713929cfbc4b32493d2afdc883c2f24e710990230a4fd14d82abb28731c	0
COEFFICIENT	pp_replay_inverse_ordinary	11761302	0xd286705ef1527c1378474567a20c77cc8e7b92b351dddbb355435fd234d29b5d
TRACE	pp_replay_inverse_ordinary	11766531	0x3f00278a160eae76f1cf5bd3890be7c0b626473c87069dfb0f24b2ebffffffff	0xf850f713929cfbc4b32493d2afdc883c2f24e710990230a4fd14d82abb28731c	0
COEFFICIENT	pp_replay_inverse_ordinary	11766531	0xacbbe9aa5007fc623d69f6fc943c675cedd23e560ab986c1ad71e779ae7cc39e
TRACE	pp_replay_inverse_ordinary	11771760	0x3f00278a160eae76f1cf5bd3890be7c0b626473c87069dfb0f24b2ebffffffff	0x43e6047cd531fb2728df30a8cb7ca91b70778fcb274ada884cb7c8dcc7d4266b	0
COEFFICIENT	pp_replay_inverse_ordinary	11771760	0xacbbe9aa5007fc623d69f6fc943c675cedd23e560ab986c1ad71e779ae7cc39e
TRACE	pp_replay_inverse_ordinary	11776989	0x3f00278a160eae76f1cf5bd3890be7c0b626473c87069dfb0f24b2ebffffffff	0x43e6047cd531fb2728df30a8cb7ca91b70778fcb274ada884cb7c8dcc7d4266b	0
COEFFICIENT	pp_replay_inverse_ordinary	11776989	0x1591ced7caddfd9d51f4bd505cfc259e6b2cece0ee2832fb0e2c0617952564a2
TRACE	pp_replay_inverse_ordinary	11782218	0x3f00278a160eae76f1cf5bd3890be7c0b626473c87069dfb0f24b2ebffffffff	0x723a3a21df85f8b0ffc9a40139fd2c9875c232b5606d82158b438ba1fa82e834	0
COEFFICIENT	pp_replay_inverse_ordinary	11782218	0x1591ced7caddfd9d51f4bd505cfc259e6b2cece0ee2832fb0e2c0617952564a2
TRACE	pp_replay_inverse_ordinary	11787447	0x3f00278a160eae76f1cf5bd3890be7c0b626473c87069dfb0f24b2ebffffffff	0x723a3a21df85f8b0ffc9a40139fd2c9875c232b5606d82158b438ba1fa82e834	0
COEFFICIENT	pp_replay_inverse_ordinary	11787447	0xb8e9638db6360289a41fd69f7ffb1ea46097a70c7be2e3e09114808c2fc7dd3f
TRACE	pp_replay_inverse_ordinary	11792676	0x3f00278a160eae76f1cf5bd3890be7c0b626473c87069dfb0f24b2ebffffffff	0x2b8b10b608d5eed85b737162f3ff3a8c8aecbe5e44f8204a857296b7c53df329	0
COEFFICIENT	pp_replay_inverse_ordinary	11792676	0xb8e9638db6360289a41fd69f7ffb1ea46097a70c7be2e3e09114808c2fc7dd3f
TRACE	pp_replay_inverse_ordinary	11797905	0x3f00278a160eae76f1cf5bd3890be7c0b626473c87069dfb0f24b2ebffffffff	0x2b8b10b608d5eed85b737162f3ff3a8c8aecbe5e44f8204a857296b7c53df329	0
COEFFICIENT	pp_replay_inverse_ordinary	11797905	0x4647b6656396163aeccc3bdc0bf702bc36428fbab2cda7769cb66a619a51cb26
TRACE	pp_replay_inverse_ordinary	11803134	0x3f00278a160eae76f1cf5bd3890be7c0b626473c87069dfb0f24b2ebffffffff	0x9d5dd7d17541f3eba3b31ea1f3f577d54c1c0c773cbde80ba79b97d124cdb178	0
COEFFICIENT	pp_replay_inverse_ordinary	11803134	0x4647b6656396163aeccc3bdc0bf702bc36428fbab2cda7769cb66a619a51cb26
TRACE	pp_replay_inverse_ordinary	11808363	0x3f00278a160eae76f1cf5bd3890be7c0b626473c87069dfb0f24b2ebffffffff	0x9d5dd7d17541f3eba3b31ea1f3f577d54c1c0c773cbde80ba79b97d124cdb178	0
COEFFICIENT	pp_replay_inverse_ordinary	11808363	0xef3194f951ea388a35e5591623f88da3206912fe28dd66e191d13cf10fd5e103
TRACE	pp_replay_inverse_ordinary	11813592	0x3f00278a160eae76f1cf5bd3890be7c0b626473c87069dfb0f24b2ebffffffff	0x29ed449c3c6e20617d4b965a0be37d4db8a12beca25936f8e1086c9559714b95	0
COEFFICIENT	pp_replay_inverse_ordinary	11813592	0xef3194f951ea388a35e5591623f88da3206912fe28dd66e191d13cf10fd5e103
TRACE	pp_replay_inverse_ordinary	11818821	0x3f00278a160eae76f1cf5bd3890be7c0b626473c87069dfb0f24b2ebffffffff	0x29ed449c3c6e20617d4b965a0be37d4db8a12beca25936f8e1086c9559714b95	0
COEFFICIENT	pp_replay_inverse_ordinary	11818821	0x8506e8ee0429175e916488653d49893f97351e8f41404bc04aae679791d153d
TRACE	pp_replay_inverse_ordinary	11824050	0x3f00278a160eae76f1cf5bd3890be7c0b626473c87069dfb0f24b2ebffffffff	0x4b8a1aa99899af4d1180e42dc3f2620777cf05f0509e6935bd65f2b139c581ed	0
COEFFICIENT	pp_replay_inverse_ordinary	11824050	0x8506e8ee0429175e916488653d49893f97351e8f41404bc04aae679791d153d
TRACE	pp_replay_inverse_ordinary	11829279	0x3f00278a160eae76f1cf5bd3890be7c0b626473c87069dfb0f24b2ebffffffff	0x4b8a1aa99899af4d1180e42dc3f2620777cf05f0509e6935bd65f2b139c581ed	0
COEFFICIENT	pp_replay_inverse_ordinary	11829279	0xc516c27427eb739ec0abacdee3b6cf207b179de19789a0424befda40b874a4bc
TRACE	pp_replay_inverse_ordinary	11834508	0x3f00278a160eae76f1cf5bd3890be7c0b626473c87069dfb0f24b2ebffffffff	0xd1fd72df0947eafb62561b7ca42df4ee74866dff09b332292edc0b20bb165b4d	0
COEFFICIENT	pp_replay_inverse_ordinary	11834508	0xc516c27427eb739ec0abacdee3b6cf207b179de19789a0424befda40b874a4bc
TRACE	pp_replay_inverse_ordinary	11839737	0x3f00278a160eae76f1cf5bd3890be7c0b626473c87069dfb0f24b2ebffffffff	0xd1fd72df0947eafb62561b7ca42df4ee74866dff09b332292edc0b20bb165b4d	0
COEFFICIENT	pp_replay_inverse_ordinary	11839737	0xb8301209468efc421f013e41233fa95281a8cdc425600e5b6903a960b5d2ee2b
TRACE	pp_replay_inverse_ordinary	11844966	0x3f00278a160eae76f1cf5bd3890be7c0b626473c87069dfb0f24b2ebffffffff	0xebcad3b4cc00d9b4a5aaf8b8251c408a67640e39ee0655f6f4b46ce0c059c86f	0
COEFFICIENT	pp_replay_inverse_ordinary	11844966	0xb8301209468efc421f013e41233fa95281a8cdc425600e5b6903a960b5d2ee2b
TRACE	pp_replay_inverse_ordinary	11850195	0x3f00278a160eae76f1cf5bd3890be7c0b626473c87069dfb0f24b2ebffffffff	0xebcad3b4cc00d9b4a5aaf8b8251c408a67640e39ee0655f6f4b46ce0c059c86f	0
COEFFICIENT	pp_replay_inverse_ordinary	11850195	0x8495505dc11d1ecf985783ca2163121a9bed8d4e5cb9c6bfdd52e5e0ab4c13e7
TRACE	pp_replay_inverse_ordinary	11855424	0x3f00278a160eae76f1cf5bd3890be7c0b626473c87069dfb0f24b2ebffffffff	0x5300570bd6e49499b2fe6da628d56efa32da8f257f52e52e0c15f3e1d56780c8	0
COEFFICIENT	pp_replay_inverse_ordinary	11855424	0x8495505dc11d1ecf985783ca2163121a9bed8d4e5cb9c6bfdd52e5e0ab4c13e7
TRACE	pp_replay_inverse_ordinary	11860653	0x3f00278a160eae76f1cf5bd3890be7c0b626473c87069dfb0f24b2ebffffffff	0x5300570bd6e49499b2fe6da628d56efa32da8f257f52e52e0c15f3e1d56780c8	0
COEFFICIENT	pp_replay_inverse_ordinary	11860653	0x5c2af7c7591ed238e3ad753a6b9b932f6ab5a9c238c672adc6bbbfa42bffac67
TRACE	pp_replay_inverse_ordinary	11865882	0x3f00278a160eae76f1cf5bd3890be7c0b626473c87069dfb0f24b2ebffffffff	0x49d5b65054aa56fa824f6611e60f4ac4faff7488c5df57ae5170281f7ecf5529	0
COEFFICIENT	pp_replay_inverse_ordinary	11865882	0x5c2af7c7591ed238e3ad753a6b9b932f6ab5a9c238c672adc6bbbfa42bffac67
TRACE	pp_replay_inverse_ordinary	11871111	0x3f00278a160eae76f1cf5bd3890be7c0b626473c87069dfb0f24b2ebffffffff	0x49d5b65054aa56fa824f6611e60f4ac4faff7488c5df57ae5170281f7ecf5529	0
COEFFICIENT	pp_replay_inverse_ordinary	11871111	0x6e80393e5d934d77450b8462f127db99da6bdefbabad8dad3c075728d93003a5
TRACE	pp_replay_inverse_ordinary	11876340	0x3f00278a160eae76f1cf5bd3890be7c0b626473c87069dfb0f24b2ebffffffff	0x252b33624bc1607dbf9347c0daf6b9f01b930a15e01121af66d8f916246ea6ad	0
COEFFICIENT	pp_replay_inverse_ordinary	11876340	0x6e80393e5d934d77450b8462f127db99da6bdefbabad8dad3c075728d93003a5
TRACE	pp_replay_inverse_ordinary	11881569	0x3f00278a160eae76f1cf5bd3890be7c0b626473c87069dfb0f24b2ebffffffff	0x252b33624bc1607dbf9347c0daf6b9f01b930a15e01121af66d8f916246ea6ad	0
COEFFICIENT	pp_replay_inverse_ordinary	11881569	0x22ba5df06e7fb6c49aa5086bd467123d06ac80d376c3d09dee7a768d6ceb1c8
TRACE	pp_replay_inverse_ordinary	11886798	0x3f00278a160eae76f1cf5bd3890be7c0b626473c87069dfb0f24b2ebffffffff	0x482ac0e5909ac58f357c3efaf8a702bc66bb4c1e88b60654eeca4ac3720e9b92	0
COEFFICIENT	pp_replay_inverse_ordinary	11886798	0x22ba5df06e7fb6c49aa5086bd467123d06ac80d376c3d09dee7a768d6ceb1c8
TRACE	pp_replay_inverse_ordinary	11892027	0x3f00278a160eae76f1cf5bd3890be7c0b626473c87069dfb0f24b2ebffffffff	0x482ac0e5909ac58f357c3efaf8a702bc66bb4c1e88b60654eeca4ac3720e9b92	0
COEFFICIENT	pp_replay_inverse_ordinary	11892027	0xbc2c8ad87d3531495dd8621281e5df8b3a1a43fbe62273becf05040d3b8ec42d
TRACE	pp_replay_inverse_ordinary	11897256	0x3f00278a160eae76f1cf5bd3890be7c0b626473c87069dfb0f24b2ebffffffff	0xd428f6f2a40059d50d201be36f6825ed935c54412b4998eb0e8f9178a88e6f26	0
COEFFICIENT	pp_replay_inverse_ordinary	11897256	0xbc2c8ad87d3531495dd8621281e5df8b3a1a43fbe62273becf05040d3b8ec42d
TRACE	pp_replay_inverse_ordinary	11902485	0x3f00278a160eae76f1cf5bd3890be7c0b626473c87069dfb0f24b2ebffffffff	0xd428f6f2a40059d50d201be36f6825ed935c54412b4998eb0e8f9178a88e6f26	0
COEFFICIENT	pp_replay_inverse_ordinary	11902485	0xa4301ebe566a08bdae90a84194639928e0d833b6a0fb4e928f7a76a1ce8f1934
TRACE	pp_replay_inverse_ordinary	11907714	0x3f00278a160eae76f1cf5bd3890be7c0b626473c87069dfb0f24b2ebffffffff	0x4c820ca39e6abc67c8d0e0087333e5040790dc38f78e8068ac9999951fabff22	0
COEFFICIENT	pp_replay_inverse_ordinary	11907714	0xa4301ebe566a08bdae90a84194639928e0d833b6a0fb4e928f7a76a1ce8f1934
TRACE	pp_replay_inverse_ordinary	11912943	0x3f00278a160eae76f1cf5bd3890be7c0b626473c87069dfb0f24b2ebffffffff	0x4c820ca39e6abc67c8d0e0087333e5040790dc38f78e8068ac9999951fabff22	0
COEFFICIENT	pp_replay_inverse_ordinary	11912943	0x94e24a204b3ecde325f2308b9bfb1755c94143a639851d8dcb8e86d9bcca355b
TRACE	pp_replay_inverse_ordinary	11918172	0x3f00278a160eae76f1cf5bd3890be7c0b626473c87069dfb0f24b2ebffffffff	0x421cf26f196aaec6baf8f854a6cb2b245e074cbb597e3438da4ac50828dc8e9	0
COEFFICIENT	pp_replay_inverse_ordinary	11918172	0x94e24a204b3ecde325f2308b9bfb1755c94143a639851d8dcb8e86d9bcca355b
TRACE	pp_replay_inverse_ordinary	11923401	0x3f00278a160eae76f1cf5bd3890be7c0b626473c87069dfb0f24b2ebffffffff	0x421cf26f196aaec6baf8f854a6cb2b245e074cbb597e3438da4ac50828dc8e9	0
COEFFICIENT	pp_replay_inverse_ordinary	11923401	0x2de66367881446b2b793f09c8262e15dd862fc1828a21e5f24c1ba04fc223770
TRACE	pp_replay_inverse_ordinary	11928630	0x3f00278a160eae76f1cf5bd3890be7c0b626473c87069dfb0f24b2ebffffffff	0xda5d3ae65b190f261fcb2e6e12768406b35ded7f428da827f6879e9b08f95691	0
COEFFICIENT	pp_replay_inverse_ordinary	11928630	0x2de66367881446b2b793f09c8262e15dd862fc1828a21e5f24c1ba04fc223770
TRACE	pp_replay_inverse_ordinary	11933859	0x3f00278a160eae76f1cf5bd3890be7c0b626473c87069dfb0f24b2ebffffffff	0xda5d3ae65b190f261fcb2e6e12768406b35ded7f428da827f6879e9b08f95691	0
COEFFICIENT	pp_replay_inverse_ordinary	11933859	0x362a01b56b419c8b8ef30fa7173c46c26423e5af93d1e4e6400b12a6013dc942
TRACE	pp_replay_inverse_ordinary	11939088	0x3f00278a160eae76f1cf5bd3890be7c0b626473c87069dfb0f24b2ebffffffff	0xeae477822173bad7ce896c833c294ecfcadfc0ae18ed35362d1a4fdd13307a35	0
COEFFICIENT	pp_replay_inverse_ordinary	11939088	0x362a01b56b419c8b8ef30fa7173c46c26423e5af93d1e4e6400b12a6013dc942
TRACE	pp_replay_inverse_ordinary	11944317	0x3f00278a160eae76f1cf5bd3890be7c0b626473c87069dfb0f24b2ebffffffff	0xeae477822173bad7ce896c833c294ecfcadfc0ae18ed35362d1a4fdd13307a35	0
COEFFICIENT	pp_replay_inverse_ordinary	11944317	0x57387aecf7f6f3eeec6f8bd16aa1dc5493278c0d4090ff02ad30752a15ac108a
TRACE	pp_replay_inverse_ordinary	11949546	0x3f00278a160eae76f1cf5bd3890be7c0b626473c87069dfb0f24b2ebffffffff	0x2d0169f13ade699e898264d7e2f479f428e70d69726b696f076514e63c0d0c96	0
COEFFICIENT	pp_replay_inverse_ordinary	11949546	0x57387aecf7f6f3eeec6f8bd16aa1dc5493278c0d4090ff02ad30752a15ac108a
TRACE	pp_replay_inverse_ordinary	11954775	0x3f00278a160eae76f1cf5bd3890be7c0b626473c87069dfb0f24b2ebffffffff	0x2d0169f13ade699e898264d7e2f479f428e70d69726b696f076514e63c0d0c96	0
COEFFICIENT	pp_replay_inverse_ordinary	11954775	0x816f8be8b50f7e3f4f5cb2caf24f3eb4fd680ab10eb6949652fbd56def4b147e
TRACE	pp_replay_inverse_ordinary	11960004	0x3f00278a160eae76f1cf5bd3890be7c0b626473c87069dfb0f24b2ebffffffff	0xd89347f9c0ad54fdc3a816e4d399b53354661021d6203e47bbce545d88cf00dd	0
COEFFICIENT	pp_replay_inverse_ordinary	11960004	0x816f8be8b50f7e3f4f5cb2caf24f3eb4fd680ab10eb6949652fbd56def4b147e
TRACE	pp_replay_inverse_ordinary	11965233	0x3f00278a160eae76f1cf5bd3890be7c0b626473c87069dfb0f24b2ebffffffff	0xd89347f9c0ad54fdc3a816e4d399b53354661021d6203e47bbce545d88cf00dd	0
COEFFICIENT	pp_replay_inverse_ordinary	11965233	0xdb725fcb2acc517c62617c7ab838329d4f362583f38d677461c5ff3a67652daa
TRACE	pp_replay_inverse_ordinary	11970462	0x3f00278a160eae76f1cf5bd3890be7c0b626473c87069dfb0f24b2ebffffffff	0x8c98efbeac26fb77e9b1aa445f6b9d03f80245c79fcde403d962a7f779033706	0
COEFFICIENT	pp_replay_inverse_ordinary	11970462	0xdb725fcb2acc517c62617c7ab838329d4f362583f38d677461c5ff3a67652daa
TRACE	pp_replay_inverse_ordinary	11975691	0x3f00278a160eae76f1cf5bd3890be7c0b626473c87069dfb0f24b2ebffffffff	0x8c98efbeac26fb77e9b1aa445f6b9d03f80245c79fcde403d962a7f779033706	0
COEFFICIENT	pp_replay_inverse_ordinary	11975691	0x2a4bcfd7a971a780db114eb11104c836a66a0540474ceae4ea29567e55c7281f
TRACE	pp_replay_inverse_ordinary	11980920	0x3f00278a160eae76f1cf5bd3890be7c0b626473c87069dfb0f24b2ebffffffff	0x437daf5501bf9e70ae74a339cfdc023e966e90cf86e8b2ec9ceea66e47cd99fc	0
COEFFICIENT	pp_replay_inverse_ordinary	11980920	0x2a4bcfd7a971a780db114eb11104c836a66a0540474ceae4ea29567e55c7281f
TRACE	pp_replay_inverse_ordinary	11986149	0x3f00278a160eae76f1cf5bd3890be7c0b626473c87069dfb0f24b2ebffffffff	0x437daf5501bf9e70ae74a339cfdc023e966e90cf86e8b2ec9ceea66e47cd99fc	0
COEFFICIENT	pp_replay_inverse_ordinary	11986149	0x1119f05a5123b09107adfa28522d8e2eb66579b107b122dd3764068e63c0b642
TRACE	pp_replay_inverse_ordinary	11991378	0x3f00278a160eae76f1cf5bd3890be7c0b626473c87069dfb0f24b2ebffffffff	0x98154f0454a2ed726497409bf1e592abe3429b50158288b67141536af35bea3a	0
COEFFICIENT	pp_replay_inverse_ordinary	11991378	0x1119f05a5123b09107adfa28522d8e2eb66579b107b122dd3764068e63c0b642
TRACE	pp_replay_inverse_ordinary	11996607	0x3f00278a160eae76f1cf5bd3890be7c0b626473c87069dfb0f24b2ebffffffff	0x98154f0454a2ed726497409bf1e592abe3429b50158288b67141536af35bea3a	0
COEFFICIENT	pp_replay_inverse_ordinary	11996607	0xba492fb8f6ea4e9473f334ec9640af09500d8eb224e4ce70e0096087badd56be
TRACE	pp_replay_inverse_ordinary	12001836	0x3f00278a160eae76f1cf5bd3890be7c0b626473c87069dfb0f24b2ebffffffff	0x75e16e4fb25b8c50553b4c4b4d8a764e7677a7ee062042fc0279464e2bda7db6	0
COEFFICIENT	pp_replay_inverse_ordinary	12001836	0xba492fb8f6ea4e9473f334ec9640af09500d8eb224e4ce70e0096087badd56be
TRACE	pp_replay_inverse_ordinary	12007065	0x3f00278a160eae76f1cf5bd3890be7c0b626473c87069dfb0f24b2ebffffffff	0x75e16e4fb25b8c50553b4c4b4d8a764e7677a7ee062042fc0279464e2bda7db6	0
COEFFICIENT	pp_replay_inverse_ordinary	12007065	0xea73cdc1a03029793d21b6247a0bd4611692c5524fe9dfddc28c075ea1952f03
TRACE	pp_replay_inverse_ordinary	12012294	0x3f00278a160eae76f1cf5bd3890be7c0b626473c87069dfb0f24b2ebffffffff	0xd636aa6104e74219e7984ebb1520c0fe0382152e5c2a65d5c77e93fbf94a2e40	0
COEFFICIENT	pp_replay_inverse_ordinary	12012294	0xea73cdc1a03029793d21b6247a0bd4611692c5524fe9dfddc28c075ea1952f03
TRACE	pp_replay_inverse_ordinary	12017523	0x3f00278a160eae76f1cf5bd3890be7c0b626473c87069dfb0f24b2ebffffffff	0xd636aa6104e74219e7984ebb1520c0fe0382152e5c2a65d5c77e93fbf94a2e40	0
COEFFICIENT	pp_replay_inverse_ordinary	12017523	0xfeb0f1223b7910d892ab1d8ddef6e7c429a3757643a959e5bd997ac149e02fc6
TRACE	pp_replay_inverse_ordinary	12022752	0x3f00278a160eae76f1cf5bd3890be7c0b626473c87069dfb0f24b2ebffffffff	0xab1e45e44547950c61dbbb04093869c030a79fd2fbfe25914c96a2bb3c7493e8	0
COEFFICIENT	pp_replay_inverse_ordinary	12022752	0xfeb0f1223b7910d892ab1d8ddef6e7c429a3757643a959e5bd997ac149e02fc6
TRACE	pp_replay_inverse_ordinary	12027981	0x3f00278a160eae76f1cf5bd3890be7c0b626473c87069dfb0f24b2ebffffffff	0xab1e45e44547950c61dbbb04093869c030a79fd2fbfe25914c96a2bb3c7493e8	0
COEFFICIENT	pp_replay_inverse_ordinary	12027981	0xa8802828bc39b6bd8731f61fc726394883ee8abf8350d95cc7c9983fd034fb16
TRACE	pp_replay_inverse_ordinary	12033210	0x3f00278a160eae76f1cf5bd3890be7c0b626473c87069dfb0f24b2ebffffffff	0xfebcb3f146c8e0d64ae96c27d9970cc8e53dca657b4d247f60f6ddb7491e26b7	0
COEFFICIENT	pp_replay_inverse_ordinary	12033210	0xa8802828bc39b6bd8731f61fc726394883ee8abf8350d95cc7c9983fd034fb16
TRACE	pp_replay_inverse_ordinary	12038439	0x3f00278a160eae76f1cf5bd3890be7c0b626473c87069dfb0f24b2ebffffffff	0xfebcb3f146c8e0d64ae96c27d9970cc8e53dca657b4d247f60f6ddb7491e26b7	0
COEFFICIENT	pp_replay_inverse_ordinary	12038439	0x52439c6031aa8ca4c37a8017b4b565c8229f4b198b548e3a2e9c52c8574bcf75
TRACE	pp_replay_inverse_ordinary	12043668	0x3f00278a160eae76f1cf5bd3890be7c0b626473c87069dfb0f24b2ebffffffff	0xab35cb825be73507d2585837fe78b3c9a7dc49b16b45bac4935168a73af081ca	0
COEFFICIENT	pp_replay_inverse_ordinary	12043668	0x52439c6031aa8ca4c37a8017b4b565c8229f4b198b548e3a2e9c52c8574bcf75
TRACE	pp_replay_inverse_ordinary	12048897	0x3f00278a160eae76f1cf5bd3890be7c0b626473c87069dfb0f24b2ebffffffff	0xab35cb825be73507d2585837fe78b3c9a7dc49b16b45bac4935168a73af081ca	0
COEFFICIENT	pp_replay_inverse_ordinary	12048897	0xf9516d3e076de441b49ca7f76af217c69d624c81ab6361afc9e73ce873a7194f
TRACE	pp_replay_inverse_ordinary	12054126	0x3f00278a160eae76f1cf5bd3890be7c0b626473c87069dfb0f24b2ebffffffff	0x5d1a29c6b06085cdf014087891ff4fccb25646e12b2813d95cbb94660239ea45	0
COEFFICIENT	pp_replay_inverse_ordinary	12054126	0xf9516d3e076de441b49ca7f76af217c69d624c81ab6361afc9e73ce873a7194f
TRACE	pp_replay_inverse_ordinary	12059355	0x3f00278a160eae76f1cf5bd3890be7c0b626473c87069dfb0f24b2ebffffffff	0x5d1a29c6b06085cdf014087891ff4fccb25646e12b2813d95cbb94660239ea45	0
COEFFICIENT	pp_replay_inverse_ordinary	12059355	0x4fbd0442bf3c4e51594d586767e37f59ed1adfe481eed738f08a0e38e9882485
TRACE	pp_replay_inverse_ordinary	12064584	0x3f00278a160eae76f1cf5bd3890be7c0b626473c87069dfb0f24b2ebffffffff	0x6a774f4aa184bd4a86dab889bc1b203f7791adddd4615079c8ed1a931aebb005	0
COEFFICIENT	pp_replay_inverse_ordinary	12064584	0x4fbd0442bf3c4e51594d586767e37f59ed1adfe481eed738f08a0e38e9882485
TRACE	pp_replay_inverse_ordinary	12069813	0x3f00278a160eae76f1cf5bd3890be7c0b626473c87069dfb0f24b2ebffffffff	0x6a774f4aa184bd4a86dab889bc1b203f7791adddd4615079c8ed1a931aebb005	0
COEFFICIENT	pp_replay_inverse_ordinary	12069813	0x3502b93adcf3df582bbff84513abde7462a411eb2f7c5df8182701deb8249905
TRACE	pp_replay_inverse_ordinary	12075042	0x3f00278a160eae76f1cf5bd3890be7c0b626473c87069dfb0f24b2ebffffffff	0x9f157d01ffd59ed397569588be21ef351c76da6d83efeebaa013705edfbfce0	0
COEFFICIENT	pp_replay_inverse_ordinary	12075042	0x3502b93adcf3df582bbff84513abde7462a411eb2f7c5df8182701deb8249905
TRACE	pp_replay_inverse_ordinary	12080271	0x3f00278a160eae76f1cf5bd3890be7c0b626473c87069dfb0f24b2ebffffffff	0x9f157d01ffd59ed397569588be21ef351c76da6d83efeebaa013705edfbfce0	0
COEFFICIENT	pp_replay_inverse_ordinary	12080271	0x60141aa599ea64c31e0a87319b759df57380b62f86b9bd04864cccb7824d352a
TRACE	pp_replay_inverse_ordinary	12085500	0x3f00278a160eae76f1cf5bd3890be7c0b626473c87069dfb0f24b2ebffffffff	0xb3ce94faa6104f1754e04b7f7c4e9ff1300e251e29c440d2cdb5a15359aac0c5	0
COEFFICIENT	pp_replay_inverse_ordinary	12085500	0x60141aa599ea64c31e0a87319b759df57380b62f86b9bd04864cccb7824d352a
TRACE	pp_replay_inverse_ordinary	12090729	0x3f00278a160eae76f1cf5bd3890be7c0b626473c87069dfb0f24b2ebffffffff	0xb3ce94faa6104f1754e04b7f7c4e9ff1300e251e29c440d2cdb5a15359aac0c5	0
COEFFICIENT	pp_replay_inverse_ordinary	12090729	0xc59a0508dc47a6ee734c2e3ba9c9bf9b6f34740e3af39363ee3f81baaefa98f
TRACE	pp_replay_inverse_ordinary	12095958	0x3f00278a160eae76f1cf5bd3890be7c0b626473c87069dfb0f24b2ebffffffff	0x5b4389a4be5c23bfc28bd41b3e00a3e8a92902fb6fd9486f5c874a8c0865dbcc	0
COEFFICIENT	pp_replay_inverse_ordinary	12095958	0xc59a0508dc47a6ee734c2e3ba9c9bf9b6f34740e3af39363ee3f81baaefa98f
TRACE	pp_replay_inverse_ordinary	12101187	0x3f00278a160eae76f1cf5bd3890be7c0b626473c87069dfb0f24b2ebffffffff	0x5b4389a4be5c23bfc28bd41b3e00a3e8a92902fb6fd9486f5c874a8c0865dbcc	0
COEFFICIENT	pp_replay_inverse_ordinary	12101187	0x73f6ca45d9e5189d90f559e2b339dbdc170f917d3737badbda4f3ac35e452eea
TRACE	pp_replay_inverse_ordinary	12106416	0x3f00278a160eae76f1cf5bd3890be7c0b626473c87069dfb0f24b2ebffffffff	0x42904903a2d32ee1f4224e53c8c76bf53b427479a87ad602debf5a54b28688ae	0
COEFFICIENT	pp_replay_inverse_ordinary	12106416	0x73f6ca45d9e5189d90f559e2b339dbdc170f917d3737badbda4f3ac35e452eea
TRACE	pp_replay_inverse_ordinary	12111645	0x3f00278a160eae76f1cf5bd3890be7c0b626473c87069dfb0f24b2ebffffffff	0x42904903a2d32ee1f4224e53c8c76bf53b427479a87ad602debf5a54b28688ae	0
COEFFICIENT	pp_replay_inverse_ordinary	12111645	0xa55d4b8810f702592dc865719dac4bc2f2dcae80c5f49fb4d5df1b320a03d526
TRACE	pp_replay_inverse_ordinary	12116874	0x3f00278a160eae76f1cf5bd3890be7c0b626473c87069dfb0f24b2ebffffffff	0xdfc3467f34af5b6aba7c3735f3e28c2783a83a728b010c50e79f99765b093865	0
COEFFICIENT	pp_replay_inverse_ordinary	12116874	0xa55d4b8810f702592dc865719dac4bc2f2dcae80c5f49fb4d5df1b320a03d526
TRACE	pp_replay_inverse_ordinary	12122103	0x3f00278a160eae76f1cf5bd3890be7c0b626473c87069dfb0f24b2ebffffffff	0xdfc3467f34af5b6aba7c3735f3e28c2783a83a728b010c50e79f99765b093865	0
COEFFICIENT	pp_replay_inverse_ordinary	12122103	0x2a7ddd8f569d601d160d02192f3b23ad6961977416ea4bba935dcfdc6f10ea53
TRACE	pp_replay_inverse_ordinary	12127332	0x3f00278a160eae76f1cf5bd3890be7c0b626473c87069dfb0f24b2ebffffffff	0xea046a8dbffc16f28b05708517003bfc70b20c592cec645c629d02ca25235eee	0
COEFFICIENT	pp_replay_inverse_ordinary	12127332	0x2a7ddd8f569d601d160d02192f3b23ad6961977416ea4bba935dcfdc6f10ea53
TRACE	pp_replay_inverse_ordinary	12132561	0x3f00278a160eae76f1cf5bd3890be7c0b626473c87069dfb0f24b2ebffffffff	0xea046a8dbffc16f28b05708517003bfc70b20c592cec645c629d02ca25235eee	0
COEFFICIENT	pp_replay_inverse_ordinary	12132561	0x3f0025ac6d36d72cb71f74b77576835743753b415ac0fbd18958a28403453765
TRACE	pp_replay_inverse_ordinary	12137790	0x3f00278a160eae76f1cf5bd3890be7c0b626473c87069dfb0f24b2ebffffffff	0x9508af6f12c156b85eeb6c52b889f4a19deedd70ff17cce73be1631147018a48	0
COEFFICIENT	pp_replay_inverse_ordinary	12137790	0x3f0025ac6d36d72cb71f74b77576835743753b415ac0fbd18958a28403453765
TRACE	pp_replay_inverse_ordinary	12143019	0x3f00278a160eae76f1cf5bd3890be7c0b626473c87069dfb0f24b2ebffffffff	0x9508af6f12c156b85eeb6c52b889f4a19deedd70ff17cce73be1631147018a48	0
COEFFICIENT	pp_replay_inverse_ordinary	12143019	0x1308fac7ed2f0511cd2a55c1a376fb5024d953f3b499c48a4e92a81a4d8bfce3
TRACE	pp_replay_inverse_ordinary	12148248	0x3f00278a160eae76f1cf5bd3890be7c0b626473c87069dfb0f24b2ebffffffff	0x3d1a59a612b1b2828b012e67148ae49360b70ed5b2c95e58c6556e3ddb8f1544	0
COEFFICIENT	pp_replay_inverse_ordinary	12148248	0x1308fac7ed2f0511cd2a55c1a376fb5024d953f3b499c48a4e92a81a4d8bfce3
TRACE	pp_replay_inverse_ordinary	12153477	0x3f00278a160eae76f1cf5bd3890be7c0b626473c87069dfb0f24b2ebffffffff	0x3d1a59a612b1b2828b012e67148ae49360b70ed5b2c95e58c6556e3ddb8f1544	0
COEFFICIENT	pp_replay_inverse_ordinary	12153477	0x632c4f35ed0fbca62555d9ea5b78db33aa69b6bd1bfce76d637abe7276a70f0a
TRACE	pp_replay_inverse_ordinary	12158706	0x3f00278a160eae76f1cf5bd3890be7c0b626473c87069dfb0f24b2ebffffffff	0x170864163853a85ef0ac82e3cd9cedf3170466ee4995d54429301e0940771b7e	0
COEFFICIENT	pp_replay_inverse_ordinary	12158706	0x632c4f35ed0fbca62555d9ea5b78db33aa69b6bd1bfce76d637abe7276a70f0a
TRACE	pp_replay_inverse_ordinary	12163935	0x3f00278a160eae76f1cf5bd3890be7c0b626473c87069dfb0f24b2ebffffffff	0x170864163853a85ef0ac82e3cd9cedf3170466ee4995d54429301e0940771b7e	0
COEFFICIENT	pp_replay_inverse_ordinary	12163935	0xaf503a55a1cbd0ed59ff30f0e954c8743dcf068bee63f9969dc55edbacd70296
TRACE	pp_replay_inverse_ordinary	12169164	0x3f00278a160eae76f1cf5bd3890be7c0b626473c87069dfb0f24b2ebffffffff	0x7ec08dd6cedb7fd08759d4d6b1e51371f039c750a4c7b0f1b49add35d4173095	0
COEFFICIENT	pp_replay_inverse_ordinary	12169164	0xaf503a55a1cbd0ed59ff30f0e954c8743dcf068bee63f9969dc55edbacd70296
TRACE	pp_replay_inverse_ordinary	12174393	0x3f00278a160eae76f1cf5bd3890be7c0b626473c87069dfb0f24b2ebffffffff	0x7ec08dd6cedb7fd08759d4d6b1e51371f039c750a4c7b0f1b49add35d4173095	0
COEFFICIENT	pp_replay_inverse_ordinary	12174393	0xdfdfe6d474bc220a2ca48d0b20c47d768b6445c73800423b86efe0818596d497
TRACE	pp_replay_inverse_ordinary	12179622	0x3f00278a160eae76f1cf5bd3890be7c0b626473c87069dfb0f24b2ebffffffff	0xdd610282127321ab3b5836b8848ea45a6bd7d468818fa41ef0259aee2dc53992	0
COEFFICIENT	pp_replay_inverse_ordinary	12179622	0xdfdfe6d474bc220a2ca48d0b20c47d768b6445c73800423b86efe0818596d497
TRACE	pp_replay_inverse_ordinary	12184851	0x3f00278a160eae76f1cf5bd3890be7c0b626473c87069dfb0f24b2ebffffffff	0xdd610282127321ab3b5836b8848ea45a6bd7d468818fa41ef0259aee2dc53992	0
COEFFICIENT	pp_replay_inverse_ordinary	12184851	0x9d20d02afbeb65bf94a150cec6179f4782a05ff6f1902895fe055bf338f2ea62
TRACE	pp_replay_inverse_ordinary	12190080	0x3f00278a160eae76f1cf5bd3890be7c0b626473c87069dfb0f24b2ebffffffff	0x1da134d928fadd96e20f1ca24305a96d550f48da118f1fa7e245d9ea22978c93	0
COEFFICIENT	pp_replay_inverse_ordinary	12190080	0x9d20d02afbeb65bf94a150cec6179f4782a05ff6f1902895fe055bf338f2ea62
TRACE	pp_replay_inverse_ordinary	12195309	0x3f00278a160eae76f1cf5bd3890be7c0b626473c87069dfb0f24b2ebffffffff	0x1da134d928fadd96e20f1ca24305a96d550f48da118f1fa7e245d9ea22978c93	0
COEFFICIENT	pp_replay_inverse_ordinary	12195309	0x1ca06b7ccedbede8473384fb49299521b0317713d191318419c4ddfd4f4e4c02
TRACE	pp_replay_inverse_ordinary	12200538	0x3f00278a160eae76f1cf5bd3890be7c0b626473c87069dfb0f24b2ebffffffff	0x57e2d52f20d1a9160b51be3fcf34e7fc5a5008c7f4af70d3de5091d1947d6528	0
COEFFICIENT	pp_replay_inverse_ordinary	12200538	0x1ca06b7ccedbede8473384fb49299521b0317713d191318419c4ddfd4f4e4c02
TRACE	pp_replay_inverse_ordinary	12205767	0x3f00278a160eae76f1cf5bd3890be7c0b626473c87069dfb0f24b2ebffffffff	0x57e2d52f20d1a9160b51be3fcf34e7fc5a5008c7f4af70d3de5091d1947d6528	0
COEFFICIENT	pp_replay_inverse_ordinary	12205767	0x9123ac28be8984e699b8c8366188123fbab2f6ef97d1d3dc11da4dcc3319fd2c
TRACE	pp_replay_inverse_ordinary	12210996	0x3f00278a160eae76f1cf5bd3890be7c0b626473c87069dfb0f24b2ebffffffff	0x1ea1fe358319cd457ceab4493ce1bdb8f9ed1aa0518d0dcbaac6d5d6f5e0cd24	0
COEFFICIENT	pp_replay_inverse_ordinary	12210996	0x9123ac28be8984e699b8c8366188123fbab2f6ef97d1d3dc11da4dcc3319fd2c
TRACE	pp_replay_inverse_ordinary	12216225	0x3f00278a160eae76f1cf5bd3890be7c0b626473c87069dfb0f24b2ebffffffff	0x1ea1fe358319cd457ceab4493ce1bdb8f9ed1aa0518d0dcbaac6d5d6f5e0cd24	0
COEFFICIENT	pp_replay_inverse_ordinary	12216225	0x40e95687002cd712b05c44b5fff1e2386f53087f8130b583ce7b71705c14cb4d
TRACE	pp_replay_inverse_ordinary	12221454	0x3f00278a160eae76f1cf5bd3890be7c0b626473c87069dfb0f24b2ebffffffff	0x7e2d52f20660719daa31ad4879b55daa632d3dc0244ad11b24091d1e47d66595	0
COEFFICIENT	pp_replay_inverse_ordinary	12221454	0x40e95687002cd712b05c44b5fff1e2386f53087f8130b583ce7b71705c14cb4d
TRACE	pp_replay_inverse_ordinary	12226683	0x3f00278a160eae76f1cf5bd3890be7c0b626473c87069dfb0f24b2ebffffffff	0x7e2d52f20660719daa31ad4879b55daa632d3dc0244ad11b24091d1e47d66595	0
COEFFICIENT	pp_replay_inverse_ordinary	12226683	0x3a55a1bf9f93c87b686dc23862e66c67b78d33ede1699ec78edc5c270533105
TRACE	pp_replay_inverse_ordinary	12231912	0x3f00278a160eae76f1cf5bd3890be7c0b626473c87069dfb0f24b2ebffffffff	0xf8b54bc812c7a6b39ddc7e6d6d3c548e4ae1a8416a7f0849cf24747a1f599a25	0
COEFFICIENT	pp_replay_inverse_ordinary	12231912	0x3a55a1bf9f93c87b686dc23862e66c67b78d33ede1699ec78edc5c270533105
TRACE	pp_replay_inverse_seed	12233846	0x3f00278a160eae76f1cf5bd3890be7c0b626473c87069dfb0f24b2ebffffffff	0xf8b54bc812c7a6b39ddc7e6d6d3c548e4ae1a8416a7f0849cf24747a1f599a25	0
COEFFICIENT	pp_replay_inverse_seed	12233846	0x1eca20430f2e39d59e9f66fd43eff1c329adc46ec100000000000000
TRACE	pp_replay_inverse_initial	12234769	0x3f00278a160eae76f1cf5bd3890be7c0b626473c87069dfb0f24b2ebffffffff	0xf16a9790258f4d673bb8fcdada78a91c95c35082d4fe10939e48e8f53eb3381b	0
COEFFICIENT	pp_replay_inverse_initial	12234769	0x1eca20430f2e39d59e9f66fd43eff1c329adc46ec100000000000000
TRACE	pp_coefficient_clear	12235025	0x3f00278a160eae76f1cf5bd3890be7c0b626473c87069dfb0f24b2ebffffffff	0xf16a9790258f4d673bb8fcdada78a91c95c35082d4fe10939e48e8f53eb3381b	1
COEFFICIENT	pp_coefficient_clear	12235025	0x0
TRACE	pp_value_reverse	13538686	0xfffffffffffffffffffffffffffffffffffffffffffffffffffffffefffffcaa	0xf16a9790258f4d673bb8fcdada78a91c95c35082d4fe10939e48e8f53eb3381b	1
COEFFICIENT	pp_value_reverse	13538686	0xc0f3d622d8aaefd4e1c5cc000000000000000000000000000000000000000000
TRACE	pp_restore_layout	13539698	0x119f60a34d10c8dcb0c28a786f743e55a9336ea8ed89895f6c95d1a36ad6fdaa	0xf16a9790258f4d673bb8fcdada78a91c95c35082d4fe10939e48e8f53eb3381b	1
COEFFICIENT	pp_restore_layout	13539698	0x0
TRACE	window_qrom_recover_load_walk	13548004	0x119f60a34d10c8dcb0c28a786f743e55a9336ea8ed89895f6c95d1a36ad6fdaa	0xf16a9790258f4d673bb8fcdada78a91c95c35082d4fe10939e48e8f53eb3381b	1
COEFFICIENT	window_qrom_recover_load_walk	13548004	0x8000000000000000000000000000000000000000005b36a2bb985884cefa3141
TRACE	tlm_coord_y_sub_final	13551284	0x119f60a34d10c8dcb0c28a786f743e55a9336ea8ed89895f6c95d1a36ad6fdaa	0x17e5f75d3a23ef4e39751f8402c0f5b75e959e9ff50439eb6e2b742b755f7200	1
COEFFICIENT	tlm_coord_y_sub_final	13551284	0x8000000000000000000000000000000000000000005b36a2bb985884cefa3141
TRACE	window_recover_controlled_neg	13556337	0xee609f5cb2ef37234f3d7587908bc1aa56cc9157127676a0936a2e5b9528fe85	0x17e5f75d3a23ef4e39751f8402c0f5b75e959e9ff50439eb6e2b742b755f7200	1
COEFFICIENT	window_recover_controlled_neg	13556337	0x8000000000000000000000000000000000000000005b36a2bb985884cefa3141
TRACE	window_recover_x_add	13559591	0x65ab87550b987841ae3199f301521c56ad162962f837ef324f5645e5f2c90b21	0x17e5f75d3a23ef4e39751f8402c0f5b75e959e9ff50439eb6e2b742b755f7200	1
COEFFICIENT	window_recover_x_add	13559591	0x8000000000000000000000000000000000000000005b36a2bb985884cefa3141
TRACE	window_qrom_recover_unload_measure	13560615	0x65ab87550b987841ae3199f301521c56ad162962f837ef324f5645e5f2c90b21	0x17e5f75d3a23ef4e39751f8402c0f5b75e959e9ff50439eb6e2b742b755f7200	0
COEFFICIENT	window_qrom_recover_unload_measure	13560615	0x0
TRACE	window_qrom_recover_unload_clear	13579145	0x65ab87550b987841ae3199f301521c56ad162962f837ef324f5645e5f2c90b21	0x17e5f75d3a23ef4e39751f8402c0f5b75e959e9ff50439eb6e2b742b755f7200	1
COEFFICIENT	window_qrom_recover_unload_clear	13579145	0x0
RESOURCE	qubits=1326	ops=13579241	toffoli_sum=61447291	lanes=64
