TRACE	init	22	0xbcace2e99da01887ab0102b696902325872844067f15e98da7bba04400b88fcb	0x483ada7726a3c4655da4fbfc0e1108a8fd17b448a68554199c47d08ffb10d4b8	0
TRACE	window_qrom_xy_load_walk	8328	0xbcace2e99da01887ab0102b696902325872844067f15e98da7bba04400b88fcb	0x483ada7726a3c4655da4fbfc0e1108a8fd17b448a68554199c47d08ffb10d4b8	0
TRACE	tlm_coord_x_sub	11608	0x42ee7c6aa3c35cdb5560a020c809181e848c472b5147c0b44dc91ee8e9c07833	0x483ada7726a3c4655da4fbfc0e1108a8fd17b448a68554199c47d08ffb10d4b8	0
TRACE	tlm_coord_y_sub	14888	0x42ee7c6aa3c35cdb5560a020c809181e848c472b5147c0b44dc91ee8e9c07833	0x0	0
TRACE	window_qrom_xy_unload_measure	15912	0x42ee7c6aa3c35cdb5560a020c809181e848c472b5147c0b44dc91ee8e9c07833	0x0	1
TRACE	window_qrom_xy_unload_clear	25676	0x42ee7c6aa3c35cdb5560a020c809181e848c472b5147c0b44dc91ee8e9c07833	0x0	0
TRACE	pp_setup	25926	0x42ee7c6aa3c35cdb5560a020c809181e848c472b5147c0b44dc91ee8e9c07833	0x0	0
TRACE	pp_value_forward	1332211	0xfdc765c0744041bdecb0a4d488b46d08d3e6638f8451536af7485e21ffffffff	0x0	0
TRACE	pp_replay_halving_initial	1333135	0xfdc765c0744041bdecb0a4d488b46d08d3e6638f8451536af7485e21ffffffff	0x0	0
TRACE	pp_replay_halving_seed	1335070	0xfdc765c0744041bdecb0a4d488b46d08d3e6638f8451536af7485e21ffffffff	0x0	0
TRACE	pp_replay_halving_ordinary	1340293	0xfdc765c0744041bdecb0a4d488b46d08d3e6638f8451536af7485e21ffffffff	0x0	0
TRACE	pp_replay_halving_ordinary	1345516	0xfdc765c0744041bdecb0a4d488b46d08d3e6638f8451536af7485e21ffffffff	0x0	0
TRACE	pp_replay_halving_ordinary	1350739	0xfdc765c0744041bdecb0a4d488b46d08d3e6638f8451536af7485e21ffffffff	0x0	1
TRACE	pp_replay_halving_ordinary	1355962	0xfdc765c0744041bdecb0a4d488b46d08d3e6638f8451536af7485e21ffffffff	0x0	1
TRACE	pp_replay_halving_ordinary	1361185	0xfdc765c0744041bdecb0a4d488b46d08d3e6638f8451536af7485e21ffffffff	0xfffffffffffffffffffffffffffffffffffffffffffffffffffffffefffffc2f	1
TRACE	pp_replay_halving_ordinary	1366408	0xfdc765c0744041bdecb0a4d488b46d08d3e6638f8451536af7485e21ffffffff	0xfffffffffffffffffffffffffffffffffffffffffffffffffffffffefffffc2f	0
TRACE	pp_replay_halving_ordinary	1371631	0xfdc765c0744041bdecb0a4d488b46d08d3e6638f8451536af7485e21ffffffff	0xfffffffffffffffffffffffffffffffffffffffffffffffffffffffefffffc2f	1
TRACE	pp_replay_halving_ordinary	1376854	0xfdc765c0744041bdecb0a4d488b46d08d3e6638f8451536af7485e21ffffffff	0xfffffffffffffffffffffffffffffffffffffffffffffffffffffffefffffc2f	0
TRACE	pp_replay_halving_ordinary	1382077	0xfdc765c0744041bdecb0a4d488b46d08d3e6638f8451536af7485e21ffffffff	0xfffffffffffffffffffffffffffffffffffffffffffffffffffffffefffffc2f	0
TRACE	pp_replay_halving_ordinary	1387300	0xfdc765c0744041bdecb0a4d488b46d08d3e6638f8451536af7485e21ffffffff	0xfffffffffffffffffffffffffffffffffffffffffffffffffffffffefffffc2f	1
TRACE	pp_replay_halving_ordinary	1392523	0xfdc765c0744041bdecb0a4d488b46d08d3e6638f8451536af7485e21ffffffff	0x0	1
TRACE	pp_replay_halving_ordinary	1397746	0xfdc765c0744041bdecb0a4d488b46d08d3e6638f8451536af7485e21ffffffff	0x0	1
TRACE	pp_replay_halving_ordinary	1402969	0xfdc765c0744041bdecb0a4d488b46d08d3e6638f8451536af7485e21ffffffff	0x0	1
TRACE	pp_replay_halving_ordinary	1408192	0xfdc765c0744041bdecb0a4d488b46d08d3e6638f8451536af7485e21ffffffff	0x0	1
TRACE	pp_replay_halving_ordinary	1413415	0xfdc765c0744041bdecb0a4d488b46d08d3e6638f8451536af7485e21ffffffff	0x0	1
TRACE	pp_replay_halving_ordinary	1418638	0xfdc765c0744041bdecb0a4d488b46d08d3e6638f8451536af7485e21ffffffff	0x0	1
TRACE	pp_replay_halving_ordinary	1423861	0xfdc765c0744041bdecb0a4d488b46d08d3e6638f8451536af7485e21ffffffff	0x0	0
TRACE	pp_replay_halving_ordinary	1429084	0xfdc765c0744041bdecb0a4d488b46d08d3e6638f8451536af7485e21ffffffff	0x0	0
TRACE	pp_replay_halving_ordinary	1434307	0xfdc765c0744041bdecb0a4d488b46d08d3e6638f8451536af7485e21ffffffff	0xfffffffffffffffffffffffffffffffffffffffffffffffffffffffefffffc2f	0
TRACE	pp_replay_halving_ordinary	1439530	0xfdc765c0744041bdecb0a4d488b46d08d3e6638f8451536af7485e21ffffffff	0xfffffffffffffffffffffffffffffffffffffffffffffffffffffffefffffc2f	1
TRACE	pp_replay_halving_ordinary	1444753	0xfdc765c0744041bdecb0a4d488b46d08d3e6638f8451536af7485e21ffffffff	0xfffffffffffffffffffffffffffffffffffffffffffffffffffffffefffffc2f	1
TRACE	pp_replay_halving_ordinary	1449976	0xfdc765c0744041bdecb0a4d488b46d08d3e6638f8451536af7485e21ffffffff	0xfffffffffffffffffffffffffffffffffffffffffffffffffffffffefffffc2f	1
TRACE	pp_replay_halving_ordinary	1455199	0xfdc765c0744041bdecb0a4d488b46d08d3e6638f8451536af7485e21ffffffff	0xfffffffffffffffffffffffffffffffffffffffffffffffffffffffefffffc2f	1
TRACE	pp_replay_halving_ordinary	1460422	0xfdc765c0744041bdecb0a4d488b46d08d3e6638f8451536af7485e21ffffffff	0xfffffffffffffffffffffffffffffffffffffffffffffffffffffffefffffc2f	0
TRACE	pp_replay_halving_ordinary	1465645	0xfdc765c0744041bdecb0a4d488b46d08d3e6638f8451536af7485e21ffffffff	0xfffffffffffffffffffffffffffffffffffffffffffffffffffffffefffffc2f	0
TRACE	pp_replay_halving_ordinary	1470868	0xfdc765c0744041bdecb0a4d488b46d08d3e6638f8451536af7485e21ffffffff	0xfffffffffffffffffffffffffffffffffffffffffffffffffffffffefffffc2f	0
TRACE	pp_replay_halving_ordinary	1476091	0xfdc765c0744041bdecb0a4d488b46d08d3e6638f8451536af7485e21ffffffff	0xfffffffffffffffffffffffffffffffffffffffffffffffffffffffefffffc2f	0
TRACE	pp_replay_halving_ordinary	1481314	0xfdc765c0744041bdecb0a4d488b46d08d3e6638f8451536af7485e21ffffffff	0xfffffffffffffffffffffffffffffffffffffffffffffffffffffffefffffc2f	0
TRACE	pp_replay_halving_ordinary	1486537	0xfdc765c0744041bdecb0a4d488b46d08d3e6638f8451536af7485e21ffffffff	0x0	0
TRACE	pp_replay_halving_ordinary	1491760	0xfdc765c0744041bdecb0a4d488b46d08d3e6638f8451536af7485e21ffffffff	0x0	0
TRACE	pp_replay_halving_ordinary	1496983	0xfdc765c0744041bdecb0a4d488b46d08d3e6638f8451536af7485e21ffffffff	0xfffffffffffffffffffffffffffffffffffffffffffffffffffffffefffffc2f	0
TRACE	pp_replay_halving_ordinary	1502206	0xfdc765c0744041bdecb0a4d488b46d08d3e6638f8451536af7485e21ffffffff	0xfffffffffffffffffffffffffffffffffffffffffffffffffffffffefffffc2f	0
TRACE	pp_replay_halving_ordinary	1507429	0xfdc765c0744041bdecb0a4d488b46d08d3e6638f8451536af7485e21ffffffff	0xfffffffffffffffffffffffffffffffffffffffffffffffffffffffefffffc2f	0
TRACE	pp_replay_halving_ordinary	1512652	0xfdc765c0744041bdecb0a4d488b46d08d3e6638f8451536af7485e21ffffffff	0xfffffffffffffffffffffffffffffffffffffffffffffffffffffffefffffc2f	0
TRACE	pp_replay_halving_ordinary	1517875	0xfdc765c0744041bdecb0a4d488b46d08d3e6638f8451536af7485e21ffffffff	0xfffffffffffffffffffffffffffffffffffffffffffffffffffffffefffffc2f	0
TRACE	pp_replay_halving_ordinary	1523098	0xfdc765c0744041bdecb0a4d488b46d08d3e6638f8451536af7485e21ffffffff	0xfffffffffffffffffffffffffffffffffffffffffffffffffffffffefffffc2f	0
TRACE	pp_replay_halving_ordinary	1528321	0xfdc765c0744041bdecb0a4d488b46d08d3e6638f8451536af7485e21ffffffff	0x0	0
TRACE	pp_replay_halving_ordinary	1533544	0xfdc765c0744041bdecb0a4d488b46d08d3e6638f8451536af7485e21ffffffff	0x0	0
TRACE	pp_replay_halving_ordinary	1538767	0xfdc765c0744041bdecb0a4d488b46d08d3e6638f8451536af7485e21ffffffff	0x0	0
TRACE	pp_replay_halving_ordinary	1543990	0xfdc765c0744041bdecb0a4d488b46d08d3e6638f8451536af7485e21ffffffff	0x0	0
TRACE	pp_replay_halving_ordinary	1549213	0xfdc765c0744041bdecb0a4d488b46d08d3e6638f8451536af7485e21ffffffff	0x0	1
TRACE	pp_replay_halving_ordinary	1554436	0xfdc765c0744041bdecb0a4d488b46d08d3e6638f8451536af7485e21ffffffff	0x0	1
TRACE	pp_replay_halving_ordinary	1559659	0xfdc765c0744041bdecb0a4d488b46d08d3e6638f8451536af7485e21ffffffff	0x0	1
TRACE	pp_replay_halving_ordinary	1564882	0xfdc765c0744041bdecb0a4d488b46d08d3e6638f8451536af7485e21ffffffff	0x0	1
TRACE	pp_replay_halving_ordinary	1570105	0xfdc765c0744041bdecb0a4d488b46d08d3e6638f8451536af7485e21ffffffff	0x0	0
TRACE	pp_replay_halving_ordinary	1575328	0xfdc765c0744041bdecb0a4d488b46d08d3e6638f8451536af7485e21ffffffff	0x0	0
TRACE	pp_replay_halving_ordinary	1580551	0xfdc765c0744041bdecb0a4d488b46d08d3e6638f8451536af7485e21ffffffff	0xfffffffffffffffffffffffffffffffffffffffffffffffffffffffefffffc2f	0
TRACE	pp_replay_halving_ordinary	1585774	0xfdc765c0744041bdecb0a4d488b46d08d3e6638f8451536af7485e21ffffffff	0xfffffffffffffffffffffffffffffffffffffffffffffffffffffffefffffc2f	1
TRACE	pp_replay_halving_ordinary	1590997	0xfdc765c0744041bdecb0a4d488b46d08d3e6638f8451536af7485e21ffffffff	0x0	1
TRACE	pp_replay_halving_ordinary	1596220	0xfdc765c0744041bdecb0a4d488b46d08d3e6638f8451536af7485e21ffffffff	0x0	1
TRACE	pp_replay_halving_ordinary	1601443	0xfdc765c0744041bdecb0a4d488b46d08d3e6638f8451536af7485e21ffffffff	0xfffffffffffffffffffffffffffffffffffffffffffffffffffffffefffffc2f	1
TRACE	pp_replay_halving_ordinary	1606666	0xfdc765c0744041bdecb0a4d488b46d08d3e6638f8451536af7485e21ffffffff	0xfffffffffffffffffffffffffffffffffffffffffffffffffffffffefffffc2f	1
TRACE	pp_replay_halving_ordinary	1611889	0xfdc765c0744041bdecb0a4d488b46d08d3e6638f8451536af7485e21ffffffff	0xfffffffffffffffffffffffffffffffffffffffffffffffffffffffefffffc2f	1
TRACE	pp_replay_halving_ordinary	1617112	0xfdc765c0744041bdecb0a4d488b46d08d3e6638f8451536af7485e21ffffffff	0xfffffffffffffffffffffffffffffffffffffffffffffffffffffffefffffc2f	1
TRACE	pp_replay_halving_ordinary	1622335	0xfdc765c0744041bdecb0a4d488b46d08d3e6638f8451536af7485e21ffffffff	0xfffffffffffffffffffffffffffffffffffffffffffffffffffffffefffffc2f	1
TRACE	pp_replay_halving_ordinary	1627558	0xfdc765c0744041bdecb0a4d488b46d08d3e6638f8451536af7485e21ffffffff	0xfffffffffffffffffffffffffffffffffffffffffffffffffffffffefffffc2f	1
TRACE	pp_replay_halving_ordinary	1632781	0xfdc765c0744041bdecb0a4d488b46d08d3e6638f8451536af7485e21ffffffff	0xfffffffffffffffffffffffffffffffffffffffffffffffffffffffefffffc2f	1
TRACE	pp_replay_halving_ordinary	1638004	0xfdc765c0744041bdecb0a4d488b46d08d3e6638f8451536af7485e21ffffffff	0xfffffffffffffffffffffffffffffffffffffffffffffffffffffffefffffc2f	1
TRACE	pp_replay_halving_ordinary	1643227	0xfdc765c0744041bdecb0a4d488b46d08d3e6638f8451536af7485e21ffffffff	0xfffffffffffffffffffffffffffffffffffffffffffffffffffffffefffffc2f	1
TRACE	pp_replay_halving_ordinary	1648450	0xfdc765c0744041bdecb0a4d488b46d08d3e6638f8451536af7485e21ffffffff	0xfffffffffffffffffffffffffffffffffffffffffffffffffffffffefffffc2f	1
TRACE	pp_replay_halving_ordinary	1653673	0xfdc765c0744041bdecb0a4d488b46d08d3e6638f8451536af7485e21ffffffff	0x0	1
TRACE	pp_replay_halving_ordinary	1658896	0xfdc765c0744041bdecb0a4d488b46d08d3e6638f8451536af7485e21ffffffff	0x0	1
TRACE	pp_replay_halving_ordinary	1664119	0xfdc765c0744041bdecb0a4d488b46d08d3e6638f8451536af7485e21ffffffff	0xfffffffffffffffffffffffffffffffffffffffffffffffffffffffefffffc2f	1
TRACE	pp_replay_halving_ordinary	1669342	0xfdc765c0744041bdecb0a4d488b46d08d3e6638f8451536af7485e21ffffffff	0xfffffffffffffffffffffffffffffffffffffffffffffffffffffffefffffc2f	1
TRACE	pp_replay_halving_ordinary	1674565	0xfdc765c0744041bdecb0a4d488b46d08d3e6638f8451536af7485e21ffffffff	0xfffffffffffffffffffffffffffffffffffffffffffffffffffffffefffffc2f	1
TRACE	pp_replay_halving_ordinary	1679788	0xfdc765c0744041bdecb0a4d488b46d08d3e6638f8451536af7485e21ffffffff	0xfffffffffffffffffffffffffffffffffffffffffffffffffffffffefffffc2f	1
TRACE	pp_replay_halving_ordinary	1685011	0xfdc765c0744041bdecb0a4d488b46d08d3e6638f8451536af7485e21ffffffff	0xfffffffffffffffffffffffffffffffffffffffffffffffffffffffefffffc2f	1
TRACE	pp_replay_halving_ordinary	1690234	0xfdc765c0744041bdecb0a4d488b46d08d3e6638f8451536af7485e21ffffffff	0xfffffffffffffffffffffffffffffffffffffffffffffffffffffffefffffc2f	0
TRACE	pp_replay_halving_ordinary	1695457	0xfdc765c0744041bdecb0a4d488b46d08d3e6638f8451536af7485e21ffffffff	0xfffffffffffffffffffffffffffffffffffffffffffffffffffffffefffffc2f	0
TRACE	pp_replay_halving_ordinary	1700680	0xfdc765c0744041bdecb0a4d488b46d08d3e6638f8451536af7485e21ffffffff	0xfffffffffffffffffffffffffffffffffffffffffffffffffffffffefffffc2f	0
TRACE	pp_replay_halving_ordinary	1705903	0xfdc765c0744041bdecb0a4d488b46d08d3e6638f8451536af7485e21ffffffff	0xfffffffffffffffffffffffffffffffffffffffffffffffffffffffefffffc2f	0
TRACE	pp_replay_halving_ordinary	1711126	0xfdc765c0744041bdecb0a4d488b46d08d3e6638f8451536af7485e21ffffffff	0xfffffffffffffffffffffffffffffffffffffffffffffffffffffffefffffc2f	0
TRACE	pp_replay_halving_ordinary	1716349	0xfdc765c0744041bdecb0a4d488b46d08d3e6638f8451536af7485e21ffffffff	0xfffffffffffffffffffffffffffffffffffffffffffffffffffffffefffffc2f	1
TRACE	pp_replay_halving_ordinary	1721572	0xfdc765c0744041bdecb0a4d488b46d08d3e6638f8451536af7485e21ffffffff	0xfffffffffffffffffffffffffffffffffffffffffffffffffffffffefffffc2f	1
TRACE	pp_replay_halving_ordinary	1726795	0xfdc765c0744041bdecb0a4d488b46d08d3e6638f8451536af7485e21ffffffff	0xfffffffffffffffffffffffffffffffffffffffffffffffffffffffefffffc2f	1
TRACE	pp_replay_halving_ordinary	1732018	0xfdc765c0744041bdecb0a4d488b46d08d3e6638f8451536af7485e21ffffffff	0xfffffffffffffffffffffffffffffffffffffffffffffffffffffffefffffc2f	1
TRACE	pp_replay_halving_ordinary	1737241	0xfdc765c0744041bdecb0a4d488b46d08d3e6638f8451536af7485e21ffffffff	0xfffffffffffffffffffffffffffffffffffffffffffffffffffffffefffffc2f	1
TRACE	pp_replay_halving_ordinary	1742464	0xfdc765c0744041bdecb0a4d488b46d08d3e6638f8451536af7485e21ffffffff	0xfffffffffffffffffffffffffffffffffffffffffffffffffffffffefffffc2f	1
TRACE	pp_replay_halving_ordinary	1747687	0xfdc765c0744041bdecb0a4d488b46d08d3e6638f8451536af7485e21ffffffff	0x0	1
TRACE	pp_replay_halving_ordinary	1752910	0xfdc765c0744041bdecb0a4d488b46d08d3e6638f8451536af7485e21ffffffff	0x0	1
TRACE	pp_replay_halving_ordinary	1758133	0xfdc765c0744041bdecb0a4d488b46d08d3e6638f8451536af7485e21ffffffff	0x0	1
TRACE	pp_replay_halving_ordinary	1763356	0xfdc765c0744041bdecb0a4d488b46d08d3e6638f8451536af7485e21ffffffff	0x0	1
TRACE	pp_replay_halving_ordinary	1768579	0xfdc765c0744041bdecb0a4d488b46d08d3e6638f8451536af7485e21ffffffff	0xfffffffffffffffffffffffffffffffffffffffffffffffffffffffefffffc2f	1
TRACE	pp_replay_halving_ordinary	1773802	0xfdc765c0744041bdecb0a4d488b46d08d3e6638f8451536af7485e21ffffffff	0xfffffffffffffffffffffffffffffffffffffffffffffffffffffffefffffc2f	0
TRACE	pp_replay_halving_ordinary	1779025	0xfdc765c0744041bdecb0a4d488b46d08d3e6638f8451536af7485e21ffffffff	0xfffffffffffffffffffffffffffffffffffffffffffffffffffffffefffffc2f	1
TRACE	pp_replay_halving_ordinary	1784248	0xfdc765c0744041bdecb0a4d488b46d08d3e6638f8451536af7485e21ffffffff	0xfffffffffffffffffffffffffffffffffffffffffffffffffffffffefffffc2f	1
TRACE	pp_replay_halving_ordinary	1789471	0xfdc765c0744041bdecb0a4d488b46d08d3e6638f8451536af7485e21ffffffff	0xfffffffffffffffffffffffffffffffffffffffffffffffffffffffefffffc2f	0
TRACE	pp_replay_halving_ordinary	1794694	0xfdc765c0744041bdecb0a4d488b46d08d3e6638f8451536af7485e21ffffffff	0xfffffffffffffffffffffffffffffffffffffffffffffffffffffffefffffc2f	0
TRACE	pp_replay_halving_ordinary	1799917	0xfdc765c0744041bdecb0a4d488b46d08d3e6638f8451536af7485e21ffffffff	0xfffffffffffffffffffffffffffffffffffffffffffffffffffffffefffffc2f	0
TRACE	pp_replay_halving_ordinary	1805140	0xfdc765c0744041bdecb0a4d488b46d08d3e6638f8451536af7485e21ffffffff	0xfffffffffffffffffffffffffffffffffffffffffffffffffffffffefffffc2f	0
TRACE	pp_replay_halving_ordinary	1810363	0xfdc765c0744041bdecb0a4d488b46d08d3e6638f8451536af7485e21ffffffff	0x0	0
TRACE	pp_replay_halving_ordinary	1815586	0xfdc765c0744041bdecb0a4d488b46d08d3e6638f8451536af7485e21ffffffff	0x0	0
TRACE	pp_replay_halving_ordinary	1820809	0xfdc765c0744041bdecb0a4d488b46d08d3e6638f8451536af7485e21ffffffff	0xfffffffffffffffffffffffffffffffffffffffffffffffffffffffefffffc2f	0
TRACE	pp_replay_halving_ordinary	1826032	0xfdc765c0744041bdecb0a4d488b46d08d3e6638f8451536af7485e21ffffffff	0xfffffffffffffffffffffffffffffffffffffffffffffffffffffffefffffc2f	0
TRACE	pp_replay_halving_ordinary	1831255	0xfdc765c0744041bdecb0a4d488b46d08d3e6638f8451536af7485e21ffffffff	0x0	0
TRACE	pp_replay_halving_ordinary	1836478	0xfdc765c0744041bdecb0a4d488b46d08d3e6638f8451536af7485e21ffffffff	0x0	0
TRACE	pp_replay_halving_ordinary	1841701	0xfdc765c0744041bdecb0a4d488b46d08d3e6638f8451536af7485e21ffffffff	0xfffffffffffffffffffffffffffffffffffffffffffffffffffffffefffffc2f	0
TRACE	pp_replay_halving_ordinary	1846924	0xfdc765c0744041bdecb0a4d488b46d08d3e6638f8451536af7485e21ffffffff	0xfffffffffffffffffffffffffffffffffffffffffffffffffffffffefffffc2f	0
TRACE	pp_replay_halving_ordinary	1852147	0xfdc765c0744041bdecb0a4d488b46d08d3e6638f8451536af7485e21ffffffff	0xfffffffffffffffffffffffffffffffffffffffffffffffffffffffefffffc2f	1
TRACE	pp_replay_halving_ordinary	1857370	0xfdc765c0744041bdecb0a4d488b46d08d3e6638f8451536af7485e21ffffffff	0xfffffffffffffffffffffffffffffffffffffffffffffffffffffffefffffc2f	1
TRACE	pp_replay_halving_ordinary	1862593	0xfdc765c0744041bdecb0a4d488b46d08d3e6638f8451536af7485e21ffffffff	0xfffffffffffffffffffffffffffffffffffffffffffffffffffffffefffffc2f	1
TRACE	pp_replay_halving_ordinary	1867816	0xfdc765c0744041bdecb0a4d488b46d08d3e6638f8451536af7485e21ffffffff	0xfffffffffffffffffffffffffffffffffffffffffffffffffffffffefffffc2f	1
TRACE	pp_replay_halving_ordinary	1873039	0xfdc765c0744041bdecb0a4d488b46d08d3e6638f8451536af7485e21ffffffff	0xfffffffffffffffffffffffffffffffffffffffffffffffffffffffefffffc2f	0
TRACE	pp_replay_halving_ordinary	1878262	0xfdc765c0744041bdecb0a4d488b46d08d3e6638f8451536af7485e21ffffffff	0xfffffffffffffffffffffffffffffffffffffffffffffffffffffffefffffc2f	0
TRACE	pp_replay_halving_ordinary	1883485	0xfdc765c0744041bdecb0a4d488b46d08d3e6638f8451536af7485e21ffffffff	0xfffffffffffffffffffffffffffffffffffffffffffffffffffffffefffffc2f	0
TRACE	pp_replay_halving_ordinary	1888708	0xfdc765c0744041bdecb0a4d488b46d08d3e6638f8451536af7485e21ffffffff	0xfffffffffffffffffffffffffffffffffffffffffffffffffffffffefffffc2f	1
TRACE	pp_replay_halving_ordinary	1893931	0xfdc765c0744041bdecb0a4d488b46d08d3e6638f8451536af7485e21ffffffff	0xfffffffffffffffffffffffffffffffffffffffffffffffffffffffefffffc2f	1
TRACE	pp_replay_halving_ordinary	1899154	0xfdc765c0744041bdecb0a4d488b46d08d3e6638f8451536af7485e21ffffffff	0xfffffffffffffffffffffffffffffffffffffffffffffffffffffffefffffc2f	0
TRACE	pp_replay_halving_ordinary	1904377	0xfdc765c0744041bdecb0a4d488b46d08d3e6638f8451536af7485e21ffffffff	0xfffffffffffffffffffffffffffffffffffffffffffffffffffffffefffffc2f	0
TRACE	pp_replay_halving_ordinary	1909600	0xfdc765c0744041bdecb0a4d488b46d08d3e6638f8451536af7485e21ffffffff	0xfffffffffffffffffffffffffffffffffffffffffffffffffffffffefffffc2f	1
TRACE	pp_replay_halving_ordinary	1914823	0xfdc765c0744041bdecb0a4d488b46d08d3e6638f8451536af7485e21ffffffff	0xfffffffffffffffffffffffffffffffffffffffffffffffffffffffefffffc2f	1
TRACE	pp_replay_halving_ordinary	1920046	0xfdc765c0744041bdecb0a4d488b46d08d3e6638f8451536af7485e21ffffffff	0xfffffffffffffffffffffffffffffffffffffffffffffffffffffffefffffc2f	1
TRACE	pp_replay_halving_ordinary	1925269	0xfdc765c0744041bdecb0a4d488b46d08d3e6638f8451536af7485e21ffffffff	0xfffffffffffffffffffffffffffffffffffffffffffffffffffffffefffffc2f	1
TRACE	pp_replay_halving_ordinary	1930492	0xfdc765c0744041bdecb0a4d488b46d08d3e6638f8451536af7485e21ffffffff	0xfffffffffffffffffffffffffffffffffffffffffffffffffffffffefffffc2f	0
TRACE	pp_replay_halving_ordinary	1935715	0xfdc765c0744041bdecb0a4d488b46d08d3e6638f8451536af7485e21ffffffff	0xfffffffffffffffffffffffffffffffffffffffffffffffffffffffefffffc2f	0
TRACE	pp_replay_halving_ordinary	1940938	0xfdc765c0744041bdecb0a4d488b46d08d3e6638f8451536af7485e21ffffffff	0xfffffffffffffffffffffffffffffffffffffffffffffffffffffffefffffc2f	1
TRACE	pp_replay_halving_ordinary	1946161	0xfdc765c0744041bdecb0a4d488b46d08d3e6638f8451536af7485e21ffffffff	0xfffffffffffffffffffffffffffffffffffffffffffffffffffffffefffffc2f	1
TRACE	pp_replay_halving_ordinary	1951384	0xfdc765c0744041bdecb0a4d488b46d08d3e6638f8451536af7485e21ffffffff	0xfffffffffffffffffffffffffffffffffffffffffffffffffffffffefffffc2f	1
TRACE	pp_replay_halving_ordinary	1956607	0xfdc765c0744041bdecb0a4d488b46d08d3e6638f8451536af7485e21ffffffff	0xfffffffffffffffffffffffffffffffffffffffffffffffffffffffefffffc2f	0
TRACE	pp_replay_halving_ordinary	1961830	0xfdc765c0744041bdecb0a4d488b46d08d3e6638f8451536af7485e21ffffffff	0xfffffffffffffffffffffffffffffffffffffffffffffffffffffffefffffc2f	0
TRACE	pp_replay_halving_ordinary	1967053	0xfdc765c0744041bdecb0a4d488b46d08d3e6638f8451536af7485e21ffffffff	0xfffffffffffffffffffffffffffffffffffffffffffffffffffffffefffffc2f	0
TRACE	pp_replay_halving_ordinary	1972276	0xfdc765c0744041bdecb0a4d488b46d08d3e6638f8451536af7485e21ffffffff	0xfffffffffffffffffffffffffffffffffffffffffffffffffffffffefffffc2f	0
TRACE	pp_replay_halving_ordinary	1977499	0xfdc765c0744041bdecb0a4d488b46d08d3e6638f8451536af7485e21ffffffff	0xfffffffffffffffffffffffffffffffffffffffffffffffffffffffefffffc2f	1
TRACE	pp_replay_halving_ordinary	1982722	0xfdc765c0744041bdecb0a4d488b46d08d3e6638f8451536af7485e21ffffffff	0xfffffffffffffffffffffffffffffffffffffffffffffffffffffffefffffc2f	1
TRACE	pp_replay_halving_ordinary	1987945	0xfdc765c0744041bdecb0a4d488b46d08d3e6638f8451536af7485e21ffffffff	0x0	1
TRACE	pp_replay_halving_ordinary	1993168	0xfdc765c0744041bdecb0a4d488b46d08d3e6638f8451536af7485e21ffffffff	0x0	1
TRACE	pp_replay_halving_ordinary	1998391	0xfdc765c0744041bdecb0a4d488b46d08d3e6638f8451536af7485e21ffffffff	0xfffffffffffffffffffffffffffffffffffffffffffffffffffffffefffffc2f	1
TRACE	pp_replay_halving_ordinary	2003614	0xfdc765c0744041bdecb0a4d488b46d08d3e6638f8451536af7485e21ffffffff	0xfffffffffffffffffffffffffffffffffffffffffffffffffffffffefffffc2f	1
TRACE	pp_replay_halving_ordinary	2008837	0xfdc765c0744041bdecb0a4d488b46d08d3e6638f8451536af7485e21ffffffff	0xfffffffffffffffffffffffffffffffffffffffffffffffffffffffefffffc2f	1
TRACE	pp_replay_halving_ordinary	2014060	0xfdc765c0744041bdecb0a4d488b46d08d3e6638f8451536af7485e21ffffffff	0xfffffffffffffffffffffffffffffffffffffffffffffffffffffffefffffc2f	1
TRACE	pp_replay_halving_ordinary	2019283	0xfdc765c0744041bdecb0a4d488b46d08d3e6638f8451536af7485e21ffffffff	0x0	1
TRACE	pp_replay_halving_ordinary	2024506	0xfdc765c0744041bdecb0a4d488b46d08d3e6638f8451536af7485e21ffffffff	0x0	1
TRACE	pp_replay_halving_ordinary	2029729	0xfdc765c0744041bdecb0a4d488b46d08d3e6638f8451536af7485e21ffffffff	0xfffffffffffffffffffffffffffffffffffffffffffffffffffffffefffffc2f	1
TRACE	pp_replay_halving_ordinary	2034952	0xfdc765c0744041bdecb0a4d488b46d08d3e6638f8451536af7485e21ffffffff	0xfffffffffffffffffffffffffffffffffffffffffffffffffffffffefffffc2f	1
TRACE	pp_replay_halving_ordinary	2040175	0xfdc765c0744041bdecb0a4d488b46d08d3e6638f8451536af7485e21ffffffff	0xfffffffffffffffffffffffffffffffffffffffffffffffffffffffefffffc2f	1
TRACE	pp_replay_halving_ordinary	2045398	0xfdc765c0744041bdecb0a4d488b46d08d3e6638f8451536af7485e21ffffffff	0xfffffffffffffffffffffffffffffffffffffffffffffffffffffffefffffc2f	1
TRACE	pp_replay_halving_ordinary	2050621	0xfdc765c0744041bdecb0a4d488b46d08d3e6638f8451536af7485e21ffffffff	0xfffffffffffffffffffffffffffffffffffffffffffffffffffffffefffffc2f	1
TRACE	pp_replay_halving_ordinary	2055844	0xfdc765c0744041bdecb0a4d488b46d08d3e6638f8451536af7485e21ffffffff	0xfffffffffffffffffffffffffffffffffffffffffffffffffffffffefffffc2f	1
TRACE	pp_replay_halving_ordinary	2061067	0xfdc765c0744041bdecb0a4d488b46d08d3e6638f8451536af7485e21ffffffff	0xfffffffffffffffffffffffffffffffffffffffffffffffffffffffefffffc2f	1
TRACE	pp_replay_halving_ordinary	2066290	0xfdc765c0744041bdecb0a4d488b46d08d3e6638f8451536af7485e21ffffffff	0xfffffffffffffffffffffffffffffffffffffffffffffffffffffffefffffc2f	1
TRACE	pp_replay_halving_ordinary	2071513	0xfdc765c0744041bdecb0a4d488b46d08d3e6638f8451536af7485e21ffffffff	0xfffffffffffffffffffffffffffffffffffffffffffffffffffffffefffffc2f	1
TRACE	pp_replay_halving_ordinary	2076736	0xfdc765c0744041bdecb0a4d488b46d08d3e6638f8451536af7485e21ffffffff	0xfffffffffffffffffffffffffffffffffffffffffffffffffffffffefffffc2f	0
TRACE	pp_replay_halving_ordinary	2081959	0xfdc765c0744041bdecb0a4d488b46d08d3e6638f8451536af7485e21ffffffff	0xfffffffffffffffffffffffffffffffffffffffffffffffffffffffefffffc2f	0
TRACE	pp_replay_halving_ordinary	2087182	0xfdc765c0744041bdecb0a4d488b46d08d3e6638f8451536af7485e21ffffffff	0xfffffffffffffffffffffffffffffffffffffffffffffffffffffffefffffc2f	1
TRACE	pp_replay_halving_ordinary	2092405	0xfdc765c0744041bdecb0a4d488b46d08d3e6638f8451536af7485e21ffffffff	0xfffffffffffffffffffffffffffffffffffffffffffffffffffffffefffffc2f	1
TRACE	pp_replay_halving_ordinary	2097628	0xfdc765c0744041bdecb0a4d488b46d08d3e6638f8451536af7485e21ffffffff	0xfffffffffffffffffffffffffffffffffffffffffffffffffffffffefffffc2f	1
TRACE	pp_replay_halving_ordinary	2102851	0xfdc765c0744041bdecb0a4d488b46d08d3e6638f8451536af7485e21ffffffff	0xfffffffffffffffffffffffffffffffffffffffffffffffffffffffefffffc2f	1
TRACE	pp_replay_halving_ordinary	2108074	0xfdc765c0744041bdecb0a4d488b46d08d3e6638f8451536af7485e21ffffffff	0xfffffffffffffffffffffffffffffffffffffffffffffffffffffffefffffc2f	1
TRACE	pp_replay_halving_ordinary	2113297	0xfdc765c0744041bdecb0a4d488b46d08d3e6638f8451536af7485e21ffffffff	0xfffffffffffffffffffffffffffffffffffffffffffffffffffffffefffffc2f	1
TRACE	pp_replay_halving_ordinary	2118520	0xfdc765c0744041bdecb0a4d488b46d08d3e6638f8451536af7485e21ffffffff	0xfffffffffffffffffffffffffffffffffffffffffffffffffffffffefffffc2f	1
TRACE	pp_replay_halving_ordinary	2123743	0xfdc765c0744041bdecb0a4d488b46d08d3e6638f8451536af7485e21ffffffff	0x0	1
TRACE	pp_replay_halving_ordinary	2128966	0xfdc765c0744041bdecb0a4d488b46d08d3e6638f8451536af7485e21ffffffff	0x0	1
TRACE	pp_replay_halving_ordinary	2134189	0xfdc765c0744041bdecb0a4d488b46d08d3e6638f8451536af7485e21ffffffff	0x0	0
TRACE	pp_replay_halving_ordinary	2139412	0xfdc765c0744041bdecb0a4d488b46d08d3e6638f8451536af7485e21ffffffff	0x0	0
TRACE	pp_replay_halving_ordinary	2144635	0xfdc765c0744041bdecb0a4d488b46d08d3e6638f8451536af7485e21ffffffff	0xfffffffffffffffffffffffffffffffffffffffffffffffffffffffefffffc2f	0
TRACE	pp_replay_halving_ordinary	2149858	0xfdc765c0744041bdecb0a4d488b46d08d3e6638f8451536af7485e21ffffffff	0xfffffffffffffffffffffffffffffffffffffffffffffffffffffffefffffc2f	0
TRACE	pp_replay_halving_ordinary	2155081	0xfdc765c0744041bdecb0a4d488b46d08d3e6638f8451536af7485e21ffffffff	0xfffffffffffffffffffffffffffffffffffffffffffffffffffffffefffffc2f	0
TRACE	pp_replay_halving_ordinary	2160304	0xfdc765c0744041bdecb0a4d488b46d08d3e6638f8451536af7485e21ffffffff	0xfffffffffffffffffffffffffffffffffffffffffffffffffffffffefffffc2f	0
TRACE	pp_replay_halving_ordinary	2165527	0xfdc765c0744041bdecb0a4d488b46d08d3e6638f8451536af7485e21ffffffff	0xfffffffffffffffffffffffffffffffffffffffffffffffffffffffefffffc2f	1
TRACE	pp_replay_halving_ordinary	2170750	0xfdc765c0744041bdecb0a4d488b46d08d3e6638f8451536af7485e21ffffffff	0xfffffffffffffffffffffffffffffffffffffffffffffffffffffffefffffc2f	0
TRACE	pp_replay_halving_ordinary	2175973	0xfdc765c0744041bdecb0a4d488b46d08d3e6638f8451536af7485e21ffffffff	0x0	0
TRACE	pp_replay_halving_ordinary	2181196	0xfdc765c0744041bdecb0a4d488b46d08d3e6638f8451536af7485e21ffffffff	0x0	0
TRACE	pp_replay_halving_ordinary	2186419	0xfdc765c0744041bdecb0a4d488b46d08d3e6638f8451536af7485e21ffffffff	0x0	0
TRACE	pp_replay_halving_ordinary	2191642	0xfdc765c0744041bdecb0a4d488b46d08d3e6638f8451536af7485e21ffffffff	0x0	0
TRACE	pp_replay_halving_ordinary	2196865	0xfdc765c0744041bdecb0a4d488b46d08d3e6638f8451536af7485e21ffffffff	0xfffffffffffffffffffffffffffffffffffffffffffffffffffffffefffffc2f	0
TRACE	pp_replay_halving_ordinary	2202088	0xfdc765c0744041bdecb0a4d488b46d08d3e6638f8451536af7485e21ffffffff	0xfffffffffffffffffffffffffffffffffffffffffffffffffffffffefffffc2f	0
TRACE	pp_replay_halving_ordinary	2207311	0xfdc765c0744041bdecb0a4d488b46d08d3e6638f8451536af7485e21ffffffff	0xfffffffffffffffffffffffffffffffffffffffffffffffffffffffefffffc2f	1
TRACE	pp_replay_halving_ordinary	2212534	0xfdc765c0744041bdecb0a4d488b46d08d3e6638f8451536af7485e21ffffffff	0xfffffffffffffffffffffffffffffffffffffffffffffffffffffffefffffc2f	1
TRACE	pp_replay_halving_ordinary	2217757	0xfdc765c0744041bdecb0a4d488b46d08d3e6638f8451536af7485e21ffffffff	0xfffffffffffffffffffffffffffffffffffffffffffffffffffffffefffffc2f	0
TRACE	pp_replay_halving_ordinary	2222980	0xfdc765c0744041bdecb0a4d488b46d08d3e6638f8451536af7485e21ffffffff	0xfffffffffffffffffffffffffffffffffffffffffffffffffffffffefffffc2f	0
TRACE	pp_replay_halving_ordinary	2228203	0xfdc765c0744041bdecb0a4d488b46d08d3e6638f8451536af7485e21ffffffff	0xfffffffffffffffffffffffffffffffffffffffffffffffffffffffefffffc2f	0
TRACE	pp_replay_halving_ordinary	2233426	0xfdc765c0744041bdecb0a4d488b46d08d3e6638f8451536af7485e21ffffffff	0xfffffffffffffffffffffffffffffffffffffffffffffffffffffffefffffc2f	1
TRACE	pp_replay_halving_ordinary	2238649	0xfdc765c0744041bdecb0a4d488b46d08d3e6638f8451536af7485e21ffffffff	0xfffffffffffffffffffffffffffffffffffffffffffffffffffffffefffffc2f	0
TRACE	pp_replay_halving_ordinary	2243872	0xfdc765c0744041bdecb0a4d488b46d08d3e6638f8451536af7485e21ffffffff	0xfffffffffffffffffffffffffffffffffffffffffffffffffffffffefffffc2f	1
TRACE	pp_replay_halving_ordinary	2249095	0xfdc765c0744041bdecb0a4d488b46d08d3e6638f8451536af7485e21ffffffff	0xfffffffffffffffffffffffffffffffffffffffffffffffffffffffefffffc2f	0
TRACE	pp_replay_halving_ordinary	2254318	0xfdc765c0744041bdecb0a4d488b46d08d3e6638f8451536af7485e21ffffffff	0xfffffffffffffffffffffffffffffffffffffffffffffffffffffffefffffc2f	1
TRACE	pp_replay_halving_ordinary	2259541	0xfdc765c0744041bdecb0a4d488b46d08d3e6638f8451536af7485e21ffffffff	0x0	1
TRACE	pp_replay_halving_ordinary	2264764	0xfdc765c0744041bdecb0a4d488b46d08d3e6638f8451536af7485e21ffffffff	0x0	1
TRACE	pp_replay_halving_ordinary	2269987	0xfdc765c0744041bdecb0a4d488b46d08d3e6638f8451536af7485e21ffffffff	0xfffffffffffffffffffffffffffffffffffffffffffffffffffffffefffffc2f	1
TRACE	pp_replay_halving_ordinary	2275210	0xfdc765c0744041bdecb0a4d488b46d08d3e6638f8451536af7485e21ffffffff	0xfffffffffffffffffffffffffffffffffffffffffffffffffffffffefffffc2f	1
TRACE	pp_replay_halving_ordinary	2280433	0xfdc765c0744041bdecb0a4d488b46d08d3e6638f8451536af7485e21ffffffff	0xfffffffffffffffffffffffffffffffffffffffffffffffffffffffefffffc2f	0
TRACE	pp_replay_halving_ordinary	2285656	0xfdc765c0744041bdecb0a4d488b46d08d3e6638f8451536af7485e21ffffffff	0xfffffffffffffffffffffffffffffffffffffffffffffffffffffffefffffc2f	0
TRACE	pp_replay_halving_ordinary	2290879	0xfdc765c0744041bdecb0a4d488b46d08d3e6638f8451536af7485e21ffffffff	0x0	0
TRACE	pp_replay_halving_ordinary	2296102	0xfdc765c0744041bdecb0a4d488b46d08d3e6638f8451536af7485e21ffffffff	0x0	0
TRACE	pp_replay_halving_ordinary	2301325	0xfdc765c0744041bdecb0a4d488b46d08d3e6638f8451536af7485e21ffffffff	0x0	1
TRACE	pp_replay_halving_ordinary	2306548	0xfdc765c0744041bdecb0a4d488b46d08d3e6638f8451536af7485e21ffffffff	0x0	1
TRACE	pp_replay_halving_ordinary	2311771	0xfdc765c0744041bdecb0a4d488b46d08d3e6638f8451536af7485e21ffffffff	0xfffffffffffffffffffffffffffffffffffffffffffffffffffffffefffffc2f	1
TRACE	pp_replay_halving_ordinary	2316994	0xfdc765c0744041bdecb0a4d488b46d08d3e6638f8451536af7485e21ffffffff	0xfffffffffffffffffffffffffffffffffffffffffffffffffffffffefffffc2f	1
TRACE	pp_replay_halving_ordinary	2322217	0xfdc765c0744041bdecb0a4d488b46d08d3e6638f8451536af7485e21ffffffff	0x0	1
TRACE	pp_replay_halving_ordinary	2327440	0xfdc765c0744041bdecb0a4d488b46d08d3e6638f8451536af7485e21ffffffff	0x0	1
TRACE	pp_replay_halving_ordinary	2332663	0xfdc765c0744041bdecb0a4d488b46d08d3e6638f8451536af7485e21ffffffff	0xfffffffffffffffffffffffffffffffffffffffffffffffffffffffefffffc2f	1
TRACE	pp_replay_halving_ordinary	2337886	0xfdc765c0744041bdecb0a4d488b46d08d3e6638f8451536af7485e21ffffffff	0xfffffffffffffffffffffffffffffffffffffffffffffffffffffffefffffc2f	1
TRACE	pp_replay_halving_ordinary	2343109	0xfdc765c0744041bdecb0a4d488b46d08d3e6638f8451536af7485e21ffffffff	0xfffffffffffffffffffffffffffffffffffffffffffffffffffffffefffffc2f	1
TRACE	pp_replay_halving_ordinary	2348332	0xfdc765c0744041bdecb0a4d488b46d08d3e6638f8451536af7485e21ffffffff	0xfffffffffffffffffffffffffffffffffffffffffffffffffffffffefffffc2f	0
TRACE	pp_replay_halving_ordinary	2353555	0xfdc765c0744041bdecb0a4d488b46d08d3e6638f8451536af7485e21ffffffff	0xfffffffffffffffffffffffffffffffffffffffffffffffffffffffefffffc2f	1
TRACE	pp_replay_halving_ordinary	2358778	0xfdc765c0744041bdecb0a4d488b46d08d3e6638f8451536af7485e21ffffffff	0xfffffffffffffffffffffffffffffffffffffffffffffffffffffffefffffc2f	0
TRACE	pp_replay_halving_ordinary	2364001	0xfdc765c0744041bdecb0a4d488b46d08d3e6638f8451536af7485e21ffffffff	0xfffffffffffffffffffffffffffffffffffffffffffffffffffffffefffffc2f	1
TRACE	pp_replay_halving_ordinary	2369224	0xfdc765c0744041bdecb0a4d488b46d08d3e6638f8451536af7485e21ffffffff	0xfffffffffffffffffffffffffffffffffffffffffffffffffffffffefffffc2f	1
TRACE	pp_replay_halving_ordinary	2374447	0xfdc765c0744041bdecb0a4d488b46d08d3e6638f8451536af7485e21ffffffff	0xfffffffffffffffffffffffffffffffffffffffffffffffffffffffefffffc2f	1
TRACE	pp_replay_halving_ordinary	2379670	0xfdc765c0744041bdecb0a4d488b46d08d3e6638f8451536af7485e21ffffffff	0xfffffffffffffffffffffffffffffffffffffffffffffffffffffffefffffc2f	1
TRACE	pp_replay_halving_ordinary	2384893	0xfdc765c0744041bdecb0a4d488b46d08d3e6638f8451536af7485e21ffffffff	0xfffffffffffffffffffffffffffffffffffffffffffffffffffffffefffffc2f	1
TRACE	pp_replay_halving_ordinary	2390116	0xfdc765c0744041bdecb0a4d488b46d08d3e6638f8451536af7485e21ffffffff	0xfffffffffffffffffffffffffffffffffffffffffffffffffffffffefffffc2f	1
TRACE	pp_replay_halving_ordinary	2395339	0xfdc765c0744041bdecb0a4d488b46d08d3e6638f8451536af7485e21ffffffff	0x0	1
TRACE	pp_replay_halving_ordinary	2400562	0xfdc765c0744041bdecb0a4d488b46d08d3e6638f8451536af7485e21ffffffff	0x0	1
TRACE	pp_replay_halving_ordinary	2405785	0xfdc765c0744041bdecb0a4d488b46d08d3e6638f8451536af7485e21ffffffff	0x0	0
TRACE	pp_replay_halving_ordinary	2411008	0xfdc765c0744041bdecb0a4d488b46d08d3e6638f8451536af7485e21ffffffff	0x0	0
TRACE	pp_replay_halving_ordinary	2416231	0xfdc765c0744041bdecb0a4d488b46d08d3e6638f8451536af7485e21ffffffff	0xfffffffffffffffffffffffffffffffffffffffffffffffffffffffefffffc2f	0
TRACE	pp_replay_halving_ordinary	2421454	0xfdc765c0744041bdecb0a4d488b46d08d3e6638f8451536af7485e21ffffffff	0xfffffffffffffffffffffffffffffffffffffffffffffffffffffffefffffc2f	0
TRACE	pp_replay_halving_ordinary	2426677	0xfdc765c0744041bdecb0a4d488b46d08d3e6638f8451536af7485e21ffffffff	0xfffffffffffffffffffffffffffffffffffffffffffffffffffffffefffffc2f	0
TRACE	pp_replay_halving_ordinary	2431900	0xfdc765c0744041bdecb0a4d488b46d08d3e6638f8451536af7485e21ffffffff	0xfffffffffffffffffffffffffffffffffffffffffffffffffffffffefffffc2f	0
TRACE	pp_replay_halving_ordinary	2437123	0xfdc765c0744041bdecb0a4d488b46d08d3e6638f8451536af7485e21ffffffff	0xfffffffffffffffffffffffffffffffffffffffffffffffffffffffefffffc2f	0
TRACE	pp_replay_halving_ordinary	2442346	0xfdc765c0744041bdecb0a4d488b46d08d3e6638f8451536af7485e21ffffffff	0xfffffffffffffffffffffffffffffffffffffffffffffffffffffffefffffc2f	0
TRACE	pp_replay_halving_ordinary	2447569	0xfdc765c0744041bdecb0a4d488b46d08d3e6638f8451536af7485e21ffffffff	0xfffffffffffffffffffffffffffffffffffffffffffffffffffffffefffffc2f	0
TRACE	pp_replay_halving_ordinary	2452792	0xfdc765c0744041bdecb0a4d488b46d08d3e6638f8451536af7485e21ffffffff	0xfffffffffffffffffffffffffffffffffffffffffffffffffffffffefffffc2f	0
TRACE	pp_replay_halving_ordinary	2458015	0xfdc765c0744041bdecb0a4d488b46d08d3e6638f8451536af7485e21ffffffff	0xfffffffffffffffffffffffffffffffffffffffffffffffffffffffefffffc2f	0
TRACE	pp_replay_halving_ordinary	2463238	0xfdc765c0744041bdecb0a4d488b46d08d3e6638f8451536af7485e21ffffffff	0xfffffffffffffffffffffffffffffffffffffffffffffffffffffffefffffc2f	1
TRACE	pp_replay_halving_ordinary	2468461	0xfdc765c0744041bdecb0a4d488b46d08d3e6638f8451536af7485e21ffffffff	0xfffffffffffffffffffffffffffffffffffffffffffffffffffffffefffffc2f	1
TRACE	pp_replay_halving_ordinary	2473684	0xfdc765c0744041bdecb0a4d488b46d08d3e6638f8451536af7485e21ffffffff	0xfffffffffffffffffffffffffffffffffffffffffffffffffffffffefffffc2f	1
TRACE	pp_replay_halving_ordinary	2478907	0xfdc765c0744041bdecb0a4d488b46d08d3e6638f8451536af7485e21ffffffff	0xfffffffffffffffffffffffffffffffffffffffffffffffffffffffefffffc2f	1
TRACE	pp_replay_halving_ordinary	2484130	0xfdc765c0744041bdecb0a4d488b46d08d3e6638f8451536af7485e21ffffffff	0xfffffffffffffffffffffffffffffffffffffffffffffffffffffffefffffc2f	1
TRACE	pp_replay_halving_ordinary	2489353	0xfdc765c0744041bdecb0a4d488b46d08d3e6638f8451536af7485e21ffffffff	0x0	1
TRACE	pp_replay_halving_ordinary	2494576	0xfdc765c0744041bdecb0a4d488b46d08d3e6638f8451536af7485e21ffffffff	0x0	1
TRACE	pp_replay_halving_ordinary	2499799	0xfdc765c0744041bdecb0a4d488b46d08d3e6638f8451536af7485e21ffffffff	0x0	1
TRACE	pp_replay_halving_ordinary	2505022	0xfdc765c0744041bdecb0a4d488b46d08d3e6638f8451536af7485e21ffffffff	0x0	1
TRACE	pp_replay_halving_ordinary	2510245	0xfdc765c0744041bdecb0a4d488b46d08d3e6638f8451536af7485e21ffffffff	0x0	0
TRACE	pp_replay_halving_ordinary	2515468	0xfdc765c0744041bdecb0a4d488b46d08d3e6638f8451536af7485e21ffffffff	0x0	0
TRACE	pp_replay_halving_ordinary	2520691	0xfdc765c0744041bdecb0a4d488b46d08d3e6638f8451536af7485e21ffffffff	0x0	0
TRACE	pp_replay_halving_ordinary	2525914	0xfdc765c0744041bdecb0a4d488b46d08d3e6638f8451536af7485e21ffffffff	0x0	0
TRACE	pp_replay_halving_ordinary	2531137	0xfdc765c0744041bdecb0a4d488b46d08d3e6638f8451536af7485e21ffffffff	0xfffffffffffffffffffffffffffffffffffffffffffffffffffffffefffffc2f	0
TRACE	pp_replay_halving_ordinary	2536360	0xfdc765c0744041bdecb0a4d488b46d08d3e6638f8451536af7485e21ffffffff	0xfffffffffffffffffffffffffffffffffffffffffffffffffffffffefffffc2f	0
TRACE	pp_replay_halving_ordinary	2541583	0xfdc765c0744041bdecb0a4d488b46d08d3e6638f8451536af7485e21ffffffff	0xfffffffffffffffffffffffffffffffffffffffffffffffffffffffefffffc2f	0
TRACE	pp_replay_halving_ordinary	2546806	0xfdc765c0744041bdecb0a4d488b46d08d3e6638f8451536af7485e21ffffffff	0xfffffffffffffffffffffffffffffffffffffffffffffffffffffffefffffc2f	0
TRACE	pp_replay_halving_ordinary	2552029	0xfdc765c0744041bdecb0a4d488b46d08d3e6638f8451536af7485e21ffffffff	0x0	0
TRACE	pp_replay_halving_ordinary	2557252	0xfdc765c0744041bdecb0a4d488b46d08d3e6638f8451536af7485e21ffffffff	0x0	0
TRACE	pp_replay_halving_ordinary	2562475	0xfdc765c0744041bdecb0a4d488b46d08d3e6638f8451536af7485e21ffffffff	0x0	1
TRACE	pp_replay_halving_ordinary	2567698	0xfdc765c0744041bdecb0a4d488b46d08d3e6638f8451536af7485e21ffffffff	0x0	1
TRACE	pp_replay_halving_ordinary	2572921	0xfdc765c0744041bdecb0a4d488b46d08d3e6638f8451536af7485e21ffffffff	0x0	0
TRACE	pp_replay_halving_ordinary	2578144	0xfdc765c0744041bdecb0a4d488b46d08d3e6638f8451536af7485e21ffffffff	0x0	0
TRACE	pp_replay_halving_ordinary	2583367	0xfdc765c0744041bdecb0a4d488b46d08d3e6638f8451536af7485e21ffffffff	0xfffffffffffffffffffffffffffffffffffffffffffffffffffffffefffffc2f	0
TRACE	pp_replay_halving_ordinary	2588590	0xfdc765c0744041bdecb0a4d488b46d08d3e6638f8451536af7485e21ffffffff	0xfffffffffffffffffffffffffffffffffffffffffffffffffffffffefffffc2f	1
TRACE	pp_replay_halving_ordinary	2593813	0xfdc765c0744041bdecb0a4d488b46d08d3e6638f8451536af7485e21ffffffff	0xfffffffffffffffffffffffffffffffffffffffffffffffffffffffefffffc2f	0
TRACE	pp_replay_halving_ordinary	2599036	0xfdc765c0744041bdecb0a4d488b46d08d3e6638f8451536af7485e21ffffffff	0xfffffffffffffffffffffffffffffffffffffffffffffffffffffffefffffc2f	0
TRACE	pp_replay_halving_ordinary	2604259	0xfdc765c0744041bdecb0a4d488b46d08d3e6638f8451536af7485e21ffffffff	0xfffffffffffffffffffffffffffffffffffffffffffffffffffffffefffffc2f	0
TRACE	pp_replay_halving_ordinary	2609482	0xfdc765c0744041bdecb0a4d488b46d08d3e6638f8451536af7485e21ffffffff	0xfffffffffffffffffffffffffffffffffffffffffffffffffffffffefffffc2f	0
TRACE	pp_replay_halving_ordinary	2614705	0xfdc765c0744041bdecb0a4d488b46d08d3e6638f8451536af7485e21ffffffff	0xfffffffffffffffffffffffffffffffffffffffffffffffffffffffefffffc2f	0
TRACE	pp_replay_halving_ordinary	2619928	0xfdc765c0744041bdecb0a4d488b46d08d3e6638f8451536af7485e21ffffffff	0xfffffffffffffffffffffffffffffffffffffffffffffffffffffffefffffc2f	1
TRACE	pp_replay_halving_ordinary	2625151	0xfdc765c0744041bdecb0a4d488b46d08d3e6638f8451536af7485e21ffffffff	0xfffffffffffffffffffffffffffffffffffffffffffffffffffffffefffffc2f	1
TRACE	pp_replay_halving_ordinary	2630374	0xfdc765c0744041bdecb0a4d488b46d08d3e6638f8451536af7485e21ffffffff	0xfffffffffffffffffffffffffffffffffffffffffffffffffffffffefffffc2f	1
TRACE	pp_replay_halving_ordinary	2635597	0xfdc765c0744041bdecb0a4d488b46d08d3e6638f8451536af7485e21ffffffff	0xfffffffffffffffffffffffffffffffffffffffffffffffffffffffefffffc2f	1
TRACE	pp_replay_halving_ordinary	2640820	0xfdc765c0744041bdecb0a4d488b46d08d3e6638f8451536af7485e21ffffffff	0xfffffffffffffffffffffffffffffffffffffffffffffffffffffffefffffc2f	1
TRACE	pp_replay_halving_ordinary	2646043	0xfdc765c0744041bdecb0a4d488b46d08d3e6638f8451536af7485e21ffffffff	0xfffffffffffffffffffffffffffffffffffffffffffffffffffffffefffffc2f	1
TRACE	pp_replay_halving_ordinary	2651266	0xfdc765c0744041bdecb0a4d488b46d08d3e6638f8451536af7485e21ffffffff	0xfffffffffffffffffffffffffffffffffffffffffffffffffffffffefffffc2f	1
TRACE	pp_replay_halving_ordinary	2656489	0xfdc765c0744041bdecb0a4d488b46d08d3e6638f8451536af7485e21ffffffff	0x0	1
TRACE	pp_replay_halving_ordinary	2661712	0xfdc765c0744041bdecb0a4d488b46d08d3e6638f8451536af7485e21ffffffff	0x0	1
TRACE	pp_replay_halving_ordinary	2666935	0xfdc765c0744041bdecb0a4d488b46d08d3e6638f8451536af7485e21ffffffff	0x0	0
TRACE	pp_replay_halving_ordinary	2672158	0xfdc765c0744041bdecb0a4d488b46d08d3e6638f8451536af7485e21ffffffff	0x0	0
TRACE	pp_replay_halving_ordinary	2677381	0xfdc765c0744041bdecb0a4d488b46d08d3e6638f8451536af7485e21ffffffff	0xfffffffffffffffffffffffffffffffffffffffffffffffffffffffefffffc2f	0
TRACE	pp_replay_halving_ordinary	2682604	0xfdc765c0744041bdecb0a4d488b46d08d3e6638f8451536af7485e21ffffffff	0xfffffffffffffffffffffffffffffffffffffffffffffffffffffffefffffc2f	0
TRACE	pp_replay_halving_ordinary	2687827	0xfdc765c0744041bdecb0a4d488b46d08d3e6638f8451536af7485e21ffffffff	0xfffffffffffffffffffffffffffffffffffffffffffffffffffffffefffffc2f	1
TRACE	pp_replay_halving_ordinary	2693050	0xfdc765c0744041bdecb0a4d488b46d08d3e6638f8451536af7485e21ffffffff	0xfffffffffffffffffffffffffffffffffffffffffffffffffffffffefffffc2f	1
TRACE	pp_replay_halving_ordinary	2698273	0xfdc765c0744041bdecb0a4d488b46d08d3e6638f8451536af7485e21ffffffff	0xfffffffffffffffffffffffffffffffffffffffffffffffffffffffefffffc2f	1
TRACE	pp_replay_halving_ordinary	2703496	0xfdc765c0744041bdecb0a4d488b46d08d3e6638f8451536af7485e21ffffffff	0xfffffffffffffffffffffffffffffffffffffffffffffffffffffffefffffc2f	1
TRACE	pp_replay_halving_ordinary	2708719	0xfdc765c0744041bdecb0a4d488b46d08d3e6638f8451536af7485e21ffffffff	0x0	1
TRACE	pp_replay_halving_ordinary	2713942	0xfdc765c0744041bdecb0a4d488b46d08d3e6638f8451536af7485e21ffffffff	0x0	1
TRACE	pp_replay_halving_ordinary	2719165	0xfdc765c0744041bdecb0a4d488b46d08d3e6638f8451536af7485e21ffffffff	0x0	1
TRACE	pp_replay_halving_ordinary	2724388	0xfdc765c0744041bdecb0a4d488b46d08d3e6638f8451536af7485e21ffffffff	0x0	1
TRACE	pp_replay_halving_ordinary	2729611	0xfdc765c0744041bdecb0a4d488b46d08d3e6638f8451536af7485e21ffffffff	0xfffffffffffffffffffffffffffffffffffffffffffffffffffffffefffffc2f	1
TRACE	pp_replay_halving_ordinary	2734834	0xfdc765c0744041bdecb0a4d488b46d08d3e6638f8451536af7485e21ffffffff	0xfffffffffffffffffffffffffffffffffffffffffffffffffffffffefffffc2f	1
TRACE	pp_replay_halving_ordinary	2740057	0xfdc765c0744041bdecb0a4d488b46d08d3e6638f8451536af7485e21ffffffff	0xfffffffffffffffffffffffffffffffffffffffffffffffffffffffefffffc2f	1
TRACE	pp_replay_halving_ordinary	2745280	0xfdc765c0744041bdecb0a4d488b46d08d3e6638f8451536af7485e21ffffffff	0xfffffffffffffffffffffffffffffffffffffffffffffffffffffffefffffc2f	0
TRACE	pp_replay_halving_ordinary	2750503	0xfdc765c0744041bdecb0a4d488b46d08d3e6638f8451536af7485e21ffffffff	0xfffffffffffffffffffffffffffffffffffffffffffffffffffffffefffffc2f	0
TRACE	pp_replay_halving_ordinary	2755726	0xfdc765c0744041bdecb0a4d488b46d08d3e6638f8451536af7485e21ffffffff	0xfffffffffffffffffffffffffffffffffffffffffffffffffffffffefffffc2f	0
TRACE	pp_replay_halving_ordinary	2760949	0xfdc765c0744041bdecb0a4d488b46d08d3e6638f8451536af7485e21ffffffff	0xfffffffffffffffffffffffffffffffffffffffffffffffffffffffefffffc2f	0
TRACE	pp_replay_halving_ordinary	2766172	0xfdc765c0744041bdecb0a4d488b46d08d3e6638f8451536af7485e21ffffffff	0xfffffffffffffffffffffffffffffffffffffffffffffffffffffffefffffc2f	0
TRACE	pp_replay_halving_ordinary	2771395	0xfdc765c0744041bdecb0a4d488b46d08d3e6638f8451536af7485e21ffffffff	0x0	0
TRACE	pp_replay_halving_ordinary	2776618	0xfdc765c0744041bdecb0a4d488b46d08d3e6638f8451536af7485e21ffffffff	0x0	0
TRACE	pp_replay_halving_ordinary	2781841	0xfdc765c0744041bdecb0a4d488b46d08d3e6638f8451536af7485e21ffffffff	0x0	0
TRACE	pp_replay_halving_ordinary	2787064	0xfdc765c0744041bdecb0a4d488b46d08d3e6638f8451536af7485e21ffffffff	0x0	0
TRACE	pp_replay_halving_ordinary	2792287	0xfdc765c0744041bdecb0a4d488b46d08d3e6638f8451536af7485e21ffffffff	0x0	0
TRACE	pp_replay_halving_ordinary	2797510	0xfdc765c0744041bdecb0a4d488b46d08d3e6638f8451536af7485e21ffffffff	0x0	0
TRACE	pp_replay_halving_ordinary	2802733	0xfdc765c0744041bdecb0a4d488b46d08d3e6638f8451536af7485e21ffffffff	0xfffffffffffffffffffffffffffffffffffffffffffffffffffffffefffffc2f	0
TRACE	pp_replay_halving_ordinary	2807956	0xfdc765c0744041bdecb0a4d488b46d08d3e6638f8451536af7485e21ffffffff	0xfffffffffffffffffffffffffffffffffffffffffffffffffffffffefffffc2f	1
TRACE	pp_replay_halving_ordinary	2813179	0xfdc765c0744041bdecb0a4d488b46d08d3e6638f8451536af7485e21ffffffff	0xfffffffffffffffffffffffffffffffffffffffffffffffffffffffefffffc2f	0
TRACE	pp_replay_halving_ordinary	2818402	0xfdc765c0744041bdecb0a4d488b46d08d3e6638f8451536af7485e21ffffffff	0xfffffffffffffffffffffffffffffffffffffffffffffffffffffffefffffc2f	0
TRACE	pp_replay_halving_ordinary	2823625	0xfdc765c0744041bdecb0a4d488b46d08d3e6638f8451536af7485e21ffffffff	0x0	0
TRACE	pp_replay_halving_ordinary	2828848	0xfdc765c0744041bdecb0a4d488b46d08d3e6638f8451536af7485e21ffffffff	0x0	0
TRACE	pp_replay_halving_ordinary	2834071	0xfdc765c0744041bdecb0a4d488b46d08d3e6638f8451536af7485e21ffffffff	0xfffffffffffffffffffffffffffffffffffffffffffffffffffffffefffffc2f	0
TRACE	pp_replay_halving_ordinary	2839294	0xfdc765c0744041bdecb0a4d488b46d08d3e6638f8451536af7485e21ffffffff	0xfffffffffffffffffffffffffffffffffffffffffffffffffffffffefffffc2f	0
TRACE	pp_replay_halving_ordinary	2844517	0xfdc765c0744041bdecb0a4d488b46d08d3e6638f8451536af7485e21ffffffff	0xfffffffffffffffffffffffffffffffffffffffffffffffffffffffefffffc2f	0
TRACE	pp_replay_halving_ordinary	2849740	0xfdc765c0744041bdecb0a4d488b46d08d3e6638f8451536af7485e21ffffffff	0xfffffffffffffffffffffffffffffffffffffffffffffffffffffffefffffc2f	1
TRACE	pp_replay_halving_ordinary	2854963	0xfdc765c0744041bdecb0a4d488b46d08d3e6638f8451536af7485e21ffffffff	0xfffffffffffffffffffffffffffffffffffffffffffffffffffffffefffffc2f	1
TRACE	pp_replay_halving_ordinary	2860186	0xfdc765c0744041bdecb0a4d488b46d08d3e6638f8451536af7485e21ffffffff	0xfffffffffffffffffffffffffffffffffffffffffffffffffffffffefffffc2f	1
TRACE	pp_replay_halving_ordinary	2865409	0xfdc765c0744041bdecb0a4d488b46d08d3e6638f8451536af7485e21ffffffff	0xfffffffffffffffffffffffffffffffffffffffffffffffffffffffefffffc2f	1
TRACE	pp_replay_halving_ordinary	2870632	0xfdc765c0744041bdecb0a4d488b46d08d3e6638f8451536af7485e21ffffffff	0xfffffffffffffffffffffffffffffffffffffffffffffffffffffffefffffc2f	1
TRACE	pp_replay_halving_ordinary	2875855	0xfdc765c0744041bdecb0a4d488b46d08d3e6638f8451536af7485e21ffffffff	0xfffffffffffffffffffffffffffffffffffffffffffffffffffffffefffffc2f	1
TRACE	pp_replay_halving_ordinary	2881078	0xfdc765c0744041bdecb0a4d488b46d08d3e6638f8451536af7485e21ffffffff	0xfffffffffffffffffffffffffffffffffffffffffffffffffffffffefffffc2f	0
TRACE	pp_replay_halving_ordinary	2886301	0xfdc765c0744041bdecb0a4d488b46d08d3e6638f8451536af7485e21ffffffff	0xfffffffffffffffffffffffffffffffffffffffffffffffffffffffefffffc2f	0
TRACE	pp_replay_halving_ordinary	2891524	0xfdc765c0744041bdecb0a4d488b46d08d3e6638f8451536af7485e21ffffffff	0xfffffffffffffffffffffffffffffffffffffffffffffffffffffffefffffc2f	0
TRACE	pp_replay_halving_ordinary	2896747	0xfdc765c0744041bdecb0a4d488b46d08d3e6638f8451536af7485e21ffffffff	0xfffffffffffffffffffffffffffffffffffffffffffffffffffffffefffffc2f	0
TRACE	pp_replay_halving_ordinary	2901970	0xfdc765c0744041bdecb0a4d488b46d08d3e6638f8451536af7485e21ffffffff	0xfffffffffffffffffffffffffffffffffffffffffffffffffffffffefffffc2f	0
TRACE	pp_replay_halving_ordinary	2907193	0xfdc765c0744041bdecb0a4d488b46d08d3e6638f8451536af7485e21ffffffff	0xfffffffffffffffffffffffffffffffffffffffffffffffffffffffefffffc2f	1
TRACE	pp_replay_halving_ordinary	2912416	0xfdc765c0744041bdecb0a4d488b46d08d3e6638f8451536af7485e21ffffffff	0xfffffffffffffffffffffffffffffffffffffffffffffffffffffffefffffc2f	1
TRACE	pp_replay_halving_ordinary	2917639	0xfdc765c0744041bdecb0a4d488b46d08d3e6638f8451536af7485e21ffffffff	0x0	1
TRACE	pp_replay_halving_ordinary	2922862	0xfdc765c0744041bdecb0a4d488b46d08d3e6638f8451536af7485e21ffffffff	0x0	1
TRACE	pp_replay_halving_ordinary	2928085	0xfdc765c0744041bdecb0a4d488b46d08d3e6638f8451536af7485e21ffffffff	0x0	0
TRACE	pp_replay_halving_ordinary	2933308	0xfdc765c0744041bdecb0a4d488b46d08d3e6638f8451536af7485e21ffffffff	0x0	0
TRACE	pp_replay_halving_ordinary	2938531	0xfdc765c0744041bdecb0a4d488b46d08d3e6638f8451536af7485e21ffffffff	0x0	0
TRACE	pp_replay_halving_ordinary	2943754	0xfdc765c0744041bdecb0a4d488b46d08d3e6638f8451536af7485e21ffffffff	0x0	0
TRACE	pp_replay_halving_ordinary	2948977	0xfdc765c0744041bdecb0a4d488b46d08d3e6638f8451536af7485e21ffffffff	0xfffffffffffffffffffffffffffffffffffffffffffffffffffffffefffffc2f	0
TRACE	pp_replay_halving_ordinary	2954200	0xfdc765c0744041bdecb0a4d488b46d08d3e6638f8451536af7485e21ffffffff	0xfffffffffffffffffffffffffffffffffffffffffffffffffffffffefffffc2f	0
TRACE	pp_replay_halving_ordinary	2959423	0xfdc765c0744041bdecb0a4d488b46d08d3e6638f8451536af7485e21ffffffff	0xfffffffffffffffffffffffffffffffffffffffffffffffffffffffefffffc2f	0
TRACE	pp_replay_halving_ordinary	2964646	0xfdc765c0744041bdecb0a4d488b46d08d3e6638f8451536af7485e21ffffffff	0xfffffffffffffffffffffffffffffffffffffffffffffffffffffffefffffc2f	0
TRACE	pp_replay_halving_ordinary	2969869	0xfdc765c0744041bdecb0a4d488b46d08d3e6638f8451536af7485e21ffffffff	0xfffffffffffffffffffffffffffffffffffffffffffffffffffffffefffffc2f	0
TRACE	pp_replay_halving_ordinary	2975092	0xfdc765c0744041bdecb0a4d488b46d08d3e6638f8451536af7485e21ffffffff	0xfffffffffffffffffffffffffffffffffffffffffffffffffffffffefffffc2f	0
TRACE	pp_replay_halving_ordinary	2980315	0xfdc765c0744041bdecb0a4d488b46d08d3e6638f8451536af7485e21ffffffff	0xfffffffffffffffffffffffffffffffffffffffffffffffffffffffefffffc2f	1
TRACE	pp_replay_halving_ordinary	2985538	0xfdc765c0744041bdecb0a4d488b46d08d3e6638f8451536af7485e21ffffffff	0xfffffffffffffffffffffffffffffffffffffffffffffffffffffffefffffc2f	1
TRACE	pp_replay_halving_ordinary	2990761	0xfdc765c0744041bdecb0a4d488b46d08d3e6638f8451536af7485e21ffffffff	0xfffffffffffffffffffffffffffffffffffffffffffffffffffffffefffffc2f	1
TRACE	pp_replay_halving_ordinary	2995984	0xfdc765c0744041bdecb0a4d488b46d08d3e6638f8451536af7485e21ffffffff	0xfffffffffffffffffffffffffffffffffffffffffffffffffffffffefffffc2f	1
TRACE	pp_replay_halving_ordinary	3001207	0xfdc765c0744041bdecb0a4d488b46d08d3e6638f8451536af7485e21ffffffff	0xfffffffffffffffffffffffffffffffffffffffffffffffffffffffefffffc2f	0
TRACE	pp_replay_halving_ordinary	3006430	0xfdc765c0744041bdecb0a4d488b46d08d3e6638f8451536af7485e21ffffffff	0xfffffffffffffffffffffffffffffffffffffffffffffffffffffffefffffc2f	0
TRACE	pp_replay_halving_ordinary	3011653	0xfdc765c0744041bdecb0a4d488b46d08d3e6638f8451536af7485e21ffffffff	0xfffffffffffffffffffffffffffffffffffffffffffffffffffffffefffffc2f	0
TRACE	pp_replay_halving_ordinary	3016876	0xfdc765c0744041bdecb0a4d488b46d08d3e6638f8451536af7485e21ffffffff	0xfffffffffffffffffffffffffffffffffffffffffffffffffffffffefffffc2f	0
TRACE	pp_replay_halving_ordinary	3022099	0xfdc765c0744041bdecb0a4d488b46d08d3e6638f8451536af7485e21ffffffff	0xfffffffffffffffffffffffffffffffffffffffffffffffffffffffefffffc2f	0
TRACE	pp_replay_halving_ordinary	3027322	0xfdc765c0744041bdecb0a4d488b46d08d3e6638f8451536af7485e21ffffffff	0xfffffffffffffffffffffffffffffffffffffffffffffffffffffffefffffc2f	0
TRACE	pp_replay_halving_ordinary	3032545	0xfdc765c0744041bdecb0a4d488b46d08d3e6638f8451536af7485e21ffffffff	0xfffffffffffffffffffffffffffffffffffffffffffffffffffffffefffffc2f	0
TRACE	pp_replay_halving_ordinary	3037768	0xfdc765c0744041bdecb0a4d488b46d08d3e6638f8451536af7485e21ffffffff	0xfffffffffffffffffffffffffffffffffffffffffffffffffffffffefffffc2f	0
TRACE	pp_replay_halving_ordinary	3042991	0xfdc765c0744041bdecb0a4d488b46d08d3e6638f8451536af7485e21ffffffff	0xfffffffffffffffffffffffffffffffffffffffffffffffffffffffefffffc2f	0
TRACE	pp_replay_halving_ordinary	3048214	0xfdc765c0744041bdecb0a4d488b46d08d3e6638f8451536af7485e21ffffffff	0xfffffffffffffffffffffffffffffffffffffffffffffffffffffffefffffc2f	1
TRACE	pp_replay_halving_ordinary	3053437	0xfdc765c0744041bdecb0a4d488b46d08d3e6638f8451536af7485e21ffffffff	0x0	1
TRACE	pp_replay_halving_ordinary	3058660	0xfdc765c0744041bdecb0a4d488b46d08d3e6638f8451536af7485e21ffffffff	0x0	1
TRACE	pp_replay_halving_ordinary	3063883	0xfdc765c0744041bdecb0a4d488b46d08d3e6638f8451536af7485e21ffffffff	0xfffffffffffffffffffffffffffffffffffffffffffffffffffffffefffffc2f	1
TRACE	pp_replay_halving_ordinary	3069106	0xfdc765c0744041bdecb0a4d488b46d08d3e6638f8451536af7485e21ffffffff	0xfffffffffffffffffffffffffffffffffffffffffffffffffffffffefffffc2f	1
TRACE	pp_replay_halving_ordinary	3074329	0xfdc765c0744041bdecb0a4d488b46d08d3e6638f8451536af7485e21ffffffff	0xfffffffffffffffffffffffffffffffffffffffffffffffffffffffefffffc2f	1
TRACE	pp_replay_halving_ordinary	3079552	0xfdc765c0744041bdecb0a4d488b46d08d3e6638f8451536af7485e21ffffffff	0xfffffffffffffffffffffffffffffffffffffffffffffffffffffffefffffc2f	1
TRACE	pp_replay_halving_ordinary	3084775	0xfdc765c0744041bdecb0a4d488b46d08d3e6638f8451536af7485e21ffffffff	0xfffffffffffffffffffffffffffffffffffffffffffffffffffffffefffffc2f	1
TRACE	pp_replay_halving_ordinary	3089998	0xfdc765c0744041bdecb0a4d488b46d08d3e6638f8451536af7485e21ffffffff	0xfffffffffffffffffffffffffffffffffffffffffffffffffffffffefffffc2f	1
TRACE	pp_replay_halving_ordinary	3095221	0xfdc765c0744041bdecb0a4d488b46d08d3e6638f8451536af7485e21ffffffff	0xfffffffffffffffffffffffffffffffffffffffffffffffffffffffefffffc2f	1
TRACE	pp_replay_halving_ordinary	3100444	0xfdc765c0744041bdecb0a4d488b46d08d3e6638f8451536af7485e21ffffffff	0xfffffffffffffffffffffffffffffffffffffffffffffffffffffffefffffc2f	0
TRACE	pp_replay_halving_ordinary	3105667	0xfdc765c0744041bdecb0a4d488b46d08d3e6638f8451536af7485e21ffffffff	0x0	0
TRACE	pp_replay_halving_ordinary	3110890	0xfdc765c0744041bdecb0a4d488b46d08d3e6638f8451536af7485e21ffffffff	0x0	0
TRACE	pp_replay_halving_ordinary	3116113	0xfdc765c0744041bdecb0a4d488b46d08d3e6638f8451536af7485e21ffffffff	0xfffffffffffffffffffffffffffffffffffffffffffffffffffffffefffffc2f	0
TRACE	pp_replay_halving_ordinary	3121336	0xfdc765c0744041bdecb0a4d488b46d08d3e6638f8451536af7485e21ffffffff	0xfffffffffffffffffffffffffffffffffffffffffffffffffffffffefffffc2f	0
TRACE	pp_replay_halving_ordinary	3126559	0xfdc765c0744041bdecb0a4d488b46d08d3e6638f8451536af7485e21ffffffff	0xfffffffffffffffffffffffffffffffffffffffffffffffffffffffefffffc2f	0
TRACE	pp_replay_halving_ordinary	3131782	0xfdc765c0744041bdecb0a4d488b46d08d3e6638f8451536af7485e21ffffffff	0xfffffffffffffffffffffffffffffffffffffffffffffffffffffffefffffc2f	0
TRACE	pp_replay_halving_ordinary	3137005	0xfdc765c0744041bdecb0a4d488b46d08d3e6638f8451536af7485e21ffffffff	0x0	0
TRACE	pp_replay_halving_ordinary	3142228	0xfdc765c0744041bdecb0a4d488b46d08d3e6638f8451536af7485e21ffffffff	0x0	0
TRACE	pp_replay_halving_ordinary	3147451	0xfdc765c0744041bdecb0a4d488b46d08d3e6638f8451536af7485e21ffffffff	0x0	1
TRACE	pp_replay_halving_ordinary	3152674	0xfdc765c0744041bdecb0a4d488b46d08d3e6638f8451536af7485e21ffffffff	0x0	1
TRACE	pp_replay_halving_ordinary	3157897	0xfdc765c0744041bdecb0a4d488b46d08d3e6638f8451536af7485e21ffffffff	0x0	0
TRACE	pp_replay_halving_ordinary	3163120	0xfdc765c0744041bdecb0a4d488b46d08d3e6638f8451536af7485e21ffffffff	0x0	0
TRACE	pp_replay_halving_ordinary	3168343	0xfdc765c0744041bdecb0a4d488b46d08d3e6638f8451536af7485e21ffffffff	0x0	0
TRACE	pp_replay_halving_ordinary	3173566	0xfdc765c0744041bdecb0a4d488b46d08d3e6638f8451536af7485e21ffffffff	0x0	0
TRACE	pp_replay_halving_ordinary	3178789	0xfdc765c0744041bdecb0a4d488b46d08d3e6638f8451536af7485e21ffffffff	0xfffffffffffffffffffffffffffffffffffffffffffffffffffffffefffffc2f	0
TRACE	pp_replay_halving_ordinary	3184012	0xfdc765c0744041bdecb0a4d488b46d08d3e6638f8451536af7485e21ffffffff	0xfffffffffffffffffffffffffffffffffffffffffffffffffffffffefffffc2f	0
TRACE	pp_replay_halving_ordinary	3189235	0xfdc765c0744041bdecb0a4d488b46d08d3e6638f8451536af7485e21ffffffff	0xfffffffffffffffffffffffffffffffffffffffffffffffffffffffefffffc2f	0
TRACE	pp_replay_halving_ordinary	3194458	0xfdc765c0744041bdecb0a4d488b46d08d3e6638f8451536af7485e21ffffffff	0xfffffffffffffffffffffffffffffffffffffffffffffffffffffffefffffc2f	1
TRACE	pp_replay_halving_ordinary	3199681	0xfdc765c0744041bdecb0a4d488b46d08d3e6638f8451536af7485e21ffffffff	0xfffffffffffffffffffffffffffffffffffffffffffffffffffffffefffffc2f	1
TRACE	pp_replay_halving_ordinary	3204904	0xfdc765c0744041bdecb0a4d488b46d08d3e6638f8451536af7485e21ffffffff	0xfffffffffffffffffffffffffffffffffffffffffffffffffffffffefffffc2f	1
TRACE	pp_replay_halving_ordinary	3210127	0xfdc765c0744041bdecb0a4d488b46d08d3e6638f8451536af7485e21ffffffff	0xfffffffffffffffffffffffffffffffffffffffffffffffffffffffefffffc2f	0
TRACE	pp_replay_halving_ordinary	3215350	0xfdc765c0744041bdecb0a4d488b46d08d3e6638f8451536af7485e21ffffffff	0xfffffffffffffffffffffffffffffffffffffffffffffffffffffffefffffc2f	0
TRACE	pp_replay_halving_ordinary	3220573	0xfdc765c0744041bdecb0a4d488b46d08d3e6638f8451536af7485e21ffffffff	0xfffffffffffffffffffffffffffffffffffffffffffffffffffffffefffffc2f	1
TRACE	pp_replay_halving_ordinary	3225796	0xfdc765c0744041bdecb0a4d488b46d08d3e6638f8451536af7485e21ffffffff	0xfffffffffffffffffffffffffffffffffffffffffffffffffffffffefffffc2f	1
TRACE	pp_replay_halving_ordinary	3231019	0xfdc765c0744041bdecb0a4d488b46d08d3e6638f8451536af7485e21ffffffff	0xfffffffffffffffffffffffffffffffffffffffffffffffffffffffefffffc2f	1
TRACE	pp_replay_halving_ordinary	3236242	0xfdc765c0744041bdecb0a4d488b46d08d3e6638f8451536af7485e21ffffffff	0xfffffffffffffffffffffffffffffffffffffffffffffffffffffffefffffc2f	0
TRACE	pp_replay_halving_ordinary	3241465	0xfdc765c0744041bdecb0a4d488b46d08d3e6638f8451536af7485e21ffffffff	0xfffffffffffffffffffffffffffffffffffffffffffffffffffffffefffffc2f	0
TRACE	pp_replay_halving_ordinary	3246688	0xfdc765c0744041bdecb0a4d488b46d08d3e6638f8451536af7485e21ffffffff	0xfffffffffffffffffffffffffffffffffffffffffffffffffffffffefffffc2f	0
TRACE	pp_replay_halving_ordinary	3251911	0xfdc765c0744041bdecb0a4d488b46d08d3e6638f8451536af7485e21ffffffff	0xfffffffffffffffffffffffffffffffffffffffffffffffffffffffefffffc2f	0
TRACE	pp_replay_halving_ordinary	3257134	0xfdc765c0744041bdecb0a4d488b46d08d3e6638f8451536af7485e21ffffffff	0xfffffffffffffffffffffffffffffffffffffffffffffffffffffffefffffc2f	0
TRACE	pp_replay_halving_ordinary	3262357	0xfdc765c0744041bdecb0a4d488b46d08d3e6638f8451536af7485e21ffffffff	0xfffffffffffffffffffffffffffffffffffffffffffffffffffffffefffffc2f	0
TRACE	pp_replay_halving_ordinary	3267580	0xfdc765c0744041bdecb0a4d488b46d08d3e6638f8451536af7485e21ffffffff	0xfffffffffffffffffffffffffffffffffffffffffffffffffffffffefffffc2f	0
TRACE	pp_replay_halving_ordinary	3272803	0xfdc765c0744041bdecb0a4d488b46d08d3e6638f8451536af7485e21ffffffff	0xfffffffffffffffffffffffffffffffffffffffffffffffffffffffefffffc2f	1
TRACE	pp_replay_halving_ordinary	3278026	0xfdc765c0744041bdecb0a4d488b46d08d3e6638f8451536af7485e21ffffffff	0xfffffffffffffffffffffffffffffffffffffffffffffffffffffffefffffc2f	1
TRACE	pp_replay_halving_ordinary	3283249	0xfdc765c0744041bdecb0a4d488b46d08d3e6638f8451536af7485e21ffffffff	0xfffffffffffffffffffffffffffffffffffffffffffffffffffffffefffffc2f	1
TRACE	pp_replay_halving_ordinary	3288472	0xfdc765c0744041bdecb0a4d488b46d08d3e6638f8451536af7485e21ffffffff	0xfffffffffffffffffffffffffffffffffffffffffffffffffffffffefffffc2f	1
TRACE	pp_replay_halving_ordinary	3293695	0xfdc765c0744041bdecb0a4d488b46d08d3e6638f8451536af7485e21ffffffff	0x0	1
TRACE	pp_replay_halving_ordinary	3298918	0xfdc765c0744041bdecb0a4d488b46d08d3e6638f8451536af7485e21ffffffff	0x0	1
TRACE	pp_replay_halving_ordinary	3304141	0xfdc765c0744041bdecb0a4d488b46d08d3e6638f8451536af7485e21ffffffff	0x0	0
TRACE	pp_replay_halving_ordinary	3309364	0xfdc765c0744041bdecb0a4d488b46d08d3e6638f8451536af7485e21ffffffff	0x0	0
TRACE	pp_replay_halving_ordinary	3314587	0xfdc765c0744041bdecb0a4d488b46d08d3e6638f8451536af7485e21ffffffff	0x0	1
TRACE	pp_replay_halving_ordinary	3319810	0xfdc765c0744041bdecb0a4d488b46d08d3e6638f8451536af7485e21ffffffff	0x0	1
TRACE	pp_replay_halving_ordinary	3325033	0xfdc765c0744041bdecb0a4d488b46d08d3e6638f8451536af7485e21ffffffff	0x0	1
TRACE	pp_replay_halving_ordinary	3330256	0xfdc765c0744041bdecb0a4d488b46d08d3e6638f8451536af7485e21ffffffff	0x0	1
TRACE	pp_replay_halving_ordinary	3335479	0xfdc765c0744041bdecb0a4d488b46d08d3e6638f8451536af7485e21ffffffff	0xfffffffffffffffffffffffffffffffffffffffffffffffffffffffefffffc2f	1
TRACE	pp_replay_halving_ordinary	3340702	0xfdc765c0744041bdecb0a4d488b46d08d3e6638f8451536af7485e21ffffffff	0xfffffffffffffffffffffffffffffffffffffffffffffffffffffffefffffc2f	1
TRACE	pp_replay_halving_ordinary	3345925	0xfdc765c0744041bdecb0a4d488b46d08d3e6638f8451536af7485e21ffffffff	0xfffffffffffffffffffffffffffffffffffffffffffffffffffffffefffffc2f	1
TRACE	pp_replay_halving_ordinary	3351148	0xfdc765c0744041bdecb0a4d488b46d08d3e6638f8451536af7485e21ffffffff	0xfffffffffffffffffffffffffffffffffffffffffffffffffffffffefffffc2f	1
TRACE	pp_replay_halving_ordinary	3356371	0xfdc765c0744041bdecb0a4d488b46d08d3e6638f8451536af7485e21ffffffff	0x0	1
TRACE	pp_replay_halving_ordinary	3361594	0xfdc765c0744041bdecb0a4d488b46d08d3e6638f8451536af7485e21ffffffff	0x0	1
TRACE	pp_replay_halving_ordinary	3366817	0xfdc765c0744041bdecb0a4d488b46d08d3e6638f8451536af7485e21ffffffff	0xfffffffffffffffffffffffffffffffffffffffffffffffffffffffefffffc2f	1
TRACE	pp_replay_halving_ordinary	3372040	0xfdc765c0744041bdecb0a4d488b46d08d3e6638f8451536af7485e21ffffffff	0xfffffffffffffffffffffffffffffffffffffffffffffffffffffffefffffc2f	1
TRACE	pp_replay_halving_ordinary	3377263	0xfdc765c0744041bdecb0a4d488b46d08d3e6638f8451536af7485e21ffffffff	0xfffffffffffffffffffffffffffffffffffffffffffffffffffffffefffffc2f	1
TRACE	pp_replay_halving_ordinary	3382486	0xfdc765c0744041bdecb0a4d488b46d08d3e6638f8451536af7485e21ffffffff	0xfffffffffffffffffffffffffffffffffffffffffffffffffffffffefffffc2f	1
TRACE	pp_replay_halving_ordinary	3387709	0xfdc765c0744041bdecb0a4d488b46d08d3e6638f8451536af7485e21ffffffff	0xfffffffffffffffffffffffffffffffffffffffffffffffffffffffefffffc2f	1
TRACE	pp_replay_halving_ordinary	3392932	0xfdc765c0744041bdecb0a4d488b46d08d3e6638f8451536af7485e21ffffffff	0xfffffffffffffffffffffffffffffffffffffffffffffffffffffffefffffc2f	0
TRACE	pp_replay_halving_ordinary	3398155	0xfdc765c0744041bdecb0a4d488b46d08d3e6638f8451536af7485e21ffffffff	0xfffffffffffffffffffffffffffffffffffffffffffffffffffffffefffffc2f	0
TRACE	pp_replay_halving_ordinary	3403378	0xfdc765c0744041bdecb0a4d488b46d08d3e6638f8451536af7485e21ffffffff	0xfffffffffffffffffffffffffffffffffffffffffffffffffffffffefffffc2f	0
TRACE	pp_replay_halving_ordinary	3408601	0xfdc765c0744041bdecb0a4d488b46d08d3e6638f8451536af7485e21ffffffff	0xfffffffffffffffffffffffffffffffffffffffffffffffffffffffefffffc2f	1
TRACE	pp_replay_halving_ordinary	3413824	0xfdc765c0744041bdecb0a4d488b46d08d3e6638f8451536af7485e21ffffffff	0xfffffffffffffffffffffffffffffffffffffffffffffffffffffffefffffc2f	0
TRACE	pp_replay_halving_ordinary	3419047	0xfdc765c0744041bdecb0a4d488b46d08d3e6638f8451536af7485e21ffffffff	0xfffffffffffffffffffffffffffffffffffffffffffffffffffffffefffffc2f	1
TRACE	pp_replay_halving_ordinary	3424270	0xfdc765c0744041bdecb0a4d488b46d08d3e6638f8451536af7485e21ffffffff	0xfffffffffffffffffffffffffffffffffffffffffffffffffffffffefffffc2f	1
TRACE	pp_replay_halving_ordinary	3429493	0xfdc765c0744041bdecb0a4d488b46d08d3e6638f8451536af7485e21ffffffff	0xfffffffffffffffffffffffffffffffffffffffffffffffffffffffefffffc2f	1
TRACE	pp_replay_halving_ordinary	3434716	0xfdc765c0744041bdecb0a4d488b46d08d3e6638f8451536af7485e21ffffffff	0xfffffffffffffffffffffffffffffffffffffffffffffffffffffffefffffc2f	0
TRACE	pp_replay_halving_ordinary	3439939	0xfdc765c0744041bdecb0a4d488b46d08d3e6638f8451536af7485e21ffffffff	0x0	0
TRACE	pp_replay_halving_ordinary	3445162	0xfdc765c0744041bdecb0a4d488b46d08d3e6638f8451536af7485e21ffffffff	0x0	0
TRACE	pp_replay_halving_ordinary	3450385	0xfdc765c0744041bdecb0a4d488b46d08d3e6638f8451536af7485e21ffffffff	0x0	0
TRACE	pp_replay_halving_ordinary	3455608	0xfdc765c0744041bdecb0a4d488b46d08d3e6638f8451536af7485e21ffffffff	0x0	0
TRACE	pp_replay_halving_ordinary	3460831	0xfdc765c0744041bdecb0a4d488b46d08d3e6638f8451536af7485e21ffffffff	0xfffffffffffffffffffffffffffffffffffffffffffffffffffffffefffffc2f	0
TRACE	pp_replay_halving_ordinary	3466054	0xfdc765c0744041bdecb0a4d488b46d08d3e6638f8451536af7485e21ffffffff	0xfffffffffffffffffffffffffffffffffffffffffffffffffffffffefffffc2f	1
TRACE	pp_replay_halving_ordinary	3471277	0xfdc765c0744041bdecb0a4d488b46d08d3e6638f8451536af7485e21ffffffff	0x0	1
TRACE	pp_replay_halving_ordinary	3476500	0xfdc765c0744041bdecb0a4d488b46d08d3e6638f8451536af7485e21ffffffff	0x0	1
TRACE	pp_replay_halving_ordinary	3481723	0xfdc765c0744041bdecb0a4d488b46d08d3e6638f8451536af7485e21ffffffff	0x0	0
TRACE	pp_replay_halving_ordinary	3486946	0xfdc765c0744041bdecb0a4d488b46d08d3e6638f8451536af7485e21ffffffff	0x0	0
TRACE	pp_replay_halving_ordinary	3492169	0xfdc765c0744041bdecb0a4d488b46d08d3e6638f8451536af7485e21ffffffff	0xfffffffffffffffffffffffffffffffffffffffffffffffffffffffefffffc2f	0
TRACE	pp_replay_halving_ordinary	3497392	0xfdc765c0744041bdecb0a4d488b46d08d3e6638f8451536af7485e21ffffffff	0xfffffffffffffffffffffffffffffffffffffffffffffffffffffffefffffc2f	1
TRACE	pp_replay_halving_ordinary	3502615	0xfdc765c0744041bdecb0a4d488b46d08d3e6638f8451536af7485e21ffffffff	0x0	1
TRACE	pp_replay_halving_ordinary	3507838	0xfdc765c0744041bdecb0a4d488b46d08d3e6638f8451536af7485e21ffffffff	0x0	1
TRACE	pp_replay_halving_ordinary	3513061	0xfdc765c0744041bdecb0a4d488b46d08d3e6638f8451536af7485e21ffffffff	0xfffffffffffffffffffffffffffffffffffffffffffffffffffffffefffffc2f	1
TRACE	pp_replay_halving_ordinary	3518284	0xfdc765c0744041bdecb0a4d488b46d08d3e6638f8451536af7485e21ffffffff	0xfffffffffffffffffffffffffffffffffffffffffffffffffffffffefffffc2f	1
TRACE	pp_replay_halving_ordinary	3523507	0xfdc765c0744041bdecb0a4d488b46d08d3e6638f8451536af7485e21ffffffff	0xfffffffffffffffffffffffffffffffffffffffffffffffffffffffefffffc2f	1
TRACE	pp_replay_halving_ordinary	3528730	0xfdc765c0744041bdecb0a4d488b46d08d3e6638f8451536af7485e21ffffffff	0xfffffffffffffffffffffffffffffffffffffffffffffffffffffffefffffc2f	1
TRACE	pp_replay_halving_ordinary	3533953	0xfdc765c0744041bdecb0a4d488b46d08d3e6638f8451536af7485e21ffffffff	0xfffffffffffffffffffffffffffffffffffffffffffffffffffffffefffffc2f	1
TRACE	pp_replay_halving_ordinary	3539176	0xfdc765c0744041bdecb0a4d488b46d08d3e6638f8451536af7485e21ffffffff	0xfffffffffffffffffffffffffffffffffffffffffffffffffffffffefffffc2f	1
TRACE	pp_replay_halving_ordinary	3544399	0xfdc765c0744041bdecb0a4d488b46d08d3e6638f8451536af7485e21ffffffff	0xfffffffffffffffffffffffffffffffffffffffffffffffffffffffefffffc2f	1
TRACE	pp_replay_halving_ordinary	3549622	0xfdc765c0744041bdecb0a4d488b46d08d3e6638f8451536af7485e21ffffffff	0xfffffffffffffffffffffffffffffffffffffffffffffffffffffffefffffc2f	1
TRACE	pp_replay_halving_ordinary	3554845	0xfdc765c0744041bdecb0a4d488b46d08d3e6638f8451536af7485e21ffffffff	0x0	1
TRACE	pp_replay_halving_ordinary	3560068	0xfdc765c0744041bdecb0a4d488b46d08d3e6638f8451536af7485e21ffffffff	0x0	1
TRACE	pp_replay_halving_ordinary	3565291	0xfdc765c0744041bdecb0a4d488b46d08d3e6638f8451536af7485e21ffffffff	0xfffffffffffffffffffffffffffffffffffffffffffffffffffffffefffffc2f	1
TRACE	pp_replay_halving_ordinary	3570514	0xfdc765c0744041bdecb0a4d488b46d08d3e6638f8451536af7485e21ffffffff	0xfffffffffffffffffffffffffffffffffffffffffffffffffffffffefffffc2f	1
TRACE	pp_replay_halving_ordinary	3575737	0xfdc765c0744041bdecb0a4d488b46d08d3e6638f8451536af7485e21ffffffff	0xfffffffffffffffffffffffffffffffffffffffffffffffffffffffefffffc2f	1
TRACE	pp_replay_halving_ordinary	3580960	0xfdc765c0744041bdecb0a4d488b46d08d3e6638f8451536af7485e21ffffffff	0xfffffffffffffffffffffffffffffffffffffffffffffffffffffffefffffc2f	1
TRACE	pp_replay_halving_ordinary	3586183	0xfdc765c0744041bdecb0a4d488b46d08d3e6638f8451536af7485e21ffffffff	0xfffffffffffffffffffffffffffffffffffffffffffffffffffffffefffffc2f	0
TRACE	pp_replay_halving_ordinary	3591406	0xfdc765c0744041bdecb0a4d488b46d08d3e6638f8451536af7485e21ffffffff	0xfffffffffffffffffffffffffffffffffffffffffffffffffffffffefffffc2f	1
TRACE	pp_replay_halving_ordinary	3596629	0xfdc765c0744041bdecb0a4d488b46d08d3e6638f8451536af7485e21ffffffff	0xfffffffffffffffffffffffffffffffffffffffffffffffffffffffefffffc2f	0
TRACE	pp_replay_halving_ordinary	3601852	0xfdc765c0744041bdecb0a4d488b46d08d3e6638f8451536af7485e21ffffffff	0xfffffffffffffffffffffffffffffffffffffffffffffffffffffffefffffc2f	0
TRACE	pp_replay_halving_ordinary	3607075	0xfdc765c0744041bdecb0a4d488b46d08d3e6638f8451536af7485e21ffffffff	0xfffffffffffffffffffffffffffffffffffffffffffffffffffffffefffffc2f	0
TRACE	pp_replay_halving_ordinary	3612298	0xfdc765c0744041bdecb0a4d488b46d08d3e6638f8451536af7485e21ffffffff	0xfffffffffffffffffffffffffffffffffffffffffffffffffffffffefffffc2f	0
TRACE	pp_replay_halving_ordinary	3617521	0xfdc765c0744041bdecb0a4d488b46d08d3e6638f8451536af7485e21ffffffff	0xfffffffffffffffffffffffffffffffffffffffffffffffffffffffefffffc2f	0
TRACE	pp_replay_halving_ordinary	3622744	0xfdc765c0744041bdecb0a4d488b46d08d3e6638f8451536af7485e21ffffffff	0xfffffffffffffffffffffffffffffffffffffffffffffffffffffffefffffc2f	1
TRACE	pp_replay_halving_ordinary	3627967	0xfdc765c0744041bdecb0a4d488b46d08d3e6638f8451536af7485e21ffffffff	0xfffffffffffffffffffffffffffffffffffffffffffffffffffffffefffffc2f	1
TRACE	pp_replay_halving_ordinary	3633190	0xfdc765c0744041bdecb0a4d488b46d08d3e6638f8451536af7485e21ffffffff	0xfffffffffffffffffffffffffffffffffffffffffffffffffffffffefffffc2f	1
TRACE	pp_replay_halving_ordinary	3638413	0xfdc765c0744041bdecb0a4d488b46d08d3e6638f8451536af7485e21ffffffff	0xfffffffffffffffffffffffffffffffffffffffffffffffffffffffefffffc2f	1
TRACE	pp_replay_halving_ordinary	3643636	0xfdc765c0744041bdecb0a4d488b46d08d3e6638f8451536af7485e21ffffffff	0xfffffffffffffffffffffffffffffffffffffffffffffffffffffffefffffc2f	1
TRACE	pp_replay_halving_ordinary	3648859	0xfdc765c0744041bdecb0a4d488b46d08d3e6638f8451536af7485e21ffffffff	0xfffffffffffffffffffffffffffffffffffffffffffffffffffffffefffffc2f	1
TRACE	pp_replay_halving_ordinary	3654082	0xfdc765c0744041bdecb0a4d488b46d08d3e6638f8451536af7485e21ffffffff	0xfffffffffffffffffffffffffffffffffffffffffffffffffffffffefffffc2f	1
TRACE	pp_replay_halving_ordinary	3659305	0xfdc765c0744041bdecb0a4d488b46d08d3e6638f8451536af7485e21ffffffff	0xfffffffffffffffffffffffffffffffffffffffffffffffffffffffefffffc2f	1
TRACE	pp_replay_halving_ordinary	3664528	0xfdc765c0744041bdecb0a4d488b46d08d3e6638f8451536af7485e21ffffffff	0xfffffffffffffffffffffffffffffffffffffffffffffffffffffffefffffc2f	0
TRACE	pp_replay_halving_ordinary	3669751	0xfdc765c0744041bdecb0a4d488b46d08d3e6638f8451536af7485e21ffffffff	0xfffffffffffffffffffffffffffffffffffffffffffffffffffffffefffffc2f	0
TRACE	pp_replay_halving_ordinary	3674974	0xfdc765c0744041bdecb0a4d488b46d08d3e6638f8451536af7485e21ffffffff	0xfffffffffffffffffffffffffffffffffffffffffffffffffffffffefffffc2f	1
TRACE	pp_replay_halving_ordinary	3680197	0xfdc765c0744041bdecb0a4d488b46d08d3e6638f8451536af7485e21ffffffff	0xfffffffffffffffffffffffffffffffffffffffffffffffffffffffefffffc2f	1
TRACE	pp_replay_halving_ordinary	3685420	0xfdc765c0744041bdecb0a4d488b46d08d3e6638f8451536af7485e21ffffffff	0xfffffffffffffffffffffffffffffffffffffffffffffffffffffffefffffc2f	1
TRACE	pp_replay_halving_ordinary	3690643	0xfdc765c0744041bdecb0a4d488b46d08d3e6638f8451536af7485e21ffffffff	0xfffffffffffffffffffffffffffffffffffffffffffffffffffffffefffffc2f	0
TRACE	pp_replay_halving_ordinary	3695866	0xfdc765c0744041bdecb0a4d488b46d08d3e6638f8451536af7485e21ffffffff	0xfffffffffffffffffffffffffffffffffffffffffffffffffffffffefffffc2f	0
TRACE	pp_replay_halving_ordinary	3701089	0xfdc765c0744041bdecb0a4d488b46d08d3e6638f8451536af7485e21ffffffff	0xfffffffffffffffffffffffffffffffffffffffffffffffffffffffefffffc2f	0
TRACE	pp_replay_halving_ordinary	3706312	0xfdc765c0744041bdecb0a4d488b46d08d3e6638f8451536af7485e21ffffffff	0xfffffffffffffffffffffffffffffffffffffffffffffffffffffffefffffc2f	1
TRACE	pp_replay_halving_ordinary	3711535	0xfdc765c0744041bdecb0a4d488b46d08d3e6638f8451536af7485e21ffffffff	0xfffffffffffffffffffffffffffffffffffffffffffffffffffffffefffffc2f	1
TRACE	pp_replay_halving_ordinary	3716758	0xfdc765c0744041bdecb0a4d488b46d08d3e6638f8451536af7485e21ffffffff	0xfffffffffffffffffffffffffffffffffffffffffffffffffffffffefffffc2f	1
TRACE	pp_replay_halving_ordinary	3721981	0xfdc765c0744041bdecb0a4d488b46d08d3e6638f8451536af7485e21ffffffff	0xfffffffffffffffffffffffffffffffffffffffffffffffffffffffefffffc2f	1
TRACE	pp_replay_halving_ordinary	3727204	0xfdc765c0744041bdecb0a4d488b46d08d3e6638f8451536af7485e21ffffffff	0xfffffffffffffffffffffffffffffffffffffffffffffffffffffffefffffc2f	1
TRACE	pp_replay_halving_ordinary	3732427	0xfdc765c0744041bdecb0a4d488b46d08d3e6638f8451536af7485e21ffffffff	0xfffffffffffffffffffffffffffffffffffffffffffffffffffffffefffffc2f	1
TRACE	pp_replay_halving_ordinary	3737650	0xfdc765c0744041bdecb0a4d488b46d08d3e6638f8451536af7485e21ffffffff	0xfffffffffffffffffffffffffffffffffffffffffffffffffffffffefffffc2f	0
TRACE	pp_replay_halving_ordinary	3742873	0xfdc765c0744041bdecb0a4d488b46d08d3e6638f8451536af7485e21ffffffff	0xfffffffffffffffffffffffffffffffffffffffffffffffffffffffefffffc2f	0
TRACE	pp_replay_halving_ordinary	3748096	0xfdc765c0744041bdecb0a4d488b46d08d3e6638f8451536af7485e21ffffffff	0xfffffffffffffffffffffffffffffffffffffffffffffffffffffffefffffc2f	0
TRACE	pp_replay_halving_ordinary	3753319	0xfdc765c0744041bdecb0a4d488b46d08d3e6638f8451536af7485e21ffffffff	0x0	0
TRACE	pp_replay_halving_ordinary	3758542	0xfdc765c0744041bdecb0a4d488b46d08d3e6638f8451536af7485e21ffffffff	0x0	0
TRACE	pp_replay_halving_ordinary	3763765	0xfdc765c0744041bdecb0a4d488b46d08d3e6638f8451536af7485e21ffffffff	0x0	0
TRACE	pp_replay_halving_ordinary	3768988	0xfdc765c0744041bdecb0a4d488b46d08d3e6638f8451536af7485e21ffffffff	0x0	0
TRACE	pp_replay_halving_ordinary	3774211	0xfdc765c0744041bdecb0a4d488b46d08d3e6638f8451536af7485e21ffffffff	0x0	0
TRACE	pp_replay_halving_ordinary	3779434	0xfdc765c0744041bdecb0a4d488b46d08d3e6638f8451536af7485e21ffffffff	0x0	0
TRACE	pp_replay_halving_ordinary	3784657	0xfdc765c0744041bdecb0a4d488b46d08d3e6638f8451536af7485e21ffffffff	0x0	1
TRACE	pp_replay_halving_ordinary	3789880	0xfdc765c0744041bdecb0a4d488b46d08d3e6638f8451536af7485e21ffffffff	0x0	1
TRACE	pp_replay_halving_ordinary	3795103	0xfdc765c0744041bdecb0a4d488b46d08d3e6638f8451536af7485e21ffffffff	0xfffffffffffffffffffffffffffffffffffffffffffffffffffffffefffffc2f	1
TRACE	pp_replay_halving_ordinary	3800326	0xfdc765c0744041bdecb0a4d488b46d08d3e6638f8451536af7485e21ffffffff	0xfffffffffffffffffffffffffffffffffffffffffffffffffffffffefffffc2f	0
TRACE	pp_replay_halving_ordinary	3805549	0xfdc765c0744041bdecb0a4d488b46d08d3e6638f8451536af7485e21ffffffff	0x0	0
TRACE	pp_replay_halving_ordinary	3810772	0xfdc765c0744041bdecb0a4d488b46d08d3e6638f8451536af7485e21ffffffff	0x0	0
TRACE	pp_replay_halving_ordinary	3815995	0xfdc765c0744041bdecb0a4d488b46d08d3e6638f8451536af7485e21ffffffff	0xfffffffffffffffffffffffffffffffffffffffffffffffffffffffefffffc2f	0
TRACE	pp_replay_halving_ordinary	3821218	0xfdc765c0744041bdecb0a4d488b46d08d3e6638f8451536af7485e21ffffffff	0xfffffffffffffffffffffffffffffffffffffffffffffffffffffffefffffc2f	0
TRACE	pp_replay_halving_ordinary	3826441	0xfdc765c0744041bdecb0a4d488b46d08d3e6638f8451536af7485e21ffffffff	0xfffffffffffffffffffffffffffffffffffffffffffffffffffffffefffffc2f	0
TRACE	pp_replay_halving_ordinary	3831664	0xfdc765c0744041bdecb0a4d488b46d08d3e6638f8451536af7485e21ffffffff	0xfffffffffffffffffffffffffffffffffffffffffffffffffffffffefffffc2f	0
TRACE	pp_replay_halving_ordinary	3836887	0xfdc765c0744041bdecb0a4d488b46d08d3e6638f8451536af7485e21ffffffff	0xfffffffffffffffffffffffffffffffffffffffffffffffffffffffefffffc2f	0
TRACE	pp_replay_halving_ordinary	3842110	0xfdc765c0744041bdecb0a4d488b46d08d3e6638f8451536af7485e21ffffffff	0xfffffffffffffffffffffffffffffffffffffffffffffffffffffffefffffc2f	0
TRACE	pp_replay_halving_ordinary	3847333	0xfdc765c0744041bdecb0a4d488b46d08d3e6638f8451536af7485e21ffffffff	0x0	0
TRACE	pp_replay_halving_ordinary	3852556	0xfdc765c0744041bdecb0a4d488b46d08d3e6638f8451536af7485e21ffffffff	0x0	0
TRACE	pp_replay_halving_ordinary	3857779	0xfdc765c0744041bdecb0a4d488b46d08d3e6638f8451536af7485e21ffffffff	0x0	1
TRACE	pp_replay_halving_ordinary	3863002	0xfdc765c0744041bdecb0a4d488b46d08d3e6638f8451536af7485e21ffffffff	0x0	1
TRACE	pp_replay_halving_ordinary	3868225	0xfdc765c0744041bdecb0a4d488b46d08d3e6638f8451536af7485e21ffffffff	0x0	0
TRACE	pp_replay_halving_ordinary	3873448	0xfdc765c0744041bdecb0a4d488b46d08d3e6638f8451536af7485e21ffffffff	0x0	0
TRACE	pp_replay_halving_ordinary	3878671	0xfdc765c0744041bdecb0a4d488b46d08d3e6638f8451536af7485e21ffffffff	0xfffffffffffffffffffffffffffffffffffffffffffffffffffffffefffffc2f	0
TRACE	pp_replay_halving_ordinary	3883894	0xfdc765c0744041bdecb0a4d488b46d08d3e6638f8451536af7485e21ffffffff	0xfffffffffffffffffffffffffffffffffffffffffffffffffffffffefffffc2f	1
TRACE	pp_replay_halving_ordinary	3889117	0xfdc765c0744041bdecb0a4d488b46d08d3e6638f8451536af7485e21ffffffff	0x0	1
TRACE	pp_replay_halving_ordinary	3894340	0xfdc765c0744041bdecb0a4d488b46d08d3e6638f8451536af7485e21ffffffff	0x0	1
TRACE	pp_replay_halving_ordinary	3899563	0xfdc765c0744041bdecb0a4d488b46d08d3e6638f8451536af7485e21ffffffff	0xfffffffffffffffffffffffffffffffffffffffffffffffffffffffefffffc2f	1
TRACE	pp_replay_halving_ordinary	3904786	0xfdc765c0744041bdecb0a4d488b46d08d3e6638f8451536af7485e21ffffffff	0xfffffffffffffffffffffffffffffffffffffffffffffffffffffffefffffc2f	0
TRACE	pp_replay_halving_ordinary	3910009	0xfdc765c0744041bdecb0a4d488b46d08d3e6638f8451536af7485e21ffffffff	0xfffffffffffffffffffffffffffffffffffffffffffffffffffffffefffffc2f	1
TRACE	pp_replay_halving_ordinary	3915232	0xfdc765c0744041bdecb0a4d488b46d08d3e6638f8451536af7485e21ffffffff	0xfffffffffffffffffffffffffffffffffffffffffffffffffffffffefffffc2f	1
TRACE	pp_replay_halving_ordinary	3920455	0xfdc765c0744041bdecb0a4d488b46d08d3e6638f8451536af7485e21ffffffff	0xfffffffffffffffffffffffffffffffffffffffffffffffffffffffefffffc2f	1
TRACE	pp_replay_halving_ordinary	3925678	0xfdc765c0744041bdecb0a4d488b46d08d3e6638f8451536af7485e21ffffffff	0xfffffffffffffffffffffffffffffffffffffffffffffffffffffffefffffc2f	1
TRACE	pp_replay_halving_ordinary	3930901	0xfdc765c0744041bdecb0a4d488b46d08d3e6638f8451536af7485e21ffffffff	0xfffffffffffffffffffffffffffffffffffffffffffffffffffffffefffffc2f	1
TRACE	pp_replay_halving_ordinary	3936124	0xfdc765c0744041bdecb0a4d488b46d08d3e6638f8451536af7485e21ffffffff	0xfffffffffffffffffffffffffffffffffffffffffffffffffffffffefffffc2f	1
TRACE	pp_replay_halving_ordinary	3941347	0xfdc765c0744041bdecb0a4d488b46d08d3e6638f8451536af7485e21ffffffff	0x0	1
TRACE	pp_replay_halving_ordinary	3946570	0xfdc765c0744041bdecb0a4d488b46d08d3e6638f8451536af7485e21ffffffff	0x0	1
TRACE	pp_replay_halving_ordinary	3951793	0xfdc765c0744041bdecb0a4d488b46d08d3e6638f8451536af7485e21ffffffff	0xfffffffffffffffffffffffffffffffffffffffffffffffffffffffefffffc2f	1
TRACE	pp_replay_halving_ordinary	3957016	0xfdc765c0744041bdecb0a4d488b46d08d3e6638f8451536af7485e21ffffffff	0xfffffffffffffffffffffffffffffffffffffffffffffffffffffffefffffc2f	1
TRACE	pp_replay_halving_ordinary	3962239	0xfdc765c0744041bdecb0a4d488b46d08d3e6638f8451536af7485e21ffffffff	0xfffffffffffffffffffffffffffffffffffffffffffffffffffffffefffffc2f	1
TRACE	pp_replay_halving_ordinary	3967462	0xfdc765c0744041bdecb0a4d488b46d08d3e6638f8451536af7485e21ffffffff	0xfffffffffffffffffffffffffffffffffffffffffffffffffffffffefffffc2f	1
TRACE	pp_replay_halving_ordinary	3972685	0xfdc765c0744041bdecb0a4d488b46d08d3e6638f8451536af7485e21ffffffff	0xfffffffffffffffffffffffffffffffffffffffffffffffffffffffefffffc2f	1
TRACE	pp_replay_halving_ordinary	3977908	0xfdc765c0744041bdecb0a4d488b46d08d3e6638f8451536af7485e21ffffffff	0xfffffffffffffffffffffffffffffffffffffffffffffffffffffffefffffc2f	1
TRACE	pp_replay_halving_ordinary	3983131	0xfdc765c0744041bdecb0a4d488b46d08d3e6638f8451536af7485e21ffffffff	0xfffffffffffffffffffffffffffffffffffffffffffffffffffffffefffffc2f	1
TRACE	pp_replay_halving_ordinary	3988354	0xfdc765c0744041bdecb0a4d488b46d08d3e6638f8451536af7485e21ffffffff	0xfffffffffffffffffffffffffffffffffffffffffffffffffffffffefffffc2f	1
TRACE	pp_replay_halving_ordinary	3993577	0xfdc765c0744041bdecb0a4d488b46d08d3e6638f8451536af7485e21ffffffff	0x0	1
TRACE	pp_replay_halving_ordinary	3998800	0xfdc765c0744041bdecb0a4d488b46d08d3e6638f8451536af7485e21ffffffff	0x0	1
TRACE	pp_replay_halving_ordinary	4004023	0xfdc765c0744041bdecb0a4d488b46d08d3e6638f8451536af7485e21ffffffff	0x0	1
TRACE	pp_replay_halving_ordinary	4009246	0xfdc765c0744041bdecb0a4d488b46d08d3e6638f8451536af7485e21ffffffff	0x0	1
TRACE	pp_replay_halving_ordinary	4014469	0xfdc765c0744041bdecb0a4d488b46d08d3e6638f8451536af7485e21ffffffff	0xfffffffffffffffffffffffffffffffffffffffffffffffffffffffefffffc2f	1
TRACE	pp_replay_halving_ordinary	4019692	0xfdc765c0744041bdecb0a4d488b46d08d3e6638f8451536af7485e21ffffffff	0xfffffffffffffffffffffffffffffffffffffffffffffffffffffffefffffc2f	1
TRACE	pp_replay_halving_ordinary	4024915	0xfdc765c0744041bdecb0a4d488b46d08d3e6638f8451536af7485e21ffffffff	0x0	1
TRACE	pp_replay_halving_ordinary	4030138	0xfdc765c0744041bdecb0a4d488b46d08d3e6638f8451536af7485e21ffffffff	0x0	1
TRACE	pp_replay_halving_ordinary	4035361	0xfdc765c0744041bdecb0a4d488b46d08d3e6638f8451536af7485e21ffffffff	0xfffffffffffffffffffffffffffffffffffffffffffffffffffffffefffffc2f	1
TRACE	pp_replay_halving_ordinary	4040584	0xfdc765c0744041bdecb0a4d488b46d08d3e6638f8451536af7485e21ffffffff	0xfffffffffffffffffffffffffffffffffffffffffffffffffffffffefffffc2f	1
TRACE	pp_replay_halving_ordinary	4045807	0xfdc765c0744041bdecb0a4d488b46d08d3e6638f8451536af7485e21ffffffff	0xfffffffffffffffffffffffffffffffffffffffffffffffffffffffefffffc2f	0
TRACE	pp_replay_halving_ordinary	4051030	0xfdc765c0744041bdecb0a4d488b46d08d3e6638f8451536af7485e21ffffffff	0xfffffffffffffffffffffffffffffffffffffffffffffffffffffffefffffc2f	0
TRACE	pp_replay_halving_ordinary	4056253	0xfdc765c0744041bdecb0a4d488b46d08d3e6638f8451536af7485e21ffffffff	0xfffffffffffffffffffffffffffffffffffffffffffffffffffffffefffffc2f	0
TRACE	pp_replay_halving_ordinary	4061476	0xfdc765c0744041bdecb0a4d488b46d08d3e6638f8451536af7485e21ffffffff	0xfffffffffffffffffffffffffffffffffffffffffffffffffffffffefffffc2f	0
TRACE	pp_replay_halving_ordinary	4066699	0xfdc765c0744041bdecb0a4d488b46d08d3e6638f8451536af7485e21ffffffff	0xfffffffffffffffffffffffffffffffffffffffffffffffffffffffefffffc2f	1
TRACE	pp_replay_halving_ordinary	4071922	0xfdc765c0744041bdecb0a4d488b46d08d3e6638f8451536af7485e21ffffffff	0xfffffffffffffffffffffffffffffffffffffffffffffffffffffffefffffc2f	1
TRACE	pp_replay_halving_ordinary	4077145	0xfdc765c0744041bdecb0a4d488b46d08d3e6638f8451536af7485e21ffffffff	0xfffffffffffffffffffffffffffffffffffffffffffffffffffffffefffffc2f	1
TRACE	pp_replay_halving_ordinary	4082368	0xfdc765c0744041bdecb0a4d488b46d08d3e6638f8451536af7485e21ffffffff	0xfffffffffffffffffffffffffffffffffffffffffffffffffffffffefffffc2f	1
TRACE	pp_replay_halving_ordinary	4087591	0xfdc765c0744041bdecb0a4d488b46d08d3e6638f8451536af7485e21ffffffff	0xfffffffffffffffffffffffffffffffffffffffffffffffffffffffefffffc2f	1
TRACE	pp_replay_halving_ordinary	4092814	0xfdc765c0744041bdecb0a4d488b46d08d3e6638f8451536af7485e21ffffffff	0xfffffffffffffffffffffffffffffffffffffffffffffffffffffffefffffc2f	1
TRACE	pp_replay_halving_ordinary	4098037	0xfdc765c0744041bdecb0a4d488b46d08d3e6638f8451536af7485e21ffffffff	0x0	1
TRACE	pp_replay_halving_ordinary	4103260	0xfdc765c0744041bdecb0a4d488b46d08d3e6638f8451536af7485e21ffffffff	0x0	1
TRACE	pp_replay_halving_ordinary	4108483	0xfdc765c0744041bdecb0a4d488b46d08d3e6638f8451536af7485e21ffffffff	0x0	0
TRACE	pp_replay_halving_ordinary	4113706	0xfdc765c0744041bdecb0a4d488b46d08d3e6638f8451536af7485e21ffffffff	0x0	0
TRACE	pp_replay_halving_ordinary	4118929	0xfdc765c0744041bdecb0a4d488b46d08d3e6638f8451536af7485e21ffffffff	0xfffffffffffffffffffffffffffffffffffffffffffffffffffffffefffffc2f	0
TRACE	pp_replay_halving_ordinary	4124152	0xfdc765c0744041bdecb0a4d488b46d08d3e6638f8451536af7485e21ffffffff	0xfffffffffffffffffffffffffffffffffffffffffffffffffffffffefffffc2f	1
TRACE	pp_replay_halving_ordinary	4129375	0xfdc765c0744041bdecb0a4d488b46d08d3e6638f8451536af7485e21ffffffff	0xfffffffffffffffffffffffffffffffffffffffffffffffffffffffefffffc2f	1
TRACE	pp_replay_halving_ordinary	4134598	0xfdc765c0744041bdecb0a4d488b46d08d3e6638f8451536af7485e21ffffffff	0xfffffffffffffffffffffffffffffffffffffffffffffffffffffffefffffc2f	0
TRACE	pp_replay_halving_ordinary	4139821	0xfdc765c0744041bdecb0a4d488b46d08d3e6638f8451536af7485e21ffffffff	0x0	0
TRACE	pp_replay_halving_ordinary	4145044	0xfdc765c0744041bdecb0a4d488b46d08d3e6638f8451536af7485e21ffffffff	0x0	0
TRACE	pp_replay_halving_ordinary	4150267	0xfdc765c0744041bdecb0a4d488b46d08d3e6638f8451536af7485e21ffffffff	0xfffffffffffffffffffffffffffffffffffffffffffffffffffffffefffffc2f	0
TRACE	pp_replay_halving_ordinary	4155490	0xfdc765c0744041bdecb0a4d488b46d08d3e6638f8451536af7485e21ffffffff	0xfffffffffffffffffffffffffffffffffffffffffffffffffffffffefffffc2f	0
TRACE	pp_replay_halving_ordinary	4160713	0xfdc765c0744041bdecb0a4d488b46d08d3e6638f8451536af7485e21ffffffff	0x0	0
TRACE	pp_replay_halving_ordinary	4165936	0xfdc765c0744041bdecb0a4d488b46d08d3e6638f8451536af7485e21ffffffff	0x0	0
TRACE	pp_replay_halving_ordinary	4171159	0xfdc765c0744041bdecb0a4d488b46d08d3e6638f8451536af7485e21ffffffff	0xfffffffffffffffffffffffffffffffffffffffffffffffffffffffefffffc2f	0
TRACE	pp_replay_halving_ordinary	4176382	0xfdc765c0744041bdecb0a4d488b46d08d3e6638f8451536af7485e21ffffffff	0xfffffffffffffffffffffffffffffffffffffffffffffffffffffffefffffc2f	0
TRACE	pp_replay_halving_ordinary	4181605	0xfdc765c0744041bdecb0a4d488b46d08d3e6638f8451536af7485e21ffffffff	0x0	0
TRACE	pp_replay_halving_ordinary	4186828	0xfdc765c0744041bdecb0a4d488b46d08d3e6638f8451536af7485e21ffffffff	0x0	0
TRACE	pp_replay_halving_ordinary	4192051	0xfdc765c0744041bdecb0a4d488b46d08d3e6638f8451536af7485e21ffffffff	0x0	0
TRACE	pp_replay_halving_ordinary	4197274	0xfdc765c0744041bdecb0a4d488b46d08d3e6638f8451536af7485e21ffffffff	0x0	0
TRACE	pp_replay_halving_ordinary	4202497	0xfdc765c0744041bdecb0a4d488b46d08d3e6638f8451536af7485e21ffffffff	0xfffffffffffffffffffffffffffffffffffffffffffffffffffffffefffffc2f	0
TRACE	pp_replay_halving_ordinary	4207720	0xfdc765c0744041bdecb0a4d488b46d08d3e6638f8451536af7485e21ffffffff	0xfffffffffffffffffffffffffffffffffffffffffffffffffffffffefffffc2f	0
TRACE	pp_replay_halving_ordinary	4212943	0xfdc765c0744041bdecb0a4d488b46d08d3e6638f8451536af7485e21ffffffff	0xfffffffffffffffffffffffffffffffffffffffffffffffffffffffefffffc2f	0
TRACE	pp_replay_halving_ordinary	4218166	0xfdc765c0744041bdecb0a4d488b46d08d3e6638f8451536af7485e21ffffffff	0xfffffffffffffffffffffffffffffffffffffffffffffffffffffffefffffc2f	0
TRACE	pp_replay_halving_ordinary	4223389	0xfdc765c0744041bdecb0a4d488b46d08d3e6638f8451536af7485e21ffffffff	0xfffffffffffffffffffffffffffffffffffffffffffffffffffffffefffffc2f	0
TRACE	pp_replay_halving_ordinary	4228612	0xfdc765c0744041bdecb0a4d488b46d08d3e6638f8451536af7485e21ffffffff	0xfffffffffffffffffffffffffffffffffffffffffffffffffffffffefffffc2f	0
TRACE	pp_replay_halving_ordinary	4233835	0xfdc765c0744041bdecb0a4d488b46d08d3e6638f8451536af7485e21ffffffff	0xfffffffffffffffffffffffffffffffffffffffffffffffffffffffefffffc2f	1
TRACE	pp_replay_halving_ordinary	4239058	0xfdc765c0744041bdecb0a4d488b46d08d3e6638f8451536af7485e21ffffffff	0xfffffffffffffffffffffffffffffffffffffffffffffffffffffffefffffc2f	0
TRACE	pp_replay_halving_ordinary	4244281	0xfdc765c0744041bdecb0a4d488b46d08d3e6638f8451536af7485e21ffffffff	0x0	0
TRACE	pp_replay_halving_ordinary	4249504	0xfdc765c0744041bdecb0a4d488b46d08d3e6638f8451536af7485e21ffffffff	0x0	0
TRACE	pp_replay_halving_ordinary	4254727	0xfdc765c0744041bdecb0a4d488b46d08d3e6638f8451536af7485e21ffffffff	0xfffffffffffffffffffffffffffffffffffffffffffffffffffffffefffffc2f	0
TRACE	pp_replay_halving_ordinary	4259950	0xfdc765c0744041bdecb0a4d488b46d08d3e6638f8451536af7485e21ffffffff	0xfffffffffffffffffffffffffffffffffffffffffffffffffffffffefffffc2f	1
TRACE	pp_replay_halving_ordinary	4265173	0xfdc765c0744041bdecb0a4d488b46d08d3e6638f8451536af7485e21ffffffff	0xfffffffffffffffffffffffffffffffffffffffffffffffffffffffefffffc2f	1
TRACE	pp_replay_halving_ordinary	4270396	0xfdc765c0744041bdecb0a4d488b46d08d3e6638f8451536af7485e21ffffffff	0xfffffffffffffffffffffffffffffffffffffffffffffffffffffffefffffc2f	1
TRACE	pp_replay_halving_ordinary	4275619	0xfdc765c0744041bdecb0a4d488b46d08d3e6638f8451536af7485e21ffffffff	0xfffffffffffffffffffffffffffffffffffffffffffffffffffffffefffffc2f	1
TRACE	pp_replay_halving_ordinary	4280842	0xfdc765c0744041bdecb0a4d488b46d08d3e6638f8451536af7485e21ffffffff	0xfffffffffffffffffffffffffffffffffffffffffffffffffffffffefffffc2f	1
TRACE	pp_replay_halving_ordinary	4286065	0xfdc765c0744041bdecb0a4d488b46d08d3e6638f8451536af7485e21ffffffff	0xfffffffffffffffffffffffffffffffffffffffffffffffffffffffefffffc2f	0
TRACE	pp_replay_halving_ordinary	4291288	0xfdc765c0744041bdecb0a4d488b46d08d3e6638f8451536af7485e21ffffffff	0xfffffffffffffffffffffffffffffffffffffffffffffffffffffffefffffc2f	0
TRACE	pp_replay_halving_ordinary	4296511	0xfdc765c0744041bdecb0a4d488b46d08d3e6638f8451536af7485e21ffffffff	0xfffffffffffffffffffffffffffffffffffffffffffffffffffffffefffffc2f	0
TRACE	pp_replay_halving_ordinary	4301734	0xfdc765c0744041bdecb0a4d488b46d08d3e6638f8451536af7485e21ffffffff	0xfffffffffffffffffffffffffffffffffffffffffffffffffffffffefffffc2f	0
TRACE	pp_replay_halving_ordinary	4306957	0xfdc765c0744041bdecb0a4d488b46d08d3e6638f8451536af7485e21ffffffff	0xfffffffffffffffffffffffffffffffffffffffffffffffffffffffefffffc2f	0
TRACE	pp_replay_halving_ordinary	4312180	0xfdc765c0744041bdecb0a4d488b46d08d3e6638f8451536af7485e21ffffffff	0xfffffffffffffffffffffffffffffffffffffffffffffffffffffffefffffc2f	1
TRACE	pp_replay_halving_ordinary	4317403	0xfdc765c0744041bdecb0a4d488b46d08d3e6638f8451536af7485e21ffffffff	0xfffffffffffffffffffffffffffffffffffffffffffffffffffffffefffffc2f	1
TRACE	pp_replay_halving_ordinary	4322626	0xfdc765c0744041bdecb0a4d488b46d08d3e6638f8451536af7485e21ffffffff	0xfffffffffffffffffffffffffffffffffffffffffffffffffffffffefffffc2f	0
TRACE	pp_replay_halving_ordinary	4327849	0xfdc765c0744041bdecb0a4d488b46d08d3e6638f8451536af7485e21ffffffff	0xfffffffffffffffffffffffffffffffffffffffffffffffffffffffefffffc2f	0
TRACE	pp_replay_halving_ordinary	4333072	0xfdc765c0744041bdecb0a4d488b46d08d3e6638f8451536af7485e21ffffffff	0xfffffffffffffffffffffffffffffffffffffffffffffffffffffffefffffc2f	0
TRACE	pp_replay_halving_ordinary	4338295	0xfdc765c0744041bdecb0a4d488b46d08d3e6638f8451536af7485e21ffffffff	0xfffffffffffffffffffffffffffffffffffffffffffffffffffffffefffffc2f	1
TRACE	pp_replay_halving_ordinary	4343518	0xfdc765c0744041bdecb0a4d488b46d08d3e6638f8451536af7485e21ffffffff	0xfffffffffffffffffffffffffffffffffffffffffffffffffffffffefffffc2f	1
TRACE	pp_replay_halving_ordinary	4348741	0xfdc765c0744041bdecb0a4d488b46d08d3e6638f8451536af7485e21ffffffff	0xfffffffffffffffffffffffffffffffffffffffffffffffffffffffefffffc2f	1
TRACE	pp_replay_halving_ordinary	4353964	0xfdc765c0744041bdecb0a4d488b46d08d3e6638f8451536af7485e21ffffffff	0xfffffffffffffffffffffffffffffffffffffffffffffffffffffffefffffc2f	1
TRACE	pp_replay_halving_ordinary	4359187	0xfdc765c0744041bdecb0a4d488b46d08d3e6638f8451536af7485e21ffffffff	0xfffffffffffffffffffffffffffffffffffffffffffffffffffffffefffffc2f	1
TRACE	pp_replay_halving_ordinary	4364410	0xfdc765c0744041bdecb0a4d488b46d08d3e6638f8451536af7485e21ffffffff	0xfffffffffffffffffffffffffffffffffffffffffffffffffffffffefffffc2f	1
TRACE	pp_replay_halving_ordinary	4369633	0xfdc765c0744041bdecb0a4d488b46d08d3e6638f8451536af7485e21ffffffff	0xfffffffffffffffffffffffffffffffffffffffffffffffffffffffefffffc2f	1
TRACE	pp_replay_halving_ordinary	4374856	0xfdc765c0744041bdecb0a4d488b46d08d3e6638f8451536af7485e21ffffffff	0xfffffffffffffffffffffffffffffffffffffffffffffffffffffffefffffc2f	1
TRACE	pp_replay_halving_ordinary	4380079	0xfdc765c0744041bdecb0a4d488b46d08d3e6638f8451536af7485e21ffffffff	0xfffffffffffffffffffffffffffffffffffffffffffffffffffffffefffffc2f	0
TRACE	pp_replay_halving_ordinary	4385302	0xfdc765c0744041bdecb0a4d488b46d08d3e6638f8451536af7485e21ffffffff	0xfffffffffffffffffffffffffffffffffffffffffffffffffffffffefffffc2f	0
TRACE	pp_replay_halving_ordinary	4390525	0xfdc765c0744041bdecb0a4d488b46d08d3e6638f8451536af7485e21ffffffff	0xfffffffffffffffffffffffffffffffffffffffffffffffffffffffefffffc2f	0
TRACE	pp_replay_halving_ordinary	4395748	0xfdc765c0744041bdecb0a4d488b46d08d3e6638f8451536af7485e21ffffffff	0xfffffffffffffffffffffffffffffffffffffffffffffffffffffffefffffc2f	0
TRACE	pp_replay_halving_ordinary	4400971	0xfdc765c0744041bdecb0a4d488b46d08d3e6638f8451536af7485e21ffffffff	0xfffffffffffffffffffffffffffffffffffffffffffffffffffffffefffffc2f	0
TRACE	pp_replay_halving_ordinary	4406194	0xfdc765c0744041bdecb0a4d488b46d08d3e6638f8451536af7485e21ffffffff	0xfffffffffffffffffffffffffffffffffffffffffffffffffffffffefffffc2f	0
TRACE	pp_replay_halving_ordinary	4411417	0xfdc765c0744041bdecb0a4d488b46d08d3e6638f8451536af7485e21ffffffff	0x0	0
TRACE	pp_replay_halving_ordinary	4416640	0xfdc765c0744041bdecb0a4d488b46d08d3e6638f8451536af7485e21ffffffff	0x0	0
TRACE	pp_replay_halving_ordinary	4421863	0xfdc765c0744041bdecb0a4d488b46d08d3e6638f8451536af7485e21ffffffff	0xfffffffffffffffffffffffffffffffffffffffffffffffffffffffefffffc2f	0
TRACE	pp_replay_halving_ordinary	4427086	0xfdc765c0744041bdecb0a4d488b46d08d3e6638f8451536af7485e21ffffffff	0xfffffffffffffffffffffffffffffffffffffffffffffffffffffffefffffc2f	0
TRACE	pp_replay_halving_ordinary	4432309	0xfdc765c0744041bdecb0a4d488b46d08d3e6638f8451536af7485e21ffffffff	0xfffffffffffffffffffffffffffffffffffffffffffffffffffffffefffffc2f	0
TRACE	pp_replay_halving_ordinary	4437532	0xfdc765c0744041bdecb0a4d488b46d08d3e6638f8451536af7485e21ffffffff	0xfffffffffffffffffffffffffffffffffffffffffffffffffffffffefffffc2f	1
TRACE	pp_replay_halving_ordinary	4442755	0xfdc765c0744041bdecb0a4d488b46d08d3e6638f8451536af7485e21ffffffff	0xfffffffffffffffffffffffffffffffffffffffffffffffffffffffefffffc2f	1
TRACE	pp_replay_halving_ordinary	4447978	0xfdc765c0744041bdecb0a4d488b46d08d3e6638f8451536af7485e21ffffffff	0xfffffffffffffffffffffffffffffffffffffffffffffffffffffffefffffc2f	1
TRACE	pp_replay_halving_ordinary	4453201	0xfdc765c0744041bdecb0a4d488b46d08d3e6638f8451536af7485e21ffffffff	0x0	1
TRACE	pp_replay_halving_ordinary	4458424	0xfdc765c0744041bdecb0a4d488b46d08d3e6638f8451536af7485e21ffffffff	0x0	1
TRACE	pp_replay_halving_ordinary	4463647	0xfdc765c0744041bdecb0a4d488b46d08d3e6638f8451536af7485e21ffffffff	0xfffffffffffffffffffffffffffffffffffffffffffffffffffffffefffffc2f	1
TRACE	pp_replay_halving_ordinary	4468870	0xfdc765c0744041bdecb0a4d488b46d08d3e6638f8451536af7485e21ffffffff	0xfffffffffffffffffffffffffffffffffffffffffffffffffffffffefffffc2f	1
TRACE	pp_replay_halving_ordinary	4474093	0xfdc765c0744041bdecb0a4d488b46d08d3e6638f8451536af7485e21ffffffff	0xfffffffffffffffffffffffffffffffffffffffffffffffffffffffefffffc2f	1
TRACE	pp_replay_halving_ordinary	4479316	0xfdc765c0744041bdecb0a4d488b46d08d3e6638f8451536af7485e21ffffffff	0xfffffffffffffffffffffffffffffffffffffffffffffffffffffffefffffc2f	1
TRACE	pp_replay_halving_ordinary	4484539	0xfdc765c0744041bdecb0a4d488b46d08d3e6638f8451536af7485e21ffffffff	0xfffffffffffffffffffffffffffffffffffffffffffffffffffffffefffffc2f	1
TRACE	pp_replay_halving_ordinary	4489762	0xfdc765c0744041bdecb0a4d488b46d08d3e6638f8451536af7485e21ffffffff	0xfffffffffffffffffffffffffffffffffffffffffffffffffffffffefffffc2f	0
TRACE	pp_replay_halving_ordinary	4494985	0xfdc765c0744041bdecb0a4d488b46d08d3e6638f8451536af7485e21ffffffff	0xfffffffffffffffffffffffffffffffffffffffffffffffffffffffefffffc2f	1
TRACE	pp_replay_halving_ordinary	4500208	0xfdc765c0744041bdecb0a4d488b46d08d3e6638f8451536af7485e21ffffffff	0xfffffffffffffffffffffffffffffffffffffffffffffffffffffffefffffc2f	1
TRACE	pp_replay_halving_ordinary	4505431	0xfdc765c0744041bdecb0a4d488b46d08d3e6638f8451536af7485e21ffffffff	0xfffffffffffffffffffffffffffffffffffffffffffffffffffffffefffffc2f	1
TRACE	pp_replay_halving_ordinary	4510654	0xfdc765c0744041bdecb0a4d488b46d08d3e6638f8451536af7485e21ffffffff	0xfffffffffffffffffffffffffffffffffffffffffffffffffffffffefffffc2f	1
TRACE	pp_replay_halving_ordinary	4515877	0xfdc765c0744041bdecb0a4d488b46d08d3e6638f8451536af7485e21ffffffff	0x0	1
TRACE	pp_replay_halving_ordinary	4521100	0xfdc765c0744041bdecb0a4d488b46d08d3e6638f8451536af7485e21ffffffff	0x0	1
TRACE	pp_replay_halving_ordinary	4526323	0xfdc765c0744041bdecb0a4d488b46d08d3e6638f8451536af7485e21ffffffff	0x0	1
TRACE	pp_replay_halving_ordinary	4531546	0xfdc765c0744041bdecb0a4d488b46d08d3e6638f8451536af7485e21ffffffff	0x0	1
TRACE	pp_replay_halving_ordinary	4536769	0xfdc765c0744041bdecb0a4d488b46d08d3e6638f8451536af7485e21ffffffff	0x0	1
TRACE	pp_replay_halving_ordinary	4541992	0xfdc765c0744041bdecb0a4d488b46d08d3e6638f8451536af7485e21ffffffff	0x0	1
TRACE	pp_replay_halving_ordinary	4547215	0xfdc765c0744041bdecb0a4d488b46d08d3e6638f8451536af7485e21ffffffff	0xfffffffffffffffffffffffffffffffffffffffffffffffffffffffefffffc2f	1
TRACE	pp_replay_halving_ordinary	4552438	0xfdc765c0744041bdecb0a4d488b46d08d3e6638f8451536af7485e21ffffffff	0xfffffffffffffffffffffffffffffffffffffffffffffffffffffffefffffc2f	1
TRACE	pp_replay_halving_ordinary	4557661	0xfdc765c0744041bdecb0a4d488b46d08d3e6638f8451536af7485e21ffffffff	0xfffffffffffffffffffffffffffffffffffffffffffffffffffffffefffffc2f	1
TRACE	pp_replay_halving_ordinary	4562884	0xfdc765c0744041bdecb0a4d488b46d08d3e6638f8451536af7485e21ffffffff	0xfffffffffffffffffffffffffffffffffffffffffffffffffffffffefffffc2f	0
TRACE	pp_replay_halving_ordinary	4568107	0xfdc765c0744041bdecb0a4d488b46d08d3e6638f8451536af7485e21ffffffff	0xfffffffffffffffffffffffffffffffffffffffffffffffffffffffefffffc2f	0
TRACE	pp_replay_halving_ordinary	4573330	0xfdc765c0744041bdecb0a4d488b46d08d3e6638f8451536af7485e21ffffffff	0xfffffffffffffffffffffffffffffffffffffffffffffffffffffffefffffc2f	0
TRACE	pp_replay_halving_ordinary	4578553	0xfdc765c0744041bdecb0a4d488b46d08d3e6638f8451536af7485e21ffffffff	0xfffffffffffffffffffffffffffffffffffffffffffffffffffffffefffffc2f	1
TRACE	pp_replay_halving_ordinary	4583776	0xfdc765c0744041bdecb0a4d488b46d08d3e6638f8451536af7485e21ffffffff	0xfffffffffffffffffffffffffffffffffffffffffffffffffffffffefffffc2f	0
TRACE	pp_replay_halving_ordinary	4588999	0xfdc765c0744041bdecb0a4d488b46d08d3e6638f8451536af7485e21ffffffff	0xfffffffffffffffffffffffffffffffffffffffffffffffffffffffefffffc2f	1
TRACE	pp_replay_halving_ordinary	4594222	0xfdc765c0744041bdecb0a4d488b46d08d3e6638f8451536af7485e21ffffffff	0xfffffffffffffffffffffffffffffffffffffffffffffffffffffffefffffc2f	1
TRACE	pp_replay_halving_ordinary	4599445	0xfdc765c0744041bdecb0a4d488b46d08d3e6638f8451536af7485e21ffffffff	0xfffffffffffffffffffffffffffffffffffffffffffffffffffffffefffffc2f	1
TRACE	pp_replay_halving_ordinary	4604668	0xfdc765c0744041bdecb0a4d488b46d08d3e6638f8451536af7485e21ffffffff	0xfffffffffffffffffffffffffffffffffffffffffffffffffffffffefffffc2f	1
TRACE	pp_replay_halving_ordinary	4609891	0xfdc765c0744041bdecb0a4d488b46d08d3e6638f8451536af7485e21ffffffff	0x0	1
TRACE	pp_replay_halving_ordinary	4615114	0xfdc765c0744041bdecb0a4d488b46d08d3e6638f8451536af7485e21ffffffff	0x0	1
TRACE	pp_replay_halving_ordinary	4620337	0xfdc765c0744041bdecb0a4d488b46d08d3e6638f8451536af7485e21ffffffff	0x0	0
TRACE	pp_replay_halving_ordinary	4625560	0xfdc765c0744041bdecb0a4d488b46d08d3e6638f8451536af7485e21ffffffff	0x0	0
TRACE	pp_replay_halving_ordinary	4630783	0xfdc765c0744041bdecb0a4d488b46d08d3e6638f8451536af7485e21ffffffff	0xfffffffffffffffffffffffffffffffffffffffffffffffffffffffefffffc2f	0
TRACE	pp_replay_halving_ordinary	4636006	0xfdc765c0744041bdecb0a4d488b46d08d3e6638f8451536af7485e21ffffffff	0xfffffffffffffffffffffffffffffffffffffffffffffffffffffffefffffc2f	0
TRACE	pp_replay_halving_ordinary	4641229	0xfdc765c0744041bdecb0a4d488b46d08d3e6638f8451536af7485e21ffffffff	0xfffffffffffffffffffffffffffffffffffffffffffffffffffffffefffffc2f	0
TRACE	pp_replay_halving_ordinary	4646452	0xfdc765c0744041bdecb0a4d488b46d08d3e6638f8451536af7485e21ffffffff	0xfffffffffffffffffffffffffffffffffffffffffffffffffffffffefffffc2f	0
TRACE	pp_replay_halving_ordinary	4651675	0xfdc765c0744041bdecb0a4d488b46d08d3e6638f8451536af7485e21ffffffff	0x0	0
TRACE	pp_replay_halving_ordinary	4656898	0xfdc765c0744041bdecb0a4d488b46d08d3e6638f8451536af7485e21ffffffff	0x0	0
TRACE	pp_replay_halving_ordinary	4662121	0xfdc765c0744041bdecb0a4d488b46d08d3e6638f8451536af7485e21ffffffff	0x0	1
TRACE	pp_replay_halving_ordinary	4667344	0xfdc765c0744041bdecb0a4d488b46d08d3e6638f8451536af7485e21ffffffff	0x0	1
TRACE	pp_replay_halving_ordinary	4672567	0xfdc765c0744041bdecb0a4d488b46d08d3e6638f8451536af7485e21ffffffff	0x0	1
TRACE	pp_replay_halving_ordinary	4677790	0xfdc765c0744041bdecb0a4d488b46d08d3e6638f8451536af7485e21ffffffff	0x0	1
TRACE	pp_replay_halving_ordinary	4683013	0xfdc765c0744041bdecb0a4d488b46d08d3e6638f8451536af7485e21ffffffff	0x0	0
TRACE	pp_replay_halving_ordinary	4688236	0xfdc765c0744041bdecb0a4d488b46d08d3e6638f8451536af7485e21ffffffff	0x0	0
TRACE	pp_replay_halving_ordinary	4693459	0xfdc765c0744041bdecb0a4d488b46d08d3e6638f8451536af7485e21ffffffff	0x0	1
TRACE	pp_replay_halving_ordinary	4698682	0xfdc765c0744041bdecb0a4d488b46d08d3e6638f8451536af7485e21ffffffff	0x0	1
TRACE	pp_replay_halving_ordinary	4703905	0xfdc765c0744041bdecb0a4d488b46d08d3e6638f8451536af7485e21ffffffff	0x0	1
TRACE	pp_replay_halving_ordinary	4709128	0xfdc765c0744041bdecb0a4d488b46d08d3e6638f8451536af7485e21ffffffff	0x0	1
TRACE	pp_replay_halving_ordinary	4714351	0xfdc765c0744041bdecb0a4d488b46d08d3e6638f8451536af7485e21ffffffff	0x0	0
TRACE	pp_replay_halving_ordinary	4719574	0xfdc765c0744041bdecb0a4d488b46d08d3e6638f8451536af7485e21ffffffff	0x0	0
TRACE	pp_replay_halving_ordinary	4724797	0xfdc765c0744041bdecb0a4d488b46d08d3e6638f8451536af7485e21ffffffff	0x0	0
TRACE	pp_replay_halving_ordinary	4730020	0xfdc765c0744041bdecb0a4d488b46d08d3e6638f8451536af7485e21ffffffff	0x0	0
TRACE	pp_replay_halving_ordinary	4735243	0xfdc765c0744041bdecb0a4d488b46d08d3e6638f8451536af7485e21ffffffff	0x0	1
TRACE	pp_replay_halving_ordinary	4740466	0xfdc765c0744041bdecb0a4d488b46d08d3e6638f8451536af7485e21ffffffff	0x0	1
TRACE	pp_replay_halving_ordinary	4745689	0xfdc765c0744041bdecb0a4d488b46d08d3e6638f8451536af7485e21ffffffff	0x0	1
TRACE	pp_replay_halving_ordinary	4750912	0xfdc765c0744041bdecb0a4d488b46d08d3e6638f8451536af7485e21ffffffff	0x0	1
TRACE	pp_replay_halving_ordinary	4756135	0xfdc765c0744041bdecb0a4d488b46d08d3e6638f8451536af7485e21ffffffff	0x0	0
TRACE	pp_replay_halving_ordinary	4761358	0xfdc765c0744041bdecb0a4d488b46d08d3e6638f8451536af7485e21ffffffff	0x0	0
TRACE	pp_replay_halving_ordinary	4766581	0xfdc765c0744041bdecb0a4d488b46d08d3e6638f8451536af7485e21ffffffff	0x0	1
TRACE	pp_replay_halving_ordinary	4771804	0xfdc765c0744041bdecb0a4d488b46d08d3e6638f8451536af7485e21ffffffff	0x0	1
TRACE	pp_replay_halving_ordinary	4777027	0xfdc765c0744041bdecb0a4d488b46d08d3e6638f8451536af7485e21ffffffff	0x0	0
TRACE	pp_replay_halving_ordinary	4782250	0xfdc765c0744041bdecb0a4d488b46d08d3e6638f8451536af7485e21ffffffff	0x0	0
TRACE	pp_replay_halving_ordinary	4787473	0xfdc765c0744041bdecb0a4d488b46d08d3e6638f8451536af7485e21ffffffff	0x0	1
TRACE	pp_replay_halving_ordinary	4792696	0xfdc765c0744041bdecb0a4d488b46d08d3e6638f8451536af7485e21ffffffff	0x0	1
TRACE	pp_replay_halving_ordinary	4797919	0xfdc765c0744041bdecb0a4d488b46d08d3e6638f8451536af7485e21ffffffff	0x0	0
TRACE	pp_replay_halving_ordinary	4803142	0xfdc765c0744041bdecb0a4d488b46d08d3e6638f8451536af7485e21ffffffff	0x0	0
TRACE	pp_replay_halving_ordinary	4808365	0xfdc765c0744041bdecb0a4d488b46d08d3e6638f8451536af7485e21ffffffff	0x0	0
TRACE	pp_replay_halving_ordinary	4813588	0xfdc765c0744041bdecb0a4d488b46d08d3e6638f8451536af7485e21ffffffff	0x0	0
TRACE	pp_replay_halving_ordinary	4818811	0xfdc765c0744041bdecb0a4d488b46d08d3e6638f8451536af7485e21ffffffff	0x0	0
TRACE	pp_replay_halving_ordinary	4824034	0xfdc765c0744041bdecb0a4d488b46d08d3e6638f8451536af7485e21ffffffff	0x0	0
TRACE	pp_replay_halving_ordinary	4829257	0xfdc765c0744041bdecb0a4d488b46d08d3e6638f8451536af7485e21ffffffff	0x0	1
TRACE	pp_replay_halving_ordinary	4834480	0xfdc765c0744041bdecb0a4d488b46d08d3e6638f8451536af7485e21ffffffff	0x0	1
TRACE	pp_replay_halving_ordinary	4839703	0xfdc765c0744041bdecb0a4d488b46d08d3e6638f8451536af7485e21ffffffff	0x0	1
TRACE	pp_replay_halving_ordinary	4844926	0xfdc765c0744041bdecb0a4d488b46d08d3e6638f8451536af7485e21ffffffff	0x0	1
TRACE	pp_replay_halving_ordinary	4850149	0xfdc765c0744041bdecb0a4d488b46d08d3e6638f8451536af7485e21ffffffff	0x0	1
TRACE	pp_replay_halving_ordinary	4855372	0xfdc765c0744041bdecb0a4d488b46d08d3e6638f8451536af7485e21ffffffff	0x0	1
TRACE	pp_replay_halving_ordinary	4860595	0xfdc765c0744041bdecb0a4d488b46d08d3e6638f8451536af7485e21ffffffff	0x0	0
TRACE	pp_replay_halving_ordinary	4865818	0xfdc765c0744041bdecb0a4d488b46d08d3e6638f8451536af7485e21ffffffff	0x0	0
TRACE	pp_replay_halving_ordinary	4871041	0xfdc765c0744041bdecb0a4d488b46d08d3e6638f8451536af7485e21ffffffff	0x0	0
TRACE	pp_replay_halving_ordinary	4876264	0xfdc765c0744041bdecb0a4d488b46d08d3e6638f8451536af7485e21ffffffff	0x0	0
TRACE	pp_replay_halving_ordinary	4881487	0xfdc765c0744041bdecb0a4d488b46d08d3e6638f8451536af7485e21ffffffff	0x0	0
TRACE	pp_replay_halving_ordinary	4886710	0xfdc765c0744041bdecb0a4d488b46d08d3e6638f8451536af7485e21ffffffff	0x0	0
TRACE	pp_replay_halving_ordinary	4891933	0xfdc765c0744041bdecb0a4d488b46d08d3e6638f8451536af7485e21ffffffff	0x0	0
TRACE	pp_replay_halving_ordinary	4897156	0xfdc765c0744041bdecb0a4d488b46d08d3e6638f8451536af7485e21ffffffff	0x0	0
TRACE	pp_replay_halving_ordinary	4902379	0xfdc765c0744041bdecb0a4d488b46d08d3e6638f8451536af7485e21ffffffff	0x0	1
TRACE	pp_replay_halving_ordinary	4907602	0xfdc765c0744041bdecb0a4d488b46d08d3e6638f8451536af7485e21ffffffff	0x0	1
TRACE	pp_replay_halving_ordinary	4912825	0xfdc765c0744041bdecb0a4d488b46d08d3e6638f8451536af7485e21ffffffff	0x0	1
TRACE	pp_replay_halving_ordinary	4918048	0xfdc765c0744041bdecb0a4d488b46d08d3e6638f8451536af7485e21ffffffff	0x0	1
TRACE	pp_replay_halving_ordinary	4923271	0xfdc765c0744041bdecb0a4d488b46d08d3e6638f8451536af7485e21ffffffff	0x0	1
TRACE	pp_replay_halving_ordinary	4928494	0xfdc765c0744041bdecb0a4d488b46d08d3e6638f8451536af7485e21ffffffff	0x0	1
TRACE	pp_replay_halving_ordinary	4933717	0xfdc765c0744041bdecb0a4d488b46d08d3e6638f8451536af7485e21ffffffff	0x0	1
TRACE	pp_replay_halving_ordinary	4938940	0xfdc765c0744041bdecb0a4d488b46d08d3e6638f8451536af7485e21ffffffff	0x0	1
TRACE	pp_replay_halving_ordinary	4944163	0xfdc765c0744041bdecb0a4d488b46d08d3e6638f8451536af7485e21ffffffff	0x0	1
TRACE	pp_replay_halving_ordinary	4949386	0xfdc765c0744041bdecb0a4d488b46d08d3e6638f8451536af7485e21ffffffff	0x0	1
TRACE	pp_replay_halving_ordinary	4954609	0xfdc765c0744041bdecb0a4d488b46d08d3e6638f8451536af7485e21ffffffff	0x0	0
TRACE	pp_replay_halving_ordinary	4959832	0xfdc765c0744041bdecb0a4d488b46d08d3e6638f8451536af7485e21ffffffff	0x0	0
TRACE	pp_replay_halving_ordinary	4965055	0xfdc765c0744041bdecb0a4d488b46d08d3e6638f8451536af7485e21ffffffff	0x0	0
TRACE	pp_replay_halving_ordinary	4970278	0xfdc765c0744041bdecb0a4d488b46d08d3e6638f8451536af7485e21ffffffff	0x0	0
TRACE	pp_replay_halving_ordinary	4975501	0xfdc765c0744041bdecb0a4d488b46d08d3e6638f8451536af7485e21ffffffff	0x0	1
TRACE	pp_replay_halving_ordinary	4980724	0xfdc765c0744041bdecb0a4d488b46d08d3e6638f8451536af7485e21ffffffff	0x0	1
TRACE	pp_replay_halving_ordinary	4985947	0xfdc765c0744041bdecb0a4d488b46d08d3e6638f8451536af7485e21ffffffff	0x0	1
TRACE	pp_replay_halving_ordinary	4991170	0xfdc765c0744041bdecb0a4d488b46d08d3e6638f8451536af7485e21ffffffff	0x0	1
TRACE	pp_replay_halving_ordinary	4996393	0xfdc765c0744041bdecb0a4d488b46d08d3e6638f8451536af7485e21ffffffff	0x0	1
TRACE	pp_replay_halving_ordinary	5001616	0xfdc765c0744041bdecb0a4d488b46d08d3e6638f8451536af7485e21ffffffff	0x0	1
TRACE	pp_endpoint	5003704	0xfdc765c0744041bdecb0a4d488b46d08d3e6638f8451536af7485e21ffffffff	0xfffffffffffffffffffffffffffffffffffffffffffffffffffffffefffffc2f	1
TRACE	pp_coefficient_clear	5003960	0xfdc765c0744041bdecb0a4d488b46d08d3e6638f8451536af7485e21ffffffff	0xfffffffffffffffffffffffffffffffffffffffffffffffffffffffefffffc2f	1
TRACE	pp_value_reverse	6307621	0xfffffffffffffffffffffffffffffffffffffffffffffffffffffffefffffc33	0xfffffffffffffffffffffffffffffffffffffffffffffffffffffffefffffc2f	1
TRACE	pp_restore_layout	6308633	0x42ee7c6aa3c35cdb5560a020c809181e848c472b5147c0b44dc91ee8e9c07833	0xfffffffffffffffffffffffffffffffffffffffffffffffffffffffefffffc2f	1
TRACE	window_qrom_3x_load_walk	6312843	0x42ee7c6aa3c35cdb5560a020c809181e848c472b5147c0b44dc91ee8e9c07833	0xfffffffffffffffffffffffffffffffffffffffffffffffffffffffefffffc2f	1
TRACE	tlm_coord_add3x	6322890	0xb029afe791598fe05641c7e2339e39338c603dbcdab23b405ba0a2fb2ea8c2cc	0xfffffffffffffffffffffffffffffffffffffffffffffffffffffffefffffc2f	1
TRACE	window_qrom_3x_unload_walk	6323402	0xb029afe791598fe05641c7e2339e39338c603dbcdab23b405ba0a2fb2ea8c2cc	0xfffffffffffffffffffffffffffffffffffffffffffffffffffffffefffffc2f	0
TRACE	window_qrom_3x_unload_clear	6328302	0xb029afe791598fe05641c7e2339e39338c603dbcdab23b405ba0a2fb2ea8c2cc	0xfffffffffffffffffffffffffffffffffffffffffffffffffffffffefffffc2f	1
TRACE	tlm_square	6328558	0xb029afe791598fe05641c7e2339e39338c603dbcdab23b405ba0a2fb2ea8c2cc	0xfffffffffffffffffffffffffffffffffffffffffffffffffffffffefffffc2f	1
TRACE	square_product_register	7252531	0xb029afe791598fe05641c7e2339e39338c603dbcdab23b405ba0a2fb2ea8c2cc	0xfffffffffffffffffffffffffffffffffffffffffffffffffffffffefffffc2f	1
TRACE	pp_setup	7252781	0xb029afe791598fe05641c7e2339e39338c603dbcdab23b405ba0a2fb2ea8c2cc	0xfffffffffffffffffffffffffffffffffffffffffffffffffffffffefffffc2f	1
TRACE	pp_value_forward	8559066	0x2ec96573f28204a5498cf54a929088b66bbe7a7e3d21935e33fec180000000ff	0xfffffffffffffffffffffffffffffffffffffffffffffffffffffffefffffc2f	1
TRACE	pp_coefficient_allocate	8559322	0x2ec96573f28204a5498cf54a929088b66bbe7a7e3d21935e33fec180000000ff	0xfffffffffffffffffffffffffffffffffffffffffffffffffffffffefffffc2f	1
COEFFICIENT	pp_coefficient_allocate	8559322	0xfffffffffffffffffffffffffffffffffffffffffffffffffffffffefffffc2f
TRACE	pp_endpoint	8561154	0x2ec96573f28204a5498cf54a929088b66bbe7a7e3d21935e33fec180000000ff	0x0	1
COEFFICIENT	pp_endpoint	8561154	0x0
TRACE	pp_replay_inverse_ordinary	8566383	0x2ec96573f28204a5498cf54a929088b66bbe7a7e3d21935e33fec180000000ff	0x0	1
COEFFICIENT	pp_replay_inverse_ordinary	8566383	0x0
TRACE	pp_replay_inverse_ordinary	8571612	0x2ec96573f28204a5498cf54a929088b66bbe7a7e3d21935e33fec180000000ff	0x0	1
COEFFICIENT	pp_replay_inverse_ordinary	8571612	0x0
TRACE	pp_replay_inverse_ordinary	8576841	0x2ec96573f28204a5498cf54a929088b66bbe7a7e3d21935e33fec180000000ff	0x0	1
COEFFICIENT	pp_replay_inverse_ordinary	8576841	0x0
TRACE	pp_replay_inverse_ordinary	8582070	0x2ec96573f28204a5498cf54a929088b66bbe7a7e3d21935e33fec180000000ff	0x0	1
COEFFICIENT	pp_replay_inverse_ordinary	8582070	0x0
TRACE	pp_replay_inverse_ordinary	8587299	0x2ec96573f28204a5498cf54a929088b66bbe7a7e3d21935e33fec180000000ff	0x0	1
COEFFICIENT	pp_replay_inverse_ordinary	8587299	0x0
TRACE	pp_replay_inverse_ordinary	8592528	0x2ec96573f28204a5498cf54a929088b66bbe7a7e3d21935e33fec180000000ff	0x0	1
COEFFICIENT	pp_replay_inverse_ordinary	8592528	0x0
TRACE	pp_replay_inverse_ordinary	8597757	0x2ec96573f28204a5498cf54a929088b66bbe7a7e3d21935e33fec180000000ff	0x0	1
COEFFICIENT	pp_replay_inverse_ordinary	8597757	0x0
TRACE	pp_replay_inverse_ordinary	8602986	0x2ec96573f28204a5498cf54a929088b66bbe7a7e3d21935e33fec180000000ff	0x0	1
COEFFICIENT	pp_replay_inverse_ordinary	8602986	0x0
TRACE	pp_replay_inverse_ordinary	8608215	0x2ec96573f28204a5498cf54a929088b66bbe7a7e3d21935e33fec180000000ff	0x0	1
COEFFICIENT	pp_replay_inverse_ordinary	8608215	0x0
TRACE	pp_replay_inverse_ordinary	8613444	0x2ec96573f28204a5498cf54a929088b66bbe7a7e3d21935e33fec180000000ff	0x0	1
COEFFICIENT	pp_replay_inverse_ordinary	8613444	0x0
TRACE	pp_replay_inverse_ordinary	8618673	0x2ec96573f28204a5498cf54a929088b66bbe7a7e3d21935e33fec180000000ff	0x0	1
COEFFICIENT	pp_replay_inverse_ordinary	8618673	0x0
TRACE	pp_replay_inverse_ordinary	8623902	0x2ec96573f28204a5498cf54a929088b66bbe7a7e3d21935e33fec180000000ff	0x0	1
COEFFICIENT	pp_replay_inverse_ordinary	8623902	0x0
TRACE	pp_replay_inverse_ordinary	8629131	0x2ec96573f28204a5498cf54a929088b66bbe7a7e3d21935e33fec180000000ff	0x0	1
COEFFICIENT	pp_replay_inverse_ordinary	8629131	0x0
TRACE	pp_replay_inverse_ordinary	8634360	0x2ec96573f28204a5498cf54a929088b66bbe7a7e3d21935e33fec180000000ff	0x0	1
COEFFICIENT	pp_replay_inverse_ordinary	8634360	0x0
TRACE	pp_replay_inverse_ordinary	8639589	0x2ec96573f28204a5498cf54a929088b66bbe7a7e3d21935e33fec180000000ff	0x0	1
COEFFICIENT	pp_replay_inverse_ordinary	8639589	0x0
TRACE	pp_replay_inverse_ordinary	8644818	0x2ec96573f28204a5498cf54a929088b66bbe7a7e3d21935e33fec180000000ff	0x0	1
COEFFICIENT	pp_replay_inverse_ordinary	8644818	0x0
TRACE	pp_replay_inverse_ordinary	8650047	0x2ec96573f28204a5498cf54a929088b66bbe7a7e3d21935e33fec180000000ff	0x0	1
COEFFICIENT	pp_replay_inverse_ordinary	8650047	0x0
TRACE	pp_replay_inverse_ordinary	8655276	0x2ec96573f28204a5498cf54a929088b66bbe7a7e3d21935e33fec180000000ff	0x0	1
COEFFICIENT	pp_replay_inverse_ordinary	8655276	0x0
TRACE	pp_replay_inverse_ordinary	8660505	0x2ec96573f28204a5498cf54a929088b66bbe7a7e3d21935e33fec180000000ff	0x0	1
COEFFICIENT	pp_replay_inverse_ordinary	8660505	0x0
TRACE	pp_replay_inverse_ordinary	8665734	0x2ec96573f28204a5498cf54a929088b66bbe7a7e3d21935e33fec180000000ff	0x0	1
COEFFICIENT	pp_replay_inverse_ordinary	8665734	0x0
TRACE	pp_replay_inverse_ordinary	8670963	0x2ec96573f28204a5498cf54a929088b66bbe7a7e3d21935e33fec180000000ff	0x0	1
COEFFICIENT	pp_replay_inverse_ordinary	8670963	0x0
TRACE	pp_replay_inverse_ordinary	8676192	0x2ec96573f28204a5498cf54a929088b66bbe7a7e3d21935e33fec180000000ff	0x0	1
COEFFICIENT	pp_replay_inverse_ordinary	8676192	0x0
TRACE	pp_replay_inverse_ordinary	8681421	0x2ec96573f28204a5498cf54a929088b66bbe7a7e3d21935e33fec180000000ff	0x0	1
COEFFICIENT	pp_replay_inverse_ordinary	8681421	0x0
TRACE	pp_replay_inverse_ordinary	8686650	0x2ec96573f28204a5498cf54a929088b66bbe7a7e3d21935e33fec180000000ff	0x0	1
COEFFICIENT	pp_replay_inverse_ordinary	8686650	0x0
TRACE	pp_replay_inverse_ordinary	8691879	0x2ec96573f28204a5498cf54a929088b66bbe7a7e3d21935e33fec180000000ff	0x0	1
COEFFICIENT	pp_replay_inverse_ordinary	8691879	0x0
TRACE	pp_replay_inverse_ordinary	8697108	0x2ec96573f28204a5498cf54a929088b66bbe7a7e3d21935e33fec180000000ff	0x0	1
COEFFICIENT	pp_replay_inverse_ordinary	8697108	0x0
TRACE	pp_replay_inverse_ordinary	8702337	0x2ec96573f28204a5498cf54a929088b66bbe7a7e3d21935e33fec180000000ff	0x0	1
COEFFICIENT	pp_replay_inverse_ordinary	8702337	0x0
TRACE	pp_replay_inverse_ordinary	8707566	0x2ec96573f28204a5498cf54a929088b66bbe7a7e3d21935e33fec180000000ff	0x0	1
COEFFICIENT	pp_replay_inverse_ordinary	8707566	0x0
TRACE	pp_replay_inverse_ordinary	8712795	0x2ec96573f28204a5498cf54a929088b66bbe7a7e3d21935e33fec180000000ff	0x0	1
COEFFICIENT	pp_replay_inverse_ordinary	8712795	0x0
TRACE	pp_replay_inverse_ordinary	8718024	0x2ec96573f28204a5498cf54a929088b66bbe7a7e3d21935e33fec180000000ff	0x0	1
COEFFICIENT	pp_replay_inverse_ordinary	8718024	0x0
TRACE	pp_replay_inverse_ordinary	8723253	0x2ec96573f28204a5498cf54a929088b66bbe7a7e3d21935e33fec180000000ff	0x0	1
COEFFICIENT	pp_replay_inverse_ordinary	8723253	0x0
TRACE	pp_replay_inverse_ordinary	8728482	0x2ec96573f28204a5498cf54a929088b66bbe7a7e3d21935e33fec180000000ff	0x0	1
COEFFICIENT	pp_replay_inverse_ordinary	8728482	0x0
TRACE	pp_replay_inverse_ordinary	8733711	0x2ec96573f28204a5498cf54a929088b66bbe7a7e3d21935e33fec180000000ff	0x0	1
COEFFICIENT	pp_replay_inverse_ordinary	8733711	0x0
TRACE	pp_replay_inverse_ordinary	8738940	0x2ec96573f28204a5498cf54a929088b66bbe7a7e3d21935e33fec180000000ff	0x0	1
COEFFICIENT	pp_replay_inverse_ordinary	8738940	0x0
TRACE	pp_replay_inverse_ordinary	8744169	0x2ec96573f28204a5498cf54a929088b66bbe7a7e3d21935e33fec180000000ff	0x0	1
COEFFICIENT	pp_replay_inverse_ordinary	8744169	0x0
TRACE	pp_replay_inverse_ordinary	8749398	0x2ec96573f28204a5498cf54a929088b66bbe7a7e3d21935e33fec180000000ff	0x0	1
COEFFICIENT	pp_replay_inverse_ordinary	8749398	0x0
TRACE	pp_replay_inverse_ordinary	8754627	0x2ec96573f28204a5498cf54a929088b66bbe7a7e3d21935e33fec180000000ff	0x0	1
COEFFICIENT	pp_replay_inverse_ordinary	8754627	0x0
TRACE	pp_replay_inverse_ordinary	8759856	0x2ec96573f28204a5498cf54a929088b66bbe7a7e3d21935e33fec180000000ff	0x0	1
COEFFICIENT	pp_replay_inverse_ordinary	8759856	0x0
TRACE	pp_replay_inverse_ordinary	8765085	0x2ec96573f28204a5498cf54a929088b66bbe7a7e3d21935e33fec180000000ff	0x0	1
COEFFICIENT	pp_replay_inverse_ordinary	8765085	0x0
TRACE	pp_replay_inverse_ordinary	8770314	0x2ec96573f28204a5498cf54a929088b66bbe7a7e3d21935e33fec180000000ff	0x0	1
COEFFICIENT	pp_replay_inverse_ordinary	8770314	0x0
TRACE	pp_replay_inverse_ordinary	8775543	0x2ec96573f28204a5498cf54a929088b66bbe7a7e3d21935e33fec180000000ff	0x0	1
COEFFICIENT	pp_replay_inverse_ordinary	8775543	0x0
TRACE	pp_replay_inverse_ordinary	8780772	0x2ec96573f28204a5498cf54a929088b66bbe7a7e3d21935e33fec180000000ff	0x0	1
COEFFICIENT	pp_replay_inverse_ordinary	8780772	0x0
TRACE	pp_replay_inverse_ordinary	8786001	0x2ec96573f28204a5498cf54a929088b66bbe7a7e3d21935e33fec180000000ff	0x0	1
COEFFICIENT	pp_replay_inverse_ordinary	8786001	0x0
TRACE	pp_replay_inverse_ordinary	8791230	0x2ec96573f28204a5498cf54a929088b66bbe7a7e3d21935e33fec180000000ff	0x0	1
COEFFICIENT	pp_replay_inverse_ordinary	8791230	0x0
TRACE	pp_replay_inverse_ordinary	8796459	0x2ec96573f28204a5498cf54a929088b66bbe7a7e3d21935e33fec180000000ff	0x0	1
COEFFICIENT	pp_replay_inverse_ordinary	8796459	0x0
TRACE	pp_replay_inverse_ordinary	8801688	0x2ec96573f28204a5498cf54a929088b66bbe7a7e3d21935e33fec180000000ff	0x0	1
COEFFICIENT	pp_replay_inverse_ordinary	8801688	0x0
TRACE	pp_replay_inverse_ordinary	8806917	0x2ec96573f28204a5498cf54a929088b66bbe7a7e3d21935e33fec180000000ff	0x0	1
COEFFICIENT	pp_replay_inverse_ordinary	8806917	0x0
TRACE	pp_replay_inverse_ordinary	8812146	0x2ec96573f28204a5498cf54a929088b66bbe7a7e3d21935e33fec180000000ff	0x0	1
COEFFICIENT	pp_replay_inverse_ordinary	8812146	0x0
TRACE	pp_replay_inverse_ordinary	8817375	0x2ec96573f28204a5498cf54a929088b66bbe7a7e3d21935e33fec180000000ff	0x0	1
COEFFICIENT	pp_replay_inverse_ordinary	8817375	0x0
TRACE	pp_replay_inverse_ordinary	8822604	0x2ec96573f28204a5498cf54a929088b66bbe7a7e3d21935e33fec180000000ff	0x0	1
COEFFICIENT	pp_replay_inverse_ordinary	8822604	0x0
TRACE	pp_replay_inverse_ordinary	8827833	0x2ec96573f28204a5498cf54a929088b66bbe7a7e3d21935e33fec180000000ff	0x0	1
COEFFICIENT	pp_replay_inverse_ordinary	8827833	0x0
TRACE	pp_replay_inverse_ordinary	8833062	0x2ec96573f28204a5498cf54a929088b66bbe7a7e3d21935e33fec180000000ff	0x0	1
COEFFICIENT	pp_replay_inverse_ordinary	8833062	0x0
TRACE	pp_replay_inverse_ordinary	8838291	0x2ec96573f28204a5498cf54a929088b66bbe7a7e3d21935e33fec180000000ff	0x0	1
COEFFICIENT	pp_replay_inverse_ordinary	8838291	0x0
TRACE	pp_replay_inverse_ordinary	8843520	0x2ec96573f28204a5498cf54a929088b66bbe7a7e3d21935e33fec180000000ff	0x0	1
COEFFICIENT	pp_replay_inverse_ordinary	8843520	0x0
TRACE	pp_replay_inverse_ordinary	8848749	0x2ec96573f28204a5498cf54a929088b66bbe7a7e3d21935e33fec180000000ff	0x0	1
COEFFICIENT	pp_replay_inverse_ordinary	8848749	0x0
TRACE	pp_replay_inverse_ordinary	8853978	0x2ec96573f28204a5498cf54a929088b66bbe7a7e3d21935e33fec180000000ff	0x0	1
COEFFICIENT	pp_replay_inverse_ordinary	8853978	0x0
TRACE	pp_replay_inverse_ordinary	8859207	0x2ec96573f28204a5498cf54a929088b66bbe7a7e3d21935e33fec180000000ff	0x0	1
COEFFICIENT	pp_replay_inverse_ordinary	8859207	0x0
TRACE	pp_replay_inverse_ordinary	8864436	0x2ec96573f28204a5498cf54a929088b66bbe7a7e3d21935e33fec180000000ff	0x0	1
COEFFICIENT	pp_replay_inverse_ordinary	8864436	0x0
TRACE	pp_replay_inverse_ordinary	8869665	0x2ec96573f28204a5498cf54a929088b66bbe7a7e3d21935e33fec180000000ff	0x0	1
COEFFICIENT	pp_replay_inverse_ordinary	8869665	0x0
TRACE	pp_replay_inverse_ordinary	8874894	0x2ec96573f28204a5498cf54a929088b66bbe7a7e3d21935e33fec180000000ff	0x0	1
COEFFICIENT	pp_replay_inverse_ordinary	8874894	0x0
TRACE	pp_replay_inverse_ordinary	8880123	0x2ec96573f28204a5498cf54a929088b66bbe7a7e3d21935e33fec180000000ff	0x0	1
COEFFICIENT	pp_replay_inverse_ordinary	8880123	0x0
TRACE	pp_replay_inverse_ordinary	8885352	0x2ec96573f28204a5498cf54a929088b66bbe7a7e3d21935e33fec180000000ff	0x0	1
COEFFICIENT	pp_replay_inverse_ordinary	8885352	0x0
TRACE	pp_replay_inverse_ordinary	8890581	0x2ec96573f28204a5498cf54a929088b66bbe7a7e3d21935e33fec180000000ff	0x0	1
COEFFICIENT	pp_replay_inverse_ordinary	8890581	0x0
TRACE	pp_replay_inverse_ordinary	8895810	0x2ec96573f28204a5498cf54a929088b66bbe7a7e3d21935e33fec180000000ff	0x0	1
COEFFICIENT	pp_replay_inverse_ordinary	8895810	0x0
TRACE	pp_replay_inverse_ordinary	8901039	0x2ec96573f28204a5498cf54a929088b66bbe7a7e3d21935e33fec180000000ff	0x0	1
COEFFICIENT	pp_replay_inverse_ordinary	8901039	0x0
TRACE	pp_replay_inverse_ordinary	8906268	0x2ec96573f28204a5498cf54a929088b66bbe7a7e3d21935e33fec180000000ff	0x0	1
COEFFICIENT	pp_replay_inverse_ordinary	8906268	0x0
TRACE	pp_replay_inverse_ordinary	8911497	0x2ec96573f28204a5498cf54a929088b66bbe7a7e3d21935e33fec180000000ff	0x0	1
COEFFICIENT	pp_replay_inverse_ordinary	8911497	0x0
TRACE	pp_replay_inverse_ordinary	8916726	0x2ec96573f28204a5498cf54a929088b66bbe7a7e3d21935e33fec180000000ff	0x0	1
COEFFICIENT	pp_replay_inverse_ordinary	8916726	0x0
TRACE	pp_replay_inverse_ordinary	8921955	0x2ec96573f28204a5498cf54a929088b66bbe7a7e3d21935e33fec180000000ff	0x0	1
COEFFICIENT	pp_replay_inverse_ordinary	8921955	0x0
TRACE	pp_replay_inverse_ordinary	8927184	0x2ec96573f28204a5498cf54a929088b66bbe7a7e3d21935e33fec180000000ff	0x0	1
COEFFICIENT	pp_replay_inverse_ordinary	8927184	0x0
TRACE	pp_replay_inverse_ordinary	8932413	0x2ec96573f28204a5498cf54a929088b66bbe7a7e3d21935e33fec180000000ff	0x0	1
COEFFICIENT	pp_replay_inverse_ordinary	8932413	0x0
TRACE	pp_replay_inverse_ordinary	8937642	0x2ec96573f28204a5498cf54a929088b66bbe7a7e3d21935e33fec180000000ff	0x0	1
COEFFICIENT	pp_replay_inverse_ordinary	8937642	0x0
TRACE	pp_replay_inverse_ordinary	8942871	0x2ec96573f28204a5498cf54a929088b66bbe7a7e3d21935e33fec180000000ff	0x0	1
COEFFICIENT	pp_replay_inverse_ordinary	8942871	0x0
TRACE	pp_replay_inverse_ordinary	8948100	0x2ec96573f28204a5498cf54a929088b66bbe7a7e3d21935e33fec180000000ff	0x0	1
COEFFICIENT	pp_replay_inverse_ordinary	8948100	0x0
TRACE	pp_replay_inverse_ordinary	8953329	0x2ec96573f28204a5498cf54a929088b66bbe7a7e3d21935e33fec180000000ff	0x0	1
COEFFICIENT	pp_replay_inverse_ordinary	8953329	0x0
TRACE	pp_replay_inverse_ordinary	8958558	0x2ec96573f28204a5498cf54a929088b66bbe7a7e3d21935e33fec180000000ff	0x0	1
COEFFICIENT	pp_replay_inverse_ordinary	8958558	0x0
TRACE	pp_replay_inverse_ordinary	8963787	0x2ec96573f28204a5498cf54a929088b66bbe7a7e3d21935e33fec180000000ff	0x0	1
COEFFICIENT	pp_replay_inverse_ordinary	8963787	0x0
TRACE	pp_replay_inverse_ordinary	8969016	0x2ec96573f28204a5498cf54a929088b66bbe7a7e3d21935e33fec180000000ff	0x0	1
COEFFICIENT	pp_replay_inverse_ordinary	8969016	0x0
TRACE	pp_replay_inverse_ordinary	8974245	0x2ec96573f28204a5498cf54a929088b66bbe7a7e3d21935e33fec180000000ff	0x0	1
COEFFICIENT	pp_replay_inverse_ordinary	8974245	0x0
TRACE	pp_replay_inverse_ordinary	8979474	0x2ec96573f28204a5498cf54a929088b66bbe7a7e3d21935e33fec180000000ff	0x0	1
COEFFICIENT	pp_replay_inverse_ordinary	8979474	0x0
TRACE	pp_replay_inverse_ordinary	8984703	0x2ec96573f28204a5498cf54a929088b66bbe7a7e3d21935e33fec180000000ff	0x0	1
COEFFICIENT	pp_replay_inverse_ordinary	8984703	0x0
TRACE	pp_replay_inverse_ordinary	8989932	0x2ec96573f28204a5498cf54a929088b66bbe7a7e3d21935e33fec180000000ff	0x0	1
COEFFICIENT	pp_replay_inverse_ordinary	8989932	0x0
TRACE	pp_replay_inverse_ordinary	8995161	0x2ec96573f28204a5498cf54a929088b66bbe7a7e3d21935e33fec180000000ff	0x0	1
COEFFICIENT	pp_replay_inverse_ordinary	8995161	0x0
TRACE	pp_replay_inverse_ordinary	9000390	0x2ec96573f28204a5498cf54a929088b66bbe7a7e3d21935e33fec180000000ff	0x0	1
COEFFICIENT	pp_replay_inverse_ordinary	9000390	0x0
TRACE	pp_replay_inverse_ordinary	9005619	0x2ec96573f28204a5498cf54a929088b66bbe7a7e3d21935e33fec180000000ff	0x0	1
COEFFICIENT	pp_replay_inverse_ordinary	9005619	0x0
TRACE	pp_replay_inverse_ordinary	9010848	0x2ec96573f28204a5498cf54a929088b66bbe7a7e3d21935e33fec180000000ff	0x0	1
COEFFICIENT	pp_replay_inverse_ordinary	9010848	0x0
TRACE	pp_replay_inverse_ordinary	9016077	0x2ec96573f28204a5498cf54a929088b66bbe7a7e3d21935e33fec180000000ff	0x0	1
COEFFICIENT	pp_replay_inverse_ordinary	9016077	0x0
TRACE	pp_replay_inverse_ordinary	9021306	0x2ec96573f28204a5498cf54a929088b66bbe7a7e3d21935e33fec180000000ff	0x0	1
COEFFICIENT	pp_replay_inverse_ordinary	9021306	0x0
TRACE	pp_replay_inverse_ordinary	9026535	0x2ec96573f28204a5498cf54a929088b66bbe7a7e3d21935e33fec180000000ff	0x0	1
COEFFICIENT	pp_replay_inverse_ordinary	9026535	0x0
TRACE	pp_replay_inverse_ordinary	9031764	0x2ec96573f28204a5498cf54a929088b66bbe7a7e3d21935e33fec180000000ff	0x0	1
COEFFICIENT	pp_replay_inverse_ordinary	9031764	0x0
TRACE	pp_replay_inverse_ordinary	9036993	0x2ec96573f28204a5498cf54a929088b66bbe7a7e3d21935e33fec180000000ff	0x0	1
COEFFICIENT	pp_replay_inverse_ordinary	9036993	0x0
TRACE	pp_replay_inverse_ordinary	9042222	0x2ec96573f28204a5498cf54a929088b66bbe7a7e3d21935e33fec180000000ff	0x0	1
COEFFICIENT	pp_replay_inverse_ordinary	9042222	0x0
TRACE	pp_replay_inverse_ordinary	9047451	0x2ec96573f28204a5498cf54a929088b66bbe7a7e3d21935e33fec180000000ff	0x0	1
COEFFICIENT	pp_replay_inverse_ordinary	9047451	0x0
TRACE	pp_replay_inverse_ordinary	9052680	0x2ec96573f28204a5498cf54a929088b66bbe7a7e3d21935e33fec180000000ff	0x0	1
COEFFICIENT	pp_replay_inverse_ordinary	9052680	0x0
TRACE	pp_replay_inverse_ordinary	9057909	0x2ec96573f28204a5498cf54a929088b66bbe7a7e3d21935e33fec180000000ff	0x0	1
COEFFICIENT	pp_replay_inverse_ordinary	9057909	0x0
TRACE	pp_replay_inverse_ordinary	9063138	0x2ec96573f28204a5498cf54a929088b66bbe7a7e3d21935e33fec180000000ff	0x0	1
COEFFICIENT	pp_replay_inverse_ordinary	9063138	0x0
TRACE	pp_replay_inverse_ordinary	9068367	0x2ec96573f28204a5498cf54a929088b66bbe7a7e3d21935e33fec180000000ff	0x0	1
COEFFICIENT	pp_replay_inverse_ordinary	9068367	0x0
TRACE	pp_replay_inverse_ordinary	9073596	0x2ec96573f28204a5498cf54a929088b66bbe7a7e3d21935e33fec180000000ff	0x0	1
COEFFICIENT	pp_replay_inverse_ordinary	9073596	0x0
TRACE	pp_replay_inverse_ordinary	9078825	0x2ec96573f28204a5498cf54a929088b66bbe7a7e3d21935e33fec180000000ff	0x0	1
COEFFICIENT	pp_replay_inverse_ordinary	9078825	0x0
TRACE	pp_replay_inverse_ordinary	9084054	0x2ec96573f28204a5498cf54a929088b66bbe7a7e3d21935e33fec180000000ff	0x0	1
COEFFICIENT	pp_replay_inverse_ordinary	9084054	0x0
TRACE	pp_replay_inverse_ordinary	9089283	0x2ec96573f28204a5498cf54a929088b66bbe7a7e3d21935e33fec180000000ff	0x0	1
COEFFICIENT	pp_replay_inverse_ordinary	9089283	0x0
TRACE	pp_replay_inverse_ordinary	9094512	0x2ec96573f28204a5498cf54a929088b66bbe7a7e3d21935e33fec180000000ff	0x0	1
COEFFICIENT	pp_replay_inverse_ordinary	9094512	0x0
TRACE	pp_replay_inverse_ordinary	9099741	0x2ec96573f28204a5498cf54a929088b66bbe7a7e3d21935e33fec180000000ff	0x0	1
COEFFICIENT	pp_replay_inverse_ordinary	9099741	0x0
TRACE	pp_replay_inverse_ordinary	9104970	0x2ec96573f28204a5498cf54a929088b66bbe7a7e3d21935e33fec180000000ff	0x0	1
COEFFICIENT	pp_replay_inverse_ordinary	9104970	0x0
TRACE	pp_replay_inverse_ordinary	9110199	0x2ec96573f28204a5498cf54a929088b66bbe7a7e3d21935e33fec180000000ff	0x0	1
COEFFICIENT	pp_replay_inverse_ordinary	9110199	0x0
TRACE	pp_replay_inverse_ordinary	9115428	0x2ec96573f28204a5498cf54a929088b66bbe7a7e3d21935e33fec180000000ff	0x0	1
COEFFICIENT	pp_replay_inverse_ordinary	9115428	0x0
TRACE	pp_replay_inverse_ordinary	9120657	0x2ec96573f28204a5498cf54a929088b66bbe7a7e3d21935e33fec180000000ff	0x0	1
COEFFICIENT	pp_replay_inverse_ordinary	9120657	0x0
TRACE	pp_replay_inverse_ordinary	9125886	0x2ec96573f28204a5498cf54a929088b66bbe7a7e3d21935e33fec180000000ff	0x0	1
COEFFICIENT	pp_replay_inverse_ordinary	9125886	0x0
TRACE	pp_replay_inverse_ordinary	9131115	0x2ec96573f28204a5498cf54a929088b66bbe7a7e3d21935e33fec180000000ff	0x0	1
COEFFICIENT	pp_replay_inverse_ordinary	9131115	0x0
TRACE	pp_replay_inverse_ordinary	9136344	0x2ec96573f28204a5498cf54a929088b66bbe7a7e3d21935e33fec180000000ff	0x0	1
COEFFICIENT	pp_replay_inverse_ordinary	9136344	0x0
TRACE	pp_replay_inverse_ordinary	9141573	0x2ec96573f28204a5498cf54a929088b66bbe7a7e3d21935e33fec180000000ff	0x0	1
COEFFICIENT	pp_replay_inverse_ordinary	9141573	0x0
TRACE	pp_replay_inverse_ordinary	9146802	0x2ec96573f28204a5498cf54a929088b66bbe7a7e3d21935e33fec180000000ff	0x0	1
COEFFICIENT	pp_replay_inverse_ordinary	9146802	0x0
TRACE	pp_replay_inverse_ordinary	9152031	0x2ec96573f28204a5498cf54a929088b66bbe7a7e3d21935e33fec180000000ff	0x0	1
COEFFICIENT	pp_replay_inverse_ordinary	9152031	0x0
TRACE	pp_replay_inverse_ordinary	9157260	0x2ec96573f28204a5498cf54a929088b66bbe7a7e3d21935e33fec180000000ff	0x0	1
COEFFICIENT	pp_replay_inverse_ordinary	9157260	0x0
TRACE	pp_replay_inverse_ordinary	9162489	0x2ec96573f28204a5498cf54a929088b66bbe7a7e3d21935e33fec180000000ff	0x0	1
COEFFICIENT	pp_replay_inverse_ordinary	9162489	0x0
TRACE	pp_replay_inverse_ordinary	9167718	0x2ec96573f28204a5498cf54a929088b66bbe7a7e3d21935e33fec180000000ff	0x0	1
COEFFICIENT	pp_replay_inverse_ordinary	9167718	0x0
TRACE	pp_replay_inverse_ordinary	9172947	0x2ec96573f28204a5498cf54a929088b66bbe7a7e3d21935e33fec180000000ff	0x0	1
COEFFICIENT	pp_replay_inverse_ordinary	9172947	0x0
TRACE	pp_replay_inverse_ordinary	9178176	0x2ec96573f28204a5498cf54a929088b66bbe7a7e3d21935e33fec180000000ff	0x0	1
COEFFICIENT	pp_replay_inverse_ordinary	9178176	0x0
TRACE	pp_replay_inverse_ordinary	9183405	0x2ec96573f28204a5498cf54a929088b66bbe7a7e3d21935e33fec180000000ff	0x0	1
COEFFICIENT	pp_replay_inverse_ordinary	9183405	0x0
TRACE	pp_replay_inverse_ordinary	9188634	0x2ec96573f28204a5498cf54a929088b66bbe7a7e3d21935e33fec180000000ff	0x0	1
COEFFICIENT	pp_replay_inverse_ordinary	9188634	0x0
TRACE	pp_replay_inverse_ordinary	9193863	0x2ec96573f28204a5498cf54a929088b66bbe7a7e3d21935e33fec180000000ff	0x0	1
COEFFICIENT	pp_replay_inverse_ordinary	9193863	0x0
TRACE	pp_replay_inverse_ordinary	9199092	0x2ec96573f28204a5498cf54a929088b66bbe7a7e3d21935e33fec180000000ff	0x0	1
COEFFICIENT	pp_replay_inverse_ordinary	9199092	0x0
TRACE	pp_replay_inverse_ordinary	9204321	0x2ec96573f28204a5498cf54a929088b66bbe7a7e3d21935e33fec180000000ff	0x0	1
COEFFICIENT	pp_replay_inverse_ordinary	9204321	0x0
TRACE	pp_replay_inverse_ordinary	9209550	0x2ec96573f28204a5498cf54a929088b66bbe7a7e3d21935e33fec180000000ff	0x0	1
COEFFICIENT	pp_replay_inverse_ordinary	9209550	0x0
TRACE	pp_replay_inverse_ordinary	9214779	0x2ec96573f28204a5498cf54a929088b66bbe7a7e3d21935e33fec180000000ff	0x0	1
COEFFICIENT	pp_replay_inverse_ordinary	9214779	0x0
TRACE	pp_replay_inverse_ordinary	9220008	0x2ec96573f28204a5498cf54a929088b66bbe7a7e3d21935e33fec180000000ff	0x0	1
COEFFICIENT	pp_replay_inverse_ordinary	9220008	0x0
TRACE	pp_replay_inverse_ordinary	9225237	0x2ec96573f28204a5498cf54a929088b66bbe7a7e3d21935e33fec180000000ff	0x0	1
COEFFICIENT	pp_replay_inverse_ordinary	9225237	0x0
TRACE	pp_replay_inverse_ordinary	9230466	0x2ec96573f28204a5498cf54a929088b66bbe7a7e3d21935e33fec180000000ff	0x0	1
COEFFICIENT	pp_replay_inverse_ordinary	9230466	0x0
TRACE	pp_replay_inverse_ordinary	9235695	0x2ec96573f28204a5498cf54a929088b66bbe7a7e3d21935e33fec180000000ff	0x0	1
COEFFICIENT	pp_replay_inverse_ordinary	9235695	0x0
TRACE	pp_replay_inverse_ordinary	9240924	0x2ec96573f28204a5498cf54a929088b66bbe7a7e3d21935e33fec180000000ff	0x0	1
COEFFICIENT	pp_replay_inverse_ordinary	9240924	0x0
TRACE	pp_replay_inverse_ordinary	9246153	0x2ec96573f28204a5498cf54a929088b66bbe7a7e3d21935e33fec180000000ff	0x0	1
COEFFICIENT	pp_replay_inverse_ordinary	9246153	0x0
TRACE	pp_replay_inverse_ordinary	9251382	0x2ec96573f28204a5498cf54a929088b66bbe7a7e3d21935e33fec180000000ff	0x0	1
COEFFICIENT	pp_replay_inverse_ordinary	9251382	0x0
TRACE	pp_replay_inverse_ordinary	9256611	0x2ec96573f28204a5498cf54a929088b66bbe7a7e3d21935e33fec180000000ff	0x0	1
COEFFICIENT	pp_replay_inverse_ordinary	9256611	0x0
TRACE	pp_replay_inverse_ordinary	9261840	0x2ec96573f28204a5498cf54a929088b66bbe7a7e3d21935e33fec180000000ff	0x0	1
COEFFICIENT	pp_replay_inverse_ordinary	9261840	0x0
TRACE	pp_replay_inverse_ordinary	9267069	0x2ec96573f28204a5498cf54a929088b66bbe7a7e3d21935e33fec180000000ff	0x0	1
COEFFICIENT	pp_replay_inverse_ordinary	9267069	0x0
TRACE	pp_replay_inverse_ordinary	9272298	0x2ec96573f28204a5498cf54a929088b66bbe7a7e3d21935e33fec180000000ff	0x0	1
COEFFICIENT	pp_replay_inverse_ordinary	9272298	0x0
TRACE	pp_replay_inverse_ordinary	9277527	0x2ec96573f28204a5498cf54a929088b66bbe7a7e3d21935e33fec180000000ff	0x0	1
COEFFICIENT	pp_replay_inverse_ordinary	9277527	0x0
TRACE	pp_replay_inverse_ordinary	9282756	0x2ec96573f28204a5498cf54a929088b66bbe7a7e3d21935e33fec180000000ff	0x0	1
COEFFICIENT	pp_replay_inverse_ordinary	9282756	0x0
TRACE	pp_replay_inverse_ordinary	9287985	0x2ec96573f28204a5498cf54a929088b66bbe7a7e3d21935e33fec180000000ff	0x0	1
COEFFICIENT	pp_replay_inverse_ordinary	9287985	0x0
TRACE	pp_replay_inverse_ordinary	9293214	0x2ec96573f28204a5498cf54a929088b66bbe7a7e3d21935e33fec180000000ff	0x0	1
COEFFICIENT	pp_replay_inverse_ordinary	9293214	0x0
TRACE	pp_replay_inverse_ordinary	9298443	0x2ec96573f28204a5498cf54a929088b66bbe7a7e3d21935e33fec180000000ff	0x0	1
COEFFICIENT	pp_replay_inverse_ordinary	9298443	0x0
TRACE	pp_replay_inverse_ordinary	9303672	0x2ec96573f28204a5498cf54a929088b66bbe7a7e3d21935e33fec180000000ff	0x0	1
COEFFICIENT	pp_replay_inverse_ordinary	9303672	0x0
TRACE	pp_replay_inverse_ordinary	9308901	0x2ec96573f28204a5498cf54a929088b66bbe7a7e3d21935e33fec180000000ff	0x0	1
COEFFICIENT	pp_replay_inverse_ordinary	9308901	0x0
TRACE	pp_replay_inverse_ordinary	9314130	0x2ec96573f28204a5498cf54a929088b66bbe7a7e3d21935e33fec180000000ff	0x0	1
COEFFICIENT	pp_replay_inverse_ordinary	9314130	0x0
TRACE	pp_replay_inverse_ordinary	9319359	0x2ec96573f28204a5498cf54a929088b66bbe7a7e3d21935e33fec180000000ff	0x0	1
COEFFICIENT	pp_replay_inverse_ordinary	9319359	0x0
TRACE	pp_replay_inverse_ordinary	9324588	0x2ec96573f28204a5498cf54a929088b66bbe7a7e3d21935e33fec180000000ff	0x0	1
COEFFICIENT	pp_replay_inverse_ordinary	9324588	0x0
TRACE	pp_replay_inverse_ordinary	9329817	0x2ec96573f28204a5498cf54a929088b66bbe7a7e3d21935e33fec180000000ff	0x0	1
COEFFICIENT	pp_replay_inverse_ordinary	9329817	0x0
TRACE	pp_replay_inverse_ordinary	9335046	0x2ec96573f28204a5498cf54a929088b66bbe7a7e3d21935e33fec180000000ff	0x0	1
COEFFICIENT	pp_replay_inverse_ordinary	9335046	0x0
TRACE	pp_replay_inverse_ordinary	9340275	0x2ec96573f28204a5498cf54a929088b66bbe7a7e3d21935e33fec180000000ff	0x0	1
COEFFICIENT	pp_replay_inverse_ordinary	9340275	0x0
TRACE	pp_replay_inverse_ordinary	9345504	0x2ec96573f28204a5498cf54a929088b66bbe7a7e3d21935e33fec180000000ff	0x0	1
COEFFICIENT	pp_replay_inverse_ordinary	9345504	0x0
TRACE	pp_replay_inverse_ordinary	9350733	0x2ec96573f28204a5498cf54a929088b66bbe7a7e3d21935e33fec180000000ff	0x0	1
COEFFICIENT	pp_replay_inverse_ordinary	9350733	0x0
TRACE	pp_replay_inverse_ordinary	9355962	0x2ec96573f28204a5498cf54a929088b66bbe7a7e3d21935e33fec180000000ff	0x0	1
COEFFICIENT	pp_replay_inverse_ordinary	9355962	0x0
TRACE	pp_replay_inverse_ordinary	9361191	0x2ec96573f28204a5498cf54a929088b66bbe7a7e3d21935e33fec180000000ff	0x0	1
COEFFICIENT	pp_replay_inverse_ordinary	9361191	0x0
TRACE	pp_replay_inverse_ordinary	9366420	0x2ec96573f28204a5498cf54a929088b66bbe7a7e3d21935e33fec180000000ff	0x0	1
COEFFICIENT	pp_replay_inverse_ordinary	9366420	0x0
TRACE	pp_replay_inverse_ordinary	9371649	0x2ec96573f28204a5498cf54a929088b66bbe7a7e3d21935e33fec180000000ff	0x0	1
COEFFICIENT	pp_replay_inverse_ordinary	9371649	0x0
TRACE	pp_replay_inverse_ordinary	9376878	0x2ec96573f28204a5498cf54a929088b66bbe7a7e3d21935e33fec180000000ff	0x0	1
COEFFICIENT	pp_replay_inverse_ordinary	9376878	0x0
TRACE	pp_replay_inverse_ordinary	9382107	0x2ec96573f28204a5498cf54a929088b66bbe7a7e3d21935e33fec180000000ff	0x0	1
COEFFICIENT	pp_replay_inverse_ordinary	9382107	0x0
TRACE	pp_replay_inverse_ordinary	9387336	0x2ec96573f28204a5498cf54a929088b66bbe7a7e3d21935e33fec180000000ff	0x0	1
COEFFICIENT	pp_replay_inverse_ordinary	9387336	0x0
TRACE	pp_replay_inverse_ordinary	9392565	0x2ec96573f28204a5498cf54a929088b66bbe7a7e3d21935e33fec180000000ff	0x0	1
COEFFICIENT	pp_replay_inverse_ordinary	9392565	0x0
TRACE	pp_replay_inverse_ordinary	9397794	0x2ec96573f28204a5498cf54a929088b66bbe7a7e3d21935e33fec180000000ff	0x0	1
COEFFICIENT	pp_replay_inverse_ordinary	9397794	0x0
TRACE	pp_replay_inverse_ordinary	9403023	0x2ec96573f28204a5498cf54a929088b66bbe7a7e3d21935e33fec180000000ff	0x0	1
COEFFICIENT	pp_replay_inverse_ordinary	9403023	0x0
TRACE	pp_replay_inverse_ordinary	9408252	0x2ec96573f28204a5498cf54a929088b66bbe7a7e3d21935e33fec180000000ff	0x0	1
COEFFICIENT	pp_replay_inverse_ordinary	9408252	0x0
TRACE	pp_replay_inverse_ordinary	9413481	0x2ec96573f28204a5498cf54a929088b66bbe7a7e3d21935e33fec180000000ff	0x0	1
COEFFICIENT	pp_replay_inverse_ordinary	9413481	0x0
TRACE	pp_replay_inverse_ordinary	9418710	0x2ec96573f28204a5498cf54a929088b66bbe7a7e3d21935e33fec180000000ff	0x0	1
COEFFICIENT	pp_replay_inverse_ordinary	9418710	0x0
TRACE	pp_replay_inverse_ordinary	9423939	0x2ec96573f28204a5498cf54a929088b66bbe7a7e3d21935e33fec180000000ff	0x0	1
COEFFICIENT	pp_replay_inverse_ordinary	9423939	0x0
TRACE	pp_replay_inverse_ordinary	9429168	0x2ec96573f28204a5498cf54a929088b66bbe7a7e3d21935e33fec180000000ff	0x0	1
COEFFICIENT	pp_replay_inverse_ordinary	9429168	0x0
TRACE	pp_replay_inverse_ordinary	9434397	0x2ec96573f28204a5498cf54a929088b66bbe7a7e3d21935e33fec180000000ff	0x0	1
COEFFICIENT	pp_replay_inverse_ordinary	9434397	0x0
TRACE	pp_replay_inverse_ordinary	9439626	0x2ec96573f28204a5498cf54a929088b66bbe7a7e3d21935e33fec180000000ff	0x0	1
COEFFICIENT	pp_replay_inverse_ordinary	9439626	0x0
TRACE	pp_replay_inverse_ordinary	9444855	0x2ec96573f28204a5498cf54a929088b66bbe7a7e3d21935e33fec180000000ff	0x0	1
COEFFICIENT	pp_replay_inverse_ordinary	9444855	0x0
TRACE	pp_replay_inverse_ordinary	9450084	0x2ec96573f28204a5498cf54a929088b66bbe7a7e3d21935e33fec180000000ff	0x0	1
COEFFICIENT	pp_replay_inverse_ordinary	9450084	0x0
TRACE	pp_replay_inverse_ordinary	9455313	0x2ec96573f28204a5498cf54a929088b66bbe7a7e3d21935e33fec180000000ff	0x0	1
COEFFICIENT	pp_replay_inverse_ordinary	9455313	0x0
TRACE	pp_replay_inverse_ordinary	9460542	0x2ec96573f28204a5498cf54a929088b66bbe7a7e3d21935e33fec180000000ff	0x0	1
COEFFICIENT	pp_replay_inverse_ordinary	9460542	0x0
TRACE	pp_replay_inverse_ordinary	9465771	0x2ec96573f28204a5498cf54a929088b66bbe7a7e3d21935e33fec180000000ff	0x0	1
COEFFICIENT	pp_replay_inverse_ordinary	9465771	0x0
TRACE	pp_replay_inverse_ordinary	9471000	0x2ec96573f28204a5498cf54a929088b66bbe7a7e3d21935e33fec180000000ff	0x0	1
COEFFICIENT	pp_replay_inverse_ordinary	9471000	0x0
TRACE	pp_replay_inverse_ordinary	9476229	0x2ec96573f28204a5498cf54a929088b66bbe7a7e3d21935e33fec180000000ff	0x0	1
COEFFICIENT	pp_replay_inverse_ordinary	9476229	0x0
TRACE	pp_replay_inverse_ordinary	9481458	0x2ec96573f28204a5498cf54a929088b66bbe7a7e3d21935e33fec180000000ff	0x0	1
COEFFICIENT	pp_replay_inverse_ordinary	9481458	0x0
TRACE	pp_replay_inverse_ordinary	9486687	0x2ec96573f28204a5498cf54a929088b66bbe7a7e3d21935e33fec180000000ff	0x0	1
COEFFICIENT	pp_replay_inverse_ordinary	9486687	0x0
TRACE	pp_replay_inverse_ordinary	9491916	0x2ec96573f28204a5498cf54a929088b66bbe7a7e3d21935e33fec180000000ff	0x0	1
COEFFICIENT	pp_replay_inverse_ordinary	9491916	0x0
TRACE	pp_replay_inverse_ordinary	9497145	0x2ec96573f28204a5498cf54a929088b66bbe7a7e3d21935e33fec180000000ff	0x0	1
COEFFICIENT	pp_replay_inverse_ordinary	9497145	0x0
TRACE	pp_replay_inverse_ordinary	9502374	0x2ec96573f28204a5498cf54a929088b66bbe7a7e3d21935e33fec180000000ff	0x0	1
COEFFICIENT	pp_replay_inverse_ordinary	9502374	0x0
TRACE	pp_replay_inverse_ordinary	9507603	0x2ec96573f28204a5498cf54a929088b66bbe7a7e3d21935e33fec180000000ff	0x0	1
COEFFICIENT	pp_replay_inverse_ordinary	9507603	0x0
TRACE	pp_replay_inverse_ordinary	9512832	0x2ec96573f28204a5498cf54a929088b66bbe7a7e3d21935e33fec180000000ff	0x0	1
COEFFICIENT	pp_replay_inverse_ordinary	9512832	0x0
TRACE	pp_replay_inverse_ordinary	9518061	0x2ec96573f28204a5498cf54a929088b66bbe7a7e3d21935e33fec180000000ff	0x0	1
COEFFICIENT	pp_replay_inverse_ordinary	9518061	0x0
TRACE	pp_replay_inverse_ordinary	9523290	0x2ec96573f28204a5498cf54a929088b66bbe7a7e3d21935e33fec180000000ff	0x0	1
COEFFICIENT	pp_replay_inverse_ordinary	9523290	0x0
TRACE	pp_replay_inverse_ordinary	9528519	0x2ec96573f28204a5498cf54a929088b66bbe7a7e3d21935e33fec180000000ff	0x0	1
COEFFICIENT	pp_replay_inverse_ordinary	9528519	0x0
TRACE	pp_replay_inverse_ordinary	9533748	0x2ec96573f28204a5498cf54a929088b66bbe7a7e3d21935e33fec180000000ff	0x0	1
COEFFICIENT	pp_replay_inverse_ordinary	9533748	0x0
TRACE	pp_replay_inverse_ordinary	9538977	0x2ec96573f28204a5498cf54a929088b66bbe7a7e3d21935e33fec180000000ff	0x0	1
COEFFICIENT	pp_replay_inverse_ordinary	9538977	0x0
TRACE	pp_replay_inverse_ordinary	9544206	0x2ec96573f28204a5498cf54a929088b66bbe7a7e3d21935e33fec180000000ff	0x0	1
COEFFICIENT	pp_replay_inverse_ordinary	9544206	0x0
TRACE	pp_replay_inverse_ordinary	9549435	0x2ec96573f28204a5498cf54a929088b66bbe7a7e3d21935e33fec180000000ff	0x0	1
COEFFICIENT	pp_replay_inverse_ordinary	9549435	0x0
TRACE	pp_replay_inverse_ordinary	9554664	0x2ec96573f28204a5498cf54a929088b66bbe7a7e3d21935e33fec180000000ff	0x0	1
COEFFICIENT	pp_replay_inverse_ordinary	9554664	0x0
TRACE	pp_replay_inverse_ordinary	9559893	0x2ec96573f28204a5498cf54a929088b66bbe7a7e3d21935e33fec180000000ff	0x0	1
COEFFICIENT	pp_replay_inverse_ordinary	9559893	0x0
TRACE	pp_replay_inverse_ordinary	9565122	0x2ec96573f28204a5498cf54a929088b66bbe7a7e3d21935e33fec180000000ff	0x0	1
COEFFICIENT	pp_replay_inverse_ordinary	9565122	0x0
TRACE	pp_replay_inverse_ordinary	9570351	0x2ec96573f28204a5498cf54a929088b66bbe7a7e3d21935e33fec180000000ff	0x0	1
COEFFICIENT	pp_replay_inverse_ordinary	9570351	0x0
TRACE	pp_replay_inverse_ordinary	9575580	0x2ec96573f28204a5498cf54a929088b66bbe7a7e3d21935e33fec180000000ff	0x0	1
COEFFICIENT	pp_replay_inverse_ordinary	9575580	0x0
TRACE	pp_replay_inverse_ordinary	9580809	0x2ec96573f28204a5498cf54a929088b66bbe7a7e3d21935e33fec180000000ff	0x0	1
COEFFICIENT	pp_replay_inverse_ordinary	9580809	0x0
TRACE	pp_replay_inverse_ordinary	9586038	0x2ec96573f28204a5498cf54a929088b66bbe7a7e3d21935e33fec180000000ff	0x0	1
COEFFICIENT	pp_replay_inverse_ordinary	9586038	0x0
TRACE	pp_replay_inverse_ordinary	9591267	0x2ec96573f28204a5498cf54a929088b66bbe7a7e3d21935e33fec180000000ff	0x0	1
COEFFICIENT	pp_replay_inverse_ordinary	9591267	0x0
TRACE	pp_replay_inverse_ordinary	9596496	0x2ec96573f28204a5498cf54a929088b66bbe7a7e3d21935e33fec180000000ff	0x0	1
COEFFICIENT	pp_replay_inverse_ordinary	9596496	0x0
TRACE	pp_replay_inverse_ordinary	9601725	0x2ec96573f28204a5498cf54a929088b66bbe7a7e3d21935e33fec180000000ff	0x0	1
COEFFICIENT	pp_replay_inverse_ordinary	9601725	0x0
TRACE	pp_replay_inverse_ordinary	9606954	0x2ec96573f28204a5498cf54a929088b66bbe7a7e3d21935e33fec180000000ff	0x0	1
COEFFICIENT	pp_replay_inverse_ordinary	9606954	0x0
TRACE	pp_replay_inverse_ordinary	9612183	0x2ec96573f28204a5498cf54a929088b66bbe7a7e3d21935e33fec180000000ff	0x0	1
COEFFICIENT	pp_replay_inverse_ordinary	9612183	0x0
TRACE	pp_replay_inverse_ordinary	9617412	0x2ec96573f28204a5498cf54a929088b66bbe7a7e3d21935e33fec180000000ff	0x0	1
COEFFICIENT	pp_replay_inverse_ordinary	9617412	0x0
TRACE	pp_replay_inverse_ordinary	9622641	0x2ec96573f28204a5498cf54a929088b66bbe7a7e3d21935e33fec180000000ff	0x0	1
COEFFICIENT	pp_replay_inverse_ordinary	9622641	0x0
TRACE	pp_replay_inverse_ordinary	9627870	0x2ec96573f28204a5498cf54a929088b66bbe7a7e3d21935e33fec180000000ff	0x0	1
COEFFICIENT	pp_replay_inverse_ordinary	9627870	0x0
TRACE	pp_replay_inverse_ordinary	9633099	0x2ec96573f28204a5498cf54a929088b66bbe7a7e3d21935e33fec180000000ff	0x0	1
COEFFICIENT	pp_replay_inverse_ordinary	9633099	0x0
TRACE	pp_replay_inverse_ordinary	9638328	0x2ec96573f28204a5498cf54a929088b66bbe7a7e3d21935e33fec180000000ff	0x0	1
COEFFICIENT	pp_replay_inverse_ordinary	9638328	0x0
TRACE	pp_replay_inverse_ordinary	9643557	0x2ec96573f28204a5498cf54a929088b66bbe7a7e3d21935e33fec180000000ff	0x0	1
COEFFICIENT	pp_replay_inverse_ordinary	9643557	0x0
TRACE	pp_replay_inverse_ordinary	9648786	0x2ec96573f28204a5498cf54a929088b66bbe7a7e3d21935e33fec180000000ff	0x0	1
COEFFICIENT	pp_replay_inverse_ordinary	9648786	0x0
TRACE	pp_replay_inverse_ordinary	9654015	0x2ec96573f28204a5498cf54a929088b66bbe7a7e3d21935e33fec180000000ff	0x0	1
COEFFICIENT	pp_replay_inverse_ordinary	9654015	0x0
TRACE	pp_replay_inverse_ordinary	9659244	0x2ec96573f28204a5498cf54a929088b66bbe7a7e3d21935e33fec180000000ff	0x0	1
COEFFICIENT	pp_replay_inverse_ordinary	9659244	0x0
TRACE	pp_replay_inverse_ordinary	9664473	0x2ec96573f28204a5498cf54a929088b66bbe7a7e3d21935e33fec180000000ff	0x0	1
COEFFICIENT	pp_replay_inverse_ordinary	9664473	0x0
TRACE	pp_replay_inverse_ordinary	9669702	0x2ec96573f28204a5498cf54a929088b66bbe7a7e3d21935e33fec180000000ff	0x0	1
COEFFICIENT	pp_replay_inverse_ordinary	9669702	0x0
TRACE	pp_replay_inverse_ordinary	9674931	0x2ec96573f28204a5498cf54a929088b66bbe7a7e3d21935e33fec180000000ff	0x0	1
COEFFICIENT	pp_replay_inverse_ordinary	9674931	0x0
TRACE	pp_replay_inverse_ordinary	9680160	0x2ec96573f28204a5498cf54a929088b66bbe7a7e3d21935e33fec180000000ff	0x0	1
COEFFICIENT	pp_replay_inverse_ordinary	9680160	0x0
TRACE	pp_replay_inverse_ordinary	9685389	0x2ec96573f28204a5498cf54a929088b66bbe7a7e3d21935e33fec180000000ff	0x0	1
COEFFICIENT	pp_replay_inverse_ordinary	9685389	0x0
TRACE	pp_replay_inverse_ordinary	9690618	0x2ec96573f28204a5498cf54a929088b66bbe7a7e3d21935e33fec180000000ff	0x0	1
COEFFICIENT	pp_replay_inverse_ordinary	9690618	0x0
TRACE	pp_replay_inverse_ordinary	9695847	0x2ec96573f28204a5498cf54a929088b66bbe7a7e3d21935e33fec180000000ff	0x0	1
COEFFICIENT	pp_replay_inverse_ordinary	9695847	0x0
TRACE	pp_replay_inverse_ordinary	9701076	0x2ec96573f28204a5498cf54a929088b66bbe7a7e3d21935e33fec180000000ff	0x0	1
COEFFICIENT	pp_replay_inverse_ordinary	9701076	0x0
TRACE	pp_replay_inverse_ordinary	9706305	0x2ec96573f28204a5498cf54a929088b66bbe7a7e3d21935e33fec180000000ff	0x0	1
COEFFICIENT	pp_replay_inverse_ordinary	9706305	0x0
TRACE	pp_replay_inverse_ordinary	9711534	0x2ec96573f28204a5498cf54a929088b66bbe7a7e3d21935e33fec180000000ff	0x0	1
COEFFICIENT	pp_replay_inverse_ordinary	9711534	0x0
TRACE	pp_replay_inverse_ordinary	9716763	0x2ec96573f28204a5498cf54a929088b66bbe7a7e3d21935e33fec180000000ff	0x0	1
COEFFICIENT	pp_replay_inverse_ordinary	9716763	0x0
TRACE	pp_replay_inverse_ordinary	9721992	0x2ec96573f28204a5498cf54a929088b66bbe7a7e3d21935e33fec180000000ff	0x0	1
COEFFICIENT	pp_replay_inverse_ordinary	9721992	0x0
TRACE	pp_replay_inverse_ordinary	9727221	0x2ec96573f28204a5498cf54a929088b66bbe7a7e3d21935e33fec180000000ff	0x0	1
COEFFICIENT	pp_replay_inverse_ordinary	9727221	0x0
TRACE	pp_replay_inverse_ordinary	9732450	0x2ec96573f28204a5498cf54a929088b66bbe7a7e3d21935e33fec180000000ff	0x0	1
COEFFICIENT	pp_replay_inverse_ordinary	9732450	0x0
TRACE	pp_replay_inverse_ordinary	9737679	0x2ec96573f28204a5498cf54a929088b66bbe7a7e3d21935e33fec180000000ff	0x0	1
COEFFICIENT	pp_replay_inverse_ordinary	9737679	0x0
TRACE	pp_replay_inverse_ordinary	9742908	0x2ec96573f28204a5498cf54a929088b66bbe7a7e3d21935e33fec180000000ff	0x0	1
COEFFICIENT	pp_replay_inverse_ordinary	9742908	0x0
TRACE	pp_replay_inverse_ordinary	9748137	0x2ec96573f28204a5498cf54a929088b66bbe7a7e3d21935e33fec180000000ff	0x0	1
COEFFICIENT	pp_replay_inverse_ordinary	9748137	0x0
TRACE	pp_replay_inverse_ordinary	9753366	0x2ec96573f28204a5498cf54a929088b66bbe7a7e3d21935e33fec180000000ff	0x0	1
COEFFICIENT	pp_replay_inverse_ordinary	9753366	0x0
TRACE	pp_replay_inverse_ordinary	9758595	0x2ec96573f28204a5498cf54a929088b66bbe7a7e3d21935e33fec180000000ff	0x0	1
COEFFICIENT	pp_replay_inverse_ordinary	9758595	0x0
TRACE	pp_replay_inverse_ordinary	9763824	0x2ec96573f28204a5498cf54a929088b66bbe7a7e3d21935e33fec180000000ff	0x0	1
COEFFICIENT	pp_replay_inverse_ordinary	9763824	0x0
TRACE	pp_replay_inverse_ordinary	9769053	0x2ec96573f28204a5498cf54a929088b66bbe7a7e3d21935e33fec180000000ff	0x0	1
COEFFICIENT	pp_replay_inverse_ordinary	9769053	0x0
TRACE	pp_replay_inverse_ordinary	9774282	0x2ec96573f28204a5498cf54a929088b66bbe7a7e3d21935e33fec180000000ff	0x0	1
COEFFICIENT	pp_replay_inverse_ordinary	9774282	0x0
TRACE	pp_replay_inverse_ordinary	9779511	0x2ec96573f28204a5498cf54a929088b66bbe7a7e3d21935e33fec180000000ff	0x0	1
COEFFICIENT	pp_replay_inverse_ordinary	9779511	0x0
TRACE	pp_replay_inverse_ordinary	9784740	0x2ec96573f28204a5498cf54a929088b66bbe7a7e3d21935e33fec180000000ff	0x0	1
COEFFICIENT	pp_replay_inverse_ordinary	9784740	0x0
TRACE	pp_replay_inverse_ordinary	9789969	0x2ec96573f28204a5498cf54a929088b66bbe7a7e3d21935e33fec180000000ff	0x0	1
COEFFICIENT	pp_replay_inverse_ordinary	9789969	0x0
TRACE	pp_replay_inverse_ordinary	9795198	0x2ec96573f28204a5498cf54a929088b66bbe7a7e3d21935e33fec180000000ff	0x0	1
COEFFICIENT	pp_replay_inverse_ordinary	9795198	0x0
TRACE	pp_replay_inverse_ordinary	9800427	0x2ec96573f28204a5498cf54a929088b66bbe7a7e3d21935e33fec180000000ff	0x0	1
COEFFICIENT	pp_replay_inverse_ordinary	9800427	0x0
TRACE	pp_replay_inverse_ordinary	9805656	0x2ec96573f28204a5498cf54a929088b66bbe7a7e3d21935e33fec180000000ff	0x0	1
COEFFICIENT	pp_replay_inverse_ordinary	9805656	0x0
TRACE	pp_replay_inverse_ordinary	9810885	0x2ec96573f28204a5498cf54a929088b66bbe7a7e3d21935e33fec180000000ff	0x0	1
COEFFICIENT	pp_replay_inverse_ordinary	9810885	0x0
TRACE	pp_replay_inverse_ordinary	9816114	0x2ec96573f28204a5498cf54a929088b66bbe7a7e3d21935e33fec180000000ff	0x0	1
COEFFICIENT	pp_replay_inverse_ordinary	9816114	0x0
TRACE	pp_replay_inverse_ordinary	9821343	0x2ec96573f28204a5498cf54a929088b66bbe7a7e3d21935e33fec180000000ff	0x0	1
COEFFICIENT	pp_replay_inverse_ordinary	9821343	0x0
TRACE	pp_replay_inverse_ordinary	9826572	0x2ec96573f28204a5498cf54a929088b66bbe7a7e3d21935e33fec180000000ff	0x0	1
COEFFICIENT	pp_replay_inverse_ordinary	9826572	0x0
TRACE	pp_replay_inverse_ordinary	9831801	0x2ec96573f28204a5498cf54a929088b66bbe7a7e3d21935e33fec180000000ff	0x0	1
COEFFICIENT	pp_replay_inverse_ordinary	9831801	0x0
TRACE	pp_replay_inverse_ordinary	9837030	0x2ec96573f28204a5498cf54a929088b66bbe7a7e3d21935e33fec180000000ff	0x0	1
COEFFICIENT	pp_replay_inverse_ordinary	9837030	0x0
TRACE	pp_replay_inverse_ordinary	9842259	0x2ec96573f28204a5498cf54a929088b66bbe7a7e3d21935e33fec180000000ff	0x0	1
COEFFICIENT	pp_replay_inverse_ordinary	9842259	0x0
TRACE	pp_replay_inverse_ordinary	9847488	0x2ec96573f28204a5498cf54a929088b66bbe7a7e3d21935e33fec180000000ff	0x0	1
COEFFICIENT	pp_replay_inverse_ordinary	9847488	0x0
TRACE	pp_replay_inverse_ordinary	9852717	0x2ec96573f28204a5498cf54a929088b66bbe7a7e3d21935e33fec180000000ff	0x0	1
COEFFICIENT	pp_replay_inverse_ordinary	9852717	0x0
TRACE	pp_replay_inverse_ordinary	9857946	0x2ec96573f28204a5498cf54a929088b66bbe7a7e3d21935e33fec180000000ff	0x0	1
COEFFICIENT	pp_replay_inverse_ordinary	9857946	0x0
TRACE	pp_replay_inverse_ordinary	9863175	0x2ec96573f28204a5498cf54a929088b66bbe7a7e3d21935e33fec180000000ff	0x0	1
COEFFICIENT	pp_replay_inverse_ordinary	9863175	0x0
TRACE	pp_replay_inverse_ordinary	9868404	0x2ec96573f28204a5498cf54a929088b66bbe7a7e3d21935e33fec180000000ff	0x0	1
COEFFICIENT	pp_replay_inverse_ordinary	9868404	0x0
TRACE	pp_replay_inverse_ordinary	9873633	0x2ec96573f28204a5498cf54a929088b66bbe7a7e3d21935e33fec180000000ff	0x0	1
COEFFICIENT	pp_replay_inverse_ordinary	9873633	0x0
TRACE	pp_replay_inverse_ordinary	9878862	0x2ec96573f28204a5498cf54a929088b66bbe7a7e3d21935e33fec180000000ff	0x0	1
COEFFICIENT	pp_replay_inverse_ordinary	9878862	0x0
TRACE	pp_replay_inverse_ordinary	9884091	0x2ec96573f28204a5498cf54a929088b66bbe7a7e3d21935e33fec180000000ff	0x0	1
COEFFICIENT	pp_replay_inverse_ordinary	9884091	0x0
TRACE	pp_replay_inverse_ordinary	9889320	0x2ec96573f28204a5498cf54a929088b66bbe7a7e3d21935e33fec180000000ff	0x0	1
COEFFICIENT	pp_replay_inverse_ordinary	9889320	0x0
TRACE	pp_replay_inverse_ordinary	9894549	0x2ec96573f28204a5498cf54a929088b66bbe7a7e3d21935e33fec180000000ff	0x0	1
COEFFICIENT	pp_replay_inverse_ordinary	9894549	0x0
TRACE	pp_replay_inverse_ordinary	9899778	0x2ec96573f28204a5498cf54a929088b66bbe7a7e3d21935e33fec180000000ff	0x0	1
COEFFICIENT	pp_replay_inverse_ordinary	9899778	0x0
TRACE	pp_replay_inverse_ordinary	9905007	0x2ec96573f28204a5498cf54a929088b66bbe7a7e3d21935e33fec180000000ff	0x0	1
COEFFICIENT	pp_replay_inverse_ordinary	9905007	0x0
TRACE	pp_replay_inverse_ordinary	9910236	0x2ec96573f28204a5498cf54a929088b66bbe7a7e3d21935e33fec180000000ff	0x0	1
COEFFICIENT	pp_replay_inverse_ordinary	9910236	0x0
TRACE	pp_replay_inverse_ordinary	9915465	0x2ec96573f28204a5498cf54a929088b66bbe7a7e3d21935e33fec180000000ff	0x0	1
COEFFICIENT	pp_replay_inverse_ordinary	9915465	0x0
TRACE	pp_replay_inverse_ordinary	9920694	0x2ec96573f28204a5498cf54a929088b66bbe7a7e3d21935e33fec180000000ff	0x0	1
COEFFICIENT	pp_replay_inverse_ordinary	9920694	0x0
TRACE	pp_replay_inverse_ordinary	9925923	0x2ec96573f28204a5498cf54a929088b66bbe7a7e3d21935e33fec180000000ff	0x0	1
COEFFICIENT	pp_replay_inverse_ordinary	9925923	0x0
TRACE	pp_replay_inverse_ordinary	9931152	0x2ec96573f28204a5498cf54a929088b66bbe7a7e3d21935e33fec180000000ff	0x0	1
COEFFICIENT	pp_replay_inverse_ordinary	9931152	0x0
TRACE	pp_replay_inverse_ordinary	9936381	0x2ec96573f28204a5498cf54a929088b66bbe7a7e3d21935e33fec180000000ff	0x0	1
COEFFICIENT	pp_replay_inverse_ordinary	9936381	0x0
TRACE	pp_replay_inverse_ordinary	9941610	0x2ec96573f28204a5498cf54a929088b66bbe7a7e3d21935e33fec180000000ff	0x0	1
COEFFICIENT	pp_replay_inverse_ordinary	9941610	0x0
TRACE	pp_replay_inverse_ordinary	9946839	0x2ec96573f28204a5498cf54a929088b66bbe7a7e3d21935e33fec180000000ff	0x0	1
COEFFICIENT	pp_replay_inverse_ordinary	9946839	0x0
TRACE	pp_replay_inverse_ordinary	9952068	0x2ec96573f28204a5498cf54a929088b66bbe7a7e3d21935e33fec180000000ff	0x0	1
COEFFICIENT	pp_replay_inverse_ordinary	9952068	0x0
TRACE	pp_replay_inverse_ordinary	9957297	0x2ec96573f28204a5498cf54a929088b66bbe7a7e3d21935e33fec180000000ff	0x0	1
COEFFICIENT	pp_replay_inverse_ordinary	9957297	0x0
TRACE	pp_replay_inverse_ordinary	9962526	0x2ec96573f28204a5498cf54a929088b66bbe7a7e3d21935e33fec180000000ff	0x0	1
COEFFICIENT	pp_replay_inverse_ordinary	9962526	0x0
TRACE	pp_replay_inverse_ordinary	9967755	0x2ec96573f28204a5498cf54a929088b66bbe7a7e3d21935e33fec180000000ff	0x0	1
COEFFICIENT	pp_replay_inverse_ordinary	9967755	0x0
TRACE	pp_replay_inverse_ordinary	9972984	0x2ec96573f28204a5498cf54a929088b66bbe7a7e3d21935e33fec180000000ff	0x0	1
COEFFICIENT	pp_replay_inverse_ordinary	9972984	0x0
TRACE	pp_replay_inverse_ordinary	9978213	0x2ec96573f28204a5498cf54a929088b66bbe7a7e3d21935e33fec180000000ff	0x0	1
COEFFICIENT	pp_replay_inverse_ordinary	9978213	0x0
TRACE	pp_replay_inverse_ordinary	9983442	0x2ec96573f28204a5498cf54a929088b66bbe7a7e3d21935e33fec180000000ff	0x0	1
COEFFICIENT	pp_replay_inverse_ordinary	9983442	0x0
TRACE	pp_replay_inverse_ordinary	9988671	0x2ec96573f28204a5498cf54a929088b66bbe7a7e3d21935e33fec180000000ff	0x0	1
COEFFICIENT	pp_replay_inverse_ordinary	9988671	0x0
TRACE	pp_replay_inverse_ordinary	9993900	0x2ec96573f28204a5498cf54a929088b66bbe7a7e3d21935e33fec180000000ff	0x0	1
COEFFICIENT	pp_replay_inverse_ordinary	9993900	0x0
TRACE	pp_replay_inverse_ordinary	9999129	0x2ec96573f28204a5498cf54a929088b66bbe7a7e3d21935e33fec180000000ff	0x0	1
COEFFICIENT	pp_replay_inverse_ordinary	9999129	0x0
TRACE	pp_replay_inverse_ordinary	10004358	0x2ec96573f28204a5498cf54a929088b66bbe7a7e3d21935e33fec180000000ff	0x0	1
COEFFICIENT	pp_replay_inverse_ordinary	10004358	0x0
TRACE	pp_replay_inverse_ordinary	10009587	0x2ec96573f28204a5498cf54a929088b66bbe7a7e3d21935e33fec180000000ff	0x0	1
COEFFICIENT	pp_replay_inverse_ordinary	10009587	0x0
TRACE	pp_replay_inverse_ordinary	10014816	0x2ec96573f28204a5498cf54a929088b66bbe7a7e3d21935e33fec180000000ff	0x0	1
COEFFICIENT	pp_replay_inverse_ordinary	10014816	0x0
TRACE	pp_replay_inverse_ordinary	10020045	0x2ec96573f28204a5498cf54a929088b66bbe7a7e3d21935e33fec180000000ff	0x0	1
COEFFICIENT	pp_replay_inverse_ordinary	10020045	0x0
TRACE	pp_replay_inverse_ordinary	10025274	0x2ec96573f28204a5498cf54a929088b66bbe7a7e3d21935e33fec180000000ff	0x0	1
COEFFICIENT	pp_replay_inverse_ordinary	10025274	0x0
TRACE	pp_replay_inverse_ordinary	10030503	0x2ec96573f28204a5498cf54a929088b66bbe7a7e3d21935e33fec180000000ff	0x0	1
COEFFICIENT	pp_replay_inverse_ordinary	10030503	0x0
TRACE	pp_replay_inverse_ordinary	10035732	0x2ec96573f28204a5498cf54a929088b66bbe7a7e3d21935e33fec180000000ff	0x0	1
COEFFICIENT	pp_replay_inverse_ordinary	10035732	0x0
TRACE	pp_replay_inverse_ordinary	10040961	0x2ec96573f28204a5498cf54a929088b66bbe7a7e3d21935e33fec180000000ff	0x0	1
COEFFICIENT	pp_replay_inverse_ordinary	10040961	0x0
TRACE	pp_replay_inverse_ordinary	10046190	0x2ec96573f28204a5498cf54a929088b66bbe7a7e3d21935e33fec180000000ff	0x0	1
COEFFICIENT	pp_replay_inverse_ordinary	10046190	0x0
TRACE	pp_replay_inverse_ordinary	10051419	0x2ec96573f28204a5498cf54a929088b66bbe7a7e3d21935e33fec180000000ff	0x0	1
COEFFICIENT	pp_replay_inverse_ordinary	10051419	0x0
TRACE	pp_replay_inverse_ordinary	10056648	0x2ec96573f28204a5498cf54a929088b66bbe7a7e3d21935e33fec180000000ff	0x0	1
COEFFICIENT	pp_replay_inverse_ordinary	10056648	0x0
TRACE	pp_replay_inverse_ordinary	10061877	0x2ec96573f28204a5498cf54a929088b66bbe7a7e3d21935e33fec180000000ff	0x0	1
COEFFICIENT	pp_replay_inverse_ordinary	10061877	0x0
TRACE	pp_replay_inverse_ordinary	10067106	0x2ec96573f28204a5498cf54a929088b66bbe7a7e3d21935e33fec180000000ff	0x0	1
COEFFICIENT	pp_replay_inverse_ordinary	10067106	0x0
TRACE	pp_replay_inverse_ordinary	10072335	0x2ec96573f28204a5498cf54a929088b66bbe7a7e3d21935e33fec180000000ff	0x0	1
COEFFICIENT	pp_replay_inverse_ordinary	10072335	0x0
TRACE	pp_replay_inverse_ordinary	10077564	0x2ec96573f28204a5498cf54a929088b66bbe7a7e3d21935e33fec180000000ff	0x0	1
COEFFICIENT	pp_replay_inverse_ordinary	10077564	0x0
TRACE	pp_replay_inverse_ordinary	10082793	0x2ec96573f28204a5498cf54a929088b66bbe7a7e3d21935e33fec180000000ff	0x0	1
COEFFICIENT	pp_replay_inverse_ordinary	10082793	0x0
TRACE	pp_replay_inverse_ordinary	10088022	0x2ec96573f28204a5498cf54a929088b66bbe7a7e3d21935e33fec180000000ff	0x0	1
COEFFICIENT	pp_replay_inverse_ordinary	10088022	0x0
TRACE	pp_replay_inverse_ordinary	10093251	0x2ec96573f28204a5498cf54a929088b66bbe7a7e3d21935e33fec180000000ff	0x0	1
COEFFICIENT	pp_replay_inverse_ordinary	10093251	0x0
TRACE	pp_replay_inverse_ordinary	10098480	0x2ec96573f28204a5498cf54a929088b66bbe7a7e3d21935e33fec180000000ff	0x0	1
COEFFICIENT	pp_replay_inverse_ordinary	10098480	0x0
TRACE	pp_replay_inverse_ordinary	10103709	0x2ec96573f28204a5498cf54a929088b66bbe7a7e3d21935e33fec180000000ff	0x0	1
COEFFICIENT	pp_replay_inverse_ordinary	10103709	0x0
TRACE	pp_replay_inverse_ordinary	10108938	0x2ec96573f28204a5498cf54a929088b66bbe7a7e3d21935e33fec180000000ff	0x0	1
COEFFICIENT	pp_replay_inverse_ordinary	10108938	0x0
TRACE	pp_replay_inverse_ordinary	10114167	0x2ec96573f28204a5498cf54a929088b66bbe7a7e3d21935e33fec180000000ff	0x0	1
COEFFICIENT	pp_replay_inverse_ordinary	10114167	0x0
TRACE	pp_replay_inverse_ordinary	10119396	0x2ec96573f28204a5498cf54a929088b66bbe7a7e3d21935e33fec180000000ff	0x0	1
COEFFICIENT	pp_replay_inverse_ordinary	10119396	0x0
TRACE	pp_replay_inverse_ordinary	10124625	0x2ec96573f28204a5498cf54a929088b66bbe7a7e3d21935e33fec180000000ff	0x0	1
COEFFICIENT	pp_replay_inverse_ordinary	10124625	0x0
TRACE	pp_replay_inverse_ordinary	10129854	0x2ec96573f28204a5498cf54a929088b66bbe7a7e3d21935e33fec180000000ff	0x0	1
COEFFICIENT	pp_replay_inverse_ordinary	10129854	0x0
TRACE	pp_replay_inverse_ordinary	10135083	0x2ec96573f28204a5498cf54a929088b66bbe7a7e3d21935e33fec180000000ff	0x0	1
COEFFICIENT	pp_replay_inverse_ordinary	10135083	0x0
TRACE	pp_replay_inverse_ordinary	10140312	0x2ec96573f28204a5498cf54a929088b66bbe7a7e3d21935e33fec180000000ff	0x0	1
COEFFICIENT	pp_replay_inverse_ordinary	10140312	0x0
TRACE	pp_replay_inverse_ordinary	10145541	0x2ec96573f28204a5498cf54a929088b66bbe7a7e3d21935e33fec180000000ff	0x0	1
COEFFICIENT	pp_replay_inverse_ordinary	10145541	0x0
TRACE	pp_replay_inverse_ordinary	10150770	0x2ec96573f28204a5498cf54a929088b66bbe7a7e3d21935e33fec180000000ff	0x0	1
COEFFICIENT	pp_replay_inverse_ordinary	10150770	0x0
TRACE	pp_replay_inverse_ordinary	10155999	0x2ec96573f28204a5498cf54a929088b66bbe7a7e3d21935e33fec180000000ff	0x0	1
COEFFICIENT	pp_replay_inverse_ordinary	10155999	0x0
TRACE	pp_replay_inverse_ordinary	10161228	0x2ec96573f28204a5498cf54a929088b66bbe7a7e3d21935e33fec180000000ff	0x0	1
COEFFICIENT	pp_replay_inverse_ordinary	10161228	0x0
TRACE	pp_replay_inverse_ordinary	10166457	0x2ec96573f28204a5498cf54a929088b66bbe7a7e3d21935e33fec180000000ff	0x0	1
COEFFICIENT	pp_replay_inverse_ordinary	10166457	0x0
TRACE	pp_replay_inverse_ordinary	10171686	0x2ec96573f28204a5498cf54a929088b66bbe7a7e3d21935e33fec180000000ff	0x0	1
COEFFICIENT	pp_replay_inverse_ordinary	10171686	0x0
TRACE	pp_replay_inverse_ordinary	10176915	0x2ec96573f28204a5498cf54a929088b66bbe7a7e3d21935e33fec180000000ff	0x0	1
COEFFICIENT	pp_replay_inverse_ordinary	10176915	0x0
TRACE	pp_replay_inverse_ordinary	10182144	0x2ec96573f28204a5498cf54a929088b66bbe7a7e3d21935e33fec180000000ff	0x0	1
COEFFICIENT	pp_replay_inverse_ordinary	10182144	0x0
TRACE	pp_replay_inverse_ordinary	10187373	0x2ec96573f28204a5498cf54a929088b66bbe7a7e3d21935e33fec180000000ff	0x0	1
COEFFICIENT	pp_replay_inverse_ordinary	10187373	0x0
TRACE	pp_replay_inverse_ordinary	10192602	0x2ec96573f28204a5498cf54a929088b66bbe7a7e3d21935e33fec180000000ff	0x0	1
COEFFICIENT	pp_replay_inverse_ordinary	10192602	0x0
TRACE	pp_replay_inverse_ordinary	10197831	0x2ec96573f28204a5498cf54a929088b66bbe7a7e3d21935e33fec180000000ff	0x0	1
COEFFICIENT	pp_replay_inverse_ordinary	10197831	0x0
TRACE	pp_replay_inverse_ordinary	10203060	0x2ec96573f28204a5498cf54a929088b66bbe7a7e3d21935e33fec180000000ff	0x0	1
COEFFICIENT	pp_replay_inverse_ordinary	10203060	0x0
TRACE	pp_replay_inverse_ordinary	10208289	0x2ec96573f28204a5498cf54a929088b66bbe7a7e3d21935e33fec180000000ff	0x0	1
COEFFICIENT	pp_replay_inverse_ordinary	10208289	0x0
TRACE	pp_replay_inverse_ordinary	10213518	0x2ec96573f28204a5498cf54a929088b66bbe7a7e3d21935e33fec180000000ff	0x0	1
COEFFICIENT	pp_replay_inverse_ordinary	10213518	0x0
TRACE	pp_replay_inverse_ordinary	10218747	0x2ec96573f28204a5498cf54a929088b66bbe7a7e3d21935e33fec180000000ff	0x0	1
COEFFICIENT	pp_replay_inverse_ordinary	10218747	0x0
TRACE	pp_replay_inverse_ordinary	10223976	0x2ec96573f28204a5498cf54a929088b66bbe7a7e3d21935e33fec180000000ff	0x0	1
COEFFICIENT	pp_replay_inverse_ordinary	10223976	0x0
TRACE	pp_replay_inverse_ordinary	10229205	0x2ec96573f28204a5498cf54a929088b66bbe7a7e3d21935e33fec180000000ff	0x0	1
COEFFICIENT	pp_replay_inverse_ordinary	10229205	0x0
TRACE	pp_replay_inverse_ordinary	10234434	0x2ec96573f28204a5498cf54a929088b66bbe7a7e3d21935e33fec180000000ff	0x0	1
COEFFICIENT	pp_replay_inverse_ordinary	10234434	0x0
TRACE	pp_replay_inverse_ordinary	10239663	0x2ec96573f28204a5498cf54a929088b66bbe7a7e3d21935e33fec180000000ff	0x0	1
COEFFICIENT	pp_replay_inverse_ordinary	10239663	0x0
TRACE	pp_replay_inverse_ordinary	10244892	0x2ec96573f28204a5498cf54a929088b66bbe7a7e3d21935e33fec180000000ff	0x0	1
COEFFICIENT	pp_replay_inverse_ordinary	10244892	0x0
TRACE	pp_replay_inverse_ordinary	10250121	0x2ec96573f28204a5498cf54a929088b66bbe7a7e3d21935e33fec180000000ff	0x0	1
COEFFICIENT	pp_replay_inverse_ordinary	10250121	0x0
TRACE	pp_replay_inverse_ordinary	10255350	0x2ec96573f28204a5498cf54a929088b66bbe7a7e3d21935e33fec180000000ff	0x0	1
COEFFICIENT	pp_replay_inverse_ordinary	10255350	0x0
TRACE	pp_replay_inverse_ordinary	10260579	0x2ec96573f28204a5498cf54a929088b66bbe7a7e3d21935e33fec180000000ff	0x0	1
COEFFICIENT	pp_replay_inverse_ordinary	10260579	0x0
TRACE	pp_replay_inverse_ordinary	10265808	0x2ec96573f28204a5498cf54a929088b66bbe7a7e3d21935e33fec180000000ff	0x0	1
COEFFICIENT	pp_replay_inverse_ordinary	10265808	0x0
TRACE	pp_replay_inverse_ordinary	10271037	0x2ec96573f28204a5498cf54a929088b66bbe7a7e3d21935e33fec180000000ff	0x0	1
COEFFICIENT	pp_replay_inverse_ordinary	10271037	0x0
TRACE	pp_replay_inverse_ordinary	10276266	0x2ec96573f28204a5498cf54a929088b66bbe7a7e3d21935e33fec180000000ff	0x0	1
COEFFICIENT	pp_replay_inverse_ordinary	10276266	0x0
TRACE	pp_replay_inverse_ordinary	10281495	0x2ec96573f28204a5498cf54a929088b66bbe7a7e3d21935e33fec180000000ff	0x0	1
COEFFICIENT	pp_replay_inverse_ordinary	10281495	0x0
TRACE	pp_replay_inverse_ordinary	10286724	0x2ec96573f28204a5498cf54a929088b66bbe7a7e3d21935e33fec180000000ff	0x0	1
COEFFICIENT	pp_replay_inverse_ordinary	10286724	0x0
TRACE	pp_replay_inverse_ordinary	10291953	0x2ec96573f28204a5498cf54a929088b66bbe7a7e3d21935e33fec180000000ff	0x0	1
COEFFICIENT	pp_replay_inverse_ordinary	10291953	0x0
TRACE	pp_replay_inverse_ordinary	10297182	0x2ec96573f28204a5498cf54a929088b66bbe7a7e3d21935e33fec180000000ff	0x0	1
COEFFICIENT	pp_replay_inverse_ordinary	10297182	0x0
TRACE	pp_replay_inverse_ordinary	10302411	0x2ec96573f28204a5498cf54a929088b66bbe7a7e3d21935e33fec180000000ff	0x0	1
COEFFICIENT	pp_replay_inverse_ordinary	10302411	0x0
TRACE	pp_replay_inverse_ordinary	10307640	0x2ec96573f28204a5498cf54a929088b66bbe7a7e3d21935e33fec180000000ff	0x0	1
COEFFICIENT	pp_replay_inverse_ordinary	10307640	0x0
TRACE	pp_replay_inverse_ordinary	10312869	0x2ec96573f28204a5498cf54a929088b66bbe7a7e3d21935e33fec180000000ff	0x0	1
COEFFICIENT	pp_replay_inverse_ordinary	10312869	0x0
TRACE	pp_replay_inverse_ordinary	10318098	0x2ec96573f28204a5498cf54a929088b66bbe7a7e3d21935e33fec180000000ff	0x0	1
COEFFICIENT	pp_replay_inverse_ordinary	10318098	0x0
TRACE	pp_replay_inverse_ordinary	10323327	0x2ec96573f28204a5498cf54a929088b66bbe7a7e3d21935e33fec180000000ff	0x0	1
COEFFICIENT	pp_replay_inverse_ordinary	10323327	0x0
TRACE	pp_replay_inverse_ordinary	10328556	0x2ec96573f28204a5498cf54a929088b66bbe7a7e3d21935e33fec180000000ff	0x0	1
COEFFICIENT	pp_replay_inverse_ordinary	10328556	0x0
TRACE	pp_replay_inverse_ordinary	10333785	0x2ec96573f28204a5498cf54a929088b66bbe7a7e3d21935e33fec180000000ff	0x0	1
COEFFICIENT	pp_replay_inverse_ordinary	10333785	0x0
TRACE	pp_replay_inverse_ordinary	10339014	0x2ec96573f28204a5498cf54a929088b66bbe7a7e3d21935e33fec180000000ff	0x0	1
COEFFICIENT	pp_replay_inverse_ordinary	10339014	0x0
TRACE	pp_replay_inverse_ordinary	10344243	0x2ec96573f28204a5498cf54a929088b66bbe7a7e3d21935e33fec180000000ff	0x0	1
COEFFICIENT	pp_replay_inverse_ordinary	10344243	0x0
TRACE	pp_replay_inverse_ordinary	10349472	0x2ec96573f28204a5498cf54a929088b66bbe7a7e3d21935e33fec180000000ff	0x0	1
COEFFICIENT	pp_replay_inverse_ordinary	10349472	0x0
TRACE	pp_replay_inverse_ordinary	10354701	0x2ec96573f28204a5498cf54a929088b66bbe7a7e3d21935e33fec180000000ff	0x0	1
COEFFICIENT	pp_replay_inverse_ordinary	10354701	0x0
TRACE	pp_replay_inverse_ordinary	10359930	0x2ec96573f28204a5498cf54a929088b66bbe7a7e3d21935e33fec180000000ff	0x0	1
COEFFICIENT	pp_replay_inverse_ordinary	10359930	0x0
TRACE	pp_replay_inverse_ordinary	10365159	0x2ec96573f28204a5498cf54a929088b66bbe7a7e3d21935e33fec180000000ff	0x0	1
COEFFICIENT	pp_replay_inverse_ordinary	10365159	0x0
TRACE	pp_replay_inverse_ordinary	10370388	0x2ec96573f28204a5498cf54a929088b66bbe7a7e3d21935e33fec180000000ff	0x0	1
COEFFICIENT	pp_replay_inverse_ordinary	10370388	0x0
TRACE	pp_replay_inverse_ordinary	10375617	0x2ec96573f28204a5498cf54a929088b66bbe7a7e3d21935e33fec180000000ff	0x0	1
COEFFICIENT	pp_replay_inverse_ordinary	10375617	0x0
TRACE	pp_replay_inverse_ordinary	10380846	0x2ec96573f28204a5498cf54a929088b66bbe7a7e3d21935e33fec180000000ff	0x0	1
COEFFICIENT	pp_replay_inverse_ordinary	10380846	0x0
TRACE	pp_replay_inverse_ordinary	10386075	0x2ec96573f28204a5498cf54a929088b66bbe7a7e3d21935e33fec180000000ff	0x0	1
COEFFICIENT	pp_replay_inverse_ordinary	10386075	0x0
TRACE	pp_replay_inverse_ordinary	10391304	0x2ec96573f28204a5498cf54a929088b66bbe7a7e3d21935e33fec180000000ff	0x0	1
COEFFICIENT	pp_replay_inverse_ordinary	10391304	0x0
TRACE	pp_replay_inverse_ordinary	10396533	0x2ec96573f28204a5498cf54a929088b66bbe7a7e3d21935e33fec180000000ff	0x0	1
COEFFICIENT	pp_replay_inverse_ordinary	10396533	0x0
TRACE	pp_replay_inverse_ordinary	10401762	0x2ec96573f28204a5498cf54a929088b66bbe7a7e3d21935e33fec180000000ff	0x0	1
COEFFICIENT	pp_replay_inverse_ordinary	10401762	0x0
TRACE	pp_replay_inverse_ordinary	10406991	0x2ec96573f28204a5498cf54a929088b66bbe7a7e3d21935e33fec180000000ff	0x0	1
COEFFICIENT	pp_replay_inverse_ordinary	10406991	0x0
TRACE	pp_replay_inverse_ordinary	10412220	0x2ec96573f28204a5498cf54a929088b66bbe7a7e3d21935e33fec180000000ff	0x0	1
COEFFICIENT	pp_replay_inverse_ordinary	10412220	0x0
TRACE	pp_replay_inverse_ordinary	10417449	0x2ec96573f28204a5498cf54a929088b66bbe7a7e3d21935e33fec180000000ff	0x0	1
COEFFICIENT	pp_replay_inverse_ordinary	10417449	0x0
TRACE	pp_replay_inverse_ordinary	10422678	0x2ec96573f28204a5498cf54a929088b66bbe7a7e3d21935e33fec180000000ff	0x0	1
COEFFICIENT	pp_replay_inverse_ordinary	10422678	0x0
TRACE	pp_replay_inverse_ordinary	10427907	0x2ec96573f28204a5498cf54a929088b66bbe7a7e3d21935e33fec180000000ff	0x0	1
COEFFICIENT	pp_replay_inverse_ordinary	10427907	0x0
TRACE	pp_replay_inverse_ordinary	10433136	0x2ec96573f28204a5498cf54a929088b66bbe7a7e3d21935e33fec180000000ff	0x0	1
COEFFICIENT	pp_replay_inverse_ordinary	10433136	0x0
TRACE	pp_replay_inverse_ordinary	10438365	0x2ec96573f28204a5498cf54a929088b66bbe7a7e3d21935e33fec180000000ff	0x0	1
COEFFICIENT	pp_replay_inverse_ordinary	10438365	0x0
TRACE	pp_replay_inverse_ordinary	10443594	0x2ec96573f28204a5498cf54a929088b66bbe7a7e3d21935e33fec180000000ff	0x0	1
COEFFICIENT	pp_replay_inverse_ordinary	10443594	0x0
TRACE	pp_replay_inverse_ordinary	10448823	0x2ec96573f28204a5498cf54a929088b66bbe7a7e3d21935e33fec180000000ff	0x0	1
COEFFICIENT	pp_replay_inverse_ordinary	10448823	0x0
TRACE	pp_replay_inverse_ordinary	10454052	0x2ec96573f28204a5498cf54a929088b66bbe7a7e3d21935e33fec180000000ff	0x0	1
COEFFICIENT	pp_replay_inverse_ordinary	10454052	0x0
TRACE	pp_replay_inverse_ordinary	10459281	0x2ec96573f28204a5498cf54a929088b66bbe7a7e3d21935e33fec180000000ff	0x0	1
COEFFICIENT	pp_replay_inverse_ordinary	10459281	0x0
TRACE	pp_replay_inverse_ordinary	10464510	0x2ec96573f28204a5498cf54a929088b66bbe7a7e3d21935e33fec180000000ff	0x0	1
COEFFICIENT	pp_replay_inverse_ordinary	10464510	0x0
TRACE	pp_replay_inverse_ordinary	10469739	0x2ec96573f28204a5498cf54a929088b66bbe7a7e3d21935e33fec180000000ff	0x0	1
COEFFICIENT	pp_replay_inverse_ordinary	10469739	0x0
TRACE	pp_replay_inverse_ordinary	10474968	0x2ec96573f28204a5498cf54a929088b66bbe7a7e3d21935e33fec180000000ff	0x0	1
COEFFICIENT	pp_replay_inverse_ordinary	10474968	0x0
TRACE	pp_replay_inverse_ordinary	10480197	0x2ec96573f28204a5498cf54a929088b66bbe7a7e3d21935e33fec180000000ff	0x0	1
COEFFICIENT	pp_replay_inverse_ordinary	10480197	0x0
TRACE	pp_replay_inverse_ordinary	10485426	0x2ec96573f28204a5498cf54a929088b66bbe7a7e3d21935e33fec180000000ff	0x0	1
COEFFICIENT	pp_replay_inverse_ordinary	10485426	0x0
TRACE	pp_replay_inverse_ordinary	10490655	0x2ec96573f28204a5498cf54a929088b66bbe7a7e3d21935e33fec180000000ff	0x0	1
COEFFICIENT	pp_replay_inverse_ordinary	10490655	0x0
TRACE	pp_replay_inverse_ordinary	10495884	0x2ec96573f28204a5498cf54a929088b66bbe7a7e3d21935e33fec180000000ff	0x0	1
COEFFICIENT	pp_replay_inverse_ordinary	10495884	0x0
TRACE	pp_replay_inverse_ordinary	10501113	0x2ec96573f28204a5498cf54a929088b66bbe7a7e3d21935e33fec180000000ff	0x0	1
COEFFICIENT	pp_replay_inverse_ordinary	10501113	0x0
TRACE	pp_replay_inverse_ordinary	10506342	0x2ec96573f28204a5498cf54a929088b66bbe7a7e3d21935e33fec180000000ff	0x0	1
COEFFICIENT	pp_replay_inverse_ordinary	10506342	0x0
TRACE	pp_replay_inverse_ordinary	10511571	0x2ec96573f28204a5498cf54a929088b66bbe7a7e3d21935e33fec180000000ff	0x0	1
COEFFICIENT	pp_replay_inverse_ordinary	10511571	0x0
TRACE	pp_replay_inverse_ordinary	10516800	0x2ec96573f28204a5498cf54a929088b66bbe7a7e3d21935e33fec180000000ff	0x0	1
COEFFICIENT	pp_replay_inverse_ordinary	10516800	0x0
TRACE	pp_replay_inverse_ordinary	10522029	0x2ec96573f28204a5498cf54a929088b66bbe7a7e3d21935e33fec180000000ff	0x0	1
COEFFICIENT	pp_replay_inverse_ordinary	10522029	0x0
TRACE	pp_replay_inverse_ordinary	10527258	0x2ec96573f28204a5498cf54a929088b66bbe7a7e3d21935e33fec180000000ff	0x0	1
COEFFICIENT	pp_replay_inverse_ordinary	10527258	0x0
TRACE	pp_replay_inverse_ordinary	10532487	0x2ec96573f28204a5498cf54a929088b66bbe7a7e3d21935e33fec180000000ff	0x0	1
COEFFICIENT	pp_replay_inverse_ordinary	10532487	0x0
TRACE	pp_replay_inverse_ordinary	10537716	0x2ec96573f28204a5498cf54a929088b66bbe7a7e3d21935e33fec180000000ff	0x0	1
COEFFICIENT	pp_replay_inverse_ordinary	10537716	0x0
TRACE	pp_replay_inverse_ordinary	10542945	0x2ec96573f28204a5498cf54a929088b66bbe7a7e3d21935e33fec180000000ff	0x0	1
COEFFICIENT	pp_replay_inverse_ordinary	10542945	0x0
TRACE	pp_replay_inverse_ordinary	10548174	0x2ec96573f28204a5498cf54a929088b66bbe7a7e3d21935e33fec180000000ff	0x0	1
COEFFICIENT	pp_replay_inverse_ordinary	10548174	0x0
TRACE	pp_replay_inverse_ordinary	10553403	0x2ec96573f28204a5498cf54a929088b66bbe7a7e3d21935e33fec180000000ff	0x0	1
COEFFICIENT	pp_replay_inverse_ordinary	10553403	0x0
TRACE	pp_replay_inverse_ordinary	10558632	0x2ec96573f28204a5498cf54a929088b66bbe7a7e3d21935e33fec180000000ff	0x0	1
COEFFICIENT	pp_replay_inverse_ordinary	10558632	0x0
TRACE	pp_replay_inverse_ordinary	10563861	0x2ec96573f28204a5498cf54a929088b66bbe7a7e3d21935e33fec180000000ff	0x0	1
COEFFICIENT	pp_replay_inverse_ordinary	10563861	0x0
TRACE	pp_replay_inverse_ordinary	10569090	0x2ec96573f28204a5498cf54a929088b66bbe7a7e3d21935e33fec180000000ff	0x0	1
COEFFICIENT	pp_replay_inverse_ordinary	10569090	0x0
TRACE	pp_replay_inverse_ordinary	10574319	0x2ec96573f28204a5498cf54a929088b66bbe7a7e3d21935e33fec180000000ff	0x0	1
COEFFICIENT	pp_replay_inverse_ordinary	10574319	0x0
TRACE	pp_replay_inverse_ordinary	10579548	0x2ec96573f28204a5498cf54a929088b66bbe7a7e3d21935e33fec180000000ff	0x0	1
COEFFICIENT	pp_replay_inverse_ordinary	10579548	0x0
TRACE	pp_replay_inverse_ordinary	10584777	0x2ec96573f28204a5498cf54a929088b66bbe7a7e3d21935e33fec180000000ff	0x0	1
COEFFICIENT	pp_replay_inverse_ordinary	10584777	0x0
TRACE	pp_replay_inverse_ordinary	10590006	0x2ec96573f28204a5498cf54a929088b66bbe7a7e3d21935e33fec180000000ff	0x0	1
COEFFICIENT	pp_replay_inverse_ordinary	10590006	0x0
TRACE	pp_replay_inverse_ordinary	10595235	0x2ec96573f28204a5498cf54a929088b66bbe7a7e3d21935e33fec180000000ff	0x0	1
COEFFICIENT	pp_replay_inverse_ordinary	10595235	0x0
TRACE	pp_replay_inverse_ordinary	10600464	0x2ec96573f28204a5498cf54a929088b66bbe7a7e3d21935e33fec180000000ff	0x0	1
COEFFICIENT	pp_replay_inverse_ordinary	10600464	0x0
TRACE	pp_replay_inverse_ordinary	10605693	0x2ec96573f28204a5498cf54a929088b66bbe7a7e3d21935e33fec180000000ff	0x0	1
COEFFICIENT	pp_replay_inverse_ordinary	10605693	0x0
TRACE	pp_replay_inverse_ordinary	10610922	0x2ec96573f28204a5498cf54a929088b66bbe7a7e3d21935e33fec180000000ff	0x0	1
COEFFICIENT	pp_replay_inverse_ordinary	10610922	0x0
TRACE	pp_replay_inverse_ordinary	10616151	0x2ec96573f28204a5498cf54a929088b66bbe7a7e3d21935e33fec180000000ff	0x0	1
COEFFICIENT	pp_replay_inverse_ordinary	10616151	0x0
TRACE	pp_replay_inverse_ordinary	10621380	0x2ec96573f28204a5498cf54a929088b66bbe7a7e3d21935e33fec180000000ff	0x0	1
COEFFICIENT	pp_replay_inverse_ordinary	10621380	0x0
TRACE	pp_replay_inverse_ordinary	10626609	0x2ec96573f28204a5498cf54a929088b66bbe7a7e3d21935e33fec180000000ff	0x0	1
COEFFICIENT	pp_replay_inverse_ordinary	10626609	0x0
TRACE	pp_replay_inverse_ordinary	10631838	0x2ec96573f28204a5498cf54a929088b66bbe7a7e3d21935e33fec180000000ff	0x0	1
COEFFICIENT	pp_replay_inverse_ordinary	10631838	0x0
TRACE	pp_replay_inverse_ordinary	10637067	0x2ec96573f28204a5498cf54a929088b66bbe7a7e3d21935e33fec180000000ff	0x0	1
COEFFICIENT	pp_replay_inverse_ordinary	10637067	0x0
TRACE	pp_replay_inverse_ordinary	10642296	0x2ec96573f28204a5498cf54a929088b66bbe7a7e3d21935e33fec180000000ff	0x0	1
COEFFICIENT	pp_replay_inverse_ordinary	10642296	0x0
TRACE	pp_replay_inverse_ordinary	10647525	0x2ec96573f28204a5498cf54a929088b66bbe7a7e3d21935e33fec180000000ff	0x0	1
COEFFICIENT	pp_replay_inverse_ordinary	10647525	0x0
TRACE	pp_replay_inverse_ordinary	10652754	0x2ec96573f28204a5498cf54a929088b66bbe7a7e3d21935e33fec180000000ff	0x0	1
COEFFICIENT	pp_replay_inverse_ordinary	10652754	0x0
TRACE	pp_replay_inverse_ordinary	10657983	0x2ec96573f28204a5498cf54a929088b66bbe7a7e3d21935e33fec180000000ff	0x0	1
COEFFICIENT	pp_replay_inverse_ordinary	10657983	0x0
TRACE	pp_replay_inverse_ordinary	10663212	0x2ec96573f28204a5498cf54a929088b66bbe7a7e3d21935e33fec180000000ff	0x0	1
COEFFICIENT	pp_replay_inverse_ordinary	10663212	0x0
TRACE	pp_replay_inverse_ordinary	10668441	0x2ec96573f28204a5498cf54a929088b66bbe7a7e3d21935e33fec180000000ff	0x0	1
COEFFICIENT	pp_replay_inverse_ordinary	10668441	0x0
TRACE	pp_replay_inverse_ordinary	10673670	0x2ec96573f28204a5498cf54a929088b66bbe7a7e3d21935e33fec180000000ff	0x0	1
COEFFICIENT	pp_replay_inverse_ordinary	10673670	0x0
TRACE	pp_replay_inverse_ordinary	10678899	0x2ec96573f28204a5498cf54a929088b66bbe7a7e3d21935e33fec180000000ff	0x0	1
COEFFICIENT	pp_replay_inverse_ordinary	10678899	0x0
TRACE	pp_replay_inverse_ordinary	10684128	0x2ec96573f28204a5498cf54a929088b66bbe7a7e3d21935e33fec180000000ff	0x0	1
COEFFICIENT	pp_replay_inverse_ordinary	10684128	0x0
TRACE	pp_replay_inverse_ordinary	10689357	0x2ec96573f28204a5498cf54a929088b66bbe7a7e3d21935e33fec180000000ff	0x0	1
COEFFICIENT	pp_replay_inverse_ordinary	10689357	0x0
TRACE	pp_replay_inverse_ordinary	10694586	0x2ec96573f28204a5498cf54a929088b66bbe7a7e3d21935e33fec180000000ff	0x0	1
COEFFICIENT	pp_replay_inverse_ordinary	10694586	0x0
TRACE	pp_replay_inverse_ordinary	10699815	0x2ec96573f28204a5498cf54a929088b66bbe7a7e3d21935e33fec180000000ff	0x0	1
COEFFICIENT	pp_replay_inverse_ordinary	10699815	0x0
TRACE	pp_replay_inverse_ordinary	10705044	0x2ec96573f28204a5498cf54a929088b66bbe7a7e3d21935e33fec180000000ff	0x0	1
COEFFICIENT	pp_replay_inverse_ordinary	10705044	0x0
TRACE	pp_replay_inverse_ordinary	10710273	0x2ec96573f28204a5498cf54a929088b66bbe7a7e3d21935e33fec180000000ff	0x0	1
COEFFICIENT	pp_replay_inverse_ordinary	10710273	0x0
TRACE	pp_replay_inverse_ordinary	10715502	0x2ec96573f28204a5498cf54a929088b66bbe7a7e3d21935e33fec180000000ff	0x0	1
COEFFICIENT	pp_replay_inverse_ordinary	10715502	0x0
TRACE	pp_replay_inverse_ordinary	10720731	0x2ec96573f28204a5498cf54a929088b66bbe7a7e3d21935e33fec180000000ff	0x0	1
COEFFICIENT	pp_replay_inverse_ordinary	10720731	0x0
TRACE	pp_replay_inverse_ordinary	10725960	0x2ec96573f28204a5498cf54a929088b66bbe7a7e3d21935e33fec180000000ff	0x0	1
COEFFICIENT	pp_replay_inverse_ordinary	10725960	0x0
TRACE	pp_replay_inverse_ordinary	10731189	0x2ec96573f28204a5498cf54a929088b66bbe7a7e3d21935e33fec180000000ff	0x0	1
COEFFICIENT	pp_replay_inverse_ordinary	10731189	0x0
TRACE	pp_replay_inverse_ordinary	10736418	0x2ec96573f28204a5498cf54a929088b66bbe7a7e3d21935e33fec180000000ff	0x0	1
COEFFICIENT	pp_replay_inverse_ordinary	10736418	0x0
TRACE	pp_replay_inverse_ordinary	10741647	0x2ec96573f28204a5498cf54a929088b66bbe7a7e3d21935e33fec180000000ff	0x0	1
COEFFICIENT	pp_replay_inverse_ordinary	10741647	0x0
TRACE	pp_replay_inverse_ordinary	10746876	0x2ec96573f28204a5498cf54a929088b66bbe7a7e3d21935e33fec180000000ff	0x0	1
COEFFICIENT	pp_replay_inverse_ordinary	10746876	0x0
TRACE	pp_replay_inverse_ordinary	10752105	0x2ec96573f28204a5498cf54a929088b66bbe7a7e3d21935e33fec180000000ff	0x0	1
COEFFICIENT	pp_replay_inverse_ordinary	10752105	0x0
TRACE	pp_replay_inverse_ordinary	10757334	0x2ec96573f28204a5498cf54a929088b66bbe7a7e3d21935e33fec180000000ff	0x0	1
COEFFICIENT	pp_replay_inverse_ordinary	10757334	0x0
TRACE	pp_replay_inverse_ordinary	10762563	0x2ec96573f28204a5498cf54a929088b66bbe7a7e3d21935e33fec180000000ff	0x0	1
COEFFICIENT	pp_replay_inverse_ordinary	10762563	0x0
TRACE	pp_replay_inverse_ordinary	10767792	0x2ec96573f28204a5498cf54a929088b66bbe7a7e3d21935e33fec180000000ff	0x0	1
COEFFICIENT	pp_replay_inverse_ordinary	10767792	0x0
TRACE	pp_replay_inverse_ordinary	10773021	0x2ec96573f28204a5498cf54a929088b66bbe7a7e3d21935e33fec180000000ff	0x0	1
COEFFICIENT	pp_replay_inverse_ordinary	10773021	0x0
TRACE	pp_replay_inverse_ordinary	10778250	0x2ec96573f28204a5498cf54a929088b66bbe7a7e3d21935e33fec180000000ff	0x0	1
COEFFICIENT	pp_replay_inverse_ordinary	10778250	0x0
TRACE	pp_replay_inverse_ordinary	10783479	0x2ec96573f28204a5498cf54a929088b66bbe7a7e3d21935e33fec180000000ff	0x0	1
COEFFICIENT	pp_replay_inverse_ordinary	10783479	0x0
TRACE	pp_replay_inverse_ordinary	10788708	0x2ec96573f28204a5498cf54a929088b66bbe7a7e3d21935e33fec180000000ff	0x0	1
COEFFICIENT	pp_replay_inverse_ordinary	10788708	0x0
TRACE	pp_replay_inverse_ordinary	10793937	0x2ec96573f28204a5498cf54a929088b66bbe7a7e3d21935e33fec180000000ff	0x0	1
COEFFICIENT	pp_replay_inverse_ordinary	10793937	0x0
TRACE	pp_replay_inverse_ordinary	10799166	0x2ec96573f28204a5498cf54a929088b66bbe7a7e3d21935e33fec180000000ff	0x0	1
COEFFICIENT	pp_replay_inverse_ordinary	10799166	0x0
TRACE	pp_replay_inverse_ordinary	10804395	0x2ec96573f28204a5498cf54a929088b66bbe7a7e3d21935e33fec180000000ff	0x0	1
COEFFICIENT	pp_replay_inverse_ordinary	10804395	0x0
TRACE	pp_replay_inverse_ordinary	10809624	0x2ec96573f28204a5498cf54a929088b66bbe7a7e3d21935e33fec180000000ff	0x0	1
COEFFICIENT	pp_replay_inverse_ordinary	10809624	0x0
TRACE	pp_replay_inverse_ordinary	10814853	0x2ec96573f28204a5498cf54a929088b66bbe7a7e3d21935e33fec180000000ff	0x0	1
COEFFICIENT	pp_replay_inverse_ordinary	10814853	0x0
TRACE	pp_replay_inverse_ordinary	10820082	0x2ec96573f28204a5498cf54a929088b66bbe7a7e3d21935e33fec180000000ff	0x0	1
COEFFICIENT	pp_replay_inverse_ordinary	10820082	0x0
TRACE	pp_replay_inverse_ordinary	10825311	0x2ec96573f28204a5498cf54a929088b66bbe7a7e3d21935e33fec180000000ff	0x0	1
COEFFICIENT	pp_replay_inverse_ordinary	10825311	0x0
TRACE	pp_replay_inverse_ordinary	10830540	0x2ec96573f28204a5498cf54a929088b66bbe7a7e3d21935e33fec180000000ff	0x0	1
COEFFICIENT	pp_replay_inverse_ordinary	10830540	0x0
TRACE	pp_replay_inverse_ordinary	10835769	0x2ec96573f28204a5498cf54a929088b66bbe7a7e3d21935e33fec180000000ff	0x0	1
COEFFICIENT	pp_replay_inverse_ordinary	10835769	0x0
TRACE	pp_replay_inverse_ordinary	10840998	0x2ec96573f28204a5498cf54a929088b66bbe7a7e3d21935e33fec180000000ff	0x0	1
COEFFICIENT	pp_replay_inverse_ordinary	10840998	0x0
TRACE	pp_replay_inverse_ordinary	10846227	0x2ec96573f28204a5498cf54a929088b66bbe7a7e3d21935e33fec180000000ff	0x0	1
COEFFICIENT	pp_replay_inverse_ordinary	10846227	0x0
TRACE	pp_replay_inverse_ordinary	10851456	0x2ec96573f28204a5498cf54a929088b66bbe7a7e3d21935e33fec180000000ff	0x0	1
COEFFICIENT	pp_replay_inverse_ordinary	10851456	0x0
TRACE	pp_replay_inverse_ordinary	10856685	0x2ec96573f28204a5498cf54a929088b66bbe7a7e3d21935e33fec180000000ff	0x0	1
COEFFICIENT	pp_replay_inverse_ordinary	10856685	0x0
TRACE	pp_replay_inverse_ordinary	10861914	0x2ec96573f28204a5498cf54a929088b66bbe7a7e3d21935e33fec180000000ff	0x0	1
COEFFICIENT	pp_replay_inverse_ordinary	10861914	0x0
TRACE	pp_replay_inverse_ordinary	10867143	0x2ec96573f28204a5498cf54a929088b66bbe7a7e3d21935e33fec180000000ff	0x0	1
COEFFICIENT	pp_replay_inverse_ordinary	10867143	0x0
TRACE	pp_replay_inverse_ordinary	10872372	0x2ec96573f28204a5498cf54a929088b66bbe7a7e3d21935e33fec180000000ff	0x0	1
COEFFICIENT	pp_replay_inverse_ordinary	10872372	0x0
TRACE	pp_replay_inverse_ordinary	10877601	0x2ec96573f28204a5498cf54a929088b66bbe7a7e3d21935e33fec180000000ff	0x0	1
COEFFICIENT	pp_replay_inverse_ordinary	10877601	0x0
TRACE	pp_replay_inverse_ordinary	10882830	0x2ec96573f28204a5498cf54a929088b66bbe7a7e3d21935e33fec180000000ff	0x0	1
COEFFICIENT	pp_replay_inverse_ordinary	10882830	0x0
TRACE	pp_replay_inverse_ordinary	10888059	0x2ec96573f28204a5498cf54a929088b66bbe7a7e3d21935e33fec180000000ff	0x0	1
COEFFICIENT	pp_replay_inverse_ordinary	10888059	0x0
TRACE	pp_replay_inverse_ordinary	10893288	0x2ec96573f28204a5498cf54a929088b66bbe7a7e3d21935e33fec180000000ff	0x0	1
COEFFICIENT	pp_replay_inverse_ordinary	10893288	0x0
TRACE	pp_replay_inverse_ordinary	10898517	0x2ec96573f28204a5498cf54a929088b66bbe7a7e3d21935e33fec180000000ff	0x0	1
COEFFICIENT	pp_replay_inverse_ordinary	10898517	0x0
TRACE	pp_replay_inverse_ordinary	10903746	0x2ec96573f28204a5498cf54a929088b66bbe7a7e3d21935e33fec180000000ff	0x0	1
COEFFICIENT	pp_replay_inverse_ordinary	10903746	0x0
TRACE	pp_replay_inverse_ordinary	10908975	0x2ec96573f28204a5498cf54a929088b66bbe7a7e3d21935e33fec180000000ff	0x0	1
COEFFICIENT	pp_replay_inverse_ordinary	10908975	0x0
TRACE	pp_replay_inverse_ordinary	10914204	0x2ec96573f28204a5498cf54a929088b66bbe7a7e3d21935e33fec180000000ff	0x0	1
COEFFICIENT	pp_replay_inverse_ordinary	10914204	0x0
TRACE	pp_replay_inverse_ordinary	10919433	0x2ec96573f28204a5498cf54a929088b66bbe7a7e3d21935e33fec180000000ff	0x0	1
COEFFICIENT	pp_replay_inverse_ordinary	10919433	0x0
TRACE	pp_replay_inverse_ordinary	10924662	0x2ec96573f28204a5498cf54a929088b66bbe7a7e3d21935e33fec180000000ff	0x0	1
COEFFICIENT	pp_replay_inverse_ordinary	10924662	0x0
TRACE	pp_replay_inverse_ordinary	10929891	0x2ec96573f28204a5498cf54a929088b66bbe7a7e3d21935e33fec180000000ff	0x0	1
COEFFICIENT	pp_replay_inverse_ordinary	10929891	0x0
TRACE	pp_replay_inverse_ordinary	10935120	0x2ec96573f28204a5498cf54a929088b66bbe7a7e3d21935e33fec180000000ff	0x0	1
COEFFICIENT	pp_replay_inverse_ordinary	10935120	0x0
TRACE	pp_replay_inverse_ordinary	10940349	0x2ec96573f28204a5498cf54a929088b66bbe7a7e3d21935e33fec180000000ff	0x0	1
COEFFICIENT	pp_replay_inverse_ordinary	10940349	0x0
TRACE	pp_replay_inverse_ordinary	10945578	0x2ec96573f28204a5498cf54a929088b66bbe7a7e3d21935e33fec180000000ff	0x0	1
COEFFICIENT	pp_replay_inverse_ordinary	10945578	0x0
TRACE	pp_replay_inverse_ordinary	10950807	0x2ec96573f28204a5498cf54a929088b66bbe7a7e3d21935e33fec180000000ff	0x0	1
COEFFICIENT	pp_replay_inverse_ordinary	10950807	0x0
TRACE	pp_replay_inverse_ordinary	10956036	0x2ec96573f28204a5498cf54a929088b66bbe7a7e3d21935e33fec180000000ff	0x0	1
COEFFICIENT	pp_replay_inverse_ordinary	10956036	0x0
TRACE	pp_replay_inverse_ordinary	10961265	0x2ec96573f28204a5498cf54a929088b66bbe7a7e3d21935e33fec180000000ff	0x0	1
COEFFICIENT	pp_replay_inverse_ordinary	10961265	0x0
TRACE	pp_replay_inverse_ordinary	10966494	0x2ec96573f28204a5498cf54a929088b66bbe7a7e3d21935e33fec180000000ff	0x0	1
COEFFICIENT	pp_replay_inverse_ordinary	10966494	0x0
TRACE	pp_replay_inverse_ordinary	10971723	0x2ec96573f28204a5498cf54a929088b66bbe7a7e3d21935e33fec180000000ff	0x0	1
COEFFICIENT	pp_replay_inverse_ordinary	10971723	0x0
TRACE	pp_replay_inverse_ordinary	10976952	0x2ec96573f28204a5498cf54a929088b66bbe7a7e3d21935e33fec180000000ff	0x0	1
COEFFICIENT	pp_replay_inverse_ordinary	10976952	0x0
TRACE	pp_replay_inverse_ordinary	10982181	0x2ec96573f28204a5498cf54a929088b66bbe7a7e3d21935e33fec180000000ff	0x0	1
COEFFICIENT	pp_replay_inverse_ordinary	10982181	0x0
TRACE	pp_replay_inverse_ordinary	10987410	0x2ec96573f28204a5498cf54a929088b66bbe7a7e3d21935e33fec180000000ff	0x0	1
COEFFICIENT	pp_replay_inverse_ordinary	10987410	0x0
TRACE	pp_replay_inverse_ordinary	10992639	0x2ec96573f28204a5498cf54a929088b66bbe7a7e3d21935e33fec180000000ff	0x0	1
COEFFICIENT	pp_replay_inverse_ordinary	10992639	0x0
TRACE	pp_replay_inverse_ordinary	10997868	0x2ec96573f28204a5498cf54a929088b66bbe7a7e3d21935e33fec180000000ff	0x0	1
COEFFICIENT	pp_replay_inverse_ordinary	10997868	0x0
TRACE	pp_replay_inverse_ordinary	11003097	0x2ec96573f28204a5498cf54a929088b66bbe7a7e3d21935e33fec180000000ff	0x0	1
COEFFICIENT	pp_replay_inverse_ordinary	11003097	0x0
TRACE	pp_replay_inverse_ordinary	11008326	0x2ec96573f28204a5498cf54a929088b66bbe7a7e3d21935e33fec180000000ff	0x0	1
COEFFICIENT	pp_replay_inverse_ordinary	11008326	0x0
TRACE	pp_replay_inverse_ordinary	11013555	0x2ec96573f28204a5498cf54a929088b66bbe7a7e3d21935e33fec180000000ff	0x0	1
COEFFICIENT	pp_replay_inverse_ordinary	11013555	0x0
TRACE	pp_replay_inverse_ordinary	11018784	0x2ec96573f28204a5498cf54a929088b66bbe7a7e3d21935e33fec180000000ff	0x0	1
COEFFICIENT	pp_replay_inverse_ordinary	11018784	0x0
TRACE	pp_replay_inverse_ordinary	11024013	0x2ec96573f28204a5498cf54a929088b66bbe7a7e3d21935e33fec180000000ff	0x0	1
COEFFICIENT	pp_replay_inverse_ordinary	11024013	0x0
TRACE	pp_replay_inverse_ordinary	11029242	0x2ec96573f28204a5498cf54a929088b66bbe7a7e3d21935e33fec180000000ff	0x0	1
COEFFICIENT	pp_replay_inverse_ordinary	11029242	0x0
TRACE	pp_replay_inverse_ordinary	11034471	0x2ec96573f28204a5498cf54a929088b66bbe7a7e3d21935e33fec180000000ff	0x0	1
COEFFICIENT	pp_replay_inverse_ordinary	11034471	0x0
TRACE	pp_replay_inverse_ordinary	11039700	0x2ec96573f28204a5498cf54a929088b66bbe7a7e3d21935e33fec180000000ff	0x0	1
COEFFICIENT	pp_replay_inverse_ordinary	11039700	0x0
TRACE	pp_replay_inverse_ordinary	11044929	0x2ec96573f28204a5498cf54a929088b66bbe7a7e3d21935e33fec180000000ff	0x0	1
COEFFICIENT	pp_replay_inverse_ordinary	11044929	0x0
TRACE	pp_replay_inverse_ordinary	11050158	0x2ec96573f28204a5498cf54a929088b66bbe7a7e3d21935e33fec180000000ff	0x0	1
COEFFICIENT	pp_replay_inverse_ordinary	11050158	0x0
TRACE	pp_replay_inverse_ordinary	11055387	0x2ec96573f28204a5498cf54a929088b66bbe7a7e3d21935e33fec180000000ff	0x0	1
COEFFICIENT	pp_replay_inverse_ordinary	11055387	0x0
TRACE	pp_replay_inverse_ordinary	11060616	0x2ec96573f28204a5498cf54a929088b66bbe7a7e3d21935e33fec180000000ff	0x0	1
COEFFICIENT	pp_replay_inverse_ordinary	11060616	0x0
TRACE	pp_replay_inverse_ordinary	11065845	0x2ec96573f28204a5498cf54a929088b66bbe7a7e3d21935e33fec180000000ff	0x0	1
COEFFICIENT	pp_replay_inverse_ordinary	11065845	0x0
TRACE	pp_replay_inverse_ordinary	11071074	0x2ec96573f28204a5498cf54a929088b66bbe7a7e3d21935e33fec180000000ff	0x0	1
COEFFICIENT	pp_replay_inverse_ordinary	11071074	0x0
TRACE	pp_replay_inverse_ordinary	11076303	0x2ec96573f28204a5498cf54a929088b66bbe7a7e3d21935e33fec180000000ff	0x0	1
COEFFICIENT	pp_replay_inverse_ordinary	11076303	0x0
TRACE	pp_replay_inverse_ordinary	11081532	0x2ec96573f28204a5498cf54a929088b66bbe7a7e3d21935e33fec180000000ff	0x0	1
COEFFICIENT	pp_replay_inverse_ordinary	11081532	0x0
TRACE	pp_replay_inverse_ordinary	11086761	0x2ec96573f28204a5498cf54a929088b66bbe7a7e3d21935e33fec180000000ff	0x0	1
COEFFICIENT	pp_replay_inverse_ordinary	11086761	0x0
TRACE	pp_replay_inverse_ordinary	11091990	0x2ec96573f28204a5498cf54a929088b66bbe7a7e3d21935e33fec180000000ff	0x0	1
COEFFICIENT	pp_replay_inverse_ordinary	11091990	0x0
TRACE	pp_replay_inverse_ordinary	11097219	0x2ec96573f28204a5498cf54a929088b66bbe7a7e3d21935e33fec180000000ff	0x0	1
COEFFICIENT	pp_replay_inverse_ordinary	11097219	0x0
TRACE	pp_replay_inverse_ordinary	11102448	0x2ec96573f28204a5498cf54a929088b66bbe7a7e3d21935e33fec180000000ff	0x0	1
COEFFICIENT	pp_replay_inverse_ordinary	11102448	0x0
TRACE	pp_replay_inverse_ordinary	11107677	0x2ec96573f28204a5498cf54a929088b66bbe7a7e3d21935e33fec180000000ff	0x0	1
COEFFICIENT	pp_replay_inverse_ordinary	11107677	0x0
TRACE	pp_replay_inverse_ordinary	11112906	0x2ec96573f28204a5498cf54a929088b66bbe7a7e3d21935e33fec180000000ff	0x0	1
COEFFICIENT	pp_replay_inverse_ordinary	11112906	0x0
TRACE	pp_replay_inverse_ordinary	11118135	0x2ec96573f28204a5498cf54a929088b66bbe7a7e3d21935e33fec180000000ff	0x0	1
COEFFICIENT	pp_replay_inverse_ordinary	11118135	0x0
TRACE	pp_replay_inverse_ordinary	11123364	0x2ec96573f28204a5498cf54a929088b66bbe7a7e3d21935e33fec180000000ff	0x0	1
COEFFICIENT	pp_replay_inverse_ordinary	11123364	0x0
TRACE	pp_replay_inverse_ordinary	11128593	0x2ec96573f28204a5498cf54a929088b66bbe7a7e3d21935e33fec180000000ff	0x0	1
COEFFICIENT	pp_replay_inverse_ordinary	11128593	0x0
TRACE	pp_replay_inverse_ordinary	11133822	0x2ec96573f28204a5498cf54a929088b66bbe7a7e3d21935e33fec180000000ff	0x0	1
COEFFICIENT	pp_replay_inverse_ordinary	11133822	0x0
TRACE	pp_replay_inverse_ordinary	11139051	0x2ec96573f28204a5498cf54a929088b66bbe7a7e3d21935e33fec180000000ff	0x0	1
COEFFICIENT	pp_replay_inverse_ordinary	11139051	0x0
TRACE	pp_replay_inverse_ordinary	11144280	0x2ec96573f28204a5498cf54a929088b66bbe7a7e3d21935e33fec180000000ff	0x0	1
COEFFICIENT	pp_replay_inverse_ordinary	11144280	0x0
TRACE	pp_replay_inverse_ordinary	11149509	0x2ec96573f28204a5498cf54a929088b66bbe7a7e3d21935e33fec180000000ff	0x0	1
COEFFICIENT	pp_replay_inverse_ordinary	11149509	0x0
TRACE	pp_replay_inverse_ordinary	11154738	0x2ec96573f28204a5498cf54a929088b66bbe7a7e3d21935e33fec180000000ff	0x0	1
COEFFICIENT	pp_replay_inverse_ordinary	11154738	0x0
TRACE	pp_replay_inverse_ordinary	11159967	0x2ec96573f28204a5498cf54a929088b66bbe7a7e3d21935e33fec180000000ff	0x0	1
COEFFICIENT	pp_replay_inverse_ordinary	11159967	0x0
TRACE	pp_replay_inverse_ordinary	11165196	0x2ec96573f28204a5498cf54a929088b66bbe7a7e3d21935e33fec180000000ff	0x0	1
COEFFICIENT	pp_replay_inverse_ordinary	11165196	0x0
TRACE	pp_replay_inverse_ordinary	11170425	0x2ec96573f28204a5498cf54a929088b66bbe7a7e3d21935e33fec180000000ff	0x0	1
COEFFICIENT	pp_replay_inverse_ordinary	11170425	0x0
TRACE	pp_replay_inverse_ordinary	11175654	0x2ec96573f28204a5498cf54a929088b66bbe7a7e3d21935e33fec180000000ff	0x0	1
COEFFICIENT	pp_replay_inverse_ordinary	11175654	0x0
TRACE	pp_replay_inverse_ordinary	11180883	0x2ec96573f28204a5498cf54a929088b66bbe7a7e3d21935e33fec180000000ff	0x0	1
COEFFICIENT	pp_replay_inverse_ordinary	11180883	0x0
TRACE	pp_replay_inverse_ordinary	11186112	0x2ec96573f28204a5498cf54a929088b66bbe7a7e3d21935e33fec180000000ff	0x0	1
COEFFICIENT	pp_replay_inverse_ordinary	11186112	0x0
TRACE	pp_replay_inverse_ordinary	11191341	0x2ec96573f28204a5498cf54a929088b66bbe7a7e3d21935e33fec180000000ff	0x0	1
COEFFICIENT	pp_replay_inverse_ordinary	11191341	0x0
TRACE	pp_replay_inverse_ordinary	11196570	0x2ec96573f28204a5498cf54a929088b66bbe7a7e3d21935e33fec180000000ff	0x0	1
COEFFICIENT	pp_replay_inverse_ordinary	11196570	0x0
TRACE	pp_replay_inverse_ordinary	11201799	0x2ec96573f28204a5498cf54a929088b66bbe7a7e3d21935e33fec180000000ff	0x0	1
COEFFICIENT	pp_replay_inverse_ordinary	11201799	0x0
TRACE	pp_replay_inverse_ordinary	11207028	0x2ec96573f28204a5498cf54a929088b66bbe7a7e3d21935e33fec180000000ff	0x0	1
COEFFICIENT	pp_replay_inverse_ordinary	11207028	0x0
TRACE	pp_replay_inverse_ordinary	11212257	0x2ec96573f28204a5498cf54a929088b66bbe7a7e3d21935e33fec180000000ff	0x0	1
COEFFICIENT	pp_replay_inverse_ordinary	11212257	0x0
TRACE	pp_replay_inverse_ordinary	11217486	0x2ec96573f28204a5498cf54a929088b66bbe7a7e3d21935e33fec180000000ff	0x0	1
COEFFICIENT	pp_replay_inverse_ordinary	11217486	0x0
TRACE	pp_replay_inverse_ordinary	11222715	0x2ec96573f28204a5498cf54a929088b66bbe7a7e3d21935e33fec180000000ff	0x0	1
COEFFICIENT	pp_replay_inverse_ordinary	11222715	0x0
TRACE	pp_replay_inverse_ordinary	11227944	0x2ec96573f28204a5498cf54a929088b66bbe7a7e3d21935e33fec180000000ff	0x0	1
COEFFICIENT	pp_replay_inverse_ordinary	11227944	0x0
TRACE	pp_replay_inverse_ordinary	11233173	0x2ec96573f28204a5498cf54a929088b66bbe7a7e3d21935e33fec180000000ff	0x0	1
COEFFICIENT	pp_replay_inverse_ordinary	11233173	0x0
TRACE	pp_replay_inverse_ordinary	11238402	0x2ec96573f28204a5498cf54a929088b66bbe7a7e3d21935e33fec180000000ff	0x0	1
COEFFICIENT	pp_replay_inverse_ordinary	11238402	0x0
TRACE	pp_replay_inverse_ordinary	11243631	0x2ec96573f28204a5498cf54a929088b66bbe7a7e3d21935e33fec180000000ff	0x0	1
COEFFICIENT	pp_replay_inverse_ordinary	11243631	0x0
TRACE	pp_replay_inverse_ordinary	11248860	0x2ec96573f28204a5498cf54a929088b66bbe7a7e3d21935e33fec180000000ff	0x0	1
COEFFICIENT	pp_replay_inverse_ordinary	11248860	0x0
TRACE	pp_replay_inverse_ordinary	11254089	0x2ec96573f28204a5498cf54a929088b66bbe7a7e3d21935e33fec180000000ff	0x0	1
COEFFICIENT	pp_replay_inverse_ordinary	11254089	0x0
TRACE	pp_replay_inverse_ordinary	11259318	0x2ec96573f28204a5498cf54a929088b66bbe7a7e3d21935e33fec180000000ff	0x0	1
COEFFICIENT	pp_replay_inverse_ordinary	11259318	0x0
TRACE	pp_replay_inverse_ordinary	11264547	0x2ec96573f28204a5498cf54a929088b66bbe7a7e3d21935e33fec180000000ff	0x0	1
COEFFICIENT	pp_replay_inverse_ordinary	11264547	0x0
TRACE	pp_replay_inverse_ordinary	11269776	0x2ec96573f28204a5498cf54a929088b66bbe7a7e3d21935e33fec180000000ff	0x0	1
COEFFICIENT	pp_replay_inverse_ordinary	11269776	0x0
TRACE	pp_replay_inverse_ordinary	11275005	0x2ec96573f28204a5498cf54a929088b66bbe7a7e3d21935e33fec180000000ff	0x0	1
COEFFICIENT	pp_replay_inverse_ordinary	11275005	0x0
TRACE	pp_replay_inverse_ordinary	11280234	0x2ec96573f28204a5498cf54a929088b66bbe7a7e3d21935e33fec180000000ff	0x0	1
COEFFICIENT	pp_replay_inverse_ordinary	11280234	0x0
TRACE	pp_replay_inverse_ordinary	11285463	0x2ec96573f28204a5498cf54a929088b66bbe7a7e3d21935e33fec180000000ff	0x0	1
COEFFICIENT	pp_replay_inverse_ordinary	11285463	0x0
TRACE	pp_replay_inverse_ordinary	11290692	0x2ec96573f28204a5498cf54a929088b66bbe7a7e3d21935e33fec180000000ff	0x0	1
COEFFICIENT	pp_replay_inverse_ordinary	11290692	0x0
TRACE	pp_replay_inverse_ordinary	11295921	0x2ec96573f28204a5498cf54a929088b66bbe7a7e3d21935e33fec180000000ff	0x0	1
COEFFICIENT	pp_replay_inverse_ordinary	11295921	0x0
TRACE	pp_replay_inverse_ordinary	11301150	0x2ec96573f28204a5498cf54a929088b66bbe7a7e3d21935e33fec180000000ff	0x0	1
COEFFICIENT	pp_replay_inverse_ordinary	11301150	0x0
TRACE	pp_replay_inverse_ordinary	11306379	0x2ec96573f28204a5498cf54a929088b66bbe7a7e3d21935e33fec180000000ff	0x0	1
COEFFICIENT	pp_replay_inverse_ordinary	11306379	0x0
TRACE	pp_replay_inverse_ordinary	11311608	0x2ec96573f28204a5498cf54a929088b66bbe7a7e3d21935e33fec180000000ff	0x0	1
COEFFICIENT	pp_replay_inverse_ordinary	11311608	0x0
TRACE	pp_replay_inverse_ordinary	11316837	0x2ec96573f28204a5498cf54a929088b66bbe7a7e3d21935e33fec180000000ff	0x0	1
COEFFICIENT	pp_replay_inverse_ordinary	11316837	0x0
TRACE	pp_replay_inverse_ordinary	11322066	0x2ec96573f28204a5498cf54a929088b66bbe7a7e3d21935e33fec180000000ff	0x0	1
COEFFICIENT	pp_replay_inverse_ordinary	11322066	0x0
TRACE	pp_replay_inverse_ordinary	11327295	0x2ec96573f28204a5498cf54a929088b66bbe7a7e3d21935e33fec180000000ff	0x0	1
COEFFICIENT	pp_replay_inverse_ordinary	11327295	0x0
TRACE	pp_replay_inverse_ordinary	11332524	0x2ec96573f28204a5498cf54a929088b66bbe7a7e3d21935e33fec180000000ff	0x0	1
COEFFICIENT	pp_replay_inverse_ordinary	11332524	0x0
TRACE	pp_replay_inverse_ordinary	11337753	0x2ec96573f28204a5498cf54a929088b66bbe7a7e3d21935e33fec180000000ff	0x0	1
COEFFICIENT	pp_replay_inverse_ordinary	11337753	0x0
TRACE	pp_replay_inverse_ordinary	11342982	0x2ec96573f28204a5498cf54a929088b66bbe7a7e3d21935e33fec180000000ff	0x0	1
COEFFICIENT	pp_replay_inverse_ordinary	11342982	0x0
TRACE	pp_replay_inverse_ordinary	11348211	0x2ec96573f28204a5498cf54a929088b66bbe7a7e3d21935e33fec180000000ff	0x0	1
COEFFICIENT	pp_replay_inverse_ordinary	11348211	0x0
TRACE	pp_replay_inverse_ordinary	11353440	0x2ec96573f28204a5498cf54a929088b66bbe7a7e3d21935e33fec180000000ff	0x0	1
COEFFICIENT	pp_replay_inverse_ordinary	11353440	0x0
TRACE	pp_replay_inverse_ordinary	11358669	0x2ec96573f28204a5498cf54a929088b66bbe7a7e3d21935e33fec180000000ff	0x0	1
COEFFICIENT	pp_replay_inverse_ordinary	11358669	0x0
TRACE	pp_replay_inverse_ordinary	11363898	0x2ec96573f28204a5498cf54a929088b66bbe7a7e3d21935e33fec180000000ff	0x0	1
COEFFICIENT	pp_replay_inverse_ordinary	11363898	0x0
TRACE	pp_replay_inverse_ordinary	11369127	0x2ec96573f28204a5498cf54a929088b66bbe7a7e3d21935e33fec180000000ff	0x0	1
COEFFICIENT	pp_replay_inverse_ordinary	11369127	0x0
TRACE	pp_replay_inverse_ordinary	11374356	0x2ec96573f28204a5498cf54a929088b66bbe7a7e3d21935e33fec180000000ff	0x0	1
COEFFICIENT	pp_replay_inverse_ordinary	11374356	0x0
TRACE	pp_replay_inverse_ordinary	11379585	0x2ec96573f28204a5498cf54a929088b66bbe7a7e3d21935e33fec180000000ff	0x0	1
COEFFICIENT	pp_replay_inverse_ordinary	11379585	0x0
TRACE	pp_replay_inverse_ordinary	11384814	0x2ec96573f28204a5498cf54a929088b66bbe7a7e3d21935e33fec180000000ff	0x0	1
COEFFICIENT	pp_replay_inverse_ordinary	11384814	0x0
TRACE	pp_replay_inverse_ordinary	11390043	0x2ec96573f28204a5498cf54a929088b66bbe7a7e3d21935e33fec180000000ff	0x0	1
COEFFICIENT	pp_replay_inverse_ordinary	11390043	0x0
TRACE	pp_replay_inverse_ordinary	11395272	0x2ec96573f28204a5498cf54a929088b66bbe7a7e3d21935e33fec180000000ff	0x0	1
COEFFICIENT	pp_replay_inverse_ordinary	11395272	0x0
TRACE	pp_replay_inverse_ordinary	11400501	0x2ec96573f28204a5498cf54a929088b66bbe7a7e3d21935e33fec180000000ff	0x0	1
COEFFICIENT	pp_replay_inverse_ordinary	11400501	0x0
TRACE	pp_replay_inverse_ordinary	11405730	0x2ec96573f28204a5498cf54a929088b66bbe7a7e3d21935e33fec180000000ff	0x0	1
COEFFICIENT	pp_replay_inverse_ordinary	11405730	0x0
TRACE	pp_replay_inverse_ordinary	11410959	0x2ec96573f28204a5498cf54a929088b66bbe7a7e3d21935e33fec180000000ff	0x0	1
COEFFICIENT	pp_replay_inverse_ordinary	11410959	0x0
TRACE	pp_replay_inverse_ordinary	11416188	0x2ec96573f28204a5498cf54a929088b66bbe7a7e3d21935e33fec180000000ff	0x0	1
COEFFICIENT	pp_replay_inverse_ordinary	11416188	0x0
TRACE	pp_replay_inverse_ordinary	11421417	0x2ec96573f28204a5498cf54a929088b66bbe7a7e3d21935e33fec180000000ff	0x0	1
COEFFICIENT	pp_replay_inverse_ordinary	11421417	0x0
TRACE	pp_replay_inverse_ordinary	11426646	0x2ec96573f28204a5498cf54a929088b66bbe7a7e3d21935e33fec180000000ff	0x0	1
COEFFICIENT	pp_replay_inverse_ordinary	11426646	0x0
TRACE	pp_replay_inverse_ordinary	11431875	0x2ec96573f28204a5498cf54a929088b66bbe7a7e3d21935e33fec180000000ff	0x0	1
COEFFICIENT	pp_replay_inverse_ordinary	11431875	0x0
TRACE	pp_replay_inverse_ordinary	11437104	0x2ec96573f28204a5498cf54a929088b66bbe7a7e3d21935e33fec180000000ff	0x0	1
COEFFICIENT	pp_replay_inverse_ordinary	11437104	0x0
TRACE	pp_replay_inverse_ordinary	11442333	0x2ec96573f28204a5498cf54a929088b66bbe7a7e3d21935e33fec180000000ff	0x0	1
COEFFICIENT	pp_replay_inverse_ordinary	11442333	0x0
TRACE	pp_replay_inverse_ordinary	11447562	0x2ec96573f28204a5498cf54a929088b66bbe7a7e3d21935e33fec180000000ff	0x0	1
COEFFICIENT	pp_replay_inverse_ordinary	11447562	0x0
TRACE	pp_replay_inverse_ordinary	11452791	0x2ec96573f28204a5498cf54a929088b66bbe7a7e3d21935e33fec180000000ff	0x0	1
COEFFICIENT	pp_replay_inverse_ordinary	11452791	0x0
TRACE	pp_replay_inverse_ordinary	11458020	0x2ec96573f28204a5498cf54a929088b66bbe7a7e3d21935e33fec180000000ff	0x0	1
COEFFICIENT	pp_replay_inverse_ordinary	11458020	0x0
TRACE	pp_replay_inverse_ordinary	11463249	0x2ec96573f28204a5498cf54a929088b66bbe7a7e3d21935e33fec180000000ff	0x0	1
COEFFICIENT	pp_replay_inverse_ordinary	11463249	0x0
TRACE	pp_replay_inverse_ordinary	11468478	0x2ec96573f28204a5498cf54a929088b66bbe7a7e3d21935e33fec180000000ff	0x0	1
COEFFICIENT	pp_replay_inverse_ordinary	11468478	0x0
TRACE	pp_replay_inverse_ordinary	11473707	0x2ec96573f28204a5498cf54a929088b66bbe7a7e3d21935e33fec180000000ff	0x0	1
COEFFICIENT	pp_replay_inverse_ordinary	11473707	0x0
TRACE	pp_replay_inverse_ordinary	11478936	0x2ec96573f28204a5498cf54a929088b66bbe7a7e3d21935e33fec180000000ff	0x0	1
COEFFICIENT	pp_replay_inverse_ordinary	11478936	0x0
TRACE	pp_replay_inverse_ordinary	11484165	0x2ec96573f28204a5498cf54a929088b66bbe7a7e3d21935e33fec180000000ff	0x0	1
COEFFICIENT	pp_replay_inverse_ordinary	11484165	0x0
TRACE	pp_replay_inverse_ordinary	11489394	0x2ec96573f28204a5498cf54a929088b66bbe7a7e3d21935e33fec180000000ff	0x0	1
COEFFICIENT	pp_replay_inverse_ordinary	11489394	0x0
TRACE	pp_replay_inverse_ordinary	11494623	0x2ec96573f28204a5498cf54a929088b66bbe7a7e3d21935e33fec180000000ff	0x0	1
COEFFICIENT	pp_replay_inverse_ordinary	11494623	0x0
TRACE	pp_replay_inverse_ordinary	11499852	0x2ec96573f28204a5498cf54a929088b66bbe7a7e3d21935e33fec180000000ff	0x0	1
COEFFICIENT	pp_replay_inverse_ordinary	11499852	0x0
TRACE	pp_replay_inverse_ordinary	11505081	0x2ec96573f28204a5498cf54a929088b66bbe7a7e3d21935e33fec180000000ff	0x0	1
COEFFICIENT	pp_replay_inverse_ordinary	11505081	0x0
TRACE	pp_replay_inverse_ordinary	11510310	0x2ec96573f28204a5498cf54a929088b66bbe7a7e3d21935e33fec180000000ff	0x0	1
COEFFICIENT	pp_replay_inverse_ordinary	11510310	0x0
TRACE	pp_replay_inverse_ordinary	11515539	0x2ec96573f28204a5498cf54a929088b66bbe7a7e3d21935e33fec180000000ff	0x0	1
COEFFICIENT	pp_replay_inverse_ordinary	11515539	0x0
TRACE	pp_replay_inverse_ordinary	11520768	0x2ec96573f28204a5498cf54a929088b66bbe7a7e3d21935e33fec180000000ff	0x0	1
COEFFICIENT	pp_replay_inverse_ordinary	11520768	0x0
TRACE	pp_replay_inverse_ordinary	11525997	0x2ec96573f28204a5498cf54a929088b66bbe7a7e3d21935e33fec180000000ff	0x0	1
COEFFICIENT	pp_replay_inverse_ordinary	11525997	0x0
TRACE	pp_replay_inverse_ordinary	11531226	0x2ec96573f28204a5498cf54a929088b66bbe7a7e3d21935e33fec180000000ff	0x0	1
COEFFICIENT	pp_replay_inverse_ordinary	11531226	0x0
TRACE	pp_replay_inverse_ordinary	11536455	0x2ec96573f28204a5498cf54a929088b66bbe7a7e3d21935e33fec180000000ff	0x0	1
COEFFICIENT	pp_replay_inverse_ordinary	11536455	0x0
TRACE	pp_replay_inverse_ordinary	11541684	0x2ec96573f28204a5498cf54a929088b66bbe7a7e3d21935e33fec180000000ff	0x0	1
COEFFICIENT	pp_replay_inverse_ordinary	11541684	0x0
TRACE	pp_replay_inverse_ordinary	11546913	0x2ec96573f28204a5498cf54a929088b66bbe7a7e3d21935e33fec180000000ff	0x0	1
COEFFICIENT	pp_replay_inverse_ordinary	11546913	0x0
TRACE	pp_replay_inverse_ordinary	11552142	0x2ec96573f28204a5498cf54a929088b66bbe7a7e3d21935e33fec180000000ff	0x0	1
COEFFICIENT	pp_replay_inverse_ordinary	11552142	0x0
TRACE	pp_replay_inverse_ordinary	11557371	0x2ec96573f28204a5498cf54a929088b66bbe7a7e3d21935e33fec180000000ff	0x0	1
COEFFICIENT	pp_replay_inverse_ordinary	11557371	0x0
TRACE	pp_replay_inverse_ordinary	11562600	0x2ec96573f28204a5498cf54a929088b66bbe7a7e3d21935e33fec180000000ff	0x0	1
COEFFICIENT	pp_replay_inverse_ordinary	11562600	0x0
TRACE	pp_replay_inverse_ordinary	11567829	0x2ec96573f28204a5498cf54a929088b66bbe7a7e3d21935e33fec180000000ff	0x0	1
COEFFICIENT	pp_replay_inverse_ordinary	11567829	0x0
TRACE	pp_replay_inverse_ordinary	11573058	0x2ec96573f28204a5498cf54a929088b66bbe7a7e3d21935e33fec180000000ff	0x0	1
COEFFICIENT	pp_replay_inverse_ordinary	11573058	0x0
TRACE	pp_replay_inverse_ordinary	11578287	0x2ec96573f28204a5498cf54a929088b66bbe7a7e3d21935e33fec180000000ff	0x0	1
COEFFICIENT	pp_replay_inverse_ordinary	11578287	0x0
TRACE	pp_replay_inverse_ordinary	11583516	0x2ec96573f28204a5498cf54a929088b66bbe7a7e3d21935e33fec180000000ff	0x0	1
COEFFICIENT	pp_replay_inverse_ordinary	11583516	0x0
TRACE	pp_replay_inverse_ordinary	11588745	0x2ec96573f28204a5498cf54a929088b66bbe7a7e3d21935e33fec180000000ff	0x0	1
COEFFICIENT	pp_replay_inverse_ordinary	11588745	0x0
TRACE	pp_replay_inverse_ordinary	11593974	0x2ec96573f28204a5498cf54a929088b66bbe7a7e3d21935e33fec180000000ff	0x0	1
COEFFICIENT	pp_replay_inverse_ordinary	11593974	0x0
TRACE	pp_replay_inverse_ordinary	11599203	0x2ec96573f28204a5498cf54a929088b66bbe7a7e3d21935e33fec180000000ff	0x0	1
COEFFICIENT	pp_replay_inverse_ordinary	11599203	0x0
TRACE	pp_replay_inverse_ordinary	11604432	0x2ec96573f28204a5498cf54a929088b66bbe7a7e3d21935e33fec180000000ff	0x0	1
COEFFICIENT	pp_replay_inverse_ordinary	11604432	0x0
TRACE	pp_replay_inverse_ordinary	11609661	0x2ec96573f28204a5498cf54a929088b66bbe7a7e3d21935e33fec180000000ff	0x0	1
COEFFICIENT	pp_replay_inverse_ordinary	11609661	0x0
TRACE	pp_replay_inverse_ordinary	11614890	0x2ec96573f28204a5498cf54a929088b66bbe7a7e3d21935e33fec180000000ff	0x0	1
COEFFICIENT	pp_replay_inverse_ordinary	11614890	0x0
TRACE	pp_replay_inverse_ordinary	11620119	0x2ec96573f28204a5498cf54a929088b66bbe7a7e3d21935e33fec180000000ff	0x0	1
COEFFICIENT	pp_replay_inverse_ordinary	11620119	0x0
TRACE	pp_replay_inverse_ordinary	11625348	0x2ec96573f28204a5498cf54a929088b66bbe7a7e3d21935e33fec180000000ff	0x0	1
COEFFICIENT	pp_replay_inverse_ordinary	11625348	0x0
TRACE	pp_replay_inverse_ordinary	11630577	0x2ec96573f28204a5498cf54a929088b66bbe7a7e3d21935e33fec180000000ff	0x0	1
COEFFICIENT	pp_replay_inverse_ordinary	11630577	0x0
TRACE	pp_replay_inverse_ordinary	11635806	0x2ec96573f28204a5498cf54a929088b66bbe7a7e3d21935e33fec180000000ff	0x0	1
COEFFICIENT	pp_replay_inverse_ordinary	11635806	0x0
TRACE	pp_replay_inverse_ordinary	11641035	0x2ec96573f28204a5498cf54a929088b66bbe7a7e3d21935e33fec180000000ff	0x0	1
COEFFICIENT	pp_replay_inverse_ordinary	11641035	0x0
TRACE	pp_replay_inverse_ordinary	11646264	0x2ec96573f28204a5498cf54a929088b66bbe7a7e3d21935e33fec180000000ff	0x0	1
COEFFICIENT	pp_replay_inverse_ordinary	11646264	0x0
TRACE	pp_replay_inverse_ordinary	11651493	0x2ec96573f28204a5498cf54a929088b66bbe7a7e3d21935e33fec180000000ff	0x0	1
COEFFICIENT	pp_replay_inverse_ordinary	11651493	0x0
TRACE	pp_replay_inverse_ordinary	11656722	0x2ec96573f28204a5498cf54a929088b66bbe7a7e3d21935e33fec180000000ff	0x0	1
COEFFICIENT	pp_replay_inverse_ordinary	11656722	0x0
TRACE	pp_replay_inverse_ordinary	11661951	0x2ec96573f28204a5498cf54a929088b66bbe7a7e3d21935e33fec180000000ff	0x0	1
COEFFICIENT	pp_replay_inverse_ordinary	11661951	0x0
TRACE	pp_replay_inverse_ordinary	11667180	0x2ec96573f28204a5498cf54a929088b66bbe7a7e3d21935e33fec180000000ff	0x0	1
COEFFICIENT	pp_replay_inverse_ordinary	11667180	0x0
TRACE	pp_replay_inverse_ordinary	11672409	0x2ec96573f28204a5498cf54a929088b66bbe7a7e3d21935e33fec180000000ff	0x0	1
COEFFICIENT	pp_replay_inverse_ordinary	11672409	0x0
TRACE	pp_replay_inverse_ordinary	11677638	0x2ec96573f28204a5498cf54a929088b66bbe7a7e3d21935e33fec180000000ff	0x0	1
COEFFICIENT	pp_replay_inverse_ordinary	11677638	0x0
TRACE	pp_replay_inverse_ordinary	11682867	0x2ec96573f28204a5498cf54a929088b66bbe7a7e3d21935e33fec180000000ff	0x0	1
COEFFICIENT	pp_replay_inverse_ordinary	11682867	0x0
TRACE	pp_replay_inverse_ordinary	11688096	0x2ec96573f28204a5498cf54a929088b66bbe7a7e3d21935e33fec180000000ff	0x0	1
COEFFICIENT	pp_replay_inverse_ordinary	11688096	0x0
TRACE	pp_replay_inverse_ordinary	11693325	0x2ec96573f28204a5498cf54a929088b66bbe7a7e3d21935e33fec180000000ff	0x0	1
COEFFICIENT	pp_replay_inverse_ordinary	11693325	0x0
TRACE	pp_replay_inverse_ordinary	11698554	0x2ec96573f28204a5498cf54a929088b66bbe7a7e3d21935e33fec180000000ff	0x0	1
COEFFICIENT	pp_replay_inverse_ordinary	11698554	0x0
TRACE	pp_replay_inverse_ordinary	11703783	0x2ec96573f28204a5498cf54a929088b66bbe7a7e3d21935e33fec180000000ff	0x0	1
COEFFICIENT	pp_replay_inverse_ordinary	11703783	0x0
TRACE	pp_replay_inverse_ordinary	11709012	0x2ec96573f28204a5498cf54a929088b66bbe7a7e3d21935e33fec180000000ff	0x0	1
COEFFICIENT	pp_replay_inverse_ordinary	11709012	0x0
TRACE	pp_replay_inverse_ordinary	11714241	0x2ec96573f28204a5498cf54a929088b66bbe7a7e3d21935e33fec180000000ff	0x0	1
COEFFICIENT	pp_replay_inverse_ordinary	11714241	0x0
TRACE	pp_replay_inverse_ordinary	11719470	0x2ec96573f28204a5498cf54a929088b66bbe7a7e3d21935e33fec180000000ff	0x0	1
COEFFICIENT	pp_replay_inverse_ordinary	11719470	0x0
TRACE	pp_replay_inverse_ordinary	11724699	0x2ec96573f28204a5498cf54a929088b66bbe7a7e3d21935e33fec180000000ff	0x0	1
COEFFICIENT	pp_replay_inverse_ordinary	11724699	0x0
TRACE	pp_replay_inverse_ordinary	11729928	0x2ec96573f28204a5498cf54a929088b66bbe7a7e3d21935e33fec180000000ff	0x0	1
COEFFICIENT	pp_replay_inverse_ordinary	11729928	0x0
TRACE	pp_replay_inverse_ordinary	11735157	0x2ec96573f28204a5498cf54a929088b66bbe7a7e3d21935e33fec180000000ff	0x0	1
COEFFICIENT	pp_replay_inverse_ordinary	11735157	0x0
TRACE	pp_replay_inverse_ordinary	11740386	0x2ec96573f28204a5498cf54a929088b66bbe7a7e3d21935e33fec180000000ff	0x0	1
COEFFICIENT	pp_replay_inverse_ordinary	11740386	0x0
TRACE	pp_replay_inverse_ordinary	11745615	0x2ec96573f28204a5498cf54a929088b66bbe7a7e3d21935e33fec180000000ff	0x0	1
COEFFICIENT	pp_replay_inverse_ordinary	11745615	0x0
TRACE	pp_replay_inverse_ordinary	11750844	0x2ec96573f28204a5498cf54a929088b66bbe7a7e3d21935e33fec180000000ff	0x0	1
COEFFICIENT	pp_replay_inverse_ordinary	11750844	0x0
TRACE	pp_replay_inverse_ordinary	11756073	0x2ec96573f28204a5498cf54a929088b66bbe7a7e3d21935e33fec180000000ff	0x0	1
COEFFICIENT	pp_replay_inverse_ordinary	11756073	0x0
TRACE	pp_replay_inverse_ordinary	11761302	0x2ec96573f28204a5498cf54a929088b66bbe7a7e3d21935e33fec180000000ff	0x0	1
COEFFICIENT	pp_replay_inverse_ordinary	11761302	0x0
TRACE	pp_replay_inverse_ordinary	11766531	0x2ec96573f28204a5498cf54a929088b66bbe7a7e3d21935e33fec180000000ff	0x0	1
COEFFICIENT	pp_replay_inverse_ordinary	11766531	0x0
TRACE	pp_replay_inverse_ordinary	11771760	0x2ec96573f28204a5498cf54a929088b66bbe7a7e3d21935e33fec180000000ff	0x0	1
COEFFICIENT	pp_replay_inverse_ordinary	11771760	0x0
TRACE	pp_replay_inverse_ordinary	11776989	0x2ec96573f28204a5498cf54a929088b66bbe7a7e3d21935e33fec180000000ff	0x0	1
COEFFICIENT	pp_replay_inverse_ordinary	11776989	0x0
TRACE	pp_replay_inverse_ordinary	11782218	0x2ec96573f28204a5498cf54a929088b66bbe7a7e3d21935e33fec180000000ff	0x0	1
COEFFICIENT	pp_replay_inverse_ordinary	11782218	0x0
TRACE	pp_replay_inverse_ordinary	11787447	0x2ec96573f28204a5498cf54a929088b66bbe7a7e3d21935e33fec180000000ff	0x0	1
COEFFICIENT	pp_replay_inverse_ordinary	11787447	0x0
TRACE	pp_replay_inverse_ordinary	11792676	0x2ec96573f28204a5498cf54a929088b66bbe7a7e3d21935e33fec180000000ff	0x0	1
COEFFICIENT	pp_replay_inverse_ordinary	11792676	0x0
TRACE	pp_replay_inverse_ordinary	11797905	0x2ec96573f28204a5498cf54a929088b66bbe7a7e3d21935e33fec180000000ff	0x0	1
COEFFICIENT	pp_replay_inverse_ordinary	11797905	0x0
TRACE	pp_replay_inverse_ordinary	11803134	0x2ec96573f28204a5498cf54a929088b66bbe7a7e3d21935e33fec180000000ff	0x0	1
COEFFICIENT	pp_replay_inverse_ordinary	11803134	0x0
TRACE	pp_replay_inverse_ordinary	11808363	0x2ec96573f28204a5498cf54a929088b66bbe7a7e3d21935e33fec180000000ff	0x0	1
COEFFICIENT	pp_replay_inverse_ordinary	11808363	0x0
TRACE	pp_replay_inverse_ordinary	11813592	0x2ec96573f28204a5498cf54a929088b66bbe7a7e3d21935e33fec180000000ff	0x0	1
COEFFICIENT	pp_replay_inverse_ordinary	11813592	0x0
TRACE	pp_replay_inverse_ordinary	11818821	0x2ec96573f28204a5498cf54a929088b66bbe7a7e3d21935e33fec180000000ff	0x0	1
COEFFICIENT	pp_replay_inverse_ordinary	11818821	0x0
TRACE	pp_replay_inverse_ordinary	11824050	0x2ec96573f28204a5498cf54a929088b66bbe7a7e3d21935e33fec180000000ff	0x0	1
COEFFICIENT	pp_replay_inverse_ordinary	11824050	0x0
TRACE	pp_replay_inverse_ordinary	11829279	0x2ec96573f28204a5498cf54a929088b66bbe7a7e3d21935e33fec180000000ff	0x0	1
COEFFICIENT	pp_replay_inverse_ordinary	11829279	0x0
TRACE	pp_replay_inverse_ordinary	11834508	0x2ec96573f28204a5498cf54a929088b66bbe7a7e3d21935e33fec180000000ff	0x0	1
COEFFICIENT	pp_replay_inverse_ordinary	11834508	0x0
TRACE	pp_replay_inverse_ordinary	11839737	0x2ec96573f28204a5498cf54a929088b66bbe7a7e3d21935e33fec180000000ff	0x0	1
COEFFICIENT	pp_replay_inverse_ordinary	11839737	0x0
TRACE	pp_replay_inverse_ordinary	11844966	0x2ec96573f28204a5498cf54a929088b66bbe7a7e3d21935e33fec180000000ff	0x0	1
COEFFICIENT	pp_replay_inverse_ordinary	11844966	0x0
TRACE	pp_replay_inverse_ordinary	11850195	0x2ec96573f28204a5498cf54a929088b66bbe7a7e3d21935e33fec180000000ff	0x0	1
COEFFICIENT	pp_replay_inverse_ordinary	11850195	0x0
TRACE	pp_replay_inverse_ordinary	11855424	0x2ec96573f28204a5498cf54a929088b66bbe7a7e3d21935e33fec180000000ff	0x0	1
COEFFICIENT	pp_replay_inverse_ordinary	11855424	0x0
TRACE	pp_replay_inverse_ordinary	11860653	0x2ec96573f28204a5498cf54a929088b66bbe7a7e3d21935e33fec180000000ff	0x0	1
COEFFICIENT	pp_replay_inverse_ordinary	11860653	0x0
TRACE	pp_replay_inverse_ordinary	11865882	0x2ec96573f28204a5498cf54a929088b66bbe7a7e3d21935e33fec180000000ff	0x0	1
COEFFICIENT	pp_replay_inverse_ordinary	11865882	0x0
TRACE	pp_replay_inverse_ordinary	11871111	0x2ec96573f28204a5498cf54a929088b66bbe7a7e3d21935e33fec180000000ff	0x0	1
COEFFICIENT	pp_replay_inverse_ordinary	11871111	0x0
TRACE	pp_replay_inverse_ordinary	11876340	0x2ec96573f28204a5498cf54a929088b66bbe7a7e3d21935e33fec180000000ff	0x0	1
COEFFICIENT	pp_replay_inverse_ordinary	11876340	0x0
TRACE	pp_replay_inverse_ordinary	11881569	0x2ec96573f28204a5498cf54a929088b66bbe7a7e3d21935e33fec180000000ff	0x0	1
COEFFICIENT	pp_replay_inverse_ordinary	11881569	0x0
TRACE	pp_replay_inverse_ordinary	11886798	0x2ec96573f28204a5498cf54a929088b66bbe7a7e3d21935e33fec180000000ff	0x0	1
COEFFICIENT	pp_replay_inverse_ordinary	11886798	0x0
TRACE	pp_replay_inverse_ordinary	11892027	0x2ec96573f28204a5498cf54a929088b66bbe7a7e3d21935e33fec180000000ff	0x0	1
COEFFICIENT	pp_replay_inverse_ordinary	11892027	0x0
TRACE	pp_replay_inverse_ordinary	11897256	0x2ec96573f28204a5498cf54a929088b66bbe7a7e3d21935e33fec180000000ff	0x0	1
COEFFICIENT	pp_replay_inverse_ordinary	11897256	0x0
TRACE	pp_replay_inverse_ordinary	11902485	0x2ec96573f28204a5498cf54a929088b66bbe7a7e3d21935e33fec180000000ff	0x0	1
COEFFICIENT	pp_replay_inverse_ordinary	11902485	0x0
TRACE	pp_replay_inverse_ordinary	11907714	0x2ec96573f28204a5498cf54a929088b66bbe7a7e3d21935e33fec180000000ff	0x0	1
COEFFICIENT	pp_replay_inverse_ordinary	11907714	0x0
TRACE	pp_replay_inverse_ordinary	11912943	0x2ec96573f28204a5498cf54a929088b66bbe7a7e3d21935e33fec180000000ff	0x0	1
COEFFICIENT	pp_replay_inverse_ordinary	11912943	0x0
TRACE	pp_replay_inverse_ordinary	11918172	0x2ec96573f28204a5498cf54a929088b66bbe7a7e3d21935e33fec180000000ff	0x0	1
COEFFICIENT	pp_replay_inverse_ordinary	11918172	0x0
TRACE	pp_replay_inverse_ordinary	11923401	0x2ec96573f28204a5498cf54a929088b66bbe7a7e3d21935e33fec180000000ff	0x0	1
COEFFICIENT	pp_replay_inverse_ordinary	11923401	0x0
TRACE	pp_replay_inverse_ordinary	11928630	0x2ec96573f28204a5498cf54a929088b66bbe7a7e3d21935e33fec180000000ff	0x0	1
COEFFICIENT	pp_replay_inverse_ordinary	11928630	0x0
TRACE	pp_replay_inverse_ordinary	11933859	0x2ec96573f28204a5498cf54a929088b66bbe7a7e3d21935e33fec180000000ff	0x0	1
COEFFICIENT	pp_replay_inverse_ordinary	11933859	0x0
TRACE	pp_replay_inverse_ordinary	11939088	0x2ec96573f28204a5498cf54a929088b66bbe7a7e3d21935e33fec180000000ff	0x0	1
COEFFICIENT	pp_replay_inverse_ordinary	11939088	0x0
TRACE	pp_replay_inverse_ordinary	11944317	0x2ec96573f28204a5498cf54a929088b66bbe7a7e3d21935e33fec180000000ff	0x0	1
COEFFICIENT	pp_replay_inverse_ordinary	11944317	0x0
TRACE	pp_replay_inverse_ordinary	11949546	0x2ec96573f28204a5498cf54a929088b66bbe7a7e3d21935e33fec180000000ff	0x0	1
COEFFICIENT	pp_replay_inverse_ordinary	11949546	0x0
TRACE	pp_replay_inverse_ordinary	11954775	0x2ec96573f28204a5498cf54a929088b66bbe7a7e3d21935e33fec180000000ff	0x0	1
COEFFICIENT	pp_replay_inverse_ordinary	11954775	0x0
TRACE	pp_replay_inverse_ordinary	11960004	0x2ec96573f28204a5498cf54a929088b66bbe7a7e3d21935e33fec180000000ff	0x0	1
COEFFICIENT	pp_replay_inverse_ordinary	11960004	0x0
TRACE	pp_replay_inverse_ordinary	11965233	0x2ec96573f28204a5498cf54a929088b66bbe7a7e3d21935e33fec180000000ff	0x0	1
COEFFICIENT	pp_replay_inverse_ordinary	11965233	0x0
TRACE	pp_replay_inverse_ordinary	11970462	0x2ec96573f28204a5498cf54a929088b66bbe7a7e3d21935e33fec180000000ff	0x0	1
COEFFICIENT	pp_replay_inverse_ordinary	11970462	0x0
TRACE	pp_replay_inverse_ordinary	11975691	0x2ec96573f28204a5498cf54a929088b66bbe7a7e3d21935e33fec180000000ff	0x0	1
COEFFICIENT	pp_replay_inverse_ordinary	11975691	0x0
TRACE	pp_replay_inverse_ordinary	11980920	0x2ec96573f28204a5498cf54a929088b66bbe7a7e3d21935e33fec180000000ff	0x0	1
COEFFICIENT	pp_replay_inverse_ordinary	11980920	0x0
TRACE	pp_replay_inverse_ordinary	11986149	0x2ec96573f28204a5498cf54a929088b66bbe7a7e3d21935e33fec180000000ff	0x0	1
COEFFICIENT	pp_replay_inverse_ordinary	11986149	0x0
TRACE	pp_replay_inverse_ordinary	11991378	0x2ec96573f28204a5498cf54a929088b66bbe7a7e3d21935e33fec180000000ff	0x0	1
COEFFICIENT	pp_replay_inverse_ordinary	11991378	0x0
TRACE	pp_replay_inverse_ordinary	11996607	0x2ec96573f28204a5498cf54a929088b66bbe7a7e3d21935e33fec180000000ff	0x0	1
COEFFICIENT	pp_replay_inverse_ordinary	11996607	0x0
TRACE	pp_replay_inverse_ordinary	12001836	0x2ec96573f28204a5498cf54a929088b66bbe7a7e3d21935e33fec180000000ff	0x0	1
COEFFICIENT	pp_replay_inverse_ordinary	12001836	0x0
TRACE	pp_replay_inverse_ordinary	12007065	0x2ec96573f28204a5498cf54a929088b66bbe7a7e3d21935e33fec180000000ff	0x0	1
COEFFICIENT	pp_replay_inverse_ordinary	12007065	0x0
TRACE	pp_replay_inverse_ordinary	12012294	0x2ec96573f28204a5498cf54a929088b66bbe7a7e3d21935e33fec180000000ff	0x0	1
COEFFICIENT	pp_replay_inverse_ordinary	12012294	0x0
TRACE	pp_replay_inverse_ordinary	12017523	0x2ec96573f28204a5498cf54a929088b66bbe7a7e3d21935e33fec180000000ff	0x0	1
COEFFICIENT	pp_replay_inverse_ordinary	12017523	0x0
TRACE	pp_replay_inverse_ordinary	12022752	0x2ec96573f28204a5498cf54a929088b66bbe7a7e3d21935e33fec180000000ff	0x0	1
COEFFICIENT	pp_replay_inverse_ordinary	12022752	0x0
TRACE	pp_replay_inverse_ordinary	12027981	0x2ec96573f28204a5498cf54a929088b66bbe7a7e3d21935e33fec180000000ff	0x0	1
COEFFICIENT	pp_replay_inverse_ordinary	12027981	0x0
TRACE	pp_replay_inverse_ordinary	12033210	0x2ec96573f28204a5498cf54a929088b66bbe7a7e3d21935e33fec180000000ff	0x0	1
COEFFICIENT	pp_replay_inverse_ordinary	12033210	0x0
TRACE	pp_replay_inverse_ordinary	12038439	0x2ec96573f28204a5498cf54a929088b66bbe7a7e3d21935e33fec180000000ff	0x0	1
COEFFICIENT	pp_replay_inverse_ordinary	12038439	0x0
TRACE	pp_replay_inverse_ordinary	12043668	0x2ec96573f28204a5498cf54a929088b66bbe7a7e3d21935e33fec180000000ff	0x0	1
COEFFICIENT	pp_replay_inverse_ordinary	12043668	0x0
TRACE	pp_replay_inverse_ordinary	12048897	0x2ec96573f28204a5498cf54a929088b66bbe7a7e3d21935e33fec180000000ff	0x0	1
COEFFICIENT	pp_replay_inverse_ordinary	12048897	0x0
TRACE	pp_replay_inverse_ordinary	12054126	0x2ec96573f28204a5498cf54a929088b66bbe7a7e3d21935e33fec180000000ff	0x0	1
COEFFICIENT	pp_replay_inverse_ordinary	12054126	0x0
TRACE	pp_replay_inverse_ordinary	12059355	0x2ec96573f28204a5498cf54a929088b66bbe7a7e3d21935e33fec180000000ff	0x0	1
COEFFICIENT	pp_replay_inverse_ordinary	12059355	0x0
TRACE	pp_replay_inverse_ordinary	12064584	0x2ec96573f28204a5498cf54a929088b66bbe7a7e3d21935e33fec180000000ff	0x0	1
COEFFICIENT	pp_replay_inverse_ordinary	12064584	0x0
TRACE	pp_replay_inverse_ordinary	12069813	0x2ec96573f28204a5498cf54a929088b66bbe7a7e3d21935e33fec180000000ff	0x0	1
COEFFICIENT	pp_replay_inverse_ordinary	12069813	0x0
TRACE	pp_replay_inverse_ordinary	12075042	0x2ec96573f28204a5498cf54a929088b66bbe7a7e3d21935e33fec180000000ff	0x0	1
COEFFICIENT	pp_replay_inverse_ordinary	12075042	0x0
TRACE	pp_replay_inverse_ordinary	12080271	0x2ec96573f28204a5498cf54a929088b66bbe7a7e3d21935e33fec180000000ff	0x0	1
COEFFICIENT	pp_replay_inverse_ordinary	12080271	0x0
TRACE	pp_replay_inverse_ordinary	12085500	0x2ec96573f28204a5498cf54a929088b66bbe7a7e3d21935e33fec180000000ff	0x0	1
COEFFICIENT	pp_replay_inverse_ordinary	12085500	0x0
TRACE	pp_replay_inverse_ordinary	12090729	0x2ec96573f28204a5498cf54a929088b66bbe7a7e3d21935e33fec180000000ff	0x0	1
COEFFICIENT	pp_replay_inverse_ordinary	12090729	0x0
TRACE	pp_replay_inverse_ordinary	12095958	0x2ec96573f28204a5498cf54a929088b66bbe7a7e3d21935e33fec180000000ff	0x0	1
COEFFICIENT	pp_replay_inverse_ordinary	12095958	0x0
TRACE	pp_replay_inverse_ordinary	12101187	0x2ec96573f28204a5498cf54a929088b66bbe7a7e3d21935e33fec180000000ff	0x0	1
COEFFICIENT	pp_replay_inverse_ordinary	12101187	0x0
TRACE	pp_replay_inverse_ordinary	12106416	0x2ec96573f28204a5498cf54a929088b66bbe7a7e3d21935e33fec180000000ff	0x0	1
COEFFICIENT	pp_replay_inverse_ordinary	12106416	0x0
TRACE	pp_replay_inverse_ordinary	12111645	0x2ec96573f28204a5498cf54a929088b66bbe7a7e3d21935e33fec180000000ff	0x0	1
COEFFICIENT	pp_replay_inverse_ordinary	12111645	0x0
TRACE	pp_replay_inverse_ordinary	12116874	0x2ec96573f28204a5498cf54a929088b66bbe7a7e3d21935e33fec180000000ff	0x0	1
COEFFICIENT	pp_replay_inverse_ordinary	12116874	0x0
TRACE	pp_replay_inverse_ordinary	12122103	0x2ec96573f28204a5498cf54a929088b66bbe7a7e3d21935e33fec180000000ff	0x0	1
COEFFICIENT	pp_replay_inverse_ordinary	12122103	0x0
TRACE	pp_replay_inverse_ordinary	12127332	0x2ec96573f28204a5498cf54a929088b66bbe7a7e3d21935e33fec180000000ff	0x0	1
COEFFICIENT	pp_replay_inverse_ordinary	12127332	0x0
TRACE	pp_replay_inverse_ordinary	12132561	0x2ec96573f28204a5498cf54a929088b66bbe7a7e3d21935e33fec180000000ff	0x0	1
COEFFICIENT	pp_replay_inverse_ordinary	12132561	0x0
TRACE	pp_replay_inverse_ordinary	12137790	0x2ec96573f28204a5498cf54a929088b66bbe7a7e3d21935e33fec180000000ff	0x0	1
COEFFICIENT	pp_replay_inverse_ordinary	12137790	0x0
TRACE	pp_replay_inverse_ordinary	12143019	0x2ec96573f28204a5498cf54a929088b66bbe7a7e3d21935e33fec180000000ff	0x0	1
COEFFICIENT	pp_replay_inverse_ordinary	12143019	0x0
TRACE	pp_replay_inverse_ordinary	12148248	0x2ec96573f28204a5498cf54a929088b66bbe7a7e3d21935e33fec180000000ff	0x0	1
COEFFICIENT	pp_replay_inverse_ordinary	12148248	0x0
TRACE	pp_replay_inverse_ordinary	12153477	0x2ec96573f28204a5498cf54a929088b66bbe7a7e3d21935e33fec180000000ff	0x0	1
COEFFICIENT	pp_replay_inverse_ordinary	12153477	0x0
TRACE	pp_replay_inverse_ordinary	12158706	0x2ec96573f28204a5498cf54a929088b66bbe7a7e3d21935e33fec180000000ff	0x0	1
COEFFICIENT	pp_replay_inverse_ordinary	12158706	0x0
TRACE	pp_replay_inverse_ordinary	12163935	0x2ec96573f28204a5498cf54a929088b66bbe7a7e3d21935e33fec180000000ff	0x0	1
COEFFICIENT	pp_replay_inverse_ordinary	12163935	0x0
TRACE	pp_replay_inverse_ordinary	12169164	0x2ec96573f28204a5498cf54a929088b66bbe7a7e3d21935e33fec180000000ff	0x0	1
COEFFICIENT	pp_replay_inverse_ordinary	12169164	0x0
TRACE	pp_replay_inverse_ordinary	12174393	0x2ec96573f28204a5498cf54a929088b66bbe7a7e3d21935e33fec180000000ff	0x0	1
COEFFICIENT	pp_replay_inverse_ordinary	12174393	0x0
TRACE	pp_replay_inverse_ordinary	12179622	0x2ec96573f28204a5498cf54a929088b66bbe7a7e3d21935e33fec180000000ff	0x0	1
COEFFICIENT	pp_replay_inverse_ordinary	12179622	0x0
TRACE	pp_replay_inverse_ordinary	12184851	0x2ec96573f28204a5498cf54a929088b66bbe7a7e3d21935e33fec180000000ff	0x0	1
COEFFICIENT	pp_replay_inverse_ordinary	12184851	0x0
TRACE	pp_replay_inverse_ordinary	12190080	0x2ec96573f28204a5498cf54a929088b66bbe7a7e3d21935e33fec180000000ff	0x0	1
COEFFICIENT	pp_replay_inverse_ordinary	12190080	0x0
TRACE	pp_replay_inverse_ordinary	12195309	0x2ec96573f28204a5498cf54a929088b66bbe7a7e3d21935e33fec180000000ff	0x0	1
COEFFICIENT	pp_replay_inverse_ordinary	12195309	0x0
TRACE	pp_replay_inverse_ordinary	12200538	0x2ec96573f28204a5498cf54a929088b66bbe7a7e3d21935e33fec180000000ff	0x0	1
COEFFICIENT	pp_replay_inverse_ordinary	12200538	0x0
TRACE	pp_replay_inverse_ordinary	12205767	0x2ec96573f28204a5498cf54a929088b66bbe7a7e3d21935e33fec180000000ff	0x0	1
COEFFICIENT	pp_replay_inverse_ordinary	12205767	0x0
TRACE	pp_replay_inverse_ordinary	12210996	0x2ec96573f28204a5498cf54a929088b66bbe7a7e3d21935e33fec180000000ff	0x0	1
COEFFICIENT	pp_replay_inverse_ordinary	12210996	0x0
TRACE	pp_replay_inverse_ordinary	12216225	0x2ec96573f28204a5498cf54a929088b66bbe7a7e3d21935e33fec180000000ff	0x0	1
COEFFICIENT	pp_replay_inverse_ordinary	12216225	0x0
TRACE	pp_replay_inverse_ordinary	12221454	0x2ec96573f28204a5498cf54a929088b66bbe7a7e3d21935e33fec180000000ff	0x0	1
COEFFICIENT	pp_replay_inverse_ordinary	12221454	0x0
TRACE	pp_replay_inverse_ordinary	12226683	0x2ec96573f28204a5498cf54a929088b66bbe7a7e3d21935e33fec180000000ff	0x0	1
COEFFICIENT	pp_replay_inverse_ordinary	12226683	0x0
TRACE	pp_replay_inverse_ordinary	12231912	0x2ec96573f28204a5498cf54a929088b66bbe7a7e3d21935e33fec180000000ff	0x0	1
COEFFICIENT	pp_replay_inverse_ordinary	12231912	0x0
TRACE	pp_replay_inverse_seed	12233846	0x2ec96573f28204a5498cf54a929088b66bbe7a7e3d21935e33fec180000000ff	0x0	1
COEFFICIENT	pp_replay_inverse_seed	12233846	0x0
TRACE	pp_replay_inverse_initial	12234769	0x2ec96573f28204a5498cf54a929088b66bbe7a7e3d21935e33fec180000000ff	0x0	1
COEFFICIENT	pp_replay_inverse_initial	12234769	0x0
TRACE	pp_coefficient_clear	12235025	0x2ec96573f28204a5498cf54a929088b66bbe7a7e3d21935e33fec180000000ff	0x0	1
COEFFICIENT	pp_coefficient_clear	12235025	0x0
TRACE	pp_value_reverse	13538686	0xfffffffffffffffffffffffffffffffffffffffffffffffffffffffefffffccc	0x0	1
COEFFICIENT	pp_value_reverse	13538686	0x832fdf6781d7aec4b4db56000000000000000000000000000000000000000000
TRACE	pp_restore_layout	13539698	0xb029afe791598fe05641c7e2339e39338c603dbcdab23b405ba0a2fb2ea8c2cc	0x0	1
COEFFICIENT	pp_restore_layout	13539698	0x0
TRACE	window_qrom_recover_load_walk	13548004	0xb029afe791598fe05641c7e2339e39338c603dbcdab23b405ba0a2fb2ea8c2cc	0x0	1
COEFFICIENT	window_qrom_recover_load_walk	13548004	0x18000000000000000000000000000000000000000034387740c7f3421baade41
TRACE	tlm_coord_y_sub_final	13551284	0xb029afe791598fe05641c7e2339e39338c603dbcdab23b405ba0a2fb2ea8c2cc	0xb7c52588d95c3b9aa25b0403f1eef75702e84bb7597aabe663b82f6f04ef2777	0
COEFFICIENT	tlm_coord_y_sub_final	13551284	0x18000000000000000000000000000000000000000034387740c7f3421baade41
TRACE	window_recover_controlled_neg	13556337	0x4fd650186ea6701fa9be381dcc61c6cc739fc243254dc4bfa45f5d03d1573963	0xb7c52588d95c3b9aa25b0403f1eef75702e84bb7597aabe663b82f6f04ef2777	0
COEFFICIENT	window_recover_controlled_neg	13556337	0x18000000000000000000000000000000000000000034387740c7f3421baade41
TRACE	window_recover_x_add	13559591	0xc994b69768832bcbff5e9ab39ae8d1d3763bbf1e531bed98fe51de5ee84f50fb	0xb7c52588d95c3b9aa25b0403f1eef75702e84bb7597aabe663b82f6f04ef2777	0
COEFFICIENT	window_recover_x_add	13559591	0x18000000000000000000000000000000000000000034387740c7f3421baade41
TRACE	window_qrom_recover_unload_measure	13560615	0xc994b69768832bcbff5e9ab39ae8d1d3763bbf1e531bed98fe51de5ee84f50fb	0xb7c52588d95c3b9aa25b0403f1eef75702e84bb7597aabe663b82f6f04ef2777	0
COEFFICIENT	window_qrom_recover_unload_measure	13560615	0x0
TRACE	window_qrom_recover_unload_clear	13579145	0xc994b69768832bcbff5e9ab39ae8d1d3763bbf1e531bed98fe51de5ee84f50fb	0xb7c52588d95c3b9aa25b0403f1eef75702e84bb7597aabe663b82f6f04ef2777	0
COEFFICIENT	window_qrom_recover_unload_clear	13579145	0x0
RESOURCE	qubits=1326	ops=13579241	toffoli_sum=61447291	lanes=64
