phase	start	end	ops	ccx	ccz	hmr	reset
init	0	87	87	29	0	0	3
window_qrom_xy_load_walk	87	33947725	33947638	65534	0	65534	65534
tlm_coord_x_sub	33947725	33951005	3280	586	2	75	78
tlm_coord_y_sub	33951005	33954285	3280	586	2	75	78
window_qrom_xy_unload_measure	33954285	33955309	1024	0	0	512	512
window_qrom_xy_unload_clear	33955309	67513833	33558524	1020	0	0	512
tlm_inverse	67513833	67514339	506	0	0	0	0
tlm_inverse_gcd_forward_shift_initial	67514339	67515871	1532	509	0	0	0
tlm_inverse_gcd_forward_compare_initial	67515871	67516637	766	255	0	0	0
tlm_inverse_gcd_forward_body_initial	67516637	67521316	4679	570	3	315	318
tlm_apply_inverse_fold_initial	67521316	67524174	2858	624	4	110	112
tlm_apply_inverse_swap_initial	67524174	67524942	768	256	0	0	0
tlm_apply_inverse_mod_sub_register_initial	67524942	67530900	5958	664	2	407	408
tlm_apply_inverse_mod_sub_fold_initial	67530900	67531559	659	55	2	55	55
tlm_apply_inverse_mod_sub_clean_initial	67531559	67531875	316	19	0	20	22
tlm_inverse_gcd_forward_codec_initial	67531875	67531884	9	1	0	0	2
tlm_inverse_gcd_forward_shift	67531884	67532904	1020	254	0	0	0
tlm_inverse_gcd_forward_compare	67532904	67533998	1094	279	0	23	24
tlm_inverse_gcd_forward_body	67533998	67538677	4679	570	3	315	318
tlm_apply_inverse_fold	67538677	67540397	1720	310	0	54	62
tlm_apply_inverse_swap	67540397	67541165	768	256	0	0	0
tlm_apply_inverse_mod_sub_register	67541165	67547151	5986	666	2	409	410
tlm_apply_inverse_mod_sub_fold	67547151	67547810	659	55	2	55	55
tlm_apply_inverse_mod_sub_clean	67547810	67548126	316	19	0	20	22
tlm_inverse_gcd_forward_codec	67548126	67548129	3	0	0	0	0
tlm_inverse_gcd_forward_shift	67548129	67549149	1020	254	0	0	0
tlm_inverse_gcd_forward_compare	67549149	67550243	1094	279	0	23	24
tlm_inverse_gcd_forward_body	67550243	67554922	4679	570	3	315	318
tlm_apply_inverse_fold	67554922	67556642	1720	310	0	54	62
tlm_apply_inverse_swap	67556642	67557410	768	256	0	0	0
tlm_apply_inverse_mod_sub_register	67557410	67563438	6028	669	2	412	413
tlm_apply_inverse_mod_sub_fold	67563438	67564097	659	55	2	55	55
tlm_apply_inverse_mod_sub_clean	67564097	67564413	316	19	0	20	22
tlm_inverse_gcd_forward_codec	67564413	67564416	3	0	0	0	0
tlm_inverse_gcd_forward_shift	67564416	67565436	1020	254	0	0	0
tlm_inverse_gcd_forward_compare	67565436	67566544	1108	280	0	24	25
tlm_inverse_gcd_forward_body	67566544	67571223	4679	570	3	315	318
tlm_apply_inverse_fold	67571223	67572943	1720	310	0	54	62
tlm_apply_inverse_swap	67572943	67573711	768	256	0	0	0
tlm_apply_inverse_mod_sub_register	67573711	67579781	6070	672	2	415	416
tlm_apply_inverse_mod_sub_fold	67579781	67580440	659	55	2	55	55
tlm_apply_inverse_mod_sub_clean	67580440	67580756	316	19	0	20	22
tlm_inverse_gcd_forward_codec	67580756	67580922	166	18	0	4	7
tlm_inverse_gcd_forward_shift	67580922	67581942	1020	254	0	0	0
tlm_inverse_gcd_forward_compare	67581942	67583064	1122	281	0	25	26
tlm_inverse_gcd_forward_body	67583064	67587743	4679	570	3	315	318
tlm_apply_inverse_fold	67587743	67589463	1720	310	0	54	62
tlm_apply_inverse_swap	67589463	67590231	768	256	0	0	0
tlm_apply_inverse_mod_sub_register	67590231	67596315	6084	673	2	416	417
tlm_apply_inverse_mod_sub_fold	67596315	67596974	659	55	2	55	55
tlm_apply_inverse_mod_sub_clean	67596974	67597290	316	19	0	20	22
tlm_inverse_gcd_forward_codec	67597290	67597293	3	0	0	0	0
tlm_inverse_gcd_forward_shift	67597293	67598313	1020	254	0	0	0
tlm_inverse_gcd_forward_compare	67598313	67599463	1150	283	0	27	28
tlm_inverse_gcd_forward_body	67599463	67604142	4679	570	3	315	318
tlm_apply_inverse_fold	67604142	67605862	1720	310	0	54	62
tlm_apply_inverse_swap	67605862	67606630	768	256	0	0	0
tlm_apply_inverse_mod_sub_register	67606630	67612756	6126	676	2	419	420
tlm_apply_inverse_mod_sub_fold	67612756	67613415	659	55	2	55	55
tlm_apply_inverse_mod_sub_clean	67613415	67613731	316	19	0	20	22
tlm_inverse_gcd_forward_codec	67613731	67613734	3	0	0	0	0
tlm_inverse_gcd_forward_shift	67613734	67614754	1020	254	0	0	0
tlm_inverse_gcd_forward_compare	67614754	67615904	1150	283	0	27	28
tlm_inverse_gcd_forward_body	67615904	67620583	4679	570	3	315	318
tlm_apply_inverse_fold	67620583	67622303	1720	310	0	54	62
tlm_apply_inverse_swap	67622303	67623071	768	256	0	0	0
tlm_apply_inverse_mod_sub_register	67623071	67629239	6168	679	2	422	423
tlm_apply_inverse_mod_sub_fold	67629239	67629898	659	55	2	55	55
tlm_apply_inverse_mod_sub_clean	67629898	67630214	316	19	0	20	22
tlm_inverse_gcd_forward_codec	67630214	67630380	166	18	0	4	7
tlm_inverse_gcd_forward_shift	67630380	67631400	1020	254	0	0	0
tlm_inverse_gcd_forward_compare	67631400	67632564	1164	284	0	28	29
tlm_inverse_gcd_forward_body	67632564	67637243	4679	570	3	315	318
tlm_apply_inverse_fold	67637243	67638963	1720	310	0	54	62
tlm_apply_inverse_swap	67638963	67639731	768	256	0	0	0
tlm_apply_inverse_mod_sub_register	67639731	67645913	6182	680	2	423	424
tlm_apply_inverse_mod_sub_fold	67645913	67646572	659	55	2	55	55
tlm_apply_inverse_mod_sub_clean	67646572	67646888	316	19	0	20	22
tlm_inverse_gcd_forward_codec	67646888	67646891	3	0	0	0	0
tlm_inverse_gcd_forward_shift	67646891	67647911	1020	254	0	0	0
tlm_inverse_gcd_forward_compare	67647911	67649103	1192	286	0	30	31
tlm_inverse_gcd_forward_body	67649103	67653828	4725	573	4	318	321
tlm_apply_inverse_fold	67653828	67655548	1720	310	0	54	62
tlm_apply_inverse_swap	67655548	67656316	768	256	0	0	0
tlm_apply_inverse_mod_sub_register	67656316	67662540	6224	683	2	426	427
tlm_apply_inverse_mod_sub_fold	67662540	67663199	659	55	2	55	55
tlm_apply_inverse_mod_sub_clean	67663199	67663515	316	19	0	20	22
tlm_inverse_gcd_forward_codec	67663515	67663518	3	0	0	0	0
tlm_inverse_gcd_forward_shift	67663518	67664538	1020	254	0	0	0
tlm_inverse_gcd_forward_compare	67664538	67665730	1192	286	0	30	31
tlm_inverse_gcd_forward_body	67665730	67670581	4851	582	4	327	330
tlm_apply_inverse_fold	67670581	67672301	1720	310	0	54	62
tlm_apply_inverse_swap	67672301	67673069	768	256	0	0	0
tlm_apply_inverse_mod_sub_register	67673069	67679353	6284	687	3	430	431
tlm_apply_inverse_mod_sub_fold	67679353	67680012	659	55	2	55	55
tlm_apply_inverse_mod_sub_clean	67680012	67680328	316	19	0	20	22
tlm_inverse_gcd_forward_codec	67680328	67680494	166	18	0	4	7
tlm_inverse_gcd_forward_shift	67680494	67681514	1020	254	0	0	0
tlm_inverse_gcd_forward_compare	67681514	67682734	1220	288	0	32	33
tlm_inverse_gcd_forward_body	67682734	67687627	4893	585	4	330	333
tlm_apply_inverse_fold	67687627	67689347	1720	310	0	54	62
tlm_apply_inverse_swap	67689347	67690115	768	256	0	0	0
tlm_apply_inverse_mod_sub_register	67690115	67694889	4774	579	3	322	325
tlm_apply_inverse_mod_sub_fold	67694889	67695548	659	55	2	55	55
tlm_apply_inverse_mod_sub_clean	67695548	67695864	316	19	0	20	22
tlm_inverse_gcd_forward_codec	67695864	67695867	3	0	0	0	0
tlm_inverse_gcd_forward_shift	67695867	67696885	1018	253	0	0	2
tlm_inverse_gcd_forward_compare	67696885	67698102	1217	287	0	32	33
tlm_inverse_gcd_forward_body	67698102	67703008	4906	585	4	331	334
tlm_apply_inverse_fold	67703008	67704728	1720	310	0	54	62
tlm_apply_inverse_swap	67704728	67705496	768	256	0	0	0
tlm_apply_inverse_mod_sub_register	67705496	67710270	4774	579	3	322	325
tlm_apply_inverse_mod_sub_fold	67710270	67710929	659	55	2	55	55
tlm_apply_inverse_mod_sub_clean	67710929	67711245	316	19	0	20	22
tlm_inverse_gcd_forward_codec	67711245	67711248	3	0	0	0	0
tlm_inverse_gcd_forward_shift	67711248	67712262	1014	252	0	0	2
tlm_inverse_gcd_forward_compare	67712262	67713476	1214	286	0	32	33
tlm_inverse_gcd_forward_body	67713476	67718395	4919	585	4	332	335
tlm_apply_inverse_fold	67718395	67720115	1720	310	0	54	62
tlm_apply_inverse_swap	67720115	67720883	768	256	0	0	0
tlm_apply_inverse_mod_sub_register	67720883	67725657	4774	579	3	322	325
tlm_apply_inverse_mod_sub_fold	67725657	67726316	659	55	2	55	55
tlm_apply_inverse_mod_sub_clean	67726316	67726632	316	19	0	20	22
tlm_inverse_gcd_forward_codec	67726632	67726798	166	18	0	4	7
tlm_inverse_gcd_forward_shift	67726798	67727808	1010	251	0	0	2
tlm_inverse_gcd_forward_compare	67727808	67729019	1211	285	0	32	33
tlm_inverse_gcd_forward_body	67729019	67733867	4848	579	4	327	330
tlm_apply_inverse_fold	67733867	67735587	1720	310	0	54	62
tlm_apply_inverse_swap	67735587	67736355	768	256	0	0	0
tlm_apply_inverse_mod_sub_register	67736355	67741129	4774	579	3	322	325
tlm_apply_inverse_mod_sub_fold	67741129	67741788	659	55	2	55	55
tlm_apply_inverse_mod_sub_clean	67741788	67742104	316	19	0	20	22
tlm_inverse_gcd_forward_codec	67742104	67742107	3	0	0	0	0
tlm_inverse_gcd_forward_shift	67742107	67743113	1006	250	0	0	2
tlm_inverse_gcd_forward_compare	67743113	67744321	1208	284	0	32	33
tlm_inverse_gcd_forward_body	67744321	67749182	4861	579	4	328	331
tlm_apply_inverse_fold	67749182	67750902	1720	310	0	54	62
tlm_apply_inverse_swap	67750902	67751670	768	256	0	0	0
tlm_apply_inverse_mod_sub_register	67751670	67756444	4774	579	3	322	325
tlm_apply_inverse_mod_sub_fold	67756444	67757103	659	55	2	55	55
tlm_apply_inverse_mod_sub_clean	67757103	67757419	316	19	0	20	22
tlm_inverse_gcd_forward_codec	67757419	67757422	3	0	0	0	0
tlm_inverse_gcd_forward_shift	67757422	67758424	1002	249	0	0	2
tlm_inverse_gcd_forward_compare	67758424	67759629	1205	283	0	32	33
tlm_inverse_gcd_forward_body	67759629	67764503	4874	579	4	329	332
tlm_apply_inverse_fold	67764503	67766223	1720	310	0	54	62
tlm_apply_inverse_swap	67766223	67766991	768	256	0	0	0
tlm_apply_inverse_mod_sub_register	67766991	67771765	4774	579	3	322	325
tlm_apply_inverse_mod_sub_fold	67771765	67772424	659	55	2	55	55
tlm_apply_inverse_mod_sub_clean	67772424	67772740	316	19	0	20	22
tlm_inverse_gcd_forward_codec	67772740	67772906	166	18	0	4	7
tlm_inverse_gcd_forward_shift	67772906	67773904	998	248	0	0	2
tlm_inverse_gcd_forward_compare	67773904	67775120	1216	283	0	33	34
tlm_inverse_gcd_forward_body	67775120	67779923	4803	573	4	324	327
tlm_apply_inverse_fold	67779923	67781643	1720	310	0	54	62
tlm_apply_inverse_swap	67781643	67782411	768	256	0	0	0
tlm_apply_inverse_mod_sub_register	67782411	67787185	4774	579	3	322	325
tlm_apply_inverse_mod_sub_fold	67787185	67787844	659	55	2	55	55
tlm_apply_inverse_mod_sub_clean	67787844	67788160	316	19	0	20	22
tlm_inverse_gcd_forward_codec	67788160	67788163	3	0	0	0	0
tlm_inverse_gcd_forward_shift	67788163	67789157	994	247	0	0	2
tlm_inverse_gcd_forward_compare	67789157	67790370	1213	282	0	33	34
tlm_inverse_gcd_forward_body	67790370	67795186	4816	573	4	325	328
tlm_apply_inverse_fold	67795186	67796906	1720	310	0	54	62
tlm_apply_inverse_swap	67796906	67797674	768	256	0	0	0
tlm_apply_inverse_mod_sub_register	67797674	67802448	4774	579	3	322	325
tlm_apply_inverse_mod_sub_fold	67802448	67803107	659	55	2	55	55
tlm_apply_inverse_mod_sub_clean	67803107	67803423	316	19	0	20	22
tlm_inverse_gcd_forward_codec	67803423	67803426	3	0	0	0	0
tlm_inverse_gcd_forward_shift	67803426	67804416	990	246	0	0	2
tlm_inverse_gcd_forward_compare	67804416	67805612	1196	280	0	32	33
tlm_inverse_gcd_forward_body	67805612	67810441	4829	573	4	326	329
tlm_apply_inverse_fold	67810441	67812161	1720	310	0	54	62
tlm_apply_inverse_swap	67812161	67812929	768	256	0	0	0
tlm_apply_inverse_mod_sub_register	67812929	67817703	4774	579	3	322	325
tlm_apply_inverse_mod_sub_fold	67817703	67818362	659	55	2	55	55
tlm_apply_inverse_mod_sub_clean	67818362	67818678	316	19	0	20	22
tlm_inverse_gcd_forward_codec	67818678	67818844	166	18	0	4	7
tlm_inverse_gcd_forward_shift	67818844	67819830	986	245	0	0	2
tlm_inverse_gcd_forward_compare	67819830	67821037	1207	280	0	33	34
tlm_inverse_gcd_forward_body	67821037	67825795	4758	567	4	321	324
tlm_apply_inverse_fold	67825795	67827515	1720	310	0	54	62
tlm_apply_inverse_swap	67827515	67828283	768	256	0	0	0
tlm_apply_inverse_mod_sub_register	67828283	67833057	4774	579	3	322	325
tlm_apply_inverse_mod_sub_fold	67833057	67833716	659	55	2	55	55
tlm_apply_inverse_mod_sub_clean	67833716	67834032	316	19	0	20	22
tlm_inverse_gcd_forward_codec	67834032	67834035	3	0	0	0	0
tlm_inverse_gcd_forward_shift	67834035	67835017	982	244	0	0	2
tlm_inverse_gcd_forward_compare	67835017	67836221	1204	279	0	33	34
tlm_inverse_gcd_forward_body	67836221	67840992	4771	567	4	322	325
tlm_apply_inverse_fold	67840992	67842712	1720	310	0	54	62
tlm_apply_inverse_swap	67842712	67843480	768	256	0	0	0
tlm_apply_inverse_mod_sub_register	67843480	67848254	4774	579	3	322	325
tlm_apply_inverse_mod_sub_fold	67848254	67848913	659	55	2	55	55
tlm_apply_inverse_mod_sub_clean	67848913	67849229	316	19	0	20	22
tlm_inverse_gcd_forward_codec	67849229	67849232	3	0	0	0	0
tlm_inverse_gcd_forward_shift	67849232	67850210	978	243	0	0	2
tlm_inverse_gcd_forward_compare	67850210	67851411	1201	278	0	33	34
tlm_inverse_gcd_forward_body	67851411	67856195	4784	567	4	323	326
tlm_apply_inverse_fold	67856195	67857915	1720	310	0	54	62
tlm_apply_inverse_swap	67857915	67858683	768	256	0	0	0
tlm_apply_inverse_mod_sub_register	67858683	67863457	4774	579	3	322	325
tlm_apply_inverse_mod_sub_fold	67863457	67864116	659	55	2	55	55
tlm_apply_inverse_mod_sub_clean	67864116	67864432	316	19	0	20	22
tlm_inverse_gcd_forward_codec	67864432	67864598	166	18	0	4	7
tlm_inverse_gcd_forward_shift	67864598	67865572	974	242	0	0	2
tlm_inverse_gcd_forward_compare	67865572	67866756	1184	276	0	32	33
tlm_inverse_gcd_forward_body	67866756	67871469	4713	561	4	318	321
tlm_apply_inverse_fold	67871469	67873189	1720	310	0	54	62
tlm_apply_inverse_swap	67873189	67873957	768	256	0	0	0
tlm_apply_inverse_mod_sub_register	67873957	67878731	4774	579	3	322	325
tlm_apply_inverse_mod_sub_fold	67878731	67879390	659	55	2	55	55
tlm_apply_inverse_mod_sub_clean	67879390	67879706	316	19	0	20	22
tlm_inverse_gcd_forward_codec	67879706	67879709	3	0	0	0	0
tlm_inverse_gcd_forward_shift	67879709	67880679	970	241	0	0	2
tlm_inverse_gcd_forward_compare	67880679	67881888	1209	277	0	34	35
tlm_inverse_gcd_forward_body	67881888	67886614	4726	561	4	319	322
tlm_apply_inverse_fold	67886614	67888334	1720	310	0	54	62
tlm_apply_inverse_swap	67888334	67889102	768	256	0	0	0
tlm_apply_inverse_mod_sub_register	67889102	67893876	4774	579	3	322	325
tlm_apply_inverse_mod_sub_fold	67893876	67894535	659	55	2	55	55
tlm_apply_inverse_mod_sub_clean	67894535	67894851	316	19	0	20	22
tlm_inverse_gcd_forward_codec	67894851	67894854	3	0	0	0	0
tlm_inverse_gcd_forward_shift	67894854	67895820	966	240	0	0	2
tlm_inverse_gcd_forward_compare	67895820	67897026	1206	276	0	34	35
tlm_inverse_gcd_forward_body	67897026	67901765	4739	561	4	320	323
tlm_apply_inverse_fold	67901765	67903485	1720	310	0	54	62
tlm_apply_inverse_swap	67903485	67904253	768	256	0	0	0
tlm_apply_inverse_mod_sub_register	67904253	67909027	4774	579	3	322	325
tlm_apply_inverse_mod_sub_fold	67909027	67909686	659	55	2	55	55
tlm_apply_inverse_mod_sub_clean	67909686	67910002	316	19	0	20	22
tlm_inverse_gcd_forward_codec	67910002	67910168	166	18	0	4	7
tlm_inverse_gcd_forward_shift	67910168	67911130	962	239	0	0	2
tlm_inverse_gcd_forward_compare	67911130	67912319	1189	274	0	33	34
tlm_inverse_gcd_forward_body	67912319	67916987	4668	555	4	315	318
tlm_apply_inverse_fold	67916987	67918707	1720	310	0	54	62
tlm_apply_inverse_swap	67918707	67919475	768	256	0	0	0
tlm_apply_inverse_mod_sub_register	67919475	67924249	4774	579	3	322	325
tlm_apply_inverse_mod_sub_fold	67924249	67924908	659	55	2	55	55
tlm_apply_inverse_mod_sub_clean	67924908	67925224	316	19	0	20	22
tlm_inverse_gcd_forward_codec	67925224	67925227	3	0	0	0	0
tlm_inverse_gcd_forward_shift	67925227	67926185	958	238	0	0	2
tlm_inverse_gcd_forward_compare	67926185	67927371	1186	273	0	33	34
tlm_inverse_gcd_forward_body	67927371	67932052	4681	555	4	316	319
tlm_apply_inverse_fold	67932052	67933772	1720	310	0	54	62
tlm_apply_inverse_swap	67933772	67934540	768	256	0	0	0
tlm_apply_inverse_mod_sub_register	67934540	67939314	4774	579	3	322	325
tlm_apply_inverse_mod_sub_fold	67939314	67939973	659	55	2	55	55
tlm_apply_inverse_mod_sub_clean	67939973	67940289	316	19	0	20	22
tlm_inverse_gcd_forward_codec	67940289	67940292	3	0	0	0	0
tlm_inverse_gcd_forward_shift	67940292	67941246	954	237	0	0	2
tlm_inverse_gcd_forward_compare	67941246	67942443	1197	273	0	34	35
tlm_inverse_gcd_forward_body	67942443	67947137	4694	555	4	317	320
tlm_apply_inverse_fold	67947137	67948857	1720	310	0	54	62
tlm_apply_inverse_swap	67948857	67949625	768	256	0	0	0
tlm_apply_inverse_mod_sub_register	67949625	67954399	4774	579	3	322	325
tlm_apply_inverse_mod_sub_fold	67954399	67955058	659	55	2	55	55
tlm_apply_inverse_mod_sub_clean	67955058	67955374	316	19	0	20	22
tlm_inverse_gcd_forward_codec	67955374	67955540	166	18	0	4	7
tlm_inverse_gcd_forward_shift	67955540	67956490	950	236	0	0	2
tlm_inverse_gcd_forward_compare	67956490	67957670	1180	271	0	33	34
tlm_inverse_gcd_forward_body	67957670	67962293	4623	549	4	312	315
tlm_apply_inverse_fold	67962293	67964013	1720	310	0	54	62
tlm_apply_inverse_swap	67964013	67964781	768	256	0	0	0
tlm_apply_inverse_mod_sub_register	67964781	67969555	4774	579	3	322	325
tlm_apply_inverse_mod_sub_fold	67969555	67970214	659	55	2	55	55
tlm_apply_inverse_mod_sub_clean	67970214	67970530	316	19	0	20	22
tlm_inverse_gcd_forward_codec	67970530	67970533	3	0	0	0	0
tlm_inverse_gcd_forward_shift	67970533	67971479	946	235	0	0	2
tlm_inverse_gcd_forward_compare	67971479	67972656	1177	270	0	33	34
tlm_inverse_gcd_forward_body	67972656	67977292	4636	549	4	313	316
tlm_apply_inverse_fold	67977292	67979012	1720	310	0	54	62
tlm_apply_inverse_swap	67979012	67979780	768	256	0	0	0
tlm_apply_inverse_mod_sub_register	67979780	67984554	4774	579	3	322	325
tlm_apply_inverse_mod_sub_fold	67984554	67985213	659	55	2	55	55
tlm_apply_inverse_mod_sub_clean	67985213	67985529	316	19	0	20	22
tlm_inverse_gcd_forward_codec	67985529	67985532	3	0	0	0	0
tlm_inverse_gcd_forward_shift	67985532	67986474	942	234	0	0	2
tlm_inverse_gcd_forward_compare	67986474	67987676	1202	271	0	35	36
tlm_inverse_gcd_forward_body	67987676	67992325	4649	549	4	314	317
tlm_apply_inverse_fold	67992325	67994045	1720	310	0	54	62
tlm_apply_inverse_swap	67994045	67994813	768	256	0	0	0
tlm_apply_inverse_mod_sub_register	67994813	67999587	4774	579	3	322	325
tlm_apply_inverse_mod_sub_fold	67999587	68000246	659	55	2	55	55
tlm_apply_inverse_mod_sub_clean	68000246	68000562	316	19	0	20	22
tlm_inverse_gcd_forward_codec	68000562	68000728	166	18	0	4	7
tlm_inverse_gcd_forward_shift	68000728	68001666	938	233	0	0	2
tlm_inverse_gcd_forward_compare	68001666	68002837	1171	268	0	33	34
tlm_inverse_gcd_forward_body	68002837	68007415	4578	543	4	309	312
tlm_apply_inverse_fold	68007415	68009135	1720	310	0	54	62
tlm_apply_inverse_swap	68009135	68009903	768	256	0	0	0
tlm_apply_inverse_mod_sub_register	68009903	68014677	4774	579	3	322	325
tlm_apply_inverse_mod_sub_fold	68014677	68015336	659	55	2	55	55
tlm_apply_inverse_mod_sub_clean	68015336	68015652	316	19	0	20	22
tlm_inverse_gcd_forward_codec	68015652	68015655	3	0	0	0	0
tlm_inverse_gcd_forward_shift	68015655	68016589	934	232	0	0	2
tlm_inverse_gcd_forward_compare	68016589	68017771	1182	268	0	34	35
tlm_inverse_gcd_forward_body	68017771	68022362	4591	543	4	310	313
tlm_apply_inverse_fold	68022362	68024082	1720	310	0	54	62
tlm_apply_inverse_swap	68024082	68024850	768	256	0	0	0
tlm_apply_inverse_mod_sub_register	68024850	68029624	4774	579	3	322	325
tlm_apply_inverse_mod_sub_fold	68029624	68030283	659	55	2	55	55
tlm_apply_inverse_mod_sub_clean	68030283	68030599	316	19	0	20	22
tlm_inverse_gcd_forward_codec	68030599	68030602	3	0	0	0	0
tlm_inverse_gcd_forward_shift	68030602	68031532	930	231	0	0	2
tlm_inverse_gcd_forward_compare	68031532	68032711	1179	267	0	34	35
tlm_inverse_gcd_forward_body	68032711	68037315	4604	543	4	311	314
tlm_apply_inverse_fold	68037315	68039035	1720	310	0	54	62
tlm_apply_inverse_swap	68039035	68039803	768	256	0	0	0
tlm_apply_inverse_mod_sub_register	68039803	68044577	4774	579	3	322	325
tlm_apply_inverse_mod_sub_fold	68044577	68045236	659	55	2	55	55
tlm_apply_inverse_mod_sub_clean	68045236	68045552	316	19	0	20	22
tlm_inverse_gcd_forward_codec	68045552	68045718	166	18	0	4	7
tlm_inverse_gcd_forward_shift	68045718	68046644	926	230	0	0	2
tlm_inverse_gcd_forward_compare	68046644	68047820	1176	266	0	34	35
tlm_inverse_gcd_forward_body	68047820	68052353	4533	537	4	306	309
tlm_apply_inverse_fold	68052353	68054073	1720	310	0	54	62
tlm_apply_inverse_swap	68054073	68054841	768	256	0	0	0
tlm_apply_inverse_mod_sub_register	68054841	68059615	4774	579	3	322	325
tlm_apply_inverse_mod_sub_fold	68059615	68060274	659	55	2	55	55
tlm_apply_inverse_mod_sub_clean	68060274	68060590	316	19	0	20	22
tlm_inverse_gcd_forward_codec	68060590	68060593	3	0	0	0	0
tlm_inverse_gcd_forward_shift	68060593	68061515	922	229	0	0	2
tlm_inverse_gcd_forward_compare	68061515	68062688	1173	265	0	34	35
tlm_inverse_gcd_forward_body	68062688	68067234	4546	537	4	307	310
tlm_apply_inverse_fold	68067234	68068954	1720	310	0	54	62
tlm_apply_inverse_swap	68068954	68069722	768	256	0	0	0
tlm_apply_inverse_mod_sub_register	68069722	68074496	4774	579	3	322	325
tlm_apply_inverse_mod_sub_fold	68074496	68075155	659	55	2	55	55
tlm_apply_inverse_mod_sub_clean	68075155	68075471	316	19	0	20	22
tlm_inverse_gcd_forward_codec	68075471	68075474	3	0	0	0	0
tlm_inverse_gcd_forward_shift	68075474	68076392	918	228	0	0	2
tlm_inverse_gcd_forward_compare	68076392	68077576	1184	265	0	35	36
tlm_inverse_gcd_forward_body	68077576	68082135	4559	537	4	308	311
tlm_apply_inverse_fold	68082135	68083855	1720	310	0	54	62
tlm_apply_inverse_swap	68083855	68084623	768	256	0	0	0
tlm_apply_inverse_mod_sub_register	68084623	68089397	4774	579	3	322	325
tlm_apply_inverse_mod_sub_fold	68089397	68090056	659	55	2	55	55
tlm_apply_inverse_mod_sub_clean	68090056	68090372	316	19	0	20	22
tlm_inverse_gcd_forward_codec	68090372	68090538	166	18	0	4	7
tlm_inverse_gcd_forward_shift	68090538	68091452	914	227	0	0	2
tlm_inverse_gcd_forward_compare	68091452	68092619	1167	263	0	34	35
tlm_inverse_gcd_forward_body	68092619	68097107	4488	531	4	303	306
tlm_apply_inverse_fold	68097107	68098827	1720	310	0	54	62
tlm_apply_inverse_swap	68098827	68099595	768	256	0	0	0
tlm_apply_inverse_mod_sub_register	68099595	68104369	4774	579	3	322	325
tlm_apply_inverse_mod_sub_fold	68104369	68105028	659	55	2	55	55
tlm_apply_inverse_mod_sub_clean	68105028	68105344	316	19	0	20	22
tlm_inverse_gcd_forward_codec	68105344	68105347	3	0	0	0	0
tlm_inverse_gcd_forward_shift	68105347	68106257	910	226	0	0	2
tlm_inverse_gcd_forward_compare	68106257	68107435	1178	263	0	35	36
tlm_inverse_gcd_forward_body	68107435	68111936	4501	531	4	304	307
tlm_apply_inverse_fold	68111936	68113656	1720	310	0	54	62
tlm_apply_inverse_swap	68113656	68114424	768	256	0	0	0
tlm_apply_inverse_mod_sub_register	68114424	68119198	4774	579	3	322	325
tlm_apply_inverse_mod_sub_fold	68119198	68119857	659	55	2	55	55
tlm_apply_inverse_mod_sub_clean	68119857	68120173	316	19	0	20	22
tlm_inverse_gcd_forward_codec	68120173	68120176	3	0	0	0	0
tlm_inverse_gcd_forward_shift	68120176	68121082	906	225	0	0	2
tlm_inverse_gcd_forward_compare	68121082	68122257	1175	262	0	35	36
tlm_inverse_gcd_forward_body	68122257	68126771	4514	531	4	305	308
tlm_apply_inverse_fold	68126771	68128491	1720	310	0	54	62
tlm_apply_inverse_swap	68128491	68129259	768	256	0	0	0
tlm_apply_inverse_mod_sub_register	68129259	68134033	4774	579	3	322	325
tlm_apply_inverse_mod_sub_fold	68134033	68134692	659	55	2	55	55
tlm_apply_inverse_mod_sub_clean	68134692	68135008	316	19	0	20	22
tlm_inverse_gcd_forward_codec	68135008	68135174	166	18	0	4	7
tlm_inverse_gcd_forward_shift	68135174	68136076	902	224	0	0	2
tlm_inverse_gcd_forward_compare	68136076	68137248	1172	261	0	35	36
tlm_inverse_gcd_forward_body	68137248	68141691	4443	525	4	300	303
tlm_apply_inverse_fold	68141691	68143411	1720	310	0	54	62
tlm_apply_inverse_swap	68143411	68144179	768	256	0	0	0
tlm_apply_inverse_mod_sub_register	68144179	68148953	4774	579	3	322	325
tlm_apply_inverse_mod_sub_fold	68148953	68149612	659	55	2	55	55
tlm_apply_inverse_mod_sub_clean	68149612	68149928	316	19	0	20	22
tlm_inverse_gcd_forward_codec	68149928	68149931	3	0	0	0	0
tlm_inverse_gcd_forward_shift	68149931	68150829	898	223	0	0	2
tlm_inverse_gcd_forward_compare	68150829	68151984	1155	259	0	34	35
tlm_inverse_gcd_forward_body	68151984	68156440	4456	525	4	301	304
tlm_apply_inverse_fold	68156440	68158160	1720	310	0	54	62
tlm_apply_inverse_swap	68158160	68158928	768	256	0	0	0
tlm_apply_inverse_mod_sub_register	68158928	68163702	4774	579	3	322	325
tlm_apply_inverse_mod_sub_fold	68163702	68164361	659	55	2	55	55
tlm_apply_inverse_mod_sub_clean	68164361	68164677	316	19	0	20	22
tlm_inverse_gcd_forward_codec	68164677	68164680	3	0	0	0	0
tlm_inverse_gcd_forward_shift	68164680	68165574	894	222	0	0	2
tlm_inverse_gcd_forward_compare	68165574	68166740	1166	259	0	35	36
tlm_inverse_gcd_forward_body	68166740	68171209	4469	525	4	302	305
tlm_apply_inverse_fold	68171209	68172929	1720	310	0	54	62
tlm_apply_inverse_swap	68172929	68173697	768	256	0	0	0
tlm_apply_inverse_mod_sub_register	68173697	68178471	4774	579	3	322	325
tlm_apply_inverse_mod_sub_fold	68178471	68179130	659	55	2	55	55
tlm_apply_inverse_mod_sub_clean	68179130	68179446	316	19	0	20	22
tlm_inverse_gcd_forward_codec	68179446	68179612	166	18	0	4	7
tlm_inverse_gcd_forward_shift	68179612	68180502	890	221	0	0	2
tlm_inverse_gcd_forward_compare	68180502	68181665	1163	258	0	35	36
tlm_inverse_gcd_forward_body	68181665	68186063	4398	519	4	297	300
tlm_apply_inverse_fold	68186063	68187783	1720	310	0	54	62
tlm_apply_inverse_swap	68187783	68188551	768	256	0	0	0
tlm_apply_inverse_mod_sub_register	68188551	68193325	4774	579	3	322	325
tlm_apply_inverse_mod_sub_fold	68193325	68193984	659	55	2	55	55
tlm_apply_inverse_mod_sub_clean	68193984	68194300	316	19	0	20	22
tlm_inverse_gcd_forward_codec	68194300	68194303	3	0	0	0	0
tlm_inverse_gcd_forward_shift	68194303	68195189	886	220	0	0	2
tlm_inverse_gcd_forward_compare	68195189	68196349	1160	257	0	35	36
tlm_inverse_gcd_forward_body	68196349	68200760	4411	519	4	298	301
tlm_apply_inverse_fold	68200760	68202480	1720	310	0	54	62
tlm_apply_inverse_swap	68202480	68203248	768	256	0	0	0
tlm_apply_inverse_mod_sub_register	68203248	68208022	4774	579	3	322	325
tlm_apply_inverse_mod_sub_fold	68208022	68208681	659	55	2	55	55
tlm_apply_inverse_mod_sub_clean	68208681	68208997	316	19	0	20	22
tlm_inverse_gcd_forward_codec	68208997	68209000	3	0	0	0	0
tlm_inverse_gcd_forward_shift	68209000	68209882	882	219	0	0	2
tlm_inverse_gcd_forward_compare	68209882	68211039	1157	256	0	35	36
tlm_inverse_gcd_forward_body	68211039	68215463	4424	519	4	299	302
tlm_apply_inverse_fold	68215463	68217183	1720	310	0	54	62
tlm_apply_inverse_swap	68217183	68217951	768	256	0	0	0
tlm_apply_inverse_mod_sub_register	68217951	68222725	4774	579	3	322	325
tlm_apply_inverse_mod_sub_fold	68222725	68223384	659	55	2	55	55
tlm_apply_inverse_mod_sub_clean	68223384	68223700	316	19	0	20	22
tlm_inverse_gcd_forward_codec	68223700	68223866	166	18	0	4	7
tlm_inverse_gcd_forward_shift	68223866	68224744	878	218	0	0	2
tlm_inverse_gcd_forward_compare	68224744	68225912	1168	256	0	36	37
tlm_inverse_gcd_forward_body	68225912	68230265	4353	513	4	294	297
tlm_apply_inverse_fold	68230265	68231985	1720	310	0	54	62
tlm_apply_inverse_swap	68231985	68232753	768	256	0	0	0
tlm_apply_inverse_mod_sub_register	68232753	68237527	4774	579	3	322	325
tlm_apply_inverse_mod_sub_fold	68237527	68238186	659	55	2	55	55
tlm_apply_inverse_mod_sub_clean	68238186	68238502	316	19	0	20	22
tlm_inverse_gcd_forward_codec	68238502	68238505	3	0	0	0	0
tlm_inverse_gcd_forward_shift	68238505	68239379	874	217	0	0	2
tlm_inverse_gcd_forward_compare	68239379	68240530	1151	254	0	35	36
tlm_inverse_gcd_forward_body	68240530	68244896	4366	513	4	295	298
tlm_apply_inverse_fold	68244896	68246616	1720	310	0	54	62
tlm_apply_inverse_swap	68246616	68247384	768	256	0	0	0
tlm_apply_inverse_mod_sub_register	68247384	68252158	4774	579	3	322	325
tlm_apply_inverse_mod_sub_fold	68252158	68252817	659	55	2	55	55
tlm_apply_inverse_mod_sub_clean	68252817	68253133	316	19	0	20	22
tlm_inverse_gcd_forward_codec	68253133	68253136	3	0	0	0	0
tlm_inverse_gcd_forward_shift	68253136	68254006	870	216	0	0	2
tlm_inverse_gcd_forward_compare	68254006	68255168	1162	254	0	36	37
tlm_inverse_gcd_forward_body	68255168	68259547	4379	513	4	296	299
tlm_apply_inverse_fold	68259547	68261267	1720	310	0	54	62
tlm_apply_inverse_swap	68261267	68262035	768	256	0	0	0
tlm_apply_inverse_mod_sub_register	68262035	68266809	4774	579	3	322	325
tlm_apply_inverse_mod_sub_fold	68266809	68267468	659	55	2	55	55
tlm_apply_inverse_mod_sub_clean	68267468	68267784	316	19	0	20	22
tlm_inverse_gcd_forward_codec	68267784	68267950	166	18	0	4	7
tlm_inverse_gcd_forward_shift	68267950	68268816	866	215	0	0	2
tlm_inverse_gcd_forward_compare	68268816	68269961	1145	252	0	35	36
tlm_inverse_gcd_forward_body	68269961	68274269	4308	507	4	291	294
tlm_apply_inverse_fold	68274269	68275989	1720	310	0	54	62
tlm_apply_inverse_swap	68275989	68276757	768	256	0	0	0
tlm_apply_inverse_mod_sub_register	68276757	68281531	4774	579	3	322	325
tlm_apply_inverse_mod_sub_fold	68281531	68282190	659	55	2	55	55
tlm_apply_inverse_mod_sub_clean	68282190	68282506	316	19	0	20	22
tlm_inverse_gcd_forward_codec	68282506	68282509	3	0	0	0	0
tlm_inverse_gcd_forward_shift	68282509	68283371	862	214	0	0	2
tlm_inverse_gcd_forward_compare	68283371	68284527	1156	252	0	36	37
tlm_inverse_gcd_forward_body	68284527	68288848	4321	507	4	292	295
tlm_apply_inverse_fold	68288848	68290568	1720	310	0	54	62
tlm_apply_inverse_swap	68290568	68291336	768	256	0	0	0
tlm_apply_inverse_mod_sub_register	68291336	68296110	4774	579	3	322	325
tlm_apply_inverse_mod_sub_fold	68296110	68296769	659	55	2	55	55
tlm_apply_inverse_mod_sub_clean	68296769	68297085	316	19	0	20	22
tlm_inverse_gcd_forward_codec	68297085	68297088	3	0	0	0	0
tlm_inverse_gcd_forward_shift	68297088	68297946	858	213	0	0	2
tlm_inverse_gcd_forward_compare	68297946	68299099	1153	251	0	36	37
tlm_inverse_gcd_forward_body	68299099	68303433	4334	507	4	293	296
tlm_apply_inverse_fold	68303433	68305153	1720	310	0	54	62
tlm_apply_inverse_swap	68305153	68305921	768	256	0	0	0
tlm_apply_inverse_mod_sub_register	68305921	68310695	4774	579	3	322	325
tlm_apply_inverse_mod_sub_fold	68310695	68311354	659	55	2	55	55
tlm_apply_inverse_mod_sub_clean	68311354	68311670	316	19	0	20	22
tlm_inverse_gcd_forward_codec	68311670	68311836	166	18	0	4	7
tlm_inverse_gcd_forward_shift	68311836	68312690	854	212	0	0	2
tlm_inverse_gcd_forward_compare	68312690	68313840	1150	250	0	36	37
tlm_inverse_gcd_forward_body	68313840	68318103	4263	501	4	288	291
tlm_apply_inverse_fold	68318103	68319823	1720	310	0	54	62
tlm_apply_inverse_swap	68319823	68320591	768	256	0	0	0
tlm_apply_inverse_mod_sub_register	68320591	68325365	4774	579	3	322	325
tlm_apply_inverse_mod_sub_fold	68325365	68326024	659	55	2	55	55
tlm_apply_inverse_mod_sub_clean	68326024	68326340	316	19	0	20	22
tlm_inverse_gcd_forward_codec	68326340	68326343	3	0	0	0	0
tlm_inverse_gcd_forward_shift	68326343	68327193	850	211	0	0	2
tlm_inverse_gcd_forward_compare	68327193	68328340	1147	249	0	36	37
tlm_inverse_gcd_forward_body	68328340	68332616	4276	501	4	289	292
tlm_apply_inverse_fold	68332616	68334336	1720	310	0	54	62
tlm_apply_inverse_swap	68334336	68335104	768	256	0	0	0
tlm_apply_inverse_mod_sub_register	68335104	68339878	4774	579	3	322	325
tlm_apply_inverse_mod_sub_fold	68339878	68340537	659	55	2	55	55
tlm_apply_inverse_mod_sub_clean	68340537	68340853	316	19	0	20	22
tlm_inverse_gcd_forward_codec	68340853	68340856	3	0	0	0	0
tlm_inverse_gcd_forward_shift	68340856	68341702	846	210	0	0	2
tlm_inverse_gcd_forward_compare	68341702	68342846	1144	248	0	36	37
tlm_inverse_gcd_forward_body	68342846	68347135	4289	501	4	290	293
tlm_apply_inverse_fold	68347135	68348855	1720	310	0	54	62
tlm_apply_inverse_swap	68348855	68349623	768	256	0	0	0
tlm_apply_inverse_mod_sub_register	68349623	68354397	4774	579	3	322	325
tlm_apply_inverse_mod_sub_fold	68354397	68355056	659	55	2	55	55
tlm_apply_inverse_mod_sub_clean	68355056	68355372	316	19	0	20	22
tlm_inverse_gcd_forward_codec	68355372	68355538	166	18	0	4	7
tlm_inverse_gcd_forward_shift	68355538	68356380	842	209	0	0	2
tlm_inverse_gcd_forward_compare	68356380	68357521	1141	247	0	36	37
tlm_inverse_gcd_forward_body	68357521	68361739	4218	495	4	285	288
tlm_apply_inverse_fold	68361739	68363459	1720	310	0	54	62
tlm_apply_inverse_swap	68363459	68364227	768	256	0	0	0
tlm_apply_inverse_mod_sub_register	68364227	68369001	4774	579	3	322	325
tlm_apply_inverse_mod_sub_fold	68369001	68369660	659	55	2	55	55
tlm_apply_inverse_mod_sub_clean	68369660	68369976	316	19	0	20	22
tlm_inverse_gcd_forward_codec	68369976	68369979	3	0	0	0	0
tlm_inverse_gcd_forward_shift	68369979	68370817	838	208	0	0	2
tlm_inverse_gcd_forward_compare	68370817	68371969	1152	247	0	37	38
tlm_inverse_gcd_forward_body	68371969	68376200	4231	495	4	286	289
tlm_apply_inverse_fold	68376200	68377920	1720	310	0	54	62
tlm_apply_inverse_swap	68377920	68378688	768	256	0	0	0
tlm_apply_inverse_mod_sub_register	68378688	68383462	4774	579	3	322	325
tlm_apply_inverse_mod_sub_fold	68383462	68384121	659	55	2	55	55
tlm_apply_inverse_mod_sub_clean	68384121	68384437	316	19	0	20	22
tlm_inverse_gcd_forward_codec	68384437	68384440	3	0	0	0	0
tlm_inverse_gcd_forward_shift	68384440	68385274	834	207	0	0	2
tlm_inverse_gcd_forward_compare	68385274	68386423	1149	246	0	37	38
tlm_inverse_gcd_forward_body	68386423	68390667	4244	495	4	287	290
tlm_apply_inverse_fold	68390667	68392387	1720	310	0	54	62
tlm_apply_inverse_swap	68392387	68393155	768	256	0	0	0
tlm_apply_inverse_mod_sub_register	68393155	68397929	4774	579	3	322	325
tlm_apply_inverse_mod_sub_fold	68397929	68398588	659	55	2	55	55
tlm_apply_inverse_mod_sub_clean	68398588	68398904	316	19	0	20	22
tlm_inverse_gcd_forward_codec	68398904	68399070	166	18	0	4	7
tlm_inverse_gcd_forward_shift	68399070	68399900	830	206	0	0	2
tlm_inverse_gcd_forward_compare	68399900	68401046	1146	245	0	37	38
tlm_inverse_gcd_forward_body	68401046	68405219	4173	489	4	282	285
tlm_apply_inverse_fold	68405219	68406939	1720	310	0	54	62
tlm_apply_inverse_swap	68406939	68407707	768	256	0	0	0
tlm_apply_inverse_mod_sub_register	68407707	68412481	4774	579	3	322	325
tlm_apply_inverse_mod_sub_fold	68412481	68413140	659	55	2	55	55
tlm_apply_inverse_mod_sub_clean	68413140	68413456	316	19	0	20	22
tlm_inverse_gcd_forward_codec	68413456	68413459	3	0	0	0	0
tlm_inverse_gcd_forward_shift	68413459	68414285	826	205	0	0	2
tlm_inverse_gcd_forward_compare	68414285	68415428	1143	244	0	37	38
tlm_inverse_gcd_forward_body	68415428	68419614	4186	489	4	283	286
tlm_apply_inverse_fold	68419614	68421334	1720	310	0	54	62
tlm_apply_inverse_swap	68421334	68422102	768	256	0	0	0
tlm_apply_inverse_mod_sub_register	68422102	68426876	4774	579	3	322	325
tlm_apply_inverse_mod_sub_fold	68426876	68427535	659	55	2	55	55
tlm_apply_inverse_mod_sub_clean	68427535	68427851	316	19	0	20	22
tlm_inverse_gcd_forward_codec	68427851	68427854	3	0	0	0	0
tlm_inverse_gcd_forward_shift	68427854	68428676	822	204	0	0	2
tlm_inverse_gcd_forward_compare	68428676	68429816	1140	243	0	37	38
tlm_inverse_gcd_forward_body	68429816	68434015	4199	489	4	284	287
tlm_apply_inverse_fold	68434015	68435735	1720	310	0	54	62
tlm_apply_inverse_swap	68435735	68436503	768	256	0	0	0
tlm_apply_inverse_mod_sub_register	68436503	68441590	5087	601	4	344	348
tlm_apply_inverse_mod_sub_fold	68441590	68442249	659	55	2	55	55
tlm_apply_inverse_mod_sub_clean	68442249	68442565	316	19	0	20	22
tlm_inverse_gcd_forward_codec	68442565	68442731	166	18	0	4	7
tlm_inverse_gcd_forward_shift	68442731	68443549	818	203	0	0	2
tlm_inverse_gcd_forward_compare	68443549	68444686	1137	242	0	37	38
tlm_inverse_gcd_forward_body	68444686	68448814	4128	483	4	279	282
tlm_apply_inverse_fold	68448814	68450534	1720	310	0	54	62
tlm_apply_inverse_swap	68450534	68451302	768	256	0	0	0
tlm_apply_inverse_mod_sub_register	68451302	68456076	4774	579	3	322	325
tlm_apply_inverse_mod_sub_fold	68456076	68456735	659	55	2	55	55
tlm_apply_inverse_mod_sub_clean	68456735	68457051	316	19	0	20	22
tlm_inverse_gcd_forward_codec	68457051	68457054	3	0	0	0	0
tlm_inverse_gcd_forward_shift	68457054	68457868	814	202	0	0	2
tlm_inverse_gcd_forward_compare	68457868	68459002	1134	241	0	37	38
tlm_inverse_gcd_forward_body	68459002	68463143	4141	483	4	280	283
tlm_apply_inverse_fold	68463143	68464863	1720	310	0	54	62
tlm_apply_inverse_swap	68464863	68465631	768	256	0	0	0
tlm_apply_inverse_mod_sub_register	68465631	68470718	5087	601	4	344	348
tlm_apply_inverse_mod_sub_fold	68470718	68471377	659	55	2	55	55
tlm_apply_inverse_mod_sub_clean	68471377	68471693	316	19	0	20	22
tlm_inverse_gcd_forward_codec	68471693	68471696	3	0	0	0	0
tlm_inverse_gcd_forward_shift	68471696	68472506	810	201	0	0	2
tlm_inverse_gcd_forward_compare	68472506	68473637	1131	240	0	37	38
tlm_inverse_gcd_forward_body	68473637	68477791	4154	483	4	281	284
tlm_apply_inverse_fold	68477791	68479511	1720	310	0	54	62
tlm_apply_inverse_swap	68479511	68480279	768	256	0	0	0
tlm_apply_inverse_mod_sub_register	68480279	68485366	5087	601	4	344	348
tlm_apply_inverse_mod_sub_fold	68485366	68486025	659	55	2	55	55
tlm_apply_inverse_mod_sub_clean	68486025	68486341	316	19	0	20	22
tlm_inverse_gcd_forward_codec	68486341	68486507	166	18	0	4	7
tlm_inverse_gcd_forward_shift	68486507	68487313	806	200	0	0	2
tlm_inverse_gcd_forward_compare	68487313	68488441	1128	239	0	37	38
tlm_inverse_gcd_forward_body	68488441	68492524	4083	477	4	276	279
tlm_apply_inverse_fold	68492524	68494244	1720	310	0	54	62
tlm_apply_inverse_swap	68494244	68495012	768	256	0	0	0
tlm_apply_inverse_mod_sub_register	68495012	68500099	5087	601	4	344	348
tlm_apply_inverse_mod_sub_fold	68500099	68500758	659	55	2	55	55
tlm_apply_inverse_mod_sub_clean	68500758	68501074	316	19	0	20	22
tlm_inverse_gcd_forward_codec	68501074	68501077	3	0	0	0	0
tlm_inverse_gcd_forward_shift	68501077	68501879	802	199	0	0	2
tlm_inverse_gcd_forward_compare	68501879	68503004	1125	238	0	37	38
tlm_inverse_gcd_forward_body	68503004	68507100	4096	477	4	277	280
tlm_apply_inverse_fold	68507100	68508820	1720	310	0	54	62
tlm_apply_inverse_swap	68508820	68509588	768	256	0	0	0
tlm_apply_inverse_mod_sub_register	68509588	68514675	5087	601	4	344	348
tlm_apply_inverse_mod_sub_fold	68514675	68515334	659	55	2	55	55
tlm_apply_inverse_mod_sub_clean	68515334	68515650	316	19	0	20	22
tlm_inverse_gcd_forward_codec	68515650	68515653	3	0	0	0	0
tlm_inverse_gcd_forward_shift	68515653	68516451	798	198	0	0	2
tlm_inverse_gcd_forward_compare	68516451	68517573	1122	237	0	37	38
tlm_inverse_gcd_forward_body	68517573	68521682	4109	477	4	278	281
tlm_apply_inverse_fold	68521682	68523402	1720	310	0	54	62
tlm_apply_inverse_swap	68523402	68524170	768	256	0	0	0
tlm_apply_inverse_mod_sub_register	68524170	68529257	5087	601	4	344	348
tlm_apply_inverse_mod_sub_fold	68529257	68529916	659	55	2	55	55
tlm_apply_inverse_mod_sub_clean	68529916	68530232	316	19	0	20	22
tlm_inverse_gcd_forward_codec	68530232	68530398	166	18	0	4	7
tlm_inverse_gcd_forward_shift	68530398	68531192	794	197	0	0	2
tlm_inverse_gcd_forward_compare	68531192	68532311	1119	236	0	37	38
tlm_inverse_gcd_forward_body	68532311	68536349	4038	471	4	273	276
tlm_apply_inverse_fold	68536349	68538069	1720	310	0	54	62
tlm_apply_inverse_swap	68538069	68538837	768	256	0	0	0
tlm_apply_inverse_mod_sub_register	68538837	68543924	5087	601	4	344	348
tlm_apply_inverse_mod_sub_fold	68543924	68544583	659	55	2	55	55
tlm_apply_inverse_mod_sub_clean	68544583	68544899	316	19	0	20	22
tlm_inverse_gcd_forward_codec	68544899	68544902	3	0	0	0	0
tlm_inverse_gcd_forward_shift	68544902	68545692	790	196	0	0	2
tlm_inverse_gcd_forward_compare	68545692	68546822	1130	236	0	38	39
tlm_inverse_gcd_forward_body	68546822	68550873	4051	471	4	274	277
tlm_apply_inverse_fold	68550873	68552593	1720	310	0	54	62
tlm_apply_inverse_swap	68552593	68553361	768	256	0	0	0
tlm_apply_inverse_mod_sub_register	68553361	68558448	5087	601	4	344	348
tlm_apply_inverse_mod_sub_fold	68558448	68559107	659	55	2	55	55
tlm_apply_inverse_mod_sub_clean	68559107	68559423	316	19	0	20	22
tlm_inverse_gcd_forward_codec	68559423	68559426	3	0	0	0	0
tlm_inverse_gcd_forward_shift	68559426	68560212	786	195	0	0	2
tlm_inverse_gcd_forward_compare	68560212	68561339	1127	235	0	38	39
tlm_inverse_gcd_forward_body	68561339	68565403	4064	471	4	275	278
tlm_apply_inverse_fold	68565403	68567123	1720	310	0	54	62
tlm_apply_inverse_swap	68567123	68567891	768	256	0	0	0
tlm_apply_inverse_mod_sub_register	68567891	68572978	5087	601	4	344	348
tlm_apply_inverse_mod_sub_fold	68572978	68573637	659	55	2	55	55
tlm_apply_inverse_mod_sub_clean	68573637	68573953	316	19	0	20	22
tlm_inverse_gcd_forward_codec	68573953	68574119	166	18	0	4	7
tlm_inverse_gcd_forward_shift	68574119	68574901	782	194	0	0	2
tlm_inverse_gcd_forward_compare	68574901	68576025	1124	234	0	38	39
tlm_inverse_gcd_forward_body	68576025	68580018	3993	465	4	270	273
tlm_apply_inverse_fold	68580018	68581738	1720	310	0	54	62
tlm_apply_inverse_swap	68581738	68582506	768	256	0	0	0
tlm_apply_inverse_mod_sub_register	68582506	68587593	5087	601	4	344	348
tlm_apply_inverse_mod_sub_fold	68587593	68588252	659	55	2	55	55
tlm_apply_inverse_mod_sub_clean	68588252	68588568	316	19	0	20	22
tlm_inverse_gcd_forward_codec	68588568	68588571	3	0	0	0	0
tlm_inverse_gcd_forward_shift	68588571	68589349	778	193	0	0	2
tlm_inverse_gcd_forward_compare	68589349	68590470	1121	233	0	38	39
tlm_inverse_gcd_forward_body	68590470	68594476	4006	465	4	271	274
tlm_apply_inverse_fold	68594476	68596196	1720	310	0	54	62
tlm_apply_inverse_swap	68596196	68596964	768	256	0	0	0
tlm_apply_inverse_mod_sub_register	68596964	68602051	5087	601	4	344	348
tlm_apply_inverse_mod_sub_fold	68602051	68602710	659	55	2	55	55
tlm_apply_inverse_mod_sub_clean	68602710	68603026	316	19	0	20	22
tlm_inverse_gcd_forward_codec	68603026	68603029	3	0	0	0	0
tlm_inverse_gcd_forward_shift	68603029	68603803	774	192	0	0	2
tlm_inverse_gcd_forward_compare	68603803	68604921	1118	232	0	38	39
tlm_inverse_gcd_forward_body	68604921	68608940	4019	465	4	272	275
tlm_apply_inverse_fold	68608940	68610660	1720	310	0	54	62
tlm_apply_inverse_swap	68610660	68611428	768	256	0	0	0
tlm_apply_inverse_mod_sub_register	68611428	68616515	5087	601	4	344	348
tlm_apply_inverse_mod_sub_fold	68616515	68617174	659	55	2	55	55
tlm_apply_inverse_mod_sub_clean	68617174	68617490	316	19	0	20	22
tlm_inverse_gcd_forward_codec	68617490	68617656	166	18	0	4	7
tlm_inverse_gcd_forward_shift	68617656	68618426	770	191	0	0	2
tlm_inverse_gcd_forward_compare	68618426	68619541	1115	231	0	38	39
tlm_inverse_gcd_forward_body	68619541	68623489	3948	459	4	267	270
tlm_apply_inverse_fold	68623489	68625209	1720	310	0	54	62
tlm_apply_inverse_swap	68625209	68625977	768	256	0	0	0
tlm_apply_inverse_mod_sub_register	68625977	68631064	5087	601	4	344	348
tlm_apply_inverse_mod_sub_fold	68631064	68631723	659	55	2	55	55
tlm_apply_inverse_mod_sub_clean	68631723	68632039	316	19	0	20	22
tlm_inverse_gcd_forward_codec	68632039	68632042	3	0	0	0	0
tlm_inverse_gcd_forward_shift	68632042	68632808	766	190	0	0	2
tlm_inverse_gcd_forward_compare	68632808	68633934	1126	231	0	39	40
tlm_inverse_gcd_forward_body	68633934	68637895	3961	459	4	268	271
tlm_apply_inverse_fold	68637895	68639615	1720	310	0	54	62
tlm_apply_inverse_swap	68639615	68640383	768	256	0	0	0
tlm_apply_inverse_mod_sub_register	68640383	68645470	5087	601	4	344	348
tlm_apply_inverse_mod_sub_fold	68645470	68646129	659	55	2	55	55
tlm_apply_inverse_mod_sub_clean	68646129	68646445	316	19	0	20	22
tlm_inverse_gcd_forward_codec	68646445	68646448	3	0	0	0	0
tlm_inverse_gcd_forward_shift	68646448	68647210	762	189	0	0	2
tlm_inverse_gcd_forward_compare	68647210	68648333	1123	230	0	39	40
tlm_inverse_gcd_forward_body	68648333	68652307	3974	459	4	269	272
tlm_apply_inverse_fold	68652307	68654027	1720	310	0	54	62
tlm_apply_inverse_swap	68654027	68654795	768	256	0	0	0
tlm_apply_inverse_mod_sub_register	68654795	68659882	5087	601	4	344	348
tlm_apply_inverse_mod_sub_fold	68659882	68660541	659	55	2	55	55
tlm_apply_inverse_mod_sub_clean	68660541	68660857	316	19	0	20	22
tlm_inverse_gcd_forward_codec	68660857	68661023	166	18	0	4	7
tlm_inverse_gcd_forward_shift	68661023	68661781	758	188	0	0	2
tlm_inverse_gcd_forward_compare	68661781	68662915	1134	230	0	40	41
tlm_inverse_gcd_forward_body	68662915	68666818	3903	453	4	264	267
tlm_apply_inverse_fold	68666818	68668538	1720	310	0	54	62
tlm_apply_inverse_swap	68668538	68669306	768	256	0	0	0
tlm_apply_inverse_mod_sub_register	68669306	68674393	5087	601	4	344	348
tlm_apply_inverse_mod_sub_fold	68674393	68675052	659	55	2	55	55
tlm_apply_inverse_mod_sub_clean	68675052	68675368	316	19	0	20	22
tlm_inverse_gcd_forward_codec	68675368	68675371	3	0	0	0	0
tlm_inverse_gcd_forward_shift	68675371	68676125	754	187	0	0	2
tlm_inverse_gcd_forward_compare	68676125	68677242	1117	228	0	39	40
tlm_inverse_gcd_forward_body	68677242	68681158	3916	453	4	265	268
tlm_apply_inverse_fold	68681158	68682878	1720	310	0	54	62
tlm_apply_inverse_swap	68682878	68683646	768	256	0	0	0
tlm_apply_inverse_mod_sub_register	68683646	68688733	5087	601	4	344	348
tlm_apply_inverse_mod_sub_fold	68688733	68689392	659	55	2	55	55
tlm_apply_inverse_mod_sub_clean	68689392	68689708	316	19	0	20	22
tlm_inverse_gcd_forward_codec	68689708	68689711	3	0	0	0	0
tlm_inverse_gcd_forward_shift	68689711	68690461	750	186	0	0	2
tlm_inverse_gcd_forward_compare	68690461	68691561	1100	226	0	38	39
tlm_inverse_gcd_forward_body	68691561	68695490	3929	453	4	266	269
tlm_apply_inverse_fold	68695490	68697210	1720	310	0	54	62
tlm_apply_inverse_swap	68697210	68697978	768	256	0	0	0
tlm_apply_inverse_mod_sub_register	68697978	68703065	5087	601	4	344	348
tlm_apply_inverse_mod_sub_fold	68703065	68703724	659	55	2	55	55
tlm_apply_inverse_mod_sub_clean	68703724	68704040	316	19	0	20	22
tlm_inverse_gcd_forward_codec	68704040	68704206	166	18	0	4	7
tlm_inverse_gcd_forward_shift	68704206	68704952	746	185	0	0	2
tlm_inverse_gcd_forward_compare	68704952	68706063	1111	226	0	39	40
tlm_inverse_gcd_forward_body	68706063	68709921	3858	447	4	261	264
tlm_apply_inverse_fold	68709921	68711641	1720	310	0	54	62
tlm_apply_inverse_swap	68711641	68712409	768	256	0	0	0
tlm_apply_inverse_mod_sub_register	68712409	68717496	5087	601	4	344	348
tlm_apply_inverse_mod_sub_fold	68717496	68718155	659	55	2	55	55
tlm_apply_inverse_mod_sub_clean	68718155	68718471	316	19	0	20	22
tlm_inverse_gcd_forward_codec	68718471	68718474	3	0	0	0	0
tlm_inverse_gcd_forward_shift	68718474	68719216	742	184	0	0	2
tlm_inverse_gcd_forward_compare	68719216	68720324	1108	225	0	39	40
tlm_inverse_gcd_forward_body	68720324	68724195	3871	447	4	262	265
tlm_apply_inverse_fold	68724195	68725915	1720	310	0	54	62
tlm_apply_inverse_swap	68725915	68726683	768	256	0	0	0
tlm_apply_inverse_mod_sub_register	68726683	68731770	5087	601	4	344	348
tlm_apply_inverse_mod_sub_fold	68731770	68732429	659	55	2	55	55
tlm_apply_inverse_mod_sub_clean	68732429	68732745	316	19	0	20	22
tlm_inverse_gcd_forward_codec	68732745	68732748	3	0	0	0	0
tlm_inverse_gcd_forward_shift	68732748	68733486	738	183	0	0	2
tlm_inverse_gcd_forward_compare	68733486	68734605	1119	225	0	40	41
tlm_inverse_gcd_forward_body	68734605	68738489	3884	447	4	263	266
tlm_apply_inverse_fold	68738489	68740209	1720	310	0	54	62
tlm_apply_inverse_swap	68740209	68740977	768	256	0	0	0
tlm_apply_inverse_mod_sub_register	68740977	68746064	5087	601	4	344	348
tlm_apply_inverse_mod_sub_fold	68746064	68746723	659	55	2	55	55
tlm_apply_inverse_mod_sub_clean	68746723	68747039	316	19	0	20	22
tlm_inverse_gcd_forward_codec	68747039	68747205	166	18	0	4	7
tlm_inverse_gcd_forward_shift	68747205	68747939	734	182	0	0	2
tlm_inverse_gcd_forward_compare	68747939	68749055	1116	224	0	40	41
tlm_inverse_gcd_forward_body	68749055	68752868	3813	441	4	258	261
tlm_apply_inverse_fold	68752868	68754588	1720	310	0	54	62
tlm_apply_inverse_swap	68754588	68755356	768	256	0	0	0
tlm_apply_inverse_mod_sub_register	68755356	68760443	5087	601	4	344	348
tlm_apply_inverse_mod_sub_fold	68760443	68761102	659	55	2	55	55
tlm_apply_inverse_mod_sub_clean	68761102	68761418	316	19	0	20	22
tlm_inverse_gcd_forward_codec	68761418	68761421	3	0	0	0	0
tlm_inverse_gcd_forward_shift	68761421	68762151	730	181	0	0	2
tlm_inverse_gcd_forward_compare	68762151	68763278	1127	224	0	41	42
tlm_inverse_gcd_forward_body	68763278	68767104	3826	441	4	259	262
tlm_apply_inverse_fold	68767104	68768824	1720	310	0	54	62
tlm_apply_inverse_swap	68768824	68769592	768	256	0	0	0
tlm_apply_inverse_mod_sub_register	68769592	68774679	5087	601	4	344	348
tlm_apply_inverse_mod_sub_fold	68774679	68775338	659	55	2	55	55
tlm_apply_inverse_mod_sub_clean	68775338	68775654	316	19	0	20	22
tlm_inverse_gcd_forward_codec	68775654	68775657	3	0	0	0	0
tlm_inverse_gcd_forward_shift	68775657	68776383	726	180	0	0	2
tlm_inverse_gcd_forward_compare	68776383	68777479	1096	221	0	39	40
tlm_inverse_gcd_forward_body	68777479	68781318	3839	441	4	260	263
tlm_apply_inverse_fold	68781318	68783038	1720	310	0	54	62
tlm_apply_inverse_swap	68783038	68783806	768	256	0	0	0
tlm_apply_inverse_mod_sub_register	68783806	68788893	5087	601	4	344	348
tlm_apply_inverse_mod_sub_fold	68788893	68789552	659	55	2	55	55
tlm_apply_inverse_mod_sub_clean	68789552	68789868	316	19	0	20	22
tlm_inverse_gcd_forward_codec	68789868	68790034	166	18	0	4	7
tlm_inverse_gcd_forward_shift	68790034	68790756	722	179	0	0	2
tlm_inverse_gcd_forward_compare	68790756	68791849	1093	220	0	39	40
tlm_inverse_gcd_forward_body	68791849	68795617	3768	435	4	255	258
tlm_apply_inverse_fold	68795617	68797337	1720	310	0	54	62
tlm_apply_inverse_swap	68797337	68798105	768	256	0	0	0
tlm_apply_inverse_mod_sub_register	68798105	68803192	5087	601	4	344	348
tlm_apply_inverse_mod_sub_fold	68803192	68803851	659	55	2	55	55
tlm_apply_inverse_mod_sub_clean	68803851	68804167	316	19	0	20	22
tlm_inverse_gcd_forward_codec	68804167	68804170	3	0	0	0	0
tlm_inverse_gcd_forward_shift	68804170	68804888	718	178	0	0	2
tlm_inverse_gcd_forward_compare	68804888	68805992	1104	220	0	40	41
tlm_inverse_gcd_forward_body	68805992	68809773	3781	435	4	256	259
tlm_apply_inverse_fold	68809773	68811493	1720	310	0	54	62
tlm_apply_inverse_swap	68811493	68812261	768	256	0	0	0
tlm_apply_inverse_mod_sub_register	68812261	68817348	5087	601	4	344	348
tlm_apply_inverse_mod_sub_fold	68817348	68818007	659	55	2	55	55
tlm_apply_inverse_mod_sub_clean	68818007	68818323	316	19	0	20	22
tlm_inverse_gcd_forward_codec	68818323	68818326	3	0	0	0	0
tlm_inverse_gcd_forward_shift	68818326	68819040	714	177	0	0	2
tlm_inverse_gcd_forward_compare	68819040	68820141	1101	219	0	40	41
tlm_inverse_gcd_forward_body	68820141	68823935	3794	435	4	257	260
tlm_apply_inverse_fold	68823935	68825655	1720	310	0	54	62
tlm_apply_inverse_swap	68825655	68826423	768	256	0	0	0
tlm_apply_inverse_mod_sub_register	68826423	68831510	5087	601	4	344	348
tlm_apply_inverse_mod_sub_fold	68831510	68832169	659	55	2	55	55
tlm_apply_inverse_mod_sub_clean	68832169	68832485	316	19	0	20	22
tlm_inverse_gcd_forward_codec	68832485	68832651	166	18	0	4	7
tlm_inverse_gcd_forward_shift	68832651	68833361	710	176	0	0	2
tlm_inverse_gcd_forward_compare	68833361	68834459	1098	218	0	40	41
tlm_inverse_gcd_forward_body	68834459	68838182	3723	429	4	252	255
tlm_apply_inverse_fold	68838182	68839902	1720	310	0	54	62
tlm_apply_inverse_swap	68839902	68840670	768	256	0	0	0
tlm_apply_inverse_mod_sub_register	68840670	68845757	5087	601	4	344	348
tlm_apply_inverse_mod_sub_fold	68845757	68846416	659	55	2	55	55
tlm_apply_inverse_mod_sub_clean	68846416	68846732	316	19	0	20	22
tlm_inverse_gcd_forward_codec	68846732	68846735	3	0	0	0	0
tlm_inverse_gcd_forward_shift	68846735	68847441	706	175	0	0	2
tlm_inverse_gcd_forward_compare	68847441	68848536	1095	217	0	40	41
tlm_inverse_gcd_forward_body	68848536	68852272	3736	429	4	253	256
tlm_apply_inverse_fold	68852272	68853992	1720	310	0	54	62
tlm_apply_inverse_swap	68853992	68854760	768	256	0	0	0
tlm_apply_inverse_mod_sub_register	68854760	68859847	5087	601	4	344	348
tlm_apply_inverse_mod_sub_fold	68859847	68860506	659	55	2	55	55
tlm_apply_inverse_mod_sub_clean	68860506	68860822	316	19	0	20	22
tlm_inverse_gcd_forward_codec	68860822	68860825	3	0	0	0	0
tlm_inverse_gcd_forward_shift	68860825	68861527	702	174	0	0	2
tlm_inverse_gcd_forward_compare	68861527	68862619	1092	216	0	40	41
tlm_inverse_gcd_forward_body	68862619	68866368	3749	429	4	254	257
tlm_apply_inverse_fold	68866368	68868088	1720	310	0	54	62
tlm_apply_inverse_swap	68868088	68868856	768	256	0	0	0
tlm_apply_inverse_mod_sub_register	68868856	68873943	5087	601	4	344	348
tlm_apply_inverse_mod_sub_fold	68873943	68874602	659	55	2	55	55
tlm_apply_inverse_mod_sub_clean	68874602	68874918	316	19	0	20	22
tlm_inverse_gcd_forward_codec	68874918	68875084	166	18	0	4	7
tlm_inverse_gcd_forward_shift	68875084	68875782	698	173	0	0	2
tlm_inverse_gcd_forward_compare	68875782	68876871	1089	215	0	40	41
tlm_inverse_gcd_forward_body	68876871	68880549	3678	423	4	249	252
tlm_apply_inverse_fold	68880549	68882269	1720	310	0	54	62
tlm_apply_inverse_swap	68882269	68883037	768	256	0	0	0
tlm_apply_inverse_mod_sub_register	68883037	68888124	5087	601	4	344	348
tlm_apply_inverse_mod_sub_fold	68888124	68888783	659	55	2	55	55
tlm_apply_inverse_mod_sub_clean	68888783	68889099	316	19	0	20	22
tlm_inverse_gcd_forward_codec	68889099	68889102	3	0	0	0	0
tlm_inverse_gcd_forward_shift	68889102	68889796	694	172	0	0	2
tlm_inverse_gcd_forward_compare	68889796	68890896	1100	215	0	41	42
tlm_inverse_gcd_forward_body	68890896	68894587	3691	423	4	250	253
tlm_apply_inverse_fold	68894587	68896307	1720	310	0	54	62
tlm_apply_inverse_swap	68896307	68897075	768	256	0	0	0
tlm_apply_inverse_mod_sub_register	68897075	68902162	5087	601	4	344	348
tlm_apply_inverse_mod_sub_fold	68902162	68902821	659	55	2	55	55
tlm_apply_inverse_mod_sub_clean	68902821	68903137	316	19	0	20	22
tlm_inverse_gcd_forward_codec	68903137	68903140	3	0	0	0	0
tlm_inverse_gcd_forward_shift	68903140	68903830	690	171	0	0	2
tlm_inverse_gcd_forward_compare	68903830	68904913	1083	213	0	40	41
tlm_inverse_gcd_forward_body	68904913	68908617	3704	423	4	251	254
tlm_apply_inverse_fold	68908617	68910329	1712	310	0	53	61
tlm_apply_inverse_swap	68910329	68911097	768	256	0	0	0
tlm_apply_inverse_mod_sub_register	68911097	68916497	5400	623	5	366	371
tlm_apply_inverse_mod_sub_fold	68916497	68917150	653	55	1	55	55
tlm_apply_inverse_mod_sub_clean	68917150	68917466	316	19	0	20	22
tlm_inverse_gcd_forward_codec	68917466	68917632	166	18	0	4	7
tlm_inverse_gcd_forward_shift	68917632	68918320	688	171	0	0	0
tlm_inverse_gcd_forward_compare	68918320	68919431	1111	215	0	42	43
tlm_inverse_gcd_forward_body	68919431	68923150	3719	424	4	252	256
tlm_apply_inverse_fold	68923150	68924858	1708	312	0	52	60
tlm_apply_inverse_swap	68924858	68925626	768	256	0	0	0
tlm_apply_inverse_mod_sub_register	68925626	68931026	5400	623	5	366	371
tlm_apply_inverse_mod_sub_fold	68931026	68931705	679	57	2	57	57
tlm_apply_inverse_mod_sub_clean	68931705	68932021	316	19	0	20	22
tlm_inverse_gcd_forward_codec	68932021	68932024	3	0	0	0	0
tlm_inverse_gcd_forward_shift	68932024	68932710	686	170	0	0	2
tlm_inverse_gcd_forward_compare	68932710	68933804	1094	213	0	41	42
tlm_inverse_gcd_forward_body	68933804	68937508	3704	422	4	251	255
tlm_apply_inverse_fold	68937508	68939212	1704	314	0	51	59
tlm_apply_inverse_swap	68939212	68939980	768	256	0	0	0
tlm_apply_inverse_mod_sub_register	68939980	68945380	5400	623	5	366	371
tlm_apply_inverse_mod_sub_fold	68945380	68946059	679	57	2	57	57
tlm_apply_inverse_mod_sub_clean	68946059	68946375	316	19	0	20	22
tlm_inverse_gcd_forward_codec	68946375	68946378	3	0	0	0	0
tlm_inverse_gcd_forward_shift	68946378	68947058	680	168	0	0	4
tlm_inverse_gcd_forward_compare	68947058	68948132	1074	210	0	40	41
tlm_inverse_gcd_forward_body	68948132	68951791	3659	417	4	248	251
tlm_apply_inverse_fold	68951791	68953499	1708	312	0	52	60
tlm_apply_inverse_swap	68953499	68954267	768	256	0	0	0
tlm_apply_inverse_mod_sub_register	68954267	68959667	5400	623	5	366	371
tlm_apply_inverse_mod_sub_fold	68959667	68960346	679	57	2	57	57
tlm_apply_inverse_mod_sub_clean	68960346	68960662	316	19	0	20	22
tlm_inverse_gcd_forward_codec	68960662	68960828	166	18	0	4	7
tlm_inverse_gcd_forward_shift	68960828	68961502	674	167	0	0	2
tlm_inverse_gcd_forward_compare	68961502	68962573	1071	209	0	40	41
tlm_inverse_gcd_forward_body	68962573	68966161	3588	411	4	243	246
tlm_apply_inverse_fold	68966161	68967873	1712	310	0	53	61
tlm_apply_inverse_swap	68967873	68968641	768	256	0	0	0
tlm_apply_inverse_mod_sub_register	68968641	68974041	5400	623	5	366	371
tlm_apply_inverse_mod_sub_fold	68974041	68974694	653	55	1	55	55
tlm_apply_inverse_mod_sub_clean	68974694	68975010	316	19	0	20	22
tlm_inverse_gcd_forward_codec	68975010	68975013	3	0	0	0	0
tlm_inverse_gcd_forward_shift	68975013	68975683	670	166	0	0	2
tlm_inverse_gcd_forward_compare	68975683	68976779	1096	210	0	42	43
tlm_inverse_gcd_forward_body	68976779	68980380	3601	411	4	244	247
tlm_apply_inverse_fold	68980380	68982088	1708	312	0	52	60
tlm_apply_inverse_swap	68982088	68982856	768	256	0	0	0
tlm_apply_inverse_mod_sub_register	68982856	68988256	5400	623	5	366	371
tlm_apply_inverse_mod_sub_fold	68988256	68988935	679	57	2	57	57
tlm_apply_inverse_mod_sub_clean	68988935	68989251	316	19	0	20	22
tlm_inverse_gcd_forward_codec	68989251	68989254	3	0	0	0	0
tlm_inverse_gcd_forward_shift	68989254	68989920	666	165	0	0	2
tlm_inverse_gcd_forward_compare	68989920	68990999	1079	208	0	41	42
tlm_inverse_gcd_forward_body	68990999	68994613	3614	411	4	245	248
tlm_apply_inverse_fold	68994613	68996317	1704	314	0	51	59
tlm_apply_inverse_swap	68996317	68997085	768	256	0	0	0
tlm_apply_inverse_mod_sub_register	68997085	69002485	5400	623	5	366	371
tlm_apply_inverse_mod_sub_fold	69002485	69003164	679	57	2	57	57
tlm_apply_inverse_mod_sub_clean	69003164	69003480	316	19	0	20	22
tlm_inverse_gcd_forward_codec	69003480	69003646	166	18	0	4	7
tlm_inverse_gcd_forward_shift	69003646	69004308	662	164	0	0	2
tlm_inverse_gcd_forward_compare	69004308	69005384	1076	207	0	41	42
tlm_inverse_gcd_forward_body	69005384	69008927	3543	405	4	240	243
tlm_apply_inverse_fold	69008927	69010635	1708	312	0	52	60
tlm_apply_inverse_swap	69010635	69011403	768	256	0	0	0
tlm_apply_inverse_mod_sub_register	69011403	69016803	5400	623	5	366	371
tlm_apply_inverse_mod_sub_fold	69016803	69017482	679	57	2	57	57
tlm_apply_inverse_mod_sub_clean	69017482	69017798	316	19	0	20	22
tlm_inverse_gcd_forward_codec	69017798	69017801	3	0	0	0	0
tlm_inverse_gcd_forward_shift	69017801	69018457	656	162	0	0	4
tlm_inverse_gcd_forward_compare	69018457	69019513	1056	204	0	40	41
tlm_inverse_gcd_forward_body	69019513	69022956	3443	396	4	233	236
tlm_apply_inverse_fold	69022956	69024668	1712	310	0	53	61
tlm_apply_inverse_swap	69024668	69025436	768	256	0	0	0
tlm_apply_inverse_mod_sub_register	69025436	69030836	5400	623	5	366	371
tlm_apply_inverse_mod_sub_fold	69030836	69031489	653	55	1	55	55
tlm_apply_inverse_mod_sub_clean	69031489	69031805	316	19	0	20	22
tlm_inverse_gcd_forward_codec	69031805	69031808	3	0	0	0	0
tlm_inverse_gcd_forward_shift	69031808	69032456	648	160	0	0	4
tlm_inverse_gcd_forward_compare	69032456	69033506	1050	202	0	40	41
tlm_inverse_gcd_forward_body	69033506	69036849	3343	387	4	226	229
tlm_apply_inverse_fold	69036849	69038569	1720	310	0	54	62
tlm_apply_inverse_swap	69038569	69039337	768	256	0	0	0
tlm_apply_inverse_mod_sub_register	69039337	69044424	5087	601	4	344	348
tlm_apply_inverse_mod_sub_fold	69044424	69045083	659	55	2	55	55
tlm_apply_inverse_mod_sub_clean	69045083	69045399	316	19	0	20	22
tlm_inverse_gcd_forward_codec	69045399	69045565	166	18	0	4	7
tlm_inverse_gcd_forward_shift	69045565	69046209	644	160	0	0	0
tlm_inverse_gcd_forward_compare	69046209	69047273	1064	203	0	41	42
tlm_inverse_gcd_forward_body	69047273	69050658	3385	390	4	229	232
tlm_apply_inverse_fold	69050658	69052370	1712	310	0	53	61
tlm_apply_inverse_swap	69052370	69053138	768	256	0	0	0
tlm_apply_inverse_mod_sub_register	69053138	69058538	5400	623	5	366	371
tlm_apply_inverse_mod_sub_fold	69058538	69059191	653	55	1	55	55
tlm_apply_inverse_mod_sub_clean	69059191	69059507	316	19	0	20	22
tlm_inverse_gcd_forward_codec	69059507	69059510	3	0	0	0	0
tlm_inverse_gcd_forward_shift	69059510	69060152	642	159	0	0	2
tlm_inverse_gcd_forward_compare	69060152	69061199	1047	201	0	40	41
tlm_inverse_gcd_forward_body	69061199	69064597	3398	390	4	230	233
tlm_apply_inverse_fold	69064597	69066305	1708	312	0	52	60
tlm_apply_inverse_swap	69066305	69067073	768	256	0	0	0
tlm_apply_inverse_mod_sub_register	69067073	69072473	5400	623	5	366	371
tlm_apply_inverse_mod_sub_fold	69072473	69073152	679	57	2	57	57
tlm_apply_inverse_mod_sub_clean	69073152	69073468	316	19	0	20	22
tlm_inverse_gcd_forward_codec	69073468	69073471	3	0	0	0	0
tlm_inverse_gcd_forward_shift	69073471	69074109	638	158	0	0	2
tlm_inverse_gcd_forward_compare	69074109	69075167	1058	201	0	41	42
tlm_inverse_gcd_forward_body	69075167	69078578	3411	390	4	231	234
tlm_apply_inverse_fold	69078578	69080282	1704	314	0	51	59
tlm_apply_inverse_swap	69080282	69081050	768	256	0	0	0
tlm_apply_inverse_mod_sub_register	69081050	69086450	5400	623	5	366	371
tlm_apply_inverse_mod_sub_fold	69086450	69087129	679	57	2	57	57
tlm_apply_inverse_mod_sub_clean	69087129	69087445	316	19	0	20	22
tlm_inverse_gcd_forward_codec	69087445	69087611	166	18	0	4	7
tlm_inverse_gcd_forward_shift	69087611	69088243	632	156	0	0	4
tlm_inverse_gcd_forward_compare	69088243	69089281	1038	198	0	40	41
tlm_inverse_gcd_forward_body	69089281	69092508	3227	375	4	218	221
tlm_apply_inverse_fold	69092508	69094228	1720	310	0	54	62
tlm_apply_inverse_swap	69094228	69094996	768	256	0	0	0
tlm_apply_inverse_mod_sub_register	69094996	69100083	5087	601	4	344	348
tlm_apply_inverse_mod_sub_fold	69100083	69100742	659	55	2	55	55
tlm_apply_inverse_mod_sub_clean	69100742	69101058	316	19	0	20	22
tlm_inverse_gcd_forward_codec	69101058	69101061	3	0	0	0	0
tlm_inverse_gcd_forward_shift	69101061	69101689	628	156	0	0	0
tlm_inverse_gcd_forward_compare	69101689	69102741	1052	199	0	41	42
tlm_inverse_gcd_forward_body	69102741	69106094	3353	384	4	227	230
tlm_apply_inverse_fold	69106094	69107798	1704	314	0	51	59
tlm_apply_inverse_swap	69107798	69108566	768	256	0	0	0
tlm_apply_inverse_mod_sub_register	69108566	69113966	5400	623	5	366	371
tlm_apply_inverse_mod_sub_fold	69113966	69114645	679	57	2	57	57
tlm_apply_inverse_mod_sub_clean	69114645	69114961	316	19	0	20	22
tlm_inverse_gcd_forward_codec	69114961	69114964	3	0	0	0	0
tlm_inverse_gcd_forward_shift	69114964	69115590	626	155	0	0	2
tlm_inverse_gcd_forward_compare	69115590	69116639	1049	198	0	41	42
tlm_inverse_gcd_forward_body	69116639	69120005	3366	384	4	228	231
tlm_apply_inverse_fold	69120005	69121708	1703	315	0	51	60
tlm_apply_inverse_swap	69121708	69122476	768	256	0	0	0
tlm_apply_inverse_mod_sub_register	69122476	69127876	5400	623	5	366	371
tlm_apply_inverse_mod_sub_fold	69127876	69128571	695	58	3	58	58
tlm_apply_inverse_mod_sub_clean	69128571	69128887	316	19	0	20	22
tlm_inverse_gcd_forward_codec	69128887	69129053	166	18	0	4	7
tlm_inverse_gcd_forward_shift	69129053	69129673	620	153	0	0	4
tlm_inverse_gcd_forward_compare	69129673	69130702	1029	195	0	40	41
tlm_inverse_gcd_forward_body	69130702	69133884	3182	369	4	215	218
tlm_apply_inverse_fold	69133884	69135596	1712	310	0	53	61
tlm_apply_inverse_swap	69135596	69136364	768	256	0	0	0
tlm_apply_inverse_mod_sub_register	69136364	69141764	5400	623	5	366	371
tlm_apply_inverse_mod_sub_fold	69141764	69142417	653	55	1	55	55
tlm_apply_inverse_mod_sub_clean	69142417	69142733	316	19	0	20	22
tlm_inverse_gcd_forward_codec	69142733	69142736	3	0	0	0	0
tlm_inverse_gcd_forward_shift	69142736	69143352	616	153	0	0	0
tlm_inverse_gcd_forward_compare	69143352	69144409	1057	197	0	42	43
tlm_inverse_gcd_forward_body	69144409	69147717	3308	378	4	224	227
tlm_apply_inverse_fold	69147717	69149420	1703	315	0	51	60
tlm_apply_inverse_swap	69149420	69150188	768	256	0	0	0
tlm_apply_inverse_mod_sub_register	69150188	69155588	5400	623	5	366	371
tlm_apply_inverse_mod_sub_fold	69155588	69156283	695	58	3	58	58
tlm_apply_inverse_mod_sub_clean	69156283	69156599	316	19	0	20	22
tlm_inverse_gcd_forward_codec	69156599	69156602	3	0	0	0	0
tlm_inverse_gcd_forward_shift	69156602	69157216	614	152	0	0	2
tlm_inverse_gcd_forward_compare	69157216	69158256	1040	195	0	41	42
tlm_inverse_gcd_forward_body	69158256	69161577	3321	378	4	225	228
tlm_apply_inverse_fold	69161577	69163276	1699	317	0	50	59
tlm_apply_inverse_swap	69163276	69164044	768	256	0	0	0
tlm_apply_inverse_mod_sub_register	69164044	69169444	5400	623	5	366	371
tlm_apply_inverse_mod_sub_fold	69169444	69170143	699	59	2	59	59
tlm_apply_inverse_mod_sub_clean	69170143	69170459	316	19	0	20	22
tlm_inverse_gcd_forward_codec	69170459	69170625	166	18	0	4	7
tlm_inverse_gcd_forward_shift	69170625	69171235	610	151	0	0	2
tlm_inverse_gcd_forward_compare	69171235	69172286	1051	195	0	42	43
tlm_inverse_gcd_forward_body	69172286	69175536	3250	372	4	220	223
tlm_apply_inverse_fold	69175536	69177239	1703	315	0	51	60
tlm_apply_inverse_swap	69177239	69178007	768	256	0	0	0
tlm_apply_inverse_mod_sub_register	69178007	69183407	5400	623	5	366	371
tlm_apply_inverse_mod_sub_fold	69183407	69184102	695	58	3	58	58
tlm_apply_inverse_mod_sub_clean	69184102	69184418	316	19	0	20	22
tlm_inverse_gcd_forward_codec	69184418	69184421	3	0	0	0	0
tlm_inverse_gcd_forward_shift	69184421	69185027	606	150	0	0	2
tlm_inverse_gcd_forward_compare	69185027	69186075	1048	194	0	42	43
tlm_inverse_gcd_forward_body	69186075	69189338	3263	372	4	221	224
tlm_apply_inverse_fold	69189338	69191037	1699	317	0	50	59
tlm_apply_inverse_swap	69191037	69191805	768	256	0	0	0
tlm_apply_inverse_mod_sub_register	69191805	69197205	5400	623	5	366	371
tlm_apply_inverse_mod_sub_fold	69197205	69197904	699	59	2	59	59
tlm_apply_inverse_mod_sub_clean	69197904	69198220	316	19	0	20	22
tlm_inverse_gcd_forward_codec	69198220	69198223	3	0	0	0	0
tlm_inverse_gcd_forward_shift	69198223	69198825	602	149	0	0	2
tlm_inverse_gcd_forward_compare	69198825	69199870	1045	193	0	42	43
tlm_inverse_gcd_forward_body	69199870	69203146	3276	372	4	222	225
tlm_apply_inverse_fold	69203146	69204841	1695	319	0	49	58
tlm_apply_inverse_swap	69204841	69205609	768	256	0	0	0
tlm_apply_inverse_mod_sub_register	69205609	69211009	5400	623	5	366	371
tlm_apply_inverse_mod_sub_fold	69211009	69211708	699	59	2	59	59
tlm_apply_inverse_mod_sub_clean	69211708	69212024	316	19	0	20	22
tlm_inverse_gcd_forward_codec	69212024	69212190	166	18	0	4	7
tlm_inverse_gcd_forward_shift	69212190	69212788	598	148	0	0	2
tlm_inverse_gcd_forward_compare	69212788	69213830	1042	192	0	42	43
tlm_inverse_gcd_forward_body	69213830	69217035	3205	366	4	217	220
tlm_apply_inverse_fold	69217035	69218734	1699	317	0	50	59
tlm_apply_inverse_swap	69218734	69219502	768	256	0	0	0
tlm_apply_inverse_mod_sub_register	69219502	69224902	5400	623	5	366	371
tlm_apply_inverse_mod_sub_fold	69224902	69225601	699	59	2	59	59
tlm_apply_inverse_mod_sub_clean	69225601	69225917	316	19	0	20	22
tlm_inverse_gcd_forward_codec	69225917	69225920	3	0	0	0	0
tlm_inverse_gcd_forward_shift	69225920	69226514	594	147	0	0	2
tlm_inverse_gcd_forward_compare	69226514	69227553	1039	191	0	42	43
tlm_inverse_gcd_forward_body	69227553	69230771	3218	366	4	218	221
tlm_apply_inverse_fold	69230771	69232466	1695	319	0	49	58
tlm_apply_inverse_swap	69232466	69233234	768	256	0	0	0
tlm_apply_inverse_mod_sub_register	69233234	69238634	5400	623	5	366	371
tlm_apply_inverse_mod_sub_fold	69238634	69239333	699	59	2	59	59
tlm_apply_inverse_mod_sub_clean	69239333	69239649	316	19	0	20	22
tlm_inverse_gcd_forward_codec	69239649	69239652	3	0	0	0	0
tlm_inverse_gcd_forward_shift	69239652	69240240	588	145	0	0	4
tlm_inverse_gcd_forward_compare	69240240	69241259	1019	188	0	41	42
tlm_inverse_gcd_forward_body	69241259	69244377	3118	357	4	211	214
tlm_apply_inverse_fold	69244377	69246076	1699	317	0	50	59
tlm_apply_inverse_swap	69246076	69246844	768	256	0	0	0
tlm_apply_inverse_mod_sub_register	69246844	69252244	5400	623	5	366	371
tlm_apply_inverse_mod_sub_fold	69252244	69252943	699	59	2	59	59
tlm_apply_inverse_mod_sub_clean	69252943	69253259	316	19	0	20	22
tlm_inverse_gcd_forward_codec	69253259	69253425	166	18	0	4	7
tlm_inverse_gcd_forward_shift	69253425	69254007	582	144	0	0	2
tlm_inverse_gcd_forward_compare	69254007	69255023	1016	187	0	41	42
tlm_inverse_gcd_forward_body	69255023	69258070	3047	351	4	206	209
tlm_apply_inverse_fold	69258070	69259773	1703	315	0	51	60
tlm_apply_inverse_swap	69259773	69260541	768	256	0	0	0
tlm_apply_inverse_mod_sub_register	69260541	69265941	5400	623	5	366	371
tlm_apply_inverse_mod_sub_fold	69265941	69266636	695	58	3	58	58
tlm_apply_inverse_mod_sub_clean	69266636	69266952	316	19	0	20	22
tlm_inverse_gcd_forward_codec	69266952	69266955	3	0	0	0	0
tlm_inverse_gcd_forward_shift	69266955	69267533	578	143	0	0	2
tlm_inverse_gcd_forward_compare	69267533	69268560	1027	187	0	42	43
tlm_inverse_gcd_forward_body	69268560	69271620	3060	351	4	207	210
tlm_apply_inverse_fold	69271620	69273319	1699	317	0	50	59
tlm_apply_inverse_swap	69273319	69274087	768	256	0	0	0
tlm_apply_inverse_mod_sub_register	69274087	69279487	5400	623	5	366	371
tlm_apply_inverse_mod_sub_fold	69279487	69280186	699	59	2	59	59
tlm_apply_inverse_mod_sub_clean	69280186	69280502	316	19	0	20	22
tlm_inverse_gcd_forward_codec	69280502	69280505	3	0	0	0	0
tlm_inverse_gcd_forward_shift	69280505	69281079	574	142	0	0	2
tlm_inverse_gcd_forward_compare	69281079	69282089	1010	185	0	41	42
tlm_inverse_gcd_forward_body	69282089	69285162	3073	351	4	208	211
tlm_apply_inverse_fold	69285162	69286857	1695	319	0	49	58
tlm_apply_inverse_swap	69286857	69287625	768	256	0	0	0
tlm_apply_inverse_mod_sub_register	69287625	69293025	5400	623	5	366	371
tlm_apply_inverse_mod_sub_fold	69293025	69293724	699	59	2	59	59
tlm_apply_inverse_mod_sub_clean	69293724	69294040	316	19	0	20	22
tlm_inverse_gcd_forward_codec	69294040	69294206	166	18	0	4	7
tlm_inverse_gcd_forward_shift	69294206	69294776	570	141	0	0	2
tlm_inverse_gcd_forward_compare	69294776	69295797	1021	185	0	42	43
tlm_inverse_gcd_forward_body	69295797	69298799	3002	345	4	203	206
tlm_apply_inverse_fold	69298799	69300498	1699	317	0	50	59
tlm_apply_inverse_swap	69300498	69301266	768	256	0	0	0
tlm_apply_inverse_mod_sub_register	69301266	69306666	5400	623	5	366	371
tlm_apply_inverse_mod_sub_fold	69306666	69307365	699	59	2	59	59
tlm_apply_inverse_mod_sub_clean	69307365	69307681	316	19	0	20	22
tlm_inverse_gcd_forward_codec	69307681	69307684	3	0	0	0	0
tlm_inverse_gcd_forward_shift	69307684	69308252	568	141	0	0	0
tlm_inverse_gcd_forward_compare	69308252	69309287	1035	186	0	43	44
tlm_inverse_gcd_forward_body	69309287	69312415	3128	354	4	212	215
tlm_apply_inverse_fold	69312415	69314102	1687	323	0	47	56
tlm_apply_inverse_swap	69314102	69314870	768	256	0	0	0
tlm_apply_inverse_mod_sub_register	69314870	69320270	5400	623	5	366	371
tlm_apply_inverse_mod_sub_fold	69320270	69320995	725	61	3	61	61
tlm_apply_inverse_mod_sub_clean	69320995	69321311	316	19	0	20	22
tlm_inverse_gcd_forward_codec	69321311	69321314	3	0	0	0	0
tlm_inverse_gcd_forward_shift	69321314	69321880	566	140	0	0	2
tlm_inverse_gcd_forward_compare	69321880	69322898	1018	184	0	42	43
tlm_inverse_gcd_forward_body	69322898	69326039	3141	354	4	213	216
tlm_apply_inverse_fold	69326039	69327725	1686	326	0	47	55
tlm_apply_inverse_swap	69327725	69328493	768	256	0	0	0
tlm_apply_inverse_mod_sub_register	69328493	69334206	5713	645	6	388	394
tlm_apply_inverse_mod_sub_fold	69334206	69334947	741	62	4	62	62
tlm_apply_inverse_mod_sub_clean	69334947	69335263	316	19	0	20	22
tlm_inverse_gcd_forward_codec	69335263	69335429	166	18	0	4	7
tlm_inverse_gcd_forward_shift	69335429	69335991	562	139	0	0	2
tlm_inverse_gcd_forward_compare	69335991	69337006	1015	183	0	42	43
tlm_inverse_gcd_forward_body	69337006	69340076	3070	348	4	208	211
tlm_apply_inverse_fold	69340076	69341763	1687	323	0	47	56
tlm_apply_inverse_swap	69341763	69342531	768	256	0	0	0
tlm_apply_inverse_mod_sub_register	69342531	69347931	5400	623	5	366	371
tlm_apply_inverse_mod_sub_fold	69347931	69348656	725	61	3	61	61
tlm_apply_inverse_mod_sub_clean	69348656	69348972	316	19	0	20	22
tlm_inverse_gcd_forward_codec	69348972	69348975	3	0	0	0	0
tlm_inverse_gcd_forward_shift	69348975	69349531	556	137	0	0	4
tlm_inverse_gcd_forward_compare	69349531	69350540	1009	181	0	42	43
tlm_inverse_gcd_forward_body	69350540	69353510	2970	339	4	201	204
tlm_apply_inverse_fold	69353510	69355201	1691	321	0	48	57
tlm_apply_inverse_swap	69355201	69355969	768	256	0	0	0
tlm_apply_inverse_mod_sub_register	69355969	69361369	5400	623	5	366	371
tlm_apply_inverse_mod_sub_fold	69361369	69362094	725	61	3	61	61
tlm_apply_inverse_mod_sub_clean	69362094	69362410	316	19	0	20	22
tlm_inverse_gcd_forward_codec	69362410	69362413	3	0	0	0	0
tlm_inverse_gcd_forward_shift	69362413	69362965	552	137	0	0	0
tlm_inverse_gcd_forward_compare	69362965	69363974	1009	181	0	42	43
tlm_inverse_gcd_forward_body	69363974	69367070	3096	348	4	210	213
tlm_apply_inverse_fold	69367070	69368752	1682	328	0	46	54
tlm_apply_inverse_swap	69368752	69369520	768	256	0	0	0
tlm_apply_inverse_mod_sub_register	69369520	69375233	5713	645	6	388	394
tlm_apply_inverse_mod_sub_fold	69375233	69375988	755	64	3	64	64
tlm_apply_inverse_mod_sub_clean	69375988	69376304	316	19	0	20	22
tlm_inverse_gcd_forward_codec	69376304	69376470	166	18	0	4	7
tlm_inverse_gcd_forward_shift	69376470	69377020	550	136	0	0	2
tlm_inverse_gcd_forward_compare	69377020	69378026	1006	180	0	42	43
tlm_inverse_gcd_forward_body	69378026	69381051	3025	342	4	205	208
tlm_apply_inverse_fold	69381051	69382737	1686	326	0	47	55
tlm_apply_inverse_swap	69382737	69383505	768	256	0	0	0
tlm_apply_inverse_mod_sub_register	69383505	69389218	5713	645	6	388	394
tlm_apply_inverse_mod_sub_fold	69389218	69389959	741	62	4	62	62
tlm_apply_inverse_mod_sub_clean	69389959	69390275	316	19	0	20	22
tlm_inverse_gcd_forward_codec	69390275	69390278	3	0	0	0	0
tlm_inverse_gcd_forward_shift	69390278	69390824	546	135	0	0	2
tlm_inverse_gcd_forward_compare	69390824	69391827	1003	179	0	42	43
tlm_inverse_gcd_forward_body	69391827	69394865	3038	342	4	206	209
tlm_apply_inverse_fold	69394865	69396547	1682	328	0	46	54
tlm_apply_inverse_swap	69396547	69397315	768	256	0	0	0
tlm_apply_inverse_mod_sub_register	69397315	69403028	5713	645	6	388	394
tlm_apply_inverse_mod_sub_fold	69403028	69403783	755	64	3	64	64
tlm_apply_inverse_mod_sub_clean	69403783	69404099	316	19	0	20	22
tlm_inverse_gcd_forward_codec	69404099	69404102	3	0	0	0	0
tlm_inverse_gcd_forward_shift	69404102	69404644	542	134	0	0	2
tlm_inverse_gcd_forward_compare	69404644	69405644	1000	178	0	42	43
tlm_inverse_gcd_forward_body	69405644	69408695	3051	342	4	207	210
tlm_apply_inverse_fold	69408695	69410373	1678	330	0	45	53
tlm_apply_inverse_swap	69410373	69411141	768	256	0	0	0
tlm_apply_inverse_mod_sub_register	69411141	69416854	5713	645	6	388	394
tlm_apply_inverse_mod_sub_fold	69416854	69417609	755	64	3	64	64
tlm_apply_inverse_mod_sub_clean	69417609	69417925	316	19	0	20	22
tlm_inverse_gcd_forward_codec	69417925	69418091	166	18	0	4	7
tlm_inverse_gcd_forward_shift	69418091	69418629	538	133	0	0	2
tlm_inverse_gcd_forward_compare	69418629	69419640	1011	178	0	43	44
tlm_inverse_gcd_forward_body	69419640	69422620	2980	336	4	202	205
tlm_apply_inverse_fold	69422620	69424302	1682	328	0	46	54
tlm_apply_inverse_swap	69424302	69425070	768	256	0	0	0
tlm_apply_inverse_mod_sub_register	69425070	69430783	5713	645	6	388	394
tlm_apply_inverse_mod_sub_fold	69430783	69431538	755	64	3	64	64
tlm_apply_inverse_mod_sub_clean	69431538	69431854	316	19	0	20	22
tlm_inverse_gcd_forward_codec	69431854	69431857	3	0	0	0	0
tlm_inverse_gcd_forward_shift	69431857	69432391	534	132	0	0	2
tlm_inverse_gcd_forward_compare	69432391	69433399	1008	177	0	43	44
tlm_inverse_gcd_forward_body	69433399	69436392	2993	336	4	203	206
tlm_apply_inverse_fold	69436392	69438070	1678	330	0	45	53
tlm_apply_inverse_swap	69438070	69438838	768	256	0	0	0
tlm_apply_inverse_mod_sub_register	69438838	69444551	5713	645	6	388	394
tlm_apply_inverse_mod_sub_fold	69444551	69445306	755	64	3	64	64
tlm_apply_inverse_mod_sub_clean	69445306	69445622	316	19	0	20	22
tlm_inverse_gcd_forward_codec	69445622	69445625	3	0	0	0	0
tlm_inverse_gcd_forward_shift	69445625	69446155	530	131	0	0	2
tlm_inverse_gcd_forward_compare	69446155	69447154	999	177	0	42	43
tlm_inverse_gcd_forward_body	69447154	69450160	3006	336	4	204	207
tlm_apply_inverse_fold	69450160	69451834	1674	332	0	44	52
tlm_apply_inverse_swap	69451834	69452602	768	256	0	0	0
tlm_apply_inverse_mod_sub_register	69452602	69458315	5713	645	6	388	394
tlm_apply_inverse_mod_sub_fold	69458315	69459070	755	64	3	64	64
tlm_apply_inverse_mod_sub_clean	69459070	69459386	316	19	0	20	22
tlm_inverse_gcd_forward_codec	69459386	69459552	166	18	0	4	7
tlm_inverse_gcd_forward_shift	69459552	69460078	526	130	0	0	2
tlm_inverse_gcd_forward_compare	69460078	69461080	1002	175	0	43	44
tlm_inverse_gcd_forward_body	69461080	69464015	2935	330	4	199	202
tlm_apply_inverse_fold	69464015	69465693	1678	330	0	45	53
tlm_apply_inverse_swap	69465693	69466461	768	256	0	0	0
tlm_apply_inverse_mod_sub_register	69466461	69472174	5713	645	6	388	394
tlm_apply_inverse_mod_sub_fold	69472174	69472929	755	64	3	64	64
tlm_apply_inverse_mod_sub_clean	69472929	69473245	316	19	0	20	22
tlm_inverse_gcd_forward_codec	69473245	69473248	3	0	0	0	0
tlm_inverse_gcd_forward_shift	69473248	69473770	522	129	0	0	2
tlm_inverse_gcd_forward_compare	69473770	69474755	985	173	0	42	43
tlm_inverse_gcd_forward_body	69474755	69477703	2948	330	4	200	203
tlm_apply_inverse_fold	69477703	69479377	1674	332	0	44	52
tlm_apply_inverse_swap	69479377	69480145	768	256	0	0	0
tlm_apply_inverse_mod_sub_register	69480145	69485858	5713	645	6	388	394
tlm_apply_inverse_mod_sub_fold	69485858	69486613	755	64	3	64	64
tlm_apply_inverse_mod_sub_clean	69486613	69486929	316	19	0	20	22
tlm_inverse_gcd_forward_codec	69486929	69486932	3	0	0	0	0
tlm_inverse_gcd_forward_shift	69486932	69487448	516	127	0	0	4
tlm_inverse_gcd_forward_compare	69487448	69488441	993	172	0	43	44
tlm_inverse_gcd_forward_body	69488441	69491289	2848	321	4	193	196
tlm_apply_inverse_fold	69491289	69492967	1678	330	0	45	53
tlm_apply_inverse_swap	69492967	69493735	768	256	0	0	0
tlm_apply_inverse_mod_sub_register	69493735	69499448	5713	645	6	388	394
tlm_apply_inverse_mod_sub_fold	69499448	69500203	755	64	3	64	64
tlm_apply_inverse_mod_sub_clean	69500203	69500519	316	19	0	20	22
tlm_inverse_gcd_forward_codec	69500519	69500685	166	18	0	4	7
tlm_inverse_gcd_forward_shift	69500685	69501195	510	126	0	0	2
tlm_inverse_gcd_forward_compare	69501195	69502185	990	171	0	43	44
tlm_inverse_gcd_forward_body	69502185	69504962	2777	315	4	188	191
tlm_apply_inverse_fold	69504962	69506644	1682	328	0	46	54
tlm_apply_inverse_swap	69506644	69507412	768	256	0	0	0
tlm_apply_inverse_mod_sub_register	69507412	69513125	5713	645	6	388	394
tlm_apply_inverse_mod_sub_fold	69513125	69513880	755	64	3	64	64
tlm_apply_inverse_mod_sub_clean	69513880	69514196	316	19	0	20	22
tlm_inverse_gcd_forward_codec	69514196	69514199	3	0	0	0	0
tlm_inverse_gcd_forward_shift	69514199	69514705	506	125	0	0	2
tlm_inverse_gcd_forward_compare	69514705	69515678	973	169	0	42	43
tlm_inverse_gcd_forward_body	69515678	69518468	2790	315	4	189	192
tlm_apply_inverse_fold	69518468	69520146	1678	330	0	45	53
tlm_apply_inverse_swap	69520146	69520914	768	256	0	0	0
tlm_apply_inverse_mod_sub_register	69520914	69526627	5713	645	6	388	394
tlm_apply_inverse_mod_sub_fold	69526627	69527382	755	64	3	64	64
tlm_apply_inverse_mod_sub_clean	69527382	69527698	316	19	0	20	22
tlm_inverse_gcd_forward_codec	69527698	69527701	3	0	0	0	0
tlm_inverse_gcd_forward_shift	69527701	69528203	502	124	0	0	2
tlm_inverse_gcd_forward_compare	69528203	69529173	970	168	0	42	43
tlm_inverse_gcd_forward_body	69529173	69531976	2803	315	4	190	193
tlm_apply_inverse_fold	69531976	69533650	1674	332	0	44	52
tlm_apply_inverse_swap	69533650	69534418	768	256	0	0	0
tlm_apply_inverse_mod_sub_register	69534418	69540131	5713	645	6	388	394
tlm_apply_inverse_mod_sub_fold	69540131	69540886	755	64	3	64	64
tlm_apply_inverse_mod_sub_clean	69540886	69541202	316	19	0	20	22
tlm_inverse_gcd_forward_codec	69541202	69541368	166	18	0	4	7
tlm_inverse_gcd_forward_shift	69541368	69541866	498	123	0	0	2
tlm_inverse_gcd_forward_compare	69541866	69542847	981	168	0	43	44
tlm_inverse_gcd_forward_body	69542847	69545579	2732	309	4	185	188
tlm_apply_inverse_fold	69545579	69547257	1678	330	0	45	53
tlm_apply_inverse_swap	69547257	69548025	768	256	0	0	0
tlm_apply_inverse_mod_sub_register	69548025	69553738	5713	645	6	388	394
tlm_apply_inverse_mod_sub_fold	69553738	69554493	755	64	3	64	64
tlm_apply_inverse_mod_sub_clean	69554493	69554809	316	19	0	20	22
tlm_inverse_gcd_forward_codec	69554809	69554812	3	0	0	0	0
tlm_inverse_gcd_forward_shift	69554812	69555306	494	122	0	0	2
tlm_inverse_gcd_forward_compare	69555306	69556270	964	166	0	42	43
tlm_inverse_gcd_forward_body	69556270	69559015	2745	309	4	186	189
tlm_apply_inverse_fold	69559015	69560689	1674	332	0	44	52
tlm_apply_inverse_swap	69560689	69561457	768	256	0	0	0
tlm_apply_inverse_mod_sub_register	69561457	69567170	5713	645	6	388	394
tlm_apply_inverse_mod_sub_fold	69567170	69567925	755	64	3	64	64
tlm_apply_inverse_mod_sub_clean	69567925	69568241	316	19	0	20	22
tlm_inverse_gcd_forward_codec	69568241	69568244	3	0	0	0	0
tlm_inverse_gcd_forward_shift	69568244	69568736	492	122	0	0	0
tlm_inverse_gcd_forward_compare	69568736	69569698	962	173	0	39	40
tlm_inverse_gcd_forward_body	69569698	69572569	2871	318	4	195	198
tlm_apply_inverse_fold	69572569	69574231	1662	338	0	41	49
tlm_apply_inverse_swap	69574231	69574999	768	256	0	0	0
tlm_apply_inverse_mod_sub_register	69574999	69581025	6026	667	7	410	417
tlm_apply_inverse_mod_sub_fold	69581025	69581818	793	67	5	67	67
tlm_apply_inverse_mod_sub_clean	69581818	69582134	316	19	0	20	22
tlm_inverse_gcd_forward_codec	69582134	69582300	166	18	0	4	7
tlm_inverse_gcd_forward_shift	69582300	69582790	490	121	0	0	2
tlm_inverse_gcd_forward_compare	69582790	69583747	957	169	0	40	41
tlm_inverse_gcd_forward_body	69583747	69586547	2800	312	4	190	193
tlm_apply_inverse_fold	69586547	69588213	1666	336	0	42	50
tlm_apply_inverse_swap	69588213	69588981	768	256	0	0	0
tlm_apply_inverse_mod_sub_register	69588981	69595007	6026	667	7	410	417
tlm_apply_inverse_mod_sub_fold	69595007	69595788	781	66	4	66	66
tlm_apply_inverse_mod_sub_clean	69595788	69596104	316	19	0	20	22
tlm_inverse_gcd_forward_codec	69596104	69596107	3	0	0	0	0
tlm_inverse_gcd_forward_shift	69596107	69596593	486	120	0	0	2
tlm_inverse_gcd_forward_compare	69596593	69597549	956	171	0	39	40
tlm_inverse_gcd_forward_body	69597549	69600362	2813	312	4	191	194
tlm_apply_inverse_fold	69600362	69602024	1662	338	0	41	49
tlm_apply_inverse_swap	69602024	69602792	768	256	0	0	0
tlm_apply_inverse_mod_sub_register	69602792	69608818	6026	667	7	410	417
tlm_apply_inverse_mod_sub_fold	69608818	69609611	793	67	5	67	67
tlm_apply_inverse_mod_sub_clean	69609611	69609927	316	19	0	20	22
tlm_inverse_gcd_forward_codec	69609927	69609930	3	0	0	0	0
tlm_inverse_gcd_forward_shift	69609930	69610410	480	118	0	0	4
tlm_inverse_gcd_forward_compare	69610410	69611358	948	166	0	40	41
tlm_inverse_gcd_forward_body	69611358	69614071	2713	303	4	184	187
tlm_apply_inverse_fold	69614071	69615737	1666	336	0	42	50
tlm_apply_inverse_swap	69615737	69616505	768	256	0	0	0
tlm_apply_inverse_mod_sub_register	69616505	69622531	6026	667	7	410	417
tlm_apply_inverse_mod_sub_fold	69622531	69623312	781	66	4	66	66
tlm_apply_inverse_mod_sub_clean	69623312	69623628	316	19	0	20	22
tlm_inverse_gcd_forward_codec	69623628	69623794	166	18	0	4	7
tlm_inverse_gcd_forward_shift	69623794	69624270	476	118	0	0	0
tlm_inverse_gcd_forward_compare	69624270	69625220	950	169	0	39	40
tlm_inverse_gcd_forward_body	69625220	69627975	2755	306	4	187	190
tlm_apply_inverse_fold	69627975	69629637	1662	338	0	41	49
tlm_apply_inverse_swap	69629637	69630405	768	256	0	0	0
tlm_apply_inverse_mod_sub_register	69630405	69636431	6026	667	7	410	417
tlm_apply_inverse_mod_sub_fold	69636431	69637224	793	67	5	67	67
tlm_apply_inverse_mod_sub_clean	69637224	69637540	316	19	0	20	22
tlm_inverse_gcd_forward_codec	69637540	69637543	3	0	0	0	0
tlm_inverse_gcd_forward_shift	69637543	69638015	472	116	0	0	4
tlm_inverse_gcd_forward_compare	69638015	69638957	942	164	0	40	41
tlm_inverse_gcd_forward_body	69638957	69641612	2655	297	4	180	183
tlm_apply_inverse_fold	69641612	69643278	1666	336	0	42	50
tlm_apply_inverse_swap	69643278	69644046	768	256	0	0	0
tlm_apply_inverse_mod_sub_register	69644046	69650072	6026	667	7	410	417
tlm_apply_inverse_mod_sub_fold	69650072	69650853	781	66	4	66	66
tlm_apply_inverse_mod_sub_clean	69650853	69651169	316	19	0	20	22
tlm_inverse_gcd_forward_codec	69651169	69651172	3	0	0	0	0
tlm_inverse_gcd_forward_shift	69651172	69651638	466	115	0	0	2
tlm_inverse_gcd_forward_compare	69651638	69652571	933	164	0	39	40
tlm_inverse_gcd_forward_body	69652571	69655239	2668	297	4	181	184
tlm_apply_inverse_fold	69655239	69656901	1662	338	0	41	49
tlm_apply_inverse_swap	69656901	69657669	768	256	0	0	0
tlm_apply_inverse_mod_sub_register	69657669	69663695	6026	667	7	410	417
tlm_apply_inverse_mod_sub_fold	69663695	69664488	793	67	5	67	67
tlm_apply_inverse_mod_sub_clean	69664488	69664804	316	19	0	20	22
tlm_inverse_gcd_forward_codec	69664804	69664970	166	18	0	4	7
tlm_inverse_gcd_forward_shift	69664970	69665432	462	114	0	0	2
tlm_inverse_gcd_forward_compare	69665432	69666376	944	164	0	40	41
tlm_inverse_gcd_forward_body	69666376	69668973	2597	291	4	176	179
tlm_apply_inverse_fold	69668973	69670639	1666	336	0	42	50
tlm_apply_inverse_swap	69670639	69671407	768	256	0	0	0
tlm_apply_inverse_mod_sub_register	69671407	69677433	6026	667	7	410	417
tlm_apply_inverse_mod_sub_fold	69677433	69678214	781	66	4	66	66
tlm_apply_inverse_mod_sub_clean	69678214	69678530	316	19	0	20	22
tlm_inverse_gcd_forward_codec	69678530	69678533	3	0	0	0	0
tlm_inverse_gcd_forward_shift	69678533	69678991	458	113	0	0	2
tlm_inverse_gcd_forward_compare	69678991	69679918	927	162	0	39	40
tlm_inverse_gcd_forward_body	69679918	69682528	2610	291	4	177	180
tlm_apply_inverse_fold	69682528	69684190	1662	338	0	41	49
tlm_apply_inverse_swap	69684190	69684958	768	256	0	0	0
tlm_apply_inverse_mod_sub_register	69684958	69690984	6026	667	7	410	417
tlm_apply_inverse_mod_sub_fold	69690984	69691777	793	67	5	67	67
tlm_apply_inverse_mod_sub_clean	69691777	69692093	316	19	0	20	22
tlm_inverse_gcd_forward_codec	69692093	69692096	3	0	0	0	0
tlm_inverse_gcd_forward_shift	69692096	69692550	454	112	0	0	2
tlm_inverse_gcd_forward_compare	69692550	69693476	926	164	0	38	39
tlm_inverse_gcd_forward_body	69693476	69696099	2623	291	4	178	181
tlm_apply_inverse_fold	69696099	69697757	1658	340	0	40	48
tlm_apply_inverse_swap	69697757	69698525	768	256	0	0	0
tlm_apply_inverse_mod_sub_register	69698525	69704551	6026	667	7	410	417
tlm_apply_inverse_mod_sub_fold	69704551	69705332	781	67	3	67	67
tlm_apply_inverse_mod_sub_clean	69705332	69705648	316	19	0	20	22
tlm_inverse_gcd_forward_codec	69705648	69705814	166	18	0	4	7
tlm_inverse_gcd_forward_shift	69705814	69706264	450	111	0	0	2
tlm_inverse_gcd_forward_compare	69706264	69707193	929	162	0	39	40
tlm_inverse_gcd_forward_body	69707193	69709745	2552	285	4	173	176
tlm_apply_inverse_fold	69709745	69711407	1662	338	0	41	49
tlm_apply_inverse_swap	69711407	69712175	768	256	0	0	0
tlm_apply_inverse_mod_sub_register	69712175	69718201	6026	667	7	410	417
tlm_apply_inverse_mod_sub_fold	69718201	69718994	793	67	5	67	67
tlm_apply_inverse_mod_sub_clean	69718994	69719310	316	19	0	20	22
tlm_inverse_gcd_forward_codec	69719310	69719313	3	0	0	0	0
tlm_inverse_gcd_forward_shift	69719313	69719759	446	110	0	0	2
tlm_inverse_gcd_forward_compare	69719759	69720671	912	160	0	38	39
tlm_inverse_gcd_forward_body	69720671	69723236	2565	285	4	174	177
tlm_apply_inverse_fold	69723236	69724894	1658	340	0	40	48
tlm_apply_inverse_swap	69724894	69725662	768	256	0	0	0
tlm_apply_inverse_mod_sub_register	69725662	69731688	6026	667	7	410	417
tlm_apply_inverse_mod_sub_fold	69731688	69732469	781	67	3	67	67
tlm_apply_inverse_mod_sub_clean	69732469	69732785	316	19	0	20	22
tlm_inverse_gcd_forward_codec	69732785	69732788	3	0	0	0	0
tlm_inverse_gcd_forward_shift	69732788	69733230	442	109	0	0	2
tlm_inverse_gcd_forward_compare	69733230	69734141	911	162	0	37	38
tlm_inverse_gcd_forward_body	69734141	69736719	2578	285	4	175	178
tlm_apply_inverse_fold	69736719	69738373	1654	342	0	39	47
tlm_apply_inverse_swap	69738373	69739141	768	256	0	0	0
tlm_apply_inverse_mod_sub_register	69739141	69745167	6026	667	7	410	417
tlm_apply_inverse_mod_sub_fold	69745167	69745984	817	70	4	70	70
tlm_apply_inverse_mod_sub_clean	69745984	69746300	316	19	0	20	22
tlm_inverse_gcd_forward_codec	69746300	69746466	166	18	0	4	7
tlm_inverse_gcd_forward_shift	69746466	69746904	438	108	0	0	2
tlm_inverse_gcd_forward_compare	69746904	69747818	914	160	0	38	39
tlm_inverse_gcd_forward_body	69747818	69750325	2507	279	4	170	173
tlm_apply_inverse_fold	69750325	69751983	1658	340	0	40	48
tlm_apply_inverse_swap	69751983	69752751	768	256	0	0	0
tlm_apply_inverse_mod_sub_register	69752751	69758777	6026	667	7	410	417
tlm_apply_inverse_mod_sub_fold	69758777	69759558	781	67	3	67	67
tlm_apply_inverse_mod_sub_clean	69759558	69759874	316	19	0	20	22
tlm_inverse_gcd_forward_codec	69759874	69759877	3	0	0	0	0
tlm_inverse_gcd_forward_shift	69759877	69760311	434	107	0	0	2
tlm_inverse_gcd_forward_compare	69760311	69761216	905	160	0	37	38
tlm_inverse_gcd_forward_body	69761216	69763736	2520	279	4	171	174
tlm_apply_inverse_fold	69763736	69765390	1654	342	0	39	47
tlm_apply_inverse_swap	69765390	69766158	768	256	0	0	0
tlm_apply_inverse_mod_sub_register	69766158	69772184	6026	667	7	410	417
tlm_apply_inverse_mod_sub_fold	69772184	69773001	817	70	4	70	70
tlm_apply_inverse_mod_sub_clean	69773001	69773317	316	19	0	20	22
tlm_inverse_gcd_forward_codec	69773317	69773320	3	0	0	0	0
tlm_inverse_gcd_forward_shift	69773320	69773750	430	106	0	0	2
tlm_inverse_gcd_forward_compare	69773750	69774646	896	160	0	36	37
tlm_inverse_gcd_forward_body	69774646	69777179	2533	279	4	172	175
tlm_apply_inverse_fold	69777179	69779220	2041	358	0	64	88
tlm_apply_inverse_swap	69779220	69779988	768	256	0	0	0
tlm_apply_inverse_mod_sub_register	69779988	69786327	6339	689	8	432	440
tlm_apply_inverse_mod_sub_fold	69786327	69787144	817	70	4	70	70
tlm_apply_inverse_mod_sub_clean	69787144	69787460	316	19	0	20	22
tlm_inverse_gcd_forward_codec	69787460	69787626	166	18	0	4	7
tlm_inverse_gcd_forward_shift	69787626	69788052	426	105	0	0	2
tlm_inverse_gcd_forward_compare	69788052	69788951	899	158	0	37	38
tlm_inverse_gcd_forward_body	69788951	69791413	2462	273	4	167	170
tlm_apply_inverse_fold	69791413	69793067	1654	342	0	39	47
tlm_apply_inverse_swap	69793067	69793835	768	256	0	0	0
tlm_apply_inverse_mod_sub_register	69793835	69799861	6026	667	7	410	417
tlm_apply_inverse_mod_sub_fold	69799861	69800678	817	70	4	70	70
tlm_apply_inverse_mod_sub_clean	69800678	69800994	316	19	0	20	22
tlm_inverse_gcd_forward_codec	69800994	69800997	3	0	0	0	0
tlm_inverse_gcd_forward_shift	69800997	69801419	422	104	0	0	2
tlm_inverse_gcd_forward_compare	69801419	69802317	898	160	0	36	37
tlm_inverse_gcd_forward_body	69802317	69804792	2475	273	4	168	171
tlm_apply_inverse_fold	69804792	69806833	2041	358	0	64	88
tlm_apply_inverse_swap	69806833	69807601	768	256	0	0	0
tlm_apply_inverse_mod_sub_register	69807601	69813940	6339	689	8	432	440
tlm_apply_inverse_mod_sub_fold	69813940	69814757	817	70	4	70	70
tlm_apply_inverse_mod_sub_clean	69814757	69815073	316	19	0	20	22
tlm_inverse_gcd_forward_codec	69815073	69815076	3	0	0	0	0
tlm_inverse_gcd_forward_shift	69815076	69815494	418	103	0	0	2
tlm_inverse_gcd_forward_compare	69815494	69816383	889	160	0	35	36
tlm_inverse_gcd_forward_body	69816383	69818871	2488	273	4	169	172
tlm_apply_inverse_fold	69818871	69820925	2054	360	0	64	89
tlm_apply_inverse_swap	69820925	69821693	768	256	0	0	0
tlm_apply_inverse_mod_sub_register	69821693	69828032	6339	689	8	432	440
tlm_apply_inverse_mod_sub_fold	69828032	69828849	817	70	4	70	70
tlm_apply_inverse_mod_sub_clean	69828849	69829165	316	19	0	20	22
tlm_inverse_gcd_forward_codec	69829165	69829331	166	18	0	4	7
tlm_inverse_gcd_forward_shift	69829331	69829745	414	102	0	0	2
tlm_inverse_gcd_forward_compare	69829745	69830629	884	156	0	36	37
tlm_inverse_gcd_forward_body	69830629	69833046	2417	267	4	164	167
tlm_apply_inverse_fold	69833046	69835087	2041	358	0	64	88
tlm_apply_inverse_swap	69835087	69835855	768	256	0	0	0
tlm_apply_inverse_mod_sub_register	69835855	69842194	6339	689	8	432	440
tlm_apply_inverse_mod_sub_fold	69842194	69843011	817	70	4	70	70
tlm_apply_inverse_mod_sub_clean	69843011	69843327	316	19	0	20	22
tlm_inverse_gcd_forward_codec	69843327	69843330	3	0	0	0	0
tlm_inverse_gcd_forward_shift	69843330	69843740	410	101	0	0	2
tlm_inverse_gcd_forward_compare	69843740	69844631	891	160	0	35	36
tlm_inverse_gcd_forward_body	69844631	69847061	2430	267	4	165	168
tlm_apply_inverse_fold	69847061	69849115	2054	360	0	64	89
tlm_apply_inverse_swap	69849115	69849883	768	256	0	0	0
tlm_apply_inverse_mod_sub_register	69849883	69856222	6339	689	8	432	440
tlm_apply_inverse_mod_sub_fold	69856222	69857039	817	70	4	70	70
tlm_apply_inverse_mod_sub_clean	69857039	69857355	316	19	0	20	22
tlm_inverse_gcd_forward_codec	69857355	69857358	3	0	0	0	0
tlm_inverse_gcd_forward_shift	69857358	69857764	406	100	0	0	2
tlm_inverse_gcd_forward_compare	69857764	69858638	874	158	0	34	35
tlm_inverse_gcd_forward_body	69858638	69861081	2443	267	4	166	169
tlm_apply_inverse_fold	69861081	69863147	2066	362	0	64	90
tlm_apply_inverse_swap	69863147	69863915	768	256	0	0	0
tlm_apply_inverse_mod_sub_register	69863915	69870552	6637	710	9	453	461
tlm_apply_inverse_mod_sub_fold	69870552	69871369	817	70	4	70	70
tlm_apply_inverse_mod_sub_clean	69871369	69871685	316	19	0	20	22
tlm_inverse_gcd_forward_codec	69871685	69871851	166	18	0	4	7
tlm_inverse_gcd_forward_shift	69871851	69872253	402	99	0	0	2
tlm_inverse_gcd_forward_compare	69872253	69873130	877	156	0	35	36
tlm_inverse_gcd_forward_body	69873130	69875502	2372	261	4	161	164
tlm_apply_inverse_fold	69875502	69877556	2054	360	0	64	89
tlm_apply_inverse_swap	69877556	69878324	768	256	0	0	0
tlm_apply_inverse_mod_sub_register	69878324	69884663	6339	689	8	432	440
tlm_apply_inverse_mod_sub_fold	69884663	69885480	817	70	4	70	70
tlm_apply_inverse_mod_sub_clean	69885480	69885796	316	19	0	20	22
tlm_inverse_gcd_forward_codec	69885796	69885799	3	0	0	0	0
tlm_inverse_gcd_forward_shift	69885799	69886197	398	98	0	0	2
tlm_inverse_gcd_forward_compare	69886197	69887065	868	156	0	34	35
tlm_inverse_gcd_forward_body	69887065	69889450	2385	261	4	162	165
tlm_apply_inverse_fold	69889450	69891516	2066	362	0	64	90
tlm_apply_inverse_swap	69891516	69892284	768	256	0	0	0
tlm_apply_inverse_mod_sub_register	69892284	69898921	6637	710	9	453	461
tlm_apply_inverse_mod_sub_fold	69898921	69899738	817	70	4	70	70
tlm_apply_inverse_mod_sub_clean	69899738	69900054	316	19	0	20	22
tlm_inverse_gcd_forward_codec	69900054	69900057	3	0	0	0	0
tlm_inverse_gcd_forward_shift	69900057	69900451	394	97	0	0	2
tlm_inverse_gcd_forward_compare	69900451	69901310	859	156	0	33	34
tlm_inverse_gcd_forward_body	69901310	69903708	2398	261	4	163	166
tlm_apply_inverse_fold	69903708	69905784	2076	364	0	64	91
tlm_apply_inverse_swap	69905784	69906552	768	256	0	0	0
tlm_apply_inverse_mod_sub_register	69906552	69913203	6651	711	9	454	462
tlm_apply_inverse_mod_sub_fold	69913203	69914020	817	70	4	70	70
tlm_apply_inverse_mod_sub_clean	69914020	69914336	316	19	0	20	22
tlm_inverse_gcd_forward_codec	69914336	69914502	166	18	0	4	7
tlm_inverse_gcd_forward_shift	69914502	69914892	390	96	0	0	2
tlm_inverse_gcd_forward_compare	69914892	69915754	862	154	0	34	35
tlm_inverse_gcd_forward_body	69915754	69918081	2327	255	4	158	161
tlm_apply_inverse_fold	69918081	69920147	2066	362	0	64	90
tlm_apply_inverse_swap	69920147	69920915	768	256	0	0	0
tlm_apply_inverse_mod_sub_register	69920915	69927552	6637	710	9	453	461
tlm_apply_inverse_mod_sub_fold	69927552	69928369	817	70	4	70	70
tlm_apply_inverse_mod_sub_clean	69928369	69928685	316	19	0	20	22
tlm_inverse_gcd_forward_codec	69928685	69928688	3	0	0	0	0
tlm_inverse_gcd_forward_shift	69928688	69929074	386	95	0	0	2
tlm_inverse_gcd_forward_compare	69929074	69929935	861	156	0	33	34
tlm_inverse_gcd_forward_body	69929935	69932275	2340	255	4	159	162
tlm_apply_inverse_fold	69932275	69934351	2076	364	0	64	91
tlm_apply_inverse_swap	69934351	69935119	768	256	0	0	0
tlm_apply_inverse_mod_sub_register	69935119	69941770	6651	711	9	454	462
tlm_apply_inverse_mod_sub_fold	69941770	69942587	817	70	4	70	70
tlm_apply_inverse_mod_sub_clean	69942587	69942903	316	19	0	20	22
tlm_inverse_gcd_forward_codec	69942903	69942906	3	0	0	0	0
tlm_inverse_gcd_forward_shift	69942906	69943288	382	94	0	0	2
tlm_inverse_gcd_forward_compare	69943288	69944132	844	154	0	32	33
tlm_inverse_gcd_forward_body	69944132	69946485	2353	255	4	160	163
tlm_apply_inverse_fold	69946485	69948571	2086	366	0	64	92
tlm_apply_inverse_swap	69948571	69949339	768	256	0	0	0
tlm_apply_inverse_mod_sub_register	69949339	69956219	6880	727	10	470	479
tlm_apply_inverse_mod_sub_fold	69956219	69957036	817	70	4	70	70
tlm_apply_inverse_mod_sub_clean	69957036	69957352	316	19	0	20	22
tlm_inverse_gcd_forward_codec	69957352	69957518	166	18	0	4	7
tlm_inverse_gcd_forward_shift	69957518	69957896	378	93	0	0	2
tlm_inverse_gcd_forward_compare	69957896	69958743	847	152	0	33	34
tlm_inverse_gcd_forward_body	69958743	69961025	2282	249	4	155	158
tlm_apply_inverse_fold	69961025	69963101	2076	364	0	64	91
tlm_apply_inverse_swap	69963101	69963869	768	256	0	0	0
tlm_apply_inverse_mod_sub_register	69963869	69970520	6651	711	9	454	462
tlm_apply_inverse_mod_sub_fold	69970520	69971337	817	70	4	70	70
tlm_apply_inverse_mod_sub_clean	69971337	69971653	316	19	0	20	22
tlm_inverse_gcd_forward_codec	69971653	69971656	3	0	0	0	0
tlm_inverse_gcd_forward_shift	69971656	69972030	374	92	0	0	2
tlm_inverse_gcd_forward_compare	69972030	69972876	846	154	0	32	33
tlm_inverse_gcd_forward_body	69972876	69975171	2295	249	4	156	159
tlm_apply_inverse_fold	69975171	69977257	2086	366	0	64	92
tlm_apply_inverse_swap	69977257	69978025	768	256	0	0	0
tlm_apply_inverse_mod_sub_register	69978025	69984905	6880	727	10	470	479
tlm_apply_inverse_mod_sub_fold	69984905	69985722	817	70	4	70	70
tlm_apply_inverse_mod_sub_clean	69985722	69986038	316	19	0	20	22
tlm_inverse_gcd_forward_codec	69986038	69986041	3	0	0	0	0
tlm_inverse_gcd_forward_shift	69986041	69986411	370	91	0	0	2
tlm_inverse_gcd_forward_compare	69986411	69987248	837	154	0	31	32
tlm_inverse_gcd_forward_body	69987248	69989556	2308	249	4	157	160
tlm_apply_inverse_fold	69989556	69991642	2086	366	0	64	92
tlm_apply_inverse_swap	69991642	69992410	768	256	0	0	0
tlm_apply_inverse_mod_sub_register	69992410	69999566	7156	747	11	490	491
tlm_apply_inverse_mod_sub_fold	69999566	70000383	817	70	4	70	70
tlm_apply_inverse_mod_sub_clean	70000383	70000699	316	19	0	20	22
tlm_inverse_gcd_forward_codec	70000699	70000865	166	18	0	4	7
tlm_inverse_gcd_forward_shift	70000865	70001231	366	90	0	0	2
tlm_inverse_gcd_forward_compare	70001231	70002071	840	152	0	32	33
tlm_inverse_gcd_forward_body	70002071	70004308	2237	243	4	152	155
tlm_apply_inverse_fold	70004308	70006394	2086	366	0	64	92
tlm_apply_inverse_swap	70006394	70007162	768	256	0	0	0
tlm_apply_inverse_mod_sub_register	70007162	70014042	6880	727	10	470	479
tlm_apply_inverse_mod_sub_fold	70014042	70014859	817	70	4	70	70
tlm_apply_inverse_mod_sub_clean	70014859	70015175	316	19	0	20	22
tlm_inverse_gcd_forward_codec	70015175	70015178	3	0	0	0	0
tlm_inverse_gcd_forward_shift	70015178	70015540	362	89	0	0	2
tlm_inverse_gcd_forward_compare	70015540	70016379	839	154	0	31	32
tlm_inverse_gcd_forward_body	70016379	70018629	2250	243	4	153	156
tlm_apply_inverse_fold	70018629	70020715	2086	366	0	64	92
tlm_apply_inverse_swap	70020715	70021483	768	256	0	0	0
tlm_apply_inverse_mod_sub_register	70021483	70028639	7156	747	11	490	491
tlm_apply_inverse_mod_sub_fold	70028639	70029456	817	70	4	70	70
tlm_apply_inverse_mod_sub_clean	70029456	70029772	316	19	0	20	22
tlm_inverse_gcd_forward_codec	70029772	70029775	3	0	0	0	0
tlm_inverse_gcd_forward_shift	70029775	70030133	358	88	0	0	2
tlm_inverse_gcd_forward_compare	70030133	70030955	822	152	0	30	31
tlm_inverse_gcd_forward_body	70030955	70033218	2263	243	4	154	157
tlm_apply_inverse_fold	70033218	70035314	2096	368	0	64	93
tlm_apply_inverse_swap	70035314	70036082	768	256	0	0	0
tlm_apply_inverse_mod_sub_register	70036082	70043270	7188	749	12	492	493
tlm_apply_inverse_mod_sub_fold	70043270	70044093	823	72	4	70	70
tlm_apply_inverse_mod_sub_clean	70044093	70044409	316	19	0	20	22
tlm_inverse_gcd_forward_codec	70044409	70044575	166	18	0	4	7
tlm_inverse_gcd_forward_shift	70044575	70044929	354	87	0	0	2
tlm_inverse_gcd_forward_compare	70044929	70045754	825	150	0	31	32
tlm_inverse_gcd_forward_body	70045754	70047946	2192	237	4	149	152
tlm_apply_inverse_fold	70047946	70050032	2086	366	0	64	92
tlm_apply_inverse_swap	70050032	70050800	768	256	0	0	0
tlm_apply_inverse_mod_sub_register	70050800	70057956	7156	747	11	490	491
tlm_apply_inverse_mod_sub_fold	70057956	70058773	817	70	4	70	70
tlm_apply_inverse_mod_sub_clean	70058773	70059089	316	19	0	20	22
tlm_inverse_gcd_forward_codec	70059089	70059092	3	0	0	0	0
tlm_inverse_gcd_forward_shift	70059092	70059442	350	86	0	0	2
tlm_inverse_gcd_forward_compare	70059442	70060266	824	152	0	30	31
tlm_inverse_gcd_forward_body	70060266	70062471	2205	237	4	150	153
tlm_apply_inverse_fold	70062471	70064567	2096	368	0	64	93
tlm_apply_inverse_swap	70064567	70065335	768	256	0	0	0
tlm_apply_inverse_mod_sub_register	70065335	70072523	7188	749	12	492	493
tlm_apply_inverse_mod_sub_fold	70072523	70073346	823	72	4	70	70
tlm_apply_inverse_mod_sub_clean	70073346	70073662	316	19	0	20	22
tlm_inverse_gcd_forward_codec	70073662	70073665	3	0	0	0	0
tlm_inverse_gcd_forward_shift	70073665	70074011	346	85	0	0	2
tlm_inverse_gcd_forward_compare	70074011	70074818	807	150	0	29	30
tlm_inverse_gcd_forward_body	70074818	70077036	2218	237	4	151	154
tlm_apply_inverse_fold	70077036	70079142	2106	370	0	64	94
tlm_apply_inverse_swap	70079142	70079910	768	256	0	0	0
tlm_apply_inverse_mod_sub_register	70079910	70087166	7256	753	15	496	497
tlm_apply_inverse_mod_sub_fold	70087166	70087989	823	72	4	70	70
tlm_apply_inverse_mod_sub_clean	70087989	70088305	316	19	0	20	22
tlm_inverse_gcd_forward_codec	70088305	70088471	166	18	0	4	7
tlm_inverse_gcd_forward_shift	70088471	70088813	342	84	0	0	2
tlm_inverse_gcd_forward_compare	70088813	70089623	810	148	0	30	31
tlm_inverse_gcd_forward_body	70089623	70091770	2147	231	4	146	149
tlm_apply_inverse_fold	70091770	70093866	2096	368	0	64	93
tlm_apply_inverse_swap	70093866	70094634	768	256	0	0	0
tlm_apply_inverse_mod_sub_register	70094634	70101822	7188	749	12	492	493
tlm_apply_inverse_mod_sub_fold	70101822	70102645	823	72	4	70	70
tlm_apply_inverse_mod_sub_clean	70102645	70102961	316	19	0	20	22
tlm_inverse_gcd_forward_codec	70102961	70102964	3	0	0	0	0
tlm_inverse_gcd_forward_shift	70102964	70103302	338	83	0	0	2
tlm_inverse_gcd_forward_compare	70103302	70104111	809	150	0	29	30
tlm_inverse_gcd_forward_body	70104111	70106271	2160	231	4	147	150
tlm_apply_inverse_fold	70106271	70108377	2106	370	0	64	94
tlm_apply_inverse_swap	70108377	70109145	768	256	0	0	0
tlm_apply_inverse_mod_sub_register	70109145	70116401	7256	753	15	496	497
tlm_apply_inverse_mod_sub_fold	70116401	70117224	823	72	4	70	70
tlm_apply_inverse_mod_sub_clean	70117224	70117540	316	19	0	20	22
tlm_inverse_gcd_forward_codec	70117540	70117543	3	0	0	0	0
tlm_inverse_gcd_forward_shift	70117543	70117877	334	82	0	0	2
tlm_inverse_gcd_forward_compare	70117877	70118677	800	150	0	28	29
tlm_inverse_gcd_forward_body	70118677	70120850	2173	231	4	148	151
tlm_apply_inverse_fold	70120850	70122966	2116	372	0	64	95
tlm_apply_inverse_swap	70122966	70123734	768	256	0	0	0
tlm_apply_inverse_mod_sub_register	70123734	70130920	7186	747	12	491	498
tlm_apply_inverse_mod_sub_fold	70130920	70131767	847	74	5	72	72
tlm_apply_inverse_mod_sub_clean	70131767	70132083	316	19	0	20	22
tlm_inverse_gcd_forward_codec	70132083	70132249	166	18	0	4	7
tlm_inverse_gcd_forward_shift	70132249	70132579	330	81	0	0	2
tlm_inverse_gcd_forward_compare	70132579	70133382	803	148	0	29	30
tlm_inverse_gcd_forward_body	70133382	70135484	2102	225	4	143	146
tlm_apply_inverse_fold	70135484	70137590	2106	370	0	64	94
tlm_apply_inverse_swap	70137590	70138358	768	256	0	0	0
tlm_apply_inverse_mod_sub_register	70138358	70145614	7256	753	15	496	497
tlm_apply_inverse_mod_sub_fold	70145614	70146437	823	72	4	70	70
tlm_apply_inverse_mod_sub_clean	70146437	70146753	316	19	0	20	22
tlm_inverse_gcd_forward_codec	70146753	70146756	3	0	0	0	0
tlm_inverse_gcd_forward_shift	70146756	70147082	326	80	0	0	2
tlm_inverse_gcd_forward_compare	70147082	70147876	794	148	0	28	29
tlm_inverse_gcd_forward_body	70147876	70149991	2115	225	4	144	147
tlm_apply_inverse_fold	70149991	70152107	2116	372	0	64	95
tlm_apply_inverse_swap	70152107	70152875	768	256	0	0	0
tlm_apply_inverse_mod_sub_register	70152875	70160061	7186	747	12	491	498
tlm_apply_inverse_mod_sub_fold	70160061	70160908	847	74	5	72	72
tlm_apply_inverse_mod_sub_clean	70160908	70161224	316	19	0	20	22
tlm_inverse_gcd_forward_codec	70161224	70161227	3	0	0	0	0
tlm_inverse_gcd_forward_shift	70161227	70161549	322	79	0	0	2
tlm_inverse_gcd_forward_compare	70161549	70162334	785	148	0	27	28
tlm_inverse_gcd_forward_body	70162334	70164462	2128	225	4	145	148
tlm_apply_inverse_fold	70164462	70166588	2126	374	0	64	96
tlm_apply_inverse_swap	70166588	70167356	768	256	0	0	0
tlm_apply_inverse_mod_sub_register	70167356	70174625	7269	753	12	497	503
tlm_apply_inverse_mod_sub_fold	70174625	70175490	865	75	6	73	73
tlm_apply_inverse_mod_sub_clean	70175490	70175806	316	19	0	20	22
tlm_inverse_gcd_forward_codec	70175806	70175972	166	18	0	4	7
tlm_inverse_gcd_forward_shift	70175972	70176290	318	78	0	0	2
tlm_inverse_gcd_forward_compare	70176290	70177078	788	146	0	28	29
tlm_inverse_gcd_forward_body	70177078	70179135	2057	219	4	140	143
tlm_apply_inverse_fold	70179135	70181251	2116	372	0	64	95
tlm_apply_inverse_swap	70181251	70182019	768	256	0	0	0
tlm_apply_inverse_mod_sub_register	70182019	70189205	7186	747	12	491	498
tlm_apply_inverse_mod_sub_fold	70189205	70190052	847	74	5	72	72
tlm_apply_inverse_mod_sub_clean	70190052	70190368	316	19	0	20	22
tlm_inverse_gcd_forward_codec	70190368	70190371	3	0	0	0	0
tlm_inverse_gcd_forward_shift	70190371	70190685	314	77	0	0	2
tlm_inverse_gcd_forward_compare	70190685	70191464	779	146	0	27	28
tlm_inverse_gcd_forward_body	70191464	70193534	2070	219	4	141	144
tlm_apply_inverse_fold	70193534	70195660	2126	374	0	64	96
tlm_apply_inverse_swap	70195660	70196428	768	256	0	0	0
tlm_apply_inverse_mod_sub_register	70196428	70203697	7269	753	12	497	503
tlm_apply_inverse_mod_sub_fold	70203697	70204562	865	75	6	73	73
tlm_apply_inverse_mod_sub_clean	70204562	70204878	316	19	0	20	22
tlm_inverse_gcd_forward_codec	70204878	70204881	3	0	0	0	0
tlm_inverse_gcd_forward_shift	70204881	70205191	310	76	0	0	2
tlm_inverse_gcd_forward_compare	70205191	70205969	778	148	0	26	27
tlm_inverse_gcd_forward_body	70205969	70208052	2083	219	4	142	145
tlm_apply_inverse_fold	70208052	70210188	2136	376	0	64	97
tlm_apply_inverse_swap	70210188	70210956	768	256	0	0	0
tlm_apply_inverse_mod_sub_register	70210956	70218298	7342	758	13	502	507
tlm_apply_inverse_mod_sub_fold	70218298	70219161	863	76	4	74	74
tlm_apply_inverse_mod_sub_clean	70219161	70219477	316	19	0	20	22
tlm_inverse_gcd_forward_codec	70219477	70219643	166	18	0	4	7
tlm_inverse_gcd_forward_shift	70219643	70219949	306	75	0	0	2
tlm_inverse_gcd_forward_compare	70219949	70220738	789	148	0	27	28
tlm_inverse_gcd_forward_body	70220738	70222750	2012	213	4	137	140
tlm_apply_inverse_fold	70222750	70224876	2126	374	0	64	96
tlm_apply_inverse_swap	70224876	70225644	768	256	0	0	0
tlm_apply_inverse_mod_sub_register	70225644	70232913	7269	753	12	497	503
tlm_apply_inverse_mod_sub_fold	70232913	70233778	865	75	6	73	73
tlm_apply_inverse_mod_sub_clean	70233778	70234094	316	19	0	20	22
tlm_inverse_gcd_forward_codec	70234094	70234097	3	0	0	0	0
tlm_inverse_gcd_forward_shift	70234097	70234399	302	74	0	0	2
tlm_inverse_gcd_forward_compare	70234399	70235171	772	146	0	26	27
tlm_inverse_gcd_forward_body	70235171	70237196	2025	213	4	138	141
tlm_apply_inverse_fold	70237196	70239332	2136	376	0	64	97
tlm_apply_inverse_swap	70239332	70240100	768	256	0	0	0
tlm_apply_inverse_mod_sub_register	70240100	70247442	7342	758	13	502	507
tlm_apply_inverse_mod_sub_fold	70247442	70248305	863	76	4	74	74
tlm_apply_inverse_mod_sub_clean	70248305	70248621	316	19	0	20	22
tlm_inverse_gcd_forward_codec	70248621	70248624	3	0	0	0	0
tlm_inverse_gcd_forward_shift	70248624	70248922	298	73	0	0	2
tlm_inverse_gcd_forward_compare	70248922	70249685	763	146	0	25	26
tlm_inverse_gcd_forward_body	70249685	70251417	1732	191	2	117	120
tlm_apply_inverse_fold	70251417	70253563	2146	378	0	64	98
tlm_apply_inverse_swap	70253563	70254331	768	256	0	0	0
tlm_apply_inverse_mod_sub_register	70254331	70261732	7401	762	14	506	510
tlm_apply_inverse_mod_sub_fold	70261732	70262631	899	79	5	77	77
tlm_apply_inverse_mod_sub_clean	70262631	70262947	316	19	0	20	22
tlm_inverse_gcd_forward_codec	70262947	70263113	166	18	0	4	7
tlm_inverse_gcd_forward_shift	70263113	70263407	294	72	0	0	2
tlm_inverse_gcd_forward_compare	70263407	70264173	766	144	0	26	27
tlm_inverse_gcd_forward_body	70264173	70266140	1967	207	4	134	137
tlm_apply_inverse_fold	70266140	70268276	2136	376	0	64	97
tlm_apply_inverse_swap	70268276	70269044	768	256	0	0	0
tlm_apply_inverse_mod_sub_register	70269044	70276386	7342	758	13	502	507
tlm_apply_inverse_mod_sub_fold	70276386	70277249	863	76	4	74	74
tlm_apply_inverse_mod_sub_clean	70277249	70277565	316	19	0	20	22
tlm_inverse_gcd_forward_codec	70277565	70277568	3	0	0	0	0
tlm_inverse_gcd_forward_shift	70277568	70277858	290	71	0	0	2
tlm_inverse_gcd_forward_compare	70277858	70278615	757	144	0	25	26
tlm_inverse_gcd_forward_body	70278615	70280317	1702	187	2	115	118
tlm_apply_inverse_fold	70280317	70282463	2146	378	0	64	98
tlm_apply_inverse_swap	70282463	70283231	768	256	0	0	0
tlm_apply_inverse_mod_sub_register	70283231	70290632	7401	762	14	506	510
tlm_apply_inverse_mod_sub_fold	70290632	70291531	899	79	5	77	77
tlm_apply_inverse_mod_sub_clean	70291531	70291847	316	19	0	20	22
tlm_inverse_gcd_forward_codec	70291847	70291850	3	0	0	0	0
tlm_inverse_gcd_forward_shift	70291850	70292136	286	70	0	0	2
tlm_inverse_gcd_forward_compare	70292136	70292884	748	144	0	24	25
tlm_inverse_gcd_forward_body	70292884	70294571	1687	185	2	114	117
tlm_apply_inverse_fold	70294571	70296727	2156	380	0	64	99
tlm_apply_inverse_swap	70296727	70297495	768	256	0	0	0
tlm_apply_inverse_mod_sub_register	70297495	70304945	7450	765	16	509	512
tlm_apply_inverse_mod_sub_fold	70304945	70305844	899	79	5	77	77
tlm_apply_inverse_mod_sub_clean	70305844	70306160	316	19	0	20	22
tlm_inverse_gcd_forward_codec	70306160	70306326	166	18	0	4	7
tlm_inverse_gcd_forward_shift	70306326	70306608	282	69	0	0	2
tlm_inverse_gcd_forward_compare	70306608	70307359	751	142	0	25	26
tlm_inverse_gcd_forward_body	70307359	70309030	1671	183	2	113	115
tlm_apply_inverse_fold	70309030	70311176	2146	378	0	64	98
tlm_apply_inverse_swap	70311176	70311944	768	256	0	0	0
tlm_apply_inverse_mod_sub_register	70311944	70319345	7401	762	14	506	510
tlm_apply_inverse_mod_sub_fold	70319345	70320244	899	79	5	77	77
tlm_apply_inverse_mod_sub_clean	70320244	70320560	316	19	0	20	22
tlm_inverse_gcd_forward_codec	70320560	70320563	3	0	0	0	0
tlm_inverse_gcd_forward_shift	70320563	70320841	278	68	0	0	2
tlm_inverse_gcd_forward_compare	70320841	70321591	750	144	0	24	25
tlm_inverse_gcd_forward_body	70321591	70323247	1656	181	2	112	114
tlm_apply_inverse_fold	70323247	70325403	2156	380	0	64	99
tlm_apply_inverse_swap	70325403	70326171	768	256	0	0	0
tlm_apply_inverse_mod_sub_register	70326171	70333621	7450	765	16	509	512
tlm_apply_inverse_mod_sub_fold	70333621	70334520	899	79	5	77	77
tlm_apply_inverse_mod_sub_clean	70334520	70334836	316	19	0	20	22
tlm_inverse_gcd_forward_codec	70334836	70334839	3	0	0	0	0
tlm_inverse_gcd_forward_shift	70334839	70335113	274	67	0	0	2
tlm_inverse_gcd_forward_compare	70335113	70335846	733	142	0	23	24
tlm_inverse_gcd_forward_body	70335846	70337487	1641	179	2	111	113
tlm_apply_inverse_fold	70337487	70339940	2453	350	0	94	129
tlm_apply_inverse_swap	70339940	70340708	768	256	0	0	0
tlm_apply_inverse_mod_sub_register	70340708	70348193	7485	767	18	511	513
tlm_apply_inverse_mod_sub_fold	70348193	70349092	899	79	5	77	77
tlm_apply_inverse_mod_sub_clean	70349092	70349408	316	19	0	20	22
tlm_inverse_gcd_forward_codec	70349408	70349574	166	18	0	4	7
tlm_inverse_gcd_forward_shift	70349574	70349844	270	66	0	0	2
tlm_inverse_gcd_forward_compare	70349844	70350580	736	140	0	24	25
tlm_inverse_gcd_forward_body	70350580	70352178	1598	175	2	108	110
tlm_apply_inverse_fold	70352178	70354334	2156	380	0	64	99
tlm_apply_inverse_swap	70354334	70355102	768	256	0	0	0
tlm_apply_inverse_mod_sub_register	70355102	70362552	7450	765	16	509	512
tlm_apply_inverse_mod_sub_fold	70362552	70363451	899	79	5	77	77
tlm_apply_inverse_mod_sub_clean	70363451	70363767	316	19	0	20	22
tlm_inverse_gcd_forward_codec	70363767	70363770	3	0	0	0	0
tlm_inverse_gcd_forward_shift	70363770	70364036	266	65	0	0	2
tlm_inverse_gcd_forward_compare	70364036	70364763	727	140	0	23	24
tlm_inverse_gcd_forward_body	70364763	70366346	1583	173	2	107	109
tlm_apply_inverse_fold	70366346	70368799	2453	350	0	94	129
tlm_apply_inverse_swap	70368799	70369567	768	256	0	0	0
tlm_apply_inverse_mod_sub_register	70369567	70377052	7485	767	18	511	513
tlm_apply_inverse_mod_sub_fold	70377052	70377951	899	79	5	77	77
tlm_apply_inverse_mod_sub_clean	70377951	70378267	316	19	0	20	22
tlm_inverse_gcd_forward_codec	70378267	70378270	3	0	0	0	0
tlm_inverse_gcd_forward_shift	70378270	70378532	262	64	0	0	2
tlm_inverse_gcd_forward_compare	70378532	70379266	734	144	0	22	23
tlm_inverse_gcd_forward_body	70379266	70380834	1568	171	2	106	108
tlm_apply_inverse_fold	70380834	70383287	2453	350	0	94	129
tlm_apply_inverse_swap	70383287	70384055	768	256	0	0	0
tlm_apply_inverse_mod_sub_register	70384055	70391510	7455	769	22	506	508
tlm_apply_inverse_mod_sub_fold	70391510	70392427	917	79	6	79	79
tlm_apply_inverse_mod_sub_clean	70392427	70392743	316	19	0	20	22
tlm_inverse_gcd_forward_codec	70392743	70392909	166	18	0	4	7
tlm_inverse_gcd_forward_shift	70392909	70393167	258	63	0	0	2
tlm_inverse_gcd_forward_compare	70393167	70393896	729	140	0	23	24
tlm_inverse_gcd_forward_body	70393896	70395421	1525	167	2	103	105
tlm_apply_inverse_fold	70395421	70397874	2453	350	0	94	129
tlm_apply_inverse_swap	70397874	70398642	768	256	0	0	0
tlm_apply_inverse_mod_sub_register	70398642	70406127	7485	767	18	511	513
tlm_apply_inverse_mod_sub_fold	70406127	70407026	899	79	5	77	77
tlm_apply_inverse_mod_sub_clean	70407026	70407342	316	19	0	20	22
tlm_inverse_gcd_forward_codec	70407342	70407345	3	0	0	0	0
tlm_inverse_gcd_forward_shift	70407345	70407599	254	62	0	0	2
tlm_inverse_gcd_forward_compare	70407599	70408335	736	144	0	22	23
tlm_inverse_gcd_forward_body	70408335	70409845	1510	165	2	102	104
tlm_apply_inverse_fold	70409845	70412298	2453	350	0	94	129
tlm_apply_inverse_swap	70412298	70413066	768	256	0	0	0
tlm_apply_inverse_mod_sub_register	70413066	70420521	7455	769	22	506	508
tlm_apply_inverse_mod_sub_fold	70420521	70421438	917	79	6	79	79
tlm_apply_inverse_mod_sub_clean	70421438	70421754	316	19	0	20	22
tlm_inverse_gcd_forward_codec	70421754	70421757	3	0	0	0	0
tlm_inverse_gcd_forward_shift	70421757	70422007	250	61	0	0	2
tlm_inverse_gcd_forward_compare	70422007	70422734	727	144	0	21	22
tlm_inverse_gcd_forward_body	70422734	70424229	1495	163	2	101	103
tlm_apply_inverse_fold	70424229	70426682	2453	350	0	94	129
tlm_apply_inverse_swap	70426682	70427450	768	256	0	0	0
tlm_apply_inverse_mod_sub_register	70427450	70434461	7011	769	21	462	464
tlm_apply_inverse_mod_sub_fold	70434461	70435396	935	80	7	80	80
tlm_apply_inverse_mod_sub_clean	70435396	70435712	316	19	0	20	22
tlm_inverse_gcd_forward_codec	70435712	70435878	166	18	0	4	7
tlm_inverse_gcd_forward_shift	70435878	70436124	246	60	0	0	2
tlm_inverse_gcd_forward_compare	70436124	70436846	722	140	0	22	23
tlm_inverse_gcd_forward_body	70436846	70438298	1452	159	2	98	100
tlm_apply_inverse_fold	70438298	70440751	2453	350	0	94	129
tlm_apply_inverse_swap	70440751	70441519	768	256	0	0	0
tlm_apply_inverse_mod_sub_register	70441519	70448974	7455	769	22	506	508
tlm_apply_inverse_mod_sub_fold	70448974	70449891	917	79	6	79	79
tlm_apply_inverse_mod_sub_clean	70449891	70450207	316	19	0	20	22
tlm_inverse_gcd_forward_codec	70450207	70450210	3	0	0	0	0
tlm_inverse_gcd_forward_shift	70450210	70450452	242	59	0	0	2
tlm_inverse_gcd_forward_compare	70450452	70451181	729	144	0	21	22
tlm_inverse_gcd_forward_body	70451181	70452618	1437	157	2	97	99
tlm_apply_inverse_fold	70452618	70455071	2453	350	0	94	129
tlm_apply_inverse_swap	70455071	70455839	768	256	0	0	0
tlm_apply_inverse_mod_sub_register	70455839	70462850	7011	769	21	462	464
tlm_apply_inverse_mod_sub_fold	70462850	70463785	935	80	7	80	80
tlm_apply_inverse_mod_sub_clean	70463785	70464101	316	19	0	20	22
tlm_inverse_gcd_forward_codec	70464101	70464104	3	0	0	0	0
tlm_inverse_gcd_forward_shift	70464104	70464342	238	58	0	0	2
tlm_inverse_gcd_forward_compare	70464342	70465054	712	142	0	20	21
tlm_inverse_gcd_forward_body	70465054	70466476	1422	155	2	96	98
tlm_apply_inverse_fold	70466476	70468929	2453	350	0	94	129
tlm_apply_inverse_swap	70468929	70469697	768	256	0	0	0
tlm_apply_inverse_mod_sub_register	70469697	70476284	6587	769	20	420	422
tlm_apply_inverse_mod_sub_fold	70476284	70477231	947	84	5	82	82
tlm_apply_inverse_mod_sub_clean	70477231	70477547	316	19	0	20	22
tlm_inverse_gcd_forward_codec	70477547	70477713	166	18	0	4	7
tlm_inverse_gcd_forward_shift	70477713	70477947	234	57	0	0	2
tlm_inverse_gcd_forward_compare	70477947	70478670	723	142	0	21	22
tlm_inverse_gcd_forward_body	70478670	70480049	1379	151	2	93	95
tlm_apply_inverse_fold	70480049	70482502	2453	350	0	94	129
tlm_apply_inverse_swap	70482502	70483270	768	256	0	0	0
tlm_apply_inverse_mod_sub_register	70483270	70490281	7011	769	21	462	464
tlm_apply_inverse_mod_sub_fold	70490281	70491216	935	80	7	80	80
tlm_apply_inverse_mod_sub_clean	70491216	70491532	316	19	0	20	22
tlm_inverse_gcd_forward_codec	70491532	70491535	3	0	0	0	0
tlm_inverse_gcd_forward_shift	70491535	70491765	230	56	0	0	2
tlm_inverse_gcd_forward_compare	70491765	70492479	714	142	0	20	21
tlm_inverse_gcd_forward_body	70492479	70493843	1364	149	2	92	94
tlm_apply_inverse_fold	70493843	70496296	2453	350	0	94	129
tlm_apply_inverse_swap	70496296	70497064	768	256	0	0	0
tlm_apply_inverse_mod_sub_register	70497064	70503651	6587	769	20	420	422
tlm_apply_inverse_mod_sub_fold	70503651	70504598	947	84	5	82	82
tlm_apply_inverse_mod_sub_clean	70504598	70504914	316	19	0	20	22
tlm_inverse_gcd_forward_codec	70504914	70504917	3	0	0	0	0
tlm_inverse_gcd_forward_shift	70504917	70505143	226	55	0	0	2
tlm_inverse_gcd_forward_compare	70505143	70505848	705	142	0	19	20
tlm_inverse_gcd_forward_body	70505848	70507197	1349	147	2	91	93
tlm_apply_inverse_fold	70507197	70509650	2453	350	0	94	129
tlm_apply_inverse_swap	70509650	70510418	768	256	0	0	0
tlm_apply_inverse_mod_sub_register	70510418	70516601	6183	769	19	380	382
tlm_apply_inverse_mod_sub_fold	70516601	70517550	949	84	5	82	82
tlm_apply_inverse_mod_sub_clean	70517550	70517866	316	19	0	20	22
tlm_inverse_gcd_forward_codec	70517866	70518032	166	18	0	4	7
tlm_inverse_gcd_forward_shift	70518032	70518254	222	54	0	0	2
tlm_inverse_gcd_forward_compare	70518254	70518962	708	140	0	20	21
tlm_inverse_gcd_forward_body	70518962	70520268	1306	143	2	88	90
tlm_apply_inverse_fold	70520268	70522721	2453	350	0	94	129
tlm_apply_inverse_swap	70522721	70523489	768	256	0	0	0
tlm_apply_inverse_mod_sub_register	70523489	70530076	6587	769	20	420	422
tlm_apply_inverse_mod_sub_fold	70530076	70531023	947	84	5	82	82
tlm_apply_inverse_mod_sub_clean	70531023	70531339	316	19	0	20	22
tlm_inverse_gcd_forward_codec	70531339	70531342	3	0	0	0	0
tlm_inverse_gcd_forward_shift	70531342	70531560	218	53	0	0	2
tlm_inverse_gcd_forward_compare	70531560	70532259	699	140	0	19	20
tlm_inverse_gcd_forward_body	70532259	70533550	1291	141	2	87	89
tlm_apply_inverse_fold	70533550	70536003	2453	350	0	94	129
tlm_apply_inverse_swap	70536003	70536771	768	256	0	0	0
tlm_apply_inverse_mod_sub_register	70536771	70542954	6183	769	19	380	382
tlm_apply_inverse_mod_sub_fold	70542954	70543903	949	84	5	82	82
tlm_apply_inverse_mod_sub_clean	70543903	70544219	316	19	0	20	22
tlm_inverse_gcd_forward_codec	70544219	70544222	3	0	0	0	0
tlm_inverse_gcd_forward_shift	70544222	70544436	214	52	0	0	2
tlm_inverse_gcd_forward_compare	70544436	70545126	690	140	0	18	19
tlm_inverse_gcd_forward_body	70545126	70546402	1276	139	2	86	88
tlm_apply_inverse_fold	70546402	70548855	2453	350	0	94	129
tlm_apply_inverse_swap	70548855	70549623	768	256	0	0	0
tlm_apply_inverse_mod_sub_register	70549623	70555422	5799	769	18	342	344
tlm_apply_inverse_mod_sub_fold	70555422	70556401	979	85	6	85	85
tlm_apply_inverse_mod_sub_clean	70556401	70556717	316	19	0	20	22
tlm_inverse_gcd_forward_codec	70556717	70556883	166	18	0	4	7
tlm_inverse_gcd_forward_shift	70556883	70557093	210	51	0	0	2
tlm_inverse_gcd_forward_compare	70557093	70557778	685	136	0	19	20
tlm_inverse_gcd_forward_body	70557778	70559011	1233	135	2	83	85
tlm_apply_inverse_fold	70559011	70561464	2453	350	0	94	129
tlm_apply_inverse_swap	70561464	70562232	768	256	0	0	0
tlm_apply_inverse_mod_sub_register	70562232	70568415	6183	769	19	380	382
tlm_apply_inverse_mod_sub_fold	70568415	70569364	949	84	5	82	82
tlm_apply_inverse_mod_sub_clean	70569364	70569680	316	19	0	20	22
tlm_inverse_gcd_forward_codec	70569680	70569683	3	0	0	0	0
tlm_inverse_gcd_forward_shift	70569683	70569889	206	50	0	0	2
tlm_inverse_gcd_forward_compare	70569889	70570557	668	134	0	18	19
tlm_inverse_gcd_forward_body	70570557	70571775	1218	133	2	82	84
tlm_apply_inverse_fold	70571775	70574228	2453	350	0	94	129
tlm_apply_inverse_swap	70574228	70574996	768	256	0	0	0
tlm_apply_inverse_mod_sub_register	70574996	70580795	5799	769	18	342	344
tlm_apply_inverse_mod_sub_fold	70580795	70581774	979	85	6	85	85
tlm_apply_inverse_mod_sub_clean	70581774	70582090	316	19	0	20	22
tlm_inverse_gcd_forward_codec	70582090	70582093	3	0	0	0	0
tlm_inverse_gcd_forward_shift	70582093	70582295	202	49	0	0	2
tlm_inverse_gcd_forward_compare	70582295	70582946	651	132	0	17	18
tlm_inverse_gcd_forward_body	70582946	70584149	1203	131	2	81	83
tlm_apply_inverse_fold	70584149	70586602	2453	350	0	94	129
tlm_apply_inverse_swap	70586602	70587370	768	256	0	0	0
tlm_apply_inverse_mod_sub_register	70587370	70592805	5435	769	17	306	308
tlm_apply_inverse_mod_sub_fold	70592805	70593790	985	87	6	85	85
tlm_apply_inverse_mod_sub_clean	70593790	70594100	310	20	0	19	21
tlm_inverse_gcd_forward_codec	70594100	70594266	166	18	0	4	7
tlm_inverse_gcd_forward_shift	70594266	70594464	198	48	0	0	2
tlm_inverse_gcd_forward_compare	70594464	70595110	646	128	0	18	19
tlm_inverse_gcd_forward_body	70595110	70596270	1160	127	2	78	80
tlm_apply_inverse_fold	70596270	70598723	2453	350	0	94	129
tlm_apply_inverse_swap	70598723	70599491	768	256	0	0	0
tlm_apply_inverse_mod_sub_register	70599491	70605290	5799	769	18	342	344
tlm_apply_inverse_mod_sub_fold	70605290	70606269	979	85	6	85	85
tlm_apply_inverse_mod_sub_clean	70606269	70606585	316	19	0	20	22
tlm_inverse_gcd_forward_codec	70606585	70606588	3	0	0	0	0
tlm_inverse_gcd_forward_shift	70606588	70606782	194	47	0	0	2
tlm_inverse_gcd_forward_compare	70606782	70607411	629	126	0	17	18
tlm_inverse_gcd_forward_body	70607411	70608556	1145	125	2	77	79
tlm_apply_inverse_fold	70608556	70611009	2453	350	0	94	129
tlm_apply_inverse_swap	70611009	70611777	768	256	0	0	0
tlm_apply_inverse_mod_sub_register	70611777	70617212	5435	769	17	306	308
tlm_apply_inverse_mod_sub_fold	70617212	70618197	985	87	6	85	85
tlm_apply_inverse_mod_sub_clean	70618197	70618507	310	20	0	19	21
tlm_inverse_gcd_forward_codec	70618507	70618510	3	0	0	0	0
tlm_inverse_gcd_forward_shift	70618510	70618700	190	46	0	0	2
tlm_inverse_gcd_forward_compare	70618700	70619312	612	124	0	16	17
tlm_inverse_gcd_forward_body	70619312	70620442	1130	123	2	76	78
tlm_apply_inverse_fold	70620442	70622895	2453	350	0	94	129
tlm_apply_inverse_swap	70622895	70623663	768	256	0	0	0
tlm_apply_inverse_mod_sub_register	70623663	70628754	5091	769	16	272	274
tlm_apply_inverse_mod_sub_fold	70628754	70629733	979	85	6	85	85
tlm_apply_inverse_mod_sub_clean	70629733	70630037	304	21	0	18	20
tlm_inverse_gcd_forward_codec	70630037	70630203	166	18	0	4	7
tlm_inverse_gcd_forward_shift	70630203	70630389	186	45	0	0	2
tlm_inverse_gcd_forward_compare	70630389	70630996	607	120	0	17	18
tlm_inverse_gcd_forward_body	70630996	70632083	1087	119	2	73	75
tlm_apply_inverse_fold	70632083	70634536	2453	350	0	94	129
tlm_apply_inverse_swap	70634536	70635304	768	256	0	0	0
tlm_apply_inverse_mod_sub_register	70635304	70640739	5435	769	17	306	308
tlm_apply_inverse_mod_sub_fold	70640739	70641724	985	87	6	85	85
tlm_apply_inverse_mod_sub_clean	70641724	70642034	310	20	0	19	21
tlm_inverse_gcd_forward_codec	70642034	70642037	3	0	0	0	0
tlm_inverse_gcd_forward_shift	70642037	70642219	182	44	0	0	2
tlm_inverse_gcd_forward_compare	70642219	70642809	590	118	0	16	17
tlm_inverse_gcd_forward_body	70642809	70643881	1072	117	2	72	74
tlm_apply_inverse_fold	70643881	70646334	2453	350	0	94	129
tlm_apply_inverse_swap	70646334	70647102	768	256	0	0	0
tlm_apply_inverse_mod_sub_register	70647102	70652193	5091	769	16	272	274
tlm_apply_inverse_mod_sub_fold	70652193	70653172	979	85	6	85	85
tlm_apply_inverse_mod_sub_clean	70653172	70653476	304	21	0	18	20
tlm_inverse_gcd_forward_codec	70653476	70653479	3	0	0	0	0
tlm_inverse_gcd_forward_shift	70653479	70653657	178	43	0	0	2
tlm_inverse_gcd_forward_compare	70653657	70654238	581	118	0	15	16
tlm_inverse_gcd_forward_body	70654238	70655295	1057	115	2	71	73
tlm_apply_inverse_fold	70655295	70657748	2453	350	0	94	129
tlm_apply_inverse_swap	70657748	70658516	768	256	0	0	0
tlm_apply_inverse_mod_sub_register	70658516	70663283	4767	769	15	240	242
tlm_apply_inverse_mod_sub_fold	70663283	70664288	1005	87	7	87	87
tlm_apply_inverse_mod_sub_clean	70664288	70664586	298	22	0	17	19
tlm_inverse_gcd_forward_codec	70664586	70664752	166	18	0	4	7
tlm_inverse_gcd_forward_shift	70664752	70664926	174	42	0	0	2
tlm_inverse_gcd_forward_compare	70664926	70665502	576	114	0	16	17
tlm_inverse_gcd_forward_body	70665502	70666516	1014	111	2	68	70
tlm_apply_inverse_fold	70666516	70668969	2453	350	0	94	129
tlm_apply_inverse_swap	70668969	70669737	768	256	0	0	0
tlm_apply_inverse_mod_sub_register	70669737	70674828	5091	769	16	272	274
tlm_apply_inverse_mod_sub_fold	70674828	70675807	979	85	6	85	85
tlm_apply_inverse_mod_sub_clean	70675807	70676111	304	21	0	18	20
tlm_inverse_gcd_forward_codec	70676111	70676114	3	0	0	0	0
tlm_inverse_gcd_forward_shift	70676114	70676284	170	41	0	0	2
tlm_inverse_gcd_forward_compare	70676284	70676843	559	112	0	15	16
tlm_inverse_gcd_forward_body	70676843	70677842	999	109	2	67	69
tlm_apply_inverse_fold	70677842	70680295	2453	350	0	94	129
tlm_apply_inverse_swap	70680295	70681063	768	256	0	0	0
tlm_apply_inverse_mod_sub_register	70681063	70685830	4767	769	15	240	242
tlm_apply_inverse_mod_sub_fold	70685830	70686835	1005	87	7	87	87
tlm_apply_inverse_mod_sub_clean	70686835	70687133	298	22	0	17	19
tlm_inverse_gcd_forward_codec	70687133	70687136	3	0	0	0	0
tlm_inverse_gcd_forward_shift	70687136	70687302	166	40	0	0	2
tlm_inverse_gcd_forward_compare	70687302	70687844	542	110	0	14	15
tlm_inverse_gcd_forward_body	70687844	70688828	984	107	2	66	68
tlm_apply_inverse_fold	70688828	70691281	2453	350	0	94	129
tlm_apply_inverse_swap	70691281	70692049	768	256	0	0	0
tlm_apply_inverse_mod_sub_register	70692049	70696512	4463	769	14	210	212
tlm_apply_inverse_mod_sub_fold	70696512	70697517	1005	89	7	87	87
tlm_apply_inverse_mod_sub_clean	70697517	70697809	292	23	0	16	18
tlm_inverse_gcd_forward_codec	70697809	70697975	166	18	0	4	7
tlm_inverse_gcd_forward_shift	70697975	70698137	162	39	0	0	2
tlm_inverse_gcd_forward_compare	70698137	70698674	537	106	0	15	16
tlm_inverse_gcd_forward_body	70698674	70699615	941	103	2	63	65
tlm_apply_inverse_fold	70699615	70702068	2453	350	0	94	129
tlm_apply_inverse_swap	70702068	70702836	768	256	0	0	0
tlm_apply_inverse_mod_sub_register	70702836	70707603	4767	769	15	240	242
tlm_apply_inverse_mod_sub_fold	70707603	70708608	1005	87	7	87	87
tlm_apply_inverse_mod_sub_clean	70708608	70708906	298	22	0	17	19
tlm_inverse_gcd_forward_codec	70708906	70708909	3	0	0	0	0
tlm_inverse_gcd_forward_shift	70708909	70709067	158	38	0	0	2
tlm_inverse_gcd_forward_compare	70709067	70709587	520	104	0	14	15
tlm_inverse_gcd_forward_body	70709587	70710513	926	101	2	62	64
tlm_apply_inverse_fold	70710513	70712966	2453	350	0	94	129
tlm_apply_inverse_swap	70712966	70713734	768	256	0	0	0
tlm_apply_inverse_mod_sub_register	70713734	70718197	4463	769	14	210	212
tlm_apply_inverse_mod_sub_fold	70718197	70719210	1013	88	8	88	88
tlm_apply_inverse_mod_sub_clean	70719210	70719502	292	23	0	16	18
tlm_inverse_gcd_forward_codec	70719502	70719505	3	0	0	0	0
tlm_inverse_gcd_forward_shift	70719505	70719659	154	37	0	0	2
tlm_inverse_gcd_forward_compare	70719659	70720162	503	102	0	13	14
tlm_inverse_gcd_forward_body	70720162	70721073	911	99	2	61	63
tlm_apply_inverse_fold	70721073	70723526	2453	350	0	94	129
tlm_apply_inverse_swap	70723526	70724294	768	256	0	0	0
tlm_apply_inverse_mod_sub_register	70724294	70728473	4179	769	13	182	184
tlm_apply_inverse_mod_sub_fold	70728473	70729500	1027	91	6	91	91
tlm_apply_inverse_mod_sub_clean	70729500	70729786	286	24	0	15	17
tlm_inverse_gcd_forward_codec	70729786	70729952	166	18	0	4	7
tlm_inverse_gcd_forward_shift	70729952	70730102	150	36	0	0	2
tlm_inverse_gcd_forward_compare	70730102	70730600	498	98	0	14	15
tlm_inverse_gcd_forward_body	70730600	70731468	868	95	2	58	60
tlm_apply_inverse_fold	70731468	70733921	2453	350	0	94	129
tlm_apply_inverse_swap	70733921	70734689	768	256	0	0	0
tlm_apply_inverse_mod_sub_register	70734689	70739152	4463	769	14	210	212
tlm_apply_inverse_mod_sub_fold	70739152	70740165	1013	88	8	88	88
tlm_apply_inverse_mod_sub_clean	70740165	70740457	292	23	0	16	18
tlm_inverse_gcd_forward_codec	70740457	70740460	3	0	0	0	0
tlm_inverse_gcd_forward_shift	70740460	70740606	146	35	0	0	2
tlm_inverse_gcd_forward_compare	70740606	70741087	481	96	0	13	14
tlm_inverse_gcd_forward_body	70741087	70741940	853	93	2	57	59
tlm_apply_inverse_fold	70741940	70744393	2453	350	0	94	129
tlm_apply_inverse_swap	70744393	70745161	768	256	0	0	0
tlm_apply_inverse_mod_sub_register	70745161	70749340	4179	769	13	182	184
tlm_apply_inverse_mod_sub_fold	70749340	70750367	1027	91	6	91	91
tlm_apply_inverse_mod_sub_clean	70750367	70750653	286	24	0	15	17
tlm_inverse_gcd_forward_codec	70750653	70750656	3	0	0	0	0
tlm_inverse_gcd_forward_shift	70750656	70750798	142	34	0	0	2
tlm_inverse_gcd_forward_compare	70750798	70751262	464	94	0	12	13
tlm_inverse_gcd_forward_body	70751262	70752100	838	91	2	56	58
tlm_apply_inverse_fold	70752100	70754553	2453	350	0	94	129
tlm_apply_inverse_swap	70754553	70755321	768	256	0	0	0
tlm_apply_inverse_mod_sub_register	70755321	70759236	3915	769	12	156	158
tlm_apply_inverse_mod_sub_fold	70759236	70760269	1033	93	6	91	91
tlm_apply_inverse_mod_sub_clean	70760269	70760549	280	25	0	14	16
tlm_inverse_gcd_forward_codec	70760549	70760715	166	18	0	4	7
tlm_inverse_gcd_forward_shift	70760715	70760853	138	33	0	0	2
tlm_inverse_gcd_forward_compare	70760853	70761312	459	90	0	13	14
tlm_inverse_gcd_forward_body	70761312	70762107	795	87	2	53	55
tlm_apply_inverse_fold	70762107	70764560	2453	350	0	94	129
tlm_apply_inverse_swap	70764560	70765328	768	256	0	0	0
tlm_apply_inverse_mod_sub_register	70765328	70769507	4179	769	13	182	184
tlm_apply_inverse_mod_sub_fold	70769507	70770534	1027	91	6	91	91
tlm_apply_inverse_mod_sub_clean	70770534	70770820	286	24	0	15	17
tlm_inverse_gcd_forward_codec	70770820	70770823	3	0	0	0	0
tlm_inverse_gcd_forward_shift	70770823	70770957	134	32	0	0	2
tlm_inverse_gcd_forward_compare	70770957	70771399	442	88	0	12	13
tlm_inverse_gcd_forward_body	70771399	70772179	780	85	2	52	54
tlm_apply_inverse_fold	70772179	70774632	2453	350	0	94	129
tlm_apply_inverse_swap	70774632	70775400	768	256	0	0	0
tlm_apply_inverse_mod_sub_register	70775400	70779315	3915	769	12	156	158
tlm_apply_inverse_mod_sub_fold	70779315	70780348	1033	93	6	91	91
tlm_apply_inverse_mod_sub_clean	70780348	70780628	280	25	0	14	16
tlm_inverse_gcd_forward_codec	70780628	70780631	3	0	0	0	0
tlm_inverse_gcd_forward_shift	70780631	70780761	130	31	0	0	2
tlm_inverse_gcd_forward_compare	70780761	70781186	425	86	0	11	12
tlm_inverse_gcd_forward_body	70781186	70781951	765	83	2	51	53
tlm_apply_inverse_fold	70781951	70784404	2453	350	0	94	129
tlm_apply_inverse_swap	70784404	70785172	768	256	0	0	0
tlm_apply_inverse_mod_sub_register	70785172	70788843	3671	769	11	132	134
tlm_apply_inverse_mod_sub_fold	70788843	70789870	1027	93	6	91	91
tlm_apply_inverse_mod_sub_clean	70789870	70790144	274	26	0	13	15
tlm_inverse_gcd_forward_codec	70790144	70790310	166	18	0	4	7
tlm_inverse_gcd_forward_shift	70790310	70790436	126	30	0	0	2
tlm_inverse_gcd_forward_compare	70790436	70790856	420	82	0	12	13
tlm_inverse_gcd_forward_body	70790856	70791578	722	79	2	48	50
tlm_apply_inverse_fold	70791578	70794031	2453	350	0	94	129
tlm_apply_inverse_swap	70794031	70794799	768	256	0	0	0
tlm_apply_inverse_mod_sub_register	70794799	70798714	3915	769	12	156	158
tlm_apply_inverse_mod_sub_fold	70798714	70799747	1033	93	6	91	91
tlm_apply_inverse_mod_sub_clean	70799747	70800027	280	25	0	14	16
tlm_inverse_gcd_forward_codec	70800027	70800030	3	0	0	0	0
tlm_inverse_gcd_forward_shift	70800030	70800152	122	29	0	0	2
tlm_inverse_gcd_forward_compare	70800152	70800555	403	80	0	11	12
tlm_inverse_gcd_forward_body	70800555	70801262	707	77	2	47	49
tlm_apply_inverse_fold	70801262	70803715	2453	350	0	94	129
tlm_apply_inverse_swap	70803715	70804483	768	256	0	0	0
tlm_apply_inverse_mod_sub_register	70804483	70808154	3671	769	11	132	134
tlm_apply_inverse_mod_sub_fold	70808154	70809181	1027	93	6	91	91
tlm_apply_inverse_mod_sub_clean	70809181	70809455	274	26	0	13	15
tlm_inverse_gcd_forward_codec	70809455	70809458	3	0	0	0	0
tlm_inverse_gcd_forward_shift	70809458	70809576	118	28	0	0	2
tlm_inverse_gcd_forward_compare	70809576	70809962	386	78	0	10	11
tlm_inverse_gcd_forward_body	70809962	70810819	857	87	4	58	59
tlm_apply_inverse_fold	70810819	70813272	2453	350	0	94	129
tlm_apply_inverse_swap	70813272	70814040	768	256	0	0	0
tlm_apply_inverse_mod_sub_register	70814040	70817487	3447	769	10	110	112
tlm_apply_inverse_mod_sub_fold	70817487	70818506	1019	91	6	91	91
tlm_apply_inverse_mod_sub_clean	70818506	70818774	268	27	0	12	14
tlm_inverse_gcd_forward_codec	70818774	70818940	166	18	0	4	7
tlm_inverse_gcd_forward_shift	70818940	70819054	114	27	0	0	2
tlm_inverse_gcd_forward_compare	70819054	70819435	381	74	0	11	12
tlm_inverse_gcd_forward_body	70819435	70820084	649	71	2	43	45
tlm_apply_inverse_fold	70820084	70822537	2453	350	0	94	129
tlm_apply_inverse_swap	70822537	70823305	768	256	0	0	0
tlm_apply_inverse_mod_sub_register	70823305	70826976	3671	769	11	132	134
tlm_apply_inverse_mod_sub_fold	70826976	70828003	1027	93	6	91	91
tlm_apply_inverse_mod_sub_clean	70828003	70828277	274	26	0	13	15
tlm_inverse_gcd_forward_codec	70828277	70828280	3	0	0	0	0
tlm_inverse_gcd_forward_shift	70828280	70828390	110	26	0	0	2
tlm_inverse_gcd_forward_compare	70828390	70828754	364	72	0	10	11
tlm_inverse_gcd_forward_body	70828754	70829553	799	81	4	54	55
tlm_apply_inverse_fold	70829553	70832006	2453	350	0	94	129
tlm_apply_inverse_swap	70832006	70832774	768	256	0	0	0
tlm_apply_inverse_mod_sub_register	70832774	70836221	3447	769	10	110	112
tlm_apply_inverse_mod_sub_fold	70836221	70837240	1019	91	6	91	91
tlm_apply_inverse_mod_sub_clean	70837240	70837508	268	27	0	12	14
tlm_inverse_gcd_forward_codec	70837508	70837511	3	0	0	0	0
tlm_inverse_gcd_forward_shift	70837511	70837617	106	25	0	0	2
tlm_inverse_gcd_forward_compare	70837617	70837964	347	70	0	9	10
tlm_inverse_gcd_forward_body	70837964	70838583	619	67	2	41	43
tlm_apply_inverse_fold	70838583	70841036	2453	350	0	94	129
tlm_apply_inverse_swap	70841036	70841804	768	256	0	0	0
tlm_apply_inverse_mod_sub_register	70841804	70845047	3243	769	9	90	92
tlm_apply_inverse_mod_sub_fold	70845047	70846102	1055	94	7	94	94
tlm_apply_inverse_mod_sub_clean	70846102	70846364	262	28	0	11	13
tlm_inverse_gcd_forward_codec	70846364	70846530	166	18	0	4	7
tlm_inverse_gcd_forward_shift	70846530	70846628	98	22	0	0	6
tlm_inverse_gcd_forward_compare	70846628	70846980	352	58	0	14	15
tlm_inverse_gcd_forward_body	70846980	70847424	444	52	1	29	31
tlm_apply_inverse_fold	70847424	70849877	2453	350	0	94	129
tlm_apply_inverse_swap	70849877	70850645	768	256	0	0	0
tlm_apply_inverse_mod_sub_register	70850645	70855108	4463	769	14	210	212
tlm_apply_inverse_mod_sub_fold	70855108	70856121	1013	88	8	88	88
tlm_apply_inverse_mod_sub_clean	70856121	70856413	292	23	0	16	18
tlm_inverse_gcd_forward_codec	70856413	70856416	3	0	0	0	0
tlm_inverse_gcd_forward_shift	70856416	70856506	90	21	0	0	2
tlm_inverse_gcd_forward_compare	70856506	70856841	335	56	0	13	14
tlm_inverse_gcd_forward_body	70856841	70857270	429	50	1	28	30
tlm_apply_inverse_fold	70857270	70859723	2453	350	0	94	129
tlm_apply_inverse_swap	70859723	70860491	768	256	0	0	0
tlm_apply_inverse_mod_sub_register	70860491	70864670	4179	769	13	182	184
tlm_apply_inverse_mod_sub_fold	70864670	70865697	1027	91	6	91	91
tlm_apply_inverse_mod_sub_clean	70865697	70865983	286	24	0	15	17
tlm_inverse_gcd_forward_codec	70865983	70865986	3	0	0	0	0
tlm_inverse_gcd_forward_shift	70865986	70866072	86	20	0	0	2
tlm_inverse_gcd_forward_compare	70866072	70866390	318	54	0	12	13
tlm_inverse_gcd_forward_body	70866390	70866804	414	48	1	27	29
tlm_apply_inverse_fold	70866804	70869257	2453	350	0	94	129
tlm_apply_inverse_swap	70869257	70870025	768	256	0	0	0
tlm_apply_inverse_mod_sub_register	70870025	70873940	3915	769	12	156	158
tlm_apply_inverse_mod_sub_fold	70873940	70874961	1021	91	6	91	91
tlm_apply_inverse_mod_sub_clean	70874961	70875241	280	25	0	14	16
tlm_inverse_gcd_forward_codec	70875241	70875407	166	18	0	4	7
tlm_inverse_gcd_forward_shift	70875407	70875489	82	19	0	0	2
tlm_inverse_gcd_forward_compare	70875489	70875802	313	50	0	13	14
tlm_inverse_gcd_forward_body	70875802	70876173	371	44	1	24	26
tlm_apply_inverse_fold	70876173	70878626	2453	350	0	94	129
tlm_apply_inverse_swap	70878626	70879394	768	256	0	0	0
tlm_apply_inverse_mod_sub_register	70879394	70883573	4179	769	13	182	184
tlm_apply_inverse_mod_sub_fold	70883573	70884600	1027	91	6	91	91
tlm_apply_inverse_mod_sub_clean	70884600	70884886	286	24	0	15	17
tlm_inverse_gcd_forward_codec	70884886	70884889	3	0	0	0	0
tlm_inverse_gcd_forward_shift	70884889	70884967	78	18	0	0	2
tlm_inverse_gcd_forward_compare	70884967	70885263	296	48	0	12	13
tlm_inverse_gcd_forward_body	70885263	70885619	356	42	1	23	25
tlm_apply_inverse_fold	70885619	70888072	2453	350	0	94	129
tlm_apply_inverse_swap	70888072	70888840	768	256	0	0	0
tlm_apply_inverse_mod_sub_register	70888840	70892755	3915	769	12	156	158
tlm_apply_inverse_mod_sub_fold	70892755	70893776	1021	91	6	91	91
tlm_apply_inverse_mod_sub_clean	70893776	70894056	280	25	0	14	16
tlm_inverse_gcd_forward_codec	70894056	70894059	3	0	0	0	0
tlm_inverse_gcd_forward_shift	70894059	70894133	74	17	0	0	2
tlm_inverse_gcd_forward_compare	70894133	70894412	279	46	0	11	12
tlm_inverse_gcd_forward_body	70894412	70894753	341	40	1	22	24
tlm_apply_inverse_fold	70894753	70897206	2453	350	0	94	129
tlm_apply_inverse_swap	70897206	70897974	768	256	0	0	0
tlm_apply_inverse_mod_sub_register	70897974	70901645	3671	769	11	132	134
tlm_apply_inverse_mod_sub_fold	70901645	70902664	1019	91	6	91	91
tlm_apply_inverse_mod_sub_clean	70902664	70902938	274	26	0	13	15
tlm_inverse_gcd_forward_codec	70902938	70903104	166	18	0	4	7
tlm_inverse_gcd_forward_shift	70903104	70903176	72	17	0	0	0
tlm_inverse_gcd_forward_compare	70903176	70903449	273	47	0	10	11
tlm_inverse_gcd_forward_body	70903449	70903804	355	41	1	23	25
tlm_apply_inverse_fold	70903804	70906257	2453	350	0	94	129
tlm_apply_inverse_swap	70906257	70907025	768	256	0	0	0
tlm_apply_inverse_mod_sub_register	70907025	70910472	3447	769	10	110	112
tlm_apply_inverse_mod_sub_fold	70910472	70911491	1019	91	6	91	91
tlm_apply_inverse_mod_sub_clean	70911491	70911759	268	27	0	12	14
tlm_inverse_gcd_forward_codec	70911759	70911762	3	0	0	0	0
tlm_inverse_gcd_forward_shift	70911762	70911832	70	16	0	0	2
tlm_inverse_gcd_forward_compare	70911832	70912088	256	45	0	9	10
tlm_inverse_gcd_forward_body	70912088	70912428	340	39	1	22	24
tlm_apply_inverse_fold	70912428	70914881	2453	350	0	94	129
tlm_apply_inverse_swap	70914881	70915649	768	256	0	0	0
tlm_apply_inverse_mod_sub_register	70915649	70918892	3243	769	9	90	92
tlm_apply_inverse_mod_sub_fold	70918892	70919947	1055	94	7	94	94
tlm_apply_inverse_mod_sub_clean	70919947	70920209	262	28	0	11	13
tlm_inverse_gcd_forward_codec	70920209	70920212	3	0	0	0	0
tlm_inverse_gcd_forward_shift	70920212	70920280	68	16	0	0	0
tlm_inverse_gcd_forward_compare	70920280	70920518	238	48	0	6	7
tlm_inverse_gcd_forward_body	70920518	70920918	400	43	2	26	28
tlm_apply_inverse_fold	70920918	70923371	2453	350	0	94	129
tlm_apply_inverse_swap	70923371	70924139	768	256	0	0	0
tlm_apply_inverse_mod_sub_register	70924139	70926890	2751	769	6	42	44
tlm_apply_inverse_mod_sub_fold	70926890	70928055	1165	155	0	52	105
tlm_apply_inverse_mod_sub_clean	70928055	70928299	244	31	0	8	10
tlm_inverse_gcd_forward_codec	70928299	70928465	166	18	0	4	7
tlm_inverse_gcd_forward_shift	70928465	70928531	66	15	0	0	2
tlm_inverse_gcd_forward_compare	70928531	70928764	233	44	0	7	8
tlm_inverse_gcd_forward_body	70928764	70929103	339	38	1	22	24
tlm_apply_inverse_fold	70929103	70931556	2453	350	0	94	129
tlm_apply_inverse_swap	70931556	70932324	768	256	0	0	0
tlm_apply_inverse_mod_sub_register	70932324	70935219	2895	769	7	56	58
tlm_apply_inverse_mod_sub_fold	70935219	70936384	1165	155	0	52	105
tlm_apply_inverse_mod_sub_clean	70936384	70936634	250	30	0	9	11
tlm_inverse_gcd_forward_codec	70936634	70936637	3	0	0	0	0
tlm_inverse_gcd_forward_shift	70936637	70936699	62	14	0	0	2
tlm_inverse_gcd_forward_compare	70936699	70936915	216	42	0	6	7
tlm_inverse_gcd_forward_body	70936915	70937239	324	36	1	21	23
tlm_apply_inverse_fold	70937239	70939692	2453	350	0	94	129
tlm_apply_inverse_swap	70939692	70940460	768	256	0	0	0
tlm_apply_inverse_mod_sub_register	70940460	70943211	2751	769	6	42	44
tlm_apply_inverse_mod_sub_fold	70943211	70944376	1165	155	0	52	105
tlm_apply_inverse_mod_sub_clean	70944376	70944620	244	31	0	8	10
tlm_inverse_gcd_forward_codec	70944620	70944623	3	0	0	0	0
tlm_inverse_gcd_forward_shift	70944623	70944681	58	13	0	0	2
tlm_inverse_gcd_forward_compare	70944681	70944880	199	40	0	5	6
tlm_inverse_gcd_forward_body	70944880	70945189	309	34	1	20	22
tlm_apply_inverse_fold	70945189	70947642	2453	350	0	94	129
tlm_apply_inverse_swap	70947642	70948410	768	256	0	0	0
tlm_apply_inverse_mod_sub_register	70948410	70951037	2627	769	5	30	32
tlm_apply_inverse_mod_sub_fold	70951037	70952202	1165	155	0	52	105
tlm_apply_inverse_mod_sub_clean	70952202	70952440	238	32	0	7	9
tlm_inverse_gcd_forward_codec	70952440	70952606	166	18	0	4	7
tlm_inverse_gcd_forward_shift	70952606	70952662	56	13	0	0	0
tlm_inverse_gcd_forward_compare	70952662	70952855	193	41	0	4	5
tlm_inverse_gcd_forward_body	70952855	70953196	341	36	2	22	24
tlm_apply_inverse_fold	70953196	70955649	2453	350	0	94	129
tlm_apply_inverse_swap	70955649	70956417	768	256	0	0	0
tlm_apply_inverse_mod_sub_register	70956417	70958751	2334	764	0	5	6
tlm_apply_inverse_mod_sub_fold	70958751	70959916	1165	155	0	52	105
tlm_apply_inverse_mod_sub_clean	70959916	70960148	232	33	0	6	8
tlm_inverse_gcd_forward_codec	70960148	70960151	3	0	0	0	0
tlm_inverse_gcd_forward_shift	70960151	70960205	54	12	0	0	2
tlm_inverse_gcd_forward_compare	70960205	70960381	176	39	0	3	4
tlm_inverse_gcd_forward_body	70960381	70960531	150	31	0	6	6
tlm_apply_inverse_fold	70960531	70962984	2453	350	0	94	129
tlm_apply_inverse_swap	70962984	70963752	768	256	0	0	0
tlm_apply_inverse_mod_sub_register	70963752	70966080	2328	765	0	4	5
tlm_apply_inverse_mod_sub_fold	70966080	70967245	1165	155	0	52	105
tlm_apply_inverse_mod_sub_clean	70967245	70967471	226	34	0	5	7
tlm_inverse_gcd_forward_codec	70967471	70967474	3	0	0	0	0
tlm_inverse_gcd_forward_shift	70967474	70967526	52	12	0	0	0
tlm_inverse_gcd_forward_compare	70967526	70967684	158	42	0	0	1
tlm_inverse_gcd_forward_body	70967684	70967816	132	34	0	3	3
tlm_apply_inverse_fold	70967816	70970285	2469	428	0	68	128
tlm_apply_inverse_swap	70970285	70971053	768	256	0	0	0
tlm_apply_inverse_mod_sub_register	70971053	70973363	2310	768	0	1	2
tlm_apply_inverse_mod_sub_fold	70973363	70974528	1165	155	0	52	105
tlm_apply_inverse_mod_sub_clean	70974528	70974736	208	37	0	2	4
tlm_inverse_gcd_forward_codec	70974736	70974902	166	18	0	4	7
tlm_inverse_gcd_forward_shift	70974902	70974954	52	12	0	0	0
tlm_inverse_gcd_forward_compare	70974954	70975112	158	42	0	0	1
tlm_inverse_gcd_forward_body	70975112	70975238	126	35	0	2	2
tlm_apply_inverse_fold	70975238	70977707	2469	428	0	68	128
tlm_apply_inverse_swap	70977707	70978475	768	256	0	0	0
tlm_apply_inverse_mod_sub_register	70978475	70980779	2304	769	0	0	1
tlm_apply_inverse_mod_sub_fold	70980779	70981944	1165	155	0	52	105
tlm_apply_inverse_mod_sub_clean	70981944	70982146	202	38	0	1	3
tlm_inverse_gcd_forward_codec	70982146	70982149	3	0	0	0	0
tlm_inverse_gcd_forward_shift	70982149	70982197	48	10	0	0	4
tlm_inverse_gcd_forward_compare	70982197	70982333	136	36	0	0	1
tlm_inverse_gcd_forward_body	70982333	70982447	114	28	0	3	3
tlm_apply_inverse_fold	70982447	70984916	2469	428	0	68	128
tlm_apply_inverse_swap	70984916	70985684	768	256	0	0	0
tlm_apply_inverse_mod_sub_register	70985684	70987994	2310	768	0	1	2
tlm_apply_inverse_mod_sub_fold	70987994	70989159	1165	155	0	52	105
tlm_apply_inverse_mod_sub_clean	70989159	70989367	208	37	0	2	4
tlm_inverse_gcd_forward_codec	70989367	70989370	3	0	0	0	0
tlm_inverse_gcd_forward_shift	70989370	70989414	44	10	0	0	0
tlm_inverse_gcd_forward_compare	70989414	70989550	136	36	0	0	1
tlm_inverse_gcd_forward_body	70989550	70989646	96	31	0	0	0
tlm_apply_inverse_fold	70989646	70992115	2469	428	0	68	128
tlm_apply_inverse_swap	70992115	70992883	768	256	0	0	0
tlm_apply_inverse_mod_sub_register	70992883	70995187	2304	769	0	0	1
tlm_apply_inverse_mod_sub_fold	70995187	70996352	1165	155	0	52	105
tlm_apply_inverse_mod_sub_clean	70996352	70996554	202	38	0	1	3
tlm_inverse_gcd_forward_codec	70996554	70996720	166	18	0	4	7
tlm_inverse_gcd_forward_shift	70996720	70996760	40	8	0	0	4
tlm_inverse_gcd_forward_compare	70996760	70996874	114	30	0	0	1
tlm_inverse_gcd_forward_body	70996874	70996970	96	22	0	3	3
tlm_apply_inverse_fold	70996970	70999439	2469	428	0	68	128
tlm_apply_inverse_swap	70999439	71000207	768	256	0	0	0
tlm_apply_inverse_mod_sub_register	71000207	71002517	2310	768	0	1	2
tlm_apply_inverse_mod_sub_fold	71002517	71003682	1165	155	0	52	105
tlm_apply_inverse_mod_sub_clean	71003682	71003890	208	37	0	2	4
tlm_inverse_gcd_forward_codec	71003890	71003893	3	0	0	0	0
tlm_inverse_gcd_forward_shift	71003893	71003927	34	7	0	0	2
tlm_inverse_gcd_forward_compare	71003927	71004030	103	27	0	0	1
tlm_inverse_gcd_forward_body	71004030	71004111	81	20	0	2	2
tlm_apply_inverse_fold	71004111	71006580	2469	428	0	68	128
tlm_apply_inverse_swap	71006580	71007348	768	256	0	0	0
tlm_apply_inverse_mod_sub_register	71007348	71009652	2304	769	0	0	1
tlm_apply_inverse_mod_sub_fold	71009652	71010817	1165	155	0	52	105
tlm_apply_inverse_mod_sub_clean	71010817	71011019	202	38	0	1	3
tlm_inverse_gcd_forward_codec	71011019	71011022	3	0	0	0	0
tlm_inverse_gcd_forward_shift	71011022	71011054	32	7	0	0	0
tlm_inverse_gcd_forward_compare	71011054	71011157	103	27	0	0	1
tlm_inverse_gcd_forward_body	71011157	71011226	69	22	0	0	0
tlm_apply_inverse_fold	71011226	71013695	2469	428	0	68	128
tlm_apply_inverse_swap	71013695	71014463	768	256	0	0	0
tlm_apply_inverse_mod_sub_register	71014463	71016767	2304	769	0	0	1
tlm_apply_inverse_mod_sub_fold	71016767	71017932	1165	155	0	52	105
tlm_apply_inverse_mod_sub_clean	71017932	71018134	202	38	0	1	3
tlm_inverse_gcd_forward_codec	71018134	71018300	166	18	0	4	7
tlm_inverse_gcd_forward_shift	71018300	71018332	32	7	0	0	0
tlm_inverse_gcd_forward_compare	71018332	71018435	103	27	0	0	1
tlm_inverse_gcd_forward_body	71018435	71018504	69	22	0	0	0
tlm_apply_inverse_fold	71018504	71020973	2469	428	0	68	128
tlm_apply_inverse_swap	71020973	71021741	768	256	0	0	0
tlm_apply_inverse_mod_sub_register	71021741	71024045	2304	769	0	0	1
tlm_apply_inverse_mod_sub_fold	71024045	71025210	1165	155	0	52	105
tlm_apply_inverse_mod_sub_clean	71025210	71025412	202	38	0	1	3
tlm_inverse_gcd_forward_codec	71025412	71025415	3	0	0	0	0
tlm_inverse_gcd_forward_shift	71025415	71025447	32	7	0	0	0
tlm_inverse_gcd_forward_compare	71025447	71025550	103	27	0	0	1
tlm_inverse_gcd_forward_body	71025550	71025619	69	22	0	0	0
tlm_apply_inverse_fold	71025619	71027042	1423	155	0	52	106
tlm_apply_inverse_mod_sub	71027042	71027043	1	0	0	0	0
tlm_inverse_gcd_forward_codec	71027043	71027061	18	2	0	1	1
tlm_gcd_step_end	71027061	71027340	279	0	0	0	277
tlm_inverse_gcd_reverse_decode	71027340	71027357	17	3	0	0	3
tlm_inverse_gcd_reverse_apply	71027357	71027358	1	0	0	0	0
tlm_inverse_gcd_reverse_body	71027358	71027646	288	39	0	17	18
tlm_inverse_gcd_reverse_decode	71027646	71027652	6	0	0	0	3
tlm_inverse_gcd_reverse_apply	71027652	71027653	1	0	0	0	0
tlm_inverse_gcd_reverse_body	71027653	71027941	288	39	0	17	18
tlm_inverse_gcd_reverse_decode	71027941	71028105	164	19	0	3	8
tlm_inverse_gcd_reverse_apply	71028105	71028106	1	0	0	0	0
tlm_inverse_gcd_reverse_body	71028106	71028394	288	39	0	17	18
tlm_inverse_gcd_reverse_decode	71028394	71028400	6	0	0	0	3
tlm_inverse_gcd_reverse_apply	71028400	71028401	1	0	0	0	0
tlm_inverse_gcd_reverse_body	71028401	71028689	288	39	0	17	18
tlm_inverse_gcd_reverse_decode	71028689	71028695	6	0	0	0	3
tlm_inverse_gcd_reverse_apply	71028695	71028696	1	0	0	0	0
tlm_inverse_gcd_reverse_body	71028696	71029018	322	44	0	19	20
tlm_inverse_gcd_reverse_decode	71029018	71029182	164	19	0	3	8
tlm_inverse_gcd_reverse_apply	71029182	71029183	1	0	0	0	0
tlm_inverse_gcd_reverse_body	71029183	71029573	390	54	0	23	24
tlm_inverse_gcd_reverse_decode	71029573	71029579	6	0	0	0	3
tlm_inverse_gcd_reverse_apply	71029579	71029580	1	0	0	0	0
tlm_inverse_gcd_reverse_body	71029580	71029970	390	54	0	23	24
tlm_inverse_gcd_reverse_decode	71029970	71029976	6	0	0	0	3
tlm_inverse_gcd_reverse_apply	71029976	71029977	1	0	0	0	0
tlm_inverse_gcd_reverse_body	71029977	71030435	458	64	0	27	28
tlm_inverse_gcd_reverse_decode	71030435	71030599	164	19	0	3	8
tlm_inverse_gcd_reverse_apply	71030599	71030600	1	0	0	0	0
tlm_inverse_gcd_reverse_body	71030600	71031058	458	64	0	27	28
tlm_inverse_gcd_reverse_decode	71031058	71031064	6	0	0	0	3
tlm_inverse_gcd_reverse_apply	71031064	71031065	1	0	0	0	0
tlm_inverse_gcd_reverse_body	71031065	71031523	458	64	0	27	28
tlm_inverse_gcd_reverse_decode	71031523	71031529	6	0	0	0	3
tlm_inverse_gcd_reverse_apply	71031529	71031530	1	0	0	0	0
tlm_inverse_gcd_reverse_body	71031530	71032022	492	69	0	29	30
tlm_inverse_gcd_reverse_decode	71032022	71032186	164	19	0	3	8
tlm_inverse_gcd_reverse_apply	71032186	71032187	1	0	0	0	0
tlm_inverse_gcd_reverse_body	71032187	71032679	492	69	0	29	30
tlm_inverse_gcd_reverse_decode	71032679	71032685	6	0	0	0	3
tlm_inverse_gcd_reverse_apply	71032685	71032686	1	0	0	0	0
tlm_inverse_gcd_reverse_body	71032686	71033212	526	74	0	31	32
tlm_inverse_gcd_reverse_decode	71033212	71033218	6	0	0	0	3
tlm_inverse_gcd_reverse_apply	71033218	71033219	1	0	0	0	0
tlm_inverse_gcd_reverse_body	71033219	71033779	560	79	0	33	34
tlm_inverse_gcd_reverse_decode	71033779	71033943	164	19	0	3	8
tlm_inverse_gcd_reverse_apply	71033943	71033944	1	0	0	0	0
tlm_inverse_gcd_reverse_body	71033944	71034538	594	84	0	35	36
tlm_inverse_gcd_reverse_decode	71034538	71034544	6	0	0	0	3
tlm_inverse_gcd_reverse_apply	71034544	71034545	1	0	0	0	0
tlm_inverse_gcd_reverse_body	71034545	71035139	594	84	0	35	36
tlm_inverse_gcd_reverse_decode	71035139	71035145	6	0	0	0	3
tlm_inverse_gcd_reverse_apply	71035145	71035146	1	0	0	0	0
tlm_inverse_gcd_reverse_body	71035146	71035774	628	89	0	37	38
tlm_inverse_gcd_reverse_decode	71035774	71035938	164	19	0	3	8
tlm_inverse_gcd_reverse_apply	71035938	71035939	1	0	0	0	0
tlm_inverse_gcd_reverse_body	71035939	71036567	628	89	0	37	38
tlm_inverse_gcd_reverse_decode	71036567	71036573	6	0	0	0	3
tlm_inverse_gcd_reverse_apply	71036573	71036574	1	0	0	0	0
tlm_inverse_gcd_reverse_body	71036574	71037236	662	94	0	39	40
tlm_inverse_gcd_reverse_decode	71037236	71037242	6	0	0	0	3
tlm_inverse_gcd_reverse_apply	71037242	71037243	1	0	0	0	0
tlm_inverse_gcd_reverse_body	71037243	71037939	696	99	0	41	42
tlm_inverse_gcd_reverse_decode	71037939	71038103	164	19	0	3	8
tlm_inverse_gcd_reverse_apply	71038103	71038104	1	0	0	0	0
tlm_inverse_gcd_reverse_body	71038104	71038834	730	104	0	43	44
tlm_inverse_gcd_reverse_decode	71038834	71038840	6	0	0	0	3
tlm_inverse_gcd_reverse_apply	71038840	71038841	1	0	0	0	0
tlm_inverse_gcd_reverse_body	71038841	71039605	764	109	0	45	46
tlm_inverse_gcd_reverse_decode	71039605	71039611	6	0	0	0	3
tlm_inverse_gcd_reverse_apply	71039611	71039612	1	0	0	0	0
tlm_inverse_gcd_reverse_body	71039612	71040410	798	114	0	47	48
tlm_inverse_gcd_reverse_decode	71040410	71040574	164	19	0	3	8
tlm_inverse_gcd_reverse_apply	71040574	71040575	1	0	0	0	0
tlm_inverse_gcd_reverse_body	71040575	71041461	886	128	0	52	53
tlm_inverse_gcd_reverse_decode	71041461	71041467	6	0	0	0	3
tlm_inverse_gcd_reverse_apply	71041467	71041468	1	0	0	0	0
tlm_inverse_gcd_reverse_body	71041468	71042388	920	133	0	54	55
tlm_inverse_gcd_reverse_decode	71042388	71042394	6	0	0	0	3
tlm_inverse_gcd_reverse_apply	71042394	71042395	1	0	0	0	0
tlm_inverse_gcd_reverse_body	71042395	71043349	954	138	0	56	57
tlm_inverse_gcd_reverse_decode	71043349	71043513	164	19	0	3	8
tlm_inverse_gcd_reverse_apply	71043513	71043514	1	0	0	0	0
tlm_inverse_gcd_reverse_body	71043514	71044502	988	143	0	58	59
tlm_inverse_gcd_reverse_decode	71044502	71044508	6	0	0	0	3
tlm_inverse_gcd_reverse_apply	71044508	71044509	1	0	0	0	0
tlm_inverse_gcd_reverse_body	71044509	71045531	1022	148	0	60	61
tlm_inverse_gcd_reverse_decode	71045531	71045537	6	0	0	0	3
tlm_inverse_gcd_reverse_apply	71045537	71045538	1	0	0	0	0
tlm_inverse_gcd_reverse_body	71045538	71046594	1056	153	0	62	63
tlm_inverse_gcd_reverse_decode	71046594	71046758	164	19	0	3	8
tlm_inverse_gcd_reverse_apply	71046758	71046759	1	0	0	0	0
tlm_inverse_gcd_reverse_body	71046759	71047849	1090	158	0	64	65
tlm_inverse_gcd_reverse_decode	71047849	71047855	6	0	0	0	3
tlm_inverse_gcd_reverse_apply	71047855	71047856	1	0	0	0	0
tlm_inverse_gcd_reverse_body	71047856	71048980	1124	163	0	66	67
tlm_inverse_gcd_reverse_decode	71048980	71048986	6	0	0	0	3
tlm_inverse_gcd_reverse_apply	71048986	71048987	1	0	0	0	0
tlm_inverse_gcd_reverse_body	71048987	71050145	1158	168	0	68	69
tlm_inverse_gcd_reverse_decode	71050145	71050309	164	19	0	3	8
tlm_inverse_gcd_reverse_apply	71050309	71050310	1	0	0	0	0
tlm_inverse_gcd_reverse_body	71050310	71051502	1192	173	0	70	71
tlm_inverse_gcd_reverse_decode	71051502	71051508	6	0	0	0	3
tlm_inverse_gcd_reverse_apply	71051508	71051509	1	0	0	0	0
tlm_inverse_gcd_reverse_body	71051509	71052735	1226	178	0	72	73
tlm_inverse_gcd_reverse_decode	71052735	71052741	6	0	0	0	3
tlm_inverse_gcd_reverse_apply	71052741	71052742	1	0	0	0	0
tlm_inverse_gcd_reverse_body	71052742	71054002	1260	183	0	74	75
tlm_inverse_gcd_reverse_decode	71054002	71054166	164	19	0	3	8
tlm_inverse_gcd_reverse_apply	71054166	71054167	1	0	0	0	0
tlm_inverse_gcd_reverse_body	71054167	71055461	1294	188	0	76	77
tlm_inverse_gcd_reverse_decode	71055461	71055467	6	0	0	0	3
tlm_inverse_gcd_reverse_apply	71055467	71055468	1	0	0	0	0
tlm_inverse_gcd_reverse_body	71055468	71056796	1328	193	0	78	79
tlm_inverse_gcd_reverse_decode	71056796	71056802	6	0	0	0	3
tlm_inverse_gcd_reverse_apply	71056802	71056803	1	0	0	0	0
tlm_inverse_gcd_reverse_body	71056803	71058165	1362	198	0	80	81
tlm_inverse_gcd_reverse_decode	71058165	71058329	164	19	0	3	8
tlm_inverse_gcd_reverse_apply	71058329	71058330	1	0	0	0	0
tlm_inverse_gcd_reverse_body	71058330	71059726	1396	203	0	82	83
tlm_inverse_gcd_reverse_decode	71059726	71059732	6	0	0	0	3
tlm_inverse_gcd_reverse_apply	71059732	71059733	1	0	0	0	0
tlm_inverse_gcd_reverse_body	71059733	71061163	1430	208	0	84	85
tlm_inverse_gcd_reverse_decode	71061163	71061169	6	0	0	0	3
tlm_inverse_gcd_reverse_apply	71061169	71061170	1	0	0	0	0
tlm_inverse_gcd_reverse_body	71061170	71062634	1464	213	0	86	87
tlm_inverse_gcd_reverse_decode	71062634	71062798	164	19	0	3	8
tlm_inverse_gcd_reverse_apply	71062798	71062799	1	0	0	0	0
tlm_inverse_gcd_reverse_body	71062799	71064297	1498	218	0	88	89
tlm_inverse_gcd_reverse_decode	71064297	71064303	6	0	0	0	3
tlm_inverse_gcd_reverse_apply	71064303	71064304	1	0	0	0	0
tlm_inverse_gcd_reverse_body	71064304	71065822	1518	222	0	89	90
tlm_inverse_gcd_reverse_decode	71065822	71065828	6	0	0	0	3
tlm_inverse_gcd_reverse_apply	71065828	71065829	1	0	0	0	0
tlm_inverse_gcd_reverse_body	71065829	71067381	1552	227	0	91	92
tlm_inverse_gcd_reverse_decode	71067381	71067545	164	19	0	3	8
tlm_inverse_gcd_reverse_apply	71067545	71067546	1	0	0	0	0
tlm_inverse_gcd_reverse_body	71067546	71069132	1586	232	0	93	94
tlm_inverse_gcd_reverse_decode	71069132	71069138	6	0	0	0	3
tlm_inverse_gcd_reverse_apply	71069138	71069139	1	0	0	0	0
tlm_inverse_gcd_reverse_body	71069139	71070759	1620	237	0	95	96
tlm_inverse_gcd_reverse_decode	71070759	71070765	6	0	0	0	3
tlm_inverse_gcd_reverse_apply	71070765	71070766	1	0	0	0	0
tlm_inverse_gcd_reverse_body	71070766	71072420	1654	242	0	97	98
tlm_inverse_gcd_reverse_decode	71072420	71072584	164	19	0	3	8
tlm_inverse_gcd_reverse_apply	71072584	71072585	1	0	0	0	0
tlm_inverse_gcd_reverse_body	71072585	71074273	1688	247	0	99	100
tlm_inverse_gcd_reverse_decode	71074273	71074279	6	0	0	0	3
tlm_inverse_gcd_reverse_apply	71074279	71074280	1	0	0	0	0
tlm_inverse_gcd_reverse_body	71074280	71076002	1722	252	0	101	102
tlm_inverse_gcd_reverse_decode	71076002	71076008	6	0	0	0	3
tlm_inverse_gcd_reverse_apply	71076008	71076009	1	0	0	0	0
tlm_inverse_gcd_reverse_body	71076009	71077765	1756	257	0	103	104
tlm_inverse_gcd_reverse_decode	71077765	71077929	164	19	0	3	8
tlm_inverse_gcd_reverse_apply	71077929	71077930	1	0	0	0	0
tlm_inverse_gcd_reverse_body	71077930	71079720	1790	262	0	105	106
tlm_inverse_gcd_reverse_decode	71079720	71079726	6	0	0	0	3
tlm_inverse_gcd_reverse_apply	71079726	71079727	1	0	0	0	0
tlm_inverse_gcd_reverse_body	71079727	71081537	1810	266	0	106	107
tlm_inverse_gcd_reverse_decode	71081537	71081543	6	0	0	0	3
tlm_inverse_gcd_reverse_apply	71081543	71081544	1	0	0	0	0
tlm_inverse_gcd_reverse_body	71081544	71083374	1830	270	0	107	108
tlm_inverse_gcd_reverse_decode	71083374	71083538	164	19	0	3	8
tlm_inverse_gcd_reverse_apply	71083538	71083539	1	0	0	0	0
tlm_inverse_gcd_reverse_body	71083539	71085389	1850	274	0	108	109
tlm_inverse_gcd_reverse_decode	71085389	71085395	6	0	0	0	3
tlm_inverse_gcd_reverse_apply	71085395	71085396	1	0	0	0	0
tlm_inverse_gcd_reverse_body	71085396	71087266	1870	278	0	109	110
tlm_inverse_gcd_reverse_decode	71087266	71087272	6	0	0	0	3
tlm_inverse_gcd_reverse_apply	71087272	71087273	1	0	0	0	0
tlm_inverse_gcd_reverse_body	71087273	71089163	1890	282	0	110	111
tlm_inverse_gcd_reverse_decode	71089163	71089327	164	19	0	3	8
tlm_inverse_gcd_reverse_apply	71089327	71089328	1	0	0	0	0
tlm_inverse_gcd_reverse_body	71089328	71091224	1896	285	0	110	111
tlm_inverse_gcd_reverse_decode	71091224	71091230	6	0	0	0	3
tlm_inverse_gcd_reverse_apply	71091230	71091231	1	0	0	0	0
tlm_inverse_gcd_reverse_body	71091231	71093161	1930	290	0	112	113
tlm_inverse_gcd_reverse_decode	71093161	71093167	6	0	0	0	3
tlm_inverse_gcd_reverse_apply	71093167	71093168	1	0	0	0	0
tlm_inverse_gcd_reverse_body	71093168	71095090	1922	292	0	111	112
tlm_inverse_gcd_reverse_decode	71095090	71095254	164	19	0	3	8
tlm_inverse_gcd_reverse_apply	71095254	71095255	1	0	0	0	0
tlm_inverse_gcd_reverse_body	71095255	71097211	1956	297	0	113	114
tlm_inverse_gcd_reverse_decode	71097211	71097217	6	0	0	0	3
tlm_inverse_gcd_reverse_apply	71097217	71097218	1	0	0	0	0
tlm_inverse_gcd_reverse_body	71097218	71099194	1976	301	0	114	115
tlm_inverse_gcd_reverse_decode	71099194	71099200	6	0	0	0	3
tlm_inverse_gcd_reverse_apply	71099200	71099201	1	0	0	0	0
tlm_inverse_gcd_reverse_body	71099201	71101169	1968	303	0	113	114
tlm_inverse_gcd_reverse_decode	71101169	71101333	164	19	0	3	8
tlm_inverse_gcd_reverse_apply	71101333	71101334	1	0	0	0	0
tlm_inverse_gcd_reverse_body	71101334	71103336	2002	308	0	115	116
tlm_inverse_gcd_reverse_decode	71103336	71103342	6	0	0	0	3
tlm_inverse_gcd_reverse_apply	71103342	71103343	1	0	0	0	0
tlm_inverse_gcd_reverse_body	71103343	71105337	1994	310	0	114	115
tlm_inverse_gcd_reverse_decode	71105337	71105343	6	0	0	0	3
tlm_inverse_gcd_reverse_apply	71105343	71105344	1	0	0	0	0
tlm_inverse_gcd_reverse_body	71105344	71107358	2014	314	0	115	116
tlm_inverse_gcd_reverse_decode	71107358	71107522	164	19	0	3	8
tlm_inverse_gcd_reverse_apply	71107522	71107523	1	0	0	0	0
tlm_inverse_gcd_reverse_body	71107523	71109557	2034	318	0	116	117
tlm_inverse_gcd_reverse_decode	71109557	71109563	6	0	0	0	3
tlm_inverse_gcd_reverse_apply	71109563	71109564	1	0	0	0	0
tlm_inverse_gcd_reverse_body	71109564	71111632	2068	323	0	118	119
tlm_inverse_gcd_reverse_decode	71111632	71111638	6	0	0	0	3
tlm_inverse_gcd_reverse_apply	71111638	71111639	1	0	0	0	0
tlm_inverse_gcd_reverse_body	71111639	71113713	2074	326	0	118	119
tlm_inverse_gcd_reverse_decode	71113713	71113877	164	19	0	3	8
tlm_inverse_gcd_reverse_apply	71113877	71113878	1	0	0	0	0
tlm_inverse_gcd_reverse_body	71113878	71115972	2094	330	0	119	120
tlm_inverse_gcd_reverse_decode	71115972	71115978	6	0	0	0	3
tlm_inverse_gcd_reverse_apply	71115978	71115979	1	0	0	0	0
tlm_inverse_gcd_reverse_body	71115979	71118093	2114	334	0	120	121
tlm_inverse_gcd_reverse_decode	71118093	71118099	6	0	0	0	3
tlm_inverse_gcd_reverse_apply	71118099	71118100	1	0	0	0	0
tlm_inverse_gcd_reverse_body	71118100	71120234	2134	338	0	121	122
tlm_inverse_gcd_reverse_decode	71120234	71120398	164	19	0	3	8
tlm_inverse_gcd_reverse_apply	71120398	71120399	1	0	0	0	0
tlm_inverse_gcd_reverse_body	71120399	71122553	2154	342	0	122	123
tlm_inverse_gcd_reverse_decode	71122553	71122559	6	0	0	0	3
tlm_inverse_gcd_reverse_apply	71122559	71122560	1	0	0	0	0
tlm_inverse_gcd_reverse_body	71122560	71124734	2174	346	0	123	124
tlm_inverse_gcd_reverse_decode	71124734	71124740	6	0	0	0	3
tlm_inverse_gcd_reverse_apply	71124740	71124741	1	0	0	0	0
tlm_inverse_gcd_reverse_body	71124741	71126949	2208	351	0	125	126
tlm_inverse_gcd_reverse_decode	71126949	71127113	164	19	0	3	8
tlm_inverse_gcd_reverse_apply	71127113	71127114	1	0	0	0	0
tlm_inverse_gcd_reverse_body	71127114	71129328	2214	354	0	125	126
tlm_inverse_gcd_reverse_decode	71129328	71129334	6	0	0	0	3
tlm_inverse_gcd_reverse_apply	71129334	71129335	1	0	0	0	0
tlm_inverse_gcd_reverse_body	71129335	71131555	2220	357	0	125	126
tlm_inverse_gcd_reverse_decode	71131555	71131561	6	0	0	0	3
tlm_inverse_gcd_reverse_apply	71131561	71131562	1	0	0	0	0
tlm_inverse_gcd_reverse_body	71131562	71133802	2240	361	0	126	127
tlm_inverse_gcd_reverse_decode	71133802	71133966	164	19	0	3	8
tlm_inverse_gcd_reverse_apply	71133966	71133967	1	0	0	0	0
tlm_inverse_gcd_reverse_body	71133967	71136227	2260	365	0	127	128
tlm_inverse_gcd_reverse_decode	71136227	71136233	6	0	0	0	3
tlm_inverse_gcd_reverse_apply	71136233	71136234	1	0	0	0	0
tlm_inverse_gcd_reverse_body	71136234	71138514	2280	369	0	128	129
tlm_inverse_gcd_reverse_decode	71138514	71138520	6	0	0	0	3
tlm_inverse_gcd_reverse_apply	71138520	71138521	1	0	0	0	0
tlm_inverse_gcd_reverse_body	71138521	71140821	2300	373	0	129	130
tlm_inverse_gcd_reverse_decode	71140821	71140985	164	19	0	3	8
tlm_inverse_gcd_reverse_apply	71140985	71140986	1	0	0	0	0
tlm_inverse_gcd_reverse_body	71140986	71143306	2320	377	0	130	131
tlm_inverse_gcd_reverse_decode	71143306	71143312	6	0	0	0	3
tlm_inverse_gcd_reverse_apply	71143312	71143313	1	0	0	0	0
tlm_inverse_gcd_reverse_body	71143313	71145653	2340	381	0	131	132
tlm_inverse_gcd_reverse_decode	71145653	71145659	6	0	0	0	3
tlm_inverse_gcd_reverse_apply	71145659	71145660	1	0	0	0	0
tlm_inverse_gcd_reverse_body	71145660	71148006	2346	384	0	131	132
tlm_inverse_gcd_reverse_decode	71148006	71148170	164	19	0	3	8
tlm_inverse_gcd_reverse_apply	71148170	71148171	1	0	0	0	0
tlm_inverse_gcd_reverse_body	71148171	71150537	2366	388	0	132	133
tlm_inverse_gcd_reverse_decode	71150537	71150543	6	0	0	0	3
tlm_inverse_gcd_reverse_apply	71150543	71150544	1	0	0	0	0
tlm_inverse_gcd_reverse_body	71150544	71152944	2400	393	0	134	135
tlm_inverse_gcd_reverse_decode	71152944	71152950	6	0	0	0	3
tlm_inverse_gcd_reverse_apply	71152950	71152951	1	0	0	0	0
tlm_inverse_gcd_reverse_body	71152951	71155357	2406	396	0	134	135
tlm_inverse_gcd_reverse_decode	71155357	71155521	164	19	0	3	8
tlm_inverse_gcd_reverse_apply	71155521	71155522	1	0	0	0	0
tlm_inverse_gcd_reverse_body	71155522	71157948	2426	400	0	135	136
tlm_inverse_gcd_reverse_decode	71157948	71157954	6	0	0	0	3
tlm_inverse_gcd_reverse_apply	71157954	71157955	1	0	0	0	0
tlm_inverse_gcd_reverse_body	71157955	71160415	2460	405	0	137	138
tlm_inverse_gcd_reverse_decode	71160415	71160421	6	0	0	0	3
tlm_inverse_gcd_reverse_apply	71160421	71160422	1	0	0	0	0
tlm_inverse_gcd_reverse_body	71160422	71162888	2466	408	0	137	138
tlm_inverse_gcd_reverse_decode	71162888	71163052	164	19	0	3	8
tlm_inverse_gcd_reverse_apply	71163052	71163053	1	0	0	0	0
tlm_inverse_gcd_reverse_body	71163053	71165539	2486	412	0	138	139
tlm_inverse_gcd_reverse_decode	71165539	71165545	6	0	0	0	3
tlm_inverse_gcd_reverse_apply	71165545	71165546	1	0	0	0	0
tlm_inverse_gcd_reverse_body	71165546	71168052	2506	416	0	139	140
tlm_inverse_gcd_reverse_decode	71168052	71168058	6	0	0	0	3
tlm_inverse_gcd_reverse_apply	71168058	71168059	1	0	0	0	0
tlm_inverse_gcd_reverse_body	71168059	71170571	2512	419	0	139	140
tlm_inverse_gcd_reverse_decode	71170571	71170735	164	19	0	3	8
tlm_inverse_gcd_reverse_apply	71170735	71170736	1	0	0	0	0
tlm_inverse_gcd_reverse_body	71170736	71173268	2532	423	0	140	141
tlm_inverse_gcd_reverse_decode	71173268	71173274	6	0	0	0	3
tlm_inverse_gcd_reverse_apply	71173274	71173275	1	0	0	0	0
tlm_inverse_gcd_reverse_body	71173275	71175841	2566	428	0	142	143
tlm_inverse_gcd_reverse_decode	71175841	71175847	6	0	0	0	3
tlm_inverse_gcd_reverse_apply	71175847	71175848	1	0	0	0	0
tlm_inverse_gcd_reverse_body	71175848	71178420	2572	431	0	142	143
tlm_inverse_gcd_reverse_decode	71178420	71178584	164	19	0	3	8
tlm_inverse_gcd_reverse_apply	71178584	71178585	1	0	0	0	0
tlm_inverse_gcd_reverse_body	71178585	71181177	2592	435	0	143	144
tlm_inverse_gcd_reverse_decode	71181177	71181183	6	0	0	0	3
tlm_inverse_gcd_reverse_apply	71181183	71181184	1	0	0	0	0
tlm_inverse_gcd_reverse_body	71181184	71183796	2612	439	0	144	145
tlm_inverse_gcd_reverse_decode	71183796	71183802	6	0	0	0	3
tlm_inverse_gcd_reverse_apply	71183802	71183803	1	0	0	0	0
tlm_inverse_gcd_reverse_body	71183803	71186435	2632	443	0	145	146
tlm_inverse_gcd_reverse_decode	71186435	71186599	164	19	0	3	8
tlm_inverse_gcd_reverse_apply	71186599	71186600	1	0	0	0	0
tlm_inverse_gcd_reverse_body	71186600	71189252	2652	447	0	146	147
tlm_inverse_gcd_reverse_decode	71189252	71189258	6	0	0	0	3
tlm_inverse_gcd_reverse_apply	71189258	71189259	1	0	0	0	0
tlm_inverse_gcd_reverse_body	71189259	71191945	2686	452	0	148	149
tlm_inverse_gcd_reverse_decode	71191945	71191951	6	0	0	0	3
tlm_inverse_gcd_reverse_apply	71191951	71191952	1	0	0	0	0
tlm_inverse_gcd_reverse_body	71191952	71194630	2678	454	0	147	148
tlm_inverse_gcd_reverse_decode	71194630	71194794	164	19	0	3	8
tlm_inverse_gcd_reverse_apply	71194794	71194795	1	0	0	0	0
tlm_inverse_gcd_reverse_body	71194795	71197507	2712	459	0	149	150
tlm_inverse_gcd_reverse_decode	71197507	71197513	6	0	0	0	3
tlm_inverse_gcd_reverse_apply	71197513	71197514	1	0	0	0	0
tlm_inverse_gcd_reverse_body	71197514	71200246	2732	463	0	150	151
tlm_inverse_gcd_reverse_decode	71200246	71200252	6	0	0	0	3
tlm_inverse_gcd_reverse_apply	71200252	71200253	1	0	0	0	0
tlm_inverse_gcd_reverse_body	71200253	71202991	2738	466	0	150	151
tlm_inverse_gcd_reverse_decode	71202991	71203155	164	19	0	3	8
tlm_inverse_gcd_reverse_apply	71203155	71203156	1	0	0	0	0
tlm_inverse_gcd_reverse_body	71203156	71205914	2758	470	0	151	152
tlm_inverse_gcd_reverse_decode	71205914	71205920	6	0	0	0	3
tlm_inverse_gcd_reverse_apply	71205920	71205921	1	0	0	0	0
tlm_inverse_gcd_reverse_body	71205921	71208699	2778	474	0	152	153
tlm_inverse_gcd_reverse_decode	71208699	71208705	6	0	0	0	3
tlm_inverse_gcd_reverse_apply	71208705	71208706	1	0	0	0	0
tlm_inverse_gcd_reverse_body	71208706	71211504	2798	478	0	153	154
tlm_inverse_gcd_reverse_decode	71211504	71211668	164	19	0	3	8
tlm_inverse_gcd_reverse_apply	71211668	71211669	1	0	0	0	0
tlm_inverse_gcd_reverse_body	71211669	71214487	2818	482	0	154	155
tlm_inverse_gcd_reverse_decode	71214487	71214493	6	0	0	0	3
tlm_inverse_gcd_reverse_apply	71214493	71214494	1	0	0	0	0
tlm_inverse_gcd_reverse_body	71214494	71217318	2824	485	0	154	155
tlm_inverse_gcd_reverse_decode	71217318	71217324	6	0	0	0	3
tlm_inverse_gcd_reverse_apply	71217324	71217325	1	0	0	0	0
tlm_inverse_gcd_reverse_body	71217325	71220183	2858	490	0	156	157
tlm_inverse_gcd_reverse_decode	71220183	71220347	164	19	0	3	8
tlm_inverse_gcd_reverse_apply	71220347	71220348	1	0	0	0	0
tlm_inverse_gcd_reverse_body	71220348	71223226	2878	494	0	157	158
tlm_inverse_gcd_reverse_decode	71223226	71223232	6	0	0	0	3
tlm_inverse_gcd_reverse_apply	71223232	71223233	1	0	0	0	0
tlm_inverse_gcd_reverse_body	71223233	71226117	2884	497	0	157	158
tlm_inverse_gcd_reverse_decode	71226117	71226123	6	0	0	0	3
tlm_inverse_gcd_reverse_apply	71226123	71226124	1	0	0	0	0
tlm_inverse_gcd_reverse_body	71226124	71229042	2918	502	0	159	160
tlm_inverse_gcd_reverse_decode	71229042	71229206	164	19	0	3	8
tlm_inverse_gcd_reverse_apply	71229206	71229207	1	0	0	0	0
tlm_inverse_gcd_reverse_body	71229207	71232131	2924	505	0	159	160
tlm_inverse_gcd_reverse_decode	71232131	71232137	6	0	0	0	3
tlm_inverse_gcd_reverse_apply	71232137	71232138	1	0	0	0	0
tlm_inverse_gcd_reverse_body	71232138	71235082	2944	509	0	160	161
tlm_inverse_gcd_reverse_decode	71235082	71235088	6	0	0	0	3
tlm_inverse_gcd_reverse_apply	71235088	71235089	1	0	0	0	0
tlm_inverse_gcd_reverse_body	71235089	71238087	2998	518	0	163	164
tlm_inverse_gcd_reverse_decode	71238087	71238251	164	19	0	3	8
tlm_inverse_gcd_reverse_apply	71238251	71238252	1	0	0	0	0
tlm_inverse_gcd_reverse_body	71238252	71241236	2984	517	0	162	163
tlm_inverse_gcd_reverse_decode	71241236	71241242	6	0	0	0	3
tlm_inverse_gcd_reverse_apply	71241242	71241243	1	0	0	0	0
tlm_inverse_gcd_reverse_body	71241243	71244281	3038	526	0	165	166
tlm_inverse_gcd_reverse_decode	71244281	71244287	6	0	0	0	3
tlm_inverse_gcd_reverse_apply	71244287	71244288	1	0	0	0	0
tlm_inverse_gcd_reverse_body	71244288	71247332	3044	529	0	165	166
tlm_inverse_gcd_reverse_decode	71247332	71247496	164	19	0	3	8
tlm_inverse_gcd_reverse_apply	71247496	71247497	1	0	0	0	0
tlm_inverse_gcd_reverse_body	71247497	71250575	3078	534	0	167	168
tlm_inverse_gcd_reverse_decode	71250575	71250581	6	0	0	0	3
tlm_inverse_gcd_reverse_apply	71250581	71250582	1	0	0	0	0
tlm_inverse_gcd_reverse_body	71250582	71253632	3050	532	0	165	166
tlm_inverse_gcd_reverse_decode	71253632	71253638	6	0	0	0	3
tlm_inverse_gcd_reverse_apply	71253638	71253639	1	0	0	0	0
tlm_inverse_gcd_reverse_body	71253639	71256723	3084	537	0	167	168
tlm_inverse_gcd_reverse_decode	71256723	71256887	164	19	0	3	8
tlm_inverse_gcd_reverse_apply	71256887	71256888	1	0	0	0	0
tlm_inverse_gcd_reverse_body	71256888	71259978	3090	540	0	167	168
tlm_inverse_gcd_reverse_decode	71259978	71259984	6	0	0	0	3
tlm_inverse_gcd_reverse_apply	71259984	71259985	1	0	0	0	0
tlm_inverse_gcd_reverse_body	71259985	71263095	3110	544	0	168	169
tlm_inverse_gcd_reverse_decode	71263095	71263101	6	0	0	0	3
tlm_inverse_gcd_reverse_apply	71263101	71263102	1	0	0	0	0
tlm_inverse_gcd_reverse_body	71263102	71266246	3144	549	0	170	171
tlm_inverse_gcd_reverse_decode	71266246	71266410	164	19	0	3	8
tlm_inverse_gcd_reverse_apply	71266410	71266411	1	0	0	0	0
tlm_inverse_gcd_reverse_body	71266411	71269575	3164	553	0	171	172
tlm_inverse_gcd_reverse_decode	71269575	71269581	6	0	0	0	3
tlm_inverse_gcd_reverse_apply	71269581	71269582	1	0	0	0	0
tlm_inverse_gcd_reverse_body	71269582	71272772	3190	560	0	172	173
tlm_inverse_gcd_reverse_decode	71272772	71272778	6	0	0	0	3
tlm_inverse_gcd_reverse_apply	71272778	71272779	1	0	0	0	0
tlm_inverse_gcd_reverse_body	71272779	71276003	3224	565	0	174	175
tlm_inverse_gcd_reverse_decode	71276003	71276167	164	19	0	3	8
tlm_inverse_gcd_reverse_apply	71276167	71276168	1	0	0	0	0
tlm_inverse_gcd_reverse_body	71276168	71279412	3244	569	0	175	176
tlm_inverse_gcd_reverse_decode	71279412	71279418	6	0	0	0	3
tlm_inverse_gcd_reverse_apply	71279418	71279419	1	0	0	0	0
tlm_inverse_gcd_reverse_body	71279419	71282683	3264	573	0	176	177
tlm_inverse_gcd_reverse_decode	71282683	71282689	6	0	0	0	3
tlm_inverse_gcd_reverse_apply	71282689	71282690	1	0	0	0	0
tlm_inverse_gcd_reverse_body	71282690	71285974	3284	577	0	177	178
tlm_inverse_gcd_reverse_decode	71285974	71286138	164	19	0	3	8
tlm_inverse_gcd_reverse_apply	71286138	71286139	1	0	0	0	0
tlm_inverse_gcd_reverse_body	71286139	71289429	3290	580	0	177	178
tlm_inverse_gcd_reverse_decode	71289429	71289435	6	0	0	0	3
tlm_inverse_gcd_reverse_apply	71289435	71289436	1	0	0	0	0
tlm_inverse_gcd_reverse_body	71289436	71292746	3310	584	0	178	179
tlm_inverse_gcd_reverse_decode	71292746	71292752	6	0	0	0	3
tlm_inverse_gcd_reverse_apply	71292752	71292753	1	0	0	0	0
tlm_inverse_gcd_reverse_body	71292753	71296083	3330	588	0	179	180
tlm_inverse_gcd_reverse_decode	71296083	71296247	164	19	0	3	8
tlm_inverse_gcd_reverse_apply	71296247	71296248	1	0	0	0	0
tlm_inverse_gcd_reverse_body	71296248	71299598	3350	592	0	180	181
tlm_inverse_gcd_reverse_decode	71299598	71299604	6	0	0	0	3
tlm_inverse_gcd_reverse_apply	71299604	71299605	1	0	0	0	0
tlm_inverse_gcd_reverse_body	71299605	71302955	3350	592	0	180	181
tlm_inverse_gcd_reverse_decode	71302955	71302961	6	0	0	0	3
tlm_inverse_gcd_reverse_apply	71302961	71302962	1	0	0	0	0
tlm_inverse_gcd_reverse_body	71302962	71306352	3390	600	0	182	183
tlm_inverse_gcd_reverse_decode	71306352	71306516	164	19	0	3	8
tlm_inverse_gcd_reverse_apply	71306516	71306517	1	0	0	0	0
tlm_inverse_gcd_reverse_body	71306517	71309927	3410	604	0	183	184
tlm_inverse_gcd_reverse_decode	71309927	71309933	6	0	0	0	3
tlm_inverse_gcd_reverse_apply	71309933	71309934	1	0	0	0	0
tlm_inverse_gcd_reverse_body	71309934	71313378	3444	609	0	185	186
tlm_inverse_gcd_reverse_decode	71313378	71313384	6	0	0	0	3
tlm_inverse_gcd_reverse_apply	71313384	71313385	1	0	0	0	0
tlm_inverse_gcd_reverse_body	71313385	71316815	3430	608	0	184	185
tlm_inverse_gcd_reverse_decode	71316815	71316979	164	19	0	3	8
tlm_inverse_gcd_reverse_apply	71316979	71316980	1	0	0	0	0
tlm_inverse_gcd_reverse_body	71316980	71320416	3436	611	0	184	185
tlm_inverse_gcd_reverse_decode	71320416	71320422	6	0	0	0	3
tlm_inverse_gcd_reverse_apply	71320422	71320423	1	0	0	0	0
tlm_inverse_gcd_reverse_body	71320423	71323893	3470	616	0	186	187
tlm_inverse_gcd_reverse_decode	71323893	71323899	6	0	0	0	3
tlm_inverse_gcd_reverse_apply	71323899	71323900	1	0	0	0	0
tlm_inverse_gcd_reverse_body	71323900	71327376	3476	619	0	186	187
tlm_inverse_gcd_reverse_decode	71327376	71327540	164	19	0	3	8
tlm_inverse_gcd_reverse_apply	71327540	71327541	1	0	0	0	0
tlm_inverse_gcd_reverse_body	71327541	71331037	3496	623	0	187	188
tlm_inverse_gcd_reverse_decode	71331037	71331043	6	0	0	0	3
tlm_inverse_gcd_reverse_apply	71331043	71331044	1	0	0	0	0
tlm_inverse_gcd_reverse_body	71331044	71334594	3550	632	0	190	191
tlm_inverse_gcd_reverse_decode	71334594	71334600	6	0	0	0	3
tlm_inverse_gcd_reverse_apply	71334600	71334601	1	0	0	0	0
tlm_inverse_gcd_reverse_body	71334601	71338171	3570	636	0	191	192
tlm_inverse_gcd_reverse_decode	71338171	71338335	164	19	0	3	8
tlm_inverse_gcd_reverse_apply	71338335	71338336	1	0	0	0	0
tlm_inverse_gcd_reverse_body	71338336	71341926	3590	640	0	192	193
tlm_inverse_gcd_reverse_decode	71341926	71341932	6	0	0	0	3
tlm_inverse_gcd_reverse_apply	71341932	71341933	1	0	0	0	0
tlm_inverse_gcd_reverse_body	71341933	71345543	3610	644	0	193	194
tlm_inverse_gcd_reverse_decode	71345543	71345549	6	0	0	0	3
tlm_inverse_gcd_reverse_apply	71345549	71345550	1	0	0	0	0
tlm_inverse_gcd_reverse_body	71345550	71349180	3630	648	0	194	195
tlm_inverse_gcd_reverse_decode	71349180	71349344	164	19	0	3	8
tlm_inverse_gcd_reverse_apply	71349344	71349345	1	0	0	0	0
tlm_inverse_gcd_reverse_body	71349345	71352981	3636	651	0	194	195
tlm_inverse_gcd_reverse_decode	71352981	71352987	6	0	0	0	3
tlm_inverse_gcd_reverse_apply	71352987	71352988	1	0	0	0	0
tlm_inverse_gcd_reverse_body	71352988	71356658	3670	656	0	196	197
tlm_inverse_gcd_reverse_decode	71356658	71356664	6	0	0	0	3
tlm_inverse_gcd_reverse_apply	71356664	71356665	1	0	0	0	0
tlm_inverse_gcd_reverse_body	71356665	71360307	3642	654	0	194	195
tlm_inverse_gcd_reverse_decode	71360307	71360471	164	19	0	3	8
tlm_inverse_gcd_reverse_apply	71360471	71360472	1	0	0	0	0
tlm_inverse_gcd_reverse_body	71360472	71364168	3696	663	0	197	198
tlm_inverse_gcd_reverse_decode	71364168	71364174	6	0	0	0	3
tlm_inverse_gcd_reverse_apply	71364174	71364175	1	0	0	0	0
tlm_inverse_gcd_reverse_body	71364175	71367891	3716	667	0	198	199
tlm_inverse_gcd_reverse_decode	71367891	71367897	6	0	0	0	3
tlm_inverse_gcd_reverse_apply	71367897	71367898	1	0	0	0	0
tlm_inverse_gcd_reverse_body	71367898	71371600	3702	666	0	197	198
tlm_inverse_gcd_reverse_decode	71371600	71371764	164	19	0	3	8
tlm_inverse_gcd_reverse_apply	71371764	71371765	1	0	0	0	0
tlm_inverse_gcd_reverse_body	71371765	71375521	3756	675	0	200	201
tlm_inverse_gcd_reverse_decode	71375521	71375527	6	0	0	0	3
tlm_inverse_gcd_reverse_apply	71375527	71375528	1	0	0	0	0
tlm_inverse_gcd_reverse_body	71375528	71379290	3762	678	0	200	201
tlm_inverse_gcd_reverse_decode	71379290	71379296	6	0	0	0	3
tlm_inverse_gcd_reverse_apply	71379296	71379297	1	0	0	0	0
tlm_inverse_gcd_reverse_body	71379297	71383093	3796	683	0	202	203
tlm_inverse_gcd_reverse_decode	71383093	71383257	164	19	0	3	8
tlm_inverse_gcd_reverse_apply	71383257	71383258	1	0	0	0	0
tlm_inverse_gcd_reverse_body	71383258	71387040	3782	682	0	201	202
tlm_inverse_gcd_reverse_decode	71387040	71387046	6	0	0	0	3
tlm_inverse_gcd_reverse_apply	71387046	71387047	1	0	0	0	0
tlm_inverse_gcd_reverse_body	71387047	71390869	3822	690	0	203	204
tlm_inverse_gcd_reverse_decode	71390869	71390875	6	0	0	0	3
tlm_inverse_gcd_reverse_apply	71390875	71390876	1	0	0	0	0
tlm_inverse_gcd_reverse_body	71390876	71394752	3876	699	0	206	207
tlm_inverse_gcd_reverse_decode	71394752	71394916	164	19	0	3	8
tlm_inverse_gcd_reverse_apply	71394916	71394917	1	0	0	0	0
tlm_inverse_gcd_reverse_body	71394917	71398813	3896	703	0	207	208
tlm_inverse_gcd_reverse_decode	71398813	71398819	6	0	0	0	3
tlm_inverse_gcd_reverse_apply	71398819	71398820	1	0	0	0	0
tlm_inverse_gcd_reverse_body	71398820	71402750	3930	708	0	209	210
tlm_inverse_gcd_reverse_decode	71402750	71402756	6	0	0	0	3
tlm_inverse_gcd_reverse_apply	71402756	71402757	1	0	0	0	0
tlm_inverse_gcd_reverse_body	71402757	71406679	3922	710	0	208	209
tlm_inverse_gcd_reverse_decode	71406679	71406843	164	19	0	3	8
tlm_inverse_gcd_reverse_apply	71406843	71406844	1	0	0	0	0
tlm_inverse_gcd_reverse_body	71406844	71410786	3942	714	0	209	210
tlm_inverse_gcd_reverse_decode	71410786	71410792	6	0	0	0	3
tlm_inverse_gcd_reverse_apply	71410792	71410793	1	0	0	0	0
tlm_inverse_gcd_reverse_body	71410793	71414789	3996	723	0	212	213
tlm_inverse_gcd_reverse_decode	71414789	71414795	6	0	0	0	3
tlm_inverse_gcd_reverse_apply	71414795	71414796	1	0	0	0	0
tlm_inverse_gcd_reverse_body	71414796	71418826	4030	728	0	214	215
tlm_inverse_gcd_reverse_decode	71418826	71418990	164	19	0	3	8
tlm_inverse_gcd_reverse_apply	71418990	71418991	1	0	0	0	0
tlm_inverse_gcd_reverse_body	71418991	71422993	4002	726	0	212	213
tlm_inverse_gcd_reverse_decode	71422993	71422999	6	0	0	0	3
tlm_inverse_gcd_reverse_apply	71422999	71423000	1	0	0	0	0
tlm_inverse_gcd_reverse_body	71423000	71427036	4036	731	0	214	215
tlm_inverse_gcd_reverse_decode	71427036	71427042	6	0	0	0	3
tlm_inverse_gcd_reverse_apply	71427042	71427043	1	0	0	0	0
tlm_inverse_gcd_reverse_body	71427043	71431085	4042	734	0	214	215
tlm_inverse_gcd_reverse_decode	71431085	71431249	164	19	0	3	8
tlm_inverse_gcd_reverse_apply	71431249	71431250	1	0	0	0	0
tlm_inverse_gcd_reverse_body	71431250	71435312	4062	738	0	215	216
tlm_inverse_gcd_reverse_decode	71435312	71435318	6	0	0	0	3
tlm_inverse_gcd_reverse_apply	71435318	71435319	1	0	0	0	0
tlm_inverse_gcd_reverse_body	71435319	71439401	4082	742	0	216	217
tlm_inverse_gcd_reverse_decode	71439401	71439407	6	0	0	0	3
tlm_inverse_gcd_reverse_apply	71439407	71439408	1	0	0	0	0
tlm_inverse_gcd_reverse_body	71439408	71443510	4102	746	0	217	218
tlm_inverse_gcd_reverse_decode	71443510	71443674	164	19	0	3	8
tlm_inverse_gcd_reverse_apply	71443674	71443675	1	0	0	0	0
tlm_inverse_gcd_reverse_body	71443675	71447797	4122	750	0	218	219
tlm_inverse_gcd_reverse_decode	71447797	71447803	6	0	0	0	3
tlm_inverse_gcd_reverse_apply	71447803	71447804	1	0	0	0	0
tlm_inverse_gcd_reverse_body	71447804	71451946	4142	754	0	219	220
tlm_inverse_gcd_reverse_decode	71451946	71451952	6	0	0	0	3
tlm_inverse_gcd_reverse_apply	71451952	71451953	1	0	0	0	0
tlm_inverse_gcd_reverse_body	71451953	71456101	4148	757	0	219	220
tlm_inverse_gcd_reverse_decode	71456101	71456265	164	19	0	3	8
tlm_inverse_gcd_reverse_apply	71456265	71456266	1	0	0	0	0
tlm_inverse_gcd_reverse_body	71456266	71460434	4168	761	0	220	221
tlm_inverse_gcd_reverse_decode	71460434	71460440	6	0	0	0	3
tlm_inverse_gcd_reverse_apply	71460440	71460441	1	0	0	0	0
tlm_inverse_gcd_reverse_body	71460441	71464657	4216	767	0	223	224
tlm_inverse_gcd_reverse_decode	71464657	71464663	6	0	0	0	3
tlm_inverse_gcd_reverse_apply	71464663	71464664	1	0	0	0	0
tlm_inverse_gcd_reverse_body	71464664	71468886	4222	770	0	223	224
tlm_inverse_gcd_reverse_decode	71468886	71469050	164	19	0	3	8
tlm_inverse_gcd_reverse_apply	71469050	71469051	1	0	0	0	0
tlm_inverse_gcd_reverse_body	71469051	71473293	4242	774	0	224	225
tlm_inverse_gcd_reverse_decode	71473293	71473299	6	0	0	0	3
tlm_inverse_gcd_reverse_apply	71473299	71473300	1	0	0	0	0
tlm_inverse_gcd_reverse_body	71473300	71477548	4248	777	0	224	225
tlm_inverse_gcd_reverse_decode	71477548	71477554	6	0	0	0	3
tlm_inverse_gcd_reverse_apply	71477554	71477555	1	0	0	0	0
tlm_inverse_gcd_reverse_body	71477555	71481823	4268	781	0	225	226
tlm_inverse_gcd_reverse_decode	71481823	71481987	164	19	0	3	8
tlm_inverse_gcd_reverse_apply	71481987	71481988	1	0	0	0	0
tlm_inverse_gcd_reverse_body	71481988	71486262	4274	784	0	225	226
tlm_inverse_gcd_reverse_decode	71486262	71486268	6	0	0	0	3
tlm_inverse_gcd_reverse_apply	71486268	71486269	1	0	0	0	0
tlm_inverse_gcd_reverse_body	71486269	71490577	4308	789	0	227	228
tlm_inverse_gcd_reverse_decode	71490577	71490583	6	0	0	0	3
tlm_inverse_gcd_reverse_apply	71490583	71490584	1	0	0	0	0
tlm_inverse_gcd_reverse_body	71490584	71494926	4342	794	0	229	230
tlm_inverse_gcd_reverse_decode	71494926	71495090	164	19	0	3	8
tlm_inverse_gcd_reverse_apply	71495090	71495091	1	0	0	0	0
tlm_inverse_gcd_reverse_body	71495091	71499439	4348	797	0	229	230
tlm_inverse_gcd_reverse_decode	71499439	71499445	6	0	0	0	3
tlm_inverse_gcd_reverse_apply	71499445	71499446	1	0	0	0	0
tlm_inverse_gcd_reverse_body	71499446	71503814	4368	801	0	230	231
tlm_inverse_gcd_reverse_decode	71503814	71503820	6	0	0	0	3
tlm_inverse_gcd_reverse_apply	71503820	71503821	1	0	0	0	0
tlm_inverse_gcd_reverse_body	71503821	71508195	4374	804	0	230	231
tlm_inverse_gcd_reverse_decode	71508195	71508359	164	19	0	3	8
tlm_inverse_gcd_reverse_apply	71508359	71508360	1	0	0	0	0
tlm_inverse_gcd_reverse_body	71508360	71512754	4394	808	0	231	232
tlm_inverse_gcd_reverse_decode	71512754	71512760	6	0	0	0	3
tlm_inverse_gcd_reverse_apply	71512760	71512761	1	0	0	0	0
tlm_inverse_gcd_reverse_body	71512761	71517175	4414	812	0	232	233
tlm_inverse_gcd_reverse_decode	71517175	71517181	6	0	0	0	3
tlm_inverse_gcd_reverse_apply	71517181	71517182	1	0	0	0	0
tlm_inverse_gcd_reverse_body	71517182	71521616	4434	816	0	233	234
tlm_inverse_gcd_reverse_decode	71521616	71521780	164	19	0	3	8
tlm_inverse_gcd_reverse_apply	71521780	71521781	1	0	0	0	0
tlm_inverse_gcd_reverse_body	71521781	71526235	4454	820	0	234	235
tlm_inverse_gcd_reverse_decode	71526235	71526241	6	0	0	0	3
tlm_inverse_gcd_reverse_apply	71526241	71526242	1	0	0	0	0
tlm_inverse_gcd_reverse_body	71526242	71530716	4474	824	0	235	236
tlm_inverse_gcd_reverse_decode	71530716	71530722	6	0	0	0	3
tlm_inverse_gcd_reverse_apply	71530722	71530723	1	0	0	0	0
tlm_inverse_gcd_reverse_body	71530723	71535203	4480	827	0	235	236
tlm_inverse_gcd_reverse_decode	71535203	71535367	164	19	0	3	8
tlm_inverse_gcd_reverse_apply	71535367	71535368	1	0	0	0	0
tlm_inverse_gcd_reverse_body	71535368	71539868	4500	831	0	236	237
tlm_inverse_gcd_reverse_decode	71539868	71539874	6	0	0	0	3
tlm_inverse_gcd_reverse_apply	71539874	71539875	1	0	0	0	0
tlm_inverse_gcd_reverse_body	71539875	71544395	4520	835	0	237	238
tlm_inverse_gcd_reverse_decode	71544395	71544401	6	0	0	0	3
tlm_inverse_gcd_reverse_apply	71544401	71544402	1	0	0	0	0
tlm_inverse_gcd_reverse_body	71544402	71548942	4540	839	0	238	239
tlm_inverse_gcd_reverse_decode	71548942	71549106	164	19	0	3	8
tlm_inverse_gcd_reverse_apply	71549106	71549107	1	0	0	0	0
tlm_inverse_gcd_reverse_body	71549107	71553667	4560	843	0	239	240
tlm_inverse_gcd_reverse_decode	71553667	71553673	6	0	0	0	3
tlm_inverse_gcd_reverse_apply	71553673	71553674	1	0	0	0	0
tlm_inverse_gcd_reverse_body	71553674	71558254	4580	847	0	240	241
tlm_inverse_gcd_reverse_decode	71558254	71558260	6	0	0	0	3
tlm_inverse_gcd_reverse_apply	71558260	71558261	1	0	0	0	0
tlm_inverse_gcd_reverse_body	71558261	71562861	4600	851	0	241	242
tlm_inverse_gcd_reverse_decode	71562861	71563025	164	19	0	3	8
tlm_inverse_gcd_reverse_apply	71563025	71563026	1	0	0	0	0
tlm_inverse_gcd_reverse_body	71563026	71567646	4620	855	0	242	243
tlm_inverse_gcd_reverse_decode	71567646	71567652	6	0	0	0	3
tlm_inverse_gcd_reverse_apply	71567652	71567653	1	0	0	0	0
tlm_inverse_gcd_reverse_body	71567653	71572293	4640	859	0	243	244
tlm_inverse_gcd_reverse_decode	71572293	71572299	6	0	0	0	3
tlm_inverse_gcd_reverse_apply	71572299	71572300	1	0	0	0	0
tlm_inverse_gcd_reverse_body	71572300	71576960	4660	863	0	244	245
tlm_inverse_gcd_reverse_decode	71576960	71577124	164	19	0	3	8
tlm_inverse_gcd_reverse_apply	71577124	71577125	1	0	0	0	0
tlm_inverse_gcd_reverse_body	71577125	71581805	4680	867	0	245	246
tlm_inverse_gcd_reverse_decode	71581805	71581811	6	0	0	0	3
tlm_inverse_gcd_reverse_apply	71581811	71581812	1	0	0	0	0
tlm_inverse_gcd_reverse_body	71581812	71586512	4700	871	0	246	247
tlm_inverse_gcd_reverse_decode	71586512	71586518	6	0	0	0	3
tlm_inverse_gcd_reverse_apply	71586518	71586519	1	0	0	0	0
tlm_inverse_gcd_reverse_body	71586519	71591225	4706	874	0	246	247
tlm_inverse_gcd_reverse_decode	71591225	71591389	164	19	0	3	8
tlm_inverse_gcd_reverse_apply	71591389	71591390	1	0	0	0	0
tlm_inverse_gcd_reverse_body	71591390	71596116	4726	878	0	247	248
tlm_inverse_gcd_reverse_decode	71596116	71596122	6	0	0	0	3
tlm_inverse_gcd_reverse_apply	71596122	71596123	1	0	0	0	0
tlm_inverse_gcd_reverse_body	71596123	71600869	4746	882	0	248	249
tlm_inverse_gcd_reverse_decode	71600869	71600875	6	0	0	0	3
tlm_inverse_gcd_reverse_apply	71600875	71600876	1	0	0	0	0
tlm_inverse_gcd_reverse_body	71600876	71605642	4766	886	0	249	250
tlm_inverse_gcd_reverse_decode	71605642	71605806	164	19	0	3	8
tlm_inverse_gcd_reverse_apply	71605806	71605807	1	0	0	0	0
tlm_inverse_gcd_reverse_body	71605807	71610593	4786	890	0	250	251
tlm_inverse_gcd_reverse_decode	71610593	71610599	6	0	0	0	3
tlm_inverse_gcd_reverse_apply	71610599	71610600	1	0	0	0	0
tlm_inverse_gcd_reverse_body	71610600	71615406	4806	894	0	251	252
tlm_inverse_gcd_reverse_decode	71615406	71615412	6	0	0	0	3
tlm_inverse_gcd_reverse_apply	71615412	71615413	1	0	0	0	0
tlm_inverse_gcd_reverse_body	71615413	71620225	4812	897	0	251	252
tlm_inverse_gcd_reverse_decode	71620225	71620389	164	19	0	3	8
tlm_inverse_gcd_reverse_apply	71620389	71620390	1	0	0	0	0
tlm_inverse_gcd_reverse_body	71620390	71625236	4846	902	0	253	254
tlm_inverse_gcd_reverse_decode	71625236	71625242	6	0	0	0	3
tlm_inverse_gcd_reverse_apply	71625242	71625243	1	0	0	0	0
tlm_inverse_gcd_reverse_body	71625243	71630095	4852	905	0	253	254
tlm_inverse_gcd_reverse_decode	71630095	71630101	6	0	0	0	3
tlm_inverse_gcd_reverse_apply	71630101	71630102	1	0	0	0	0
tlm_inverse_gcd_reverse_body	71630102	71634988	4886	910	0	255	256
tlm_inverse_gcd_reverse_decode	71634988	71635152	164	19	0	3	8
tlm_inverse_gcd_reverse_apply	71635152	71635153	1	0	0	0	0
tlm_inverse_gcd_reverse_body	71635153	71640045	4892	913	0	255	256
tlm_inverse_gcd_reverse_decode	71640045	71640051	6	0	0	0	3
tlm_inverse_gcd_reverse_apply	71640051	71640052	1	0	0	0	0
tlm_inverse_gcd_reverse_body	71640052	71644964	4912	917	0	256	257
tlm_inverse_gcd_reverse_decode	71644964	71644970	6	0	0	0	3
tlm_inverse_gcd_reverse_apply	71644970	71644971	1	0	0	0	0
tlm_inverse_gcd_reverse_body	71644971	71649903	4932	921	0	257	258
tlm_inverse_gcd_reverse_decode	71649903	71650067	164	19	0	3	8
tlm_inverse_gcd_reverse_apply	71650067	71650068	1	0	0	0	0
tlm_inverse_gcd_reverse_body	71650068	71655020	4952	925	0	258	259
tlm_inverse_gcd_reverse_decode	71655020	71655026	6	0	0	0	3
tlm_inverse_gcd_reverse_apply	71655026	71655027	1	0	0	0	0
tlm_inverse_gcd_reverse_body	71655027	71659985	4958	928	0	258	259
tlm_inverse_gcd_reverse_decode	71659985	71659991	6	0	0	0	3
tlm_inverse_gcd_reverse_apply	71659991	71659992	1	0	0	0	0
tlm_inverse_gcd_reverse_body	71659992	71664984	4992	933	0	260	261
tlm_inverse_gcd_reverse_decode	71664984	71665148	164	19	0	3	8
tlm_inverse_gcd_reverse_apply	71665148	71665149	1	0	0	0	0
tlm_inverse_gcd_reverse_body	71665149	71670161	5012	937	0	261	262
tlm_inverse_gcd_reverse_decode	71670161	71670167	6	0	0	0	3
tlm_inverse_gcd_reverse_apply	71670167	71670168	1	0	0	0	0
tlm_inverse_gcd_reverse_body	71670168	71675200	5032	941	0	262	263
tlm_inverse_gcd_reverse_decode	71675200	71675206	6	0	0	0	3
tlm_inverse_gcd_reverse_apply	71675206	71675207	1	0	0	0	0
tlm_inverse_gcd_reverse_body	71675207	71680245	5038	944	0	262	263
tlm_inverse_gcd_reverse_decode	71680245	71680409	164	19	0	3	8
tlm_inverse_gcd_reverse_apply	71680409	71680410	1	0	0	0	0
tlm_inverse_gcd_reverse_body	71680410	71685482	5072	949	0	264	265
tlm_inverse_gcd_reverse_decode	71685482	71685488	6	0	0	0	3
tlm_inverse_gcd_reverse_apply	71685488	71685489	1	0	0	0	0
tlm_inverse_gcd_reverse_body	71685489	71690567	5078	952	0	264	265
tlm_inverse_gcd_reverse_decode	71690567	71690573	6	0	0	0	3
tlm_inverse_gcd_reverse_apply	71690573	71690574	1	0	0	0	0
tlm_inverse_gcd_reverse_body	71690574	71695672	5098	956	0	265	266
tlm_inverse_gcd_reverse_decode	71695672	71695836	164	19	0	3	8
tlm_inverse_gcd_reverse_apply	71695836	71695837	1	0	0	0	0
tlm_inverse_gcd_reverse_body	71695837	71700955	5118	960	0	266	267
tlm_inverse_gcd_reverse_decode	71700955	71700961	6	0	0	0	3
tlm_inverse_gcd_reverse_apply	71700961	71700962	1	0	0	0	0
tlm_inverse_gcd_reverse_body	71700962	71706100	5138	964	0	267	268
tlm_inverse_gcd_reverse_decode	71706100	71706106	6	0	0	0	3
tlm_inverse_gcd_reverse_apply	71706106	71706107	1	0	0	0	0
tlm_inverse_gcd_reverse_body	71706107	71711251	5144	967	0	267	268
tlm_inverse_gcd_reverse_decode	71711251	71711415	164	19	0	3	8
tlm_inverse_gcd_reverse_apply	71711415	71711416	1	0	0	0	0
tlm_inverse_gcd_reverse_body	71711416	71716608	5192	973	0	270	271
tlm_inverse_gcd_reverse_decode	71716608	71716614	6	0	0	0	3
tlm_inverse_gcd_reverse_apply	71716614	71716615	1	0	0	0	0
tlm_inverse_gcd_reverse_body	71716615	71721799	5184	975	0	269	270
tlm_inverse_gcd_reverse_decode	71721799	71721805	6	0	0	0	3
tlm_inverse_gcd_reverse_apply	71721805	71721806	1	0	0	0	0
tlm_inverse_gcd_reverse_body	71721806	71727010	5204	979	0	270	271
tlm_inverse_gcd_reverse_decode	71727010	71727174	164	19	0	3	8
tlm_inverse_gcd_reverse_apply	71727174	71727175	1	0	0	0	0
tlm_inverse_gcd_reverse_body	71727175	71732413	5238	984	0	272	273
tlm_inverse_gcd_reverse_decode	71732413	71732419	6	0	0	0	3
tlm_inverse_gcd_reverse_apply	71732419	71732420	1	0	0	0	0
tlm_inverse_gcd_reverse_body	71732420	71737664	5244	987	0	272	273
tlm_inverse_gcd_reverse_decode	71737664	71737670	6	0	0	0	3
tlm_inverse_gcd_reverse_apply	71737670	71737671	1	0	0	0	0
tlm_inverse_gcd_reverse_body	71737671	71742935	5264	991	0	273	274
tlm_inverse_gcd_reverse_decode	71742935	71743099	164	19	0	3	8
tlm_inverse_gcd_reverse_apply	71743099	71743100	1	0	0	0	0
tlm_inverse_gcd_reverse_body	71743100	71748398	5298	996	0	275	276
tlm_inverse_gcd_reverse_decode	71748398	71748404	6	0	0	0	3
tlm_inverse_gcd_reverse_apply	71748404	71748405	1	0	0	0	0
tlm_inverse_gcd_reverse_body	71748405	71753723	5318	1000	0	276	277
tlm_inverse_gcd_reverse_decode	71753723	71753729	6	0	0	0	3
tlm_inverse_gcd_reverse_apply	71753729	71753730	1	0	0	0	0
tlm_inverse_gcd_reverse_body	71753730	71759040	5310	1002	0	275	276
tlm_inverse_gcd_reverse_decode	71759040	71759204	164	19	0	3	8
tlm_inverse_gcd_reverse_apply	71759204	71759205	1	0	0	0	0
tlm_inverse_gcd_reverse_body	71759205	71764549	5344	1007	0	277	278
tlm_inverse_gcd_reverse_decode	71764549	71764555	6	0	0	0	3
tlm_inverse_gcd_reverse_apply	71764555	71764556	1	0	0	0	0
tlm_inverse_gcd_reverse_body	71764556	71769920	5364	1011	0	278	279
tlm_inverse_gcd_reverse_decode	71769920	71769926	6	0	0	0	3
tlm_inverse_gcd_reverse_apply	71769926	71769927	1	0	0	0	0
tlm_inverse_gcd_reverse_body	71769927	71775311	5384	1015	0	279	280
tlm_inverse_gcd_reverse_decode	71775311	71775475	164	19	0	3	8
tlm_inverse_gcd_reverse_apply	71775475	71775476	1	0	0	0	0
tlm_inverse_gcd_reverse_body	71775476	71780866	5390	1018	0	279	280
tlm_inverse_gcd_reverse_decode	71780866	71780872	6	0	0	0	3
tlm_inverse_gcd_reverse_apply	71780872	71780873	1	0	0	0	0
tlm_inverse_gcd_reverse_body	71780873	71786297	5424	1023	0	281	282
tlm_inverse_gcd_reverse_decode	71786297	71786303	6	0	0	0	3
tlm_inverse_gcd_reverse_apply	71786303	71786304	1	0	0	0	0
tlm_inverse_gcd_reverse_body	71786304	71791748	5444	1027	0	282	283
tlm_inverse_gcd_reverse_decode	71791748	71791912	164	19	0	3	8
tlm_inverse_gcd_reverse_apply	71791912	71791913	1	0	0	0	0
tlm_inverse_gcd_reverse_body	71791913	71797363	5450	1030	0	282	283
tlm_inverse_gcd_reverse_decode	71797363	71797369	6	0	0	0	3
tlm_inverse_gcd_reverse_apply	71797369	71797370	1	0	0	0	0
tlm_inverse_gcd_reverse_body	71797370	71802840	5470	1034	0	283	284
tlm_inverse_gcd_reverse_decode	71802840	71802846	6	0	0	0	3
tlm_inverse_gcd_reverse_apply	71802846	71802847	1	0	0	0	0
tlm_inverse_gcd_reverse_body	71802847	71808337	5490	1038	0	284	285
tlm_inverse_gcd_reverse_decode	71808337	71808501	164	19	0	3	8
tlm_inverse_gcd_reverse_apply	71808501	71808502	1	0	0	0	0
tlm_inverse_gcd_reverse_body	71808502	71814012	5510	1042	0	285	286
tlm_inverse_gcd_reverse_decode	71814012	71814018	6	0	0	0	3
tlm_inverse_gcd_reverse_apply	71814018	71814019	1	0	0	0	0
tlm_inverse_gcd_reverse_body	71814019	71819549	5530	1046	0	286	287
tlm_inverse_gcd_reverse_decode	71819549	71819555	6	0	0	0	3
tlm_inverse_gcd_reverse_apply	71819555	71819556	1	0	0	0	0
tlm_inverse_gcd_reverse_body	71819556	71825106	5550	1050	0	287	288
tlm_inverse_gcd_reverse_decode	71825106	71825270	164	19	0	3	8
tlm_inverse_gcd_reverse_apply	71825270	71825271	1	0	0	0	0
tlm_inverse_gcd_reverse_body	71825271	71830793	5522	1048	0	285	286
tlm_inverse_gcd_reverse_decode	71830793	71830799	6	0	0	0	3
tlm_inverse_gcd_reverse_apply	71830799	71830800	1	0	0	0	0
tlm_inverse_gcd_reverse_body	71830800	71836322	5522	1048	0	285	286
tlm_inverse_gcd_reverse_decode	71836322	71836328	6	0	0	0	3
tlm_inverse_gcd_reverse_apply	71836328	71836329	1	0	0	0	0
tlm_inverse_gcd_reverse_body	71836329	71841823	5494	1046	0	283	284
tlm_inverse_gcd_reverse_decode	71841823	71841987	164	19	0	3	8
tlm_inverse_gcd_reverse_apply	71841987	71841988	1	0	0	0	0
tlm_inverse_gcd_reverse_body	71841988	71847468	5480	1045	0	282	283
tlm_inverse_gcd_reverse_decode	71847468	71847474	6	0	0	0	3
tlm_inverse_gcd_reverse_apply	71847474	71847475	1	0	0	0	0
tlm_inverse_gcd_reverse_body	71847475	71852955	5480	1045	0	282	283
tlm_inverse_gcd_reverse_decode	71852955	71852961	6	0	0	0	3
tlm_inverse_gcd_reverse_apply	71852961	71852962	1	0	0	0	0
tlm_inverse_gcd_reverse_body	71852962	71858414	5452	1043	0	280	281
tlm_inverse_gcd_reverse_decode	71858414	71858578	164	19	0	3	8
tlm_inverse_gcd_reverse_apply	71858578	71858579	1	0	0	0	0
tlm_inverse_gcd_reverse_body	71858579	71864017	5438	1042	0	279	280
tlm_inverse_gcd_reverse_decode	71864017	71864023	6	0	0	0	3
tlm_inverse_gcd_reverse_apply	71864023	71864024	1	0	0	0	0
tlm_inverse_gcd_reverse_body	71864024	71869448	5424	1041	0	278	279
tlm_inverse_gcd_reverse_decode	71869448	71869454	6	0	0	0	3
tlm_inverse_gcd_reverse_apply	71869454	71869455	1	0	0	0	0
tlm_inverse_gcd_reverse_body	71869455	71874880	5425	1041	0	278	280
tlm_inverse_gcd_reverse_decode_initial	71874880	71874890	10	1	0	0	3
tlm_inverse_gcd_reverse_apply_initial	71874890	71874891	1	0	0	0	0
tlm_inverse_gcd_reverse_body_initial	71874891	71880497	5606	1273	0	254	256
tlm_gcd_step_end_initial	71880497	71881005	508	0	0	0	258
window_qrom_3x_load_walk	71881005	88855587	16974582	33022	0	32766	32766
tlm_coord_add3x	88855587	88863834	8247	1070	8	472	479
window_qrom_3x_unload_walk	88863834	88865626	1792	256	0	512	512
window_qrom_3x_unload_clear	88865626	105646294	16780668	764	0	0	384
square_sum_hi_lo	105646294	105647320	1026	256	0	0	1
square_c_sum_build	105647320	105743155	95835	9283	0	8513	518
tlm_apply_inverse_mod_sub_register_initial	105743155	105749742	6587	769	20	420	422
tlm_apply_inverse_mod_sub_fold_initial	105749742	105750721	979	85	6	85	85
tlm_apply_inverse_mod_sub_clean_initial	105750721	105751164	443	19	0	20	150
tlm_apply_inverse_mod_sub_register_initial	105751164	105755625	4461	557	2	300	302
tlm_apply_inverse_mod_sub_fold_initial	105755625	105756604	979	85	6	85	85
tlm_apply_inverse_mod_sub_clean_initial	105756604	105757045	441	19	0	20	148
tlm_apply_inverse_mod_sub_register_initial	105757045	105761506	4461	557	2	300	302
tlm_apply_inverse_mod_sub_fold_initial	105761506	105762485	979	85	6	85	85
tlm_apply_inverse_mod_sub_clean_initial	105762485	105762926	441	19	0	20	148
tlm_apply_forward_mod_add_register_initial	105762926	105766875	3949	557	2	300	302
tlm_apply_forward_mod_add_fold_initial	105766875	105767428	553	55	2	55	55
tlm_apply_forward_mod_add_clean_initial	105767428	105767833	405	19	0	20	148
tlm_apply_inverse_mod_sub_register_initial	105767833	105772294	4461	557	2	300	302
tlm_apply_inverse_mod_sub_fold_initial	105772294	105773273	979	85	6	85	85
tlm_apply_inverse_mod_sub_clean_initial	105773273	105773714	441	19	0	20	148
tlm_apply_inverse_mod_sub_register_initial	105773714	105778175	4461	557	2	300	302
tlm_apply_inverse_mod_sub_fold_initial	105778175	105779154	979	85	6	85	85
tlm_apply_inverse_mod_sub_clean_initial	105779154	105779595	441	19	0	20	148
square_c_sum_unbuild	105779595	105875687	96092	9283	0	8513	776
square_a_lo_build	105875687	105970075	94388	9147	0	8383	514
tlm_apply_inverse_mod_sub_register_initial	105970075	105974223	4148	535	1	278	279
tlm_apply_inverse_mod_sub_fold_initial	105974223	105975202	979	85	6	85	85
tlm_apply_inverse_mod_sub_clean_initial	105975202	105975517	315	19	0	20	22
tlm_apply_forward_mod_add_register_initial	105975517	105979466	3949	557	2	300	302
tlm_apply_forward_mod_add_fold_initial	105979466	105980019	553	55	2	55	55
tlm_apply_forward_mod_add_clean_initial	105980019	105980426	407	19	0	20	150
tlm_apply_forward_mod_add_register_initial	105980426	105984375	3949	557	2	300	302
tlm_apply_forward_mod_add_fold_initial	105984375	105984928	553	55	2	55	55
tlm_apply_forward_mod_add_clean_initial	105984928	105985335	407	19	0	20	150
tlm_apply_forward_mod_add_register_initial	105985335	105989284	3949	557	2	300	302
tlm_apply_forward_mod_add_fold_initial	105989284	105989837	553	55	2	55	55
tlm_apply_forward_mod_add_clean_initial	105989837	105990244	407	19	0	20	150
tlm_apply_inverse_mod_sub_register_initial	105990244	105994705	4461	557	2	300	302
tlm_apply_inverse_mod_sub_fold_initial	105994705	105995704	999	87	7	87	87
tlm_apply_inverse_mod_sub_clean_initial	105995704	105996147	443	19	0	20	150
tlm_apply_forward_mod_add_register_initial	105996147	106000096	3949	557	2	300	302
tlm_apply_forward_mod_add_fold_initial	106000096	106000649	553	55	2	55	55
tlm_apply_forward_mod_add_clean_initial	106000649	106001056	407	19	0	20	150
tlm_apply_forward_mod_add_register_initial	106001056	106005005	3949	557	2	300	302
tlm_apply_forward_mod_add_fold_initial	106005005	106005558	553	55	2	55	55
tlm_apply_forward_mod_add_clean_initial	106005558	106005965	407	19	0	20	150
square_a_lo_unbuild	106005965	106100608	94643	9147	0	8383	770
square_b_hi_build	106100608	106194996	94388	9147	0	8383	514
tlm_apply_forward_mod_add_register_initial	106194996	106198945	3949	557	2	300	302
tlm_apply_forward_mod_add_fold_initial	106198945	106199498	553	55	2	55	55
tlm_apply_forward_mod_add_clean_initial	106199498	106199905	407	19	0	20	150
tlm_apply_forward_mod_add_register_initial	106199905	106203854	3949	557	2	300	302
tlm_apply_forward_mod_add_fold_initial	106203854	106204407	553	55	2	55	55
tlm_apply_forward_mod_add_clean_initial	106204407	106204814	407	19	0	20	150
tlm_apply_forward_mod_add_register_initial	106204814	106208763	3949	557	2	300	302
tlm_apply_forward_mod_add_fold_initial	106208763	106209316	553	55	2	55	55
tlm_apply_forward_mod_add_clean_initial	106209316	106209723	407	19	0	20	150
tlm_apply_inverse_mod_sub_register_initial	106209723	106214184	4461	557	2	300	302
tlm_apply_inverse_mod_sub_fold_initial	106214184	106215163	979	85	6	85	85
tlm_apply_inverse_mod_sub_clean_initial	106215163	106215606	443	19	0	20	150
tlm_apply_forward_mod_add_register_initial	106215606	106219555	3949	557	2	300	302
tlm_apply_forward_mod_add_fold_initial	106219555	106220108	553	55	2	55	55
tlm_apply_forward_mod_add_clean_initial	106220108	106220515	407	19	0	20	150
tlm_apply_forward_mod_add_register_initial	106220515	106224464	3949	557	2	300	302
tlm_apply_forward_mod_add_fold_initial	106224464	106225017	553	55	2	55	55
tlm_apply_forward_mod_add_clean_initial	106225017	106225424	407	19	0	20	150
tlm_apply_inverse_mod_sub_register_initial	106225424	106229572	4148	535	1	278	279
tlm_apply_inverse_mod_sub_fold_initial	106229572	106230551	979	85	6	85	85
tlm_apply_inverse_mod_sub_clean_initial	106230551	106234106	3555	239	8	240	242
tlm_apply_inverse_mod_sub_register_initial	106234106	106238254	4148	535	1	278	279
tlm_apply_inverse_mod_sub_fold_initial	106238254	106239233	979	85	6	85	85
tlm_apply_inverse_mod_sub_clean_initial	106239233	106241168	1935	129	4	130	132
tlm_apply_forward_mod_add_register_initial	106241168	106244804	3636	535	1	278	279
tlm_apply_forward_mod_add_fold_initial	106244804	106245357	553	55	2	55	55
tlm_apply_forward_mod_add_clean_initial	106245357	106248876	3519	239	8	240	242
tlm_apply_inverse_mod_sub_register_initial	106248876	106253024	4148	535	1	278	279
tlm_apply_inverse_mod_sub_fold_initial	106253024	106253967	943	82	5	82	82
tlm_apply_inverse_mod_sub_clean_initial	106253967	106272102	18135	1229	44	1230	1232
tlm_apply_inverse_mod_sub_register_initial	106272102	106276250	4148	535	1	278	279
tlm_apply_inverse_mod_sub_fold_initial	106276250	106277191	941	82	5	82	82
tlm_apply_inverse_mod_sub_clean_initial	106277191	106306819	29628	1779	64	1780	1783
square_b_hi_unbuild	106306819	106401462	94643	9147	0	8383	770
square_sum_hi_lo_unbuild	106401462	106402882	1420	258	0	0	131
tlm_forward_multiply	106402882	106403132	250	0	0	0	0
tlm_multiply_gcd_forward_shift_initial	106403132	106404664	1532	509	0	0	0
tlm_multiply_gcd_forward_compare_initial	106404664	106405430	766	255	0	0	0
tlm_multiply_gcd_forward_body_initial	106405430	106409251	3821	509	0	254	255
tlm_multiply_gcd_forward_apply_initial	106409251	106409252	1	0	0	0	0
tlm_multiply_gcd_forward_codec_initial	106409252	106409261	9	1	0	0	2
tlm_multiply_gcd_forward_shift	106409261	106410281	1020	254	0	0	0
tlm_multiply_gcd_forward_compare	106410281	106411375	1094	279	0	23	24
tlm_multiply_gcd_forward_body	106411375	106415196	3821	509	0	254	255
tlm_multiply_gcd_forward_apply	106415196	106415197	1	0	0	0	0
tlm_multiply_gcd_forward_codec	106415197	106415200	3	0	0	0	0
tlm_multiply_gcd_forward_shift	106415200	106416220	1020	254	0	0	0
tlm_multiply_gcd_forward_compare	106416220	106417314	1094	279	0	23	24
tlm_multiply_gcd_forward_body	106417314	106421135	3821	509	0	254	255
tlm_multiply_gcd_forward_apply	106421135	106421136	1	0	0	0	0
tlm_multiply_gcd_forward_codec	106421136	106421139	3	0	0	0	0
tlm_multiply_gcd_forward_shift	106421139	106422159	1020	254	0	0	0
tlm_multiply_gcd_forward_compare	106422159	106423267	1108	280	0	24	25
tlm_multiply_gcd_forward_body	106423267	106427088	3821	509	0	254	255
tlm_multiply_gcd_forward_apply	106427088	106427089	1	0	0	0	0
tlm_multiply_gcd_forward_codec	106427089	106427255	166	18	0	4	7
tlm_multiply_gcd_forward_shift	106427255	106428275	1020	254	0	0	0
tlm_multiply_gcd_forward_compare	106428275	106429397	1122	281	0	25	26
tlm_multiply_gcd_forward_body	106429397	106433218	3821	509	0	254	255
tlm_multiply_gcd_forward_apply	106433218	106433219	1	0	0	0	0
tlm_multiply_gcd_forward_codec	106433219	106433222	3	0	0	0	0
tlm_multiply_gcd_forward_shift	106433222	106434242	1020	254	0	0	0
tlm_multiply_gcd_forward_compare	106434242	106435392	1150	283	0	27	28
tlm_multiply_gcd_forward_body	106435392	106439213	3821	509	0	254	255
tlm_multiply_gcd_forward_apply	106439213	106439214	1	0	0	0	0
tlm_multiply_gcd_forward_codec	106439214	106439217	3	0	0	0	0
tlm_multiply_gcd_forward_shift	106439217	106440237	1020	254	0	0	0
tlm_multiply_gcd_forward_compare	106440237	106441387	1150	283	0	27	28
tlm_multiply_gcd_forward_body	106441387	106445208	3821	509	0	254	255
tlm_multiply_gcd_forward_apply	106445208	106445209	1	0	0	0	0
tlm_multiply_gcd_forward_codec	106445209	106445375	166	18	0	4	7
tlm_multiply_gcd_forward_shift	106445375	106446395	1020	254	0	0	0
tlm_multiply_gcd_forward_compare	106446395	106447559	1164	284	0	28	29
tlm_multiply_gcd_forward_body	106447559	106451380	3821	509	0	254	255
tlm_multiply_gcd_forward_apply	106451380	106451381	1	0	0	0	0
tlm_multiply_gcd_forward_codec	106451381	106451384	3	0	0	0	0
tlm_multiply_gcd_forward_shift	106451384	106452404	1020	254	0	0	0
tlm_multiply_gcd_forward_compare	106452404	106453596	1192	286	0	30	31
tlm_multiply_gcd_forward_body	106453596	106457417	3821	509	0	254	255
tlm_multiply_gcd_forward_apply	106457417	106457418	1	0	0	0	0
tlm_multiply_gcd_forward_codec	106457418	106457421	3	0	0	0	0
tlm_multiply_gcd_forward_shift	106457421	106458441	1020	254	0	0	0
tlm_multiply_gcd_forward_compare	106458441	106459633	1192	286	0	30	31
tlm_multiply_gcd_forward_body	106459633	106463454	3821	509	0	254	255
tlm_multiply_gcd_forward_apply	106463454	106463455	1	0	0	0	0
tlm_multiply_gcd_forward_codec	106463455	106463621	166	18	0	4	7
tlm_multiply_gcd_forward_shift	106463621	106464641	1020	254	0	0	0
tlm_multiply_gcd_forward_compare	106464641	106465861	1220	288	0	32	33
tlm_multiply_gcd_forward_body	106465861	106469682	3821	509	0	254	255
tlm_multiply_gcd_forward_apply	106469682	106469683	1	0	0	0	0
tlm_multiply_gcd_forward_codec	106469683	106469686	3	0	0	0	0
tlm_multiply_gcd_forward_shift	106469686	106470704	1018	253	0	0	2
tlm_multiply_gcd_forward_compare	106470704	106471921	1217	287	0	32	33
tlm_multiply_gcd_forward_body	106471921	106475727	3806	507	0	253	254
tlm_multiply_gcd_forward_apply	106475727	106475728	1	0	0	0	0
tlm_multiply_gcd_forward_codec	106475728	106475731	3	0	0	0	0
tlm_multiply_gcd_forward_shift	106475731	106476745	1014	252	0	0	2
tlm_multiply_gcd_forward_compare	106476745	106477959	1214	286	0	32	33
tlm_multiply_gcd_forward_body	106477959	106481750	3791	505	0	252	253
tlm_multiply_gcd_forward_apply	106481750	106481751	1	0	0	0	0
tlm_multiply_gcd_forward_codec	106481751	106481917	166	18	0	4	7
tlm_multiply_gcd_forward_shift	106481917	106482927	1010	251	0	0	2
tlm_multiply_gcd_forward_compare	106482927	106484138	1211	285	0	32	33
tlm_multiply_gcd_forward_body	106484138	106487914	3776	503	0	251	252
tlm_multiply_gcd_forward_apply	106487914	106487915	1	0	0	0	0
tlm_multiply_gcd_forward_codec	106487915	106487918	3	0	0	0	0
tlm_multiply_gcd_forward_shift	106487918	106488924	1006	250	0	0	2
tlm_multiply_gcd_forward_compare	106488924	106490132	1208	284	0	32	33
tlm_multiply_gcd_forward_body	106490132	106493893	3761	501	0	250	251
tlm_multiply_gcd_forward_apply	106493893	106493894	1	0	0	0	0
tlm_multiply_gcd_forward_codec	106493894	106493897	3	0	0	0	0
tlm_multiply_gcd_forward_shift	106493897	106494899	1002	249	0	0	2
tlm_multiply_gcd_forward_compare	106494899	106496104	1205	283	0	32	33
tlm_multiply_gcd_forward_body	106496104	106499850	3746	499	0	249	250
tlm_multiply_gcd_forward_apply	106499850	106499851	1	0	0	0	0
tlm_multiply_gcd_forward_codec	106499851	106500017	166	18	0	4	7
tlm_multiply_gcd_forward_shift	106500017	106501015	998	248	0	0	2
tlm_multiply_gcd_forward_compare	106501015	106502231	1216	283	0	33	34
tlm_multiply_gcd_forward_body	106502231	106505962	3731	497	0	248	249
tlm_multiply_gcd_forward_apply	106505962	106505963	1	0	0	0	0
tlm_multiply_gcd_forward_codec	106505963	106505966	3	0	0	0	0
tlm_multiply_gcd_forward_shift	106505966	106506960	994	247	0	0	2
tlm_multiply_gcd_forward_compare	106506960	106508173	1213	282	0	33	34
tlm_multiply_gcd_forward_body	106508173	106511889	3716	495	0	247	248
tlm_multiply_gcd_forward_apply	106511889	106511890	1	0	0	0	0
tlm_multiply_gcd_forward_codec	106511890	106511893	3	0	0	0	0
tlm_multiply_gcd_forward_shift	106511893	106512883	990	246	0	0	2
tlm_multiply_gcd_forward_compare	106512883	106514079	1196	280	0	32	33
tlm_multiply_gcd_forward_body	106514079	106517780	3701	493	0	246	247
tlm_multiply_gcd_forward_apply	106517780	106517781	1	0	0	0	0
tlm_multiply_gcd_forward_codec	106517781	106517947	166	18	0	4	7
tlm_multiply_gcd_forward_shift	106517947	106518933	986	245	0	0	2
tlm_multiply_gcd_forward_compare	106518933	106520140	1207	280	0	33	34
tlm_multiply_gcd_forward_body	106520140	106523826	3686	491	0	245	246
tlm_multiply_gcd_forward_apply	106523826	106523827	1	0	0	0	0
tlm_multiply_gcd_forward_codec	106523827	106523830	3	0	0	0	0
tlm_multiply_gcd_forward_shift	106523830	106524812	982	244	0	0	2
tlm_multiply_gcd_forward_compare	106524812	106526016	1204	279	0	33	34
tlm_multiply_gcd_forward_body	106526016	106529687	3671	489	0	244	245
tlm_multiply_gcd_forward_apply	106529687	106529688	1	0	0	0	0
tlm_multiply_gcd_forward_codec	106529688	106529691	3	0	0	0	0
tlm_multiply_gcd_forward_shift	106529691	106530669	978	243	0	0	2
tlm_multiply_gcd_forward_compare	106530669	106531870	1201	278	0	33	34
tlm_multiply_gcd_forward_body	106531870	106535526	3656	487	0	243	244
tlm_multiply_gcd_forward_apply	106535526	106535527	1	0	0	0	0
tlm_multiply_gcd_forward_codec	106535527	106535693	166	18	0	4	7
tlm_multiply_gcd_forward_shift	106535693	106536667	974	242	0	0	2
tlm_multiply_gcd_forward_compare	106536667	106537851	1184	276	0	32	33
tlm_multiply_gcd_forward_body	106537851	106541492	3641	485	0	242	243
tlm_multiply_gcd_forward_apply	106541492	106541493	1	0	0	0	0
tlm_multiply_gcd_forward_codec	106541493	106541496	3	0	0	0	0
tlm_multiply_gcd_forward_shift	106541496	106542466	970	241	0	0	2
tlm_multiply_gcd_forward_compare	106542466	106543675	1209	277	0	34	35
tlm_multiply_gcd_forward_body	106543675	106547301	3626	483	0	241	242
tlm_multiply_gcd_forward_apply	106547301	106547302	1	0	0	0	0
tlm_multiply_gcd_forward_codec	106547302	106547305	3	0	0	0	0
tlm_multiply_gcd_forward_shift	106547305	106548271	966	240	0	0	2
tlm_multiply_gcd_forward_compare	106548271	106549477	1206	276	0	34	35
tlm_multiply_gcd_forward_body	106549477	106553088	3611	481	0	240	241
tlm_multiply_gcd_forward_apply	106553088	106553089	1	0	0	0	0
tlm_multiply_gcd_forward_codec	106553089	106553255	166	18	0	4	7
tlm_multiply_gcd_forward_shift	106553255	106554217	962	239	0	0	2
tlm_multiply_gcd_forward_compare	106554217	106555406	1189	274	0	33	34
tlm_multiply_gcd_forward_body	106555406	106559002	3596	479	0	239	240
tlm_multiply_gcd_forward_apply	106559002	106559003	1	0	0	0	0
tlm_multiply_gcd_forward_codec	106559003	106559006	3	0	0	0	0
tlm_multiply_gcd_forward_shift	106559006	106559964	958	238	0	0	2
tlm_multiply_gcd_forward_compare	106559964	106561150	1186	273	0	33	34
tlm_multiply_gcd_forward_body	106561150	106564731	3581	477	0	238	239
tlm_multiply_gcd_forward_apply	106564731	106564732	1	0	0	0	0
tlm_multiply_gcd_forward_codec	106564732	106564735	3	0	0	0	0
tlm_multiply_gcd_forward_shift	106564735	106565689	954	237	0	0	2
tlm_multiply_gcd_forward_compare	106565689	106566886	1197	273	0	34	35
tlm_multiply_gcd_forward_body	106566886	106570452	3566	475	0	237	238
tlm_multiply_gcd_forward_apply	106570452	106570453	1	0	0	0	0
tlm_multiply_gcd_forward_codec	106570453	106570619	166	18	0	4	7
tlm_multiply_gcd_forward_shift	106570619	106571569	950	236	0	0	2
tlm_multiply_gcd_forward_compare	106571569	106572749	1180	271	0	33	34
tlm_multiply_gcd_forward_body	106572749	106576300	3551	473	0	236	237
tlm_multiply_gcd_forward_apply	106576300	106576301	1	0	0	0	0
tlm_multiply_gcd_forward_codec	106576301	106576304	3	0	0	0	0
tlm_multiply_gcd_forward_shift	106576304	106577250	946	235	0	0	2
tlm_multiply_gcd_forward_compare	106577250	106578427	1177	270	0	33	34
tlm_multiply_gcd_forward_body	106578427	106581963	3536	471	0	235	236
tlm_multiply_gcd_forward_apply	106581963	106581964	1	0	0	0	0
tlm_multiply_gcd_forward_codec	106581964	106581967	3	0	0	0	0
tlm_multiply_gcd_forward_shift	106581967	106582909	942	234	0	0	2
tlm_multiply_gcd_forward_compare	106582909	106584111	1202	271	0	35	36
tlm_multiply_gcd_forward_body	106584111	106587632	3521	469	0	234	235
tlm_multiply_gcd_forward_apply	106587632	106587633	1	0	0	0	0
tlm_multiply_gcd_forward_codec	106587633	106587799	166	18	0	4	7
tlm_multiply_gcd_forward_shift	106587799	106588737	938	233	0	0	2
tlm_multiply_gcd_forward_compare	106588737	106589908	1171	268	0	33	34
tlm_multiply_gcd_forward_body	106589908	106593414	3506	467	0	233	234
tlm_multiply_gcd_forward_apply	106593414	106593415	1	0	0	0	0
tlm_multiply_gcd_forward_codec	106593415	106593418	3	0	0	0	0
tlm_multiply_gcd_forward_shift	106593418	106594352	934	232	0	0	2
tlm_multiply_gcd_forward_compare	106594352	106595534	1182	268	0	34	35
tlm_multiply_gcd_forward_body	106595534	106599025	3491	465	0	232	233
tlm_multiply_gcd_forward_apply	106599025	106599026	1	0	0	0	0
tlm_multiply_gcd_forward_codec	106599026	106599029	3	0	0	0	0
tlm_multiply_gcd_forward_shift	106599029	106599959	930	231	0	0	2
tlm_multiply_gcd_forward_compare	106599959	106601138	1179	267	0	34	35
tlm_multiply_gcd_forward_body	106601138	106604614	3476	463	0	231	232
tlm_multiply_gcd_forward_apply	106604614	106604615	1	0	0	0	0
tlm_multiply_gcd_forward_codec	106604615	106604781	166	18	0	4	7
tlm_multiply_gcd_forward_shift	106604781	106605707	926	230	0	0	2
tlm_multiply_gcd_forward_compare	106605707	106606883	1176	266	0	34	35
tlm_multiply_gcd_forward_body	106606883	106610344	3461	461	0	230	231
tlm_multiply_gcd_forward_apply	106610344	106610345	1	0	0	0	0
tlm_multiply_gcd_forward_codec	106610345	106610348	3	0	0	0	0
tlm_multiply_gcd_forward_shift	106610348	106611270	922	229	0	0	2
tlm_multiply_gcd_forward_compare	106611270	106612443	1173	265	0	34	35
tlm_multiply_gcd_forward_body	106612443	106615889	3446	459	0	229	230
tlm_multiply_gcd_forward_apply	106615889	106615890	1	0	0	0	0
tlm_multiply_gcd_forward_codec	106615890	106615893	3	0	0	0	0
tlm_multiply_gcd_forward_shift	106615893	106616811	918	228	0	0	2
tlm_multiply_gcd_forward_compare	106616811	106617995	1184	265	0	35	36
tlm_multiply_gcd_forward_body	106617995	106621426	3431	457	0	228	229
tlm_multiply_gcd_forward_apply	106621426	106621427	1	0	0	0	0
tlm_multiply_gcd_forward_codec	106621427	106621593	166	18	0	4	7
tlm_multiply_gcd_forward_shift	106621593	106622507	914	227	0	0	2
tlm_multiply_gcd_forward_compare	106622507	106623674	1167	263	0	34	35
tlm_multiply_gcd_forward_body	106623674	106627090	3416	455	0	227	228
tlm_multiply_gcd_forward_apply	106627090	106627091	1	0	0	0	0
tlm_multiply_gcd_forward_codec	106627091	106627094	3	0	0	0	0
tlm_multiply_gcd_forward_shift	106627094	106628004	910	226	0	0	2
tlm_multiply_gcd_forward_compare	106628004	106629182	1178	263	0	35	36
tlm_multiply_gcd_forward_body	106629182	106632583	3401	453	0	226	227
tlm_multiply_gcd_forward_apply	106632583	106632584	1	0	0	0	0
tlm_multiply_gcd_forward_codec	106632584	106632587	3	0	0	0	0
tlm_multiply_gcd_forward_shift	106632587	106633493	906	225	0	0	2
tlm_multiply_gcd_forward_compare	106633493	106634668	1175	262	0	35	36
tlm_multiply_gcd_forward_body	106634668	106638054	3386	451	0	225	226
tlm_multiply_gcd_forward_apply	106638054	106638055	1	0	0	0	0
tlm_multiply_gcd_forward_codec	106638055	106638221	166	18	0	4	7
tlm_multiply_gcd_forward_shift	106638221	106639123	902	224	0	0	2
tlm_multiply_gcd_forward_compare	106639123	106640295	1172	261	0	35	36
tlm_multiply_gcd_forward_body	106640295	106643666	3371	449	0	224	225
tlm_multiply_gcd_forward_apply	106643666	106643667	1	0	0	0	0
tlm_multiply_gcd_forward_codec	106643667	106643670	3	0	0	0	0
tlm_multiply_gcd_forward_shift	106643670	106644568	898	223	0	0	2
tlm_multiply_gcd_forward_compare	106644568	106645723	1155	259	0	34	35
tlm_multiply_gcd_forward_body	106645723	106649079	3356	447	0	223	224
tlm_multiply_gcd_forward_apply	106649079	106649080	1	0	0	0	0
tlm_multiply_gcd_forward_codec	106649080	106649083	3	0	0	0	0
tlm_multiply_gcd_forward_shift	106649083	106649977	894	222	0	0	2
tlm_multiply_gcd_forward_compare	106649977	106651143	1166	259	0	35	36
tlm_multiply_gcd_forward_body	106651143	106654484	3341	445	0	222	223
tlm_multiply_gcd_forward_apply	106654484	106654485	1	0	0	0	0
tlm_multiply_gcd_forward_codec	106654485	106654651	166	18	0	4	7
tlm_multiply_gcd_forward_shift	106654651	106655541	890	221	0	0	2
tlm_multiply_gcd_forward_compare	106655541	106656704	1163	258	0	35	36
tlm_multiply_gcd_forward_body	106656704	106660030	3326	443	0	221	222
tlm_multiply_gcd_forward_apply	106660030	106660031	1	0	0	0	0
tlm_multiply_gcd_forward_codec	106660031	106660034	3	0	0	0	0
tlm_multiply_gcd_forward_shift	106660034	106660920	886	220	0	0	2
tlm_multiply_gcd_forward_compare	106660920	106662080	1160	257	0	35	36
tlm_multiply_gcd_forward_body	106662080	106665391	3311	441	0	220	221
tlm_multiply_gcd_forward_apply	106665391	106665392	1	0	0	0	0
tlm_multiply_gcd_forward_codec	106665392	106665395	3	0	0	0	0
tlm_multiply_gcd_forward_shift	106665395	106666277	882	219	0	0	2
tlm_multiply_gcd_forward_compare	106666277	106667434	1157	256	0	35	36
tlm_multiply_gcd_forward_body	106667434	106670730	3296	439	0	219	220
tlm_multiply_gcd_forward_apply	106670730	106670731	1	0	0	0	0
tlm_multiply_gcd_forward_codec	106670731	106670897	166	18	0	4	7
tlm_multiply_gcd_forward_shift	106670897	106671775	878	218	0	0	2
tlm_multiply_gcd_forward_compare	106671775	106672943	1168	256	0	36	37
tlm_multiply_gcd_forward_body	106672943	106676224	3281	437	0	218	219
tlm_multiply_gcd_forward_apply	106676224	106676225	1	0	0	0	0
tlm_multiply_gcd_forward_codec	106676225	106676228	3	0	0	0	0
tlm_multiply_gcd_forward_shift	106676228	106677102	874	217	0	0	2
tlm_multiply_gcd_forward_compare	106677102	106678253	1151	254	0	35	36
tlm_multiply_gcd_forward_body	106678253	106681519	3266	435	0	217	218
tlm_multiply_gcd_forward_apply	106681519	106681520	1	0	0	0	0
tlm_multiply_gcd_forward_codec	106681520	106681523	3	0	0	0	0
tlm_multiply_gcd_forward_shift	106681523	106682393	870	216	0	0	2
tlm_multiply_gcd_forward_compare	106682393	106683555	1162	254	0	36	37
tlm_multiply_gcd_forward_body	106683555	106686806	3251	433	0	216	217
tlm_multiply_gcd_forward_apply	106686806	106686807	1	0	0	0	0
tlm_multiply_gcd_forward_codec	106686807	106686973	166	18	0	4	7
tlm_multiply_gcd_forward_shift	106686973	106687839	866	215	0	0	2
tlm_multiply_gcd_forward_compare	106687839	106688984	1145	252	0	35	36
tlm_multiply_gcd_forward_body	106688984	106692220	3236	431	0	215	216
tlm_multiply_gcd_forward_apply	106692220	106692221	1	0	0	0	0
tlm_multiply_gcd_forward_codec	106692221	106692224	3	0	0	0	0
tlm_multiply_gcd_forward_shift	106692224	106693086	862	214	0	0	2
tlm_multiply_gcd_forward_compare	106693086	106694242	1156	252	0	36	37
tlm_multiply_gcd_forward_body	106694242	106697463	3221	429	0	214	215
tlm_multiply_gcd_forward_apply	106697463	106697464	1	0	0	0	0
tlm_multiply_gcd_forward_codec	106697464	106697467	3	0	0	0	0
tlm_multiply_gcd_forward_shift	106697467	106698325	858	213	0	0	2
tlm_multiply_gcd_forward_compare	106698325	106699478	1153	251	0	36	37
tlm_multiply_gcd_forward_body	106699478	106702684	3206	427	0	213	214
tlm_multiply_gcd_forward_apply	106702684	106702685	1	0	0	0	0
tlm_multiply_gcd_forward_codec	106702685	106702851	166	18	0	4	7
tlm_multiply_gcd_forward_shift	106702851	106703705	854	212	0	0	2
tlm_multiply_gcd_forward_compare	106703705	106704855	1150	250	0	36	37
tlm_multiply_gcd_forward_body	106704855	106708046	3191	425	0	212	213
tlm_multiply_gcd_forward_apply	106708046	106708047	1	0	0	0	0
tlm_multiply_gcd_forward_codec	106708047	106708050	3	0	0	0	0
tlm_multiply_gcd_forward_shift	106708050	106708900	850	211	0	0	2
tlm_multiply_gcd_forward_compare	106708900	106710047	1147	249	0	36	37
tlm_multiply_gcd_forward_body	106710047	106713223	3176	423	0	211	212
tlm_multiply_gcd_forward_apply	106713223	106713224	1	0	0	0	0
tlm_multiply_gcd_forward_codec	106713224	106713227	3	0	0	0	0
tlm_multiply_gcd_forward_shift	106713227	106714073	846	210	0	0	2
tlm_multiply_gcd_forward_compare	106714073	106715217	1144	248	0	36	37
tlm_multiply_gcd_forward_body	106715217	106718378	3161	421	0	210	211
tlm_multiply_gcd_forward_apply	106718378	106718379	1	0	0	0	0
tlm_multiply_gcd_forward_codec	106718379	106718545	166	18	0	4	7
tlm_multiply_gcd_forward_shift	106718545	106719387	842	209	0	0	2
tlm_multiply_gcd_forward_compare	106719387	106720528	1141	247	0	36	37
tlm_multiply_gcd_forward_body	106720528	106723674	3146	419	0	209	210
tlm_multiply_gcd_forward_apply	106723674	106723675	1	0	0	0	0
tlm_multiply_gcd_forward_codec	106723675	106723678	3	0	0	0	0
tlm_multiply_gcd_forward_shift	106723678	106724516	838	208	0	0	2
tlm_multiply_gcd_forward_compare	106724516	106725668	1152	247	0	37	38
tlm_multiply_gcd_forward_body	106725668	106728799	3131	417	0	208	209
tlm_multiply_gcd_forward_apply	106728799	106728800	1	0	0	0	0
tlm_multiply_gcd_forward_codec	106728800	106728803	3	0	0	0	0
tlm_multiply_gcd_forward_shift	106728803	106729637	834	207	0	0	2
tlm_multiply_gcd_forward_compare	106729637	106730786	1149	246	0	37	38
tlm_multiply_gcd_forward_body	106730786	106733902	3116	415	0	207	208
tlm_multiply_gcd_forward_apply	106733902	106733903	1	0	0	0	0
tlm_multiply_gcd_forward_codec	106733903	106734069	166	18	0	4	7
tlm_multiply_gcd_forward_shift	106734069	106734899	830	206	0	0	2
tlm_multiply_gcd_forward_compare	106734899	106736045	1146	245	0	37	38
tlm_multiply_gcd_forward_body	106736045	106739146	3101	413	0	206	207
tlm_multiply_gcd_forward_apply	106739146	106739147	1	0	0	0	0
tlm_multiply_gcd_forward_codec	106739147	106739150	3	0	0	0	0
tlm_multiply_gcd_forward_shift	106739150	106739976	826	205	0	0	2
tlm_multiply_gcd_forward_compare	106739976	106741119	1143	244	0	37	38
tlm_multiply_gcd_forward_body	106741119	106744205	3086	411	0	205	206
tlm_multiply_gcd_forward_apply	106744205	106744206	1	0	0	0	0
tlm_multiply_gcd_forward_codec	106744206	106744209	3	0	0	0	0
tlm_multiply_gcd_forward_shift	106744209	106745031	822	204	0	0	2
tlm_multiply_gcd_forward_compare	106745031	106746171	1140	243	0	37	38
tlm_multiply_gcd_forward_body	106746171	106749242	3071	409	0	204	205
tlm_multiply_gcd_forward_apply	106749242	106749243	1	0	0	0	0
tlm_multiply_gcd_forward_codec	106749243	106749409	166	18	0	4	7
tlm_multiply_gcd_forward_shift	106749409	106750227	818	203	0	0	2
tlm_multiply_gcd_forward_compare	106750227	106751364	1137	242	0	37	38
tlm_multiply_gcd_forward_body	106751364	106754420	3056	407	0	203	204
tlm_multiply_gcd_forward_apply	106754420	106754421	1	0	0	0	0
tlm_multiply_gcd_forward_codec	106754421	106754424	3	0	0	0	0
tlm_multiply_gcd_forward_shift	106754424	106755238	814	202	0	0	2
tlm_multiply_gcd_forward_compare	106755238	106756372	1134	241	0	37	38
tlm_multiply_gcd_forward_body	106756372	106759413	3041	405	0	202	203
tlm_multiply_gcd_forward_apply	106759413	106759414	1	0	0	0	0
tlm_multiply_gcd_forward_codec	106759414	106759417	3	0	0	0	0
tlm_multiply_gcd_forward_shift	106759417	106760227	810	201	0	0	2
tlm_multiply_gcd_forward_compare	106760227	106761358	1131	240	0	37	38
tlm_multiply_gcd_forward_body	106761358	106764384	3026	403	0	201	202
tlm_multiply_gcd_forward_apply	106764384	106764385	1	0	0	0	0
tlm_multiply_gcd_forward_codec	106764385	106764551	166	18	0	4	7
tlm_multiply_gcd_forward_shift	106764551	106765357	806	200	0	0	2
tlm_multiply_gcd_forward_compare	106765357	106766485	1128	239	0	37	38
tlm_multiply_gcd_forward_body	106766485	106769496	3011	401	0	200	201
tlm_multiply_gcd_forward_apply	106769496	106769497	1	0	0	0	0
tlm_multiply_gcd_forward_codec	106769497	106769500	3	0	0	0	0
tlm_multiply_gcd_forward_shift	106769500	106770302	802	199	0	0	2
tlm_multiply_gcd_forward_compare	106770302	106771427	1125	238	0	37	38
tlm_multiply_gcd_forward_body	106771427	106774423	2996	399	0	199	200
tlm_multiply_gcd_forward_apply	106774423	106774424	1	0	0	0	0
tlm_multiply_gcd_forward_codec	106774424	106774427	3	0	0	0	0
tlm_multiply_gcd_forward_shift	106774427	106775225	798	198	0	0	2
tlm_multiply_gcd_forward_compare	106775225	106776347	1122	237	0	37	38
tlm_multiply_gcd_forward_body	106776347	106779328	2981	397	0	198	199
tlm_multiply_gcd_forward_apply	106779328	106779329	1	0	0	0	0
tlm_multiply_gcd_forward_codec	106779329	106779495	166	18	0	4	7
tlm_multiply_gcd_forward_shift	106779495	106780289	794	197	0	0	2
tlm_multiply_gcd_forward_compare	106780289	106781408	1119	236	0	37	38
tlm_multiply_gcd_forward_body	106781408	106784374	2966	395	0	197	198
tlm_multiply_gcd_forward_apply	106784374	106784375	1	0	0	0	0
tlm_multiply_gcd_forward_codec	106784375	106784378	3	0	0	0	0
tlm_multiply_gcd_forward_shift	106784378	106785168	790	196	0	0	2
tlm_multiply_gcd_forward_compare	106785168	106786298	1130	236	0	38	39
tlm_multiply_gcd_forward_body	106786298	106789249	2951	393	0	196	197
tlm_multiply_gcd_forward_apply	106789249	106789250	1	0	0	0	0
tlm_multiply_gcd_forward_codec	106789250	106789253	3	0	0	0	0
tlm_multiply_gcd_forward_shift	106789253	106790039	786	195	0	0	2
tlm_multiply_gcd_forward_compare	106790039	106791166	1127	235	0	38	39
tlm_multiply_gcd_forward_body	106791166	106794102	2936	391	0	195	196
tlm_multiply_gcd_forward_apply	106794102	106794103	1	0	0	0	0
tlm_multiply_gcd_forward_codec	106794103	106794269	166	18	0	4	7
tlm_multiply_gcd_forward_shift	106794269	106795051	782	194	0	0	2
tlm_multiply_gcd_forward_compare	106795051	106796175	1124	234	0	38	39
tlm_multiply_gcd_forward_body	106796175	106799096	2921	389	0	194	195
tlm_multiply_gcd_forward_apply	106799096	106799097	1	0	0	0	0
tlm_multiply_gcd_forward_codec	106799097	106799100	3	0	0	0	0
tlm_multiply_gcd_forward_shift	106799100	106799878	778	193	0	0	2
tlm_multiply_gcd_forward_compare	106799878	106800999	1121	233	0	38	39
tlm_multiply_gcd_forward_body	106800999	106803905	2906	387	0	193	194
tlm_multiply_gcd_forward_apply	106803905	106803906	1	0	0	0	0
tlm_multiply_gcd_forward_codec	106803906	106803909	3	0	0	0	0
tlm_multiply_gcd_forward_shift	106803909	106804683	774	192	0	0	2
tlm_multiply_gcd_forward_compare	106804683	106805801	1118	232	0	38	39
tlm_multiply_gcd_forward_body	106805801	106808692	2891	385	0	192	193
tlm_multiply_gcd_forward_apply	106808692	106808693	1	0	0	0	0
tlm_multiply_gcd_forward_codec	106808693	106808859	166	18	0	4	7
tlm_multiply_gcd_forward_shift	106808859	106809629	770	191	0	0	2
tlm_multiply_gcd_forward_compare	106809629	106810744	1115	231	0	38	39
tlm_multiply_gcd_forward_body	106810744	106813620	2876	383	0	191	192
tlm_multiply_gcd_forward_apply	106813620	106813621	1	0	0	0	0
tlm_multiply_gcd_forward_codec	106813621	106813624	3	0	0	0	0
tlm_multiply_gcd_forward_shift	106813624	106814390	766	190	0	0	2
tlm_multiply_gcd_forward_compare	106814390	106815516	1126	231	0	39	40
tlm_multiply_gcd_forward_body	106815516	106818377	2861	381	0	190	191
tlm_multiply_gcd_forward_apply	106818377	106818378	1	0	0	0	0
tlm_multiply_gcd_forward_codec	106818378	106818381	3	0	0	0	0
tlm_multiply_gcd_forward_shift	106818381	106819143	762	189	0	0	2
tlm_multiply_gcd_forward_compare	106819143	106820266	1123	230	0	39	40
tlm_multiply_gcd_forward_body	106820266	106823112	2846	379	0	189	190
tlm_multiply_gcd_forward_apply	106823112	106823113	1	0	0	0	0
tlm_multiply_gcd_forward_codec	106823113	106823279	166	18	0	4	7
tlm_multiply_gcd_forward_shift	106823279	106824037	758	188	0	0	2
tlm_multiply_gcd_forward_compare	106824037	106825171	1134	230	0	40	41
tlm_multiply_gcd_forward_body	106825171	106828002	2831	377	0	188	189
tlm_multiply_gcd_forward_apply	106828002	106828003	1	0	0	0	0
tlm_multiply_gcd_forward_codec	106828003	106828006	3	0	0	0	0
tlm_multiply_gcd_forward_shift	106828006	106828760	754	187	0	0	2
tlm_multiply_gcd_forward_compare	106828760	106829877	1117	228	0	39	40
tlm_multiply_gcd_forward_body	106829877	106832693	2816	375	0	187	188
tlm_multiply_gcd_forward_apply	106832693	106832694	1	0	0	0	0
tlm_multiply_gcd_forward_codec	106832694	106832697	3	0	0	0	0
tlm_multiply_gcd_forward_shift	106832697	106833447	750	186	0	0	2
tlm_multiply_gcd_forward_compare	106833447	106834547	1100	226	0	38	39
tlm_multiply_gcd_forward_body	106834547	106837348	2801	373	0	186	187
tlm_multiply_gcd_forward_apply	106837348	106837349	1	0	0	0	0
tlm_multiply_gcd_forward_codec	106837349	106837515	166	18	0	4	7
tlm_multiply_gcd_forward_shift	106837515	106838261	746	185	0	0	2
tlm_multiply_gcd_forward_compare	106838261	106839372	1111	226	0	39	40
tlm_multiply_gcd_forward_body	106839372	106842158	2786	371	0	185	186
tlm_multiply_gcd_forward_apply	106842158	106842159	1	0	0	0	0
tlm_multiply_gcd_forward_codec	106842159	106842162	3	0	0	0	0
tlm_multiply_gcd_forward_shift	106842162	106842904	742	184	0	0	2
tlm_multiply_gcd_forward_compare	106842904	106844012	1108	225	0	39	40
tlm_multiply_gcd_forward_body	106844012	106846783	2771	369	0	184	185
tlm_multiply_gcd_forward_apply	106846783	106846784	1	0	0	0	0
tlm_multiply_gcd_forward_codec	106846784	106846787	3	0	0	0	0
tlm_multiply_gcd_forward_shift	106846787	106847525	738	183	0	0	2
tlm_multiply_gcd_forward_compare	106847525	106848644	1119	225	0	40	41
tlm_multiply_gcd_forward_body	106848644	106851400	2756	367	0	183	184
tlm_multiply_gcd_forward_apply	106851400	106851401	1	0	0	0	0
tlm_multiply_gcd_forward_codec	106851401	106851567	166	18	0	4	7
tlm_multiply_gcd_forward_shift	106851567	106852301	734	182	0	0	2
tlm_multiply_gcd_forward_compare	106852301	106853417	1116	224	0	40	41
tlm_multiply_gcd_forward_body	106853417	106856158	2741	365	0	182	183
tlm_multiply_gcd_forward_apply	106856158	106856159	1	0	0	0	0
tlm_multiply_gcd_forward_codec	106856159	106856162	3	0	0	0	0
tlm_multiply_gcd_forward_shift	106856162	106856892	730	181	0	0	2
tlm_multiply_gcd_forward_compare	106856892	106858019	1127	224	0	41	42
tlm_multiply_gcd_forward_body	106858019	106860745	2726	363	0	181	182
tlm_multiply_gcd_forward_apply	106860745	106860746	1	0	0	0	0
tlm_multiply_gcd_forward_codec	106860746	106860749	3	0	0	0	0
tlm_multiply_gcd_forward_shift	106860749	106861475	726	180	0	0	2
tlm_multiply_gcd_forward_compare	106861475	106862571	1096	221	0	39	40
tlm_multiply_gcd_forward_body	106862571	106865282	2711	361	0	180	181
tlm_multiply_gcd_forward_apply	106865282	106865283	1	0	0	0	0
tlm_multiply_gcd_forward_codec	106865283	106865449	166	18	0	4	7
tlm_multiply_gcd_forward_shift	106865449	106866171	722	179	0	0	2
tlm_multiply_gcd_forward_compare	106866171	106867264	1093	220	0	39	40
tlm_multiply_gcd_forward_body	106867264	106869960	2696	359	0	179	180
tlm_multiply_gcd_forward_apply	106869960	106869961	1	0	0	0	0
tlm_multiply_gcd_forward_codec	106869961	106869964	3	0	0	0	0
tlm_multiply_gcd_forward_shift	106869964	106870682	718	178	0	0	2
tlm_multiply_gcd_forward_compare	106870682	106871786	1104	220	0	40	41
tlm_multiply_gcd_forward_body	106871786	106874467	2681	357	0	178	179
tlm_multiply_gcd_forward_apply	106874467	106874468	1	0	0	0	0
tlm_multiply_gcd_forward_codec	106874468	106874471	3	0	0	0	0
tlm_multiply_gcd_forward_shift	106874471	106875185	714	177	0	0	2
tlm_multiply_gcd_forward_compare	106875185	106876286	1101	219	0	40	41
tlm_multiply_gcd_forward_body	106876286	106878952	2666	355	0	177	178
tlm_multiply_gcd_forward_apply	106878952	106878953	1	0	0	0	0
tlm_multiply_gcd_forward_codec	106878953	106879119	166	18	0	4	7
tlm_multiply_gcd_forward_shift	106879119	106879829	710	176	0	0	2
tlm_multiply_gcd_forward_compare	106879829	106880927	1098	218	0	40	41
tlm_multiply_gcd_forward_body	106880927	106883578	2651	353	0	176	177
tlm_multiply_gcd_forward_apply	106883578	106883579	1	0	0	0	0
tlm_multiply_gcd_forward_codec	106883579	106883582	3	0	0	0	0
tlm_multiply_gcd_forward_shift	106883582	106884288	706	175	0	0	2
tlm_multiply_gcd_forward_compare	106884288	106885383	1095	217	0	40	41
tlm_multiply_gcd_forward_body	106885383	106888019	2636	351	0	175	176
tlm_multiply_gcd_forward_apply	106888019	106888020	1	0	0	0	0
tlm_multiply_gcd_forward_codec	106888020	106888023	3	0	0	0	0
tlm_multiply_gcd_forward_shift	106888023	106888725	702	174	0	0	2
tlm_multiply_gcd_forward_compare	106888725	106889817	1092	216	0	40	41
tlm_multiply_gcd_forward_body	106889817	106892438	2621	349	0	174	175
tlm_multiply_gcd_forward_apply	106892438	106892439	1	0	0	0	0
tlm_multiply_gcd_forward_codec	106892439	106892605	166	18	0	4	7
tlm_multiply_gcd_forward_shift	106892605	106893303	698	173	0	0	2
tlm_multiply_gcd_forward_compare	106893303	106894392	1089	215	0	40	41
tlm_multiply_gcd_forward_body	106894392	106896998	2606	347	0	173	174
tlm_multiply_gcd_forward_apply	106896998	106896999	1	0	0	0	0
tlm_multiply_gcd_forward_codec	106896999	106897002	3	0	0	0	0
tlm_multiply_gcd_forward_shift	106897002	106897696	694	172	0	0	2
tlm_multiply_gcd_forward_compare	106897696	106898796	1100	215	0	41	42
tlm_multiply_gcd_forward_body	106898796	106901387	2591	345	0	172	173
tlm_multiply_gcd_forward_apply	106901387	106901388	1	0	0	0	0
tlm_multiply_gcd_forward_codec	106901388	106901391	3	0	0	0	0
tlm_multiply_gcd_forward_shift	106901391	106902081	690	171	0	0	2
tlm_multiply_gcd_forward_compare	106902081	106903164	1083	213	0	40	41
tlm_multiply_gcd_forward_body	106903164	106905740	2576	343	0	171	172
tlm_multiply_gcd_forward_apply	106905740	106905741	1	0	0	0	0
tlm_multiply_gcd_forward_codec	106905741	106905907	166	18	0	4	7
tlm_multiply_gcd_forward_shift	106905907	106906595	688	171	0	0	0
tlm_multiply_gcd_forward_compare	106906595	106907706	1111	215	0	42	43
tlm_multiply_gcd_forward_body	106907706	106910282	2576	343	0	171	172
tlm_multiply_gcd_forward_apply	106910282	106910283	1	0	0	0	0
tlm_multiply_gcd_forward_codec	106910283	106910286	3	0	0	0	0
tlm_multiply_gcd_forward_shift	106910286	106910972	686	170	0	0	2
tlm_multiply_gcd_forward_compare	106910972	106912066	1094	213	0	41	42
tlm_multiply_gcd_forward_body	106912066	106914627	2561	341	0	170	171
tlm_multiply_gcd_forward_apply	106914627	106914628	1	0	0	0	0
tlm_multiply_gcd_forward_codec	106914628	106914631	3	0	0	0	0
tlm_multiply_gcd_forward_shift	106914631	106915311	680	168	0	0	4
tlm_multiply_gcd_forward_compare	106915311	106916385	1074	210	0	40	41
tlm_multiply_gcd_forward_body	106916385	106918916	2531	337	0	168	169
tlm_multiply_gcd_forward_apply	106918916	106918917	1	0	0	0	0
tlm_multiply_gcd_forward_codec	106918917	106919083	166	18	0	4	7
tlm_multiply_gcd_forward_shift	106919083	106919757	674	167	0	0	2
tlm_multiply_gcd_forward_compare	106919757	106920828	1071	209	0	40	41
tlm_multiply_gcd_forward_body	106920828	106923344	2516	335	0	167	168
tlm_multiply_gcd_forward_apply	106923344	106923345	1	0	0	0	0
tlm_multiply_gcd_forward_codec	106923345	106923348	3	0	0	0	0
tlm_multiply_gcd_forward_shift	106923348	106924018	670	166	0	0	2
tlm_multiply_gcd_forward_compare	106924018	106925114	1096	210	0	42	43
tlm_multiply_gcd_forward_body	106925114	106927615	2501	333	0	166	167
tlm_multiply_gcd_forward_apply	106927615	106927616	1	0	0	0	0
tlm_multiply_gcd_forward_codec	106927616	106927619	3	0	0	0	0
tlm_multiply_gcd_forward_shift	106927619	106928285	666	165	0	0	2
tlm_multiply_gcd_forward_compare	106928285	106929364	1079	208	0	41	42
tlm_multiply_gcd_forward_body	106929364	106931850	2486	331	0	165	166
tlm_multiply_gcd_forward_apply	106931850	106931851	1	0	0	0	0
tlm_multiply_gcd_forward_codec	106931851	106932017	166	18	0	4	7
tlm_multiply_gcd_forward_shift	106932017	106932679	662	164	0	0	2
tlm_multiply_gcd_forward_compare	106932679	106933755	1076	207	0	41	42
tlm_multiply_gcd_forward_body	106933755	106936226	2471	329	0	164	165
tlm_multiply_gcd_forward_apply	106936226	106936227	1	0	0	0	0
tlm_multiply_gcd_forward_codec	106936227	106936230	3	0	0	0	0
tlm_multiply_gcd_forward_shift	106936230	106936886	656	162	0	0	4
tlm_multiply_gcd_forward_compare	106936886	106937942	1056	204	0	40	41
tlm_multiply_gcd_forward_body	106937942	106940383	2441	325	0	162	163
tlm_multiply_gcd_forward_apply	106940383	106940384	1	0	0	0	0
tlm_multiply_gcd_forward_codec	106940384	106940387	3	0	0	0	0
tlm_multiply_gcd_forward_shift	106940387	106941035	648	160	0	0	4
tlm_multiply_gcd_forward_compare	106941035	106942085	1050	202	0	40	41
tlm_multiply_gcd_forward_body	106942085	106944496	2411	321	0	160	161
tlm_multiply_gcd_forward_apply	106944496	106944497	1	0	0	0	0
tlm_multiply_gcd_forward_codec	106944497	106944663	166	18	0	4	7
tlm_multiply_gcd_forward_shift	106944663	106945307	644	160	0	0	0
tlm_multiply_gcd_forward_compare	106945307	106946371	1064	203	0	41	42
tlm_multiply_gcd_forward_body	106946371	106948782	2411	321	0	160	161
tlm_multiply_gcd_forward_apply	106948782	106948783	1	0	0	0	0
tlm_multiply_gcd_forward_codec	106948783	106948786	3	0	0	0	0
tlm_multiply_gcd_forward_shift	106948786	106949428	642	159	0	0	2
tlm_multiply_gcd_forward_compare	106949428	106950475	1047	201	0	40	41
tlm_multiply_gcd_forward_body	106950475	106952871	2396	319	0	159	160
tlm_multiply_gcd_forward_apply	106952871	106952872	1	0	0	0	0
tlm_multiply_gcd_forward_codec	106952872	106952875	3	0	0	0	0
tlm_multiply_gcd_forward_shift	106952875	106953513	638	158	0	0	2
tlm_multiply_gcd_forward_compare	106953513	106954571	1058	201	0	41	42
tlm_multiply_gcd_forward_body	106954571	106956952	2381	317	0	158	159
tlm_multiply_gcd_forward_apply	106956952	106956953	1	0	0	0	0
tlm_multiply_gcd_forward_codec	106956953	106957119	166	18	0	4	7
tlm_multiply_gcd_forward_shift	106957119	106957751	632	156	0	0	4
tlm_multiply_gcd_forward_compare	106957751	106958789	1038	198	0	40	41
tlm_multiply_gcd_forward_body	106958789	106961140	2351	313	0	156	157
tlm_multiply_gcd_forward_apply	106961140	106961141	1	0	0	0	0
tlm_multiply_gcd_forward_codec	106961141	106961144	3	0	0	0	0
tlm_multiply_gcd_forward_shift	106961144	106961772	628	156	0	0	0
tlm_multiply_gcd_forward_compare	106961772	106962824	1052	199	0	41	42
tlm_multiply_gcd_forward_body	106962824	106965175	2351	313	0	156	157
tlm_multiply_gcd_forward_apply	106965175	106965176	1	0	0	0	0
tlm_multiply_gcd_forward_codec	106965176	106965179	3	0	0	0	0
tlm_multiply_gcd_forward_shift	106965179	106965805	626	155	0	0	2
tlm_multiply_gcd_forward_compare	106965805	106966854	1049	198	0	41	42
tlm_multiply_gcd_forward_body	106966854	106969190	2336	311	0	155	156
tlm_multiply_gcd_forward_apply	106969190	106969191	1	0	0	0	0
tlm_multiply_gcd_forward_codec	106969191	106969357	166	18	0	4	7
tlm_multiply_gcd_forward_shift	106969357	106969977	620	153	0	0	4
tlm_multiply_gcd_forward_compare	106969977	106971006	1029	195	0	40	41
tlm_multiply_gcd_forward_body	106971006	106973312	2306	307	0	153	154
tlm_multiply_gcd_forward_apply	106973312	106973313	1	0	0	0	0
tlm_multiply_gcd_forward_codec	106973313	106973316	3	0	0	0	0
tlm_multiply_gcd_forward_shift	106973316	106973932	616	153	0	0	0
tlm_multiply_gcd_forward_compare	106973932	106974989	1057	197	0	42	43
tlm_multiply_gcd_forward_body	106974989	106977295	2306	307	0	153	154
tlm_multiply_gcd_forward_apply	106977295	106977296	1	0	0	0	0
tlm_multiply_gcd_forward_codec	106977296	106977299	3	0	0	0	0
tlm_multiply_gcd_forward_shift	106977299	106977913	614	152	0	0	2
tlm_multiply_gcd_forward_compare	106977913	106978953	1040	195	0	41	42
tlm_multiply_gcd_forward_body	106978953	106981244	2291	305	0	152	153
tlm_multiply_gcd_forward_apply	106981244	106981245	1	0	0	0	0
tlm_multiply_gcd_forward_codec	106981245	106981411	166	18	0	4	7
tlm_multiply_gcd_forward_shift	106981411	106982021	610	151	0	0	2
tlm_multiply_gcd_forward_compare	106982021	106983072	1051	195	0	42	43
tlm_multiply_gcd_forward_body	106983072	106985348	2276	303	0	151	152
tlm_multiply_gcd_forward_apply	106985348	106985349	1	0	0	0	0
tlm_multiply_gcd_forward_codec	106985349	106985352	3	0	0	0	0
tlm_multiply_gcd_forward_shift	106985352	106985958	606	150	0	0	2
tlm_multiply_gcd_forward_compare	106985958	106987006	1048	194	0	42	43
tlm_multiply_gcd_forward_body	106987006	106989267	2261	301	0	150	151
tlm_multiply_gcd_forward_apply	106989267	106989268	1	0	0	0	0
tlm_multiply_gcd_forward_codec	106989268	106989271	3	0	0	0	0
tlm_multiply_gcd_forward_shift	106989271	106989873	602	149	0	0	2
tlm_multiply_gcd_forward_compare	106989873	106990918	1045	193	0	42	43
tlm_multiply_gcd_forward_body	106990918	106993164	2246	299	0	149	150
tlm_multiply_gcd_forward_apply	106993164	106993165	1	0	0	0	0
tlm_multiply_gcd_forward_codec	106993165	106993331	166	18	0	4	7
tlm_multiply_gcd_forward_shift	106993331	106993929	598	148	0	0	2
tlm_multiply_gcd_forward_compare	106993929	106994971	1042	192	0	42	43
tlm_multiply_gcd_forward_body	106994971	106997202	2231	297	0	148	149
tlm_multiply_gcd_forward_apply	106997202	106997203	1	0	0	0	0
tlm_multiply_gcd_forward_codec	106997203	106997206	3	0	0	0	0
tlm_multiply_gcd_forward_shift	106997206	106997800	594	147	0	0	2
tlm_multiply_gcd_forward_compare	106997800	106998839	1039	191	0	42	43
tlm_multiply_gcd_forward_body	106998839	107001055	2216	295	0	147	148
tlm_multiply_gcd_forward_apply	107001055	107001056	1	0	0	0	0
tlm_multiply_gcd_forward_codec	107001056	107001059	3	0	0	0	0
tlm_multiply_gcd_forward_shift	107001059	107001647	588	145	0	0	4
tlm_multiply_gcd_forward_compare	107001647	107002666	1019	188	0	41	42
tlm_multiply_gcd_forward_body	107002666	107004852	2186	291	0	145	146
tlm_multiply_gcd_forward_apply	107004852	107004853	1	0	0	0	0
tlm_multiply_gcd_forward_codec	107004853	107005019	166	18	0	4	7
tlm_multiply_gcd_forward_shift	107005019	107005601	582	144	0	0	2
tlm_multiply_gcd_forward_compare	107005601	107006617	1016	187	0	41	42
tlm_multiply_gcd_forward_body	107006617	107008788	2171	289	0	144	145
tlm_multiply_gcd_forward_apply	107008788	107008789	1	0	0	0	0
tlm_multiply_gcd_forward_codec	107008789	107008792	3	0	0	0	0
tlm_multiply_gcd_forward_shift	107008792	107009370	578	143	0	0	2
tlm_multiply_gcd_forward_compare	107009370	107010397	1027	187	0	42	43
tlm_multiply_gcd_forward_body	107010397	107012553	2156	287	0	143	144
tlm_multiply_gcd_forward_apply	107012553	107012554	1	0	0	0	0
tlm_multiply_gcd_forward_codec	107012554	107012557	3	0	0	0	0
tlm_multiply_gcd_forward_shift	107012557	107013131	574	142	0	0	2
tlm_multiply_gcd_forward_compare	107013131	107014141	1010	185	0	41	42
tlm_multiply_gcd_forward_body	107014141	107016282	2141	285	0	142	143
tlm_multiply_gcd_forward_apply	107016282	107016283	1	0	0	0	0
tlm_multiply_gcd_forward_codec	107016283	107016449	166	18	0	4	7
tlm_multiply_gcd_forward_shift	107016449	107017019	570	141	0	0	2
tlm_multiply_gcd_forward_compare	107017019	107018040	1021	185	0	42	43
tlm_multiply_gcd_forward_body	107018040	107020166	2126	283	0	141	142
tlm_multiply_gcd_forward_apply	107020166	107020167	1	0	0	0	0
tlm_multiply_gcd_forward_codec	107020167	107020170	3	0	0	0	0
tlm_multiply_gcd_forward_shift	107020170	107020738	568	141	0	0	0
tlm_multiply_gcd_forward_compare	107020738	107021773	1035	186	0	43	44
tlm_multiply_gcd_forward_body	107021773	107023899	2126	283	0	141	142
tlm_multiply_gcd_forward_apply	107023899	107023900	1	0	0	0	0
tlm_multiply_gcd_forward_codec	107023900	107023903	3	0	0	0	0
tlm_multiply_gcd_forward_shift	107023903	107024469	566	140	0	0	2
tlm_multiply_gcd_forward_compare	107024469	107025487	1018	184	0	42	43
tlm_multiply_gcd_forward_body	107025487	107027598	2111	281	0	140	141
tlm_multiply_gcd_forward_apply	107027598	107027599	1	0	0	0	0
tlm_multiply_gcd_forward_codec	107027599	107027765	166	18	0	4	7
tlm_multiply_gcd_forward_shift	107027765	107028327	562	139	0	0	2
tlm_multiply_gcd_forward_compare	107028327	107029342	1015	183	0	42	43
tlm_multiply_gcd_forward_body	107029342	107031438	2096	279	0	139	140
tlm_multiply_gcd_forward_apply	107031438	107031439	1	0	0	0	0
tlm_multiply_gcd_forward_codec	107031439	107031442	3	0	0	0	0
tlm_multiply_gcd_forward_shift	107031442	107031998	556	137	0	0	4
tlm_multiply_gcd_forward_compare	107031998	107033007	1009	181	0	42	43
tlm_multiply_gcd_forward_body	107033007	107035073	2066	275	0	137	138
tlm_multiply_gcd_forward_apply	107035073	107035074	1	0	0	0	0
tlm_multiply_gcd_forward_codec	107035074	107035077	3	0	0	0	0
tlm_multiply_gcd_forward_shift	107035077	107035629	552	137	0	0	0
tlm_multiply_gcd_forward_compare	107035629	107036638	1009	181	0	42	43
tlm_multiply_gcd_forward_body	107036638	107038704	2066	275	0	137	138
tlm_multiply_gcd_forward_apply	107038704	107038705	1	0	0	0	0
tlm_multiply_gcd_forward_codec	107038705	107038871	166	18	0	4	7
tlm_multiply_gcd_forward_shift	107038871	107039421	550	136	0	0	2
tlm_multiply_gcd_forward_compare	107039421	107040427	1006	180	0	42	43
tlm_multiply_gcd_forward_body	107040427	107042478	2051	273	0	136	137
tlm_multiply_gcd_forward_apply	107042478	107042479	1	0	0	0	0
tlm_multiply_gcd_forward_codec	107042479	107042482	3	0	0	0	0
tlm_multiply_gcd_forward_shift	107042482	107043028	546	135	0	0	2
tlm_multiply_gcd_forward_compare	107043028	107044031	1003	179	0	42	43
tlm_multiply_gcd_forward_body	107044031	107046067	2036	271	0	135	136
tlm_multiply_gcd_forward_apply	107046067	107046068	1	0	0	0	0
tlm_multiply_gcd_forward_codec	107046068	107046071	3	0	0	0	0
tlm_multiply_gcd_forward_shift	107046071	107046613	542	134	0	0	2
tlm_multiply_gcd_forward_compare	107046613	107047613	1000	178	0	42	43
tlm_multiply_gcd_forward_body	107047613	107049634	2021	269	0	134	135
tlm_multiply_gcd_forward_apply	107049634	107049635	1	0	0	0	0
tlm_multiply_gcd_forward_codec	107049635	107049801	166	18	0	4	7
tlm_multiply_gcd_forward_shift	107049801	107050339	538	133	0	0	2
tlm_multiply_gcd_forward_compare	107050339	107051350	1011	178	0	43	44
tlm_multiply_gcd_forward_body	107051350	107053356	2006	267	0	133	134
tlm_multiply_gcd_forward_apply	107053356	107053357	1	0	0	0	0
tlm_multiply_gcd_forward_codec	107053357	107053360	3	0	0	0	0
tlm_multiply_gcd_forward_shift	107053360	107053894	534	132	0	0	2
tlm_multiply_gcd_forward_compare	107053894	107054902	1008	177	0	43	44
tlm_multiply_gcd_forward_body	107054902	107056893	1991	265	0	132	133
tlm_multiply_gcd_forward_apply	107056893	107056894	1	0	0	0	0
tlm_multiply_gcd_forward_codec	107056894	107056897	3	0	0	0	0
tlm_multiply_gcd_forward_shift	107056897	107057427	530	131	0	0	2
tlm_multiply_gcd_forward_compare	107057427	107058432	1005	176	0	43	44
tlm_multiply_gcd_forward_body	107058432	107060408	1976	263	0	131	132
tlm_multiply_gcd_forward_apply	107060408	107060409	1	0	0	0	0
tlm_multiply_gcd_forward_codec	107060409	107060575	166	18	0	4	7
tlm_multiply_gcd_forward_shift	107060575	107061101	526	130	0	0	2
tlm_multiply_gcd_forward_compare	107061101	107062103	1002	175	0	43	44
tlm_multiply_gcd_forward_body	107062103	107064064	1961	261	0	130	131
tlm_multiply_gcd_forward_apply	107064064	107064065	1	0	0	0	0
tlm_multiply_gcd_forward_codec	107064065	107064068	3	0	0	0	0
tlm_multiply_gcd_forward_shift	107064068	107064590	522	129	0	0	2
tlm_multiply_gcd_forward_compare	107064590	107065575	985	173	0	42	43
tlm_multiply_gcd_forward_body	107065575	107067521	1946	259	0	129	130
tlm_multiply_gcd_forward_apply	107067521	107067522	1	0	0	0	0
tlm_multiply_gcd_forward_codec	107067522	107067525	3	0	0	0	0
tlm_multiply_gcd_forward_shift	107067525	107068041	516	127	0	0	4
tlm_multiply_gcd_forward_compare	107068041	107069034	993	172	0	43	44
tlm_multiply_gcd_forward_body	107069034	107070950	1916	255	0	127	128
tlm_multiply_gcd_forward_apply	107070950	107070951	1	0	0	0	0
tlm_multiply_gcd_forward_codec	107070951	107071117	166	18	0	4	7
tlm_multiply_gcd_forward_shift	107071117	107071627	510	126	0	0	2
tlm_multiply_gcd_forward_compare	107071627	107072617	990	171	0	43	44
tlm_multiply_gcd_forward_body	107072617	107074518	1901	253	0	126	127
tlm_multiply_gcd_forward_apply	107074518	107074519	1	0	0	0	0
tlm_multiply_gcd_forward_codec	107074519	107074522	3	0	0	0	0
tlm_multiply_gcd_forward_shift	107074522	107075028	506	125	0	0	2
tlm_multiply_gcd_forward_compare	107075028	107076001	973	169	0	42	43
tlm_multiply_gcd_forward_body	107076001	107077887	1886	251	0	125	126
tlm_multiply_gcd_forward_apply	107077887	107077888	1	0	0	0	0
tlm_multiply_gcd_forward_codec	107077888	107077891	3	0	0	0	0
tlm_multiply_gcd_forward_shift	107077891	107078393	502	124	0	0	2
tlm_multiply_gcd_forward_compare	107078393	107079363	970	168	0	42	43
tlm_multiply_gcd_forward_body	107079363	107081234	1871	249	0	124	125
tlm_multiply_gcd_forward_apply	107081234	107081235	1	0	0	0	0
tlm_multiply_gcd_forward_codec	107081235	107081401	166	18	0	4	7
tlm_multiply_gcd_forward_shift	107081401	107081899	498	123	0	0	2
tlm_multiply_gcd_forward_compare	107081899	107082880	981	168	0	43	44
tlm_multiply_gcd_forward_body	107082880	107084736	1856	247	0	123	124
tlm_multiply_gcd_forward_apply	107084736	107084737	1	0	0	0	0
tlm_multiply_gcd_forward_codec	107084737	107084740	3	0	0	0	0
tlm_multiply_gcd_forward_shift	107084740	107085234	494	122	0	0	2
tlm_multiply_gcd_forward_compare	107085234	107086198	964	166	0	42	43
tlm_multiply_gcd_forward_body	107086198	107088039	1841	245	0	122	123
tlm_multiply_gcd_forward_apply	107088039	107088040	1	0	0	0	0
tlm_multiply_gcd_forward_codec	107088040	107088043	3	0	0	0	0
tlm_multiply_gcd_forward_shift	107088043	107088535	492	122	0	0	0
tlm_multiply_gcd_forward_compare	107088535	107089527	992	168	0	44	45
tlm_multiply_gcd_forward_body	107089527	107091368	1841	245	0	122	123
tlm_multiply_gcd_forward_apply	107091368	107091369	1	0	0	0	0
tlm_multiply_gcd_forward_codec	107091369	107091535	166	18	0	4	7
tlm_multiply_gcd_forward_shift	107091535	107092025	490	121	0	0	2
tlm_multiply_gcd_forward_compare	107092025	107093000	975	166	0	43	44
tlm_multiply_gcd_forward_body	107093000	107094826	1826	243	0	121	122
tlm_multiply_gcd_forward_apply	107094826	107094827	1	0	0	0	0
tlm_multiply_gcd_forward_codec	107094827	107094830	3	0	0	0	0
tlm_multiply_gcd_forward_shift	107094830	107095316	486	120	0	0	2
tlm_multiply_gcd_forward_compare	107095316	107096302	986	166	0	44	45
tlm_multiply_gcd_forward_body	107096302	107098113	1811	241	0	120	121
tlm_multiply_gcd_forward_apply	107098113	107098114	1	0	0	0	0
tlm_multiply_gcd_forward_codec	107098114	107098117	3	0	0	0	0
tlm_multiply_gcd_forward_shift	107098117	107098597	480	118	0	0	4
tlm_multiply_gcd_forward_compare	107098597	107099563	966	163	0	43	44
tlm_multiply_gcd_forward_body	107099563	107101344	1781	237	0	118	119
tlm_multiply_gcd_forward_apply	107101344	107101345	1	0	0	0	0
tlm_multiply_gcd_forward_codec	107101345	107101511	166	18	0	4	7
tlm_multiply_gcd_forward_shift	107101511	107101987	476	118	0	0	0
tlm_multiply_gcd_forward_compare	107101987	107102967	980	164	0	44	45
tlm_multiply_gcd_forward_body	107102967	107104748	1781	237	0	118	119
tlm_multiply_gcd_forward_apply	107104748	107104749	1	0	0	0	0
tlm_multiply_gcd_forward_codec	107104749	107104752	3	0	0	0	0
tlm_multiply_gcd_forward_shift	107104752	107105224	472	116	0	0	4
tlm_multiply_gcd_forward_compare	107105224	107106184	960	161	0	43	44
tlm_multiply_gcd_forward_body	107106184	107107935	1751	233	0	116	117
tlm_multiply_gcd_forward_apply	107107935	107107936	1	0	0	0	0
tlm_multiply_gcd_forward_codec	107107936	107107939	3	0	0	0	0
tlm_multiply_gcd_forward_shift	107107939	107108405	466	115	0	0	2
tlm_multiply_gcd_forward_compare	107108405	107109362	957	160	0	43	44
tlm_multiply_gcd_forward_body	107109362	107111098	1736	231	0	115	116
tlm_multiply_gcd_forward_apply	107111098	107111099	1	0	0	0	0
tlm_multiply_gcd_forward_codec	107111099	107111265	166	18	0	4	7
tlm_multiply_gcd_forward_shift	107111265	107111727	462	114	0	0	2
tlm_multiply_gcd_forward_compare	107111727	107112695	968	160	0	44	45
tlm_multiply_gcd_forward_body	107112695	107114416	1721	229	0	114	115
tlm_multiply_gcd_forward_apply	107114416	107114417	1	0	0	0	0
tlm_multiply_gcd_forward_codec	107114417	107114420	3	0	0	0	0
tlm_multiply_gcd_forward_shift	107114420	107114878	458	113	0	0	2
tlm_multiply_gcd_forward_compare	107114878	107115829	951	158	0	43	44
tlm_multiply_gcd_forward_body	107115829	107117535	1706	227	0	113	114
tlm_multiply_gcd_forward_apply	107117535	107117536	1	0	0	0	0
tlm_multiply_gcd_forward_codec	107117536	107117539	3	0	0	0	0
tlm_multiply_gcd_forward_shift	107117539	107117993	454	112	0	0	2
tlm_multiply_gcd_forward_compare	107117993	107118955	962	158	0	44	45
tlm_multiply_gcd_forward_body	107118955	107120646	1691	225	0	112	113
tlm_multiply_gcd_forward_apply	107120646	107120647	1	0	0	0	0
tlm_multiply_gcd_forward_codec	107120647	107120813	166	18	0	4	7
tlm_multiply_gcd_forward_shift	107120813	107121263	450	111	0	0	2
tlm_multiply_gcd_forward_compare	107121263	107122222	959	157	0	44	45
tlm_multiply_gcd_forward_body	107122222	107123898	1676	223	0	111	112
tlm_multiply_gcd_forward_apply	107123898	107123899	1	0	0	0	0
tlm_multiply_gcd_forward_codec	107123899	107123902	3	0	0	0	0
tlm_multiply_gcd_forward_shift	107123902	107124348	446	110	0	0	2
tlm_multiply_gcd_forward_compare	107124348	107125290	942	155	0	43	44
tlm_multiply_gcd_forward_body	107125290	107126951	1661	221	0	110	111
tlm_multiply_gcd_forward_apply	107126951	107126952	1	0	0	0	0
tlm_multiply_gcd_forward_codec	107126952	107126955	3	0	0	0	0
tlm_multiply_gcd_forward_shift	107126955	107127397	442	109	0	0	2
tlm_multiply_gcd_forward_compare	107127397	107128350	953	155	0	44	45
tlm_multiply_gcd_forward_body	107128350	107129996	1646	219	0	109	110
tlm_multiply_gcd_forward_apply	107129996	107129997	1	0	0	0	0
tlm_multiply_gcd_forward_codec	107129997	107130163	166	18	0	4	7
tlm_multiply_gcd_forward_shift	107130163	107130601	438	108	0	0	2
tlm_multiply_gcd_forward_compare	107130601	107131551	950	154	0	44	45
tlm_multiply_gcd_forward_body	107131551	107133182	1631	217	0	108	109
tlm_multiply_gcd_forward_apply	107133182	107133183	1	0	0	0	0
tlm_multiply_gcd_forward_codec	107133183	107133186	3	0	0	0	0
tlm_multiply_gcd_forward_shift	107133186	107133620	434	107	0	0	2
tlm_multiply_gcd_forward_compare	107133620	107134567	947	153	0	44	45
tlm_multiply_gcd_forward_body	107134567	107136183	1616	215	0	107	108
tlm_multiply_gcd_forward_apply	107136183	107136184	1	0	0	0	0
tlm_multiply_gcd_forward_codec	107136184	107136187	3	0	0	0	0
tlm_multiply_gcd_forward_shift	107136187	107136617	430	106	0	0	2
tlm_multiply_gcd_forward_compare	107136617	107137561	944	152	0	44	45
tlm_multiply_gcd_forward_body	107137561	107139162	1601	213	0	106	107
tlm_multiply_gcd_forward_apply	107139162	107139163	1	0	0	0	0
tlm_multiply_gcd_forward_codec	107139163	107139329	166	18	0	4	7
tlm_multiply_gcd_forward_shift	107139329	107139755	426	105	0	0	2
tlm_multiply_gcd_forward_compare	107139755	107140696	941	151	0	44	45
tlm_multiply_gcd_forward_body	107140696	107142282	1586	211	0	105	106
tlm_multiply_gcd_forward_apply	107142282	107142283	1	0	0	0	0
tlm_multiply_gcd_forward_codec	107142283	107142286	3	0	0	0	0
tlm_multiply_gcd_forward_shift	107142286	107142708	422	104	0	0	2
tlm_multiply_gcd_forward_compare	107142708	107143660	952	151	0	45	46
tlm_multiply_gcd_forward_body	107143660	107145231	1571	209	0	104	105
tlm_multiply_gcd_forward_apply	107145231	107145232	1	0	0	0	0
tlm_multiply_gcd_forward_codec	107145232	107145235	3	0	0	0	0
tlm_multiply_gcd_forward_shift	107145235	107145653	418	103	0	0	2
tlm_multiply_gcd_forward_compare	107145653	107146602	949	150	0	45	46
tlm_multiply_gcd_forward_body	107146602	107148158	1556	207	0	103	104
tlm_multiply_gcd_forward_apply	107148158	107148159	1	0	0	0	0
tlm_multiply_gcd_forward_codec	107148159	107148325	166	18	0	4	7
tlm_multiply_gcd_forward_shift	107148325	107148739	414	102	0	0	2
tlm_multiply_gcd_forward_compare	107148739	107149671	932	148	0	44	45
tlm_multiply_gcd_forward_body	107149671	107151212	1541	205	0	102	103
tlm_multiply_gcd_forward_apply	107151212	107151213	1	0	0	0	0
tlm_multiply_gcd_forward_codec	107151213	107151216	3	0	0	0	0
tlm_multiply_gcd_forward_shift	107151216	107151626	410	101	0	0	2
tlm_multiply_gcd_forward_compare	107151626	107152583	957	149	0	46	47
tlm_multiply_gcd_forward_body	107152583	107154109	1526	203	0	101	102
tlm_multiply_gcd_forward_apply	107154109	107154110	1	0	0	0	0
tlm_multiply_gcd_forward_codec	107154110	107154113	3	0	0	0	0
tlm_multiply_gcd_forward_shift	107154113	107154519	406	100	0	0	2
tlm_multiply_gcd_forward_compare	107154519	107155459	940	147	0	45	46
tlm_multiply_gcd_forward_body	107155459	107156970	1511	201	0	100	101
tlm_multiply_gcd_forward_apply	107156970	107156971	1	0	0	0	0
tlm_multiply_gcd_forward_codec	107156971	107157137	166	18	0	4	7
tlm_multiply_gcd_forward_shift	107157137	107157539	402	99	0	0	2
tlm_multiply_gcd_forward_compare	107157539	107158476	937	146	0	45	46
tlm_multiply_gcd_forward_body	107158476	107159972	1496	199	0	99	100
tlm_multiply_gcd_forward_apply	107159972	107159973	1	0	0	0	0
tlm_multiply_gcd_forward_codec	107159973	107159976	3	0	0	0	0
tlm_multiply_gcd_forward_shift	107159976	107160374	398	98	0	0	2
tlm_multiply_gcd_forward_compare	107160374	107161308	934	145	0	45	46
tlm_multiply_gcd_forward_body	107161308	107162789	1481	197	0	98	99
tlm_multiply_gcd_forward_apply	107162789	107162790	1	0	0	0	0
tlm_multiply_gcd_forward_codec	107162790	107162793	3	0	0	0	0
tlm_multiply_gcd_forward_shift	107162793	107163187	394	97	0	0	2
tlm_multiply_gcd_forward_compare	107163187	107164118	931	144	0	45	46
tlm_multiply_gcd_forward_body	107164118	107165584	1466	195	0	97	98
tlm_multiply_gcd_forward_apply	107165584	107165585	1	0	0	0	0
tlm_multiply_gcd_forward_codec	107165585	107165751	166	18	0	4	7
tlm_multiply_gcd_forward_shift	107165751	107166141	390	96	0	0	2
tlm_multiply_gcd_forward_compare	107166141	107167069	928	143	0	45	46
tlm_multiply_gcd_forward_body	107167069	107168520	1451	193	0	96	97
tlm_multiply_gcd_forward_apply	107168520	107168521	1	0	0	0	0
tlm_multiply_gcd_forward_codec	107168521	107168524	3	0	0	0	0
tlm_multiply_gcd_forward_shift	107168524	107168910	386	95	0	0	2
tlm_multiply_gcd_forward_compare	107168910	107169849	939	143	0	46	47
tlm_multiply_gcd_forward_body	107169849	107171285	1436	191	0	95	96
tlm_multiply_gcd_forward_apply	107171285	107171286	1	0	0	0	0
tlm_multiply_gcd_forward_codec	107171286	107171289	3	0	0	0	0
tlm_multiply_gcd_forward_shift	107171289	107171671	382	94	0	0	2
tlm_multiply_gcd_forward_compare	107171671	107172593	922	141	0	45	46
tlm_multiply_gcd_forward_body	107172593	107174014	1421	189	0	94	95
tlm_multiply_gcd_forward_apply	107174014	107174015	1	0	0	0	0
tlm_multiply_gcd_forward_codec	107174015	107174181	166	18	0	4	7
tlm_multiply_gcd_forward_shift	107174181	107174559	378	93	0	0	2
tlm_multiply_gcd_forward_compare	107174559	107175478	919	140	0	45	46
tlm_multiply_gcd_forward_body	107175478	107176884	1406	187	0	93	94
tlm_multiply_gcd_forward_apply	107176884	107176885	1	0	0	0	0
tlm_multiply_gcd_forward_codec	107176885	107176888	3	0	0	0	0
tlm_multiply_gcd_forward_shift	107176888	107177262	374	92	0	0	2
tlm_multiply_gcd_forward_compare	107177262	107178192	930	140	0	46	47
tlm_multiply_gcd_forward_body	107178192	107179583	1391	185	0	92	93
tlm_multiply_gcd_forward_apply	107179583	107179584	1	0	0	0	0
tlm_multiply_gcd_forward_codec	107179584	107179587	3	0	0	0	0
tlm_multiply_gcd_forward_shift	107179587	107179957	370	91	0	0	2
tlm_multiply_gcd_forward_compare	107179957	107180884	927	139	0	46	47
tlm_multiply_gcd_forward_body	107180884	107182260	1376	183	0	91	92
tlm_multiply_gcd_forward_apply	107182260	107182261	1	0	0	0	0
tlm_multiply_gcd_forward_codec	107182261	107182427	166	18	0	4	7
tlm_multiply_gcd_forward_shift	107182427	107182793	366	90	0	0	2
tlm_multiply_gcd_forward_compare	107182793	107183717	924	138	0	46	47
tlm_multiply_gcd_forward_body	107183717	107185078	1361	181	0	90	91
tlm_multiply_gcd_forward_apply	107185078	107185079	1	0	0	0	0
tlm_multiply_gcd_forward_codec	107185079	107185082	3	0	0	0	0
tlm_multiply_gcd_forward_shift	107185082	107185444	362	89	0	0	2
tlm_multiply_gcd_forward_compare	107185444	107186379	935	138	0	47	48
tlm_multiply_gcd_forward_body	107186379	107187725	1346	179	0	89	90
tlm_multiply_gcd_forward_apply	107187725	107187726	1	0	0	0	0
tlm_multiply_gcd_forward_codec	107187726	107187729	3	0	0	0	0
tlm_multiply_gcd_forward_shift	107187729	107188087	358	88	0	0	2
tlm_multiply_gcd_forward_compare	107188087	107189005	918	136	0	46	47
tlm_multiply_gcd_forward_body	107189005	107190336	1331	177	0	88	89
tlm_multiply_gcd_forward_apply	107190336	107190337	1	0	0	0	0
tlm_multiply_gcd_forward_codec	107190337	107190503	166	18	0	4	7
tlm_multiply_gcd_forward_shift	107190503	107190857	354	87	0	0	2
tlm_multiply_gcd_forward_compare	107190857	107191772	915	135	0	46	47
tlm_multiply_gcd_forward_body	107191772	107193088	1316	175	0	87	88
tlm_multiply_gcd_forward_apply	107193088	107193089	1	0	0	0	0
tlm_multiply_gcd_forward_codec	107193089	107193092	3	0	0	0	0
tlm_multiply_gcd_forward_shift	107193092	107193442	350	86	0	0	2
tlm_multiply_gcd_forward_compare	107193442	107194368	926	135	0	47	48
tlm_multiply_gcd_forward_body	107194368	107195669	1301	173	0	86	87
tlm_multiply_gcd_forward_apply	107195669	107195670	1	0	0	0	0
tlm_multiply_gcd_forward_codec	107195670	107195673	3	0	0	0	0
tlm_multiply_gcd_forward_shift	107195673	107196019	346	85	0	0	2
tlm_multiply_gcd_forward_compare	107196019	107196928	909	133	0	46	47
tlm_multiply_gcd_forward_body	107196928	107198214	1286	171	0	85	86
tlm_multiply_gcd_forward_apply	107198214	107198215	1	0	0	0	0
tlm_multiply_gcd_forward_codec	107198215	107198381	166	18	0	4	7
tlm_multiply_gcd_forward_shift	107198381	107198723	342	84	0	0	2
tlm_multiply_gcd_forward_compare	107198723	107199629	906	132	0	46	47
tlm_multiply_gcd_forward_body	107199629	107200900	1271	169	0	84	85
tlm_multiply_gcd_forward_apply	107200900	107200901	1	0	0	0	0
tlm_multiply_gcd_forward_codec	107200901	107200904	3	0	0	0	0
tlm_multiply_gcd_forward_shift	107200904	107201242	338	83	0	0	2
tlm_multiply_gcd_forward_compare	107201242	107202159	917	132	0	47	48
tlm_multiply_gcd_forward_body	107202159	107203415	1256	167	0	83	84
tlm_multiply_gcd_forward_apply	107203415	107203416	1	0	0	0	0
tlm_multiply_gcd_forward_codec	107203416	107203419	3	0	0	0	0
tlm_multiply_gcd_forward_shift	107203419	107203753	334	82	0	0	2
tlm_multiply_gcd_forward_compare	107203753	107204667	914	131	0	47	48
tlm_multiply_gcd_forward_body	107204667	107205908	1241	165	0	82	83
tlm_multiply_gcd_forward_apply	107205908	107205909	1	0	0	0	0
tlm_multiply_gcd_forward_codec	107205909	107206075	166	18	0	4	7
tlm_multiply_gcd_forward_shift	107206075	107206405	330	81	0	0	2
tlm_multiply_gcd_forward_compare	107206405	107207316	911	130	0	47	48
tlm_multiply_gcd_forward_body	107207316	107208542	1226	163	0	81	82
tlm_multiply_gcd_forward_apply	107208542	107208543	1	0	0	0	0
tlm_multiply_gcd_forward_codec	107208543	107208546	3	0	0	0	0
tlm_multiply_gcd_forward_shift	107208546	107208872	326	80	0	0	2
tlm_multiply_gcd_forward_compare	107208872	107209780	908	129	0	47	48
tlm_multiply_gcd_forward_body	107209780	107210991	1211	161	0	80	81
tlm_multiply_gcd_forward_apply	107210991	107210992	1	0	0	0	0
tlm_multiply_gcd_forward_codec	107210992	107210995	3	0	0	0	0
tlm_multiply_gcd_forward_shift	107210995	107211317	322	79	0	0	2
tlm_multiply_gcd_forward_compare	107211317	107212222	905	128	0	47	48
tlm_multiply_gcd_forward_body	107212222	107213418	1196	159	0	79	80
tlm_multiply_gcd_forward_apply	107213418	107213419	1	0	0	0	0
tlm_multiply_gcd_forward_codec	107213419	107213585	166	18	0	4	7
tlm_multiply_gcd_forward_shift	107213585	107213903	318	78	0	0	2
tlm_multiply_gcd_forward_compare	107213903	107214805	902	127	0	47	48
tlm_multiply_gcd_forward_body	107214805	107215986	1181	157	0	78	79
tlm_multiply_gcd_forward_apply	107215986	107215987	1	0	0	0	0
tlm_multiply_gcd_forward_codec	107215987	107215990	3	0	0	0	0
tlm_multiply_gcd_forward_shift	107215990	107216304	314	77	0	0	2
tlm_multiply_gcd_forward_compare	107216304	107217203	899	126	0	47	48
tlm_multiply_gcd_forward_body	107217203	107218369	1166	155	0	77	78
tlm_multiply_gcd_forward_apply	107218369	107218370	1	0	0	0	0
tlm_multiply_gcd_forward_codec	107218370	107218373	3	0	0	0	0
tlm_multiply_gcd_forward_shift	107218373	107218683	310	76	0	0	2
tlm_multiply_gcd_forward_compare	107218683	107219593	910	126	0	48	49
tlm_multiply_gcd_forward_body	107219593	107220744	1151	153	0	76	77
tlm_multiply_gcd_forward_apply	107220744	107220745	1	0	0	0	0
tlm_multiply_gcd_forward_codec	107220745	107220911	166	18	0	4	7
tlm_multiply_gcd_forward_shift	107220911	107221217	306	75	0	0	2
tlm_multiply_gcd_forward_compare	107221217	107222138	921	126	0	49	50
tlm_multiply_gcd_forward_body	107222138	107223274	1136	151	0	75	76
tlm_multiply_gcd_forward_apply	107223274	107223275	1	0	0	0	0
tlm_multiply_gcd_forward_codec	107223275	107223278	3	0	0	0	0
tlm_multiply_gcd_forward_shift	107223278	107223580	302	74	0	0	2
tlm_multiply_gcd_forward_compare	107223580	107224484	904	124	0	48	49
tlm_multiply_gcd_forward_body	107224484	107225605	1121	149	0	74	75
tlm_multiply_gcd_forward_apply	107225605	107225606	1	0	0	0	0
tlm_multiply_gcd_forward_codec	107225606	107225609	3	0	0	0	0
tlm_multiply_gcd_forward_shift	107225609	107225907	298	73	0	0	2
tlm_multiply_gcd_forward_compare	107225907	107226808	901	123	0	48	49
tlm_multiply_gcd_forward_body	107226808	107227914	1106	147	0	73	74
tlm_multiply_gcd_forward_apply	107227914	107227915	1	0	0	0	0
tlm_multiply_gcd_forward_codec	107227915	107228081	166	18	0	4	7
tlm_multiply_gcd_forward_shift	107228081	107228375	294	72	0	0	2
tlm_multiply_gcd_forward_compare	107228375	107229273	898	122	0	48	49
tlm_multiply_gcd_forward_body	107229273	107230364	1091	145	0	72	73
tlm_multiply_gcd_forward_apply	107230364	107230365	1	0	0	0	0
tlm_multiply_gcd_forward_codec	107230365	107230368	3	0	0	0	0
tlm_multiply_gcd_forward_shift	107230368	107230658	290	71	0	0	2
tlm_multiply_gcd_forward_compare	107230658	107231553	895	121	0	48	49
tlm_multiply_gcd_forward_body	107231553	107232629	1076	143	0	71	72
tlm_multiply_gcd_forward_apply	107232629	107232630	1	0	0	0	0
tlm_multiply_gcd_forward_codec	107232630	107232633	3	0	0	0	0
tlm_multiply_gcd_forward_shift	107232633	107232919	286	70	0	0	2
tlm_multiply_gcd_forward_compare	107232919	107233811	892	120	0	48	49
tlm_multiply_gcd_forward_body	107233811	107234872	1061	141	0	70	71
tlm_multiply_gcd_forward_apply	107234872	107234873	1	0	0	0	0
tlm_multiply_gcd_forward_codec	107234873	107235039	166	18	0	4	7
tlm_multiply_gcd_forward_shift	107235039	107235321	282	69	0	0	2
tlm_multiply_gcd_forward_compare	107235321	107236210	889	119	0	48	49
tlm_multiply_gcd_forward_body	107236210	107237256	1046	139	0	69	70
tlm_multiply_gcd_forward_apply	107237256	107237257	1	0	0	0	0
tlm_multiply_gcd_forward_codec	107237257	107237260	3	0	0	0	0
tlm_multiply_gcd_forward_shift	107237260	107237538	278	68	0	0	2
tlm_multiply_gcd_forward_compare	107237538	107238438	900	119	0	49	50
tlm_multiply_gcd_forward_body	107238438	107239469	1031	137	0	68	69
tlm_multiply_gcd_forward_apply	107239469	107239470	1	0	0	0	0
tlm_multiply_gcd_forward_codec	107239470	107239473	3	0	0	0	0
tlm_multiply_gcd_forward_shift	107239473	107239747	274	67	0	0	2
tlm_multiply_gcd_forward_compare	107239747	107240630	883	117	0	48	49
tlm_multiply_gcd_forward_body	107240630	107241646	1016	135	0	67	68
tlm_multiply_gcd_forward_apply	107241646	107241647	1	0	0	0	0
tlm_multiply_gcd_forward_codec	107241647	107241813	166	18	0	4	7
tlm_multiply_gcd_forward_shift	107241813	107242083	270	66	0	0	2
tlm_multiply_gcd_forward_compare	107242083	107242963	880	116	0	48	49
tlm_multiply_gcd_forward_body	107242963	107243964	1001	133	0	66	67
tlm_multiply_gcd_forward_apply	107243964	107243965	1	0	0	0	0
tlm_multiply_gcd_forward_codec	107243965	107243968	3	0	0	0	0
tlm_multiply_gcd_forward_shift	107243968	107244234	266	65	0	0	2
tlm_multiply_gcd_forward_compare	107244234	107245111	877	115	0	48	49
tlm_multiply_gcd_forward_body	107245111	107246097	986	131	0	65	66
tlm_multiply_gcd_forward_apply	107246097	107246098	1	0	0	0	0
tlm_multiply_gcd_forward_codec	107246098	107246101	3	0	0	0	0
tlm_multiply_gcd_forward_shift	107246101	107246363	262	64	0	0	2
tlm_multiply_gcd_forward_compare	107246363	107247265	902	116	0	50	51
tlm_multiply_gcd_forward_body	107247265	107248236	971	129	0	64	65
tlm_multiply_gcd_forward_apply	107248236	107248237	1	0	0	0	0
tlm_multiply_gcd_forward_codec	107248237	107248403	166	18	0	4	7
tlm_multiply_gcd_forward_shift	107248403	107248661	258	63	0	0	2
tlm_multiply_gcd_forward_compare	107248661	107249546	885	114	0	49	50
tlm_multiply_gcd_forward_body	107249546	107250502	956	127	0	63	64
tlm_multiply_gcd_forward_apply	107250502	107250503	1	0	0	0	0
tlm_multiply_gcd_forward_codec	107250503	107250506	3	0	0	0	0
tlm_multiply_gcd_forward_shift	107250506	107250760	254	62	0	0	2
tlm_multiply_gcd_forward_compare	107250760	107251670	910	115	0	51	52
tlm_multiply_gcd_forward_body	107251670	107252611	941	125	0	62	63
tlm_multiply_gcd_forward_apply	107252611	107252612	1	0	0	0	0
tlm_multiply_gcd_forward_codec	107252612	107252615	3	0	0	0	0
tlm_multiply_gcd_forward_shift	107252615	107252865	250	61	0	0	2
tlm_multiply_gcd_forward_compare	107252865	107253772	907	114	0	51	52
tlm_multiply_gcd_forward_body	107253772	107254698	926	123	0	61	62
tlm_multiply_gcd_forward_apply	107254698	107254699	1	0	0	0	0
tlm_multiply_gcd_forward_codec	107254699	107254865	166	18	0	4	7
tlm_multiply_gcd_forward_shift	107254865	107255111	246	60	0	0	2
tlm_multiply_gcd_forward_compare	107255111	107256001	890	112	0	50	51
tlm_multiply_gcd_forward_body	107256001	107256912	911	121	0	60	61
tlm_multiply_gcd_forward_apply	107256912	107256913	1	0	0	0	0
tlm_multiply_gcd_forward_codec	107256913	107256916	3	0	0	0	0
tlm_multiply_gcd_forward_shift	107256916	107257158	242	59	0	0	2
tlm_multiply_gcd_forward_compare	107257158	107258073	915	113	0	52	53
tlm_multiply_gcd_forward_body	107258073	107258969	896	119	0	59	60
tlm_multiply_gcd_forward_apply	107258969	107258970	1	0	0	0	0
tlm_multiply_gcd_forward_codec	107258970	107258973	3	0	0	0	0
tlm_multiply_gcd_forward_shift	107258973	107259211	238	58	0	0	2
tlm_multiply_gcd_forward_compare	107259211	107260109	898	111	0	51	52
tlm_multiply_gcd_forward_body	107260109	107260990	881	117	0	58	59
tlm_multiply_gcd_forward_apply	107260990	107260991	1	0	0	0	0
tlm_multiply_gcd_forward_codec	107260991	107261157	166	18	0	4	7
tlm_multiply_gcd_forward_shift	107261157	107261391	234	57	0	0	2
tlm_multiply_gcd_forward_compare	107261391	107262300	909	111	0	52	53
tlm_multiply_gcd_forward_body	107262300	107263166	866	115	0	57	58
tlm_multiply_gcd_forward_apply	107263166	107263167	1	0	0	0	0
tlm_multiply_gcd_forward_codec	107263167	107263170	3	0	0	0	0
tlm_multiply_gcd_forward_shift	107263170	107263400	230	56	0	0	2
tlm_multiply_gcd_forward_compare	107263400	107264306	906	110	0	52	53
tlm_multiply_gcd_forward_body	107264306	107265157	851	113	0	56	57
tlm_multiply_gcd_forward_apply	107265157	107265158	1	0	0	0	0
tlm_multiply_gcd_forward_codec	107265158	107265161	3	0	0	0	0
tlm_multiply_gcd_forward_shift	107265161	107265387	226	55	0	0	2
tlm_multiply_gcd_forward_compare	107265387	107266290	903	109	0	52	53
tlm_multiply_gcd_forward_body	107266290	107267126	836	111	0	55	56
tlm_multiply_gcd_forward_apply	107267126	107267127	1	0	0	0	0
tlm_multiply_gcd_forward_codec	107267127	107267293	166	18	0	4	7
tlm_multiply_gcd_forward_shift	107267293	107267515	222	54	0	0	2
tlm_multiply_gcd_forward_compare	107267515	107268415	900	108	0	52	53
tlm_multiply_gcd_forward_body	107268415	107269236	821	109	0	54	55
tlm_multiply_gcd_forward_apply	107269236	107269237	1	0	0	0	0
tlm_multiply_gcd_forward_codec	107269237	107269240	3	0	0	0	0
tlm_multiply_gcd_forward_shift	107269240	107269458	218	53	0	0	2
tlm_multiply_gcd_forward_compare	107269458	107270355	897	107	0	52	53
tlm_multiply_gcd_forward_body	107270355	107271161	806	107	0	53	54
tlm_multiply_gcd_forward_apply	107271161	107271162	1	0	0	0	0
tlm_multiply_gcd_forward_codec	107271162	107271165	3	0	0	0	0
tlm_multiply_gcd_forward_shift	107271165	107271379	214	52	0	0	2
tlm_multiply_gcd_forward_compare	107271379	107272273	894	106	0	52	53
tlm_multiply_gcd_forward_body	107272273	107273064	791	105	0	52	53
tlm_multiply_gcd_forward_apply	107273064	107273065	1	0	0	0	0
tlm_multiply_gcd_forward_codec	107273065	107273231	166	18	0	4	7
tlm_multiply_gcd_forward_shift	107273231	107273441	210	51	0	0	2
tlm_multiply_gcd_forward_compare	107273441	107274318	877	104	0	51	52
tlm_multiply_gcd_forward_body	107274318	107275094	776	103	0	51	52
tlm_multiply_gcd_forward_apply	107275094	107275095	1	0	0	0	0
tlm_multiply_gcd_forward_codec	107275095	107275098	3	0	0	0	0
tlm_multiply_gcd_forward_shift	107275098	107275304	206	50	0	0	2
tlm_multiply_gcd_forward_compare	107275304	107276164	860	102	0	50	51
tlm_multiply_gcd_forward_body	107276164	107276925	761	101	0	50	51
tlm_multiply_gcd_forward_apply	107276925	107276926	1	0	0	0	0
tlm_multiply_gcd_forward_codec	107276926	107276929	3	0	0	0	0
tlm_multiply_gcd_forward_shift	107276929	107277131	202	49	0	0	2
tlm_multiply_gcd_forward_compare	107277131	107277974	843	100	0	49	50
tlm_multiply_gcd_forward_body	107277974	107278720	746	99	0	49	50
tlm_multiply_gcd_forward_apply	107278720	107278721	1	0	0	0	0
tlm_multiply_gcd_forward_codec	107278721	107278887	166	18	0	4	7
tlm_multiply_gcd_forward_shift	107278887	107279085	198	48	0	0	2
tlm_multiply_gcd_forward_compare	107279085	107279911	826	98	0	48	49
tlm_multiply_gcd_forward_body	107279911	107280642	731	97	0	48	49
tlm_multiply_gcd_forward_apply	107280642	107280643	1	0	0	0	0
tlm_multiply_gcd_forward_codec	107280643	107280646	3	0	0	0	0
tlm_multiply_gcd_forward_shift	107280646	107280840	194	47	0	0	2
tlm_multiply_gcd_forward_compare	107280840	107281649	809	96	0	47	48
tlm_multiply_gcd_forward_body	107281649	107282365	716	95	0	47	48
tlm_multiply_gcd_forward_apply	107282365	107282366	1	0	0	0	0
tlm_multiply_gcd_forward_codec	107282366	107282369	3	0	0	0	0
tlm_multiply_gcd_forward_shift	107282369	107282559	190	46	0	0	2
tlm_multiply_gcd_forward_compare	107282559	107283351	792	94	0	46	47
tlm_multiply_gcd_forward_body	107283351	107284052	701	93	0	46	47
tlm_multiply_gcd_forward_apply	107284052	107284053	1	0	0	0	0
tlm_multiply_gcd_forward_codec	107284053	107284219	166	18	0	4	7
tlm_multiply_gcd_forward_shift	107284219	107284405	186	45	0	0	2
tlm_multiply_gcd_forward_compare	107284405	107285180	775	92	0	45	46
tlm_multiply_gcd_forward_body	107285180	107285866	686	91	0	45	46
tlm_multiply_gcd_forward_apply	107285866	107285867	1	0	0	0	0
tlm_multiply_gcd_forward_codec	107285867	107285870	3	0	0	0	0
tlm_multiply_gcd_forward_shift	107285870	107286052	182	44	0	0	2
tlm_multiply_gcd_forward_compare	107286052	107286810	758	90	0	44	45
tlm_multiply_gcd_forward_body	107286810	107287481	671	89	0	44	45
tlm_multiply_gcd_forward_apply	107287481	107287482	1	0	0	0	0
tlm_multiply_gcd_forward_codec	107287482	107287485	3	0	0	0	0
tlm_multiply_gcd_forward_shift	107287485	107287663	178	43	0	0	2
tlm_multiply_gcd_forward_compare	107287663	107288418	755	89	0	44	45
tlm_multiply_gcd_forward_body	107288418	107289074	656	87	0	43	44
tlm_multiply_gcd_forward_apply	107289074	107289075	1	0	0	0	0
tlm_multiply_gcd_forward_codec	107289075	107289241	166	18	0	4	7
tlm_multiply_gcd_forward_shift	107289241	107289415	174	42	0	0	2
tlm_multiply_gcd_forward_compare	107289415	107290153	738	87	0	43	44
tlm_multiply_gcd_forward_body	107290153	107290794	641	85	0	42	43
tlm_multiply_gcd_forward_apply	107290794	107290795	1	0	0	0	0
tlm_multiply_gcd_forward_codec	107290795	107290798	3	0	0	0	0
tlm_multiply_gcd_forward_shift	107290798	107290968	170	41	0	0	2
tlm_multiply_gcd_forward_compare	107290968	107291689	721	85	0	42	43
tlm_multiply_gcd_forward_body	107291689	107292315	626	83	0	41	42
tlm_multiply_gcd_forward_apply	107292315	107292316	1	0	0	0	0
tlm_multiply_gcd_forward_codec	107292316	107292319	3	0	0	0	0
tlm_multiply_gcd_forward_shift	107292319	107292485	166	40	0	0	2
tlm_multiply_gcd_forward_compare	107292485	107293189	704	83	0	41	42
tlm_multiply_gcd_forward_body	107293189	107293800	611	81	0	40	41
tlm_multiply_gcd_forward_apply	107293800	107293801	1	0	0	0	0
tlm_multiply_gcd_forward_codec	107293801	107293967	166	18	0	4	7
tlm_multiply_gcd_forward_shift	107293967	107294129	162	39	0	0	2
tlm_multiply_gcd_forward_compare	107294129	107294816	687	81	0	40	41
tlm_multiply_gcd_forward_body	107294816	107295412	596	79	0	39	40
tlm_multiply_gcd_forward_apply	107295412	107295413	1	0	0	0	0
tlm_multiply_gcd_forward_codec	107295413	107295416	3	0	0	0	0
tlm_multiply_gcd_forward_shift	107295416	107295574	158	38	0	0	2
tlm_multiply_gcd_forward_compare	107295574	107296244	670	79	0	39	40
tlm_multiply_gcd_forward_body	107296244	107296825	581	77	0	38	39
tlm_multiply_gcd_forward_apply	107296825	107296826	1	0	0	0	0
tlm_multiply_gcd_forward_codec	107296826	107296829	3	0	0	0	0
tlm_multiply_gcd_forward_shift	107296829	107296983	154	37	0	0	2
tlm_multiply_gcd_forward_compare	107296983	107297636	653	77	0	38	39
tlm_multiply_gcd_forward_body	107297636	107298202	566	75	0	37	38
tlm_multiply_gcd_forward_apply	107298202	107298203	1	0	0	0	0
tlm_multiply_gcd_forward_codec	107298203	107298369	166	18	0	4	7
tlm_multiply_gcd_forward_shift	107298369	107298519	150	36	0	0	2
tlm_multiply_gcd_forward_compare	107298519	107299155	636	75	0	37	38
tlm_multiply_gcd_forward_body	107299155	107299706	551	73	0	36	37
tlm_multiply_gcd_forward_apply	107299706	107299707	1	0	0	0	0
tlm_multiply_gcd_forward_codec	107299707	107299710	3	0	0	0	0
tlm_multiply_gcd_forward_shift	107299710	107299856	146	35	0	0	2
tlm_multiply_gcd_forward_compare	107299856	107300475	619	73	0	36	37
tlm_multiply_gcd_forward_body	107300475	107301011	536	71	0	35	36
tlm_multiply_gcd_forward_apply	107301011	107301012	1	0	0	0	0
tlm_multiply_gcd_forward_codec	107301012	107301015	3	0	0	0	0
tlm_multiply_gcd_forward_shift	107301015	107301157	142	34	0	0	2
tlm_multiply_gcd_forward_compare	107301157	107301759	602	71	0	35	36
tlm_multiply_gcd_forward_body	107301759	107302280	521	69	0	34	35
tlm_multiply_gcd_forward_apply	107302280	107302281	1	0	0	0	0
tlm_multiply_gcd_forward_codec	107302281	107302447	166	18	0	4	7
tlm_multiply_gcd_forward_shift	107302447	107302585	138	33	0	0	2
tlm_multiply_gcd_forward_compare	107302585	107303170	585	69	0	34	35
tlm_multiply_gcd_forward_body	107303170	107303676	506	67	0	33	34
tlm_multiply_gcd_forward_apply	107303676	107303677	1	0	0	0	0
tlm_multiply_gcd_forward_codec	107303677	107303680	3	0	0	0	0
tlm_multiply_gcd_forward_shift	107303680	107303814	134	32	0	0	2
tlm_multiply_gcd_forward_compare	107303814	107304382	568	67	0	33	34
tlm_multiply_gcd_forward_body	107304382	107304873	491	65	0	32	33
tlm_multiply_gcd_forward_apply	107304873	107304874	1	0	0	0	0
tlm_multiply_gcd_forward_codec	107304874	107304877	3	0	0	0	0
tlm_multiply_gcd_forward_shift	107304877	107305007	130	31	0	0	2
tlm_multiply_gcd_forward_compare	107305007	107305558	551	65	0	32	33
tlm_multiply_gcd_forward_body	107305558	107306034	476	63	0	31	32
tlm_multiply_gcd_forward_apply	107306034	107306035	1	0	0	0	0
tlm_multiply_gcd_forward_codec	107306035	107306201	166	18	0	4	7
tlm_multiply_gcd_forward_shift	107306201	107306327	126	30	0	0	2
tlm_multiply_gcd_forward_compare	107306327	107306861	534	63	0	31	32
tlm_multiply_gcd_forward_body	107306861	107307322	461	61	0	30	31
tlm_multiply_gcd_forward_apply	107307322	107307323	1	0	0	0	0
tlm_multiply_gcd_forward_codec	107307323	107307326	3	0	0	0	0
tlm_multiply_gcd_forward_shift	107307326	107307448	122	29	0	0	2
tlm_multiply_gcd_forward_compare	107307448	107307965	517	61	0	30	31
tlm_multiply_gcd_forward_body	107307965	107308411	446	59	0	29	30
tlm_multiply_gcd_forward_apply	107308411	107308412	1	0	0	0	0
tlm_multiply_gcd_forward_codec	107308412	107308415	3	0	0	0	0
tlm_multiply_gcd_forward_shift	107308415	107308533	118	28	0	0	2
tlm_multiply_gcd_forward_compare	107308533	107309033	500	59	0	29	30
tlm_multiply_gcd_forward_body	107309033	107309464	431	57	0	28	29
tlm_multiply_gcd_forward_apply	107309464	107309465	1	0	0	0	0
tlm_multiply_gcd_forward_codec	107309465	107309631	166	18	0	4	7
tlm_multiply_gcd_forward_shift	107309631	107309745	114	27	0	0	2
tlm_multiply_gcd_forward_compare	107309745	107310228	483	57	0	28	29
tlm_multiply_gcd_forward_body	107310228	107310644	416	55	0	27	28
tlm_multiply_gcd_forward_apply	107310644	107310645	1	0	0	0	0
tlm_multiply_gcd_forward_codec	107310645	107310648	3	0	0	0	0
tlm_multiply_gcd_forward_shift	107310648	107310758	110	26	0	0	2
tlm_multiply_gcd_forward_compare	107310758	107311224	466	55	0	27	28
tlm_multiply_gcd_forward_body	107311224	107311625	401	53	0	26	27
tlm_multiply_gcd_forward_apply	107311625	107311626	1	0	0	0	0
tlm_multiply_gcd_forward_codec	107311626	107311629	3	0	0	0	0
tlm_multiply_gcd_forward_shift	107311629	107311735	106	25	0	0	2
tlm_multiply_gcd_forward_compare	107311735	107312184	449	53	0	26	27
tlm_multiply_gcd_forward_body	107312184	107312570	386	51	0	25	26
tlm_multiply_gcd_forward_apply	107312570	107312571	1	0	0	0	0
tlm_multiply_gcd_forward_codec	107312571	107312737	166	18	0	4	7
tlm_multiply_gcd_forward_shift	107312737	107312835	98	22	0	0	6
tlm_multiply_gcd_forward_compare	107312835	107313247	412	48	0	24	25
tlm_multiply_gcd_forward_body	107313247	107313588	341	45	0	22	23
tlm_multiply_gcd_forward_apply	107313588	107313589	1	0	0	0	0
tlm_multiply_gcd_forward_codec	107313589	107313592	3	0	0	0	0
tlm_multiply_gcd_forward_shift	107313592	107313682	90	21	0	0	2
tlm_multiply_gcd_forward_compare	107313682	107314077	395	46	0	23	24
tlm_multiply_gcd_forward_body	107314077	107314403	326	43	0	21	22
tlm_multiply_gcd_forward_apply	107314403	107314404	1	0	0	0	0
tlm_multiply_gcd_forward_codec	107314404	107314407	3	0	0	0	0
tlm_multiply_gcd_forward_shift	107314407	107314493	86	20	0	0	2
tlm_multiply_gcd_forward_compare	107314493	107314871	378	44	0	22	23
tlm_multiply_gcd_forward_body	107314871	107315182	311	41	0	20	21
tlm_multiply_gcd_forward_apply	107315182	107315183	1	0	0	0	0
tlm_multiply_gcd_forward_codec	107315183	107315349	166	18	0	4	7
tlm_multiply_gcd_forward_shift	107315349	107315431	82	19	0	0	2
tlm_multiply_gcd_forward_compare	107315431	107315792	361	42	0	21	22
tlm_multiply_gcd_forward_body	107315792	107316088	296	39	0	19	20
tlm_multiply_gcd_forward_apply	107316088	107316089	1	0	0	0	0
tlm_multiply_gcd_forward_codec	107316089	107316092	3	0	0	0	0
tlm_multiply_gcd_forward_shift	107316092	107316170	78	18	0	0	2
tlm_multiply_gcd_forward_compare	107316170	107316514	344	40	0	20	21
tlm_multiply_gcd_forward_body	107316514	107316795	281	37	0	18	19
tlm_multiply_gcd_forward_apply	107316795	107316796	1	0	0	0	0
tlm_multiply_gcd_forward_codec	107316796	107316799	3	0	0	0	0
tlm_multiply_gcd_forward_shift	107316799	107316873	74	17	0	0	2
tlm_multiply_gcd_forward_compare	107316873	107317200	327	38	0	19	20
tlm_multiply_gcd_forward_body	107317200	107317466	266	35	0	17	18
tlm_multiply_gcd_forward_apply	107317466	107317467	1	0	0	0	0
tlm_multiply_gcd_forward_codec	107317467	107317633	166	18	0	4	7
tlm_multiply_gcd_forward_shift	107317633	107317705	72	17	0	0	0
tlm_multiply_gcd_forward_compare	107317705	107318032	327	38	0	19	20
tlm_multiply_gcd_forward_body	107318032	107318298	266	35	0	17	18
tlm_multiply_gcd_forward_apply	107318298	107318299	1	0	0	0	0
tlm_multiply_gcd_forward_codec	107318299	107318302	3	0	0	0	0
tlm_multiply_gcd_forward_shift	107318302	107318372	70	16	0	0	2
tlm_multiply_gcd_forward_compare	107318372	107318682	310	36	0	18	19
tlm_multiply_gcd_forward_body	107318682	107318933	251	33	0	16	17
tlm_multiply_gcd_forward_apply	107318933	107318934	1	0	0	0	0
tlm_multiply_gcd_forward_codec	107318934	107318937	3	0	0	0	0
tlm_multiply_gcd_forward_shift	107318937	107319005	68	16	0	0	0
tlm_multiply_gcd_forward_compare	107319005	107319315	310	36	0	18	19
tlm_multiply_gcd_forward_body	107319315	107319566	251	33	0	16	17
tlm_multiply_gcd_forward_apply	107319566	107319567	1	0	0	0	0
tlm_multiply_gcd_forward_codec	107319567	107319733	166	18	0	4	7
tlm_multiply_gcd_forward_shift	107319733	107319799	66	15	0	0	2
tlm_multiply_gcd_forward_compare	107319799	107320092	293	34	0	17	18
tlm_multiply_gcd_forward_body	107320092	107320328	236	31	0	15	16
tlm_multiply_gcd_forward_apply	107320328	107320329	1	0	0	0	0
tlm_multiply_gcd_forward_codec	107320329	107320332	3	0	0	0	0
tlm_multiply_gcd_forward_shift	107320332	107320394	62	14	0	0	2
tlm_multiply_gcd_forward_compare	107320394	107320670	276	32	0	16	17
tlm_multiply_gcd_forward_body	107320670	107320891	221	29	0	14	15
tlm_multiply_gcd_forward_apply	107320891	107320892	1	0	0	0	0
tlm_multiply_gcd_forward_codec	107320892	107320895	3	0	0	0	0
tlm_multiply_gcd_forward_shift	107320895	107320953	58	13	0	0	2
tlm_multiply_gcd_forward_compare	107320953	107321212	259	30	0	15	16
tlm_multiply_gcd_forward_body	107321212	107321418	206	27	0	13	14
tlm_multiply_gcd_forward_apply	107321418	107321419	1	0	0	0	0
tlm_multiply_gcd_forward_codec	107321419	107321585	166	18	0	4	7
tlm_multiply_gcd_forward_shift	107321585	107321641	56	13	0	0	0
tlm_multiply_gcd_forward_compare	107321641	107321900	259	30	0	15	16
tlm_multiply_gcd_forward_body	107321900	107322106	206	27	0	13	14
tlm_multiply_gcd_forward_apply	107322106	107322107	1	0	0	0	0
tlm_multiply_gcd_forward_codec	107322107	107322110	3	0	0	0	0
tlm_multiply_gcd_forward_shift	107322110	107322164	54	12	0	0	2
tlm_multiply_gcd_forward_compare	107322164	107322406	242	28	0	14	15
tlm_multiply_gcd_forward_body	107322406	107322597	191	25	0	12	13
tlm_multiply_gcd_forward_apply	107322597	107322598	1	0	0	0	0
tlm_multiply_gcd_forward_codec	107322598	107322601	3	0	0	0	0
tlm_multiply_gcd_forward_shift	107322601	107322653	52	12	0	0	0
tlm_multiply_gcd_forward_compare	107322653	107322895	242	28	0	14	15
tlm_multiply_gcd_forward_body	107322895	107323086	191	25	0	12	13
tlm_multiply_gcd_forward_apply	107323086	107323087	1	0	0	0	0
tlm_multiply_gcd_forward_codec	107323087	107323253	166	18	0	4	7
tlm_multiply_gcd_forward_shift	107323253	107323305	52	12	0	0	0
tlm_multiply_gcd_forward_compare	107323305	107323547	242	28	0	14	15
tlm_multiply_gcd_forward_body	107323547	107323738	191	25	0	12	13
tlm_multiply_gcd_forward_apply	107323738	107323739	1	0	0	0	0
tlm_multiply_gcd_forward_codec	107323739	107323742	3	0	0	0	0
tlm_multiply_gcd_forward_shift	107323742	107323790	48	10	0	0	4
tlm_multiply_gcd_forward_compare	107323790	107323998	208	24	0	12	13
tlm_multiply_gcd_forward_body	107323998	107324159	161	21	0	10	11
tlm_multiply_gcd_forward_apply	107324159	107324160	1	0	0	0	0
tlm_multiply_gcd_forward_codec	107324160	107324163	3	0	0	0	0
tlm_multiply_gcd_forward_shift	107324163	107324207	44	10	0	0	0
tlm_multiply_gcd_forward_compare	107324207	107324415	208	24	0	12	13
tlm_multiply_gcd_forward_body	107324415	107324576	161	21	0	10	11
tlm_multiply_gcd_forward_apply	107324576	107324577	1	0	0	0	0
tlm_multiply_gcd_forward_codec	107324577	107324743	166	18	0	4	7
tlm_multiply_gcd_forward_shift	107324743	107324783	40	8	0	0	4
tlm_multiply_gcd_forward_compare	107324783	107324957	174	20	0	10	11
tlm_multiply_gcd_forward_body	107324957	107325088	131	17	0	8	9
tlm_multiply_gcd_forward_apply	107325088	107325089	1	0	0	0	0
tlm_multiply_gcd_forward_codec	107325089	107325092	3	0	0	0	0
tlm_multiply_gcd_forward_shift	107325092	107325126	34	7	0	0	2
tlm_multiply_gcd_forward_compare	107325126	107325283	157	18	0	9	10
tlm_multiply_gcd_forward_body	107325283	107325399	116	15	0	7	8
tlm_multiply_gcd_forward_apply	107325399	107325400	1	0	0	0	0
tlm_multiply_gcd_forward_codec	107325400	107325403	3	0	0	0	0
tlm_multiply_gcd_forward_shift	107325403	107325435	32	7	0	0	0
tlm_multiply_gcd_forward_compare	107325435	107325592	157	18	0	9	10
tlm_multiply_gcd_forward_body	107325592	107325708	116	15	0	7	8
tlm_multiply_gcd_forward_apply	107325708	107325709	1	0	0	0	0
tlm_multiply_gcd_forward_codec	107325709	107325875	166	18	0	4	7
tlm_multiply_gcd_forward_shift	107325875	107325907	32	7	0	0	0
tlm_multiply_gcd_forward_compare	107325907	107326064	157	18	0	9	10
tlm_multiply_gcd_forward_body	107326064	107326180	116	15	0	7	8
tlm_multiply_gcd_forward_apply	107326180	107326181	1	0	0	0	0
tlm_multiply_gcd_forward_codec	107326181	107326184	3	0	0	0	0
tlm_multiply_gcd_forward_shift	107326184	107326216	32	7	0	0	0
tlm_multiply_gcd_forward_compare	107326216	107326373	157	18	0	9	10
tlm_multiply_gcd_forward_body	107326373	107326489	116	15	0	7	8
tlm_multiply_gcd_forward_apply	107326489	107326490	1	0	0	0	0
tlm_multiply_gcd_forward_codec	107326490	107326508	18	2	0	1	1
tlm_gcd_step_end	107326508	107326787	279	0	0	0	21
tlm_multiply_gcd_reverse_decode	107326787	107326804	17	3	0	0	3
tlm_multiply_gcd_reverse_apply	107326804	107326805	1	0	0	0	0
tlm_apply_forward_fold	107326805	107328122	1317	155	0	52	106
tlm_multiply_gcd_reverse_body	107328122	107328309	187	55	0	1	1
tlm_multiply_gcd_reverse_decode	107328309	107328315	6	0	0	0	3
tlm_multiply_gcd_reverse_apply	107328315	107328316	1	0	0	0	0
tlm_apply_forward_mod_add_register	107328316	107330108	1792	769	0	0	1
tlm_apply_forward_mod_add_fold	107330108	107331167	1059	155	0	52	105
tlm_apply_forward_mod_add_clean	107331167	107331332	165	38	0	1	3
tlm_apply_forward_fold	107331332	107333698	2366	427	0	69	128
tlm_multiply_gcd_reverse_body	107333698	107333885	187	55	0	1	1
tlm_multiply_gcd_reverse_decode	107333885	107334049	164	19	0	3	8
tlm_multiply_gcd_reverse_apply	107334049	107334050	1	0	0	0	0
tlm_apply_forward_mod_add_register	107334050	107335842	1792	769	0	0	1
tlm_apply_forward_mod_add_fold	107335842	107336901	1059	155	0	52	105
tlm_apply_forward_mod_add_clean	107336901	107337066	165	38	0	1	3
tlm_apply_forward_swap	107337066	107337834	768	256	0	0	0
tlm_apply_forward_fold	107337834	107340200	2366	427	0	69	128
tlm_multiply_gcd_reverse_body	107340200	107340387	187	55	0	1	1
tlm_multiply_gcd_reverse_decode	107340387	107340393	6	0	0	0	3
tlm_multiply_gcd_reverse_apply	107340393	107340394	1	0	0	0	0
tlm_apply_forward_mod_add_register	107340394	107342186	1792	769	0	0	1
tlm_apply_forward_mod_add_fold	107342186	107343245	1059	155	0	52	105
tlm_apply_forward_mod_add_clean	107343245	107343410	165	38	0	1	3
tlm_apply_forward_swap	107343410	107344178	768	256	0	0	0
tlm_apply_forward_fold	107344178	107346544	2366	427	0	69	128
tlm_multiply_gcd_reverse_body	107346544	107346743	199	53	0	3	3
tlm_multiply_gcd_reverse_decode	107346743	107346749	6	0	0	0	3
tlm_multiply_gcd_reverse_apply	107346749	107346750	1	0	0	0	0
tlm_apply_forward_mod_add_register	107346750	107348548	1798	768	0	1	2
tlm_apply_forward_mod_add_fold	107348548	107349607	1059	155	0	52	105
tlm_apply_forward_mod_add_clean	107349607	107349778	171	37	0	2	4
tlm_apply_forward_swap	107349778	107350546	768	256	0	0	0
tlm_apply_forward_fold	107350546	107352912	2366	427	0	69	128
tlm_multiply_gcd_reverse_body	107352912	107353139	227	59	0	4	4
tlm_multiply_gcd_reverse_decode	107353139	107353303	164	19	0	3	8
tlm_multiply_gcd_reverse_apply	107353303	107353304	1	0	0	0	0
tlm_apply_forward_mod_add_register	107353304	107355096	1792	769	0	0	1
tlm_apply_forward_mod_add_fold	107355096	107356155	1059	155	0	52	105
tlm_apply_forward_mod_add_clean	107356155	107356320	165	38	0	1	3
tlm_apply_forward_swap	107356320	107357088	768	256	0	0	0
tlm_apply_forward_fold	107357088	107359454	2366	427	0	69	128
tlm_multiply_gcd_reverse_body	107359454	107359707	253	76	0	1	1
tlm_multiply_gcd_reverse_decode	107359707	107359713	6	0	0	0	3
tlm_multiply_gcd_reverse_apply	107359713	107359714	1	0	0	0	0
tlm_apply_forward_mod_add_register	107359714	107361512	1798	768	0	1	2
tlm_apply_forward_mod_add_fold	107361512	107362571	1059	155	0	52	105
tlm_apply_forward_mod_add_clean	107362571	107362742	171	37	0	2	4
tlm_apply_forward_swap	107362742	107363510	768	256	0	0	0
tlm_apply_forward_fold	107363510	107365876	2366	427	0	69	128
tlm_multiply_gcd_reverse_body	107365876	107366147	271	73	0	4	4
tlm_multiply_gcd_reverse_decode	107366147	107366153	6	0	0	0	3
tlm_multiply_gcd_reverse_apply	107366153	107366154	1	0	0	0	0
tlm_apply_forward_mod_add_register	107366154	107367946	1792	769	0	0	1
tlm_apply_forward_mod_add_fold	107367946	107369005	1059	155	0	52	105
tlm_apply_forward_mod_add_clean	107369005	107369170	165	38	0	1	3
tlm_apply_forward_swap	107369170	107369938	768	256	0	0	0
tlm_apply_forward_fold	107369938	107372304	2366	427	0	69	128
tlm_multiply_gcd_reverse_body	107372304	107372613	309	88	0	3	3
tlm_multiply_gcd_reverse_decode	107372613	107372777	164	19	0	3	8
tlm_multiply_gcd_reverse_apply	107372777	107372778	1	0	0	0	0
tlm_apply_forward_mod_add_register	107372778	107374576	1798	768	0	1	2
tlm_apply_forward_mod_add_fold	107374576	107375635	1059	155	0	52	105
tlm_apply_forward_mod_add_clean	107375635	107375806	171	37	0	2	4
tlm_apply_forward_swap	107375806	107376574	768	256	0	0	0
tlm_apply_forward_fold	107376574	107378940	2366	427	0	69	128
tlm_multiply_gcd_reverse_body	107378940	107379255	315	87	0	4	4
tlm_multiply_gcd_reverse_decode	107379255	107379261	6	0	0	0	3
tlm_multiply_gcd_reverse_apply	107379261	107379262	1	0	0	0	0
tlm_apply_forward_mod_add_register	107379262	107381078	1816	765	0	4	5
tlm_apply_forward_mod_add_fold	107381078	107382137	1059	155	0	52	105
tlm_apply_forward_mod_add_clean	107382137	107382326	189	34	0	5	7
tlm_apply_forward_swap	107382326	107383094	768	256	0	0	0
tlm_apply_forward_fold	107383094	107385444	2350	349	0	95	129
tlm_multiply_gcd_reverse_body	107385444	107385795	351	81	0	10	10
tlm_multiply_gcd_reverse_decode	107385795	107385801	6	0	0	0	3
tlm_multiply_gcd_reverse_apply	107385801	107385802	1	0	0	0	0
tlm_apply_forward_mod_add_register	107385802	107387624	1822	764	0	5	6
tlm_apply_forward_mod_add_fold	107387624	107388683	1059	155	0	52	105
tlm_apply_forward_mod_add_clean	107388683	107388878	195	33	0	6	8
tlm_apply_forward_swap	107388878	107389646	768	256	0	0	0
tlm_apply_forward_fold	107389646	107391996	2350	349	0	95	129
tlm_multiply_gcd_reverse_body	107391996	107392557	561	89	2	27	29
tlm_multiply_gcd_reverse_decode	107392557	107392721	164	19	0	3	8
tlm_multiply_gcd_reverse_apply	107392721	107392722	1	0	0	0	0
tlm_apply_forward_mod_add_register	107392722	107394837	2115	769	5	30	32
tlm_apply_forward_mod_add_fold	107394837	107395896	1059	155	0	52	105
tlm_apply_forward_mod_add_clean	107395896	107396097	201	32	0	7	9
tlm_apply_forward_swap	107396097	107396865	768	256	0	0	0
tlm_apply_forward_fold	107396865	107399215	2350	349	0	95	129
tlm_multiply_gcd_reverse_body	107399215	107399750	535	86	1	26	28
tlm_multiply_gcd_reverse_decode	107399750	107399756	6	0	0	0	3
tlm_multiply_gcd_reverse_apply	107399756	107399757	1	0	0	0	0
tlm_apply_forward_mod_add_register	107399757	107401996	2239	769	6	42	44
tlm_apply_forward_mod_add_fold	107401996	107403055	1059	155	0	52	105
tlm_apply_forward_mod_add_clean	107403055	107403262	207	31	0	8	10
tlm_apply_forward_swap	107403262	107404030	768	256	0	0	0
tlm_apply_forward_fold	107404030	107406380	2350	349	0	95	129
tlm_multiply_gcd_reverse_body	107406380	107406949	569	91	1	28	30
tlm_multiply_gcd_reverse_decode	107406949	107406955	6	0	0	0	3
tlm_multiply_gcd_reverse_apply	107406955	107406956	1	0	0	0	0
tlm_apply_forward_mod_add_register	107406956	107409339	2383	769	7	56	58
tlm_apply_forward_mod_add_fold	107409339	107410398	1059	155	0	52	105
tlm_apply_forward_mod_add_clean	107410398	107410611	213	30	0	9	11
tlm_apply_forward_swap	107410611	107411379	768	256	0	0	0
tlm_apply_forward_fold	107411379	107413729	2350	349	0	95	129
tlm_multiply_gcd_reverse_body	107413729	107414332	603	96	1	30	32
tlm_multiply_gcd_reverse_decode	107414332	107414496	164	19	0	3	8
tlm_multiply_gcd_reverse_apply	107414496	107414497	1	0	0	0	0
tlm_apply_forward_mod_add_register	107414497	107416736	2239	769	6	42	44
tlm_apply_forward_mod_add_fold	107416736	107417795	1059	155	0	52	105
tlm_apply_forward_mod_add_clean	107417795	107418002	207	31	0	8	10
tlm_apply_forward_swap	107418002	107418770	768	256	0	0	0
tlm_apply_forward_fold	107418770	107421120	2350	349	0	95	129
tlm_multiply_gcd_reverse_body	107421120	107421791	671	106	2	33	35
tlm_multiply_gcd_reverse_decode	107421791	107421797	6	0	0	0	3
tlm_multiply_gcd_reverse_apply	107421797	107421798	1	0	0	0	0
tlm_apply_forward_mod_add_register	107421798	107424529	2731	769	9	90	92
tlm_apply_forward_mod_add_fold	107424529	107425478	949	94	7	94	94
tlm_apply_forward_mod_add_clean	107425478	107425703	225	28	0	11	13
tlm_apply_forward_swap	107425703	107426471	768	256	0	0	0
tlm_apply_forward_fold	107426471	107428821	2350	349	0	95	129
tlm_multiply_gcd_reverse_body	107428821	107429450	629	99	1	32	34
tlm_multiply_gcd_reverse_decode	107429450	107429456	6	0	0	0	3
tlm_multiply_gcd_reverse_apply	107429456	107429457	1	0	0	0	0
tlm_apply_forward_mod_add_register	107429457	107432392	2935	769	10	110	112
tlm_apply_forward_mod_add_fold	107432392	107433341	949	94	7	94	94
tlm_apply_forward_mod_add_clean	107433341	107433572	231	27	0	12	14
tlm_apply_forward_swap	107433572	107434340	768	256	0	0	0
tlm_apply_forward_fold	107434340	107436690	2350	349	0	95	129
tlm_multiply_gcd_reverse_body	107436690	107437353	663	104	1	34	36
tlm_multiply_gcd_reverse_decode	107437353	107437517	164	19	0	3	8
tlm_multiply_gcd_reverse_apply	107437517	107437518	1	0	0	0	0
tlm_apply_forward_mod_add_register	107437518	107440677	3159	769	11	132	134
tlm_apply_forward_mod_add_fold	107440677	107441590	913	91	6	91	91
tlm_apply_forward_mod_add_clean	107441590	107441827	237	26	0	13	15
tlm_apply_forward_swap	107441827	107442595	768	256	0	0	0
tlm_apply_forward_fold	107442595	107444945	2350	349	0	95	129
tlm_multiply_gcd_reverse_body	107444945	107445600	655	102	1	34	36
tlm_multiply_gcd_reverse_decode	107445600	107445606	6	0	0	0	3
tlm_multiply_gcd_reverse_apply	107445606	107445607	1	0	0	0	0
tlm_apply_forward_mod_add_register	107445607	107449010	3403	769	12	156	158
tlm_apply_forward_mod_add_fold	107449010	107449927	917	91	6	91	91
tlm_apply_forward_mod_add_clean	107449927	107450170	243	25	0	14	16
tlm_apply_forward_swap	107450170	107450938	768	256	0	0	0
tlm_apply_forward_fold	107450938	107453288	2350	349	0	95	129
tlm_multiply_gcd_reverse_body	107453288	107453977	689	107	1	36	38
tlm_multiply_gcd_reverse_decode	107453977	107453983	6	0	0	0	3
tlm_multiply_gcd_reverse_apply	107453983	107453984	1	0	0	0	0
tlm_apply_forward_mod_add_register	107453984	107457651	3667	769	13	182	184
tlm_apply_forward_mod_add_fold	107457651	107458566	915	91	6	91	91
tlm_apply_forward_mod_add_clean	107458566	107458815	249	24	0	15	17
tlm_apply_forward_swap	107458815	107459583	768	256	0	0	0
tlm_apply_forward_fold	107459583	107461933	2350	349	0	95	129
tlm_multiply_gcd_reverse_body	107461933	107462656	723	112	1	38	40
tlm_multiply_gcd_reverse_decode	107462656	107462820	164	19	0	3	8
tlm_multiply_gcd_reverse_apply	107462820	107462821	1	0	0	0	0
tlm_apply_forward_mod_add_register	107462821	107466224	3403	769	12	156	158
tlm_apply_forward_mod_add_fold	107466224	107467141	917	91	6	91	91
tlm_apply_forward_mod_add_clean	107467141	107467384	243	25	0	14	16
tlm_apply_forward_swap	107467384	107468152	768	256	0	0	0
tlm_apply_forward_fold	107468152	107470502	2350	349	0	95	129
tlm_multiply_gcd_reverse_body	107470502	107471275	773	121	1	40	42
tlm_multiply_gcd_reverse_decode	107471275	107471281	6	0	0	0	3
tlm_multiply_gcd_reverse_apply	107471281	107471282	1	0	0	0	0
tlm_apply_forward_mod_add_register	107471282	107474949	3667	769	13	182	184
tlm_apply_forward_mod_add_fold	107474949	107475864	915	91	6	91	91
tlm_apply_forward_mod_add_clean	107475864	107476113	249	24	0	15	17
tlm_apply_forward_swap	107476113	107476881	768	256	0	0	0
tlm_apply_forward_fold	107476881	107479231	2350	349	0	95	129
tlm_multiply_gcd_reverse_body	107479231	107480038	807	126	1	42	44
tlm_multiply_gcd_reverse_decode	107480038	107480044	6	0	0	0	3
tlm_multiply_gcd_reverse_apply	107480044	107480045	1	0	0	0	0
tlm_apply_forward_mod_add_register	107480045	107483996	3951	769	14	210	212
tlm_apply_forward_mod_add_fold	107483996	107484917	921	91	6	91	91
tlm_apply_forward_mod_add_clean	107484917	107485172	255	23	0	16	18
tlm_apply_forward_swap	107485172	107485940	768	256	0	0	0
tlm_apply_forward_fold	107485940	107488290	2350	349	0	95	129
tlm_multiply_gcd_reverse_body	107488290	107489131	841	131	1	44	46
tlm_multiply_gcd_reverse_decode	107489131	107489295	164	19	0	3	8
tlm_multiply_gcd_reverse_apply	107489295	107489296	1	0	0	0	0
tlm_apply_forward_mod_add_register	107489296	107492027	2731	769	9	90	92
tlm_apply_forward_mod_add_fold	107492027	107492976	949	94	7	94	94
tlm_apply_forward_mod_add_clean	107492976	107493201	225	28	0	11	13
tlm_apply_forward_swap	107493201	107493969	768	256	0	0	0
tlm_apply_forward_fold	107493969	107496319	2350	349	0	95	129
tlm_multiply_gcd_reverse_body	107496319	107497336	1017	161	2	51	53
tlm_multiply_gcd_reverse_decode	107497336	107497342	6	0	0	0	3
tlm_multiply_gcd_reverse_apply	107497342	107497343	1	0	0	0	0
tlm_apply_forward_mod_add_register	107497343	107500278	2935	769	10	110	112
tlm_apply_forward_mod_add_fold	107500278	107501227	949	94	7	94	94
tlm_apply_forward_mod_add_clean	107501227	107501458	231	27	0	12	14
tlm_apply_forward_swap	107501458	107502226	768	256	0	0	0
tlm_apply_forward_fold	107502226	107504576	2350	349	0	95	129
tlm_multiply_gcd_reverse_body	107504576	107505792	1216	178	4	65	66
tlm_multiply_gcd_reverse_decode	107505792	107505798	6	0	0	0	3
tlm_multiply_gcd_reverse_apply	107505798	107505799	1	0	0	0	0
tlm_apply_forward_mod_add_register	107505799	107508958	3159	769	11	132	134
tlm_apply_forward_mod_add_fold	107508958	107509871	913	91	6	91	91
tlm_apply_forward_mod_add_clean	107509871	107510108	237	26	0	13	15
tlm_apply_forward_swap	107510108	107510876	768	256	0	0	0
tlm_apply_forward_fold	107510876	107513226	2350	349	0	95	129
tlm_multiply_gcd_reverse_body	107513226	107514311	1085	171	2	55	57
tlm_multiply_gcd_reverse_decode	107514311	107514475	164	19	0	3	8
tlm_multiply_gcd_reverse_apply	107514475	107514476	1	0	0	0	0
tlm_apply_forward_mod_add_register	107514476	107517411	2935	769	10	110	112
tlm_apply_forward_mod_add_fold	107517411	107518360	949	94	7	94	94
tlm_apply_forward_mod_add_clean	107518360	107518591	231	27	0	12	14
tlm_apply_forward_swap	107518591	107519359	768	256	0	0	0
tlm_apply_forward_fold	107519359	107521709	2350	349	0	95	129
tlm_multiply_gcd_reverse_body	107521709	107523009	1300	192	4	69	70
tlm_multiply_gcd_reverse_decode	107523009	107523015	6	0	0	0	3
tlm_multiply_gcd_reverse_apply	107523015	107523016	1	0	0	0	0
tlm_apply_forward_mod_add_register	107523016	107526175	3159	769	11	132	134
tlm_apply_forward_mod_add_fold	107526175	107527088	913	91	6	91	91
tlm_apply_forward_mod_add_clean	107527088	107527325	237	26	0	13	15
tlm_apply_forward_swap	107527325	107528093	768	256	0	0	0
tlm_apply_forward_fold	107528093	107530443	2350	349	0	95	129
tlm_multiply_gcd_reverse_body	107530443	107531612	1169	185	2	59	61
tlm_multiply_gcd_reverse_decode	107531612	107531618	6	0	0	0	3
tlm_multiply_gcd_reverse_apply	107531618	107531619	1	0	0	0	0
tlm_apply_forward_mod_add_register	107531619	107535022	3403	769	12	156	158
tlm_apply_forward_mod_add_fold	107535022	107535939	917	91	6	91	91
tlm_apply_forward_mod_add_clean	107535939	107536182	243	25	0	14	16
tlm_apply_forward_swap	107536182	107536950	768	256	0	0	0
tlm_apply_forward_fold	107536950	107539300	2350	349	0	95	129
tlm_multiply_gcd_reverse_body	107539300	107540503	1203	190	2	61	63
tlm_multiply_gcd_reverse_decode	107540503	107540667	164	19	0	3	8
tlm_multiply_gcd_reverse_apply	107540667	107540668	1	0	0	0	0
tlm_apply_forward_mod_add_register	107540668	107543827	3159	769	11	132	134
tlm_apply_forward_mod_add_fold	107543827	107544740	913	91	6	91	91
tlm_apply_forward_mod_add_clean	107544740	107544977	237	26	0	13	15
tlm_apply_forward_swap	107544977	107545745	768	256	0	0	0
tlm_apply_forward_fold	107545745	107548095	2350	349	0	95	129
tlm_multiply_gcd_reverse_body	107548095	107549348	1253	199	2	63	65
tlm_multiply_gcd_reverse_decode	107549348	107549354	6	0	0	0	3
tlm_multiply_gcd_reverse_apply	107549354	107549355	1	0	0	0	0
tlm_apply_forward_mod_add_register	107549355	107552758	3403	769	12	156	158
tlm_apply_forward_mod_add_fold	107552758	107553675	917	91	6	91	91
tlm_apply_forward_mod_add_clean	107553675	107553918	243	25	0	14	16
tlm_apply_forward_swap	107553918	107554686	768	256	0	0	0
tlm_apply_forward_fold	107554686	107557036	2350	349	0	95	129
tlm_multiply_gcd_reverse_body	107557036	107558323	1287	204	2	65	67
tlm_multiply_gcd_reverse_decode	107558323	107558329	6	0	0	0	3
tlm_multiply_gcd_reverse_apply	107558329	107558330	1	0	0	0	0
tlm_apply_forward_mod_add_register	107558330	107561997	3667	769	13	182	184
tlm_apply_forward_mod_add_fold	107561997	107562912	915	91	6	91	91
tlm_apply_forward_mod_add_clean	107562912	107563161	249	24	0	15	17
tlm_apply_forward_swap	107563161	107563929	768	256	0	0	0
tlm_apply_forward_fold	107563929	107566279	2350	349	0	95	129
tlm_multiply_gcd_reverse_body	107566279	107567600	1321	209	2	67	69
tlm_multiply_gcd_reverse_decode	107567600	107567764	164	19	0	3	8
tlm_multiply_gcd_reverse_apply	107567764	107567765	1	0	0	0	0
tlm_apply_forward_mod_add_register	107567765	107571168	3403	769	12	156	158
tlm_apply_forward_mod_add_fold	107571168	107572085	917	91	6	91	91
tlm_apply_forward_mod_add_clean	107572085	107572328	243	25	0	14	16
tlm_apply_forward_swap	107572328	107573096	768	256	0	0	0
tlm_apply_forward_fold	107573096	107575446	2350	349	0	95	129
tlm_multiply_gcd_reverse_body	107575446	107576817	1371	218	2	69	71
tlm_multiply_gcd_reverse_decode	107576817	107576823	6	0	0	0	3
tlm_multiply_gcd_reverse_apply	107576823	107576824	1	0	0	0	0
tlm_apply_forward_mod_add_register	107576824	107580491	3667	769	13	182	184
tlm_apply_forward_mod_add_fold	107580491	107581406	915	91	6	91	91
tlm_apply_forward_mod_add_clean	107581406	107581655	249	24	0	15	17
tlm_apply_forward_swap	107581655	107582423	768	256	0	0	0
tlm_apply_forward_fold	107582423	107584773	2350	349	0	95	129
tlm_multiply_gcd_reverse_body	107584773	107586178	1405	223	2	71	73
tlm_multiply_gcd_reverse_decode	107586178	107586184	6	0	0	0	3
tlm_multiply_gcd_reverse_apply	107586184	107586185	1	0	0	0	0
tlm_apply_forward_mod_add_register	107586185	107590136	3951	769	14	210	212
tlm_apply_forward_mod_add_fold	107590136	107591057	921	91	6	91	91
tlm_apply_forward_mod_add_clean	107591057	107591312	255	23	0	16	18
tlm_apply_forward_swap	107591312	107592080	768	256	0	0	0
tlm_apply_forward_fold	107592080	107594430	2350	349	0	95	129
tlm_multiply_gcd_reverse_body	107594430	107595869	1439	228	2	73	75
tlm_multiply_gcd_reverse_decode	107595869	107596033	164	19	0	3	8
tlm_multiply_gcd_reverse_apply	107596033	107596034	1	0	0	0	0
tlm_apply_forward_mod_add_register	107596034	107599701	3667	769	13	182	184
tlm_apply_forward_mod_add_fold	107599701	107600616	915	91	6	91	91
tlm_apply_forward_mod_add_clean	107600616	107600865	249	24	0	15	17
tlm_apply_forward_swap	107600865	107601633	768	256	0	0	0
tlm_apply_forward_fold	107601633	107603983	2350	349	0	95	129
tlm_multiply_gcd_reverse_body	107603983	107605472	1489	237	2	75	77
tlm_multiply_gcd_reverse_decode	107605472	107605478	6	0	0	0	3
tlm_multiply_gcd_reverse_apply	107605478	107605479	1	0	0	0	0
tlm_apply_forward_mod_add_register	107605479	107609430	3951	769	14	210	212
tlm_apply_forward_mod_add_fold	107609430	107610351	921	91	6	91	91
tlm_apply_forward_mod_add_clean	107610351	107610606	255	23	0	16	18
tlm_apply_forward_swap	107610606	107611374	768	256	0	0	0
tlm_apply_forward_fold	107611374	107613724	2350	349	0	95	129
tlm_multiply_gcd_reverse_body	107613724	107615247	1523	242	2	77	79
tlm_multiply_gcd_reverse_decode	107615247	107615253	6	0	0	0	3
tlm_multiply_gcd_reverse_apply	107615253	107615254	1	0	0	0	0
tlm_apply_forward_mod_add_register	107615254	107619509	4255	769	15	240	242
tlm_apply_forward_mod_add_fold	107619509	107620416	907	88	8	88	88
tlm_apply_forward_mod_add_clean	107620416	107620677	261	22	0	17	19
tlm_apply_forward_swap	107620677	107621445	768	256	0	0	0
tlm_apply_forward_fold	107621445	107623795	2350	349	0	95	129
tlm_multiply_gcd_reverse_body	107623795	107625352	1557	247	2	79	81
tlm_multiply_gcd_reverse_decode	107625352	107625516	164	19	0	3	8
tlm_multiply_gcd_reverse_apply	107625516	107625517	1	0	0	0	0
tlm_apply_forward_mod_add_register	107625517	107629468	3951	769	14	210	212
tlm_apply_forward_mod_add_fold	107629468	107630389	921	91	6	91	91
tlm_apply_forward_mod_add_clean	107630389	107630644	255	23	0	16	18
tlm_apply_forward_swap	107630644	107631412	768	256	0	0	0
tlm_apply_forward_fold	107631412	107633762	2350	349	0	95	129
tlm_multiply_gcd_reverse_body	107633762	107635369	1607	256	2	81	83
tlm_multiply_gcd_reverse_decode	107635369	107635375	6	0	0	0	3
tlm_multiply_gcd_reverse_apply	107635375	107635376	1	0	0	0	0
tlm_apply_forward_mod_add_register	107635376	107639631	4255	769	15	240	242
tlm_apply_forward_mod_add_fold	107639631	107640538	907	88	8	88	88
tlm_apply_forward_mod_add_clean	107640538	107640799	261	22	0	17	19
tlm_apply_forward_swap	107640799	107641567	768	256	0	0	0
tlm_apply_forward_fold	107641567	107643917	2350	349	0	95	129
tlm_multiply_gcd_reverse_body	107643917	107645558	1641	261	2	83	85
tlm_multiply_gcd_reverse_decode	107645558	107645564	6	0	0	0	3
tlm_multiply_gcd_reverse_apply	107645564	107645565	1	0	0	0	0
tlm_apply_forward_mod_add_register	107645565	107650144	4579	769	16	272	274
tlm_apply_forward_mod_add_fold	107650144	107651037	893	87	7	87	87
tlm_apply_forward_mod_add_clean	107651037	107651304	267	21	0	18	20
tlm_apply_forward_swap	107651304	107652072	768	256	0	0	0
tlm_apply_forward_fold	107652072	107654422	2350	349	0	95	129
tlm_multiply_gcd_reverse_body	107654422	107656097	1675	266	2	85	87
tlm_multiply_gcd_reverse_decode	107656097	107656261	164	19	0	3	8
tlm_multiply_gcd_reverse_apply	107656261	107656262	1	0	0	0	0
tlm_apply_forward_mod_add_register	107656262	107660517	4255	769	15	240	242
tlm_apply_forward_mod_add_fold	107660517	107661424	907	88	8	88	88
tlm_apply_forward_mod_add_clean	107661424	107661685	261	22	0	17	19
tlm_apply_forward_swap	107661685	107662453	768	256	0	0	0
tlm_apply_forward_fold	107662453	107664803	2350	349	0	95	129
tlm_multiply_gcd_reverse_body	107664803	107666528	1725	275	2	87	89
tlm_multiply_gcd_reverse_decode	107666528	107666534	6	0	0	0	3
tlm_multiply_gcd_reverse_apply	107666534	107666535	1	0	0	0	0
tlm_apply_forward_mod_add_register	107666535	107671114	4579	769	16	272	274
tlm_apply_forward_mod_add_fold	107671114	107672007	893	87	7	87	87
tlm_apply_forward_mod_add_clean	107672007	107672274	267	21	0	18	20
tlm_apply_forward_swap	107672274	107673042	768	256	0	0	0
tlm_apply_forward_fold	107673042	107675392	2350	349	0	95	129
tlm_multiply_gcd_reverse_body	107675392	107677143	1751	278	2	89	91
tlm_multiply_gcd_reverse_decode	107677143	107677149	6	0	0	0	3
tlm_multiply_gcd_reverse_apply	107677149	107677150	1	0	0	0	0
tlm_apply_forward_mod_add_register	107677150	107682073	4923	769	17	306	308
tlm_apply_forward_mod_add_fold	107682073	107682972	899	87	7	87	87
tlm_apply_forward_mod_add_clean	107682972	107683245	273	20	0	19	21
tlm_apply_forward_swap	107683245	107684013	768	256	0	0	0
tlm_apply_forward_fold	107684013	107686363	2350	349	0	95	129
tlm_multiply_gcd_reverse_body	107686363	107688148	1785	283	2	91	93
tlm_multiply_gcd_reverse_decode	107688148	107688312	164	19	0	3	8
tlm_multiply_gcd_reverse_apply	107688312	107688313	1	0	0	0	0
tlm_apply_forward_mod_add_register	107688313	107692892	4579	769	16	272	274
tlm_apply_forward_mod_add_fold	107692892	107693785	893	87	7	87	87
tlm_apply_forward_mod_add_clean	107693785	107694052	267	21	0	18	20
tlm_apply_forward_swap	107694052	107694820	768	256	0	0	0
tlm_apply_forward_fold	107694820	107697170	2350	349	0	95	129
tlm_multiply_gcd_reverse_body	107697170	107699005	1835	292	2	93	95
tlm_multiply_gcd_reverse_decode	107699005	107699011	6	0	0	0	3
tlm_multiply_gcd_reverse_apply	107699011	107699012	1	0	0	0	0
tlm_apply_forward_mod_add_register	107699012	107703935	4923	769	17	306	308
tlm_apply_forward_mod_add_fold	107703935	107704834	899	87	7	87	87
tlm_apply_forward_mod_add_clean	107704834	107705107	273	20	0	19	21
tlm_apply_forward_swap	107705107	107705875	768	256	0	0	0
tlm_apply_forward_fold	107705875	107708225	2350	349	0	95	129
tlm_multiply_gcd_reverse_body	107708225	107710094	1869	297	2	95	97
tlm_multiply_gcd_reverse_decode	107710094	107710100	6	0	0	0	3
tlm_multiply_gcd_reverse_apply	107710100	107710101	1	0	0	0	0
tlm_apply_forward_mod_add_register	107710101	107715388	5287	769	18	342	344
tlm_apply_forward_mod_add_fold	107715388	107716261	873	85	6	85	85
tlm_apply_forward_mod_add_clean	107716261	107716540	279	19	0	20	22
tlm_apply_forward_swap	107716540	107717308	768	256	0	0	0
tlm_apply_forward_fold	107717308	107719658	2350	349	0	95	129
tlm_multiply_gcd_reverse_body	107719658	107721561	1903	302	2	97	99
tlm_multiply_gcd_reverse_decode	107721561	107721725	164	19	0	3	8
tlm_multiply_gcd_reverse_apply	107721725	107721726	1	0	0	0	0
tlm_apply_forward_mod_add_register	107721726	107726649	4923	769	17	306	308
tlm_apply_forward_mod_add_fold	107726649	107727548	899	87	7	87	87
tlm_apply_forward_mod_add_clean	107727548	107727821	273	20	0	19	21
tlm_apply_forward_swap	107727821	107728589	768	256	0	0	0
tlm_apply_forward_fold	107728589	107730939	2350	349	0	95	129
tlm_multiply_gcd_reverse_body	107730939	107732892	1953	311	2	99	101
tlm_multiply_gcd_reverse_decode	107732892	107732898	6	0	0	0	3
tlm_multiply_gcd_reverse_apply	107732898	107732899	1	0	0	0	0
tlm_apply_forward_mod_add_register	107732899	107738186	5287	769	18	342	344
tlm_apply_forward_mod_add_fold	107738186	107739059	873	85	6	85	85
tlm_apply_forward_mod_add_clean	107739059	107739338	279	19	0	20	22
tlm_apply_forward_swap	107739338	107740106	768	256	0	0	0
tlm_apply_forward_fold	107740106	107742456	2350	349	0	95	129
tlm_multiply_gcd_reverse_body	107742456	107744443	1987	316	2	101	103
tlm_multiply_gcd_reverse_decode	107744443	107744449	6	0	0	0	3
tlm_multiply_gcd_reverse_apply	107744449	107744450	1	0	0	0	0
tlm_apply_forward_mod_add_register	107744450	107750121	5671	769	19	380	382
tlm_apply_forward_mod_add_fold	107750121	107750994	873	85	6	85	85
tlm_apply_forward_mod_add_clean	107750994	107751273	279	19	0	20	22
tlm_apply_forward_swap	107751273	107752041	768	256	0	0	0
tlm_apply_forward_fold	107752041	107754391	2350	349	0	95	129
tlm_multiply_gcd_reverse_body	107754391	107756412	2021	321	2	103	105
tlm_multiply_gcd_reverse_decode	107756412	107756576	164	19	0	3	8
tlm_multiply_gcd_reverse_apply	107756576	107756577	1	0	0	0	0
tlm_apply_forward_mod_add_register	107756577	107761864	5287	769	18	342	344
tlm_apply_forward_mod_add_fold	107761864	107762737	873	85	6	85	85
tlm_apply_forward_mod_add_clean	107762737	107763016	279	19	0	20	22
tlm_apply_forward_swap	107763016	107763784	768	256	0	0	0
tlm_apply_forward_fold	107763784	107766134	2350	349	0	95	129
tlm_multiply_gcd_reverse_body	107766134	107768205	2071	330	2	105	107
tlm_multiply_gcd_reverse_decode	107768205	107768211	6	0	0	0	3
tlm_multiply_gcd_reverse_apply	107768211	107768212	1	0	0	0	0
tlm_apply_forward_mod_add_register	107768212	107773883	5671	769	19	380	382
tlm_apply_forward_mod_add_fold	107773883	107774756	873	85	6	85	85
tlm_apply_forward_mod_add_clean	107774756	107775035	279	19	0	20	22
tlm_apply_forward_swap	107775035	107775803	768	256	0	0	0
tlm_apply_forward_fold	107775803	107778153	2350	349	0	95	129
tlm_multiply_gcd_reverse_body	107778153	107780250	2097	333	2	107	109
tlm_multiply_gcd_reverse_decode	107780250	107780256	6	0	0	0	3
tlm_multiply_gcd_reverse_apply	107780256	107780257	1	0	0	0	0
tlm_apply_forward_mod_add_register	107780257	107786332	6075	769	20	420	422
tlm_apply_forward_mod_add_fold	107786332	107787205	873	85	6	85	85
tlm_apply_forward_mod_add_clean	107787205	107787484	279	19	0	20	22
tlm_apply_forward_swap	107787484	107788252	768	256	0	0	0
tlm_apply_forward_fold	107788252	107790602	2350	349	0	95	129
tlm_multiply_gcd_reverse_body	107790602	107792725	2123	336	2	109	111
tlm_multiply_gcd_reverse_decode	107792725	107792889	164	19	0	3	8
tlm_multiply_gcd_reverse_apply	107792889	107792890	1	0	0	0	0
tlm_apply_forward_mod_add_register	107792890	107798561	5671	769	19	380	382
tlm_apply_forward_mod_add_fold	107798561	107799434	873	85	6	85	85
tlm_apply_forward_mod_add_clean	107799434	107799713	279	19	0	20	22
tlm_apply_forward_swap	107799713	107800481	768	256	0	0	0
tlm_apply_forward_fold	107800481	107802831	2350	349	0	95	129
tlm_multiply_gcd_reverse_body	107802831	107804996	2165	343	2	111	113
tlm_multiply_gcd_reverse_decode	107804996	107805002	6	0	0	0	3
tlm_multiply_gcd_reverse_apply	107805002	107805003	1	0	0	0	0
tlm_apply_forward_mod_add_register	107805003	107811078	6075	769	20	420	422
tlm_apply_forward_mod_add_fold	107811078	107811951	873	85	6	85	85
tlm_apply_forward_mod_add_clean	107811951	107812230	279	19	0	20	22
tlm_apply_forward_swap	107812230	107812998	768	256	0	0	0
tlm_apply_forward_fold	107812998	107815348	2350	349	0	95	129
tlm_multiply_gcd_reverse_body	107815348	107817539	2191	346	2	113	115
tlm_multiply_gcd_reverse_decode	107817539	107817545	6	0	0	0	3
tlm_multiply_gcd_reverse_apply	107817545	107817546	1	0	0	0	0
tlm_apply_forward_mod_add_register	107817546	107824045	6499	769	21	462	464
tlm_apply_forward_mod_add_fold	107824045	107824882	837	82	5	82	82
tlm_apply_forward_mod_add_clean	107824882	107825161	279	19	0	20	22
tlm_apply_forward_swap	107825161	107825929	768	256	0	0	0
tlm_apply_forward_fold	107825929	107828279	2350	349	0	95	129
tlm_multiply_gcd_reverse_body	107828279	107830496	2217	349	2	115	117
tlm_multiply_gcd_reverse_decode	107830496	107830660	164	19	0	3	8
tlm_multiply_gcd_reverse_apply	107830660	107830661	1	0	0	0	0
tlm_apply_forward_mod_add_register	107830661	107836736	6075	769	20	420	422
tlm_apply_forward_mod_add_fold	107836736	107837609	873	85	6	85	85
tlm_apply_forward_mod_add_clean	107837609	107837888	279	19	0	20	22
tlm_apply_forward_swap	107837888	107838656	768	256	0	0	0
tlm_apply_forward_fold	107838656	107841006	2350	349	0	95	129
tlm_multiply_gcd_reverse_body	107841006	107843257	2251	354	2	117	119
tlm_multiply_gcd_reverse_decode	107843257	107843263	6	0	0	0	3
tlm_multiply_gcd_reverse_apply	107843263	107843264	1	0	0	0	0
tlm_apply_forward_mod_add_register	107843264	107849763	6499	769	21	462	464
tlm_apply_forward_mod_add_fold	107849763	107850600	837	82	5	82	82
tlm_apply_forward_mod_add_clean	107850600	107850879	279	19	0	20	22
tlm_apply_forward_swap	107850879	107851647	768	256	0	0	0
tlm_apply_forward_fold	107851647	107853997	2350	349	0	95	129
tlm_multiply_gcd_reverse_body	107853997	107856282	2285	359	2	119	121
tlm_multiply_gcd_reverse_decode	107856282	107856288	6	0	0	0	3
tlm_multiply_gcd_reverse_apply	107856288	107856289	1	0	0	0	0
tlm_apply_forward_mod_add_register	107856289	107863232	6943	769	22	506	508
tlm_apply_forward_mod_add_fold	107863232	107864069	837	82	5	82	82
tlm_apply_forward_mod_add_clean	107864069	107864348	279	19	0	20	22
tlm_apply_forward_swap	107864348	107865116	768	256	0	0	0
tlm_apply_forward_fold	107865116	107867466	2350	349	0	95	129
tlm_multiply_gcd_reverse_body	107867466	107869761	2295	358	2	121	123
tlm_multiply_gcd_reverse_decode	107869761	107869925	164	19	0	3	8
tlm_multiply_gcd_reverse_apply	107869925	107869926	1	0	0	0	0
tlm_apply_forward_mod_add_register	107869926	107876425	6499	769	21	462	464
tlm_apply_forward_mod_add_fold	107876425	107877262	837	82	5	82	82
tlm_apply_forward_mod_add_clean	107877262	107877541	279	19	0	20	22
tlm_apply_forward_swap	107877541	107878309	768	256	0	0	0
tlm_apply_forward_fold	107878309	107880659	2350	349	0	95	129
tlm_multiply_gcd_reverse_body	107880659	107883004	2345	367	2	123	125
tlm_multiply_gcd_reverse_decode	107883004	107883010	6	0	0	0	3
tlm_multiply_gcd_reverse_apply	107883010	107883011	1	0	0	0	0
tlm_apply_forward_mod_add_register	107883011	107889954	6943	769	22	506	508
tlm_apply_forward_mod_add_fold	107889954	107890791	837	82	5	82	82
tlm_apply_forward_mod_add_clean	107890791	107891070	279	19	0	20	22
tlm_apply_forward_swap	107891070	107891838	768	256	0	0	0
tlm_apply_forward_fold	107891838	107894188	2350	349	0	95	129
tlm_multiply_gcd_reverse_body	107894188	107896559	2371	370	2	125	127
tlm_multiply_gcd_reverse_decode	107896559	107896565	6	0	0	0	3
tlm_multiply_gcd_reverse_apply	107896565	107896566	1	0	0	0	0
tlm_apply_forward_mod_add_register	107896566	107903539	6973	767	18	511	513
tlm_apply_forward_mod_add_fold	107903539	107904374	835	82	5	82	82
tlm_apply_forward_mod_add_clean	107904374	107904653	279	19	0	20	22
tlm_apply_forward_swap	107904653	107905421	768	256	0	0	0
tlm_apply_forward_fold	107905421	107907771	2350	349	0	95	129
tlm_multiply_gcd_reverse_body	107907771	107910152	2381	369	2	127	129
tlm_multiply_gcd_reverse_decode	107910152	107910316	164	19	0	3	8
tlm_multiply_gcd_reverse_apply	107910316	107910317	1	0	0	0	0
tlm_apply_forward_mod_add_register	107910317	107917260	6943	769	22	506	508
tlm_apply_forward_mod_add_fold	107917260	107918097	837	82	5	82	82
tlm_apply_forward_mod_add_clean	107918097	107918376	279	19	0	20	22
tlm_apply_forward_swap	107918376	107919144	768	256	0	0	0
tlm_apply_forward_fold	107919144	107921494	2350	349	0	95	129
tlm_multiply_gcd_reverse_body	107921494	107923925	2431	378	2	129	131
tlm_multiply_gcd_reverse_decode	107923925	107923931	6	0	0	0	3
tlm_multiply_gcd_reverse_apply	107923931	107923932	1	0	0	0	0
tlm_apply_forward_mod_add_register	107923932	107930905	6973	767	18	511	513
tlm_apply_forward_mod_add_fold	107930905	107931740	835	82	5	82	82
tlm_apply_forward_mod_add_clean	107931740	107932019	279	19	0	20	22
tlm_apply_forward_swap	107932019	107932787	768	256	0	0	0
tlm_apply_forward_fold	107932787	107935137	2350	349	0	95	129
tlm_multiply_gcd_reverse_body	107935137	107937578	2441	377	2	131	133
tlm_multiply_gcd_reverse_decode	107937578	107937584	6	0	0	0	3
tlm_multiply_gcd_reverse_apply	107937584	107937585	1	0	0	0	0
tlm_apply_forward_mod_add_register	107937585	107944523	6938	765	16	509	512
tlm_apply_forward_mod_add_fold	107944523	107945352	829	80	7	80	80
tlm_apply_forward_mod_add_clean	107945352	107945631	279	19	0	20	22
tlm_apply_forward_swap	107945631	107946399	768	256	0	0	0
tlm_apply_forward_fold	107946399	107948452	2053	379	0	65	99
tlm_multiply_gcd_reverse_body	107948452	107950919	2467	380	2	133	135
tlm_multiply_gcd_reverse_decode	107950919	107951083	164	19	0	3	8
tlm_multiply_gcd_reverse_apply	107951083	107951084	1	0	0	0	0
tlm_apply_forward_mod_add_register	107951084	107958057	6973	767	18	511	513
tlm_apply_forward_mod_add_fold	107958057	107958892	835	82	5	82	82
tlm_apply_forward_mod_add_clean	107958892	107959171	279	19	0	20	22
tlm_apply_forward_swap	107959171	107959939	768	256	0	0	0
tlm_apply_forward_fold	107959939	107962289	2350	349	0	95	129
tlm_multiply_gcd_reverse_body	107962289	107964798	2509	387	2	135	137
tlm_multiply_gcd_reverse_decode	107964798	107964804	6	0	0	0	3
tlm_multiply_gcd_reverse_apply	107964804	107964805	1	0	0	0	0
tlm_apply_forward_mod_add_register	107964805	107971743	6938	765	16	509	512
tlm_apply_forward_mod_add_fold	107971743	107972572	829	80	7	80	80
tlm_apply_forward_mod_add_clean	107972572	107972851	279	19	0	20	22
tlm_apply_forward_swap	107972851	107973619	768	256	0	0	0
tlm_apply_forward_fold	107973619	107975672	2053	379	0	65	99
tlm_multiply_gcd_reverse_body	107975672	107978215	2543	392	2	137	139
tlm_multiply_gcd_reverse_decode	107978215	107978221	6	0	0	0	3
tlm_multiply_gcd_reverse_apply	107978221	107978222	1	0	0	0	0
tlm_apply_forward_mod_add_register	107978222	107985111	6889	762	14	506	510
tlm_apply_forward_mod_add_fold	107985111	107985922	811	79	6	79	79
tlm_apply_forward_mod_add_clean	107985922	107986201	279	19	0	20	22
tlm_apply_forward_swap	107986201	107986969	768	256	0	0	0
tlm_apply_forward_fold	107986969	107989012	2043	377	0	65	98
tlm_multiply_gcd_reverse_body	107989012	107991573	2561	393	2	139	141
tlm_multiply_gcd_reverse_decode	107991573	107991737	164	19	0	3	8
tlm_multiply_gcd_reverse_apply	107991737	107991738	1	0	0	0	0
tlm_apply_forward_mod_add_register	107991738	107998676	6938	765	16	509	512
tlm_apply_forward_mod_add_fold	107998676	107999505	829	80	7	80	80
tlm_apply_forward_mod_add_clean	107999505	107999784	279	19	0	20	22
tlm_apply_forward_swap	107999784	108000552	768	256	0	0	0
tlm_apply_forward_fold	108000552	108002605	2053	379	0	65	99
tlm_multiply_gcd_reverse_body	108002605	108005181	2576	398	2	139	142
tlm_multiply_gcd_reverse_decode	108005181	108005187	6	0	0	0	3
tlm_multiply_gcd_reverse_apply	108005187	108005188	1	0	0	0	0
tlm_apply_forward_mod_add_register	108005188	108012077	6889	762	14	506	510
tlm_apply_forward_mod_add_fold	108012077	108012888	811	79	6	79	79
tlm_apply_forward_mod_add_clean	108012888	108013167	279	19	0	20	22
tlm_apply_forward_swap	108013167	108013935	768	256	0	0	0
tlm_apply_forward_fold	108013935	108015978	2043	377	0	65	98
tlm_multiply_gcd_reverse_body	108015978	108018580	2602	401	2	141	144
tlm_multiply_gcd_reverse_decode	108018580	108018586	6	0	0	0	3
tlm_multiply_gcd_reverse_apply	108018586	108018587	1	0	0	0	0
tlm_apply_forward_mod_add_register	108018587	108025417	6830	758	13	502	507
tlm_apply_forward_mod_add_fold	108025417	108026230	813	79	6	79	79
tlm_apply_forward_mod_add_clean	108026230	108026509	279	19	0	20	22
tlm_apply_forward_swap	108026509	108027277	768	256	0	0	0
tlm_apply_forward_fold	108027277	108029310	2033	375	0	65	97
tlm_multiply_gcd_reverse_body	108029310	108032188	2878	422	4	161	164
tlm_multiply_gcd_reverse_decode	108032188	108032352	164	19	0	3	8
tlm_multiply_gcd_reverse_apply	108032352	108032353	1	0	0	0	0
tlm_apply_forward_mod_add_register	108032353	108039242	6889	762	14	506	510
tlm_apply_forward_mod_add_fold	108039242	108040053	811	79	6	79	79
tlm_apply_forward_mod_add_clean	108040053	108040332	279	19	0	20	22
tlm_apply_forward_swap	108040332	108041100	768	256	0	0	0
tlm_apply_forward_fold	108041100	108043143	2043	377	0	65	98
tlm_multiply_gcd_reverse_body	108043143	108045785	2642	409	2	143	146
tlm_multiply_gcd_reverse_decode	108045785	108045791	6	0	0	0	3
tlm_multiply_gcd_reverse_apply	108045791	108045792	1	0	0	0	0
tlm_apply_forward_mod_add_register	108045792	108052622	6830	758	13	502	507
tlm_apply_forward_mod_add_fold	108052622	108053435	813	79	6	79	79
tlm_apply_forward_mod_add_clean	108053435	108053714	279	19	0	20	22
tlm_apply_forward_swap	108053714	108054482	768	256	0	0	0
tlm_apply_forward_fold	108054482	108056515	2033	375	0	65	97
tlm_multiply_gcd_reverse_body	108056515	108059461	2946	432	4	165	168
tlm_multiply_gcd_reverse_decode	108059461	108059467	6	0	0	0	3
tlm_multiply_gcd_reverse_apply	108059467	108059468	1	0	0	0	0
tlm_apply_forward_mod_add_register	108059468	108066225	6757	753	12	497	503
tlm_apply_forward_mod_add_fold	108066225	108067012	787	77	5	77	77
tlm_apply_forward_mod_add_clean	108067012	108067291	279	19	0	20	22
tlm_apply_forward_swap	108067291	108068059	768	256	0	0	0
tlm_apply_forward_fold	108068059	108070082	2023	373	0	65	96
tlm_multiply_gcd_reverse_body	108070082	108073034	2952	435	4	165	168
tlm_multiply_gcd_reverse_decode	108073034	108073198	164	19	0	3	8
tlm_multiply_gcd_reverse_apply	108073198	108073199	1	0	0	0	0
tlm_apply_forward_mod_add_register	108073199	108080029	6830	758	13	502	507
tlm_apply_forward_mod_add_fold	108080029	108080842	813	79	6	79	79
tlm_apply_forward_mod_add_clean	108080842	108081121	279	19	0	20	22
tlm_apply_forward_swap	108081121	108081889	768	256	0	0	0
tlm_apply_forward_fold	108081889	108083922	2033	375	0	65	97
tlm_multiply_gcd_reverse_body	108083922	108086936	3014	442	4	169	172
tlm_multiply_gcd_reverse_decode	108086936	108086942	6	0	0	0	3
tlm_multiply_gcd_reverse_apply	108086942	108086943	1	0	0	0	0
tlm_apply_forward_mod_add_register	108086943	108093700	6757	753	12	497	503
tlm_apply_forward_mod_add_fold	108093700	108094487	787	77	5	77	77
tlm_apply_forward_mod_add_clean	108094487	108094766	279	19	0	20	22
tlm_apply_forward_swap	108094766	108095534	768	256	0	0	0
tlm_apply_forward_fold	108095534	108097557	2023	373	0	65	96
tlm_multiply_gcd_reverse_body	108097557	108100561	3004	441	4	169	172
tlm_multiply_gcd_reverse_decode	108100561	108100567	6	0	0	0	3
tlm_multiply_gcd_reverse_apply	108100567	108100568	1	0	0	0	0
tlm_apply_forward_mod_add_register	108100568	108107242	6674	747	12	491	498
tlm_apply_forward_mod_add_fold	108107242	108108029	787	77	5	77	77
tlm_apply_forward_mod_add_clean	108108029	108108308	279	19	0	20	22
tlm_apply_forward_swap	108108308	108109076	768	256	0	0	0
tlm_apply_forward_fold	108109076	108111089	2013	371	0	65	95
tlm_multiply_gcd_reverse_body	108111089	108114091	3002	442	4	169	172
tlm_multiply_gcd_reverse_decode	108114091	108114255	164	19	0	3	8
tlm_multiply_gcd_reverse_apply	108114255	108114256	1	0	0	0	0
tlm_apply_forward_mod_add_register	108114256	108121013	6757	753	12	497	503
tlm_apply_forward_mod_add_fold	108121013	108121800	787	77	5	77	77
tlm_apply_forward_mod_add_clean	108121800	108122079	279	19	0	20	22
tlm_apply_forward_swap	108122079	108122847	768	256	0	0	0
tlm_apply_forward_fold	108122847	108124870	2023	373	0	65	96
tlm_multiply_gcd_reverse_body	108124870	108127942	3072	451	4	173	176
tlm_multiply_gcd_reverse_decode	108127942	108127948	6	0	0	0	3
tlm_multiply_gcd_reverse_apply	108127948	108127949	1	0	0	0	0
tlm_apply_forward_mod_add_register	108127949	108134623	6674	747	12	491	498
tlm_apply_forward_mod_add_fold	108134623	108135410	787	77	5	77	77
tlm_apply_forward_mod_add_clean	108135410	108135689	279	19	0	20	22
tlm_apply_forward_swap	108135689	108136457	768	256	0	0	0
tlm_apply_forward_fold	108136457	108138470	2013	371	0	65	95
tlm_multiply_gcd_reverse_body	108138470	108141540	3070	452	4	173	176
tlm_multiply_gcd_reverse_decode	108141540	108141546	6	0	0	0	3
tlm_multiply_gcd_reverse_apply	108141546	108141547	1	0	0	0	0
tlm_apply_forward_mod_add_register	108141547	108148291	6744	753	15	496	497
tlm_apply_forward_mod_add_fold	108148291	108149078	787	77	5	77	77
tlm_apply_forward_mod_add_clean	108149078	108149357	279	19	0	20	22
tlm_apply_forward_swap	108149357	108150125	768	256	0	0	0
tlm_apply_forward_fold	108150125	108152128	2003	369	0	65	94
tlm_multiply_gcd_reverse_body	108152128	108155196	3068	453	4	173	176
tlm_multiply_gcd_reverse_decode	108155196	108155360	164	19	0	3	8
tlm_multiply_gcd_reverse_apply	108155360	108155361	1	0	0	0	0
tlm_apply_forward_mod_add_register	108155361	108162035	6674	747	12	491	498
tlm_apply_forward_mod_add_fold	108162035	108162822	787	77	5	77	77
tlm_apply_forward_mod_add_clean	108162822	108163101	279	19	0	20	22
tlm_apply_forward_swap	108163101	108163869	768	256	0	0	0
tlm_apply_forward_fold	108163869	108165882	2013	371	0	65	95
tlm_multiply_gcd_reverse_body	108165882	108169020	3138	462	4	177	180
tlm_multiply_gcd_reverse_decode	108169020	108169026	6	0	0	0	3
tlm_multiply_gcd_reverse_apply	108169026	108169027	1	0	0	0	0
tlm_apply_forward_mod_add_register	108169027	108175771	6744	753	15	496	497
tlm_apply_forward_mod_add_fold	108175771	108176558	787	77	5	77	77
tlm_apply_forward_mod_add_clean	108176558	108176837	279	19	0	20	22
tlm_apply_forward_swap	108176837	108177605	768	256	0	0	0
tlm_apply_forward_fold	108177605	108179608	2003	369	0	65	94
tlm_multiply_gcd_reverse_body	108179608	108182744	3136	463	4	177	180
tlm_multiply_gcd_reverse_decode	108182744	108182750	6	0	0	0	3
tlm_multiply_gcd_reverse_apply	108182750	108182751	1	0	0	0	0
tlm_apply_forward_mod_add_register	108182751	108189427	6676	749	12	492	493
tlm_apply_forward_mod_add_fold	108189427	108190178	751	74	4	74	74
tlm_apply_forward_mod_add_clean	108190178	108190457	279	19	0	20	22
tlm_apply_forward_swap	108190457	108191225	768	256	0	0	0
tlm_apply_forward_fold	108191225	108193228	2003	369	0	65	94
tlm_multiply_gcd_reverse_body	108193228	108196354	3126	462	4	177	180
tlm_multiply_gcd_reverse_decode	108196354	108196518	164	19	0	3	8
tlm_multiply_gcd_reverse_apply	108196518	108196519	1	0	0	0	0
tlm_apply_forward_mod_add_register	108196519	108203263	6744	753	15	496	497
tlm_apply_forward_mod_add_fold	108203263	108204050	787	77	5	77	77
tlm_apply_forward_mod_add_clean	108204050	108204329	279	19	0	20	22
tlm_apply_forward_swap	108204329	108205097	768	256	0	0	0
tlm_apply_forward_fold	108205097	108207100	2003	369	0	65	94
tlm_multiply_gcd_reverse_body	108207100	108210296	3196	471	4	181	184
tlm_multiply_gcd_reverse_decode	108210296	108210302	6	0	0	0	3
tlm_multiply_gcd_reverse_apply	108210302	108210303	1	0	0	0	0
tlm_apply_forward_mod_add_register	108210303	108216979	6676	749	12	492	493
tlm_apply_forward_mod_add_fold	108216979	108217730	751	74	4	74	74
tlm_apply_forward_mod_add_clean	108217730	108218009	279	19	0	20	22
tlm_apply_forward_swap	108218009	108218777	768	256	0	0	0
tlm_apply_forward_fold	108218777	108220780	2003	369	0	65	94
tlm_multiply_gcd_reverse_body	108220780	108223982	3202	474	4	181	184
tlm_multiply_gcd_reverse_decode	108223982	108223988	6	0	0	0	3
tlm_multiply_gcd_reverse_apply	108223988	108223989	1	0	0	0	0
tlm_apply_forward_mod_add_register	108223989	108230633	6644	747	11	490	491
tlm_apply_forward_mod_add_fold	108230633	108231384	751	74	4	74	74
tlm_apply_forward_mod_add_clean	108231384	108231663	279	19	0	20	22
tlm_apply_forward_swap	108231663	108232431	768	256	0	0	0
tlm_apply_forward_fold	108232431	108234424	1993	367	0	65	93
tlm_multiply_gcd_reverse_body	108234424	108237616	3192	473	4	181	184
tlm_multiply_gcd_reverse_decode	108237616	108237780	164	19	0	3	8
tlm_multiply_gcd_reverse_apply	108237780	108237781	1	0	0	0	0
tlm_apply_forward_mod_add_register	108237781	108244457	6676	749	12	492	493
tlm_apply_forward_mod_add_fold	108244457	108245208	751	74	4	74	74
tlm_apply_forward_mod_add_clean	108245208	108245487	279	19	0	20	22
tlm_apply_forward_swap	108245487	108246255	768	256	0	0	0
tlm_apply_forward_fold	108246255	108248258	2003	369	0	65	94
tlm_multiply_gcd_reverse_body	108248258	108251520	3262	482	4	185	188
tlm_multiply_gcd_reverse_decode	108251520	108251526	6	0	0	0	3
tlm_multiply_gcd_reverse_apply	108251526	108251527	1	0	0	0	0
tlm_apply_forward_mod_add_register	108251527	108258171	6644	747	11	490	491
tlm_apply_forward_mod_add_fold	108258171	108258922	751	74	4	74	74
tlm_apply_forward_mod_add_clean	108258922	108259201	279	19	0	20	22
tlm_apply_forward_swap	108259201	108259969	768	256	0	0	0
tlm_apply_forward_fold	108259969	108261962	1993	367	0	65	93
tlm_multiply_gcd_reverse_body	108261962	108265230	3268	485	4	185	188
tlm_multiply_gcd_reverse_decode	108265230	108265236	6	0	0	0	3
tlm_multiply_gcd_reverse_apply	108265236	108265237	1	0	0	0	0
tlm_apply_forward_mod_add_register	108265237	108271605	6368	727	10	470	479
tlm_apply_forward_mod_add_fold	108271605	108272358	753	73	6	73	73
tlm_apply_forward_mod_add_clean	108272358	108272637	279	19	0	20	22
tlm_apply_forward_swap	108272637	108273405	768	256	0	0	0
tlm_apply_forward_fold	108273405	108275388	1983	365	0	65	92
tlm_multiply_gcd_reverse_body	108275388	108278646	3258	484	4	185	188
tlm_multiply_gcd_reverse_decode	108278646	108278810	164	19	0	3	8
tlm_multiply_gcd_reverse_apply	108278810	108278811	1	0	0	0	0
tlm_apply_forward_mod_add_register	108278811	108285455	6644	747	11	490	491
tlm_apply_forward_mod_add_fold	108285455	108286206	751	74	4	74	74
tlm_apply_forward_mod_add_clean	108286206	108286485	279	19	0	20	22
tlm_apply_forward_swap	108286485	108287253	768	256	0	0	0
tlm_apply_forward_fold	108287253	108289246	1993	367	0	65	93
tlm_multiply_gcd_reverse_body	108289246	108292574	3328	493	4	189	192
tlm_multiply_gcd_reverse_decode	108292574	108292580	6	0	0	0	3
tlm_multiply_gcd_reverse_apply	108292580	108292581	1	0	0	0	0
tlm_apply_forward_mod_add_register	108292581	108298949	6368	727	10	470	479
tlm_apply_forward_mod_add_fold	108298949	108299702	753	73	6	73	73
tlm_apply_forward_mod_add_clean	108299702	108299981	279	19	0	20	22
tlm_apply_forward_swap	108299981	108300749	768	256	0	0	0
tlm_apply_forward_fold	108300749	108302732	1983	365	0	65	92
tlm_multiply_gcd_reverse_body	108302732	108306058	3326	494	4	189	192
tlm_multiply_gcd_reverse_decode	108306058	108306064	6	0	0	0	3
tlm_multiply_gcd_reverse_apply	108306064	108306065	1	0	0	0	0
tlm_apply_forward_mod_add_register	108306065	108312204	6139	711	9	454	462
tlm_apply_forward_mod_add_fold	108312204	108312939	735	72	5	72	72
tlm_apply_forward_mod_add_clean	108312939	108313218	279	19	0	20	22
tlm_apply_forward_swap	108313218	108313986	768	256	0	0	0
tlm_apply_forward_fold	108313986	108315959	1973	363	0	65	91
tlm_multiply_gcd_reverse_body	108315959	108319275	3316	493	4	189	192
tlm_multiply_gcd_reverse_decode	108319275	108319439	164	19	0	3	8
tlm_multiply_gcd_reverse_apply	108319439	108319440	1	0	0	0	0
tlm_apply_forward_mod_add_register	108319440	108325808	6368	727	10	470	479
tlm_apply_forward_mod_add_fold	108325808	108326561	753	73	6	73	73
tlm_apply_forward_mod_add_clean	108326561	108326840	279	19	0	20	22
tlm_apply_forward_swap	108326840	108327608	768	256	0	0	0
tlm_apply_forward_fold	108327608	108329591	1983	365	0	65	92
tlm_multiply_gcd_reverse_body	108329591	108332977	3386	502	4	193	196
tlm_multiply_gcd_reverse_decode	108332977	108332983	6	0	0	0	3
tlm_multiply_gcd_reverse_apply	108332983	108332984	1	0	0	0	0
tlm_apply_forward_mod_add_register	108332984	108339123	6139	711	9	454	462
tlm_apply_forward_mod_add_fold	108339123	108339858	735	72	5	72	72
tlm_apply_forward_mod_add_clean	108339858	108340137	279	19	0	20	22
tlm_apply_forward_swap	108340137	108340905	768	256	0	0	0
tlm_apply_forward_fold	108340905	108342878	1973	363	0	65	91
tlm_multiply_gcd_reverse_body	108342878	108346270	3392	505	4	193	196
tlm_multiply_gcd_reverse_decode	108346270	108346276	6	0	0	0	3
tlm_multiply_gcd_reverse_apply	108346276	108346277	1	0	0	0	0
tlm_apply_forward_mod_add_register	108346277	108352402	6125	710	9	453	461
tlm_apply_forward_mod_add_fold	108352402	108353139	737	72	5	72	72
tlm_apply_forward_mod_add_clean	108353139	108353418	279	19	0	20	22
tlm_apply_forward_swap	108353418	108354186	768	256	0	0	0
tlm_apply_forward_fold	108354186	108356149	1963	361	0	65	90
tlm_multiply_gcd_reverse_body	108356149	108359531	3382	504	4	193	196
tlm_multiply_gcd_reverse_decode	108359531	108359695	164	19	0	3	8
tlm_multiply_gcd_reverse_apply	108359695	108359696	1	0	0	0	0
tlm_apply_forward_mod_add_register	108359696	108365835	6139	711	9	454	462
tlm_apply_forward_mod_add_fold	108365835	108366570	735	72	5	72	72
tlm_apply_forward_mod_add_clean	108366570	108366849	279	19	0	20	22
tlm_apply_forward_swap	108366849	108367617	768	256	0	0	0
tlm_apply_forward_fold	108367617	108369590	1973	363	0	65	91
tlm_multiply_gcd_reverse_body	108369590	108373042	3452	513	4	197	200
tlm_multiply_gcd_reverse_decode	108373042	108373048	6	0	0	0	3
tlm_multiply_gcd_reverse_apply	108373048	108373049	1	0	0	0	0
tlm_apply_forward_mod_add_register	108373049	108379174	6125	710	9	453	461
tlm_apply_forward_mod_add_fold	108379174	108379911	737	72	5	72	72
tlm_apply_forward_mod_add_clean	108379911	108380190	279	19	0	20	22
tlm_apply_forward_swap	108380190	108380958	768	256	0	0	0
tlm_apply_forward_fold	108380958	108382921	1963	361	0	65	90
tlm_multiply_gcd_reverse_body	108382921	108386371	3450	514	4	197	200
tlm_multiply_gcd_reverse_decode	108386371	108386377	6	0	0	0	3
tlm_multiply_gcd_reverse_apply	108386377	108386378	1	0	0	0	0
tlm_apply_forward_mod_add_register	108386378	108392205	5827	689	8	432	440
tlm_apply_forward_mod_add_fold	108392205	108392916	711	70	4	70	70
tlm_apply_forward_mod_add_clean	108392916	108393195	279	19	0	20	22
tlm_apply_forward_swap	108393195	108393963	768	256	0	0	0
tlm_apply_forward_fold	108393963	108395914	1951	359	0	65	89
tlm_multiply_gcd_reverse_body	108395914	108399362	3448	515	4	197	200
tlm_multiply_gcd_reverse_decode	108399362	108399526	164	19	0	3	8
tlm_multiply_gcd_reverse_apply	108399526	108399527	1	0	0	0	0
tlm_apply_forward_mod_add_register	108399527	108405652	6125	710	9	453	461
tlm_apply_forward_mod_add_fold	108405652	108406389	737	72	5	72	72
tlm_apply_forward_mod_add_clean	108406389	108406668	279	19	0	20	22
tlm_apply_forward_swap	108406668	108407436	768	256	0	0	0
tlm_apply_forward_fold	108407436	108409399	1963	361	0	65	90
tlm_multiply_gcd_reverse_body	108409399	108412917	3518	524	4	201	204
tlm_multiply_gcd_reverse_decode	108412917	108412923	6	0	0	0	3
tlm_multiply_gcd_reverse_apply	108412923	108412924	1	0	0	0	0
tlm_apply_forward_mod_add_register	108412924	108418751	5827	689	8	432	440
tlm_apply_forward_mod_add_fold	108418751	108419462	711	70	4	70	70
tlm_apply_forward_mod_add_clean	108419462	108419741	279	19	0	20	22
tlm_apply_forward_swap	108419741	108420509	768	256	0	0	0
tlm_apply_forward_fold	108420509	108422460	1951	359	0	65	89
tlm_multiply_gcd_reverse_body	108422460	108425984	3524	527	4	201	204
tlm_multiply_gcd_reverse_decode	108425984	108425990	6	0	0	0	3
tlm_multiply_gcd_reverse_apply	108425990	108425991	1	0	0	0	0
tlm_apply_forward_mod_add_register	108425991	108431818	5827	689	8	432	440
tlm_apply_forward_mod_add_fold	108431818	108432529	711	70	4	70	70
tlm_apply_forward_mod_add_clean	108432529	108432808	279	19	0	20	22
tlm_apply_forward_swap	108432808	108433576	768	256	0	0	0
tlm_apply_forward_fold	108433576	108435514	1938	357	0	65	88
tlm_multiply_gcd_reverse_body	108435514	108439020	3506	524	4	201	204
tlm_multiply_gcd_reverse_decode	108439020	108439184	164	19	0	3	8
tlm_multiply_gcd_reverse_apply	108439184	108439185	1	0	0	0	0
tlm_apply_forward_mod_add_register	108439185	108445012	5827	689	8	432	440
tlm_apply_forward_mod_add_fold	108445012	108445723	711	70	4	70	70
tlm_apply_forward_mod_add_clean	108445723	108446002	279	19	0	20	22
tlm_apply_forward_swap	108446002	108446770	768	256	0	0	0
tlm_apply_forward_fold	108446770	108448721	1951	359	0	65	89
tlm_multiply_gcd_reverse_body	108448721	108452305	3584	535	4	205	208
tlm_multiply_gcd_reverse_decode	108452305	108452311	6	0	0	0	3
tlm_multiply_gcd_reverse_apply	108452311	108452312	1	0	0	0	0
tlm_apply_forward_mod_add_register	108452312	108458139	5827	689	8	432	440
tlm_apply_forward_mod_add_fold	108458139	108458850	711	70	4	70	70
tlm_apply_forward_mod_add_clean	108458850	108459129	279	19	0	20	22
tlm_apply_forward_swap	108459129	108459897	768	256	0	0	0
tlm_apply_forward_fold	108459897	108461835	1938	357	0	65	88
tlm_multiply_gcd_reverse_body	108461835	108465417	3582	536	4	205	208
tlm_multiply_gcd_reverse_decode	108465417	108465423	6	0	0	0	3
tlm_multiply_gcd_reverse_apply	108465423	108465424	1	0	0	0	0
tlm_apply_forward_mod_add_register	108465424	108470938	5514	667	7	410	417
tlm_apply_forward_mod_add_fold	108470938	108471649	711	70	4	70	70
tlm_apply_forward_mod_add_clean	108471649	108471928	279	19	0	20	22
tlm_apply_forward_swap	108471928	108472696	768	256	0	0	0
tlm_apply_forward_fold	108472696	108474247	1551	341	0	40	47
tlm_multiply_gcd_reverse_body	108474247	108477819	3572	535	4	205	208
tlm_multiply_gcd_reverse_decode	108477819	108477983	164	19	0	3	8
tlm_multiply_gcd_reverse_apply	108477983	108477984	1	0	0	0	0
tlm_apply_forward_mod_add_register	108477984	108483811	5827	689	8	432	440
tlm_apply_forward_mod_add_fold	108483811	108484522	711	70	4	70	70
tlm_apply_forward_mod_add_clean	108484522	108484801	279	19	0	20	22
tlm_apply_forward_swap	108484801	108485569	768	256	0	0	0
tlm_apply_forward_fold	108485569	108487507	1938	357	0	65	88
tlm_multiply_gcd_reverse_body	108487507	108491149	3642	544	4	209	212
tlm_multiply_gcd_reverse_decode	108491149	108491155	6	0	0	0	3
tlm_multiply_gcd_reverse_apply	108491155	108491156	1	0	0	0	0
tlm_apply_forward_mod_add_register	108491156	108496670	5514	667	7	410	417
tlm_apply_forward_mod_add_fold	108496670	108497381	711	70	4	70	70
tlm_apply_forward_mod_add_clean	108497381	108497660	279	19	0	20	22
tlm_apply_forward_swap	108497660	108498428	768	256	0	0	0
tlm_apply_forward_fold	108498428	108499979	1551	341	0	40	47
tlm_multiply_gcd_reverse_body	108499979	108503619	3640	545	4	209	212
tlm_multiply_gcd_reverse_decode	108503619	108503625	6	0	0	0	3
tlm_multiply_gcd_reverse_apply	108503625	108503626	1	0	0	0	0
tlm_apply_forward_mod_add_register	108503626	108509140	5514	667	7	410	417
tlm_apply_forward_mod_add_fold	108509140	108509815	675	67	3	67	67
tlm_apply_forward_mod_add_clean	108509815	108510094	279	19	0	20	22
tlm_apply_forward_swap	108510094	108510862	768	256	0	0	0
tlm_apply_forward_fold	108510862	108512417	1555	339	0	41	48
tlm_multiply_gcd_reverse_body	108512417	108516055	3638	546	4	209	212
tlm_multiply_gcd_reverse_decode	108516055	108516219	164	19	0	3	8
tlm_multiply_gcd_reverse_apply	108516219	108516220	1	0	0	0	0
tlm_apply_forward_mod_add_register	108516220	108521734	5514	667	7	410	417
tlm_apply_forward_mod_add_fold	108521734	108522445	711	70	4	70	70
tlm_apply_forward_mod_add_clean	108522445	108522724	279	19	0	20	22
tlm_apply_forward_swap	108522724	108523492	768	256	0	0	0
tlm_apply_forward_fold	108523492	108525043	1551	341	0	40	47
tlm_multiply_gcd_reverse_body	108525043	108528751	3708	555	4	213	216
tlm_multiply_gcd_reverse_decode	108528751	108528757	6	0	0	0	3
tlm_multiply_gcd_reverse_apply	108528757	108528758	1	0	0	0	0
tlm_apply_forward_mod_add_register	108528758	108534272	5514	667	7	410	417
tlm_apply_forward_mod_add_fold	108534272	108534947	675	67	3	67	67
tlm_apply_forward_mod_add_clean	108534947	108535226	279	19	0	20	22
tlm_apply_forward_swap	108535226	108535994	768	256	0	0	0
tlm_apply_forward_fold	108535994	108537549	1555	339	0	41	48
tlm_multiply_gcd_reverse_body	108537549	108541247	3698	554	4	213	216
tlm_multiply_gcd_reverse_decode	108541247	108541253	6	0	0	0	3
tlm_multiply_gcd_reverse_apply	108541253	108541254	1	0	0	0	0
tlm_apply_forward_mod_add_register	108541254	108546768	5514	667	7	410	417
tlm_apply_forward_mod_add_fold	108546768	108547455	687	67	5	67	67
tlm_apply_forward_mod_add_clean	108547455	108547734	279	19	0	20	22
tlm_apply_forward_swap	108547734	108548502	768	256	0	0	0
tlm_apply_forward_fold	108548502	108550061	1559	337	0	42	49
tlm_multiply_gcd_reverse_body	108550061	108553765	3704	557	4	213	216
tlm_multiply_gcd_reverse_decode	108553765	108553929	164	19	0	3	8
tlm_multiply_gcd_reverse_apply	108553929	108553930	1	0	0	0	0
tlm_apply_forward_mod_add_register	108553930	108559444	5514	667	7	410	417
tlm_apply_forward_mod_add_fold	108559444	108560119	675	67	3	67	67
tlm_apply_forward_mod_add_clean	108560119	108560398	279	19	0	20	22
tlm_apply_forward_swap	108560398	108561166	768	256	0	0	0
tlm_apply_forward_fold	108561166	108562721	1555	339	0	41	48
tlm_multiply_gcd_reverse_body	108562721	108566495	3774	566	4	217	220
tlm_multiply_gcd_reverse_decode	108566495	108566501	6	0	0	0	3
tlm_multiply_gcd_reverse_apply	108566501	108566502	1	0	0	0	0
tlm_apply_forward_mod_add_register	108566502	108572016	5514	667	7	410	417
tlm_apply_forward_mod_add_fold	108572016	108572703	687	67	5	67	67
tlm_apply_forward_mod_add_clean	108572703	108572982	279	19	0	20	22
tlm_apply_forward_swap	108572982	108573750	768	256	0	0	0
tlm_apply_forward_fold	108573750	108575309	1559	337	0	42	49
tlm_multiply_gcd_reverse_body	108575309	108579073	3764	565	4	217	220
tlm_multiply_gcd_reverse_decode	108579073	108579079	6	0	0	0	3
tlm_multiply_gcd_reverse_apply	108579079	108579080	1	0	0	0	0
tlm_apply_forward_mod_add_register	108579080	108584594	5514	667	7	410	417
tlm_apply_forward_mod_add_fold	108584594	108585269	675	66	4	66	66
tlm_apply_forward_mod_add_clean	108585269	108585548	279	19	0	20	22
tlm_apply_forward_swap	108585548	108586316	768	256	0	0	0
tlm_apply_forward_fold	108586316	108587879	1563	335	0	43	50
tlm_multiply_gcd_reverse_body	108587879	108591649	3770	568	4	217	220
tlm_multiply_gcd_reverse_decode	108591649	108591813	164	19	0	3	8
tlm_multiply_gcd_reverse_apply	108591813	108591814	1	0	0	0	0
tlm_apply_forward_mod_add_register	108591814	108597328	5514	667	7	410	417
tlm_apply_forward_mod_add_fold	108597328	108598015	687	67	5	67	67
tlm_apply_forward_mod_add_clean	108598015	108598294	279	19	0	20	22
tlm_apply_forward_swap	108598294	108599062	768	256	0	0	0
tlm_apply_forward_fold	108599062	108600621	1559	337	0	42	49
tlm_multiply_gcd_reverse_body	108600621	108604453	3832	575	4	221	224
tlm_multiply_gcd_reverse_decode	108604453	108604459	6	0	0	0	3
tlm_multiply_gcd_reverse_apply	108604459	108604460	1	0	0	0	0
tlm_apply_forward_mod_add_register	108604460	108609974	5514	667	7	410	417
tlm_apply_forward_mod_add_fold	108609974	108610649	675	66	4	66	66
tlm_apply_forward_mod_add_clean	108610649	108610928	279	19	0	20	22
tlm_apply_forward_swap	108610928	108611696	768	256	0	0	0
tlm_apply_forward_fold	108611696	108613259	1563	335	0	43	50
tlm_multiply_gcd_reverse_body	108613259	108617089	3830	576	4	221	224
tlm_multiply_gcd_reverse_decode	108617089	108617095	6	0	0	0	3
tlm_multiply_gcd_reverse_apply	108617095	108617096	1	0	0	0	0
tlm_apply_forward_mod_add_register	108617096	108622610	5514	667	7	410	417
tlm_apply_forward_mod_add_fold	108622610	108623297	687	67	5	67	67
tlm_apply_forward_mod_add_clean	108623297	108623576	279	19	0	20	22
tlm_apply_forward_swap	108623576	108624344	768	256	0	0	0
tlm_apply_forward_fold	108624344	108625903	1559	337	0	42	49
tlm_multiply_gcd_reverse_body	108625903	108629845	3942	592	4	227	230
tlm_multiply_gcd_reverse_decode	108629845	108630009	164	19	0	3	8
tlm_multiply_gcd_reverse_apply	108630009	108630010	1	0	0	0	0
tlm_apply_forward_mod_add_register	108630010	108635524	5514	667	7	410	417
tlm_apply_forward_mod_add_fold	108635524	108636199	675	66	4	66	66
tlm_apply_forward_mod_add_clean	108636199	108636478	279	19	0	20	22
tlm_apply_forward_swap	108636478	108637246	768	256	0	0	0
tlm_apply_forward_fold	108637246	108638809	1563	335	0	43	50
tlm_multiply_gcd_reverse_body	108638809	108642707	3898	586	4	225	228
tlm_multiply_gcd_reverse_decode	108642707	108642713	6	0	0	0	3
tlm_multiply_gcd_reverse_apply	108642713	108642714	1	0	0	0	0
tlm_apply_forward_mod_add_register	108642714	108648228	5514	667	7	410	417
tlm_apply_forward_mod_add_fold	108648228	108648915	687	67	5	67	67
tlm_apply_forward_mod_add_clean	108648915	108649194	279	19	0	20	22
tlm_apply_forward_swap	108649194	108649962	768	256	0	0	0
tlm_apply_forward_fold	108649962	108651521	1559	337	0	42	49
tlm_multiply_gcd_reverse_body	108651521	108655531	4010	602	4	231	234
tlm_multiply_gcd_reverse_decode	108655531	108655537	6	0	0	0	3
tlm_multiply_gcd_reverse_apply	108655537	108655538	1	0	0	0	0
tlm_apply_forward_mod_add_register	108655538	108661052	5514	667	7	410	417
tlm_apply_forward_mod_add_fold	108661052	108661727	675	66	4	66	66
tlm_apply_forward_mod_add_clean	108661727	108662006	279	19	0	20	22
tlm_apply_forward_swap	108662006	108662774	768	256	0	0	0
tlm_apply_forward_fold	108662774	108664337	1563	335	0	43	50
tlm_multiply_gcd_reverse_body	108664337	108668337	4000	601	4	231	234
tlm_multiply_gcd_reverse_decode	108668337	108668501	164	19	0	3	8
tlm_multiply_gcd_reverse_apply	108668501	108668502	1	0	0	0	0
tlm_apply_forward_mod_add_register	108668502	108674016	5514	667	7	410	417
tlm_apply_forward_mod_add_fold	108674016	108674703	687	67	5	67	67
tlm_apply_forward_mod_add_clean	108674703	108674982	279	19	0	20	22
tlm_apply_forward_swap	108674982	108675750	768	256	0	0	0
tlm_apply_forward_fold	108675750	108677309	1559	337	0	42	49
tlm_multiply_gcd_reverse_body	108677309	108681387	4078	612	4	235	238
tlm_multiply_gcd_reverse_decode	108681387	108681393	6	0	0	0	3
tlm_multiply_gcd_reverse_apply	108681393	108681394	1	0	0	0	0
tlm_apply_forward_mod_add_register	108681394	108686595	5201	645	6	388	394
tlm_apply_forward_mod_add_fold	108686595	108687244	649	64	3	64	64
tlm_apply_forward_mod_add_clean	108687244	108687523	279	19	0	20	22
tlm_apply_forward_swap	108687523	108688291	768	256	0	0	0
tlm_apply_forward_fold	108688291	108689862	1571	331	0	45	52
tlm_multiply_gcd_reverse_body	108689862	108693816	3954	596	4	229	232
tlm_multiply_gcd_reverse_decode	108693816	108693822	6	0	0	0	3
tlm_multiply_gcd_reverse_apply	108693822	108693823	1	0	0	0	0
tlm_apply_forward_mod_add_register	108693823	108699024	5201	645	6	388	394
tlm_apply_forward_mod_add_fold	108699024	108699673	649	64	3	64	64
tlm_apply_forward_mod_add_clean	108699673	108699952	279	19	0	20	22
tlm_apply_forward_swap	108699952	108700720	768	256	0	0	0
tlm_apply_forward_fold	108700720	108702295	1575	329	0	46	53
tlm_multiply_gcd_reverse_body	108702295	108706255	3960	599	4	229	232
tlm_multiply_gcd_reverse_decode	108706255	108706419	164	19	0	3	8
tlm_multiply_gcd_reverse_apply	108706419	108706420	1	0	0	0	0
tlm_apply_forward_mod_add_register	108706420	108711621	5201	645	6	388	394
tlm_apply_forward_mod_add_fold	108711621	108712270	649	64	3	64	64
tlm_apply_forward_mod_add_clean	108712270	108712549	279	19	0	20	22
tlm_apply_forward_swap	108712549	108713317	768	256	0	0	0
tlm_apply_forward_fold	108713317	108714888	1571	331	0	45	52
tlm_multiply_gcd_reverse_body	108714888	108718910	4022	606	4	233	236
tlm_multiply_gcd_reverse_decode	108718910	108718916	6	0	0	0	3
tlm_multiply_gcd_reverse_apply	108718916	108718917	1	0	0	0	0
tlm_apply_forward_mod_add_register	108718917	108724118	5201	645	6	388	394
tlm_apply_forward_mod_add_fold	108724118	108724767	649	64	3	64	64
tlm_apply_forward_mod_add_clean	108724767	108725046	279	19	0	20	22
tlm_apply_forward_swap	108725046	108725814	768	256	0	0	0
tlm_apply_forward_fold	108725814	108727389	1575	329	0	46	53
tlm_multiply_gcd_reverse_body	108727389	108731403	4014	608	4	232	235
tlm_multiply_gcd_reverse_decode	108731403	108731409	6	0	0	0	3
tlm_multiply_gcd_reverse_apply	108731409	108731410	1	0	0	0	0
tlm_apply_forward_mod_add_register	108731410	108736611	5201	645	6	388	394
tlm_apply_forward_mod_add_fold	108736611	108737260	649	64	3	64	64
tlm_apply_forward_mod_add_clean	108737260	108737539	279	19	0	20	22
tlm_apply_forward_swap	108737539	108738307	768	256	0	0	0
tlm_apply_forward_fold	108738307	108739886	1579	327	0	47	54
tlm_multiply_gcd_reverse_body	108739886	108743906	4020	611	4	232	235
tlm_multiply_gcd_reverse_decode	108743906	108744070	164	19	0	3	8
tlm_multiply_gcd_reverse_apply	108744070	108744071	1	0	0	0	0
tlm_apply_forward_mod_add_register	108744071	108749272	5201	645	6	388	394
tlm_apply_forward_mod_add_fold	108749272	108749921	649	64	3	64	64
tlm_apply_forward_mod_add_clean	108749921	108750200	279	19	0	20	22
tlm_apply_forward_swap	108750200	108750968	768	256	0	0	0
tlm_apply_forward_fold	108750968	108752543	1575	329	0	46	53
tlm_multiply_gcd_reverse_body	108752543	108756639	4096	619	4	237	240
tlm_multiply_gcd_reverse_decode	108756639	108756645	6	0	0	0	3
tlm_multiply_gcd_reverse_apply	108756645	108756646	1	0	0	0	0
tlm_apply_forward_mod_add_register	108756646	108761847	5201	645	6	388	394
tlm_apply_forward_mod_add_fold	108761847	108762496	649	64	3	64	64
tlm_apply_forward_mod_add_clean	108762496	108762775	279	19	0	20	22
tlm_apply_forward_swap	108762775	108763543	768	256	0	0	0
tlm_apply_forward_fold	108763543	108765114	1571	331	0	45	52
tlm_multiply_gcd_reverse_body	108765114	108769306	4192	631	4	243	246
tlm_multiply_gcd_reverse_decode	108769306	108769312	6	0	0	0	3
tlm_multiply_gcd_reverse_apply	108769312	108769313	1	0	0	0	0
tlm_apply_forward_mod_add_register	108769313	108774514	5201	645	6	388	394
tlm_apply_forward_mod_add_fold	108774514	108775163	649	64	3	64	64
tlm_apply_forward_mod_add_clean	108775163	108775442	279	19	0	20	22
tlm_apply_forward_swap	108775442	108776210	768	256	0	0	0
tlm_apply_forward_fold	108776210	108777785	1575	329	0	46	53
tlm_multiply_gcd_reverse_body	108777785	108781983	4198	634	4	243	246
tlm_multiply_gcd_reverse_decode	108781983	108782147	164	19	0	3	8
tlm_multiply_gcd_reverse_apply	108782147	108782148	1	0	0	0	0
tlm_apply_forward_mod_add_register	108782148	108787349	5201	645	6	388	394
tlm_apply_forward_mod_add_fold	108787349	108787998	649	64	3	64	64
tlm_apply_forward_mod_add_clean	108787998	108788277	279	19	0	20	22
tlm_apply_forward_swap	108788277	108789045	768	256	0	0	0
tlm_apply_forward_fold	108789045	108790616	1571	331	0	45	52
tlm_multiply_gcd_reverse_body	108790616	108794884	4268	643	4	247	250
tlm_multiply_gcd_reverse_decode	108794884	108794890	6	0	0	0	3
tlm_multiply_gcd_reverse_apply	108794890	108794891	1	0	0	0	0
tlm_apply_forward_mod_add_register	108794891	108800092	5201	645	6	388	394
tlm_apply_forward_mod_add_fold	108800092	108800741	649	64	3	64	64
tlm_apply_forward_mod_add_clean	108800741	108801020	279	19	0	20	22
tlm_apply_forward_swap	108801020	108801788	768	256	0	0	0
tlm_apply_forward_fold	108801788	108803363	1575	329	0	46	53
tlm_multiply_gcd_reverse_body	108803363	108807629	4266	644	4	247	250
tlm_multiply_gcd_reverse_decode	108807629	108807635	6	0	0	0	3
tlm_multiply_gcd_reverse_apply	108807635	108807636	1	0	0	0	0
tlm_apply_forward_mod_add_register	108807636	108812837	5201	645	6	388	394
tlm_apply_forward_mod_add_fold	108812837	108813486	649	64	3	64	64
tlm_apply_forward_mod_add_clean	108813486	108813765	279	19	0	20	22
tlm_apply_forward_swap	108813765	108814533	768	256	0	0	0
tlm_apply_forward_fold	108814533	108816112	1579	327	0	47	54
tlm_multiply_gcd_reverse_body	108816112	108820370	4258	646	4	246	249
tlm_multiply_gcd_reverse_decode	108820370	108820534	164	19	0	3	8
tlm_multiply_gcd_reverse_apply	108820534	108820535	1	0	0	0	0
tlm_apply_forward_mod_add_register	108820535	108825736	5201	645	6	388	394
tlm_apply_forward_mod_add_fold	108825736	108826385	649	64	3	64	64
tlm_apply_forward_mod_add_clean	108826385	108826664	279	19	0	20	22
tlm_apply_forward_swap	108826664	108827432	768	256	0	0	0
tlm_apply_forward_fold	108827432	108829007	1575	329	0	46	53
tlm_multiply_gcd_reverse_body	108829007	108833327	4320	653	4	250	253
tlm_multiply_gcd_reverse_decode	108833327	108833333	6	0	0	0	3
tlm_multiply_gcd_reverse_apply	108833333	108833334	1	0	0	0	0
tlm_apply_forward_mod_add_register	108833334	108838535	5201	645	6	388	394
tlm_apply_forward_mod_add_fold	108838535	108839184	649	64	3	64	64
tlm_apply_forward_mod_add_clean	108839184	108839463	279	19	0	20	22
tlm_apply_forward_swap	108839463	108840231	768	256	0	0	0
tlm_apply_forward_fold	108840231	108841810	1579	327	0	47	54
tlm_multiply_gcd_reverse_body	108841810	108846122	4312	655	4	249	252
tlm_multiply_gcd_reverse_decode	108846122	108846128	6	0	0	0	3
tlm_multiply_gcd_reverse_apply	108846128	108846129	1	0	0	0	0
tlm_apply_forward_mod_add_register	108846129	108851330	5201	645	6	388	394
tlm_apply_forward_mod_add_fold	108851330	108851965	635	62	4	62	62
tlm_apply_forward_mod_add_clean	108851965	108852244	279	19	0	20	22
tlm_apply_forward_swap	108852244	108853012	768	256	0	0	0
tlm_apply_forward_fold	108853012	108854595	1583	325	0	48	55
tlm_multiply_gcd_reverse_body	108854595	108858899	4304	657	4	248	251
tlm_multiply_gcd_reverse_decode	108858899	108859063	164	19	0	3	8
tlm_multiply_gcd_reverse_apply	108859063	108859064	1	0	0	0	0
tlm_apply_forward_mod_add_register	108859064	108864265	5201	645	6	388	394
tlm_apply_forward_mod_add_fold	108864265	108864914	649	64	3	64	64
tlm_apply_forward_mod_add_clean	108864914	108865193	279	19	0	20	22
tlm_apply_forward_swap	108865193	108865961	768	256	0	0	0
tlm_apply_forward_fold	108865961	108867540	1579	327	0	47	54
tlm_multiply_gcd_reverse_body	108867540	108871920	4380	665	4	253	256
tlm_multiply_gcd_reverse_decode	108871920	108871926	6	0	0	0	3
tlm_multiply_gcd_reverse_apply	108871926	108871927	1	0	0	0	0
tlm_apply_forward_mod_add_register	108871927	108876815	4888	623	5	366	371
tlm_apply_forward_mod_add_fold	108876815	108877434	619	61	3	61	61
tlm_apply_forward_mod_add_clean	108877434	108877713	279	19	0	20	22
tlm_apply_forward_swap	108877713	108878481	768	256	0	0	0
tlm_apply_forward_fold	108878481	108880069	1588	320	0	49	57
tlm_multiply_gcd_reverse_body	108880069	108884323	4254	656	4	244	247
tlm_multiply_gcd_reverse_decode	108884323	108884329	6	0	0	0	3
tlm_multiply_gcd_reverse_apply	108884329	108884330	1	0	0	0	0
tlm_apply_forward_mod_add_register	108884330	108889218	4888	623	5	366	371
tlm_apply_forward_mod_add_fold	108889218	108889837	619	61	3	61	61
tlm_apply_forward_mod_add_clean	108889837	108890116	279	19	0	20	22
tlm_apply_forward_swap	108890116	108890884	768	256	0	0	0
tlm_apply_forward_fold	108890884	108892468	1584	322	0	48	56
tlm_multiply_gcd_reverse_body	108892468	108896832	4364	669	4	251	254
tlm_multiply_gcd_reverse_decode	108896832	108896996	164	19	0	3	8
tlm_multiply_gcd_reverse_apply	108896996	108896997	1	0	0	0	0
tlm_apply_forward_mod_add_register	108896997	108902198	5201	645	6	388	394
tlm_apply_forward_mod_add_fold	108902198	108902833	635	62	4	62	62
tlm_apply_forward_mod_add_clean	108902833	108903112	279	19	0	20	22
tlm_apply_forward_swap	108903112	108903880	768	256	0	0	0
tlm_apply_forward_fold	108903880	108905463	1583	325	0	48	55
tlm_multiply_gcd_reverse_body	108905463	108909903	4440	677	4	256	259
tlm_multiply_gcd_reverse_decode	108909903	108909909	6	0	0	0	3
tlm_multiply_gcd_reverse_apply	108909909	108909910	1	0	0	0	0
tlm_apply_forward_mod_add_register	108909910	108914798	4888	623	5	366	371
tlm_apply_forward_mod_add_fold	108914798	108915417	619	61	3	61	61
tlm_apply_forward_mod_add_clean	108915417	108915696	279	19	0	20	22
tlm_apply_forward_swap	108915696	108916464	768	256	0	0	0
tlm_apply_forward_fold	108916464	108918048	1584	322	0	48	56
tlm_multiply_gcd_reverse_body	108918048	108922494	4446	680	4	256	259
tlm_multiply_gcd_reverse_decode	108922494	108922500	6	0	0	0	3
tlm_multiply_gcd_reverse_apply	108922500	108922501	1	0	0	0	0
tlm_apply_forward_mod_add_register	108922501	108927389	4888	623	5	366	371
tlm_apply_forward_mod_add_fold	108927389	108927982	593	59	2	59	59
tlm_apply_forward_mod_add_clean	108927982	108928261	279	19	0	20	22
tlm_apply_forward_swap	108928261	108929029	768	256	0	0	0
tlm_apply_forward_fold	108929029	108930625	1596	316	0	51	59
tlm_multiply_gcd_reverse_body	108930625	108934931	4306	670	4	246	249
tlm_multiply_gcd_reverse_decode	108934931	108935095	164	19	0	3	8
tlm_multiply_gcd_reverse_apply	108935095	108935096	1	0	0	0	0
tlm_apply_forward_mod_add_register	108935096	108939984	4888	623	5	366	371
tlm_apply_forward_mod_add_fold	108939984	108940577	593	59	2	59	59
tlm_apply_forward_mod_add_clean	108940577	108940856	279	19	0	20	22
tlm_apply_forward_swap	108940856	108941624	768	256	0	0	0
tlm_apply_forward_fold	108941624	108943216	1592	318	0	50	58
tlm_multiply_gcd_reverse_body	108943216	108947584	4368	677	4	250	253
tlm_multiply_gcd_reverse_decode	108947584	108947590	6	0	0	0	3
tlm_multiply_gcd_reverse_apply	108947590	108947591	1	0	0	0	0
tlm_apply_forward_mod_add_register	108947591	108952479	4888	623	5	366	371
tlm_apply_forward_mod_add_fold	108952479	108953072	593	59	2	59	59
tlm_apply_forward_mod_add_clean	108953072	108953351	279	19	0	20	22
tlm_apply_forward_swap	108953351	108954119	768	256	0	0	0
tlm_apply_forward_fold	108954119	108955715	1596	316	0	51	59
tlm_multiply_gcd_reverse_body	108955715	108960089	4374	680	4	250	253
tlm_multiply_gcd_reverse_decode	108960089	108960095	6	0	0	0	3
tlm_multiply_gcd_reverse_apply	108960095	108960096	1	0	0	0	0
tlm_apply_forward_mod_add_register	108960096	108964984	4888	623	5	366	371
tlm_apply_forward_mod_add_fold	108964984	108965573	589	58	3	58	58
tlm_apply_forward_mod_add_clean	108965573	108965852	279	19	0	20	22
tlm_apply_forward_swap	108965852	108966620	768	256	0	0	0
tlm_apply_forward_fold	108966620	108968220	1600	314	0	52	60
tlm_multiply_gcd_reverse_body	108968220	108972572	4352	681	4	248	251
tlm_multiply_gcd_reverse_decode	108972572	108972736	164	19	0	3	8
tlm_multiply_gcd_reverse_apply	108972736	108972737	1	0	0	0	0
tlm_apply_forward_mod_add_register	108972737	108977625	4888	623	5	366	371
tlm_apply_forward_mod_add_fold	108977625	108978218	593	59	2	59	59
tlm_apply_forward_mod_add_clean	108978218	108978497	279	19	0	20	22
tlm_apply_forward_swap	108978497	108979265	768	256	0	0	0
tlm_apply_forward_fold	108979265	108980861	1596	316	0	51	59
tlm_multiply_gcd_reverse_body	108980861	108985289	4428	689	4	253	256
tlm_multiply_gcd_reverse_decode	108985289	108985295	6	0	0	0	3
tlm_multiply_gcd_reverse_apply	108985295	108985296	1	0	0	0	0
tlm_apply_forward_mod_add_register	108985296	108990184	4888	623	5	366	371
tlm_apply_forward_mod_add_fold	108990184	108990777	593	59	2	59	59
tlm_apply_forward_mod_add_clean	108990777	108991056	279	19	0	20	22
tlm_apply_forward_swap	108991056	108991824	768	256	0	0	0
tlm_apply_forward_fold	108991824	108993416	1592	318	0	50	58
tlm_multiply_gcd_reverse_body	108993416	108997968	4552	703	4	261	264
tlm_multiply_gcd_reverse_decode	108997968	108997974	6	0	0	0	3
tlm_multiply_gcd_reverse_apply	108997974	108997975	1	0	0	0	0
tlm_apply_forward_mod_add_register	108997975	109002863	4888	623	5	366	371
tlm_apply_forward_mod_add_fold	109002863	109003456	593	59	2	59	59
tlm_apply_forward_mod_add_clean	109003456	109003735	279	19	0	20	22
tlm_apply_forward_swap	109003735	109004503	768	256	0	0	0
tlm_apply_forward_fold	109004503	109006099	1596	316	0	51	59
tlm_multiply_gcd_reverse_body	109006099	109010643	4544	705	4	260	263
tlm_multiply_gcd_reverse_decode	109010643	109010807	164	19	0	3	8
tlm_multiply_gcd_reverse_apply	109010807	109010808	1	0	0	0	0
tlm_apply_forward_mod_add_register	109010808	109015696	4888	623	5	366	371
tlm_apply_forward_mod_add_fold	109015696	109016289	593	59	2	59	59
tlm_apply_forward_mod_add_clean	109016289	109016568	279	19	0	20	22
tlm_apply_forward_swap	109016568	109017336	768	256	0	0	0
tlm_apply_forward_fold	109017336	109018928	1592	318	0	50	58
tlm_multiply_gcd_reverse_body	109018928	109023548	4620	713	4	265	268
tlm_multiply_gcd_reverse_decode	109023548	109023554	6	0	0	0	3
tlm_multiply_gcd_reverse_apply	109023554	109023555	1	0	0	0	0
tlm_apply_forward_mod_add_register	109023555	109028443	4888	623	5	366	371
tlm_apply_forward_mod_add_fold	109028443	109029036	593	59	2	59	59
tlm_apply_forward_mod_add_clean	109029036	109029315	279	19	0	20	22
tlm_apply_forward_swap	109029315	109030083	768	256	0	0	0
tlm_apply_forward_fold	109030083	109031679	1596	316	0	51	59
tlm_multiply_gcd_reverse_body	109031679	109036291	4612	715	4	264	267
tlm_multiply_gcd_reverse_decode	109036291	109036297	6	0	0	0	3
tlm_multiply_gcd_reverse_apply	109036297	109036298	1	0	0	0	0
tlm_apply_forward_mod_add_register	109036298	109041186	4888	623	5	366	371
tlm_apply_forward_mod_add_fold	109041186	109041775	589	58	3	58	58
tlm_apply_forward_mod_add_clean	109041775	109042054	279	19	0	20	22
tlm_apply_forward_swap	109042054	109042822	768	256	0	0	0
tlm_apply_forward_fold	109042822	109044422	1600	314	0	52	60
tlm_multiply_gcd_reverse_body	109044422	109049026	4604	717	4	263	266
tlm_multiply_gcd_reverse_decode	109049026	109049190	164	19	0	3	8
tlm_multiply_gcd_reverse_apply	109049190	109049191	1	0	0	0	0
tlm_apply_forward_mod_add_register	109049191	109054079	4888	623	5	366	371
tlm_apply_forward_mod_add_fold	109054079	109054672	593	59	2	59	59
tlm_apply_forward_mod_add_clean	109054672	109054951	279	19	0	20	22
tlm_apply_forward_swap	109054951	109055719	768	256	0	0	0
tlm_apply_forward_fold	109055719	109057315	1596	316	0	51	59
tlm_multiply_gcd_reverse_body	109057315	109061981	4666	724	4	267	270
tlm_multiply_gcd_reverse_decode	109061981	109061987	6	0	0	0	3
tlm_multiply_gcd_reverse_apply	109061987	109061988	1	0	0	0	0
tlm_apply_forward_mod_add_register	109061988	109066876	4888	623	5	366	371
tlm_apply_forward_mod_add_fold	109066876	109067465	589	58	3	58	58
tlm_apply_forward_mod_add_clean	109067465	109067744	279	19	0	20	22
tlm_apply_forward_swap	109067744	109068512	768	256	0	0	0
tlm_apply_forward_fold	109068512	109070112	1600	314	0	52	60
tlm_multiply_gcd_reverse_body	109070112	109074784	4672	727	4	267	270
tlm_multiply_gcd_reverse_decode	109074784	109074790	6	0	0	0	3
tlm_multiply_gcd_reverse_apply	109074790	109074791	1	0	0	0	0
tlm_apply_forward_mod_add_register	109074791	109079679	4888	623	5	366	371
tlm_apply_forward_mod_add_fold	109079679	109080226	547	55	1	55	55
tlm_apply_forward_mod_add_clean	109080226	109080505	279	19	0	20	22
tlm_apply_forward_swap	109080505	109081273	768	256	0	0	0
tlm_apply_forward_fold	109081273	109082882	1609	309	0	54	61
tlm_multiply_gcd_reverse_body	109082882	109087400	4518	716	4	256	259
tlm_multiply_gcd_reverse_decode	109087400	109087564	164	19	0	3	8
tlm_multiply_gcd_reverse_apply	109087564	109087565	1	0	0	0	0
tlm_apply_forward_mod_add_register	109087565	109092453	4888	623	5	366	371
tlm_apply_forward_mod_add_fold	109092453	109093026	573	57	2	57	57
tlm_apply_forward_mod_add_clean	109093026	109093305	279	19	0	20	22
tlm_apply_forward_swap	109093305	109094073	768	256	0	0	0
tlm_apply_forward_fold	109094073	109095673	1600	314	0	52	60
tlm_multiply_gcd_reverse_body	109095673	109100399	4726	736	4	270	273
tlm_multiply_gcd_reverse_decode	109100399	109100405	6	0	0	0	3
tlm_multiply_gcd_reverse_apply	109100405	109100406	1	0	0	0	0
tlm_apply_forward_mod_add_register	109100406	109105294	4888	623	5	366	371
tlm_apply_forward_mod_add_fold	109105294	109105867	573	57	2	57	57
tlm_apply_forward_mod_add_clean	109105867	109106146	279	19	0	20	22
tlm_apply_forward_swap	109106146	109106914	768	256	0	0	0
tlm_apply_forward_fold	109106914	109108515	1601	313	0	52	59
tlm_multiply_gcd_reverse_body	109108515	109113233	4718	738	4	269	272
tlm_multiply_gcd_reverse_decode	109113233	109113239	6	0	0	0	3
tlm_multiply_gcd_reverse_apply	109113239	109113240	1	0	0	0	0
tlm_apply_forward_mod_add_register	109113240	109117815	4575	601	4	344	348
tlm_apply_forward_mod_add_fold	109117815	109118368	553	55	2	55	55
tlm_apply_forward_mod_add_clean	109118368	109118647	279	19	0	20	22
tlm_apply_forward_swap	109118647	109119415	768	256	0	0	0
tlm_apply_forward_fold	109119415	109121032	1617	309	0	55	62
tlm_multiply_gcd_reverse_body	109121032	109125610	4578	728	4	259	262
tlm_multiply_gcd_reverse_decode	109125610	109125774	164	19	0	3	8
tlm_multiply_gcd_reverse_apply	109125774	109125775	1	0	0	0	0
tlm_apply_forward_mod_add_register	109125775	109130663	4888	623	5	366	371
tlm_apply_forward_mod_add_fold	109130663	109131236	573	57	2	57	57
tlm_apply_forward_mod_add_clean	109131236	109131515	279	19	0	20	22
tlm_apply_forward_swap	109131515	109132283	768	256	0	0	0
tlm_apply_forward_fold	109132283	109133884	1601	313	0	52	59
tlm_multiply_gcd_reverse_body	109133884	109138670	4786	748	4	273	276
tlm_multiply_gcd_reverse_decode	109138670	109138676	6	0	0	0	3
tlm_multiply_gcd_reverse_apply	109138676	109138677	1	0	0	0	0
tlm_apply_forward_mod_add_register	109138677	109143565	4888	623	5	366	371
tlm_apply_forward_mod_add_fold	109143565	109144112	547	55	1	55	55
tlm_apply_forward_mod_add_clean	109144112	109144391	279	19	0	20	22
tlm_apply_forward_swap	109144391	109145159	768	256	0	0	0
tlm_apply_forward_fold	109145159	109146764	1605	311	0	53	60
tlm_multiply_gcd_reverse_body	109146764	109151528	4764	749	4	271	274
tlm_multiply_gcd_reverse_decode	109151528	109151534	6	0	0	0	3
tlm_multiply_gcd_reverse_apply	109151534	109151535	1	0	0	0	0
tlm_apply_forward_mod_add_register	109151535	109156423	4888	623	5	366	371
tlm_apply_forward_mod_add_fold	109156423	109156976	553	55	2	55	55
tlm_apply_forward_mod_add_clean	109156976	109157255	279	19	0	20	22
tlm_apply_forward_swap	109157255	109158023	768	256	0	0	0
tlm_apply_forward_fold	109158023	109159632	1609	309	0	54	61
tlm_multiply_gcd_reverse_body	109159632	109164402	4770	752	4	271	274
tlm_multiply_gcd_reverse_decode	109164402	109164566	164	19	0	3	8
tlm_multiply_gcd_reverse_apply	109164566	109164567	1	0	0	0	0
tlm_apply_forward_mod_add_register	109164567	109169142	4575	601	4	344	348
tlm_apply_forward_mod_add_fold	109169142	109169695	553	55	2	55	55
tlm_apply_forward_mod_add_clean	109169695	109169974	279	19	0	20	22
tlm_apply_forward_swap	109169974	109170742	768	256	0	0	0
tlm_apply_forward_fold	109170742	109172359	1617	309	0	55	62
tlm_multiply_gcd_reverse_body	109172359	109177073	4714	748	4	267	270
tlm_multiply_gcd_reverse_decode	109177073	109177079	6	0	0	0	3
tlm_multiply_gcd_reverse_apply	109177079	109177080	1	0	0	0	0
tlm_apply_forward_mod_add_register	109177080	109181968	4888	623	5	366	371
tlm_apply_forward_mod_add_fold	109181968	109182521	553	55	2	55	55
tlm_apply_forward_mod_add_clean	109182521	109182800	279	19	0	20	22
tlm_apply_forward_swap	109182800	109183568	768	256	0	0	0
tlm_apply_forward_fold	109183568	109185177	1609	309	0	54	61
tlm_multiply_gcd_reverse_body	109185177	109190001	4824	761	4	274	277
tlm_multiply_gcd_reverse_decode	109190001	109190007	6	0	0	0	3
tlm_multiply_gcd_reverse_apply	109190007	109190008	1	0	0	0	0
tlm_apply_forward_mod_add_register	109190008	109194896	4888	623	5	366	371
tlm_apply_forward_mod_add_fold	109194896	109195449	553	55	2	55	55
tlm_apply_forward_mod_add_clean	109195449	109195728	279	19	0	20	22
tlm_apply_forward_swap	109195728	109196496	768	256	0	0	0
tlm_apply_forward_fold	109196496	109198101	1605	311	0	53	60
tlm_multiply_gcd_reverse_body	109198101	109203049	4948	775	4	282	285
tlm_multiply_gcd_reverse_decode	109203049	109203213	164	19	0	3	8
tlm_multiply_gcd_reverse_apply	109203213	109203214	1	0	0	0	0
tlm_apply_forward_mod_add_register	109203214	109208102	4888	623	5	366	371
tlm_apply_forward_mod_add_fold	109208102	109208649	547	55	1	55	55
tlm_apply_forward_mod_add_clean	109208649	109208928	279	19	0	20	22
tlm_apply_forward_swap	109208928	109209696	768	256	0	0	0
tlm_apply_forward_fold	109209696	109211297	1601	313	0	52	59
tlm_multiply_gcd_reverse_body	109211297	109216321	5024	783	4	287	290
tlm_multiply_gcd_reverse_decode	109216321	109216327	6	0	0	0	3
tlm_multiply_gcd_reverse_apply	109216327	109216328	1	0	0	0	0
tlm_apply_forward_mod_add_register	109216328	109221216	4888	623	5	366	371
tlm_apply_forward_mod_add_fold	109221216	109221769	553	55	2	55	55
tlm_apply_forward_mod_add_clean	109221769	109222048	279	19	0	20	22
tlm_apply_forward_swap	109222048	109222816	768	256	0	0	0
tlm_apply_forward_fold	109222816	109224421	1605	311	0	53	60
tlm_multiply_gcd_reverse_body	109224421	109229451	5030	786	4	287	290
tlm_multiply_gcd_reverse_decode	109229451	109229457	6	0	0	0	3
tlm_multiply_gcd_reverse_apply	109229457	109229458	1	0	0	0	0
tlm_apply_forward_mod_add_register	109229458	109234346	4888	623	5	366	371
tlm_apply_forward_mod_add_fold	109234346	109234899	553	55	2	55	55
tlm_apply_forward_mod_add_clean	109234899	109235178	279	19	0	20	22
tlm_apply_forward_swap	109235178	109235946	768	256	0	0	0
tlm_apply_forward_fold	109235946	109237555	1609	309	0	54	61
tlm_multiply_gcd_reverse_body	109237555	109242549	4994	786	4	284	287
tlm_multiply_gcd_reverse_decode	109242549	109242713	164	19	0	3	8
tlm_multiply_gcd_reverse_apply	109242713	109242714	1	0	0	0	0
tlm_apply_forward_mod_add_register	109242714	109247602	4888	623	5	366	371
tlm_apply_forward_mod_add_fold	109247602	109248155	553	55	2	55	55
tlm_apply_forward_mod_add_clean	109248155	109248434	279	19	0	20	22
tlm_apply_forward_swap	109248434	109249202	768	256	0	0	0
tlm_apply_forward_fold	109249202	109250807	1605	311	0	53	60
tlm_multiply_gcd_reverse_body	109250807	109255877	5070	794	4	289	292
tlm_multiply_gcd_reverse_decode	109255877	109255883	6	0	0	0	3
tlm_multiply_gcd_reverse_apply	109255883	109255884	1	0	0	0	0
tlm_apply_forward_mod_add_register	109255884	109260772	4888	623	5	366	371
tlm_apply_forward_mod_add_fold	109260772	109261319	547	55	1	55	55
tlm_apply_forward_mod_add_clean	109261319	109261598	279	19	0	20	22
tlm_apply_forward_swap	109261598	109262366	768	256	0	0	0
tlm_apply_forward_fold	109262366	109263967	1601	313	0	52	59
tlm_multiply_gcd_reverse_body	109263967	109269106	5139	804	4	293	297
tlm_multiply_gcd_reverse_decode	109269106	109269112	6	0	0	0	3
tlm_multiply_gcd_reverse_apply	109269112	109269113	1	0	0	0	0
tlm_apply_forward_mod_add_register	109269113	109274001	4888	623	5	366	371
tlm_apply_forward_mod_add_fold	109274001	109274554	553	55	2	55	55
tlm_apply_forward_mod_add_clean	109274554	109274833	279	19	0	20	22
tlm_apply_forward_swap	109274833	109275601	768	256	0	0	0
tlm_apply_forward_fold	109275601	109277206	1605	311	0	53	60
tlm_multiply_gcd_reverse_body	109277206	109282379	5173	809	4	295	299
tlm_multiply_gcd_reverse_decode	109282379	109282543	164	19	0	3	8
tlm_multiply_gcd_reverse_apply	109282543	109282544	1	0	0	0	0
tlm_apply_forward_mod_add_register	109282544	109287432	4888	623	5	366	371
tlm_apply_forward_mod_add_fold	109287432	109287985	553	55	2	55	55
tlm_apply_forward_mod_add_clean	109287985	109288264	279	19	0	20	22
tlm_apply_forward_swap	109288264	109289032	768	256	0	0	0
tlm_apply_forward_fold	109289032	109290641	1609	309	0	54	61
tlm_multiply_gcd_reverse_body	109290641	109295771	5130	806	4	292	295
tlm_multiply_gcd_reverse_decode	109295771	109295777	6	0	0	0	3
tlm_multiply_gcd_reverse_apply	109295777	109295778	1	0	0	0	0
tlm_apply_forward_mod_add_register	109295778	109300353	4575	601	4	344	348
tlm_apply_forward_mod_add_fold	109300353	109300906	553	55	2	55	55
tlm_apply_forward_mod_add_clean	109300906	109301185	279	19	0	20	22
tlm_apply_forward_swap	109301185	109301953	768	256	0	0	0
tlm_apply_forward_fold	109301953	109303570	1617	309	0	55	62
tlm_multiply_gcd_reverse_body	109303570	109308706	5136	809	4	292	295
tlm_multiply_gcd_reverse_decode	109308706	109308712	6	0	0	0	3
tlm_multiply_gcd_reverse_apply	109308712	109308713	1	0	0	0	0
tlm_apply_forward_mod_add_register	109308713	109313288	4575	601	4	344	348
tlm_apply_forward_mod_add_fold	109313288	109313841	553	55	2	55	55
tlm_apply_forward_mod_add_clean	109313841	109314120	279	19	0	20	22
tlm_apply_forward_swap	109314120	109314888	768	256	0	0	0
tlm_apply_forward_fold	109314888	109316505	1617	309	0	55	62
tlm_multiply_gcd_reverse_body	109316505	109321619	5114	810	4	290	293
tlm_multiply_gcd_reverse_decode	109321619	109321783	164	19	0	3	8
tlm_multiply_gcd_reverse_apply	109321783	109321784	1	0	0	0	0
tlm_apply_forward_mod_add_register	109321784	109326359	4575	601	4	344	348
tlm_apply_forward_mod_add_fold	109326359	109326912	553	55	2	55	55
tlm_apply_forward_mod_add_clean	109326912	109327191	279	19	0	20	22
tlm_apply_forward_swap	109327191	109327959	768	256	0	0	0
tlm_apply_forward_fold	109327959	109329576	1617	309	0	55	62
tlm_multiply_gcd_reverse_body	109329576	109334766	5190	818	4	295	298
tlm_multiply_gcd_reverse_decode	109334766	109334772	6	0	0	0	3
tlm_multiply_gcd_reverse_apply	109334772	109334773	1	0	0	0	0
tlm_apply_forward_mod_add_register	109334773	109339348	4575	601	4	344	348
tlm_apply_forward_mod_add_fold	109339348	109339901	553	55	2	55	55
tlm_apply_forward_mod_add_clean	109339901	109340180	279	19	0	20	22
tlm_apply_forward_swap	109340180	109340948	768	256	0	0	0
tlm_apply_forward_fold	109340948	109342565	1617	309	0	55	62
tlm_multiply_gcd_reverse_body	109342565	109347747	5182	820	4	294	297
tlm_multiply_gcd_reverse_decode	109347747	109347753	6	0	0	0	3
tlm_multiply_gcd_reverse_apply	109347753	109347754	1	0	0	0	0
tlm_apply_forward_mod_add_register	109347754	109352329	4575	601	4	344	348
tlm_apply_forward_mod_add_fold	109352329	109352882	553	55	2	55	55
tlm_apply_forward_mod_add_clean	109352882	109353161	279	19	0	20	22
tlm_apply_forward_swap	109353161	109353929	768	256	0	0	0
tlm_apply_forward_fold	109353929	109355546	1617	309	0	55	62
tlm_multiply_gcd_reverse_body	109355546	109360720	5174	822	4	293	296
tlm_multiply_gcd_reverse_decode	109360720	109360884	164	19	0	3	8
tlm_multiply_gcd_reverse_apply	109360884	109360885	1	0	0	0	0
tlm_apply_forward_mod_add_register	109360885	109365460	4575	601	4	344	348
tlm_apply_forward_mod_add_fold	109365460	109366013	553	55	2	55	55
tlm_apply_forward_mod_add_clean	109366013	109366292	279	19	0	20	22
tlm_apply_forward_swap	109366292	109367060	768	256	0	0	0
tlm_apply_forward_fold	109367060	109368677	1617	309	0	55	62
tlm_multiply_gcd_reverse_body	109368677	109373927	5250	830	4	298	301
tlm_multiply_gcd_reverse_decode	109373927	109373933	6	0	0	0	3
tlm_multiply_gcd_reverse_apply	109373933	109373934	1	0	0	0	0
tlm_apply_forward_mod_add_register	109373934	109378509	4575	601	4	344	348
tlm_apply_forward_mod_add_fold	109378509	109379062	553	55	2	55	55
tlm_apply_forward_mod_add_clean	109379062	109379341	279	19	0	20	22
tlm_apply_forward_swap	109379341	109380109	768	256	0	0	0
tlm_apply_forward_fold	109380109	109381726	1617	309	0	55	62
tlm_multiply_gcd_reverse_body	109381726	109386968	5242	832	4	297	300
tlm_multiply_gcd_reverse_decode	109386968	109386974	6	0	0	0	3
tlm_multiply_gcd_reverse_apply	109386974	109386975	1	0	0	0	0
tlm_apply_forward_mod_add_register	109386975	109391550	4575	601	4	344	348
tlm_apply_forward_mod_add_fold	109391550	109392103	553	55	2	55	55
tlm_apply_forward_mod_add_clean	109392103	109392382	279	19	0	20	22
tlm_apply_forward_swap	109392382	109393150	768	256	0	0	0
tlm_apply_forward_fold	109393150	109394767	1617	309	0	55	62
tlm_multiply_gcd_reverse_body	109394767	109399987	5220	833	4	295	298
tlm_multiply_gcd_reverse_decode	109399987	109400151	164	19	0	3	8
tlm_multiply_gcd_reverse_apply	109400151	109400152	1	0	0	0	0
tlm_apply_forward_mod_add_register	109400152	109404727	4575	601	4	344	348
tlm_apply_forward_mod_add_fold	109404727	109405280	553	55	2	55	55
tlm_apply_forward_mod_add_clean	109405280	109405559	279	19	0	20	22
tlm_apply_forward_swap	109405559	109406327	768	256	0	0	0
tlm_apply_forward_fold	109406327	109407944	1617	309	0	55	62
tlm_multiply_gcd_reverse_body	109407944	109413240	5296	841	4	300	303
tlm_multiply_gcd_reverse_decode	109413240	109413246	6	0	0	0	3
tlm_multiply_gcd_reverse_apply	109413246	109413247	1	0	0	0	0
tlm_apply_forward_mod_add_register	109413247	109417822	4575	601	4	344	348
tlm_apply_forward_mod_add_fold	109417822	109418375	553	55	2	55	55
tlm_apply_forward_mod_add_clean	109418375	109418654	279	19	0	20	22
tlm_apply_forward_swap	109418654	109419422	768	256	0	0	0
tlm_apply_forward_fold	109419422	109421039	1617	309	0	55	62
tlm_multiply_gcd_reverse_body	109421039	109426355	5316	845	4	301	304
tlm_multiply_gcd_reverse_decode	109426355	109426361	6	0	0	0	3
tlm_multiply_gcd_reverse_apply	109426361	109426362	1	0	0	0	0
tlm_apply_forward_mod_add_register	109426362	109430937	4575	601	4	344	348
tlm_apply_forward_mod_add_fold	109430937	109431490	553	55	2	55	55
tlm_apply_forward_mod_add_clean	109431490	109431769	279	19	0	20	22
tlm_apply_forward_swap	109431769	109432537	768	256	0	0	0
tlm_apply_forward_fold	109432537	109434154	1617	309	0	55	62
tlm_multiply_gcd_reverse_body	109434154	109439448	5294	846	4	299	302
tlm_multiply_gcd_reverse_decode	109439448	109439612	164	19	0	3	8
tlm_multiply_gcd_reverse_apply	109439612	109439613	1	0	0	0	0
tlm_apply_forward_mod_add_register	109439613	109444188	4575	601	4	344	348
tlm_apply_forward_mod_add_fold	109444188	109444741	553	55	2	55	55
tlm_apply_forward_mod_add_clean	109444741	109445020	279	19	0	20	22
tlm_apply_forward_swap	109445020	109445788	768	256	0	0	0
tlm_apply_forward_fold	109445788	109447405	1617	309	0	55	62
tlm_multiply_gcd_reverse_body	109447405	109452775	5370	854	4	304	307
tlm_multiply_gcd_reverse_decode	109452775	109452781	6	0	0	0	3
tlm_multiply_gcd_reverse_apply	109452781	109452782	1	0	0	0	0
tlm_apply_forward_mod_add_register	109452782	109457357	4575	601	4	344	348
tlm_apply_forward_mod_add_fold	109457357	109457910	553	55	2	55	55
tlm_apply_forward_mod_add_clean	109457910	109458189	279	19	0	20	22
tlm_apply_forward_swap	109458189	109458957	768	256	0	0	0
tlm_apply_forward_fold	109458957	109460574	1617	309	0	55	62
tlm_multiply_gcd_reverse_body	109460574	109465922	5348	855	4	302	305
tlm_multiply_gcd_reverse_decode	109465922	109465928	6	0	0	0	3
tlm_multiply_gcd_reverse_apply	109465928	109465929	1	0	0	0	0
tlm_apply_forward_mod_add_register	109465929	109470504	4575	601	4	344	348
tlm_apply_forward_mod_add_fold	109470504	109471057	553	55	2	55	55
tlm_apply_forward_mod_add_clean	109471057	109471336	279	19	0	20	22
tlm_apply_forward_swap	109471336	109472104	768	256	0	0	0
tlm_apply_forward_fold	109472104	109473721	1617	309	0	55	62
tlm_multiply_gcd_reverse_body	109473721	109479061	5340	857	4	301	304
tlm_multiply_gcd_reverse_decode	109479061	109479225	164	19	0	3	8
tlm_multiply_gcd_reverse_apply	109479225	109479226	1	0	0	0	0
tlm_apply_forward_mod_add_register	109479226	109483801	4575	601	4	344	348
tlm_apply_forward_mod_add_fold	109483801	109484354	553	55	2	55	55
tlm_apply_forward_mod_add_clean	109484354	109484633	279	19	0	20	22
tlm_apply_forward_swap	109484633	109485401	768	256	0	0	0
tlm_apply_forward_fold	109485401	109487018	1617	309	0	55	62
tlm_multiply_gcd_reverse_body	109487018	109492420	5402	864	4	305	308
tlm_multiply_gcd_reverse_decode	109492420	109492426	6	0	0	0	3
tlm_multiply_gcd_reverse_apply	109492426	109492427	1	0	0	0	0
tlm_apply_forward_mod_add_register	109492427	109497002	4575	601	4	344	348
tlm_apply_forward_mod_add_fold	109497002	109497555	553	55	2	55	55
tlm_apply_forward_mod_add_clean	109497555	109497834	279	19	0	20	22
tlm_apply_forward_swap	109497834	109498602	768	256	0	0	0
tlm_apply_forward_fold	109498602	109500219	1617	309	0	55	62
tlm_multiply_gcd_reverse_body	109500219	109505627	5408	867	4	305	308
tlm_multiply_gcd_reverse_decode	109505627	109505633	6	0	0	0	3
tlm_multiply_gcd_reverse_apply	109505633	109505634	1	0	0	0	0
tlm_apply_forward_mod_add_register	109505634	109510209	4575	601	4	344	348
tlm_apply_forward_mod_add_fold	109510209	109510762	553	55	2	55	55
tlm_apply_forward_mod_add_clean	109510762	109511041	279	19	0	20	22
tlm_apply_forward_swap	109511041	109511809	768	256	0	0	0
tlm_apply_forward_fold	109511809	109513426	1617	309	0	55	62
tlm_multiply_gcd_reverse_body	109513426	109518840	5414	870	4	305	308
tlm_multiply_gcd_reverse_decode	109518840	109519004	164	19	0	3	8
tlm_multiply_gcd_reverse_apply	109519004	109519005	1	0	0	0	0
tlm_apply_forward_mod_add_register	109519005	109523580	4575	601	4	344	348
tlm_apply_forward_mod_add_fold	109523580	109524133	553	55	2	55	55
tlm_apply_forward_mod_add_clean	109524133	109524412	279	19	0	20	22
tlm_apply_forward_swap	109524412	109525180	768	256	0	0	0
tlm_apply_forward_fold	109525180	109526797	1617	309	0	55	62
tlm_multiply_gcd_reverse_body	109526797	109532273	5476	877	4	309	312
tlm_multiply_gcd_reverse_decode	109532273	109532279	6	0	0	0	3
tlm_multiply_gcd_reverse_apply	109532279	109532280	1	0	0	0	0
tlm_apply_forward_mod_add_register	109532280	109536855	4575	601	4	344	348
tlm_apply_forward_mod_add_fold	109536855	109537408	553	55	2	55	55
tlm_apply_forward_mod_add_clean	109537408	109537687	279	19	0	20	22
tlm_apply_forward_swap	109537687	109538455	768	256	0	0	0
tlm_apply_forward_fold	109538455	109540072	1617	309	0	55	62
tlm_multiply_gcd_reverse_body	109540072	109545540	5468	879	4	308	311
tlm_multiply_gcd_reverse_decode	109545540	109545546	6	0	0	0	3
tlm_multiply_gcd_reverse_apply	109545546	109545547	1	0	0	0	0
tlm_apply_forward_mod_add_register	109545547	109550122	4575	601	4	344	348
tlm_apply_forward_mod_add_fold	109550122	109550675	553	55	2	55	55
tlm_apply_forward_mod_add_clean	109550675	109550954	279	19	0	20	22
tlm_apply_forward_swap	109550954	109551722	768	256	0	0	0
tlm_apply_forward_fold	109551722	109553339	1617	309	0	55	62
tlm_multiply_gcd_reverse_body	109553339	109558785	5446	880	4	306	309
tlm_multiply_gcd_reverse_decode	109558785	109558949	164	19	0	3	8
tlm_multiply_gcd_reverse_apply	109558949	109558950	1	0	0	0	0
tlm_apply_forward_mod_add_register	109558950	109563525	4575	601	4	344	348
tlm_apply_forward_mod_add_fold	109563525	109564078	553	55	2	55	55
tlm_apply_forward_mod_add_clean	109564078	109564357	279	19	0	20	22
tlm_apply_forward_swap	109564357	109565125	768	256	0	0	0
tlm_apply_forward_fold	109565125	109566742	1617	309	0	55	62
tlm_multiply_gcd_reverse_body	109566742	109572264	5522	888	4	311	314
tlm_multiply_gcd_reverse_decode	109572264	109572270	6	0	0	0	3
tlm_multiply_gcd_reverse_apply	109572270	109572271	1	0	0	0	0
tlm_apply_forward_mod_add_register	109572271	109576846	4575	601	4	344	348
tlm_apply_forward_mod_add_fold	109576846	109577399	553	55	2	55	55
tlm_apply_forward_mod_add_clean	109577399	109577678	279	19	0	20	22
tlm_apply_forward_swap	109577678	109578446	768	256	0	0	0
tlm_apply_forward_fold	109578446	109580063	1617	309	0	55	62
tlm_multiply_gcd_reverse_body	109580063	109585577	5514	890	4	310	313
tlm_multiply_gcd_reverse_decode	109585577	109585583	6	0	0	0	3
tlm_multiply_gcd_reverse_apply	109585583	109585584	1	0	0	0	0
tlm_apply_forward_mod_add_register	109585584	109590159	4575	601	4	344	348
tlm_apply_forward_mod_add_fold	109590159	109590712	553	55	2	55	55
tlm_apply_forward_mod_add_clean	109590712	109590991	279	19	0	20	22
tlm_apply_forward_swap	109590991	109591759	768	256	0	0	0
tlm_apply_forward_fold	109591759	109593376	1617	309	0	55	62
tlm_multiply_gcd_reverse_body	109593376	109598882	5506	892	4	309	312
tlm_multiply_gcd_reverse_decode	109598882	109599046	164	19	0	3	8
tlm_multiply_gcd_reverse_apply	109599046	109599047	1	0	0	0	0
tlm_apply_forward_mod_add_register	109599047	109603622	4575	601	4	344	348
tlm_apply_forward_mod_add_fold	109603622	109604175	553	55	2	55	55
tlm_apply_forward_mod_add_clean	109604175	109604454	279	19	0	20	22
tlm_apply_forward_swap	109604454	109605222	768	256	0	0	0
tlm_apply_forward_fold	109605222	109606839	1617	309	0	55	62
tlm_multiply_gcd_reverse_body	109606839	109612421	5582	900	4	314	317
tlm_multiply_gcd_reverse_decode	109612421	109612427	6	0	0	0	3
tlm_multiply_gcd_reverse_apply	109612427	109612428	1	0	0	0	0
tlm_apply_forward_mod_add_register	109612428	109617003	4575	601	4	344	348
tlm_apply_forward_mod_add_fold	109617003	109617556	553	55	2	55	55
tlm_apply_forward_mod_add_clean	109617556	109617835	279	19	0	20	22
tlm_apply_forward_swap	109617835	109618603	768	256	0	0	0
tlm_apply_forward_fold	109618603	109620220	1617	309	0	55	62
tlm_multiply_gcd_reverse_body	109620220	109625794	5574	902	4	313	316
tlm_multiply_gcd_reverse_decode	109625794	109625800	6	0	0	0	3
tlm_multiply_gcd_reverse_apply	109625800	109625801	1	0	0	0	0
tlm_apply_forward_mod_add_register	109625801	109630376	4575	601	4	344	348
tlm_apply_forward_mod_add_fold	109630376	109630929	553	55	2	55	55
tlm_apply_forward_mod_add_clean	109630929	109631208	279	19	0	20	22
tlm_apply_forward_swap	109631208	109631976	768	256	0	0	0
tlm_apply_forward_fold	109631976	109633593	1617	309	0	55	62
tlm_multiply_gcd_reverse_body	109633593	109639145	5552	903	4	311	314
tlm_multiply_gcd_reverse_decode	109639145	109639309	164	19	0	3	8
tlm_multiply_gcd_reverse_apply	109639309	109639310	1	0	0	0	0
tlm_apply_forward_mod_add_register	109639310	109643885	4575	601	4	344	348
tlm_apply_forward_mod_add_fold	109643885	109644438	553	55	2	55	55
tlm_apply_forward_mod_add_clean	109644438	109644717	279	19	0	20	22
tlm_apply_forward_swap	109644717	109645485	768	256	0	0	0
tlm_apply_forward_fold	109645485	109647102	1617	309	0	55	62
tlm_multiply_gcd_reverse_body	109647102	109652730	5628	911	4	316	319
tlm_multiply_gcd_reverse_decode	109652730	109652736	6	0	0	0	3
tlm_multiply_gcd_reverse_apply	109652736	109652737	1	0	0	0	0
tlm_apply_forward_mod_add_register	109652737	109657312	4575	601	4	344	348
tlm_apply_forward_mod_add_fold	109657312	109657865	553	55	2	55	55
tlm_apply_forward_mod_add_clean	109657865	109658144	279	19	0	20	22
tlm_apply_forward_swap	109658144	109658912	768	256	0	0	0
tlm_apply_forward_fold	109658912	109660529	1617	309	0	55	62
tlm_multiply_gcd_reverse_body	109660529	109666149	5620	913	4	315	318
tlm_multiply_gcd_reverse_decode	109666149	109666155	6	0	0	0	3
tlm_multiply_gcd_reverse_apply	109666155	109666156	1	0	0	0	0
tlm_apply_forward_mod_add_register	109666156	109670731	4575	601	4	344	348
tlm_apply_forward_mod_add_fold	109670731	109671284	553	55	2	55	55
tlm_apply_forward_mod_add_clean	109671284	109671563	279	19	0	20	22
tlm_apply_forward_swap	109671563	109672331	768	256	0	0	0
tlm_apply_forward_fold	109672331	109673948	1617	309	0	55	62
tlm_multiply_gcd_reverse_body	109673948	109679560	5612	915	4	314	317
tlm_multiply_gcd_reverse_decode	109679560	109679724	164	19	0	3	8
tlm_multiply_gcd_reverse_apply	109679724	109679725	1	0	0	0	0
tlm_apply_forward_mod_add_register	109679725	109684300	4575	601	4	344	348
tlm_apply_forward_mod_add_fold	109684300	109684853	553	55	2	55	55
tlm_apply_forward_mod_add_clean	109684853	109685132	279	19	0	20	22
tlm_apply_forward_swap	109685132	109685900	768	256	0	0	0
tlm_apply_forward_fold	109685900	109687517	1617	309	0	55	62
tlm_multiply_gcd_reverse_body	109687517	109693205	5688	923	4	319	322
tlm_multiply_gcd_reverse_decode	109693205	109693211	6	0	0	0	3
tlm_multiply_gcd_reverse_apply	109693211	109693212	1	0	0	0	0
tlm_apply_forward_mod_add_register	109693212	109697787	4575	601	4	344	348
tlm_apply_forward_mod_add_fold	109697787	109698340	553	55	2	55	55
tlm_apply_forward_mod_add_clean	109698340	109698619	279	19	0	20	22
tlm_apply_forward_swap	109698619	109699387	768	256	0	0	0
tlm_apply_forward_fold	109699387	109701004	1617	309	0	55	62
tlm_multiply_gcd_reverse_body	109701004	109706684	5680	925	4	318	321
tlm_multiply_gcd_reverse_decode	109706684	109706690	6	0	0	0	3
tlm_multiply_gcd_reverse_apply	109706690	109706691	1	0	0	0	0
tlm_apply_forward_mod_add_register	109706691	109710953	4262	579	3	322	325
tlm_apply_forward_mod_add_fold	109710953	109711506	553	55	2	55	55
tlm_apply_forward_mod_add_clean	109711506	109711785	279	19	0	20	22
tlm_apply_forward_swap	109711785	109712553	768	256	0	0	0
tlm_apply_forward_fold	109712553	109714170	1617	309	0	55	62
tlm_multiply_gcd_reverse_body	109714170	109719842	5672	927	4	317	320
tlm_multiply_gcd_reverse_decode	109719842	109720006	164	19	0	3	8
tlm_multiply_gcd_reverse_apply	109720006	109720007	1	0	0	0	0
tlm_apply_forward_mod_add_register	109720007	109724582	4575	601	4	344	348
tlm_apply_forward_mod_add_fold	109724582	109725135	553	55	2	55	55
tlm_apply_forward_mod_add_clean	109725135	109725414	279	19	0	20	22
tlm_apply_forward_swap	109725414	109726182	768	256	0	0	0
tlm_apply_forward_fold	109726182	109727799	1617	309	0	55	62
tlm_multiply_gcd_reverse_body	109727799	109733547	5748	935	4	322	325
tlm_multiply_gcd_reverse_decode	109733547	109733553	6	0	0	0	3
tlm_multiply_gcd_reverse_apply	109733553	109733554	1	0	0	0	0
tlm_apply_forward_mod_add_register	109733554	109737816	4262	579	3	322	325
tlm_apply_forward_mod_add_fold	109737816	109738369	553	55	2	55	55
tlm_apply_forward_mod_add_clean	109738369	109738648	279	19	0	20	22
tlm_apply_forward_swap	109738648	109739416	768	256	0	0	0
tlm_apply_forward_fold	109739416	109741033	1617	309	0	55	62
tlm_multiply_gcd_reverse_body	109741033	109746773	5740	937	4	321	324
tlm_multiply_gcd_reverse_decode	109746773	109746779	6	0	0	0	3
tlm_multiply_gcd_reverse_apply	109746779	109746780	1	0	0	0	0
tlm_apply_forward_mod_add_register	109746780	109751042	4262	579	3	322	325
tlm_apply_forward_mod_add_fold	109751042	109751595	553	55	2	55	55
tlm_apply_forward_mod_add_clean	109751595	109751874	279	19	0	20	22
tlm_apply_forward_swap	109751874	109752642	768	256	0	0	0
tlm_apply_forward_fold	109752642	109754259	1617	309	0	55	62
tlm_multiply_gcd_reverse_body	109754259	109759991	5732	939	4	320	323
tlm_multiply_gcd_reverse_decode	109759991	109760155	164	19	0	3	8
tlm_multiply_gcd_reverse_apply	109760155	109760156	1	0	0	0	0
tlm_apply_forward_mod_add_register	109760156	109764418	4262	579	3	322	325
tlm_apply_forward_mod_add_fold	109764418	109764971	553	55	2	55	55
tlm_apply_forward_mod_add_clean	109764971	109765250	279	19	0	20	22
tlm_apply_forward_swap	109765250	109766018	768	256	0	0	0
tlm_apply_forward_fold	109766018	109767635	1617	309	0	55	62
tlm_multiply_gcd_reverse_body	109767635	109773443	5808	947	4	325	328
tlm_multiply_gcd_reverse_decode	109773443	109773449	6	0	0	0	3
tlm_multiply_gcd_reverse_apply	109773449	109773450	1	0	0	0	0
tlm_apply_forward_mod_add_register	109773450	109777712	4262	579	3	322	325
tlm_apply_forward_mod_add_fold	109777712	109778265	553	55	2	55	55
tlm_apply_forward_mod_add_clean	109778265	109778544	279	19	0	20	22
tlm_apply_forward_swap	109778544	109779312	768	256	0	0	0
tlm_apply_forward_fold	109779312	109780929	1617	309	0	55	62
tlm_multiply_gcd_reverse_body	109780929	109786729	5800	949	4	324	327
tlm_multiply_gcd_reverse_decode	109786729	109786735	6	0	0	0	3
tlm_multiply_gcd_reverse_apply	109786735	109786736	1	0	0	0	0
tlm_apply_forward_mod_add_register	109786736	109790998	4262	579	3	322	325
tlm_apply_forward_mod_add_fold	109790998	109791551	553	55	2	55	55
tlm_apply_forward_mod_add_clean	109791551	109791830	279	19	0	20	22
tlm_apply_forward_swap	109791830	109792598	768	256	0	0	0
tlm_apply_forward_fold	109792598	109794215	1617	309	0	55	62
tlm_multiply_gcd_reverse_body	109794215	109799993	5778	950	4	322	325
tlm_multiply_gcd_reverse_decode	109799993	109800157	164	19	0	3	8
tlm_multiply_gcd_reverse_apply	109800157	109800158	1	0	0	0	0
tlm_apply_forward_mod_add_register	109800158	109804420	4262	579	3	322	325
tlm_apply_forward_mod_add_fold	109804420	109804973	553	55	2	55	55
tlm_apply_forward_mod_add_clean	109804973	109805252	279	19	0	20	22
tlm_apply_forward_swap	109805252	109806020	768	256	0	0	0
tlm_apply_forward_fold	109806020	109807637	1617	309	0	55	62
tlm_multiply_gcd_reverse_body	109807637	109813491	5854	958	4	327	330
tlm_multiply_gcd_reverse_decode	109813491	109813497	6	0	0	0	3
tlm_multiply_gcd_reverse_apply	109813497	109813498	1	0	0	0	0
tlm_apply_forward_mod_add_register	109813498	109817760	4262	579	3	322	325
tlm_apply_forward_mod_add_fold	109817760	109818313	553	55	2	55	55
tlm_apply_forward_mod_add_clean	109818313	109818592	279	19	0	20	22
tlm_apply_forward_swap	109818592	109819360	768	256	0	0	0
tlm_apply_forward_fold	109819360	109820977	1617	309	0	55	62
tlm_multiply_gcd_reverse_body	109820977	109826823	5846	960	4	326	329
tlm_multiply_gcd_reverse_decode	109826823	109826829	6	0	0	0	3
tlm_multiply_gcd_reverse_apply	109826829	109826830	1	0	0	0	0
tlm_apply_forward_mod_add_register	109826830	109831092	4262	579	3	322	325
tlm_apply_forward_mod_add_fold	109831092	109831645	553	55	2	55	55
tlm_apply_forward_mod_add_clean	109831645	109831924	279	19	0	20	22
tlm_apply_forward_swap	109831924	109832692	768	256	0	0	0
tlm_apply_forward_fold	109832692	109834309	1617	309	0	55	62
tlm_multiply_gcd_reverse_body	109834309	109840147	5838	962	4	325	328
tlm_multiply_gcd_reverse_decode	109840147	109840311	164	19	0	3	8
tlm_multiply_gcd_reverse_apply	109840311	109840312	1	0	0	0	0
tlm_apply_forward_mod_add_register	109840312	109844574	4262	579	3	322	325
tlm_apply_forward_mod_add_fold	109844574	109845127	553	55	2	55	55
tlm_apply_forward_mod_add_clean	109845127	109845406	279	19	0	20	22
tlm_apply_forward_swap	109845406	109846174	768	256	0	0	0
tlm_apply_forward_fold	109846174	109847791	1617	309	0	55	62
tlm_multiply_gcd_reverse_body	109847791	109853705	5914	970	4	330	333
tlm_multiply_gcd_reverse_decode	109853705	109853711	6	0	0	0	3
tlm_multiply_gcd_reverse_apply	109853711	109853712	1	0	0	0	0
tlm_apply_forward_mod_add_register	109853712	109857974	4262	579	3	322	325
tlm_apply_forward_mod_add_fold	109857974	109858527	553	55	2	55	55
tlm_apply_forward_mod_add_clean	109858527	109858806	279	19	0	20	22
tlm_apply_forward_swap	109858806	109859574	768	256	0	0	0
tlm_apply_forward_fold	109859574	109861191	1617	309	0	55	62
tlm_multiply_gcd_reverse_body	109861191	109867097	5906	972	4	329	332
tlm_multiply_gcd_reverse_decode	109867097	109867103	6	0	0	0	3
tlm_multiply_gcd_reverse_apply	109867103	109867104	1	0	0	0	0
tlm_apply_forward_mod_add_register	109867104	109871366	4262	579	3	322	325
tlm_apply_forward_mod_add_fold	109871366	109871919	553	55	2	55	55
tlm_apply_forward_mod_add_clean	109871919	109872198	279	19	0	20	22
tlm_apply_forward_swap	109872198	109872966	768	256	0	0	0
tlm_apply_forward_fold	109872966	109874583	1617	309	0	55	62
tlm_multiply_gcd_reverse_body	109874583	109880467	5884	973	4	327	330
tlm_multiply_gcd_reverse_decode	109880467	109880631	164	19	0	3	8
tlm_multiply_gcd_reverse_apply	109880631	109880632	1	0	0	0	0
tlm_apply_forward_mod_add_register	109880632	109884894	4262	579	3	322	325
tlm_apply_forward_mod_add_fold	109884894	109885447	553	55	2	55	55
tlm_apply_forward_mod_add_clean	109885447	109885726	279	19	0	20	22
tlm_apply_forward_swap	109885726	109886494	768	256	0	0	0
tlm_apply_forward_fold	109886494	109888111	1617	309	0	55	62
tlm_multiply_gcd_reverse_body	109888111	109894085	5974	982	4	333	336
tlm_multiply_gcd_reverse_decode	109894085	109894091	6	0	0	0	3
tlm_multiply_gcd_reverse_apply	109894091	109894092	1	0	0	0	0
tlm_apply_forward_mod_add_register	109894092	109898354	4262	579	3	322	325
tlm_apply_forward_mod_add_fold	109898354	109898907	553	55	2	55	55
tlm_apply_forward_mod_add_clean	109898907	109899186	279	19	0	20	22
tlm_apply_forward_swap	109899186	109899954	768	256	0	0	0
tlm_apply_forward_fold	109899954	109901571	1617	309	0	55	62
tlm_multiply_gcd_reverse_body	109901571	109907523	5952	983	4	331	334
tlm_multiply_gcd_reverse_decode	109907523	109907529	6	0	0	0	3
tlm_multiply_gcd_reverse_apply	109907529	109907530	1	0	0	0	0
tlm_apply_forward_mod_add_register	109907530	109911792	4262	579	3	322	325
tlm_apply_forward_mod_add_fold	109911792	109912345	553	55	2	55	55
tlm_apply_forward_mod_add_clean	109912345	109912624	279	19	0	20	22
tlm_apply_forward_swap	109912624	109913392	768	256	0	0	0
tlm_apply_forward_fold	109913392	109915009	1617	309	0	55	62
tlm_multiply_gcd_reverse_body	109915009	109920967	5958	986	4	331	334
tlm_multiply_gcd_reverse_decode	109920967	109921131	164	19	0	3	8
tlm_multiply_gcd_reverse_apply	109921131	109921132	1	0	0	0	0
tlm_apply_forward_mod_add_register	109921132	109925394	4262	579	3	322	325
tlm_apply_forward_mod_add_fold	109925394	109925947	553	55	2	55	55
tlm_apply_forward_mod_add_clean	109925947	109926226	279	19	0	20	22
tlm_apply_forward_swap	109926226	109926994	768	256	0	0	0
tlm_apply_forward_fold	109926994	109928611	1617	309	0	55	62
tlm_multiply_gcd_reverse_body	109928611	109934631	6020	993	4	335	338
tlm_multiply_gcd_reverse_decode	109934631	109934637	6	0	0	0	3
tlm_multiply_gcd_reverse_apply	109934637	109934638	1	0	0	0	0
tlm_apply_forward_mod_add_register	109934638	109938900	4262	579	3	322	325
tlm_apply_forward_mod_add_fold	109938900	109939453	553	55	2	55	55
tlm_apply_forward_mod_add_clean	109939453	109939732	279	19	0	20	22
tlm_apply_forward_swap	109939732	109940500	768	256	0	0	0
tlm_apply_forward_fold	109940500	109942117	1617	309	0	55	62
tlm_multiply_gcd_reverse_body	109942117	109948129	6012	995	4	334	337
tlm_multiply_gcd_reverse_decode	109948129	109948135	6	0	0	0	3
tlm_multiply_gcd_reverse_apply	109948135	109948136	1	0	0	0	0
tlm_apply_forward_mod_add_register	109948136	109952398	4262	579	3	322	325
tlm_apply_forward_mod_add_fold	109952398	109952951	553	55	2	55	55
tlm_apply_forward_mod_add_clean	109952951	109953230	279	19	0	20	22
tlm_apply_forward_swap	109953230	109953998	768	256	0	0	0
tlm_apply_forward_fold	109953998	109955615	1617	309	0	55	62
tlm_multiply_gcd_reverse_body	109955615	109961619	6004	997	4	333	336
tlm_multiply_gcd_reverse_decode	109961619	109961783	164	19	0	3	8
tlm_multiply_gcd_reverse_apply	109961783	109961784	1	0	0	0	0
tlm_apply_forward_mod_add_register	109961784	109966046	4262	579	3	322	325
tlm_apply_forward_mod_add_fold	109966046	109966599	553	55	2	55	55
tlm_apply_forward_mod_add_clean	109966599	109966878	279	19	0	20	22
tlm_apply_forward_swap	109966878	109967646	768	256	0	0	0
tlm_apply_forward_fold	109967646	109969263	1617	309	0	55	62
tlm_multiply_gcd_reverse_body	109969263	109975343	6080	1005	4	338	341
tlm_multiply_gcd_reverse_decode	109975343	109975349	6	0	0	0	3
tlm_multiply_gcd_reverse_apply	109975349	109975350	1	0	0	0	0
tlm_apply_forward_mod_add_register	109975350	109979612	4262	579	3	322	325
tlm_apply_forward_mod_add_fold	109979612	109980165	553	55	2	55	55
tlm_apply_forward_mod_add_clean	109980165	109980444	279	19	0	20	22
tlm_apply_forward_swap	109980444	109981212	768	256	0	0	0
tlm_apply_forward_fold	109981212	109982829	1617	309	0	55	62
tlm_multiply_gcd_reverse_body	109982829	109988887	6058	1006	4	336	339
tlm_multiply_gcd_reverse_decode	109988887	109988893	6	0	0	0	3
tlm_multiply_gcd_reverse_apply	109988893	109988894	1	0	0	0	0
tlm_apply_forward_mod_add_register	109988894	109993156	4262	579	3	322	325
tlm_apply_forward_mod_add_fold	109993156	109993709	553	55	2	55	55
tlm_apply_forward_mod_add_clean	109993709	109993988	279	19	0	20	22
tlm_apply_forward_swap	109993988	109994756	768	256	0	0	0
tlm_apply_forward_fold	109994756	109996373	1617	309	0	55	62
tlm_multiply_gcd_reverse_body	109996373	110002437	6064	1009	4	336	339
tlm_multiply_gcd_reverse_decode	110002437	110002601	164	19	0	3	8
tlm_multiply_gcd_reverse_apply	110002601	110002602	1	0	0	0	0
tlm_apply_forward_mod_add_register	110002602	110006864	4262	579	3	322	325
tlm_apply_forward_mod_add_fold	110006864	110007417	553	55	2	55	55
tlm_apply_forward_mod_add_clean	110007417	110007696	279	19	0	20	22
tlm_apply_forward_swap	110007696	110008464	768	256	0	0	0
tlm_apply_forward_fold	110008464	110010081	1617	309	0	55	62
tlm_multiply_gcd_reverse_body	110010081	110016221	6140	1017	4	341	344
tlm_multiply_gcd_reverse_decode	110016221	110016227	6	0	0	0	3
tlm_multiply_gcd_reverse_apply	110016227	110016228	1	0	0	0	0
tlm_apply_forward_mod_add_register	110016228	110020490	4262	579	3	322	325
tlm_apply_forward_mod_add_fold	110020490	110021043	553	55	2	55	55
tlm_apply_forward_mod_add_clean	110021043	110021322	279	19	0	20	22
tlm_apply_forward_swap	110021322	110022090	768	256	0	0	0
tlm_apply_forward_fold	110022090	110023707	1617	309	0	55	62
tlm_multiply_gcd_reverse_body	110023707	110029839	6132	1019	4	340	343
tlm_multiply_gcd_reverse_decode	110029839	110029845	6	0	0	0	3
tlm_multiply_gcd_reverse_apply	110029845	110029846	1	0	0	0	0
tlm_apply_forward_mod_add_register	110029846	110034108	4262	579	3	322	325
tlm_apply_forward_mod_add_fold	110034108	110034661	553	55	2	55	55
tlm_apply_forward_mod_add_clean	110034661	110034940	279	19	0	20	22
tlm_apply_forward_swap	110034940	110035708	768	256	0	0	0
tlm_apply_forward_fold	110035708	110037325	1617	309	0	55	62
tlm_multiply_gcd_reverse_body	110037325	110043435	6110	1020	4	338	341
tlm_multiply_gcd_reverse_decode	110043435	110043599	164	19	0	3	8
tlm_multiply_gcd_reverse_apply	110043599	110043600	1	0	0	0	0
tlm_apply_forward_mod_add_register	110043600	110047862	4262	579	3	322	325
tlm_apply_forward_mod_add_fold	110047862	110048415	553	55	2	55	55
tlm_apply_forward_mod_add_clean	110048415	110048694	279	19	0	20	22
tlm_apply_forward_swap	110048694	110049462	768	256	0	0	0
tlm_apply_forward_fold	110049462	110051079	1617	309	0	55	62
tlm_multiply_gcd_reverse_body	110051079	110057279	6200	1029	4	344	347
tlm_multiply_gcd_reverse_decode	110057279	110057285	6	0	0	0	3
tlm_multiply_gcd_reverse_apply	110057285	110057286	1	0	0	0	0
tlm_apply_forward_mod_add_register	110057286	110061548	4262	579	3	322	325
tlm_apply_forward_mod_add_fold	110061548	110062101	553	55	2	55	55
tlm_apply_forward_mod_add_clean	110062101	110062380	279	19	0	20	22
tlm_apply_forward_swap	110062380	110063148	768	256	0	0	0
tlm_apply_forward_fold	110063148	110064765	1617	309	0	55	62
tlm_multiply_gcd_reverse_body	110064765	110070943	6178	1030	4	342	345
tlm_multiply_gcd_reverse_decode	110070943	110070949	6	0	0	0	3
tlm_multiply_gcd_reverse_apply	110070949	110070950	1	0	0	0	0
tlm_apply_forward_mod_add_register	110070950	110075212	4262	579	3	322	325
tlm_apply_forward_mod_add_fold	110075212	110075765	553	55	2	55	55
tlm_apply_forward_mod_add_clean	110075765	110076044	279	19	0	20	22
tlm_apply_forward_swap	110076044	110076812	768	256	0	0	0
tlm_apply_forward_fold	110076812	110078429	1617	309	0	55	62
tlm_multiply_gcd_reverse_body	110078429	110084599	6170	1032	4	341	344
tlm_multiply_gcd_reverse_decode	110084599	110084763	164	19	0	3	8
tlm_multiply_gcd_reverse_apply	110084763	110084764	1	0	0	0	0
tlm_apply_forward_mod_add_register	110084764	110089026	4262	579	3	322	325
tlm_apply_forward_mod_add_fold	110089026	110089579	553	55	2	55	55
tlm_apply_forward_mod_add_clean	110089579	110089858	279	19	0	20	22
tlm_apply_forward_swap	110089858	110090626	768	256	0	0	0
tlm_apply_forward_fold	110090626	110092243	1617	309	0	55	62
tlm_multiply_gcd_reverse_body	110092243	110098489	6246	1040	4	346	349
tlm_multiply_gcd_reverse_decode	110098489	110098495	6	0	0	0	3
tlm_multiply_gcd_reverse_apply	110098495	110098496	1	0	0	0	0
tlm_apply_forward_mod_add_register	110098496	110102758	4262	579	3	322	325
tlm_apply_forward_mod_add_fold	110102758	110103311	553	55	2	55	55
tlm_apply_forward_mod_add_clean	110103311	110103590	279	19	0	20	22
tlm_apply_forward_swap	110103590	110104358	768	256	0	0	0
tlm_apply_forward_fold	110104358	110105975	1617	309	0	55	62
tlm_multiply_gcd_reverse_body	110105975	110112213	6238	1042	4	345	348
tlm_multiply_gcd_reverse_decode	110112213	110112219	6	0	0	0	3
tlm_multiply_gcd_reverse_apply	110112219	110112220	1	0	0	0	0
tlm_apply_forward_mod_add_register	110112220	110116482	4262	579	3	322	325
tlm_apply_forward_mod_add_fold	110116482	110117035	553	55	2	55	55
tlm_apply_forward_mod_add_clean	110117035	110117314	279	19	0	20	22
tlm_apply_forward_swap	110117314	110118082	768	256	0	0	0
tlm_apply_forward_fold	110118082	110119699	1617	309	0	55	62
tlm_multiply_gcd_reverse_body	110119699	110125915	6216	1043	4	343	346
tlm_multiply_gcd_reverse_decode	110125915	110126079	164	19	0	3	8
tlm_multiply_gcd_reverse_apply	110126079	110126080	1	0	0	0	0
tlm_apply_forward_mod_add_register	110126080	110130342	4262	579	3	322	325
tlm_apply_forward_mod_add_fold	110130342	110130895	553	55	2	55	55
tlm_apply_forward_mod_add_clean	110130895	110131174	279	19	0	20	22
tlm_apply_forward_swap	110131174	110131942	768	256	0	0	0
tlm_apply_forward_fold	110131942	110133559	1617	309	0	55	62
tlm_multiply_gcd_reverse_body	110133559	110139879	6320	1053	4	350	353
tlm_multiply_gcd_reverse_decode	110139879	110139885	6	0	0	0	3
tlm_multiply_gcd_reverse_apply	110139885	110139886	1	0	0	0	0
tlm_apply_forward_mod_add_register	110139886	110144148	4262	579	3	322	325
tlm_apply_forward_mod_add_fold	110144148	110144701	553	55	2	55	55
tlm_apply_forward_mod_add_clean	110144701	110144980	279	19	0	20	22
tlm_apply_forward_swap	110144980	110145748	768	256	0	0	0
tlm_apply_forward_fold	110145748	110147365	1617	309	0	55	62
tlm_multiply_gcd_reverse_body	110147365	110153649	6284	1053	4	347	350
tlm_multiply_gcd_reverse_decode	110153649	110153655	6	0	0	0	3
tlm_multiply_gcd_reverse_apply	110153655	110153656	1	0	0	0	0
tlm_apply_forward_mod_add_register	110153656	110157918	4262	579	3	322	325
tlm_apply_forward_mod_add_fold	110157918	110158471	553	55	2	55	55
tlm_apply_forward_mod_add_clean	110158471	110158750	279	19	0	20	22
tlm_apply_forward_swap	110158750	110159518	768	256	0	0	0
tlm_apply_forward_fold	110159518	110161135	1617	309	0	55	62
tlm_multiply_gcd_reverse_body	110161135	110167411	6276	1055	4	346	349
tlm_multiply_gcd_reverse_decode	110167411	110167575	164	19	0	3	8
tlm_multiply_gcd_reverse_apply	110167575	110167576	1	0	0	0	0
tlm_apply_forward_mod_add_register	110167576	110171838	4262	579	3	322	325
tlm_apply_forward_mod_add_fold	110171838	110172391	553	55	2	55	55
tlm_apply_forward_mod_add_clean	110172391	110172670	279	19	0	20	22
tlm_apply_forward_swap	110172670	110173438	768	256	0	0	0
tlm_apply_forward_fold	110173438	110175055	1617	309	0	55	62
tlm_multiply_gcd_reverse_body	110175055	110181421	6366	1064	4	352	355
tlm_multiply_gcd_reverse_decode	110181421	110181427	6	0	0	0	3
tlm_multiply_gcd_reverse_apply	110181427	110181428	1	0	0	0	0
tlm_apply_forward_mod_add_register	110181428	110185690	4262	579	3	322	325
tlm_apply_forward_mod_add_fold	110185690	110186243	553	55	2	55	55
tlm_apply_forward_mod_add_clean	110186243	110186522	279	19	0	20	22
tlm_apply_forward_swap	110186522	110187290	768	256	0	0	0
tlm_apply_forward_fold	110187290	110188907	1617	309	0	55	62
tlm_multiply_gcd_reverse_body	110188907	110195251	6344	1065	4	350	353
tlm_multiply_gcd_reverse_decode	110195251	110195257	6	0	0	0	3
tlm_multiply_gcd_reverse_apply	110195257	110195258	1	0	0	0	0
tlm_apply_forward_mod_add_register	110195258	110199520	4262	579	3	322	325
tlm_apply_forward_mod_add_fold	110199520	110200073	553	55	2	55	55
tlm_apply_forward_mod_add_clean	110200073	110200352	279	19	0	20	22
tlm_apply_forward_swap	110200352	110201120	768	256	0	0	0
tlm_apply_forward_fold	110201120	110202737	1617	309	0	55	62
tlm_multiply_gcd_reverse_body	110202737	110209073	6336	1067	4	349	352
tlm_multiply_gcd_reverse_decode	110209073	110209237	164	19	0	3	8
tlm_multiply_gcd_reverse_apply	110209237	110209238	1	0	0	0	0
tlm_apply_forward_mod_add_register	110209238	110213500	4262	579	3	322	325
tlm_apply_forward_mod_add_fold	110213500	110214053	553	55	2	55	55
tlm_apply_forward_mod_add_clean	110214053	110214332	279	19	0	20	22
tlm_apply_forward_swap	110214332	110215100	768	256	0	0	0
tlm_apply_forward_fold	110215100	110216717	1617	309	0	55	62
tlm_multiply_gcd_reverse_body	110216717	110223143	6426	1076	4	355	358
tlm_multiply_gcd_reverse_decode	110223143	110223149	6	0	0	0	3
tlm_multiply_gcd_reverse_apply	110223149	110223150	1	0	0	0	0
tlm_apply_forward_mod_add_register	110223150	110227412	4262	579	3	322	325
tlm_apply_forward_mod_add_fold	110227412	110227965	553	55	2	55	55
tlm_apply_forward_mod_add_clean	110227965	110228244	279	19	0	20	22
tlm_apply_forward_swap	110228244	110229012	768	256	0	0	0
tlm_apply_forward_fold	110229012	110230629	1617	309	0	55	62
tlm_multiply_gcd_reverse_body	110230629	110237047	6418	1078	4	354	357
tlm_multiply_gcd_reverse_decode	110237047	110237053	6	0	0	0	3
tlm_multiply_gcd_reverse_apply	110237053	110237054	1	0	0	0	0
tlm_apply_forward_mod_add_register	110237054	110241316	4262	579	3	322	325
tlm_apply_forward_mod_add_fold	110241316	110241869	553	55	2	55	55
tlm_apply_forward_mod_add_clean	110241869	110242148	279	19	0	20	22
tlm_apply_forward_swap	110242148	110242916	768	256	0	0	0
tlm_apply_forward_fold	110242916	110244533	1617	309	0	55	62
tlm_multiply_gcd_reverse_body	110244533	110250915	6382	1078	4	351	354
tlm_multiply_gcd_reverse_decode	110250915	110251079	164	19	0	3	8
tlm_multiply_gcd_reverse_apply	110251079	110251080	1	0	0	0	0
tlm_apply_forward_mod_add_register	110251080	110255342	4262	579	3	322	325
tlm_apply_forward_mod_add_fold	110255342	110255895	553	55	2	55	55
tlm_apply_forward_mod_add_clean	110255895	110256174	279	19	0	20	22
tlm_apply_forward_swap	110256174	110256942	768	256	0	0	0
tlm_apply_forward_fold	110256942	110258559	1617	309	0	55	62
tlm_multiply_gcd_reverse_body	110258559	110265031	6472	1087	4	357	360
tlm_multiply_gcd_reverse_decode	110265031	110265037	6	0	0	0	3
tlm_multiply_gcd_reverse_apply	110265037	110265038	1	0	0	0	0
tlm_apply_forward_mod_add_register	110265038	110269300	4262	579	3	322	325
tlm_apply_forward_mod_add_fold	110269300	110269853	553	55	2	55	55
tlm_apply_forward_mod_add_clean	110269853	110270132	279	19	0	20	22
tlm_apply_forward_swap	110270132	110270900	768	256	0	0	0
tlm_apply_forward_fold	110270900	110272517	1617	309	0	55	62
tlm_multiply_gcd_reverse_body	110272517	110278981	6464	1089	4	356	359
tlm_multiply_gcd_reverse_decode	110278981	110278987	6	0	0	0	3
tlm_multiply_gcd_reverse_apply	110278987	110278988	1	0	0	0	0
tlm_apply_forward_mod_add_register	110278988	110283250	4262	579	3	322	325
tlm_apply_forward_mod_add_fold	110283250	110283803	553	55	2	55	55
tlm_apply_forward_mod_add_clean	110283803	110284082	279	19	0	20	22
tlm_apply_forward_swap	110284082	110284850	768	256	0	0	0
tlm_apply_forward_fold	110284850	110286467	1617	309	0	55	62
tlm_multiply_gcd_reverse_body	110286467	110292923	6456	1091	4	355	358
tlm_multiply_gcd_reverse_decode	110292923	110293087	164	19	0	3	8
tlm_multiply_gcd_reverse_apply	110293087	110293088	1	0	0	0	0
tlm_apply_forward_mod_add_register	110293088	110297350	4262	579	3	322	325
tlm_apply_forward_mod_add_fold	110297350	110297903	553	55	2	55	55
tlm_apply_forward_mod_add_clean	110297903	110298182	279	19	0	20	22
tlm_apply_forward_swap	110298182	110298950	768	256	0	0	0
tlm_apply_forward_fold	110298950	110300567	1617	309	0	55	62
tlm_multiply_gcd_reverse_body	110300567	110307085	6518	1098	4	359	362
tlm_multiply_gcd_reverse_decode	110307085	110307091	6	0	0	0	3
tlm_multiply_gcd_reverse_apply	110307091	110307092	1	0	0	0	0
tlm_apply_forward_mod_add_register	110307092	110311354	4262	579	3	322	325
tlm_apply_forward_mod_add_fold	110311354	110311907	553	55	2	55	55
tlm_apply_forward_mod_add_clean	110311907	110312186	279	19	0	20	22
tlm_apply_forward_swap	110312186	110312954	768	256	0	0	0
tlm_apply_forward_fold	110312954	110314571	1617	309	0	55	62
tlm_multiply_gcd_reverse_body	110314571	110321095	6524	1101	4	359	362
tlm_multiply_gcd_reverse_decode	110321095	110321101	6	0	0	0	3
tlm_multiply_gcd_reverse_apply	110321101	110321102	1	0	0	0	0
tlm_apply_forward_mod_add_register	110321102	110325364	4262	579	3	322	325
tlm_apply_forward_mod_add_fold	110325364	110325917	553	55	2	55	55
tlm_apply_forward_mod_add_clean	110325917	110326196	279	19	0	20	22
tlm_apply_forward_swap	110326196	110326964	768	256	0	0	0
tlm_apply_forward_fold	110326964	110328581	1617	309	0	55	62
tlm_multiply_gcd_reverse_body	110328581	110335097	6516	1103	4	358	361
tlm_multiply_gcd_reverse_decode	110335097	110335261	164	19	0	3	8
tlm_multiply_gcd_reverse_apply	110335261	110335262	1	0	0	0	0
tlm_apply_forward_mod_add_register	110335262	110339524	4262	579	3	322	325
tlm_apply_forward_mod_add_fold	110339524	110340077	553	55	2	55	55
tlm_apply_forward_mod_add_clean	110340077	110340356	279	19	0	20	22
tlm_apply_forward_swap	110340356	110341124	768	256	0	0	0
tlm_apply_forward_fold	110341124	110342741	1617	309	0	55	62
tlm_multiply_gcd_reverse_body	110342741	110349319	6578	1110	4	362	365
tlm_multiply_gcd_reverse_decode	110349319	110349325	6	0	0	0	3
tlm_multiply_gcd_reverse_apply	110349325	110349326	1	0	0	0	0
tlm_apply_forward_mod_add_register	110349326	110353588	4262	579	3	322	325
tlm_apply_forward_mod_add_fold	110353588	110354141	553	55	2	55	55
tlm_apply_forward_mod_add_clean	110354141	110354420	279	19	0	20	22
tlm_apply_forward_swap	110354420	110355188	768	256	0	0	0
tlm_apply_forward_fold	110355188	110356805	1617	309	0	55	62
tlm_multiply_gcd_reverse_body	110356805	110363375	6570	1112	4	361	364
tlm_multiply_gcd_reverse_decode	110363375	110363381	6	0	0	0	3
tlm_multiply_gcd_reverse_apply	110363381	110363382	1	0	0	0	0
tlm_apply_forward_mod_add_register	110363382	110367644	4262	579	3	322	325
tlm_apply_forward_mod_add_fold	110367644	110368197	553	55	2	55	55
tlm_apply_forward_mod_add_clean	110368197	110368476	279	19	0	20	22
tlm_apply_forward_swap	110368476	110369244	768	256	0	0	0
tlm_apply_forward_fold	110369244	110370861	1617	309	0	55	62
tlm_multiply_gcd_reverse_body	110370861	110377423	6562	1114	4	360	363
tlm_multiply_gcd_reverse_decode	110377423	110377587	164	19	0	3	8
tlm_multiply_gcd_reverse_apply	110377587	110377588	1	0	0	0	0
tlm_apply_forward_mod_add_register	110377588	110381850	4262	579	3	322	325
tlm_apply_forward_mod_add_fold	110381850	110382403	553	55	2	55	55
tlm_apply_forward_mod_add_clean	110382403	110382682	279	19	0	20	22
tlm_apply_forward_swap	110382682	110383450	768	256	0	0	0
tlm_apply_forward_fold	110383450	110385067	1617	309	0	55	62
tlm_multiply_gcd_reverse_body	110385067	110391705	6638	1122	4	365	368
tlm_multiply_gcd_reverse_decode	110391705	110391711	6	0	0	0	3
tlm_multiply_gcd_reverse_apply	110391711	110391712	1	0	0	0	0
tlm_apply_forward_mod_add_register	110391712	110395974	4262	579	3	322	325
tlm_apply_forward_mod_add_fold	110395974	110396527	553	55	2	55	55
tlm_apply_forward_mod_add_clean	110396527	110396806	279	19	0	20	22
tlm_apply_forward_swap	110396806	110397574	768	256	0	0	0
tlm_apply_forward_fold	110397574	110399191	1617	309	0	55	62
tlm_multiply_gcd_reverse_body	110399191	110405821	6630	1124	4	364	367
tlm_multiply_gcd_reverse_decode	110405821	110405827	6	0	0	0	3
tlm_multiply_gcd_reverse_apply	110405827	110405828	1	0	0	0	0
tlm_apply_forward_mod_add_register	110405828	110410090	4262	579	3	322	325
tlm_apply_forward_mod_add_fold	110410090	110410643	553	55	2	55	55
tlm_apply_forward_mod_add_clean	110410643	110410922	279	19	0	20	22
tlm_apply_forward_swap	110410922	110411690	768	256	0	0	0
tlm_apply_forward_fold	110411690	110413307	1617	309	0	55	62
tlm_multiply_gcd_reverse_body	110413307	110419929	6622	1126	4	363	366
tlm_multiply_gcd_reverse_decode	110419929	110420093	164	19	0	3	8
tlm_multiply_gcd_reverse_apply	110420093	110420094	1	0	0	0	0
tlm_apply_forward_mod_add_register	110420094	110424356	4262	579	3	322	325
tlm_apply_forward_mod_add_fold	110424356	110424909	553	55	2	55	55
tlm_apply_forward_mod_add_clean	110424909	110425188	279	19	0	20	22
tlm_apply_forward_swap	110425188	110425956	768	256	0	0	0
tlm_apply_forward_fold	110425956	110427573	1617	309	0	55	62
tlm_multiply_gcd_reverse_body	110427573	110434125	6552	1121	4	358	361
tlm_multiply_gcd_reverse_decode	110434125	110434131	6	0	0	0	3
tlm_multiply_gcd_reverse_apply	110434131	110434132	1	0	0	0	0
tlm_apply_forward_mod_add_register	110434132	110438081	3949	557	2	300	302
tlm_apply_forward_mod_add_fold	110438081	110438634	553	55	2	55	55
tlm_apply_forward_mod_add_clean	110438634	110438913	279	19	0	20	22
tlm_apply_forward_swap	110438913	110439681	768	256	0	0	0
tlm_apply_forward_fold	110439681	110441298	1617	309	0	55	62
tlm_multiply_gcd_reverse_body	110441298	110447724	6426	1112	4	349	352
tlm_multiply_gcd_reverse_decode	110447724	110447730	6	0	0	0	3
tlm_multiply_gcd_reverse_apply	110447730	110447731	1	0	0	0	0
tlm_apply_forward_mod_add_register	110447731	110451680	3949	557	2	300	302
tlm_apply_forward_mod_add_fold	110451680	110452233	553	55	2	55	55
tlm_apply_forward_mod_add_clean	110452233	110452512	279	19	0	20	22
tlm_apply_forward_swap	110452512	110453280	768	256	0	0	0
tlm_apply_forward_fold	110453280	110454897	1617	309	0	55	62
tlm_multiply_gcd_reverse_body	110454897	110461249	6352	1107	3	344	347
tlm_multiply_gcd_reverse_decode	110461249	110461413	164	19	0	3	8
tlm_multiply_gcd_reverse_apply	110461413	110461414	1	0	0	0	0
tlm_apply_forward_mod_add_register	110461414	110465363	3949	557	2	300	302
tlm_apply_forward_mod_add_fold	110465363	110465916	553	55	2	55	55
tlm_apply_forward_mod_add_clean	110465916	110466195	279	19	0	20	22
tlm_apply_forward_swap	110466195	110466963	768	256	0	0	0
tlm_apply_forward_fold	110466963	110468580	1617	309	0	55	62
tlm_multiply_gcd_reverse_body	110468580	110474918	6338	1106	3	343	346
tlm_multiply_gcd_reverse_decode	110474918	110474924	6	0	0	0	3
tlm_multiply_gcd_reverse_apply	110474924	110474925	1	0	0	0	0
tlm_apply_forward_mod_add_register	110474925	110478874	3949	557	2	300	302
tlm_apply_forward_mod_add_fold	110478874	110479427	553	55	2	55	55
tlm_apply_forward_mod_add_clean	110479427	110479706	279	19	0	20	22
tlm_apply_forward_swap	110479706	110480474	768	256	0	0	0
tlm_apply_forward_fold	110480474	110482091	1617	309	0	55	62
tlm_multiply_gcd_reverse_body	110482091	110488429	6338	1106	3	343	346
tlm_multiply_gcd_reverse_decode	110488429	110488435	6	0	0	0	3
tlm_multiply_gcd_reverse_apply	110488435	110488436	1	0	0	0	0
tlm_apply_forward_mod_add_register	110488436	110492385	3949	557	2	300	302
tlm_apply_forward_mod_add_fold	110492385	110492938	553	55	2	55	55
tlm_apply_forward_mod_add_clean	110492938	110493217	279	19	0	20	22
tlm_apply_forward_swap	110493217	110493985	768	256	0	0	0
tlm_apply_forward_fold	110493985	110495602	1617	309	0	55	62
tlm_multiply_gcd_reverse_body	110495602	110501912	6310	1104	3	341	344
tlm_multiply_gcd_reverse_decode	110501912	110502076	164	19	0	3	8
tlm_multiply_gcd_reverse_apply	110502076	110502077	1	0	0	0	0
tlm_apply_forward_mod_add_register	110502077	110506026	3949	557	2	300	302
tlm_apply_forward_mod_add_fold	110506026	110506579	553	55	2	55	55
tlm_apply_forward_mod_add_clean	110506579	110506858	279	19	0	20	22
tlm_apply_forward_swap	110506858	110507626	768	256	0	0	0
tlm_apply_forward_fold	110507626	110509243	1617	309	0	55	62
tlm_multiply_gcd_reverse_body	110509243	110515539	6296	1103	3	340	343
tlm_multiply_gcd_reverse_decode	110515539	110515545	6	0	0	0	3
tlm_multiply_gcd_reverse_apply	110515545	110515546	1	0	0	0	0
tlm_apply_forward_mod_add_register	110515546	110519495	3949	557	2	300	302
tlm_apply_forward_mod_add_fold	110519495	110520048	553	55	2	55	55
tlm_apply_forward_mod_add_clean	110520048	110520327	279	19	0	20	22
tlm_apply_forward_swap	110520327	110521095	768	256	0	0	0
tlm_apply_forward_fold	110521095	110522712	1617	309	0	55	62
tlm_multiply_gcd_reverse_body	110522712	110528994	6282	1102	3	339	342
tlm_multiply_gcd_reverse_decode	110528994	110529000	6	0	0	0	3
tlm_multiply_gcd_reverse_apply	110529000	110529001	1	0	0	0	0
tlm_apply_forward_mod_add_register	110529001	110532950	3949	557	2	300	302
tlm_apply_forward_mod_add_fold	110532950	110533503	553	55	2	55	55
tlm_apply_forward_mod_add_clean	110533503	110533782	279	19	0	20	22
tlm_apply_forward_swap	110533782	110534550	768	256	0	0	0
tlm_apply_forward_fold	110534550	110536167	1617	309	0	55	62
tlm_multiply_gcd_reverse_body	110536167	110542450	6283	1102	3	339	343
tlm_multiply_gcd_reverse_decode_initial	110542450	110542460	10	1	0	0	3
tlm_multiply_gcd_reverse_apply_initial	110542460	110542461	1	0	0	0	0
tlm_apply_forward_mod_add_register_initial	110542461	110546410	3949	557	2	300	302
tlm_apply_forward_mod_add_fold_initial	110546410	110546963	553	55	2	55	55
tlm_apply_forward_mod_add_clean_initial	110546963	110547242	279	19	0	20	22
tlm_apply_forward_swap_initial	110547242	110548010	768	256	0	0	0
tlm_apply_forward_fold_initial	110548010	110550662	2652	622	4	112	112
tlm_multiply_gcd_reverse_body_initial	110550662	110557126	6464	1334	3	315	319
tlm_gcd_step_end_initial	110557126	110558140	1014	0	0	0	514
window_qrom_recover_load_walk	110558140	144505778	33947638	65534	0	65534	65534
tlm_coord_y_sub_final	144505778	144509058	3280	586	2	75	78
window_recover_controlled_neg	144509058	144514111	5053	493	17	493	494
window_recover_x_add	144514111	144517365	3254	631	2	120	123
window_qrom_recover_unload_measure	144517365	144518389	1024	0	0	512	512
window_qrom_recover_unload_clear	144518389	211763379	67244990	1049	0	0	516
