phase	start	end	ops	ccx	ccz	hmr	reset
init	0	22	22	3	0	2	2
window_qrom_xy_load_walk	22	8328	8306	14	0	14	14
tlm_coord_x_sub	8328	11608	3280	586	2	75	78
tlm_coord_y_sub	11608	14888	3280	586	2	75	78
window_qrom_xy_unload_measure	14888	15912	1024	0	0	512	512
window_qrom_xy_unload_clear	15912	25676	9764	12	0	0	8
tlm_inverse	25676	26182	506	0	0	0	0
tlm_inverse_gcd_forward_shift_initial	26182	27714	1532	509	0	0	0
tlm_inverse_gcd_forward_compare_initial	27714	28480	766	255	0	0	0
tlm_inverse_gcd_forward_body_initial	28480	33159	4679	570	3	315	318
tlm_apply_inverse_fold_initial	33159	36017	2858	624	4	110	112
tlm_apply_inverse_swap_initial	36017	36785	768	256	0	0	0
tlm_apply_inverse_mod_sub_register_initial	36785	42575	5790	652	2	395	396
tlm_apply_inverse_mod_sub_fold_initial	42575	43234	659	55	2	55	55
tlm_apply_inverse_mod_sub_clean_initial	43234	43550	316	19	0	20	22
tlm_inverse_gcd_forward_codec_initial	43550	43559	9	1	0	0	2
tlm_inverse_gcd_forward_shift	43559	44579	1020	254	0	0	0
tlm_inverse_gcd_forward_compare	44579	45673	1094	279	0	23	24
tlm_inverse_gcd_forward_body	45673	50352	4679	570	3	315	318
tlm_apply_inverse_fold	50352	52072	1720	310	0	54	62
tlm_apply_inverse_swap	52072	52840	768	256	0	0	0
tlm_apply_inverse_mod_sub_register	52840	58658	5818	654	2	397	398
tlm_apply_inverse_mod_sub_fold	58658	59317	659	55	2	55	55
tlm_apply_inverse_mod_sub_clean	59317	59633	316	19	0	20	22
tlm_inverse_gcd_forward_codec	59633	59636	3	0	0	0	0
tlm_inverse_gcd_forward_shift	59636	60656	1020	254	0	0	0
tlm_inverse_gcd_forward_compare	60656	61750	1094	279	0	23	24
tlm_inverse_gcd_forward_body	61750	66429	4679	570	3	315	318
tlm_apply_inverse_fold	66429	68149	1720	310	0	54	62
tlm_apply_inverse_swap	68149	68917	768	256	0	0	0
tlm_apply_inverse_mod_sub_register	68917	74777	5860	657	2	400	401
tlm_apply_inverse_mod_sub_fold	74777	75436	659	55	2	55	55
tlm_apply_inverse_mod_sub_clean	75436	75752	316	19	0	20	22
tlm_inverse_gcd_forward_codec	75752	75755	3	0	0	0	0
tlm_inverse_gcd_forward_shift	75755	76775	1020	254	0	0	0
tlm_inverse_gcd_forward_compare	76775	77883	1108	280	0	24	25
tlm_inverse_gcd_forward_body	77883	82562	4679	570	3	315	318
tlm_apply_inverse_fold	82562	84282	1720	310	0	54	62
tlm_apply_inverse_swap	84282	85050	768	256	0	0	0
tlm_apply_inverse_mod_sub_register	85050	90952	5902	660	2	403	404
tlm_apply_inverse_mod_sub_fold	90952	91611	659	55	2	55	55
tlm_apply_inverse_mod_sub_clean	91611	91927	316	19	0	20	22
tlm_inverse_gcd_forward_codec	91927	92093	166	18	0	4	7
tlm_inverse_gcd_forward_shift	92093	93113	1020	254	0	0	0
tlm_inverse_gcd_forward_compare	93113	94235	1122	281	0	25	26
tlm_inverse_gcd_forward_body	94235	98914	4679	570	3	315	318
tlm_apply_inverse_fold	98914	100634	1720	310	0	54	62
tlm_apply_inverse_swap	100634	101402	768	256	0	0	0
tlm_apply_inverse_mod_sub_register	101402	107318	5916	661	2	404	405
tlm_apply_inverse_mod_sub_fold	107318	107977	659	55	2	55	55
tlm_apply_inverse_mod_sub_clean	107977	108293	316	19	0	20	22
tlm_inverse_gcd_forward_codec	108293	108296	3	0	0	0	0
tlm_inverse_gcd_forward_shift	108296	109316	1020	254	0	0	0
tlm_inverse_gcd_forward_compare	109316	110466	1150	283	0	27	28
tlm_inverse_gcd_forward_body	110466	115145	4679	570	3	315	318
tlm_apply_inverse_fold	115145	116865	1720	310	0	54	62
tlm_apply_inverse_swap	116865	117633	768	256	0	0	0
tlm_apply_inverse_mod_sub_register	117633	123591	5958	664	2	407	408
tlm_apply_inverse_mod_sub_fold	123591	124250	659	55	2	55	55
tlm_apply_inverse_mod_sub_clean	124250	124566	316	19	0	20	22
tlm_inverse_gcd_forward_codec	124566	124569	3	0	0	0	0
tlm_inverse_gcd_forward_shift	124569	125589	1020	254	0	0	0
tlm_inverse_gcd_forward_compare	125589	126739	1150	283	0	27	28
tlm_inverse_gcd_forward_body	126739	131418	4679	570	3	315	318
tlm_apply_inverse_fold	131418	133138	1720	310	0	54	62
tlm_apply_inverse_swap	133138	133906	768	256	0	0	0
tlm_apply_inverse_mod_sub_register	133906	139906	6000	667	2	410	411
tlm_apply_inverse_mod_sub_fold	139906	140565	659	55	2	55	55
tlm_apply_inverse_mod_sub_clean	140565	140881	316	19	0	20	22
tlm_inverse_gcd_forward_codec	140881	141047	166	18	0	4	7
tlm_inverse_gcd_forward_shift	141047	142067	1020	254	0	0	0
tlm_inverse_gcd_forward_compare	142067	143231	1164	284	0	28	29
tlm_inverse_gcd_forward_body	143231	147910	4679	570	3	315	318
tlm_apply_inverse_fold	147910	149630	1720	310	0	54	62
tlm_apply_inverse_swap	149630	150398	768	256	0	0	0
tlm_apply_inverse_mod_sub_register	150398	156412	6014	668	2	411	412
tlm_apply_inverse_mod_sub_fold	156412	157071	659	55	2	55	55
tlm_apply_inverse_mod_sub_clean	157071	157387	316	19	0	20	22
tlm_inverse_gcd_forward_codec	157387	157390	3	0	0	0	0
tlm_inverse_gcd_forward_shift	157390	158410	1020	254	0	0	0
tlm_inverse_gcd_forward_compare	158410	159602	1192	286	0	30	31
tlm_inverse_gcd_forward_body	159602	164281	4679	570	3	315	318
tlm_apply_inverse_fold	164281	166001	1720	310	0	54	62
tlm_apply_inverse_swap	166001	166769	768	256	0	0	0
tlm_apply_inverse_mod_sub_register	166769	172825	6056	671	2	414	415
tlm_apply_inverse_mod_sub_fold	172825	173484	659	55	2	55	55
tlm_apply_inverse_mod_sub_clean	173484	173800	316	19	0	20	22
tlm_inverse_gcd_forward_codec	173800	173803	3	0	0	0	0
tlm_inverse_gcd_forward_shift	173803	174823	1020	254	0	0	0
tlm_inverse_gcd_forward_compare	174823	176015	1192	286	0	30	31
tlm_inverse_gcd_forward_body	176015	180694	4679	570	3	315	318
tlm_apply_inverse_fold	180694	182414	1720	310	0	54	62
tlm_apply_inverse_swap	182414	183182	768	256	0	0	0
tlm_apply_inverse_mod_sub_register	183182	189280	6098	674	2	417	418
tlm_apply_inverse_mod_sub_fold	189280	189939	659	55	2	55	55
tlm_apply_inverse_mod_sub_clean	189939	190255	316	19	0	20	22
tlm_inverse_gcd_forward_codec	190255	190421	166	18	0	4	7
tlm_inverse_gcd_forward_shift	190421	191441	1020	254	0	0	0
tlm_inverse_gcd_forward_compare	191441	192661	1220	288	0	32	33
tlm_inverse_gcd_forward_body	192661	197340	4679	570	3	315	318
tlm_apply_inverse_fold	197340	199060	1720	310	0	54	62
tlm_apply_inverse_swap	199060	199828	768	256	0	0	0
tlm_apply_inverse_mod_sub_register	199828	205940	6112	675	2	418	419
tlm_apply_inverse_mod_sub_fold	205940	206599	659	55	2	55	55
tlm_apply_inverse_mod_sub_clean	206599	206915	316	19	0	20	22
tlm_inverse_gcd_forward_codec	206915	206918	3	0	0	0	0
tlm_inverse_gcd_forward_shift	206918	207936	1018	253	0	0	2
tlm_inverse_gcd_forward_compare	207936	209153	1217	287	0	32	33
tlm_inverse_gcd_forward_body	209153	213817	4664	568	3	314	317
tlm_apply_inverse_fold	213817	215537	1720	310	0	54	62
tlm_apply_inverse_swap	215537	216305	768	256	0	0	0
tlm_apply_inverse_mod_sub_register	216305	222431	6126	676	2	419	420
tlm_apply_inverse_mod_sub_fold	222431	223090	659	55	2	55	55
tlm_apply_inverse_mod_sub_clean	223090	223406	316	19	0	20	22
tlm_inverse_gcd_forward_codec	223406	223409	3	0	0	0	0
tlm_inverse_gcd_forward_shift	223409	224423	1014	252	0	0	2
tlm_inverse_gcd_forward_compare	224423	225637	1214	286	0	32	33
tlm_inverse_gcd_forward_body	225637	230286	4649	566	3	313	316
tlm_apply_inverse_fold	230286	232006	1720	310	0	54	62
tlm_apply_inverse_swap	232006	232774	768	256	0	0	0
tlm_apply_inverse_mod_sub_register	232774	237235	4461	557	2	300	302
tlm_apply_inverse_mod_sub_fold	237235	237894	659	55	2	55	55
tlm_apply_inverse_mod_sub_clean	237894	238210	316	19	0	20	22
tlm_inverse_gcd_forward_codec	238210	238376	166	18	0	4	7
tlm_inverse_gcd_forward_shift	238376	239386	1010	251	0	0	2
tlm_inverse_gcd_forward_compare	239386	240597	1211	285	0	32	33
tlm_inverse_gcd_forward_body	240597	245231	4634	564	3	312	315
tlm_apply_inverse_fold	245231	246951	1720	310	0	54	62
tlm_apply_inverse_swap	246951	247719	768	256	0	0	0
tlm_apply_inverse_mod_sub_register	247719	252180	4461	557	2	300	302
tlm_apply_inverse_mod_sub_fold	252180	252839	659	55	2	55	55
tlm_apply_inverse_mod_sub_clean	252839	253155	316	19	0	20	22
tlm_inverse_gcd_forward_codec	253155	253158	3	0	0	0	0
tlm_inverse_gcd_forward_shift	253158	254164	1006	250	0	0	2
tlm_inverse_gcd_forward_compare	254164	255372	1208	284	0	32	33
tlm_inverse_gcd_forward_body	255372	259991	4619	562	3	311	314
tlm_apply_inverse_fold	259991	261711	1720	310	0	54	62
tlm_apply_inverse_swap	261711	262479	768	256	0	0	0
tlm_apply_inverse_mod_sub_register	262479	266940	4461	557	2	300	302
tlm_apply_inverse_mod_sub_fold	266940	267599	659	55	2	55	55
tlm_apply_inverse_mod_sub_clean	267599	267915	316	19	0	20	22
tlm_inverse_gcd_forward_codec	267915	267918	3	0	0	0	0
tlm_inverse_gcd_forward_shift	267918	268920	1002	249	0	0	2
tlm_inverse_gcd_forward_compare	268920	270125	1205	283	0	32	33
tlm_inverse_gcd_forward_body	270125	274729	4604	560	3	310	313
tlm_apply_inverse_fold	274729	276449	1720	310	0	54	62
tlm_apply_inverse_swap	276449	277217	768	256	0	0	0
tlm_apply_inverse_mod_sub_register	277217	281678	4461	557	2	300	302
tlm_apply_inverse_mod_sub_fold	281678	282337	659	55	2	55	55
tlm_apply_inverse_mod_sub_clean	282337	282653	316	19	0	20	22
tlm_inverse_gcd_forward_codec	282653	282819	166	18	0	4	7
tlm_inverse_gcd_forward_shift	282819	283817	998	248	0	0	2
tlm_inverse_gcd_forward_compare	283817	285033	1216	283	0	33	34
tlm_inverse_gcd_forward_body	285033	289622	4589	558	3	309	312
tlm_apply_inverse_fold	289622	291342	1720	310	0	54	62
tlm_apply_inverse_swap	291342	292110	768	256	0	0	0
tlm_apply_inverse_mod_sub_register	292110	296571	4461	557	2	300	302
tlm_apply_inverse_mod_sub_fold	296571	297230	659	55	2	55	55
tlm_apply_inverse_mod_sub_clean	297230	297546	316	19	0	20	22
tlm_inverse_gcd_forward_codec	297546	297549	3	0	0	0	0
tlm_inverse_gcd_forward_shift	297549	298543	994	247	0	0	2
tlm_inverse_gcd_forward_compare	298543	299756	1213	282	0	33	34
tlm_inverse_gcd_forward_body	299756	304330	4574	556	3	308	311
tlm_apply_inverse_fold	304330	306050	1720	310	0	54	62
tlm_apply_inverse_swap	306050	306818	768	256	0	0	0
tlm_apply_inverse_mod_sub_register	306818	311279	4461	557	2	300	302
tlm_apply_inverse_mod_sub_fold	311279	311938	659	55	2	55	55
tlm_apply_inverse_mod_sub_clean	311938	312254	316	19	0	20	22
tlm_inverse_gcd_forward_codec	312254	312257	3	0	0	0	0
tlm_inverse_gcd_forward_shift	312257	313247	990	246	0	0	2
tlm_inverse_gcd_forward_compare	313247	314443	1196	280	0	32	33
tlm_inverse_gcd_forward_body	314443	319002	4559	554	3	307	310
tlm_apply_inverse_fold	319002	320722	1720	310	0	54	62
tlm_apply_inverse_swap	320722	321490	768	256	0	0	0
tlm_apply_inverse_mod_sub_register	321490	325951	4461	557	2	300	302
tlm_apply_inverse_mod_sub_fold	325951	326610	659	55	2	55	55
tlm_apply_inverse_mod_sub_clean	326610	326926	316	19	0	20	22
tlm_inverse_gcd_forward_codec	326926	327092	166	18	0	4	7
tlm_inverse_gcd_forward_shift	327092	328078	986	245	0	0	2
tlm_inverse_gcd_forward_compare	328078	329285	1207	280	0	33	34
tlm_inverse_gcd_forward_body	329285	333829	4544	552	3	306	309
tlm_apply_inverse_fold	333829	335549	1720	310	0	54	62
tlm_apply_inverse_swap	335549	336317	768	256	0	0	0
tlm_apply_inverse_mod_sub_register	336317	340778	4461	557	2	300	302
tlm_apply_inverse_mod_sub_fold	340778	341437	659	55	2	55	55
tlm_apply_inverse_mod_sub_clean	341437	341753	316	19	0	20	22
tlm_inverse_gcd_forward_codec	341753	341756	3	0	0	0	0
tlm_inverse_gcd_forward_shift	341756	342738	982	244	0	0	2
tlm_inverse_gcd_forward_compare	342738	343942	1204	279	0	33	34
tlm_inverse_gcd_forward_body	343942	348471	4529	550	3	305	308
tlm_apply_inverse_fold	348471	350191	1720	310	0	54	62
tlm_apply_inverse_swap	350191	350959	768	256	0	0	0
tlm_apply_inverse_mod_sub_register	350959	355420	4461	557	2	300	302
tlm_apply_inverse_mod_sub_fold	355420	356079	659	55	2	55	55
tlm_apply_inverse_mod_sub_clean	356079	356395	316	19	0	20	22
tlm_inverse_gcd_forward_codec	356395	356398	3	0	0	0	0
tlm_inverse_gcd_forward_shift	356398	357376	978	243	0	0	2
tlm_inverse_gcd_forward_compare	357376	358577	1201	278	0	33	34
tlm_inverse_gcd_forward_body	358577	363091	4514	548	3	304	307
tlm_apply_inverse_fold	363091	364811	1720	310	0	54	62
tlm_apply_inverse_swap	364811	365579	768	256	0	0	0
tlm_apply_inverse_mod_sub_register	365579	370040	4461	557	2	300	302
tlm_apply_inverse_mod_sub_fold	370040	370699	659	55	2	55	55
tlm_apply_inverse_mod_sub_clean	370699	371015	316	19	0	20	22
tlm_inverse_gcd_forward_codec	371015	371181	166	18	0	4	7
tlm_inverse_gcd_forward_shift	371181	372155	974	242	0	0	2
tlm_inverse_gcd_forward_compare	372155	373339	1184	276	0	32	33
tlm_inverse_gcd_forward_body	373339	377838	4499	546	3	303	306
tlm_apply_inverse_fold	377838	379558	1720	310	0	54	62
tlm_apply_inverse_swap	379558	380326	768	256	0	0	0
tlm_apply_inverse_mod_sub_register	380326	384787	4461	557	2	300	302
tlm_apply_inverse_mod_sub_fold	384787	385446	659	55	2	55	55
tlm_apply_inverse_mod_sub_clean	385446	385762	316	19	0	20	22
tlm_inverse_gcd_forward_codec	385762	385765	3	0	0	0	0
tlm_inverse_gcd_forward_shift	385765	386735	970	241	0	0	2
tlm_inverse_gcd_forward_compare	386735	387944	1209	277	0	34	35
tlm_inverse_gcd_forward_body	387944	392428	4484	544	3	302	305
tlm_apply_inverse_fold	392428	394148	1720	310	0	54	62
tlm_apply_inverse_swap	394148	394916	768	256	0	0	0
tlm_apply_inverse_mod_sub_register	394916	399377	4461	557	2	300	302
tlm_apply_inverse_mod_sub_fold	399377	400036	659	55	2	55	55
tlm_apply_inverse_mod_sub_clean	400036	400352	316	19	0	20	22
tlm_inverse_gcd_forward_codec	400352	400355	3	0	0	0	0
tlm_inverse_gcd_forward_shift	400355	401321	966	240	0	0	2
tlm_inverse_gcd_forward_compare	401321	402527	1206	276	0	34	35
tlm_inverse_gcd_forward_body	402527	406996	4469	542	3	301	304
tlm_apply_inverse_fold	406996	408716	1720	310	0	54	62
tlm_apply_inverse_swap	408716	409484	768	256	0	0	0
tlm_apply_inverse_mod_sub_register	409484	413945	4461	557	2	300	302
tlm_apply_inverse_mod_sub_fold	413945	414604	659	55	2	55	55
tlm_apply_inverse_mod_sub_clean	414604	414920	316	19	0	20	22
tlm_inverse_gcd_forward_codec	414920	415086	166	18	0	4	7
tlm_inverse_gcd_forward_shift	415086	416048	962	239	0	0	2
tlm_inverse_gcd_forward_compare	416048	417237	1189	274	0	33	34
tlm_inverse_gcd_forward_body	417237	421691	4454	540	3	300	303
tlm_apply_inverse_fold	421691	423411	1720	310	0	54	62
tlm_apply_inverse_swap	423411	424179	768	256	0	0	0
tlm_apply_inverse_mod_sub_register	424179	428640	4461	557	2	300	302
tlm_apply_inverse_mod_sub_fold	428640	429299	659	55	2	55	55
tlm_apply_inverse_mod_sub_clean	429299	429615	316	19	0	20	22
tlm_inverse_gcd_forward_codec	429615	429618	3	0	0	0	0
tlm_inverse_gcd_forward_shift	429618	430576	958	238	0	0	2
tlm_inverse_gcd_forward_compare	430576	431762	1186	273	0	33	34
tlm_inverse_gcd_forward_body	431762	436201	4439	538	3	299	302
tlm_apply_inverse_fold	436201	437921	1720	310	0	54	62
tlm_apply_inverse_swap	437921	438689	768	256	0	0	0
tlm_apply_inverse_mod_sub_register	438689	443150	4461	557	2	300	302
tlm_apply_inverse_mod_sub_fold	443150	443809	659	55	2	55	55
tlm_apply_inverse_mod_sub_clean	443809	444125	316	19	0	20	22
tlm_inverse_gcd_forward_codec	444125	444128	3	0	0	0	0
tlm_inverse_gcd_forward_shift	444128	445082	954	237	0	0	2
tlm_inverse_gcd_forward_compare	445082	446279	1197	273	0	34	35
tlm_inverse_gcd_forward_body	446279	450703	4424	536	3	298	301
tlm_apply_inverse_fold	450703	452423	1720	310	0	54	62
tlm_apply_inverse_swap	452423	453191	768	256	0	0	0
tlm_apply_inverse_mod_sub_register	453191	457652	4461	557	2	300	302
tlm_apply_inverse_mod_sub_fold	457652	458311	659	55	2	55	55
tlm_apply_inverse_mod_sub_clean	458311	458627	316	19	0	20	22
tlm_inverse_gcd_forward_codec	458627	458793	166	18	0	4	7
tlm_inverse_gcd_forward_shift	458793	459743	950	236	0	0	2
tlm_inverse_gcd_forward_compare	459743	460923	1180	271	0	33	34
tlm_inverse_gcd_forward_body	460923	465332	4409	534	3	297	300
tlm_apply_inverse_fold	465332	467052	1720	310	0	54	62
tlm_apply_inverse_swap	467052	467820	768	256	0	0	0
tlm_apply_inverse_mod_sub_register	467820	472281	4461	557	2	300	302
tlm_apply_inverse_mod_sub_fold	472281	472940	659	55	2	55	55
tlm_apply_inverse_mod_sub_clean	472940	473256	316	19	0	20	22
tlm_inverse_gcd_forward_codec	473256	473259	3	0	0	0	0
tlm_inverse_gcd_forward_shift	473259	474205	946	235	0	0	2
tlm_inverse_gcd_forward_compare	474205	475382	1177	270	0	33	34
tlm_inverse_gcd_forward_body	475382	479776	4394	532	3	296	299
tlm_apply_inverse_fold	479776	481496	1720	310	0	54	62
tlm_apply_inverse_swap	481496	482264	768	256	0	0	0
tlm_apply_inverse_mod_sub_register	482264	486725	4461	557	2	300	302
tlm_apply_inverse_mod_sub_fold	486725	487384	659	55	2	55	55
tlm_apply_inverse_mod_sub_clean	487384	487700	316	19	0	20	22
tlm_inverse_gcd_forward_codec	487700	487703	3	0	0	0	0
tlm_inverse_gcd_forward_shift	487703	488645	942	234	0	0	2
tlm_inverse_gcd_forward_compare	488645	489847	1202	271	0	35	36
tlm_inverse_gcd_forward_body	489847	494226	4379	530	3	295	298
tlm_apply_inverse_fold	494226	495946	1720	310	0	54	62
tlm_apply_inverse_swap	495946	496714	768	256	0	0	0
tlm_apply_inverse_mod_sub_register	496714	501175	4461	557	2	300	302
tlm_apply_inverse_mod_sub_fold	501175	501834	659	55	2	55	55
tlm_apply_inverse_mod_sub_clean	501834	502150	316	19	0	20	22
tlm_inverse_gcd_forward_codec	502150	502316	166	18	0	4	7
tlm_inverse_gcd_forward_shift	502316	503254	938	233	0	0	2
tlm_inverse_gcd_forward_compare	503254	504425	1171	268	0	33	34
tlm_inverse_gcd_forward_body	504425	508789	4364	528	3	294	297
tlm_apply_inverse_fold	508789	510509	1720	310	0	54	62
tlm_apply_inverse_swap	510509	511277	768	256	0	0	0
tlm_apply_inverse_mod_sub_register	511277	515738	4461	557	2	300	302
tlm_apply_inverse_mod_sub_fold	515738	516397	659	55	2	55	55
tlm_apply_inverse_mod_sub_clean	516397	516713	316	19	0	20	22
tlm_inverse_gcd_forward_codec	516713	516716	3	0	0	0	0
tlm_inverse_gcd_forward_shift	516716	517650	934	232	0	0	2
tlm_inverse_gcd_forward_compare	517650	518832	1182	268	0	34	35
tlm_inverse_gcd_forward_body	518832	523181	4349	526	3	293	296
tlm_apply_inverse_fold	523181	524901	1720	310	0	54	62
tlm_apply_inverse_swap	524901	525669	768	256	0	0	0
tlm_apply_inverse_mod_sub_register	525669	530130	4461	557	2	300	302
tlm_apply_inverse_mod_sub_fold	530130	530789	659	55	2	55	55
tlm_apply_inverse_mod_sub_clean	530789	531105	316	19	0	20	22
tlm_inverse_gcd_forward_codec	531105	531108	3	0	0	0	0
tlm_inverse_gcd_forward_shift	531108	532038	930	231	0	0	2
tlm_inverse_gcd_forward_compare	532038	533217	1179	267	0	34	35
tlm_inverse_gcd_forward_body	533217	537551	4334	524	3	292	295
tlm_apply_inverse_fold	537551	539271	1720	310	0	54	62
tlm_apply_inverse_swap	539271	540039	768	256	0	0	0
tlm_apply_inverse_mod_sub_register	540039	544813	4774	579	3	322	325
tlm_apply_inverse_mod_sub_fold	544813	545472	659	55	2	55	55
tlm_apply_inverse_mod_sub_clean	545472	545788	316	19	0	20	22
tlm_inverse_gcd_forward_codec	545788	545954	166	18	0	4	7
tlm_inverse_gcd_forward_shift	545954	546880	926	230	0	0	2
tlm_inverse_gcd_forward_compare	546880	548056	1176	266	0	34	35
tlm_inverse_gcd_forward_body	548056	552375	4319	522	3	291	294
tlm_apply_inverse_fold	552375	554095	1720	310	0	54	62
tlm_apply_inverse_swap	554095	554863	768	256	0	0	0
tlm_apply_inverse_mod_sub_register	554863	559324	4461	557	2	300	302
tlm_apply_inverse_mod_sub_fold	559324	559983	659	55	2	55	55
tlm_apply_inverse_mod_sub_clean	559983	560299	316	19	0	20	22
tlm_inverse_gcd_forward_codec	560299	560302	3	0	0	0	0
tlm_inverse_gcd_forward_shift	560302	561224	922	229	0	0	2
tlm_inverse_gcd_forward_compare	561224	562397	1173	265	0	34	35
tlm_inverse_gcd_forward_body	562397	566701	4304	520	3	290	293
tlm_apply_inverse_fold	566701	568421	1720	310	0	54	62
tlm_apply_inverse_swap	568421	569189	768	256	0	0	0
tlm_apply_inverse_mod_sub_register	569189	573963	4774	579	3	322	325
tlm_apply_inverse_mod_sub_fold	573963	574622	659	55	2	55	55
tlm_apply_inverse_mod_sub_clean	574622	574938	316	19	0	20	22
tlm_inverse_gcd_forward_codec	574938	574941	3	0	0	0	0
tlm_inverse_gcd_forward_shift	574941	575859	918	228	0	0	2
tlm_inverse_gcd_forward_compare	575859	577043	1184	265	0	35	36
tlm_inverse_gcd_forward_body	577043	581332	4289	518	3	289	292
tlm_apply_inverse_fold	581332	583052	1720	310	0	54	62
tlm_apply_inverse_swap	583052	583820	768	256	0	0	0
tlm_apply_inverse_mod_sub_register	583820	588594	4774	579	3	322	325
tlm_apply_inverse_mod_sub_fold	588594	589253	659	55	2	55	55
tlm_apply_inverse_mod_sub_clean	589253	589569	316	19	0	20	22
tlm_inverse_gcd_forward_codec	589569	589735	166	18	0	4	7
tlm_inverse_gcd_forward_shift	589735	590649	914	227	0	0	2
tlm_inverse_gcd_forward_compare	590649	591816	1167	263	0	34	35
tlm_inverse_gcd_forward_body	591816	596090	4274	516	3	288	291
tlm_apply_inverse_fold	596090	597810	1720	310	0	54	62
tlm_apply_inverse_swap	597810	598578	768	256	0	0	0
tlm_apply_inverse_mod_sub_register	598578	603352	4774	579	3	322	325
tlm_apply_inverse_mod_sub_fold	603352	604011	659	55	2	55	55
tlm_apply_inverse_mod_sub_clean	604011	604327	316	19	0	20	22
tlm_inverse_gcd_forward_codec	604327	604330	3	0	0	0	0
tlm_inverse_gcd_forward_shift	604330	605240	910	226	0	0	2
tlm_inverse_gcd_forward_compare	605240	606418	1178	263	0	35	36
tlm_inverse_gcd_forward_body	606418	610677	4259	514	3	287	290
tlm_apply_inverse_fold	610677	612397	1720	310	0	54	62
tlm_apply_inverse_swap	612397	613165	768	256	0	0	0
tlm_apply_inverse_mod_sub_register	613165	617939	4774	579	3	322	325
tlm_apply_inverse_mod_sub_fold	617939	618598	659	55	2	55	55
tlm_apply_inverse_mod_sub_clean	618598	618914	316	19	0	20	22
tlm_inverse_gcd_forward_codec	618914	618917	3	0	0	0	0
tlm_inverse_gcd_forward_shift	618917	619823	906	225	0	0	2
tlm_inverse_gcd_forward_compare	619823	620998	1175	262	0	35	36
tlm_inverse_gcd_forward_body	620998	625242	4244	512	3	286	289
tlm_apply_inverse_fold	625242	626962	1720	310	0	54	62
tlm_apply_inverse_swap	626962	627730	768	256	0	0	0
tlm_apply_inverse_mod_sub_register	627730	632504	4774	579	3	322	325
tlm_apply_inverse_mod_sub_fold	632504	633163	659	55	2	55	55
tlm_apply_inverse_mod_sub_clean	633163	633479	316	19	0	20	22
tlm_inverse_gcd_forward_codec	633479	633645	166	18	0	4	7
tlm_inverse_gcd_forward_shift	633645	634547	902	224	0	0	2
tlm_inverse_gcd_forward_compare	634547	635719	1172	261	0	35	36
tlm_inverse_gcd_forward_body	635719	639948	4229	510	3	285	288
tlm_apply_inverse_fold	639948	641668	1720	310	0	54	62
tlm_apply_inverse_swap	641668	642436	768	256	0	0	0
tlm_apply_inverse_mod_sub_register	642436	647210	4774	579	3	322	325
tlm_apply_inverse_mod_sub_fold	647210	647869	659	55	2	55	55
tlm_apply_inverse_mod_sub_clean	647869	648185	316	19	0	20	22
tlm_inverse_gcd_forward_codec	648185	648188	3	0	0	0	0
tlm_inverse_gcd_forward_shift	648188	649086	898	223	0	0	2
tlm_inverse_gcd_forward_compare	649086	650241	1155	259	0	34	35
tlm_inverse_gcd_forward_body	650241	654455	4214	508	3	284	287
tlm_apply_inverse_fold	654455	656175	1720	310	0	54	62
tlm_apply_inverse_swap	656175	656943	768	256	0	0	0
tlm_apply_inverse_mod_sub_register	656943	661717	4774	579	3	322	325
tlm_apply_inverse_mod_sub_fold	661717	662376	659	55	2	55	55
tlm_apply_inverse_mod_sub_clean	662376	662692	316	19	0	20	22
tlm_inverse_gcd_forward_codec	662692	662695	3	0	0	0	0
tlm_inverse_gcd_forward_shift	662695	663589	894	222	0	0	2
tlm_inverse_gcd_forward_compare	663589	664755	1166	259	0	35	36
tlm_inverse_gcd_forward_body	664755	668954	4199	506	3	283	286
tlm_apply_inverse_fold	668954	670674	1720	310	0	54	62
tlm_apply_inverse_swap	670674	671442	768	256	0	0	0
tlm_apply_inverse_mod_sub_register	671442	676216	4774	579	3	322	325
tlm_apply_inverse_mod_sub_fold	676216	676875	659	55	2	55	55
tlm_apply_inverse_mod_sub_clean	676875	677191	316	19	0	20	22
tlm_inverse_gcd_forward_codec	677191	677357	166	18	0	4	7
tlm_inverse_gcd_forward_shift	677357	678247	890	221	0	0	2
tlm_inverse_gcd_forward_compare	678247	679410	1163	258	0	35	36
tlm_inverse_gcd_forward_body	679410	683594	4184	504	3	282	285
tlm_apply_inverse_fold	683594	685314	1720	310	0	54	62
tlm_apply_inverse_swap	685314	686082	768	256	0	0	0
tlm_apply_inverse_mod_sub_register	686082	690856	4774	579	3	322	325
tlm_apply_inverse_mod_sub_fold	690856	691515	659	55	2	55	55
tlm_apply_inverse_mod_sub_clean	691515	691831	316	19	0	20	22
tlm_inverse_gcd_forward_codec	691831	691834	3	0	0	0	0
tlm_inverse_gcd_forward_shift	691834	692720	886	220	0	0	2
tlm_inverse_gcd_forward_compare	692720	693880	1160	257	0	35	36
tlm_inverse_gcd_forward_body	693880	698049	4169	502	3	281	284
tlm_apply_inverse_fold	698049	699769	1720	310	0	54	62
tlm_apply_inverse_swap	699769	700537	768	256	0	0	0
tlm_apply_inverse_mod_sub_register	700537	705311	4774	579	3	322	325
tlm_apply_inverse_mod_sub_fold	705311	705970	659	55	2	55	55
tlm_apply_inverse_mod_sub_clean	705970	706286	316	19	0	20	22
tlm_inverse_gcd_forward_codec	706286	706289	3	0	0	0	0
tlm_inverse_gcd_forward_shift	706289	707171	882	219	0	0	2
tlm_inverse_gcd_forward_compare	707171	708328	1157	256	0	35	36
tlm_inverse_gcd_forward_body	708328	712482	4154	500	3	280	283
tlm_apply_inverse_fold	712482	714202	1720	310	0	54	62
tlm_apply_inverse_swap	714202	714970	768	256	0	0	0
tlm_apply_inverse_mod_sub_register	714970	719744	4774	579	3	322	325
tlm_apply_inverse_mod_sub_fold	719744	720403	659	55	2	55	55
tlm_apply_inverse_mod_sub_clean	720403	720719	316	19	0	20	22
tlm_inverse_gcd_forward_codec	720719	720885	166	18	0	4	7
tlm_inverse_gcd_forward_shift	720885	721763	878	218	0	0	2
tlm_inverse_gcd_forward_compare	721763	722931	1168	256	0	36	37
tlm_inverse_gcd_forward_body	722931	727070	4139	498	3	279	282
tlm_apply_inverse_fold	727070	728790	1720	310	0	54	62
tlm_apply_inverse_swap	728790	729558	768	256	0	0	0
tlm_apply_inverse_mod_sub_register	729558	734332	4774	579	3	322	325
tlm_apply_inverse_mod_sub_fold	734332	734991	659	55	2	55	55
tlm_apply_inverse_mod_sub_clean	734991	735307	316	19	0	20	22
tlm_inverse_gcd_forward_codec	735307	735310	3	0	0	0	0
tlm_inverse_gcd_forward_shift	735310	736184	874	217	0	0	2
tlm_inverse_gcd_forward_compare	736184	737335	1151	254	0	35	36
tlm_inverse_gcd_forward_body	737335	741459	4124	496	3	278	281
tlm_apply_inverse_fold	741459	743179	1720	310	0	54	62
tlm_apply_inverse_swap	743179	743947	768	256	0	0	0
tlm_apply_inverse_mod_sub_register	743947	748721	4774	579	3	322	325
tlm_apply_inverse_mod_sub_fold	748721	749380	659	55	2	55	55
tlm_apply_inverse_mod_sub_clean	749380	749696	316	19	0	20	22
tlm_inverse_gcd_forward_codec	749696	749699	3	0	0	0	0
tlm_inverse_gcd_forward_shift	749699	750569	870	216	0	0	2
tlm_inverse_gcd_forward_compare	750569	751731	1162	254	0	36	37
tlm_inverse_gcd_forward_body	751731	755840	4109	494	3	277	280
tlm_apply_inverse_fold	755840	757560	1720	310	0	54	62
tlm_apply_inverse_swap	757560	758328	768	256	0	0	0
tlm_apply_inverse_mod_sub_register	758328	763102	4774	579	3	322	325
tlm_apply_inverse_mod_sub_fold	763102	763761	659	55	2	55	55
tlm_apply_inverse_mod_sub_clean	763761	764077	316	19	0	20	22
tlm_inverse_gcd_forward_codec	764077	764243	166	18	0	4	7
tlm_inverse_gcd_forward_shift	764243	765109	866	215	0	0	2
tlm_inverse_gcd_forward_compare	765109	766254	1145	252	0	35	36
tlm_inverse_gcd_forward_body	766254	770348	4094	492	3	276	279
tlm_apply_inverse_fold	770348	772068	1720	310	0	54	62
tlm_apply_inverse_swap	772068	772836	768	256	0	0	0
tlm_apply_inverse_mod_sub_register	772836	777610	4774	579	3	322	325
tlm_apply_inverse_mod_sub_fold	777610	778269	659	55	2	55	55
tlm_apply_inverse_mod_sub_clean	778269	778585	316	19	0	20	22
tlm_inverse_gcd_forward_codec	778585	778588	3	0	0	0	0
tlm_inverse_gcd_forward_shift	778588	779450	862	214	0	0	2
tlm_inverse_gcd_forward_compare	779450	780606	1156	252	0	36	37
tlm_inverse_gcd_forward_body	780606	784685	4079	490	3	275	278
tlm_apply_inverse_fold	784685	786405	1720	310	0	54	62
tlm_apply_inverse_swap	786405	787173	768	256	0	0	0
tlm_apply_inverse_mod_sub_register	787173	791947	4774	579	3	322	325
tlm_apply_inverse_mod_sub_fold	791947	792606	659	55	2	55	55
tlm_apply_inverse_mod_sub_clean	792606	792922	316	19	0	20	22
tlm_inverse_gcd_forward_codec	792922	792925	3	0	0	0	0
tlm_inverse_gcd_forward_shift	792925	793783	858	213	0	0	2
tlm_inverse_gcd_forward_compare	793783	794936	1153	251	0	36	37
tlm_inverse_gcd_forward_body	794936	799000	4064	488	3	274	277
tlm_apply_inverse_fold	799000	800720	1720	310	0	54	62
tlm_apply_inverse_swap	800720	801488	768	256	0	0	0
tlm_apply_inverse_mod_sub_register	801488	806262	4774	579	3	322	325
tlm_apply_inverse_mod_sub_fold	806262	806921	659	55	2	55	55
tlm_apply_inverse_mod_sub_clean	806921	807237	316	19	0	20	22
tlm_inverse_gcd_forward_codec	807237	807403	166	18	0	4	7
tlm_inverse_gcd_forward_shift	807403	808257	854	212	0	0	2
tlm_inverse_gcd_forward_compare	808257	809407	1150	250	0	36	37
tlm_inverse_gcd_forward_body	809407	813456	4049	486	3	273	276
tlm_apply_inverse_fold	813456	815176	1720	310	0	54	62
tlm_apply_inverse_swap	815176	815944	768	256	0	0	0
tlm_apply_inverse_mod_sub_register	815944	820718	4774	579	3	322	325
tlm_apply_inverse_mod_sub_fold	820718	821377	659	55	2	55	55
tlm_apply_inverse_mod_sub_clean	821377	821693	316	19	0	20	22
tlm_inverse_gcd_forward_codec	821693	821696	3	0	0	0	0
tlm_inverse_gcd_forward_shift	821696	822546	850	211	0	0	2
tlm_inverse_gcd_forward_compare	822546	823693	1147	249	0	36	37
tlm_inverse_gcd_forward_body	823693	827727	4034	484	3	272	275
tlm_apply_inverse_fold	827727	829447	1720	310	0	54	62
tlm_apply_inverse_swap	829447	830215	768	256	0	0	0
tlm_apply_inverse_mod_sub_register	830215	834989	4774	579	3	322	325
tlm_apply_inverse_mod_sub_fold	834989	835648	659	55	2	55	55
tlm_apply_inverse_mod_sub_clean	835648	835964	316	19	0	20	22
tlm_inverse_gcd_forward_codec	835964	835967	3	0	0	0	0
tlm_inverse_gcd_forward_shift	835967	836813	846	210	0	0	2
tlm_inverse_gcd_forward_compare	836813	837957	1144	248	0	36	37
tlm_inverse_gcd_forward_body	837957	841976	4019	482	3	271	274
tlm_apply_inverse_fold	841976	843696	1720	310	0	54	62
tlm_apply_inverse_swap	843696	844464	768	256	0	0	0
tlm_apply_inverse_mod_sub_register	844464	849238	4774	579	3	322	325
tlm_apply_inverse_mod_sub_fold	849238	849897	659	55	2	55	55
tlm_apply_inverse_mod_sub_clean	849897	850213	316	19	0	20	22
tlm_inverse_gcd_forward_codec	850213	850379	166	18	0	4	7
tlm_inverse_gcd_forward_shift	850379	851221	842	209	0	0	2
tlm_inverse_gcd_forward_compare	851221	852362	1141	247	0	36	37
tlm_inverse_gcd_forward_body	852362	856366	4004	480	3	270	273
tlm_apply_inverse_fold	856366	858086	1720	310	0	54	62
tlm_apply_inverse_swap	858086	858854	768	256	0	0	0
tlm_apply_inverse_mod_sub_register	858854	863628	4774	579	3	322	325
tlm_apply_inverse_mod_sub_fold	863628	864287	659	55	2	55	55
tlm_apply_inverse_mod_sub_clean	864287	864603	316	19	0	20	22
tlm_inverse_gcd_forward_codec	864603	864606	3	0	0	0	0
tlm_inverse_gcd_forward_shift	864606	865444	838	208	0	0	2
tlm_inverse_gcd_forward_compare	865444	866596	1152	247	0	37	38
tlm_inverse_gcd_forward_body	866596	870585	3989	478	3	269	272
tlm_apply_inverse_fold	870585	872305	1720	310	0	54	62
tlm_apply_inverse_swap	872305	873073	768	256	0	0	0
tlm_apply_inverse_mod_sub_register	873073	877847	4774	579	3	322	325
tlm_apply_inverse_mod_sub_fold	877847	878506	659	55	2	55	55
tlm_apply_inverse_mod_sub_clean	878506	878822	316	19	0	20	22
tlm_inverse_gcd_forward_codec	878822	878825	3	0	0	0	0
tlm_inverse_gcd_forward_shift	878825	879659	834	207	0	0	2
tlm_inverse_gcd_forward_compare	879659	880808	1149	246	0	37	38
tlm_inverse_gcd_forward_body	880808	884782	3974	476	3	268	271
tlm_apply_inverse_fold	884782	886502	1720	310	0	54	62
tlm_apply_inverse_swap	886502	887270	768	256	0	0	0
tlm_apply_inverse_mod_sub_register	887270	892044	4774	579	3	322	325
tlm_apply_inverse_mod_sub_fold	892044	892703	659	55	2	55	55
tlm_apply_inverse_mod_sub_clean	892703	893019	316	19	0	20	22
tlm_inverse_gcd_forward_codec	893019	893185	166	18	0	4	7
tlm_inverse_gcd_forward_shift	893185	894015	830	206	0	0	2
tlm_inverse_gcd_forward_compare	894015	895161	1146	245	0	37	38
tlm_inverse_gcd_forward_body	895161	899120	3959	474	3	267	270
tlm_apply_inverse_fold	899120	900840	1720	310	0	54	62
tlm_apply_inverse_swap	900840	901608	768	256	0	0	0
tlm_apply_inverse_mod_sub_register	901608	906382	4774	579	3	322	325
tlm_apply_inverse_mod_sub_fold	906382	907041	659	55	2	55	55
tlm_apply_inverse_mod_sub_clean	907041	907357	316	19	0	20	22
tlm_inverse_gcd_forward_codec	907357	907360	3	0	0	0	0
tlm_inverse_gcd_forward_shift	907360	908186	826	205	0	0	2
tlm_inverse_gcd_forward_compare	908186	909329	1143	244	0	37	38
tlm_inverse_gcd_forward_body	909329	913273	3944	472	3	266	269
tlm_apply_inverse_fold	913273	914993	1720	310	0	54	62
tlm_apply_inverse_swap	914993	915761	768	256	0	0	0
tlm_apply_inverse_mod_sub_register	915761	920535	4774	579	3	322	325
tlm_apply_inverse_mod_sub_fold	920535	921194	659	55	2	55	55
tlm_apply_inverse_mod_sub_clean	921194	921510	316	19	0	20	22
tlm_inverse_gcd_forward_codec	921510	921513	3	0	0	0	0
tlm_inverse_gcd_forward_shift	921513	922335	822	204	0	0	2
tlm_inverse_gcd_forward_compare	922335	923475	1140	243	0	37	38
tlm_inverse_gcd_forward_body	923475	927404	3929	470	3	265	268
tlm_apply_inverse_fold	927404	929124	1720	310	0	54	62
tlm_apply_inverse_swap	929124	929892	768	256	0	0	0
tlm_apply_inverse_mod_sub_register	929892	934666	4774	579	3	322	325
tlm_apply_inverse_mod_sub_fold	934666	935325	659	55	2	55	55
tlm_apply_inverse_mod_sub_clean	935325	935641	316	19	0	20	22
tlm_inverse_gcd_forward_codec	935641	935807	166	18	0	4	7
tlm_inverse_gcd_forward_shift	935807	936625	818	203	0	0	2
tlm_inverse_gcd_forward_compare	936625	937762	1137	242	0	37	38
tlm_inverse_gcd_forward_body	937762	941676	3914	468	3	264	267
tlm_apply_inverse_fold	941676	943396	1720	310	0	54	62
tlm_apply_inverse_swap	943396	944164	768	256	0	0	0
tlm_apply_inverse_mod_sub_register	944164	948938	4774	579	3	322	325
tlm_apply_inverse_mod_sub_fold	948938	949597	659	55	2	55	55
tlm_apply_inverse_mod_sub_clean	949597	949913	316	19	0	20	22
tlm_inverse_gcd_forward_codec	949913	949916	3	0	0	0	0
tlm_inverse_gcd_forward_shift	949916	950730	814	202	0	0	2
tlm_inverse_gcd_forward_compare	950730	951864	1134	241	0	37	38
tlm_inverse_gcd_forward_body	951864	955763	3899	466	3	263	266
tlm_apply_inverse_fold	955763	957483	1720	310	0	54	62
tlm_apply_inverse_swap	957483	958251	768	256	0	0	0
tlm_apply_inverse_mod_sub_register	958251	963025	4774	579	3	322	325
tlm_apply_inverse_mod_sub_fold	963025	963684	659	55	2	55	55
tlm_apply_inverse_mod_sub_clean	963684	964000	316	19	0	20	22
tlm_inverse_gcd_forward_codec	964000	964003	3	0	0	0	0
tlm_inverse_gcd_forward_shift	964003	964813	810	201	0	0	2
tlm_inverse_gcd_forward_compare	964813	965944	1131	240	0	37	38
tlm_inverse_gcd_forward_body	965944	969828	3884	464	3	262	265
tlm_apply_inverse_fold	969828	971548	1720	310	0	54	62
tlm_apply_inverse_swap	971548	972316	768	256	0	0	0
tlm_apply_inverse_mod_sub_register	972316	977090	4774	579	3	322	325
tlm_apply_inverse_mod_sub_fold	977090	977749	659	55	2	55	55
tlm_apply_inverse_mod_sub_clean	977749	978065	316	19	0	20	22
tlm_inverse_gcd_forward_codec	978065	978231	166	18	0	4	7
tlm_inverse_gcd_forward_shift	978231	979037	806	200	0	0	2
tlm_inverse_gcd_forward_compare	979037	980165	1128	239	0	37	38
tlm_inverse_gcd_forward_body	980165	984034	3869	462	3	261	264
tlm_apply_inverse_fold	984034	985754	1720	310	0	54	62
tlm_apply_inverse_swap	985754	986522	768	256	0	0	0
tlm_apply_inverse_mod_sub_register	986522	991296	4774	579	3	322	325
tlm_apply_inverse_mod_sub_fold	991296	991955	659	55	2	55	55
tlm_apply_inverse_mod_sub_clean	991955	992271	316	19	0	20	22
tlm_inverse_gcd_forward_codec	992271	992274	3	0	0	0	0
tlm_inverse_gcd_forward_shift	992274	993076	802	199	0	0	2
tlm_inverse_gcd_forward_compare	993076	994201	1125	238	0	37	38
tlm_inverse_gcd_forward_body	994201	998055	3854	460	3	260	263
tlm_apply_inverse_fold	998055	999775	1720	310	0	54	62
tlm_apply_inverse_swap	999775	1000543	768	256	0	0	0
tlm_apply_inverse_mod_sub_register	1000543	1005317	4774	579	3	322	325
tlm_apply_inverse_mod_sub_fold	1005317	1005976	659	55	2	55	55
tlm_apply_inverse_mod_sub_clean	1005976	1006292	316	19	0	20	22
tlm_inverse_gcd_forward_codec	1006292	1006295	3	0	0	0	0
tlm_inverse_gcd_forward_shift	1006295	1007093	798	198	0	0	2
tlm_inverse_gcd_forward_compare	1007093	1008215	1122	237	0	37	38
tlm_inverse_gcd_forward_body	1008215	1012054	3839	458	3	259	262
tlm_apply_inverse_fold	1012054	1013774	1720	310	0	54	62
tlm_apply_inverse_swap	1013774	1014542	768	256	0	0	0
tlm_apply_inverse_mod_sub_register	1014542	1019316	4774	579	3	322	325
tlm_apply_inverse_mod_sub_fold	1019316	1019975	659	55	2	55	55
tlm_apply_inverse_mod_sub_clean	1019975	1020291	316	19	0	20	22
tlm_inverse_gcd_forward_codec	1020291	1020457	166	18	0	4	7
tlm_inverse_gcd_forward_shift	1020457	1021251	794	197	0	0	2
tlm_inverse_gcd_forward_compare	1021251	1022370	1119	236	0	37	38
tlm_inverse_gcd_forward_body	1022370	1026194	3824	456	3	258	261
tlm_apply_inverse_fold	1026194	1027914	1720	310	0	54	62
tlm_apply_inverse_swap	1027914	1028682	768	256	0	0	0
tlm_apply_inverse_mod_sub_register	1028682	1033456	4774	579	3	322	325
tlm_apply_inverse_mod_sub_fold	1033456	1034115	659	55	2	55	55
tlm_apply_inverse_mod_sub_clean	1034115	1034431	316	19	0	20	22
tlm_inverse_gcd_forward_codec	1034431	1034434	3	0	0	0	0
tlm_inverse_gcd_forward_shift	1034434	1035224	790	196	0	0	2
tlm_inverse_gcd_forward_compare	1035224	1036354	1130	236	0	38	39
tlm_inverse_gcd_forward_body	1036354	1040163	3809	454	3	257	260
tlm_apply_inverse_fold	1040163	1041883	1720	310	0	54	62
tlm_apply_inverse_swap	1041883	1042651	768	256	0	0	0
tlm_apply_inverse_mod_sub_register	1042651	1047425	4774	579	3	322	325
tlm_apply_inverse_mod_sub_fold	1047425	1048084	659	55	2	55	55
tlm_apply_inverse_mod_sub_clean	1048084	1048400	316	19	0	20	22
tlm_inverse_gcd_forward_codec	1048400	1048403	3	0	0	0	0
tlm_inverse_gcd_forward_shift	1048403	1049189	786	195	0	0	2
tlm_inverse_gcd_forward_compare	1049189	1050316	1127	235	0	38	39
tlm_inverse_gcd_forward_body	1050316	1054110	3794	452	3	256	259
tlm_apply_inverse_fold	1054110	1055830	1720	310	0	54	62
tlm_apply_inverse_swap	1055830	1056598	768	256	0	0	0
tlm_apply_inverse_mod_sub_register	1056598	1061372	4774	579	3	322	325
tlm_apply_inverse_mod_sub_fold	1061372	1062031	659	55	2	55	55
tlm_apply_inverse_mod_sub_clean	1062031	1062347	316	19	0	20	22
tlm_inverse_gcd_forward_codec	1062347	1062513	166	18	0	4	7
tlm_inverse_gcd_forward_shift	1062513	1063295	782	194	0	0	2
tlm_inverse_gcd_forward_compare	1063295	1064419	1124	234	0	38	39
tlm_inverse_gcd_forward_body	1064419	1068198	3779	450	3	255	258
tlm_apply_inverse_fold	1068198	1069918	1720	310	0	54	62
tlm_apply_inverse_swap	1069918	1070686	768	256	0	0	0
tlm_apply_inverse_mod_sub_register	1070686	1075460	4774	579	3	322	325
tlm_apply_inverse_mod_sub_fold	1075460	1076119	659	55	2	55	55
tlm_apply_inverse_mod_sub_clean	1076119	1076435	316	19	0	20	22
tlm_inverse_gcd_forward_codec	1076435	1076438	3	0	0	0	0
tlm_inverse_gcd_forward_shift	1076438	1077216	778	193	0	0	2
tlm_inverse_gcd_forward_compare	1077216	1078337	1121	233	0	38	39
tlm_inverse_gcd_forward_body	1078337	1082101	3764	448	3	254	257
tlm_apply_inverse_fold	1082101	1083821	1720	310	0	54	62
tlm_apply_inverse_swap	1083821	1084589	768	256	0	0	0
tlm_apply_inverse_mod_sub_register	1084589	1089363	4774	579	3	322	325
tlm_apply_inverse_mod_sub_fold	1089363	1090022	659	55	2	55	55
tlm_apply_inverse_mod_sub_clean	1090022	1090338	316	19	0	20	22
tlm_inverse_gcd_forward_codec	1090338	1090341	3	0	0	0	0
tlm_inverse_gcd_forward_shift	1090341	1091115	774	192	0	0	2
tlm_inverse_gcd_forward_compare	1091115	1092233	1118	232	0	38	39
tlm_inverse_gcd_forward_body	1092233	1095982	3749	446	3	253	256
tlm_apply_inverse_fold	1095982	1097702	1720	310	0	54	62
tlm_apply_inverse_swap	1097702	1098470	768	256	0	0	0
tlm_apply_inverse_mod_sub_register	1098470	1103244	4774	579	3	322	325
tlm_apply_inverse_mod_sub_fold	1103244	1103903	659	55	2	55	55
tlm_apply_inverse_mod_sub_clean	1103903	1104219	316	19	0	20	22
tlm_inverse_gcd_forward_codec	1104219	1104385	166	18	0	4	7
tlm_inverse_gcd_forward_shift	1104385	1105155	770	191	0	0	2
tlm_inverse_gcd_forward_compare	1105155	1106270	1115	231	0	38	39
tlm_inverse_gcd_forward_body	1106270	1110004	3734	444	3	252	255
tlm_apply_inverse_fold	1110004	1111724	1720	310	0	54	62
tlm_apply_inverse_swap	1111724	1112492	768	256	0	0	0
tlm_apply_inverse_mod_sub_register	1112492	1117266	4774	579	3	322	325
tlm_apply_inverse_mod_sub_fold	1117266	1117925	659	55	2	55	55
tlm_apply_inverse_mod_sub_clean	1117925	1118241	316	19	0	20	22
tlm_inverse_gcd_forward_codec	1118241	1118244	3	0	0	0	0
tlm_inverse_gcd_forward_shift	1118244	1119010	766	190	0	0	2
tlm_inverse_gcd_forward_compare	1119010	1120136	1126	231	0	39	40
tlm_inverse_gcd_forward_body	1120136	1123855	3719	442	3	251	254
tlm_apply_inverse_fold	1123855	1125575	1720	310	0	54	62
tlm_apply_inverse_swap	1125575	1126343	768	256	0	0	0
tlm_apply_inverse_mod_sub_register	1126343	1131117	4774	579	3	322	325
tlm_apply_inverse_mod_sub_fold	1131117	1131776	659	55	2	55	55
tlm_apply_inverse_mod_sub_clean	1131776	1132092	316	19	0	20	22
tlm_inverse_gcd_forward_codec	1132092	1132095	3	0	0	0	0
tlm_inverse_gcd_forward_shift	1132095	1132857	762	189	0	0	2
tlm_inverse_gcd_forward_compare	1132857	1133980	1123	230	0	39	40
tlm_inverse_gcd_forward_body	1133980	1137684	3704	440	3	250	253
tlm_apply_inverse_fold	1137684	1139404	1720	310	0	54	62
tlm_apply_inverse_swap	1139404	1140172	768	256	0	0	0
tlm_apply_inverse_mod_sub_register	1140172	1144946	4774	579	3	322	325
tlm_apply_inverse_mod_sub_fold	1144946	1145605	659	55	2	55	55
tlm_apply_inverse_mod_sub_clean	1145605	1145921	316	19	0	20	22
tlm_inverse_gcd_forward_codec	1145921	1146087	166	18	0	4	7
tlm_inverse_gcd_forward_shift	1146087	1146845	758	188	0	0	2
tlm_inverse_gcd_forward_compare	1146845	1147979	1134	230	0	40	41
tlm_inverse_gcd_forward_body	1147979	1151668	3689	438	3	249	252
tlm_apply_inverse_fold	1151668	1153388	1720	310	0	54	62
tlm_apply_inverse_swap	1153388	1154156	768	256	0	0	0
tlm_apply_inverse_mod_sub_register	1154156	1158930	4774	579	3	322	325
tlm_apply_inverse_mod_sub_fold	1158930	1159589	659	55	2	55	55
tlm_apply_inverse_mod_sub_clean	1159589	1159905	316	19	0	20	22
tlm_inverse_gcd_forward_codec	1159905	1159908	3	0	0	0	0
tlm_inverse_gcd_forward_shift	1159908	1160662	754	187	0	0	2
tlm_inverse_gcd_forward_compare	1160662	1161779	1117	228	0	39	40
tlm_inverse_gcd_forward_body	1161779	1165453	3674	436	3	248	251
tlm_apply_inverse_fold	1165453	1167173	1720	310	0	54	62
tlm_apply_inverse_swap	1167173	1167941	768	256	0	0	0
tlm_apply_inverse_mod_sub_register	1167941	1172715	4774	579	3	322	325
tlm_apply_inverse_mod_sub_fold	1172715	1173374	659	55	2	55	55
tlm_apply_inverse_mod_sub_clean	1173374	1173690	316	19	0	20	22
tlm_inverse_gcd_forward_codec	1173690	1173693	3	0	0	0	0
tlm_inverse_gcd_forward_shift	1173693	1174443	750	186	0	0	2
tlm_inverse_gcd_forward_compare	1174443	1175543	1100	226	0	38	39
tlm_inverse_gcd_forward_body	1175543	1179202	3659	434	3	247	250
tlm_apply_inverse_fold	1179202	1180922	1720	310	0	54	62
tlm_apply_inverse_swap	1180922	1181690	768	256	0	0	0
tlm_apply_inverse_mod_sub_register	1181690	1186464	4774	579	3	322	325
tlm_apply_inverse_mod_sub_fold	1186464	1187123	659	55	2	55	55
tlm_apply_inverse_mod_sub_clean	1187123	1187439	316	19	0	20	22
tlm_inverse_gcd_forward_codec	1187439	1187605	166	18	0	4	7
tlm_inverse_gcd_forward_shift	1187605	1188351	746	185	0	0	2
tlm_inverse_gcd_forward_compare	1188351	1189462	1111	226	0	39	40
tlm_inverse_gcd_forward_body	1189462	1193106	3644	432	3	246	249
tlm_apply_inverse_fold	1193106	1194826	1720	310	0	54	62
tlm_apply_inverse_swap	1194826	1195594	768	256	0	0	0
tlm_apply_inverse_mod_sub_register	1195594	1200368	4774	579	3	322	325
tlm_apply_inverse_mod_sub_fold	1200368	1201027	659	55	2	55	55
tlm_apply_inverse_mod_sub_clean	1201027	1201343	316	19	0	20	22
tlm_inverse_gcd_forward_codec	1201343	1201346	3	0	0	0	0
tlm_inverse_gcd_forward_shift	1201346	1202088	742	184	0	0	2
tlm_inverse_gcd_forward_compare	1202088	1203196	1108	225	0	39	40
tlm_inverse_gcd_forward_body	1203196	1206825	3629	430	3	245	248
tlm_apply_inverse_fold	1206825	1208545	1720	310	0	54	62
tlm_apply_inverse_swap	1208545	1209313	768	256	0	0	0
tlm_apply_inverse_mod_sub_register	1209313	1214087	4774	579	3	322	325
tlm_apply_inverse_mod_sub_fold	1214087	1214746	659	55	2	55	55
tlm_apply_inverse_mod_sub_clean	1214746	1215062	316	19	0	20	22
tlm_inverse_gcd_forward_codec	1215062	1215065	3	0	0	0	0
tlm_inverse_gcd_forward_shift	1215065	1215803	738	183	0	0	2
tlm_inverse_gcd_forward_compare	1215803	1216922	1119	225	0	40	41
tlm_inverse_gcd_forward_body	1216922	1220536	3614	428	3	244	247
tlm_apply_inverse_fold	1220536	1222256	1720	310	0	54	62
tlm_apply_inverse_swap	1222256	1223024	768	256	0	0	0
tlm_apply_inverse_mod_sub_register	1223024	1227798	4774	579	3	322	325
tlm_apply_inverse_mod_sub_fold	1227798	1228457	659	55	2	55	55
tlm_apply_inverse_mod_sub_clean	1228457	1228773	316	19	0	20	22
tlm_inverse_gcd_forward_codec	1228773	1228939	166	18	0	4	7
tlm_inverse_gcd_forward_shift	1228939	1229673	734	182	0	0	2
tlm_inverse_gcd_forward_compare	1229673	1230789	1116	224	0	40	41
tlm_inverse_gcd_forward_body	1230789	1234388	3599	426	3	243	246
tlm_apply_inverse_fold	1234388	1236108	1720	310	0	54	62
tlm_apply_inverse_swap	1236108	1236876	768	256	0	0	0
tlm_apply_inverse_mod_sub_register	1236876	1241650	4774	579	3	322	325
tlm_apply_inverse_mod_sub_fold	1241650	1242309	659	55	2	55	55
tlm_apply_inverse_mod_sub_clean	1242309	1242625	316	19	0	20	22
tlm_inverse_gcd_forward_codec	1242625	1242628	3	0	0	0	0
tlm_inverse_gcd_forward_shift	1242628	1243358	730	181	0	0	2
tlm_inverse_gcd_forward_compare	1243358	1244485	1127	224	0	41	42
tlm_inverse_gcd_forward_body	1244485	1248069	3584	424	3	242	245
tlm_apply_inverse_fold	1248069	1249789	1720	310	0	54	62
tlm_apply_inverse_swap	1249789	1250557	768	256	0	0	0
tlm_apply_inverse_mod_sub_register	1250557	1255331	4774	579	3	322	325
tlm_apply_inverse_mod_sub_fold	1255331	1255990	659	55	2	55	55
tlm_apply_inverse_mod_sub_clean	1255990	1256306	316	19	0	20	22
tlm_inverse_gcd_forward_codec	1256306	1256309	3	0	0	0	0
tlm_inverse_gcd_forward_shift	1256309	1257035	726	180	0	0	2
tlm_inverse_gcd_forward_compare	1257035	1258131	1096	221	0	39	40
tlm_inverse_gcd_forward_body	1258131	1261700	3569	422	3	241	244
tlm_apply_inverse_fold	1261700	1263420	1720	310	0	54	62
tlm_apply_inverse_swap	1263420	1264188	768	256	0	0	0
tlm_apply_inverse_mod_sub_register	1264188	1268962	4774	579	3	322	325
tlm_apply_inverse_mod_sub_fold	1268962	1269621	659	55	2	55	55
tlm_apply_inverse_mod_sub_clean	1269621	1269937	316	19	0	20	22
tlm_inverse_gcd_forward_codec	1269937	1270103	166	18	0	4	7
tlm_inverse_gcd_forward_shift	1270103	1270825	722	179	0	0	2
tlm_inverse_gcd_forward_compare	1270825	1271918	1093	220	0	39	40
tlm_inverse_gcd_forward_body	1271918	1275472	3554	420	3	240	243
tlm_apply_inverse_fold	1275472	1277192	1720	310	0	54	62
tlm_apply_inverse_swap	1277192	1277960	768	256	0	0	0
tlm_apply_inverse_mod_sub_register	1277960	1282734	4774	579	3	322	325
tlm_apply_inverse_mod_sub_fold	1282734	1283393	659	55	2	55	55
tlm_apply_inverse_mod_sub_clean	1283393	1283709	316	19	0	20	22
tlm_inverse_gcd_forward_codec	1283709	1283712	3	0	0	0	0
tlm_inverse_gcd_forward_shift	1283712	1284430	718	178	0	0	2
tlm_inverse_gcd_forward_compare	1284430	1285534	1104	220	0	40	41
tlm_inverse_gcd_forward_body	1285534	1289073	3539	418	3	239	242
tlm_apply_inverse_fold	1289073	1290793	1720	310	0	54	62
tlm_apply_inverse_swap	1290793	1291561	768	256	0	0	0
tlm_apply_inverse_mod_sub_register	1291561	1296335	4774	579	3	322	325
tlm_apply_inverse_mod_sub_fold	1296335	1296994	659	55	2	55	55
tlm_apply_inverse_mod_sub_clean	1296994	1297310	316	19	0	20	22
tlm_inverse_gcd_forward_codec	1297310	1297313	3	0	0	0	0
tlm_inverse_gcd_forward_shift	1297313	1298027	714	177	0	0	2
tlm_inverse_gcd_forward_compare	1298027	1299128	1101	219	0	40	41
tlm_inverse_gcd_forward_body	1299128	1302652	3524	416	3	238	241
tlm_apply_inverse_fold	1302652	1304372	1720	310	0	54	62
tlm_apply_inverse_swap	1304372	1305140	768	256	0	0	0
tlm_apply_inverse_mod_sub_register	1305140	1309914	4774	579	3	322	325
tlm_apply_inverse_mod_sub_fold	1309914	1310573	659	55	2	55	55
tlm_apply_inverse_mod_sub_clean	1310573	1310889	316	19	0	20	22
tlm_inverse_gcd_forward_codec	1310889	1311055	166	18	0	4	7
tlm_inverse_gcd_forward_shift	1311055	1311765	710	176	0	0	2
tlm_inverse_gcd_forward_compare	1311765	1312863	1098	218	0	40	41
tlm_inverse_gcd_forward_body	1312863	1316372	3509	414	3	237	240
tlm_apply_inverse_fold	1316372	1318092	1720	310	0	54	62
tlm_apply_inverse_swap	1318092	1318860	768	256	0	0	0
tlm_apply_inverse_mod_sub_register	1318860	1323634	4774	579	3	322	325
tlm_apply_inverse_mod_sub_fold	1323634	1324293	659	55	2	55	55
tlm_apply_inverse_mod_sub_clean	1324293	1324609	316	19	0	20	22
tlm_inverse_gcd_forward_codec	1324609	1324612	3	0	0	0	0
tlm_inverse_gcd_forward_shift	1324612	1325318	706	175	0	0	2
tlm_inverse_gcd_forward_compare	1325318	1326413	1095	217	0	40	41
tlm_inverse_gcd_forward_body	1326413	1329907	3494	412	3	236	239
tlm_apply_inverse_fold	1329907	1331627	1720	310	0	54	62
tlm_apply_inverse_swap	1331627	1332395	768	256	0	0	0
tlm_apply_inverse_mod_sub_register	1332395	1337169	4774	579	3	322	325
tlm_apply_inverse_mod_sub_fold	1337169	1337828	659	55	2	55	55
tlm_apply_inverse_mod_sub_clean	1337828	1338144	316	19	0	20	22
tlm_inverse_gcd_forward_codec	1338144	1338147	3	0	0	0	0
tlm_inverse_gcd_forward_shift	1338147	1338849	702	174	0	0	2
tlm_inverse_gcd_forward_compare	1338849	1339941	1092	216	0	40	41
tlm_inverse_gcd_forward_body	1339941	1343420	3479	410	3	235	238
tlm_apply_inverse_fold	1343420	1345140	1720	310	0	54	62
tlm_apply_inverse_swap	1345140	1345908	768	256	0	0	0
tlm_apply_inverse_mod_sub_register	1345908	1350682	4774	579	3	322	325
tlm_apply_inverse_mod_sub_fold	1350682	1351341	659	55	2	55	55
tlm_apply_inverse_mod_sub_clean	1351341	1351657	316	19	0	20	22
tlm_inverse_gcd_forward_codec	1351657	1351823	166	18	0	4	7
tlm_inverse_gcd_forward_shift	1351823	1352521	698	173	0	0	2
tlm_inverse_gcd_forward_compare	1352521	1353610	1089	215	0	40	41
tlm_inverse_gcd_forward_body	1353610	1357074	3464	408	3	234	237
tlm_apply_inverse_fold	1357074	1358794	1720	310	0	54	62
tlm_apply_inverse_swap	1358794	1359562	768	256	0	0	0
tlm_apply_inverse_mod_sub_register	1359562	1364336	4774	579	3	322	325
tlm_apply_inverse_mod_sub_fold	1364336	1364995	659	55	2	55	55
tlm_apply_inverse_mod_sub_clean	1364995	1365311	316	19	0	20	22
tlm_inverse_gcd_forward_codec	1365311	1365314	3	0	0	0	0
tlm_inverse_gcd_forward_shift	1365314	1366008	694	172	0	0	2
tlm_inverse_gcd_forward_compare	1366008	1367108	1100	215	0	41	42
tlm_inverse_gcd_forward_body	1367108	1370557	3449	406	3	233	236
tlm_apply_inverse_fold	1370557	1372277	1720	310	0	54	62
tlm_apply_inverse_swap	1372277	1373045	768	256	0	0	0
tlm_apply_inverse_mod_sub_register	1373045	1377819	4774	579	3	322	325
tlm_apply_inverse_mod_sub_fold	1377819	1378478	659	55	2	55	55
tlm_apply_inverse_mod_sub_clean	1378478	1378794	316	19	0	20	22
tlm_inverse_gcd_forward_codec	1378794	1378797	3	0	0	0	0
tlm_inverse_gcd_forward_shift	1378797	1379487	690	171	0	0	2
tlm_inverse_gcd_forward_compare	1379487	1380570	1083	213	0	40	41
tlm_inverse_gcd_forward_body	1380570	1384004	3434	404	3	232	235
tlm_apply_inverse_fold	1384004	1385724	1720	310	0	54	62
tlm_apply_inverse_swap	1385724	1386492	768	256	0	0	0
tlm_apply_inverse_mod_sub_register	1386492	1391266	4774	579	3	322	325
tlm_apply_inverse_mod_sub_fold	1391266	1391925	659	55	2	55	55
tlm_apply_inverse_mod_sub_clean	1391925	1392241	316	19	0	20	22
tlm_inverse_gcd_forward_codec	1392241	1392407	166	18	0	4	7
tlm_inverse_gcd_forward_shift	1392407	1393095	688	171	0	0	0
tlm_inverse_gcd_forward_compare	1393095	1394206	1111	215	0	42	43
tlm_inverse_gcd_forward_body	1394206	1397640	3434	404	3	232	235
tlm_apply_inverse_fold	1397640	1399360	1720	310	0	54	62
tlm_apply_inverse_swap	1399360	1400128	768	256	0	0	0
tlm_apply_inverse_mod_sub_register	1400128	1405215	5087	601	4	344	348
tlm_apply_inverse_mod_sub_fold	1405215	1405874	659	55	2	55	55
tlm_apply_inverse_mod_sub_clean	1405874	1406190	316	19	0	20	22
tlm_inverse_gcd_forward_codec	1406190	1406193	3	0	0	0	0
tlm_inverse_gcd_forward_shift	1406193	1406879	686	170	0	0	2
tlm_inverse_gcd_forward_compare	1406879	1407973	1094	213	0	41	42
tlm_inverse_gcd_forward_body	1407973	1411392	3419	402	3	231	234
tlm_apply_inverse_fold	1411392	1413112	1720	310	0	54	62
tlm_apply_inverse_swap	1413112	1413880	768	256	0	0	0
tlm_apply_inverse_mod_sub_register	1413880	1418967	5087	601	4	344	348
tlm_apply_inverse_mod_sub_fold	1418967	1419626	659	55	2	55	55
tlm_apply_inverse_mod_sub_clean	1419626	1419942	316	19	0	20	22
tlm_inverse_gcd_forward_codec	1419942	1419945	3	0	0	0	0
tlm_inverse_gcd_forward_shift	1419945	1420625	680	168	0	0	4
tlm_inverse_gcd_forward_compare	1420625	1421699	1074	210	0	40	41
tlm_inverse_gcd_forward_body	1421699	1425088	3389	398	3	229	232
tlm_apply_inverse_fold	1425088	1426808	1720	310	0	54	62
tlm_apply_inverse_swap	1426808	1427576	768	256	0	0	0
tlm_apply_inverse_mod_sub_register	1427576	1432663	5087	601	4	344	348
tlm_apply_inverse_mod_sub_fold	1432663	1433322	659	55	2	55	55
tlm_apply_inverse_mod_sub_clean	1433322	1433638	316	19	0	20	22
tlm_inverse_gcd_forward_codec	1433638	1433804	166	18	0	4	7
tlm_inverse_gcd_forward_shift	1433804	1434478	674	167	0	0	2
tlm_inverse_gcd_forward_compare	1434478	1435549	1071	209	0	40	41
tlm_inverse_gcd_forward_body	1435549	1438923	3374	396	3	228	231
tlm_apply_inverse_fold	1438923	1440643	1720	310	0	54	62
tlm_apply_inverse_swap	1440643	1441411	768	256	0	0	0
tlm_apply_inverse_mod_sub_register	1441411	1446185	4774	579	3	322	325
tlm_apply_inverse_mod_sub_fold	1446185	1446844	659	55	2	55	55
tlm_apply_inverse_mod_sub_clean	1446844	1447160	316	19	0	20	22
tlm_inverse_gcd_forward_codec	1447160	1447163	3	0	0	0	0
tlm_inverse_gcd_forward_shift	1447163	1447833	670	166	0	0	2
tlm_inverse_gcd_forward_compare	1447833	1448929	1096	210	0	42	43
tlm_inverse_gcd_forward_body	1448929	1452288	3359	394	3	227	230
tlm_apply_inverse_fold	1452288	1454008	1720	310	0	54	62
tlm_apply_inverse_swap	1454008	1454776	768	256	0	0	0
tlm_apply_inverse_mod_sub_register	1454776	1459863	5087	601	4	344	348
tlm_apply_inverse_mod_sub_fold	1459863	1460522	659	55	2	55	55
tlm_apply_inverse_mod_sub_clean	1460522	1460838	316	19	0	20	22
tlm_inverse_gcd_forward_codec	1460838	1460841	3	0	0	0	0
tlm_inverse_gcd_forward_shift	1460841	1461507	666	165	0	0	2
tlm_inverse_gcd_forward_compare	1461507	1462586	1079	208	0	41	42
tlm_inverse_gcd_forward_body	1462586	1465930	3344	392	3	226	229
tlm_apply_inverse_fold	1465930	1467650	1720	310	0	54	62
tlm_apply_inverse_swap	1467650	1468418	768	256	0	0	0
tlm_apply_inverse_mod_sub_register	1468418	1473505	5087	601	4	344	348
tlm_apply_inverse_mod_sub_fold	1473505	1474164	659	55	2	55	55
tlm_apply_inverse_mod_sub_clean	1474164	1474480	316	19	0	20	22
tlm_inverse_gcd_forward_codec	1474480	1474646	166	18	0	4	7
tlm_inverse_gcd_forward_shift	1474646	1475308	662	164	0	0	2
tlm_inverse_gcd_forward_compare	1475308	1476384	1076	207	0	41	42
tlm_inverse_gcd_forward_body	1476384	1479713	3329	390	3	225	228
tlm_apply_inverse_fold	1479713	1481433	1720	310	0	54	62
tlm_apply_inverse_swap	1481433	1482201	768	256	0	0	0
tlm_apply_inverse_mod_sub_register	1482201	1487288	5087	601	4	344	348
tlm_apply_inverse_mod_sub_fold	1487288	1487947	659	55	2	55	55
tlm_apply_inverse_mod_sub_clean	1487947	1488263	316	19	0	20	22
tlm_inverse_gcd_forward_codec	1488263	1488266	3	0	0	0	0
tlm_inverse_gcd_forward_shift	1488266	1488922	656	162	0	0	4
tlm_inverse_gcd_forward_compare	1488922	1489978	1056	204	0	40	41
tlm_inverse_gcd_forward_body	1489978	1493277	3299	386	3	223	226
tlm_apply_inverse_fold	1493277	1494997	1720	310	0	54	62
tlm_apply_inverse_swap	1494997	1495765	768	256	0	0	0
tlm_apply_inverse_mod_sub_register	1495765	1500539	4774	579	3	322	325
tlm_apply_inverse_mod_sub_fold	1500539	1501198	659	55	2	55	55
tlm_apply_inverse_mod_sub_clean	1501198	1501514	316	19	0	20	22
tlm_inverse_gcd_forward_codec	1501514	1501517	3	0	0	0	0
tlm_inverse_gcd_forward_shift	1501517	1502165	648	160	0	0	4
tlm_inverse_gcd_forward_compare	1502165	1503215	1050	202	0	40	41
tlm_inverse_gcd_forward_body	1503215	1506484	3269	382	3	221	224
tlm_apply_inverse_fold	1506484	1508204	1720	310	0	54	62
tlm_apply_inverse_swap	1508204	1508972	768	256	0	0	0
tlm_apply_inverse_mod_sub_register	1508972	1513746	4774	579	3	322	325
tlm_apply_inverse_mod_sub_fold	1513746	1514405	659	55	2	55	55
tlm_apply_inverse_mod_sub_clean	1514405	1514721	316	19	0	20	22
tlm_inverse_gcd_forward_codec	1514721	1514887	166	18	0	4	7
tlm_inverse_gcd_forward_shift	1514887	1515531	644	160	0	0	0
tlm_inverse_gcd_forward_compare	1515531	1516595	1064	203	0	41	42
tlm_inverse_gcd_forward_body	1516595	1519864	3269	382	3	221	224
tlm_apply_inverse_fold	1519864	1521584	1720	310	0	54	62
tlm_apply_inverse_swap	1521584	1522352	768	256	0	0	0
tlm_apply_inverse_mod_sub_register	1522352	1527126	4774	579	3	322	325
tlm_apply_inverse_mod_sub_fold	1527126	1527785	659	55	2	55	55
tlm_apply_inverse_mod_sub_clean	1527785	1528101	316	19	0	20	22
tlm_inverse_gcd_forward_codec	1528101	1528104	3	0	0	0	0
tlm_inverse_gcd_forward_shift	1528104	1528746	642	159	0	0	2
tlm_inverse_gcd_forward_compare	1528746	1529793	1047	201	0	40	41
tlm_inverse_gcd_forward_body	1529793	1533047	3254	380	3	220	223
tlm_apply_inverse_fold	1533047	1534767	1720	310	0	54	62
tlm_apply_inverse_swap	1534767	1535535	768	256	0	0	0
tlm_apply_inverse_mod_sub_register	1535535	1540622	5087	601	4	344	348
tlm_apply_inverse_mod_sub_fold	1540622	1541281	659	55	2	55	55
tlm_apply_inverse_mod_sub_clean	1541281	1541597	316	19	0	20	22
tlm_inverse_gcd_forward_codec	1541597	1541600	3	0	0	0	0
tlm_inverse_gcd_forward_shift	1541600	1542238	638	158	0	0	2
tlm_inverse_gcd_forward_compare	1542238	1543296	1058	201	0	41	42
tlm_inverse_gcd_forward_body	1543296	1546535	3239	378	3	219	222
tlm_apply_inverse_fold	1546535	1548255	1720	310	0	54	62
tlm_apply_inverse_swap	1548255	1549023	768	256	0	0	0
tlm_apply_inverse_mod_sub_register	1549023	1554110	5087	601	4	344	348
tlm_apply_inverse_mod_sub_fold	1554110	1554769	659	55	2	55	55
tlm_apply_inverse_mod_sub_clean	1554769	1555085	316	19	0	20	22
tlm_inverse_gcd_forward_codec	1555085	1555251	166	18	0	4	7
tlm_inverse_gcd_forward_shift	1555251	1555883	632	156	0	0	4
tlm_inverse_gcd_forward_compare	1555883	1556921	1038	198	0	40	41
tlm_inverse_gcd_forward_body	1556921	1560130	3209	374	3	217	220
tlm_apply_inverse_fold	1560130	1561850	1720	310	0	54	62
tlm_apply_inverse_swap	1561850	1562618	768	256	0	0	0
tlm_apply_inverse_mod_sub_register	1562618	1567392	4774	579	3	322	325
tlm_apply_inverse_mod_sub_fold	1567392	1568051	659	55	2	55	55
tlm_apply_inverse_mod_sub_clean	1568051	1568367	316	19	0	20	22
tlm_inverse_gcd_forward_codec	1568367	1568370	3	0	0	0	0
tlm_inverse_gcd_forward_shift	1568370	1568998	628	156	0	0	0
tlm_inverse_gcd_forward_compare	1568998	1570050	1052	199	0	41	42
tlm_inverse_gcd_forward_body	1570050	1573259	3209	374	3	217	220
tlm_apply_inverse_fold	1573259	1574979	1720	310	0	54	62
tlm_apply_inverse_swap	1574979	1575747	768	256	0	0	0
tlm_apply_inverse_mod_sub_register	1575747	1580834	5087	601	4	344	348
tlm_apply_inverse_mod_sub_fold	1580834	1581493	659	55	2	55	55
tlm_apply_inverse_mod_sub_clean	1581493	1581809	316	19	0	20	22
tlm_inverse_gcd_forward_codec	1581809	1581812	3	0	0	0	0
tlm_inverse_gcd_forward_shift	1581812	1582438	626	155	0	0	2
tlm_inverse_gcd_forward_compare	1582438	1583487	1049	198	0	41	42
tlm_inverse_gcd_forward_body	1583487	1586681	3194	372	3	216	219
tlm_apply_inverse_fold	1586681	1588401	1720	310	0	54	62
tlm_apply_inverse_swap	1588401	1589169	768	256	0	0	0
tlm_apply_inverse_mod_sub_register	1589169	1594256	5087	601	4	344	348
tlm_apply_inverse_mod_sub_fold	1594256	1594915	659	55	2	55	55
tlm_apply_inverse_mod_sub_clean	1594915	1595231	316	19	0	20	22
tlm_inverse_gcd_forward_codec	1595231	1595397	166	18	0	4	7
tlm_inverse_gcd_forward_shift	1595397	1596017	620	153	0	0	4
tlm_inverse_gcd_forward_compare	1596017	1597046	1029	195	0	40	41
tlm_inverse_gcd_forward_body	1597046	1600210	3164	368	3	214	217
tlm_apply_inverse_fold	1600210	1601930	1720	310	0	54	62
tlm_apply_inverse_swap	1601930	1602698	768	256	0	0	0
tlm_apply_inverse_mod_sub_register	1602698	1607472	4774	579	3	322	325
tlm_apply_inverse_mod_sub_fold	1607472	1608131	659	55	2	55	55
tlm_apply_inverse_mod_sub_clean	1608131	1608447	316	19	0	20	22
tlm_inverse_gcd_forward_codec	1608447	1608450	3	0	0	0	0
tlm_inverse_gcd_forward_shift	1608450	1609066	616	153	0	0	0
tlm_inverse_gcd_forward_compare	1609066	1610123	1057	197	0	42	43
tlm_inverse_gcd_forward_body	1610123	1613287	3164	368	3	214	217
tlm_apply_inverse_fold	1613287	1615007	1720	310	0	54	62
tlm_apply_inverse_swap	1615007	1615775	768	256	0	0	0
tlm_apply_inverse_mod_sub_register	1615775	1620862	5087	601	4	344	348
tlm_apply_inverse_mod_sub_fold	1620862	1621521	659	55	2	55	55
tlm_apply_inverse_mod_sub_clean	1621521	1621837	316	19	0	20	22
tlm_inverse_gcd_forward_codec	1621837	1621840	3	0	0	0	0
tlm_inverse_gcd_forward_shift	1621840	1622454	614	152	0	0	2
tlm_inverse_gcd_forward_compare	1622454	1623494	1040	195	0	41	42
tlm_inverse_gcd_forward_body	1623494	1626643	3149	366	3	213	216
tlm_apply_inverse_fold	1626643	1628363	1720	310	0	54	62
tlm_apply_inverse_swap	1628363	1629131	768	256	0	0	0
tlm_apply_inverse_mod_sub_register	1629131	1634218	5087	601	4	344	348
tlm_apply_inverse_mod_sub_fold	1634218	1634877	659	55	2	55	55
tlm_apply_inverse_mod_sub_clean	1634877	1635193	316	19	0	20	22
tlm_inverse_gcd_forward_codec	1635193	1635359	166	18	0	4	7
tlm_inverse_gcd_forward_shift	1635359	1635969	610	151	0	0	2
tlm_inverse_gcd_forward_compare	1635969	1637020	1051	195	0	42	43
tlm_inverse_gcd_forward_body	1637020	1640154	3134	364	3	212	215
tlm_apply_inverse_fold	1640154	1641874	1720	310	0	54	62
tlm_apply_inverse_swap	1641874	1642642	768	256	0	0	0
tlm_apply_inverse_mod_sub_register	1642642	1647729	5087	601	4	344	348
tlm_apply_inverse_mod_sub_fold	1647729	1648388	659	55	2	55	55
tlm_apply_inverse_mod_sub_clean	1648388	1648704	316	19	0	20	22
tlm_inverse_gcd_forward_codec	1648704	1648707	3	0	0	0	0
tlm_inverse_gcd_forward_shift	1648707	1649313	606	150	0	0	2
tlm_inverse_gcd_forward_compare	1649313	1650361	1048	194	0	42	43
tlm_inverse_gcd_forward_body	1650361	1653480	3119	362	3	211	214
tlm_apply_inverse_fold	1653480	1655200	1720	310	0	54	62
tlm_apply_inverse_swap	1655200	1655968	768	256	0	0	0
tlm_apply_inverse_mod_sub_register	1655968	1661055	5087	601	4	344	348
tlm_apply_inverse_mod_sub_fold	1661055	1661714	659	55	2	55	55
tlm_apply_inverse_mod_sub_clean	1661714	1662030	316	19	0	20	22
tlm_inverse_gcd_forward_codec	1662030	1662033	3	0	0	0	0
tlm_inverse_gcd_forward_shift	1662033	1662635	602	149	0	0	2
tlm_inverse_gcd_forward_compare	1662635	1663680	1045	193	0	42	43
tlm_inverse_gcd_forward_body	1663680	1666784	3104	360	3	210	213
tlm_apply_inverse_fold	1666784	1668504	1720	310	0	54	62
tlm_apply_inverse_swap	1668504	1669272	768	256	0	0	0
tlm_apply_inverse_mod_sub_register	1669272	1674359	5087	601	4	344	348
tlm_apply_inverse_mod_sub_fold	1674359	1675018	659	55	2	55	55
tlm_apply_inverse_mod_sub_clean	1675018	1675334	316	19	0	20	22
tlm_inverse_gcd_forward_codec	1675334	1675500	166	18	0	4	7
tlm_inverse_gcd_forward_shift	1675500	1676098	598	148	0	0	2
tlm_inverse_gcd_forward_compare	1676098	1677140	1042	192	0	42	43
tlm_inverse_gcd_forward_body	1677140	1680229	3089	358	3	209	212
tlm_apply_inverse_fold	1680229	1681949	1720	310	0	54	62
tlm_apply_inverse_swap	1681949	1682717	768	256	0	0	0
tlm_apply_inverse_mod_sub_register	1682717	1687804	5087	601	4	344	348
tlm_apply_inverse_mod_sub_fold	1687804	1688463	659	55	2	55	55
tlm_apply_inverse_mod_sub_clean	1688463	1688779	316	19	0	20	22
tlm_inverse_gcd_forward_codec	1688779	1688782	3	0	0	0	0
tlm_inverse_gcd_forward_shift	1688782	1689376	594	147	0	0	2
tlm_inverse_gcd_forward_compare	1689376	1690415	1039	191	0	42	43
tlm_inverse_gcd_forward_body	1690415	1693489	3074	356	3	208	211
tlm_apply_inverse_fold	1693489	1695209	1720	310	0	54	62
tlm_apply_inverse_swap	1695209	1695977	768	256	0	0	0
tlm_apply_inverse_mod_sub_register	1695977	1701064	5087	601	4	344	348
tlm_apply_inverse_mod_sub_fold	1701064	1701723	659	55	2	55	55
tlm_apply_inverse_mod_sub_clean	1701723	1702039	316	19	0	20	22
tlm_inverse_gcd_forward_codec	1702039	1702042	3	0	0	0	0
tlm_inverse_gcd_forward_shift	1702042	1702630	588	145	0	0	4
tlm_inverse_gcd_forward_compare	1702630	1703649	1019	188	0	41	42
tlm_inverse_gcd_forward_body	1703649	1706693	3044	352	3	206	209
tlm_apply_inverse_fold	1706693	1708413	1720	310	0	54	62
tlm_apply_inverse_swap	1708413	1709181	768	256	0	0	0
tlm_apply_inverse_mod_sub_register	1709181	1714268	5087	601	4	344	348
tlm_apply_inverse_mod_sub_fold	1714268	1714927	659	55	2	55	55
tlm_apply_inverse_mod_sub_clean	1714927	1715243	316	19	0	20	22
tlm_inverse_gcd_forward_codec	1715243	1715409	166	18	0	4	7
tlm_inverse_gcd_forward_shift	1715409	1715991	582	144	0	0	2
tlm_inverse_gcd_forward_compare	1715991	1717007	1016	187	0	41	42
tlm_inverse_gcd_forward_body	1717007	1720036	3029	350	3	205	208
tlm_apply_inverse_fold	1720036	1721756	1720	310	0	54	62
tlm_apply_inverse_swap	1721756	1722524	768	256	0	0	0
tlm_apply_inverse_mod_sub_register	1722524	1727611	5087	601	4	344	348
tlm_apply_inverse_mod_sub_fold	1727611	1728270	659	55	2	55	55
tlm_apply_inverse_mod_sub_clean	1728270	1728586	316	19	0	20	22
tlm_inverse_gcd_forward_codec	1728586	1728589	3	0	0	0	0
tlm_inverse_gcd_forward_shift	1728589	1729167	578	143	0	0	2
tlm_inverse_gcd_forward_compare	1729167	1730194	1027	187	0	42	43
tlm_inverse_gcd_forward_body	1730194	1733208	3014	348	3	204	207
tlm_apply_inverse_fold	1733208	1734928	1720	310	0	54	62
tlm_apply_inverse_swap	1734928	1735696	768	256	0	0	0
tlm_apply_inverse_mod_sub_register	1735696	1740783	5087	601	4	344	348
tlm_apply_inverse_mod_sub_fold	1740783	1741442	659	55	2	55	55
tlm_apply_inverse_mod_sub_clean	1741442	1741758	316	19	0	20	22
tlm_inverse_gcd_forward_codec	1741758	1741761	3	0	0	0	0
tlm_inverse_gcd_forward_shift	1741761	1742335	574	142	0	0	2
tlm_inverse_gcd_forward_compare	1742335	1743345	1010	185	0	41	42
tlm_inverse_gcd_forward_body	1743345	1746344	2999	346	3	203	206
tlm_apply_inverse_fold	1746344	1748064	1720	310	0	54	62
tlm_apply_inverse_swap	1748064	1748832	768	256	0	0	0
tlm_apply_inverse_mod_sub_register	1748832	1753919	5087	601	4	344	348
tlm_apply_inverse_mod_sub_fold	1753919	1754578	659	55	2	55	55
tlm_apply_inverse_mod_sub_clean	1754578	1754894	316	19	0	20	22
tlm_inverse_gcd_forward_codec	1754894	1755060	166	18	0	4	7
tlm_inverse_gcd_forward_shift	1755060	1755630	570	141	0	0	2
tlm_inverse_gcd_forward_compare	1755630	1756651	1021	185	0	42	43
tlm_inverse_gcd_forward_body	1756651	1759635	2984	344	3	202	205
tlm_apply_inverse_fold	1759635	1761355	1720	310	0	54	62
tlm_apply_inverse_swap	1761355	1762123	768	256	0	0	0
tlm_apply_inverse_mod_sub_register	1762123	1767210	5087	601	4	344	348
tlm_apply_inverse_mod_sub_fold	1767210	1767869	659	55	2	55	55
tlm_apply_inverse_mod_sub_clean	1767869	1768185	316	19	0	20	22
tlm_inverse_gcd_forward_codec	1768185	1768188	3	0	0	0	0
tlm_inverse_gcd_forward_shift	1768188	1768756	568	141	0	0	0
tlm_inverse_gcd_forward_compare	1768756	1769791	1035	186	0	43	44
tlm_inverse_gcd_forward_body	1769791	1772775	2984	344	3	202	205
tlm_apply_inverse_fold	1772775	1774495	1720	310	0	54	62
tlm_apply_inverse_swap	1774495	1775263	768	256	0	0	0
tlm_apply_inverse_mod_sub_register	1775263	1780350	5087	601	4	344	348
tlm_apply_inverse_mod_sub_fold	1780350	1781009	659	55	2	55	55
tlm_apply_inverse_mod_sub_clean	1781009	1781325	316	19	0	20	22
tlm_inverse_gcd_forward_codec	1781325	1781328	3	0	0	0	0
tlm_inverse_gcd_forward_shift	1781328	1781894	566	140	0	0	2
tlm_inverse_gcd_forward_compare	1781894	1782912	1018	184	0	42	43
tlm_inverse_gcd_forward_body	1782912	1785881	2969	342	3	201	204
tlm_apply_inverse_fold	1785881	1787601	1720	310	0	54	62
tlm_apply_inverse_swap	1787601	1788369	768	256	0	0	0
tlm_apply_inverse_mod_sub_register	1788369	1793456	5087	601	4	344	348
tlm_apply_inverse_mod_sub_fold	1793456	1794115	659	55	2	55	55
tlm_apply_inverse_mod_sub_clean	1794115	1794431	316	19	0	20	22
tlm_inverse_gcd_forward_codec	1794431	1794597	166	18	0	4	7
tlm_inverse_gcd_forward_shift	1794597	1795159	562	139	0	0	2
tlm_inverse_gcd_forward_compare	1795159	1796174	1015	183	0	42	43
tlm_inverse_gcd_forward_body	1796174	1799128	2954	340	3	200	203
tlm_apply_inverse_fold	1799128	1800848	1720	310	0	54	62
tlm_apply_inverse_swap	1800848	1801616	768	256	0	0	0
tlm_apply_inverse_mod_sub_register	1801616	1806703	5087	601	4	344	348
tlm_apply_inverse_mod_sub_fold	1806703	1807362	659	55	2	55	55
tlm_apply_inverse_mod_sub_clean	1807362	1807678	316	19	0	20	22
tlm_inverse_gcd_forward_codec	1807678	1807681	3	0	0	0	0
tlm_inverse_gcd_forward_shift	1807681	1808237	556	137	0	0	4
tlm_inverse_gcd_forward_compare	1808237	1809246	1009	181	0	42	43
tlm_inverse_gcd_forward_body	1809246	1812170	2924	336	3	198	201
tlm_apply_inverse_fold	1812170	1813890	1720	310	0	54	62
tlm_apply_inverse_swap	1813890	1814658	768	256	0	0	0
tlm_apply_inverse_mod_sub_register	1814658	1819745	5087	601	4	344	348
tlm_apply_inverse_mod_sub_fold	1819745	1820404	659	55	2	55	55
tlm_apply_inverse_mod_sub_clean	1820404	1820720	316	19	0	20	22
tlm_inverse_gcd_forward_codec	1820720	1820723	3	0	0	0	0
tlm_inverse_gcd_forward_shift	1820723	1821275	552	137	0	0	0
tlm_inverse_gcd_forward_compare	1821275	1822284	1009	181	0	42	43
tlm_inverse_gcd_forward_body	1822284	1825208	2924	336	3	198	201
tlm_apply_inverse_fold	1825208	1826928	1720	310	0	54	62
tlm_apply_inverse_swap	1826928	1827696	768	256	0	0	0
tlm_apply_inverse_mod_sub_register	1827696	1832783	5087	601	4	344	348
tlm_apply_inverse_mod_sub_fold	1832783	1833442	659	55	2	55	55
tlm_apply_inverse_mod_sub_clean	1833442	1833758	316	19	0	20	22
tlm_inverse_gcd_forward_codec	1833758	1833924	166	18	0	4	7
tlm_inverse_gcd_forward_shift	1833924	1834474	550	136	0	0	2
tlm_inverse_gcd_forward_compare	1834474	1835480	1006	180	0	42	43
tlm_inverse_gcd_forward_body	1835480	1838389	2909	334	3	197	200
tlm_apply_inverse_fold	1838389	1840109	1720	310	0	54	62
tlm_apply_inverse_swap	1840109	1840877	768	256	0	0	0
tlm_apply_inverse_mod_sub_register	1840877	1845964	5087	601	4	344	348
tlm_apply_inverse_mod_sub_fold	1845964	1846623	659	55	2	55	55
tlm_apply_inverse_mod_sub_clean	1846623	1846939	316	19	0	20	22
tlm_inverse_gcd_forward_codec	1846939	1846942	3	0	0	0	0
tlm_inverse_gcd_forward_shift	1846942	1847488	546	135	0	0	2
tlm_inverse_gcd_forward_compare	1847488	1848491	1003	179	0	42	43
tlm_inverse_gcd_forward_body	1848491	1851385	2894	332	3	196	199
tlm_apply_inverse_fold	1851385	1853105	1720	310	0	54	62
tlm_apply_inverse_swap	1853105	1853873	768	256	0	0	0
tlm_apply_inverse_mod_sub_register	1853873	1858960	5087	601	4	344	348
tlm_apply_inverse_mod_sub_fold	1858960	1859619	659	55	2	55	55
tlm_apply_inverse_mod_sub_clean	1859619	1859935	316	19	0	20	22
tlm_inverse_gcd_forward_codec	1859935	1859938	3	0	0	0	0
tlm_inverse_gcd_forward_shift	1859938	1860480	542	134	0	0	2
tlm_inverse_gcd_forward_compare	1860480	1861480	1000	178	0	42	43
tlm_inverse_gcd_forward_body	1861480	1864359	2879	330	3	195	198
tlm_apply_inverse_fold	1864359	1866079	1720	310	0	54	62
tlm_apply_inverse_swap	1866079	1866847	768	256	0	0	0
tlm_apply_inverse_mod_sub_register	1866847	1871934	5087	601	4	344	348
tlm_apply_inverse_mod_sub_fold	1871934	1872593	659	55	2	55	55
tlm_apply_inverse_mod_sub_clean	1872593	1872909	316	19	0	20	22
tlm_inverse_gcd_forward_codec	1872909	1873075	166	18	0	4	7
tlm_inverse_gcd_forward_shift	1873075	1873613	538	133	0	0	2
tlm_inverse_gcd_forward_compare	1873613	1874624	1011	178	0	43	44
tlm_inverse_gcd_forward_body	1874624	1877488	2864	328	3	194	197
tlm_apply_inverse_fold	1877488	1879208	1720	310	0	54	62
tlm_apply_inverse_swap	1879208	1879976	768	256	0	0	0
tlm_apply_inverse_mod_sub_register	1879976	1885063	5087	601	4	344	348
tlm_apply_inverse_mod_sub_fold	1885063	1885722	659	55	2	55	55
tlm_apply_inverse_mod_sub_clean	1885722	1886038	316	19	0	20	22
tlm_inverse_gcd_forward_codec	1886038	1886041	3	0	0	0	0
tlm_inverse_gcd_forward_shift	1886041	1886575	534	132	0	0	2
tlm_inverse_gcd_forward_compare	1886575	1887583	1008	177	0	43	44
tlm_inverse_gcd_forward_body	1887583	1890432	2849	326	3	193	196
tlm_apply_inverse_fold	1890432	1892152	1720	310	0	54	62
tlm_apply_inverse_swap	1892152	1892920	768	256	0	0	0
tlm_apply_inverse_mod_sub_register	1892920	1898007	5087	601	4	344	348
tlm_apply_inverse_mod_sub_fold	1898007	1898666	659	55	2	55	55
tlm_apply_inverse_mod_sub_clean	1898666	1898982	316	19	0	20	22
tlm_inverse_gcd_forward_codec	1898982	1898985	3	0	0	0	0
tlm_inverse_gcd_forward_shift	1898985	1899515	530	131	0	0	2
tlm_inverse_gcd_forward_compare	1899515	1900520	1005	176	0	43	44
tlm_inverse_gcd_forward_body	1900520	1903354	2834	324	3	192	195
tlm_apply_inverse_fold	1903354	1905074	1720	310	0	54	62
tlm_apply_inverse_swap	1905074	1905842	768	256	0	0	0
tlm_apply_inverse_mod_sub_register	1905842	1910929	5087	601	4	344	348
tlm_apply_inverse_mod_sub_fold	1910929	1911588	659	55	2	55	55
tlm_apply_inverse_mod_sub_clean	1911588	1911904	316	19	0	20	22
tlm_inverse_gcd_forward_codec	1911904	1912070	166	18	0	4	7
tlm_inverse_gcd_forward_shift	1912070	1912596	526	130	0	0	2
tlm_inverse_gcd_forward_compare	1912596	1913598	1002	175	0	43	44
tlm_inverse_gcd_forward_body	1913598	1916417	2819	322	3	191	194
tlm_apply_inverse_fold	1916417	1918137	1720	310	0	54	62
tlm_apply_inverse_swap	1918137	1918905	768	256	0	0	0
tlm_apply_inverse_mod_sub_register	1918905	1923992	5087	601	4	344	348
tlm_apply_inverse_mod_sub_fold	1923992	1924651	659	55	2	55	55
tlm_apply_inverse_mod_sub_clean	1924651	1924967	316	19	0	20	22
tlm_inverse_gcd_forward_codec	1924967	1924970	3	0	0	0	0
tlm_inverse_gcd_forward_shift	1924970	1925492	522	129	0	0	2
tlm_inverse_gcd_forward_compare	1925492	1926477	985	173	0	42	43
tlm_inverse_gcd_forward_body	1926477	1929281	2804	320	3	190	193
tlm_apply_inverse_fold	1929281	1931001	1720	310	0	54	62
tlm_apply_inverse_swap	1931001	1931769	768	256	0	0	0
tlm_apply_inverse_mod_sub_register	1931769	1936856	5087	601	4	344	348
tlm_apply_inverse_mod_sub_fold	1936856	1937515	659	55	2	55	55
tlm_apply_inverse_mod_sub_clean	1937515	1937831	316	19	0	20	22
tlm_inverse_gcd_forward_codec	1937831	1937834	3	0	0	0	0
tlm_inverse_gcd_forward_shift	1937834	1938350	516	127	0	0	4
tlm_inverse_gcd_forward_compare	1938350	1939343	993	172	0	43	44
tlm_inverse_gcd_forward_body	1939343	1942117	2774	316	3	188	191
tlm_apply_inverse_fold	1942117	1943837	1720	310	0	54	62
tlm_apply_inverse_swap	1943837	1944605	768	256	0	0	0
tlm_apply_inverse_mod_sub_register	1944605	1949692	5087	601	4	344	348
tlm_apply_inverse_mod_sub_fold	1949692	1950351	659	55	2	55	55
tlm_apply_inverse_mod_sub_clean	1950351	1950667	316	19	0	20	22
tlm_inverse_gcd_forward_codec	1950667	1950833	166	18	0	4	7
tlm_inverse_gcd_forward_shift	1950833	1951343	510	126	0	0	2
tlm_inverse_gcd_forward_compare	1951343	1952333	990	171	0	43	44
tlm_inverse_gcd_forward_body	1952333	1955063	2730	312	3	185	187
tlm_apply_inverse_fold	1955063	1956783	1720	310	0	54	62
tlm_apply_inverse_swap	1956783	1957551	768	256	0	0	0
tlm_apply_inverse_mod_sub_register	1957551	1962638	5087	601	4	344	348
tlm_apply_inverse_mod_sub_fold	1962638	1963297	659	55	2	55	55
tlm_apply_inverse_mod_sub_clean	1963297	1963613	316	19	0	20	22
tlm_inverse_gcd_forward_codec	1963613	1963616	3	0	0	0	0
tlm_inverse_gcd_forward_shift	1963616	1964122	506	125	0	0	2
tlm_inverse_gcd_forward_compare	1964122	1965095	973	169	0	42	43
tlm_inverse_gcd_forward_body	1965095	1967824	2729	311	3	185	187
tlm_apply_inverse_fold	1967824	1969544	1720	310	0	54	62
tlm_apply_inverse_swap	1969544	1970312	768	256	0	0	0
tlm_apply_inverse_mod_sub_register	1970312	1975399	5087	601	4	344	348
tlm_apply_inverse_mod_sub_fold	1975399	1976058	659	55	2	55	55
tlm_apply_inverse_mod_sub_clean	1976058	1976374	316	19	0	20	22
tlm_inverse_gcd_forward_codec	1976374	1976377	3	0	0	0	0
tlm_inverse_gcd_forward_shift	1976377	1976879	502	124	0	0	2
tlm_inverse_gcd_forward_compare	1976879	1977849	970	168	0	42	43
tlm_inverse_gcd_forward_body	1977849	1980577	2728	310	3	185	187
tlm_apply_inverse_fold	1980577	1982297	1720	310	0	54	62
tlm_apply_inverse_swap	1982297	1983065	768	256	0	0	0
tlm_apply_inverse_mod_sub_register	1983065	1988152	5087	601	4	344	348
tlm_apply_inverse_mod_sub_fold	1988152	1988811	659	55	2	55	55
tlm_apply_inverse_mod_sub_clean	1988811	1989127	316	19	0	20	22
tlm_inverse_gcd_forward_codec	1989127	1989293	166	18	0	4	7
tlm_inverse_gcd_forward_shift	1989293	1989791	498	123	0	0	2
tlm_inverse_gcd_forward_compare	1989791	1990772	981	168	0	43	44
tlm_inverse_gcd_forward_body	1990772	1993443	2671	305	3	181	183
tlm_apply_inverse_fold	1993443	1995163	1720	310	0	54	62
tlm_apply_inverse_swap	1995163	1995931	768	256	0	0	0
tlm_apply_inverse_mod_sub_register	1995931	2001018	5087	601	4	344	348
tlm_apply_inverse_mod_sub_fold	2001018	2001677	659	55	2	55	55
tlm_apply_inverse_mod_sub_clean	2001677	2001993	316	19	0	20	22
tlm_inverse_gcd_forward_codec	2001993	2001996	3	0	0	0	0
tlm_inverse_gcd_forward_shift	2001996	2002490	494	122	0	0	2
tlm_inverse_gcd_forward_compare	2002490	2003454	964	166	0	42	43
tlm_inverse_gcd_forward_body	2003454	2006124	2670	304	3	181	183
tlm_apply_inverse_fold	2006124	2007844	1720	310	0	54	62
tlm_apply_inverse_swap	2007844	2008612	768	256	0	0	0
tlm_apply_inverse_mod_sub_register	2008612	2013699	5087	601	4	344	348
tlm_apply_inverse_mod_sub_fold	2013699	2014358	659	55	2	55	55
tlm_apply_inverse_mod_sub_clean	2014358	2014674	316	19	0	20	22
tlm_inverse_gcd_forward_codec	2014674	2014677	3	0	0	0	0
tlm_inverse_gcd_forward_shift	2014677	2015169	492	122	0	0	0
tlm_inverse_gcd_forward_compare	2015169	2016161	992	168	0	44	45
tlm_inverse_gcd_forward_body	2016161	2018860	2699	306	3	183	186
tlm_apply_inverse_fold	2018860	2020564	1704	314	0	51	59
tlm_apply_inverse_swap	2020564	2021332	768	256	0	0	0
tlm_apply_inverse_mod_sub_register	2021332	2026732	5400	623	5	366	371
tlm_apply_inverse_mod_sub_fold	2026732	2027411	679	57	2	57	57
tlm_apply_inverse_mod_sub_clean	2027411	2027727	316	19	0	20	22
tlm_inverse_gcd_forward_codec	2027727	2027893	166	18	0	4	7
tlm_inverse_gcd_forward_shift	2027893	2028383	490	121	0	0	2
tlm_inverse_gcd_forward_compare	2028383	2029358	975	166	0	43	44
tlm_inverse_gcd_forward_body	2029358	2032042	2684	304	3	182	185
tlm_apply_inverse_fold	2032042	2033750	1708	312	0	52	60
tlm_apply_inverse_swap	2033750	2034518	768	256	0	0	0
tlm_apply_inverse_mod_sub_register	2034518	2039918	5400	623	5	366	371
tlm_apply_inverse_mod_sub_fold	2039918	2040597	679	57	2	57	57
tlm_apply_inverse_mod_sub_clean	2040597	2040913	316	19	0	20	22
tlm_inverse_gcd_forward_codec	2040913	2040916	3	0	0	0	0
tlm_inverse_gcd_forward_shift	2040916	2041402	486	120	0	0	2
tlm_inverse_gcd_forward_compare	2041402	2042388	986	166	0	44	45
tlm_inverse_gcd_forward_body	2042388	2045057	2669	302	3	181	184
tlm_apply_inverse_fold	2045057	2046761	1704	314	0	51	59
tlm_apply_inverse_swap	2046761	2047529	768	256	0	0	0
tlm_apply_inverse_mod_sub_register	2047529	2052929	5400	623	5	366	371
tlm_apply_inverse_mod_sub_fold	2052929	2053608	679	57	2	57	57
tlm_apply_inverse_mod_sub_clean	2053608	2053924	316	19	0	20	22
tlm_inverse_gcd_forward_codec	2053924	2053927	3	0	0	0	0
tlm_inverse_gcd_forward_shift	2053927	2054407	480	118	0	0	4
tlm_inverse_gcd_forward_compare	2054407	2055373	966	163	0	43	44
tlm_inverse_gcd_forward_body	2055373	2057983	2610	296	3	177	179
tlm_apply_inverse_fold	2057983	2059691	1708	312	0	52	60
tlm_apply_inverse_swap	2059691	2060459	768	256	0	0	0
tlm_apply_inverse_mod_sub_register	2060459	2065859	5400	623	5	366	371
tlm_apply_inverse_mod_sub_fold	2065859	2066538	679	57	2	57	57
tlm_apply_inverse_mod_sub_clean	2066538	2066854	316	19	0	20	22
tlm_inverse_gcd_forward_codec	2066854	2067020	166	18	0	4	7
tlm_inverse_gcd_forward_shift	2067020	2067496	476	118	0	0	0
tlm_inverse_gcd_forward_compare	2067496	2068476	980	164	0	44	45
tlm_inverse_gcd_forward_body	2068476	2071114	2638	298	3	179	181
tlm_apply_inverse_fold	2071114	2072818	1704	314	0	51	59
tlm_apply_inverse_swap	2072818	2073586	768	256	0	0	0
tlm_apply_inverse_mod_sub_register	2073586	2078986	5400	623	5	366	371
tlm_apply_inverse_mod_sub_fold	2078986	2079665	679	57	2	57	57
tlm_apply_inverse_mod_sub_clean	2079665	2079981	316	19	0	20	22
tlm_inverse_gcd_forward_codec	2079981	2079984	3	0	0	0	0
tlm_inverse_gcd_forward_shift	2079984	2080456	472	116	0	0	4
tlm_inverse_gcd_forward_compare	2080456	2081416	960	161	0	43	44
tlm_inverse_gcd_forward_body	2081416	2083968	2552	290	3	173	175
tlm_apply_inverse_fold	2083968	2085676	1708	312	0	52	60
tlm_apply_inverse_swap	2085676	2086444	768	256	0	0	0
tlm_apply_inverse_mod_sub_register	2086444	2091844	5400	623	5	366	371
tlm_apply_inverse_mod_sub_fold	2091844	2092523	679	57	2	57	57
tlm_apply_inverse_mod_sub_clean	2092523	2092839	316	19	0	20	22
tlm_inverse_gcd_forward_codec	2092839	2092842	3	0	0	0	0
tlm_inverse_gcd_forward_shift	2092842	2093308	466	115	0	0	2
tlm_inverse_gcd_forward_compare	2093308	2094265	957	160	0	43	44
tlm_inverse_gcd_forward_body	2094265	2096816	2551	289	3	173	175
tlm_apply_inverse_fold	2096816	2098520	1704	314	0	51	59
tlm_apply_inverse_swap	2098520	2099288	768	256	0	0	0
tlm_apply_inverse_mod_sub_register	2099288	2104688	5400	623	5	366	371
tlm_apply_inverse_mod_sub_fold	2104688	2105367	679	57	2	57	57
tlm_apply_inverse_mod_sub_clean	2105367	2105683	316	19	0	20	22
tlm_inverse_gcd_forward_codec	2105683	2105849	166	18	0	4	7
tlm_inverse_gcd_forward_shift	2105849	2106311	462	114	0	0	2
tlm_inverse_gcd_forward_compare	2106311	2107279	968	160	0	44	45
tlm_inverse_gcd_forward_body	2107279	2109773	2494	284	3	169	171
tlm_apply_inverse_fold	2109773	2111481	1708	312	0	52	60
tlm_apply_inverse_swap	2111481	2112249	768	256	0	0	0
tlm_apply_inverse_mod_sub_register	2112249	2117649	5400	623	5	366	371
tlm_apply_inverse_mod_sub_fold	2117649	2118328	679	57	2	57	57
tlm_apply_inverse_mod_sub_clean	2118328	2118644	316	19	0	20	22
tlm_inverse_gcd_forward_codec	2118644	2118647	3	0	0	0	0
tlm_inverse_gcd_forward_shift	2118647	2119105	458	113	0	0	2
tlm_inverse_gcd_forward_compare	2119105	2120056	951	158	0	43	44
tlm_inverse_gcd_forward_body	2120056	2122549	2493	283	3	169	171
tlm_apply_inverse_fold	2122549	2124253	1704	314	0	51	59
tlm_apply_inverse_swap	2124253	2125021	768	256	0	0	0
tlm_apply_inverse_mod_sub_register	2125021	2130421	5400	623	5	366	371
tlm_apply_inverse_mod_sub_fold	2130421	2131100	679	57	2	57	57
tlm_apply_inverse_mod_sub_clean	2131100	2131416	316	19	0	20	22
tlm_inverse_gcd_forward_codec	2131416	2131419	3	0	0	0	0
tlm_inverse_gcd_forward_shift	2131419	2131873	454	112	0	0	2
tlm_inverse_gcd_forward_compare	2131873	2132835	962	158	0	44	45
tlm_inverse_gcd_forward_body	2132835	2135327	2492	282	3	169	171
tlm_apply_inverse_fold	2135327	2137030	1703	315	0	51	60
tlm_apply_inverse_swap	2137030	2137798	768	256	0	0	0
tlm_apply_inverse_mod_sub_register	2137798	2143198	5400	623	5	366	371
tlm_apply_inverse_mod_sub_fold	2143198	2143893	695	58	3	58	58
tlm_apply_inverse_mod_sub_clean	2143893	2144209	316	19	0	20	22
tlm_inverse_gcd_forward_codec	2144209	2144375	166	18	0	4	7
tlm_inverse_gcd_forward_shift	2144375	2144825	450	111	0	0	2
tlm_inverse_gcd_forward_compare	2144825	2145784	959	157	0	44	45
tlm_inverse_gcd_forward_body	2145784	2148219	2435	277	3	165	167
tlm_apply_inverse_fold	2148219	2149923	1704	314	0	51	59
tlm_apply_inverse_swap	2149923	2150691	768	256	0	0	0
tlm_apply_inverse_mod_sub_register	2150691	2156091	5400	623	5	366	371
tlm_apply_inverse_mod_sub_fold	2156091	2156770	679	57	2	57	57
tlm_apply_inverse_mod_sub_clean	2156770	2157086	316	19	0	20	22
tlm_inverse_gcd_forward_codec	2157086	2157089	3	0	0	0	0
tlm_inverse_gcd_forward_shift	2157089	2157535	446	110	0	0	2
tlm_inverse_gcd_forward_compare	2157535	2158477	942	155	0	43	44
tlm_inverse_gcd_forward_body	2158477	2160911	2434	276	3	165	167
tlm_apply_inverse_fold	2160911	2162614	1703	315	0	51	60
tlm_apply_inverse_swap	2162614	2163382	768	256	0	0	0
tlm_apply_inverse_mod_sub_register	2163382	2168782	5400	623	5	366	371
tlm_apply_inverse_mod_sub_fold	2168782	2169477	695	58	3	58	58
tlm_apply_inverse_mod_sub_clean	2169477	2169793	316	19	0	20	22
tlm_inverse_gcd_forward_codec	2169793	2169796	3	0	0	0	0
tlm_inverse_gcd_forward_shift	2169796	2170238	442	109	0	0	2
tlm_inverse_gcd_forward_compare	2170238	2171191	953	155	0	44	45
tlm_inverse_gcd_forward_body	2171191	2173624	2433	275	3	165	167
tlm_apply_inverse_fold	2173624	2175323	1699	317	0	50	59
tlm_apply_inverse_swap	2175323	2176091	768	256	0	0	0
tlm_apply_inverse_mod_sub_register	2176091	2181491	5400	623	5	366	371
tlm_apply_inverse_mod_sub_fold	2181491	2182190	699	59	2	59	59
tlm_apply_inverse_mod_sub_clean	2182190	2182506	316	19	0	20	22
tlm_inverse_gcd_forward_codec	2182506	2182672	166	18	0	4	7
tlm_inverse_gcd_forward_shift	2182672	2183110	438	108	0	0	2
tlm_inverse_gcd_forward_compare	2183110	2184060	950	154	0	44	45
tlm_inverse_gcd_forward_body	2184060	2186436	2376	270	3	161	163
tlm_apply_inverse_fold	2186436	2188139	1703	315	0	51	60
tlm_apply_inverse_swap	2188139	2188907	768	256	0	0	0
tlm_apply_inverse_mod_sub_register	2188907	2194307	5400	623	5	366	371
tlm_apply_inverse_mod_sub_fold	2194307	2195002	695	58	3	58	58
tlm_apply_inverse_mod_sub_clean	2195002	2195318	316	19	0	20	22
tlm_inverse_gcd_forward_codec	2195318	2195321	3	0	0	0	0
tlm_inverse_gcd_forward_shift	2195321	2195755	434	107	0	0	2
tlm_inverse_gcd_forward_compare	2195755	2196702	947	153	0	44	45
tlm_inverse_gcd_forward_body	2196702	2199077	2375	269	3	161	163
tlm_apply_inverse_fold	2199077	2200776	1699	317	0	50	59
tlm_apply_inverse_swap	2200776	2201544	768	256	0	0	0
tlm_apply_inverse_mod_sub_register	2201544	2206944	5400	623	5	366	371
tlm_apply_inverse_mod_sub_fold	2206944	2207643	699	59	2	59	59
tlm_apply_inverse_mod_sub_clean	2207643	2207959	316	19	0	20	22
tlm_inverse_gcd_forward_codec	2207959	2207962	3	0	0	0	0
tlm_inverse_gcd_forward_shift	2207962	2208392	430	106	0	0	2
tlm_inverse_gcd_forward_compare	2208392	2209336	944	152	0	44	45
tlm_inverse_gcd_forward_body	2209336	2211710	2374	268	3	161	163
tlm_apply_inverse_fold	2211710	2213405	1695	319	0	49	58
tlm_apply_inverse_swap	2213405	2214173	768	256	0	0	0
tlm_apply_inverse_mod_sub_register	2214173	2219573	5400	623	5	366	371
tlm_apply_inverse_mod_sub_fold	2219573	2220272	699	59	2	59	59
tlm_apply_inverse_mod_sub_clean	2220272	2220588	316	19	0	20	22
tlm_inverse_gcd_forward_codec	2220588	2220754	166	18	0	4	7
tlm_inverse_gcd_forward_shift	2220754	2221180	426	105	0	0	2
tlm_inverse_gcd_forward_compare	2221180	2222121	941	151	0	44	45
tlm_inverse_gcd_forward_body	2222121	2224438	2317	263	3	157	159
tlm_apply_inverse_fold	2224438	2226137	1699	317	0	50	59
tlm_apply_inverse_swap	2226137	2226905	768	256	0	0	0
tlm_apply_inverse_mod_sub_register	2226905	2232305	5400	623	5	366	371
tlm_apply_inverse_mod_sub_fold	2232305	2233004	699	59	2	59	59
tlm_apply_inverse_mod_sub_clean	2233004	2233320	316	19	0	20	22
tlm_inverse_gcd_forward_codec	2233320	2233323	3	0	0	0	0
tlm_inverse_gcd_forward_shift	2233323	2233745	422	104	0	0	2
tlm_inverse_gcd_forward_compare	2233745	2234697	952	151	0	45	46
tlm_inverse_gcd_forward_body	2234697	2237013	2316	262	3	157	159
tlm_apply_inverse_fold	2237013	2238708	1695	319	0	49	58
tlm_apply_inverse_swap	2238708	2239476	768	256	0	0	0
tlm_apply_inverse_mod_sub_register	2239476	2244876	5400	623	5	366	371
tlm_apply_inverse_mod_sub_fold	2244876	2245575	699	59	2	59	59
tlm_apply_inverse_mod_sub_clean	2245575	2245891	316	19	0	20	22
tlm_inverse_gcd_forward_codec	2245891	2245894	3	0	0	0	0
tlm_inverse_gcd_forward_shift	2245894	2246312	418	103	0	0	2
tlm_inverse_gcd_forward_compare	2246312	2247261	949	150	0	45	46
tlm_inverse_gcd_forward_body	2247261	2249576	2315	261	3	157	159
tlm_apply_inverse_fold	2249576	2251267	1691	321	0	48	57
tlm_apply_inverse_swap	2251267	2252035	768	256	0	0	0
tlm_apply_inverse_mod_sub_register	2252035	2257435	5400	623	5	366	371
tlm_apply_inverse_mod_sub_fold	2257435	2258134	699	59	2	59	59
tlm_apply_inverse_mod_sub_clean	2258134	2258450	316	19	0	20	22
tlm_inverse_gcd_forward_codec	2258450	2258616	166	18	0	4	7
tlm_inverse_gcd_forward_shift	2258616	2259030	414	102	0	0	2
tlm_inverse_gcd_forward_compare	2259030	2259962	932	148	0	44	45
tlm_inverse_gcd_forward_body	2259962	2262220	2258	256	3	153	155
tlm_apply_inverse_fold	2262220	2263915	1695	319	0	49	58
tlm_apply_inverse_swap	2263915	2264683	768	256	0	0	0
tlm_apply_inverse_mod_sub_register	2264683	2270083	5400	623	5	366	371
tlm_apply_inverse_mod_sub_fold	2270083	2270782	699	59	2	59	59
tlm_apply_inverse_mod_sub_clean	2270782	2271098	316	19	0	20	22
tlm_inverse_gcd_forward_codec	2271098	2271101	3	0	0	0	0
tlm_inverse_gcd_forward_shift	2271101	2271511	410	101	0	0	2
tlm_inverse_gcd_forward_compare	2271511	2272468	957	149	0	46	47
tlm_inverse_gcd_forward_body	2272468	2274725	2257	255	3	153	155
tlm_apply_inverse_fold	2274725	2276416	1691	321	0	48	57
tlm_apply_inverse_swap	2276416	2277184	768	256	0	0	0
tlm_apply_inverse_mod_sub_register	2277184	2282584	5400	623	5	366	371
tlm_apply_inverse_mod_sub_fold	2282584	2283283	699	59	2	59	59
tlm_apply_inverse_mod_sub_clean	2283283	2283599	316	19	0	20	22
tlm_inverse_gcd_forward_codec	2283599	2283602	3	0	0	0	0
tlm_inverse_gcd_forward_shift	2283602	2284008	406	100	0	0	2
tlm_inverse_gcd_forward_compare	2284008	2284948	940	147	0	45	46
tlm_inverse_gcd_forward_body	2284948	2287204	2256	254	3	153	155
tlm_apply_inverse_fold	2287204	2288891	1687	323	0	47	56
tlm_apply_inverse_swap	2288891	2289659	768	256	0	0	0
tlm_apply_inverse_mod_sub_register	2289659	2295059	5400	623	5	366	371
tlm_apply_inverse_mod_sub_fold	2295059	2295758	699	59	2	59	59
tlm_apply_inverse_mod_sub_clean	2295758	2296074	316	19	0	20	22
tlm_inverse_gcd_forward_codec	2296074	2296240	166	18	0	4	7
tlm_inverse_gcd_forward_shift	2296240	2296642	402	99	0	0	2
tlm_inverse_gcd_forward_compare	2296642	2297579	937	146	0	45	46
tlm_inverse_gcd_forward_body	2297579	2299778	2199	249	3	149	151
tlm_apply_inverse_fold	2299778	2301469	1691	321	0	48	57
tlm_apply_inverse_swap	2301469	2302237	768	256	0	0	0
tlm_apply_inverse_mod_sub_register	2302237	2307637	5400	623	5	366	371
tlm_apply_inverse_mod_sub_fold	2307637	2308336	699	59	2	59	59
tlm_apply_inverse_mod_sub_clean	2308336	2308652	316	19	0	20	22
tlm_inverse_gcd_forward_codec	2308652	2308655	3	0	0	0	0
tlm_inverse_gcd_forward_shift	2308655	2309053	398	98	0	0	2
tlm_inverse_gcd_forward_compare	2309053	2309987	934	145	0	45	46
tlm_inverse_gcd_forward_body	2309987	2312185	2198	248	3	149	151
tlm_apply_inverse_fold	2312185	2313872	1687	323	0	47	56
tlm_apply_inverse_swap	2313872	2314640	768	256	0	0	0
tlm_apply_inverse_mod_sub_register	2314640	2320040	5400	623	5	366	371
tlm_apply_inverse_mod_sub_fold	2320040	2320739	699	59	2	59	59
tlm_apply_inverse_mod_sub_clean	2320739	2321055	316	19	0	20	22
tlm_inverse_gcd_forward_codec	2321055	2321058	3	0	0	0	0
tlm_inverse_gcd_forward_shift	2321058	2321452	394	97	0	0	2
tlm_inverse_gcd_forward_compare	2321452	2322383	931	144	0	45	46
tlm_inverse_gcd_forward_body	2322383	2324580	2197	247	3	149	151
tlm_apply_inverse_fold	2324580	2326266	1686	326	0	47	55
tlm_apply_inverse_swap	2326266	2327034	768	256	0	0	0
tlm_apply_inverse_mod_sub_register	2327034	2332747	5713	645	6	388	394
tlm_apply_inverse_mod_sub_fold	2332747	2333446	699	59	2	59	59
tlm_apply_inverse_mod_sub_clean	2333446	2333762	316	19	0	20	22
tlm_inverse_gcd_forward_codec	2333762	2333928	166	18	0	4	7
tlm_inverse_gcd_forward_shift	2333928	2334318	390	96	0	0	2
tlm_inverse_gcd_forward_compare	2334318	2335246	928	143	0	45	46
tlm_inverse_gcd_forward_body	2335246	2337386	2140	242	3	145	147
tlm_apply_inverse_fold	2337386	2339073	1687	323	0	47	56
tlm_apply_inverse_swap	2339073	2339841	768	256	0	0	0
tlm_apply_inverse_mod_sub_register	2339841	2345241	5400	623	5	366	371
tlm_apply_inverse_mod_sub_fold	2345241	2345940	699	59	2	59	59
tlm_apply_inverse_mod_sub_clean	2345940	2346256	316	19	0	20	22
tlm_inverse_gcd_forward_codec	2346256	2346259	3	0	0	0	0
tlm_inverse_gcd_forward_shift	2346259	2346645	386	95	0	0	2
tlm_inverse_gcd_forward_compare	2346645	2347578	933	144	0	45	46
tlm_inverse_gcd_forward_body	2347578	2349717	2139	241	3	145	147
tlm_apply_inverse_fold	2349717	2351403	1686	326	0	47	55
tlm_apply_inverse_swap	2351403	2352171	768	256	0	0	0
tlm_apply_inverse_mod_sub_register	2352171	2357884	5713	645	6	388	394
tlm_apply_inverse_mod_sub_fold	2357884	2358583	699	59	2	59	59
tlm_apply_inverse_mod_sub_clean	2358583	2358899	316	19	0	20	22
tlm_inverse_gcd_forward_codec	2358899	2358902	3	0	0	0	0
tlm_inverse_gcd_forward_shift	2358902	2359284	382	94	0	0	2
tlm_inverse_gcd_forward_compare	2359284	2360200	916	142	0	44	45
tlm_inverse_gcd_forward_body	2360200	2362338	2138	240	3	145	147
tlm_apply_inverse_fold	2362338	2364020	1682	328	0	46	54
tlm_apply_inverse_swap	2364020	2364788	768	256	0	0	0
tlm_apply_inverse_mod_sub_register	2364788	2370501	5713	645	6	388	394
tlm_apply_inverse_mod_sub_fold	2370501	2371200	699	59	2	59	59
tlm_apply_inverse_mod_sub_clean	2371200	2371516	316	19	0	20	22
tlm_inverse_gcd_forward_codec	2371516	2371682	166	18	0	4	7
tlm_inverse_gcd_forward_shift	2371682	2372060	378	93	0	0	2
tlm_inverse_gcd_forward_compare	2372060	2372979	919	140	0	45	46
tlm_inverse_gcd_forward_body	2372979	2375060	2081	235	3	141	143
tlm_apply_inverse_fold	2375060	2376746	1686	326	0	47	55
tlm_apply_inverse_swap	2376746	2377514	768	256	0	0	0
tlm_apply_inverse_mod_sub_register	2377514	2383227	5713	645	6	388	394
tlm_apply_inverse_mod_sub_fold	2383227	2383926	699	59	2	59	59
tlm_apply_inverse_mod_sub_clean	2383926	2384242	316	19	0	20	22
tlm_inverse_gcd_forward_codec	2384242	2384245	3	0	0	0	0
tlm_inverse_gcd_forward_shift	2384245	2384619	374	92	0	0	2
tlm_inverse_gcd_forward_compare	2384619	2385537	918	142	0	44	45
tlm_inverse_gcd_forward_body	2385537	2387617	2080	234	3	141	143
tlm_apply_inverse_fold	2387617	2389299	1682	328	0	46	54
tlm_apply_inverse_swap	2389299	2390067	768	256	0	0	0
tlm_apply_inverse_mod_sub_register	2390067	2395780	5713	645	6	388	394
tlm_apply_inverse_mod_sub_fold	2395780	2396479	699	59	2	59	59
tlm_apply_inverse_mod_sub_clean	2396479	2396795	316	19	0	20	22
tlm_inverse_gcd_forward_codec	2396795	2396798	3	0	0	0	0
tlm_inverse_gcd_forward_shift	2396798	2397168	370	91	0	0	2
tlm_inverse_gcd_forward_compare	2397168	2398077	909	142	0	43	44
tlm_inverse_gcd_forward_body	2398077	2400156	2079	233	3	141	143
tlm_apply_inverse_fold	2400156	2401838	1682	328	0	46	54
tlm_apply_inverse_swap	2401838	2402606	768	256	0	0	0
tlm_apply_inverse_mod_sub_register	2402606	2408319	5713	645	6	388	394
tlm_apply_inverse_mod_sub_fold	2408319	2409018	699	59	2	59	59
tlm_apply_inverse_mod_sub_clean	2409018	2409334	316	19	0	20	22
tlm_inverse_gcd_forward_codec	2409334	2409500	166	18	0	4	7
tlm_inverse_gcd_forward_shift	2409500	2409866	366	90	0	0	2
tlm_inverse_gcd_forward_compare	2409866	2410778	912	140	0	44	45
tlm_inverse_gcd_forward_body	2410778	2412800	2022	228	3	137	139
tlm_apply_inverse_fold	2412800	2414482	1682	328	0	46	54
tlm_apply_inverse_swap	2414482	2415250	768	256	0	0	0
tlm_apply_inverse_mod_sub_register	2415250	2420963	5713	645	6	388	394
tlm_apply_inverse_mod_sub_fold	2420963	2421662	699	59	2	59	59
tlm_apply_inverse_mod_sub_clean	2421662	2421978	316	19	0	20	22
tlm_inverse_gcd_forward_codec	2421978	2421981	3	0	0	0	0
tlm_inverse_gcd_forward_shift	2421981	2422343	362	89	0	0	2
tlm_inverse_gcd_forward_compare	2422343	2423254	911	142	0	43	44
tlm_inverse_gcd_forward_body	2423254	2425275	2021	227	3	137	139
tlm_apply_inverse_fold	2425275	2426957	1682	328	0	46	54
tlm_apply_inverse_swap	2426957	2427725	768	256	0	0	0
tlm_apply_inverse_mod_sub_register	2427725	2433438	5713	645	6	388	394
tlm_apply_inverse_mod_sub_fold	2433438	2434137	699	59	2	59	59
tlm_apply_inverse_mod_sub_clean	2434137	2434453	316	19	0	20	22
tlm_inverse_gcd_forward_codec	2434453	2434456	3	0	0	0	0
tlm_inverse_gcd_forward_shift	2434456	2434814	358	88	0	0	2
tlm_inverse_gcd_forward_compare	2434814	2435708	894	140	0	42	43
tlm_inverse_gcd_forward_body	2435708	2437728	2020	226	3	137	139
tlm_apply_inverse_fold	2437728	2439406	1678	330	0	45	53
tlm_apply_inverse_swap	2439406	2440174	768	256	0	0	0
tlm_apply_inverse_mod_sub_register	2440174	2445887	5713	645	6	388	394
tlm_apply_inverse_mod_sub_fold	2445887	2446592	705	61	2	59	59
tlm_apply_inverse_mod_sub_clean	2446592	2446908	316	19	0	20	22
tlm_inverse_gcd_forward_codec	2446908	2447074	166	18	0	4	7
tlm_inverse_gcd_forward_shift	2447074	2447428	354	87	0	0	2
tlm_inverse_gcd_forward_compare	2447428	2448325	897	138	0	43	44
tlm_inverse_gcd_forward_body	2448325	2450288	1963	221	3	133	135
tlm_apply_inverse_fold	2450288	2451970	1682	328	0	46	54
tlm_apply_inverse_swap	2451970	2452738	768	256	0	0	0
tlm_apply_inverse_mod_sub_register	2452738	2458451	5713	645	6	388	394
tlm_apply_inverse_mod_sub_fold	2458451	2459150	699	59	2	59	59
tlm_apply_inverse_mod_sub_clean	2459150	2459466	316	19	0	20	22
tlm_inverse_gcd_forward_codec	2459466	2459469	3	0	0	0	0
tlm_inverse_gcd_forward_shift	2459469	2459819	350	86	0	0	2
tlm_inverse_gcd_forward_compare	2459819	2460715	896	140	0	42	43
tlm_inverse_gcd_forward_body	2460715	2462677	1962	220	3	133	135
tlm_apply_inverse_fold	2462677	2464355	1678	330	0	45	53
tlm_apply_inverse_swap	2464355	2465123	768	256	0	0	0
tlm_apply_inverse_mod_sub_register	2465123	2470836	5713	645	6	388	394
tlm_apply_inverse_mod_sub_fold	2470836	2471541	705	61	2	59	59
tlm_apply_inverse_mod_sub_clean	2471541	2471857	316	19	0	20	22
tlm_inverse_gcd_forward_codec	2471857	2471860	3	0	0	0	0
tlm_inverse_gcd_forward_shift	2471860	2472206	346	85	0	0	2
tlm_inverse_gcd_forward_compare	2472206	2473085	879	138	0	41	42
tlm_inverse_gcd_forward_body	2473085	2475046	1961	219	3	133	135
tlm_apply_inverse_fold	2475046	2476720	1674	332	0	44	52
tlm_apply_inverse_swap	2476720	2477488	768	256	0	0	0
tlm_apply_inverse_mod_sub_register	2477488	2483201	5713	645	6	388	394
tlm_apply_inverse_mod_sub_fold	2483201	2483932	731	63	3	61	61
tlm_apply_inverse_mod_sub_clean	2483932	2484248	316	19	0	20	22
tlm_inverse_gcd_forward_codec	2484248	2484414	166	18	0	4	7
tlm_inverse_gcd_forward_shift	2484414	2484756	342	84	0	0	2
tlm_inverse_gcd_forward_compare	2484756	2485638	882	136	0	42	43
tlm_inverse_gcd_forward_body	2485638	2487542	1904	214	3	129	131
tlm_apply_inverse_fold	2487542	2489220	1678	330	0	45	53
tlm_apply_inverse_swap	2489220	2489988	768	256	0	0	0
tlm_apply_inverse_mod_sub_register	2489988	2495701	5713	645	6	388	394
tlm_apply_inverse_mod_sub_fold	2495701	2496406	705	61	2	59	59
tlm_apply_inverse_mod_sub_clean	2496406	2496722	316	19	0	20	22
tlm_inverse_gcd_forward_codec	2496722	2496725	3	0	0	0	0
tlm_inverse_gcd_forward_shift	2496725	2497063	338	83	0	0	2
tlm_inverse_gcd_forward_compare	2497063	2497944	881	138	0	41	42
tlm_inverse_gcd_forward_body	2497944	2499847	1903	213	3	129	131
tlm_apply_inverse_fold	2499847	2501521	1674	332	0	44	52
tlm_apply_inverse_swap	2501521	2502289	768	256	0	0	0
tlm_apply_inverse_mod_sub_register	2502289	2508002	5713	645	6	388	394
tlm_apply_inverse_mod_sub_fold	2508002	2508733	731	63	3	61	61
tlm_apply_inverse_mod_sub_clean	2508733	2509049	316	19	0	20	22
tlm_inverse_gcd_forward_codec	2509049	2509052	3	0	0	0	0
tlm_inverse_gcd_forward_shift	2509052	2509386	334	82	0	0	2
tlm_inverse_gcd_forward_compare	2509386	2510258	872	138	0	40	41
tlm_inverse_gcd_forward_body	2510258	2512160	1902	212	3	129	131
tlm_apply_inverse_fold	2512160	2513830	1670	334	0	43	51
tlm_apply_inverse_swap	2513830	2514598	768	256	0	0	0
tlm_apply_inverse_mod_sub_register	2514598	2520624	6026	667	7	410	417
tlm_apply_inverse_mod_sub_fold	2520624	2521371	747	64	4	62	62
tlm_apply_inverse_mod_sub_clean	2521371	2521687	316	19	0	20	22
tlm_inverse_gcd_forward_codec	2521687	2521853	166	18	0	4	7
tlm_inverse_gcd_forward_shift	2521853	2522183	330	81	0	0	2
tlm_inverse_gcd_forward_compare	2522183	2523058	875	136	0	41	42
tlm_inverse_gcd_forward_body	2523058	2524903	1845	207	3	125	127
tlm_apply_inverse_fold	2524903	2526577	1674	332	0	44	52
tlm_apply_inverse_swap	2526577	2527345	768	256	0	0	0
tlm_apply_inverse_mod_sub_register	2527345	2533058	5713	645	6	388	394
tlm_apply_inverse_mod_sub_fold	2533058	2533789	731	63	3	61	61
tlm_apply_inverse_mod_sub_clean	2533789	2534105	316	19	0	20	22
tlm_inverse_gcd_forward_codec	2534105	2534108	3	0	0	0	0
tlm_inverse_gcd_forward_shift	2534108	2534434	326	80	0	0	2
tlm_inverse_gcd_forward_compare	2534434	2535300	866	136	0	40	41
tlm_inverse_gcd_forward_body	2535300	2537144	1844	206	3	125	127
tlm_apply_inverse_fold	2537144	2538814	1670	334	0	43	51
tlm_apply_inverse_swap	2538814	2539582	768	256	0	0	0
tlm_apply_inverse_mod_sub_register	2539582	2545608	6026	667	7	410	417
tlm_apply_inverse_mod_sub_fold	2545608	2546355	747	64	4	62	62
tlm_apply_inverse_mod_sub_clean	2546355	2546671	316	19	0	20	22
tlm_inverse_gcd_forward_codec	2546671	2546674	3	0	0	0	0
tlm_inverse_gcd_forward_shift	2546674	2546996	322	79	0	0	2
tlm_inverse_gcd_forward_compare	2546996	2547853	857	136	0	39	40
tlm_inverse_gcd_forward_body	2547853	2549696	1843	205	3	125	127
tlm_apply_inverse_fold	2549696	2551362	1666	336	0	42	50
tlm_apply_inverse_swap	2551362	2552130	768	256	0	0	0
tlm_apply_inverse_mod_sub_register	2552130	2558156	6026	667	7	410	417
tlm_apply_inverse_mod_sub_fold	2558156	2558917	761	66	3	64	64
tlm_apply_inverse_mod_sub_clean	2558917	2559233	316	19	0	20	22
tlm_inverse_gcd_forward_codec	2559233	2559399	166	18	0	4	7
tlm_inverse_gcd_forward_shift	2559399	2559717	318	78	0	0	2
tlm_inverse_gcd_forward_compare	2559717	2560577	860	134	0	40	41
tlm_inverse_gcd_forward_body	2560577	2562363	1786	200	3	121	123
tlm_apply_inverse_fold	2562363	2564033	1670	334	0	43	51
tlm_apply_inverse_swap	2564033	2564801	768	256	0	0	0
tlm_apply_inverse_mod_sub_register	2564801	2570827	6026	667	7	410	417
tlm_apply_inverse_mod_sub_fold	2570827	2571574	747	64	4	62	62
tlm_apply_inverse_mod_sub_clean	2571574	2571890	316	19	0	20	22
tlm_inverse_gcd_forward_codec	2571890	2571893	3	0	0	0	0
tlm_inverse_gcd_forward_shift	2571893	2572207	314	77	0	0	2
tlm_inverse_gcd_forward_compare	2572207	2573058	851	134	0	39	40
tlm_inverse_gcd_forward_body	2573058	2574843	1785	199	3	121	123
tlm_apply_inverse_fold	2574843	2576509	1666	336	0	42	50
tlm_apply_inverse_swap	2576509	2577277	768	256	0	0	0
tlm_apply_inverse_mod_sub_register	2577277	2583303	6026	667	7	410	417
tlm_apply_inverse_mod_sub_fold	2583303	2584064	761	66	3	64	64
tlm_apply_inverse_mod_sub_clean	2584064	2584380	316	19	0	20	22
tlm_inverse_gcd_forward_codec	2584380	2584383	3	0	0	0	0
tlm_inverse_gcd_forward_shift	2584383	2584693	310	76	0	0	2
tlm_inverse_gcd_forward_compare	2584693	2585543	850	136	0	38	39
tlm_inverse_gcd_forward_body	2585543	2587327	1784	198	3	121	123
tlm_apply_inverse_fold	2587327	2588989	1662	338	0	41	49
tlm_apply_inverse_swap	2588989	2589757	768	256	0	0	0
tlm_apply_inverse_mod_sub_register	2589757	2595783	6026	667	7	410	417
tlm_apply_inverse_mod_sub_fold	2595783	2596544	761	66	3	64	64
tlm_apply_inverse_mod_sub_clean	2596544	2596860	316	19	0	20	22
tlm_inverse_gcd_forward_codec	2596860	2597026	166	18	0	4	7
tlm_inverse_gcd_forward_shift	2597026	2597332	306	75	0	0	2
tlm_inverse_gcd_forward_compare	2597332	2598193	861	136	0	39	40
tlm_inverse_gcd_forward_body	2598193	2599920	1727	193	3	117	119
tlm_apply_inverse_fold	2599920	2601586	1666	336	0	42	50
tlm_apply_inverse_swap	2601586	2602354	768	256	0	0	0
tlm_apply_inverse_mod_sub_register	2602354	2608380	6026	667	7	410	417
tlm_apply_inverse_mod_sub_fold	2608380	2609141	761	66	3	64	64
tlm_apply_inverse_mod_sub_clean	2609141	2609457	316	19	0	20	22
tlm_inverse_gcd_forward_codec	2609457	2609460	3	0	0	0	0
tlm_inverse_gcd_forward_shift	2609460	2609762	302	74	0	0	2
tlm_inverse_gcd_forward_compare	2609762	2610606	844	134	0	38	39
tlm_inverse_gcd_forward_body	2610606	2612332	1726	192	3	117	119
tlm_apply_inverse_fold	2612332	2613994	1662	338	0	41	49
tlm_apply_inverse_swap	2613994	2614762	768	256	0	0	0
tlm_apply_inverse_mod_sub_register	2614762	2620788	6026	667	7	410	417
tlm_apply_inverse_mod_sub_fold	2620788	2621549	761	66	3	64	64
tlm_apply_inverse_mod_sub_clean	2621549	2621865	316	19	0	20	22
tlm_inverse_gcd_forward_codec	2621865	2621868	3	0	0	0	0
tlm_inverse_gcd_forward_shift	2621868	2622166	298	73	0	0	2
tlm_inverse_gcd_forward_compare	2622166	2623001	835	134	0	37	38
tlm_inverse_gcd_forward_body	2623001	2624726	1725	191	3	117	119
tlm_apply_inverse_fold	2624726	2626384	1658	340	0	40	48
tlm_apply_inverse_swap	2626384	2627152	768	256	0	0	0
tlm_apply_inverse_mod_sub_register	2627152	2633178	6026	667	7	410	417
tlm_apply_inverse_mod_sub_fold	2633178	2633965	787	68	4	66	66
tlm_apply_inverse_mod_sub_clean	2633965	2634281	316	19	0	20	22
tlm_inverse_gcd_forward_codec	2634281	2634447	166	18	0	4	7
tlm_inverse_gcd_forward_shift	2634447	2634741	294	72	0	0	2
tlm_inverse_gcd_forward_compare	2634741	2635579	838	132	0	38	39
tlm_inverse_gcd_forward_body	2635579	2637243	1664	186	2	113	115
tlm_apply_inverse_fold	2637243	2638905	1662	338	0	41	49
tlm_apply_inverse_swap	2638905	2639673	768	256	0	0	0
tlm_apply_inverse_mod_sub_register	2639673	2645699	6026	667	7	410	417
tlm_apply_inverse_mod_sub_fold	2645699	2646460	761	66	3	64	64
tlm_apply_inverse_mod_sub_clean	2646460	2646776	316	19	0	20	22
tlm_inverse_gcd_forward_codec	2646776	2646779	3	0	0	0	0
tlm_inverse_gcd_forward_shift	2646779	2647069	290	71	0	0	2
tlm_inverse_gcd_forward_compare	2647069	2647898	829	132	0	37	38
tlm_inverse_gcd_forward_body	2647898	2649565	1667	185	3	113	115
tlm_apply_inverse_fold	2649565	2651223	1658	340	0	40	48
tlm_apply_inverse_swap	2651223	2651991	768	256	0	0	0
tlm_apply_inverse_mod_sub_register	2651991	2658017	6026	667	7	410	417
tlm_apply_inverse_mod_sub_fold	2658017	2658804	787	68	4	66	66
tlm_apply_inverse_mod_sub_clean	2658804	2659120	316	19	0	20	22
tlm_inverse_gcd_forward_codec	2659120	2659123	3	0	0	0	0
tlm_inverse_gcd_forward_shift	2659123	2659409	286	70	0	0	2
tlm_inverse_gcd_forward_compare	2659409	2660229	820	132	0	36	37
tlm_inverse_gcd_forward_body	2660229	2661895	1666	184	3	113	115
tlm_apply_inverse_fold	2661895	2663549	1654	342	0	39	47
tlm_apply_inverse_swap	2663549	2664317	768	256	0	0	0
tlm_apply_inverse_mod_sub_register	2664317	2670656	6339	689	8	432	440
tlm_apply_inverse_mod_sub_fold	2670656	2671443	787	68	4	66	66
tlm_apply_inverse_mod_sub_clean	2671443	2671759	316	19	0	20	22
tlm_inverse_gcd_forward_codec	2671759	2671925	166	18	0	4	7
tlm_inverse_gcd_forward_shift	2671925	2672207	282	69	0	0	2
tlm_inverse_gcd_forward_compare	2672207	2673030	823	130	0	37	38
tlm_inverse_gcd_forward_body	2673030	2674649	1619	180	2	110	112
tlm_apply_inverse_fold	2674649	2676307	1658	340	0	40	48
tlm_apply_inverse_swap	2676307	2677075	768	256	0	0	0
tlm_apply_inverse_mod_sub_register	2677075	2683101	6026	667	7	410	417
tlm_apply_inverse_mod_sub_fold	2683101	2683888	787	68	4	66	66
tlm_apply_inverse_mod_sub_clean	2683888	2684204	316	19	0	20	22
tlm_inverse_gcd_forward_codec	2684204	2684207	3	0	0	0	0
tlm_inverse_gcd_forward_shift	2684207	2684485	278	68	0	0	2
tlm_inverse_gcd_forward_compare	2684485	2685307	822	132	0	36	37
tlm_inverse_gcd_forward_body	2685307	2686911	1604	178	2	109	111
tlm_apply_inverse_fold	2686911	2688565	1654	342	0	39	47
tlm_apply_inverse_swap	2688565	2689333	768	256	0	0	0
tlm_apply_inverse_mod_sub_register	2689333	2695672	6339	689	8	432	440
tlm_apply_inverse_mod_sub_fold	2695672	2696459	787	68	4	66	66
tlm_apply_inverse_mod_sub_clean	2696459	2696775	316	19	0	20	22
tlm_inverse_gcd_forward_codec	2696775	2696778	3	0	0	0	0
tlm_inverse_gcd_forward_shift	2696778	2697052	274	67	0	0	2
tlm_inverse_gcd_forward_compare	2697052	2697857	805	130	0	35	36
tlm_inverse_gcd_forward_body	2697857	2699464	1607	177	3	109	111
tlm_apply_inverse_fold	2699464	2701917	2453	350	0	94	129
tlm_apply_inverse_swap	2701917	2702685	768	256	0	0	0
tlm_apply_inverse_mod_sub_register	2702685	2709024	6339	689	8	432	440
tlm_apply_inverse_mod_sub_fold	2709024	2709823	799	69	5	67	67
tlm_apply_inverse_mod_sub_clean	2709823	2710139	316	19	0	20	22
tlm_inverse_gcd_forward_codec	2710139	2710305	166	18	0	4	7
tlm_inverse_gcd_forward_shift	2710305	2710575	270	66	0	0	2
tlm_inverse_gcd_forward_compare	2710575	2711383	808	128	0	36	37
tlm_inverse_gcd_forward_body	2711383	2712957	1574	174	2	107	109
tlm_apply_inverse_fold	2712957	2714611	1654	342	0	39	47
tlm_apply_inverse_swap	2714611	2715379	768	256	0	0	0
tlm_apply_inverse_mod_sub_register	2715379	2721718	6339	689	8	432	440
tlm_apply_inverse_mod_sub_fold	2721718	2722505	787	68	4	66	66
tlm_apply_inverse_mod_sub_clean	2722505	2722821	316	19	0	20	22
tlm_inverse_gcd_forward_codec	2722821	2722824	3	0	0	0	0
tlm_inverse_gcd_forward_shift	2722824	2723090	266	65	0	0	2
tlm_inverse_gcd_forward_compare	2723090	2723889	799	128	0	35	36
tlm_inverse_gcd_forward_body	2723889	2725448	1559	172	2	106	108
tlm_apply_inverse_fold	2725448	2727901	2453	350	0	94	129
tlm_apply_inverse_swap	2727901	2728669	768	256	0	0	0
tlm_apply_inverse_mod_sub_register	2728669	2735008	6339	689	8	432	440
tlm_apply_inverse_mod_sub_fold	2735008	2735807	799	69	5	67	67
tlm_apply_inverse_mod_sub_clean	2735807	2736123	316	19	0	20	22
tlm_inverse_gcd_forward_codec	2736123	2736126	3	0	0	0	0
tlm_inverse_gcd_forward_shift	2736126	2736388	262	64	0	0	2
tlm_inverse_gcd_forward_compare	2736388	2737194	806	132	0	34	35
tlm_inverse_gcd_forward_body	2737194	2738738	1544	170	2	105	107
tlm_apply_inverse_fold	2738738	2741191	2453	350	0	94	129
tlm_apply_inverse_swap	2741191	2741959	768	256	0	0	0
tlm_apply_inverse_mod_sub_register	2741959	2748596	6637	710	9	453	461
tlm_apply_inverse_mod_sub_fold	2748596	2749413	817	70	4	70	70
tlm_apply_inverse_mod_sub_clean	2749413	2749729	316	19	0	20	22
tlm_inverse_gcd_forward_codec	2749729	2749895	166	18	0	4	7
tlm_inverse_gcd_forward_shift	2749895	2750153	258	63	0	0	2
tlm_inverse_gcd_forward_compare	2750153	2750954	801	128	0	35	36
tlm_inverse_gcd_forward_body	2750954	2752483	1529	168	2	104	106
tlm_apply_inverse_fold	2752483	2754936	2453	350	0	94	129
tlm_apply_inverse_swap	2754936	2755704	768	256	0	0	0
tlm_apply_inverse_mod_sub_register	2755704	2762043	6339	689	8	432	440
tlm_apply_inverse_mod_sub_fold	2762043	2762842	799	69	5	67	67
tlm_apply_inverse_mod_sub_clean	2762842	2763158	316	19	0	20	22
tlm_inverse_gcd_forward_codec	2763158	2763161	3	0	0	0	0
tlm_inverse_gcd_forward_shift	2763161	2763415	254	62	0	0	2
tlm_inverse_gcd_forward_compare	2763415	2764223	808	132	0	34	35
tlm_inverse_gcd_forward_body	2764223	2765737	1514	166	2	103	105
tlm_apply_inverse_fold	2765737	2768190	2453	350	0	94	129
tlm_apply_inverse_swap	2768190	2768958	768	256	0	0	0
tlm_apply_inverse_mod_sub_register	2768958	2775595	6637	710	9	453	461
tlm_apply_inverse_mod_sub_fold	2775595	2776412	817	70	4	70	70
tlm_apply_inverse_mod_sub_clean	2776412	2776728	316	19	0	20	22
tlm_inverse_gcd_forward_codec	2776728	2776731	3	0	0	0	0
tlm_inverse_gcd_forward_shift	2776731	2776981	250	61	0	0	2
tlm_inverse_gcd_forward_compare	2776981	2777780	799	132	0	33	34
tlm_inverse_gcd_forward_body	2777780	2779019	1239	145	1	83	85
tlm_apply_inverse_fold	2779019	2781472	2453	350	0	94	129
tlm_apply_inverse_swap	2781472	2782240	768	256	0	0	0
tlm_apply_inverse_mod_sub_register	2782240	2788891	6651	711	9	454	462
tlm_apply_inverse_mod_sub_fold	2788891	2789708	817	70	4	70	70
tlm_apply_inverse_mod_sub_clean	2789708	2790024	316	19	0	20	22
tlm_inverse_gcd_forward_codec	2790024	2790190	166	18	0	4	7
tlm_inverse_gcd_forward_shift	2790190	2790436	246	60	0	0	2
tlm_inverse_gcd_forward_compare	2790436	2791230	794	128	0	34	35
tlm_inverse_gcd_forward_body	2791230	2792454	1224	143	1	82	84
tlm_apply_inverse_fold	2792454	2794907	2453	350	0	94	129
tlm_apply_inverse_swap	2794907	2795675	768	256	0	0	0
tlm_apply_inverse_mod_sub_register	2795675	2802312	6637	710	9	453	461
tlm_apply_inverse_mod_sub_fold	2802312	2803129	817	70	4	70	70
tlm_apply_inverse_mod_sub_clean	2803129	2803445	316	19	0	20	22
tlm_inverse_gcd_forward_codec	2803445	2803448	3	0	0	0	0
tlm_inverse_gcd_forward_shift	2803448	2803690	242	59	0	0	2
tlm_inverse_gcd_forward_compare	2803690	2804491	801	132	0	33	34
tlm_inverse_gcd_forward_body	2804491	2805700	1209	141	1	81	83
tlm_apply_inverse_fold	2805700	2808153	2453	350	0	94	129
tlm_apply_inverse_swap	2808153	2808921	768	256	0	0	0
tlm_apply_inverse_mod_sub_register	2808921	2815572	6651	711	9	454	462
tlm_apply_inverse_mod_sub_fold	2815572	2816389	817	70	4	70	70
tlm_apply_inverse_mod_sub_clean	2816389	2816705	316	19	0	20	22
tlm_inverse_gcd_forward_codec	2816705	2816708	3	0	0	0	0
tlm_inverse_gcd_forward_shift	2816708	2816946	238	58	0	0	2
tlm_inverse_gcd_forward_compare	2816946	2817730	784	130	0	32	33
tlm_inverse_gcd_forward_body	2817730	2818924	1194	139	1	80	82
tlm_apply_inverse_fold	2818924	2821377	2453	350	0	94	129
tlm_apply_inverse_swap	2821377	2822145	768	256	0	0	0
tlm_apply_inverse_mod_sub_register	2822145	2829025	6880	727	10	470	479
tlm_apply_inverse_mod_sub_fold	2829025	2829848	823	72	4	70	70
tlm_apply_inverse_mod_sub_clean	2829848	2830164	316	19	0	20	22
tlm_inverse_gcd_forward_codec	2830164	2830330	166	18	0	4	7
tlm_inverse_gcd_forward_shift	2830330	2830564	234	57	0	0	2
tlm_inverse_gcd_forward_compare	2830564	2831359	795	130	0	33	34
tlm_inverse_gcd_forward_body	2831359	2832538	1179	137	1	79	81
tlm_apply_inverse_fold	2832538	2834991	2453	350	0	94	129
tlm_apply_inverse_swap	2834991	2835759	768	256	0	0	0
tlm_apply_inverse_mod_sub_register	2835759	2842410	6651	711	9	454	462
tlm_apply_inverse_mod_sub_fold	2842410	2843227	817	70	4	70	70
tlm_apply_inverse_mod_sub_clean	2843227	2843543	316	19	0	20	22
tlm_inverse_gcd_forward_codec	2843543	2843546	3	0	0	0	0
tlm_inverse_gcd_forward_shift	2843546	2843776	230	56	0	0	2
tlm_inverse_gcd_forward_compare	2843776	2844562	786	130	0	32	33
tlm_inverse_gcd_forward_body	2844562	2845726	1164	135	1	78	80
tlm_apply_inverse_fold	2845726	2848179	2453	350	0	94	129
tlm_apply_inverse_swap	2848179	2848947	768	256	0	0	0
tlm_apply_inverse_mod_sub_register	2848947	2855827	6880	727	10	470	479
tlm_apply_inverse_mod_sub_fold	2855827	2856650	823	72	4	70	70
tlm_apply_inverse_mod_sub_clean	2856650	2856966	316	19	0	20	22
tlm_inverse_gcd_forward_codec	2856966	2856969	3	0	0	0	0
tlm_inverse_gcd_forward_shift	2856969	2857195	226	55	0	0	2
tlm_inverse_gcd_forward_compare	2857195	2857972	777	130	0	31	32
tlm_inverse_gcd_forward_body	2857972	2859121	1149	133	1	77	79
tlm_apply_inverse_fold	2859121	2861574	2453	350	0	94	129
tlm_apply_inverse_swap	2861574	2862342	768	256	0	0	0
tlm_apply_inverse_mod_sub_register	2862342	2869498	7156	747	11	490	491
tlm_apply_inverse_mod_sub_fold	2869498	2870347	849	74	5	72	72
tlm_apply_inverse_mod_sub_clean	2870347	2870663	316	19	0	20	22
tlm_inverse_gcd_forward_codec	2870663	2870829	166	18	0	4	7
tlm_inverse_gcd_forward_shift	2870829	2871051	222	54	0	0	2
tlm_inverse_gcd_forward_compare	2871051	2871831	780	128	0	32	33
tlm_inverse_gcd_forward_body	2871831	2872951	1120	130	1	75	77
tlm_apply_inverse_fold	2872951	2875404	2453	350	0	94	129
tlm_apply_inverse_swap	2875404	2876172	768	256	0	0	0
tlm_apply_inverse_mod_sub_register	2876172	2883052	6880	727	10	470	479
tlm_apply_inverse_mod_sub_fold	2883052	2883875	823	72	4	70	70
tlm_apply_inverse_mod_sub_clean	2883875	2884191	316	19	0	20	22
tlm_inverse_gcd_forward_codec	2884191	2884194	3	0	0	0	0
tlm_inverse_gcd_forward_shift	2884194	2884412	218	53	0	0	2
tlm_inverse_gcd_forward_compare	2884412	2885183	771	128	0	31	32
tlm_inverse_gcd_forward_body	2885183	2886288	1105	128	1	74	76
tlm_apply_inverse_fold	2886288	2888741	2453	350	0	94	129
tlm_apply_inverse_swap	2888741	2889509	768	256	0	0	0
tlm_apply_inverse_mod_sub_register	2889509	2896665	7156	747	11	490	491
tlm_apply_inverse_mod_sub_fold	2896665	2897514	849	74	5	72	72
tlm_apply_inverse_mod_sub_clean	2897514	2897830	316	19	0	20	22
tlm_inverse_gcd_forward_codec	2897830	2897833	3	0	0	0	0
tlm_inverse_gcd_forward_shift	2897833	2898047	214	52	0	0	2
tlm_inverse_gcd_forward_compare	2898047	2898809	762	128	0	30	31
tlm_inverse_gcd_forward_body	2898809	2899899	1090	126	1	73	75
tlm_apply_inverse_fold	2899899	2902352	2453	350	0	94	129
tlm_apply_inverse_swap	2902352	2903120	768	256	0	0	0
tlm_apply_inverse_mod_sub_register	2903120	2910308	7188	749	12	492	493
tlm_apply_inverse_mod_sub_fold	2910308	2911167	859	73	6	73	73
tlm_apply_inverse_mod_sub_clean	2911167	2911483	316	19	0	20	22
tlm_inverse_gcd_forward_codec	2911483	2911649	166	18	0	4	7
tlm_inverse_gcd_forward_shift	2911649	2911859	210	51	0	0	2
tlm_inverse_gcd_forward_compare	2911859	2912616	757	124	0	31	32
tlm_inverse_gcd_forward_body	2912616	2913663	1047	122	1	70	72
tlm_apply_inverse_fold	2913663	2916116	2453	350	0	94	129
tlm_apply_inverse_swap	2916116	2916884	768	256	0	0	0
tlm_apply_inverse_mod_sub_register	2916884	2924040	7156	747	11	490	491
tlm_apply_inverse_mod_sub_fold	2924040	2924889	849	74	5	72	72
tlm_apply_inverse_mod_sub_clean	2924889	2925205	316	19	0	20	22
tlm_inverse_gcd_forward_codec	2925205	2925208	3	0	0	0	0
tlm_inverse_gcd_forward_shift	2925208	2925414	206	50	0	0	2
tlm_inverse_gcd_forward_compare	2925414	2926154	740	122	0	30	31
tlm_inverse_gcd_forward_body	2926154	2927186	1032	120	1	69	71
tlm_apply_inverse_fold	2927186	2929639	2453	350	0	94	129
tlm_apply_inverse_swap	2929639	2930407	768	256	0	0	0
tlm_apply_inverse_mod_sub_register	2930407	2937595	7188	749	12	492	493
tlm_apply_inverse_mod_sub_fold	2937595	2938454	859	73	6	73	73
tlm_apply_inverse_mod_sub_clean	2938454	2938770	316	19	0	20	22
tlm_inverse_gcd_forward_codec	2938770	2938773	3	0	0	0	0
tlm_inverse_gcd_forward_shift	2938773	2938975	202	49	0	0	2
tlm_inverse_gcd_forward_compare	2938975	2939698	723	120	0	29	30
tlm_inverse_gcd_forward_body	2939698	2940715	1017	118	1	68	70
tlm_apply_inverse_fold	2940715	2943168	2453	350	0	94	129
tlm_apply_inverse_swap	2943168	2943936	768	256	0	0	0
tlm_apply_inverse_mod_sub_register	2943936	2951192	7256	753	15	496	497
tlm_apply_inverse_mod_sub_fold	2951192	2952057	865	75	6	73	73
tlm_apply_inverse_mod_sub_clean	2952057	2952373	316	19	0	20	22
tlm_inverse_gcd_forward_codec	2952373	2952539	166	18	0	4	7
tlm_inverse_gcd_forward_shift	2952539	2952737	198	48	0	0	2
tlm_inverse_gcd_forward_compare	2952737	2953455	718	116	0	30	31
tlm_inverse_gcd_forward_body	2953455	2954429	974	114	1	65	67
tlm_apply_inverse_fold	2954429	2956882	2453	350	0	94	129
tlm_apply_inverse_swap	2956882	2957650	768	256	0	0	0
tlm_apply_inverse_mod_sub_register	2957650	2964838	7188	749	12	492	493
tlm_apply_inverse_mod_sub_fold	2964838	2965697	859	73	6	73	73
tlm_apply_inverse_mod_sub_clean	2965697	2966013	316	19	0	20	22
tlm_inverse_gcd_forward_codec	2966013	2966016	3	0	0	0	0
tlm_inverse_gcd_forward_shift	2966016	2966210	194	47	0	0	2
tlm_inverse_gcd_forward_compare	2966210	2966911	701	114	0	29	30
tlm_inverse_gcd_forward_body	2966911	2967870	959	112	1	64	66
tlm_apply_inverse_fold	2967870	2970323	2453	350	0	94	129
tlm_apply_inverse_swap	2970323	2971091	768	256	0	0	0
tlm_apply_inverse_mod_sub_register	2971091	2978347	7256	753	15	496	497
tlm_apply_inverse_mod_sub_fold	2978347	2979212	865	75	6	73	73
tlm_apply_inverse_mod_sub_clean	2979212	2979528	316	19	0	20	22
tlm_inverse_gcd_forward_codec	2979528	2979531	3	0	0	0	0
tlm_inverse_gcd_forward_shift	2979531	2979721	190	46	0	0	2
tlm_inverse_gcd_forward_compare	2979721	2980405	684	112	0	28	29
tlm_inverse_gcd_forward_body	2980405	2981349	944	110	1	63	65
tlm_apply_inverse_fold	2981349	2983802	2453	350	0	94	129
tlm_apply_inverse_swap	2983802	2984570	768	256	0	0	0
tlm_apply_inverse_mod_sub_register	2984570	2991756	7186	747	12	491	498
tlm_apply_inverse_mod_sub_fold	2991756	2992613	857	74	4	74	74
tlm_apply_inverse_mod_sub_clean	2992613	2992929	316	19	0	20	22
tlm_inverse_gcd_forward_codec	2992929	2993095	166	18	0	4	7
tlm_inverse_gcd_forward_shift	2993095	2993281	186	45	0	0	2
tlm_inverse_gcd_forward_compare	2993281	2993960	679	108	0	29	30
tlm_inverse_gcd_forward_body	2993960	2994861	901	106	1	60	62
tlm_apply_inverse_fold	2994861	2997314	2453	350	0	94	129
tlm_apply_inverse_swap	2997314	2998082	768	256	0	0	0
tlm_apply_inverse_mod_sub_register	2998082	3005338	7256	753	15	496	497
tlm_apply_inverse_mod_sub_fold	3005338	3006203	865	75	6	73	73
tlm_apply_inverse_mod_sub_clean	3006203	3006519	316	19	0	20	22
tlm_inverse_gcd_forward_codec	3006519	3006522	3	0	0	0	0
tlm_inverse_gcd_forward_shift	3006522	3006704	182	44	0	0	2
tlm_inverse_gcd_forward_compare	3006704	3007366	662	106	0	28	29
tlm_inverse_gcd_forward_body	3007366	3008252	886	104	1	59	61
tlm_apply_inverse_fold	3008252	3010705	2453	350	0	94	129
tlm_apply_inverse_swap	3010705	3011473	768	256	0	0	0
tlm_apply_inverse_mod_sub_register	3011473	3018659	7186	747	12	491	498
tlm_apply_inverse_mod_sub_fold	3018659	3019516	857	74	4	74	74
tlm_apply_inverse_mod_sub_clean	3019516	3019832	316	19	0	20	22
tlm_inverse_gcd_forward_codec	3019832	3019835	3	0	0	0	0
tlm_inverse_gcd_forward_shift	3019835	3020013	178	43	0	0	2
tlm_inverse_gcd_forward_compare	3020013	3020666	653	106	0	27	28
tlm_inverse_gcd_forward_body	3020666	3021537	871	102	1	58	60
tlm_apply_inverse_fold	3021537	3023990	2453	350	0	94	129
tlm_apply_inverse_swap	3023990	3024758	768	256	0	0	0
tlm_apply_inverse_mod_sub_register	3024758	3032027	7269	753	12	497	503
tlm_apply_inverse_mod_sub_fold	3032027	3032920	893	77	5	77	77
tlm_apply_inverse_mod_sub_clean	3032920	3033236	316	19	0	20	22
tlm_inverse_gcd_forward_codec	3033236	3033402	166	18	0	4	7
tlm_inverse_gcd_forward_shift	3033402	3033576	174	42	0	0	2
tlm_inverse_gcd_forward_compare	3033576	3034224	648	102	0	28	29
tlm_inverse_gcd_forward_body	3034224	3035052	828	98	1	55	57
tlm_apply_inverse_fold	3035052	3037505	2453	350	0	94	129
tlm_apply_inverse_swap	3037505	3038273	768	256	0	0	0
tlm_apply_inverse_mod_sub_register	3038273	3045459	7186	747	12	491	498
tlm_apply_inverse_mod_sub_fold	3045459	3046316	857	74	4	74	74
tlm_apply_inverse_mod_sub_clean	3046316	3046632	316	19	0	20	22
tlm_inverse_gcd_forward_codec	3046632	3046635	3	0	0	0	0
tlm_inverse_gcd_forward_shift	3046635	3046805	170	41	0	0	2
tlm_inverse_gcd_forward_compare	3046805	3047436	631	100	0	27	28
tlm_inverse_gcd_forward_body	3047436	3048249	813	96	1	54	56
tlm_apply_inverse_fold	3048249	3050702	2453	350	0	94	129
tlm_apply_inverse_swap	3050702	3051470	768	256	0	0	0
tlm_apply_inverse_mod_sub_register	3051470	3058739	7269	753	12	497	503
tlm_apply_inverse_mod_sub_fold	3058739	3059632	893	77	5	77	77
tlm_apply_inverse_mod_sub_clean	3059632	3059948	316	19	0	20	22
tlm_inverse_gcd_forward_codec	3059948	3059951	3	0	0	0	0
tlm_inverse_gcd_forward_shift	3059951	3060117	166	40	0	0	2
tlm_inverse_gcd_forward_compare	3060117	3060731	614	98	0	26	27
tlm_inverse_gcd_forward_body	3060731	3061529	798	94	1	53	55
tlm_apply_inverse_fold	3061529	3063982	2453	350	0	94	129
tlm_apply_inverse_swap	3063982	3064750	768	256	0	0	0
tlm_apply_inverse_mod_sub_register	3064750	3072092	7342	758	13	502	507
tlm_apply_inverse_mod_sub_fold	3072092	3072991	899	79	5	77	77
tlm_apply_inverse_mod_sub_clean	3072991	3073307	316	19	0	20	22
tlm_inverse_gcd_forward_codec	3073307	3073473	166	18	0	4	7
tlm_inverse_gcd_forward_shift	3073473	3073635	162	39	0	0	2
tlm_inverse_gcd_forward_compare	3073635	3074244	609	94	0	27	28
tlm_inverse_gcd_forward_body	3074244	3074999	755	90	1	50	52
tlm_apply_inverse_fold	3074999	3077452	2453	350	0	94	129
tlm_apply_inverse_swap	3077452	3078220	768	256	0	0	0
tlm_apply_inverse_mod_sub_register	3078220	3085489	7269	753	12	497	503
tlm_apply_inverse_mod_sub_fold	3085489	3086382	893	77	5	77	77
tlm_apply_inverse_mod_sub_clean	3086382	3086698	316	19	0	20	22
tlm_inverse_gcd_forward_codec	3086698	3086701	3	0	0	0	0
tlm_inverse_gcd_forward_shift	3086701	3086859	158	38	0	0	2
tlm_inverse_gcd_forward_compare	3086859	3087451	592	92	0	26	27
tlm_inverse_gcd_forward_body	3087451	3088191	740	88	1	49	51
tlm_apply_inverse_fold	3088191	3090644	2453	350	0	94	129
tlm_apply_inverse_swap	3090644	3091412	768	256	0	0	0
tlm_apply_inverse_mod_sub_register	3091412	3098754	7342	758	13	502	507
tlm_apply_inverse_mod_sub_fold	3098754	3099647	893	77	5	77	77
tlm_apply_inverse_mod_sub_clean	3099647	3099963	316	19	0	20	22
tlm_inverse_gcd_forward_codec	3099963	3099966	3	0	0	0	0
tlm_inverse_gcd_forward_shift	3099966	3100120	154	37	0	0	2
tlm_inverse_gcd_forward_compare	3100120	3100695	575	90	0	25	26
tlm_inverse_gcd_forward_body	3100695	3101420	725	86	1	48	50
tlm_apply_inverse_fold	3101420	3103873	2453	350	0	94	129
tlm_apply_inverse_swap	3103873	3104641	768	256	0	0	0
tlm_apply_inverse_mod_sub_register	3104641	3112042	7401	762	14	506	510
tlm_apply_inverse_mod_sub_fold	3112042	3112961	919	79	6	79	79
tlm_apply_inverse_mod_sub_clean	3112961	3113277	316	19	0	20	22
tlm_inverse_gcd_forward_codec	3113277	3113443	166	18	0	4	7
tlm_inverse_gcd_forward_shift	3113443	3113593	150	36	0	0	2
tlm_inverse_gcd_forward_compare	3113593	3114163	570	86	0	26	27
tlm_inverse_gcd_forward_body	3114163	3114845	682	82	1	45	47
tlm_apply_inverse_fold	3114845	3117298	2453	350	0	94	129
tlm_apply_inverse_swap	3117298	3118066	768	256	0	0	0
tlm_apply_inverse_mod_sub_register	3118066	3125408	7342	758	13	502	507
tlm_apply_inverse_mod_sub_fold	3125408	3126301	893	77	5	77	77
tlm_apply_inverse_mod_sub_clean	3126301	3126617	316	19	0	20	22
tlm_inverse_gcd_forward_codec	3126617	3126620	3	0	0	0	0
tlm_inverse_gcd_forward_shift	3126620	3126766	146	35	0	0	2
tlm_inverse_gcd_forward_compare	3126766	3127319	553	84	0	25	26
tlm_inverse_gcd_forward_body	3127319	3127986	667	80	1	44	46
tlm_apply_inverse_fold	3127986	3130439	2453	350	0	94	129
tlm_apply_inverse_swap	3130439	3131207	768	256	0	0	0
tlm_apply_inverse_mod_sub_register	3131207	3138608	7401	762	14	506	510
tlm_apply_inverse_mod_sub_fold	3138608	3139527	919	79	6	79	79
tlm_apply_inverse_mod_sub_clean	3139527	3139843	316	19	0	20	22
tlm_inverse_gcd_forward_codec	3139843	3139846	3	0	0	0	0
tlm_inverse_gcd_forward_shift	3139846	3139988	142	34	0	0	2
tlm_inverse_gcd_forward_compare	3139988	3140524	536	82	0	24	25
tlm_inverse_gcd_forward_body	3140524	3141176	652	78	1	43	45
tlm_apply_inverse_fold	3141176	3143629	2453	350	0	94	129
tlm_apply_inverse_swap	3143629	3144397	768	256	0	0	0
tlm_apply_inverse_mod_sub_register	3144397	3151847	7450	765	16	509	512
tlm_apply_inverse_mod_sub_fold	3151847	3152772	925	81	6	79	79
tlm_apply_inverse_mod_sub_clean	3152772	3153088	316	19	0	20	22
tlm_inverse_gcd_forward_codec	3153088	3153254	166	18	0	4	7
tlm_inverse_gcd_forward_shift	3153254	3153392	138	33	0	0	2
tlm_inverse_gcd_forward_compare	3153392	3153923	531	78	0	25	26
tlm_inverse_gcd_forward_body	3153923	3154532	609	74	1	40	42
tlm_apply_inverse_fold	3154532	3156985	2453	350	0	94	129
tlm_apply_inverse_swap	3156985	3157753	768	256	0	0	0
tlm_apply_inverse_mod_sub_register	3157753	3165154	7401	762	14	506	510
tlm_apply_inverse_mod_sub_fold	3165154	3166073	919	79	6	79	79
tlm_apply_inverse_mod_sub_clean	3166073	3166389	316	19	0	20	22
tlm_inverse_gcd_forward_codec	3166389	3166392	3	0	0	0	0
tlm_inverse_gcd_forward_shift	3166392	3166526	134	32	0	0	2
tlm_inverse_gcd_forward_compare	3166526	3167040	514	76	0	24	25
tlm_inverse_gcd_forward_body	3167040	3167634	594	72	1	39	41
tlm_apply_inverse_fold	3167634	3170087	2453	350	0	94	129
tlm_apply_inverse_swap	3170087	3170855	768	256	0	0	0
tlm_apply_inverse_mod_sub_register	3170855	3178305	7450	765	16	509	512
tlm_apply_inverse_mod_sub_fold	3178305	3179230	925	81	6	79	79
tlm_apply_inverse_mod_sub_clean	3179230	3179546	316	19	0	20	22
tlm_inverse_gcd_forward_codec	3179546	3179549	3	0	0	0	0
tlm_inverse_gcd_forward_shift	3179549	3179679	130	31	0	0	2
tlm_inverse_gcd_forward_compare	3179679	3180176	497	74	0	23	24
tlm_inverse_gcd_forward_body	3180176	3180755	579	70	1	38	40
tlm_apply_inverse_fold	3180755	3183208	2453	350	0	94	129
tlm_apply_inverse_swap	3183208	3183976	768	256	0	0	0
tlm_apply_inverse_mod_sub_register	3183976	3191461	7485	767	18	511	513
tlm_apply_inverse_mod_sub_fold	3191461	3192384	923	81	6	79	79
tlm_apply_inverse_mod_sub_clean	3192384	3192700	316	19	0	20	22
tlm_inverse_gcd_forward_codec	3192700	3192866	166	18	0	4	7
tlm_inverse_gcd_forward_shift	3192866	3192992	126	30	0	0	2
tlm_inverse_gcd_forward_compare	3192992	3193484	492	70	0	24	25
tlm_inverse_gcd_forward_body	3193484	3194020	536	66	1	35	37
tlm_apply_inverse_fold	3194020	3196473	2453	350	0	94	129
tlm_apply_inverse_swap	3196473	3197241	768	256	0	0	0
tlm_apply_inverse_mod_sub_register	3197241	3204691	7450	765	16	509	512
tlm_apply_inverse_mod_sub_fold	3204691	3205616	925	81	6	79	79
tlm_apply_inverse_mod_sub_clean	3205616	3205932	316	19	0	20	22
tlm_inverse_gcd_forward_codec	3205932	3205935	3	0	0	0	0
tlm_inverse_gcd_forward_shift	3205935	3206057	122	29	0	0	2
tlm_inverse_gcd_forward_compare	3206057	3206532	475	68	0	23	24
tlm_inverse_gcd_forward_body	3206532	3207053	521	64	1	34	36
tlm_apply_inverse_fold	3207053	3209506	2453	350	0	94	129
tlm_apply_inverse_swap	3209506	3210274	768	256	0	0	0
tlm_apply_inverse_mod_sub_register	3210274	3217759	7485	767	18	511	513
tlm_apply_inverse_mod_sub_fold	3217759	3218682	923	81	6	79	79
tlm_apply_inverse_mod_sub_clean	3218682	3218998	316	19	0	20	22
tlm_inverse_gcd_forward_codec	3218998	3219001	3	0	0	0	0
tlm_inverse_gcd_forward_shift	3219001	3219119	118	28	0	0	2
tlm_inverse_gcd_forward_compare	3219119	3219577	458	66	0	22	23
tlm_inverse_gcd_forward_body	3219577	3220083	506	62	1	33	35
tlm_apply_inverse_fold	3220083	3222536	2453	350	0	94	129
tlm_apply_inverse_swap	3222536	3223304	768	256	0	0	0
tlm_apply_inverse_mod_sub_register	3223304	3230759	7455	769	22	506	508
tlm_apply_inverse_mod_sub_fold	3230759	3231700	941	82	5	82	82
tlm_apply_inverse_mod_sub_clean	3231700	3232016	316	19	0	20	22
tlm_inverse_gcd_forward_codec	3232016	3232182	166	18	0	4	7
tlm_inverse_gcd_forward_shift	3232182	3232296	114	27	0	0	2
tlm_inverse_gcd_forward_compare	3232296	3232749	453	62	0	23	24
tlm_inverse_gcd_forward_body	3232749	3233212	463	58	1	30	32
tlm_apply_inverse_fold	3233212	3235665	2453	350	0	94	129
tlm_apply_inverse_swap	3235665	3236433	768	256	0	0	0
tlm_apply_inverse_mod_sub_register	3236433	3243918	7485	767	18	511	513
tlm_apply_inverse_mod_sub_fold	3243918	3244841	923	81	6	79	79
tlm_apply_inverse_mod_sub_clean	3244841	3245157	316	19	0	20	22
tlm_inverse_gcd_forward_codec	3245157	3245160	3	0	0	0	0
tlm_inverse_gcd_forward_shift	3245160	3245270	110	26	0	0	2
tlm_inverse_gcd_forward_compare	3245270	3245706	436	60	0	22	23
tlm_inverse_gcd_forward_body	3245706	3246154	448	56	1	29	31
tlm_apply_inverse_fold	3246154	3248607	2453	350	0	94	129
tlm_apply_inverse_swap	3248607	3249375	768	256	0	0	0
tlm_apply_inverse_mod_sub_register	3249375	3256830	7455	769	22	506	508
tlm_apply_inverse_mod_sub_fold	3256830	3257771	941	82	5	82	82
tlm_apply_inverse_mod_sub_clean	3257771	3258087	316	19	0	20	22
tlm_inverse_gcd_forward_codec	3258087	3258090	3	0	0	0	0
tlm_inverse_gcd_forward_shift	3258090	3258196	106	25	0	0	2
tlm_inverse_gcd_forward_compare	3258196	3258615	419	58	0	21	22
tlm_inverse_gcd_forward_body	3258615	3259048	433	54	1	28	30
tlm_apply_inverse_fold	3259048	3261501	2453	350	0	94	129
tlm_apply_inverse_swap	3261501	3262269	768	256	0	0	0
tlm_apply_inverse_mod_sub_register	3262269	3269280	7011	769	21	462	464
tlm_apply_inverse_mod_sub_fold	3269280	3270223	943	82	5	82	82
tlm_apply_inverse_mod_sub_clean	3270223	3270539	316	19	0	20	22
tlm_inverse_gcd_forward_codec	3270539	3270705	166	18	0	4	7
tlm_inverse_gcd_forward_shift	3270705	3270803	98	22	0	0	6
tlm_inverse_gcd_forward_compare	3270803	3271215	412	48	0	24	25
tlm_inverse_gcd_forward_body	3271215	3271556	341	45	0	22	23
tlm_apply_inverse_fold	3271556	3274009	2453	350	0	94	129
tlm_apply_inverse_swap	3274009	3274777	768	256	0	0	0
tlm_apply_inverse_mod_sub_register	3274777	3282119	7342	758	13	502	507
tlm_apply_inverse_mod_sub_fold	3282119	3283012	893	77	5	77	77
tlm_apply_inverse_mod_sub_clean	3283012	3283328	316	19	0	20	22
tlm_inverse_gcd_forward_codec	3283328	3283331	3	0	0	0	0
tlm_inverse_gcd_forward_shift	3283331	3283421	90	21	0	0	2
tlm_inverse_gcd_forward_compare	3283421	3283816	395	46	0	23	24
tlm_inverse_gcd_forward_body	3283816	3284142	326	43	0	21	22
tlm_apply_inverse_fold	3284142	3286595	2453	350	0	94	129
tlm_apply_inverse_swap	3286595	3287363	768	256	0	0	0
tlm_apply_inverse_mod_sub_register	3287363	3294764	7401	762	14	506	510
tlm_apply_inverse_mod_sub_fold	3294764	3295683	919	79	6	79	79
tlm_apply_inverse_mod_sub_clean	3295683	3295999	316	19	0	20	22
tlm_inverse_gcd_forward_codec	3295999	3296002	3	0	0	0	0
tlm_inverse_gcd_forward_shift	3296002	3296088	86	20	0	0	2
tlm_inverse_gcd_forward_compare	3296088	3296466	378	44	0	22	23
tlm_inverse_gcd_forward_body	3296466	3296777	311	41	0	20	21
tlm_apply_inverse_fold	3296777	3299230	2453	350	0	94	129
tlm_apply_inverse_swap	3299230	3299998	768	256	0	0	0
tlm_apply_inverse_mod_sub_register	3299998	3307448	7450	765	16	509	512
tlm_apply_inverse_mod_sub_fold	3307448	3308365	917	79	6	79	79
tlm_apply_inverse_mod_sub_clean	3308365	3308681	316	19	0	20	22
tlm_inverse_gcd_forward_codec	3308681	3308847	166	18	0	4	7
tlm_inverse_gcd_forward_shift	3308847	3308929	82	19	0	0	2
tlm_inverse_gcd_forward_compare	3308929	3309290	361	42	0	21	22
tlm_inverse_gcd_forward_body	3309290	3309586	296	39	0	19	20
tlm_apply_inverse_fold	3309586	3312039	2453	350	0	94	129
tlm_apply_inverse_swap	3312039	3312807	768	256	0	0	0
tlm_apply_inverse_mod_sub_register	3312807	3320208	7401	762	14	506	510
tlm_apply_inverse_mod_sub_fold	3320208	3321127	919	79	6	79	79
tlm_apply_inverse_mod_sub_clean	3321127	3321443	316	19	0	20	22
tlm_inverse_gcd_forward_codec	3321443	3321446	3	0	0	0	0
tlm_inverse_gcd_forward_shift	3321446	3321524	78	18	0	0	2
tlm_inverse_gcd_forward_compare	3321524	3321868	344	40	0	20	21
tlm_inverse_gcd_forward_body	3321868	3322149	281	37	0	18	19
tlm_apply_inverse_fold	3322149	3324602	2453	350	0	94	129
tlm_apply_inverse_swap	3324602	3325370	768	256	0	0	0
tlm_apply_inverse_mod_sub_register	3325370	3332820	7450	765	16	509	512
tlm_apply_inverse_mod_sub_fold	3332820	3333737	917	79	6	79	79
tlm_apply_inverse_mod_sub_clean	3333737	3334053	316	19	0	20	22
tlm_inverse_gcd_forward_codec	3334053	3334056	3	0	0	0	0
tlm_inverse_gcd_forward_shift	3334056	3334130	74	17	0	0	2
tlm_inverse_gcd_forward_compare	3334130	3334457	327	38	0	19	20
tlm_inverse_gcd_forward_body	3334457	3334723	266	35	0	17	18
tlm_apply_inverse_fold	3334723	3337176	2453	350	0	94	129
tlm_apply_inverse_swap	3337176	3337944	768	256	0	0	0
tlm_apply_inverse_mod_sub_register	3337944	3345429	7485	767	18	511	513
tlm_apply_inverse_mod_sub_fold	3345429	3346370	941	82	5	82	82
tlm_apply_inverse_mod_sub_clean	3346370	3346686	316	19	0	20	22
tlm_inverse_gcd_forward_codec	3346686	3346852	166	18	0	4	7
tlm_inverse_gcd_forward_shift	3346852	3346924	72	17	0	0	0
tlm_inverse_gcd_forward_compare	3346924	3347251	327	38	0	19	20
tlm_inverse_gcd_forward_body	3347251	3347517	266	35	0	17	18
tlm_apply_inverse_fold	3347517	3349970	2453	350	0	94	129
tlm_apply_inverse_swap	3349970	3350738	768	256	0	0	0
tlm_apply_inverse_mod_sub_register	3350738	3358193	7455	769	22	506	508
tlm_apply_inverse_mod_sub_fold	3358193	3359134	941	82	5	82	82
tlm_apply_inverse_mod_sub_clean	3359134	3359450	316	19	0	20	22
tlm_inverse_gcd_forward_codec	3359450	3359453	3	0	0	0	0
tlm_inverse_gcd_forward_shift	3359453	3359523	70	16	0	0	2
tlm_inverse_gcd_forward_compare	3359523	3359833	310	36	0	18	19
tlm_inverse_gcd_forward_body	3359833	3360084	251	33	0	16	17
tlm_apply_inverse_fold	3360084	3362537	2453	350	0	94	129
tlm_apply_inverse_swap	3362537	3363305	768	256	0	0	0
tlm_apply_inverse_mod_sub_register	3363305	3370316	7011	769	21	462	464
tlm_apply_inverse_mod_sub_fold	3370316	3371259	943	82	5	82	82
tlm_apply_inverse_mod_sub_clean	3371259	3371575	316	19	0	20	22
tlm_inverse_gcd_forward_codec	3371575	3371578	3	0	0	0	0
tlm_inverse_gcd_forward_shift	3371578	3371646	68	16	0	0	0
tlm_inverse_gcd_forward_compare	3371646	3371956	310	36	0	18	19
tlm_inverse_gcd_forward_body	3371956	3372207	251	33	0	16	17
tlm_apply_inverse_fold	3372207	3374660	2453	350	0	94	129
tlm_apply_inverse_swap	3374660	3375428	768	256	0	0	0
tlm_apply_inverse_mod_sub_register	3375428	3381227	5799	769	18	342	344
tlm_apply_inverse_mod_sub_fold	3381227	3382206	979	85	6	85	85
tlm_apply_inverse_mod_sub_clean	3382206	3382522	316	19	0	20	22
tlm_inverse_gcd_forward_codec	3382522	3382688	166	18	0	4	7
tlm_inverse_gcd_forward_shift	3382688	3382754	66	15	0	0	2
tlm_inverse_gcd_forward_compare	3382754	3383047	293	34	0	17	18
tlm_inverse_gcd_forward_body	3383047	3383283	236	31	0	15	16
tlm_apply_inverse_fold	3383283	3385736	2453	350	0	94	129
tlm_apply_inverse_swap	3385736	3386504	768	256	0	0	0
tlm_apply_inverse_mod_sub_register	3386504	3392687	6183	769	19	380	382
tlm_apply_inverse_mod_sub_fold	3392687	3393666	979	85	6	85	85
tlm_apply_inverse_mod_sub_clean	3393666	3393982	316	19	0	20	22
tlm_inverse_gcd_forward_codec	3393982	3393985	3	0	0	0	0
tlm_inverse_gcd_forward_shift	3393985	3394047	62	14	0	0	2
tlm_inverse_gcd_forward_compare	3394047	3394323	276	32	0	16	17
tlm_inverse_gcd_forward_body	3394323	3394544	221	29	0	14	15
tlm_apply_inverse_fold	3394544	3396997	2453	350	0	94	129
tlm_apply_inverse_swap	3396997	3397765	768	256	0	0	0
tlm_apply_inverse_mod_sub_register	3397765	3403564	5799	769	18	342	344
tlm_apply_inverse_mod_sub_fold	3403564	3404543	979	85	6	85	85
tlm_apply_inverse_mod_sub_clean	3404543	3404859	316	19	0	20	22
tlm_inverse_gcd_forward_codec	3404859	3404862	3	0	0	0	0
tlm_inverse_gcd_forward_shift	3404862	3404920	58	13	0	0	2
tlm_inverse_gcd_forward_compare	3404920	3405179	259	30	0	15	16
tlm_inverse_gcd_forward_body	3405179	3405385	206	27	0	13	14
tlm_apply_inverse_fold	3405385	3407838	2453	350	0	94	129
tlm_apply_inverse_swap	3407838	3408606	768	256	0	0	0
tlm_apply_inverse_mod_sub_register	3408606	3414041	5435	769	17	306	308
tlm_apply_inverse_mod_sub_fold	3414041	3415046	1005	87	7	87	87
tlm_apply_inverse_mod_sub_clean	3415046	3415356	310	20	0	19	21
tlm_inverse_gcd_forward_codec	3415356	3415522	166	18	0	4	7
tlm_inverse_gcd_forward_shift	3415522	3415578	56	13	0	0	0
tlm_inverse_gcd_forward_compare	3415578	3415837	259	30	0	15	16
tlm_inverse_gcd_forward_body	3415837	3416043	206	27	0	13	14
tlm_apply_inverse_fold	3416043	3418496	2453	350	0	94	129
tlm_apply_inverse_swap	3418496	3419264	768	256	0	0	0
tlm_apply_inverse_mod_sub_register	3419264	3424355	5091	769	16	272	274
tlm_apply_inverse_mod_sub_fold	3424355	3425368	1013	88	8	88	88
tlm_apply_inverse_mod_sub_clean	3425368	3425672	304	21	0	18	20
tlm_inverse_gcd_forward_codec	3425672	3425675	3	0	0	0	0
tlm_inverse_gcd_forward_shift	3425675	3425729	54	12	0	0	2
tlm_inverse_gcd_forward_compare	3425729	3425971	242	28	0	14	15
tlm_inverse_gcd_forward_body	3425971	3426162	191	25	0	12	13
tlm_apply_inverse_fold	3426162	3428615	2453	350	0	94	129
tlm_apply_inverse_swap	3428615	3429383	768	256	0	0	0
tlm_apply_inverse_mod_sub_register	3429383	3434150	4767	769	15	240	242
tlm_apply_inverse_mod_sub_fold	3434150	3435163	1013	88	8	88	88
tlm_apply_inverse_mod_sub_clean	3435163	3435461	298	22	0	17	19
tlm_inverse_gcd_forward_codec	3435461	3435464	3	0	0	0	0
tlm_inverse_gcd_forward_shift	3435464	3435516	52	12	0	0	0
tlm_inverse_gcd_forward_compare	3435516	3435746	230	30	0	12	13
tlm_inverse_gcd_forward_body	3435746	3435937	191	25	0	12	13
tlm_apply_inverse_fold	3435937	3438223	2286	405	0	65	112
tlm_apply_inverse_swap	3438223	3438991	768	256	0	0	0
tlm_apply_inverse_mod_sub_register	3438991	3442906	3915	769	12	156	158
tlm_apply_inverse_mod_sub_fold	3442906	3443929	1023	91	6	91	91
tlm_apply_inverse_mod_sub_clean	3443929	3444209	280	25	0	14	16
tlm_inverse_gcd_forward_codec	3444209	3444375	166	18	0	4	7
tlm_inverse_gcd_forward_shift	3444375	3444427	52	12	0	0	0
tlm_inverse_gcd_forward_compare	3444427	3444651	224	31	0	11	12
tlm_inverse_gcd_forward_body	3444651	3444842	191	25	0	12	13
tlm_apply_inverse_fold	3444842	3447152	2310	408	0	66	114
tlm_apply_inverse_swap	3447152	3447920	768	256	0	0	0
tlm_apply_inverse_mod_sub_register	3447920	3451591	3671	769	11	132	134
tlm_apply_inverse_mod_sub_fold	3451591	3452646	1055	94	7	94	94
tlm_apply_inverse_mod_sub_clean	3452646	3452920	274	26	0	13	15
tlm_inverse_gcd_forward_codec	3452920	3452923	3	0	0	0	0
tlm_inverse_gcd_forward_shift	3452923	3452971	48	10	0	0	4
tlm_inverse_gcd_forward_compare	3452971	3453179	208	24	0	12	13
tlm_inverse_gcd_forward_body	3453179	3453340	161	21	0	10	11
tlm_apply_inverse_fold	3453340	3455626	2286	405	0	65	112
tlm_apply_inverse_swap	3455626	3456394	768	256	0	0	0
tlm_apply_inverse_mod_sub_register	3456394	3460309	3915	769	12	156	158
tlm_apply_inverse_mod_sub_fold	3460309	3461332	1023	91	6	91	91
tlm_apply_inverse_mod_sub_clean	3461332	3461612	280	25	0	14	16
tlm_inverse_gcd_forward_codec	3461612	3461615	3	0	0	0	0
tlm_inverse_gcd_forward_shift	3461615	3461659	44	10	0	0	0
tlm_inverse_gcd_forward_compare	3461659	3461849	190	27	0	9	10
tlm_inverse_gcd_forward_body	3461849	3462010	161	21	0	10	11
tlm_apply_inverse_fold	3462010	3464411	2401	418	0	68	121
tlm_apply_inverse_swap	3464411	3465179	768	256	0	0	0
tlm_apply_inverse_mod_sub_register	3465179	3468422	3243	769	9	90	92
tlm_apply_inverse_mod_sub_fold	3468422	3469587	1165	155	0	52	105
tlm_apply_inverse_mod_sub_clean	3469587	3469849	262	28	0	11	13
tlm_inverse_gcd_forward_codec	3469849	3470015	166	18	0	4	7
tlm_inverse_gcd_forward_shift	3470015	3470055	40	8	0	0	4
tlm_inverse_gcd_forward_compare	3470055	3470229	174	20	0	10	11
tlm_inverse_gcd_forward_body	3470229	3470360	131	17	0	8	9
tlm_apply_inverse_fold	3470360	3472646	2286	405	0	65	112
tlm_apply_inverse_swap	3472646	3473414	768	256	0	0	0
tlm_apply_inverse_mod_sub_register	3473414	3477329	3915	769	12	156	158
tlm_apply_inverse_mod_sub_fold	3477329	3478352	1023	91	6	91	91
tlm_apply_inverse_mod_sub_clean	3478352	3478632	280	25	0	14	16
tlm_inverse_gcd_forward_codec	3478632	3478635	3	0	0	0	0
tlm_inverse_gcd_forward_shift	3478635	3478669	34	7	0	0	2
tlm_inverse_gcd_forward_compare	3478669	3478826	157	18	0	9	10
tlm_inverse_gcd_forward_body	3478826	3478942	116	15	0	7	8
tlm_apply_inverse_fold	3478942	3481389	2447	426	0	68	125
tlm_apply_inverse_swap	3481389	3482157	768	256	0	0	0
tlm_apply_inverse_mod_sub_register	3482157	3485828	3671	769	11	132	134
tlm_apply_inverse_mod_sub_fold	3485828	3486847	1019	91	6	91	91
tlm_apply_inverse_mod_sub_clean	3486847	3487121	274	26	0	13	15
tlm_inverse_gcd_forward_codec	3487121	3487124	3	0	0	0	0
tlm_inverse_gcd_forward_shift	3487124	3487156	32	7	0	0	0
tlm_inverse_gcd_forward_compare	3487156	3487307	151	19	0	8	9
tlm_inverse_gcd_forward_body	3487307	3487423	116	15	0	7	8
tlm_apply_inverse_fold	3487423	3489892	2469	428	0	68	128
tlm_apply_inverse_swap	3489892	3490660	768	256	0	0	0
tlm_apply_inverse_mod_sub_register	3490660	3493719	3059	769	8	72	74
tlm_apply_inverse_mod_sub_fold	3493719	3494884	1165	155	0	52	105
tlm_apply_inverse_mod_sub_clean	3494884	3495140	256	29	0	10	12
tlm_inverse_gcd_forward_codec	3495140	3495306	166	18	0	4	7
tlm_inverse_gcd_forward_shift	3495306	3495338	32	7	0	0	0
tlm_inverse_gcd_forward_compare	3495338	3495483	145	20	0	7	8
tlm_inverse_gcd_forward_body	3495483	3495599	116	15	0	7	8
tlm_apply_inverse_fold	3495599	3498000	2401	418	0	68	121
tlm_apply_inverse_swap	3498000	3498768	768	256	0	0	0
tlm_apply_inverse_mod_sub_register	3498768	3501663	2895	769	7	56	58
tlm_apply_inverse_mod_sub_fold	3501663	3502828	1165	155	0	52	105
tlm_apply_inverse_mod_sub_clean	3502828	3503078	250	30	0	9	11
tlm_inverse_gcd_forward_codec	3503078	3503081	3	0	0	0	0
tlm_inverse_gcd_forward_shift	3503081	3503113	32	7	0	0	0
tlm_inverse_gcd_forward_compare	3503113	3503240	127	23	0	4	5
tlm_inverse_gcd_forward_body	3503240	3503389	149	17	1	9	11
tlm_apply_inverse_fold	3503389	3504812	1423	155	0	52	106
tlm_apply_inverse_mod_sub	3504812	3504813	1	0	0	0	0
tlm_inverse_gcd_forward_codec	3504813	3504831	18	2	0	1	1
tlm_gcd_step_end	3504831	3505110	279	0	0	0	277
tlm_inverse_gcd_reverse_decode	3505110	3505127	17	3	0	0	3
tlm_inverse_gcd_reverse_apply	3505127	3505128	1	0	0	0	0
tlm_inverse_gcd_reverse_body	3505128	3505416	288	39	0	17	18
tlm_inverse_gcd_reverse_decode	3505416	3505422	6	0	0	0	3
tlm_inverse_gcd_reverse_apply	3505422	3505423	1	0	0	0	0
tlm_inverse_gcd_reverse_body	3505423	3505711	288	39	0	17	18
tlm_inverse_gcd_reverse_decode	3505711	3505875	164	19	0	3	8
tlm_inverse_gcd_reverse_apply	3505875	3505876	1	0	0	0	0
tlm_inverse_gcd_reverse_body	3505876	3506164	288	39	0	17	18
tlm_inverse_gcd_reverse_decode	3506164	3506170	6	0	0	0	3
tlm_inverse_gcd_reverse_apply	3506170	3506171	1	0	0	0	0
tlm_inverse_gcd_reverse_body	3506171	3506459	288	39	0	17	18
tlm_inverse_gcd_reverse_decode	3506459	3506465	6	0	0	0	3
tlm_inverse_gcd_reverse_apply	3506465	3506466	1	0	0	0	0
tlm_inverse_gcd_reverse_body	3506466	3506788	322	44	0	19	20
tlm_inverse_gcd_reverse_decode	3506788	3506952	164	19	0	3	8
tlm_inverse_gcd_reverse_apply	3506952	3506953	1	0	0	0	0
tlm_inverse_gcd_reverse_body	3506953	3507343	390	54	0	23	24
tlm_inverse_gcd_reverse_decode	3507343	3507349	6	0	0	0	3
tlm_inverse_gcd_reverse_apply	3507349	3507350	1	0	0	0	0
tlm_inverse_gcd_reverse_body	3507350	3507740	390	54	0	23	24
tlm_inverse_gcd_reverse_decode	3507740	3507746	6	0	0	0	3
tlm_inverse_gcd_reverse_apply	3507746	3507747	1	0	0	0	0
tlm_inverse_gcd_reverse_body	3507747	3508205	458	64	0	27	28
tlm_inverse_gcd_reverse_decode	3508205	3508369	164	19	0	3	8
tlm_inverse_gcd_reverse_apply	3508369	3508370	1	0	0	0	0
tlm_inverse_gcd_reverse_body	3508370	3508828	458	64	0	27	28
tlm_inverse_gcd_reverse_decode	3508828	3508834	6	0	0	0	3
tlm_inverse_gcd_reverse_apply	3508834	3508835	1	0	0	0	0
tlm_inverse_gcd_reverse_body	3508835	3509293	458	64	0	27	28
tlm_inverse_gcd_reverse_decode	3509293	3509299	6	0	0	0	3
tlm_inverse_gcd_reverse_apply	3509299	3509300	1	0	0	0	0
tlm_inverse_gcd_reverse_body	3509300	3509792	492	69	0	29	30
tlm_inverse_gcd_reverse_decode	3509792	3509956	164	19	0	3	8
tlm_inverse_gcd_reverse_apply	3509956	3509957	1	0	0	0	0
tlm_inverse_gcd_reverse_body	3509957	3510449	492	69	0	29	30
tlm_inverse_gcd_reverse_decode	3510449	3510455	6	0	0	0	3
tlm_inverse_gcd_reverse_apply	3510455	3510456	1	0	0	0	0
tlm_inverse_gcd_reverse_body	3510456	3510982	526	74	0	31	32
tlm_inverse_gcd_reverse_decode	3510982	3510988	6	0	0	0	3
tlm_inverse_gcd_reverse_apply	3510988	3510989	1	0	0	0	0
tlm_inverse_gcd_reverse_body	3510989	3511549	560	79	0	33	34
tlm_inverse_gcd_reverse_decode	3511549	3511713	164	19	0	3	8
tlm_inverse_gcd_reverse_apply	3511713	3511714	1	0	0	0	0
tlm_inverse_gcd_reverse_body	3511714	3512308	594	84	0	35	36
tlm_inverse_gcd_reverse_decode	3512308	3512314	6	0	0	0	3
tlm_inverse_gcd_reverse_apply	3512314	3512315	1	0	0	0	0
tlm_inverse_gcd_reverse_body	3512315	3512909	594	84	0	35	36
tlm_inverse_gcd_reverse_decode	3512909	3512915	6	0	0	0	3
tlm_inverse_gcd_reverse_apply	3512915	3512916	1	0	0	0	0
tlm_inverse_gcd_reverse_body	3512916	3513544	628	89	0	37	38
tlm_inverse_gcd_reverse_decode	3513544	3513708	164	19	0	3	8
tlm_inverse_gcd_reverse_apply	3513708	3513709	1	0	0	0	0
tlm_inverse_gcd_reverse_body	3513709	3514337	628	89	0	37	38
tlm_inverse_gcd_reverse_decode	3514337	3514343	6	0	0	0	3
tlm_inverse_gcd_reverse_apply	3514343	3514344	1	0	0	0	0
tlm_inverse_gcd_reverse_body	3514344	3515006	662	94	0	39	40
tlm_inverse_gcd_reverse_decode	3515006	3515012	6	0	0	0	3
tlm_inverse_gcd_reverse_apply	3515012	3515013	1	0	0	0	0
tlm_inverse_gcd_reverse_body	3515013	3515709	696	99	0	41	42
tlm_inverse_gcd_reverse_decode	3515709	3515873	164	19	0	3	8
tlm_inverse_gcd_reverse_apply	3515873	3515874	1	0	0	0	0
tlm_inverse_gcd_reverse_body	3515874	3516604	730	104	0	43	44
tlm_inverse_gcd_reverse_decode	3516604	3516610	6	0	0	0	3
tlm_inverse_gcd_reverse_apply	3516610	3516611	1	0	0	0	0
tlm_inverse_gcd_reverse_body	3516611	3517375	764	109	0	45	46
tlm_inverse_gcd_reverse_decode	3517375	3517381	6	0	0	0	3
tlm_inverse_gcd_reverse_apply	3517381	3517382	1	0	0	0	0
tlm_inverse_gcd_reverse_body	3517382	3518180	798	114	0	47	48
tlm_inverse_gcd_reverse_decode	3518180	3518344	164	19	0	3	8
tlm_inverse_gcd_reverse_apply	3518344	3518345	1	0	0	0	0
tlm_inverse_gcd_reverse_body	3518345	3519231	886	128	0	52	53
tlm_inverse_gcd_reverse_decode	3519231	3519237	6	0	0	0	3
tlm_inverse_gcd_reverse_apply	3519237	3519238	1	0	0	0	0
tlm_inverse_gcd_reverse_body	3519238	3520158	920	133	0	54	55
tlm_inverse_gcd_reverse_decode	3520158	3520164	6	0	0	0	3
tlm_inverse_gcd_reverse_apply	3520164	3520165	1	0	0	0	0
tlm_inverse_gcd_reverse_body	3520165	3521119	954	138	0	56	57
tlm_inverse_gcd_reverse_decode	3521119	3521283	164	19	0	3	8
tlm_inverse_gcd_reverse_apply	3521283	3521284	1	0	0	0	0
tlm_inverse_gcd_reverse_body	3521284	3522272	988	143	0	58	59
tlm_inverse_gcd_reverse_decode	3522272	3522278	6	0	0	0	3
tlm_inverse_gcd_reverse_apply	3522278	3522279	1	0	0	0	0
tlm_inverse_gcd_reverse_body	3522279	3523301	1022	148	0	60	61
tlm_inverse_gcd_reverse_decode	3523301	3523307	6	0	0	0	3
tlm_inverse_gcd_reverse_apply	3523307	3523308	1	0	0	0	0
tlm_inverse_gcd_reverse_body	3523308	3524364	1056	153	0	62	63
tlm_inverse_gcd_reverse_decode	3524364	3524528	164	19	0	3	8
tlm_inverse_gcd_reverse_apply	3524528	3524529	1	0	0	0	0
tlm_inverse_gcd_reverse_body	3524529	3525619	1090	158	0	64	65
tlm_inverse_gcd_reverse_decode	3525619	3525625	6	0	0	0	3
tlm_inverse_gcd_reverse_apply	3525625	3525626	1	0	0	0	0
tlm_inverse_gcd_reverse_body	3525626	3526750	1124	163	0	66	67
tlm_inverse_gcd_reverse_decode	3526750	3526756	6	0	0	0	3
tlm_inverse_gcd_reverse_apply	3526756	3526757	1	0	0	0	0
tlm_inverse_gcd_reverse_body	3526757	3527915	1158	168	0	68	69
tlm_inverse_gcd_reverse_decode	3527915	3528079	164	19	0	3	8
tlm_inverse_gcd_reverse_apply	3528079	3528080	1	0	0	0	0
tlm_inverse_gcd_reverse_body	3528080	3529272	1192	173	0	70	71
tlm_inverse_gcd_reverse_decode	3529272	3529278	6	0	0	0	3
tlm_inverse_gcd_reverse_apply	3529278	3529279	1	0	0	0	0
tlm_inverse_gcd_reverse_body	3529279	3530505	1226	178	0	72	73
tlm_inverse_gcd_reverse_decode	3530505	3530511	6	0	0	0	3
tlm_inverse_gcd_reverse_apply	3530511	3530512	1	0	0	0	0
tlm_inverse_gcd_reverse_body	3530512	3531772	1260	183	0	74	75
tlm_inverse_gcd_reverse_decode	3531772	3531936	164	19	0	3	8
tlm_inverse_gcd_reverse_apply	3531936	3531937	1	0	0	0	0
tlm_inverse_gcd_reverse_body	3531937	3533231	1294	188	0	76	77
tlm_inverse_gcd_reverse_decode	3533231	3533237	6	0	0	0	3
tlm_inverse_gcd_reverse_apply	3533237	3533238	1	0	0	0	0
tlm_inverse_gcd_reverse_body	3533238	3534566	1328	193	0	78	79
tlm_inverse_gcd_reverse_decode	3534566	3534572	6	0	0	0	3
tlm_inverse_gcd_reverse_apply	3534572	3534573	1	0	0	0	0
tlm_inverse_gcd_reverse_body	3534573	3535935	1362	198	0	80	81
tlm_inverse_gcd_reverse_decode	3535935	3536099	164	19	0	3	8
tlm_inverse_gcd_reverse_apply	3536099	3536100	1	0	0	0	0
tlm_inverse_gcd_reverse_body	3536100	3537496	1396	203	0	82	83
tlm_inverse_gcd_reverse_decode	3537496	3537502	6	0	0	0	3
tlm_inverse_gcd_reverse_apply	3537502	3537503	1	0	0	0	0
tlm_inverse_gcd_reverse_body	3537503	3538933	1430	208	0	84	85
tlm_inverse_gcd_reverse_decode	3538933	3538939	6	0	0	0	3
tlm_inverse_gcd_reverse_apply	3538939	3538940	1	0	0	0	0
tlm_inverse_gcd_reverse_body	3538940	3540404	1464	213	0	86	87
tlm_inverse_gcd_reverse_decode	3540404	3540568	164	19	0	3	8
tlm_inverse_gcd_reverse_apply	3540568	3540569	1	0	0	0	0
tlm_inverse_gcd_reverse_body	3540569	3542067	1498	218	0	88	89
tlm_inverse_gcd_reverse_decode	3542067	3542073	6	0	0	0	3
tlm_inverse_gcd_reverse_apply	3542073	3542074	1	0	0	0	0
tlm_inverse_gcd_reverse_body	3542074	3543592	1518	222	0	89	90
tlm_inverse_gcd_reverse_decode	3543592	3543598	6	0	0	0	3
tlm_inverse_gcd_reverse_apply	3543598	3543599	1	0	0	0	0
tlm_inverse_gcd_reverse_body	3543599	3545151	1552	227	0	91	92
tlm_inverse_gcd_reverse_decode	3545151	3545315	164	19	0	3	8
tlm_inverse_gcd_reverse_apply	3545315	3545316	1	0	0	0	0
tlm_inverse_gcd_reverse_body	3545316	3546902	1586	232	0	93	94
tlm_inverse_gcd_reverse_decode	3546902	3546908	6	0	0	0	3
tlm_inverse_gcd_reverse_apply	3546908	3546909	1	0	0	0	0
tlm_inverse_gcd_reverse_body	3546909	3548529	1620	237	0	95	96
tlm_inverse_gcd_reverse_decode	3548529	3548535	6	0	0	0	3
tlm_inverse_gcd_reverse_apply	3548535	3548536	1	0	0	0	0
tlm_inverse_gcd_reverse_body	3548536	3550190	1654	242	0	97	98
tlm_inverse_gcd_reverse_decode	3550190	3550354	164	19	0	3	8
tlm_inverse_gcd_reverse_apply	3550354	3550355	1	0	0	0	0
tlm_inverse_gcd_reverse_body	3550355	3552043	1688	247	0	99	100
tlm_inverse_gcd_reverse_decode	3552043	3552049	6	0	0	0	3
tlm_inverse_gcd_reverse_apply	3552049	3552050	1	0	0	0	0
tlm_inverse_gcd_reverse_body	3552050	3553772	1722	252	0	101	102
tlm_inverse_gcd_reverse_decode	3553772	3553778	6	0	0	0	3
tlm_inverse_gcd_reverse_apply	3553778	3553779	1	0	0	0	0
tlm_inverse_gcd_reverse_body	3553779	3555535	1756	257	0	103	104
tlm_inverse_gcd_reverse_decode	3555535	3555699	164	19	0	3	8
tlm_inverse_gcd_reverse_apply	3555699	3555700	1	0	0	0	0
tlm_inverse_gcd_reverse_body	3555700	3557490	1790	262	0	105	106
tlm_inverse_gcd_reverse_decode	3557490	3557496	6	0	0	0	3
tlm_inverse_gcd_reverse_apply	3557496	3557497	1	0	0	0	0
tlm_inverse_gcd_reverse_body	3557497	3559307	1810	266	0	106	107
tlm_inverse_gcd_reverse_decode	3559307	3559313	6	0	0	0	3
tlm_inverse_gcd_reverse_apply	3559313	3559314	1	0	0	0	0
tlm_inverse_gcd_reverse_body	3559314	3561144	1830	270	0	107	108
tlm_inverse_gcd_reverse_decode	3561144	3561308	164	19	0	3	8
tlm_inverse_gcd_reverse_apply	3561308	3561309	1	0	0	0	0
tlm_inverse_gcd_reverse_body	3561309	3563159	1850	274	0	108	109
tlm_inverse_gcd_reverse_decode	3563159	3563165	6	0	0	0	3
tlm_inverse_gcd_reverse_apply	3563165	3563166	1	0	0	0	0
tlm_inverse_gcd_reverse_body	3563166	3565036	1870	278	0	109	110
tlm_inverse_gcd_reverse_decode	3565036	3565042	6	0	0	0	3
tlm_inverse_gcd_reverse_apply	3565042	3565043	1	0	0	0	0
tlm_inverse_gcd_reverse_body	3565043	3566933	1890	282	0	110	111
tlm_inverse_gcd_reverse_decode	3566933	3567097	164	19	0	3	8
tlm_inverse_gcd_reverse_apply	3567097	3567098	1	0	0	0	0
tlm_inverse_gcd_reverse_body	3567098	3568994	1896	285	0	110	111
tlm_inverse_gcd_reverse_decode	3568994	3569000	6	0	0	0	3
tlm_inverse_gcd_reverse_apply	3569000	3569001	1	0	0	0	0
tlm_inverse_gcd_reverse_body	3569001	3570931	1930	290	0	112	113
tlm_inverse_gcd_reverse_decode	3570931	3570937	6	0	0	0	3
tlm_inverse_gcd_reverse_apply	3570937	3570938	1	0	0	0	0
tlm_inverse_gcd_reverse_body	3570938	3572860	1922	292	0	111	112
tlm_inverse_gcd_reverse_decode	3572860	3573024	164	19	0	3	8
tlm_inverse_gcd_reverse_apply	3573024	3573025	1	0	0	0	0
tlm_inverse_gcd_reverse_body	3573025	3574981	1956	297	0	113	114
tlm_inverse_gcd_reverse_decode	3574981	3574987	6	0	0	0	3
tlm_inverse_gcd_reverse_apply	3574987	3574988	1	0	0	0	0
tlm_inverse_gcd_reverse_body	3574988	3576964	1976	301	0	114	115
tlm_inverse_gcd_reverse_decode	3576964	3576970	6	0	0	0	3
tlm_inverse_gcd_reverse_apply	3576970	3576971	1	0	0	0	0
tlm_inverse_gcd_reverse_body	3576971	3578939	1968	303	0	113	114
tlm_inverse_gcd_reverse_decode	3578939	3579103	164	19	0	3	8
tlm_inverse_gcd_reverse_apply	3579103	3579104	1	0	0	0	0
tlm_inverse_gcd_reverse_body	3579104	3581106	2002	308	0	115	116
tlm_inverse_gcd_reverse_decode	3581106	3581112	6	0	0	0	3
tlm_inverse_gcd_reverse_apply	3581112	3581113	1	0	0	0	0
tlm_inverse_gcd_reverse_body	3581113	3583107	1994	310	0	114	115
tlm_inverse_gcd_reverse_decode	3583107	3583113	6	0	0	0	3
tlm_inverse_gcd_reverse_apply	3583113	3583114	1	0	0	0	0
tlm_inverse_gcd_reverse_body	3583114	3585128	2014	314	0	115	116
tlm_inverse_gcd_reverse_decode	3585128	3585292	164	19	0	3	8
tlm_inverse_gcd_reverse_apply	3585292	3585293	1	0	0	0	0
tlm_inverse_gcd_reverse_body	3585293	3587327	2034	318	0	116	117
tlm_inverse_gcd_reverse_decode	3587327	3587333	6	0	0	0	3
tlm_inverse_gcd_reverse_apply	3587333	3587334	1	0	0	0	0
tlm_inverse_gcd_reverse_body	3587334	3589402	2068	323	0	118	119
tlm_inverse_gcd_reverse_decode	3589402	3589408	6	0	0	0	3
tlm_inverse_gcd_reverse_apply	3589408	3589409	1	0	0	0	0
tlm_inverse_gcd_reverse_body	3589409	3591483	2074	326	0	118	119
tlm_inverse_gcd_reverse_decode	3591483	3591647	164	19	0	3	8
tlm_inverse_gcd_reverse_apply	3591647	3591648	1	0	0	0	0
tlm_inverse_gcd_reverse_body	3591648	3593742	2094	330	0	119	120
tlm_inverse_gcd_reverse_decode	3593742	3593748	6	0	0	0	3
tlm_inverse_gcd_reverse_apply	3593748	3593749	1	0	0	0	0
tlm_inverse_gcd_reverse_body	3593749	3595863	2114	334	0	120	121
tlm_inverse_gcd_reverse_decode	3595863	3595869	6	0	0	0	3
tlm_inverse_gcd_reverse_apply	3595869	3595870	1	0	0	0	0
tlm_inverse_gcd_reverse_body	3595870	3598004	2134	338	0	121	122
tlm_inverse_gcd_reverse_decode	3598004	3598168	164	19	0	3	8
tlm_inverse_gcd_reverse_apply	3598168	3598169	1	0	0	0	0
tlm_inverse_gcd_reverse_body	3598169	3600323	2154	342	0	122	123
tlm_inverse_gcd_reverse_decode	3600323	3600329	6	0	0	0	3
tlm_inverse_gcd_reverse_apply	3600329	3600330	1	0	0	0	0
tlm_inverse_gcd_reverse_body	3600330	3602504	2174	346	0	123	124
tlm_inverse_gcd_reverse_decode	3602504	3602510	6	0	0	0	3
tlm_inverse_gcd_reverse_apply	3602510	3602511	1	0	0	0	0
tlm_inverse_gcd_reverse_body	3602511	3604719	2208	351	0	125	126
tlm_inverse_gcd_reverse_decode	3604719	3604883	164	19	0	3	8
tlm_inverse_gcd_reverse_apply	3604883	3604884	1	0	0	0	0
tlm_inverse_gcd_reverse_body	3604884	3607098	2214	354	0	125	126
tlm_inverse_gcd_reverse_decode	3607098	3607104	6	0	0	0	3
tlm_inverse_gcd_reverse_apply	3607104	3607105	1	0	0	0	0
tlm_inverse_gcd_reverse_body	3607105	3609325	2220	357	0	125	126
tlm_inverse_gcd_reverse_decode	3609325	3609331	6	0	0	0	3
tlm_inverse_gcd_reverse_apply	3609331	3609332	1	0	0	0	0
tlm_inverse_gcd_reverse_body	3609332	3611572	2240	361	0	126	127
tlm_inverse_gcd_reverse_decode	3611572	3611736	164	19	0	3	8
tlm_inverse_gcd_reverse_apply	3611736	3611737	1	0	0	0	0
tlm_inverse_gcd_reverse_body	3611737	3613997	2260	365	0	127	128
tlm_inverse_gcd_reverse_decode	3613997	3614003	6	0	0	0	3
tlm_inverse_gcd_reverse_apply	3614003	3614004	1	0	0	0	0
tlm_inverse_gcd_reverse_body	3614004	3616284	2280	369	0	128	129
tlm_inverse_gcd_reverse_decode	3616284	3616290	6	0	0	0	3
tlm_inverse_gcd_reverse_apply	3616290	3616291	1	0	0	0	0
tlm_inverse_gcd_reverse_body	3616291	3618591	2300	373	0	129	130
tlm_inverse_gcd_reverse_decode	3618591	3618755	164	19	0	3	8
tlm_inverse_gcd_reverse_apply	3618755	3618756	1	0	0	0	0
tlm_inverse_gcd_reverse_body	3618756	3621076	2320	377	0	130	131
tlm_inverse_gcd_reverse_decode	3621076	3621082	6	0	0	0	3
tlm_inverse_gcd_reverse_apply	3621082	3621083	1	0	0	0	0
tlm_inverse_gcd_reverse_body	3621083	3623423	2340	381	0	131	132
tlm_inverse_gcd_reverse_decode	3623423	3623429	6	0	0	0	3
tlm_inverse_gcd_reverse_apply	3623429	3623430	1	0	0	0	0
tlm_inverse_gcd_reverse_body	3623430	3625776	2346	384	0	131	132
tlm_inverse_gcd_reverse_decode	3625776	3625940	164	19	0	3	8
tlm_inverse_gcd_reverse_apply	3625940	3625941	1	0	0	0	0
tlm_inverse_gcd_reverse_body	3625941	3628307	2366	388	0	132	133
tlm_inverse_gcd_reverse_decode	3628307	3628313	6	0	0	0	3
tlm_inverse_gcd_reverse_apply	3628313	3628314	1	0	0	0	0
tlm_inverse_gcd_reverse_body	3628314	3630714	2400	393	0	134	135
tlm_inverse_gcd_reverse_decode	3630714	3630720	6	0	0	0	3
tlm_inverse_gcd_reverse_apply	3630720	3630721	1	0	0	0	0
tlm_inverse_gcd_reverse_body	3630721	3633127	2406	396	0	134	135
tlm_inverse_gcd_reverse_decode	3633127	3633291	164	19	0	3	8
tlm_inverse_gcd_reverse_apply	3633291	3633292	1	0	0	0	0
tlm_inverse_gcd_reverse_body	3633292	3635718	2426	400	0	135	136
tlm_inverse_gcd_reverse_decode	3635718	3635724	6	0	0	0	3
tlm_inverse_gcd_reverse_apply	3635724	3635725	1	0	0	0	0
tlm_inverse_gcd_reverse_body	3635725	3638185	2460	405	0	137	138
tlm_inverse_gcd_reverse_decode	3638185	3638191	6	0	0	0	3
tlm_inverse_gcd_reverse_apply	3638191	3638192	1	0	0	0	0
tlm_inverse_gcd_reverse_body	3638192	3640658	2466	408	0	137	138
tlm_inverse_gcd_reverse_decode	3640658	3640822	164	19	0	3	8
tlm_inverse_gcd_reverse_apply	3640822	3640823	1	0	0	0	0
tlm_inverse_gcd_reverse_body	3640823	3643309	2486	412	0	138	139
tlm_inverse_gcd_reverse_decode	3643309	3643315	6	0	0	0	3
tlm_inverse_gcd_reverse_apply	3643315	3643316	1	0	0	0	0
tlm_inverse_gcd_reverse_body	3643316	3645822	2506	416	0	139	140
tlm_inverse_gcd_reverse_decode	3645822	3645828	6	0	0	0	3
tlm_inverse_gcd_reverse_apply	3645828	3645829	1	0	0	0	0
tlm_inverse_gcd_reverse_body	3645829	3648341	2512	419	0	139	140
tlm_inverse_gcd_reverse_decode	3648341	3648505	164	19	0	3	8
tlm_inverse_gcd_reverse_apply	3648505	3648506	1	0	0	0	0
tlm_inverse_gcd_reverse_body	3648506	3651038	2532	423	0	140	141
tlm_inverse_gcd_reverse_decode	3651038	3651044	6	0	0	0	3
tlm_inverse_gcd_reverse_apply	3651044	3651045	1	0	0	0	0
tlm_inverse_gcd_reverse_body	3651045	3653611	2566	428	0	142	143
tlm_inverse_gcd_reverse_decode	3653611	3653617	6	0	0	0	3
tlm_inverse_gcd_reverse_apply	3653617	3653618	1	0	0	0	0
tlm_inverse_gcd_reverse_body	3653618	3656190	2572	431	0	142	143
tlm_inverse_gcd_reverse_decode	3656190	3656354	164	19	0	3	8
tlm_inverse_gcd_reverse_apply	3656354	3656355	1	0	0	0	0
tlm_inverse_gcd_reverse_body	3656355	3658947	2592	435	0	143	144
tlm_inverse_gcd_reverse_decode	3658947	3658953	6	0	0	0	3
tlm_inverse_gcd_reverse_apply	3658953	3658954	1	0	0	0	0
tlm_inverse_gcd_reverse_body	3658954	3661566	2612	439	0	144	145
tlm_inverse_gcd_reverse_decode	3661566	3661572	6	0	0	0	3
tlm_inverse_gcd_reverse_apply	3661572	3661573	1	0	0	0	0
tlm_inverse_gcd_reverse_body	3661573	3664205	2632	443	0	145	146
tlm_inverse_gcd_reverse_decode	3664205	3664369	164	19	0	3	8
tlm_inverse_gcd_reverse_apply	3664369	3664370	1	0	0	0	0
tlm_inverse_gcd_reverse_body	3664370	3667022	2652	447	0	146	147
tlm_inverse_gcd_reverse_decode	3667022	3667028	6	0	0	0	3
tlm_inverse_gcd_reverse_apply	3667028	3667029	1	0	0	0	0
tlm_inverse_gcd_reverse_body	3667029	3669715	2686	452	0	148	149
tlm_inverse_gcd_reverse_decode	3669715	3669721	6	0	0	0	3
tlm_inverse_gcd_reverse_apply	3669721	3669722	1	0	0	0	0
tlm_inverse_gcd_reverse_body	3669722	3672400	2678	454	0	147	148
tlm_inverse_gcd_reverse_decode	3672400	3672564	164	19	0	3	8
tlm_inverse_gcd_reverse_apply	3672564	3672565	1	0	0	0	0
tlm_inverse_gcd_reverse_body	3672565	3675277	2712	459	0	149	150
tlm_inverse_gcd_reverse_decode	3675277	3675283	6	0	0	0	3
tlm_inverse_gcd_reverse_apply	3675283	3675284	1	0	0	0	0
tlm_inverse_gcd_reverse_body	3675284	3678016	2732	463	0	150	151
tlm_inverse_gcd_reverse_decode	3678016	3678022	6	0	0	0	3
tlm_inverse_gcd_reverse_apply	3678022	3678023	1	0	0	0	0
tlm_inverse_gcd_reverse_body	3678023	3680761	2738	466	0	150	151
tlm_inverse_gcd_reverse_decode	3680761	3680925	164	19	0	3	8
tlm_inverse_gcd_reverse_apply	3680925	3680926	1	0	0	0	0
tlm_inverse_gcd_reverse_body	3680926	3683684	2758	470	0	151	152
tlm_inverse_gcd_reverse_decode	3683684	3683690	6	0	0	0	3
tlm_inverse_gcd_reverse_apply	3683690	3683691	1	0	0	0	0
tlm_inverse_gcd_reverse_body	3683691	3686469	2778	474	0	152	153
tlm_inverse_gcd_reverse_decode	3686469	3686475	6	0	0	0	3
tlm_inverse_gcd_reverse_apply	3686475	3686476	1	0	0	0	0
tlm_inverse_gcd_reverse_body	3686476	3689274	2798	478	0	153	154
tlm_inverse_gcd_reverse_decode	3689274	3689438	164	19	0	3	8
tlm_inverse_gcd_reverse_apply	3689438	3689439	1	0	0	0	0
tlm_inverse_gcd_reverse_body	3689439	3692257	2818	482	0	154	155
tlm_inverse_gcd_reverse_decode	3692257	3692263	6	0	0	0	3
tlm_inverse_gcd_reverse_apply	3692263	3692264	1	0	0	0	0
tlm_inverse_gcd_reverse_body	3692264	3695088	2824	485	0	154	155
tlm_inverse_gcd_reverse_decode	3695088	3695094	6	0	0	0	3
tlm_inverse_gcd_reverse_apply	3695094	3695095	1	0	0	0	0
tlm_inverse_gcd_reverse_body	3695095	3697953	2858	490	0	156	157
tlm_inverse_gcd_reverse_decode	3697953	3698117	164	19	0	3	8
tlm_inverse_gcd_reverse_apply	3698117	3698118	1	0	0	0	0
tlm_inverse_gcd_reverse_body	3698118	3700996	2878	494	0	157	158
tlm_inverse_gcd_reverse_decode	3700996	3701002	6	0	0	0	3
tlm_inverse_gcd_reverse_apply	3701002	3701003	1	0	0	0	0
tlm_inverse_gcd_reverse_body	3701003	3703887	2884	497	0	157	158
tlm_inverse_gcd_reverse_decode	3703887	3703893	6	0	0	0	3
tlm_inverse_gcd_reverse_apply	3703893	3703894	1	0	0	0	0
tlm_inverse_gcd_reverse_body	3703894	3706812	2918	502	0	159	160
tlm_inverse_gcd_reverse_decode	3706812	3706976	164	19	0	3	8
tlm_inverse_gcd_reverse_apply	3706976	3706977	1	0	0	0	0
tlm_inverse_gcd_reverse_body	3706977	3709901	2924	505	0	159	160
tlm_inverse_gcd_reverse_decode	3709901	3709907	6	0	0	0	3
tlm_inverse_gcd_reverse_apply	3709907	3709908	1	0	0	0	0
tlm_inverse_gcd_reverse_body	3709908	3712852	2944	509	0	160	161
tlm_inverse_gcd_reverse_decode	3712852	3712858	6	0	0	0	3
tlm_inverse_gcd_reverse_apply	3712858	3712859	1	0	0	0	0
tlm_inverse_gcd_reverse_body	3712859	3715857	2998	518	0	163	164
tlm_inverse_gcd_reverse_decode	3715857	3716021	164	19	0	3	8
tlm_inverse_gcd_reverse_apply	3716021	3716022	1	0	0	0	0
tlm_inverse_gcd_reverse_body	3716022	3719006	2984	517	0	162	163
tlm_inverse_gcd_reverse_decode	3719006	3719012	6	0	0	0	3
tlm_inverse_gcd_reverse_apply	3719012	3719013	1	0	0	0	0
tlm_inverse_gcd_reverse_body	3719013	3722051	3038	526	0	165	166
tlm_inverse_gcd_reverse_decode	3722051	3722057	6	0	0	0	3
tlm_inverse_gcd_reverse_apply	3722057	3722058	1	0	0	0	0
tlm_inverse_gcd_reverse_body	3722058	3725102	3044	529	0	165	166
tlm_inverse_gcd_reverse_decode	3725102	3725266	164	19	0	3	8
tlm_inverse_gcd_reverse_apply	3725266	3725267	1	0	0	0	0
tlm_inverse_gcd_reverse_body	3725267	3728345	3078	534	0	167	168
tlm_inverse_gcd_reverse_decode	3728345	3728351	6	0	0	0	3
tlm_inverse_gcd_reverse_apply	3728351	3728352	1	0	0	0	0
tlm_inverse_gcd_reverse_body	3728352	3731402	3050	532	0	165	166
tlm_inverse_gcd_reverse_decode	3731402	3731408	6	0	0	0	3
tlm_inverse_gcd_reverse_apply	3731408	3731409	1	0	0	0	0
tlm_inverse_gcd_reverse_body	3731409	3734493	3084	537	0	167	168
tlm_inverse_gcd_reverse_decode	3734493	3734657	164	19	0	3	8
tlm_inverse_gcd_reverse_apply	3734657	3734658	1	0	0	0	0
tlm_inverse_gcd_reverse_body	3734658	3737748	3090	540	0	167	168
tlm_inverse_gcd_reverse_decode	3737748	3737754	6	0	0	0	3
tlm_inverse_gcd_reverse_apply	3737754	3737755	1	0	0	0	0
tlm_inverse_gcd_reverse_body	3737755	3740865	3110	544	0	168	169
tlm_inverse_gcd_reverse_decode	3740865	3740871	6	0	0	0	3
tlm_inverse_gcd_reverse_apply	3740871	3740872	1	0	0	0	0
tlm_inverse_gcd_reverse_body	3740872	3744016	3144	549	0	170	171
tlm_inverse_gcd_reverse_decode	3744016	3744180	164	19	0	3	8
tlm_inverse_gcd_reverse_apply	3744180	3744181	1	0	0	0	0
tlm_inverse_gcd_reverse_body	3744181	3747345	3164	553	0	171	172
tlm_inverse_gcd_reverse_decode	3747345	3747351	6	0	0	0	3
tlm_inverse_gcd_reverse_apply	3747351	3747352	1	0	0	0	0
tlm_inverse_gcd_reverse_body	3747352	3750542	3190	560	0	172	173
tlm_inverse_gcd_reverse_decode	3750542	3750548	6	0	0	0	3
tlm_inverse_gcd_reverse_apply	3750548	3750549	1	0	0	0	0
tlm_inverse_gcd_reverse_body	3750549	3753773	3224	565	0	174	175
tlm_inverse_gcd_reverse_decode	3753773	3753937	164	19	0	3	8
tlm_inverse_gcd_reverse_apply	3753937	3753938	1	0	0	0	0
tlm_inverse_gcd_reverse_body	3753938	3757182	3244	569	0	175	176
tlm_inverse_gcd_reverse_decode	3757182	3757188	6	0	0	0	3
tlm_inverse_gcd_reverse_apply	3757188	3757189	1	0	0	0	0
tlm_inverse_gcd_reverse_body	3757189	3760453	3264	573	0	176	177
tlm_inverse_gcd_reverse_decode	3760453	3760459	6	0	0	0	3
tlm_inverse_gcd_reverse_apply	3760459	3760460	1	0	0	0	0
tlm_inverse_gcd_reverse_body	3760460	3763744	3284	577	0	177	178
tlm_inverse_gcd_reverse_decode	3763744	3763908	164	19	0	3	8
tlm_inverse_gcd_reverse_apply	3763908	3763909	1	0	0	0	0
tlm_inverse_gcd_reverse_body	3763909	3767199	3290	580	0	177	178
tlm_inverse_gcd_reverse_decode	3767199	3767205	6	0	0	0	3
tlm_inverse_gcd_reverse_apply	3767205	3767206	1	0	0	0	0
tlm_inverse_gcd_reverse_body	3767206	3770516	3310	584	0	178	179
tlm_inverse_gcd_reverse_decode	3770516	3770522	6	0	0	0	3
tlm_inverse_gcd_reverse_apply	3770522	3770523	1	0	0	0	0
tlm_inverse_gcd_reverse_body	3770523	3773853	3330	588	0	179	180
tlm_inverse_gcd_reverse_decode	3773853	3774017	164	19	0	3	8
tlm_inverse_gcd_reverse_apply	3774017	3774018	1	0	0	0	0
tlm_inverse_gcd_reverse_body	3774018	3777368	3350	592	0	180	181
tlm_inverse_gcd_reverse_decode	3777368	3777374	6	0	0	0	3
tlm_inverse_gcd_reverse_apply	3777374	3777375	1	0	0	0	0
tlm_inverse_gcd_reverse_body	3777375	3780725	3350	592	0	180	181
tlm_inverse_gcd_reverse_decode	3780725	3780731	6	0	0	0	3
tlm_inverse_gcd_reverse_apply	3780731	3780732	1	0	0	0	0
tlm_inverse_gcd_reverse_body	3780732	3784122	3390	600	0	182	183
tlm_inverse_gcd_reverse_decode	3784122	3784286	164	19	0	3	8
tlm_inverse_gcd_reverse_apply	3784286	3784287	1	0	0	0	0
tlm_inverse_gcd_reverse_body	3784287	3787697	3410	604	0	183	184
tlm_inverse_gcd_reverse_decode	3787697	3787703	6	0	0	0	3
tlm_inverse_gcd_reverse_apply	3787703	3787704	1	0	0	0	0
tlm_inverse_gcd_reverse_body	3787704	3791148	3444	609	0	185	186
tlm_inverse_gcd_reverse_decode	3791148	3791154	6	0	0	0	3
tlm_inverse_gcd_reverse_apply	3791154	3791155	1	0	0	0	0
tlm_inverse_gcd_reverse_body	3791155	3794585	3430	608	0	184	185
tlm_inverse_gcd_reverse_decode	3794585	3794749	164	19	0	3	8
tlm_inverse_gcd_reverse_apply	3794749	3794750	1	0	0	0	0
tlm_inverse_gcd_reverse_body	3794750	3798186	3436	611	0	184	185
tlm_inverse_gcd_reverse_decode	3798186	3798192	6	0	0	0	3
tlm_inverse_gcd_reverse_apply	3798192	3798193	1	0	0	0	0
tlm_inverse_gcd_reverse_body	3798193	3801663	3470	616	0	186	187
tlm_inverse_gcd_reverse_decode	3801663	3801669	6	0	0	0	3
tlm_inverse_gcd_reverse_apply	3801669	3801670	1	0	0	0	0
tlm_inverse_gcd_reverse_body	3801670	3805146	3476	619	0	186	187
tlm_inverse_gcd_reverse_decode	3805146	3805310	164	19	0	3	8
tlm_inverse_gcd_reverse_apply	3805310	3805311	1	0	0	0	0
tlm_inverse_gcd_reverse_body	3805311	3808807	3496	623	0	187	188
tlm_inverse_gcd_reverse_decode	3808807	3808813	6	0	0	0	3
tlm_inverse_gcd_reverse_apply	3808813	3808814	1	0	0	0	0
tlm_inverse_gcd_reverse_body	3808814	3812364	3550	632	0	190	191
tlm_inverse_gcd_reverse_decode	3812364	3812370	6	0	0	0	3
tlm_inverse_gcd_reverse_apply	3812370	3812371	1	0	0	0	0
tlm_inverse_gcd_reverse_body	3812371	3815941	3570	636	0	191	192
tlm_inverse_gcd_reverse_decode	3815941	3816105	164	19	0	3	8
tlm_inverse_gcd_reverse_apply	3816105	3816106	1	0	0	0	0
tlm_inverse_gcd_reverse_body	3816106	3819696	3590	640	0	192	193
tlm_inverse_gcd_reverse_decode	3819696	3819702	6	0	0	0	3
tlm_inverse_gcd_reverse_apply	3819702	3819703	1	0	0	0	0
tlm_inverse_gcd_reverse_body	3819703	3823313	3610	644	0	193	194
tlm_inverse_gcd_reverse_decode	3823313	3823319	6	0	0	0	3
tlm_inverse_gcd_reverse_apply	3823319	3823320	1	0	0	0	0
tlm_inverse_gcd_reverse_body	3823320	3826950	3630	648	0	194	195
tlm_inverse_gcd_reverse_decode	3826950	3827114	164	19	0	3	8
tlm_inverse_gcd_reverse_apply	3827114	3827115	1	0	0	0	0
tlm_inverse_gcd_reverse_body	3827115	3830751	3636	651	0	194	195
tlm_inverse_gcd_reverse_decode	3830751	3830757	6	0	0	0	3
tlm_inverse_gcd_reverse_apply	3830757	3830758	1	0	0	0	0
tlm_inverse_gcd_reverse_body	3830758	3834428	3670	656	0	196	197
tlm_inverse_gcd_reverse_decode	3834428	3834434	6	0	0	0	3
tlm_inverse_gcd_reverse_apply	3834434	3834435	1	0	0	0	0
tlm_inverse_gcd_reverse_body	3834435	3838077	3642	654	0	194	195
tlm_inverse_gcd_reverse_decode	3838077	3838241	164	19	0	3	8
tlm_inverse_gcd_reverse_apply	3838241	3838242	1	0	0	0	0
tlm_inverse_gcd_reverse_body	3838242	3841938	3696	663	0	197	198
tlm_inverse_gcd_reverse_decode	3841938	3841944	6	0	0	0	3
tlm_inverse_gcd_reverse_apply	3841944	3841945	1	0	0	0	0
tlm_inverse_gcd_reverse_body	3841945	3845661	3716	667	0	198	199
tlm_inverse_gcd_reverse_decode	3845661	3845667	6	0	0	0	3
tlm_inverse_gcd_reverse_apply	3845667	3845668	1	0	0	0	0
tlm_inverse_gcd_reverse_body	3845668	3849370	3702	666	0	197	198
tlm_inverse_gcd_reverse_decode	3849370	3849534	164	19	0	3	8
tlm_inverse_gcd_reverse_apply	3849534	3849535	1	0	0	0	0
tlm_inverse_gcd_reverse_body	3849535	3853291	3756	675	0	200	201
tlm_inverse_gcd_reverse_decode	3853291	3853297	6	0	0	0	3
tlm_inverse_gcd_reverse_apply	3853297	3853298	1	0	0	0	0
tlm_inverse_gcd_reverse_body	3853298	3857060	3762	678	0	200	201
tlm_inverse_gcd_reverse_decode	3857060	3857066	6	0	0	0	3
tlm_inverse_gcd_reverse_apply	3857066	3857067	1	0	0	0	0
tlm_inverse_gcd_reverse_body	3857067	3860863	3796	683	0	202	203
tlm_inverse_gcd_reverse_decode	3860863	3861027	164	19	0	3	8
tlm_inverse_gcd_reverse_apply	3861027	3861028	1	0	0	0	0
tlm_inverse_gcd_reverse_body	3861028	3864810	3782	682	0	201	202
tlm_inverse_gcd_reverse_decode	3864810	3864816	6	0	0	0	3
tlm_inverse_gcd_reverse_apply	3864816	3864817	1	0	0	0	0
tlm_inverse_gcd_reverse_body	3864817	3868639	3822	690	0	203	204
tlm_inverse_gcd_reverse_decode	3868639	3868645	6	0	0	0	3
tlm_inverse_gcd_reverse_apply	3868645	3868646	1	0	0	0	0
tlm_inverse_gcd_reverse_body	3868646	3872522	3876	699	0	206	207
tlm_inverse_gcd_reverse_decode	3872522	3872686	164	19	0	3	8
tlm_inverse_gcd_reverse_apply	3872686	3872687	1	0	0	0	0
tlm_inverse_gcd_reverse_body	3872687	3876583	3896	703	0	207	208
tlm_inverse_gcd_reverse_decode	3876583	3876589	6	0	0	0	3
tlm_inverse_gcd_reverse_apply	3876589	3876590	1	0	0	0	0
tlm_inverse_gcd_reverse_body	3876590	3880520	3930	708	0	209	210
tlm_inverse_gcd_reverse_decode	3880520	3880526	6	0	0	0	3
tlm_inverse_gcd_reverse_apply	3880526	3880527	1	0	0	0	0
tlm_inverse_gcd_reverse_body	3880527	3884449	3922	710	0	208	209
tlm_inverse_gcd_reverse_decode	3884449	3884613	164	19	0	3	8
tlm_inverse_gcd_reverse_apply	3884613	3884614	1	0	0	0	0
tlm_inverse_gcd_reverse_body	3884614	3888556	3942	714	0	209	210
tlm_inverse_gcd_reverse_decode	3888556	3888562	6	0	0	0	3
tlm_inverse_gcd_reverse_apply	3888562	3888563	1	0	0	0	0
tlm_inverse_gcd_reverse_body	3888563	3892559	3996	723	0	212	213
tlm_inverse_gcd_reverse_decode	3892559	3892565	6	0	0	0	3
tlm_inverse_gcd_reverse_apply	3892565	3892566	1	0	0	0	0
tlm_inverse_gcd_reverse_body	3892566	3896596	4030	728	0	214	215
tlm_inverse_gcd_reverse_decode	3896596	3896760	164	19	0	3	8
tlm_inverse_gcd_reverse_apply	3896760	3896761	1	0	0	0	0
tlm_inverse_gcd_reverse_body	3896761	3900763	4002	726	0	212	213
tlm_inverse_gcd_reverse_decode	3900763	3900769	6	0	0	0	3
tlm_inverse_gcd_reverse_apply	3900769	3900770	1	0	0	0	0
tlm_inverse_gcd_reverse_body	3900770	3904806	4036	731	0	214	215
tlm_inverse_gcd_reverse_decode	3904806	3904812	6	0	0	0	3
tlm_inverse_gcd_reverse_apply	3904812	3904813	1	0	0	0	0
tlm_inverse_gcd_reverse_body	3904813	3908855	4042	734	0	214	215
tlm_inverse_gcd_reverse_decode	3908855	3909019	164	19	0	3	8
tlm_inverse_gcd_reverse_apply	3909019	3909020	1	0	0	0	0
tlm_inverse_gcd_reverse_body	3909020	3913082	4062	738	0	215	216
tlm_inverse_gcd_reverse_decode	3913082	3913088	6	0	0	0	3
tlm_inverse_gcd_reverse_apply	3913088	3913089	1	0	0	0	0
tlm_inverse_gcd_reverse_body	3913089	3917171	4082	742	0	216	217
tlm_inverse_gcd_reverse_decode	3917171	3917177	6	0	0	0	3
tlm_inverse_gcd_reverse_apply	3917177	3917178	1	0	0	0	0
tlm_inverse_gcd_reverse_body	3917178	3921280	4102	746	0	217	218
tlm_inverse_gcd_reverse_decode	3921280	3921444	164	19	0	3	8
tlm_inverse_gcd_reverse_apply	3921444	3921445	1	0	0	0	0
tlm_inverse_gcd_reverse_body	3921445	3925567	4122	750	0	218	219
tlm_inverse_gcd_reverse_decode	3925567	3925573	6	0	0	0	3
tlm_inverse_gcd_reverse_apply	3925573	3925574	1	0	0	0	0
tlm_inverse_gcd_reverse_body	3925574	3929716	4142	754	0	219	220
tlm_inverse_gcd_reverse_decode	3929716	3929722	6	0	0	0	3
tlm_inverse_gcd_reverse_apply	3929722	3929723	1	0	0	0	0
tlm_inverse_gcd_reverse_body	3929723	3933871	4148	757	0	219	220
tlm_inverse_gcd_reverse_decode	3933871	3934035	164	19	0	3	8
tlm_inverse_gcd_reverse_apply	3934035	3934036	1	0	0	0	0
tlm_inverse_gcd_reverse_body	3934036	3938204	4168	761	0	220	221
tlm_inverse_gcd_reverse_decode	3938204	3938210	6	0	0	0	3
tlm_inverse_gcd_reverse_apply	3938210	3938211	1	0	0	0	0
tlm_inverse_gcd_reverse_body	3938211	3942427	4216	767	0	223	224
tlm_inverse_gcd_reverse_decode	3942427	3942433	6	0	0	0	3
tlm_inverse_gcd_reverse_apply	3942433	3942434	1	0	0	0	0
tlm_inverse_gcd_reverse_body	3942434	3946656	4222	770	0	223	224
tlm_inverse_gcd_reverse_decode	3946656	3946820	164	19	0	3	8
tlm_inverse_gcd_reverse_apply	3946820	3946821	1	0	0	0	0
tlm_inverse_gcd_reverse_body	3946821	3951063	4242	774	0	224	225
tlm_inverse_gcd_reverse_decode	3951063	3951069	6	0	0	0	3
tlm_inverse_gcd_reverse_apply	3951069	3951070	1	0	0	0	0
tlm_inverse_gcd_reverse_body	3951070	3955318	4248	777	0	224	225
tlm_inverse_gcd_reverse_decode	3955318	3955324	6	0	0	0	3
tlm_inverse_gcd_reverse_apply	3955324	3955325	1	0	0	0	0
tlm_inverse_gcd_reverse_body	3955325	3959593	4268	781	0	225	226
tlm_inverse_gcd_reverse_decode	3959593	3959757	164	19	0	3	8
tlm_inverse_gcd_reverse_apply	3959757	3959758	1	0	0	0	0
tlm_inverse_gcd_reverse_body	3959758	3964032	4274	784	0	225	226
tlm_inverse_gcd_reverse_decode	3964032	3964038	6	0	0	0	3
tlm_inverse_gcd_reverse_apply	3964038	3964039	1	0	0	0	0
tlm_inverse_gcd_reverse_body	3964039	3968347	4308	789	0	227	228
tlm_inverse_gcd_reverse_decode	3968347	3968353	6	0	0	0	3
tlm_inverse_gcd_reverse_apply	3968353	3968354	1	0	0	0	0
tlm_inverse_gcd_reverse_body	3968354	3972696	4342	794	0	229	230
tlm_inverse_gcd_reverse_decode	3972696	3972860	164	19	0	3	8
tlm_inverse_gcd_reverse_apply	3972860	3972861	1	0	0	0	0
tlm_inverse_gcd_reverse_body	3972861	3977209	4348	797	0	229	230
tlm_inverse_gcd_reverse_decode	3977209	3977215	6	0	0	0	3
tlm_inverse_gcd_reverse_apply	3977215	3977216	1	0	0	0	0
tlm_inverse_gcd_reverse_body	3977216	3981584	4368	801	0	230	231
tlm_inverse_gcd_reverse_decode	3981584	3981590	6	0	0	0	3
tlm_inverse_gcd_reverse_apply	3981590	3981591	1	0	0	0	0
tlm_inverse_gcd_reverse_body	3981591	3985965	4374	804	0	230	231
tlm_inverse_gcd_reverse_decode	3985965	3986129	164	19	0	3	8
tlm_inverse_gcd_reverse_apply	3986129	3986130	1	0	0	0	0
tlm_inverse_gcd_reverse_body	3986130	3990524	4394	808	0	231	232
tlm_inverse_gcd_reverse_decode	3990524	3990530	6	0	0	0	3
tlm_inverse_gcd_reverse_apply	3990530	3990531	1	0	0	0	0
tlm_inverse_gcd_reverse_body	3990531	3994945	4414	812	0	232	233
tlm_inverse_gcd_reverse_decode	3994945	3994951	6	0	0	0	3
tlm_inverse_gcd_reverse_apply	3994951	3994952	1	0	0	0	0
tlm_inverse_gcd_reverse_body	3994952	3999386	4434	816	0	233	234
tlm_inverse_gcd_reverse_decode	3999386	3999550	164	19	0	3	8
tlm_inverse_gcd_reverse_apply	3999550	3999551	1	0	0	0	0
tlm_inverse_gcd_reverse_body	3999551	4004005	4454	820	0	234	235
tlm_inverse_gcd_reverse_decode	4004005	4004011	6	0	0	0	3
tlm_inverse_gcd_reverse_apply	4004011	4004012	1	0	0	0	0
tlm_inverse_gcd_reverse_body	4004012	4008486	4474	824	0	235	236
tlm_inverse_gcd_reverse_decode	4008486	4008492	6	0	0	0	3
tlm_inverse_gcd_reverse_apply	4008492	4008493	1	0	0	0	0
tlm_inverse_gcd_reverse_body	4008493	4012973	4480	827	0	235	236
tlm_inverse_gcd_reverse_decode	4012973	4013137	164	19	0	3	8
tlm_inverse_gcd_reverse_apply	4013137	4013138	1	0	0	0	0
tlm_inverse_gcd_reverse_body	4013138	4017638	4500	831	0	236	237
tlm_inverse_gcd_reverse_decode	4017638	4017644	6	0	0	0	3
tlm_inverse_gcd_reverse_apply	4017644	4017645	1	0	0	0	0
tlm_inverse_gcd_reverse_body	4017645	4022165	4520	835	0	237	238
tlm_inverse_gcd_reverse_decode	4022165	4022171	6	0	0	0	3
tlm_inverse_gcd_reverse_apply	4022171	4022172	1	0	0	0	0
tlm_inverse_gcd_reverse_body	4022172	4026712	4540	839	0	238	239
tlm_inverse_gcd_reverse_decode	4026712	4026876	164	19	0	3	8
tlm_inverse_gcd_reverse_apply	4026876	4026877	1	0	0	0	0
tlm_inverse_gcd_reverse_body	4026877	4031437	4560	843	0	239	240
tlm_inverse_gcd_reverse_decode	4031437	4031443	6	0	0	0	3
tlm_inverse_gcd_reverse_apply	4031443	4031444	1	0	0	0	0
tlm_inverse_gcd_reverse_body	4031444	4036024	4580	847	0	240	241
tlm_inverse_gcd_reverse_decode	4036024	4036030	6	0	0	0	3
tlm_inverse_gcd_reverse_apply	4036030	4036031	1	0	0	0	0
tlm_inverse_gcd_reverse_body	4036031	4040631	4600	851	0	241	242
tlm_inverse_gcd_reverse_decode	4040631	4040795	164	19	0	3	8
tlm_inverse_gcd_reverse_apply	4040795	4040796	1	0	0	0	0
tlm_inverse_gcd_reverse_body	4040796	4045416	4620	855	0	242	243
tlm_inverse_gcd_reverse_decode	4045416	4045422	6	0	0	0	3
tlm_inverse_gcd_reverse_apply	4045422	4045423	1	0	0	0	0
tlm_inverse_gcd_reverse_body	4045423	4050063	4640	859	0	243	244
tlm_inverse_gcd_reverse_decode	4050063	4050069	6	0	0	0	3
tlm_inverse_gcd_reverse_apply	4050069	4050070	1	0	0	0	0
tlm_inverse_gcd_reverse_body	4050070	4054730	4660	863	0	244	245
tlm_inverse_gcd_reverse_decode	4054730	4054894	164	19	0	3	8
tlm_inverse_gcd_reverse_apply	4054894	4054895	1	0	0	0	0
tlm_inverse_gcd_reverse_body	4054895	4059575	4680	867	0	245	246
tlm_inverse_gcd_reverse_decode	4059575	4059581	6	0	0	0	3
tlm_inverse_gcd_reverse_apply	4059581	4059582	1	0	0	0	0
tlm_inverse_gcd_reverse_body	4059582	4064282	4700	871	0	246	247
tlm_inverse_gcd_reverse_decode	4064282	4064288	6	0	0	0	3
tlm_inverse_gcd_reverse_apply	4064288	4064289	1	0	0	0	0
tlm_inverse_gcd_reverse_body	4064289	4068995	4706	874	0	246	247
tlm_inverse_gcd_reverse_decode	4068995	4069159	164	19	0	3	8
tlm_inverse_gcd_reverse_apply	4069159	4069160	1	0	0	0	0
tlm_inverse_gcd_reverse_body	4069160	4073886	4726	878	0	247	248
tlm_inverse_gcd_reverse_decode	4073886	4073892	6	0	0	0	3
tlm_inverse_gcd_reverse_apply	4073892	4073893	1	0	0	0	0
tlm_inverse_gcd_reverse_body	4073893	4078639	4746	882	0	248	249
tlm_inverse_gcd_reverse_decode	4078639	4078645	6	0	0	0	3
tlm_inverse_gcd_reverse_apply	4078645	4078646	1	0	0	0	0
tlm_inverse_gcd_reverse_body	4078646	4083412	4766	886	0	249	250
tlm_inverse_gcd_reverse_decode	4083412	4083576	164	19	0	3	8
tlm_inverse_gcd_reverse_apply	4083576	4083577	1	0	0	0	0
tlm_inverse_gcd_reverse_body	4083577	4088363	4786	890	0	250	251
tlm_inverse_gcd_reverse_decode	4088363	4088369	6	0	0	0	3
tlm_inverse_gcd_reverse_apply	4088369	4088370	1	0	0	0	0
tlm_inverse_gcd_reverse_body	4088370	4093176	4806	894	0	251	252
tlm_inverse_gcd_reverse_decode	4093176	4093182	6	0	0	0	3
tlm_inverse_gcd_reverse_apply	4093182	4093183	1	0	0	0	0
tlm_inverse_gcd_reverse_body	4093183	4097995	4812	897	0	251	252
tlm_inverse_gcd_reverse_decode	4097995	4098159	164	19	0	3	8
tlm_inverse_gcd_reverse_apply	4098159	4098160	1	0	0	0	0
tlm_inverse_gcd_reverse_body	4098160	4103006	4846	902	0	253	254
tlm_inverse_gcd_reverse_decode	4103006	4103012	6	0	0	0	3
tlm_inverse_gcd_reverse_apply	4103012	4103013	1	0	0	0	0
tlm_inverse_gcd_reverse_body	4103013	4107865	4852	905	0	253	254
tlm_inverse_gcd_reverse_decode	4107865	4107871	6	0	0	0	3
tlm_inverse_gcd_reverse_apply	4107871	4107872	1	0	0	0	0
tlm_inverse_gcd_reverse_body	4107872	4112758	4886	910	0	255	256
tlm_inverse_gcd_reverse_decode	4112758	4112922	164	19	0	3	8
tlm_inverse_gcd_reverse_apply	4112922	4112923	1	0	0	0	0
tlm_inverse_gcd_reverse_body	4112923	4117815	4892	913	0	255	256
tlm_inverse_gcd_reverse_decode	4117815	4117821	6	0	0	0	3
tlm_inverse_gcd_reverse_apply	4117821	4117822	1	0	0	0	0
tlm_inverse_gcd_reverse_body	4117822	4122734	4912	917	0	256	257
tlm_inverse_gcd_reverse_decode	4122734	4122740	6	0	0	0	3
tlm_inverse_gcd_reverse_apply	4122740	4122741	1	0	0	0	0
tlm_inverse_gcd_reverse_body	4122741	4127673	4932	921	0	257	258
tlm_inverse_gcd_reverse_decode	4127673	4127837	164	19	0	3	8
tlm_inverse_gcd_reverse_apply	4127837	4127838	1	0	0	0	0
tlm_inverse_gcd_reverse_body	4127838	4132790	4952	925	0	258	259
tlm_inverse_gcd_reverse_decode	4132790	4132796	6	0	0	0	3
tlm_inverse_gcd_reverse_apply	4132796	4132797	1	0	0	0	0
tlm_inverse_gcd_reverse_body	4132797	4137755	4958	928	0	258	259
tlm_inverse_gcd_reverse_decode	4137755	4137761	6	0	0	0	3
tlm_inverse_gcd_reverse_apply	4137761	4137762	1	0	0	0	0
tlm_inverse_gcd_reverse_body	4137762	4142754	4992	933	0	260	261
tlm_inverse_gcd_reverse_decode	4142754	4142918	164	19	0	3	8
tlm_inverse_gcd_reverse_apply	4142918	4142919	1	0	0	0	0
tlm_inverse_gcd_reverse_body	4142919	4147931	5012	937	0	261	262
tlm_inverse_gcd_reverse_decode	4147931	4147937	6	0	0	0	3
tlm_inverse_gcd_reverse_apply	4147937	4147938	1	0	0	0	0
tlm_inverse_gcd_reverse_body	4147938	4152970	5032	941	0	262	263
tlm_inverse_gcd_reverse_decode	4152970	4152976	6	0	0	0	3
tlm_inverse_gcd_reverse_apply	4152976	4152977	1	0	0	0	0
tlm_inverse_gcd_reverse_body	4152977	4158015	5038	944	0	262	263
tlm_inverse_gcd_reverse_decode	4158015	4158179	164	19	0	3	8
tlm_inverse_gcd_reverse_apply	4158179	4158180	1	0	0	0	0
tlm_inverse_gcd_reverse_body	4158180	4163252	5072	949	0	264	265
tlm_inverse_gcd_reverse_decode	4163252	4163258	6	0	0	0	3
tlm_inverse_gcd_reverse_apply	4163258	4163259	1	0	0	0	0
tlm_inverse_gcd_reverse_body	4163259	4168337	5078	952	0	264	265
tlm_inverse_gcd_reverse_decode	4168337	4168343	6	0	0	0	3
tlm_inverse_gcd_reverse_apply	4168343	4168344	1	0	0	0	0
tlm_inverse_gcd_reverse_body	4168344	4173442	5098	956	0	265	266
tlm_inverse_gcd_reverse_decode	4173442	4173606	164	19	0	3	8
tlm_inverse_gcd_reverse_apply	4173606	4173607	1	0	0	0	0
tlm_inverse_gcd_reverse_body	4173607	4178725	5118	960	0	266	267
tlm_inverse_gcd_reverse_decode	4178725	4178731	6	0	0	0	3
tlm_inverse_gcd_reverse_apply	4178731	4178732	1	0	0	0	0
tlm_inverse_gcd_reverse_body	4178732	4183870	5138	964	0	267	268
tlm_inverse_gcd_reverse_decode	4183870	4183876	6	0	0	0	3
tlm_inverse_gcd_reverse_apply	4183876	4183877	1	0	0	0	0
tlm_inverse_gcd_reverse_body	4183877	4189021	5144	967	0	267	268
tlm_inverse_gcd_reverse_decode	4189021	4189185	164	19	0	3	8
tlm_inverse_gcd_reverse_apply	4189185	4189186	1	0	0	0	0
tlm_inverse_gcd_reverse_body	4189186	4194378	5192	973	0	270	271
tlm_inverse_gcd_reverse_decode	4194378	4194384	6	0	0	0	3
tlm_inverse_gcd_reverse_apply	4194384	4194385	1	0	0	0	0
tlm_inverse_gcd_reverse_body	4194385	4199569	5184	975	0	269	270
tlm_inverse_gcd_reverse_decode	4199569	4199575	6	0	0	0	3
tlm_inverse_gcd_reverse_apply	4199575	4199576	1	0	0	0	0
tlm_inverse_gcd_reverse_body	4199576	4204780	5204	979	0	270	271
tlm_inverse_gcd_reverse_decode	4204780	4204944	164	19	0	3	8
tlm_inverse_gcd_reverse_apply	4204944	4204945	1	0	0	0	0
tlm_inverse_gcd_reverse_body	4204945	4210183	5238	984	0	272	273
tlm_inverse_gcd_reverse_decode	4210183	4210189	6	0	0	0	3
tlm_inverse_gcd_reverse_apply	4210189	4210190	1	0	0	0	0
tlm_inverse_gcd_reverse_body	4210190	4215434	5244	987	0	272	273
tlm_inverse_gcd_reverse_decode	4215434	4215440	6	0	0	0	3
tlm_inverse_gcd_reverse_apply	4215440	4215441	1	0	0	0	0
tlm_inverse_gcd_reverse_body	4215441	4220705	5264	991	0	273	274
tlm_inverse_gcd_reverse_decode	4220705	4220869	164	19	0	3	8
tlm_inverse_gcd_reverse_apply	4220869	4220870	1	0	0	0	0
tlm_inverse_gcd_reverse_body	4220870	4226168	5298	996	0	275	276
tlm_inverse_gcd_reverse_decode	4226168	4226174	6	0	0	0	3
tlm_inverse_gcd_reverse_apply	4226174	4226175	1	0	0	0	0
tlm_inverse_gcd_reverse_body	4226175	4231493	5318	1000	0	276	277
tlm_inverse_gcd_reverse_decode	4231493	4231499	6	0	0	0	3
tlm_inverse_gcd_reverse_apply	4231499	4231500	1	0	0	0	0
tlm_inverse_gcd_reverse_body	4231500	4236810	5310	1002	0	275	276
tlm_inverse_gcd_reverse_decode	4236810	4236974	164	19	0	3	8
tlm_inverse_gcd_reverse_apply	4236974	4236975	1	0	0	0	0
tlm_inverse_gcd_reverse_body	4236975	4242319	5344	1007	0	277	278
tlm_inverse_gcd_reverse_decode	4242319	4242325	6	0	0	0	3
tlm_inverse_gcd_reverse_apply	4242325	4242326	1	0	0	0	0
tlm_inverse_gcd_reverse_body	4242326	4247690	5364	1011	0	278	279
tlm_inverse_gcd_reverse_decode	4247690	4247696	6	0	0	0	3
tlm_inverse_gcd_reverse_apply	4247696	4247697	1	0	0	0	0
tlm_inverse_gcd_reverse_body	4247697	4253081	5384	1015	0	279	280
tlm_inverse_gcd_reverse_decode	4253081	4253245	164	19	0	3	8
tlm_inverse_gcd_reverse_apply	4253245	4253246	1	0	0	0	0
tlm_inverse_gcd_reverse_body	4253246	4258636	5390	1018	0	279	280
tlm_inverse_gcd_reverse_decode	4258636	4258642	6	0	0	0	3
tlm_inverse_gcd_reverse_apply	4258642	4258643	1	0	0	0	0
tlm_inverse_gcd_reverse_body	4258643	4264067	5424	1023	0	281	282
tlm_inverse_gcd_reverse_decode	4264067	4264073	6	0	0	0	3
tlm_inverse_gcd_reverse_apply	4264073	4264074	1	0	0	0	0
tlm_inverse_gcd_reverse_body	4264074	4269518	5444	1027	0	282	283
tlm_inverse_gcd_reverse_decode	4269518	4269682	164	19	0	3	8
tlm_inverse_gcd_reverse_apply	4269682	4269683	1	0	0	0	0
tlm_inverse_gcd_reverse_body	4269683	4275133	5450	1030	0	282	283
tlm_inverse_gcd_reverse_decode	4275133	4275139	6	0	0	0	3
tlm_inverse_gcd_reverse_apply	4275139	4275140	1	0	0	0	0
tlm_inverse_gcd_reverse_body	4275140	4280610	5470	1034	0	283	284
tlm_inverse_gcd_reverse_decode	4280610	4280616	6	0	0	0	3
tlm_inverse_gcd_reverse_apply	4280616	4280617	1	0	0	0	0
tlm_inverse_gcd_reverse_body	4280617	4286107	5490	1038	0	284	285
tlm_inverse_gcd_reverse_decode	4286107	4286271	164	19	0	3	8
tlm_inverse_gcd_reverse_apply	4286271	4286272	1	0	0	0	0
tlm_inverse_gcd_reverse_body	4286272	4291782	5510	1042	0	285	286
tlm_inverse_gcd_reverse_decode	4291782	4291788	6	0	0	0	3
tlm_inverse_gcd_reverse_apply	4291788	4291789	1	0	0	0	0
tlm_inverse_gcd_reverse_body	4291789	4297319	5530	1046	0	286	287
tlm_inverse_gcd_reverse_decode	4297319	4297325	6	0	0	0	3
tlm_inverse_gcd_reverse_apply	4297325	4297326	1	0	0	0	0
tlm_inverse_gcd_reverse_body	4297326	4302876	5550	1050	0	287	288
tlm_inverse_gcd_reverse_decode	4302876	4303040	164	19	0	3	8
tlm_inverse_gcd_reverse_apply	4303040	4303041	1	0	0	0	0
tlm_inverse_gcd_reverse_body	4303041	4308563	5522	1048	0	285	286
tlm_inverse_gcd_reverse_decode	4308563	4308569	6	0	0	0	3
tlm_inverse_gcd_reverse_apply	4308569	4308570	1	0	0	0	0
tlm_inverse_gcd_reverse_body	4308570	4314092	5522	1048	0	285	286
tlm_inverse_gcd_reverse_decode	4314092	4314098	6	0	0	0	3
tlm_inverse_gcd_reverse_apply	4314098	4314099	1	0	0	0	0
tlm_inverse_gcd_reverse_body	4314099	4319593	5494	1046	0	283	284
tlm_inverse_gcd_reverse_decode	4319593	4319757	164	19	0	3	8
tlm_inverse_gcd_reverse_apply	4319757	4319758	1	0	0	0	0
tlm_inverse_gcd_reverse_body	4319758	4325238	5480	1045	0	282	283
tlm_inverse_gcd_reverse_decode	4325238	4325244	6	0	0	0	3
tlm_inverse_gcd_reverse_apply	4325244	4325245	1	0	0	0	0
tlm_inverse_gcd_reverse_body	4325245	4330725	5480	1045	0	282	283
tlm_inverse_gcd_reverse_decode	4330725	4330731	6	0	0	0	3
tlm_inverse_gcd_reverse_apply	4330731	4330732	1	0	0	0	0
tlm_inverse_gcd_reverse_body	4330732	4336184	5452	1043	0	280	281
tlm_inverse_gcd_reverse_decode	4336184	4336348	164	19	0	3	8
tlm_inverse_gcd_reverse_apply	4336348	4336349	1	0	0	0	0
tlm_inverse_gcd_reverse_body	4336349	4341787	5438	1042	0	279	280
tlm_inverse_gcd_reverse_decode	4341787	4341793	6	0	0	0	3
tlm_inverse_gcd_reverse_apply	4341793	4341794	1	0	0	0	0
tlm_inverse_gcd_reverse_body	4341794	4347218	5424	1041	0	278	279
tlm_inverse_gcd_reverse_decode	4347218	4347224	6	0	0	0	3
tlm_inverse_gcd_reverse_apply	4347224	4347225	1	0	0	0	0
tlm_inverse_gcd_reverse_body	4347225	4352650	5425	1041	0	278	280
tlm_inverse_gcd_reverse_decode_initial	4352650	4352660	10	1	0	0	3
tlm_inverse_gcd_reverse_apply_initial	4352660	4352661	1	0	0	0	0
tlm_inverse_gcd_reverse_body_initial	4352661	4358267	5606	1273	0	254	256
tlm_gcd_step_end_initial	4358267	4358775	508	0	0	0	258
window_qrom_3x_load_walk	4358775	4362985	4210	14	0	14	14
tlm_coord_add3x	4362985	4373032	10047	770	8	772	779
window_qrom_3x_unload_walk	4373032	4373544	512	0	0	256	256
window_qrom_3x_unload_clear	4373544	4378444	4900	12	0	0	8
square_sum_hi_lo	4378444	4379470	1026	256	0	0	1
square_c_sum_build	4379470	4475305	95835	9283	0	8513	518
tlm_apply_inverse_mod_sub_register_initial	4475305	4481892	6587	769	20	420	422
tlm_apply_inverse_mod_sub_fold_initial	4481892	4482871	979	85	6	85	85
tlm_apply_inverse_mod_sub_clean_initial	4482871	4483314	443	19	0	20	150
tlm_apply_inverse_mod_sub_register_initial	4483314	4487775	4461	557	2	300	302
tlm_apply_inverse_mod_sub_fold_initial	4487775	4488754	979	85	6	85	85
tlm_apply_inverse_mod_sub_clean_initial	4488754	4489195	441	19	0	20	148
tlm_apply_inverse_mod_sub_register_initial	4489195	4493656	4461	557	2	300	302
tlm_apply_inverse_mod_sub_fold_initial	4493656	4494635	979	85	6	85	85
tlm_apply_inverse_mod_sub_clean_initial	4494635	4495076	441	19	0	20	148
tlm_apply_forward_mod_add_register_initial	4495076	4499025	3949	557	2	300	302
tlm_apply_forward_mod_add_fold_initial	4499025	4499578	553	55	2	55	55
tlm_apply_forward_mod_add_clean_initial	4499578	4499983	405	19	0	20	148
tlm_apply_inverse_mod_sub_register_initial	4499983	4504444	4461	557	2	300	302
tlm_apply_inverse_mod_sub_fold_initial	4504444	4505423	979	85	6	85	85
tlm_apply_inverse_mod_sub_clean_initial	4505423	4505864	441	19	0	20	148
tlm_apply_inverse_mod_sub_register_initial	4505864	4510325	4461	557	2	300	302
tlm_apply_inverse_mod_sub_fold_initial	4510325	4511304	979	85	6	85	85
tlm_apply_inverse_mod_sub_clean_initial	4511304	4511745	441	19	0	20	148
square_c_sum_unbuild	4511745	4607837	96092	9283	0	8513	776
square_a_lo_build	4607837	4702225	94388	9147	0	8383	514
tlm_apply_inverse_mod_sub_register_initial	4702225	4706373	4148	535	1	278	279
tlm_apply_inverse_mod_sub_fold_initial	4706373	4707352	979	85	6	85	85
tlm_apply_inverse_mod_sub_clean_initial	4707352	4707667	315	19	0	20	22
tlm_apply_forward_mod_add_register_initial	4707667	4711616	3949	557	2	300	302
tlm_apply_forward_mod_add_fold_initial	4711616	4712169	553	55	2	55	55
tlm_apply_forward_mod_add_clean_initial	4712169	4712576	407	19	0	20	150
tlm_apply_forward_mod_add_register_initial	4712576	4716525	3949	557	2	300	302
tlm_apply_forward_mod_add_fold_initial	4716525	4717078	553	55	2	55	55
tlm_apply_forward_mod_add_clean_initial	4717078	4717485	407	19	0	20	150
tlm_apply_forward_mod_add_register_initial	4717485	4721434	3949	557	2	300	302
tlm_apply_forward_mod_add_fold_initial	4721434	4721987	553	55	2	55	55
tlm_apply_forward_mod_add_clean_initial	4721987	4722394	407	19	0	20	150
tlm_apply_inverse_mod_sub_register_initial	4722394	4726855	4461	557	2	300	302
tlm_apply_inverse_mod_sub_fold_initial	4726855	4727854	999	87	7	87	87
tlm_apply_inverse_mod_sub_clean_initial	4727854	4728297	443	19	0	20	150
tlm_apply_forward_mod_add_register_initial	4728297	4732246	3949	557	2	300	302
tlm_apply_forward_mod_add_fold_initial	4732246	4732799	553	55	2	55	55
tlm_apply_forward_mod_add_clean_initial	4732799	4733206	407	19	0	20	150
tlm_apply_forward_mod_add_register_initial	4733206	4737155	3949	557	2	300	302
tlm_apply_forward_mod_add_fold_initial	4737155	4737708	553	55	2	55	55
tlm_apply_forward_mod_add_clean_initial	4737708	4738115	407	19	0	20	150
square_a_lo_unbuild	4738115	4832758	94643	9147	0	8383	770
square_b_hi_build	4832758	4927146	94388	9147	0	8383	514
tlm_apply_forward_mod_add_register_initial	4927146	4931095	3949	557	2	300	302
tlm_apply_forward_mod_add_fold_initial	4931095	4931648	553	55	2	55	55
tlm_apply_forward_mod_add_clean_initial	4931648	4932055	407	19	0	20	150
tlm_apply_forward_mod_add_register_initial	4932055	4936004	3949	557	2	300	302
tlm_apply_forward_mod_add_fold_initial	4936004	4936557	553	55	2	55	55
tlm_apply_forward_mod_add_clean_initial	4936557	4936964	407	19	0	20	150
tlm_apply_forward_mod_add_register_initial	4936964	4940913	3949	557	2	300	302
tlm_apply_forward_mod_add_fold_initial	4940913	4941466	553	55	2	55	55
tlm_apply_forward_mod_add_clean_initial	4941466	4941873	407	19	0	20	150
tlm_apply_inverse_mod_sub_register_initial	4941873	4946334	4461	557	2	300	302
tlm_apply_inverse_mod_sub_fold_initial	4946334	4947313	979	85	6	85	85
tlm_apply_inverse_mod_sub_clean_initial	4947313	4947756	443	19	0	20	150
tlm_apply_forward_mod_add_register_initial	4947756	4951705	3949	557	2	300	302
tlm_apply_forward_mod_add_fold_initial	4951705	4952258	553	55	2	55	55
tlm_apply_forward_mod_add_clean_initial	4952258	4952665	407	19	0	20	150
tlm_apply_forward_mod_add_register_initial	4952665	4956614	3949	557	2	300	302
tlm_apply_forward_mod_add_fold_initial	4956614	4957167	553	55	2	55	55
tlm_apply_forward_mod_add_clean_initial	4957167	4957574	407	19	0	20	150
tlm_apply_inverse_mod_sub_register_initial	4957574	4961722	4148	535	1	278	279
tlm_apply_inverse_mod_sub_fold_initial	4961722	4962701	979	85	6	85	85
tlm_apply_inverse_mod_sub_clean_initial	4962701	4966256	3555	239	8	240	242
tlm_apply_inverse_mod_sub_register_initial	4966256	4970404	4148	535	1	278	279
tlm_apply_inverse_mod_sub_fold_initial	4970404	4971383	979	85	6	85	85
tlm_apply_inverse_mod_sub_clean_initial	4971383	4973318	1935	129	4	130	132
tlm_apply_forward_mod_add_register_initial	4973318	4976954	3636	535	1	278	279
tlm_apply_forward_mod_add_fold_initial	4976954	4977507	553	55	2	55	55
tlm_apply_forward_mod_add_clean_initial	4977507	4981026	3519	239	8	240	242
tlm_apply_inverse_mod_sub_register_initial	4981026	4985174	4148	535	1	278	279
tlm_apply_inverse_mod_sub_fold_initial	4985174	4986117	943	82	5	82	82
tlm_apply_inverse_mod_sub_clean_initial	4986117	5004252	18135	1229	44	1230	1232
tlm_apply_inverse_mod_sub_register_initial	5004252	5008400	4148	535	1	278	279
tlm_apply_inverse_mod_sub_fold_initial	5008400	5009341	941	82	5	82	82
tlm_apply_inverse_mod_sub_clean_initial	5009341	5038969	29628	1779	64	1780	1783
square_b_hi_unbuild	5038969	5133612	94643	9147	0	8383	770
square_sum_hi_lo_unbuild	5133612	5135032	1420	258	0	0	131
tlm_forward_multiply	5135032	5135282	250	0	0	0	0
tlm_multiply_gcd_forward_shift_initial	5135282	5136814	1532	509	0	0	0
tlm_multiply_gcd_forward_compare_initial	5136814	5137580	766	255	0	0	0
tlm_multiply_gcd_forward_body_initial	5137580	5141401	3821	509	0	254	255
tlm_multiply_gcd_forward_apply_initial	5141401	5141402	1	0	0	0	0
tlm_multiply_gcd_forward_codec_initial	5141402	5141411	9	1	0	0	2
tlm_multiply_gcd_forward_shift	5141411	5142431	1020	254	0	0	0
tlm_multiply_gcd_forward_compare	5142431	5143525	1094	279	0	23	24
tlm_multiply_gcd_forward_body	5143525	5147346	3821	509	0	254	255
tlm_multiply_gcd_forward_apply	5147346	5147347	1	0	0	0	0
tlm_multiply_gcd_forward_codec	5147347	5147350	3	0	0	0	0
tlm_multiply_gcd_forward_shift	5147350	5148370	1020	254	0	0	0
tlm_multiply_gcd_forward_compare	5148370	5149464	1094	279	0	23	24
tlm_multiply_gcd_forward_body	5149464	5153285	3821	509	0	254	255
tlm_multiply_gcd_forward_apply	5153285	5153286	1	0	0	0	0
tlm_multiply_gcd_forward_codec	5153286	5153289	3	0	0	0	0
tlm_multiply_gcd_forward_shift	5153289	5154309	1020	254	0	0	0
tlm_multiply_gcd_forward_compare	5154309	5155417	1108	280	0	24	25
tlm_multiply_gcd_forward_body	5155417	5159238	3821	509	0	254	255
tlm_multiply_gcd_forward_apply	5159238	5159239	1	0	0	0	0
tlm_multiply_gcd_forward_codec	5159239	5159405	166	18	0	4	7
tlm_multiply_gcd_forward_shift	5159405	5160425	1020	254	0	0	0
tlm_multiply_gcd_forward_compare	5160425	5161547	1122	281	0	25	26
tlm_multiply_gcd_forward_body	5161547	5165368	3821	509	0	254	255
tlm_multiply_gcd_forward_apply	5165368	5165369	1	0	0	0	0
tlm_multiply_gcd_forward_codec	5165369	5165372	3	0	0	0	0
tlm_multiply_gcd_forward_shift	5165372	5166392	1020	254	0	0	0
tlm_multiply_gcd_forward_compare	5166392	5167542	1150	283	0	27	28
tlm_multiply_gcd_forward_body	5167542	5171363	3821	509	0	254	255
tlm_multiply_gcd_forward_apply	5171363	5171364	1	0	0	0	0
tlm_multiply_gcd_forward_codec	5171364	5171367	3	0	0	0	0
tlm_multiply_gcd_forward_shift	5171367	5172387	1020	254	0	0	0
tlm_multiply_gcd_forward_compare	5172387	5173537	1150	283	0	27	28
tlm_multiply_gcd_forward_body	5173537	5177358	3821	509	0	254	255
tlm_multiply_gcd_forward_apply	5177358	5177359	1	0	0	0	0
tlm_multiply_gcd_forward_codec	5177359	5177525	166	18	0	4	7
tlm_multiply_gcd_forward_shift	5177525	5178545	1020	254	0	0	0
tlm_multiply_gcd_forward_compare	5178545	5179709	1164	284	0	28	29
tlm_multiply_gcd_forward_body	5179709	5183530	3821	509	0	254	255
tlm_multiply_gcd_forward_apply	5183530	5183531	1	0	0	0	0
tlm_multiply_gcd_forward_codec	5183531	5183534	3	0	0	0	0
tlm_multiply_gcd_forward_shift	5183534	5184554	1020	254	0	0	0
tlm_multiply_gcd_forward_compare	5184554	5185746	1192	286	0	30	31
tlm_multiply_gcd_forward_body	5185746	5189567	3821	509	0	254	255
tlm_multiply_gcd_forward_apply	5189567	5189568	1	0	0	0	0
tlm_multiply_gcd_forward_codec	5189568	5189571	3	0	0	0	0
tlm_multiply_gcd_forward_shift	5189571	5190591	1020	254	0	0	0
tlm_multiply_gcd_forward_compare	5190591	5191783	1192	286	0	30	31
tlm_multiply_gcd_forward_body	5191783	5195604	3821	509	0	254	255
tlm_multiply_gcd_forward_apply	5195604	5195605	1	0	0	0	0
tlm_multiply_gcd_forward_codec	5195605	5195771	166	18	0	4	7
tlm_multiply_gcd_forward_shift	5195771	5196791	1020	254	0	0	0
tlm_multiply_gcd_forward_compare	5196791	5198011	1220	288	0	32	33
tlm_multiply_gcd_forward_body	5198011	5201832	3821	509	0	254	255
tlm_multiply_gcd_forward_apply	5201832	5201833	1	0	0	0	0
tlm_multiply_gcd_forward_codec	5201833	5201836	3	0	0	0	0
tlm_multiply_gcd_forward_shift	5201836	5202854	1018	253	0	0	2
tlm_multiply_gcd_forward_compare	5202854	5204071	1217	287	0	32	33
tlm_multiply_gcd_forward_body	5204071	5207877	3806	507	0	253	254
tlm_multiply_gcd_forward_apply	5207877	5207878	1	0	0	0	0
tlm_multiply_gcd_forward_codec	5207878	5207881	3	0	0	0	0
tlm_multiply_gcd_forward_shift	5207881	5208895	1014	252	0	0	2
tlm_multiply_gcd_forward_compare	5208895	5210109	1214	286	0	32	33
tlm_multiply_gcd_forward_body	5210109	5213900	3791	505	0	252	253
tlm_multiply_gcd_forward_apply	5213900	5213901	1	0	0	0	0
tlm_multiply_gcd_forward_codec	5213901	5214067	166	18	0	4	7
tlm_multiply_gcd_forward_shift	5214067	5215077	1010	251	0	0	2
tlm_multiply_gcd_forward_compare	5215077	5216288	1211	285	0	32	33
tlm_multiply_gcd_forward_body	5216288	5220064	3776	503	0	251	252
tlm_multiply_gcd_forward_apply	5220064	5220065	1	0	0	0	0
tlm_multiply_gcd_forward_codec	5220065	5220068	3	0	0	0	0
tlm_multiply_gcd_forward_shift	5220068	5221074	1006	250	0	0	2
tlm_multiply_gcd_forward_compare	5221074	5222282	1208	284	0	32	33
tlm_multiply_gcd_forward_body	5222282	5226043	3761	501	0	250	251
tlm_multiply_gcd_forward_apply	5226043	5226044	1	0	0	0	0
tlm_multiply_gcd_forward_codec	5226044	5226047	3	0	0	0	0
tlm_multiply_gcd_forward_shift	5226047	5227049	1002	249	0	0	2
tlm_multiply_gcd_forward_compare	5227049	5228254	1205	283	0	32	33
tlm_multiply_gcd_forward_body	5228254	5232000	3746	499	0	249	250
tlm_multiply_gcd_forward_apply	5232000	5232001	1	0	0	0	0
tlm_multiply_gcd_forward_codec	5232001	5232167	166	18	0	4	7
tlm_multiply_gcd_forward_shift	5232167	5233165	998	248	0	0	2
tlm_multiply_gcd_forward_compare	5233165	5234381	1216	283	0	33	34
tlm_multiply_gcd_forward_body	5234381	5238112	3731	497	0	248	249
tlm_multiply_gcd_forward_apply	5238112	5238113	1	0	0	0	0
tlm_multiply_gcd_forward_codec	5238113	5238116	3	0	0	0	0
tlm_multiply_gcd_forward_shift	5238116	5239110	994	247	0	0	2
tlm_multiply_gcd_forward_compare	5239110	5240323	1213	282	0	33	34
tlm_multiply_gcd_forward_body	5240323	5244039	3716	495	0	247	248
tlm_multiply_gcd_forward_apply	5244039	5244040	1	0	0	0	0
tlm_multiply_gcd_forward_codec	5244040	5244043	3	0	0	0	0
tlm_multiply_gcd_forward_shift	5244043	5245033	990	246	0	0	2
tlm_multiply_gcd_forward_compare	5245033	5246229	1196	280	0	32	33
tlm_multiply_gcd_forward_body	5246229	5249930	3701	493	0	246	247
tlm_multiply_gcd_forward_apply	5249930	5249931	1	0	0	0	0
tlm_multiply_gcd_forward_codec	5249931	5250097	166	18	0	4	7
tlm_multiply_gcd_forward_shift	5250097	5251083	986	245	0	0	2
tlm_multiply_gcd_forward_compare	5251083	5252290	1207	280	0	33	34
tlm_multiply_gcd_forward_body	5252290	5255976	3686	491	0	245	246
tlm_multiply_gcd_forward_apply	5255976	5255977	1	0	0	0	0
tlm_multiply_gcd_forward_codec	5255977	5255980	3	0	0	0	0
tlm_multiply_gcd_forward_shift	5255980	5256962	982	244	0	0	2
tlm_multiply_gcd_forward_compare	5256962	5258166	1204	279	0	33	34
tlm_multiply_gcd_forward_body	5258166	5261837	3671	489	0	244	245
tlm_multiply_gcd_forward_apply	5261837	5261838	1	0	0	0	0
tlm_multiply_gcd_forward_codec	5261838	5261841	3	0	0	0	0
tlm_multiply_gcd_forward_shift	5261841	5262819	978	243	0	0	2
tlm_multiply_gcd_forward_compare	5262819	5264020	1201	278	0	33	34
tlm_multiply_gcd_forward_body	5264020	5267676	3656	487	0	243	244
tlm_multiply_gcd_forward_apply	5267676	5267677	1	0	0	0	0
tlm_multiply_gcd_forward_codec	5267677	5267843	166	18	0	4	7
tlm_multiply_gcd_forward_shift	5267843	5268817	974	242	0	0	2
tlm_multiply_gcd_forward_compare	5268817	5270001	1184	276	0	32	33
tlm_multiply_gcd_forward_body	5270001	5273642	3641	485	0	242	243
tlm_multiply_gcd_forward_apply	5273642	5273643	1	0	0	0	0
tlm_multiply_gcd_forward_codec	5273643	5273646	3	0	0	0	0
tlm_multiply_gcd_forward_shift	5273646	5274616	970	241	0	0	2
tlm_multiply_gcd_forward_compare	5274616	5275825	1209	277	0	34	35
tlm_multiply_gcd_forward_body	5275825	5279451	3626	483	0	241	242
tlm_multiply_gcd_forward_apply	5279451	5279452	1	0	0	0	0
tlm_multiply_gcd_forward_codec	5279452	5279455	3	0	0	0	0
tlm_multiply_gcd_forward_shift	5279455	5280421	966	240	0	0	2
tlm_multiply_gcd_forward_compare	5280421	5281627	1206	276	0	34	35
tlm_multiply_gcd_forward_body	5281627	5285238	3611	481	0	240	241
tlm_multiply_gcd_forward_apply	5285238	5285239	1	0	0	0	0
tlm_multiply_gcd_forward_codec	5285239	5285405	166	18	0	4	7
tlm_multiply_gcd_forward_shift	5285405	5286367	962	239	0	0	2
tlm_multiply_gcd_forward_compare	5286367	5287556	1189	274	0	33	34
tlm_multiply_gcd_forward_body	5287556	5291152	3596	479	0	239	240
tlm_multiply_gcd_forward_apply	5291152	5291153	1	0	0	0	0
tlm_multiply_gcd_forward_codec	5291153	5291156	3	0	0	0	0
tlm_multiply_gcd_forward_shift	5291156	5292114	958	238	0	0	2
tlm_multiply_gcd_forward_compare	5292114	5293300	1186	273	0	33	34
tlm_multiply_gcd_forward_body	5293300	5296881	3581	477	0	238	239
tlm_multiply_gcd_forward_apply	5296881	5296882	1	0	0	0	0
tlm_multiply_gcd_forward_codec	5296882	5296885	3	0	0	0	0
tlm_multiply_gcd_forward_shift	5296885	5297839	954	237	0	0	2
tlm_multiply_gcd_forward_compare	5297839	5299036	1197	273	0	34	35
tlm_multiply_gcd_forward_body	5299036	5302602	3566	475	0	237	238
tlm_multiply_gcd_forward_apply	5302602	5302603	1	0	0	0	0
tlm_multiply_gcd_forward_codec	5302603	5302769	166	18	0	4	7
tlm_multiply_gcd_forward_shift	5302769	5303719	950	236	0	0	2
tlm_multiply_gcd_forward_compare	5303719	5304899	1180	271	0	33	34
tlm_multiply_gcd_forward_body	5304899	5308450	3551	473	0	236	237
tlm_multiply_gcd_forward_apply	5308450	5308451	1	0	0	0	0
tlm_multiply_gcd_forward_codec	5308451	5308454	3	0	0	0	0
tlm_multiply_gcd_forward_shift	5308454	5309400	946	235	0	0	2
tlm_multiply_gcd_forward_compare	5309400	5310577	1177	270	0	33	34
tlm_multiply_gcd_forward_body	5310577	5314113	3536	471	0	235	236
tlm_multiply_gcd_forward_apply	5314113	5314114	1	0	0	0	0
tlm_multiply_gcd_forward_codec	5314114	5314117	3	0	0	0	0
tlm_multiply_gcd_forward_shift	5314117	5315059	942	234	0	0	2
tlm_multiply_gcd_forward_compare	5315059	5316261	1202	271	0	35	36
tlm_multiply_gcd_forward_body	5316261	5319782	3521	469	0	234	235
tlm_multiply_gcd_forward_apply	5319782	5319783	1	0	0	0	0
tlm_multiply_gcd_forward_codec	5319783	5319949	166	18	0	4	7
tlm_multiply_gcd_forward_shift	5319949	5320887	938	233	0	0	2
tlm_multiply_gcd_forward_compare	5320887	5322058	1171	268	0	33	34
tlm_multiply_gcd_forward_body	5322058	5325564	3506	467	0	233	234
tlm_multiply_gcd_forward_apply	5325564	5325565	1	0	0	0	0
tlm_multiply_gcd_forward_codec	5325565	5325568	3	0	0	0	0
tlm_multiply_gcd_forward_shift	5325568	5326502	934	232	0	0	2
tlm_multiply_gcd_forward_compare	5326502	5327684	1182	268	0	34	35
tlm_multiply_gcd_forward_body	5327684	5331175	3491	465	0	232	233
tlm_multiply_gcd_forward_apply	5331175	5331176	1	0	0	0	0
tlm_multiply_gcd_forward_codec	5331176	5331179	3	0	0	0	0
tlm_multiply_gcd_forward_shift	5331179	5332109	930	231	0	0	2
tlm_multiply_gcd_forward_compare	5332109	5333288	1179	267	0	34	35
tlm_multiply_gcd_forward_body	5333288	5336764	3476	463	0	231	232
tlm_multiply_gcd_forward_apply	5336764	5336765	1	0	0	0	0
tlm_multiply_gcd_forward_codec	5336765	5336931	166	18	0	4	7
tlm_multiply_gcd_forward_shift	5336931	5337857	926	230	0	0	2
tlm_multiply_gcd_forward_compare	5337857	5339033	1176	266	0	34	35
tlm_multiply_gcd_forward_body	5339033	5342494	3461	461	0	230	231
tlm_multiply_gcd_forward_apply	5342494	5342495	1	0	0	0	0
tlm_multiply_gcd_forward_codec	5342495	5342498	3	0	0	0	0
tlm_multiply_gcd_forward_shift	5342498	5343420	922	229	0	0	2
tlm_multiply_gcd_forward_compare	5343420	5344593	1173	265	0	34	35
tlm_multiply_gcd_forward_body	5344593	5348039	3446	459	0	229	230
tlm_multiply_gcd_forward_apply	5348039	5348040	1	0	0	0	0
tlm_multiply_gcd_forward_codec	5348040	5348043	3	0	0	0	0
tlm_multiply_gcd_forward_shift	5348043	5348961	918	228	0	0	2
tlm_multiply_gcd_forward_compare	5348961	5350145	1184	265	0	35	36
tlm_multiply_gcd_forward_body	5350145	5353576	3431	457	0	228	229
tlm_multiply_gcd_forward_apply	5353576	5353577	1	0	0	0	0
tlm_multiply_gcd_forward_codec	5353577	5353743	166	18	0	4	7
tlm_multiply_gcd_forward_shift	5353743	5354657	914	227	0	0	2
tlm_multiply_gcd_forward_compare	5354657	5355824	1167	263	0	34	35
tlm_multiply_gcd_forward_body	5355824	5359240	3416	455	0	227	228
tlm_multiply_gcd_forward_apply	5359240	5359241	1	0	0	0	0
tlm_multiply_gcd_forward_codec	5359241	5359244	3	0	0	0	0
tlm_multiply_gcd_forward_shift	5359244	5360154	910	226	0	0	2
tlm_multiply_gcd_forward_compare	5360154	5361332	1178	263	0	35	36
tlm_multiply_gcd_forward_body	5361332	5364733	3401	453	0	226	227
tlm_multiply_gcd_forward_apply	5364733	5364734	1	0	0	0	0
tlm_multiply_gcd_forward_codec	5364734	5364737	3	0	0	0	0
tlm_multiply_gcd_forward_shift	5364737	5365643	906	225	0	0	2
tlm_multiply_gcd_forward_compare	5365643	5366818	1175	262	0	35	36
tlm_multiply_gcd_forward_body	5366818	5370204	3386	451	0	225	226
tlm_multiply_gcd_forward_apply	5370204	5370205	1	0	0	0	0
tlm_multiply_gcd_forward_codec	5370205	5370371	166	18	0	4	7
tlm_multiply_gcd_forward_shift	5370371	5371273	902	224	0	0	2
tlm_multiply_gcd_forward_compare	5371273	5372445	1172	261	0	35	36
tlm_multiply_gcd_forward_body	5372445	5375816	3371	449	0	224	225
tlm_multiply_gcd_forward_apply	5375816	5375817	1	0	0	0	0
tlm_multiply_gcd_forward_codec	5375817	5375820	3	0	0	0	0
tlm_multiply_gcd_forward_shift	5375820	5376718	898	223	0	0	2
tlm_multiply_gcd_forward_compare	5376718	5377873	1155	259	0	34	35
tlm_multiply_gcd_forward_body	5377873	5381229	3356	447	0	223	224
tlm_multiply_gcd_forward_apply	5381229	5381230	1	0	0	0	0
tlm_multiply_gcd_forward_codec	5381230	5381233	3	0	0	0	0
tlm_multiply_gcd_forward_shift	5381233	5382127	894	222	0	0	2
tlm_multiply_gcd_forward_compare	5382127	5383293	1166	259	0	35	36
tlm_multiply_gcd_forward_body	5383293	5386634	3341	445	0	222	223
tlm_multiply_gcd_forward_apply	5386634	5386635	1	0	0	0	0
tlm_multiply_gcd_forward_codec	5386635	5386801	166	18	0	4	7
tlm_multiply_gcd_forward_shift	5386801	5387691	890	221	0	0	2
tlm_multiply_gcd_forward_compare	5387691	5388854	1163	258	0	35	36
tlm_multiply_gcd_forward_body	5388854	5392180	3326	443	0	221	222
tlm_multiply_gcd_forward_apply	5392180	5392181	1	0	0	0	0
tlm_multiply_gcd_forward_codec	5392181	5392184	3	0	0	0	0
tlm_multiply_gcd_forward_shift	5392184	5393070	886	220	0	0	2
tlm_multiply_gcd_forward_compare	5393070	5394230	1160	257	0	35	36
tlm_multiply_gcd_forward_body	5394230	5397541	3311	441	0	220	221
tlm_multiply_gcd_forward_apply	5397541	5397542	1	0	0	0	0
tlm_multiply_gcd_forward_codec	5397542	5397545	3	0	0	0	0
tlm_multiply_gcd_forward_shift	5397545	5398427	882	219	0	0	2
tlm_multiply_gcd_forward_compare	5398427	5399584	1157	256	0	35	36
tlm_multiply_gcd_forward_body	5399584	5402880	3296	439	0	219	220
tlm_multiply_gcd_forward_apply	5402880	5402881	1	0	0	0	0
tlm_multiply_gcd_forward_codec	5402881	5403047	166	18	0	4	7
tlm_multiply_gcd_forward_shift	5403047	5403925	878	218	0	0	2
tlm_multiply_gcd_forward_compare	5403925	5405093	1168	256	0	36	37
tlm_multiply_gcd_forward_body	5405093	5408374	3281	437	0	218	219
tlm_multiply_gcd_forward_apply	5408374	5408375	1	0	0	0	0
tlm_multiply_gcd_forward_codec	5408375	5408378	3	0	0	0	0
tlm_multiply_gcd_forward_shift	5408378	5409252	874	217	0	0	2
tlm_multiply_gcd_forward_compare	5409252	5410403	1151	254	0	35	36
tlm_multiply_gcd_forward_body	5410403	5413669	3266	435	0	217	218
tlm_multiply_gcd_forward_apply	5413669	5413670	1	0	0	0	0
tlm_multiply_gcd_forward_codec	5413670	5413673	3	0	0	0	0
tlm_multiply_gcd_forward_shift	5413673	5414543	870	216	0	0	2
tlm_multiply_gcd_forward_compare	5414543	5415705	1162	254	0	36	37
tlm_multiply_gcd_forward_body	5415705	5418956	3251	433	0	216	217
tlm_multiply_gcd_forward_apply	5418956	5418957	1	0	0	0	0
tlm_multiply_gcd_forward_codec	5418957	5419123	166	18	0	4	7
tlm_multiply_gcd_forward_shift	5419123	5419989	866	215	0	0	2
tlm_multiply_gcd_forward_compare	5419989	5421134	1145	252	0	35	36
tlm_multiply_gcd_forward_body	5421134	5424370	3236	431	0	215	216
tlm_multiply_gcd_forward_apply	5424370	5424371	1	0	0	0	0
tlm_multiply_gcd_forward_codec	5424371	5424374	3	0	0	0	0
tlm_multiply_gcd_forward_shift	5424374	5425236	862	214	0	0	2
tlm_multiply_gcd_forward_compare	5425236	5426392	1156	252	0	36	37
tlm_multiply_gcd_forward_body	5426392	5429613	3221	429	0	214	215
tlm_multiply_gcd_forward_apply	5429613	5429614	1	0	0	0	0
tlm_multiply_gcd_forward_codec	5429614	5429617	3	0	0	0	0
tlm_multiply_gcd_forward_shift	5429617	5430475	858	213	0	0	2
tlm_multiply_gcd_forward_compare	5430475	5431628	1153	251	0	36	37
tlm_multiply_gcd_forward_body	5431628	5434834	3206	427	0	213	214
tlm_multiply_gcd_forward_apply	5434834	5434835	1	0	0	0	0
tlm_multiply_gcd_forward_codec	5434835	5435001	166	18	0	4	7
tlm_multiply_gcd_forward_shift	5435001	5435855	854	212	0	0	2
tlm_multiply_gcd_forward_compare	5435855	5437005	1150	250	0	36	37
tlm_multiply_gcd_forward_body	5437005	5440196	3191	425	0	212	213
tlm_multiply_gcd_forward_apply	5440196	5440197	1	0	0	0	0
tlm_multiply_gcd_forward_codec	5440197	5440200	3	0	0	0	0
tlm_multiply_gcd_forward_shift	5440200	5441050	850	211	0	0	2
tlm_multiply_gcd_forward_compare	5441050	5442197	1147	249	0	36	37
tlm_multiply_gcd_forward_body	5442197	5445373	3176	423	0	211	212
tlm_multiply_gcd_forward_apply	5445373	5445374	1	0	0	0	0
tlm_multiply_gcd_forward_codec	5445374	5445377	3	0	0	0	0
tlm_multiply_gcd_forward_shift	5445377	5446223	846	210	0	0	2
tlm_multiply_gcd_forward_compare	5446223	5447367	1144	248	0	36	37
tlm_multiply_gcd_forward_body	5447367	5450528	3161	421	0	210	211
tlm_multiply_gcd_forward_apply	5450528	5450529	1	0	0	0	0
tlm_multiply_gcd_forward_codec	5450529	5450695	166	18	0	4	7
tlm_multiply_gcd_forward_shift	5450695	5451537	842	209	0	0	2
tlm_multiply_gcd_forward_compare	5451537	5452678	1141	247	0	36	37
tlm_multiply_gcd_forward_body	5452678	5455824	3146	419	0	209	210
tlm_multiply_gcd_forward_apply	5455824	5455825	1	0	0	0	0
tlm_multiply_gcd_forward_codec	5455825	5455828	3	0	0	0	0
tlm_multiply_gcd_forward_shift	5455828	5456666	838	208	0	0	2
tlm_multiply_gcd_forward_compare	5456666	5457818	1152	247	0	37	38
tlm_multiply_gcd_forward_body	5457818	5460949	3131	417	0	208	209
tlm_multiply_gcd_forward_apply	5460949	5460950	1	0	0	0	0
tlm_multiply_gcd_forward_codec	5460950	5460953	3	0	0	0	0
tlm_multiply_gcd_forward_shift	5460953	5461787	834	207	0	0	2
tlm_multiply_gcd_forward_compare	5461787	5462936	1149	246	0	37	38
tlm_multiply_gcd_forward_body	5462936	5466052	3116	415	0	207	208
tlm_multiply_gcd_forward_apply	5466052	5466053	1	0	0	0	0
tlm_multiply_gcd_forward_codec	5466053	5466219	166	18	0	4	7
tlm_multiply_gcd_forward_shift	5466219	5467049	830	206	0	0	2
tlm_multiply_gcd_forward_compare	5467049	5468195	1146	245	0	37	38
tlm_multiply_gcd_forward_body	5468195	5471296	3101	413	0	206	207
tlm_multiply_gcd_forward_apply	5471296	5471297	1	0	0	0	0
tlm_multiply_gcd_forward_codec	5471297	5471300	3	0	0	0	0
tlm_multiply_gcd_forward_shift	5471300	5472126	826	205	0	0	2
tlm_multiply_gcd_forward_compare	5472126	5473269	1143	244	0	37	38
tlm_multiply_gcd_forward_body	5473269	5476355	3086	411	0	205	206
tlm_multiply_gcd_forward_apply	5476355	5476356	1	0	0	0	0
tlm_multiply_gcd_forward_codec	5476356	5476359	3	0	0	0	0
tlm_multiply_gcd_forward_shift	5476359	5477181	822	204	0	0	2
tlm_multiply_gcd_forward_compare	5477181	5478321	1140	243	0	37	38
tlm_multiply_gcd_forward_body	5478321	5481392	3071	409	0	204	205
tlm_multiply_gcd_forward_apply	5481392	5481393	1	0	0	0	0
tlm_multiply_gcd_forward_codec	5481393	5481559	166	18	0	4	7
tlm_multiply_gcd_forward_shift	5481559	5482377	818	203	0	0	2
tlm_multiply_gcd_forward_compare	5482377	5483514	1137	242	0	37	38
tlm_multiply_gcd_forward_body	5483514	5486570	3056	407	0	203	204
tlm_multiply_gcd_forward_apply	5486570	5486571	1	0	0	0	0
tlm_multiply_gcd_forward_codec	5486571	5486574	3	0	0	0	0
tlm_multiply_gcd_forward_shift	5486574	5487388	814	202	0	0	2
tlm_multiply_gcd_forward_compare	5487388	5488522	1134	241	0	37	38
tlm_multiply_gcd_forward_body	5488522	5491563	3041	405	0	202	203
tlm_multiply_gcd_forward_apply	5491563	5491564	1	0	0	0	0
tlm_multiply_gcd_forward_codec	5491564	5491567	3	0	0	0	0
tlm_multiply_gcd_forward_shift	5491567	5492377	810	201	0	0	2
tlm_multiply_gcd_forward_compare	5492377	5493508	1131	240	0	37	38
tlm_multiply_gcd_forward_body	5493508	5496534	3026	403	0	201	202
tlm_multiply_gcd_forward_apply	5496534	5496535	1	0	0	0	0
tlm_multiply_gcd_forward_codec	5496535	5496701	166	18	0	4	7
tlm_multiply_gcd_forward_shift	5496701	5497507	806	200	0	0	2
tlm_multiply_gcd_forward_compare	5497507	5498635	1128	239	0	37	38
tlm_multiply_gcd_forward_body	5498635	5501646	3011	401	0	200	201
tlm_multiply_gcd_forward_apply	5501646	5501647	1	0	0	0	0
tlm_multiply_gcd_forward_codec	5501647	5501650	3	0	0	0	0
tlm_multiply_gcd_forward_shift	5501650	5502452	802	199	0	0	2
tlm_multiply_gcd_forward_compare	5502452	5503577	1125	238	0	37	38
tlm_multiply_gcd_forward_body	5503577	5506573	2996	399	0	199	200
tlm_multiply_gcd_forward_apply	5506573	5506574	1	0	0	0	0
tlm_multiply_gcd_forward_codec	5506574	5506577	3	0	0	0	0
tlm_multiply_gcd_forward_shift	5506577	5507375	798	198	0	0	2
tlm_multiply_gcd_forward_compare	5507375	5508497	1122	237	0	37	38
tlm_multiply_gcd_forward_body	5508497	5511478	2981	397	0	198	199
tlm_multiply_gcd_forward_apply	5511478	5511479	1	0	0	0	0
tlm_multiply_gcd_forward_codec	5511479	5511645	166	18	0	4	7
tlm_multiply_gcd_forward_shift	5511645	5512439	794	197	0	0	2
tlm_multiply_gcd_forward_compare	5512439	5513558	1119	236	0	37	38
tlm_multiply_gcd_forward_body	5513558	5516524	2966	395	0	197	198
tlm_multiply_gcd_forward_apply	5516524	5516525	1	0	0	0	0
tlm_multiply_gcd_forward_codec	5516525	5516528	3	0	0	0	0
tlm_multiply_gcd_forward_shift	5516528	5517318	790	196	0	0	2
tlm_multiply_gcd_forward_compare	5517318	5518448	1130	236	0	38	39
tlm_multiply_gcd_forward_body	5518448	5521399	2951	393	0	196	197
tlm_multiply_gcd_forward_apply	5521399	5521400	1	0	0	0	0
tlm_multiply_gcd_forward_codec	5521400	5521403	3	0	0	0	0
tlm_multiply_gcd_forward_shift	5521403	5522189	786	195	0	0	2
tlm_multiply_gcd_forward_compare	5522189	5523316	1127	235	0	38	39
tlm_multiply_gcd_forward_body	5523316	5526252	2936	391	0	195	196
tlm_multiply_gcd_forward_apply	5526252	5526253	1	0	0	0	0
tlm_multiply_gcd_forward_codec	5526253	5526419	166	18	0	4	7
tlm_multiply_gcd_forward_shift	5526419	5527201	782	194	0	0	2
tlm_multiply_gcd_forward_compare	5527201	5528325	1124	234	0	38	39
tlm_multiply_gcd_forward_body	5528325	5531246	2921	389	0	194	195
tlm_multiply_gcd_forward_apply	5531246	5531247	1	0	0	0	0
tlm_multiply_gcd_forward_codec	5531247	5531250	3	0	0	0	0
tlm_multiply_gcd_forward_shift	5531250	5532028	778	193	0	0	2
tlm_multiply_gcd_forward_compare	5532028	5533149	1121	233	0	38	39
tlm_multiply_gcd_forward_body	5533149	5536055	2906	387	0	193	194
tlm_multiply_gcd_forward_apply	5536055	5536056	1	0	0	0	0
tlm_multiply_gcd_forward_codec	5536056	5536059	3	0	0	0	0
tlm_multiply_gcd_forward_shift	5536059	5536833	774	192	0	0	2
tlm_multiply_gcd_forward_compare	5536833	5537951	1118	232	0	38	39
tlm_multiply_gcd_forward_body	5537951	5540842	2891	385	0	192	193
tlm_multiply_gcd_forward_apply	5540842	5540843	1	0	0	0	0
tlm_multiply_gcd_forward_codec	5540843	5541009	166	18	0	4	7
tlm_multiply_gcd_forward_shift	5541009	5541779	770	191	0	0	2
tlm_multiply_gcd_forward_compare	5541779	5542894	1115	231	0	38	39
tlm_multiply_gcd_forward_body	5542894	5545770	2876	383	0	191	192
tlm_multiply_gcd_forward_apply	5545770	5545771	1	0	0	0	0
tlm_multiply_gcd_forward_codec	5545771	5545774	3	0	0	0	0
tlm_multiply_gcd_forward_shift	5545774	5546540	766	190	0	0	2
tlm_multiply_gcd_forward_compare	5546540	5547666	1126	231	0	39	40
tlm_multiply_gcd_forward_body	5547666	5550527	2861	381	0	190	191
tlm_multiply_gcd_forward_apply	5550527	5550528	1	0	0	0	0
tlm_multiply_gcd_forward_codec	5550528	5550531	3	0	0	0	0
tlm_multiply_gcd_forward_shift	5550531	5551293	762	189	0	0	2
tlm_multiply_gcd_forward_compare	5551293	5552416	1123	230	0	39	40
tlm_multiply_gcd_forward_body	5552416	5555262	2846	379	0	189	190
tlm_multiply_gcd_forward_apply	5555262	5555263	1	0	0	0	0
tlm_multiply_gcd_forward_codec	5555263	5555429	166	18	0	4	7
tlm_multiply_gcd_forward_shift	5555429	5556187	758	188	0	0	2
tlm_multiply_gcd_forward_compare	5556187	5557321	1134	230	0	40	41
tlm_multiply_gcd_forward_body	5557321	5560152	2831	377	0	188	189
tlm_multiply_gcd_forward_apply	5560152	5560153	1	0	0	0	0
tlm_multiply_gcd_forward_codec	5560153	5560156	3	0	0	0	0
tlm_multiply_gcd_forward_shift	5560156	5560910	754	187	0	0	2
tlm_multiply_gcd_forward_compare	5560910	5562027	1117	228	0	39	40
tlm_multiply_gcd_forward_body	5562027	5564843	2816	375	0	187	188
tlm_multiply_gcd_forward_apply	5564843	5564844	1	0	0	0	0
tlm_multiply_gcd_forward_codec	5564844	5564847	3	0	0	0	0
tlm_multiply_gcd_forward_shift	5564847	5565597	750	186	0	0	2
tlm_multiply_gcd_forward_compare	5565597	5566697	1100	226	0	38	39
tlm_multiply_gcd_forward_body	5566697	5569498	2801	373	0	186	187
tlm_multiply_gcd_forward_apply	5569498	5569499	1	0	0	0	0
tlm_multiply_gcd_forward_codec	5569499	5569665	166	18	0	4	7
tlm_multiply_gcd_forward_shift	5569665	5570411	746	185	0	0	2
tlm_multiply_gcd_forward_compare	5570411	5571522	1111	226	0	39	40
tlm_multiply_gcd_forward_body	5571522	5574308	2786	371	0	185	186
tlm_multiply_gcd_forward_apply	5574308	5574309	1	0	0	0	0
tlm_multiply_gcd_forward_codec	5574309	5574312	3	0	0	0	0
tlm_multiply_gcd_forward_shift	5574312	5575054	742	184	0	0	2
tlm_multiply_gcd_forward_compare	5575054	5576162	1108	225	0	39	40
tlm_multiply_gcd_forward_body	5576162	5578933	2771	369	0	184	185
tlm_multiply_gcd_forward_apply	5578933	5578934	1	0	0	0	0
tlm_multiply_gcd_forward_codec	5578934	5578937	3	0	0	0	0
tlm_multiply_gcd_forward_shift	5578937	5579675	738	183	0	0	2
tlm_multiply_gcd_forward_compare	5579675	5580794	1119	225	0	40	41
tlm_multiply_gcd_forward_body	5580794	5583550	2756	367	0	183	184
tlm_multiply_gcd_forward_apply	5583550	5583551	1	0	0	0	0
tlm_multiply_gcd_forward_codec	5583551	5583717	166	18	0	4	7
tlm_multiply_gcd_forward_shift	5583717	5584451	734	182	0	0	2
tlm_multiply_gcd_forward_compare	5584451	5585567	1116	224	0	40	41
tlm_multiply_gcd_forward_body	5585567	5588308	2741	365	0	182	183
tlm_multiply_gcd_forward_apply	5588308	5588309	1	0	0	0	0
tlm_multiply_gcd_forward_codec	5588309	5588312	3	0	0	0	0
tlm_multiply_gcd_forward_shift	5588312	5589042	730	181	0	0	2
tlm_multiply_gcd_forward_compare	5589042	5590169	1127	224	0	41	42
tlm_multiply_gcd_forward_body	5590169	5592895	2726	363	0	181	182
tlm_multiply_gcd_forward_apply	5592895	5592896	1	0	0	0	0
tlm_multiply_gcd_forward_codec	5592896	5592899	3	0	0	0	0
tlm_multiply_gcd_forward_shift	5592899	5593625	726	180	0	0	2
tlm_multiply_gcd_forward_compare	5593625	5594721	1096	221	0	39	40
tlm_multiply_gcd_forward_body	5594721	5597432	2711	361	0	180	181
tlm_multiply_gcd_forward_apply	5597432	5597433	1	0	0	0	0
tlm_multiply_gcd_forward_codec	5597433	5597599	166	18	0	4	7
tlm_multiply_gcd_forward_shift	5597599	5598321	722	179	0	0	2
tlm_multiply_gcd_forward_compare	5598321	5599414	1093	220	0	39	40
tlm_multiply_gcd_forward_body	5599414	5602110	2696	359	0	179	180
tlm_multiply_gcd_forward_apply	5602110	5602111	1	0	0	0	0
tlm_multiply_gcd_forward_codec	5602111	5602114	3	0	0	0	0
tlm_multiply_gcd_forward_shift	5602114	5602832	718	178	0	0	2
tlm_multiply_gcd_forward_compare	5602832	5603936	1104	220	0	40	41
tlm_multiply_gcd_forward_body	5603936	5606617	2681	357	0	178	179
tlm_multiply_gcd_forward_apply	5606617	5606618	1	0	0	0	0
tlm_multiply_gcd_forward_codec	5606618	5606621	3	0	0	0	0
tlm_multiply_gcd_forward_shift	5606621	5607335	714	177	0	0	2
tlm_multiply_gcd_forward_compare	5607335	5608436	1101	219	0	40	41
tlm_multiply_gcd_forward_body	5608436	5611102	2666	355	0	177	178
tlm_multiply_gcd_forward_apply	5611102	5611103	1	0	0	0	0
tlm_multiply_gcd_forward_codec	5611103	5611269	166	18	0	4	7
tlm_multiply_gcd_forward_shift	5611269	5611979	710	176	0	0	2
tlm_multiply_gcd_forward_compare	5611979	5613077	1098	218	0	40	41
tlm_multiply_gcd_forward_body	5613077	5615728	2651	353	0	176	177
tlm_multiply_gcd_forward_apply	5615728	5615729	1	0	0	0	0
tlm_multiply_gcd_forward_codec	5615729	5615732	3	0	0	0	0
tlm_multiply_gcd_forward_shift	5615732	5616438	706	175	0	0	2
tlm_multiply_gcd_forward_compare	5616438	5617533	1095	217	0	40	41
tlm_multiply_gcd_forward_body	5617533	5620169	2636	351	0	175	176
tlm_multiply_gcd_forward_apply	5620169	5620170	1	0	0	0	0
tlm_multiply_gcd_forward_codec	5620170	5620173	3	0	0	0	0
tlm_multiply_gcd_forward_shift	5620173	5620875	702	174	0	0	2
tlm_multiply_gcd_forward_compare	5620875	5621967	1092	216	0	40	41
tlm_multiply_gcd_forward_body	5621967	5624588	2621	349	0	174	175
tlm_multiply_gcd_forward_apply	5624588	5624589	1	0	0	0	0
tlm_multiply_gcd_forward_codec	5624589	5624755	166	18	0	4	7
tlm_multiply_gcd_forward_shift	5624755	5625453	698	173	0	0	2
tlm_multiply_gcd_forward_compare	5625453	5626542	1089	215	0	40	41
tlm_multiply_gcd_forward_body	5626542	5629148	2606	347	0	173	174
tlm_multiply_gcd_forward_apply	5629148	5629149	1	0	0	0	0
tlm_multiply_gcd_forward_codec	5629149	5629152	3	0	0	0	0
tlm_multiply_gcd_forward_shift	5629152	5629846	694	172	0	0	2
tlm_multiply_gcd_forward_compare	5629846	5630946	1100	215	0	41	42
tlm_multiply_gcd_forward_body	5630946	5633537	2591	345	0	172	173
tlm_multiply_gcd_forward_apply	5633537	5633538	1	0	0	0	0
tlm_multiply_gcd_forward_codec	5633538	5633541	3	0	0	0	0
tlm_multiply_gcd_forward_shift	5633541	5634231	690	171	0	0	2
tlm_multiply_gcd_forward_compare	5634231	5635314	1083	213	0	40	41
tlm_multiply_gcd_forward_body	5635314	5637890	2576	343	0	171	172
tlm_multiply_gcd_forward_apply	5637890	5637891	1	0	0	0	0
tlm_multiply_gcd_forward_codec	5637891	5638057	166	18	0	4	7
tlm_multiply_gcd_forward_shift	5638057	5638745	688	171	0	0	0
tlm_multiply_gcd_forward_compare	5638745	5639856	1111	215	0	42	43
tlm_multiply_gcd_forward_body	5639856	5642432	2576	343	0	171	172
tlm_multiply_gcd_forward_apply	5642432	5642433	1	0	0	0	0
tlm_multiply_gcd_forward_codec	5642433	5642436	3	0	0	0	0
tlm_multiply_gcd_forward_shift	5642436	5643122	686	170	0	0	2
tlm_multiply_gcd_forward_compare	5643122	5644216	1094	213	0	41	42
tlm_multiply_gcd_forward_body	5644216	5646777	2561	341	0	170	171
tlm_multiply_gcd_forward_apply	5646777	5646778	1	0	0	0	0
tlm_multiply_gcd_forward_codec	5646778	5646781	3	0	0	0	0
tlm_multiply_gcd_forward_shift	5646781	5647461	680	168	0	0	4
tlm_multiply_gcd_forward_compare	5647461	5648535	1074	210	0	40	41
tlm_multiply_gcd_forward_body	5648535	5651066	2531	337	0	168	169
tlm_multiply_gcd_forward_apply	5651066	5651067	1	0	0	0	0
tlm_multiply_gcd_forward_codec	5651067	5651233	166	18	0	4	7
tlm_multiply_gcd_forward_shift	5651233	5651907	674	167	0	0	2
tlm_multiply_gcd_forward_compare	5651907	5652978	1071	209	0	40	41
tlm_multiply_gcd_forward_body	5652978	5655494	2516	335	0	167	168
tlm_multiply_gcd_forward_apply	5655494	5655495	1	0	0	0	0
tlm_multiply_gcd_forward_codec	5655495	5655498	3	0	0	0	0
tlm_multiply_gcd_forward_shift	5655498	5656168	670	166	0	0	2
tlm_multiply_gcd_forward_compare	5656168	5657264	1096	210	0	42	43
tlm_multiply_gcd_forward_body	5657264	5659765	2501	333	0	166	167
tlm_multiply_gcd_forward_apply	5659765	5659766	1	0	0	0	0
tlm_multiply_gcd_forward_codec	5659766	5659769	3	0	0	0	0
tlm_multiply_gcd_forward_shift	5659769	5660435	666	165	0	0	2
tlm_multiply_gcd_forward_compare	5660435	5661514	1079	208	0	41	42
tlm_multiply_gcd_forward_body	5661514	5664000	2486	331	0	165	166
tlm_multiply_gcd_forward_apply	5664000	5664001	1	0	0	0	0
tlm_multiply_gcd_forward_codec	5664001	5664167	166	18	0	4	7
tlm_multiply_gcd_forward_shift	5664167	5664829	662	164	0	0	2
tlm_multiply_gcd_forward_compare	5664829	5665905	1076	207	0	41	42
tlm_multiply_gcd_forward_body	5665905	5668376	2471	329	0	164	165
tlm_multiply_gcd_forward_apply	5668376	5668377	1	0	0	0	0
tlm_multiply_gcd_forward_codec	5668377	5668380	3	0	0	0	0
tlm_multiply_gcd_forward_shift	5668380	5669036	656	162	0	0	4
tlm_multiply_gcd_forward_compare	5669036	5670092	1056	204	0	40	41
tlm_multiply_gcd_forward_body	5670092	5672533	2441	325	0	162	163
tlm_multiply_gcd_forward_apply	5672533	5672534	1	0	0	0	0
tlm_multiply_gcd_forward_codec	5672534	5672537	3	0	0	0	0
tlm_multiply_gcd_forward_shift	5672537	5673185	648	160	0	0	4
tlm_multiply_gcd_forward_compare	5673185	5674235	1050	202	0	40	41
tlm_multiply_gcd_forward_body	5674235	5676646	2411	321	0	160	161
tlm_multiply_gcd_forward_apply	5676646	5676647	1	0	0	0	0
tlm_multiply_gcd_forward_codec	5676647	5676813	166	18	0	4	7
tlm_multiply_gcd_forward_shift	5676813	5677457	644	160	0	0	0
tlm_multiply_gcd_forward_compare	5677457	5678521	1064	203	0	41	42
tlm_multiply_gcd_forward_body	5678521	5680932	2411	321	0	160	161
tlm_multiply_gcd_forward_apply	5680932	5680933	1	0	0	0	0
tlm_multiply_gcd_forward_codec	5680933	5680936	3	0	0	0	0
tlm_multiply_gcd_forward_shift	5680936	5681578	642	159	0	0	2
tlm_multiply_gcd_forward_compare	5681578	5682625	1047	201	0	40	41
tlm_multiply_gcd_forward_body	5682625	5685021	2396	319	0	159	160
tlm_multiply_gcd_forward_apply	5685021	5685022	1	0	0	0	0
tlm_multiply_gcd_forward_codec	5685022	5685025	3	0	0	0	0
tlm_multiply_gcd_forward_shift	5685025	5685663	638	158	0	0	2
tlm_multiply_gcd_forward_compare	5685663	5686721	1058	201	0	41	42
tlm_multiply_gcd_forward_body	5686721	5689102	2381	317	0	158	159
tlm_multiply_gcd_forward_apply	5689102	5689103	1	0	0	0	0
tlm_multiply_gcd_forward_codec	5689103	5689269	166	18	0	4	7
tlm_multiply_gcd_forward_shift	5689269	5689901	632	156	0	0	4
tlm_multiply_gcd_forward_compare	5689901	5690939	1038	198	0	40	41
tlm_multiply_gcd_forward_body	5690939	5693290	2351	313	0	156	157
tlm_multiply_gcd_forward_apply	5693290	5693291	1	0	0	0	0
tlm_multiply_gcd_forward_codec	5693291	5693294	3	0	0	0	0
tlm_multiply_gcd_forward_shift	5693294	5693922	628	156	0	0	0
tlm_multiply_gcd_forward_compare	5693922	5694974	1052	199	0	41	42
tlm_multiply_gcd_forward_body	5694974	5697325	2351	313	0	156	157
tlm_multiply_gcd_forward_apply	5697325	5697326	1	0	0	0	0
tlm_multiply_gcd_forward_codec	5697326	5697329	3	0	0	0	0
tlm_multiply_gcd_forward_shift	5697329	5697955	626	155	0	0	2
tlm_multiply_gcd_forward_compare	5697955	5699004	1049	198	0	41	42
tlm_multiply_gcd_forward_body	5699004	5701340	2336	311	0	155	156
tlm_multiply_gcd_forward_apply	5701340	5701341	1	0	0	0	0
tlm_multiply_gcd_forward_codec	5701341	5701507	166	18	0	4	7
tlm_multiply_gcd_forward_shift	5701507	5702127	620	153	0	0	4
tlm_multiply_gcd_forward_compare	5702127	5703156	1029	195	0	40	41
tlm_multiply_gcd_forward_body	5703156	5705462	2306	307	0	153	154
tlm_multiply_gcd_forward_apply	5705462	5705463	1	0	0	0	0
tlm_multiply_gcd_forward_codec	5705463	5705466	3	0	0	0	0
tlm_multiply_gcd_forward_shift	5705466	5706082	616	153	0	0	0
tlm_multiply_gcd_forward_compare	5706082	5707139	1057	197	0	42	43
tlm_multiply_gcd_forward_body	5707139	5709445	2306	307	0	153	154
tlm_multiply_gcd_forward_apply	5709445	5709446	1	0	0	0	0
tlm_multiply_gcd_forward_codec	5709446	5709449	3	0	0	0	0
tlm_multiply_gcd_forward_shift	5709449	5710063	614	152	0	0	2
tlm_multiply_gcd_forward_compare	5710063	5711103	1040	195	0	41	42
tlm_multiply_gcd_forward_body	5711103	5713394	2291	305	0	152	153
tlm_multiply_gcd_forward_apply	5713394	5713395	1	0	0	0	0
tlm_multiply_gcd_forward_codec	5713395	5713561	166	18	0	4	7
tlm_multiply_gcd_forward_shift	5713561	5714171	610	151	0	0	2
tlm_multiply_gcd_forward_compare	5714171	5715222	1051	195	0	42	43
tlm_multiply_gcd_forward_body	5715222	5717498	2276	303	0	151	152
tlm_multiply_gcd_forward_apply	5717498	5717499	1	0	0	0	0
tlm_multiply_gcd_forward_codec	5717499	5717502	3	0	0	0	0
tlm_multiply_gcd_forward_shift	5717502	5718108	606	150	0	0	2
tlm_multiply_gcd_forward_compare	5718108	5719156	1048	194	0	42	43
tlm_multiply_gcd_forward_body	5719156	5721417	2261	301	0	150	151
tlm_multiply_gcd_forward_apply	5721417	5721418	1	0	0	0	0
tlm_multiply_gcd_forward_codec	5721418	5721421	3	0	0	0	0
tlm_multiply_gcd_forward_shift	5721421	5722023	602	149	0	0	2
tlm_multiply_gcd_forward_compare	5722023	5723068	1045	193	0	42	43
tlm_multiply_gcd_forward_body	5723068	5725314	2246	299	0	149	150
tlm_multiply_gcd_forward_apply	5725314	5725315	1	0	0	0	0
tlm_multiply_gcd_forward_codec	5725315	5725481	166	18	0	4	7
tlm_multiply_gcd_forward_shift	5725481	5726079	598	148	0	0	2
tlm_multiply_gcd_forward_compare	5726079	5727121	1042	192	0	42	43
tlm_multiply_gcd_forward_body	5727121	5729352	2231	297	0	148	149
tlm_multiply_gcd_forward_apply	5729352	5729353	1	0	0	0	0
tlm_multiply_gcd_forward_codec	5729353	5729356	3	0	0	0	0
tlm_multiply_gcd_forward_shift	5729356	5729950	594	147	0	0	2
tlm_multiply_gcd_forward_compare	5729950	5730989	1039	191	0	42	43
tlm_multiply_gcd_forward_body	5730989	5733205	2216	295	0	147	148
tlm_multiply_gcd_forward_apply	5733205	5733206	1	0	0	0	0
tlm_multiply_gcd_forward_codec	5733206	5733209	3	0	0	0	0
tlm_multiply_gcd_forward_shift	5733209	5733797	588	145	0	0	4
tlm_multiply_gcd_forward_compare	5733797	5734816	1019	188	0	41	42
tlm_multiply_gcd_forward_body	5734816	5737002	2186	291	0	145	146
tlm_multiply_gcd_forward_apply	5737002	5737003	1	0	0	0	0
tlm_multiply_gcd_forward_codec	5737003	5737169	166	18	0	4	7
tlm_multiply_gcd_forward_shift	5737169	5737751	582	144	0	0	2
tlm_multiply_gcd_forward_compare	5737751	5738767	1016	187	0	41	42
tlm_multiply_gcd_forward_body	5738767	5740938	2171	289	0	144	145
tlm_multiply_gcd_forward_apply	5740938	5740939	1	0	0	0	0
tlm_multiply_gcd_forward_codec	5740939	5740942	3	0	0	0	0
tlm_multiply_gcd_forward_shift	5740942	5741520	578	143	0	0	2
tlm_multiply_gcd_forward_compare	5741520	5742547	1027	187	0	42	43
tlm_multiply_gcd_forward_body	5742547	5744703	2156	287	0	143	144
tlm_multiply_gcd_forward_apply	5744703	5744704	1	0	0	0	0
tlm_multiply_gcd_forward_codec	5744704	5744707	3	0	0	0	0
tlm_multiply_gcd_forward_shift	5744707	5745281	574	142	0	0	2
tlm_multiply_gcd_forward_compare	5745281	5746291	1010	185	0	41	42
tlm_multiply_gcd_forward_body	5746291	5748432	2141	285	0	142	143
tlm_multiply_gcd_forward_apply	5748432	5748433	1	0	0	0	0
tlm_multiply_gcd_forward_codec	5748433	5748599	166	18	0	4	7
tlm_multiply_gcd_forward_shift	5748599	5749169	570	141	0	0	2
tlm_multiply_gcd_forward_compare	5749169	5750190	1021	185	0	42	43
tlm_multiply_gcd_forward_body	5750190	5752316	2126	283	0	141	142
tlm_multiply_gcd_forward_apply	5752316	5752317	1	0	0	0	0
tlm_multiply_gcd_forward_codec	5752317	5752320	3	0	0	0	0
tlm_multiply_gcd_forward_shift	5752320	5752888	568	141	0	0	0
tlm_multiply_gcd_forward_compare	5752888	5753923	1035	186	0	43	44
tlm_multiply_gcd_forward_body	5753923	5756049	2126	283	0	141	142
tlm_multiply_gcd_forward_apply	5756049	5756050	1	0	0	0	0
tlm_multiply_gcd_forward_codec	5756050	5756053	3	0	0	0	0
tlm_multiply_gcd_forward_shift	5756053	5756619	566	140	0	0	2
tlm_multiply_gcd_forward_compare	5756619	5757637	1018	184	0	42	43
tlm_multiply_gcd_forward_body	5757637	5759748	2111	281	0	140	141
tlm_multiply_gcd_forward_apply	5759748	5759749	1	0	0	0	0
tlm_multiply_gcd_forward_codec	5759749	5759915	166	18	0	4	7
tlm_multiply_gcd_forward_shift	5759915	5760477	562	139	0	0	2
tlm_multiply_gcd_forward_compare	5760477	5761492	1015	183	0	42	43
tlm_multiply_gcd_forward_body	5761492	5763588	2096	279	0	139	140
tlm_multiply_gcd_forward_apply	5763588	5763589	1	0	0	0	0
tlm_multiply_gcd_forward_codec	5763589	5763592	3	0	0	0	0
tlm_multiply_gcd_forward_shift	5763592	5764148	556	137	0	0	4
tlm_multiply_gcd_forward_compare	5764148	5765157	1009	181	0	42	43
tlm_multiply_gcd_forward_body	5765157	5767223	2066	275	0	137	138
tlm_multiply_gcd_forward_apply	5767223	5767224	1	0	0	0	0
tlm_multiply_gcd_forward_codec	5767224	5767227	3	0	0	0	0
tlm_multiply_gcd_forward_shift	5767227	5767779	552	137	0	0	0
tlm_multiply_gcd_forward_compare	5767779	5768788	1009	181	0	42	43
tlm_multiply_gcd_forward_body	5768788	5770854	2066	275	0	137	138
tlm_multiply_gcd_forward_apply	5770854	5770855	1	0	0	0	0
tlm_multiply_gcd_forward_codec	5770855	5771021	166	18	0	4	7
tlm_multiply_gcd_forward_shift	5771021	5771571	550	136	0	0	2
tlm_multiply_gcd_forward_compare	5771571	5772577	1006	180	0	42	43
tlm_multiply_gcd_forward_body	5772577	5774628	2051	273	0	136	137
tlm_multiply_gcd_forward_apply	5774628	5774629	1	0	0	0	0
tlm_multiply_gcd_forward_codec	5774629	5774632	3	0	0	0	0
tlm_multiply_gcd_forward_shift	5774632	5775178	546	135	0	0	2
tlm_multiply_gcd_forward_compare	5775178	5776181	1003	179	0	42	43
tlm_multiply_gcd_forward_body	5776181	5778217	2036	271	0	135	136
tlm_multiply_gcd_forward_apply	5778217	5778218	1	0	0	0	0
tlm_multiply_gcd_forward_codec	5778218	5778221	3	0	0	0	0
tlm_multiply_gcd_forward_shift	5778221	5778763	542	134	0	0	2
tlm_multiply_gcd_forward_compare	5778763	5779763	1000	178	0	42	43
tlm_multiply_gcd_forward_body	5779763	5781784	2021	269	0	134	135
tlm_multiply_gcd_forward_apply	5781784	5781785	1	0	0	0	0
tlm_multiply_gcd_forward_codec	5781785	5781951	166	18	0	4	7
tlm_multiply_gcd_forward_shift	5781951	5782489	538	133	0	0	2
tlm_multiply_gcd_forward_compare	5782489	5783500	1011	178	0	43	44
tlm_multiply_gcd_forward_body	5783500	5785506	2006	267	0	133	134
tlm_multiply_gcd_forward_apply	5785506	5785507	1	0	0	0	0
tlm_multiply_gcd_forward_codec	5785507	5785510	3	0	0	0	0
tlm_multiply_gcd_forward_shift	5785510	5786044	534	132	0	0	2
tlm_multiply_gcd_forward_compare	5786044	5787052	1008	177	0	43	44
tlm_multiply_gcd_forward_body	5787052	5789043	1991	265	0	132	133
tlm_multiply_gcd_forward_apply	5789043	5789044	1	0	0	0	0
tlm_multiply_gcd_forward_codec	5789044	5789047	3	0	0	0	0
tlm_multiply_gcd_forward_shift	5789047	5789577	530	131	0	0	2
tlm_multiply_gcd_forward_compare	5789577	5790582	1005	176	0	43	44
tlm_multiply_gcd_forward_body	5790582	5792558	1976	263	0	131	132
tlm_multiply_gcd_forward_apply	5792558	5792559	1	0	0	0	0
tlm_multiply_gcd_forward_codec	5792559	5792725	166	18	0	4	7
tlm_multiply_gcd_forward_shift	5792725	5793251	526	130	0	0	2
tlm_multiply_gcd_forward_compare	5793251	5794253	1002	175	0	43	44
tlm_multiply_gcd_forward_body	5794253	5796214	1961	261	0	130	131
tlm_multiply_gcd_forward_apply	5796214	5796215	1	0	0	0	0
tlm_multiply_gcd_forward_codec	5796215	5796218	3	0	0	0	0
tlm_multiply_gcd_forward_shift	5796218	5796740	522	129	0	0	2
tlm_multiply_gcd_forward_compare	5796740	5797725	985	173	0	42	43
tlm_multiply_gcd_forward_body	5797725	5799671	1946	259	0	129	130
tlm_multiply_gcd_forward_apply	5799671	5799672	1	0	0	0	0
tlm_multiply_gcd_forward_codec	5799672	5799675	3	0	0	0	0
tlm_multiply_gcd_forward_shift	5799675	5800191	516	127	0	0	4
tlm_multiply_gcd_forward_compare	5800191	5801184	993	172	0	43	44
tlm_multiply_gcd_forward_body	5801184	5803100	1916	255	0	127	128
tlm_multiply_gcd_forward_apply	5803100	5803101	1	0	0	0	0
tlm_multiply_gcd_forward_codec	5803101	5803267	166	18	0	4	7
tlm_multiply_gcd_forward_shift	5803267	5803777	510	126	0	0	2
tlm_multiply_gcd_forward_compare	5803777	5804767	990	171	0	43	44
tlm_multiply_gcd_forward_body	5804767	5806668	1901	253	0	126	127
tlm_multiply_gcd_forward_apply	5806668	5806669	1	0	0	0	0
tlm_multiply_gcd_forward_codec	5806669	5806672	3	0	0	0	0
tlm_multiply_gcd_forward_shift	5806672	5807178	506	125	0	0	2
tlm_multiply_gcd_forward_compare	5807178	5808151	973	169	0	42	43
tlm_multiply_gcd_forward_body	5808151	5810037	1886	251	0	125	126
tlm_multiply_gcd_forward_apply	5810037	5810038	1	0	0	0	0
tlm_multiply_gcd_forward_codec	5810038	5810041	3	0	0	0	0
tlm_multiply_gcd_forward_shift	5810041	5810543	502	124	0	0	2
tlm_multiply_gcd_forward_compare	5810543	5811513	970	168	0	42	43
tlm_multiply_gcd_forward_body	5811513	5813384	1871	249	0	124	125
tlm_multiply_gcd_forward_apply	5813384	5813385	1	0	0	0	0
tlm_multiply_gcd_forward_codec	5813385	5813551	166	18	0	4	7
tlm_multiply_gcd_forward_shift	5813551	5814049	498	123	0	0	2
tlm_multiply_gcd_forward_compare	5814049	5815030	981	168	0	43	44
tlm_multiply_gcd_forward_body	5815030	5816886	1856	247	0	123	124
tlm_multiply_gcd_forward_apply	5816886	5816887	1	0	0	0	0
tlm_multiply_gcd_forward_codec	5816887	5816890	3	0	0	0	0
tlm_multiply_gcd_forward_shift	5816890	5817384	494	122	0	0	2
tlm_multiply_gcd_forward_compare	5817384	5818348	964	166	0	42	43
tlm_multiply_gcd_forward_body	5818348	5820189	1841	245	0	122	123
tlm_multiply_gcd_forward_apply	5820189	5820190	1	0	0	0	0
tlm_multiply_gcd_forward_codec	5820190	5820193	3	0	0	0	0
tlm_multiply_gcd_forward_shift	5820193	5820685	492	122	0	0	0
tlm_multiply_gcd_forward_compare	5820685	5821677	992	168	0	44	45
tlm_multiply_gcd_forward_body	5821677	5823518	1841	245	0	122	123
tlm_multiply_gcd_forward_apply	5823518	5823519	1	0	0	0	0
tlm_multiply_gcd_forward_codec	5823519	5823685	166	18	0	4	7
tlm_multiply_gcd_forward_shift	5823685	5824175	490	121	0	0	2
tlm_multiply_gcd_forward_compare	5824175	5825150	975	166	0	43	44
tlm_multiply_gcd_forward_body	5825150	5826976	1826	243	0	121	122
tlm_multiply_gcd_forward_apply	5826976	5826977	1	0	0	0	0
tlm_multiply_gcd_forward_codec	5826977	5826980	3	0	0	0	0
tlm_multiply_gcd_forward_shift	5826980	5827466	486	120	0	0	2
tlm_multiply_gcd_forward_compare	5827466	5828452	986	166	0	44	45
tlm_multiply_gcd_forward_body	5828452	5830263	1811	241	0	120	121
tlm_multiply_gcd_forward_apply	5830263	5830264	1	0	0	0	0
tlm_multiply_gcd_forward_codec	5830264	5830267	3	0	0	0	0
tlm_multiply_gcd_forward_shift	5830267	5830747	480	118	0	0	4
tlm_multiply_gcd_forward_compare	5830747	5831713	966	163	0	43	44
tlm_multiply_gcd_forward_body	5831713	5833494	1781	237	0	118	119
tlm_multiply_gcd_forward_apply	5833494	5833495	1	0	0	0	0
tlm_multiply_gcd_forward_codec	5833495	5833661	166	18	0	4	7
tlm_multiply_gcd_forward_shift	5833661	5834137	476	118	0	0	0
tlm_multiply_gcd_forward_compare	5834137	5835117	980	164	0	44	45
tlm_multiply_gcd_forward_body	5835117	5836898	1781	237	0	118	119
tlm_multiply_gcd_forward_apply	5836898	5836899	1	0	0	0	0
tlm_multiply_gcd_forward_codec	5836899	5836902	3	0	0	0	0
tlm_multiply_gcd_forward_shift	5836902	5837374	472	116	0	0	4
tlm_multiply_gcd_forward_compare	5837374	5838334	960	161	0	43	44
tlm_multiply_gcd_forward_body	5838334	5840085	1751	233	0	116	117
tlm_multiply_gcd_forward_apply	5840085	5840086	1	0	0	0	0
tlm_multiply_gcd_forward_codec	5840086	5840089	3	0	0	0	0
tlm_multiply_gcd_forward_shift	5840089	5840555	466	115	0	0	2
tlm_multiply_gcd_forward_compare	5840555	5841512	957	160	0	43	44
tlm_multiply_gcd_forward_body	5841512	5843248	1736	231	0	115	116
tlm_multiply_gcd_forward_apply	5843248	5843249	1	0	0	0	0
tlm_multiply_gcd_forward_codec	5843249	5843415	166	18	0	4	7
tlm_multiply_gcd_forward_shift	5843415	5843877	462	114	0	0	2
tlm_multiply_gcd_forward_compare	5843877	5844845	968	160	0	44	45
tlm_multiply_gcd_forward_body	5844845	5846566	1721	229	0	114	115
tlm_multiply_gcd_forward_apply	5846566	5846567	1	0	0	0	0
tlm_multiply_gcd_forward_codec	5846567	5846570	3	0	0	0	0
tlm_multiply_gcd_forward_shift	5846570	5847028	458	113	0	0	2
tlm_multiply_gcd_forward_compare	5847028	5847979	951	158	0	43	44
tlm_multiply_gcd_forward_body	5847979	5849685	1706	227	0	113	114
tlm_multiply_gcd_forward_apply	5849685	5849686	1	0	0	0	0
tlm_multiply_gcd_forward_codec	5849686	5849689	3	0	0	0	0
tlm_multiply_gcd_forward_shift	5849689	5850143	454	112	0	0	2
tlm_multiply_gcd_forward_compare	5850143	5851105	962	158	0	44	45
tlm_multiply_gcd_forward_body	5851105	5852796	1691	225	0	112	113
tlm_multiply_gcd_forward_apply	5852796	5852797	1	0	0	0	0
tlm_multiply_gcd_forward_codec	5852797	5852963	166	18	0	4	7
tlm_multiply_gcd_forward_shift	5852963	5853413	450	111	0	0	2
tlm_multiply_gcd_forward_compare	5853413	5854372	959	157	0	44	45
tlm_multiply_gcd_forward_body	5854372	5856048	1676	223	0	111	112
tlm_multiply_gcd_forward_apply	5856048	5856049	1	0	0	0	0
tlm_multiply_gcd_forward_codec	5856049	5856052	3	0	0	0	0
tlm_multiply_gcd_forward_shift	5856052	5856498	446	110	0	0	2
tlm_multiply_gcd_forward_compare	5856498	5857440	942	155	0	43	44
tlm_multiply_gcd_forward_body	5857440	5859101	1661	221	0	110	111
tlm_multiply_gcd_forward_apply	5859101	5859102	1	0	0	0	0
tlm_multiply_gcd_forward_codec	5859102	5859105	3	0	0	0	0
tlm_multiply_gcd_forward_shift	5859105	5859547	442	109	0	0	2
tlm_multiply_gcd_forward_compare	5859547	5860500	953	155	0	44	45
tlm_multiply_gcd_forward_body	5860500	5862146	1646	219	0	109	110
tlm_multiply_gcd_forward_apply	5862146	5862147	1	0	0	0	0
tlm_multiply_gcd_forward_codec	5862147	5862313	166	18	0	4	7
tlm_multiply_gcd_forward_shift	5862313	5862751	438	108	0	0	2
tlm_multiply_gcd_forward_compare	5862751	5863701	950	154	0	44	45
tlm_multiply_gcd_forward_body	5863701	5865332	1631	217	0	108	109
tlm_multiply_gcd_forward_apply	5865332	5865333	1	0	0	0	0
tlm_multiply_gcd_forward_codec	5865333	5865336	3	0	0	0	0
tlm_multiply_gcd_forward_shift	5865336	5865770	434	107	0	0	2
tlm_multiply_gcd_forward_compare	5865770	5866717	947	153	0	44	45
tlm_multiply_gcd_forward_body	5866717	5868333	1616	215	0	107	108
tlm_multiply_gcd_forward_apply	5868333	5868334	1	0	0	0	0
tlm_multiply_gcd_forward_codec	5868334	5868337	3	0	0	0	0
tlm_multiply_gcd_forward_shift	5868337	5868767	430	106	0	0	2
tlm_multiply_gcd_forward_compare	5868767	5869711	944	152	0	44	45
tlm_multiply_gcd_forward_body	5869711	5871312	1601	213	0	106	107
tlm_multiply_gcd_forward_apply	5871312	5871313	1	0	0	0	0
tlm_multiply_gcd_forward_codec	5871313	5871479	166	18	0	4	7
tlm_multiply_gcd_forward_shift	5871479	5871905	426	105	0	0	2
tlm_multiply_gcd_forward_compare	5871905	5872846	941	151	0	44	45
tlm_multiply_gcd_forward_body	5872846	5874432	1586	211	0	105	106
tlm_multiply_gcd_forward_apply	5874432	5874433	1	0	0	0	0
tlm_multiply_gcd_forward_codec	5874433	5874436	3	0	0	0	0
tlm_multiply_gcd_forward_shift	5874436	5874858	422	104	0	0	2
tlm_multiply_gcd_forward_compare	5874858	5875810	952	151	0	45	46
tlm_multiply_gcd_forward_body	5875810	5877381	1571	209	0	104	105
tlm_multiply_gcd_forward_apply	5877381	5877382	1	0	0	0	0
tlm_multiply_gcd_forward_codec	5877382	5877385	3	0	0	0	0
tlm_multiply_gcd_forward_shift	5877385	5877803	418	103	0	0	2
tlm_multiply_gcd_forward_compare	5877803	5878752	949	150	0	45	46
tlm_multiply_gcd_forward_body	5878752	5880308	1556	207	0	103	104
tlm_multiply_gcd_forward_apply	5880308	5880309	1	0	0	0	0
tlm_multiply_gcd_forward_codec	5880309	5880475	166	18	0	4	7
tlm_multiply_gcd_forward_shift	5880475	5880889	414	102	0	0	2
tlm_multiply_gcd_forward_compare	5880889	5881821	932	148	0	44	45
tlm_multiply_gcd_forward_body	5881821	5883362	1541	205	0	102	103
tlm_multiply_gcd_forward_apply	5883362	5883363	1	0	0	0	0
tlm_multiply_gcd_forward_codec	5883363	5883366	3	0	0	0	0
tlm_multiply_gcd_forward_shift	5883366	5883776	410	101	0	0	2
tlm_multiply_gcd_forward_compare	5883776	5884733	957	149	0	46	47
tlm_multiply_gcd_forward_body	5884733	5886259	1526	203	0	101	102
tlm_multiply_gcd_forward_apply	5886259	5886260	1	0	0	0	0
tlm_multiply_gcd_forward_codec	5886260	5886263	3	0	0	0	0
tlm_multiply_gcd_forward_shift	5886263	5886669	406	100	0	0	2
tlm_multiply_gcd_forward_compare	5886669	5887609	940	147	0	45	46
tlm_multiply_gcd_forward_body	5887609	5889120	1511	201	0	100	101
tlm_multiply_gcd_forward_apply	5889120	5889121	1	0	0	0	0
tlm_multiply_gcd_forward_codec	5889121	5889287	166	18	0	4	7
tlm_multiply_gcd_forward_shift	5889287	5889689	402	99	0	0	2
tlm_multiply_gcd_forward_compare	5889689	5890626	937	146	0	45	46
tlm_multiply_gcd_forward_body	5890626	5892122	1496	199	0	99	100
tlm_multiply_gcd_forward_apply	5892122	5892123	1	0	0	0	0
tlm_multiply_gcd_forward_codec	5892123	5892126	3	0	0	0	0
tlm_multiply_gcd_forward_shift	5892126	5892524	398	98	0	0	2
tlm_multiply_gcd_forward_compare	5892524	5893458	934	145	0	45	46
tlm_multiply_gcd_forward_body	5893458	5894939	1481	197	0	98	99
tlm_multiply_gcd_forward_apply	5894939	5894940	1	0	0	0	0
tlm_multiply_gcd_forward_codec	5894940	5894943	3	0	0	0	0
tlm_multiply_gcd_forward_shift	5894943	5895337	394	97	0	0	2
tlm_multiply_gcd_forward_compare	5895337	5896268	931	144	0	45	46
tlm_multiply_gcd_forward_body	5896268	5897734	1466	195	0	97	98
tlm_multiply_gcd_forward_apply	5897734	5897735	1	0	0	0	0
tlm_multiply_gcd_forward_codec	5897735	5897901	166	18	0	4	7
tlm_multiply_gcd_forward_shift	5897901	5898291	390	96	0	0	2
tlm_multiply_gcd_forward_compare	5898291	5899219	928	143	0	45	46
tlm_multiply_gcd_forward_body	5899219	5900670	1451	193	0	96	97
tlm_multiply_gcd_forward_apply	5900670	5900671	1	0	0	0	0
tlm_multiply_gcd_forward_codec	5900671	5900674	3	0	0	0	0
tlm_multiply_gcd_forward_shift	5900674	5901060	386	95	0	0	2
tlm_multiply_gcd_forward_compare	5901060	5901999	939	143	0	46	47
tlm_multiply_gcd_forward_body	5901999	5903435	1436	191	0	95	96
tlm_multiply_gcd_forward_apply	5903435	5903436	1	0	0	0	0
tlm_multiply_gcd_forward_codec	5903436	5903439	3	0	0	0	0
tlm_multiply_gcd_forward_shift	5903439	5903821	382	94	0	0	2
tlm_multiply_gcd_forward_compare	5903821	5904743	922	141	0	45	46
tlm_multiply_gcd_forward_body	5904743	5906164	1421	189	0	94	95
tlm_multiply_gcd_forward_apply	5906164	5906165	1	0	0	0	0
tlm_multiply_gcd_forward_codec	5906165	5906331	166	18	0	4	7
tlm_multiply_gcd_forward_shift	5906331	5906709	378	93	0	0	2
tlm_multiply_gcd_forward_compare	5906709	5907628	919	140	0	45	46
tlm_multiply_gcd_forward_body	5907628	5909034	1406	187	0	93	94
tlm_multiply_gcd_forward_apply	5909034	5909035	1	0	0	0	0
tlm_multiply_gcd_forward_codec	5909035	5909038	3	0	0	0	0
tlm_multiply_gcd_forward_shift	5909038	5909412	374	92	0	0	2
tlm_multiply_gcd_forward_compare	5909412	5910342	930	140	0	46	47
tlm_multiply_gcd_forward_body	5910342	5911733	1391	185	0	92	93
tlm_multiply_gcd_forward_apply	5911733	5911734	1	0	0	0	0
tlm_multiply_gcd_forward_codec	5911734	5911737	3	0	0	0	0
tlm_multiply_gcd_forward_shift	5911737	5912107	370	91	0	0	2
tlm_multiply_gcd_forward_compare	5912107	5913034	927	139	0	46	47
tlm_multiply_gcd_forward_body	5913034	5914410	1376	183	0	91	92
tlm_multiply_gcd_forward_apply	5914410	5914411	1	0	0	0	0
tlm_multiply_gcd_forward_codec	5914411	5914577	166	18	0	4	7
tlm_multiply_gcd_forward_shift	5914577	5914943	366	90	0	0	2
tlm_multiply_gcd_forward_compare	5914943	5915867	924	138	0	46	47
tlm_multiply_gcd_forward_body	5915867	5917228	1361	181	0	90	91
tlm_multiply_gcd_forward_apply	5917228	5917229	1	0	0	0	0
tlm_multiply_gcd_forward_codec	5917229	5917232	3	0	0	0	0
tlm_multiply_gcd_forward_shift	5917232	5917594	362	89	0	0	2
tlm_multiply_gcd_forward_compare	5917594	5918529	935	138	0	47	48
tlm_multiply_gcd_forward_body	5918529	5919875	1346	179	0	89	90
tlm_multiply_gcd_forward_apply	5919875	5919876	1	0	0	0	0
tlm_multiply_gcd_forward_codec	5919876	5919879	3	0	0	0	0
tlm_multiply_gcd_forward_shift	5919879	5920237	358	88	0	0	2
tlm_multiply_gcd_forward_compare	5920237	5921155	918	136	0	46	47
tlm_multiply_gcd_forward_body	5921155	5922486	1331	177	0	88	89
tlm_multiply_gcd_forward_apply	5922486	5922487	1	0	0	0	0
tlm_multiply_gcd_forward_codec	5922487	5922653	166	18	0	4	7
tlm_multiply_gcd_forward_shift	5922653	5923007	354	87	0	0	2
tlm_multiply_gcd_forward_compare	5923007	5923922	915	135	0	46	47
tlm_multiply_gcd_forward_body	5923922	5925238	1316	175	0	87	88
tlm_multiply_gcd_forward_apply	5925238	5925239	1	0	0	0	0
tlm_multiply_gcd_forward_codec	5925239	5925242	3	0	0	0	0
tlm_multiply_gcd_forward_shift	5925242	5925592	350	86	0	0	2
tlm_multiply_gcd_forward_compare	5925592	5926518	926	135	0	47	48
tlm_multiply_gcd_forward_body	5926518	5927819	1301	173	0	86	87
tlm_multiply_gcd_forward_apply	5927819	5927820	1	0	0	0	0
tlm_multiply_gcd_forward_codec	5927820	5927823	3	0	0	0	0
tlm_multiply_gcd_forward_shift	5927823	5928169	346	85	0	0	2
tlm_multiply_gcd_forward_compare	5928169	5929078	909	133	0	46	47
tlm_multiply_gcd_forward_body	5929078	5930364	1286	171	0	85	86
tlm_multiply_gcd_forward_apply	5930364	5930365	1	0	0	0	0
tlm_multiply_gcd_forward_codec	5930365	5930531	166	18	0	4	7
tlm_multiply_gcd_forward_shift	5930531	5930873	342	84	0	0	2
tlm_multiply_gcd_forward_compare	5930873	5931779	906	132	0	46	47
tlm_multiply_gcd_forward_body	5931779	5933050	1271	169	0	84	85
tlm_multiply_gcd_forward_apply	5933050	5933051	1	0	0	0	0
tlm_multiply_gcd_forward_codec	5933051	5933054	3	0	0	0	0
tlm_multiply_gcd_forward_shift	5933054	5933392	338	83	0	0	2
tlm_multiply_gcd_forward_compare	5933392	5934309	917	132	0	47	48
tlm_multiply_gcd_forward_body	5934309	5935565	1256	167	0	83	84
tlm_multiply_gcd_forward_apply	5935565	5935566	1	0	0	0	0
tlm_multiply_gcd_forward_codec	5935566	5935569	3	0	0	0	0
tlm_multiply_gcd_forward_shift	5935569	5935903	334	82	0	0	2
tlm_multiply_gcd_forward_compare	5935903	5936817	914	131	0	47	48
tlm_multiply_gcd_forward_body	5936817	5938058	1241	165	0	82	83
tlm_multiply_gcd_forward_apply	5938058	5938059	1	0	0	0	0
tlm_multiply_gcd_forward_codec	5938059	5938225	166	18	0	4	7
tlm_multiply_gcd_forward_shift	5938225	5938555	330	81	0	0	2
tlm_multiply_gcd_forward_compare	5938555	5939466	911	130	0	47	48
tlm_multiply_gcd_forward_body	5939466	5940692	1226	163	0	81	82
tlm_multiply_gcd_forward_apply	5940692	5940693	1	0	0	0	0
tlm_multiply_gcd_forward_codec	5940693	5940696	3	0	0	0	0
tlm_multiply_gcd_forward_shift	5940696	5941022	326	80	0	0	2
tlm_multiply_gcd_forward_compare	5941022	5941930	908	129	0	47	48
tlm_multiply_gcd_forward_body	5941930	5943141	1211	161	0	80	81
tlm_multiply_gcd_forward_apply	5943141	5943142	1	0	0	0	0
tlm_multiply_gcd_forward_codec	5943142	5943145	3	0	0	0	0
tlm_multiply_gcd_forward_shift	5943145	5943467	322	79	0	0	2
tlm_multiply_gcd_forward_compare	5943467	5944372	905	128	0	47	48
tlm_multiply_gcd_forward_body	5944372	5945568	1196	159	0	79	80
tlm_multiply_gcd_forward_apply	5945568	5945569	1	0	0	0	0
tlm_multiply_gcd_forward_codec	5945569	5945735	166	18	0	4	7
tlm_multiply_gcd_forward_shift	5945735	5946053	318	78	0	0	2
tlm_multiply_gcd_forward_compare	5946053	5946955	902	127	0	47	48
tlm_multiply_gcd_forward_body	5946955	5948136	1181	157	0	78	79
tlm_multiply_gcd_forward_apply	5948136	5948137	1	0	0	0	0
tlm_multiply_gcd_forward_codec	5948137	5948140	3	0	0	0	0
tlm_multiply_gcd_forward_shift	5948140	5948454	314	77	0	0	2
tlm_multiply_gcd_forward_compare	5948454	5949353	899	126	0	47	48
tlm_multiply_gcd_forward_body	5949353	5950519	1166	155	0	77	78
tlm_multiply_gcd_forward_apply	5950519	5950520	1	0	0	0	0
tlm_multiply_gcd_forward_codec	5950520	5950523	3	0	0	0	0
tlm_multiply_gcd_forward_shift	5950523	5950833	310	76	0	0	2
tlm_multiply_gcd_forward_compare	5950833	5951743	910	126	0	48	49
tlm_multiply_gcd_forward_body	5951743	5952894	1151	153	0	76	77
tlm_multiply_gcd_forward_apply	5952894	5952895	1	0	0	0	0
tlm_multiply_gcd_forward_codec	5952895	5953061	166	18	0	4	7
tlm_multiply_gcd_forward_shift	5953061	5953367	306	75	0	0	2
tlm_multiply_gcd_forward_compare	5953367	5954288	921	126	0	49	50
tlm_multiply_gcd_forward_body	5954288	5955424	1136	151	0	75	76
tlm_multiply_gcd_forward_apply	5955424	5955425	1	0	0	0	0
tlm_multiply_gcd_forward_codec	5955425	5955428	3	0	0	0	0
tlm_multiply_gcd_forward_shift	5955428	5955730	302	74	0	0	2
tlm_multiply_gcd_forward_compare	5955730	5956634	904	124	0	48	49
tlm_multiply_gcd_forward_body	5956634	5957755	1121	149	0	74	75
tlm_multiply_gcd_forward_apply	5957755	5957756	1	0	0	0	0
tlm_multiply_gcd_forward_codec	5957756	5957759	3	0	0	0	0
tlm_multiply_gcd_forward_shift	5957759	5958057	298	73	0	0	2
tlm_multiply_gcd_forward_compare	5958057	5958958	901	123	0	48	49
tlm_multiply_gcd_forward_body	5958958	5960064	1106	147	0	73	74
tlm_multiply_gcd_forward_apply	5960064	5960065	1	0	0	0	0
tlm_multiply_gcd_forward_codec	5960065	5960231	166	18	0	4	7
tlm_multiply_gcd_forward_shift	5960231	5960525	294	72	0	0	2
tlm_multiply_gcd_forward_compare	5960525	5961423	898	122	0	48	49
tlm_multiply_gcd_forward_body	5961423	5962514	1091	145	0	72	73
tlm_multiply_gcd_forward_apply	5962514	5962515	1	0	0	0	0
tlm_multiply_gcd_forward_codec	5962515	5962518	3	0	0	0	0
tlm_multiply_gcd_forward_shift	5962518	5962808	290	71	0	0	2
tlm_multiply_gcd_forward_compare	5962808	5963703	895	121	0	48	49
tlm_multiply_gcd_forward_body	5963703	5964779	1076	143	0	71	72
tlm_multiply_gcd_forward_apply	5964779	5964780	1	0	0	0	0
tlm_multiply_gcd_forward_codec	5964780	5964783	3	0	0	0	0
tlm_multiply_gcd_forward_shift	5964783	5965069	286	70	0	0	2
tlm_multiply_gcd_forward_compare	5965069	5965961	892	120	0	48	49
tlm_multiply_gcd_forward_body	5965961	5967022	1061	141	0	70	71
tlm_multiply_gcd_forward_apply	5967022	5967023	1	0	0	0	0
tlm_multiply_gcd_forward_codec	5967023	5967189	166	18	0	4	7
tlm_multiply_gcd_forward_shift	5967189	5967471	282	69	0	0	2
tlm_multiply_gcd_forward_compare	5967471	5968360	889	119	0	48	49
tlm_multiply_gcd_forward_body	5968360	5969406	1046	139	0	69	70
tlm_multiply_gcd_forward_apply	5969406	5969407	1	0	0	0	0
tlm_multiply_gcd_forward_codec	5969407	5969410	3	0	0	0	0
tlm_multiply_gcd_forward_shift	5969410	5969688	278	68	0	0	2
tlm_multiply_gcd_forward_compare	5969688	5970588	900	119	0	49	50
tlm_multiply_gcd_forward_body	5970588	5971619	1031	137	0	68	69
tlm_multiply_gcd_forward_apply	5971619	5971620	1	0	0	0	0
tlm_multiply_gcd_forward_codec	5971620	5971623	3	0	0	0	0
tlm_multiply_gcd_forward_shift	5971623	5971897	274	67	0	0	2
tlm_multiply_gcd_forward_compare	5971897	5972780	883	117	0	48	49
tlm_multiply_gcd_forward_body	5972780	5973796	1016	135	0	67	68
tlm_multiply_gcd_forward_apply	5973796	5973797	1	0	0	0	0
tlm_multiply_gcd_forward_codec	5973797	5973963	166	18	0	4	7
tlm_multiply_gcd_forward_shift	5973963	5974233	270	66	0	0	2
tlm_multiply_gcd_forward_compare	5974233	5975113	880	116	0	48	49
tlm_multiply_gcd_forward_body	5975113	5976114	1001	133	0	66	67
tlm_multiply_gcd_forward_apply	5976114	5976115	1	0	0	0	0
tlm_multiply_gcd_forward_codec	5976115	5976118	3	0	0	0	0
tlm_multiply_gcd_forward_shift	5976118	5976384	266	65	0	0	2
tlm_multiply_gcd_forward_compare	5976384	5977261	877	115	0	48	49
tlm_multiply_gcd_forward_body	5977261	5978247	986	131	0	65	66
tlm_multiply_gcd_forward_apply	5978247	5978248	1	0	0	0	0
tlm_multiply_gcd_forward_codec	5978248	5978251	3	0	0	0	0
tlm_multiply_gcd_forward_shift	5978251	5978513	262	64	0	0	2
tlm_multiply_gcd_forward_compare	5978513	5979415	902	116	0	50	51
tlm_multiply_gcd_forward_body	5979415	5980386	971	129	0	64	65
tlm_multiply_gcd_forward_apply	5980386	5980387	1	0	0	0	0
tlm_multiply_gcd_forward_codec	5980387	5980553	166	18	0	4	7
tlm_multiply_gcd_forward_shift	5980553	5980811	258	63	0	0	2
tlm_multiply_gcd_forward_compare	5980811	5981696	885	114	0	49	50
tlm_multiply_gcd_forward_body	5981696	5982652	956	127	0	63	64
tlm_multiply_gcd_forward_apply	5982652	5982653	1	0	0	0	0
tlm_multiply_gcd_forward_codec	5982653	5982656	3	0	0	0	0
tlm_multiply_gcd_forward_shift	5982656	5982910	254	62	0	0	2
tlm_multiply_gcd_forward_compare	5982910	5983820	910	115	0	51	52
tlm_multiply_gcd_forward_body	5983820	5984761	941	125	0	62	63
tlm_multiply_gcd_forward_apply	5984761	5984762	1	0	0	0	0
tlm_multiply_gcd_forward_codec	5984762	5984765	3	0	0	0	0
tlm_multiply_gcd_forward_shift	5984765	5985015	250	61	0	0	2
tlm_multiply_gcd_forward_compare	5985015	5985922	907	114	0	51	52
tlm_multiply_gcd_forward_body	5985922	5986848	926	123	0	61	62
tlm_multiply_gcd_forward_apply	5986848	5986849	1	0	0	0	0
tlm_multiply_gcd_forward_codec	5986849	5987015	166	18	0	4	7
tlm_multiply_gcd_forward_shift	5987015	5987261	246	60	0	0	2
tlm_multiply_gcd_forward_compare	5987261	5988151	890	112	0	50	51
tlm_multiply_gcd_forward_body	5988151	5989062	911	121	0	60	61
tlm_multiply_gcd_forward_apply	5989062	5989063	1	0	0	0	0
tlm_multiply_gcd_forward_codec	5989063	5989066	3	0	0	0	0
tlm_multiply_gcd_forward_shift	5989066	5989308	242	59	0	0	2
tlm_multiply_gcd_forward_compare	5989308	5990223	915	113	0	52	53
tlm_multiply_gcd_forward_body	5990223	5991119	896	119	0	59	60
tlm_multiply_gcd_forward_apply	5991119	5991120	1	0	0	0	0
tlm_multiply_gcd_forward_codec	5991120	5991123	3	0	0	0	0
tlm_multiply_gcd_forward_shift	5991123	5991361	238	58	0	0	2
tlm_multiply_gcd_forward_compare	5991361	5992259	898	111	0	51	52
tlm_multiply_gcd_forward_body	5992259	5993140	881	117	0	58	59
tlm_multiply_gcd_forward_apply	5993140	5993141	1	0	0	0	0
tlm_multiply_gcd_forward_codec	5993141	5993307	166	18	0	4	7
tlm_multiply_gcd_forward_shift	5993307	5993541	234	57	0	0	2
tlm_multiply_gcd_forward_compare	5993541	5994450	909	111	0	52	53
tlm_multiply_gcd_forward_body	5994450	5995316	866	115	0	57	58
tlm_multiply_gcd_forward_apply	5995316	5995317	1	0	0	0	0
tlm_multiply_gcd_forward_codec	5995317	5995320	3	0	0	0	0
tlm_multiply_gcd_forward_shift	5995320	5995550	230	56	0	0	2
tlm_multiply_gcd_forward_compare	5995550	5996456	906	110	0	52	53
tlm_multiply_gcd_forward_body	5996456	5997307	851	113	0	56	57
tlm_multiply_gcd_forward_apply	5997307	5997308	1	0	0	0	0
tlm_multiply_gcd_forward_codec	5997308	5997311	3	0	0	0	0
tlm_multiply_gcd_forward_shift	5997311	5997537	226	55	0	0	2
tlm_multiply_gcd_forward_compare	5997537	5998440	903	109	0	52	53
tlm_multiply_gcd_forward_body	5998440	5999276	836	111	0	55	56
tlm_multiply_gcd_forward_apply	5999276	5999277	1	0	0	0	0
tlm_multiply_gcd_forward_codec	5999277	5999443	166	18	0	4	7
tlm_multiply_gcd_forward_shift	5999443	5999665	222	54	0	0	2
tlm_multiply_gcd_forward_compare	5999665	6000565	900	108	0	52	53
tlm_multiply_gcd_forward_body	6000565	6001386	821	109	0	54	55
tlm_multiply_gcd_forward_apply	6001386	6001387	1	0	0	0	0
tlm_multiply_gcd_forward_codec	6001387	6001390	3	0	0	0	0
tlm_multiply_gcd_forward_shift	6001390	6001608	218	53	0	0	2
tlm_multiply_gcd_forward_compare	6001608	6002505	897	107	0	52	53
tlm_multiply_gcd_forward_body	6002505	6003311	806	107	0	53	54
tlm_multiply_gcd_forward_apply	6003311	6003312	1	0	0	0	0
tlm_multiply_gcd_forward_codec	6003312	6003315	3	0	0	0	0
tlm_multiply_gcd_forward_shift	6003315	6003529	214	52	0	0	2
tlm_multiply_gcd_forward_compare	6003529	6004423	894	106	0	52	53
tlm_multiply_gcd_forward_body	6004423	6005214	791	105	0	52	53
tlm_multiply_gcd_forward_apply	6005214	6005215	1	0	0	0	0
tlm_multiply_gcd_forward_codec	6005215	6005381	166	18	0	4	7
tlm_multiply_gcd_forward_shift	6005381	6005591	210	51	0	0	2
tlm_multiply_gcd_forward_compare	6005591	6006468	877	104	0	51	52
tlm_multiply_gcd_forward_body	6006468	6007244	776	103	0	51	52
tlm_multiply_gcd_forward_apply	6007244	6007245	1	0	0	0	0
tlm_multiply_gcd_forward_codec	6007245	6007248	3	0	0	0	0
tlm_multiply_gcd_forward_shift	6007248	6007454	206	50	0	0	2
tlm_multiply_gcd_forward_compare	6007454	6008314	860	102	0	50	51
tlm_multiply_gcd_forward_body	6008314	6009075	761	101	0	50	51
tlm_multiply_gcd_forward_apply	6009075	6009076	1	0	0	0	0
tlm_multiply_gcd_forward_codec	6009076	6009079	3	0	0	0	0
tlm_multiply_gcd_forward_shift	6009079	6009281	202	49	0	0	2
tlm_multiply_gcd_forward_compare	6009281	6010124	843	100	0	49	50
tlm_multiply_gcd_forward_body	6010124	6010870	746	99	0	49	50
tlm_multiply_gcd_forward_apply	6010870	6010871	1	0	0	0	0
tlm_multiply_gcd_forward_codec	6010871	6011037	166	18	0	4	7
tlm_multiply_gcd_forward_shift	6011037	6011235	198	48	0	0	2
tlm_multiply_gcd_forward_compare	6011235	6012061	826	98	0	48	49
tlm_multiply_gcd_forward_body	6012061	6012792	731	97	0	48	49
tlm_multiply_gcd_forward_apply	6012792	6012793	1	0	0	0	0
tlm_multiply_gcd_forward_codec	6012793	6012796	3	0	0	0	0
tlm_multiply_gcd_forward_shift	6012796	6012990	194	47	0	0	2
tlm_multiply_gcd_forward_compare	6012990	6013799	809	96	0	47	48
tlm_multiply_gcd_forward_body	6013799	6014515	716	95	0	47	48
tlm_multiply_gcd_forward_apply	6014515	6014516	1	0	0	0	0
tlm_multiply_gcd_forward_codec	6014516	6014519	3	0	0	0	0
tlm_multiply_gcd_forward_shift	6014519	6014709	190	46	0	0	2
tlm_multiply_gcd_forward_compare	6014709	6015501	792	94	0	46	47
tlm_multiply_gcd_forward_body	6015501	6016202	701	93	0	46	47
tlm_multiply_gcd_forward_apply	6016202	6016203	1	0	0	0	0
tlm_multiply_gcd_forward_codec	6016203	6016369	166	18	0	4	7
tlm_multiply_gcd_forward_shift	6016369	6016555	186	45	0	0	2
tlm_multiply_gcd_forward_compare	6016555	6017330	775	92	0	45	46
tlm_multiply_gcd_forward_body	6017330	6018016	686	91	0	45	46
tlm_multiply_gcd_forward_apply	6018016	6018017	1	0	0	0	0
tlm_multiply_gcd_forward_codec	6018017	6018020	3	0	0	0	0
tlm_multiply_gcd_forward_shift	6018020	6018202	182	44	0	0	2
tlm_multiply_gcd_forward_compare	6018202	6018960	758	90	0	44	45
tlm_multiply_gcd_forward_body	6018960	6019631	671	89	0	44	45
tlm_multiply_gcd_forward_apply	6019631	6019632	1	0	0	0	0
tlm_multiply_gcd_forward_codec	6019632	6019635	3	0	0	0	0
tlm_multiply_gcd_forward_shift	6019635	6019813	178	43	0	0	2
tlm_multiply_gcd_forward_compare	6019813	6020568	755	89	0	44	45
tlm_multiply_gcd_forward_body	6020568	6021224	656	87	0	43	44
tlm_multiply_gcd_forward_apply	6021224	6021225	1	0	0	0	0
tlm_multiply_gcd_forward_codec	6021225	6021391	166	18	0	4	7
tlm_multiply_gcd_forward_shift	6021391	6021565	174	42	0	0	2
tlm_multiply_gcd_forward_compare	6021565	6022303	738	87	0	43	44
tlm_multiply_gcd_forward_body	6022303	6022944	641	85	0	42	43
tlm_multiply_gcd_forward_apply	6022944	6022945	1	0	0	0	0
tlm_multiply_gcd_forward_codec	6022945	6022948	3	0	0	0	0
tlm_multiply_gcd_forward_shift	6022948	6023118	170	41	0	0	2
tlm_multiply_gcd_forward_compare	6023118	6023839	721	85	0	42	43
tlm_multiply_gcd_forward_body	6023839	6024465	626	83	0	41	42
tlm_multiply_gcd_forward_apply	6024465	6024466	1	0	0	0	0
tlm_multiply_gcd_forward_codec	6024466	6024469	3	0	0	0	0
tlm_multiply_gcd_forward_shift	6024469	6024635	166	40	0	0	2
tlm_multiply_gcd_forward_compare	6024635	6025339	704	83	0	41	42
tlm_multiply_gcd_forward_body	6025339	6025950	611	81	0	40	41
tlm_multiply_gcd_forward_apply	6025950	6025951	1	0	0	0	0
tlm_multiply_gcd_forward_codec	6025951	6026117	166	18	0	4	7
tlm_multiply_gcd_forward_shift	6026117	6026279	162	39	0	0	2
tlm_multiply_gcd_forward_compare	6026279	6026966	687	81	0	40	41
tlm_multiply_gcd_forward_body	6026966	6027562	596	79	0	39	40
tlm_multiply_gcd_forward_apply	6027562	6027563	1	0	0	0	0
tlm_multiply_gcd_forward_codec	6027563	6027566	3	0	0	0	0
tlm_multiply_gcd_forward_shift	6027566	6027724	158	38	0	0	2
tlm_multiply_gcd_forward_compare	6027724	6028394	670	79	0	39	40
tlm_multiply_gcd_forward_body	6028394	6028975	581	77	0	38	39
tlm_multiply_gcd_forward_apply	6028975	6028976	1	0	0	0	0
tlm_multiply_gcd_forward_codec	6028976	6028979	3	0	0	0	0
tlm_multiply_gcd_forward_shift	6028979	6029133	154	37	0	0	2
tlm_multiply_gcd_forward_compare	6029133	6029786	653	77	0	38	39
tlm_multiply_gcd_forward_body	6029786	6030352	566	75	0	37	38
tlm_multiply_gcd_forward_apply	6030352	6030353	1	0	0	0	0
tlm_multiply_gcd_forward_codec	6030353	6030519	166	18	0	4	7
tlm_multiply_gcd_forward_shift	6030519	6030669	150	36	0	0	2
tlm_multiply_gcd_forward_compare	6030669	6031305	636	75	0	37	38
tlm_multiply_gcd_forward_body	6031305	6031856	551	73	0	36	37
tlm_multiply_gcd_forward_apply	6031856	6031857	1	0	0	0	0
tlm_multiply_gcd_forward_codec	6031857	6031860	3	0	0	0	0
tlm_multiply_gcd_forward_shift	6031860	6032006	146	35	0	0	2
tlm_multiply_gcd_forward_compare	6032006	6032625	619	73	0	36	37
tlm_multiply_gcd_forward_body	6032625	6033161	536	71	0	35	36
tlm_multiply_gcd_forward_apply	6033161	6033162	1	0	0	0	0
tlm_multiply_gcd_forward_codec	6033162	6033165	3	0	0	0	0
tlm_multiply_gcd_forward_shift	6033165	6033307	142	34	0	0	2
tlm_multiply_gcd_forward_compare	6033307	6033909	602	71	0	35	36
tlm_multiply_gcd_forward_body	6033909	6034430	521	69	0	34	35
tlm_multiply_gcd_forward_apply	6034430	6034431	1	0	0	0	0
tlm_multiply_gcd_forward_codec	6034431	6034597	166	18	0	4	7
tlm_multiply_gcd_forward_shift	6034597	6034735	138	33	0	0	2
tlm_multiply_gcd_forward_compare	6034735	6035320	585	69	0	34	35
tlm_multiply_gcd_forward_body	6035320	6035826	506	67	0	33	34
tlm_multiply_gcd_forward_apply	6035826	6035827	1	0	0	0	0
tlm_multiply_gcd_forward_codec	6035827	6035830	3	0	0	0	0
tlm_multiply_gcd_forward_shift	6035830	6035964	134	32	0	0	2
tlm_multiply_gcd_forward_compare	6035964	6036532	568	67	0	33	34
tlm_multiply_gcd_forward_body	6036532	6037023	491	65	0	32	33
tlm_multiply_gcd_forward_apply	6037023	6037024	1	0	0	0	0
tlm_multiply_gcd_forward_codec	6037024	6037027	3	0	0	0	0
tlm_multiply_gcd_forward_shift	6037027	6037157	130	31	0	0	2
tlm_multiply_gcd_forward_compare	6037157	6037708	551	65	0	32	33
tlm_multiply_gcd_forward_body	6037708	6038184	476	63	0	31	32
tlm_multiply_gcd_forward_apply	6038184	6038185	1	0	0	0	0
tlm_multiply_gcd_forward_codec	6038185	6038351	166	18	0	4	7
tlm_multiply_gcd_forward_shift	6038351	6038477	126	30	0	0	2
tlm_multiply_gcd_forward_compare	6038477	6039011	534	63	0	31	32
tlm_multiply_gcd_forward_body	6039011	6039472	461	61	0	30	31
tlm_multiply_gcd_forward_apply	6039472	6039473	1	0	0	0	0
tlm_multiply_gcd_forward_codec	6039473	6039476	3	0	0	0	0
tlm_multiply_gcd_forward_shift	6039476	6039598	122	29	0	0	2
tlm_multiply_gcd_forward_compare	6039598	6040115	517	61	0	30	31
tlm_multiply_gcd_forward_body	6040115	6040561	446	59	0	29	30
tlm_multiply_gcd_forward_apply	6040561	6040562	1	0	0	0	0
tlm_multiply_gcd_forward_codec	6040562	6040565	3	0	0	0	0
tlm_multiply_gcd_forward_shift	6040565	6040683	118	28	0	0	2
tlm_multiply_gcd_forward_compare	6040683	6041183	500	59	0	29	30
tlm_multiply_gcd_forward_body	6041183	6041614	431	57	0	28	29
tlm_multiply_gcd_forward_apply	6041614	6041615	1	0	0	0	0
tlm_multiply_gcd_forward_codec	6041615	6041781	166	18	0	4	7
tlm_multiply_gcd_forward_shift	6041781	6041895	114	27	0	0	2
tlm_multiply_gcd_forward_compare	6041895	6042378	483	57	0	28	29
tlm_multiply_gcd_forward_body	6042378	6042794	416	55	0	27	28
tlm_multiply_gcd_forward_apply	6042794	6042795	1	0	0	0	0
tlm_multiply_gcd_forward_codec	6042795	6042798	3	0	0	0	0
tlm_multiply_gcd_forward_shift	6042798	6042908	110	26	0	0	2
tlm_multiply_gcd_forward_compare	6042908	6043374	466	55	0	27	28
tlm_multiply_gcd_forward_body	6043374	6043775	401	53	0	26	27
tlm_multiply_gcd_forward_apply	6043775	6043776	1	0	0	0	0
tlm_multiply_gcd_forward_codec	6043776	6043779	3	0	0	0	0
tlm_multiply_gcd_forward_shift	6043779	6043885	106	25	0	0	2
tlm_multiply_gcd_forward_compare	6043885	6044334	449	53	0	26	27
tlm_multiply_gcd_forward_body	6044334	6044720	386	51	0	25	26
tlm_multiply_gcd_forward_apply	6044720	6044721	1	0	0	0	0
tlm_multiply_gcd_forward_codec	6044721	6044887	166	18	0	4	7
tlm_multiply_gcd_forward_shift	6044887	6044985	98	22	0	0	6
tlm_multiply_gcd_forward_compare	6044985	6045397	412	48	0	24	25
tlm_multiply_gcd_forward_body	6045397	6045738	341	45	0	22	23
tlm_multiply_gcd_forward_apply	6045738	6045739	1	0	0	0	0
tlm_multiply_gcd_forward_codec	6045739	6045742	3	0	0	0	0
tlm_multiply_gcd_forward_shift	6045742	6045832	90	21	0	0	2
tlm_multiply_gcd_forward_compare	6045832	6046227	395	46	0	23	24
tlm_multiply_gcd_forward_body	6046227	6046553	326	43	0	21	22
tlm_multiply_gcd_forward_apply	6046553	6046554	1	0	0	0	0
tlm_multiply_gcd_forward_codec	6046554	6046557	3	0	0	0	0
tlm_multiply_gcd_forward_shift	6046557	6046643	86	20	0	0	2
tlm_multiply_gcd_forward_compare	6046643	6047021	378	44	0	22	23
tlm_multiply_gcd_forward_body	6047021	6047332	311	41	0	20	21
tlm_multiply_gcd_forward_apply	6047332	6047333	1	0	0	0	0
tlm_multiply_gcd_forward_codec	6047333	6047499	166	18	0	4	7
tlm_multiply_gcd_forward_shift	6047499	6047581	82	19	0	0	2
tlm_multiply_gcd_forward_compare	6047581	6047942	361	42	0	21	22
tlm_multiply_gcd_forward_body	6047942	6048238	296	39	0	19	20
tlm_multiply_gcd_forward_apply	6048238	6048239	1	0	0	0	0
tlm_multiply_gcd_forward_codec	6048239	6048242	3	0	0	0	0
tlm_multiply_gcd_forward_shift	6048242	6048320	78	18	0	0	2
tlm_multiply_gcd_forward_compare	6048320	6048664	344	40	0	20	21
tlm_multiply_gcd_forward_body	6048664	6048945	281	37	0	18	19
tlm_multiply_gcd_forward_apply	6048945	6048946	1	0	0	0	0
tlm_multiply_gcd_forward_codec	6048946	6048949	3	0	0	0	0
tlm_multiply_gcd_forward_shift	6048949	6049023	74	17	0	0	2
tlm_multiply_gcd_forward_compare	6049023	6049350	327	38	0	19	20
tlm_multiply_gcd_forward_body	6049350	6049616	266	35	0	17	18
tlm_multiply_gcd_forward_apply	6049616	6049617	1	0	0	0	0
tlm_multiply_gcd_forward_codec	6049617	6049783	166	18	0	4	7
tlm_multiply_gcd_forward_shift	6049783	6049855	72	17	0	0	0
tlm_multiply_gcd_forward_compare	6049855	6050182	327	38	0	19	20
tlm_multiply_gcd_forward_body	6050182	6050448	266	35	0	17	18
tlm_multiply_gcd_forward_apply	6050448	6050449	1	0	0	0	0
tlm_multiply_gcd_forward_codec	6050449	6050452	3	0	0	0	0
tlm_multiply_gcd_forward_shift	6050452	6050522	70	16	0	0	2
tlm_multiply_gcd_forward_compare	6050522	6050832	310	36	0	18	19
tlm_multiply_gcd_forward_body	6050832	6051083	251	33	0	16	17
tlm_multiply_gcd_forward_apply	6051083	6051084	1	0	0	0	0
tlm_multiply_gcd_forward_codec	6051084	6051087	3	0	0	0	0
tlm_multiply_gcd_forward_shift	6051087	6051155	68	16	0	0	0
tlm_multiply_gcd_forward_compare	6051155	6051465	310	36	0	18	19
tlm_multiply_gcd_forward_body	6051465	6051716	251	33	0	16	17
tlm_multiply_gcd_forward_apply	6051716	6051717	1	0	0	0	0
tlm_multiply_gcd_forward_codec	6051717	6051883	166	18	0	4	7
tlm_multiply_gcd_forward_shift	6051883	6051949	66	15	0	0	2
tlm_multiply_gcd_forward_compare	6051949	6052242	293	34	0	17	18
tlm_multiply_gcd_forward_body	6052242	6052478	236	31	0	15	16
tlm_multiply_gcd_forward_apply	6052478	6052479	1	0	0	0	0
tlm_multiply_gcd_forward_codec	6052479	6052482	3	0	0	0	0
tlm_multiply_gcd_forward_shift	6052482	6052544	62	14	0	0	2
tlm_multiply_gcd_forward_compare	6052544	6052820	276	32	0	16	17
tlm_multiply_gcd_forward_body	6052820	6053041	221	29	0	14	15
tlm_multiply_gcd_forward_apply	6053041	6053042	1	0	0	0	0
tlm_multiply_gcd_forward_codec	6053042	6053045	3	0	0	0	0
tlm_multiply_gcd_forward_shift	6053045	6053103	58	13	0	0	2
tlm_multiply_gcd_forward_compare	6053103	6053362	259	30	0	15	16
tlm_multiply_gcd_forward_body	6053362	6053568	206	27	0	13	14
tlm_multiply_gcd_forward_apply	6053568	6053569	1	0	0	0	0
tlm_multiply_gcd_forward_codec	6053569	6053735	166	18	0	4	7
tlm_multiply_gcd_forward_shift	6053735	6053791	56	13	0	0	0
tlm_multiply_gcd_forward_compare	6053791	6054050	259	30	0	15	16
tlm_multiply_gcd_forward_body	6054050	6054256	206	27	0	13	14
tlm_multiply_gcd_forward_apply	6054256	6054257	1	0	0	0	0
tlm_multiply_gcd_forward_codec	6054257	6054260	3	0	0	0	0
tlm_multiply_gcd_forward_shift	6054260	6054314	54	12	0	0	2
tlm_multiply_gcd_forward_compare	6054314	6054556	242	28	0	14	15
tlm_multiply_gcd_forward_body	6054556	6054747	191	25	0	12	13
tlm_multiply_gcd_forward_apply	6054747	6054748	1	0	0	0	0
tlm_multiply_gcd_forward_codec	6054748	6054751	3	0	0	0	0
tlm_multiply_gcd_forward_shift	6054751	6054803	52	12	0	0	0
tlm_multiply_gcd_forward_compare	6054803	6055045	242	28	0	14	15
tlm_multiply_gcd_forward_body	6055045	6055236	191	25	0	12	13
tlm_multiply_gcd_forward_apply	6055236	6055237	1	0	0	0	0
tlm_multiply_gcd_forward_codec	6055237	6055403	166	18	0	4	7
tlm_multiply_gcd_forward_shift	6055403	6055455	52	12	0	0	0
tlm_multiply_gcd_forward_compare	6055455	6055697	242	28	0	14	15
tlm_multiply_gcd_forward_body	6055697	6055888	191	25	0	12	13
tlm_multiply_gcd_forward_apply	6055888	6055889	1	0	0	0	0
tlm_multiply_gcd_forward_codec	6055889	6055892	3	0	0	0	0
tlm_multiply_gcd_forward_shift	6055892	6055940	48	10	0	0	4
tlm_multiply_gcd_forward_compare	6055940	6056148	208	24	0	12	13
tlm_multiply_gcd_forward_body	6056148	6056309	161	21	0	10	11
tlm_multiply_gcd_forward_apply	6056309	6056310	1	0	0	0	0
tlm_multiply_gcd_forward_codec	6056310	6056313	3	0	0	0	0
tlm_multiply_gcd_forward_shift	6056313	6056357	44	10	0	0	0
tlm_multiply_gcd_forward_compare	6056357	6056565	208	24	0	12	13
tlm_multiply_gcd_forward_body	6056565	6056726	161	21	0	10	11
tlm_multiply_gcd_forward_apply	6056726	6056727	1	0	0	0	0
tlm_multiply_gcd_forward_codec	6056727	6056893	166	18	0	4	7
tlm_multiply_gcd_forward_shift	6056893	6056933	40	8	0	0	4
tlm_multiply_gcd_forward_compare	6056933	6057107	174	20	0	10	11
tlm_multiply_gcd_forward_body	6057107	6057238	131	17	0	8	9
tlm_multiply_gcd_forward_apply	6057238	6057239	1	0	0	0	0
tlm_multiply_gcd_forward_codec	6057239	6057242	3	0	0	0	0
tlm_multiply_gcd_forward_shift	6057242	6057276	34	7	0	0	2
tlm_multiply_gcd_forward_compare	6057276	6057433	157	18	0	9	10
tlm_multiply_gcd_forward_body	6057433	6057549	116	15	0	7	8
tlm_multiply_gcd_forward_apply	6057549	6057550	1	0	0	0	0
tlm_multiply_gcd_forward_codec	6057550	6057553	3	0	0	0	0
tlm_multiply_gcd_forward_shift	6057553	6057585	32	7	0	0	0
tlm_multiply_gcd_forward_compare	6057585	6057742	157	18	0	9	10
tlm_multiply_gcd_forward_body	6057742	6057858	116	15	0	7	8
tlm_multiply_gcd_forward_apply	6057858	6057859	1	0	0	0	0
tlm_multiply_gcd_forward_codec	6057859	6058025	166	18	0	4	7
tlm_multiply_gcd_forward_shift	6058025	6058057	32	7	0	0	0
tlm_multiply_gcd_forward_compare	6058057	6058214	157	18	0	9	10
tlm_multiply_gcd_forward_body	6058214	6058330	116	15	0	7	8
tlm_multiply_gcd_forward_apply	6058330	6058331	1	0	0	0	0
tlm_multiply_gcd_forward_codec	6058331	6058334	3	0	0	0	0
tlm_multiply_gcd_forward_shift	6058334	6058366	32	7	0	0	0
tlm_multiply_gcd_forward_compare	6058366	6058523	157	18	0	9	10
tlm_multiply_gcd_forward_body	6058523	6058639	116	15	0	7	8
tlm_multiply_gcd_forward_apply	6058639	6058640	1	0	0	0	0
tlm_multiply_gcd_forward_codec	6058640	6058658	18	2	0	1	1
tlm_gcd_step_end	6058658	6058937	279	0	0	0	21
tlm_multiply_gcd_reverse_decode	6058937	6058954	17	3	0	0	3
tlm_multiply_gcd_reverse_apply	6058954	6058955	1	0	0	0	0
tlm_apply_forward_fold	6058955	6060272	1317	155	0	52	106
tlm_multiply_gcd_reverse_body	6060272	6060563	291	46	1	14	16
tlm_multiply_gcd_reverse_decode	6060563	6060569	6	0	0	0	3
tlm_multiply_gcd_reverse_apply	6060569	6060570	1	0	0	0	0
tlm_apply_forward_mod_add_register	6060570	6062953	2383	769	7	56	58
tlm_apply_forward_mod_add_fold	6062953	6064012	1059	155	0	52	105
tlm_apply_forward_mod_add_clean	6064012	6064225	213	30	0	9	11
tlm_apply_forward_fold	6064225	6066523	2298	417	0	69	121
tlm_multiply_gcd_reverse_body	6066523	6066799	276	41	0	15	16
tlm_multiply_gcd_reverse_decode	6066799	6066963	164	19	0	3	8
tlm_multiply_gcd_reverse_apply	6066963	6066964	1	0	0	0	0
tlm_apply_forward_mod_add_register	6066964	6069511	2547	769	8	72	74
tlm_apply_forward_mod_add_fold	6069511	6070570	1059	155	0	52	105
tlm_apply_forward_mod_add_clean	6070570	6070789	219	29	0	10	12
tlm_apply_forward_swap	6070789	6071557	768	256	0	0	0
tlm_apply_forward_fold	6071557	6073842	2285	415	0	69	120
tlm_multiply_gcd_reverse_body	6073842	6074124	282	40	0	16	17
tlm_multiply_gcd_reverse_decode	6074124	6074130	6	0	0	0	3
tlm_multiply_gcd_reverse_apply	6074130	6074131	1	0	0	0	0
tlm_apply_forward_mod_add_register	6074131	6077290	3159	769	11	132	134
tlm_apply_forward_mod_add_fold	6077290	6078203	913	91	6	91	91
tlm_apply_forward_mod_add_clean	6078203	6078440	237	26	0	13	15
tlm_apply_forward_swap	6078440	6079208	768	256	0	0	0
tlm_apply_forward_fold	6079208	6081445	2237	410	0	68	116
tlm_multiply_gcd_reverse_body	6081445	6081733	288	39	0	17	18
tlm_multiply_gcd_reverse_decode	6081733	6081739	6	0	0	0	3
tlm_multiply_gcd_reverse_apply	6081739	6081740	1	0	0	0	0
tlm_apply_forward_mod_add_register	6081740	6085143	3403	769	12	156	158
tlm_apply_forward_mod_add_fold	6085143	6086060	917	91	6	91	91
tlm_apply_forward_mod_add_clean	6086060	6086303	243	25	0	14	16
tlm_apply_forward_swap	6086303	6087071	768	256	0	0	0
tlm_apply_forward_fold	6087071	6089278	2207	407	0	67	114
tlm_multiply_gcd_reverse_body	6089278	6089600	322	44	0	19	20
tlm_multiply_gcd_reverse_decode	6089600	6089764	164	19	0	3	8
tlm_multiply_gcd_reverse_apply	6089764	6089765	1	0	0	0	0
tlm_apply_forward_mod_add_register	6089765	6092496	2731	769	9	90	92
tlm_apply_forward_mod_add_fold	6092496	6093445	949	94	7	94	94
tlm_apply_forward_mod_add_clean	6093445	6093670	225	28	0	11	13
tlm_apply_forward_swap	6093670	6094438	768	256	0	0	0
tlm_apply_forward_fold	6094438	6096723	2285	415	0	69	120
tlm_multiply_gcd_reverse_body	6096723	6097095	372	57	0	20	21
tlm_multiply_gcd_reverse_decode	6097095	6097101	6	0	0	0	3
tlm_multiply_gcd_reverse_apply	6097101	6097102	1	0	0	0	0
tlm_apply_forward_mod_add_register	6097102	6100505	3403	769	12	156	158
tlm_apply_forward_mod_add_fold	6100505	6101422	917	91	6	91	91
tlm_apply_forward_mod_add_clean	6101422	6101665	243	25	0	14	16
tlm_apply_forward_swap	6101665	6102433	768	256	0	0	0
tlm_apply_forward_fold	6102433	6104640	2207	407	0	67	114
tlm_multiply_gcd_reverse_body	6104640	6105030	390	54	0	23	24
tlm_multiply_gcd_reverse_decode	6105030	6105036	6	0	0	0	3
tlm_multiply_gcd_reverse_apply	6105036	6105037	1	0	0	0	0
tlm_apply_forward_mod_add_register	6105037	6108196	3159	769	11	132	134
tlm_apply_forward_mod_add_fold	6108196	6109109	913	91	6	91	91
tlm_apply_forward_mod_add_clean	6109109	6109346	237	26	0	13	15
tlm_apply_forward_swap	6109346	6110114	768	256	0	0	0
tlm_apply_forward_fold	6110114	6112351	2237	410	0	68	116
tlm_multiply_gcd_reverse_body	6112351	6112791	440	67	0	24	25
tlm_multiply_gcd_reverse_decode	6112791	6112955	164	19	0	3	8
tlm_multiply_gcd_reverse_apply	6112955	6112956	1	0	0	0	0
tlm_apply_forward_mod_add_register	6112956	6116359	3403	769	12	156	158
tlm_apply_forward_mod_add_fold	6116359	6117276	917	91	6	91	91
tlm_apply_forward_mod_add_clean	6117276	6117519	243	25	0	14	16
tlm_apply_forward_swap	6117519	6118287	768	256	0	0	0
tlm_apply_forward_fold	6118287	6120494	2207	407	0	67	114
tlm_multiply_gcd_reverse_body	6120494	6120940	446	66	0	25	26
tlm_multiply_gcd_reverse_decode	6120940	6120946	6	0	0	0	3
tlm_multiply_gcd_reverse_apply	6120946	6120947	1	0	0	0	0
tlm_apply_forward_mod_add_register	6120947	6125202	4255	769	15	240	242
tlm_apply_forward_mod_add_fold	6125202	6126109	907	88	8	88	88
tlm_apply_forward_mod_add_clean	6126109	6126370	261	22	0	17	19
tlm_apply_forward_swap	6126370	6127138	768	256	0	0	0
tlm_apply_forward_fold	6127138	6129488	2350	349	0	95	129
tlm_multiply_gcd_reverse_body	6129488	6129946	458	64	0	27	28
tlm_multiply_gcd_reverse_decode	6129946	6129952	6	0	0	0	3
tlm_multiply_gcd_reverse_apply	6129952	6129953	1	0	0	0	0
tlm_apply_forward_mod_add_register	6129953	6134532	4579	769	16	272	274
tlm_apply_forward_mod_add_fold	6134532	6135425	893	87	7	87	87
tlm_apply_forward_mod_add_clean	6135425	6135692	267	21	0	18	20
tlm_apply_forward_swap	6135692	6136460	768	256	0	0	0
tlm_apply_forward_fold	6136460	6138810	2350	349	0	95	129
tlm_multiply_gcd_reverse_body	6138810	6139302	492	69	0	29	30
tlm_multiply_gcd_reverse_decode	6139302	6139466	164	19	0	3	8
tlm_multiply_gcd_reverse_apply	6139466	6139467	1	0	0	0	0
tlm_apply_forward_mod_add_register	6139467	6144390	4923	769	17	306	308
tlm_apply_forward_mod_add_fold	6144390	6145289	899	87	7	87	87
tlm_apply_forward_mod_add_clean	6145289	6145562	273	20	0	19	21
tlm_apply_forward_swap	6145562	6146330	768	256	0	0	0
tlm_apply_forward_fold	6146330	6148680	2350	349	0	95	129
tlm_multiply_gcd_reverse_body	6148680	6149172	492	69	0	29	30
tlm_multiply_gcd_reverse_decode	6149172	6149178	6	0	0	0	3
tlm_multiply_gcd_reverse_apply	6149178	6149179	1	0	0	0	0
tlm_apply_forward_mod_add_register	6149179	6154466	5287	769	18	342	344
tlm_apply_forward_mod_add_fold	6154466	6155339	873	85	6	85	85
tlm_apply_forward_mod_add_clean	6155339	6155618	279	19	0	20	22
tlm_apply_forward_swap	6155618	6156386	768	256	0	0	0
tlm_apply_forward_fold	6156386	6158736	2350	349	0	95	129
tlm_multiply_gcd_reverse_body	6158736	6159262	526	74	0	31	32
tlm_multiply_gcd_reverse_decode	6159262	6159268	6	0	0	0	3
tlm_multiply_gcd_reverse_apply	6159268	6159269	1	0	0	0	0
tlm_apply_forward_mod_add_register	6159269	6164940	5671	769	19	380	382
tlm_apply_forward_mod_add_fold	6164940	6165813	873	85	6	85	85
tlm_apply_forward_mod_add_clean	6165813	6166092	279	19	0	20	22
tlm_apply_forward_swap	6166092	6166860	768	256	0	0	0
tlm_apply_forward_fold	6166860	6169210	2350	349	0	95	129
tlm_multiply_gcd_reverse_body	6169210	6169770	560	79	0	33	34
tlm_multiply_gcd_reverse_decode	6169770	6169934	164	19	0	3	8
tlm_multiply_gcd_reverse_apply	6169934	6169935	1	0	0	0	0
tlm_apply_forward_mod_add_register	6169935	6175222	5287	769	18	342	344
tlm_apply_forward_mod_add_fold	6175222	6176095	873	85	6	85	85
tlm_apply_forward_mod_add_clean	6176095	6176374	279	19	0	20	22
tlm_apply_forward_swap	6176374	6177142	768	256	0	0	0
tlm_apply_forward_fold	6177142	6179492	2350	349	0	95	129
tlm_multiply_gcd_reverse_body	6179492	6180086	594	84	0	35	36
tlm_multiply_gcd_reverse_decode	6180086	6180092	6	0	0	0	3
tlm_multiply_gcd_reverse_apply	6180092	6180093	1	0	0	0	0
tlm_apply_forward_mod_add_register	6180093	6186592	6499	769	21	462	464
tlm_apply_forward_mod_add_fold	6186592	6187429	837	82	5	82	82
tlm_apply_forward_mod_add_clean	6187429	6187708	279	19	0	20	22
tlm_apply_forward_swap	6187708	6188476	768	256	0	0	0
tlm_apply_forward_fold	6188476	6190826	2350	349	0	95	129
tlm_multiply_gcd_reverse_body	6190826	6191420	594	84	0	35	36
tlm_multiply_gcd_reverse_decode	6191420	6191426	6	0	0	0	3
tlm_multiply_gcd_reverse_apply	6191426	6191427	1	0	0	0	0
tlm_apply_forward_mod_add_register	6191427	6198370	6943	769	22	506	508
tlm_apply_forward_mod_add_fold	6198370	6199207	837	82	5	82	82
tlm_apply_forward_mod_add_clean	6199207	6199486	279	19	0	20	22
tlm_apply_forward_swap	6199486	6200254	768	256	0	0	0
tlm_apply_forward_fold	6200254	6202604	2350	349	0	95	129
tlm_multiply_gcd_reverse_body	6202604	6203232	628	89	0	37	38
tlm_multiply_gcd_reverse_decode	6203232	6203396	164	19	0	3	8
tlm_multiply_gcd_reverse_apply	6203396	6203397	1	0	0	0	0
tlm_apply_forward_mod_add_register	6203397	6210370	6973	767	18	511	513
tlm_apply_forward_mod_add_fold	6210370	6211205	835	82	5	82	82
tlm_apply_forward_mod_add_clean	6211205	6211484	279	19	0	20	22
tlm_apply_forward_swap	6211484	6212252	768	256	0	0	0
tlm_apply_forward_fold	6212252	6214602	2350	349	0	95	129
tlm_multiply_gcd_reverse_body	6214602	6215230	628	89	0	37	38
tlm_multiply_gcd_reverse_decode	6215230	6215236	6	0	0	0	3
tlm_multiply_gcd_reverse_apply	6215236	6215237	1	0	0	0	0
tlm_apply_forward_mod_add_register	6215237	6222175	6938	765	16	509	512
tlm_apply_forward_mod_add_fold	6222175	6223004	829	80	7	80	80
tlm_apply_forward_mod_add_clean	6223004	6223283	279	19	0	20	22
tlm_apply_forward_swap	6223283	6224051	768	256	0	0	0
tlm_apply_forward_fold	6224051	6226401	2350	349	0	95	129
tlm_multiply_gcd_reverse_body	6226401	6227063	662	94	0	39	40
tlm_multiply_gcd_reverse_decode	6227063	6227069	6	0	0	0	3
tlm_multiply_gcd_reverse_apply	6227069	6227070	1	0	0	0	0
tlm_apply_forward_mod_add_register	6227070	6233959	6889	762	14	506	510
tlm_apply_forward_mod_add_fold	6233959	6234770	811	79	6	79	79
tlm_apply_forward_mod_add_clean	6234770	6235049	279	19	0	20	22
tlm_apply_forward_swap	6235049	6235817	768	256	0	0	0
tlm_apply_forward_fold	6235817	6238167	2350	349	0	95	129
tlm_multiply_gcd_reverse_body	6238167	6238863	696	99	0	41	42
tlm_multiply_gcd_reverse_decode	6238863	6239027	164	19	0	3	8
tlm_multiply_gcd_reverse_apply	6239027	6239028	1	0	0	0	0
tlm_apply_forward_mod_add_register	6239028	6245966	6938	765	16	509	512
tlm_apply_forward_mod_add_fold	6245966	6246795	829	80	7	80	80
tlm_apply_forward_mod_add_clean	6246795	6247074	279	19	0	20	22
tlm_apply_forward_swap	6247074	6247842	768	256	0	0	0
tlm_apply_forward_fold	6247842	6250192	2350	349	0	95	129
tlm_multiply_gcd_reverse_body	6250192	6250922	730	104	0	43	44
tlm_multiply_gcd_reverse_decode	6250922	6250928	6	0	0	0	3
tlm_multiply_gcd_reverse_apply	6250928	6250929	1	0	0	0	0
tlm_apply_forward_mod_add_register	6250929	6257818	6889	762	14	506	510
tlm_apply_forward_mod_add_fold	6257818	6258629	811	79	6	79	79
tlm_apply_forward_mod_add_clean	6258629	6258908	279	19	0	20	22
tlm_apply_forward_swap	6258908	6259676	768	256	0	0	0
tlm_apply_forward_fold	6259676	6262026	2350	349	0	95	129
tlm_multiply_gcd_reverse_body	6262026	6262790	764	109	0	45	46
tlm_multiply_gcd_reverse_decode	6262790	6262796	6	0	0	0	3
tlm_multiply_gcd_reverse_apply	6262796	6262797	1	0	0	0	0
tlm_apply_forward_mod_add_register	6262797	6269627	6830	758	13	502	507
tlm_apply_forward_mod_add_fold	6269627	6270440	813	79	6	79	79
tlm_apply_forward_mod_add_clean	6270440	6270719	279	19	0	20	22
tlm_apply_forward_swap	6270719	6271487	768	256	0	0	0
tlm_apply_forward_fold	6271487	6273837	2350	349	0	95	129
tlm_multiply_gcd_reverse_body	6273837	6274635	798	114	0	47	48
tlm_multiply_gcd_reverse_decode	6274635	6274799	164	19	0	3	8
tlm_multiply_gcd_reverse_apply	6274799	6274800	1	0	0	0	0
tlm_apply_forward_mod_add_register	6274800	6281299	6499	769	21	462	464
tlm_apply_forward_mod_add_fold	6281299	6282136	837	82	5	82	82
tlm_apply_forward_mod_add_clean	6282136	6282415	279	19	0	20	22
tlm_apply_forward_swap	6282415	6283183	768	256	0	0	0
tlm_apply_forward_fold	6283183	6285533	2350	349	0	95	129
tlm_multiply_gcd_reverse_body	6285533	6286436	903	136	1	50	52
tlm_multiply_gcd_reverse_decode	6286436	6286442	6	0	0	0	3
tlm_multiply_gcd_reverse_apply	6286442	6286443	1	0	0	0	0
tlm_apply_forward_mod_add_register	6286443	6293386	6943	769	22	506	508
tlm_apply_forward_mod_add_fold	6293386	6294223	837	82	5	82	82
tlm_apply_forward_mod_add_clean	6294223	6294502	279	19	0	20	22
tlm_apply_forward_swap	6294502	6295270	768	256	0	0	0
tlm_apply_forward_fold	6295270	6297620	2350	349	0	95	129
tlm_multiply_gcd_reverse_body	6297620	6298557	937	141	1	52	54
tlm_multiply_gcd_reverse_decode	6298557	6298563	6	0	0	0	3
tlm_multiply_gcd_reverse_apply	6298563	6298564	1	0	0	0	0
tlm_apply_forward_mod_add_register	6298564	6305537	6973	767	18	511	513
tlm_apply_forward_mod_add_fold	6305537	6306372	835	82	5	82	82
tlm_apply_forward_mod_add_clean	6306372	6306651	279	19	0	20	22
tlm_apply_forward_swap	6306651	6307419	768	256	0	0	0
tlm_apply_forward_fold	6307419	6309769	2350	349	0	95	129
tlm_multiply_gcd_reverse_body	6309769	6310740	971	146	1	54	56
tlm_multiply_gcd_reverse_decode	6310740	6310904	164	19	0	3	8
tlm_multiply_gcd_reverse_apply	6310904	6310905	1	0	0	0	0
tlm_apply_forward_mod_add_register	6310905	6317848	6943	769	22	506	508
tlm_apply_forward_mod_add_fold	6317848	6318685	837	82	5	82	82
tlm_apply_forward_mod_add_clean	6318685	6318964	279	19	0	20	22
tlm_apply_forward_swap	6318964	6319732	768	256	0	0	0
tlm_apply_forward_fold	6319732	6322082	2350	349	0	95	129
tlm_multiply_gcd_reverse_body	6322082	6323103	1021	155	1	56	58
tlm_multiply_gcd_reverse_decode	6323103	6323109	6	0	0	0	3
tlm_multiply_gcd_reverse_apply	6323109	6323110	1	0	0	0	0
tlm_apply_forward_mod_add_register	6323110	6330083	6973	767	18	511	513
tlm_apply_forward_mod_add_fold	6330083	6330918	835	82	5	82	82
tlm_apply_forward_mod_add_clean	6330918	6331197	279	19	0	20	22
tlm_apply_forward_swap	6331197	6331965	768	256	0	0	0
tlm_apply_forward_fold	6331965	6334315	2350	349	0	95	129
tlm_multiply_gcd_reverse_body	6334315	6335370	1055	160	1	58	60
tlm_multiply_gcd_reverse_decode	6335370	6335376	6	0	0	0	3
tlm_multiply_gcd_reverse_apply	6335376	6335377	1	0	0	0	0
tlm_apply_forward_mod_add_register	6335377	6342315	6938	765	16	509	512
tlm_apply_forward_mod_add_fold	6342315	6343144	829	80	7	80	80
tlm_apply_forward_mod_add_clean	6343144	6343423	279	19	0	20	22
tlm_apply_forward_swap	6343423	6344191	768	256	0	0	0
tlm_apply_forward_fold	6344191	6346541	2350	349	0	95	129
tlm_multiply_gcd_reverse_body	6346541	6347630	1089	165	1	60	62
tlm_multiply_gcd_reverse_decode	6347630	6347794	164	19	0	3	8
tlm_multiply_gcd_reverse_apply	6347794	6347795	1	0	0	0	0
tlm_apply_forward_mod_add_register	6347795	6354768	6973	767	18	511	513
tlm_apply_forward_mod_add_fold	6354768	6355603	835	82	5	82	82
tlm_apply_forward_mod_add_clean	6355603	6355882	279	19	0	20	22
tlm_apply_forward_swap	6355882	6356650	768	256	0	0	0
tlm_apply_forward_fold	6356650	6359000	2350	349	0	95	129
tlm_multiply_gcd_reverse_body	6359000	6360139	1139	174	1	62	64
tlm_multiply_gcd_reverse_decode	6360139	6360145	6	0	0	0	3
tlm_multiply_gcd_reverse_apply	6360145	6360146	1	0	0	0	0
tlm_apply_forward_mod_add_register	6360146	6367084	6938	765	16	509	512
tlm_apply_forward_mod_add_fold	6367084	6367913	829	80	7	80	80
tlm_apply_forward_mod_add_clean	6367913	6368192	279	19	0	20	22
tlm_apply_forward_swap	6368192	6368960	768	256	0	0	0
tlm_apply_forward_fold	6368960	6371310	2350	349	0	95	129
tlm_multiply_gcd_reverse_body	6371310	6372483	1173	179	1	64	66
tlm_multiply_gcd_reverse_decode	6372483	6372489	6	0	0	0	3
tlm_multiply_gcd_reverse_apply	6372489	6372490	1	0	0	0	0
tlm_apply_forward_mod_add_register	6372490	6379379	6889	762	14	506	510
tlm_apply_forward_mod_add_fold	6379379	6380190	811	79	6	79	79
tlm_apply_forward_mod_add_clean	6380190	6380469	279	19	0	20	22
tlm_apply_forward_swap	6380469	6381237	768	256	0	0	0
tlm_apply_forward_fold	6381237	6383587	2350	349	0	95	129
tlm_multiply_gcd_reverse_body	6383587	6384794	1207	184	1	66	68
tlm_multiply_gcd_reverse_decode	6384794	6384958	164	19	0	3	8
tlm_multiply_gcd_reverse_apply	6384958	6384959	1	0	0	0	0
tlm_apply_forward_mod_add_register	6384959	6391897	6938	765	16	509	512
tlm_apply_forward_mod_add_fold	6391897	6392726	829	80	7	80	80
tlm_apply_forward_mod_add_clean	6392726	6393005	279	19	0	20	22
tlm_apply_forward_swap	6393005	6393773	768	256	0	0	0
tlm_apply_forward_fold	6393773	6396123	2350	349	0	95	129
tlm_multiply_gcd_reverse_body	6396123	6397380	1257	193	1	68	70
tlm_multiply_gcd_reverse_decode	6397380	6397386	6	0	0	0	3
tlm_multiply_gcd_reverse_apply	6397386	6397387	1	0	0	0	0
tlm_apply_forward_mod_add_register	6397387	6404276	6889	762	14	506	510
tlm_apply_forward_mod_add_fold	6404276	6405087	811	79	6	79	79
tlm_apply_forward_mod_add_clean	6405087	6405366	279	19	0	20	22
tlm_apply_forward_swap	6405366	6406134	768	256	0	0	0
tlm_apply_forward_fold	6406134	6408484	2350	349	0	95	129
tlm_multiply_gcd_reverse_body	6408484	6409775	1291	198	1	70	72
tlm_multiply_gcd_reverse_decode	6409775	6409781	6	0	0	0	3
tlm_multiply_gcd_reverse_apply	6409781	6409782	1	0	0	0	0
tlm_apply_forward_mod_add_register	6409782	6416612	6830	758	13	502	507
tlm_apply_forward_mod_add_fold	6416612	6417425	813	79	6	79	79
tlm_apply_forward_mod_add_clean	6417425	6417704	279	19	0	20	22
tlm_apply_forward_swap	6417704	6418472	768	256	0	0	0
tlm_apply_forward_fold	6418472	6420822	2350	349	0	95	129
tlm_multiply_gcd_reverse_body	6420822	6422147	1325	203	1	72	74
tlm_multiply_gcd_reverse_decode	6422147	6422311	164	19	0	3	8
tlm_multiply_gcd_reverse_apply	6422311	6422312	1	0	0	0	0
tlm_apply_forward_mod_add_register	6422312	6429201	6889	762	14	506	510
tlm_apply_forward_mod_add_fold	6429201	6430012	811	79	6	79	79
tlm_apply_forward_mod_add_clean	6430012	6430291	279	19	0	20	22
tlm_apply_forward_swap	6430291	6431059	768	256	0	0	0
tlm_apply_forward_fold	6431059	6433409	2350	349	0	95	129
tlm_multiply_gcd_reverse_body	6433409	6434784	1375	212	1	74	76
tlm_multiply_gcd_reverse_decode	6434784	6434790	6	0	0	0	3
tlm_multiply_gcd_reverse_apply	6434790	6434791	1	0	0	0	0
tlm_apply_forward_mod_add_register	6434791	6441621	6830	758	13	502	507
tlm_apply_forward_mod_add_fold	6441621	6442434	813	79	6	79	79
tlm_apply_forward_mod_add_clean	6442434	6442713	279	19	0	20	22
tlm_apply_forward_swap	6442713	6443481	768	256	0	0	0
tlm_apply_forward_fold	6443481	6445831	2350	349	0	95	129
tlm_multiply_gcd_reverse_body	6445831	6447240	1409	217	1	76	78
tlm_multiply_gcd_reverse_decode	6447240	6447246	6	0	0	0	3
tlm_multiply_gcd_reverse_apply	6447246	6447247	1	0	0	0	0
tlm_apply_forward_mod_add_register	6447247	6454004	6757	753	12	497	503
tlm_apply_forward_mod_add_fold	6454004	6454791	787	77	5	77	77
tlm_apply_forward_mod_add_clean	6454791	6455070	279	19	0	20	22
tlm_apply_forward_swap	6455070	6455838	768	256	0	0	0
tlm_apply_forward_fold	6455838	6458188	2350	349	0	95	129
tlm_multiply_gcd_reverse_body	6458188	6459631	1443	222	1	78	80
tlm_multiply_gcd_reverse_decode	6459631	6459795	164	19	0	3	8
tlm_multiply_gcd_reverse_apply	6459795	6459796	1	0	0	0	0
tlm_apply_forward_mod_add_register	6459796	6466626	6830	758	13	502	507
tlm_apply_forward_mod_add_fold	6466626	6467439	813	79	6	79	79
tlm_apply_forward_mod_add_clean	6467439	6467718	279	19	0	20	22
tlm_apply_forward_swap	6467718	6468486	768	256	0	0	0
tlm_apply_forward_fold	6468486	6470836	2350	349	0	95	129
tlm_multiply_gcd_reverse_body	6470836	6472329	1493	231	1	80	82
tlm_multiply_gcd_reverse_decode	6472329	6472335	6	0	0	0	3
tlm_multiply_gcd_reverse_apply	6472335	6472336	1	0	0	0	0
tlm_apply_forward_mod_add_register	6472336	6479093	6757	753	12	497	503
tlm_apply_forward_mod_add_fold	6479093	6479880	787	77	5	77	77
tlm_apply_forward_mod_add_clean	6479880	6480159	279	19	0	20	22
tlm_apply_forward_swap	6480159	6480927	768	256	0	0	0
tlm_apply_forward_fold	6480927	6483277	2350	349	0	95	129
tlm_multiply_gcd_reverse_body	6483277	6484804	1527	236	1	82	84
tlm_multiply_gcd_reverse_decode	6484804	6484810	6	0	0	0	3
tlm_multiply_gcd_reverse_apply	6484810	6484811	1	0	0	0	0
tlm_apply_forward_mod_add_register	6484811	6491485	6674	747	12	491	498
tlm_apply_forward_mod_add_fold	6491485	6492272	787	77	5	77	77
tlm_apply_forward_mod_add_clean	6492272	6492551	279	19	0	20	22
tlm_apply_forward_swap	6492551	6493319	768	256	0	0	0
tlm_apply_forward_fold	6493319	6495669	2350	349	0	95	129
tlm_multiply_gcd_reverse_body	6495669	6497230	1561	241	1	84	86
tlm_multiply_gcd_reverse_decode	6497230	6497394	164	19	0	3	8
tlm_multiply_gcd_reverse_apply	6497394	6497395	1	0	0	0	0
tlm_apply_forward_mod_add_register	6497395	6504152	6757	753	12	497	503
tlm_apply_forward_mod_add_fold	6504152	6504939	787	77	5	77	77
tlm_apply_forward_mod_add_clean	6504939	6505218	279	19	0	20	22
tlm_apply_forward_swap	6505218	6505986	768	256	0	0	0
tlm_apply_forward_fold	6505986	6508336	2350	349	0	95	129
tlm_multiply_gcd_reverse_body	6508336	6509947	1611	250	1	86	88
tlm_multiply_gcd_reverse_decode	6509947	6509953	6	0	0	0	3
tlm_multiply_gcd_reverse_apply	6509953	6509954	1	0	0	0	0
tlm_apply_forward_mod_add_register	6509954	6516628	6674	747	12	491	498
tlm_apply_forward_mod_add_fold	6516628	6517415	787	77	5	77	77
tlm_apply_forward_mod_add_clean	6517415	6517694	279	19	0	20	22
tlm_apply_forward_swap	6517694	6518462	768	256	0	0	0
tlm_apply_forward_fold	6518462	6520812	2350	349	0	95	129
tlm_multiply_gcd_reverse_body	6520812	6522449	1637	253	1	88	90
tlm_multiply_gcd_reverse_decode	6522449	6522455	6	0	0	0	3
tlm_multiply_gcd_reverse_apply	6522455	6522456	1	0	0	0	0
tlm_apply_forward_mod_add_register	6522456	6529200	6744	753	15	496	497
tlm_apply_forward_mod_add_fold	6529200	6529987	787	77	5	77	77
tlm_apply_forward_mod_add_clean	6529987	6530266	279	19	0	20	22
tlm_apply_forward_swap	6530266	6531034	768	256	0	0	0
tlm_apply_forward_fold	6531034	6533384	2350	349	0	95	129
tlm_multiply_gcd_reverse_body	6533384	6535055	1671	258	1	90	92
tlm_multiply_gcd_reverse_decode	6535055	6535219	164	19	0	3	8
tlm_multiply_gcd_reverse_apply	6535219	6535220	1	0	0	0	0
tlm_apply_forward_mod_add_register	6535220	6541894	6674	747	12	491	498
tlm_apply_forward_mod_add_fold	6541894	6542681	787	77	5	77	77
tlm_apply_forward_mod_add_clean	6542681	6542960	279	19	0	20	22
tlm_apply_forward_swap	6542960	6543728	768	256	0	0	0
tlm_apply_forward_fold	6543728	6546078	2350	349	0	95	129
tlm_multiply_gcd_reverse_body	6546078	6547799	1721	267	1	92	94
tlm_multiply_gcd_reverse_decode	6547799	6547805	6	0	0	0	3
tlm_multiply_gcd_reverse_apply	6547805	6547806	1	0	0	0	0
tlm_apply_forward_mod_add_register	6547806	6554550	6744	753	15	496	497
tlm_apply_forward_mod_add_fold	6554550	6555337	787	77	5	77	77
tlm_apply_forward_mod_add_clean	6555337	6555616	279	19	0	20	22
tlm_apply_forward_swap	6555616	6556384	768	256	0	0	0
tlm_apply_forward_fold	6556384	6558734	2350	349	0	95	129
tlm_multiply_gcd_reverse_body	6558734	6560489	1755	272	1	94	96
tlm_multiply_gcd_reverse_decode	6560489	6560495	6	0	0	0	3
tlm_multiply_gcd_reverse_apply	6560495	6560496	1	0	0	0	0
tlm_apply_forward_mod_add_register	6560496	6567172	6676	749	12	492	493
tlm_apply_forward_mod_add_fold	6567172	6567923	751	74	4	74	74
tlm_apply_forward_mod_add_clean	6567923	6568202	279	19	0	20	22
tlm_apply_forward_swap	6568202	6568970	768	256	0	0	0
tlm_apply_forward_fold	6568970	6571320	2350	349	0	95	129
tlm_multiply_gcd_reverse_body	6571320	6573109	1789	277	1	96	98
tlm_multiply_gcd_reverse_decode	6573109	6573273	164	19	0	3	8
tlm_multiply_gcd_reverse_apply	6573273	6573274	1	0	0	0	0
tlm_apply_forward_mod_add_register	6573274	6580018	6744	753	15	496	497
tlm_apply_forward_mod_add_fold	6580018	6580805	787	77	5	77	77
tlm_apply_forward_mod_add_clean	6580805	6581084	279	19	0	20	22
tlm_apply_forward_swap	6581084	6581852	768	256	0	0	0
tlm_apply_forward_fold	6581852	6584202	2350	349	0	95	129
tlm_multiply_gcd_reverse_body	6584202	6586041	1839	286	1	98	100
tlm_multiply_gcd_reverse_decode	6586041	6586047	6	0	0	0	3
tlm_multiply_gcd_reverse_apply	6586047	6586048	1	0	0	0	0
tlm_apply_forward_mod_add_register	6586048	6592724	6676	749	12	492	493
tlm_apply_forward_mod_add_fold	6592724	6593475	751	74	4	74	74
tlm_apply_forward_mod_add_clean	6593475	6593754	279	19	0	20	22
tlm_apply_forward_swap	6593754	6594522	768	256	0	0	0
tlm_apply_forward_fold	6594522	6596872	2350	349	0	95	129
tlm_multiply_gcd_reverse_body	6596872	6598745	1873	291	1	100	102
tlm_multiply_gcd_reverse_decode	6598745	6598751	6	0	0	0	3
tlm_multiply_gcd_reverse_apply	6598751	6598752	1	0	0	0	0
tlm_apply_forward_mod_add_register	6598752	6605396	6644	747	11	490	491
tlm_apply_forward_mod_add_fold	6605396	6606147	751	74	4	74	74
tlm_apply_forward_mod_add_clean	6606147	6606426	279	19	0	20	22
tlm_apply_forward_swap	6606426	6607194	768	256	0	0	0
tlm_apply_forward_fold	6607194	6609544	2350	349	0	95	129
tlm_multiply_gcd_reverse_body	6609544	6611451	1907	296	1	102	104
tlm_multiply_gcd_reverse_decode	6611451	6611615	164	19	0	3	8
tlm_multiply_gcd_reverse_apply	6611615	6611616	1	0	0	0	0
tlm_apply_forward_mod_add_register	6611616	6618292	6676	749	12	492	493
tlm_apply_forward_mod_add_fold	6618292	6619043	751	74	4	74	74
tlm_apply_forward_mod_add_clean	6619043	6619322	279	19	0	20	22
tlm_apply_forward_swap	6619322	6620090	768	256	0	0	0
tlm_apply_forward_fold	6620090	6622440	2350	349	0	95	129
tlm_multiply_gcd_reverse_body	6622440	6624397	1957	305	1	104	106
tlm_multiply_gcd_reverse_decode	6624397	6624403	6	0	0	0	3
tlm_multiply_gcd_reverse_apply	6624403	6624404	1	0	0	0	0
tlm_apply_forward_mod_add_register	6624404	6631048	6644	747	11	490	491
tlm_apply_forward_mod_add_fold	6631048	6631799	751	74	4	74	74
tlm_apply_forward_mod_add_clean	6631799	6632078	279	19	0	20	22
tlm_apply_forward_swap	6632078	6632846	768	256	0	0	0
tlm_apply_forward_fold	6632846	6635196	2350	349	0	95	129
tlm_multiply_gcd_reverse_body	6635196	6637179	1983	308	1	106	108
tlm_multiply_gcd_reverse_decode	6637179	6637185	6	0	0	0	3
tlm_multiply_gcd_reverse_apply	6637185	6637186	1	0	0	0	0
tlm_apply_forward_mod_add_register	6637186	6643554	6368	727	10	470	479
tlm_apply_forward_mod_add_fold	6643554	6644307	753	73	6	73	73
tlm_apply_forward_mod_add_clean	6644307	6644586	279	19	0	20	22
tlm_apply_forward_swap	6644586	6645354	768	256	0	0	0
tlm_apply_forward_fold	6645354	6647704	2350	349	0	95	129
tlm_multiply_gcd_reverse_body	6647704	6649713	2009	311	1	108	110
tlm_multiply_gcd_reverse_decode	6649713	6649877	164	19	0	3	8
tlm_multiply_gcd_reverse_apply	6649877	6649878	1	0	0	0	0
tlm_apply_forward_mod_add_register	6649878	6656522	6644	747	11	490	491
tlm_apply_forward_mod_add_fold	6656522	6657273	751	74	4	74	74
tlm_apply_forward_mod_add_clean	6657273	6657552	279	19	0	20	22
tlm_apply_forward_swap	6657552	6658320	768	256	0	0	0
tlm_apply_forward_fold	6658320	6660670	2350	349	0	95	129
tlm_multiply_gcd_reverse_body	6660670	6662707	2037	317	1	109	111
tlm_multiply_gcd_reverse_decode	6662707	6662713	6	0	0	0	3
tlm_multiply_gcd_reverse_apply	6662713	6662714	1	0	0	0	0
tlm_apply_forward_mod_add_register	6662714	6669082	6368	727	10	470	479
tlm_apply_forward_mod_add_fold	6669082	6669835	753	73	6	73	73
tlm_apply_forward_mod_add_clean	6669835	6670114	279	19	0	20	22
tlm_apply_forward_swap	6670114	6670882	768	256	0	0	0
tlm_apply_forward_fold	6670882	6673232	2350	349	0	95	129
tlm_multiply_gcd_reverse_body	6673232	6675295	2063	320	1	111	113
tlm_multiply_gcd_reverse_decode	6675295	6675301	6	0	0	0	3
tlm_multiply_gcd_reverse_apply	6675301	6675302	1	0	0	0	0
tlm_apply_forward_mod_add_register	6675302	6681441	6139	711	9	454	462
tlm_apply_forward_mod_add_fold	6681441	6682176	735	72	5	72	72
tlm_apply_forward_mod_add_clean	6682176	6682455	279	19	0	20	22
tlm_apply_forward_swap	6682455	6683223	768	256	0	0	0
tlm_apply_forward_fold	6683223	6685573	2350	349	0	95	129
tlm_multiply_gcd_reverse_body	6685573	6687662	2089	323	1	113	115
tlm_multiply_gcd_reverse_decode	6687662	6687826	164	19	0	3	8
tlm_multiply_gcd_reverse_apply	6687826	6687827	1	0	0	0	0
tlm_apply_forward_mod_add_register	6687827	6694195	6368	727	10	470	479
tlm_apply_forward_mod_add_fold	6694195	6694948	753	73	6	73	73
tlm_apply_forward_mod_add_clean	6694948	6695227	279	19	0	20	22
tlm_apply_forward_swap	6695227	6695995	768	256	0	0	0
tlm_apply_forward_fold	6695995	6698345	2350	349	0	95	129
tlm_multiply_gcd_reverse_body	6698345	6700440	2095	326	1	113	115
tlm_multiply_gcd_reverse_decode	6700440	6700446	6	0	0	0	3
tlm_multiply_gcd_reverse_apply	6700446	6700447	1	0	0	0	0
tlm_apply_forward_mod_add_register	6700447	6706586	6139	711	9	454	462
tlm_apply_forward_mod_add_fold	6706586	6707321	735	72	5	72	72
tlm_apply_forward_mod_add_clean	6707321	6707600	279	19	0	20	22
tlm_apply_forward_swap	6707600	6708368	768	256	0	0	0
tlm_apply_forward_fold	6708368	6710718	2350	349	0	95	129
tlm_multiply_gcd_reverse_body	6710718	6712847	2129	331	1	115	117
tlm_multiply_gcd_reverse_decode	6712847	6712853	6	0	0	0	3
tlm_multiply_gcd_reverse_apply	6712853	6712854	1	0	0	0	0
tlm_apply_forward_mod_add_register	6712854	6718979	6125	710	9	453	461
tlm_apply_forward_mod_add_fold	6718979	6719716	737	72	5	72	72
tlm_apply_forward_mod_add_clean	6719716	6719995	279	19	0	20	22
tlm_apply_forward_swap	6719995	6720763	768	256	0	0	0
tlm_apply_forward_fold	6720763	6723113	2350	349	0	95	129
tlm_multiply_gcd_reverse_body	6723113	6725252	2139	330	1	117	119
tlm_multiply_gcd_reverse_decode	6725252	6725416	164	19	0	3	8
tlm_multiply_gcd_reverse_apply	6725416	6725417	1	0	0	0	0
tlm_apply_forward_mod_add_register	6725417	6731556	6139	711	9	454	462
tlm_apply_forward_mod_add_fold	6731556	6732291	735	72	5	72	72
tlm_apply_forward_mod_add_clean	6732291	6732570	279	19	0	20	22
tlm_apply_forward_swap	6732570	6733338	768	256	0	0	0
tlm_apply_forward_fold	6733338	6735688	2350	349	0	95	129
tlm_multiply_gcd_reverse_body	6735688	6737849	2161	337	1	117	119
tlm_multiply_gcd_reverse_decode	6737849	6737855	6	0	0	0	3
tlm_multiply_gcd_reverse_apply	6737855	6737856	1	0	0	0	0
tlm_apply_forward_mod_add_register	6737856	6743981	6125	710	9	453	461
tlm_apply_forward_mod_add_fold	6743981	6744718	737	72	5	72	72
tlm_apply_forward_mod_add_clean	6744718	6744997	279	19	0	20	22
tlm_apply_forward_swap	6744997	6745765	768	256	0	0	0
tlm_apply_forward_fold	6745765	6748115	2350	349	0	95	129
tlm_multiply_gcd_reverse_body	6748115	6750562	2447	359	2	138	140
tlm_multiply_gcd_reverse_decode	6750562	6750568	6	0	0	0	3
tlm_multiply_gcd_reverse_apply	6750568	6750569	1	0	0	0	0
tlm_apply_forward_mod_add_register	6750569	6756396	5827	689	8	432	440
tlm_apply_forward_mod_add_fold	6756396	6757107	711	70	4	70	70
tlm_apply_forward_mod_add_clean	6757107	6757386	279	19	0	20	22
tlm_apply_forward_swap	6757386	6758154	768	256	0	0	0
tlm_apply_forward_fold	6758154	6760504	2350	349	0	95	129
tlm_multiply_gcd_reverse_body	6760504	6762961	2457	358	2	140	142
tlm_multiply_gcd_reverse_decode	6762961	6763125	164	19	0	3	8
tlm_multiply_gcd_reverse_apply	6763125	6763126	1	0	0	0	0
tlm_apply_forward_mod_add_register	6763126	6769251	6125	710	9	453	461
tlm_apply_forward_mod_add_fold	6769251	6769988	737	72	5	72	72
tlm_apply_forward_mod_add_clean	6769988	6770267	279	19	0	20	22
tlm_apply_forward_swap	6770267	6771035	768	256	0	0	0
tlm_apply_forward_fold	6771035	6773385	2350	349	0	95	129
tlm_multiply_gcd_reverse_body	6773385	6775864	2479	365	2	140	142
tlm_multiply_gcd_reverse_decode	6775864	6775870	6	0	0	0	3
tlm_multiply_gcd_reverse_apply	6775870	6775871	1	0	0	0	0
tlm_apply_forward_mod_add_register	6775871	6781698	5827	689	8	432	440
tlm_apply_forward_mod_add_fold	6781698	6782409	711	70	4	70	70
tlm_apply_forward_mod_add_clean	6782409	6782688	279	19	0	20	22
tlm_apply_forward_swap	6782688	6783456	768	256	0	0	0
tlm_apply_forward_fold	6783456	6785806	2350	349	0	95	129
tlm_multiply_gcd_reverse_body	6785806	6788295	2489	364	2	142	144
tlm_multiply_gcd_reverse_decode	6788295	6788301	6	0	0	0	3
tlm_multiply_gcd_reverse_apply	6788301	6788302	1	0	0	0	0
tlm_apply_forward_mod_add_register	6788302	6794129	5827	689	8	432	440
tlm_apply_forward_mod_add_fold	6794129	6794840	711	70	4	70	70
tlm_apply_forward_mod_add_clean	6794840	6795119	279	19	0	20	22
tlm_apply_forward_swap	6795119	6795887	768	256	0	0	0
tlm_apply_forward_fold	6795887	6797438	1551	341	0	40	47
tlm_multiply_gcd_reverse_body	6797438	6799953	2515	367	2	144	146
tlm_multiply_gcd_reverse_decode	6799953	6800117	164	19	0	3	8
tlm_multiply_gcd_reverse_apply	6800117	6800118	1	0	0	0	0
tlm_apply_forward_mod_add_register	6800118	6805945	5827	689	8	432	440
tlm_apply_forward_mod_add_fold	6805945	6806656	711	70	4	70	70
tlm_apply_forward_mod_add_clean	6806656	6806935	279	19	0	20	22
tlm_apply_forward_swap	6806935	6807703	768	256	0	0	0
tlm_apply_forward_fold	6807703	6810053	2350	349	0	95	129
tlm_multiply_gcd_reverse_body	6810053	6812600	2547	373	3	145	147
tlm_multiply_gcd_reverse_decode	6812600	6812606	6	0	0	0	3
tlm_multiply_gcd_reverse_apply	6812606	6812607	1	0	0	0	0
tlm_apply_forward_mod_add_register	6812607	6818434	5827	689	8	432	440
tlm_apply_forward_mod_add_fold	6818434	6819145	711	70	4	70	70
tlm_apply_forward_mod_add_clean	6819145	6819424	279	19	0	20	22
tlm_apply_forward_swap	6819424	6820192	768	256	0	0	0
tlm_apply_forward_fold	6820192	6821743	1551	341	0	40	47
tlm_multiply_gcd_reverse_body	6821743	6824306	2563	377	2	146	148
tlm_multiply_gcd_reverse_decode	6824306	6824312	6	0	0	0	3
tlm_multiply_gcd_reverse_apply	6824312	6824313	1	0	0	0	0
tlm_apply_forward_mod_add_register	6824313	6829827	5514	667	7	410	417
tlm_apply_forward_mod_add_fold	6829827	6830538	711	70	4	70	70
tlm_apply_forward_mod_add_clean	6830538	6830817	279	19	0	20	22
tlm_apply_forward_swap	6830817	6831585	768	256	0	0	0
tlm_apply_forward_fold	6831585	6833140	1555	339	0	41	48
tlm_multiply_gcd_reverse_body	6833140	6835721	2581	378	2	148	150
tlm_multiply_gcd_reverse_decode	6835721	6835885	164	19	0	3	8
tlm_multiply_gcd_reverse_apply	6835885	6835886	1	0	0	0	0
tlm_apply_forward_mod_add_register	6835886	6841713	5827	689	8	432	440
tlm_apply_forward_mod_add_fold	6841713	6842424	711	70	4	70	70
tlm_apply_forward_mod_add_clean	6842424	6842703	279	19	0	20	22
tlm_apply_forward_swap	6842703	6843471	768	256	0	0	0
tlm_apply_forward_fold	6843471	6845022	1551	341	0	40	47
tlm_multiply_gcd_reverse_body	6845022	6847649	2627	385	3	150	152
tlm_multiply_gcd_reverse_decode	6847649	6847655	6	0	0	0	3
tlm_multiply_gcd_reverse_apply	6847655	6847656	1	0	0	0	0
tlm_apply_forward_mod_add_register	6847656	6853170	5514	667	7	410	417
tlm_apply_forward_mod_add_fold	6853170	6853881	711	70	4	70	70
tlm_apply_forward_mod_add_clean	6853881	6854160	279	19	0	20	22
tlm_apply_forward_swap	6854160	6854928	768	256	0	0	0
tlm_apply_forward_fold	6854928	6856483	1555	339	0	41	48
tlm_multiply_gcd_reverse_body	6856483	6859122	2639	387	3	151	153
tlm_multiply_gcd_reverse_decode	6859122	6859128	6	0	0	0	3
tlm_multiply_gcd_reverse_apply	6859128	6859129	1	0	0	0	0
tlm_apply_forward_mod_add_register	6859129	6864643	5514	667	7	410	417
tlm_apply_forward_mod_add_fold	6864643	6865318	675	67	3	67	67
tlm_apply_forward_mod_add_clean	6865318	6865597	279	19	0	20	22
tlm_apply_forward_swap	6865597	6866365	768	256	0	0	0
tlm_apply_forward_fold	6866365	6867924	1559	337	0	42	49
tlm_multiply_gcd_reverse_body	6867924	6870571	2647	389	2	152	154
tlm_multiply_gcd_reverse_decode	6870571	6870735	164	19	0	3	8
tlm_multiply_gcd_reverse_apply	6870735	6870736	1	0	0	0	0
tlm_apply_forward_mod_add_register	6870736	6876250	5514	667	7	410	417
tlm_apply_forward_mod_add_fold	6876250	6876961	711	70	4	70	70
tlm_apply_forward_mod_add_clean	6876961	6877240	279	19	0	20	22
tlm_apply_forward_swap	6877240	6878008	768	256	0	0	0
tlm_apply_forward_fold	6878008	6879563	1555	339	0	41	48
tlm_multiply_gcd_reverse_body	6879563	6882270	2707	397	3	155	157
tlm_multiply_gcd_reverse_decode	6882270	6882276	6	0	0	0	3
tlm_multiply_gcd_reverse_apply	6882276	6882277	1	0	0	0	0
tlm_apply_forward_mod_add_register	6882277	6887791	5514	667	7	410	417
tlm_apply_forward_mod_add_fold	6887791	6888466	675	67	3	67	67
tlm_apply_forward_mod_add_clean	6888466	6888745	279	19	0	20	22
tlm_apply_forward_swap	6888745	6889513	768	256	0	0	0
tlm_apply_forward_fold	6889513	6891072	1559	337	0	42	49
tlm_multiply_gcd_reverse_body	6891072	6893791	2719	399	3	156	158
tlm_multiply_gcd_reverse_decode	6893791	6893797	6	0	0	0	3
tlm_multiply_gcd_reverse_apply	6893797	6893798	1	0	0	0	0
tlm_apply_forward_mod_add_register	6893798	6899312	5514	667	7	410	417
tlm_apply_forward_mod_add_fold	6899312	6899999	687	67	5	67	67
tlm_apply_forward_mod_add_clean	6899999	6900278	279	19	0	20	22
tlm_apply_forward_swap	6900278	6901046	768	256	0	0	0
tlm_apply_forward_fold	6901046	6902609	1563	335	0	43	50
tlm_multiply_gcd_reverse_body	6902609	6905348	2739	403	3	157	159
tlm_multiply_gcd_reverse_decode	6905348	6905512	164	19	0	3	8
tlm_multiply_gcd_reverse_apply	6905512	6905513	1	0	0	0	0
tlm_apply_forward_mod_add_register	6905513	6911027	5514	667	7	410	417
tlm_apply_forward_mod_add_fold	6911027	6911702	675	67	3	67	67
tlm_apply_forward_mod_add_clean	6911702	6911981	279	19	0	20	22
tlm_apply_forward_swap	6911981	6912749	768	256	0	0	0
tlm_apply_forward_fold	6912749	6914308	1559	337	0	42	49
tlm_multiply_gcd_reverse_body	6914308	6917095	2787	409	3	160	162
tlm_multiply_gcd_reverse_decode	6917095	6917101	6	0	0	0	3
tlm_multiply_gcd_reverse_apply	6917101	6917102	1	0	0	0	0
tlm_apply_forward_mod_add_register	6917102	6922616	5514	667	7	410	417
tlm_apply_forward_mod_add_fold	6922616	6923303	687	67	5	67	67
tlm_apply_forward_mod_add_clean	6923303	6923582	279	19	0	20	22
tlm_apply_forward_swap	6923582	6924350	768	256	0	0	0
tlm_apply_forward_fold	6924350	6925913	1563	335	0	43	50
tlm_multiply_gcd_reverse_body	6925913	6928704	2791	409	3	161	163
tlm_multiply_gcd_reverse_decode	6928704	6928710	6	0	0	0	3
tlm_multiply_gcd_reverse_apply	6928710	6928711	1	0	0	0	0
tlm_apply_forward_mod_add_register	6928711	6934225	5514	667	7	410	417
tlm_apply_forward_mod_add_fold	6934225	6934900	675	66	4	66	66
tlm_apply_forward_mod_add_clean	6934900	6935179	279	19	0	20	22
tlm_apply_forward_swap	6935179	6935947	768	256	0	0	0
tlm_apply_forward_fold	6935947	6937514	1567	333	0	44	51
tlm_multiply_gcd_reverse_body	6937514	6940317	2803	411	3	162	164
tlm_multiply_gcd_reverse_decode	6940317	6940481	164	19	0	3	8
tlm_multiply_gcd_reverse_apply	6940481	6940482	1	0	0	0	0
tlm_apply_forward_mod_add_register	6940482	6945996	5514	667	7	410	417
tlm_apply_forward_mod_add_fold	6945996	6946683	687	67	5	67	67
tlm_apply_forward_mod_add_clean	6946683	6946962	279	19	0	20	22
tlm_apply_forward_swap	6946962	6947730	768	256	0	0	0
tlm_apply_forward_fold	6947730	6949293	1563	335	0	43	50
tlm_multiply_gcd_reverse_body	6949293	6952152	2859	419	3	165	167
tlm_multiply_gcd_reverse_decode	6952152	6952158	6	0	0	0	3
tlm_multiply_gcd_reverse_apply	6952158	6952159	1	0	0	0	0
tlm_apply_forward_mod_add_register	6952159	6957673	5514	667	7	410	417
tlm_apply_forward_mod_add_fold	6957673	6958348	675	66	4	66	66
tlm_apply_forward_mod_add_clean	6958348	6958627	279	19	0	20	22
tlm_apply_forward_swap	6958627	6959395	768	256	0	0	0
tlm_apply_forward_fold	6959395	6960962	1567	333	0	44	51
tlm_multiply_gcd_reverse_body	6960962	6963833	2871	421	3	166	168
tlm_multiply_gcd_reverse_decode	6963833	6963839	6	0	0	0	3
tlm_multiply_gcd_reverse_apply	6963839	6963840	1	0	0	0	0
tlm_apply_forward_mod_add_register	6963840	6969041	5201	645	6	388	394
tlm_apply_forward_mod_add_fold	6969041	6969716	675	66	4	66	66
tlm_apply_forward_mod_add_clean	6969716	6969995	279	19	0	20	22
tlm_apply_forward_swap	6969995	6970763	768	256	0	0	0
tlm_apply_forward_fold	6970763	6972334	1571	331	0	45	52
tlm_multiply_gcd_reverse_body	6972334	6975217	2883	423	3	167	169
tlm_multiply_gcd_reverse_decode	6975217	6975381	164	19	0	3	8
tlm_multiply_gcd_reverse_apply	6975381	6975382	1	0	0	0	0
tlm_apply_forward_mod_add_register	6975382	6980896	5514	667	7	410	417
tlm_apply_forward_mod_add_fold	6980896	6981571	675	66	4	66	66
tlm_apply_forward_mod_add_clean	6981571	6981850	279	19	0	20	22
tlm_apply_forward_swap	6981850	6982618	768	256	0	0	0
tlm_apply_forward_fold	6982618	6984185	1567	333	0	44	51
tlm_multiply_gcd_reverse_body	6984185	6987124	2939	431	3	170	172
tlm_multiply_gcd_reverse_decode	6987124	6987130	6	0	0	0	3
tlm_multiply_gcd_reverse_apply	6987130	6987131	1	0	0	0	0
tlm_apply_forward_mod_add_register	6987131	6992332	5201	645	6	388	394
tlm_apply_forward_mod_add_fold	6992332	6993007	675	66	4	66	66
tlm_apply_forward_mod_add_clean	6993007	6993286	279	19	0	20	22
tlm_apply_forward_swap	6993286	6994054	768	256	0	0	0
tlm_apply_forward_fold	6994054	6995625	1571	331	0	45	52
tlm_multiply_gcd_reverse_body	6995625	6998576	2951	433	3	171	173
tlm_multiply_gcd_reverse_decode	6998576	6998582	6	0	0	0	3
tlm_multiply_gcd_reverse_apply	6998582	6998583	1	0	0	0	0
tlm_apply_forward_mod_add_register	6998583	7003784	5201	645	6	388	394
tlm_apply_forward_mod_add_fold	7003784	7004433	649	64	3	64	64
tlm_apply_forward_mod_add_clean	7004433	7004712	279	19	0	20	22
tlm_apply_forward_swap	7004712	7005480	768	256	0	0	0
tlm_apply_forward_fold	7005480	7007051	1571	331	0	45	52
tlm_multiply_gcd_reverse_body	7007051	7010006	2955	433	3	172	174
tlm_multiply_gcd_reverse_decode	7010006	7010170	164	19	0	3	8
tlm_multiply_gcd_reverse_apply	7010170	7010171	1	0	0	0	0
tlm_apply_forward_mod_add_register	7010171	7015372	5201	645	6	388	394
tlm_apply_forward_mod_add_fold	7015372	7016047	675	66	4	66	66
tlm_apply_forward_mod_add_clean	7016047	7016326	279	19	0	20	22
tlm_apply_forward_swap	7016326	7017094	768	256	0	0	0
tlm_apply_forward_fold	7017094	7018665	1571	331	0	45	52
tlm_multiply_gcd_reverse_body	7018665	7021676	3011	441	3	175	177
tlm_multiply_gcd_reverse_decode	7021676	7021682	6	0	0	0	3
tlm_multiply_gcd_reverse_apply	7021682	7021683	1	0	0	0	0
tlm_apply_forward_mod_add_register	7021683	7026884	5201	645	6	388	394
tlm_apply_forward_mod_add_fold	7026884	7027533	649	64	3	64	64
tlm_apply_forward_mod_add_clean	7027533	7027812	279	19	0	20	22
tlm_apply_forward_swap	7027812	7028580	768	256	0	0	0
tlm_apply_forward_fold	7028580	7030151	1571	331	0	45	52
tlm_multiply_gcd_reverse_body	7030151	7033182	3031	445	3	176	178
tlm_multiply_gcd_reverse_decode	7033182	7033188	6	0	0	0	3
tlm_multiply_gcd_reverse_apply	7033188	7033189	1	0	0	0	0
tlm_apply_forward_mod_add_register	7033189	7038390	5201	645	6	388	394
tlm_apply_forward_mod_add_fold	7038390	7039039	649	64	3	64	64
tlm_apply_forward_mod_add_clean	7039039	7039318	279	19	0	20	22
tlm_apply_forward_swap	7039318	7040086	768	256	0	0	0
tlm_apply_forward_fold	7040086	7041661	1575	329	0	46	53
tlm_multiply_gcd_reverse_body	7041661	7044696	3035	445	3	177	179
tlm_multiply_gcd_reverse_decode	7044696	7044860	164	19	0	3	8
tlm_multiply_gcd_reverse_apply	7044860	7044861	1	0	0	0	0
tlm_apply_forward_mod_add_register	7044861	7050062	5201	645	6	388	394
tlm_apply_forward_mod_add_fold	7050062	7050711	649	64	3	64	64
tlm_apply_forward_mod_add_clean	7050711	7050990	279	19	0	20	22
tlm_apply_forward_swap	7050990	7051758	768	256	0	0	0
tlm_apply_forward_fold	7051758	7053329	1571	331	0	45	52
tlm_multiply_gcd_reverse_body	7053329	7056420	3091	453	3	180	182
tlm_multiply_gcd_reverse_decode	7056420	7056426	6	0	0	0	3
tlm_multiply_gcd_reverse_apply	7056426	7056427	1	0	0	0	0
tlm_apply_forward_mod_add_register	7056427	7061628	5201	645	6	388	394
tlm_apply_forward_mod_add_fold	7061628	7062277	649	64	3	64	64
tlm_apply_forward_mod_add_clean	7062277	7062556	279	19	0	20	22
tlm_apply_forward_swap	7062556	7063324	768	256	0	0	0
tlm_apply_forward_fold	7063324	7064899	1575	329	0	46	53
tlm_multiply_gcd_reverse_body	7064899	7068010	3111	457	3	181	183
tlm_multiply_gcd_reverse_decode	7068010	7068016	6	0	0	0	3
tlm_multiply_gcd_reverse_apply	7068016	7068017	1	0	0	0	0
tlm_apply_forward_mod_add_register	7068017	7073218	5201	645	6	388	394
tlm_apply_forward_mod_add_fold	7073218	7073867	649	64	3	64	64
tlm_apply_forward_mod_add_clean	7073867	7074146	279	19	0	20	22
tlm_apply_forward_swap	7074146	7074914	768	256	0	0	0
tlm_apply_forward_fold	7074914	7076493	1579	327	0	47	54
tlm_multiply_gcd_reverse_body	7076493	7079608	3115	457	3	182	184
tlm_multiply_gcd_reverse_decode	7079608	7079772	164	19	0	3	8
tlm_multiply_gcd_reverse_apply	7079772	7079773	1	0	0	0	0
tlm_apply_forward_mod_add_register	7079773	7084974	5201	645	6	388	394
tlm_apply_forward_mod_add_fold	7084974	7085623	649	64	3	64	64
tlm_apply_forward_mod_add_clean	7085623	7085902	279	19	0	20	22
tlm_apply_forward_swap	7085902	7086670	768	256	0	0	0
tlm_apply_forward_fold	7086670	7088245	1575	329	0	46	53
tlm_multiply_gcd_reverse_body	7088245	7091416	3171	465	3	185	187
tlm_multiply_gcd_reverse_decode	7091416	7091422	6	0	0	0	3
tlm_multiply_gcd_reverse_apply	7091422	7091423	1	0	0	0	0
tlm_apply_forward_mod_add_register	7091423	7096624	5201	645	6	388	394
tlm_apply_forward_mod_add_fold	7096624	7097273	649	64	3	64	64
tlm_apply_forward_mod_add_clean	7097273	7097552	279	19	0	20	22
tlm_apply_forward_swap	7097552	7098320	768	256	0	0	0
tlm_apply_forward_fold	7098320	7099899	1579	327	0	47	54
tlm_multiply_gcd_reverse_body	7099899	7103082	3183	467	3	186	188
tlm_multiply_gcd_reverse_decode	7103082	7103088	6	0	0	0	3
tlm_multiply_gcd_reverse_apply	7103088	7103089	1	0	0	0	0
tlm_apply_forward_mod_add_register	7103089	7108290	5201	645	6	388	394
tlm_apply_forward_mod_add_fold	7108290	7108925	635	62	4	62	62
tlm_apply_forward_mod_add_clean	7108925	7109204	279	19	0	20	22
tlm_apply_forward_swap	7109204	7109972	768	256	0	0	0
tlm_apply_forward_fold	7109972	7111555	1583	325	0	48	55
tlm_multiply_gcd_reverse_body	7111555	7114742	3187	467	3	187	189
tlm_multiply_gcd_reverse_decode	7114742	7114906	164	19	0	3	8
tlm_multiply_gcd_reverse_apply	7114906	7114907	1	0	0	0	0
tlm_apply_forward_mod_add_register	7114907	7120108	5201	645	6	388	394
tlm_apply_forward_mod_add_fold	7120108	7120757	649	64	3	64	64
tlm_apply_forward_mod_add_clean	7120757	7121036	279	19	0	20	22
tlm_apply_forward_swap	7121036	7121804	768	256	0	0	0
tlm_apply_forward_fold	7121804	7123383	1579	327	0	47	54
tlm_multiply_gcd_reverse_body	7123383	7126626	3243	475	3	190	192
tlm_multiply_gcd_reverse_decode	7126626	7126632	6	0	0	0	3
tlm_multiply_gcd_reverse_apply	7126632	7126633	1	0	0	0	0
tlm_apply_forward_mod_add_register	7126633	7131834	5201	645	6	388	394
tlm_apply_forward_mod_add_fold	7131834	7132469	635	62	4	62	62
tlm_apply_forward_mod_add_clean	7132469	7132748	279	19	0	20	22
tlm_apply_forward_swap	7132748	7133516	768	256	0	0	0
tlm_apply_forward_fold	7133516	7135099	1583	325	0	48	55
tlm_multiply_gcd_reverse_body	7135099	7138362	3263	479	3	191	193
tlm_multiply_gcd_reverse_decode	7138362	7138368	6	0	0	0	3
tlm_multiply_gcd_reverse_apply	7138368	7138369	1	0	0	0	0
tlm_apply_forward_mod_add_register	7138369	7143257	4888	623	5	366	371
tlm_apply_forward_mod_add_fold	7143257	7143876	619	61	3	61	61
tlm_apply_forward_mod_add_clean	7143876	7144155	279	19	0	20	22
tlm_apply_forward_swap	7144155	7144923	768	256	0	0	0
tlm_apply_forward_fold	7144923	7146507	1584	322	0	48	56
tlm_multiply_gcd_reverse_body	7146507	7149768	3261	480	3	191	193
tlm_multiply_gcd_reverse_decode	7149768	7149932	164	19	0	3	8
tlm_multiply_gcd_reverse_apply	7149932	7149933	1	0	0	0	0
tlm_apply_forward_mod_add_register	7149933	7155134	5201	645	6	388	394
tlm_apply_forward_mod_add_fold	7155134	7155769	635	62	4	62	62
tlm_apply_forward_mod_add_clean	7155769	7156048	279	19	0	20	22
tlm_apply_forward_swap	7156048	7156816	768	256	0	0	0
tlm_apply_forward_fold	7156816	7158399	1583	325	0	48	55
tlm_multiply_gcd_reverse_body	7158399	7161722	3323	487	3	195	197
tlm_multiply_gcd_reverse_decode	7161722	7161728	6	0	0	0	3
tlm_multiply_gcd_reverse_apply	7161728	7161729	1	0	0	0	0
tlm_apply_forward_mod_add_register	7161729	7166617	4888	623	5	366	371
tlm_apply_forward_mod_add_fold	7166617	7167236	619	61	3	61	61
tlm_apply_forward_mod_add_clean	7167236	7167515	279	19	0	20	22
tlm_apply_forward_swap	7167515	7168283	768	256	0	0	0
tlm_apply_forward_fold	7168283	7169867	1584	322	0	48	56
tlm_multiply_gcd_reverse_body	7169867	7173196	3329	490	3	195	197
tlm_multiply_gcd_reverse_decode	7173196	7173202	6	0	0	0	3
tlm_multiply_gcd_reverse_apply	7173202	7173203	1	0	0	0	0
tlm_apply_forward_mod_add_register	7173203	7178091	4888	623	5	366	371
tlm_apply_forward_mod_add_fold	7178091	7178710	619	61	3	61	61
tlm_apply_forward_mod_add_clean	7178710	7178989	279	19	0	20	22
tlm_apply_forward_swap	7178989	7179757	768	256	0	0	0
tlm_apply_forward_fold	7179757	7181345	1588	320	0	49	57
tlm_multiply_gcd_reverse_body	7181345	7184680	3335	493	3	195	197
tlm_multiply_gcd_reverse_decode	7184680	7184844	164	19	0	3	8
tlm_multiply_gcd_reverse_apply	7184844	7184845	1	0	0	0	0
tlm_apply_forward_mod_add_register	7184845	7189733	4888	623	5	366	371
tlm_apply_forward_mod_add_fold	7189733	7190352	619	61	3	61	61
tlm_apply_forward_mod_add_clean	7190352	7190631	279	19	0	20	22
tlm_apply_forward_swap	7190631	7191399	768	256	0	0	0
tlm_apply_forward_fold	7191399	7192983	1584	322	0	48	56
tlm_multiply_gcd_reverse_body	7192983	7196380	3397	500	3	199	201
tlm_multiply_gcd_reverse_decode	7196380	7196386	6	0	0	0	3
tlm_multiply_gcd_reverse_apply	7196386	7196387	1	0	0	0	0
tlm_apply_forward_mod_add_register	7196387	7201275	4888	623	5	366	371
tlm_apply_forward_mod_add_fold	7201275	7201894	619	61	3	61	61
tlm_apply_forward_mod_add_clean	7201894	7202173	279	19	0	20	22
tlm_apply_forward_swap	7202173	7202941	768	256	0	0	0
tlm_apply_forward_fold	7202941	7204529	1588	320	0	49	57
tlm_multiply_gcd_reverse_body	7204529	7207946	3417	504	3	200	202
tlm_multiply_gcd_reverse_decode	7207946	7207952	6	0	0	0	3
tlm_multiply_gcd_reverse_apply	7207952	7207953	1	0	0	0	0
tlm_apply_forward_mod_add_register	7207953	7212841	4888	623	5	366	371
tlm_apply_forward_mod_add_fold	7212841	7213434	593	59	2	59	59
tlm_apply_forward_mod_add_clean	7213434	7213713	279	19	0	20	22
tlm_apply_forward_swap	7213713	7214481	768	256	0	0	0
tlm_apply_forward_fold	7214481	7216073	1592	318	0	50	58
tlm_multiply_gcd_reverse_body	7216073	7219468	3395	505	3	198	200
tlm_multiply_gcd_reverse_decode	7219468	7219632	164	19	0	3	8
tlm_multiply_gcd_reverse_apply	7219632	7219633	1	0	0	0	0
tlm_apply_forward_mod_add_register	7219633	7224521	4888	623	5	366	371
tlm_apply_forward_mod_add_fold	7224521	7225140	619	61	3	61	61
tlm_apply_forward_mod_add_clean	7225140	7225419	279	19	0	20	22
tlm_apply_forward_swap	7225419	7226187	768	256	0	0	0
tlm_apply_forward_fold	7226187	7227775	1588	320	0	49	57
tlm_multiply_gcd_reverse_body	7227775	7231246	3471	513	3	203	205
tlm_multiply_gcd_reverse_decode	7231246	7231252	6	0	0	0	3
tlm_multiply_gcd_reverse_apply	7231252	7231253	1	0	0	0	0
tlm_apply_forward_mod_add_register	7231253	7236141	4888	623	5	366	371
tlm_apply_forward_mod_add_fold	7236141	7236734	593	59	2	59	59
tlm_apply_forward_mod_add_clean	7236734	7237013	279	19	0	20	22
tlm_apply_forward_swap	7237013	7237781	768	256	0	0	0
tlm_apply_forward_fold	7237781	7239373	1592	318	0	50	58
tlm_multiply_gcd_reverse_body	7239373	7242850	3477	516	3	203	205
tlm_multiply_gcd_reverse_decode	7242850	7242856	6	0	0	0	3
tlm_multiply_gcd_reverse_apply	7242856	7242857	1	0	0	0	0
tlm_apply_forward_mod_add_register	7242857	7247745	4888	623	5	366	371
tlm_apply_forward_mod_add_fold	7247745	7248338	593	59	2	59	59
tlm_apply_forward_mod_add_clean	7248338	7248617	279	19	0	20	22
tlm_apply_forward_swap	7248617	7249385	768	256	0	0	0
tlm_apply_forward_fold	7249385	7250981	1596	316	0	51	59
tlm_multiply_gcd_reverse_body	7250981	7254450	3469	518	3	202	204
tlm_multiply_gcd_reverse_decode	7254450	7254614	164	19	0	3	8
tlm_multiply_gcd_reverse_apply	7254614	7254615	1	0	0	0	0
tlm_apply_forward_mod_add_register	7254615	7259503	4888	623	5	366	371
tlm_apply_forward_mod_add_fold	7259503	7260096	593	59	2	59	59
tlm_apply_forward_mod_add_clean	7260096	7260375	279	19	0	20	22
tlm_apply_forward_swap	7260375	7261143	768	256	0	0	0
tlm_apply_forward_fold	7261143	7262735	1592	318	0	50	58
tlm_multiply_gcd_reverse_body	7262735	7266266	3531	525	3	206	208
tlm_multiply_gcd_reverse_decode	7266266	7266272	6	0	0	0	3
tlm_multiply_gcd_reverse_apply	7266272	7266273	1	0	0	0	0
tlm_apply_forward_mod_add_register	7266273	7271161	4888	623	5	366	371
tlm_apply_forward_mod_add_fold	7271161	7271754	593	59	2	59	59
tlm_apply_forward_mod_add_clean	7271754	7272033	279	19	0	20	22
tlm_apply_forward_swap	7272033	7272801	768	256	0	0	0
tlm_apply_forward_fold	7272801	7274397	1596	316	0	51	59
tlm_multiply_gcd_reverse_body	7274397	7277934	3537	528	3	206	208
tlm_multiply_gcd_reverse_decode	7277934	7277940	6	0	0	0	3
tlm_multiply_gcd_reverse_apply	7277940	7277941	1	0	0	0	0
tlm_apply_forward_mod_add_register	7277941	7282829	4888	623	5	366	371
tlm_apply_forward_mod_add_fold	7282829	7283418	589	58	3	58	58
tlm_apply_forward_mod_add_clean	7283418	7283697	279	19	0	20	22
tlm_apply_forward_swap	7283697	7284465	768	256	0	0	0
tlm_apply_forward_fold	7284465	7286065	1600	314	0	52	60
tlm_multiply_gcd_reverse_body	7286065	7289608	3543	531	3	206	208
tlm_multiply_gcd_reverse_decode	7289608	7289772	164	19	0	3	8
tlm_multiply_gcd_reverse_apply	7289772	7289773	1	0	0	0	0
tlm_apply_forward_mod_add_register	7289773	7294661	4888	623	5	366	371
tlm_apply_forward_mod_add_fold	7294661	7295254	593	59	2	59	59
tlm_apply_forward_mod_add_clean	7295254	7295533	279	19	0	20	22
tlm_apply_forward_swap	7295533	7296301	768	256	0	0	0
tlm_apply_forward_fold	7296301	7297897	1596	316	0	51	59
tlm_multiply_gcd_reverse_body	7297897	7301502	3605	538	3	210	212
tlm_multiply_gcd_reverse_decode	7301502	7301508	6	0	0	0	3
tlm_multiply_gcd_reverse_apply	7301508	7301509	1	0	0	0	0
tlm_apply_forward_mod_add_register	7301509	7306397	4888	623	5	366	371
tlm_apply_forward_mod_add_fold	7306397	7306986	589	58	3	58	58
tlm_apply_forward_mod_add_clean	7306986	7307265	279	19	0	20	22
tlm_apply_forward_swap	7307265	7308033	768	256	0	0	0
tlm_apply_forward_fold	7308033	7309633	1600	314	0	52	60
tlm_multiply_gcd_reverse_body	7309633	7313230	3597	540	3	209	211
tlm_multiply_gcd_reverse_decode	7313230	7313236	6	0	0	0	3
tlm_multiply_gcd_reverse_apply	7313236	7313237	1	0	0	0	0
tlm_apply_forward_mod_add_register	7313237	7318125	4888	623	5	366	371
tlm_apply_forward_mod_add_fold	7318125	7318698	573	57	2	57	57
tlm_apply_forward_mod_add_clean	7318698	7318977	279	19	0	20	22
tlm_apply_forward_swap	7318977	7319745	768	256	0	0	0
tlm_apply_forward_fold	7319745	7321346	1601	313	0	52	59
tlm_multiply_gcd_reverse_body	7321346	7324963	3617	544	3	210	212
tlm_multiply_gcd_reverse_decode	7324963	7325127	164	19	0	3	8
tlm_multiply_gcd_reverse_apply	7325127	7325128	1	0	0	0	0
tlm_apply_forward_mod_add_register	7325128	7330016	4888	623	5	366	371
tlm_apply_forward_mod_add_fold	7330016	7330605	589	58	3	58	58
tlm_apply_forward_mod_add_clean	7330605	7330884	279	19	0	20	22
tlm_apply_forward_swap	7330884	7331652	768	256	0	0	0
tlm_apply_forward_fold	7331652	7333252	1600	314	0	52	60
tlm_multiply_gcd_reverse_body	7333252	7336931	3679	551	3	214	216
tlm_multiply_gcd_reverse_decode	7336931	7336937	6	0	0	0	3
tlm_multiply_gcd_reverse_apply	7336937	7336938	1	0	0	0	0
tlm_apply_forward_mod_add_register	7336938	7341826	4888	623	5	366	371
tlm_apply_forward_mod_add_fold	7341826	7342399	573	57	2	57	57
tlm_apply_forward_mod_add_clean	7342399	7342678	279	19	0	20	22
tlm_apply_forward_swap	7342678	7343446	768	256	0	0	0
tlm_apply_forward_fold	7343446	7345047	1601	313	0	52	59
tlm_multiply_gcd_reverse_body	7345047	7348718	3671	553	3	213	215
tlm_multiply_gcd_reverse_decode	7348718	7348724	6	0	0	0	3
tlm_multiply_gcd_reverse_apply	7348724	7348725	1	0	0	0	0
tlm_apply_forward_mod_add_register	7348725	7353613	4888	623	5	366	371
tlm_apply_forward_mod_add_fold	7353613	7354186	573	57	2	57	57
tlm_apply_forward_mod_add_clean	7354186	7354465	279	19	0	20	22
tlm_apply_forward_swap	7354465	7355233	768	256	0	0	0
tlm_apply_forward_fold	7355233	7356838	1605	311	0	53	60
tlm_multiply_gcd_reverse_body	7356838	7360529	3691	557	3	214	216
tlm_multiply_gcd_reverse_decode	7360529	7360693	164	19	0	3	8
tlm_multiply_gcd_reverse_apply	7360693	7360694	1	0	0	0	0
tlm_apply_forward_mod_add_register	7360694	7365582	4888	623	5	366	371
tlm_apply_forward_mod_add_fold	7365582	7366155	573	57	2	57	57
tlm_apply_forward_mod_add_clean	7366155	7366434	279	19	0	20	22
tlm_apply_forward_swap	7366434	7367202	768	256	0	0	0
tlm_apply_forward_fold	7367202	7368803	1601	313	0	52	59
tlm_multiply_gcd_reverse_body	7368803	7372542	3739	563	3	217	219
tlm_multiply_gcd_reverse_decode	7372542	7372548	6	0	0	0	3
tlm_multiply_gcd_reverse_apply	7372548	7372549	1	0	0	0	0
tlm_apply_forward_mod_add_register	7372549	7377437	4888	623	5	366	371
tlm_apply_forward_mod_add_fold	7377437	7378010	573	57	2	57	57
tlm_apply_forward_mod_add_clean	7378010	7378289	279	19	0	20	22
tlm_apply_forward_swap	7378289	7379057	768	256	0	0	0
tlm_apply_forward_fold	7379057	7380662	1605	311	0	53	60
tlm_multiply_gcd_reverse_body	7380662	7384407	3745	566	3	217	219
tlm_multiply_gcd_reverse_decode	7384407	7384413	6	0	0	0	3
tlm_multiply_gcd_reverse_apply	7384413	7384414	1	0	0	0	0
tlm_apply_forward_mod_add_register	7384414	7389302	4888	623	5	366	371
tlm_apply_forward_mod_add_fold	7389302	7389875	573	57	2	57	57
tlm_apply_forward_mod_add_clean	7389875	7390154	279	19	0	20	22
tlm_apply_forward_swap	7390154	7390922	768	256	0	0	0
tlm_apply_forward_fold	7390922	7392523	1601	313	0	52	59
tlm_multiply_gcd_reverse_body	7392523	7396378	3855	579	3	224	226
tlm_multiply_gcd_reverse_decode	7396378	7396542	164	19	0	3	8
tlm_multiply_gcd_reverse_apply	7396542	7396543	1	0	0	0	0
tlm_apply_forward_mod_add_register	7396543	7401431	4888	623	5	366	371
tlm_apply_forward_mod_add_fold	7401431	7402004	573	57	2	57	57
tlm_apply_forward_mod_add_clean	7402004	7402283	279	19	0	20	22
tlm_apply_forward_swap	7402283	7403051	768	256	0	0	0
tlm_apply_forward_fold	7403051	7404656	1605	311	0	53	60
tlm_multiply_gcd_reverse_body	7404656	7408469	3813	576	3	221	223
tlm_multiply_gcd_reverse_decode	7408469	7408475	6	0	0	0	3
tlm_multiply_gcd_reverse_apply	7408475	7408476	1	0	0	0	0
tlm_apply_forward_mod_add_register	7408476	7413364	4888	623	5	366	371
tlm_apply_forward_mod_add_fold	7413364	7413937	573	57	2	57	57
tlm_apply_forward_mod_add_clean	7413937	7414216	279	19	0	20	22
tlm_apply_forward_swap	7414216	7414984	768	256	0	0	0
tlm_apply_forward_fold	7414984	7416585	1601	313	0	52	59
tlm_multiply_gcd_reverse_body	7416585	7420481	3896	587	3	226	229
tlm_multiply_gcd_reverse_decode	7420481	7420487	6	0	0	0	3
tlm_multiply_gcd_reverse_apply	7420487	7420488	1	0	0	0	0
tlm_apply_forward_mod_add_register	7420488	7425376	4888	623	5	366	371
tlm_apply_forward_mod_add_fold	7425376	7425949	573	57	2	57	57
tlm_apply_forward_mod_add_clean	7425949	7426228	279	19	0	20	22
tlm_apply_forward_swap	7426228	7426996	768	256	0	0	0
tlm_apply_forward_fold	7426996	7428601	1605	311	0	53	60
tlm_multiply_gcd_reverse_body	7428601	7432503	3902	590	3	226	229
tlm_multiply_gcd_reverse_decode	7432503	7432667	164	19	0	3	8
tlm_multiply_gcd_reverse_apply	7432667	7432668	1	0	0	0	0
tlm_apply_forward_mod_add_register	7432668	7437556	4888	623	5	366	371
tlm_apply_forward_mod_add_fold	7437556	7438129	573	57	2	57	57
tlm_apply_forward_mod_add_clean	7438129	7438408	279	19	0	20	22
tlm_apply_forward_swap	7438408	7439176	768	256	0	0	0
tlm_apply_forward_fold	7439176	7440777	1601	313	0	52	59
tlm_multiply_gcd_reverse_body	7440777	7444713	3936	595	3	228	231
tlm_multiply_gcd_reverse_decode	7444713	7444719	6	0	0	0	3
tlm_multiply_gcd_reverse_apply	7444719	7444720	1	0	0	0	0
tlm_apply_forward_mod_add_register	7444720	7449295	4575	601	4	344	348
tlm_apply_forward_mod_add_fold	7449295	7449848	553	55	2	55	55
tlm_apply_forward_mod_add_clean	7449848	7450127	279	19	0	20	22
tlm_apply_forward_swap	7450127	7450895	768	256	0	0	0
tlm_apply_forward_fold	7450895	7452512	1617	309	0	55	62
tlm_multiply_gcd_reverse_body	7452512	7456391	3879	591	3	224	226
tlm_multiply_gcd_reverse_decode	7456391	7456397	6	0	0	0	3
tlm_multiply_gcd_reverse_apply	7456397	7456398	1	0	0	0	0
tlm_apply_forward_mod_add_register	7456398	7460973	4575	601	4	344	348
tlm_apply_forward_mod_add_fold	7460973	7461526	553	55	2	55	55
tlm_apply_forward_mod_add_clean	7461526	7461805	279	19	0	20	22
tlm_apply_forward_swap	7461805	7462573	768	256	0	0	0
tlm_apply_forward_fold	7462573	7464190	1617	309	0	55	62
tlm_multiply_gcd_reverse_body	7464190	7468089	3899	595	3	225	227
tlm_multiply_gcd_reverse_decode	7468089	7468253	164	19	0	3	8
tlm_multiply_gcd_reverse_apply	7468253	7468254	1	0	0	0	0
tlm_apply_forward_mod_add_register	7468254	7472829	4575	601	4	344	348
tlm_apply_forward_mod_add_fold	7472829	7473382	553	55	2	55	55
tlm_apply_forward_mod_add_clean	7473382	7473661	279	19	0	20	22
tlm_apply_forward_swap	7473661	7474429	768	256	0	0	0
tlm_apply_forward_fold	7474429	7476046	1617	309	0	55	62
tlm_multiply_gcd_reverse_body	7476046	7479993	3947	601	3	228	230
tlm_multiply_gcd_reverse_decode	7479993	7479999	6	0	0	0	3
tlm_multiply_gcd_reverse_apply	7479999	7480000	1	0	0	0	0
tlm_apply_forward_mod_add_register	7480000	7484575	4575	601	4	344	348
tlm_apply_forward_mod_add_fold	7484575	7485128	553	55	2	55	55
tlm_apply_forward_mod_add_clean	7485128	7485407	279	19	0	20	22
tlm_apply_forward_swap	7485407	7486175	768	256	0	0	0
tlm_apply_forward_fold	7486175	7487792	1617	309	0	55	62
tlm_multiply_gcd_reverse_body	7487792	7491745	3953	604	3	228	230
tlm_multiply_gcd_reverse_decode	7491745	7491751	6	0	0	0	3
tlm_multiply_gcd_reverse_apply	7491751	7491752	1	0	0	0	0
tlm_apply_forward_mod_add_register	7491752	7496327	4575	601	4	344	348
tlm_apply_forward_mod_add_fold	7496327	7496880	553	55	2	55	55
tlm_apply_forward_mod_add_clean	7496880	7497159	279	19	0	20	22
tlm_apply_forward_swap	7497159	7497927	768	256	0	0	0
tlm_apply_forward_fold	7497927	7499544	1617	309	0	55	62
tlm_multiply_gcd_reverse_body	7499544	7503517	3973	608	3	229	231
tlm_multiply_gcd_reverse_decode	7503517	7503681	164	19	0	3	8
tlm_multiply_gcd_reverse_apply	7503681	7503682	1	0	0	0	0
tlm_apply_forward_mod_add_register	7503682	7508257	4575	601	4	344	348
tlm_apply_forward_mod_add_fold	7508257	7508810	553	55	2	55	55
tlm_apply_forward_mod_add_clean	7508810	7509089	279	19	0	20	22
tlm_apply_forward_swap	7509089	7509857	768	256	0	0	0
tlm_apply_forward_fold	7509857	7511474	1617	309	0	55	62
tlm_multiply_gcd_reverse_body	7511474	7515496	4022	614	3	232	235
tlm_multiply_gcd_reverse_decode	7515496	7515502	6	0	0	0	3
tlm_multiply_gcd_reverse_apply	7515502	7515503	1	0	0	0	0
tlm_apply_forward_mod_add_register	7515503	7520078	4575	601	4	344	348
tlm_apply_forward_mod_add_fold	7520078	7520631	553	55	2	55	55
tlm_apply_forward_mod_add_clean	7520631	7520910	279	19	0	20	22
tlm_apply_forward_swap	7520910	7521678	768	256	0	0	0
tlm_apply_forward_fold	7521678	7523295	1617	309	0	55	62
tlm_multiply_gcd_reverse_body	7523295	7527343	4048	621	3	233	236
tlm_multiply_gcd_reverse_decode	7527343	7527349	6	0	0	0	3
tlm_multiply_gcd_reverse_apply	7527349	7527350	1	0	0	0	0
tlm_apply_forward_mod_add_register	7527350	7531925	4575	601	4	344	348
tlm_apply_forward_mod_add_fold	7531925	7532478	553	55	2	55	55
tlm_apply_forward_mod_add_clean	7532478	7532757	279	19	0	20	22
tlm_apply_forward_swap	7532757	7533525	768	256	0	0	0
tlm_apply_forward_fold	7533525	7535142	1617	309	0	55	62
tlm_multiply_gcd_reverse_body	7535142	7539224	4082	626	3	235	238
tlm_multiply_gcd_reverse_decode	7539224	7539388	164	19	0	3	8
tlm_multiply_gcd_reverse_apply	7539388	7539389	1	0	0	0	0
tlm_apply_forward_mod_add_register	7539389	7543964	4575	601	4	344	348
tlm_apply_forward_mod_add_fold	7543964	7544517	553	55	2	55	55
tlm_apply_forward_mod_add_clean	7544517	7544796	279	19	0	20	22
tlm_apply_forward_swap	7544796	7545564	768	256	0	0	0
tlm_apply_forward_fold	7545564	7547181	1617	309	0	55	62
tlm_multiply_gcd_reverse_body	7547181	7551283	4102	630	3	236	239
tlm_multiply_gcd_reverse_decode	7551283	7551289	6	0	0	0	3
tlm_multiply_gcd_reverse_apply	7551289	7551290	1	0	0	0	0
tlm_apply_forward_mod_add_register	7551290	7555865	4575	601	4	344	348
tlm_apply_forward_mod_add_fold	7555865	7556418	553	55	2	55	55
tlm_apply_forward_mod_add_clean	7556418	7556697	279	19	0	20	22
tlm_apply_forward_swap	7556697	7557465	768	256	0	0	0
tlm_apply_forward_fold	7557465	7559082	1617	309	0	55	62
tlm_multiply_gcd_reverse_body	7559082	7563204	4122	634	3	237	240
tlm_multiply_gcd_reverse_decode	7563204	7563210	6	0	0	0	3
tlm_multiply_gcd_reverse_apply	7563210	7563211	1	0	0	0	0
tlm_apply_forward_mod_add_register	7563211	7567786	4575	601	4	344	348
tlm_apply_forward_mod_add_fold	7567786	7568339	553	55	2	55	55
tlm_apply_forward_mod_add_clean	7568339	7568618	279	19	0	20	22
tlm_apply_forward_swap	7568618	7569386	768	256	0	0	0
tlm_apply_forward_fold	7569386	7571003	1617	309	0	55	62
tlm_multiply_gcd_reverse_body	7571003	7575145	4142	638	3	238	241
tlm_multiply_gcd_reverse_decode	7575145	7575309	164	19	0	3	8
tlm_multiply_gcd_reverse_apply	7575309	7575310	1	0	0	0	0
tlm_apply_forward_mod_add_register	7575310	7579885	4575	601	4	344	348
tlm_apply_forward_mod_add_fold	7579885	7580438	553	55	2	55	55
tlm_apply_forward_mod_add_clean	7580438	7580717	279	19	0	20	22
tlm_apply_forward_swap	7580717	7581485	768	256	0	0	0
tlm_apply_forward_fold	7581485	7583102	1617	309	0	55	62
tlm_multiply_gcd_reverse_body	7583102	7587250	4148	641	3	238	241
tlm_multiply_gcd_reverse_decode	7587250	7587256	6	0	0	0	3
tlm_multiply_gcd_reverse_apply	7587256	7587257	1	0	0	0	0
tlm_apply_forward_mod_add_register	7587257	7591832	4575	601	4	344	348
tlm_apply_forward_mod_add_fold	7591832	7592385	553	55	2	55	55
tlm_apply_forward_mod_add_clean	7592385	7592664	279	19	0	20	22
tlm_apply_forward_swap	7592664	7593432	768	256	0	0	0
tlm_apply_forward_fold	7593432	7595049	1617	309	0	55	62
tlm_multiply_gcd_reverse_body	7595049	7599217	4168	645	3	239	242
tlm_multiply_gcd_reverse_decode	7599217	7599223	6	0	0	0	3
tlm_multiply_gcd_reverse_apply	7599223	7599224	1	0	0	0	0
tlm_apply_forward_mod_add_register	7599224	7603799	4575	601	4	344	348
tlm_apply_forward_mod_add_fold	7603799	7604352	553	55	2	55	55
tlm_apply_forward_mod_add_clean	7604352	7604631	279	19	0	20	22
tlm_apply_forward_swap	7604631	7605399	768	256	0	0	0
tlm_apply_forward_fold	7605399	7607016	1617	309	0	55	62
tlm_multiply_gcd_reverse_body	7607016	7611204	4188	649	3	240	243
tlm_multiply_gcd_reverse_decode	7611204	7611368	164	19	0	3	8
tlm_multiply_gcd_reverse_apply	7611368	7611369	1	0	0	0	0
tlm_apply_forward_mod_add_register	7611369	7615944	4575	601	4	344	348
tlm_apply_forward_mod_add_fold	7615944	7616497	553	55	2	55	55
tlm_apply_forward_mod_add_clean	7616497	7616776	279	19	0	20	22
tlm_apply_forward_swap	7616776	7617544	768	256	0	0	0
tlm_apply_forward_fold	7617544	7619161	1617	309	0	55	62
tlm_multiply_gcd_reverse_body	7619161	7623369	4208	653	3	241	244
tlm_multiply_gcd_reverse_decode	7623369	7623375	6	0	0	0	3
tlm_multiply_gcd_reverse_apply	7623375	7623376	1	0	0	0	0
tlm_apply_forward_mod_add_register	7623376	7627951	4575	601	4	344	348
tlm_apply_forward_mod_add_fold	7627951	7628504	553	55	2	55	55
tlm_apply_forward_mod_add_clean	7628504	7628783	279	19	0	20	22
tlm_apply_forward_swap	7628783	7629551	768	256	0	0	0
tlm_apply_forward_fold	7629551	7631168	1617	309	0	55	62
tlm_multiply_gcd_reverse_body	7631168	7635376	4208	653	3	241	244
tlm_multiply_gcd_reverse_decode	7635376	7635382	6	0	0	0	3
tlm_multiply_gcd_reverse_apply	7635382	7635383	1	0	0	0	0
tlm_apply_forward_mod_add_register	7635383	7639958	4575	601	4	344	348
tlm_apply_forward_mod_add_fold	7639958	7640511	553	55	2	55	55
tlm_apply_forward_mod_add_clean	7640511	7640790	279	19	0	20	22
tlm_apply_forward_swap	7640790	7641558	768	256	0	0	0
tlm_apply_forward_fold	7641558	7643175	1617	309	0	55	62
tlm_multiply_gcd_reverse_body	7643175	7647423	4248	661	3	243	246
tlm_multiply_gcd_reverse_decode	7647423	7647587	164	19	0	3	8
tlm_multiply_gcd_reverse_apply	7647587	7647588	1	0	0	0	0
tlm_apply_forward_mod_add_register	7647588	7652163	4575	601	4	344	348
tlm_apply_forward_mod_add_fold	7652163	7652716	553	55	2	55	55
tlm_apply_forward_mod_add_clean	7652716	7652995	279	19	0	20	22
tlm_apply_forward_swap	7652995	7653763	768	256	0	0	0
tlm_apply_forward_fold	7653763	7655380	1617	309	0	55	62
tlm_multiply_gcd_reverse_body	7655380	7659648	4268	665	3	244	247
tlm_multiply_gcd_reverse_decode	7659648	7659654	6	0	0	0	3
tlm_multiply_gcd_reverse_apply	7659654	7659655	1	0	0	0	0
tlm_apply_forward_mod_add_register	7659655	7664230	4575	601	4	344	348
tlm_apply_forward_mod_add_fold	7664230	7664783	553	55	2	55	55
tlm_apply_forward_mod_add_clean	7664783	7665062	279	19	0	20	22
tlm_apply_forward_swap	7665062	7665830	768	256	0	0	0
tlm_apply_forward_fold	7665830	7667447	1617	309	0	55	62
tlm_multiply_gcd_reverse_body	7667447	7671749	4302	670	3	246	249
tlm_multiply_gcd_reverse_decode	7671749	7671755	6	0	0	0	3
tlm_multiply_gcd_reverse_apply	7671755	7671756	1	0	0	0	0
tlm_apply_forward_mod_add_register	7671756	7676331	4575	601	4	344	348
tlm_apply_forward_mod_add_fold	7676331	7676884	553	55	2	55	55
tlm_apply_forward_mod_add_clean	7676884	7677163	279	19	0	20	22
tlm_apply_forward_swap	7677163	7677931	768	256	0	0	0
tlm_apply_forward_fold	7677931	7679548	1617	309	0	55	62
tlm_multiply_gcd_reverse_body	7679548	7683836	4288	669	3	245	248
tlm_multiply_gcd_reverse_decode	7683836	7684000	164	19	0	3	8
tlm_multiply_gcd_reverse_apply	7684000	7684001	1	0	0	0	0
tlm_apply_forward_mod_add_register	7684001	7688576	4575	601	4	344	348
tlm_apply_forward_mod_add_fold	7688576	7689129	553	55	2	55	55
tlm_apply_forward_mod_add_clean	7689129	7689408	279	19	0	20	22
tlm_apply_forward_swap	7689408	7690176	768	256	0	0	0
tlm_apply_forward_fold	7690176	7691793	1617	309	0	55	62
tlm_multiply_gcd_reverse_body	7691793	7696087	4294	672	3	245	248
tlm_multiply_gcd_reverse_decode	7696087	7696093	6	0	0	0	3
tlm_multiply_gcd_reverse_apply	7696093	7696094	1	0	0	0	0
tlm_apply_forward_mod_add_register	7696094	7700669	4575	601	4	344	348
tlm_apply_forward_mod_add_fold	7700669	7701222	553	55	2	55	55
tlm_apply_forward_mod_add_clean	7701222	7701501	279	19	0	20	22
tlm_apply_forward_swap	7701501	7702269	768	256	0	0	0
tlm_apply_forward_fold	7702269	7703886	1617	309	0	55	62
tlm_multiply_gcd_reverse_body	7703886	7708214	4328	677	3	247	250
tlm_multiply_gcd_reverse_decode	7708214	7708220	6	0	0	0	3
tlm_multiply_gcd_reverse_apply	7708220	7708221	1	0	0	0	0
tlm_apply_forward_mod_add_register	7708221	7712796	4575	601	4	344	348
tlm_apply_forward_mod_add_fold	7712796	7713349	553	55	2	55	55
tlm_apply_forward_mod_add_clean	7713349	7713628	279	19	0	20	22
tlm_apply_forward_swap	7713628	7714396	768	256	0	0	0
tlm_apply_forward_fold	7714396	7716013	1617	309	0	55	62
tlm_multiply_gcd_reverse_body	7716013	7720347	4334	680	3	247	250
tlm_multiply_gcd_reverse_decode	7720347	7720511	164	19	0	3	8
tlm_multiply_gcd_reverse_apply	7720511	7720512	1	0	0	0	0
tlm_apply_forward_mod_add_register	7720512	7725087	4575	601	4	344	348
tlm_apply_forward_mod_add_fold	7725087	7725640	553	55	2	55	55
tlm_apply_forward_mod_add_clean	7725640	7725919	279	19	0	20	22
tlm_apply_forward_swap	7725919	7726687	768	256	0	0	0
tlm_apply_forward_fold	7726687	7728304	1617	309	0	55	62
tlm_multiply_gcd_reverse_body	7728304	7732658	4354	684	3	248	251
tlm_multiply_gcd_reverse_decode	7732658	7732664	6	0	0	0	3
tlm_multiply_gcd_reverse_apply	7732664	7732665	1	0	0	0	0
tlm_apply_forward_mod_add_register	7732665	7737240	4575	601	4	344	348
tlm_apply_forward_mod_add_fold	7737240	7737793	553	55	2	55	55
tlm_apply_forward_mod_add_clean	7737793	7738072	279	19	0	20	22
tlm_apply_forward_swap	7738072	7738840	768	256	0	0	0
tlm_apply_forward_fold	7738840	7740457	1617	309	0	55	62
tlm_multiply_gcd_reverse_body	7740457	7744865	4408	693	3	251	254
tlm_multiply_gcd_reverse_decode	7744865	7744871	6	0	0	0	3
tlm_multiply_gcd_reverse_apply	7744871	7744872	1	0	0	0	0
tlm_apply_forward_mod_add_register	7744872	7749447	4575	601	4	344	348
tlm_apply_forward_mod_add_fold	7749447	7750000	553	55	2	55	55
tlm_apply_forward_mod_add_clean	7750000	7750279	279	19	0	20	22
tlm_apply_forward_swap	7750279	7751047	768	256	0	0	0
tlm_apply_forward_fold	7751047	7752664	1617	309	0	55	62
tlm_multiply_gcd_reverse_body	7752664	7757092	4428	697	3	252	255
tlm_multiply_gcd_reverse_decode	7757092	7757256	164	19	0	3	8
tlm_multiply_gcd_reverse_apply	7757256	7757257	1	0	0	0	0
tlm_apply_forward_mod_add_register	7757257	7761832	4575	601	4	344	348
tlm_apply_forward_mod_add_fold	7761832	7762385	553	55	2	55	55
tlm_apply_forward_mod_add_clean	7762385	7762664	279	19	0	20	22
tlm_apply_forward_swap	7762664	7763432	768	256	0	0	0
tlm_apply_forward_fold	7763432	7765049	1617	309	0	55	62
tlm_multiply_gcd_reverse_body	7765049	7769497	4448	701	3	253	256
tlm_multiply_gcd_reverse_decode	7769497	7769503	6	0	0	0	3
tlm_multiply_gcd_reverse_apply	7769503	7769504	1	0	0	0	0
tlm_apply_forward_mod_add_register	7769504	7774079	4575	601	4	344	348
tlm_apply_forward_mod_add_fold	7774079	7774632	553	55	2	55	55
tlm_apply_forward_mod_add_clean	7774632	7774911	279	19	0	20	22
tlm_apply_forward_swap	7774911	7775679	768	256	0	0	0
tlm_apply_forward_fold	7775679	7777296	1617	309	0	55	62
tlm_multiply_gcd_reverse_body	7777296	7781764	4468	705	3	254	257
tlm_multiply_gcd_reverse_decode	7781764	7781770	6	0	0	0	3
tlm_multiply_gcd_reverse_apply	7781770	7781771	1	0	0	0	0
tlm_apply_forward_mod_add_register	7781771	7786346	4575	601	4	344	348
tlm_apply_forward_mod_add_fold	7786346	7786899	553	55	2	55	55
tlm_apply_forward_mod_add_clean	7786899	7787178	279	19	0	20	22
tlm_apply_forward_swap	7787178	7787946	768	256	0	0	0
tlm_apply_forward_fold	7787946	7789563	1617	309	0	55	62
tlm_multiply_gcd_reverse_body	7789563	7794051	4488	709	3	255	258
tlm_multiply_gcd_reverse_decode	7794051	7794215	164	19	0	3	8
tlm_multiply_gcd_reverse_apply	7794215	7794216	1	0	0	0	0
tlm_apply_forward_mod_add_register	7794216	7798791	4575	601	4	344	348
tlm_apply_forward_mod_add_fold	7798791	7799344	553	55	2	55	55
tlm_apply_forward_mod_add_clean	7799344	7799623	279	19	0	20	22
tlm_apply_forward_swap	7799623	7800391	768	256	0	0	0
tlm_apply_forward_fold	7800391	7802008	1617	309	0	55	62
tlm_multiply_gcd_reverse_body	7802008	7806502	4494	712	3	255	258
tlm_multiply_gcd_reverse_decode	7806502	7806508	6	0	0	0	3
tlm_multiply_gcd_reverse_apply	7806508	7806509	1	0	0	0	0
tlm_apply_forward_mod_add_register	7806509	7811084	4575	601	4	344	348
tlm_apply_forward_mod_add_fold	7811084	7811637	553	55	2	55	55
tlm_apply_forward_mod_add_clean	7811637	7811916	279	19	0	20	22
tlm_apply_forward_swap	7811916	7812684	768	256	0	0	0
tlm_apply_forward_fold	7812684	7814301	1617	309	0	55	62
tlm_multiply_gcd_reverse_body	7814301	7818829	4528	717	3	257	260
tlm_multiply_gcd_reverse_decode	7818829	7818835	6	0	0	0	3
tlm_multiply_gcd_reverse_apply	7818835	7818836	1	0	0	0	0
tlm_apply_forward_mod_add_register	7818836	7823098	4262	579	3	322	325
tlm_apply_forward_mod_add_fold	7823098	7823651	553	55	2	55	55
tlm_apply_forward_mod_add_clean	7823651	7823930	279	19	0	20	22
tlm_apply_forward_swap	7823930	7824698	768	256	0	0	0
tlm_apply_forward_fold	7824698	7826315	1617	309	0	55	62
tlm_multiply_gcd_reverse_body	7826315	7830815	4500	715	3	255	258
tlm_multiply_gcd_reverse_decode	7830815	7830979	164	19	0	3	8
tlm_multiply_gcd_reverse_apply	7830979	7830980	1	0	0	0	0
tlm_apply_forward_mod_add_register	7830980	7835555	4575	601	4	344	348
tlm_apply_forward_mod_add_fold	7835555	7836108	553	55	2	55	55
tlm_apply_forward_mod_add_clean	7836108	7836387	279	19	0	20	22
tlm_apply_forward_swap	7836387	7837155	768	256	0	0	0
tlm_apply_forward_fold	7837155	7838772	1617	309	0	55	62
tlm_multiply_gcd_reverse_body	7838772	7843326	4554	724	3	258	261
tlm_multiply_gcd_reverse_decode	7843326	7843332	6	0	0	0	3
tlm_multiply_gcd_reverse_apply	7843332	7843333	1	0	0	0	0
tlm_apply_forward_mod_add_register	7843333	7847908	4575	601	4	344	348
tlm_apply_forward_mod_add_fold	7847908	7848461	553	55	2	55	55
tlm_apply_forward_mod_add_clean	7848461	7848740	279	19	0	20	22
tlm_apply_forward_swap	7848740	7849508	768	256	0	0	0
tlm_apply_forward_fold	7849508	7851125	1617	309	0	55	62
tlm_multiply_gcd_reverse_body	7851125	7855699	4574	728	3	259	262
tlm_multiply_gcd_reverse_decode	7855699	7855705	6	0	0	0	3
tlm_multiply_gcd_reverse_apply	7855705	7855706	1	0	0	0	0
tlm_apply_forward_mod_add_register	7855706	7859968	4262	579	3	322	325
tlm_apply_forward_mod_add_fold	7859968	7860521	553	55	2	55	55
tlm_apply_forward_mod_add_clean	7860521	7860800	279	19	0	20	22
tlm_apply_forward_swap	7860800	7861568	768	256	0	0	0
tlm_apply_forward_fold	7861568	7863185	1617	309	0	55	62
tlm_multiply_gcd_reverse_body	7863185	7867745	4560	727	3	258	261
tlm_multiply_gcd_reverse_decode	7867745	7867909	164	19	0	3	8
tlm_multiply_gcd_reverse_apply	7867909	7867910	1	0	0	0	0
tlm_apply_forward_mod_add_register	7867910	7872485	4575	601	4	344	348
tlm_apply_forward_mod_add_fold	7872485	7873038	553	55	2	55	55
tlm_apply_forward_mod_add_clean	7873038	7873317	279	19	0	20	22
tlm_apply_forward_swap	7873317	7874085	768	256	0	0	0
tlm_apply_forward_fold	7874085	7875702	1617	309	0	55	62
tlm_multiply_gcd_reverse_body	7875702	7880316	4614	736	3	261	264
tlm_multiply_gcd_reverse_decode	7880316	7880322	6	0	0	0	3
tlm_multiply_gcd_reverse_apply	7880322	7880323	1	0	0	0	0
tlm_apply_forward_mod_add_register	7880323	7884898	4575	601	4	344	348
tlm_apply_forward_mod_add_fold	7884898	7885451	553	55	2	55	55
tlm_apply_forward_mod_add_clean	7885451	7885730	279	19	0	20	22
tlm_apply_forward_swap	7885730	7886498	768	256	0	0	0
tlm_apply_forward_fold	7886498	7888115	1617	309	0	55	62
tlm_multiply_gcd_reverse_body	7888115	7892735	4620	739	3	261	264
tlm_multiply_gcd_reverse_decode	7892735	7892741	6	0	0	0	3
tlm_multiply_gcd_reverse_apply	7892741	7892742	1	0	0	0	0
tlm_apply_forward_mod_add_register	7892742	7897004	4262	579	3	322	325
tlm_apply_forward_mod_add_fold	7897004	7897557	553	55	2	55	55
tlm_apply_forward_mod_add_clean	7897557	7897836	279	19	0	20	22
tlm_apply_forward_swap	7897836	7898604	768	256	0	0	0
tlm_apply_forward_fold	7898604	7900221	1617	309	0	55	62
tlm_multiply_gcd_reverse_body	7900221	7904875	4654	744	3	263	266
tlm_multiply_gcd_reverse_decode	7904875	7905039	164	19	0	3	8
tlm_multiply_gcd_reverse_apply	7905039	7905040	1	0	0	0	0
tlm_apply_forward_mod_add_register	7905040	7909302	4262	579	3	322	325
tlm_apply_forward_mod_add_fold	7909302	7909855	553	55	2	55	55
tlm_apply_forward_mod_add_clean	7909855	7910134	279	19	0	20	22
tlm_apply_forward_swap	7910134	7910902	768	256	0	0	0
tlm_apply_forward_fold	7910902	7912519	1617	309	0	55	62
tlm_multiply_gcd_reverse_body	7912519	7917159	4640	743	3	262	265
tlm_multiply_gcd_reverse_decode	7917159	7917165	6	0	0	0	3
tlm_multiply_gcd_reverse_apply	7917165	7917166	1	0	0	0	0
tlm_apply_forward_mod_add_register	7917166	7921428	4262	579	3	322	325
tlm_apply_forward_mod_add_fold	7921428	7921981	553	55	2	55	55
tlm_apply_forward_mod_add_clean	7921981	7922260	279	19	0	20	22
tlm_apply_forward_swap	7922260	7923028	768	256	0	0	0
tlm_apply_forward_fold	7923028	7924645	1617	309	0	55	62
tlm_multiply_gcd_reverse_body	7924645	7929325	4680	751	3	264	267
tlm_multiply_gcd_reverse_decode	7929325	7929331	6	0	0	0	3
tlm_multiply_gcd_reverse_apply	7929331	7929332	1	0	0	0	0
tlm_apply_forward_mod_add_register	7929332	7933907	4575	601	4	344	348
tlm_apply_forward_mod_add_fold	7933907	7934460	553	55	2	55	55
tlm_apply_forward_mod_add_clean	7934460	7934739	279	19	0	20	22
tlm_apply_forward_swap	7934739	7935507	768	256	0	0	0
tlm_apply_forward_fold	7935507	7937124	1617	309	0	55	62
tlm_multiply_gcd_reverse_body	7937124	7941858	4734	760	3	267	270
tlm_multiply_gcd_reverse_decode	7941858	7942022	164	19	0	3	8
tlm_multiply_gcd_reverse_apply	7942022	7942023	1	0	0	0	0
tlm_apply_forward_mod_add_register	7942023	7946598	4575	601	4	344	348
tlm_apply_forward_mod_add_fold	7946598	7947151	553	55	2	55	55
tlm_apply_forward_mod_add_clean	7947151	7947430	279	19	0	20	22
tlm_apply_forward_swap	7947430	7948198	768	256	0	0	0
tlm_apply_forward_fold	7948198	7949815	1617	309	0	55	62
tlm_multiply_gcd_reverse_body	7949815	7954569	4754	764	3	268	271
tlm_multiply_gcd_reverse_decode	7954569	7954575	6	0	0	0	3
tlm_multiply_gcd_reverse_apply	7954575	7954576	1	0	0	0	0
tlm_apply_forward_mod_add_register	7954576	7959151	4575	601	4	344	348
tlm_apply_forward_mod_add_fold	7959151	7959704	553	55	2	55	55
tlm_apply_forward_mod_add_clean	7959704	7959983	279	19	0	20	22
tlm_apply_forward_swap	7959983	7960751	768	256	0	0	0
tlm_apply_forward_fold	7960751	7962368	1617	309	0	55	62
tlm_multiply_gcd_reverse_body	7962368	7967156	4788	769	3	270	273
tlm_multiply_gcd_reverse_decode	7967156	7967162	6	0	0	0	3
tlm_multiply_gcd_reverse_apply	7967162	7967163	1	0	0	0	0
tlm_apply_forward_mod_add_register	7967163	7971425	4262	579	3	322	325
tlm_apply_forward_mod_add_fold	7971425	7971978	553	55	2	55	55
tlm_apply_forward_mod_add_clean	7971978	7972257	279	19	0	20	22
tlm_apply_forward_swap	7972257	7973025	768	256	0	0	0
tlm_apply_forward_fold	7973025	7974642	1617	309	0	55	62
tlm_multiply_gcd_reverse_body	7974642	7979422	4780	771	3	269	272
tlm_multiply_gcd_reverse_decode	7979422	7979586	164	19	0	3	8
tlm_multiply_gcd_reverse_apply	7979586	7979587	1	0	0	0	0
tlm_apply_forward_mod_add_register	7979587	7984162	4575	601	4	344	348
tlm_apply_forward_mod_add_fold	7984162	7984715	553	55	2	55	55
tlm_apply_forward_mod_add_clean	7984715	7984994	279	19	0	20	22
tlm_apply_forward_swap	7984994	7985762	768	256	0	0	0
tlm_apply_forward_fold	7985762	7987379	1617	309	0	55	62
tlm_multiply_gcd_reverse_body	7987379	7992179	4800	775	3	270	273
tlm_multiply_gcd_reverse_decode	7992179	7992185	6	0	0	0	3
tlm_multiply_gcd_reverse_apply	7992185	7992186	1	0	0	0	0
tlm_apply_forward_mod_add_register	7992186	7996761	4575	601	4	344	348
tlm_apply_forward_mod_add_fold	7996761	7997314	553	55	2	55	55
tlm_apply_forward_mod_add_clean	7997314	7997593	279	19	0	20	22
tlm_apply_forward_swap	7997593	7998361	768	256	0	0	0
tlm_apply_forward_fold	7998361	7999978	1617	309	0	55	62
tlm_multiply_gcd_reverse_body	7999978	8004832	4854	784	3	273	276
tlm_multiply_gcd_reverse_decode	8004832	8004838	6	0	0	0	3
tlm_multiply_gcd_reverse_apply	8004838	8004839	1	0	0	0	0
tlm_apply_forward_mod_add_register	8004839	8009414	4575	601	4	344	348
tlm_apply_forward_mod_add_fold	8009414	8009967	553	55	2	55	55
tlm_apply_forward_mod_add_clean	8009967	8010246	279	19	0	20	22
tlm_apply_forward_swap	8010246	8011014	768	256	0	0	0
tlm_apply_forward_fold	8011014	8012631	1617	309	0	55	62
tlm_multiply_gcd_reverse_body	8012631	8017519	4888	789	3	275	278
tlm_multiply_gcd_reverse_decode	8017519	8017683	164	19	0	3	8
tlm_multiply_gcd_reverse_apply	8017683	8017684	1	0	0	0	0
tlm_apply_forward_mod_add_register	8017684	8021946	4262	579	3	322	325
tlm_apply_forward_mod_add_fold	8021946	8022499	553	55	2	55	55
tlm_apply_forward_mod_add_clean	8022499	8022778	279	19	0	20	22
tlm_apply_forward_swap	8022778	8023546	768	256	0	0	0
tlm_apply_forward_fold	8023546	8025163	1617	309	0	55	62
tlm_multiply_gcd_reverse_body	8025163	8030023	4860	787	3	273	276
tlm_multiply_gcd_reverse_decode	8030023	8030029	6	0	0	0	3
tlm_multiply_gcd_reverse_apply	8030029	8030030	1	0	0	0	0
tlm_apply_forward_mod_add_register	8030030	8034292	4262	579	3	322	325
tlm_apply_forward_mod_add_fold	8034292	8034845	553	55	2	55	55
tlm_apply_forward_mod_add_clean	8034845	8035124	279	19	0	20	22
tlm_apply_forward_swap	8035124	8035892	768	256	0	0	0
tlm_apply_forward_fold	8035892	8037509	1617	309	0	55	62
tlm_multiply_gcd_reverse_body	8037509	8042403	4894	792	3	275	278
tlm_multiply_gcd_reverse_decode	8042403	8042409	6	0	0	0	3
tlm_multiply_gcd_reverse_apply	8042409	8042410	1	0	0	0	0
tlm_apply_forward_mod_add_register	8042410	8046672	4262	579	3	322	325
tlm_apply_forward_mod_add_fold	8046672	8047225	553	55	2	55	55
tlm_apply_forward_mod_add_clean	8047225	8047504	279	19	0	20	22
tlm_apply_forward_swap	8047504	8048272	768	256	0	0	0
tlm_apply_forward_fold	8048272	8049889	1617	309	0	55	62
tlm_multiply_gcd_reverse_body	8049889	8054789	4900	795	3	275	278
tlm_multiply_gcd_reverse_decode	8054789	8054953	164	19	0	3	8
tlm_multiply_gcd_reverse_apply	8054953	8054954	1	0	0	0	0
tlm_apply_forward_mod_add_register	8054954	8059216	4262	579	3	322	325
tlm_apply_forward_mod_add_fold	8059216	8059769	553	55	2	55	55
tlm_apply_forward_mod_add_clean	8059769	8060048	279	19	0	20	22
tlm_apply_forward_swap	8060048	8060816	768	256	0	0	0
tlm_apply_forward_fold	8060816	8062433	1617	309	0	55	62
tlm_multiply_gcd_reverse_body	8062433	8067353	4920	799	3	276	279
tlm_multiply_gcd_reverse_decode	8067353	8067359	6	0	0	0	3
tlm_multiply_gcd_reverse_apply	8067359	8067360	1	0	0	0	0
tlm_apply_forward_mod_add_register	8067360	8071622	4262	579	3	322	325
tlm_apply_forward_mod_add_fold	8071622	8072175	553	55	2	55	55
tlm_apply_forward_mod_add_clean	8072175	8072454	279	19	0	20	22
tlm_apply_forward_swap	8072454	8073222	768	256	0	0	0
tlm_apply_forward_fold	8073222	8074839	1617	309	0	55	62
tlm_multiply_gcd_reverse_body	8074839	8079779	4940	803	3	277	280
tlm_multiply_gcd_reverse_decode	8079779	8079785	6	0	0	0	3
tlm_multiply_gcd_reverse_apply	8079785	8079786	1	0	0	0	0
tlm_apply_forward_mod_add_register	8079786	8084048	4262	579	3	322	325
tlm_apply_forward_mod_add_fold	8084048	8084601	553	55	2	55	55
tlm_apply_forward_mod_add_clean	8084601	8084880	279	19	0	20	22
tlm_apply_forward_swap	8084880	8085648	768	256	0	0	0
tlm_apply_forward_fold	8085648	8087265	1617	309	0	55	62
tlm_multiply_gcd_reverse_body	8087265	8092225	4960	807	3	278	281
tlm_multiply_gcd_reverse_decode	8092225	8092389	164	19	0	3	8
tlm_multiply_gcd_reverse_apply	8092389	8092390	1	0	0	0	0
tlm_apply_forward_mod_add_register	8092390	8096652	4262	579	3	322	325
tlm_apply_forward_mod_add_fold	8096652	8097205	553	55	2	55	55
tlm_apply_forward_mod_add_clean	8097205	8097484	279	19	0	20	22
tlm_apply_forward_swap	8097484	8098252	768	256	0	0	0
tlm_apply_forward_fold	8098252	8099869	1617	309	0	55	62
tlm_multiply_gcd_reverse_body	8099869	8104849	4980	811	3	279	282
tlm_multiply_gcd_reverse_decode	8104849	8104855	6	0	0	0	3
tlm_multiply_gcd_reverse_apply	8104855	8104856	1	0	0	0	0
tlm_apply_forward_mod_add_register	8104856	8109118	4262	579	3	322	325
tlm_apply_forward_mod_add_fold	8109118	8109671	553	55	2	55	55
tlm_apply_forward_mod_add_clean	8109671	8109950	279	19	0	20	22
tlm_apply_forward_swap	8109950	8110718	768	256	0	0	0
tlm_apply_forward_fold	8110718	8112335	1617	309	0	55	62
tlm_multiply_gcd_reverse_body	8112335	8117335	5000	815	3	280	283
tlm_multiply_gcd_reverse_decode	8117335	8117341	6	0	0	0	3
tlm_multiply_gcd_reverse_apply	8117341	8117342	1	0	0	0	0
tlm_apply_forward_mod_add_register	8117342	8121604	4262	579	3	322	325
tlm_apply_forward_mod_add_fold	8121604	8122157	553	55	2	55	55
tlm_apply_forward_mod_add_clean	8122157	8122436	279	19	0	20	22
tlm_apply_forward_swap	8122436	8123204	768	256	0	0	0
tlm_apply_forward_fold	8123204	8124821	1617	309	0	55	62
tlm_multiply_gcd_reverse_body	8124821	8129827	5006	818	3	280	283
tlm_multiply_gcd_reverse_decode	8129827	8129991	164	19	0	3	8
tlm_multiply_gcd_reverse_apply	8129991	8129992	1	0	0	0	0
tlm_apply_forward_mod_add_register	8129992	8134254	4262	579	3	322	325
tlm_apply_forward_mod_add_fold	8134254	8134807	553	55	2	55	55
tlm_apply_forward_mod_add_clean	8134807	8135086	279	19	0	20	22
tlm_apply_forward_swap	8135086	8135854	768	256	0	0	0
tlm_apply_forward_fold	8135854	8137471	1617	309	0	55	62
tlm_multiply_gcd_reverse_body	8137471	8142497	5026	822	3	281	284
tlm_multiply_gcd_reverse_decode	8142497	8142503	6	0	0	0	3
tlm_multiply_gcd_reverse_apply	8142503	8142504	1	0	0	0	0
tlm_apply_forward_mod_add_register	8142504	8146766	4262	579	3	322	325
tlm_apply_forward_mod_add_fold	8146766	8147319	553	55	2	55	55
tlm_apply_forward_mod_add_clean	8147319	8147598	279	19	0	20	22
tlm_apply_forward_swap	8147598	8148366	768	256	0	0	0
tlm_apply_forward_fold	8148366	8149983	1617	309	0	55	62
tlm_multiply_gcd_reverse_body	8149983	8155057	5074	828	3	284	287
tlm_multiply_gcd_reverse_decode	8155057	8155063	6	0	0	0	3
tlm_multiply_gcd_reverse_apply	8155063	8155064	1	0	0	0	0
tlm_apply_forward_mod_add_register	8155064	8159326	4262	579	3	322	325
tlm_apply_forward_mod_add_fold	8159326	8159879	553	55	2	55	55
tlm_apply_forward_mod_add_clean	8159879	8160158	279	19	0	20	22
tlm_apply_forward_swap	8160158	8160926	768	256	0	0	0
tlm_apply_forward_fold	8160926	8162543	1617	309	0	55	62
tlm_multiply_gcd_reverse_body	8162543	8167623	5080	831	3	284	287
tlm_multiply_gcd_reverse_decode	8167623	8167787	164	19	0	3	8
tlm_multiply_gcd_reverse_apply	8167787	8167788	1	0	0	0	0
tlm_apply_forward_mod_add_register	8167788	8172050	4262	579	3	322	325
tlm_apply_forward_mod_add_fold	8172050	8172603	553	55	2	55	55
tlm_apply_forward_mod_add_clean	8172603	8172882	279	19	0	20	22
tlm_apply_forward_swap	8172882	8173650	768	256	0	0	0
tlm_apply_forward_fold	8173650	8175267	1617	309	0	55	62
tlm_multiply_gcd_reverse_body	8175267	8180367	5100	835	3	285	288
tlm_multiply_gcd_reverse_decode	8180367	8180373	6	0	0	0	3
tlm_multiply_gcd_reverse_apply	8180373	8180374	1	0	0	0	0
tlm_apply_forward_mod_add_register	8180374	8184636	4262	579	3	322	325
tlm_apply_forward_mod_add_fold	8184636	8185189	553	55	2	55	55
tlm_apply_forward_mod_add_clean	8185189	8185468	279	19	0	20	22
tlm_apply_forward_swap	8185468	8186236	768	256	0	0	0
tlm_apply_forward_fold	8186236	8187853	1617	309	0	55	62
tlm_multiply_gcd_reverse_body	8187853	8192959	5106	838	3	285	288
tlm_multiply_gcd_reverse_decode	8192959	8192965	6	0	0	0	3
tlm_multiply_gcd_reverse_apply	8192965	8192966	1	0	0	0	0
tlm_apply_forward_mod_add_register	8192966	8197228	4262	579	3	322	325
tlm_apply_forward_mod_add_fold	8197228	8197781	553	55	2	55	55
tlm_apply_forward_mod_add_clean	8197781	8198060	279	19	0	20	22
tlm_apply_forward_swap	8198060	8198828	768	256	0	0	0
tlm_apply_forward_fold	8198828	8200445	1617	309	0	55	62
tlm_multiply_gcd_reverse_body	8200445	8205571	5126	842	3	286	289
tlm_multiply_gcd_reverse_decode	8205571	8205735	164	19	0	3	8
tlm_multiply_gcd_reverse_apply	8205735	8205736	1	0	0	0	0
tlm_apply_forward_mod_add_register	8205736	8209998	4262	579	3	322	325
tlm_apply_forward_mod_add_fold	8209998	8210551	553	55	2	55	55
tlm_apply_forward_mod_add_clean	8210551	8210830	279	19	0	20	22
tlm_apply_forward_swap	8210830	8211598	768	256	0	0	0
tlm_apply_forward_fold	8211598	8213215	1617	309	0	55	62
tlm_multiply_gcd_reverse_body	8213215	8218347	5132	845	3	286	289
tlm_multiply_gcd_reverse_decode	8218347	8218353	6	0	0	0	3
tlm_multiply_gcd_reverse_apply	8218353	8218354	1	0	0	0	0
tlm_apply_forward_mod_add_register	8218354	8222616	4262	579	3	322	325
tlm_apply_forward_mod_add_fold	8222616	8223169	553	55	2	55	55
tlm_apply_forward_mod_add_clean	8223169	8223448	279	19	0	20	22
tlm_apply_forward_swap	8223448	8224216	768	256	0	0	0
tlm_apply_forward_fold	8224216	8225833	1617	309	0	55	62
tlm_multiply_gcd_reverse_body	8225833	8230999	5166	850	3	288	291
tlm_multiply_gcd_reverse_decode	8230999	8231005	6	0	0	0	3
tlm_multiply_gcd_reverse_apply	8231005	8231006	1	0	0	0	0
tlm_apply_forward_mod_add_register	8231006	8235268	4262	579	3	322	325
tlm_apply_forward_mod_add_fold	8235268	8235821	553	55	2	55	55
tlm_apply_forward_mod_add_clean	8235821	8236100	279	19	0	20	22
tlm_apply_forward_swap	8236100	8236868	768	256	0	0	0
tlm_apply_forward_fold	8236868	8238485	1617	309	0	55	62
tlm_multiply_gcd_reverse_body	8238485	8243685	5200	855	3	290	293
tlm_multiply_gcd_reverse_decode	8243685	8243849	164	19	0	3	8
tlm_multiply_gcd_reverse_apply	8243849	8243850	1	0	0	0	0
tlm_apply_forward_mod_add_register	8243850	8248112	4262	579	3	322	325
tlm_apply_forward_mod_add_fold	8248112	8248665	553	55	2	55	55
tlm_apply_forward_mod_add_clean	8248665	8248944	279	19	0	20	22
tlm_apply_forward_swap	8248944	8249712	768	256	0	0	0
tlm_apply_forward_fold	8249712	8251329	1617	309	0	55	62
tlm_multiply_gcd_reverse_body	8251329	8256535	5206	858	3	290	293
tlm_multiply_gcd_reverse_decode	8256535	8256541	6	0	0	0	3
tlm_multiply_gcd_reverse_apply	8256541	8256542	1	0	0	0	0
tlm_apply_forward_mod_add_register	8256542	8260804	4262	579	3	322	325
tlm_apply_forward_mod_add_fold	8260804	8261357	553	55	2	55	55
tlm_apply_forward_mod_add_clean	8261357	8261636	279	19	0	20	22
tlm_apply_forward_swap	8261636	8262404	768	256	0	0	0
tlm_apply_forward_fold	8262404	8264021	1617	309	0	55	62
tlm_multiply_gcd_reverse_body	8264021	8269247	5226	862	3	291	294
tlm_multiply_gcd_reverse_decode	8269247	8269253	6	0	0	0	3
tlm_multiply_gcd_reverse_apply	8269253	8269254	1	0	0	0	0
tlm_apply_forward_mod_add_register	8269254	8273516	4262	579	3	322	325
tlm_apply_forward_mod_add_fold	8273516	8274069	553	55	2	55	55
tlm_apply_forward_mod_add_clean	8274069	8274348	279	19	0	20	22
tlm_apply_forward_swap	8274348	8275116	768	256	0	0	0
tlm_apply_forward_fold	8275116	8276733	1617	309	0	55	62
tlm_multiply_gcd_reverse_body	8276733	8281965	5232	865	3	291	294
tlm_multiply_gcd_reverse_decode	8281965	8282129	164	19	0	3	8
tlm_multiply_gcd_reverse_apply	8282129	8282130	1	0	0	0	0
tlm_apply_forward_mod_add_register	8282130	8286392	4262	579	3	322	325
tlm_apply_forward_mod_add_fold	8286392	8286945	553	55	2	55	55
tlm_apply_forward_mod_add_clean	8286945	8287224	279	19	0	20	22
tlm_apply_forward_swap	8287224	8287992	768	256	0	0	0
tlm_apply_forward_fold	8287992	8289609	1617	309	0	55	62
tlm_multiply_gcd_reverse_body	8289609	8294861	5252	869	3	292	295
tlm_multiply_gcd_reverse_decode	8294861	8294867	6	0	0	0	3
tlm_multiply_gcd_reverse_apply	8294867	8294868	1	0	0	0	0
tlm_apply_forward_mod_add_register	8294868	8299130	4262	579	3	322	325
tlm_apply_forward_mod_add_fold	8299130	8299683	553	55	2	55	55
tlm_apply_forward_mod_add_clean	8299683	8299962	279	19	0	20	22
tlm_apply_forward_swap	8299962	8300730	768	256	0	0	0
tlm_apply_forward_fold	8300730	8302347	1617	309	0	55	62
tlm_multiply_gcd_reverse_body	8302347	8307619	5272	873	3	293	296
tlm_multiply_gcd_reverse_decode	8307619	8307625	6	0	0	0	3
tlm_multiply_gcd_reverse_apply	8307625	8307626	1	0	0	0	0
tlm_apply_forward_mod_add_register	8307626	8311888	4262	579	3	322	325
tlm_apply_forward_mod_add_fold	8311888	8312441	553	55	2	55	55
tlm_apply_forward_mod_add_clean	8312441	8312720	279	19	0	20	22
tlm_apply_forward_swap	8312720	8313488	768	256	0	0	0
tlm_apply_forward_fold	8313488	8315105	1617	309	0	55	62
tlm_multiply_gcd_reverse_body	8315105	8320397	5292	877	3	294	297
tlm_multiply_gcd_reverse_decode	8320397	8320561	164	19	0	3	8
tlm_multiply_gcd_reverse_apply	8320561	8320562	1	0	0	0	0
tlm_apply_forward_mod_add_register	8320562	8324824	4262	579	3	322	325
tlm_apply_forward_mod_add_fold	8324824	8325377	553	55	2	55	55
tlm_apply_forward_mod_add_clean	8325377	8325656	279	19	0	20	22
tlm_apply_forward_swap	8325656	8326424	768	256	0	0	0
tlm_apply_forward_fold	8326424	8328041	1617	309	0	55	62
tlm_multiply_gcd_reverse_body	8328041	8333353	5312	881	3	295	298
tlm_multiply_gcd_reverse_decode	8333353	8333359	6	0	0	0	3
tlm_multiply_gcd_reverse_apply	8333359	8333360	1	0	0	0	0
tlm_apply_forward_mod_add_register	8333360	8337622	4262	579	3	322	325
tlm_apply_forward_mod_add_fold	8337622	8338175	553	55	2	55	55
tlm_apply_forward_mod_add_clean	8338175	8338454	279	19	0	20	22
tlm_apply_forward_swap	8338454	8339222	768	256	0	0	0
tlm_apply_forward_fold	8339222	8340839	1617	309	0	55	62
tlm_multiply_gcd_reverse_body	8340839	8346171	5332	885	3	296	299
tlm_multiply_gcd_reverse_decode	8346171	8346177	6	0	0	0	3
tlm_multiply_gcd_reverse_apply	8346177	8346178	1	0	0	0	0
tlm_apply_forward_mod_add_register	8346178	8350440	4262	579	3	322	325
tlm_apply_forward_mod_add_fold	8350440	8350993	553	55	2	55	55
tlm_apply_forward_mod_add_clean	8350993	8351272	279	19	0	20	22
tlm_apply_forward_swap	8351272	8352040	768	256	0	0	0
tlm_apply_forward_fold	8352040	8353657	1617	309	0	55	62
tlm_multiply_gcd_reverse_body	8353657	8358995	5338	888	3	296	299
tlm_multiply_gcd_reverse_decode	8358995	8359159	164	19	0	3	8
tlm_multiply_gcd_reverse_apply	8359159	8359160	1	0	0	0	0
tlm_apply_forward_mod_add_register	8359160	8363422	4262	579	3	322	325
tlm_apply_forward_mod_add_fold	8363422	8363975	553	55	2	55	55
tlm_apply_forward_mod_add_clean	8363975	8364254	279	19	0	20	22
tlm_apply_forward_swap	8364254	8365022	768	256	0	0	0
tlm_apply_forward_fold	8365022	8366639	1617	309	0	55	62
tlm_multiply_gcd_reverse_body	8366639	8371997	5358	892	3	297	300
tlm_multiply_gcd_reverse_decode	8371997	8372003	6	0	0	0	3
tlm_multiply_gcd_reverse_apply	8372003	8372004	1	0	0	0	0
tlm_apply_forward_mod_add_register	8372004	8376266	4262	579	3	322	325
tlm_apply_forward_mod_add_fold	8376266	8376819	553	55	2	55	55
tlm_apply_forward_mod_add_clean	8376819	8377098	279	19	0	20	22
tlm_apply_forward_swap	8377098	8377866	768	256	0	0	0
tlm_apply_forward_fold	8377866	8379483	1617	309	0	55	62
tlm_multiply_gcd_reverse_body	8379483	8384861	5378	896	3	298	301
tlm_multiply_gcd_reverse_decode	8384861	8384867	6	0	0	0	3
tlm_multiply_gcd_reverse_apply	8384867	8384868	1	0	0	0	0
tlm_apply_forward_mod_add_register	8384868	8389130	4262	579	3	322	325
tlm_apply_forward_mod_add_fold	8389130	8389683	553	55	2	55	55
tlm_apply_forward_mod_add_clean	8389683	8389962	279	19	0	20	22
tlm_apply_forward_swap	8389962	8390730	768	256	0	0	0
tlm_apply_forward_fold	8390730	8392347	1617	309	0	55	62
tlm_multiply_gcd_reverse_body	8392347	8397745	5398	900	3	299	302
tlm_multiply_gcd_reverse_decode	8397745	8397909	164	19	0	3	8
tlm_multiply_gcd_reverse_apply	8397909	8397910	1	0	0	0	0
tlm_apply_forward_mod_add_register	8397910	8402172	4262	579	3	322	325
tlm_apply_forward_mod_add_fold	8402172	8402725	553	55	2	55	55
tlm_apply_forward_mod_add_clean	8402725	8403004	279	19	0	20	22
tlm_apply_forward_swap	8403004	8403772	768	256	0	0	0
tlm_apply_forward_fold	8403772	8405389	1617	309	0	55	62
tlm_multiply_gcd_reverse_body	8405389	8410807	5418	904	3	300	303
tlm_multiply_gcd_reverse_decode	8410807	8410813	6	0	0	0	3
tlm_multiply_gcd_reverse_apply	8410813	8410814	1	0	0	0	0
tlm_apply_forward_mod_add_register	8410814	8415076	4262	579	3	322	325
tlm_apply_forward_mod_add_fold	8415076	8415629	553	55	2	55	55
tlm_apply_forward_mod_add_clean	8415629	8415908	279	19	0	20	22
tlm_apply_forward_swap	8415908	8416676	768	256	0	0	0
tlm_apply_forward_fold	8416676	8418293	1617	309	0	55	62
tlm_multiply_gcd_reverse_body	8418293	8423731	5438	908	3	301	304
tlm_multiply_gcd_reverse_decode	8423731	8423737	6	0	0	0	3
tlm_multiply_gcd_reverse_apply	8423737	8423738	1	0	0	0	0
tlm_apply_forward_mod_add_register	8423738	8428000	4262	579	3	322	325
tlm_apply_forward_mod_add_fold	8428000	8428553	553	55	2	55	55
tlm_apply_forward_mod_add_clean	8428553	8428832	279	19	0	20	22
tlm_apply_forward_swap	8428832	8429600	768	256	0	0	0
tlm_apply_forward_fold	8429600	8431217	1617	309	0	55	62
tlm_multiply_gcd_reverse_body	8431217	8436675	5458	912	3	302	305
tlm_multiply_gcd_reverse_decode	8436675	8436839	164	19	0	3	8
tlm_multiply_gcd_reverse_apply	8436839	8436840	1	0	0	0	0
tlm_apply_forward_mod_add_register	8436840	8441102	4262	579	3	322	325
tlm_apply_forward_mod_add_fold	8441102	8441655	553	55	2	55	55
tlm_apply_forward_mod_add_clean	8441655	8441934	279	19	0	20	22
tlm_apply_forward_swap	8441934	8442702	768	256	0	0	0
tlm_apply_forward_fold	8442702	8444319	1617	309	0	55	62
tlm_multiply_gcd_reverse_body	8444319	8449797	5478	916	3	303	306
tlm_multiply_gcd_reverse_decode	8449797	8449803	6	0	0	0	3
tlm_multiply_gcd_reverse_apply	8449803	8449804	1	0	0	0	0
tlm_apply_forward_mod_add_register	8449804	8454066	4262	579	3	322	325
tlm_apply_forward_mod_add_fold	8454066	8454619	553	55	2	55	55
tlm_apply_forward_mod_add_clean	8454619	8454898	279	19	0	20	22
tlm_apply_forward_swap	8454898	8455666	768	256	0	0	0
tlm_apply_forward_fold	8455666	8457283	1617	309	0	55	62
tlm_multiply_gcd_reverse_body	8457283	8462781	5498	920	3	304	307
tlm_multiply_gcd_reverse_decode	8462781	8462787	6	0	0	0	3
tlm_multiply_gcd_reverse_apply	8462787	8462788	1	0	0	0	0
tlm_apply_forward_mod_add_register	8462788	8467050	4262	579	3	322	325
tlm_apply_forward_mod_add_fold	8467050	8467603	553	55	2	55	55
tlm_apply_forward_mod_add_clean	8467603	8467882	279	19	0	20	22
tlm_apply_forward_swap	8467882	8468650	768	256	0	0	0
tlm_apply_forward_fold	8468650	8470267	1617	309	0	55	62
tlm_multiply_gcd_reverse_body	8470267	8475785	5518	924	3	305	308
tlm_multiply_gcd_reverse_decode	8475785	8475949	164	19	0	3	8
tlm_multiply_gcd_reverse_apply	8475949	8475950	1	0	0	0	0
tlm_apply_forward_mod_add_register	8475950	8480212	4262	579	3	322	325
tlm_apply_forward_mod_add_fold	8480212	8480765	553	55	2	55	55
tlm_apply_forward_mod_add_clean	8480765	8481044	279	19	0	20	22
tlm_apply_forward_swap	8481044	8481812	768	256	0	0	0
tlm_apply_forward_fold	8481812	8483429	1617	309	0	55	62
tlm_multiply_gcd_reverse_body	8483429	8488967	5538	928	3	306	309
tlm_multiply_gcd_reverse_decode	8488967	8488973	6	0	0	0	3
tlm_multiply_gcd_reverse_apply	8488973	8488974	1	0	0	0	0
tlm_apply_forward_mod_add_register	8488974	8493236	4262	579	3	322	325
tlm_apply_forward_mod_add_fold	8493236	8493789	553	55	2	55	55
tlm_apply_forward_mod_add_clean	8493789	8494068	279	19	0	20	22
tlm_apply_forward_swap	8494068	8494836	768	256	0	0	0
tlm_apply_forward_fold	8494836	8496453	1617	309	0	55	62
tlm_multiply_gcd_reverse_body	8496453	8502011	5558	932	3	307	310
tlm_multiply_gcd_reverse_decode	8502011	8502017	6	0	0	0	3
tlm_multiply_gcd_reverse_apply	8502017	8502018	1	0	0	0	0
tlm_apply_forward_mod_add_register	8502018	8506280	4262	579	3	322	325
tlm_apply_forward_mod_add_fold	8506280	8506833	553	55	2	55	55
tlm_apply_forward_mod_add_clean	8506833	8507112	279	19	0	20	22
tlm_apply_forward_swap	8507112	8507880	768	256	0	0	0
tlm_apply_forward_fold	8507880	8509497	1617	309	0	55	62
tlm_multiply_gcd_reverse_body	8509497	8515061	5564	935	3	307	310
tlm_multiply_gcd_reverse_decode	8515061	8515225	164	19	0	3	8
tlm_multiply_gcd_reverse_apply	8515225	8515226	1	0	0	0	0
tlm_apply_forward_mod_add_register	8515226	8519488	4262	579	3	322	325
tlm_apply_forward_mod_add_fold	8519488	8520041	553	55	2	55	55
tlm_apply_forward_mod_add_clean	8520041	8520320	279	19	0	20	22
tlm_apply_forward_swap	8520320	8521088	768	256	0	0	0
tlm_apply_forward_fold	8521088	8522705	1617	309	0	55	62
tlm_multiply_gcd_reverse_body	8522705	8528289	5584	939	3	308	311
tlm_multiply_gcd_reverse_decode	8528289	8528295	6	0	0	0	3
tlm_multiply_gcd_reverse_apply	8528295	8528296	1	0	0	0	0
tlm_apply_forward_mod_add_register	8528296	8532558	4262	579	3	322	325
tlm_apply_forward_mod_add_fold	8532558	8533111	553	55	2	55	55
tlm_apply_forward_mod_add_clean	8533111	8533390	279	19	0	20	22
tlm_apply_forward_swap	8533390	8534158	768	256	0	0	0
tlm_apply_forward_fold	8534158	8535775	1617	309	0	55	62
tlm_multiply_gcd_reverse_body	8535775	8541379	5604	943	3	309	312
tlm_multiply_gcd_reverse_decode	8541379	8541385	6	0	0	0	3
tlm_multiply_gcd_reverse_apply	8541385	8541386	1	0	0	0	0
tlm_apply_forward_mod_add_register	8541386	8545648	4262	579	3	322	325
tlm_apply_forward_mod_add_fold	8545648	8546201	553	55	2	55	55
tlm_apply_forward_mod_add_clean	8546201	8546480	279	19	0	20	22
tlm_apply_forward_swap	8546480	8547248	768	256	0	0	0
tlm_apply_forward_fold	8547248	8548865	1617	309	0	55	62
tlm_multiply_gcd_reverse_body	8548865	8554489	5624	947	3	310	313
tlm_multiply_gcd_reverse_decode	8554489	8554653	164	19	0	3	8
tlm_multiply_gcd_reverse_apply	8554653	8554654	1	0	0	0	0
tlm_apply_forward_mod_add_register	8554654	8558916	4262	579	3	322	325
tlm_apply_forward_mod_add_fold	8558916	8559469	553	55	2	55	55
tlm_apply_forward_mod_add_clean	8559469	8559748	279	19	0	20	22
tlm_apply_forward_swap	8559748	8560516	768	256	0	0	0
tlm_apply_forward_fold	8560516	8562133	1617	309	0	55	62
tlm_multiply_gcd_reverse_body	8562133	8567777	5644	951	3	311	314
tlm_multiply_gcd_reverse_decode	8567777	8567783	6	0	0	0	3
tlm_multiply_gcd_reverse_apply	8567783	8567784	1	0	0	0	0
tlm_apply_forward_mod_add_register	8567784	8572046	4262	579	3	322	325
tlm_apply_forward_mod_add_fold	8572046	8572599	553	55	2	55	55
tlm_apply_forward_mod_add_clean	8572599	8572878	279	19	0	20	22
tlm_apply_forward_swap	8572878	8573646	768	256	0	0	0
tlm_apply_forward_fold	8573646	8575263	1617	309	0	55	62
tlm_multiply_gcd_reverse_body	8575263	8580927	5664	955	3	312	315
tlm_multiply_gcd_reverse_decode	8580927	8580933	6	0	0	0	3
tlm_multiply_gcd_reverse_apply	8580933	8580934	1	0	0	0	0
tlm_apply_forward_mod_add_register	8580934	8585196	4262	579	3	322	325
tlm_apply_forward_mod_add_fold	8585196	8585749	553	55	2	55	55
tlm_apply_forward_mod_add_clean	8585749	8586028	279	19	0	20	22
tlm_apply_forward_swap	8586028	8586796	768	256	0	0	0
tlm_apply_forward_fold	8586796	8588413	1617	309	0	55	62
tlm_multiply_gcd_reverse_body	8588413	8594083	5670	958	3	312	315
tlm_multiply_gcd_reverse_decode	8594083	8594247	164	19	0	3	8
tlm_multiply_gcd_reverse_apply	8594247	8594248	1	0	0	0	0
tlm_apply_forward_mod_add_register	8594248	8598510	4262	579	3	322	325
tlm_apply_forward_mod_add_fold	8598510	8599063	553	55	2	55	55
tlm_apply_forward_mod_add_clean	8599063	8599342	279	19	0	20	22
tlm_apply_forward_swap	8599342	8600110	768	256	0	0	0
tlm_apply_forward_fold	8600110	8601727	1617	309	0	55	62
tlm_multiply_gcd_reverse_body	8601727	8607431	5704	963	3	314	317
tlm_multiply_gcd_reverse_decode	8607431	8607437	6	0	0	0	3
tlm_multiply_gcd_reverse_apply	8607437	8607438	1	0	0	0	0
tlm_apply_forward_mod_add_register	8607438	8611700	4262	579	3	322	325
tlm_apply_forward_mod_add_fold	8611700	8612253	553	55	2	55	55
tlm_apply_forward_mod_add_clean	8612253	8612532	279	19	0	20	22
tlm_apply_forward_swap	8612532	8613300	768	256	0	0	0
tlm_apply_forward_fold	8613300	8614917	1617	309	0	55	62
tlm_multiply_gcd_reverse_body	8614917	8620627	5710	966	3	314	317
tlm_multiply_gcd_reverse_decode	8620627	8620633	6	0	0	0	3
tlm_multiply_gcd_reverse_apply	8620633	8620634	1	0	0	0	0
tlm_apply_forward_mod_add_register	8620634	8624896	4262	579	3	322	325
tlm_apply_forward_mod_add_fold	8624896	8625449	553	55	2	55	55
tlm_apply_forward_mod_add_clean	8625449	8625728	279	19	0	20	22
tlm_apply_forward_swap	8625728	8626496	768	256	0	0	0
tlm_apply_forward_fold	8626496	8628113	1617	309	0	55	62
tlm_multiply_gcd_reverse_body	8628113	8633857	5744	971	3	316	319
tlm_multiply_gcd_reverse_decode	8633857	8634021	164	19	0	3	8
tlm_multiply_gcd_reverse_apply	8634021	8634022	1	0	0	0	0
tlm_apply_forward_mod_add_register	8634022	8638284	4262	579	3	322	325
tlm_apply_forward_mod_add_fold	8638284	8638837	553	55	2	55	55
tlm_apply_forward_mod_add_clean	8638837	8639116	279	19	0	20	22
tlm_apply_forward_swap	8639116	8639884	768	256	0	0	0
tlm_apply_forward_fold	8639884	8641501	1617	309	0	55	62
tlm_multiply_gcd_reverse_body	8641501	8647251	5750	974	3	316	319
tlm_multiply_gcd_reverse_decode	8647251	8647257	6	0	0	0	3
tlm_multiply_gcd_reverse_apply	8647257	8647258	1	0	0	0	0
tlm_apply_forward_mod_add_register	8647258	8651520	4262	579	3	322	325
tlm_apply_forward_mod_add_fold	8651520	8652073	553	55	2	55	55
tlm_apply_forward_mod_add_clean	8652073	8652352	279	19	0	20	22
tlm_apply_forward_swap	8652352	8653120	768	256	0	0	0
tlm_apply_forward_fold	8653120	8654737	1617	309	0	55	62
tlm_multiply_gcd_reverse_body	8654737	8660507	5770	978	3	317	320
tlm_multiply_gcd_reverse_decode	8660507	8660513	6	0	0	0	3
tlm_multiply_gcd_reverse_apply	8660513	8660514	1	0	0	0	0
tlm_apply_forward_mod_add_register	8660514	8664776	4262	579	3	322	325
tlm_apply_forward_mod_add_fold	8664776	8665329	553	55	2	55	55
tlm_apply_forward_mod_add_clean	8665329	8665608	279	19	0	20	22
tlm_apply_forward_swap	8665608	8666376	768	256	0	0	0
tlm_apply_forward_fold	8666376	8667993	1617	309	0	55	62
tlm_multiply_gcd_reverse_body	8667993	8673783	5790	982	3	318	321
tlm_multiply_gcd_reverse_decode	8673783	8673947	164	19	0	3	8
tlm_multiply_gcd_reverse_apply	8673947	8673948	1	0	0	0	0
tlm_apply_forward_mod_add_register	8673948	8678210	4262	579	3	322	325
tlm_apply_forward_mod_add_fold	8678210	8678763	553	55	2	55	55
tlm_apply_forward_mod_add_clean	8678763	8679042	279	19	0	20	22
tlm_apply_forward_swap	8679042	8679810	768	256	0	0	0
tlm_apply_forward_fold	8679810	8681427	1617	309	0	55	62
tlm_multiply_gcd_reverse_body	8681427	8687237	5810	986	3	319	322
tlm_multiply_gcd_reverse_decode	8687237	8687243	6	0	0	0	3
tlm_multiply_gcd_reverse_apply	8687243	8687244	1	0	0	0	0
tlm_apply_forward_mod_add_register	8687244	8691506	4262	579	3	322	325
tlm_apply_forward_mod_add_fold	8691506	8692059	553	55	2	55	55
tlm_apply_forward_mod_add_clean	8692059	8692338	279	19	0	20	22
tlm_apply_forward_swap	8692338	8693106	768	256	0	0	0
tlm_apply_forward_fold	8693106	8694723	1617	309	0	55	62
tlm_multiply_gcd_reverse_body	8694723	8700539	5816	989	3	319	322
tlm_multiply_gcd_reverse_decode	8700539	8700545	6	0	0	0	3
tlm_multiply_gcd_reverse_apply	8700545	8700546	1	0	0	0	0
tlm_apply_forward_mod_add_register	8700546	8704808	4262	579	3	322	325
tlm_apply_forward_mod_add_fold	8704808	8705361	553	55	2	55	55
tlm_apply_forward_mod_add_clean	8705361	8705640	279	19	0	20	22
tlm_apply_forward_swap	8705640	8706408	768	256	0	0	0
tlm_apply_forward_fold	8706408	8708025	1617	309	0	55	62
tlm_multiply_gcd_reverse_body	8708025	8713875	5850	994	3	321	324
tlm_multiply_gcd_reverse_decode	8713875	8714039	164	19	0	3	8
tlm_multiply_gcd_reverse_apply	8714039	8714040	1	0	0	0	0
tlm_apply_forward_mod_add_register	8714040	8718302	4262	579	3	322	325
tlm_apply_forward_mod_add_fold	8718302	8718855	553	55	2	55	55
tlm_apply_forward_mod_add_clean	8718855	8719134	279	19	0	20	22
tlm_apply_forward_swap	8719134	8719902	768	256	0	0	0
tlm_apply_forward_fold	8719902	8721519	1617	309	0	55	62
tlm_multiply_gcd_reverse_body	8721519	8727389	5870	998	3	322	325
tlm_multiply_gcd_reverse_decode	8727389	8727395	6	0	0	0	3
tlm_multiply_gcd_reverse_apply	8727395	8727396	1	0	0	0	0
tlm_apply_forward_mod_add_register	8727396	8731658	4262	579	3	322	325
tlm_apply_forward_mod_add_fold	8731658	8732211	553	55	2	55	55
tlm_apply_forward_mod_add_clean	8732211	8732490	279	19	0	20	22
tlm_apply_forward_swap	8732490	8733258	768	256	0	0	0
tlm_apply_forward_fold	8733258	8734875	1617	309	0	55	62
tlm_multiply_gcd_reverse_body	8734875	8740765	5890	1002	3	323	326
tlm_multiply_gcd_reverse_decode	8740765	8740771	6	0	0	0	3
tlm_multiply_gcd_reverse_apply	8740771	8740772	1	0	0	0	0
tlm_apply_forward_mod_add_register	8740772	8745034	4262	579	3	322	325
tlm_apply_forward_mod_add_fold	8745034	8745587	553	55	2	55	55
tlm_apply_forward_mod_add_clean	8745587	8745866	279	19	0	20	22
tlm_apply_forward_swap	8745866	8746634	768	256	0	0	0
tlm_apply_forward_fold	8746634	8748251	1617	309	0	55	62
tlm_multiply_gcd_reverse_body	8748251	8754147	5896	1005	3	323	326
tlm_multiply_gcd_reverse_decode	8754147	8754311	164	19	0	3	8
tlm_multiply_gcd_reverse_apply	8754311	8754312	1	0	0	0	0
tlm_apply_forward_mod_add_register	8754312	8758574	4262	579	3	322	325
tlm_apply_forward_mod_add_fold	8758574	8759127	553	55	2	55	55
tlm_apply_forward_mod_add_clean	8759127	8759406	279	19	0	20	22
tlm_apply_forward_swap	8759406	8760174	768	256	0	0	0
tlm_apply_forward_fold	8760174	8761791	1617	309	0	55	62
tlm_multiply_gcd_reverse_body	8761791	8767721	5930	1010	3	325	328
tlm_multiply_gcd_reverse_decode	8767721	8767727	6	0	0	0	3
tlm_multiply_gcd_reverse_apply	8767727	8767728	1	0	0	0	0
tlm_apply_forward_mod_add_register	8767728	8771990	4262	579	3	322	325
tlm_apply_forward_mod_add_fold	8771990	8772543	553	55	2	55	55
tlm_apply_forward_mod_add_clean	8772543	8772822	279	19	0	20	22
tlm_apply_forward_swap	8772822	8773590	768	256	0	0	0
tlm_apply_forward_fold	8773590	8775207	1617	309	0	55	62
tlm_multiply_gcd_reverse_body	8775207	8781143	5936	1013	3	325	328
tlm_multiply_gcd_reverse_decode	8781143	8781149	6	0	0	0	3
tlm_multiply_gcd_reverse_apply	8781149	8781150	1	0	0	0	0
tlm_apply_forward_mod_add_register	8781150	8785099	3949	557	2	300	302
tlm_apply_forward_mod_add_fold	8785099	8785652	553	55	2	55	55
tlm_apply_forward_mod_add_clean	8785652	8785931	279	19	0	20	22
tlm_apply_forward_swap	8785931	8786699	768	256	0	0	0
tlm_apply_forward_fold	8786699	8788316	1617	309	0	55	62
tlm_multiply_gcd_reverse_body	8788316	8794272	5956	1017	3	326	329
tlm_multiply_gcd_reverse_decode	8794272	8794436	164	19	0	3	8
tlm_multiply_gcd_reverse_apply	8794436	8794437	1	0	0	0	0
tlm_apply_forward_mod_add_register	8794437	8798699	4262	579	3	322	325
tlm_apply_forward_mod_add_fold	8798699	8799252	553	55	2	55	55
tlm_apply_forward_mod_add_clean	8799252	8799531	279	19	0	20	22
tlm_apply_forward_swap	8799531	8800299	768	256	0	0	0
tlm_apply_forward_fold	8800299	8801916	1617	309	0	55	62
tlm_multiply_gcd_reverse_body	8801916	8807892	5976	1021	3	327	330
tlm_multiply_gcd_reverse_decode	8807892	8807898	6	0	0	0	3
tlm_multiply_gcd_reverse_apply	8807898	8807899	1	0	0	0	0
tlm_apply_forward_mod_add_register	8807899	8811848	3949	557	2	300	302
tlm_apply_forward_mod_add_fold	8811848	8812401	553	55	2	55	55
tlm_apply_forward_mod_add_clean	8812401	8812680	279	19	0	20	22
tlm_apply_forward_swap	8812680	8813448	768	256	0	0	0
tlm_apply_forward_fold	8813448	8815065	1617	309	0	55	62
tlm_multiply_gcd_reverse_body	8815065	8821061	5996	1025	3	328	331
tlm_multiply_gcd_reverse_decode	8821061	8821067	6	0	0	0	3
tlm_multiply_gcd_reverse_apply	8821067	8821068	1	0	0	0	0
tlm_apply_forward_mod_add_register	8821068	8825017	3949	557	2	300	302
tlm_apply_forward_mod_add_fold	8825017	8825570	553	55	2	55	55
tlm_apply_forward_mod_add_clean	8825570	8825849	279	19	0	20	22
tlm_apply_forward_swap	8825849	8826617	768	256	0	0	0
tlm_apply_forward_fold	8826617	8828234	1617	309	0	55	62
tlm_multiply_gcd_reverse_body	8828234	8834236	6002	1028	3	328	331
tlm_multiply_gcd_reverse_decode	8834236	8834400	164	19	0	3	8
tlm_multiply_gcd_reverse_apply	8834400	8834401	1	0	0	0	0
tlm_apply_forward_mod_add_register	8834401	8838350	3949	557	2	300	302
tlm_apply_forward_mod_add_fold	8838350	8838903	553	55	2	55	55
tlm_apply_forward_mod_add_clean	8838903	8839182	279	19	0	20	22
tlm_apply_forward_swap	8839182	8839950	768	256	0	0	0
tlm_apply_forward_fold	8839950	8841567	1617	309	0	55	62
tlm_multiply_gcd_reverse_body	8841567	8847617	6050	1034	3	331	334
tlm_multiply_gcd_reverse_decode	8847617	8847623	6	0	0	0	3
tlm_multiply_gcd_reverse_apply	8847623	8847624	1	0	0	0	0
tlm_apply_forward_mod_add_register	8847624	8851573	3949	557	2	300	302
tlm_apply_forward_mod_add_fold	8851573	8852126	553	55	2	55	55
tlm_apply_forward_mod_add_clean	8852126	8852405	279	19	0	20	22
tlm_apply_forward_swap	8852405	8853173	768	256	0	0	0
tlm_apply_forward_fold	8853173	8854790	1617	309	0	55	62
tlm_multiply_gcd_reverse_body	8854790	8860832	6042	1036	3	330	333
tlm_multiply_gcd_reverse_decode	8860832	8860838	6	0	0	0	3
tlm_multiply_gcd_reverse_apply	8860838	8860839	1	0	0	0	0
tlm_apply_forward_mod_add_register	8860839	8864788	3949	557	2	300	302
tlm_apply_forward_mod_add_fold	8864788	8865341	553	55	2	55	55
tlm_apply_forward_mod_add_clean	8865341	8865620	279	19	0	20	22
tlm_apply_forward_swap	8865620	8866388	768	256	0	0	0
tlm_apply_forward_fold	8866388	8868005	1617	309	0	55	62
tlm_multiply_gcd_reverse_body	8868005	8874067	6062	1040	3	331	334
tlm_multiply_gcd_reverse_decode	8874067	8874231	164	19	0	3	8
tlm_multiply_gcd_reverse_apply	8874231	8874232	1	0	0	0	0
tlm_apply_forward_mod_add_register	8874232	8878181	3949	557	2	300	302
tlm_apply_forward_mod_add_fold	8878181	8878734	553	55	2	55	55
tlm_apply_forward_mod_add_clean	8878734	8879013	279	19	0	20	22
tlm_apply_forward_swap	8879013	8879781	768	256	0	0	0
tlm_apply_forward_fold	8879781	8881398	1617	309	0	55	62
tlm_multiply_gcd_reverse_body	8881398	8887494	6096	1045	3	333	336
tlm_multiply_gcd_reverse_decode	8887494	8887500	6	0	0	0	3
tlm_multiply_gcd_reverse_apply	8887500	8887501	1	0	0	0	0
tlm_apply_forward_mod_add_register	8887501	8891450	3949	557	2	300	302
tlm_apply_forward_mod_add_fold	8891450	8892003	553	55	2	55	55
tlm_apply_forward_mod_add_clean	8892003	8892282	279	19	0	20	22
tlm_apply_forward_swap	8892282	8893050	768	256	0	0	0
tlm_apply_forward_fold	8893050	8894667	1617	309	0	55	62
tlm_multiply_gcd_reverse_body	8894667	8900769	6102	1048	3	333	336
tlm_multiply_gcd_reverse_decode	8900769	8900775	6	0	0	0	3
tlm_multiply_gcd_reverse_apply	8900775	8900776	1	0	0	0	0
tlm_apply_forward_mod_add_register	8900776	8904725	3949	557	2	300	302
tlm_apply_forward_mod_add_fold	8904725	8905278	553	55	2	55	55
tlm_apply_forward_mod_add_clean	8905278	8905557	279	19	0	20	22
tlm_apply_forward_swap	8905557	8906325	768	256	0	0	0
tlm_apply_forward_fold	8906325	8907942	1617	309	0	55	62
tlm_multiply_gcd_reverse_body	8907942	8914064	6122	1052	3	334	337
tlm_multiply_gcd_reverse_decode	8914064	8914228	164	19	0	3	8
tlm_multiply_gcd_reverse_apply	8914228	8914229	1	0	0	0	0
tlm_apply_forward_mod_add_register	8914229	8918178	3949	557	2	300	302
tlm_apply_forward_mod_add_fold	8918178	8918731	553	55	2	55	55
tlm_apply_forward_mod_add_clean	8918731	8919010	279	19	0	20	22
tlm_apply_forward_swap	8919010	8919778	768	256	0	0	0
tlm_apply_forward_fold	8919778	8921395	1617	309	0	55	62
tlm_multiply_gcd_reverse_body	8921395	8927551	6156	1057	3	336	339
tlm_multiply_gcd_reverse_decode	8927551	8927557	6	0	0	0	3
tlm_multiply_gcd_reverse_apply	8927557	8927558	1	0	0	0	0
tlm_apply_forward_mod_add_register	8927558	8931507	3949	557	2	300	302
tlm_apply_forward_mod_add_fold	8931507	8932060	553	55	2	55	55
tlm_apply_forward_mod_add_clean	8932060	8932339	279	19	0	20	22
tlm_apply_forward_swap	8932339	8933107	768	256	0	0	0
tlm_apply_forward_fold	8933107	8934724	1617	309	0	55	62
tlm_multiply_gcd_reverse_body	8934724	8940900	6176	1061	3	337	340
tlm_multiply_gcd_reverse_decode	8940900	8940906	6	0	0	0	3
tlm_multiply_gcd_reverse_apply	8940906	8940907	1	0	0	0	0
tlm_apply_forward_mod_add_register	8940907	8944856	3949	557	2	300	302
tlm_apply_forward_mod_add_fold	8944856	8945409	553	55	2	55	55
tlm_apply_forward_mod_add_clean	8945409	8945688	279	19	0	20	22
tlm_apply_forward_swap	8945688	8946456	768	256	0	0	0
tlm_apply_forward_fold	8946456	8948073	1617	309	0	55	62
tlm_multiply_gcd_reverse_body	8948073	8954241	6168	1063	3	336	339
tlm_multiply_gcd_reverse_decode	8954241	8954405	164	19	0	3	8
tlm_multiply_gcd_reverse_apply	8954405	8954406	1	0	0	0	0
tlm_apply_forward_mod_add_register	8954406	8958355	3949	557	2	300	302
tlm_apply_forward_mod_add_fold	8958355	8958908	553	55	2	55	55
tlm_apply_forward_mod_add_clean	8958908	8959187	279	19	0	20	22
tlm_apply_forward_swap	8959187	8959955	768	256	0	0	0
tlm_apply_forward_fold	8959955	8961572	1617	309	0	55	62
tlm_multiply_gcd_reverse_body	8961572	8967774	6202	1068	3	338	341
tlm_multiply_gcd_reverse_decode	8967774	8967780	6	0	0	0	3
tlm_multiply_gcd_reverse_apply	8967780	8967781	1	0	0	0	0
tlm_apply_forward_mod_add_register	8967781	8971730	3949	557	2	300	302
tlm_apply_forward_mod_add_fold	8971730	8972283	553	55	2	55	55
tlm_apply_forward_mod_add_clean	8972283	8972562	279	19	0	20	22
tlm_apply_forward_swap	8972562	8973330	768	256	0	0	0
tlm_apply_forward_fold	8973330	8974947	1617	309	0	55	62
tlm_multiply_gcd_reverse_body	8974947	8981169	6222	1072	3	339	342
tlm_multiply_gcd_reverse_decode	8981169	8981175	6	0	0	0	3
tlm_multiply_gcd_reverse_apply	8981175	8981176	1	0	0	0	0
tlm_apply_forward_mod_add_register	8981176	8985125	3949	557	2	300	302
tlm_apply_forward_mod_add_fold	8985125	8985678	553	55	2	55	55
tlm_apply_forward_mod_add_clean	8985678	8985957	279	19	0	20	22
tlm_apply_forward_swap	8985957	8986725	768	256	0	0	0
tlm_apply_forward_fold	8986725	8988342	1617	309	0	55	62
tlm_multiply_gcd_reverse_body	8988342	8994584	6242	1076	3	340	343
tlm_multiply_gcd_reverse_decode	8994584	8994748	164	19	0	3	8
tlm_multiply_gcd_reverse_apply	8994748	8994749	1	0	0	0	0
tlm_apply_forward_mod_add_register	8994749	8998698	3949	557	2	300	302
tlm_apply_forward_mod_add_fold	8998698	8999251	553	55	2	55	55
tlm_apply_forward_mod_add_clean	8999251	8999530	279	19	0	20	22
tlm_apply_forward_swap	8999530	9000298	768	256	0	0	0
tlm_apply_forward_fold	9000298	9001915	1617	309	0	55	62
tlm_multiply_gcd_reverse_body	9001915	9008163	6248	1079	3	340	343
tlm_multiply_gcd_reverse_decode	9008163	9008169	6	0	0	0	3
tlm_multiply_gcd_reverse_apply	9008169	9008170	1	0	0	0	0
tlm_apply_forward_mod_add_register	9008170	9012119	3949	557	2	300	302
tlm_apply_forward_mod_add_fold	9012119	9012672	553	55	2	55	55
tlm_apply_forward_mod_add_clean	9012672	9012951	279	19	0	20	22
tlm_apply_forward_swap	9012951	9013719	768	256	0	0	0
tlm_apply_forward_fold	9013719	9015336	1617	309	0	55	62
tlm_multiply_gcd_reverse_body	9015336	9021618	6282	1084	3	342	345
tlm_multiply_gcd_reverse_decode	9021618	9021624	6	0	0	0	3
tlm_multiply_gcd_reverse_apply	9021624	9021625	1	0	0	0	0
tlm_apply_forward_mod_add_register	9021625	9025574	3949	557	2	300	302
tlm_apply_forward_mod_add_fold	9025574	9026127	553	55	2	55	55
tlm_apply_forward_mod_add_clean	9026127	9026406	279	19	0	20	22
tlm_apply_forward_swap	9026406	9027174	768	256	0	0	0
tlm_apply_forward_fold	9027174	9028791	1617	309	0	55	62
tlm_multiply_gcd_reverse_body	9028791	9035093	6302	1088	3	343	346
tlm_multiply_gcd_reverse_decode	9035093	9035257	164	19	0	3	8
tlm_multiply_gcd_reverse_apply	9035257	9035258	1	0	0	0	0
tlm_apply_forward_mod_add_register	9035258	9039207	3949	557	2	300	302
tlm_apply_forward_mod_add_fold	9039207	9039760	553	55	2	55	55
tlm_apply_forward_mod_add_clean	9039760	9040039	279	19	0	20	22
tlm_apply_forward_swap	9040039	9040807	768	256	0	0	0
tlm_apply_forward_fold	9040807	9042424	1617	309	0	55	62
tlm_multiply_gcd_reverse_body	9042424	9048732	6308	1091	3	343	346
tlm_multiply_gcd_reverse_decode	9048732	9048738	6	0	0	0	3
tlm_multiply_gcd_reverse_apply	9048738	9048739	1	0	0	0	0
tlm_apply_forward_mod_add_register	9048739	9052688	3949	557	2	300	302
tlm_apply_forward_mod_add_fold	9052688	9053241	553	55	2	55	55
tlm_apply_forward_mod_add_clean	9053241	9053520	279	19	0	20	22
tlm_apply_forward_swap	9053520	9054288	768	256	0	0	0
tlm_apply_forward_fold	9054288	9055905	1617	309	0	55	62
tlm_multiply_gcd_reverse_body	9055905	9062233	6328	1095	3	344	347
tlm_multiply_gcd_reverse_decode	9062233	9062239	6	0	0	0	3
tlm_multiply_gcd_reverse_apply	9062239	9062240	1	0	0	0	0
tlm_apply_forward_mod_add_register	9062240	9066189	3949	557	2	300	302
tlm_apply_forward_mod_add_fold	9066189	9066742	553	55	2	55	55
tlm_apply_forward_mod_add_clean	9066742	9067021	279	19	0	20	22
tlm_apply_forward_swap	9067021	9067789	768	256	0	0	0
tlm_apply_forward_fold	9067789	9069406	1617	309	0	55	62
tlm_multiply_gcd_reverse_body	9069406	9075754	6348	1099	3	345	348
tlm_multiply_gcd_reverse_decode	9075754	9075918	164	19	0	3	8
tlm_multiply_gcd_reverse_apply	9075918	9075919	1	0	0	0	0
tlm_apply_forward_mod_add_register	9075919	9079868	3949	557	2	300	302
tlm_apply_forward_mod_add_fold	9079868	9080421	553	55	2	55	55
tlm_apply_forward_mod_add_clean	9080421	9080700	279	19	0	20	22
tlm_apply_forward_swap	9080700	9081468	768	256	0	0	0
tlm_apply_forward_fold	9081468	9083085	1617	309	0	55	62
tlm_multiply_gcd_reverse_body	9083085	9089453	6368	1103	3	346	349
tlm_multiply_gcd_reverse_decode	9089453	9089459	6	0	0	0	3
tlm_multiply_gcd_reverse_apply	9089459	9089460	1	0	0	0	0
tlm_apply_forward_mod_add_register	9089460	9093409	3949	557	2	300	302
tlm_apply_forward_mod_add_fold	9093409	9093962	553	55	2	55	55
tlm_apply_forward_mod_add_clean	9093962	9094241	279	19	0	20	22
tlm_apply_forward_swap	9094241	9095009	768	256	0	0	0
tlm_apply_forward_fold	9095009	9096626	1617	309	0	55	62
tlm_multiply_gcd_reverse_body	9096626	9103014	6388	1107	3	347	350
tlm_multiply_gcd_reverse_decode	9103014	9103020	6	0	0	0	3
tlm_multiply_gcd_reverse_apply	9103020	9103021	1	0	0	0	0
tlm_apply_forward_mod_add_register	9103021	9106970	3949	557	2	300	302
tlm_apply_forward_mod_add_fold	9106970	9107523	553	55	2	55	55
tlm_apply_forward_mod_add_clean	9107523	9107802	279	19	0	20	22
tlm_apply_forward_swap	9107802	9108570	768	256	0	0	0
tlm_apply_forward_fold	9108570	9110187	1617	309	0	55	62
tlm_multiply_gcd_reverse_body	9110187	9116595	6408	1111	3	348	351
tlm_multiply_gcd_reverse_decode	9116595	9116759	164	19	0	3	8
tlm_multiply_gcd_reverse_apply	9116759	9116760	1	0	0	0	0
tlm_apply_forward_mod_add_register	9116760	9120709	3949	557	2	300	302
tlm_apply_forward_mod_add_fold	9120709	9121262	553	55	2	55	55
tlm_apply_forward_mod_add_clean	9121262	9121541	279	19	0	20	22
tlm_apply_forward_swap	9121541	9122309	768	256	0	0	0
tlm_apply_forward_fold	9122309	9123926	1617	309	0	55	62
tlm_multiply_gcd_reverse_body	9123926	9130306	6380	1109	3	346	349
tlm_multiply_gcd_reverse_decode	9130306	9130312	6	0	0	0	3
tlm_multiply_gcd_reverse_apply	9130312	9130313	1	0	0	0	0
tlm_apply_forward_mod_add_register	9130313	9134262	3949	557	2	300	302
tlm_apply_forward_mod_add_fold	9134262	9134815	553	55	2	55	55
tlm_apply_forward_mod_add_clean	9134815	9135094	279	19	0	20	22
tlm_apply_forward_swap	9135094	9135862	768	256	0	0	0
tlm_apply_forward_fold	9135862	9137479	1617	309	0	55	62
tlm_multiply_gcd_reverse_body	9137479	9143859	6380	1109	3	346	349
tlm_multiply_gcd_reverse_decode	9143859	9143865	6	0	0	0	3
tlm_multiply_gcd_reverse_apply	9143865	9143866	1	0	0	0	0
tlm_apply_forward_mod_add_register	9143866	9147815	3949	557	2	300	302
tlm_apply_forward_mod_add_fold	9147815	9148368	553	55	2	55	55
tlm_apply_forward_mod_add_clean	9148368	9148647	279	19	0	20	22
tlm_apply_forward_swap	9148647	9149415	768	256	0	0	0
tlm_apply_forward_fold	9149415	9151032	1617	309	0	55	62
tlm_multiply_gcd_reverse_body	9151032	9157384	6352	1107	3	344	347
tlm_multiply_gcd_reverse_decode	9157384	9157548	164	19	0	3	8
tlm_multiply_gcd_reverse_apply	9157548	9157549	1	0	0	0	0
tlm_apply_forward_mod_add_register	9157549	9161498	3949	557	2	300	302
tlm_apply_forward_mod_add_fold	9161498	9162051	553	55	2	55	55
tlm_apply_forward_mod_add_clean	9162051	9162330	279	19	0	20	22
tlm_apply_forward_swap	9162330	9163098	768	256	0	0	0
tlm_apply_forward_fold	9163098	9164715	1617	309	0	55	62
tlm_multiply_gcd_reverse_body	9164715	9171053	6338	1106	3	343	346
tlm_multiply_gcd_reverse_decode	9171053	9171059	6	0	0	0	3
tlm_multiply_gcd_reverse_apply	9171059	9171060	1	0	0	0	0
tlm_apply_forward_mod_add_register	9171060	9175009	3949	557	2	300	302
tlm_apply_forward_mod_add_fold	9175009	9175562	553	55	2	55	55
tlm_apply_forward_mod_add_clean	9175562	9175841	279	19	0	20	22
tlm_apply_forward_swap	9175841	9176609	768	256	0	0	0
tlm_apply_forward_fold	9176609	9178226	1617	309	0	55	62
tlm_multiply_gcd_reverse_body	9178226	9184564	6338	1106	3	343	346
tlm_multiply_gcd_reverse_decode	9184564	9184570	6	0	0	0	3
tlm_multiply_gcd_reverse_apply	9184570	9184571	1	0	0	0	0
tlm_apply_forward_mod_add_register	9184571	9188520	3949	557	2	300	302
tlm_apply_forward_mod_add_fold	9188520	9189073	553	55	2	55	55
tlm_apply_forward_mod_add_clean	9189073	9189352	279	19	0	20	22
tlm_apply_forward_swap	9189352	9190120	768	256	0	0	0
tlm_apply_forward_fold	9190120	9191737	1617	309	0	55	62
tlm_multiply_gcd_reverse_body	9191737	9198047	6310	1104	3	341	344
tlm_multiply_gcd_reverse_decode	9198047	9198211	164	19	0	3	8
tlm_multiply_gcd_reverse_apply	9198211	9198212	1	0	0	0	0
tlm_apply_forward_mod_add_register	9198212	9202161	3949	557	2	300	302
tlm_apply_forward_mod_add_fold	9202161	9202714	553	55	2	55	55
tlm_apply_forward_mod_add_clean	9202714	9202993	279	19	0	20	22
tlm_apply_forward_swap	9202993	9203761	768	256	0	0	0
tlm_apply_forward_fold	9203761	9205378	1617	309	0	55	62
tlm_multiply_gcd_reverse_body	9205378	9211674	6296	1103	3	340	343
tlm_multiply_gcd_reverse_decode	9211674	9211680	6	0	0	0	3
tlm_multiply_gcd_reverse_apply	9211680	9211681	1	0	0	0	0
tlm_apply_forward_mod_add_register	9211681	9215630	3949	557	2	300	302
tlm_apply_forward_mod_add_fold	9215630	9216183	553	55	2	55	55
tlm_apply_forward_mod_add_clean	9216183	9216462	279	19	0	20	22
tlm_apply_forward_swap	9216462	9217230	768	256	0	0	0
tlm_apply_forward_fold	9217230	9218847	1617	309	0	55	62
tlm_multiply_gcd_reverse_body	9218847	9225129	6282	1102	3	339	342
tlm_multiply_gcd_reverse_decode	9225129	9225135	6	0	0	0	3
tlm_multiply_gcd_reverse_apply	9225135	9225136	1	0	0	0	0
tlm_apply_forward_mod_add_register	9225136	9229085	3949	557	2	300	302
tlm_apply_forward_mod_add_fold	9229085	9229638	553	55	2	55	55
tlm_apply_forward_mod_add_clean	9229638	9229917	279	19	0	20	22
tlm_apply_forward_swap	9229917	9230685	768	256	0	0	0
tlm_apply_forward_fold	9230685	9232302	1617	309	0	55	62
tlm_multiply_gcd_reverse_body	9232302	9238585	6283	1102	3	339	343
tlm_multiply_gcd_reverse_decode_initial	9238585	9238595	10	1	0	0	3
tlm_multiply_gcd_reverse_apply_initial	9238595	9238596	1	0	0	0	0
tlm_apply_forward_mod_add_register_initial	9238596	9242545	3949	557	2	300	302
tlm_apply_forward_mod_add_fold_initial	9242545	9243098	553	55	2	55	55
tlm_apply_forward_mod_add_clean_initial	9243098	9243377	279	19	0	20	22
tlm_apply_forward_swap_initial	9243377	9244145	768	256	0	0	0
tlm_apply_forward_fold_initial	9244145	9246797	2652	622	4	112	112
tlm_multiply_gcd_reverse_body_initial	9246797	9253261	6464	1334	3	315	319
tlm_gcd_step_end_initial	9253261	9254275	1014	0	0	0	514
window_qrom_recover_load_walk	9254275	9262581	8306	14	0	14	14
tlm_coord_y_sub_final	9262581	9265861	3280	586	2	75	78
window_recover_controlled_neg	9265861	9270914	5053	493	17	493	494
window_recover_x_add	9270914	9274168	3254	631	2	120	123
window_qrom_recover_unload_measure	9274168	9275192	1024	0	0	512	512
window_qrom_recover_unload_clear	9275192	9294065	18873	15	0	2	11
